Orthogroup	Murraya_paniculata-Sapindales-Rutaceae-Murraya-202306.prot	Murraya_paniculata-Sapindales-Rutaceae-Murraya-202310.prot
OG0000000	GWHPBPAQ000350, GWHPBPAQ001528, GWHPBPAQ001619, GWHPBPAQ001620, GWHPBPAQ001700, GWHPBPAQ001869, GWHPBPAQ002403, GWHPBPAQ002404, GWHPBPAQ002420, GWHPBPAQ002421, GWHPBPAQ005854, GWHPBPAQ006014, GWHPBPAQ006305, GWHPBPAQ006332, GWHPBPAQ006408, GWHPBPAQ006489, GWHPBPAQ006715, GWHPBPAQ006716, GWHPBPAQ007290, GWHPBPAQ007435, GWHPBPAQ007592, GWHPBPAQ007593, GWHPBPAQ007652, GWHPBPAQ007653, GWHPBPAQ010892, GWHPBPAQ010950, GWHPBPAQ010951, GWHPBPAQ011354, GWHPBPAQ011355, GWHPBPAQ011615, GWHPBPAQ011864, GWHPBPAQ011866, GWHPBPAQ011919, GWHPBPAQ012627, GWHPBPAQ012937, GWHPBPAQ012938, GWHPBPAQ012972, GWHPBPAQ013044, GWHPBPAQ013045, GWHPBPAQ013330, GWHPBPAQ013334, GWHPBPAQ015500, GWHPBPAQ015501, GWHPBPAQ015914, GWHPBPAQ015915, GWHPBPAQ015922, GWHPBPAQ016047, GWHPBPAQ016056, GWHPBPAQ016086, GWHPBPAQ016202, GWHPBPAQ016203, GWHPBPAQ016204, GWHPBPAQ016205, GWHPBPAQ016675, GWHPBPAQ018048, GWHPBPAQ018049, GWHPBPAQ018052, GWHPBPAQ018132, GWHPBPAQ018242, GWHPBPAQ018243, GWHPBPAQ018244, GWHPBPAQ018363, GWHPBPAQ018377, GWHPBPAQ020720, GWHPBPAQ020978, GWHPBPAQ020979, GWHPBPAQ020980, GWHPBPAQ021129, GWHPBPAQ021152, GWHPBPAQ021154, GWHPBPAQ021155, GWHPBPAQ021156, GWHPBPAQ021248, GWHPBPAQ021384, GWHPBPAQ021385, GWHPBPAQ022183, GWHPBPAQ022184, GWHPBPAQ022186, GWHPBPAQ022188, GWHPBPAQ022189, GWHPBPAQ022353, GWHPBPAQ022393, GWHPBPAQ022408, GWHPBPAQ022438, GWHPBPAQ022439, GWHPBPAQ022607, GWHPBPAQ022630, GWHPBPAQ022631, GWHPBPAQ023360	
OG0000001	GWHPBPAQ000413, GWHPBPAQ000414, GWHPBPAQ000415, GWHPBPAQ001515, GWHPBPAQ001657, GWHPBPAQ001852, GWHPBPAQ001962, GWHPBPAQ001972, GWHPBPAQ001973, GWHPBPAQ002082, GWHPBPAQ002083, GWHPBPAQ002084, GWHPBPAQ002085, GWHPBPAQ002112, GWHPBPAQ004873, GWHPBPAQ005646, GWHPBPAQ005671, GWHPBPAQ005672, GWHPBPAQ005903, GWHPBPAQ006034, GWHPBPAQ006073, GWHPBPAQ006074, GWHPBPAQ006111, GWHPBPAQ006112, GWHPBPAQ006144, GWHPBPAQ006373, GWHPBPAQ006374, GWHPBPAQ007737, GWHPBPAQ007791, GWHPBPAQ007792, GWHPBPAQ008919, GWHPBPAQ010680, GWHPBPAQ011401, GWHPBPAQ011402, GWHPBPAQ011423, GWHPBPAQ011424, GWHPBPAQ011504, GWHPBPAQ012350, GWHPBPAQ012564, GWHPBPAQ012745, GWHPBPAQ013028, GWHPBPAQ013052, GWHPBPAQ014095, GWHPBPAQ014826, GWHPBPAQ014827, GWHPBPAQ015030, GWHPBPAQ015031, GWHPBPAQ015241, GWHPBPAQ015242, GWHPBPAQ015617, GWHPBPAQ015618, GWHPBPAQ015619, GWHPBPAQ015894, GWHPBPAQ016030, GWHPBPAQ016283, GWHPBPAQ016284, GWHPBPAQ016314, GWHPBPAQ016315, GWHPBPAQ016558, GWHPBPAQ017130, GWHPBPAQ017131, GWHPBPAQ018044, GWHPBPAQ018045, GWHPBPAQ018069, GWHPBPAQ018085, GWHPBPAQ018100, GWHPBPAQ018101, GWHPBPAQ018102, GWHPBPAQ019759, GWHPBPAQ020172, GWHPBPAQ021198, GWHPBPAQ021199, GWHPBPAQ021396, GWHPBPAQ021421, GWHPBPAQ021422, GWHPBPAQ021423, GWHPBPAQ022168, GWHPBPAQ022194, GWHPBPAQ022321, GWHPBPAQ022377, GWHPBPAQ022424, GWHPBPAQ022619, GWHPBPAQ022884, GWHPBPAQ023194	JLX080290.1
OG0000002	GWHPBPAQ001345, GWHPBPAQ001467, GWHPBPAQ001484, GWHPBPAQ001661, GWHPBPAQ001662, GWHPBPAQ002069, GWHPBPAQ002074, GWHPBPAQ002081, GWHPBPAQ002090, GWHPBPAQ002092, GWHPBPAQ002626, GWHPBPAQ004150, GWHPBPAQ004151, GWHPBPAQ004152, GWHPBPAQ004153, GWHPBPAQ004154, GWHPBPAQ004155, GWHPBPAQ004157, GWHPBPAQ004160, GWHPBPAQ004484, GWHPBPAQ005555, GWHPBPAQ005560, GWHPBPAQ005957, GWHPBPAQ006808, GWHPBPAQ006851, GWHPBPAQ006862, GWHPBPAQ007913, GWHPBPAQ007965, GWHPBPAQ009572, GWHPBPAQ009574, GWHPBPAQ009575, GWHPBPAQ009576, GWHPBPAQ009577, GWHPBPAQ010600, GWHPBPAQ011478, GWHPBPAQ011479, GWHPBPAQ011625, GWHPBPAQ011863, GWHPBPAQ012056, GWHPBPAQ012092, GWHPBPAQ012579, GWHPBPAQ012988, GWHPBPAQ013469, GWHPBPAQ014286, GWHPBPAQ014594, GWHPBPAQ014596, GWHPBPAQ015229, GWHPBPAQ015230, GWHPBPAQ015535, GWHPBPAQ016024, GWHPBPAQ016163, GWHPBPAQ016235, GWHPBPAQ017080, GWHPBPAQ017213, GWHPBPAQ017742, GWHPBPAQ018333, GWHPBPAQ018357, GWHPBPAQ018425, GWHPBPAQ018594, GWHPBPAQ018962, GWHPBPAQ019221, GWHPBPAQ019223, GWHPBPAQ019224, GWHPBPAQ019226, GWHPBPAQ019227, GWHPBPAQ021163, GWHPBPAQ021256, GWHPBPAQ021257, GWHPBPAQ021268, GWHPBPAQ021473, GWHPBPAQ021475, GWHPBPAQ021481, GWHPBPAQ021487, GWHPBPAQ021488, GWHPBPAQ021489, GWHPBPAQ022255, GWHPBPAQ022646, GWHPBPAQ022874	JLX218890.1
OG0000003	GWHPBPAQ000412, GWHPBPAQ000921, GWHPBPAQ001655, GWHPBPAQ001656, GWHPBPAQ001882, GWHPBPAQ001909, GWHPBPAQ001910, GWHPBPAQ001963, GWHPBPAQ001969, GWHPBPAQ001970, GWHPBPAQ002070, GWHPBPAQ002071, GWHPBPAQ002086, GWHPBPAQ002126, GWHPBPAQ003025, GWHPBPAQ005669, GWHPBPAQ005670, GWHPBPAQ005900, GWHPBPAQ005901, GWHPBPAQ005902, GWHPBPAQ006035, GWHPBPAQ006053, GWHPBPAQ006054, GWHPBPAQ006075, GWHPBPAQ006113, GWHPBPAQ006165, GWHPBPAQ006372, GWHPBPAQ006640, GWHPBPAQ007235, GWHPBPAQ007468, GWHPBPAQ007642, GWHPBPAQ008149, GWHPBPAQ008921, GWHPBPAQ011936, GWHPBPAQ012407, GWHPBPAQ012408, GWHPBPAQ012728, GWHPBPAQ012962, GWHPBPAQ013026, GWHPBPAQ013027, GWHPBPAQ013053, GWHPBPAQ014094, GWHPBPAQ014828, GWHPBPAQ015032, GWHPBPAQ015033, GWHPBPAQ015060, GWHPBPAQ015061, GWHPBPAQ015620, GWHPBPAQ015760, GWHPBPAQ016282, GWHPBPAQ016448, GWHPBPAQ017132, GWHPBPAQ017802, GWHPBPAQ017803, GWHPBPAQ017827, GWHPBPAQ017874, GWHPBPAQ017875, GWHPBPAQ018003, GWHPBPAQ018046, GWHPBPAQ018103, GWHPBPAQ018259, GWHPBPAQ018385, GWHPBPAQ020171, GWHPBPAQ021420, GWHPBPAQ021471, GWHPBPAQ021508, GWHPBPAQ022161, GWHPBPAQ022375, GWHPBPAQ022376, GWHPBPAQ022900, GWHPBPAQ022901, GWHPBPAQ022944	JLX066820.1, JLX210360.1
OG0000004	GWHPBPAQ022274	JLX003230.1, JLX003800.1, JLX004170.1, JLX004790.1, JLX006160.1, JLX006620.1, JLX008130.1, JLX018170.1, JLX021080.1, JLX033930.1, JLX033990.1, JLX040360.1, JLX040540.1, JLX040710.1, JLX040720.1, JLX069840.1, JLX069850.1, JLX069860.1, JLX069880.1, JLX069890.1, JLX069900.1, JLX082490.1, JLX126810.1, JLX132220.1, JLX135450.1, JLX177740.1, JLX180760.1, JLX187130.1, JLX187140.1, JLX187150.1, JLX187230.1, JLX187240.1, JLX187260.1, JLX187310.1, JLX187330.1, JLX187540.1, JLX187630.1, JLX187700.1, JLX187720.1, JLX187770.1, JLX187860.1, JLX187960.1, JLX188000.1, JLX188060.1, JLX189070.1, JLX189090.1, JLX189120.1, JLX199560.1, JLX200260.1, JLX200940.1, JLX201070.1, JLX202280.1, JLX202410.1, JLX203600.1, JLX204680.1, JLX213260.1, JLX213460.1, JLX213510.1, JLX213630.1, JLX213750.1, JLX213830.1, JLX213890.1, JLX214050.1, JLX214290.1, JLX228290.1
OG0000005	GWHPBPAQ000349, GWHPBPAQ001527, GWHPBPAQ001701, GWHPBPAQ001749, GWHPBPAQ001750, GWHPBPAQ001857, GWHPBPAQ001858, GWHPBPAQ002267, GWHPBPAQ002268, GWHPBPAQ002419, GWHPBPAQ005066, GWHPBPAQ005725, GWHPBPAQ005835, GWHPBPAQ006331, GWHPBPAQ007387, GWHPBPAQ007434, GWHPBPAQ010952, GWHPBPAQ011867, GWHPBPAQ012626, GWHPBPAQ012956, GWHPBPAQ013294, GWHPBPAQ013328, GWHPBPAQ013331, GWHPBPAQ013332, GWHPBPAQ013335, GWHPBPAQ013768, GWHPBPAQ013769, GWHPBPAQ015921, GWHPBPAQ015923, GWHPBPAQ015946, GWHPBPAQ016080, GWHPBPAQ016087, GWHPBPAQ016088, GWHPBPAQ016206, GWHPBPAQ017824, GWHPBPAQ018050, GWHPBPAQ018053, GWHPBPAQ018054, GWHPBPAQ018116, GWHPBPAQ018245, GWHPBPAQ018246, GWHPBPAQ018262, GWHPBPAQ018328, GWHPBPAQ018378, GWHPBPAQ021027, GWHPBPAQ021028, GWHPBPAQ021029, GWHPBPAQ021084, GWHPBPAQ021151, GWHPBPAQ021227, GWHPBPAQ021228, GWHPBPAQ022182, GWHPBPAQ022190, GWHPBPAQ022191, GWHPBPAQ022192, GWHPBPAQ022352, GWHPBPAQ022609, GWHPBPAQ022633, GWHPBPAQ022706, GWHPBPAQ023359, GWHPBPAQ023363	
OG0000006	Null	JLX000890.1, JLX000920.1, JLX000930.1, JLX001110.1, JLX001180.1, JLX001200.1, JLX001530.1, JLX001560.1, JLX001580.1, JLX001620.1, JLX002540.1, JLX002550.1, JLX002570.1, JLX027630.1, JLX028080.1, JLX028520.1, JLX041330.1, JLX057460.1, JLX057550.1, JLX057610.1, JLX057680.1, JLX058130.1, JLX058140.1, JLX058150.1, JLX058200.1, JLX066400.1, JLX066440.1, JLX066450.1, JLX067050.1, JLX067810.1, JLX067820.1, JLX076840.1, JLX077010.1, JLX119410.1, JLX119460.1, JLX119600.1, JLX120250.1, JLX122270.1, JLX122340.1, JLX122380.1, JLX166750.1, JLX166900.1, JLX166910.1, JLX167200.1, JLX167630.1, JLX186830.1, JLX186990.1, JLX187040.1, JLX187070.1, JLX207660.1, JLX217590.1, JLX217810.1, JLX217900.1, JLX219110.1, JLX229120.1, JLX229140.1, JLX229150.1
OG0000007	GWHPBPAQ002195, GWHPBPAQ002196, GWHPBPAQ002199, GWHPBPAQ002207, GWHPBPAQ002208, GWHPBPAQ002213, GWHPBPAQ002222, GWHPBPAQ002223, GWHPBPAQ002225, GWHPBPAQ002263, GWHPBPAQ002265, GWHPBPAQ002269, GWHPBPAQ002359, GWHPBPAQ002510, GWHPBPAQ002512, GWHPBPAQ002515, GWHPBPAQ003011, GWHPBPAQ011558, GWHPBPAQ012078, GWHPBPAQ012081, GWHPBPAQ012082, GWHPBPAQ012091, GWHPBPAQ012093, GWHPBPAQ012095, GWHPBPAQ012096, GWHPBPAQ015302, GWHPBPAQ015700, GWHPBPAQ015701, GWHPBPAQ019524, GWHPBPAQ021326, GWHPBPAQ021327, GWHPBPAQ021328, GWHPBPAQ021329, GWHPBPAQ021330, GWHPBPAQ021331, GWHPBPAQ021332, GWHPBPAQ021333, GWHPBPAQ021334, GWHPBPAQ021335, GWHPBPAQ021336, GWHPBPAQ021339, GWHPBPAQ021340, GWHPBPAQ021341, GWHPBPAQ021342, GWHPBPAQ021343, GWHPBPAQ021344, GWHPBPAQ021346, GWHPBPAQ021348	JLX165130.1
OG0000008	GWHPBPAQ001054, GWHPBPAQ001222, GWHPBPAQ001979, GWHPBPAQ002055, GWHPBPAQ002066, GWHPBPAQ002067, GWHPBPAQ002068, GWHPBPAQ002072, GWHPBPAQ002073, GWHPBPAQ002076, GWHPBPAQ002077, GWHPBPAQ002078, GWHPBPAQ002079, GWHPBPAQ002080, GWHPBPAQ002087, GWHPBPAQ002088, GWHPBPAQ002089, GWHPBPAQ002091, GWHPBPAQ002093, GWHPBPAQ002094, GWHPBPAQ002095, GWHPBPAQ002096, GWHPBPAQ002100, GWHPBPAQ002144, GWHPBPAQ002147, GWHPBPAQ002148, GWHPBPAQ002152, GWHPBPAQ002166, GWHPBPAQ002286, GWHPBPAQ002287, GWHPBPAQ002297, GWHPBPAQ002298, GWHPBPAQ002333, GWHPBPAQ002338, GWHPBPAQ002339, GWHPBPAQ002341, GWHPBPAQ002344, GWHPBPAQ002346, GWHPBPAQ002558, GWHPBPAQ008674, GWHPBPAQ011829, GWHPBPAQ011834, GWHPBPAQ014214	JLX003980.1, JLX089900.1, JLX151470.1, JLX164700.1
OG0000009	Null	JLX001270.1, JLX001880.1, JLX032340.1, JLX034930.1, JLX035490.1, JLX036560.1, JLX057410.1, JLX064990.1, JLX066660.1, JLX066990.1, JLX067410.1, JLX068740.1, JLX069020.1, JLX069450.1, JLX082710.1, JLX091830.1, JLX091870.1, JLX092120.1, JLX093200.1, JLX093320.1, JLX093510.1, JLX119020.1, JLX136400.1, JLX143110.1, JLX150390.1, JLX155070.1, JLX166120.1, JLX166450.1, JLX183170.1, JLX187020.1, JLX187050.1, JLX190050.1, JLX205300.1, JLX207560.1, JLX207580.1, JLX207600.1, JLX217690.1, JLX217970.1, JLX218640.1, JLX218950.1, JLX227450.1, JLX229980.1, JLX230090.1, JLX230180.1, JLX230330.1, JLX230760.1, JLX231910.1
OG0000010	GWHPBPAQ000051, GWHPBPAQ001537, GWHPBPAQ002063, GWHPBPAQ002243, GWHPBPAQ002254, GWHPBPAQ002292, GWHPBPAQ002637, GWHPBPAQ005568, GWHPBPAQ005797, GWHPBPAQ005824, GWHPBPAQ005830, GWHPBPAQ006020, GWHPBPAQ006021, GWHPBPAQ006237, GWHPBPAQ006238, GWHPBPAQ006546, GWHPBPAQ007396, GWHPBPAQ007397, GWHPBPAQ007649, GWHPBPAQ007833, GWHPBPAQ008056, GWHPBPAQ008642, GWHPBPAQ011266, GWHPBPAQ011409, GWHPBPAQ011430, GWHPBPAQ011728, GWHPBPAQ011889, GWHPBPAQ012864, GWHPBPAQ012961, GWHPBPAQ013133, GWHPBPAQ015693, GWHPBPAQ018154, GWHPBPAQ018155, GWHPBPAQ018295, GWHPBPAQ018589, GWHPBPAQ021194, GWHPBPAQ021259, GWHPBPAQ021615, GWHPBPAQ021616, GWHPBPAQ022179, GWHPBPAQ022234, GWHPBPAQ022509, GWHPBPAQ022945	JLX099200.1
OG0000011	GWHPBPAQ001372, GWHPBPAQ001783, GWHPBPAQ001784, GWHPBPAQ001786, GWHPBPAQ001804, GWHPBPAQ005247, GWHPBPAQ005419, GWHPBPAQ005426, GWHPBPAQ005431, GWHPBPAQ005433, GWHPBPAQ005434, GWHPBPAQ005435, GWHPBPAQ005437, GWHPBPAQ012808, GWHPBPAQ016443, GWHPBPAQ016776, GWHPBPAQ017183, GWHPBPAQ017540, GWHPBPAQ019935, GWHPBPAQ019936, GWHPBPAQ019937, GWHPBPAQ021372, GWHPBPAQ021377, GWHPBPAQ021386, GWHPBPAQ021391, GWHPBPAQ023512	JLX038000.1, JLX054500.1, JLX066170.1, JLX095980.1, JLX101550.1, JLX102760.1, JLX103860.1, JLX148710.1, JLX209120.1, JLX214720.1, JLX221120.1, JLX232400.1, JLX232830.1, JLX232850.1, JLX232960.1
OG0000012	GWHPBPAQ001529, GWHPBPAQ001618, GWHPBPAQ002402, GWHPBPAQ005820, GWHPBPAQ005852, GWHPBPAQ005853, GWHPBPAQ006015, GWHPBPAQ006488, GWHPBPAQ006717, GWHPBPAQ007591, GWHPBPAQ007651, GWHPBPAQ010891, GWHPBPAQ011352, GWHPBPAQ011353, GWHPBPAQ011589, GWHPBPAQ011865, GWHPBPAQ012628, GWHPBPAQ012798, GWHPBPAQ012936, GWHPBPAQ013329, GWHPBPAQ013333, GWHPBPAQ013767, GWHPBPAQ015498, GWHPBPAQ015499, GWHPBPAQ016079, GWHPBPAQ016085, GWHPBPAQ018051, GWHPBPAQ018376, GWHPBPAQ020721, GWHPBPAQ021127, GWHPBPAQ021128, GWHPBPAQ021157, GWHPBPAQ021381, GWHPBPAQ021382, GWHPBPAQ021383, GWHPBPAQ022185, GWHPBPAQ022187, GWHPBPAQ022503, GWHPBPAQ022606, GWHPBPAQ022621, GWHPBPAQ022632	
OG0000013	GWHPBPAQ001732, GWHPBPAQ001790, GWHPBPAQ001791, GWHPBPAQ001793, GWHPBPAQ001794, GWHPBPAQ001795, GWHPBPAQ001797, GWHPBPAQ005965, GWHPBPAQ005969, GWHPBPAQ005970, GWHPBPAQ005971, GWHPBPAQ007637, GWHPBPAQ007673, GWHPBPAQ007675, GWHPBPAQ007677, GWHPBPAQ011651, GWHPBPAQ011655, GWHPBPAQ011656, GWHPBPAQ011658, GWHPBPAQ011917, GWHPBPAQ016049, GWHPBPAQ016050, GWHPBPAQ016053, GWHPBPAQ016054, GWHPBPAQ016066, GWHPBPAQ016096, GWHPBPAQ018207, GWHPBPAQ018214, GWHPBPAQ021071, GWHPBPAQ021072, GWHPBPAQ021076, GWHPBPAQ021078, GWHPBPAQ021093, GWHPBPAQ021094, GWHPBPAQ022378, GWHPBPAQ022383, GWHPBPAQ022386, GWHPBPAQ022387, GWHPBPAQ022388, GWHPBPAQ022395	
OG0000014	Null	JLX048790.1, JLX048820.1, JLX048830.1, JLX048850.1, JLX048860.1, JLX048880.1, JLX048890.1, JLX048930.1, JLX048940.1, JLX048960.1, JLX060550.1, JLX065390.1, JLX079630.1, JLX089400.1, JLX089410.1, JLX089430.1, JLX089450.1, JLX090530.1, JLX158310.1, JLX158320.1, JLX158320.2, JLX187380.1, JLX187400.1, JLX191020.1, JLX207750.1, JLX207770.1, JLX208920.1, JLX208920.2, JLX209730.1, JLX216190.1, JLX216270.1, JLX216330.1, JLX218090.1, JLX218140.1
OG0000015	GWHPBPAQ001138, GWHPBPAQ001402, GWHPBPAQ001438, GWHPBPAQ001779, GWHPBPAQ001994, GWHPBPAQ003148, GWHPBPAQ005796, GWHPBPAQ005801, GWHPBPAQ005927, GWHPBPAQ005929, GWHPBPAQ006173, GWHPBPAQ007767, GWHPBPAQ012768, GWHPBPAQ012773, GWHPBPAQ012899, GWHPBPAQ012958, GWHPBPAQ012986, GWHPBPAQ013066, GWHPBPAQ013067, GWHPBPAQ013217, GWHPBPAQ015555, GWHPBPAQ015765, GWHPBPAQ015936, GWHPBPAQ015998, GWHPBPAQ016027, GWHPBPAQ016290, GWHPBPAQ016533, GWHPBPAQ018297, GWHPBPAQ022042, GWHPBPAQ022043, GWHPBPAQ022435, GWHPBPAQ022530	JLX142240.1
OG0000016	GWHPBPAQ001592, GWHPBPAQ001593, GWHPBPAQ001596, GWHPBPAQ001601, GWHPBPAQ001602, GWHPBPAQ005403, GWHPBPAQ005405, GWHPBPAQ005406, GWHPBPAQ011010, GWHPBPAQ011011, GWHPBPAQ011012, GWHPBPAQ011013, GWHPBPAQ011014, GWHPBPAQ011015, GWHPBPAQ011016, GWHPBPAQ011017, GWHPBPAQ011018, GWHPBPAQ011019, GWHPBPAQ011020, GWHPBPAQ011029, GWHPBPAQ011759, GWHPBPAQ012619, GWHPBPAQ012669, GWHPBPAQ012670, GWHPBPAQ021934, GWHPBPAQ022060, GWHPBPAQ022061	JLX082840.1, JLX083200.1, JLX208720.1, JLX209510.1, JLX209670.1
OG0000017	GWHPBPAQ001223, GWHPBPAQ001278, GWHPBPAQ001867, GWHPBPAQ002064, GWHPBPAQ002244, GWHPBPAQ002290, GWHPBPAQ002291, GWHPBPAQ005823, GWHPBPAQ005831, GWHPBPAQ005940, GWHPBPAQ006007, GWHPBPAQ006008, GWHPBPAQ006229, GWHPBPAQ007682, GWHPBPAQ007683, GWHPBPAQ011431, GWHPBPAQ011480, GWHPBPAQ011791, GWHPBPAQ016144, GWHPBPAQ018136, GWHPBPAQ018137, GWHPBPAQ018588, GWHPBPAQ018760, GWHPBPAQ020790, GWHPBPAQ021193, GWHPBPAQ021388, GWHPBPAQ022223, GWHPBPAQ022224	JLX064590.1, JLX230230.1
OG0000018	GWHPBPAQ001543, GWHPBPAQ001544, GWHPBPAQ001648, GWHPBPAQ001665, GWHPBPAQ001868, GWHPBPAQ001870, GWHPBPAQ003414, GWHPBPAQ005734, GWHPBPAQ006303, GWHPBPAQ006304, GWHPBPAQ011612, GWHPBPAQ011613, GWHPBPAQ011614, GWHPBPAQ011637, GWHPBPAQ011711, GWHPBPAQ011744, GWHPBPAQ011745, GWHPBPAQ011746, GWHPBPAQ011830, GWHPBPAQ011892, GWHPBPAQ012430, GWHPBPAQ012825, GWHPBPAQ012970, GWHPBPAQ012971, GWHPBPAQ016292, GWHPBPAQ016676, GWHPBPAQ016678, GWHPBPAQ019191, GWHPBPAQ022409, GWHPBPAQ022475	
OG0000019	GWHPBPAQ001059, GWHPBPAQ001765, GWHPBPAQ002511, GWHPBPAQ003381, GWHPBPAQ005547, GWHPBPAQ005554, GWHPBPAQ005557, GWHPBPAQ005564, GWHPBPAQ005574, GWHPBPAQ005575, GWHPBPAQ006749, GWHPBPAQ007734, GWHPBPAQ008632, GWHPBPAQ009614, GWHPBPAQ013339, GWHPBPAQ016863, GWHPBPAQ019211, GWHPBPAQ019212, GWHPBPAQ020296, GWHPBPAQ020297, GWHPBPAQ020299	JLX145910.1, JLX185330.1, JLX187520.1, JLX187980.1, JLX209450.1, JLX209560.1, JLX209920.1, JLX219540.1
OG0000020	GWHPBPAQ001465, GWHPBPAQ001468, GWHPBPAQ001469, GWHPBPAQ001470, GWHPBPAQ006128, GWHPBPAQ006130, GWHPBPAQ006132, GWHPBPAQ006879, GWHPBPAQ006880, GWHPBPAQ006881, GWHPBPAQ007274, GWHPBPAQ008016, GWHPBPAQ008028, GWHPBPAQ008029, GWHPBPAQ008030, GWHPBPAQ008031, GWHPBPAQ008032, GWHPBPAQ008033, GWHPBPAQ008034, GWHPBPAQ008035, GWHPBPAQ008036, GWHPBPAQ008037, GWHPBPAQ008038, GWHPBPAQ008039, GWHPBPAQ008657, GWHPBPAQ008658, GWHPBPAQ018621, GWHPBPAQ018622	JLX031220.1
OG0000021	GWHPBPAQ001490, GWHPBPAQ001896, GWHPBPAQ004535, GWHPBPAQ006027, GWHPBPAQ006976, GWHPBPAQ008315, GWHPBPAQ011580, GWHPBPAQ011798, GWHPBPAQ012009, GWHPBPAQ012846, GWHPBPAQ012930, GWHPBPAQ012994, GWHPBPAQ013628, GWHPBPAQ013984, GWHPBPAQ014959, GWHPBPAQ014960, GWHPBPAQ015139, GWHPBPAQ015327, GWHPBPAQ015328, GWHPBPAQ015927, GWHPBPAQ015928, GWHPBPAQ020339, GWHPBPAQ021059, GWHPBPAQ021060, GWHPBPAQ021086, GWHPBPAQ022370, GWHPBPAQ022390	JLX076430.1
OG0000022	GWHPBPAQ011185	JLX041460.1, JLX041630.1, JLX041730.1, JLX042220.1, JLX042230.1, JLX042280.1, JLX083650.1, JLX083850.1, JLX084100.1, JLX084120.1, JLX084570.1, JLX084770.1, JLX084850.1, JLX085020.1, JLX093420.1, JLX125970.1, JLX127190.1, JLX132740.1, JLX133020.1, JLX133020.2, JLX133260.1, JLX134370.1, JLX164960.1, JLX165280.1, JLX183210.1, JLX183220.1, JLX183240.1
OG0000023	GWHPBPAQ018115	JLX000840.1, JLX012320.1, JLX033650.1, JLX041720.1, JLX042360.1, JLX051460.1, JLX053390.1, JLX067170.1, JLX073080.1, JLX082100.1, JLX083040.1, JLX090940.1, JLX093680.1, JLX110750.1, JLX136100.1, JLX152150.1, JLX164360.1, JLX167460.1, JLX176810.1, JLX177170.1, JLX186910.1, JLX190990.1, JLX199340.1, JLX206080.1, JLX220990.1, JLX223470.1, JLX227240.1
OG0000024	Null	JLX010690.1, JLX010780.1, JLX011630.1, JLX011630.2, JLX012180.1, JLX012370.1, JLX012620.1, JLX013750.1, JLX014330.1, JLX014700.1, JLX015170.1, JLX015240.1, JLX015680.1, JLX015840.1, JLX019280.1, JLX019700.1, JLX021760.1, JLX021960.1, JLX048970.1, JLX089440.1, JLX089470.1, JLX102220.1, JLX128450.1, JLX181520.1, JLX187410.1, JLX187430.1
OG0000025	GWHPBPAQ000167, GWHPBPAQ003746, GWHPBPAQ006603, GWHPBPAQ015264, GWHPBPAQ019035, GWHPBPAQ020412, GWHPBPAQ020413, GWHPBPAQ021646	JLX009360.1, JLX020040.1, JLX020040.2, JLX028440.1, JLX028440.2, JLX044510.1, JLX044510.2, JLX057130.1, JLX057130.2, JLX117860.1, JLX117860.2, JLX117860.3, JLX117860.4, JLX139870.1, JLX139870.2, JLX139870.3, JLX139870.4
OG0000026	GWHPBPAQ003684, GWHPBPAQ004422, GWHPBPAQ010193, GWHPBPAQ010194, GWHPBPAQ011985, GWHPBPAQ012188, GWHPBPAQ012299, GWHPBPAQ017102, GWHPBPAQ017212, GWHPBPAQ017304, GWHPBPAQ017428, GWHPBPAQ017433, GWHPBPAQ017434, GWHPBPAQ017459, GWHPBPAQ020629, GWHPBPAQ020672, GWHPBPAQ020673, GWHPBPAQ020764, GWHPBPAQ020765, GWHPBPAQ020768, GWHPBPAQ021002	JLX028020.1, JLX128270.1, JLX173730.1, JLX218860.1
OG0000027	Null	JLX032210.1, JLX032410.1, JLX032430.1, JLX032470.1, JLX032670.1, JLX033280.1, JLX033590.1, JLX033700.1, JLX033900.1, JLX033980.1, JLX034240.1, JLX034380.1, JLX034480.1, JLX034700.1, JLX066320.1, JLX187190.1, JLX187250.1, JLX187790.1, JLX187920.1, JLX199830.1, JLX204260.1, JLX213380.1, JLX213670.1, JLX213740.1, JLX213760.1
OG0000028	GWHPBPAQ021141	JLX034570.1, JLX042950.1, JLX065380.1, JLX066910.1, JLX067770.1, JLX067870.1, JLX068270.1, JLX094880.1, JLX103120.1, JLX122390.1, JLX150520.1, JLX175370.1, JLX180970.1, JLX181040.1, JLX186680.1, JLX186720.1, JLX186810.1, JLX186920.1, JLX186940.1, JLX189980.1, JLX190930.1, JLX218180.1, JLX219000.1
OG0000029	GWHPBPAQ021285, GWHPBPAQ021286, GWHPBPAQ021287, GWHPBPAQ021288, GWHPBPAQ021289, GWHPBPAQ021290, GWHPBPAQ021291, GWHPBPAQ021292, GWHPBPAQ021293, GWHPBPAQ021294, GWHPBPAQ021295, GWHPBPAQ021296, GWHPBPAQ021297, GWHPBPAQ021298, GWHPBPAQ021299, GWHPBPAQ021300, GWHPBPAQ021301, GWHPBPAQ021302, GWHPBPAQ021303, GWHPBPAQ021304, GWHPBPAQ021305, GWHPBPAQ021306, GWHPBPAQ021307, GWHPBPAQ021308	
OG0000030	GWHPBPAQ000188, GWHPBPAQ004942, GWHPBPAQ006956, GWHPBPAQ009384, GWHPBPAQ009737, GWHPBPAQ010171, GWHPBPAQ015523, GWHPBPAQ015526, GWHPBPAQ015527, GWHPBPAQ015528, GWHPBPAQ015529, GWHPBPAQ015530, GWHPBPAQ020128	JLX055020.1, JLX060880.1, JLX108140.1, JLX109740.1, JLX112480.1, JLX133700.1, JLX147350.1, JLX184980.1, JLX184980.2, JLX202390.1
OG0000031	GWHPBPAQ000348, GWHPBPAQ000731, GWHPBPAQ004069, GWHPBPAQ004070, GWHPBPAQ005198, GWHPBPAQ005200, GWHPBPAQ005640, GWHPBPAQ014635, GWHPBPAQ014858, GWHPBPAQ017026, GWHPBPAQ019397, GWHPBPAQ021274	JLX017750.1, JLX029590.1, JLX040810.1, JLX040810.2, JLX057330.1, JLX103210.1, JLX103210.2, JLX112660.1, JLX212760.1, JLX212760.2, JLX229600.1
OG0000032	GWHPBPAQ011395	JLX002030.1, JLX024740.1, JLX034290.1, JLX036060.1, JLX040180.1, JLX057620.1, JLX057630.1, JLX076380.1, JLX090220.1, JLX092520.1, JLX094450.1, JLX120730.1, JLX121350.1, JLX144350.1, JLX166590.1, JLX172810.1, JLX173190.1, JLX189890.1, JLX218000.1, JLX218370.1, JLX218630.1, JLX230340.1
OG0000033	GWHPBPAQ001337, GWHPBPAQ001698, GWHPBPAQ002065, GWHPBPAQ002253, GWHPBPAQ005548, GWHPBPAQ005549, GWHPBPAQ005579, GWHPBPAQ005832, GWHPBPAQ005840, GWHPBPAQ006019, GWHPBPAQ006335, GWHPBPAQ007849, GWHPBPAQ011267, GWHPBPAQ011432, GWHPBPAQ011433, GWHPBPAQ016145, GWHPBPAQ018156, GWHPBPAQ022180, GWHPBPAQ022181	JLX065430.1, JLX167360.1, JLX175920.1
OG0000034	GWHPBPAQ001573, GWHPBPAQ004993, GWHPBPAQ005262, GWHPBPAQ006127, GWHPBPAQ006134, GWHPBPAQ006477, GWHPBPAQ011048, GWHPBPAQ011050, GWHPBPAQ011051, GWHPBPAQ011053, GWHPBPAQ011054, GWHPBPAQ011055, GWHPBPAQ011056, GWHPBPAQ011057, GWHPBPAQ011058, GWHPBPAQ011059, GWHPBPAQ011060, GWHPBPAQ011939, GWHPBPAQ013439, GWHPBPAQ015903	JLX034500.1, JLX065570.1
OG0000035	GWHPBPAQ001964, GWHPBPAQ002669, GWHPBPAQ002672, GWHPBPAQ002673, GWHPBPAQ004935, GWHPBPAQ005850, GWHPBPAQ005851, GWHPBPAQ005856, GWHPBPAQ005857, GWHPBPAQ009267, GWHPBPAQ009268, GWHPBPAQ009269, GWHPBPAQ010146, GWHPBPAQ013418, GWHPBPAQ019734	JLX004940.1, JLX004940.2, JLX005520.1, JLX006350.1, JLX058660.1, JLX079230.1, JLX188320.1
OG0000036	GWHPBPAQ006540	JLX077440.1, JLX077500.2, JLX077930.1, JLX173160.1, JLX173160.2, JLX173160.3, JLX173170.1, JLX187200.1, JLX187200.2, JLX187200.3, JLX187200.4, JLX187200.5, JLX187270.1, JLX187270.2, JLX187270.3, JLX187270.4, JLX187320.1, JLX187320.2, JLX187320.3, JLX187320.4, JLX187320.5
OG0000037	GWHPBPAQ002062	JLX002220.1, JLX002230.1, JLX002240.1, JLX024750.1, JLX041440.1, JLX150950.1, JLX150970.1, JLX152380.1, JLX152420.1, JLX152640.1, JLX152650.1, JLX152800.1, JLX164740.1, JLX164740.2, JLX164740.3, JLX164780.1, JLX164810.1, JLX172600.1, JLX207880.1, JLX207910.1
OG0000038	GWHPBPAQ006244, GWHPBPAQ011665, GWHPBPAQ012417, GWHPBPAQ015210, GWHPBPAQ017343, GWHPBPAQ020235, GWHPBPAQ020801	JLX040420.1, JLX040420.2, JLX040420.3, JLX040420.4, JLX068360.1, JLX068360.2, JLX120160.1, JLX120160.2, JLX141250.1, JLX141250.2, JLX145060.1, JLX159310.1, JLX159310.2, JLX182850.1
OG0000039	Null	JLX034490.1, JLX035110.1, JLX035350.1, JLX052960.1, JLX083430.1, JLX090890.1, JLX094930.1, JLX095130.1, JLX149360.1, JLX153500.1, JLX160590.1, JLX164930.1, JLX182060.1, JLX188330.1, JLX188960.1, JLX189010.1, JLX190320.1, JLX190920.1, JLX199390.1, JLX218960.1, JLX227570.1
OG0000040	Null	JLX013680.1, JLX022950.1, JLX022950.2, JLX022950.3, JLX041860.1, JLX042120.1, JLX076300.1, JLX076370.1, JLX082630.1, JLX087680.1, JLX088810.1, JLX150820.1, JLX214180.1, JLX214340.1, JLX231000.1, JLX231100.1, JLX231250.1, JLX231250.3, JLX231450.1, JLX231590.1, JLX231870.1
OG0000041	GWHPBPAQ012690, GWHPBPAQ021058	JLX010300.1, JLX057540.1, JLX057580.1, JLX076500.1, JLX076680.1, JLX082500.1, JLX113180.1, JLX118080.1, JLX150770.1, JLX160480.1, JLX166940.1, JLX167130.1, JLX167710.1, JLX217550.1, JLX217640.1, JLX227220.1, JLX227370.1, JLX231540.1
OG0000042	GWHPBPAQ018294	JLX001150.1, JLX001170.1, JLX069350.1, JLX073550.1, JLX093540.1, JLX093940.1, JLX119230.1, JLX120060.1, JLX120710.1, JLX120770.1, JLX151020.1, JLX173050.1, JLX174890.1, JLX197580.1, JLX199430.1, JLX199540.1, JLX206270.1, JLX227080.1, JLX231770.1
OG0000043	GWHPBPAQ001303, GWHPBPAQ001754, GWHPBPAQ004159, GWHPBPAQ005958, GWHPBPAQ006329, GWHPBPAQ006330, GWHPBPAQ009579, GWHPBPAQ011905, GWHPBPAQ014592, GWHPBPAQ014595, GWHPBPAQ016025, GWHPBPAQ016165, GWHPBPAQ016166, GWHPBPAQ017638, GWHPBPAQ020737, GWHPBPAQ020827, GWHPBPAQ021483, GWHPBPAQ021484, GWHPBPAQ021490	
OG0000044	GWHPBPAQ001652, GWHPBPAQ002978, GWHPBPAQ003530, GWHPBPAQ005868, GWHPBPAQ014099, GWHPBPAQ015621, GWHPBPAQ015622, GWHPBPAQ015626, GWHPBPAQ020023, GWHPBPAQ020901, GWHPBPAQ020958, GWHPBPAQ020961, GWHPBPAQ020962, GWHPBPAQ020963, GWHPBPAQ020998, GWHPBPAQ021015, GWHPBPAQ021717	JLX003680.1, JLX033050.1
OG0000045	GWHPBPAQ006223, GWHPBPAQ006467, GWHPBPAQ006975, GWHPBPAQ008348, GWHPBPAQ008929, GWHPBPAQ009478, GWHPBPAQ010810, GWHPBPAQ010811, GWHPBPAQ013168, GWHPBPAQ013169, GWHPBPAQ013629, GWHPBPAQ013681, GWHPBPAQ016813, GWHPBPAQ020965, GWHPBPAQ021063, GWHPBPAQ021233, GWHPBPAQ022434, GWHPBPAQ022776	JLX091180.1
OG0000046	GWHPBPAQ000625, GWHPBPAQ000626, GWHPBPAQ000627, GWHPBPAQ006705, GWHPBPAQ008881, GWHPBPAQ008882, GWHPBPAQ014557, GWHPBPAQ014558, GWHPBPAQ015992, GWHPBPAQ019679, GWHPBPAQ019680	JLX011940.1, JLX016960.1, JLX100880.1, JLX101690.1, JLX169110.1, JLX200140.1, JLX219010.1
OG0000047	GWHPBPAQ001792, GWHPBPAQ001798, GWHPBPAQ005961, GWHPBPAQ006276, GWHPBPAQ006894, GWHPBPAQ007678, GWHPBPAQ007684, GWHPBPAQ011657, GWHPBPAQ012979, GWHPBPAQ016052, GWHPBPAQ016065, GWHPBPAQ018365, GWHPBPAQ018539, GWHPBPAQ021073, GWHPBPAQ021075, GWHPBPAQ021095, GWHPBPAQ022385, GWHPBPAQ022437	
OG0000048	GWHPBPAQ001848, GWHPBPAQ004149, GWHPBPAQ006158, GWHPBPAQ006326, GWHPBPAQ006327, GWHPBPAQ006328, GWHPBPAQ009573, GWHPBPAQ009578, GWHPBPAQ009583, GWHPBPAQ009808, GWHPBPAQ014593, GWHPBPAQ016164, GWHPBPAQ018356, GWHPBPAQ019229, GWHPBPAQ021240, GWHPBPAQ021482	JLX001440.1, JLX017260.1
OG0000049	GWHPBPAQ003524, GWHPBPAQ003891, GWHPBPAQ007110, GWHPBPAQ007303, GWHPBPAQ009225, GWHPBPAQ011946, GWHPBPAQ021356	JLX026690.1, JLX026690.2, JLX027140.1, JLX027140.2, JLX027140.3, JLX072340.1, JLX155780.1, JLX191710.1, JLX191710.2, JLX231350.1, JLX232230.1
OG0000050	GWHPBPAQ004336, GWHPBPAQ004884, GWHPBPAQ004897, GWHPBPAQ006738, GWHPBPAQ006740, GWHPBPAQ006745, GWHPBPAQ009829, GWHPBPAQ013060, GWHPBPAQ016106	JLX069620.1, JLX091230.1, JLX091920.1, JLX183490.1, JLX201400.1, JLX203280.1, JLX204270.1, JLX224770.1, JLX225490.1
OG0000051	GWHPBPAQ007546	JLX142970.1, JLX142970.10, JLX142970.11, JLX142970.12, JLX142970.13, JLX142970.14, JLX142970.15, JLX142970.16, JLX142970.17, JLX142970.2, JLX142970.3, JLX142970.4, JLX142970.5, JLX142970.6, JLX142970.7, JLX142970.8, JLX142970.9
OG0000052	GWHPBPAQ008985, GWHPBPAQ013621, GWHPBPAQ014626, GWHPBPAQ018280, GWHPBPAQ021999, GWHPBPAQ022000, GWHPBPAQ022001, GWHPBPAQ022002, GWHPBPAQ022003, GWHPBPAQ022004, GWHPBPAQ023080	JLX024210.1, JLX062580.1, JLX101510.1, JLX118900.1, JLX124150.1, JLX194420.1, JLX229510.1
OG0000053	Null	JLX024050.1, JLX077050.1, JLX077060.1, JLX077070.1, JLX077140.1, JLX077310.1, JLX082060.1, JLX082310.1, JLX082680.1, JLX150100.1, JLX150110.1, JLX212930.1, JLX212940.1, JLX212950.1, JLX213010.1, JLX213020.1, JLX213080.1, JLX213090.1
OG0000054	GWHPBPAQ000431, GWHPBPAQ008285, GWHPBPAQ009243, GWHPBPAQ011347, GWHPBPAQ014151	JLX049730.1, JLX064360.1, JLX083740.1, JLX083740.2, JLX083740.3, JLX083740.4, JLX089690.1, JLX089690.2, JLX089690.3, JLX089690.4, JLX153140.1, JLX196430.1
OG0000055	GWHPBPAQ000760	JLX019080.1, JLX019080.10, JLX019080.11, JLX019080.12, JLX019080.13, JLX019080.14, JLX019080.15, JLX019080.16, JLX019080.2, JLX019080.3, JLX019080.4, JLX019080.5, JLX019080.6, JLX019080.7, JLX019080.8, JLX019080.9
OG0000056	GWHPBPAQ001726, GWHPBPAQ004301, GWHPBPAQ004303, GWHPBPAQ009777, GWHPBPAQ009778, GWHPBPAQ009963, GWHPBPAQ010482, GWHPBPAQ011472, GWHPBPAQ011719, GWHPBPAQ012172, GWHPBPAQ014491, GWHPBPAQ016019, GWHPBPAQ019012, GWHPBPAQ019013, GWHPBPAQ019409, GWHPBPAQ020756, GWHPBPAQ021122	
OG0000057	GWHPBPAQ001775, GWHPBPAQ001925, GWHPBPAQ001926, GWHPBPAQ001927, GWHPBPAQ005701, GWHPBPAQ006018, GWHPBPAQ011713, GWHPBPAQ011757, GWHPBPAQ012045, GWHPBPAQ015623, GWHPBPAQ015673, GWHPBPAQ015934, GWHPBPAQ016109, GWHPBPAQ018334, GWHPBPAQ021126, GWHPBPAQ021201, GWHPBPAQ022316	
OG0000058	GWHPBPAQ002989, GWHPBPAQ006296, GWHPBPAQ009590, GWHPBPAQ010254, GWHPBPAQ014519, GWHPBPAQ014696, GWHPBPAQ014697, GWHPBPAQ016815	JLX068490.1, JLX068490.2, JLX115160.1, JLX118680.1, JLX132810.1, JLX132810.2, JLX169220.1, JLX169220.2, JLX221720.1
OG0000059	GWHPBPAQ006441, GWHPBPAQ011383, GWHPBPAQ011385, GWHPBPAQ011386, GWHPBPAQ011388, GWHPBPAQ011389, GWHPBPAQ011390, GWHPBPAQ011391, GWHPBPAQ011393, GWHPBPAQ011397, GWHPBPAQ011398, GWHPBPAQ011399, GWHPBPAQ011400, GWHPBPAQ011700	JLX084920.2, JLX084920.3, JLX141400.1
OG0000060	GWHPBPAQ007777, GWHPBPAQ015692, GWHPBPAQ015694, GWHPBPAQ015695, GWHPBPAQ015696, GWHPBPAQ015702, GWHPBPAQ015703, GWHPBPAQ015704, GWHPBPAQ015705, GWHPBPAQ015706, GWHPBPAQ015707, GWHPBPAQ015708, GWHPBPAQ020341	JLX107820.1, JLX113530.1, JLX117190.1, JLX118690.1
OG0000061	GWHPBPAQ012220, GWHPBPAQ023004, GWHPBPAQ023459, GWHPBPAQ023460, GWHPBPAQ023461, GWHPBPAQ023462, GWHPBPAQ023464, GWHPBPAQ023465, GWHPBPAQ023466	JLX088070.1, JLX134570.1, JLX214510.1, JLX214610.1, JLX214940.1, JLX215470.1, JLX215530.1, JLX216130.1
OG0000062	GWHPBPAQ016476	JLX037410.1, JLX037410.10, JLX037410.11, JLX037410.12, JLX037410.13, JLX037410.14, JLX037410.15, JLX037410.16, JLX037410.2, JLX037410.3, JLX037410.4, JLX037410.5, JLX037410.6, JLX037410.7, JLX037410.8, JLX037410.9
OG0000063	Null	JLX067110.1, JLX067840.1, JLX067850.1, JLX095750.1, JLX096820.1, JLX097590.1, JLX099880.1, JLX122400.1, JLX122450.1, JLX164410.1, JLX164860.1, JLX164880.1, JLX164890.1, JLX165150.1, JLX165220.1, JLX186790.1, JLX186820.1
OG0000064	Null	JLX001980.1, JLX035040.1, JLX041680.1, JLX067590.1, JLX067640.1, JLX077820.1, JLX084630.1, JLX091860.1, JLX095270.1, JLX136910.1, JLX136920.1, JLX141670.1, JLX144200.1, JLX166200.1, JLX205990.1, JLX206030.1, JLX217410.1
OG0000065	GWHPBPAQ000202, GWHPBPAQ010966, GWHPBPAQ012145, GWHPBPAQ017276, GWHPBPAQ018001, GWHPBPAQ020384, GWHPBPAQ022833	JLX052200.1, JLX056810.1, JLX124210.1, JLX137840.1, JLX137840.2, JLX174460.1, JLX174460.2, JLX182490.1, JLX213250.1
OG0000066	GWHPBPAQ000265, GWHPBPAQ008762, GWHPBPAQ009786, GWHPBPAQ017234, GWHPBPAQ019778, GWHPBPAQ020666, GWHPBPAQ021768	JLX012440.1, JLX020610.1, JLX056300.1, JLX100620.1, JLX100620.2, JLX137270.1, JLX175540.1, JLX185640.1, JLX218560.1
OG0000067	GWHPBPAQ000411, GWHPBPAQ005544, GWHPBPAQ005551, GWHPBPAQ005562, GWHPBPAQ005928, GWHPBPAQ007566, GWHPBPAQ007619, GWHPBPAQ012769, GWHPBPAQ013367, GWHPBPAQ014547, GWHPBPAQ015046, GWHPBPAQ015764, GWHPBPAQ017849, GWHPBPAQ018170	JLX116640.1, JLX209580.1
OG0000068	GWHPBPAQ000502, GWHPBPAQ001863, GWHPBPAQ005884, GWHPBPAQ011396, GWHPBPAQ011836, GWHPBPAQ012639, GWHPBPAQ012999, GWHPBPAQ013000, GWHPBPAQ015962, GWHPBPAQ016267, GWHPBPAQ018233, GWHPBPAQ018417, GWHPBPAQ021010, GWHPBPAQ021868	JLX218610.1, JLX228210.1
OG0000069	GWHPBPAQ001789, GWHPBPAQ001796, GWHPBPAQ005967, GWHPBPAQ007676, GWHPBPAQ011652, GWHPBPAQ016048, GWHPBPAQ016051, GWHPBPAQ016055, GWHPBPAQ018205, GWHPBPAQ018210, GWHPBPAQ018212, GWHPBPAQ018213, GWHPBPAQ022381, GWHPBPAQ022382, GWHPBPAQ022392, GWHPBPAQ022404	
OG0000070	GWHPBPAQ005654, GWHPBPAQ005657, GWHPBPAQ020342, GWHPBPAQ020344, GWHPBPAQ022146, GWHPBPAQ022148, GWHPBPAQ023357, GWHPBPAQ023358, GWHPBPAQ023362	JLX020420.1, JLX027280.1, JLX086430.1, JLX190110.1, JLX190110.2, JLX190110.3, JLX216160.1
OG0000071	GWHPBPAQ013204	JLX002500.1, JLX027420.1, JLX041490.1, JLX057800.1, JLX068130.1, JLX081530.1, JLX097480.1, JLX100230.1, JLX152330.1, JLX152660.1, JLX160420.1, JLX199450.1, JLX205050.1, JLX231410.1, JLX231960.1
OG0000072	GWHPBPAQ018370, GWHPBPAQ020999	JLX051900.1, JLX054420.1, JLX054480.1, JLX067830.1, JLX090840.1, JLX121050.1, JLX166600.1, JLX167190.1, JLX198540.1, JLX208200.1, JLX209530.1, JLX228050.1, JLX228450.1, JLX230700.1
OG0000073	GWHPBPAQ018512	JLX053730.1, JLX053730.10, JLX053730.11, JLX053730.12, JLX053730.13, JLX053730.14, JLX053730.15, JLX053730.2, JLX053730.3, JLX053730.4, JLX053730.5, JLX053730.6, JLX053730.7, JLX053730.8, JLX053730.9
OG0000074	Null	JLX027340.1, JLX032480.1, JLX034560.1, JLX037040.1, JLX039220.1, JLX067440.1, JLX084810.1, JLX097680.1, JLX148660.1, JLX172620.1, JLX172710.1, JLX172840.1, JLX188430.1, JLX205150.1, JLX205160.1, JLX230470.1
OG0000075	Null	JLX019410.1, JLX019410.2, JLX019860.1, JLX019940.1, JLX020800.1, JLX021380.1, JLX021540.1, JLX022360.1, JLX024410.1, JLX038310.1, JLX039830.1, JLX061250.1, JLX135410.1, JLX135500.1, JLX209650.1, JLX209720.1
OG0000076	Null	JLX034360.1, JLX040390.1, JLX040440.1, JLX040990.1, JLX067800.1, JLX069870.1, JLX187480.1, JLX187600.1, JLX188160.1, JLX201300.1, JLX203750.1, JLX213210.1, JLX213400.1, JLX213960.1, JLX214030.1, JLX230170.1
OG0000077	Null	JLX067890.1, JLX068770.1, JLX068770.2, JLX068770.3, JLX068770.4, JLX068770.5, JLX068770.6, JLX068770.7, JLX068770.8, JLX068900.1, JLX078820.1, JLX210710.1, JLX210710.2, JLX210710.3, JLX210710.4, JLX210710.5
OG0000078	GWHPBPAQ002209	JLX069920.1, JLX069930.1, JLX107580.1, JLX148990.1, JLX149090.1, JLX149220.1, JLX149230.1, JLX149270.1, JLX149300.1, JLX149350.1, JLX149380.1, JLX151810.1, JLX164560.1, JLX164580.1
OG0000079	GWHPBPAQ002305	JLX151840.1, JLX151840.10, JLX151840.11, JLX151840.12, JLX151840.13, JLX151840.14, JLX151840.2, JLX151840.3, JLX151840.4, JLX151840.5, JLX151840.6, JLX151840.7, JLX151840.8, JLX151840.9
OG0000080	GWHPBPAQ002509	JLX000290.1, JLX000320.1, JLX000540.1, JLX000670.1, JLX108030.1, JLX148770.1, JLX148790.1, JLX148800.1, JLX232430.1, JLX232570.1, JLX232640.1, JLX232790.1, JLX232810.1, JLX232900.1
OG0000081	GWHPBPAQ005272	JLX065990.1, JLX065990.10, JLX065990.11, JLX065990.12, JLX065990.13, JLX065990.14, JLX065990.2, JLX065990.3, JLX065990.4, JLX065990.5, JLX065990.6, JLX065990.7, JLX065990.8, JLX065990.9
OG0000082	GWHPBPAQ005966, GWHPBPAQ005976, GWHPBPAQ007674, GWHPBPAQ011653, GWHPBPAQ011654, GWHPBPAQ016057, GWHPBPAQ016058, GWHPBPAQ016070, GWHPBPAQ016071, GWHPBPAQ018206, GWHPBPAQ021074, GWHPBPAQ022379, GWHPBPAQ022384, GWHPBPAQ022394, GWHPBPAQ022403	
OG0000083	GWHPBPAQ006010	JLX000900.1, JLX001060.1, JLX001280.1, JLX001860.1, JLX001940.1, JLX001960.1, JLX032580.1, JLX032870.1, JLX032950.1, JLX033440.1, JLX033510.1, JLX033610.1, JLX034280.1, JLX034600.1
OG0000084	GWHPBPAQ006394, GWHPBPAQ011835, GWHPBPAQ011837, GWHPBPAQ011879, GWHPBPAQ012517, GWHPBPAQ015548, GWHPBPAQ015549, GWHPBPAQ015550, GWHPBPAQ015551, GWHPBPAQ015880, GWHPBPAQ015881, GWHPBPAQ015882, GWHPBPAQ015883, GWHPBPAQ015884, GWHPBPAQ021231	
OG0000085	GWHPBPAQ007768	JLX001370.1, JLX015160.1, JLX031180.1, JLX050900.1, JLX083500.1, JLX135660.1, JLX135690.1, JLX164510.1, JLX167510.1, JLX178630.1, JLX178920.1, JLX193370.1, JLX208330.1, JLX214370.1
OG0000086	GWHPBPAQ010681	JLX130730.1, JLX130730.10, JLX130730.11, JLX130730.12, JLX130730.13, JLX130730.14, JLX130730.2, JLX130730.3, JLX130730.4, JLX130730.5, JLX130730.6, JLX130730.7, JLX130730.8, JLX130730.9
OG0000087	GWHPBPAQ013344	JLX081120.1, JLX081120.10, JLX081120.11, JLX081120.12, JLX081120.13, JLX081120.14, JLX081120.2, JLX081120.3, JLX081120.4, JLX081120.5, JLX081120.6, JLX081120.7, JLX081120.8, JLX081120.9
OG0000088	GWHPBPAQ015648, GWHPBPAQ015649, GWHPBPAQ015671	JLX107630.1, JLX107630.2, JLX107630.3, JLX108390.1, JLX110260.1, JLX110660.1, JLX111190.1, JLX114980.1, JLX117810.1, JLX117810.2, JLX117810.3, JLX117810.4
OG0000089	GWHPBPAQ016636	JLX037970.1, JLX037970.10, JLX037970.11, JLX037970.12, JLX037970.13, JLX037970.14, JLX037970.2, JLX037970.3, JLX037970.4, JLX037970.5, JLX037970.6, JLX037970.7, JLX037970.8, JLX037970.9
OG0000090	GWHPBPAQ017072	JLX040640.1, JLX040640.10, JLX040640.11, JLX040640.12, JLX040640.13, JLX040640.14, JLX040640.2, JLX040640.3, JLX040640.4, JLX040640.5, JLX040640.6, JLX040640.7, JLX040640.8, JLX040640.9
OG0000091	GWHPBPAQ019876	JLX101240.1, JLX101240.10, JLX101240.11, JLX101240.12, JLX101240.13, JLX101240.14, JLX101240.2, JLX101240.3, JLX101240.4, JLX101240.5, JLX101240.6, JLX101240.7, JLX101240.8, JLX101240.9
OG0000092	GWHPBPAQ022906, GWHPBPAQ022908, GWHPBPAQ022910, GWHPBPAQ022913, GWHPBPAQ022915, GWHPBPAQ022916, GWHPBPAQ022917, GWHPBPAQ022918, GWHPBPAQ022921, GWHPBPAQ022922, GWHPBPAQ022924	JLX050240.1, JLX051210.1, JLX051620.1, JLX052020.1
OG0000093	Null	JLX068690.1, JLX068830.1, JLX069190.1, JLX069540.1, JLX069810.1, JLX080170.1, JLX164470.1, JLX189260.1, JLX189450.1, JLX189820.1, JLX189940.1, JLX193120.1, JLX210540.1, JLX210670.1, JLX210730.1
OG0000094	Null	JLX002780.1, JLX029170.1, JLX042210.1, JLX057850.1, JLX066640.1, JLX067290.1, JLX067450.1, JLX090990.1, JLX092490.1, JLX119210.1, JLX120750.1, JLX136510.1, JLX172800.1, JLX190330.1, JLX198630.1
OG0000095	Null	JLX035310.1, JLX041390.1, JLX041450.1, JLX091600.1, JLX096500.1, JLX097350.1, JLX115150.1, JLX127730.1, JLX140890.1, JLX140910.1, JLX140920.1, JLX152440.1, JLX177910.1, JLX205240.1, JLX218470.1
OG0000096	GWHPBPAQ000289, GWHPBPAQ003853, GWHPBPAQ017240, GWHPBPAQ020676	JLX140140.1, JLX140140.2, JLX140140.3, JLX156770.1, JLX156770.2, JLX156770.3, JLX173830.1, JLX173830.2, JLX173830.3, JLX173830.4
OG0000097	GWHPBPAQ000320, GWHPBPAQ002804, GWHPBPAQ002805, GWHPBPAQ014259	JLX008190.1, JLX055730.1, JLX055730.2, JLX055730.3, JLX055730.4, JLX168940.1, JLX168940.2, JLX168940.3, JLX168940.4, JLX168940.5
OG0000098	GWHPBPAQ000421, GWHPBPAQ004106, GWHPBPAQ004273, GWHPBPAQ007243, GWHPBPAQ009151, GWHPBPAQ009763, GWHPBPAQ016348, GWHPBPAQ019034	JLX009170.1, JLX026440.1, JLX038680.1, JLX061100.1, JLX156370.1, JLX184200.1
OG0000099	GWHPBPAQ000793, GWHPBPAQ004010, GWHPBPAQ007871, GWHPBPAQ009394, GWHPBPAQ015511	JLX019170.1, JLX060030.1, JLX109770.1, JLX109770.2, JLX109770.3, JLX109770.4, JLX155550.1, JLX155550.2, JLX198100.1
OG0000100	GWHPBPAQ000886	JLX046770.1, JLX046770.10, JLX046770.11, JLX046770.12, JLX046770.13, JLX046770.2, JLX046770.3, JLX046770.4, JLX046770.5, JLX046770.6, JLX046770.7, JLX046770.8, JLX046770.9
OG0000101	GWHPBPAQ001344, GWHPBPAQ001613, GWHPBPAQ001614, GWHPBPAQ006089, GWHPBPAQ007705, GWHPBPAQ011815, GWHPBPAQ011935, GWHPBPAQ018220, GWHPBPAQ021446, GWHPBPAQ022359, GWHPBPAQ022423	JLX089920.1, JLX095030.1, JLX228140.1
OG0000102	GWHPBPAQ001907, GWHPBPAQ002767, GWHPBPAQ004787, GWHPBPAQ006577, GWHPBPAQ010753, GWHPBPAQ018934, GWHPBPAQ019354	JLX004380.1, JLX043990.1, JLX106160.1, JLX123740.1, JLX202550.1, JLX205420.1, JLX223780.1
OG0000103	GWHPBPAQ002247	JLX037170.1, JLX037170.2, JLX128000.1, JLX132280.1, JLX149040.1, JLX149060.1, JLX150740.1, JLX151190.1, JLX151970.1, JLX164620.1, JLX181670.1, JLX201700.1, JLX207820.1
OG0000104	GWHPBPAQ002301, GWHPBPAQ011205, GWHPBPAQ011206, GWHPBPAQ011207, GWHPBPAQ011209, GWHPBPAQ011211, GWHPBPAQ023040	JLX085360.1, JLX129550.1, JLX135130.1, JLX135130.2, JLX135130.3, JLX135130.4, JLX151030.1
OG0000105	GWHPBPAQ003517, GWHPBPAQ007107, GWHPBPAQ021321, GWHPBPAQ023495	JLX025480.1, JLX025480.2, JLX074160.1, JLX074160.2, JLX074160.3, JLX194920.1, JLX194920.2, JLX214900.1, JLX232510.1, JLX232510.2
OG0000106	GWHPBPAQ003828	JLX155280.1, JLX155280.10, JLX155280.11, JLX155280.12, JLX155280.13, JLX155280.2, JLX155280.3, JLX155280.4, JLX155280.5, JLX155280.6, JLX155280.7, JLX155280.8, JLX155280.9
OG0000107	GWHPBPAQ005650, GWHPBPAQ005652, GWHPBPAQ005655, GWHPBPAQ005656, GWHPBPAQ005658, GWHPBPAQ005659, GWHPBPAQ005660, GWHPBPAQ015714, GWHPBPAQ015976	JLX190980.1, JLX191540.1, JLX191660.1, JLX191660.2, JLX218430.1
OG0000108	GWHPBPAQ005714, GWHPBPAQ005717, GWHPBPAQ012437, GWHPBPAQ012445, GWHPBPAQ014694, GWHPBPAQ017358, GWHPBPAQ020832	JLX117280.1, JLX119640.1, JLX161800.1, JLX162330.1, JLX182710.1, JLX190270.1, JLX191380.1
OG0000109	GWHPBPAQ006445, GWHPBPAQ012359, GWHPBPAQ012360, GWHPBPAQ012361, GWHPBPAQ012362, GWHPBPAQ012363, GWHPBPAQ013318, GWHPBPAQ022649	JLX033750.1, JLX078870.1, JLX158930.1, JLX161450.1, JLX162370.1, JLX165520.1
OG0000110	GWHPBPAQ006541, GWHPBPAQ016924, GWHPBPAQ022265, GWHPBPAQ022266, GWHPBPAQ022267, GWHPBPAQ022268, GWHPBPAQ022269, GWHPBPAQ022285	JLX081980.1, JLX082040.1, JLX082250.1, JLX082280.1, JLX082770.1, JLX188990.1
OG0000111	GWHPBPAQ006686	JLX200360.1, JLX200360.10, JLX200360.11, JLX200360.12, JLX200360.13, JLX200360.2, JLX200360.3, JLX200360.4, JLX200360.5, JLX200360.6, JLX200360.7, JLX200360.8, JLX200360.9
OG0000112	GWHPBPAQ011094, GWHPBPAQ011096, GWHPBPAQ011097, GWHPBPAQ011098, GWHPBPAQ011100, GWHPBPAQ011103, GWHPBPAQ011422, GWHPBPAQ011537, GWHPBPAQ011539, GWHPBPAQ011540	JLX123830.1, JLX129770.1, JLX129770.2, JLX191100.1
OG0000113	GWHPBPAQ012547	JLX161570.1, JLX161570.10, JLX161570.11, JLX161570.12, JLX161570.13, JLX161570.2, JLX161570.3, JLX161570.4, JLX161570.5, JLX161570.6, JLX161570.7, JLX161570.8, JLX161570.9
OG0000114	GWHPBPAQ013782	JLX193460.1, JLX193460.10, JLX193460.11, JLX193460.12, JLX193460.13, JLX193460.2, JLX193460.3, JLX193460.4, JLX193460.5, JLX193460.6, JLX193460.7, JLX193460.8, JLX193460.9
OG0000115	GWHPBPAQ014900	JLX108260.1, JLX108260.10, JLX108260.11, JLX108260.12, JLX108260.13, JLX108260.2, JLX108260.3, JLX108260.4, JLX108260.5, JLX108260.6, JLX108260.7, JLX108260.8, JLX108260.9
OG0000116	GWHPBPAQ016463, GWHPBPAQ016786, GWHPBPAQ021187, GWHPBPAQ022948, GWHPBPAQ022949, GWHPBPAQ022950	JLX039260.1, JLX088050.1, JLX088330.1, JLX088710.1, JLX088890.1, JLX088890.2, JLX189500.1, JLX222250.1
OG0000117	GWHPBPAQ019438	JLX101340.1, JLX101340.10, JLX101340.11, JLX101340.12, JLX101340.13, JLX101340.2, JLX101340.3, JLX101340.4, JLX101340.5, JLX101340.6, JLX101340.7, JLX101340.8, JLX101340.9
OG0000118	GWHPBPAQ020464	JLX138870.1, JLX138870.10, JLX138870.11, JLX138870.12, JLX138870.13, JLX138870.2, JLX138870.3, JLX138870.4, JLX138870.5, JLX138870.6, JLX138870.7, JLX138870.8, JLX138870.9
OG0000119	Null	JLX110470.1, JLX122220.1, JLX122230.1, JLX190210.1, JLX190220.1, JLX190300.1, JLX190430.1, JLX190640.1, JLX190950.1, JLX191210.1, JLX191270.1, JLX199510.1, JLX211320.1, JLX212410.1
OG0000120	GWHPBPAQ000559, GWHPBPAQ002627, GWHPBPAQ002692, GWHPBPAQ002693, GWHPBPAQ002695, GWHPBPAQ002697	JLX003970.1, JLX005820.1, JLX006060.1, JLX006560.1, JLX007350.1, JLX185900.1, JLX190720.1
OG0000121	GWHPBPAQ000979, GWHPBPAQ002723, GWHPBPAQ006550, GWHPBPAQ012355, GWHPBPAQ014319, GWHPBPAQ019319, GWHPBPAQ020443	JLX005900.1, JLX047680.1, JLX103000.1, JLX103000.2, JLX140070.1, JLX201840.1
OG0000122	GWHPBPAQ001413, GWHPBPAQ001415, GWHPBPAQ001416, GWHPBPAQ001417, GWHPBPAQ001418, GWHPBPAQ001419, GWHPBPAQ001421, GWHPBPAQ001423, GWHPBPAQ001424	JLX141460.1, JLX141550.1, JLX141620.1, JLX141970.1
OG0000123	GWHPBPAQ001500, GWHPBPAQ008345	JLX064950.1, JLX154900.1, JLX154900.10, JLX154900.2, JLX154900.3, JLX154900.4, JLX154900.5, JLX154900.6, JLX154900.7, JLX154900.8, JLX154900.9
OG0000124	GWHPBPAQ001911, GWHPBPAQ008533, GWHPBPAQ008534, GWHPBPAQ008538, GWHPBPAQ008539, GWHPBPAQ008540, GWHPBPAQ009039, GWHPBPAQ009040, GWHPBPAQ012343	JLX011610.1, JLX014280.1, JLX159750.1, JLX159750.2
OG0000125	GWHPBPAQ002252, GWHPBPAQ002255, GWHPBPAQ002256, GWHPBPAQ002259, GWHPBPAQ002260, GWHPBPAQ002261	JLX148930.1, JLX149180.1, JLX149180.2, JLX149240.1, JLX149280.1, JLX149330.1, JLX149580.2
OG0000126	GWHPBPAQ002754, GWHPBPAQ005250, GWHPBPAQ006650, GWHPBPAQ016395, GWHPBPAQ016648	JLX004110.1, JLX036250.1, JLX038830.1, JLX038830.2, JLX038830.3, JLX039510.1, JLX066060.1, JLX199720.1
OG0000127	GWHPBPAQ002776, GWHPBPAQ012942, GWHPBPAQ012945, GWHPBPAQ012946, GWHPBPAQ017922, GWHPBPAQ017923	JLX006000.1, JLX148680.1, JLX148750.1, JLX173350.1, JLX173350.2, JLX178830.1, JLX205120.1
OG0000128	GWHPBPAQ003202, GWHPBPAQ011046	JLX075400.1, JLX075400.2, JLX129280.1, JLX149700.1, JLX149770.1, JLX149780.1, JLX149790.1, JLX149880.1, JLX149900.1, JLX149900.2, JLX216380.1
OG0000129	GWHPBPAQ003281	JLX071260.1, JLX071260.10, JLX071260.11, JLX071260.12, JLX071260.2, JLX071260.3, JLX071260.4, JLX071260.5, JLX071260.6, JLX071260.7, JLX071260.8, JLX071260.9
OG0000130	GWHPBPAQ004626, GWHPBPAQ010081, GWHPBPAQ010210, GWHPBPAQ018781	JLX045350.1, JLX096040.1, JLX131230.1, JLX133460.1, JLX142270.1, JLX142360.1, JLX226020.1, JLX226020.2, JLX229210.1
OG0000131	GWHPBPAQ005113, GWHPBPAQ005136, GWHPBPAQ005702, GWHPBPAQ005704, GWHPBPAQ005747, GWHPBPAQ005748, GWHPBPAQ005749, GWHPBPAQ005768, GWHPBPAQ005773, GWHPBPAQ005784, GWHPBPAQ005788, GWHPBPAQ005913, GWHPBPAQ015231	
OG0000132	GWHPBPAQ005556, GWHPBPAQ005558, GWHPBPAQ005561, GWHPBPAQ005609, GWHPBPAQ015644	JLX029550.1, JLX029670.1, JLX208040.1, JLX208060.1, JLX208520.1, JLX208970.1, JLX209790.1, JLX209880.1
OG0000133	GWHPBPAQ005677, GWHPBPAQ005678, GWHPBPAQ005680, GWHPBPAQ005681, GWHPBPAQ005682, GWHPBPAQ005684, GWHPBPAQ005685, GWHPBPAQ015646	JLX030080.1, JLX190510.1, JLX190810.1, JLX190810.2, JLX190810.3
OG0000134	GWHPBPAQ005867, GWHPBPAQ005869, GWHPBPAQ005874, GWHPBPAQ005885, GWHPBPAQ005886, GWHPBPAQ005887, GWHPBPAQ017095	JLX002890.1, JLX002940.1, JLX003060.1, JLX050220.1, JLX090570.1, JLX174020.1
OG0000135	GWHPBPAQ006585	JLX199760.1, JLX199760.10, JLX199760.11, JLX199760.12, JLX199760.2, JLX199760.3, JLX199760.4, JLX199760.5, JLX199760.6, JLX199760.7, JLX199760.8, JLX199760.9
OG0000136	GWHPBPAQ006780, GWHPBPAQ006781, GWHPBPAQ015398, GWHPBPAQ015399, GWHPBPAQ015401, GWHPBPAQ022233	JLX082420.1, JLX082530.1, JLX107950.1, JLX109090.1, JLX113730.1, JLX114210.1, JLX118540.1
OG0000137	GWHPBPAQ010046	JLX083610.1, JLX083880.1, JLX084230.1, JLX130960.1, JLX130960.2, JLX131990.1, JLX149710.1, JLX149830.1, JLX149890.1, JLX149910.1, JLX149920.1, JLX216390.1
OG0000138	GWHPBPAQ011966, GWHPBPAQ011967	JLX230710.1, JLX230710.2, JLX230710.3, JLX230710.4, JLX230710.5, JLX230710.6, JLX230850.1, JLX230900.1, JLX230990.1, JLX231500.1, JLX231670.1
OG0000139	GWHPBPAQ012594, GWHPBPAQ017489, GWHPBPAQ017490, GWHPBPAQ017492	JLX159220.1, JLX175780.1, JLX175780.2, JLX175780.3, JLX175780.4, JLX175780.5, JLX175780.6, JLX181190.1, JLX181190.2
OG0000140	GWHPBPAQ012681, GWHPBPAQ020608	JLX033410.1, JLX138770.1, JLX139340.1, JLX139340.2, JLX139930.1, JLX159120.1, JLX160030.1, JLX160570.1, JLX162130.1, JLX162240.1, JLX166150.1
OG0000141	GWHPBPAQ013490, GWHPBPAQ013491, GWHPBPAQ013492, GWHPBPAQ013493, GWHPBPAQ013494, GWHPBPAQ013495, GWHPBPAQ013496, GWHPBPAQ019451	JLX078120.1, JLX079360.1, JLX079730.1, JLX081470.1, JLX081750.1
OG0000142	GWHPBPAQ014676	JLX114020.1, JLX114020.10, JLX114020.11, JLX114020.12, JLX114020.2, JLX114020.3, JLX114020.4, JLX114020.5, JLX114020.6, JLX114020.7, JLX114020.8, JLX114020.9
OG0000143	GWHPBPAQ015323	JLX109420.1, JLX109420.10, JLX109420.11, JLX109420.12, JLX109420.2, JLX109420.3, JLX109420.4, JLX109420.5, JLX109420.6, JLX109420.7, JLX109420.8, JLX109420.9
OG0000144	GWHPBPAQ016035	JLX218830.1, JLX218830.10, JLX218830.11, JLX218830.12, JLX218830.2, JLX218830.3, JLX218830.4, JLX218830.5, JLX218830.6, JLX218830.7, JLX218830.8, JLX218830.9
OG0000145	GWHPBPAQ020285, GWHPBPAQ020286, GWHPBPAQ020287, GWHPBPAQ020314, GWHPBPAQ020315, GWHPBPAQ020317, GWHPBPAQ020319, GWHPBPAQ020321, GWHPBPAQ020323	JLX145330.1, JLX146020.1, JLX147380.1, JLX147950.1
OG0000146	GWHPBPAQ021355	JLX232610.1, JLX232610.10, JLX232610.11, JLX232610.12, JLX232610.2, JLX232610.3, JLX232610.4, JLX232610.5, JLX232610.6, JLX232610.7, JLX232610.8, JLX232610.9
OG0000147	Null	JLX046860.1, JLX135760.1, JLX163950.1, JLX164100.1, JLX164120.1, JLX164180.1, JLX164220.1, JLX164270.1, JLX164300.1, JLX164320.1, JLX164340.1, JLX164390.1, JLX164420.1
OG0000148	Null	JLX025340.1, JLX113370.1, JLX113370.2, JLX113370.3, JLX119990.1, JLX135850.1, JLX137150.1, JLX137790.1, JLX137790.2, JLX137790.3, JLX150000.1, JLX206120.1, JLX217260.1
OG0000149	Null	JLX008630.1, JLX009380.1, JLX009700.1, JLX009920.1, JLX041760.1, JLX090960.1, JLX092210.1, JLX135880.1, JLX136180.1, JLX189470.1, JLX189550.1, JLX189640.1, JLX189950.1
OG0000150	Null	JLX052590.1, JLX089540.1, JLX160720.1, JLX166230.1, JLX166280.1, JLX189380.1, JLX205290.1, JLX232220.1, JLX232310.1, JLX232340.1, JLX232480.1, JLX232530.1, JLX232760.1
OG0000151	Null	JLX067660.1, JLX067860.1, JLX089590.1, JLX122410.1, JLX122440.1, JLX122460.1, JLX163040.1, JLX208120.1, JLX208580.1, JLX208670.1, JLX208950.1, JLX209780.1, JLX209970.1
OG0000152	Null	JLX050180.1, JLX050210.1, JLX066310.1, JLX066330.1, JLX066340.1, JLX066710.1, JLX066720.1, JLX066740.1, JLX081870.1, JLX081880.1, JLX122240.1, JLX122250.1, JLX187170.1
OG0000153	GWHPBPAQ000084, GWHPBPAQ010964, GWHPBPAQ010991, GWHPBPAQ018629, GWHPBPAQ018633, GWHPBPAQ018635	JLX056670.1, JLX099420.1, JLX099420.2, JLX099420.3, JLX129080.1, JLX131260.1
OG0000154	GWHPBPAQ000462, GWHPBPAQ000463, GWHPBPAQ003415, GWHPBPAQ007724, GWHPBPAQ011616, GWHPBPAQ011890, GWHPBPAQ012826, GWHPBPAQ016674, GWHPBPAQ017058, GWHPBPAQ019193, GWHPBPAQ020920, GWHPBPAQ022407	
OG0000155	GWHPBPAQ001295, GWHPBPAQ008118, GWHPBPAQ008121, GWHPBPAQ008123, GWHPBPAQ008125, GWHPBPAQ008126, GWHPBPAQ008127, GWHPBPAQ008130, GWHPBPAQ008133, GWHPBPAQ011153, GWHPBPAQ011428, GWHPBPAQ011481	
OG0000156	GWHPBPAQ001296, GWHPBPAQ001297, GWHPBPAQ001298, GWHPBPAQ001299, GWHPBPAQ001300, GWHPBPAQ001301, GWHPBPAQ001302	JLX095720.1, JLX096890.1, JLX097330.1, JLX097610.1, JLX099340.1
OG0000157	GWHPBPAQ001717, GWHPBPAQ002946, GWHPBPAQ003075, GWHPBPAQ005074, GWHPBPAQ015119, GWHPBPAQ016098, GWHPBPAQ017973, GWHPBPAQ022671	JLX003610.1, JLX072060.1, JLX091750.1, JLX174880.1
OG0000158	GWHPBPAQ001993, GWHPBPAQ002020, GWHPBPAQ002021, GWHPBPAQ002145, GWHPBPAQ002146, GWHPBPAQ002149, GWHPBPAQ002170, GWHPBPAQ006890, GWHPBPAQ022284, GWHPBPAQ022286	JLX200850.1, JLX202590.1
OG0000159	GWHPBPAQ002193, GWHPBPAQ002194, GWHPBPAQ002198, GWHPBPAQ002201, GWHPBPAQ013434, GWHPBPAQ015557, GWHPBPAQ017500	JLX002660.1, JLX069910.1, JLX081650.1, JLX107530.1, JLX149590.1
OG0000160	GWHPBPAQ002624, GWHPBPAQ003618, GWHPBPAQ003619, GWHPBPAQ004413, GWHPBPAQ020839	JLX003760.1, JLX070870.1, JLX070870.2, JLX071990.1, JLX091530.1, JLX091530.2, JLX119180.1
OG0000161	GWHPBPAQ003431, GWHPBPAQ010871, GWHPBPAQ010922, GWHPBPAQ023374, GWHPBPAQ023455	JLX073500.1, JLX073500.2, JLX126480.1, JLX130050.1, JLX130050.2, JLX187460.1, JLX215860.1
OG0000162	GWHPBPAQ004762, GWHPBPAQ010778, GWHPBPAQ014963, GWHPBPAQ014964, GWHPBPAQ018950	JLX043120.1, JLX097060.1, JLX111840.1, JLX116670.1, JLX130700.1, JLX222650.1, JLX222650.2
OG0000163	GWHPBPAQ005413, GWHPBPAQ005414, GWHPBPAQ005415, GWHPBPAQ005416, GWHPBPAQ005417, GWHPBPAQ005420, GWHPBPAQ005422, GWHPBPAQ005423, GWHPBPAQ005424	JLX208160.1, JLX208990.1, JLX209100.1
OG0000164	GWHPBPAQ005602, GWHPBPAQ006639, GWHPBPAQ006662, GWHPBPAQ006766, GWHPBPAQ006773, GWHPBPAQ006774, GWHPBPAQ006777	JLX199920.1, JLX200290.1, JLX201900.1, JLX202330.1, JLX202840.1
OG0000165	GWHPBPAQ005727, GWHPBPAQ016977, GWHPBPAQ016978, GWHPBPAQ016979, GWHPBPAQ016980, GWHPBPAQ016981, GWHPBPAQ016982, GWHPBPAQ016983, GWHPBPAQ016984, GWHPBPAQ016985, GWHPBPAQ016986	JLX191050.1
OG0000166	GWHPBPAQ006311	JLX053080.1, JLX053080.2, JLX053080.3, JLX053080.4, JLX053080.5, JLX053080.6, JLX053080.7, JLX053080.8, JLX053080.9, JLX179940.1, JLX216210.1
OG0000167	GWHPBPAQ007163	JLX026330.1, JLX026330.10, JLX026330.11, JLX026330.2, JLX026330.3, JLX026330.4, JLX026330.5, JLX026330.6, JLX026330.7, JLX026330.8, JLX026330.9
OG0000168	GWHPBPAQ007842	JLX198150.1, JLX198150.10, JLX198150.11, JLX198150.2, JLX198150.3, JLX198150.4, JLX198150.5, JLX198150.6, JLX198150.7, JLX198150.8, JLX198150.9
OG0000169	GWHPBPAQ008613, GWHPBPAQ008614, GWHPBPAQ009322, GWHPBPAQ009323, GWHPBPAQ009326, GWHPBPAQ009329, GWHPBPAQ009330, GWHPBPAQ009333, GWHPBPAQ009335	JLX058740.1, JLX058760.1, JLX061030.1
OG0000170	GWHPBPAQ010362, GWHPBPAQ010363, GWHPBPAQ010364, GWHPBPAQ010389, GWHPBPAQ016107, GWHPBPAQ020345	JLX093250.1, JLX124100.1, JLX127070.1, JLX129680.1, JLX131270.1, JLX139320.1
OG0000171	GWHPBPAQ011169, GWHPBPAQ011254, GWHPBPAQ011257, GWHPBPAQ011258, GWHPBPAQ011259, GWHPBPAQ011260, GWHPBPAQ011261, GWHPBPAQ011262, GWHPBPAQ022970	JLX085570.1, JLX122950.1, JLX128310.1
OG0000172	GWHPBPAQ012923	JLX136840.1, JLX136840.10, JLX136840.11, JLX136840.2, JLX136840.3, JLX136840.4, JLX136840.5, JLX136840.6, JLX136840.7, JLX136840.8, JLX136840.9
OG0000173	GWHPBPAQ012941, GWHPBPAQ020135	JLX148010.1, JLX148010.10, JLX148010.2, JLX148010.3, JLX148010.4, JLX148010.5, JLX148010.6, JLX148010.7, JLX148010.8, JLX148010.9
OG0000174	GWHPBPAQ014180	JLX169350.1, JLX169350.10, JLX169350.11, JLX169350.2, JLX169350.3, JLX169350.4, JLX169350.5, JLX169350.6, JLX169350.7, JLX169350.8, JLX169350.9
OG0000175	GWHPBPAQ014407	JLX172000.1, JLX172000.10, JLX172000.11, JLX172000.2, JLX172000.3, JLX172000.4, JLX172000.5, JLX172000.6, JLX172000.7, JLX172000.8, JLX172000.9
OG0000176	GWHPBPAQ015634	JLX115180.1, JLX115180.10, JLX115180.11, JLX115180.2, JLX115180.3, JLX115180.4, JLX115180.5, JLX115180.6, JLX115180.7, JLX115180.8, JLX115180.9
OG0000177	GWHPBPAQ016072	JLX207670.1, JLX207670.10, JLX207670.11, JLX207670.2, JLX207670.3, JLX207670.4, JLX207670.5, JLX207670.6, JLX207670.7, JLX207670.8, JLX207670.9
OG0000178	GWHPBPAQ021555	JLX207210.1, JLX207210.10, JLX207210.11, JLX207210.2, JLX207210.3, JLX207210.4, JLX207210.5, JLX207210.6, JLX207210.7, JLX207210.8, JLX207210.9
OG0000179	Null	JLX123950.1, JLX123950.2, JLX125100.1, JLX125690.1, JLX125770.1, JLX127540.1, JLX128930.1, JLX134730.1, JLX135330.1, JLX205180.1, JLX205210.1, JLX214670.1
OG0000180	Null	JLX123910.1, JLX123910.10, JLX123910.11, JLX123910.12, JLX123910.2, JLX123910.3, JLX123910.4, JLX123910.5, JLX123910.6, JLX123910.7, JLX123910.8, JLX123910.9
OG0000181	GWHPBPAQ000115, GWHPBPAQ003705, GWHPBPAQ004125, GWHPBPAQ008297, GWHPBPAQ013090	JLX027920.1, JLX056760.1, JLX069240.1, JLX154010.1, JLX157670.1, JLX157670.2
OG0000182	GWHPBPAQ000500, GWHPBPAQ001192, GWHPBPAQ017592, GWHPBPAQ019365, GWHPBPAQ021033	JLX098030.1, JLX098560.1, JLX099870.1, JLX102640.1, JLX182320.1, JLX228330.1
OG0000183	GWHPBPAQ000553, GWHPBPAQ008137, GWHPBPAQ008138, GWHPBPAQ008139, GWHPBPAQ015647, GWHPBPAQ015672, GWHPBPAQ015675, GWHPBPAQ015676	JLX115990.1, JLX153820.1, JLX153960.1
OG0000184	GWHPBPAQ000694, GWHPBPAQ002757, GWHPBPAQ013255	JLX004950.1, JLX004950.2, JLX004950.3, JLX004950.4, JLX004950.5, JLX004950.6, JLX004950.7, JLX018920.1
OG0000185	GWHPBPAQ000714, GWHPBPAQ004091, GWHPBPAQ011996, GWHPBPAQ022050	JLX017050.1, JLX023260.1, JLX052830.1, JLX053010.1, JLX156670.1, JLX156670.2, JLX156670.3
OG0000186	GWHPBPAQ001090, GWHPBPAQ013125, GWHPBPAQ013126, GWHPBPAQ013826, GWHPBPAQ015834, GWHPBPAQ015838, GWHPBPAQ019494	JLX069130.1, JLX102770.1, JLX116150.1, JLX194210.1
OG0000187	GWHPBPAQ001144, GWHPBPAQ011895, GWHPBPAQ012273, GWHPBPAQ012812, GWHPBPAQ012861, GWHPBPAQ014731, GWHPBPAQ014733, GWHPBPAQ022067	JLX027300.1, JLX217330.1, JLX218080.1
OG0000188	GWHPBPAQ001197, GWHPBPAQ008795, GWHPBPAQ022252, GWHPBPAQ022730	JLX012160.1, JLX050630.1, JLX082580.1, JLX097910.1, JLX135510.1, JLX135540.1, JLX194520.1
OG0000189	GWHPBPAQ001271, GWHPBPAQ003454, GWHPBPAQ010908, GWHPBPAQ023394, GWHPBPAQ023395	JLX070470.1, JLX095710.1, JLX131140.1, JLX214500.1, JLX215550.1, JLX215550.2
OG0000190	GWHPBPAQ001751, GWHPBPAQ007010, GWHPBPAQ019848, GWHPBPAQ019849, GWHPBPAQ019853	JLX069750.1, JLX104910.1, JLX105870.1, JLX107210.1, JLX167880.1, JLX203670.1
OG0000191	GWHPBPAQ001801, GWHPBPAQ005418, GWHPBPAQ005425, GWHPBPAQ005427, GWHPBPAQ005428, GWHPBPAQ005429, GWHPBPAQ005430, GWHPBPAQ005432, GWHPBPAQ005436, GWHPBPAQ005570	JLX076910.1
OG0000192	GWHPBPAQ002352, GWHPBPAQ010314, GWHPBPAQ010854, GWHPBPAQ010855, GWHPBPAQ011549, GWHPBPAQ011554	JLX123340.1, JLX129130.1, JLX151260.1, JLX151510.1, JLX165070.1
OG0000193	GWHPBPAQ002988	JLX004560.1, JLX004560.10, JLX004560.2, JLX004560.3, JLX004560.4, JLX004560.5, JLX004560.6, JLX004560.7, JLX004560.8, JLX004560.9
OG0000194	GWHPBPAQ003049, GWHPBPAQ021643, GWHPBPAQ022831, GWHPBPAQ022832	JLX050420.1, JLX050420.2, JLX050420.3, JLX052040.1, JLX052040.2, JLX075520.1, JLX122470.1
OG0000195	GWHPBPAQ003175, GWHPBPAQ011218, GWHPBPAQ011810, GWHPBPAQ023049	JLX002070.1, JLX087430.1, JLX087430.2, JLX087430.3, JLX130290.1, JLX130290.2, JLX130290.3
OG0000196	GWHPBPAQ003260, GWHPBPAQ023196	JLX070440.1, JLX070440.2, JLX070440.3, JLX070440.4, JLX070440.5, JLX072420.1, JLX087410.1, JLX087410.2, JLX087410.3
OG0000197	GWHPBPAQ003395, GWHPBPAQ015178, GWHPBPAQ015184, GWHPBPAQ023316	JLX073410.1, JLX073410.2, JLX089250.1, JLX114660.1, JLX114660.2, JLX114660.3, JLX116750.1
OG0000198	GWHPBPAQ004066	JLX157720.1, JLX157720.10, JLX157720.2, JLX157720.3, JLX157720.4, JLX157720.5, JLX157720.6, JLX157720.7, JLX157720.8, JLX157720.9
OG0000199	GWHPBPAQ004081	JLX157080.1, JLX157080.10, JLX157080.2, JLX157080.3, JLX157080.4, JLX157080.5, JLX157080.6, JLX157080.7, JLX157080.8, JLX157080.9
OG0000200	GWHPBPAQ004339, GWHPBPAQ009580, GWHPBPAQ009832, GWHPBPAQ010426, GWHPBPAQ018457	JLX053810.1, JLX091380.1, JLX133590.1, JLX184500.1, JLX184500.2, JLX184500.3
OG0000201	GWHPBPAQ004870, GWHPBPAQ010611, GWHPBPAQ010659, GWHPBPAQ018237, GWHPBPAQ019579	JLX102160.1, JLX121140.1, JLX128220.1, JLX134940.1, JLX226460.1, JLX226460.2
OG0000202	GWHPBPAQ004879, GWHPBPAQ004880, GWHPBPAQ004881, GWHPBPAQ010637	JLX134240.1, JLX134240.2, JLX134240.3, JLX225650.1, JLX226910.1, JLX226910.2, JLX226910.3
OG0000203	GWHPBPAQ005253, GWHPBPAQ008782, GWHPBPAQ016659, GWHPBPAQ017536	JLX011690.1, JLX011690.2, JLX066110.1, JLX066110.2, JLX114300.1, JLX173940.1, JLX173940.2
OG0000204	GWHPBPAQ005476	JLX067380.1, JLX067390.1, JLX119730.1, JLX119760.1, JLX120240.1, JLX120910.1, JLX121600.1, JLX121610.1, JLX208080.1, JLX209020.1
OG0000205	GWHPBPAQ005621	JLX029500.1, JLX029650.1, JLX029680.1, JLX029710.1, JLX029720.1, JLX029760.1, JLX029820.1, JLX029910.1, JLX030010.1, JLX030030.1
OG0000206	GWHPBPAQ006088, GWHPBPAQ006272, GWHPBPAQ012721, GWHPBPAQ013205, GWHPBPAQ018166, GWHPBPAQ020991, GWHPBPAQ020992, GWHPBPAQ021168, GWHPBPAQ021445, GWHPBPAQ022450	JLX160890.1
OG0000207	GWHPBPAQ006284	JLX068590.1, JLX068590.10, JLX068590.2, JLX068590.3, JLX068590.4, JLX068590.5, JLX068590.6, JLX068590.7, JLX068590.8, JLX068590.9
OG0000208	GWHPBPAQ006586, GWHPBPAQ009812, GWHPBPAQ013051, GWHPBPAQ017553, GWHPBPAQ020078, GWHPBPAQ021003, GWHPBPAQ022402	JLX147550.1, JLX181540.1, JLX184510.1, JLX227910.1
OG0000209	GWHPBPAQ006755, GWHPBPAQ006756, GWHPBPAQ006763	JLX200400.1, JLX200420.1, JLX202360.1, JLX202360.2, JLX202360.3, JLX202360.4, JLX202360.5, JLX203920.1
OG0000210	GWHPBPAQ006845, GWHPBPAQ006846, GWHPBPAQ014480, GWHPBPAQ014481, GWHPBPAQ014482, GWHPBPAQ014483	JLX170550.1, JLX202700.1, JLX202700.2, JLX202700.3, JLX203090.1
OG0000211	GWHPBPAQ009567, GWHPBPAQ015312	JLX060770.1, JLX060770.2, JLX060770.3, JLX060770.4, JLX060770.5, JLX060770.6, JLX060770.7, JLX060770.8, JLX118270.1
OG0000212	GWHPBPAQ009805	JLX183430.1, JLX183430.10, JLX183430.2, JLX183430.3, JLX183430.4, JLX183430.5, JLX183430.6, JLX183430.7, JLX183430.8, JLX183430.9
OG0000213	GWHPBPAQ010374	JLX134850.1, JLX134850.10, JLX134850.2, JLX134850.3, JLX134850.4, JLX134850.5, JLX134850.6, JLX134850.7, JLX134850.8, JLX134850.9
OG0000214	GWHPBPAQ011106	JLX130840.1, JLX130840.10, JLX130840.2, JLX130840.3, JLX130840.4, JLX130840.5, JLX130840.6, JLX130840.7, JLX130840.8, JLX130840.9
OG0000215	GWHPBPAQ011551	JLX165090.1, JLX165090.10, JLX165090.2, JLX165090.3, JLX165090.4, JLX165090.5, JLX165090.6, JLX165090.7, JLX165090.8, JLX165090.9
OG0000216	GWHPBPAQ011763, GWHPBPAQ016579	JLX038710.1, JLX038710.2, JLX038710.3, JLX038710.4, JLX038710.5, JLX038710.6, JLX038710.7, JLX038710.8, JLX038710.9
OG0000217	GWHPBPAQ012030, GWHPBPAQ012031, GWHPBPAQ012032, GWHPBPAQ012034, GWHPBPAQ012036, GWHPBPAQ012037	JLX076310.1, JLX076340.1, JLX076540.1, JLX076650.1, JLX076670.1
OG0000218	GWHPBPAQ012278	JLX163780.1, JLX163780.10, JLX163780.2, JLX163780.3, JLX163780.4, JLX163780.5, JLX163780.6, JLX163780.7, JLX163780.8, JLX163780.9
OG0000219	GWHPBPAQ012632, GWHPBPAQ017528, GWHPBPAQ019050, GWHPBPAQ020987, GWHPBPAQ020988, GWHPBPAQ020989	JLX044720.1, JLX161040.1, JLX176420.1, JLX205890.1, JLX205980.1
OG0000220	GWHPBPAQ012655, GWHPBPAQ017559, GWHPBPAQ017561, GWHPBPAQ021012, GWHPBPAQ021013	JLX162170.1, JLX178330.1, JLX178330.2, JLX187220.1, JLX227920.1, JLX228340.1
OG0000221	GWHPBPAQ012828, GWHPBPAQ012831, GWHPBPAQ012834	JLX066500.1, JLX066580.1, JLX066600.1, JLX101050.1, JLX101780.1, JLX218190.1, JLX228470.1, JLX228480.1
OG0000222	GWHPBPAQ012870	JLX016000.1, JLX016000.10, JLX016000.2, JLX016000.3, JLX016000.4, JLX016000.5, JLX016000.6, JLX016000.7, JLX016000.8, JLX016000.9
OG0000223	GWHPBPAQ013902	JLX194340.1, JLX194340.10, JLX194340.2, JLX194340.3, JLX194340.4, JLX194340.5, JLX194340.6, JLX194340.7, JLX194340.8, JLX194340.9
OG0000224	GWHPBPAQ014104	JLX193800.1, JLX193800.10, JLX193800.2, JLX193800.3, JLX193800.4, JLX193800.5, JLX193800.6, JLX193800.7, JLX193800.8, JLX193800.9
OG0000225	GWHPBPAQ015265	JLX109290.1, JLX109290.10, JLX109290.2, JLX109290.3, JLX109290.4, JLX109290.5, JLX109290.6, JLX109290.7, JLX109290.8, JLX109290.9
OG0000226	GWHPBPAQ015710, GWHPBPAQ015713	JLX109120.1, JLX112210.1, JLX112210.2, JLX113970.1, JLX115250.1, JLX115680.1, JLX116410.1, JLX118360.1, JLX118640.1
OG0000227	GWHPBPAQ016767	JLX220600.1, JLX220600.10, JLX220600.2, JLX220600.3, JLX220600.4, JLX220600.5, JLX220600.6, JLX220600.7, JLX220600.8, JLX220600.9
OG0000228	GWHPBPAQ019783, GWHPBPAQ019784, GWHPBPAQ019785, GWHPBPAQ019786, GWHPBPAQ019787	JLX101820.1, JLX104720.1, JLX104720.2, JLX104720.3, JLX104720.4, JLX104720.5
OG0000229	GWHPBPAQ020283, GWHPBPAQ021554	JLX206870.1, JLX206870.2, JLX206870.3, JLX206870.4, JLX206870.5, JLX206870.6, JLX206870.7, JLX206870.8, JLX206870.9
OG0000230	GWHPBPAQ020596	JLX138130.1, JLX138130.10, JLX138130.2, JLX138130.3, JLX138130.4, JLX138130.5, JLX138130.6, JLX138130.7, JLX138130.8, JLX138130.9
OG0000231	GWHPBPAQ020964	JLX206040.1, JLX206040.10, JLX206040.2, JLX206040.3, JLX206040.4, JLX206040.5, JLX206040.6, JLX206040.7, JLX206040.8, JLX206040.9
OG0000232	GWHPBPAQ021189	JLX189830.1, JLX189830.10, JLX189830.2, JLX189830.3, JLX189830.4, JLX189830.5, JLX189830.6, JLX189830.7, JLX189830.8, JLX189830.9
OG0000233	GWHPBPAQ022599	JLX093830.1, JLX093970.1, JLX094010.1, JLX094040.1, JLX094270.1, JLX094340.1, JLX094400.1, JLX094580.1, JLX095140.1, JLX206180.1
OG0000234	GWHPBPAQ022876	JLX050340.1, JLX050340.10, JLX050340.2, JLX050340.3, JLX050340.4, JLX050340.5, JLX050340.6, JLX050340.7, JLX050340.8, JLX050340.9
OG0000235	GWHPBPAQ023108	JLX088260.1, JLX088260.10, JLX088260.2, JLX088260.3, JLX088260.4, JLX088260.5, JLX088260.6, JLX088260.7, JLX088260.8, JLX088260.9
OG0000236	Null	JLX198010.1, JLX198010.10, JLX198010.11, JLX198010.2, JLX198010.3, JLX198010.4, JLX198010.5, JLX198010.6, JLX198010.7, JLX198010.8, JLX198010.9
OG0000237	Null	JLX140820.1, JLX152700.1, JLX159830.1, JLX162940.1, JLX166040.1, JLX168570.1, JLX168570.2, JLX203300.1, JLX204750.1, JLX206090.1, JLX206230.1
OG0000238	Null	JLX027470.1, JLX053020.1, JLX061430.1, JLX077360.1, JLX098690.1, JLX152460.1, JLX164200.1, JLX167270.1, JLX172970.1, JLX178540.1, JLX188980.1
OG0000239	Null	JLX009460.1, JLX042320.1, JLX080140.1, JLX080140.2, JLX081140.1, JLX173480.1, JLX173480.2, JLX173480.3, JLX173480.4, JLX173480.5, JLX174550.1
OG0000240	Null	JLX213700.1, JLX213700.10, JLX213700.11, JLX213700.2, JLX213700.3, JLX213700.4, JLX213700.5, JLX213700.6, JLX213700.7, JLX213700.8, JLX213700.9
OG0000241	Null	JLX030230.1, JLX030410.1, JLX030480.1, JLX030520.1, JLX030840.1, JLX090450.1, JLX090490.1, JLX090500.1, JLX090510.1, JLX153370.1, JLX154140.1
OG0000242	Null	JLX032900.1, JLX057840.1, JLX066840.1, JLX076790.1, JLX098220.1, JLX113560.1, JLX143430.1, JLX150300.1, JLX151000.1, JLX179450.1, JLX210210.1
OG0000243	Null	JLX107780.1, JLX108010.1, JLX109000.1, JLX109440.1, JLX109450.1, JLX109780.1, JLX112320.1, JLX112890.1, JLX115220.1, JLX175960.1, JLX180280.1
OG0000244	Null	JLX020990.1, JLX108680.1, JLX110420.1, JLX111320.1, JLX136440.1, JLX136470.1, JLX142320.1, JLX151590.1, JLX162790.1, JLX164570.1, JLX218780.1
OG0000245	GWHPBPAQ000065, GWHPBPAQ004299, GWHPBPAQ010726, GWHPBPAQ010727, GWHPBPAQ019002	JLX009640.1, JLX045850.1, JLX045850.2, JLX124540.1, JLX130270.1
OG0000246	GWHPBPAQ000120	JLX056110.1, JLX056110.2, JLX056110.3, JLX056110.4, JLX056110.5, JLX056110.6, JLX056110.7, JLX056110.8, JLX056110.9
OG0000247	GWHPBPAQ000549	JLX018360.1, JLX018360.2, JLX018360.3, JLX018360.4, JLX018360.5, JLX018360.6, JLX018360.7, JLX018360.8, JLX018360.9
OG0000248	GWHPBPAQ001131, GWHPBPAQ001132, GWHPBPAQ013760	JLX096540.1, JLX096540.2, JLX096540.3, JLX096540.4, JLX096540.5, JLX193230.1, JLX193230.2
OG0000249	GWHPBPAQ001159, GWHPBPAQ007097, GWHPBPAQ013735	JLX098900.1, JLX098900.2, JLX098900.3, JLX098900.4, JLX195750.1, JLX195750.2, JLX204580.1
OG0000250	GWHPBPAQ001274	JLX098130.1, JLX098130.2, JLX098130.3, JLX098130.4, JLX098130.5, JLX098130.6, JLX098130.7, JLX098130.8, JLX098130.9
OG0000251	GWHPBPAQ001623, GWHPBPAQ007701, GWHPBPAQ008946, GWHPBPAQ011516, GWHPBPAQ011747, GWHPBPAQ015956, GWHPBPAQ016228, GWHPBPAQ020957, GWHPBPAQ021252	JLX141000.1
OG0000252	GWHPBPAQ001635, GWHPBPAQ001636, GWHPBPAQ003674	JLX035070.1, JLX035070.2, JLX035070.3, JLX055400.1, JLX055400.2, JLX055400.3, JLX055400.4
OG0000253	GWHPBPAQ001738	JLX167560.1, JLX167560.2, JLX167560.3, JLX167560.4, JLX167560.5, JLX167560.6, JLX167560.7, JLX167560.8, JLX167560.9
OG0000254	GWHPBPAQ001937, GWHPBPAQ004274, GWHPBPAQ006046, GWHPBPAQ010405, GWHPBPAQ010406, GWHPBPAQ019032	JLX009730.1, JLX045110.1, JLX129540.1, JLX188440.1
OG0000255	GWHPBPAQ001951, GWHPBPAQ001952, GWHPBPAQ011961, GWHPBPAQ011962, GWHPBPAQ011964	JLX188800.1, JLX188900.1, JLX230650.1, JLX231730.1, JLX231800.1
OG0000256	GWHPBPAQ001999, GWHPBPAQ008422, GWHPBPAQ019645, GWHPBPAQ019646, GWHPBPAQ019648, GWHPBPAQ019649	JLX104810.1, JLX106070.1, JLX106070.2, JLX122070.1
OG0000257	GWHPBPAQ002423, GWHPBPAQ002425, GWHPBPAQ002427, GWHPBPAQ002428, GWHPBPAQ002429, GWHPBPAQ002431, GWHPBPAQ002434, GWHPBPAQ002436, GWHPBPAQ011726	JLX004210.1
OG0000258	GWHPBPAQ002456, GWHPBPAQ003389, GWHPBPAQ003390, GWHPBPAQ003391, GWHPBPAQ003392	JLX005070.1, JLX073070.1, JLX073770.1, JLX074440.1, JLX076100.1
OG0000259	GWHPBPAQ002725, GWHPBPAQ002729, GWHPBPAQ006555, GWHPBPAQ008537	JLX003780.1, JLX013700.1, JLX013700.2, JLX013700.3, JLX013700.4, JLX201780.1
OG0000260	GWHPBPAQ003362, GWHPBPAQ010972	JLX071560.1, JLX071560.2, JLX071560.3, JLX071560.4, JLX071560.5, JLX071560.6, JLX071560.7, JLX071560.8
OG0000261	GWHPBPAQ003538, GWHPBPAQ017608, GWHPBPAQ021371, GWHPBPAQ023511	JLX074920.1, JLX074920.2, JLX180350.1, JLX214400.1, JLX214400.2, JLX232770.1
OG0000262	GWHPBPAQ003542, GWHPBPAQ023516	JLX074030.1, JLX074030.2, JLX074030.3, JLX074030.4, JLX074030.5, JLX074030.6, JLX074030.7, JLX215630.1
OG0000263	GWHPBPAQ003548	JLX071100.1, JLX071100.2, JLX071100.3, JLX071100.4, JLX071100.5, JLX071100.6, JLX071100.7, JLX071100.8, JLX071100.9
OG0000264	GWHPBPAQ003717	JLX028680.1, JLX028680.2, JLX028680.3, JLX028680.4, JLX028680.5, JLX028680.6, JLX028680.7, JLX028680.8, JLX028680.9
OG0000265	GWHPBPAQ003794	JLX028130.1, JLX028130.2, JLX028130.3, JLX028130.4, JLX028130.5, JLX028130.6, JLX028130.7, JLX028130.8, JLX028130.9
OG0000266	GWHPBPAQ004047	JLX157620.1, JLX157620.2, JLX157620.3, JLX157620.4, JLX157620.5, JLX157620.6, JLX157620.7, JLX157620.8, JLX157620.9
OG0000267	GWHPBPAQ004065	JLX158100.1, JLX158100.2, JLX158100.3, JLX158100.4, JLX158100.5, JLX158100.6, JLX158100.7, JLX158100.8, JLX158100.9
OG0000268	GWHPBPAQ004082	JLX158050.1, JLX158050.2, JLX158050.3, JLX158050.4, JLX158050.5, JLX158050.6, JLX158050.7, JLX158050.8, JLX158050.9
OG0000269	GWHPBPAQ004586	JLX222910.1, JLX222910.2, JLX222910.3, JLX222910.4, JLX222910.5, JLX222910.6, JLX222910.7, JLX222910.8, JLX222910.9
OG0000270	GWHPBPAQ005289, GWHPBPAQ006124, GWHPBPAQ011407, GWHPBPAQ011725, GWHPBPAQ011938, GWHPBPAQ011943, GWHPBPAQ011956, GWHPBPAQ011957, GWHPBPAQ011958	JLX150830.1
OG0000271	GWHPBPAQ005724	JLX190280.1, JLX190280.2, JLX190280.3, JLX190280.4, JLX190280.5, JLX190280.6, JLX190280.7, JLX190280.8, JLX190280.9
OG0000272	GWHPBPAQ006011, GWHPBPAQ006012, GWHPBPAQ006013, GWHPBPAQ011377	JLX000910.1, JLX000910.2, JLX000910.3, JLX000910.4, JLX084240.1, JLX084700.1
OG0000273	GWHPBPAQ006062	JLX010240.1, JLX010240.2, JLX010240.3, JLX010240.4, JLX010240.5, JLX010240.6, JLX010240.7, JLX010240.8, JLX010240.9
OG0000274	GWHPBPAQ006145, GWHPBPAQ006148, GWHPBPAQ006150, GWHPBPAQ006152, GWHPBPAQ006186, GWHPBPAQ006222, GWHPBPAQ007176, GWHPBPAQ012835, GWHPBPAQ012838, GWHPBPAQ018825	
OG0000275	GWHPBPAQ006166	JLX040250.1, JLX184790.1, JLX185050.1, JLX185600.1, JLX209390.1, JLX216570.1, JLX216950.1, JLX217160.1, JLX217170.1
OG0000276	GWHPBPAQ006310, GWHPBPAQ006366, GWHPBPAQ006367, GWHPBPAQ006368, GWHPBPAQ006629, GWHPBPAQ006860	JLX150510.1, JLX199770.1, JLX199800.1, JLX201180.1
OG0000277	GWHPBPAQ006369, GWHPBPAQ007372, GWHPBPAQ021795, GWHPBPAQ022588	JLX021160.1, JLX032570.1, JLX093350.1, JLX122590.1, JLX134230.1, JLX143840.1
OG0000278	GWHPBPAQ006519	JLX034010.1, JLX034010.2, JLX034010.3, JLX034010.4, JLX034010.5, JLX034010.6, JLX034010.7, JLX034010.8, JLX034010.9
OG0000279	GWHPBPAQ006720, GWHPBPAQ013267, GWHPBPAQ013270, GWHPBPAQ014546, GWHPBPAQ014549	JLX078280.1, JLX079950.1, JLX170490.1, JLX171940.1, JLX200250.1
OG0000280	GWHPBPAQ007120, GWHPBPAQ011583, GWHPBPAQ021502	JLX025400.1, JLX025400.2, JLX025400.3, JLX166610.1, JLX166610.2, JLX166610.3, JLX206910.1
OG0000281	GWHPBPAQ007564, GWHPBPAQ007910, GWHPBPAQ013976, GWHPBPAQ013977	JLX031170.1, JLX143140.1, JLX192980.1, JLX192980.2, JLX192980.3, JLX192980.4
OG0000282	GWHPBPAQ008973, GWHPBPAQ011693, GWHPBPAQ012772, GWHPBPAQ012776, GWHPBPAQ013926, GWHPBPAQ020879, GWHPBPAQ021969, GWHPBPAQ022163, GWHPBPAQ022577, GWHPBPAQ022708	
OG0000283	GWHPBPAQ009138	JLX059210.1, JLX059210.2, JLX059210.3, JLX059210.4, JLX059210.5, JLX059210.6, JLX059210.7, JLX059210.8, JLX059210.9
OG0000284	GWHPBPAQ009506	JLX064010.1, JLX064010.2, JLX064010.3, JLX064010.4, JLX064010.5, JLX064010.6, JLX064010.7, JLX064010.8, JLX064010.9
OG0000285	GWHPBPAQ009724, GWHPBPAQ013293, GWHPBPAQ013295, GWHPBPAQ013296	JLX079300.1, JLX081540.1, JLX081540.2, JLX081540.3, JLX081540.4, JLX102240.1
OG0000286	GWHPBPAQ009839	JLX081160.1, JLX084390.1, JLX173530.1, JLX186170.1, JLX186170.2, JLX186170.3, JLX186170.4, JLX186170.5, JLX186170.6
OG0000287	GWHPBPAQ010183	JLX128620.1, JLX128620.2, JLX128620.3, JLX128620.4, JLX128620.5, JLX128620.6, JLX128620.7, JLX168010.1, JLX186110.1
OG0000288	GWHPBPAQ010481, GWHPBPAQ012214, GWHPBPAQ019010, GWHPBPAQ020616	JLX042750.1, JLX140040.1, JLX140040.2, JLX140040.3, JLX161970.1, JLX161970.2
OG0000289	GWHPBPAQ011465, GWHPBPAQ011466, GWHPBPAQ019140, GWHPBPAQ019141, GWHPBPAQ019256	JLX052370.1, JLX052370.2, JLX052370.3, JLX084880.1, JLX107290.1
OG0000290	GWHPBPAQ011517	JLX041840.1, JLX041840.2, JLX041840.3, JLX041840.4, JLX041840.5, JLX041840.6, JLX041840.7, JLX041840.8, JLX041840.9
OG0000291	GWHPBPAQ011748, GWHPBPAQ011753, GWHPBPAQ015592, GWHPBPAQ015593, GWHPBPAQ015594, GWHPBPAQ015595, GWHPBPAQ015598	JLX114140.1, JLX117300.1, JLX118620.1
OG0000292	GWHPBPAQ011904, GWHPBPAQ011906, GWHPBPAQ011908, GWHPBPAQ011909	JLX022660.1, JLX230810.1, JLX231340.1, JLX231700.1, JLX231750.1, JLX231780.1
OG0000293	GWHPBPAQ011951	JLX230790.1, JLX230790.2, JLX230790.3, JLX230790.4, JLX230790.5, JLX230790.6, JLX230790.7, JLX230790.8, JLX231300.1
OG0000294	GWHPBPAQ012139, GWHPBPAQ019944, GWHPBPAQ019945, GWHPBPAQ019946, GWHPBPAQ019947, GWHPBPAQ019948, GWHPBPAQ019949, GWHPBPAQ019950	JLX102900.1, JLX105320.1
OG0000295	GWHPBPAQ012456	JLX160940.1, JLX160940.2, JLX160940.3, JLX160940.4, JLX160940.5, JLX160940.6, JLX160940.7, JLX160940.8, JLX160940.9
OG0000296	GWHPBPAQ012823, GWHPBPAQ017733, GWHPBPAQ017734, GWHPBPAQ017735, GWHPBPAQ019952, GWHPBPAQ019953	JLX105600.1, JLX178620.1, JLX207530.1, JLX218070.1
OG0000297	GWHPBPAQ012932	JLX136790.1, JLX136790.2, JLX136790.3, JLX136790.4, JLX136790.5, JLX136790.6, JLX136790.7, JLX136790.8, JLX230400.1
OG0000298	GWHPBPAQ013030	JLX068920.1, JLX068920.2, JLX068920.3, JLX068920.4, JLX068920.5, JLX068920.6, JLX068920.7, JLX068920.8, JLX068920.9
OG0000299	GWHPBPAQ013261, GWHPBPAQ013264, GWHPBPAQ013421, GWHPBPAQ013425, GWHPBPAQ013426	JLX079450.1, JLX079750.1, JLX080300.1, JLX081260.1, JLX081700.1
OG0000300	GWHPBPAQ013614	JLX011590.1, JLX011590.2, JLX011590.3, JLX196490.1, JLX196490.2, JLX196490.3, JLX196490.4, JLX196490.5, JLX196490.6
OG0000301	GWHPBPAQ015489	JLX117450.1, JLX117450.2, JLX117450.3, JLX117450.4, JLX117450.5, JLX117450.6, JLX117450.7, JLX117450.8, JLX117450.9
OG0000302	GWHPBPAQ015657, GWHPBPAQ017244, GWHPBPAQ017246, GWHPBPAQ017247, GWHPBPAQ017248	JLX174960.1, JLX178100.1, JLX180940.1, JLX181750.1, JLX182990.1
OG0000303	GWHPBPAQ016635	JLX037180.1, JLX037180.2, JLX037180.3, JLX037180.4, JLX037180.5, JLX037180.6, JLX037180.7, JLX037180.8, JLX037180.9
OG0000304	GWHPBPAQ017108	JLX175750.1, JLX175750.2, JLX175750.3, JLX175750.4, JLX175750.5, JLX175750.6, JLX175750.7, JLX175750.8, JLX175750.9
OG0000305	GWHPBPAQ017302	JLX174610.1, JLX174610.2, JLX174610.3, JLX174610.4, JLX174610.5, JLX174610.6, JLX174610.7, JLX174610.8, JLX174610.9
OG0000306	GWHPBPAQ017441	JLX173290.1, JLX173290.2, JLX173290.3, JLX173290.4, JLX173290.5, JLX173290.6, JLX173290.7, JLX173290.8, JLX173290.9
OG0000307	GWHPBPAQ018067	JLX183080.1, JLX183080.2, JLX183080.3, JLX183080.4, JLX183080.5, JLX183080.6, JLX183080.7, JLX183080.8, JLX183080.9
OG0000308	GWHPBPAQ018215	JLX120530.1, JLX120530.2, JLX120530.3, JLX120530.4, JLX120530.5, JLX120530.6, JLX120530.7, JLX120530.8, JLX120530.9
OG0000309	GWHPBPAQ018953, GWHPBPAQ018954, GWHPBPAQ018956, GWHPBPAQ018958, GWHPBPAQ018959, GWHPBPAQ018960, GWHPBPAQ018963, GWHPBPAQ018964	JLX045900.1, JLX046140.1
OG0000310	GWHPBPAQ019037	JLX046410.1, JLX046410.2, JLX046410.3, JLX046410.4, JLX046410.5, JLX046410.6, JLX046410.7, JLX046410.8, JLX046410.9
OG0000311	GWHPBPAQ019041, GWHPBPAQ022166	JLX023530.1, JLX023530.2, JLX023530.3, JLX045860.1, JLX045860.2, JLX135490.1, JLX135530.1, JLX135530.2
OG0000312	GWHPBPAQ020903	JLX118850.1, JLX118850.2, JLX118850.3, JLX118850.4, JLX118850.5, JLX118850.6, JLX118850.7, JLX118850.8, JLX118850.9
OG0000313	GWHPBPAQ021037	JLX228170.1, JLX228170.2, JLX228170.3, JLX228170.4, JLX228170.5, JLX228170.6, JLX228170.7, JLX228170.8, JLX228170.9
OG0000314	GWHPBPAQ021116	JLX067230.1, JLX067230.2, JLX067230.3, JLX067230.4, JLX067230.5, JLX067230.6, JLX067230.7, JLX067230.8, JLX067230.9
OG0000315	GWHPBPAQ021952	JLX021400.1, JLX021400.2, JLX021400.3, JLX021400.4, JLX021400.5, JLX021400.6, JLX021400.7, JLX021400.8, JLX021400.9
OG0000316	GWHPBPAQ022216	JLX081960.1, JLX081960.2, JLX081960.3, JLX081960.4, JLX081960.5, JLX081960.6, JLX081960.7, JLX081960.8, JLX081960.9
OG0000317	GWHPBPAQ023131, GWHPBPAQ023132, GWHPBPAQ023134, GWHPBPAQ023135	JLX085650.1, JLX085650.2, JLX085650.3, JLX085710.1, JLX086940.1, JLX088750.1
OG0000318	GWHPBPAQ023531	JLX214530.1, JLX214530.2, JLX214530.3, JLX214530.4, JLX214530.5, JLX214530.6, JLX214530.7, JLX214530.8, JLX214530.9
OG0000319	Null	JLX184460.1, JLX184460.10, JLX184460.2, JLX184460.3, JLX184460.4, JLX184460.5, JLX184460.6, JLX184460.7, JLX184460.8, JLX184460.9
OG0000320	Null	JLX084920.1, JLX084920.4, JLX084920.5, JLX090910.1, JLX090910.2, JLX090910.3, JLX190470.1, JLX190480.1, JLX190560.1, JLX191110.1
OG0000321	Null	JLX149250.1, JLX149250.2, JLX149250.3, JLX149250.4, JLX149250.5, JLX149320.1, JLX149430.1, JLX149490.1, JLX149550.1, JLX149690.1
OG0000322	Null	JLX150710.1, JLX191760.1, JLX191780.1, JLX230780.1, JLX230930.1, JLX231080.1, JLX231130.1, JLX231560.1, JLX231720.1, JLX231810.1
OG0000323	Null	JLX076950.1, JLX148520.1, JLX148760.1, JLX166760.1, JLX167850.1, JLX207980.1, JLX209250.1, JLX209290.1, JLX209480.1, JLX209700.1
OG0000324	Null	JLX026300.1, JLX040260.1, JLX046450.1, JLX053760.1, JLX067980.1, JLX068440.1, JLX190660.1, JLX199600.1, JLX199750.1, JLX217220.1
OG0000325	GWHPBPAQ000248, GWHPBPAQ012206, GWHPBPAQ012207, GWHPBPAQ020617	JLX035860.1, JLX056130.1, JLX137200.1, JLX158350.1, JLX159680.1
OG0000326	GWHPBPAQ000278, GWHPBPAQ003859, GWHPBPAQ012460, GWHPBPAQ017378, GWHPBPAQ021769	JLX024540.1, JLX155940.1, JLX161840.1, JLX180710.1
OG0000327	GWHPBPAQ000365	JLX034460.1, JLX049020.1, JLX049030.1, JLX049070.1, JLX049180.1, JLX049360.1, JLX049950.1, JLX049970.1
OG0000328	GWHPBPAQ000469, GWHPBPAQ003520, GWHPBPAQ023490	JLX050100.1, JLX050100.2, JLX050100.3, JLX070300.1, JLX215260.1, JLX215260.2
OG0000329	GWHPBPAQ000555, GWHPBPAQ014028	JLX016660.1, JLX016660.2, JLX016660.3, JLX016660.4, JLX016660.5, JLX191920.1, JLX191920.2
OG0000330	GWHPBPAQ000761	JLX018720.1, JLX018720.2, JLX018720.3, JLX018720.4, JLX018720.5, JLX018720.6, JLX018720.7, JLX018720.8
OG0000331	GWHPBPAQ000798	JLX017460.1, JLX017460.2, JLX017460.3, JLX017460.4, JLX017460.5, JLX017460.6, JLX017460.7, JLX017460.8
OG0000332	GWHPBPAQ001051	JLX096060.1, JLX096060.2, JLX096060.3, JLX096060.4, JLX096060.5, JLX096060.6, JLX096060.7, JLX096060.8
OG0000333	GWHPBPAQ001185	JLX096260.1, JLX096260.2, JLX096260.3, JLX096260.4, JLX096260.5, JLX096260.6, JLX096260.7, JLX096260.8
OG0000334	GWHPBPAQ001206, GWHPBPAQ013682	JLX099520.1, JLX193270.1, JLX193270.2, JLX193270.3, JLX193270.4, JLX193270.5, JLX193270.6
OG0000335	GWHPBPAQ001341, GWHPBPAQ008917, GWHPBPAQ008918, GWHPBPAQ008922	JLX010550.1, JLX010550.2, JLX010550.3, JLX012490.1, JLX098840.1
OG0000336	GWHPBPAQ001498, GWHPBPAQ012548	JLX163530.1, JLX163530.2, JLX163530.3, JLX163530.4, JLX163530.5, JLX163530.6, JLX163530.7
OG0000337	GWHPBPAQ001699, GWHPBPAQ001805, GWHPBPAQ006065, GWHPBPAQ011515, GWHPBPAQ012160, GWHPBPAQ012663, GWHPBPAQ015986, GWHPBPAQ016225, GWHPBPAQ021251	
OG0000338	GWHPBPAQ001753, GWHPBPAQ001876, GWHPBPAQ005982, GWHPBPAQ007625, GWHPBPAQ011893, GWHPBPAQ012740, GWHPBPAQ012822, GWHPBPAQ016094, GWHPBPAQ017955	
OG0000339	GWHPBPAQ001879, GWHPBPAQ005787, GWHPBPAQ007627, GWHPBPAQ012742, GWHPBPAQ015949, GWHPBPAQ015950, GWHPBPAQ017957, GWHPBPAQ018175, GWHPBPAQ020969	
OG0000340	GWHPBPAQ001890	JLX205700.1, JLX205700.2, JLX205700.3, JLX205700.4, JLX205700.5, JLX205700.6, JLX205700.7, JLX205700.8
OG0000341	GWHPBPAQ002053, GWHPBPAQ012968, GWHPBPAQ013046, GWHPBPAQ015360, GWHPBPAQ015362, GWHPBPAQ017842, GWHPBPAQ017844, GWHPBPAQ022405	JLX108630.1
OG0000342	GWHPBPAQ002980	JLX005480.1, JLX005480.2, JLX005480.3, JLX005480.4, JLX005480.5, JLX005480.6, JLX005480.7, JLX005480.8
OG0000343	GWHPBPAQ003142, GWHPBPAQ016663	JLX220440.1, JLX220440.2, JLX220440.3, JLX220440.4, JLX220440.5, JLX220440.6, JLX220440.7
OG0000344	GWHPBPAQ003385, GWHPBPAQ003386, GWHPBPAQ010957, GWHPBPAQ023309, GWHPBPAQ023310	JLX072820.1, JLX075000.1, JLX087260.1, JLX125400.1
OG0000345	GWHPBPAQ003595	JLX074040.1, JLX074040.2, JLX074040.3, JLX074040.4, JLX074040.5, JLX074040.6, JLX074040.7, JLX074040.8
OG0000346	GWHPBPAQ003806, GWHPBPAQ012965, GWHPBPAQ017504, GWHPBPAQ020966	JLX029140.1, JLX177280.1, JLX205960.1, JLX205960.2, JLX205960.3
OG0000347	GWHPBPAQ003883	JLX155360.1, JLX155360.2, JLX155360.3, JLX155360.4, JLX155360.5, JLX155360.6, JLX155360.7, JLX155360.8
OG0000348	GWHPBPAQ003917	JLX157410.1, JLX157410.2, JLX157410.3, JLX157410.4, JLX157410.5, JLX157410.6, JLX157410.7, JLX157410.8
OG0000349	GWHPBPAQ004005	JLX155340.1, JLX155340.2, JLX155340.3, JLX155340.4, JLX155340.5, JLX155340.6, JLX155340.7, JLX155340.8
OG0000350	GWHPBPAQ004133	JLX156450.1, JLX156450.2, JLX156450.3, JLX156450.4, JLX156450.5, JLX156450.6, JLX156450.7, JLX156450.8
OG0000351	GWHPBPAQ004377	JLX092670.10, JLX092670.2, JLX092670.4, JLX092670.5, JLX092670.6, JLX092670.7, JLX092670.8, JLX092670.9
OG0000352	GWHPBPAQ004616, GWHPBPAQ005500, GWHPBPAQ005502, GWHPBPAQ005509, GWHPBPAQ018775	JLX044100.1, JLX209490.1, JLX209490.2, JLX225950.1
OG0000353	GWHPBPAQ004631, GWHPBPAQ010086	JLX129850.1, JLX129850.2, JLX129850.3, JLX129850.4, JLX129850.5, JLX129850.6, JLX224900.1
OG0000354	GWHPBPAQ005006	JLX211220.1, JLX211220.2, JLX211220.3, JLX211220.4, JLX211220.5, JLX211220.6, JLX211220.7, JLX211220.8
OG0000355	GWHPBPAQ005065, GWHPBPAQ016102	JLX092080.1, JLX092080.2, JLX092080.3, JLX092080.4, JLX092080.5, JLX092080.6, JLX092080.7
OG0000356	GWHPBPAQ005220, GWHPBPAQ016242, GWHPBPAQ016631, GWHPBPAQ022034	JLX024120.1, JLX024120.2, JLX036980.1, JLX095320.1, JLX212370.1
OG0000357	GWHPBPAQ005484	JLX209870.1, JLX209870.2, JLX209870.3, JLX209870.4, JLX209870.5, JLX209870.6, JLX209870.7, JLX209870.8
OG0000358	GWHPBPAQ005569	JLX208190.1, JLX208370.1, JLX208470.1, JLX208840.1, JLX208890.1, JLX208890.2, JLX209310.1, JLX209330.1
OG0000359	GWHPBPAQ005776	JLX190260.1, JLX190260.2, JLX190260.3, JLX190260.4, JLX190260.5, JLX190260.6, JLX190260.7, JLX190260.8
OG0000360	GWHPBPAQ005794	JLX190870.1, JLX190870.2, JLX190870.3, JLX190870.4, JLX190870.5, JLX190870.6, JLX190870.7, JLX190870.8
OG0000361	GWHPBPAQ005878	JLX002840.1, JLX002840.2, JLX002840.3, JLX002840.4, JLX002840.5, JLX002840.6, JLX002840.7, JLX002840.8
OG0000362	GWHPBPAQ006358, GWHPBPAQ010208, GWHPBPAQ016367, GWHPBPAQ018575	JLX034070.1, JLX097410.1, JLX097410.2, JLX097410.3, JLX125530.1
OG0000363	GWHPBPAQ006579	JLX203290.1, JLX203290.2, JLX203290.3, JLX203290.4, JLX203290.5, JLX203290.6, JLX203290.7, JLX203290.8
OG0000364	GWHPBPAQ006657, GWHPBPAQ006658, GWHPBPAQ006659, GWHPBPAQ006660, GWHPBPAQ020216	JLX200050.1, JLX200860.1, JLX203840.1, JLX204690.1
OG0000365	GWHPBPAQ006858, GWHPBPAQ008825, GWHPBPAQ010118, GWHPBPAQ013398, GWHPBPAQ013399	JLX015050.1, JLX080950.1, JLX122930.1, JLX200070.1
OG0000366	GWHPBPAQ006882	JLX041540.1, JLX204730.1, JLX204730.2, JLX204730.3, JLX204730.4, JLX204730.5, JLX207840.1, JLX207860.1
OG0000367	GWHPBPAQ006895	JLX200320.1, JLX200320.2, JLX200320.3, JLX200320.4, JLX200320.5, JLX200320.6, JLX200320.7, JLX200320.8
OG0000368	GWHPBPAQ006945, GWHPBPAQ011620, GWHPBPAQ016892	JLX166430.1, JLX166430.2, JLX166430.3, JLX166430.4, JLX166430.5, JLX166430.6
OG0000369	GWHPBPAQ007241, GWHPBPAQ007313, GWHPBPAQ009149, GWHPBPAQ009237, GWHPBPAQ011991, GWHPBPAQ012140, GWHPBPAQ015919	JLX213220.1, JLX227780.1
OG0000370	GWHPBPAQ007436	JLX144900.1, JLX144900.2, JLX144900.3, JLX144900.4, JLX144900.5, JLX144900.6, JLX144900.7, JLX144900.8
OG0000371	GWHPBPAQ007455, GWHPBPAQ012989, GWHPBPAQ013145	JLX143830.1, JLX143830.2, JLX143830.3, JLX143830.4, JLX187100.1, JLX210570.1
OG0000372	GWHPBPAQ007491	JLX143150.1, JLX143150.2, JLX143150.3, JLX143150.4, JLX143150.5, JLX143150.6, JLX143150.7, JLX143150.8
OG0000373	GWHPBPAQ008008, GWHPBPAQ009305, GWHPBPAQ009313, GWHPBPAQ009314, GWHPBPAQ013324	JLX030460.1, JLX059850.1, JLX060730.1, JLX063420.1
OG0000374	GWHPBPAQ008257	JLX152960.1, JLX152960.2, JLX152960.3, JLX152960.4, JLX152960.5, JLX152960.6, JLX152960.7, JLX152960.8
OG0000375	GWHPBPAQ008456	JLX010730.1, JLX010730.2, JLX010730.3, JLX010730.4, JLX010730.5, JLX010730.6, JLX010730.7, JLX010730.8
OG0000376	GWHPBPAQ008472, GWHPBPAQ008473, GWHPBPAQ008474, GWHPBPAQ008478, GWHPBPAQ008479	JLX013980.1, JLX013980.2, JLX013980.3, JLX013980.4
OG0000377	GWHPBPAQ008477, GWHPBPAQ010929	JLX010630.1, JLX010630.2, JLX010630.3, JLX010630.4, JLX010630.5, JLX125820.1, JLX125820.2
OG0000378	GWHPBPAQ008619	JLX013550.1, JLX013550.2, JLX013550.3, JLX013550.4, JLX013550.5, JLX013550.6, JLX013550.7, JLX013550.8
OG0000379	GWHPBPAQ008753, GWHPBPAQ011092, GWHPBPAQ011093, GWHPBPAQ011095	JLX011460.1, JLX064070.1, JLX134550.1, JLX134550.2, JLX231570.1
OG0000380	GWHPBPAQ008878	JLX015370.1, JLX015370.2, JLX015370.3, JLX015370.4, JLX015370.5, JLX015370.6, JLX015370.7, JLX015370.8
OG0000381	GWHPBPAQ009302, GWHPBPAQ023456	JLX064190.1, JLX064190.2, JLX064190.3, JLX214880.1, JLX214880.2, JLX214880.3, JLX214880.4
OG0000382	GWHPBPAQ009530	JLX035270.1, JLX060380.1, JLX060380.2, JLX060380.3, JLX060380.4, JLX060380.5, JLX206400.1, JLX228750.1
OG0000383	GWHPBPAQ009581, GWHPBPAQ021316, GWHPBPAQ022275, GWHPBPAQ022279, GWHPBPAQ022281, GWHPBPAQ022283	JLX189000.1, JLX189040.1, JLX189050.1
OG0000384	GWHPBPAQ009652	JLX185390.1, JLX185390.2, JLX185390.3, JLX185390.4, JLX185390.5, JLX185390.6, JLX185390.7, JLX185390.8
OG0000385	GWHPBPAQ009691	JLX183660.1, JLX183660.2, JLX183660.3, JLX183660.4, JLX183660.5, JLX183660.6, JLX183660.7, JLX183660.8
OG0000386	GWHPBPAQ009752, GWHPBPAQ019044, GWHPBPAQ019046	JLX043310.1, JLX045080.2, JLX046050.2, JLX083680.1, JLX084690.1, JLX186330.1
OG0000387	GWHPBPAQ010588	JLX129430.1, JLX129430.2, JLX129430.3, JLX129430.4, JLX129430.5, JLX129430.6, JLX129430.7, JLX129430.8
OG0000388	GWHPBPAQ010869	JLX129600.1, JLX129600.2, JLX129600.3, JLX129600.4, JLX129600.5, JLX129600.6, JLX129600.7, JLX129600.8
OG0000389	GWHPBPAQ011091, GWHPBPAQ011142	JLX125640.1, JLX125810.1, JLX128860.1, JLX130780.1, JLX132790.1, JLX133150.1, JLX133920.1
OG0000390	GWHPBPAQ011362, GWHPBPAQ011363, GWHPBPAQ011364	JLX083690.1, JLX083690.2, JLX084160.1, JLX089620.1, JLX089700.1, JLX089750.1
OG0000391	GWHPBPAQ011734	JLX150610.1, JLX150610.2, JLX150610.3, JLX150610.4, JLX150610.5, JLX150610.6, JLX150610.7, JLX150610.8
OG0000392	GWHPBPAQ011973, GWHPBPAQ011976, GWHPBPAQ011980, GWHPBPAQ011981, GWHPBPAQ011992, GWHPBPAQ011993	JLX052810.1, JLX052850.1, JLX052900.1
OG0000393	GWHPBPAQ012462, GWHPBPAQ017389, GWHPBPAQ019228	JLX103410.1, JLX162350.1, JLX162350.2, JLX176410.1, JLX176410.2, JLX176410.3
OG0000394	GWHPBPAQ012463, GWHPBPAQ017390, GWHPBPAQ020840, GWHPBPAQ021113	JLX067030.1, JLX121410.1, JLX158990.1, JLX183140.1, JLX183140.2
OG0000395	GWHPBPAQ012571	JLX161530.1, JLX161530.2, JLX161530.3, JLX161530.4, JLX161530.5, JLX161530.7, JLX161530.8, JLX161530.9
OG0000396	GWHPBPAQ012693, GWHPBPAQ017610, GWHPBPAQ017624, GWHPBPAQ017625, GWHPBPAQ020916	JLX119940.1, JLX162120.1, JLX177990.1, JLX179210.1
OG0000397	GWHPBPAQ012749, GWHPBPAQ017142	JLX173440.1, JLX173440.2, JLX173440.3, JLX173440.4, JLX173440.5, JLX173440.6, JLX173440.7
OG0000398	GWHPBPAQ013041	JLX069110.1, JLX069110.2, JLX069110.3, JLX069110.4, JLX069110.5, JLX069110.6, JLX069110.7, JLX069110.8
OG0000399	GWHPBPAQ013159, GWHPBPAQ016012	JLX210350.1, JLX210350.2, JLX210350.3, JLX210350.4, JLX210350.5, JLX210350.6, JLX210350.7
OG0000400	GWHPBPAQ013348	JLX081740.1, JLX081740.2, JLX081740.3, JLX081740.4, JLX081740.5, JLX081740.6, JLX081740.7, JLX081740.8
OG0000401	GWHPBPAQ014010	JLX194680.1, JLX194680.2, JLX194680.3, JLX194680.4, JLX194680.5, JLX194680.6, JLX194680.7, JLX194680.8
OG0000402	GWHPBPAQ014014	JLX195580.1, JLX195580.2, JLX195580.3, JLX195580.4, JLX195580.5, JLX195580.6, JLX195580.7, JLX195580.8
OG0000403	GWHPBPAQ014124	JLX197200.1, JLX197200.2, JLX197200.3, JLX197200.4, JLX197200.5, JLX197200.6, JLX197200.7, JLX197200.8
OG0000404	GWHPBPAQ014245	JLX171040.1, JLX171040.2, JLX171040.3, JLX171040.4, JLX171040.5, JLX171040.6, JLX171040.7, JLX171040.8
OG0000405	GWHPBPAQ014273	JLX171500.1, JLX171500.2, JLX171500.3, JLX171500.4, JLX171500.5, JLX171500.6, JLX171500.7, JLX171500.8
OG0000406	GWHPBPAQ014291	JLX171670.1, JLX171670.2, JLX171670.3, JLX171670.4, JLX171670.5, JLX171670.6, JLX171670.7, JLX171670.8
OG0000407	GWHPBPAQ014807, GWHPBPAQ014808, GWHPBPAQ014809, GWHPBPAQ014810, GWHPBPAQ014811, GWHPBPAQ014812	JLX109060.1, JLX115570.1, JLX118170.1
OG0000408	GWHPBPAQ014938	JLX118740.1, JLX118740.2, JLX118740.3, JLX118740.4, JLX118740.5, JLX118740.6, JLX118740.7, JLX118740.8
OG0000409	GWHPBPAQ015066	JLX109250.1, JLX109250.2, JLX109250.3, JLX109250.4, JLX109250.5, JLX109250.6, JLX109250.7, JLX109250.8
OG0000410	GWHPBPAQ015827, GWHPBPAQ015828, GWHPBPAQ015839, GWHPBPAQ015840, GWHPBPAQ015841	JLX108560.1, JLX108690.1, JLX112670.1, JLX115480.1
OG0000411	GWHPBPAQ016138	JLX093190.1, JLX093190.2, JLX093190.3, JLX093190.4, JLX093190.5, JLX093190.6, JLX093190.7, JLX093190.8
OG0000412	GWHPBPAQ016416	JLX027350.1, JLX036730.1, JLX036730.2, JLX036730.3, JLX036730.4, JLX036730.5, JLX036730.6, JLX036730.7
OG0000413	GWHPBPAQ017454	JLX181220.1, JLX181220.2, JLX181220.3, JLX181220.4, JLX181220.5, JLX181220.6, JLX181220.7, JLX181220.8
OG0000414	GWHPBPAQ017879, GWHPBPAQ018299, GWHPBPAQ018340, GWHPBPAQ018345, GWHPBPAQ018668, GWHPBPAQ018670	JLX097810.1, JLX099270.1, JLX163990.1
OG0000415	GWHPBPAQ017941	JLX179530.1, JLX179530.2, JLX179530.3, JLX179530.4, JLX179530.5, JLX179530.6, JLX179530.7, JLX179530.8
OG0000416	GWHPBPAQ018380, GWHPBPAQ018381, GWHPBPAQ018382	JLX168000.1, JLX168240.1, JLX168240.2, JLX168240.3, JLX168240.4, JLX168560.1
OG0000417	GWHPBPAQ018980, GWHPBPAQ022304	JLX043790.1, JLX043790.2, JLX043790.3, JLX077040.1, JLX077040.2, JLX077040.3, JLX218720.1
OG0000418	GWHPBPAQ019374	JLX102590.1, JLX102590.2, JLX102590.3, JLX102590.4, JLX102590.5, JLX102590.6, JLX102590.7, JLX102590.8
OG0000419	GWHPBPAQ019636	JLX101760.1, JLX101760.2, JLX101760.3, JLX101760.4, JLX101760.5, JLX101760.6, JLX101760.7, JLX101760.8
OG0000420	GWHPBPAQ019720	JLX106780.1, JLX106780.2, JLX106780.3, JLX106780.4, JLX106780.5, JLX106780.6, JLX106780.7, JLX106780.8
OG0000421	GWHPBPAQ019966	JLX147050.1, JLX147050.2, JLX147050.3, JLX147050.4, JLX147050.5, JLX147050.6, JLX147050.7, JLX147050.8
OG0000422	GWHPBPAQ020188	JLX146350.1, JLX146350.2, JLX146350.3, JLX146350.4, JLX146350.5, JLX146350.6, JLX146350.7, JLX146350.8
OG0000423	GWHPBPAQ020722, GWHPBPAQ020724, GWHPBPAQ020725, GWHPBPAQ020726	JLX137250.1, JLX137250.2, JLX138750.1, JLX140300.1, JLX140470.1
OG0000424	GWHPBPAQ020735, GWHPBPAQ020736, GWHPBPAQ020738, GWHPBPAQ020739, GWHPBPAQ020740, GWHPBPAQ020741	JLX137090.1, JLX137300.1, JLX137700.1
OG0000425	GWHPBPAQ021103	JLX067210.1, JLX067210.2, JLX067210.3, JLX067210.4, JLX067210.5, JLX067210.6, JLX067210.7, JLX067210.8
OG0000426	GWHPBPAQ021138	JLX067400.1, JLX067400.2, JLX067400.3, JLX067400.4, JLX067400.5, JLX067400.6, JLX067400.7, JLX067400.8
OG0000427	GWHPBPAQ021181	JLX189750.1, JLX189750.2, JLX189750.3, JLX189750.4, JLX189750.5, JLX189750.6, JLX189750.7, JLX189750.8
OG0000428	GWHPBPAQ021591, GWHPBPAQ021824	JLX022350.1, JLX022350.2, JLX207070.1, JLX207070.2, JLX207070.3, JLX207070.4, JLX207070.5
OG0000429	GWHPBPAQ021821	JLX019340.1, JLX019340.2, JLX019340.3, JLX019340.4, JLX019340.5, JLX019340.6, JLX019340.7, JLX019340.8
OG0000430	GWHPBPAQ022006	JLX019210.1, JLX019210.2, JLX019210.3, JLX019210.4, JLX019210.5, JLX019210.6, JLX019210.7, JLX019210.8
OG0000431	GWHPBPAQ022015	JLX023410.1, JLX023410.2, JLX023410.3, JLX023410.4, JLX023410.5, JLX023410.6, JLX023410.7, JLX023410.8
OG0000432	GWHPBPAQ022660, GWHPBPAQ022661, GWHPBPAQ022664, GWHPBPAQ022667	JLX165550.1, JLX165550.2, JLX165550.3, JLX165790.1, JLX166000.1
OG0000433	Null	JLX081900.1, JLX082190.1, JLX082220.1, JLX082470.1, JLX082480.1, JLX082790.1, JLX189030.1, JLX189130.1, JLX213040.1
OG0000434	Null	JLX075290.1, JLX085040.1, JLX085840.1, JLX086640.1, JLX086900.1, JLX087830.1, JLX088100.1, JLX088300.1, JLX124180.1
OG0000435	Null	JLX207620.1, JLX217270.1, JLX217270.2, JLX217270.3, JLX217270.4, JLX217270.5, JLX217270.6, JLX217270.7, JLX217270.8
OG0000436	Null	JLX002370.1, JLX002400.1, JLX010320.1, JLX010400.1, JLX120630.1, JLX142410.1, JLX190410.1, JLX191550.1, JLX230190.1
OG0000437	Null	JLX161010.1, JLX161010.2, JLX161010.3, JLX161010.4, JLX161010.5, JLX161010.6, JLX161010.7, JLX161010.8, JLX161010.9
OG0000438	Null	JLX002130.1, JLX037090.1, JLX057530.1, JLX066590.1, JLX140740.1, JLX148550.1, JLX164290.1, JLX201340.1, JLX228490.1
OG0000439	GWHPBPAQ000055, GWHPBPAQ001645, GWHPBPAQ011766	JLX035230.1, JLX035230.2, JLX150700.1, JLX228990.1, JLX228990.2
OG0000440	GWHPBPAQ000074	JLX056480.1, JLX056480.2, JLX056480.3, JLX056480.4, JLX056480.5, JLX056480.6, JLX056480.7
OG0000441	GWHPBPAQ000172, GWHPBPAQ015403, GWHPBPAQ015404, GWHPBPAQ015405, GWHPBPAQ015407	JLX111230.1, JLX111230.2, JLX200000.1
OG0000442	GWHPBPAQ000219, GWHPBPAQ003798, GWHPBPAQ017445	JLX029150.1, JLX056860.1, JLX056860.2, JLX177120.1, JLX177120.2
OG0000443	GWHPBPAQ000259	JLX057060.1, JLX057060.2, JLX057060.3, JLX057060.4, JLX095600.1, JLX095600.2, JLX095600.3
OG0000444	GWHPBPAQ000373, GWHPBPAQ006614, GWHPBPAQ014211, GWHPBPAQ020183	JLX049040.1, JLX147570.1, JLX171470.1, JLX200500.1
OG0000445	GWHPBPAQ000405, GWHPBPAQ009792, GWHPBPAQ009793, GWHPBPAQ009794, GWHPBPAQ014183, GWHPBPAQ019428	JLX101060.1, JLX171240.1
OG0000446	GWHPBPAQ000442, GWHPBPAQ002214, GWHPBPAQ007079	JLX049500.1, JLX049500.2, JLX201060.1, JLX201060.2, JLX201060.3
OG0000447	GWHPBPAQ000461, GWHPBPAQ001542, GWHPBPAQ006428, GWHPBPAQ016673, GWHPBPAQ017970, GWHPBPAQ019195, GWHPBPAQ019196, GWHPBPAQ022406	
OG0000448	GWHPBPAQ000612, GWHPBPAQ001980, GWHPBPAQ007548, GWHPBPAQ007549, GWHPBPAQ013964	JLX016490.1, JLX188660.1, JLX196370.1
OG0000449	GWHPBPAQ000620, GWHPBPAQ000621, GWHPBPAQ000622, GWHPBPAQ013019	JLX017140.1, JLX017140.2, JLX018030.1, JLX018030.2
OG0000450	GWHPBPAQ000659	JLX018740.1, JLX018740.2, JLX018740.3, JLX018740.4, JLX018740.5, JLX018740.6, JLX083560.1
OG0000451	GWHPBPAQ000742	JLX017090.1, JLX017090.2, JLX017090.3, JLX017090.4, JLX017090.5, JLX017090.6, JLX017090.7
OG0000452	GWHPBPAQ000855	JLX047230.1, JLX047230.2, JLX047230.3, JLX047230.4, JLX047230.5, JLX047230.6, JLX047230.7
OG0000453	GWHPBPAQ001028	JLX047540.1, JLX048050.1, JLX163410.1, JLX163410.2, JLX163410.3, JLX163410.4, JLX163410.5
OG0000454	GWHPBPAQ001111, GWHPBPAQ001113, GWHPBPAQ022292, GWHPBPAQ022294	JLX098680.1, JLX142290.1, JLX142310.1, JLX229220.1
OG0000455	GWHPBPAQ001255	JLX099740.1, JLX099740.2, JLX099740.3, JLX099740.4, JLX099740.5, JLX099740.6, JLX099740.7
OG0000456	GWHPBPAQ001269	JLX100300.1, JLX100300.2, JLX100300.3, JLX100300.4, JLX100300.5, JLX100300.6, JLX100300.7
OG0000457	GWHPBPAQ001388, GWHPBPAQ001393, GWHPBPAQ001394, GWHPBPAQ001442	JLX141690.1, JLX141860.1, JLX142100.1, JLX142190.1
OG0000458	GWHPBPAQ001547, GWHPBPAQ008678	JLX011570.1, JLX011570.2, JLX011570.3, JLX011570.4, JLX011570.5, JLX064930.1
OG0000459	GWHPBPAQ001677	JLX035820.1, JLX035820.2, JLX035820.3, JLX035820.4, JLX035820.5, JLX035820.6, JLX035820.7
OG0000460	GWHPBPAQ001744, GWHPBPAQ010999, GWHPBPAQ011593, GWHPBPAQ011638, GWHPBPAQ011639, GWHPBPAQ016293	JLX094320.1, JLX218160.1
OG0000461	GWHPBPAQ002044, GWHPBPAQ002046, GWHPBPAQ002048	JLX140800.1, JLX140840.1, JLX140850.1, JLX152530.1, JLX152590.1
OG0000462	GWHPBPAQ002129	JLX090190.1, JLX090190.2, JLX090190.3, JLX090190.4, JLX090190.5, JLX090190.6, JLX090190.7
OG0000463	GWHPBPAQ002134, GWHPBPAQ002711, GWHPBPAQ005067, GWHPBPAQ005069, GWHPBPAQ017674, GWHPBPAQ017675, GWHPBPAQ018362, GWHPBPAQ018364	
OG0000464	GWHPBPAQ002363, GWHPBPAQ002374, GWHPBPAQ017916, GWHPBPAQ017917, GWHPBPAQ017918	JLX151770.1, JLX176050.1, JLX181790.1
OG0000465	GWHPBPAQ002373, GWHPBPAQ011102, GWHPBPAQ011104, GWHPBPAQ011429	JLX077450.1, JLX084190.1, JLX134790.1, JLX134920.1
OG0000466	GWHPBPAQ002458	JLX006970.1, JLX006970.2, JLX006970.3, JLX006970.4, JLX006970.5, JLX006970.6, JLX006970.7
OG0000467	GWHPBPAQ002559	JLX006600.1, JLX006600.2, JLX006600.3, JLX006600.4, JLX006600.5, JLX006600.6, JLX006600.7
OG0000468	GWHPBPAQ002760	JLX007630.1, JLX007630.2, JLX007630.3, JLX007630.4, JLX007630.5, JLX007630.6, JLX007630.7
OG0000469	GWHPBPAQ002793	JLX003940.1, JLX003940.2, JLX003940.3, JLX003940.4, JLX003940.5, JLX003940.6, JLX052770.1
OG0000470	GWHPBPAQ002882	JLX006430.1, JLX006430.2, JLX006430.3, JLX006430.4, JLX006430.5, JLX006430.6, JLX006430.7
OG0000471	GWHPBPAQ002910	JLX006120.1, JLX006120.2, JLX006120.3, JLX006120.4, JLX006120.5, JLX006120.6, JLX006120.7
OG0000472	GWHPBPAQ003020, GWHPBPAQ022809	JLX050770.1, JLX050770.2, JLX050770.3, JLX071530.1, JLX071530.2, JLX071530.3
OG0000473	GWHPBPAQ003096	JLX072440.1, JLX072440.2, JLX072440.3, JLX072440.4, JLX072440.5, JLX072440.6, JLX072440.7
OG0000474	GWHPBPAQ003098, GWHPBPAQ022290	JLX074850.1, JLX189110.1, JLX229200.1, JLX229200.2, JLX229200.3, JLX229200.4
OG0000475	GWHPBPAQ003109	JLX071470.1, JLX071470.2, JLX071470.3, JLX071470.4, JLX071470.5, JLX071470.6, JLX071470.7
OG0000476	GWHPBPAQ003152	JLX069940.1, JLX069940.2, JLX069940.3, JLX069940.4, JLX069940.5, JLX069940.6, JLX069940.7
OG0000477	GWHPBPAQ003206	JLX070970.1, JLX070970.2, JLX070970.3, JLX070970.4, JLX070970.5, JLX070970.6, JLX070970.7
OG0000478	GWHPBPAQ003252	JLX073740.1, JLX073740.2, JLX073740.3, JLX073740.4, JLX073740.5, JLX073740.6, JLX073740.7
OG0000479	GWHPBPAQ003262	JLX075060.1, JLX075060.2, JLX075060.3, JLX075060.4, JLX075060.5, JLX075060.6, JLX075060.7
OG0000480	GWHPBPAQ003485	JLX073320.1, JLX073320.2, JLX073320.3, JLX073320.4, JLX073320.5, JLX073320.6, JLX073320.7
OG0000481	GWHPBPAQ003513, GWHPBPAQ010859, GWHPBPAQ023480, GWHPBPAQ023481	JLX071490.1, JLX122600.1, JLX214910.1, JLX215710.1
OG0000482	GWHPBPAQ003648, GWHPBPAQ007014, GWHPBPAQ008834	JLX014210.1, JLX014210.2, JLX014210.3, JLX071000.1, JLX201710.1
OG0000483	GWHPBPAQ003672	JLX027850.1, JLX027850.2, JLX027850.3, JLX027850.4, JLX027850.5, JLX027850.6, JLX027850.7
OG0000484	GWHPBPAQ003855	JLX157270.1, JLX157270.2, JLX157270.3, JLX157270.4, JLX157270.5, JLX157270.6, JLX157270.7
OG0000485	GWHPBPAQ003880	JLX156850.1, JLX156850.2, JLX156850.3, JLX156850.4, JLX156850.5, JLX156850.6, JLX156850.7
OG0000486	GWHPBPAQ003886	JLX157650.1, JLX157650.2, JLX157650.3, JLX157650.4, JLX157650.5, JLX157650.6, JLX157650.7
OG0000487	GWHPBPAQ003974	JLX000800.1, JLX000800.2, JLX157490.1, JLX157490.2, JLX157490.3, JLX157490.4, JLX157490.5
OG0000488	GWHPBPAQ003987	JLX157790.1, JLX157790.2, JLX157790.3, JLX157790.4, JLX157790.5, JLX157790.6, JLX157790.7
OG0000489	GWHPBPAQ004098	JLX157850.1, JLX157850.2, JLX157850.3, JLX157850.4, JLX157850.5, JLX157850.6, JLX157850.7
OG0000490	GWHPBPAQ004122, GWHPBPAQ006518, GWHPBPAQ013092	JLX034580.1, JLX068990.1, JLX068990.2, JLX068990.3, JLX157810.1
OG0000491	GWHPBPAQ004251, GWHPBPAQ019076	JLX009250.1, JLX043580.1, JLX043580.2, JLX043580.3, JLX043580.4, JLX043580.5
OG0000492	GWHPBPAQ004649	JLX223380.1, JLX223380.2, JLX223380.3, JLX223380.4, JLX223380.5, JLX223380.6, JLX223380.7
OG0000493	GWHPBPAQ004680	JLX226440.1, JLX226440.2, JLX226440.3, JLX226440.4, JLX226440.5, JLX226440.6, JLX226440.7
OG0000494	GWHPBPAQ004737, GWHPBPAQ018894, GWHPBPAQ019728	JLX043540.1, JLX100750.1, JLX226490.1, JLX226490.2, JLX226490.3
OG0000495	GWHPBPAQ004837, GWHPBPAQ014789, GWHPBPAQ023200	JLX088250.1, JLX117840.1, JLX117840.2, JLX117840.3, JLX222890.1
OG0000496	GWHPBPAQ004932, GWHPBPAQ021598	JLX022650.1, JLX022650.2, JLX206580.1, JLX206580.2, JLX206580.3, JLX206580.4
OG0000497	GWHPBPAQ005063	JLX211770.1, JLX211770.2, JLX211770.3, JLX211770.4, JLX211770.5, JLX211770.6, JLX211770.7
OG0000498	GWHPBPAQ005092	JLX211870.1, JLX211870.2, JLX211870.3, JLX211870.4, JLX211870.5, JLX211870.6, JLX211870.7
OG0000499	GWHPBPAQ005332	JLX037010.1, JLX037010.2, JLX037010.3, JLX037010.4, JLX037010.5, JLX037010.6, JLX037010.7
OG0000500	GWHPBPAQ005540	JLX208700.1, JLX208700.2, JLX208700.3, JLX208700.4, JLX208700.5, JLX208700.6, JLX208700.7
OG0000501	GWHPBPAQ005582, GWHPBPAQ005584, GWHPBPAQ005589, GWHPBPAQ005603, GWHPBPAQ005629	JLX029870.1, JLX029980.1, JLX054370.1
OG0000502	GWHPBPAQ005807	JLX191490.1, JLX191490.2, JLX191490.3, JLX191490.4, JLX191490.5, JLX191490.6, JLX191490.7
OG0000503	GWHPBPAQ005979, GWHPBPAQ006798, GWHPBPAQ010409, GWHPBPAQ013616, GWHPBPAQ021810	JLX000990.1, JLX204930.1, JLX204930.2
OG0000504	GWHPBPAQ006056, GWHPBPAQ011902, GWHPBPAQ011903	JLX010310.1, JLX231680.1, JLX231680.2, JLX231680.3, JLX231680.4
OG0000505	GWHPBPAQ006091, GWHPBPAQ006093, GWHPBPAQ008984, GWHPBPAQ013835	JLX041530.1, JLX042110.1, JLX064320.1, JLX195770.1
OG0000506	GWHPBPAQ006160	JLX217210.1, JLX217210.2, JLX217210.3, JLX217210.4, JLX217210.5, JLX217210.6, JLX217210.7
OG0000507	GWHPBPAQ006232, GWHPBPAQ006233, GWHPBPAQ006235, GWHPBPAQ006241, GWHPBPAQ008621, GWHPBPAQ015831, GWHPBPAQ015832	JLX068260.1
OG0000508	GWHPBPAQ006289, GWHPBPAQ010243, GWHPBPAQ010244, GWHPBPAQ013484	JLX068400.1, JLX068520.1, JLX078080.1, JLX122740.1
OG0000509	GWHPBPAQ006370, GWHPBPAQ013468	JLX033710.1, JLX033710.2, JLX034510.1, JLX041820.1, JLX078340.1, JLX078340.2
OG0000510	GWHPBPAQ006416, GWHPBPAQ006417, GWHPBPAQ006418, GWHPBPAQ006419, GWHPBPAQ006420	JLX033120.1, JLX033170.1, JLX033290.1
OG0000511	GWHPBPAQ006429, GWHPBPAQ006430, GWHPBPAQ013549	JLX032230.1, JLX033140.1, JLX033560.1, JLX033850.1, JLX034370.1
OG0000512	GWHPBPAQ006601, GWHPBPAQ006602	JLX200910.1, JLX204080.1, JLX204080.2, JLX204080.3, JLX204080.4, JLX204080.5
OG0000513	GWHPBPAQ006800, GWHPBPAQ006801, GWHPBPAQ006803, GWHPBPAQ006804, GWHPBPAQ006805, GWHPBPAQ006807, GWHPBPAQ006809	JLX201800.1
OG0000514	GWHPBPAQ007207, GWHPBPAQ012947, GWHPBPAQ013412, GWHPBPAQ016169	JLX026650.1, JLX026650.2, JLX078590.1, JLX148490.1
OG0000515	GWHPBPAQ007409, GWHPBPAQ013184, GWHPBPAQ013187	JLX081440.1, JLX143510.1, JLX143510.2, JLX210650.1, JLX210680.1
OG0000516	GWHPBPAQ007424, GWHPBPAQ007426, GWHPBPAQ007427, GWHPBPAQ007428, GWHPBPAQ007429, GWHPBPAQ007430	JLX142760.1, JLX144100.2
OG0000517	GWHPBPAQ007437	JLX096740.1, JLX143050.1, JLX143050.2, JLX143050.3, JLX143050.4, JLX143050.5, JLX143050.6
OG0000518	GWHPBPAQ007604, GWHPBPAQ007607, GWHPBPAQ007608, GWHPBPAQ007609, GWHPBPAQ015896	JLX142710.1, JLX142780.1, JLX227280.1
OG0000519	GWHPBPAQ007680	JLX122370.1, JLX122370.2, JLX122370.3, JLX122370.4, JLX122370.5, JLX122370.6, JLX122370.7
OG0000520	GWHPBPAQ007844, GWHPBPAQ008625, GWHPBPAQ014145	JLX195910.1, JLX195910.2, JLX195910.3, JLX195910.4, JLX195910.5
OG0000521	GWHPBPAQ007993	JLX030970.1, JLX030970.2, JLX030970.3, JLX030970.4, JLX030970.5, JLX030970.6, JLX030970.7
OG0000522	GWHPBPAQ008119, GWHPBPAQ008120, GWHPBPAQ008122, GWHPBPAQ008129	JLX030780.1, JLX031740.1, JLX031820.1, JLX090470.1
OG0000523	GWHPBPAQ008373	JLX014040.1, JLX014040.2, JLX014040.3, JLX014040.4, JLX014040.5, JLX014040.6, JLX014040.7
OG0000524	GWHPBPAQ008591, GWHPBPAQ018882, GWHPBPAQ020428	JLX014390.1, JLX044070.1, JLX044070.2, JLX139770.1, JLX139770.2
OG0000525	GWHPBPAQ008723	JLX013910.1, JLX013910.2, JLX013910.3, JLX013910.4, JLX013910.5, JLX013910.6, JLX013910.7
OG0000526	GWHPBPAQ008846, GWHPBPAQ008847	JLX010610.1, JLX010610.2, JLX010610.3, JLX010610.4, JLX010610.5, JLX010610.6
OG0000527	GWHPBPAQ008955, GWHPBPAQ015691, GWHPBPAQ017192, GWHPBPAQ020970	JLX064040.1, JLX064040.2, JLX112560.1, JLX176570.1
OG0000528	GWHPBPAQ009178, GWHPBPAQ020543	JLX060690.1, JLX060690.2, JLX060690.3, JLX136990.1, JLX136990.2, JLX176160.1
OG0000529	GWHPBPAQ009337	JLX063260.1, JLX063260.2, JLX063260.3, JLX063260.4, JLX063260.5, JLX063260.6, JLX063260.7
OG0000530	GWHPBPAQ009453	JLX060230.1, JLX060230.2, JLX060230.3, JLX060230.4, JLX060230.5, JLX060230.6, JLX060230.7
OG0000531	GWHPBPAQ009536, GWHPBPAQ015332, GWHPBPAQ015334, GWHPBPAQ015335, GWHPBPAQ015336	JLX062000.1, JLX111750.1, JLX118720.1
OG0000532	GWHPBPAQ009591	JLX184540.1, JLX184540.2, JLX184540.3, JLX184540.4, JLX184540.5, JLX184540.6, JLX184540.7
OG0000533	GWHPBPAQ009598	JLX183730.1, JLX183730.2, JLX183730.3, JLX183730.4, JLX183730.5, JLX183730.6, JLX183730.7
OG0000534	GWHPBPAQ009678	JLX186260.1, JLX186260.2, JLX186260.3, JLX186260.4, JLX186260.5, JLX186260.6, JLX186260.7
OG0000535	GWHPBPAQ009686	JLX185950.10, JLX185950.2, JLX185950.3, JLX185950.5, JLX185950.6, JLX185950.8, JLX185950.9
OG0000536	GWHPBPAQ009795	JLX185400.1, JLX185400.2, JLX185400.3, JLX185400.4, JLX185400.5, JLX185400.6, JLX185400.7
OG0000537	GWHPBPAQ009921	JLX184400.1, JLX184400.2, JLX184400.3, JLX184400.4, JLX184400.5, JLX184400.6, JLX184400.7
OG0000538	GWHPBPAQ009959	JLX125560.1, JLX125560.2, JLX125560.3, JLX125560.4, JLX125560.5, JLX125560.6, JLX125560.7
OG0000539	GWHPBPAQ010161, GWHPBPAQ011858	JLX035180.1, JLX035180.2, JLX035180.3, JLX130850.1, JLX130850.2, JLX130850.3
OG0000540	GWHPBPAQ010610	JLX133350.1, JLX133350.2, JLX133350.3, JLX133350.4, JLX133350.5, JLX133350.6, JLX226110.4
OG0000541	GWHPBPAQ010712	JLX129060.1, JLX129060.2, JLX129060.3, JLX129060.4, JLX129060.5, JLX129060.6, JLX129060.7
OG0000542	GWHPBPAQ010717, GWHPBPAQ010718, GWHPBPAQ010719, GWHPBPAQ010720, GWHPBPAQ010721	JLX131800.1, JLX132520.1, JLX132870.1
OG0000543	GWHPBPAQ010745, GWHPBPAQ022159, GWHPBPAQ022160, GWHPBPAQ022162, GWHPBPAQ022167, GWHPBPAQ022169	JLX024630.1, JLX142260.1
OG0000544	GWHPBPAQ010788, GWHPBPAQ010789, GWHPBPAQ010790, GWHPBPAQ010791, GWHPBPAQ010793, GWHPBPAQ018912	JLX125240.1, JLX130870.1
OG0000545	GWHPBPAQ011101, GWHPBPAQ011493, GWHPBPAQ011495, GWHPBPAQ011497, GWHPBPAQ011498, GWHPBPAQ011499, GWHPBPAQ011500, GWHPBPAQ011501	
OG0000546	GWHPBPAQ011450, GWHPBPAQ011452	JLX010010.1, JLX010010.2, JLX010010.3, JLX083870.1, JLX083870.2, JLX084130.1
OG0000547	GWHPBPAQ011675	JLX141080.1, JLX141080.2, JLX141080.3, JLX141080.4, JLX141080.5, JLX141080.6, JLX141080.7
OG0000548	GWHPBPAQ011722, GWHPBPAQ015842, GWHPBPAQ018686	JLX001680.1, JLX012120.1, JLX037560.1, JLX121720.1, JLX150270.1
OG0000549	GWHPBPAQ011930, GWHPBPAQ011932, GWHPBPAQ011934, GWHPBPAQ011937, GWHPBPAQ011979, GWHPBPAQ020888	JLX230970.1, JLX231400.1
OG0000550	GWHPBPAQ012079, GWHPBPAQ012090	JLX000140.1, JLX000480.1, JLX000510.1, JLX000590.1, JLX000650.1, JLX140940.1
OG0000551	GWHPBPAQ012224, GWHPBPAQ020592	JLX160970.1, JLX160970.2, JLX160970.3, JLX160970.4, JLX160970.5, JLX160970.6
OG0000552	GWHPBPAQ012569, GWHPBPAQ015297, GWHPBPAQ017856, GWHPBPAQ020929, GWHPBPAQ022355	JLX161170.1, JLX161170.2, JLX206420.1
OG0000553	GWHPBPAQ012613, GWHPBPAQ012614, GWHPBPAQ012615, GWHPBPAQ012616	JLX158340.1, JLX162010.1, JLX163520.1, JLX163520.2
OG0000554	GWHPBPAQ012634, GWHPBPAQ012674	JLX159330.1, JLX159330.2, JLX159330.3, JLX159330.4, JLX159330.5, JLX161880.1
OG0000555	GWHPBPAQ012738, GWHPBPAQ012743, GWHPBPAQ012747, GWHPBPAQ017648, GWHPBPAQ017655, GWHPBPAQ017656	JLX159980.1, JLX162050.1
OG0000556	GWHPBPAQ012784, GWHPBPAQ017691, GWHPBPAQ019909	JLX054540.1, JLX105740.1, JLX105740.2, JLX173810.1, JLX173810.2
OG0000557	GWHPBPAQ013212	JLX079410.1, JLX079410.2, JLX079410.3, JLX079410.4, JLX079410.5, JLX079410.6, JLX079410.7
OG0000558	GWHPBPAQ013285	JLX078310.1, JLX078310.2, JLX078310.3, JLX078310.4, JLX078310.5, JLX078310.6, JLX078310.7
OG0000559	GWHPBPAQ013516	JLX081230.1, JLX081230.2, JLX081230.3, JLX081230.4, JLX081230.5, JLX081230.6, JLX081230.7
OG0000560	GWHPBPAQ013654	JLX197090.1, JLX197090.2, JLX197090.3, JLX197090.4, JLX197090.5, JLX197090.6, JLX197090.7
OG0000561	GWHPBPAQ013789, GWHPBPAQ015013, GWHPBPAQ015015, GWHPBPAQ015016, GWHPBPAQ015017	JLX024480.1, JLX112410.1, JLX116660.1
OG0000562	GWHPBPAQ013804	JLX194660.1, JLX194660.2, JLX194660.3, JLX194660.4, JLX194660.5, JLX194660.6, JLX194660.7
OG0000563	GWHPBPAQ013807	JLX196260.1, JLX196260.2, JLX196260.3, JLX196260.4, JLX196260.5, JLX196260.6, JLX196260.7
OG0000564	GWHPBPAQ013867	JLX196190.1, JLX196190.2, JLX196190.3, JLX196190.4, JLX196190.5, JLX196190.6, JLX196190.7
OG0000565	GWHPBPAQ013900	JLX191850.1, JLX191850.2, JLX191850.3, JLX191850.4, JLX191850.5, JLX191850.6, JLX191850.7
OG0000566	GWHPBPAQ014090	JLX197330.1, JLX197330.2, JLX197330.3, JLX197330.4, JLX197330.5, JLX197330.6, JLX197330.7
OG0000567	GWHPBPAQ014177, GWHPBPAQ019426	JLX107410.1, JLX107410.2, JLX107410.3, JLX107410.4, JLX107410.5, JLX107410.6
OG0000568	GWHPBPAQ014486, GWHPBPAQ014487, GWHPBPAQ014488, GWHPBPAQ014489	JLX168590.1, JLX170830.1, JLX170830.2, JLX172300.1
OG0000569	GWHPBPAQ014755	JLX115880.1, JLX115880.2, JLX115880.3, JLX115880.4, JLX115880.5, JLX115880.6, JLX115880.7
OG0000570	GWHPBPAQ014833, GWHPBPAQ017370, GWHPBPAQ017421, GWHPBPAQ020826	JLX113630.1, JLX121130.1, JLX174450.1, JLX180340.1
OG0000571	GWHPBPAQ014872	JLX110300.1, JLX110300.2, JLX110300.3, JLX110300.4, JLX110300.5, JLX110300.6, JLX110300.7
OG0000572	GWHPBPAQ014983, GWHPBPAQ014984, GWHPBPAQ014985, GWHPBPAQ014986, GWHPBPAQ017091	JLX112720.1, JLX113990.1, JLX114550.1
OG0000573	GWHPBPAQ015076	JLX112240.1, JLX112240.2, JLX112240.3, JLX112240.4, JLX112240.5, JLX112240.6, JLX112240.7
OG0000574	GWHPBPAQ015632	JLX118260.1, JLX118260.2, JLX118260.3, JLX118260.4, JLX118260.5, JLX118260.6, JLX118260.7
OG0000575	GWHPBPAQ015791	JLX112780.1, JLX112780.2, JLX112780.3, JLX112780.4, JLX112780.5, JLX112780.6, JLX210040.1
OG0000576	GWHPBPAQ015808	JLX111480.1, JLX111480.2, JLX111480.3, JLX111480.4, JLX111480.5, JLX111480.6, JLX111480.7
OG0000577	GWHPBPAQ015813, GWHPBPAQ015814, GWHPBPAQ015815, GWHPBPAQ015816, GWHPBPAQ015817, GWHPBPAQ015818	JLX109160.1, JLX115440.1
OG0000578	GWHPBPAQ015917	JLX227620.1, JLX227620.2, JLX227620.3, JLX227620.4, JLX227620.5, JLX227620.6, JLX227620.7
OG0000579	GWHPBPAQ016192	JLX136050.1, JLX136050.2, JLX136050.3, JLX136050.4, JLX136050.5, JLX136050.6, JLX136050.7
OG0000580	GWHPBPAQ016212, GWHPBPAQ016213, GWHPBPAQ016214	JLX135790.1, JLX135790.2, JLX135790.3, JLX135790.4, JLX136240.1
OG0000581	GWHPBPAQ016857	JLX219920.1, JLX219920.2, JLX219920.3, JLX219920.4, JLX219920.5, JLX219920.6, JLX219920.7
OG0000582	GWHPBPAQ017231, GWHPBPAQ020659	JLX137100.1, JLX137100.2, JLX177620.1, JLX177620.2, JLX177620.3, JLX177620.4
OG0000583	GWHPBPAQ017266, GWHPBPAQ017267, GWHPBPAQ017268, GWHPBPAQ017269	JLX173390.1, JLX174130.1, JLX176790.1, JLX177520.1
OG0000584	GWHPBPAQ017327, GWHPBPAQ017360, GWHPBPAQ020783	JLX118840.1, JLX118840.2, JLX118840.3, JLX176660.1, JLX180990.1
OG0000585	GWHPBPAQ017575	JLX174120.1, JLX174120.2, JLX174120.3, JLX174120.4, JLX174120.5, JLX174120.6, JLX174120.7
OG0000586	GWHPBPAQ017586, GWHPBPAQ017588, GWHPBPAQ017589, GWHPBPAQ021032	JLX180950.1, JLX181180.1, JLX182440.1, JLX228440.1
OG0000587	GWHPBPAQ017663, GWHPBPAQ017664	JLX178010.1, JLX178010.2, JLX178010.3, JLX178010.4, JLX182250.1, JLX182250.2
OG0000588	GWHPBPAQ017728	JLX176070.1, JLX176070.2, JLX176070.3, JLX176070.4, JLX176070.5, JLX176070.6, JLX176070.7
OG0000589	GWHPBPAQ017768, GWHPBPAQ019989	JLX146490.1, JLX146490.2, JLX146490.3, JLX146490.4, JLX176170.1, JLX176170.2
OG0000590	GWHPBPAQ017980	JLX175130.1, JLX175130.2, JLX175130.3, JLX175130.4, JLX175130.5, JLX175130.6, JLX175130.7
OG0000591	GWHPBPAQ018096	JLX179000.1, JLX179000.2, JLX179000.3, JLX179000.4, JLX179000.5, JLX179000.6, JLX179000.7
OG0000592	GWHPBPAQ018221	JLX120790.1, JLX120790.2, JLX120790.3, JLX120790.4, JLX120790.5, JLX120790.6, JLX120790.7
OG0000593	GWHPBPAQ018285, GWHPBPAQ018286, GWHPBPAQ019150	JLX052290.1, JLX053480.1, JLX120020.1, JLX120280.1, JLX120520.1
OG0000594	GWHPBPAQ018412, GWHPBPAQ018418, GWHPBPAQ018445, GWHPBPAQ018446	JLX053300.1, JLX053510.1, JLX168150.1, JLX168150.2
OG0000595	GWHPBPAQ018580, GWHPBPAQ018581, GWHPBPAQ018585, GWHPBPAQ018586, GWHPBPAQ018587, GWHPBPAQ018598	JLX096530.1, JLX098980.1
OG0000596	GWHPBPAQ018876	JLX046700.1, JLX046700.2, JLX046700.3, JLX046700.4, JLX226420.1, JLX226420.2, JLX226420.3
OG0000597	GWHPBPAQ019067	JLX046540.1, JLX046540.2, JLX046540.3, JLX046540.4, JLX046540.5, JLX046540.6, JLX046540.7
OG0000598	GWHPBPAQ019395	JLX101070.1, JLX101070.2, JLX101070.3, JLX101070.4, JLX101070.5, JLX101070.6, JLX101070.7
OG0000599	GWHPBPAQ019538	JLX104130.1, JLX104130.2, JLX104130.3, JLX104130.4, JLX104130.5, JLX104130.6, JLX104130.7
OG0000600	GWHPBPAQ019542	JLX103050.1, JLX103050.2, JLX103050.3, JLX103050.4, JLX103050.5, JLX103050.6, JLX103050.7
OG0000601	GWHPBPAQ019620, GWHPBPAQ019621	JLX100910.1, JLX100910.2, JLX101680.1, JLX103630.1, JLX103660.1, JLX107140.1
OG0000602	GWHPBPAQ019825	JLX106630.1, JLX106630.2, JLX106630.3, JLX106630.4, JLX106630.5, JLX106630.6, JLX106630.7
OG0000603	GWHPBPAQ020123	JLX145820.1, JLX145820.2, JLX145820.3, JLX145820.4, JLX145820.5, JLX145820.6, JLX145820.7
OG0000604	GWHPBPAQ020184, GWHPBPAQ020186, GWHPBPAQ020187	JLX147270.1, JLX147270.2, JLX147270.3, JLX147270.4, JLX147270.5
OG0000605	GWHPBPAQ020792	JLX119200.1, JLX119320.1, JLX120330.1, JLX120500.1, JLX121280.1, JLX121310.1, JLX121830.1
OG0000606	GWHPBPAQ020800	JLX121390.1, JLX121390.2, JLX121390.3, JLX121390.4, JLX121390.5, JLX121390.6, JLX121390.7
OG0000607	GWHPBPAQ020897	JLX119680.1, JLX119680.2, JLX119680.3, JLX119680.4, JLX119680.5, JLX119680.6, JLX119680.7
OG0000608	GWHPBPAQ021622	JLX019430.1, JLX019430.2, JLX019430.3, JLX019430.4, JLX019430.5, JLX019430.6, JLX019430.7
OG0000609	GWHPBPAQ021712	JLX021560.1, JLX021560.2, JLX021560.3, JLX021560.4, JLX021560.5, JLX021560.6, JLX021560.7
OG0000610	GWHPBPAQ021746	JLX020710.1, JLX020710.2, JLX020710.3, JLX020710.4, JLX020710.5, JLX020710.6, JLX020710.7
OG0000611	GWHPBPAQ021770, GWHPBPAQ021771	JLX022960.1, JLX023470.1, JLX023470.2, JLX023470.3, JLX024680.1, JLX024680.2
OG0000612	GWHPBPAQ021793	JLX023600.1, JLX023600.2, JLX023600.3, JLX023600.4, JLX023600.5, JLX023600.6, JLX023600.7
OG0000613	GWHPBPAQ021986	JLX023360.1, JLX023360.2, JLX023360.3, JLX023360.4, JLX023360.5, JLX023360.6, JLX023360.7
OG0000614	GWHPBPAQ022480	JLX093590.1, JLX093590.2, JLX093590.3, JLX093590.4, JLX093590.5, JLX093590.6, JLX093590.7
OG0000615	GWHPBPAQ022601	JLX094200.1, JLX094200.2, JLX094200.3, JLX094200.4, JLX094200.5, JLX094200.6, JLX094200.7
OG0000616	GWHPBPAQ023060, GWHPBPAQ023062	JLX088240.1, JLX088240.2, JLX088240.3, JLX088240.4, JLX088240.5, JLX088650.1
OG0000617	GWHPBPAQ023168	JLX085520.1, JLX085520.2, JLX085520.3, JLX085520.4, JLX085520.5, JLX085520.6, JLX085520.7
OG0000618	Null	JLX046210.1, JLX130540.1, JLX149720.1, JLX149730.1, JLX149760.1, JLX149840.1, JLX149870.1, JLX216400.1
OG0000619	Null	JLX169630.1, JLX170130.1, JLX170130.2, JLX170130.3, JLX170130.4, JLX170130.5, JLX170130.6, JLX170130.7
OG0000620	Null	JLX002250.1, JLX041370.1, JLX041380.1, JLX041410.1, JLX150960.1, JLX150980.1, JLX164820.1, JLX207900.1
OG0000621	Null	JLX071620.1, JLX071620.2, JLX071620.3, JLX071620.4, JLX071620.5, JLX071620.6, JLX071620.7, JLX071620.8
OG0000622	Null	JLX068860.1, JLX115110.1, JLX163900.1, JLX173220.1, JLX173220.2, JLX173220.3, JLX216500.1, JLX230670.1
OG0000623	Null	JLX120320.1, JLX179900.1, JLX188590.1, JLX204810.1, JLX204960.1, JLX216470.1, JLX216790.1, JLX217480.1
OG0000624	Null	JLX000380.1, JLX069420.1, JLX095950.1, JLX096140.1, JLX096170.1, JLX097980.1, JLX099580.1, JLX142250.1
OG0000625	Null	JLX058810.1, JLX060790.1, JLX061470.1, JLX062150.1, JLX089420.1, JLX126560.1, JLX207760.1, JLX207760.2
OG0000626	Null	JLX003090.1, JLX058050.1, JLX069170.1, JLX150910.1, JLX172850.1, JLX210100.1, JLX230460.1, JLX231120.1
OG0000627	Null	JLX054930.1, JLX054930.2, JLX054930.3, JLX054930.4, JLX054930.5, JLX054930.6, JLX054930.7, JLX054930.8
OG0000628	Null	JLX163920.1, JLX164020.1, JLX164170.1, JLX164240.1, JLX164250.1, JLX164260.1, JLX164380.1, JLX164440.1
OG0000629	Null	JLX001780.1, JLX036290.1, JLX046360.1, JLX077680.1, JLX108500.1, JLX141270.1, JLX198000.1, JLX229950.1
OG0000630	Null	JLX007160.1, JLX011280.1, JLX020520.1, JLX058090.1, JLX077860.1, JLX082020.1, JLX093400.1, JLX120960.1
OG0000631	Null	JLX046830.1, JLX047250.1, JLX048410.1, JLX068350.1, JLX118890.1, JLX143600.1, JLX143820.1, JLX203140.1
OG0000632	Null	JLX002260.1, JLX041400.1, JLX041430.1, JLX077170.1, JLX077390.1, JLX077540.1, JLX095100.1, JLX189730.1
OG0000633	Null	JLX198700.1, JLX198700.2, JLX198700.3, JLX198700.4, JLX198700.5, JLX198700.6, JLX198700.7, JLX198700.8
OG0000634	GWHPBPAQ000257	JLX054730.1, JLX054730.2, JLX054730.3, JLX054730.4, JLX054730.5, JLX054730.6
OG0000635	GWHPBPAQ000296, GWHPBPAQ013069, GWHPBPAQ014296	JLX068630.1, JLX068630.2, JLX172190.1, JLX172190.2
OG0000636	GWHPBPAQ000332, GWHPBPAQ019391, GWHPBPAQ019392	JLX054920.1, JLX054920.2, JLX103580.1, JLX104450.1
OG0000637	GWHPBPAQ000357, GWHPBPAQ000358, GWHPBPAQ000359	JLX055040.1, JLX055040.2, JLX055660.1, JLX056950.1
OG0000638	GWHPBPAQ000521, GWHPBPAQ014066	JLX149120.1, JLX149120.2, JLX195290.1, JLX195290.2, JLX195290.3
OG0000639	GWHPBPAQ000592, GWHPBPAQ006666	JLX016750.1, JLX016750.2, JLX016750.3, JLX016750.4, JLX203100.1
OG0000640	GWHPBPAQ000604, GWHPBPAQ000605, GWHPBPAQ021589	JLX018160.1, JLX018160.2, JLX018160.3, JLX018160.4
OG0000641	GWHPBPAQ000636	JLX017620.1, JLX017620.2, JLX017620.3, JLX017620.4, JLX017620.5, JLX017620.6
OG0000642	GWHPBPAQ000656, GWHPBPAQ013847, GWHPBPAQ013848	JLX018370.1, JLX192920.1, JLX194750.1, JLX194750.2
OG0000643	GWHPBPAQ000774	JLX018780.1, JLX018780.2, JLX018780.3, JLX018780.4, JLX018780.5, JLX018780.6
OG0000644	GWHPBPAQ000871	JLX048330.1, JLX048330.2, JLX048330.3, JLX048330.4, JLX048330.5, JLX048330.6
OG0000645	GWHPBPAQ000968, GWHPBPAQ005545, GWHPBPAQ005550, GWHPBPAQ005552, GWHPBPAQ016197, GWHPBPAQ016743, GWHPBPAQ016744	
OG0000646	GWHPBPAQ001033, GWHPBPAQ014382, GWHPBPAQ019265	JLX096570.1, JLX096570.2, JLX106050.1, JLX170180.1
OG0000647	GWHPBPAQ001244, GWHPBPAQ001246, GWHPBPAQ001365	JLX095660.1, JLX097000.1, JLX097000.2, JLX098460.1
OG0000648	GWHPBPAQ001251, GWHPBPAQ008485	JLX011480.1, JLX098810.1, JLX098810.2, JLX098810.3, JLX098810.4
OG0000649	GWHPBPAQ001327, GWHPBPAQ001328, GWHPBPAQ001330, GWHPBPAQ001331, GWHPBPAQ001333, GWHPBPAQ001334	JLX098740.1
OG0000650	GWHPBPAQ001408, GWHPBPAQ012907, GWHPBPAQ012908, GWHPBPAQ016063, GWHPBPAQ018548	JLX066470.1, JLX100250.1
OG0000651	GWHPBPAQ001464, GWHPBPAQ001807, GWHPBPAQ010949, GWHPBPAQ011894, GWHPBPAQ018371	JLX052240.1, JLX142640.1
OG0000652	GWHPBPAQ001496, GWHPBPAQ001497, GWHPBPAQ001499	JLX064790.1, JLX064840.1, JLX064840.2, JLX064890.1
OG0000653	GWHPBPAQ001504, GWHPBPAQ001509, GWHPBPAQ010287, GWHPBPAQ010288	JLX064680.1, JLX065360.1, JLX132950.1
OG0000654	GWHPBPAQ001522	JLX065200.1, JLX065200.2, JLX065200.3, JLX065200.4, JLX065200.5, JLX065200.6
OG0000655	GWHPBPAQ001587	JLX083140.1, JLX083140.2, JLX083140.3, JLX083140.4, JLX083140.5, JLX083140.6
OG0000656	GWHPBPAQ001591, GWHPBPAQ001595, GWHPBPAQ001598, GWHPBPAQ001600, GWHPBPAQ009564	JLX064580.1, JLX083300.1
OG0000657	GWHPBPAQ001594, GWHPBPAQ001597, GWHPBPAQ001599, GWHPBPAQ001604, GWHPBPAQ002668, GWHPBPAQ004313, GWHPBPAQ011850	
OG0000658	GWHPBPAQ001758, GWHPBPAQ019873	JLX101430.1, JLX101430.2, JLX166580.1, JLX166580.2, JLX166580.3
OG0000659	GWHPBPAQ001908	JLX205370.1, JLX205370.2, JLX205370.3, JLX205370.4, JLX205370.5, JLX205370.6
OG0000660	GWHPBPAQ001932, GWHPBPAQ014134	JLX188640.1, JLX188640.2, JLX195080.1, JLX195080.2, JLX195080.3
OG0000661	GWHPBPAQ001942, GWHPBPAQ011960	JLX188350.1, JLX188350.2, JLX188350.3, JLX231840.1, JLX231840.2
OG0000662	GWHPBPAQ002003, GWHPBPAQ012007	JLX076510.1, JLX122210.1, JLX122210.2, JLX122210.3, JLX122210.4
OG0000663	GWHPBPAQ002023	JLX000050.1, JLX000060.1, JLX000070.1, JLX152450.1, JLX152480.1, JLX152760.1
OG0000664	GWHPBPAQ002036, GWHPBPAQ002037, GWHPBPAQ007892	JLX033230.1, JLX152730.1, JLX197730.1, JLX198250.1
OG0000665	GWHPBPAQ002177, GWHPBPAQ005786, GWHPBPAQ022615, GWHPBPAQ022616, GWHPBPAQ022625, GWHPBPAQ022626	JLX191170.1
OG0000666	GWHPBPAQ002239, GWHPBPAQ002240, GWHPBPAQ002241	JLX083470.1, JLX148920.1, JLX148950.1, JLX149100.1
OG0000667	GWHPBPAQ002335, GWHPBPAQ012583, GWHPBPAQ020941	JLX151990.1, JLX151990.2, JLX206460.1, JLX206460.2
OG0000668	GWHPBPAQ002408	JLX121920.1, JLX151070.1, JLX151070.2, JLX151070.3, JLX151070.4, JLX230620.1
OG0000669	GWHPBPAQ002471	JLX005920.1, JLX005920.2, JLX005920.3, JLX005920.4, JLX005920.5, JLX005920.6
OG0000670	GWHPBPAQ002503	JLX005960.1, JLX005960.2, JLX005960.3, JLX005960.4, JLX005960.5, JLX005960.6
OG0000671	GWHPBPAQ002516	JLX006630.1, JLX006630.2, JLX006630.3, JLX006630.4, JLX006630.5, JLX006630.6
OG0000672	GWHPBPAQ002562, GWHPBPAQ021311	JLX007820.1, JLX007820.2, JLX007820.3, JLX007820.4, JLX164830.1
OG0000673	GWHPBPAQ002625, GWHPBPAQ003983, GWHPBPAQ021901	JLX008360.1, JLX019630.1, JLX157370.1, JLX157370.2
OG0000674	GWHPBPAQ002660, GWHPBPAQ002949, GWHPBPAQ017187, GWHPBPAQ022683	JLX007140.1, JLX007480.1, JLX165730.1
OG0000675	GWHPBPAQ002679, GWHPBPAQ002681, GWHPBPAQ002682, GWHPBPAQ002683, GWHPBPAQ002686, GWHPBPAQ002687	JLX003870.1
OG0000676	GWHPBPAQ002829, GWHPBPAQ022736, GWHPBPAQ022737	JLX052070.1, JLX052070.2, JLX052070.3, JLX052070.4
OG0000677	GWHPBPAQ002833, GWHPBPAQ002834, GWHPBPAQ002835	JLX004340.1, JLX005080.1, JLX007380.1, JLX007380.2
OG0000678	GWHPBPAQ002840	JLX003650.1, JLX003650.2, JLX003650.3, JLX003650.4, JLX003650.5, JLX003650.6
OG0000679	GWHPBPAQ002904, GWHPBPAQ008704, GWHPBPAQ022579	JLX008110.1, JLX014910.1, JLX093770.1, JLX093770.2
OG0000680	GWHPBPAQ002914	JLX006340.1, JLX006340.2, JLX006340.3, JLX006340.4, JLX006340.5, JLX006340.6
OG0000681	GWHPBPAQ002920, GWHPBPAQ010315, GWHPBPAQ010317	JLX006020.1, JLX124060.1, JLX126850.1, JLX129710.1
OG0000682	GWHPBPAQ002941	JLX007330.1, JLX007330.2, JLX007330.3, JLX007330.4, JLX007330.5, JLX007330.6
OG0000683	GWHPBPAQ002967	JLX003410.1, JLX003410.2, JLX003410.3, JLX003410.4, JLX003410.5, JLX003410.6
OG0000684	GWHPBPAQ003012	JLX071980.1, JLX071980.2, JLX071980.3, JLX071980.4, JLX071980.5, JLX071980.6
OG0000685	GWHPBPAQ003101	JLX073530.1, JLX073530.2, JLX073530.3, JLX073530.4, JLX073530.5, JLX073530.6
OG0000686	GWHPBPAQ003136, GWHPBPAQ003137	JLX075390.1, JLX075390.2, JLX075390.3, JLX075390.4, JLX075390.5
OG0000687	GWHPBPAQ003319, GWHPBPAQ008313, GWHPBPAQ022785, GWHPBPAQ023257	JLX075190.1, JLX086990.1, JLX086990.2
OG0000688	GWHPBPAQ003321, GWHPBPAQ012512	JLX163710.1, JLX163710.2, JLX163710.3, JLX163710.4, JLX163710.5
OG0000689	GWHPBPAQ003350, GWHPBPAQ011350	JLX074450.1, JLX089660.1, JLX089660.2, JLX089660.3, JLX089660.4
OG0000690	GWHPBPAQ003354	JLX070100.1, JLX070100.2, JLX070100.3, JLX070100.4, JLX070100.5, JLX087120.1
OG0000691	GWHPBPAQ003462	JLX070480.1, JLX070480.2, JLX070480.3, JLX070480.4, JLX070480.5, JLX070480.6
OG0000692	GWHPBPAQ003757	JLX028830.1, JLX028830.2, JLX028830.3, JLX028830.4, JLX028830.5, JLX028830.6
OG0000693	GWHPBPAQ003835	JLX156190.1, JLX156190.2, JLX156190.3, JLX156190.4, JLX156190.5, JLX156190.6
OG0000694	GWHPBPAQ003907	JLX158240.1, JLX158240.2, JLX158240.3, JLX158240.4, JLX158240.5, JLX158240.6
OG0000695	GWHPBPAQ003990	JLX157900.1, JLX157900.2, JLX157900.3, JLX157900.4, JLX157900.5, JLX157900.6
OG0000696	GWHPBPAQ003992	JLX156740.1, JLX156740.2, JLX156740.3, JLX156740.4, JLX156740.5, JLX156740.6
OG0000697	GWHPBPAQ004127	JLX157480.1, JLX157480.2, JLX157480.3, JLX157480.4, JLX157480.5, JLX157480.6
OG0000698	GWHPBPAQ004158, GWHPBPAQ005580, GWHPBPAQ005791, GWHPBPAQ014919	JLX107900.1, JLX191430.1, JLX208620.1
OG0000699	GWHPBPAQ004240, GWHPBPAQ009728, GWHPBPAQ011839	JLX008740.1, JLX008740.2, JLX035190.1, JLX186430.1
OG0000700	GWHPBPAQ004295	JLX008800.1, JLX008800.2, JLX008800.3, JLX041590.1, JLX041590.2, JLX041590.3
OG0000701	GWHPBPAQ004350	JLX092720.1, JLX092720.2, JLX092720.3, JLX092720.4, JLX092720.5, JLX092720.6
OG0000702	GWHPBPAQ004493, GWHPBPAQ018615	JLX099170.1, JLX099170.2, JLX223270.1, JLX223270.2, JLX223270.3
OG0000703	GWHPBPAQ004516	JLX223530.1, JLX223530.2, JLX223530.3, JLX223530.4, JLX223530.5, JLX223530.6
OG0000704	GWHPBPAQ004570, GWHPBPAQ018713, GWHPBPAQ019764	JLX045480.1, JLX045480.2, JLX106250.1, JLX223570.1
OG0000705	GWHPBPAQ004632, GWHPBPAQ010087	JLX122550.1, JLX223500.1, JLX223500.2, JLX223500.3, JLX223500.4
OG0000706	GWHPBPAQ004698, GWHPBPAQ010829, GWHPBPAQ018864	JLX018440.1, JLX078300.1, JLX119970.1, JLX126000.1
OG0000707	GWHPBPAQ004789, GWHPBPAQ018978	JLX042660.1, JLX042660.2, JLX042660.3, JLX225270.1, JLX225270.2
OG0000708	GWHPBPAQ004850, GWHPBPAQ017948	JLX175170.1, JLX226600.1, JLX226600.2, JLX226600.3, JLX226600.4
OG0000709	GWHPBPAQ004927, GWHPBPAQ004928, GWHPBPAQ004929	JLX224240.1, JLX225770.1, JLX225770.2, JLX226710.1
OG0000710	GWHPBPAQ004941	JLX225220.1, JLX225220.2, JLX225220.3, JLX225220.4, JLX225220.5, JLX225220.6
OG0000711	GWHPBPAQ004964	JLX224750.2, JLX224750.3, JLX224750.4, JLX224750.5, JLX224750.6, JLX224750.7
OG0000712	GWHPBPAQ005145, GWHPBPAQ013326, GWHPBPAQ013327, GWHPBPAQ017538	JLX079500.1, JLX080620.1, JLX175620.1
OG0000713	GWHPBPAQ005164	JLX212500.1, JLX212500.2, JLX212500.3, JLX212500.4, JLX212500.5, JLX212500.6
OG0000714	GWHPBPAQ005211, GWHPBPAQ016236, GWHPBPAQ016237, GWHPBPAQ018035	JLX175520.1, JLX175520.2, JLX211060.1
OG0000715	GWHPBPAQ005233	JLX065910.1, JLX065910.2, JLX065910.3, JLX065910.4, JLX065910.5, JLX065910.6
OG0000716	GWHPBPAQ005246, GWHPBPAQ016299, GWHPBPAQ016646	JLX036570.1, JLX037810.1, JLX037810.2, JLX066240.1
OG0000717	GWHPBPAQ005456	JLX209220.1, JLX209220.2, JLX209220.3, JLX209220.4, JLX209220.5, JLX209220.6
OG0000718	GWHPBPAQ005577	JLX209710.1, JLX209710.2, JLX209710.3, JLX209710.4, JLX209710.5, JLX209710.6
OG0000719	GWHPBPAQ005593, GWHPBPAQ010902, GWHPBPAQ010903, GWHPBPAQ015020	JLX054100.1, JLX113390.1, JLX128680.1
OG0000720	GWHPBPAQ005596, GWHPBPAQ014705	JLX054270.1, JLX054270.2, JLX054270.3, JLX109910.1, JLX109910.2
OG0000721	GWHPBPAQ005649, GWHPBPAQ016910, GWHPBPAQ019095	JLX030020.1, JLX046370.1, JLX150290.1, JLX191130.1
OG0000722	GWHPBPAQ005662	JLX190880.1, JLX190880.2, JLX190880.3, JLX190880.4, JLX190880.5, JLX190880.6
OG0000723	GWHPBPAQ005745, GWHPBPAQ014863	JLX114150.1, JLX114150.2, JLX191120.1, JLX191120.2, JLX191120.3
OG0000724	GWHPBPAQ005780, GWHPBPAQ016907, GWHPBPAQ021728, GWHPBPAQ021729, GWHPBPAQ021730	JLX023160.1, JLX023160.5
OG0000725	GWHPBPAQ006005, GWHPBPAQ020207, GWHPBPAQ020208	JLX001640.1, JLX145050.1, JLX145050.2, JLX145050.3
OG0000726	GWHPBPAQ006139, GWHPBPAQ006140, GWHPBPAQ006141, GWHPBPAQ008643, GWHPBPAQ010337, GWHPBPAQ014770	JLX013350.1
OG0000727	GWHPBPAQ006167, GWHPBPAQ006667, GWHPBPAQ014575	JLX169570.1, JLX169570.2, JLX203950.1, JLX217020.1
OG0000728	GWHPBPAQ006190	JLX069820.1, JLX069830.1, JLX069830.2, JLX217200.1, JLX217200.2, JLX217200.3
OG0000729	GWHPBPAQ006208	JLX216600.1, JLX216600.2, JLX216600.3, JLX216600.4, JLX216600.5, JLX216600.6
OG0000730	GWHPBPAQ006280	JLX068320.1, JLX068320.2, JLX068320.3, JLX068320.4, JLX068320.5, JLX068320.6
OG0000731	GWHPBPAQ006300, GWHPBPAQ006527, GWHPBPAQ006529, GWHPBPAQ006530	JLX033400.1, JLX033820.1, JLX034640.1
OG0000732	GWHPBPAQ006371, GWHPBPAQ006375, GWHPBPAQ013458, GWHPBPAQ013459, GWHPBPAQ013544	JLX078720.1, JLX081280.1
OG0000733	GWHPBPAQ006410, GWHPBPAQ010134, GWHPBPAQ011646	JLX032550.1, JLX124290.1, JLX124290.2, JLX166440.1
OG0000734	GWHPBPAQ006413	JLX034180.1, JLX034180.2, JLX034180.3, JLX034180.4, JLX034180.5, JLX034180.6
OG0000735	GWHPBPAQ006452, GWHPBPAQ012252, GWHPBPAQ023130	JLX034150.1, JLX087210.1, JLX087210.2, JLX162970.1
OG0000736	GWHPBPAQ006538, GWHPBPAQ021455, GWHPBPAQ021456	JLX032330.1, JLX077560.1, JLX077990.1, JLX133560.1
OG0000737	GWHPBPAQ006664	JLX201990.1, JLX201990.2, JLX201990.3, JLX201990.4, JLX201990.5, JLX201990.6
OG0000738	GWHPBPAQ006759, GWHPBPAQ006762, GWHPBPAQ009518	JLX064520.1, JLX064520.2, JLX202230.1, JLX203570.1
OG0000739	GWHPBPAQ006796, GWHPBPAQ007622, GWHPBPAQ014509	JLX170780.1, JLX202080.1, JLX202080.2, JLX202080.3
OG0000740	GWHPBPAQ006866, GWHPBPAQ006867	JLX203820.1, JLX203820.2, JLX203820.3, JLX203820.4, JLX204160.1
OG0000741	GWHPBPAQ007006, GWHPBPAQ011531, GWHPBPAQ019857, GWHPBPAQ019858	JLX042010.1, JLX199960.1, JLX199960.2
OG0000742	GWHPBPAQ007009	JLX202990.1, JLX202990.2, JLX202990.3, JLX202990.4, JLX202990.5, JLX202990.6
OG0000743	GWHPBPAQ007048, GWHPBPAQ007049, GWHPBPAQ007053, GWHPBPAQ014160	JLX201010.1, JLX204940.1, JLX204940.2
OG0000744	GWHPBPAQ007199	JLX025610.1, JLX025610.2, JLX025610.3, JLX025610.4, JLX025610.5, JLX025610.6
OG0000745	GWHPBPAQ007269, GWHPBPAQ015944	JLX026510.1, JLX026510.2, JLX026510.3, JLX026510.4, JLX026510.5
OG0000746	GWHPBPAQ007281, GWHPBPAQ009202, GWHPBPAQ010589, GWHPBPAQ013859	JLX025900.1, JLX025900.2, JLX192890.1
OG0000747	GWHPBPAQ007356	JLX026660.1, JLX026660.2, JLX055530.1, JLX055530.2, JLX055530.3, JLX055530.4
OG0000748	GWHPBPAQ007505, GWHPBPAQ007506	JLX142900.1, JLX143250.1, JLX144470.1, JLX196410.1, JLX201920.1
OG0000749	GWHPBPAQ007624, GWHPBPAQ013165	JLX144910.1, JLX144910.2, JLX144910.3, JLX144910.4, JLX144910.5
OG0000750	GWHPBPAQ007628, GWHPBPAQ016091, GWHPBPAQ016092, GWHPBPAQ016121, GWHPBPAQ017958, GWHPBPAQ018373	JLX181990.1
OG0000751	GWHPBPAQ007870, GWHPBPAQ015513	JLX112230.1, JLX197800.1, JLX197800.2, JLX197800.3, JLX197800.4
OG0000752	GWHPBPAQ007879, GWHPBPAQ009404, GWHPBPAQ009712, GWHPBPAQ019113	JLX045800.1, JLX062180.1, JLX198600.1
OG0000753	GWHPBPAQ007885	JLX198970.1, JLX198970.2, JLX198970.3, JLX198970.4, JLX198970.5, JLX198970.6
OG0000754	GWHPBPAQ007915, GWHPBPAQ007919, GWHPBPAQ009443	JLX030350.1, JLX030350.2, JLX031340.1, JLX059960.1
OG0000755	GWHPBPAQ007948	JLX030560.1, JLX030560.2, JLX030560.3, JLX030560.4, JLX030560.5, JLX030560.6
OG0000756	GWHPBPAQ008128, GWHPBPAQ008134	JLX030720.1, JLX031320.1, JLX031910.1, JLX090460.1, JLX090480.1
OG0000757	GWHPBPAQ008150, GWHPBPAQ008151, GWHPBPAQ008152, GWHPBPAQ008153	JLX153560.1, JLX153830.1, JLX154210.1
OG0000758	GWHPBPAQ008408	JLX012290.1, JLX012290.2, JLX012290.3, JLX012290.4, JLX012290.5, JLX012290.6
OG0000759	GWHPBPAQ008563, GWHPBPAQ012588, GWHPBPAQ021499	JLX014100.1, JLX072460.1, JLX158410.1, JLX158410.2
OG0000760	GWHPBPAQ008605	JLX014560.1, JLX014560.2, JLX014560.3, JLX014560.4, JLX014560.5, JLX014560.6
OG0000761	GWHPBPAQ008672, GWHPBPAQ008673, GWHPBPAQ008685	JLX011430.1, JLX012830.1, JLX014380.1, JLX014550.1
OG0000762	GWHPBPAQ008787	JLX012790.1, JLX012790.2, JLX012790.3, JLX012790.4, JLX012790.5, JLX012790.6
OG0000763	GWHPBPAQ008838	JLX011420.1, JLX011420.2, JLX011420.3, JLX011420.4, JLX011420.5, JLX011420.6
OG0000764	GWHPBPAQ008848	JLX012810.1, JLX012810.2, JLX012810.3, JLX012810.4, JLX012810.5, JLX012810.6
OG0000765	GWHPBPAQ008857	JLX015550.1, JLX015550.2, JLX015550.3, JLX015550.4, JLX015550.5, JLX015550.6
OG0000766	GWHPBPAQ008884	JLX011290.1, JLX012750.1, JLX012750.2, JLX012750.3, JLX012750.4, JLX012750.5
OG0000767	GWHPBPAQ008924, GWHPBPAQ008925, GWHPBPAQ008926, GWHPBPAQ008927	JLX010910.1, JLX011760.1, JLX012670.1
OG0000768	GWHPBPAQ008928, GWHPBPAQ008930	JLX015570.1, JLX015570.2, JLX015570.3, JLX015570.4, JLX015570.5
OG0000769	GWHPBPAQ009003, GWHPBPAQ009004, GWHPBPAQ009006, GWHPBPAQ009008, GWHPBPAQ009010	JLX063550.1, JLX064370.1
OG0000770	GWHPBPAQ009060	JLX063880.1, JLX063880.2, JLX063880.3, JLX063880.4, JLX063880.5, JLX063880.6
OG0000771	GWHPBPAQ009307, GWHPBPAQ009315, GWHPBPAQ015348, GWHPBPAQ015350, GWHPBPAQ015352	JLX060680.1, JLX063570.1
OG0000772	GWHPBPAQ009517	JLX062270.1, JLX062270.2, JLX062270.3, JLX062270.4, JLX062270.5, JLX062270.6
OG0000773	GWHPBPAQ009650	JLX185800.1, JLX185800.2, JLX185800.3, JLX185800.4, JLX185800.5, JLX185800.6
OG0000774	GWHPBPAQ009716, GWHPBPAQ018955, GWHPBPAQ018957, GWHPBPAQ018961	JLX045210.1, JLX119100.1, JLX186040.1
OG0000775	GWHPBPAQ009876	JLX185550.1, JLX185550.2, JLX185550.3, JLX185550.4, JLX185550.5, JLX185550.6
OG0000776	GWHPBPAQ009943, GWHPBPAQ009944	JLX123750.1, JLX123750.2, JLX123750.3, JLX123750.4, JLX129360.1
OG0000777	GWHPBPAQ010032	JLX130660.1, JLX130660.2, JLX130660.3, JLX130660.4, JLX130660.5, JLX130660.6
OG0000778	GWHPBPAQ010226	JLX132490.1, JLX132490.2, JLX132490.3, JLX132490.4, JLX132490.5, JLX132490.6
OG0000779	GWHPBPAQ010269, GWHPBPAQ011671	JLX135310.1, JLX135310.2, JLX135310.3, JLX135310.4, JLX135310.5
OG0000780	GWHPBPAQ010286	JLX132080.1, JLX132080.2, JLX132080.3, JLX132080.4, JLX132080.5, JLX132080.6
OG0000781	GWHPBPAQ010455	JLX123130.1, JLX123130.2, JLX123130.3, JLX123130.4, JLX123130.5, JLX123130.6
OG0000782	GWHPBPAQ010536	JLX126600.1, JLX126600.2, JLX126600.3, JLX126600.4, JLX126600.5, JLX126600.6
OG0000783	GWHPBPAQ010566, GWHPBPAQ010568, GWHPBPAQ021097	JLX067540.1, JLX127490.1, JLX127490.2, JLX127490.3
OG0000784	GWHPBPAQ010590	JLX133210.1, JLX133210.2, JLX133210.3, JLX133210.4, JLX133210.5, JLX133210.6
OG0000785	GWHPBPAQ010760, GWHPBPAQ018938	JLX046010.1, JLX046010.2, JLX046010.3, JLX130680.1, JLX130680.2
OG0000786	GWHPBPAQ010772, GWHPBPAQ011522	JLX042030.1, JLX133170.1, JLX133170.2, JLX133170.3, JLX133170.4
OG0000787	GWHPBPAQ010814	JLX128280.1, JLX128280.2, JLX128280.3, JLX128280.4, JLX128280.5, JLX128280.6
OG0000788	GWHPBPAQ010837, GWHPBPAQ013889	JLX126660.1, JLX192100.1, JLX192100.2, JLX192100.3, JLX192100.4
OG0000789	GWHPBPAQ011022	JLX135070.1, JLX135070.2, JLX135070.3, JLX135070.4, JLX135070.5, JLX135070.6
OG0000790	GWHPBPAQ011078	JLX129590.1, JLX129590.2, JLX129590.3, JLX129590.4, JLX129590.5, JLX129590.6
OG0000791	GWHPBPAQ011099	JLX123110.1, JLX124780.1, JLX125450.1, JLX129200.1, JLX133650.1, JLX164950.1
OG0000792	GWHPBPAQ011107	JLX133360.1, JLX133360.2, JLX133360.3, JLX133360.4, JLX133360.5, JLX133360.6
OG0000793	GWHPBPAQ011223	JLX126410.1, JLX126410.2, JLX126410.3, JLX126410.4, JLX126410.5, JLX126410.6
OG0000794	GWHPBPAQ011288, GWHPBPAQ011289, GWHPBPAQ011290	JLX051710.1, JLX122990.1, JLX126230.1, JLX128180.1
OG0000795	GWHPBPAQ011301	JLX129780.1, JLX129780.2, JLX129780.3, JLX129780.4, JLX129780.5, JLX129780.6
OG0000796	GWHPBPAQ011405, GWHPBPAQ011406, GWHPBPAQ011410, GWHPBPAQ011411	JLX084220.1, JLX084620.1, JLX084940.1
OG0000797	GWHPBPAQ012110, GWHPBPAQ017322, GWHPBPAQ020780	JLX119160.1, JLX119160.2, JLX175440.1, JLX214320.1
OG0000798	GWHPBPAQ012124, GWHPBPAQ012125, GWHPBPAQ012126, GWHPBPAQ022550	JLX094550.1, JLX213560.1, JLX213790.1
OG0000799	GWHPBPAQ012142	JLX213860.1, JLX213860.2, JLX213860.3, JLX213860.4, JLX213860.5, JLX213860.6
OG0000800	GWHPBPAQ012169, GWHPBPAQ020748	JLX120220.1, JLX120220.2, JLX213440.1, JLX213440.2, JLX213440.3
OG0000801	GWHPBPAQ012413, GWHPBPAQ012423, GWHPBPAQ012427	JLX160150.1, JLX160470.1, JLX160980.1, JLX161100.1
OG0000802	GWHPBPAQ012452, GWHPBPAQ017371	JLX162710.1, JLX162710.2, JLX162710.3, JLX162710.4, JLX180960.1
OG0000803	GWHPBPAQ012454	JLX158370.1, JLX158370.2, JLX158370.3, JLX158370.4, JLX158370.5, JLX158370.6
OG0000804	GWHPBPAQ012505, GWHPBPAQ012507, GWHPBPAQ012508	JLX159860.1, JLX160670.1, JLX162040.1, JLX162190.1
OG0000805	GWHPBPAQ012568	JLX163840.1, JLX163840.2, JLX163840.3, JLX163840.4, JLX163840.5, JLX163840.6
OG0000806	GWHPBPAQ012734	JLX158950.1, JLX158950.2, JLX158950.3, JLX158950.4, JLX158950.5, JLX158950.6
OG0000807	GWHPBPAQ012793	JLX054380.1, JLX054380.2, JLX054380.3, JLX054380.4, JLX054380.5, JLX054380.6
OG0000808	GWHPBPAQ012876, GWHPBPAQ017776, GWHPBPAQ018535	JLX053360.1, JLX066570.1, JLX174910.2, JLX174910.3
OG0000809	GWHPBPAQ012933, GWHPBPAQ012934, GWHPBPAQ014485	JLX183150.1, JLX183150.2, JLX183150.3, JLX230410.1
OG0000810	GWHPBPAQ012987	JLX001750.1, JLX035330.1, JLX040300.1, JLX040310.1, JLX069560.1, JLX140330.1
OG0000811	GWHPBPAQ013235	JLX081310.1, JLX081310.2, JLX081310.3, JLX081310.4, JLX081310.5, JLX081310.6
OG0000812	GWHPBPAQ013273, GWHPBPAQ013274, GWHPBPAQ013275	JLX079030.1, JLX080490.1, JLX081200.1, JLX081690.1
OG0000813	GWHPBPAQ013388, GWHPBPAQ014962, GWHPBPAQ014965	JLX081340.1, JLX081340.2, JLX113070.1, JLX117110.1
OG0000814	GWHPBPAQ013518	JLX078910.1, JLX078910.2, JLX078910.3, JLX078910.4, JLX078910.5, JLX078910.6
OG0000815	GWHPBPAQ013586	JLX193920.1, JLX193920.2, JLX193920.3, JLX193920.4, JLX193920.5, JLX193920.6
OG0000816	GWHPBPAQ013673	JLX197260.1, JLX197260.2, JLX197260.3, JLX197260.4, JLX197260.5, JLX197260.6
OG0000817	GWHPBPAQ013746	JLX194020.1, JLX194020.2, JLX194020.3, JLX194020.4, JLX194020.5, JLX194020.6
OG0000818	GWHPBPAQ013914	JLX193660.1, JLX193660.2, JLX193660.3, JLX193660.4, JLX193660.5, JLX193660.6
OG0000819	GWHPBPAQ013941	JLX193080.1, JLX193080.2, JLX193080.3, JLX193080.4, JLX193080.5, JLX193080.6
OG0000820	GWHPBPAQ014067, GWHPBPAQ014068, GWHPBPAQ018626	JLX195980.1, JLX195980.2, JLX196110.1, JLX196110.2
OG0000821	GWHPBPAQ014093, GWHPBPAQ021361	JLX194150.1, JLX194150.2, JLX232670.1, JLX232670.2, JLX232670.3
OG0000822	GWHPBPAQ014249	JLX171580.1, JLX171580.2, JLX171580.3, JLX171580.4, JLX171580.5, JLX171580.6
OG0000823	GWHPBPAQ014255	JLX172380.1, JLX172380.2, JLX172380.3, JLX172380.4, JLX172380.5, JLX172380.6
OG0000824	GWHPBPAQ014290	JLX171430.1, JLX171430.2, JLX171430.3, JLX171430.4, JLX171430.5, JLX171430.6
OG0000825	GWHPBPAQ014300	JLX172570.1, JLX172570.2, JLX172570.3, JLX172570.4, JLX172570.5, JLX172570.6
OG0000826	GWHPBPAQ014314	JLX171590.1, JLX171590.2, JLX171590.3, JLX171590.4, JLX171590.5, JLX171590.6
OG0000827	GWHPBPAQ014322	JLX170800.1, JLX170800.2, JLX170800.3, JLX170800.4, JLX170800.5, JLX170800.6
OG0000828	GWHPBPAQ014378, GWHPBPAQ017220, GWHPBPAQ019268	JLX107040.1, JLX107040.2, JLX170060.1, JLX179780.1
OG0000829	GWHPBPAQ014522, GWHPBPAQ014523	JLX168780.1, JLX168780.2, JLX168780.3, JLX168840.1, JLX168840.2
OG0000830	GWHPBPAQ014586	JLX171900.1, JLX171900.2, JLX171900.3, JLX171900.4, JLX171900.5, JLX171900.6
OG0000831	GWHPBPAQ014652	JLX229610.1, JLX229610.2, JLX229610.3, JLX229610.4, JLX229610.5, JLX229610.6
OG0000832	GWHPBPAQ014664, GWHPBPAQ017670, GWHPBPAQ017671, GWHPBPAQ017672, GWHPBPAQ017676, GWHPBPAQ017677	JLX174160.1
OG0000833	GWHPBPAQ014980, GWHPBPAQ015154, GWHPBPAQ017073	JLX040490.1, JLX040490.2, JLX109710.1, JLX114790.1
OG0000834	GWHPBPAQ015036, GWHPBPAQ016869	JLX118100.1, JLX118100.2, JLX220110.1, JLX220110.2, JLX220110.3
OG0000835	GWHPBPAQ015244	JLX112040.1, JLX112040.2, JLX112040.3, JLX112040.4, JLX112040.5, JLX112040.6
OG0000836	GWHPBPAQ015261	JLX118600.1, JLX118600.2, JLX118600.3, JLX118600.4, JLX118600.5, JLX118600.6
OG0000837	GWHPBPAQ015347, GWHPBPAQ015349, GWHPBPAQ015351, GWHPBPAQ015353	JLX114940.1, JLX117510.1, JLX117510.2
OG0000838	GWHPBPAQ015689	JLX114090.1, JLX114090.2, JLX114090.3, JLX114090.4, JLX114090.5, JLX114090.6
OG0000839	GWHPBPAQ015798	JLX112950.1, JLX112950.2, JLX112950.3, JLX112950.4, JLX112950.5, JLX112950.6
OG0000840	GWHPBPAQ015835, GWHPBPAQ021249	JLX042130.1, JLX117420.1, JLX148500.1, JLX204320.1, JLX207870.1
OG0000841	GWHPBPAQ016095	JLX066620.1, JLX094210.1, JLX136480.1, JLX167720.1, JLX213130.1, JLX213160.1
OG0000842	GWHPBPAQ016238, GWHPBPAQ016626	JLX040020.1, JLX040020.2, JLX040020.3, JLX040020.4, JLX095470.1
OG0000843	GWHPBPAQ016344, GWHPBPAQ016694, GWHPBPAQ016695, GWHPBPAQ016696, GWHPBPAQ018904	JLX044480.1, JLX220170.1
OG0000844	GWHPBPAQ016437	JLX038420.1, JLX038420.2, JLX038420.3, JLX038420.4, JLX038420.5, JLX038420.6
OG0000845	GWHPBPAQ016503	JLX038670.1, JLX038670.2, JLX038670.3, JLX038670.4, JLX038670.5, JLX038670.6
OG0000846	GWHPBPAQ016643	JLX039490.1, JLX039490.2, JLX039490.3, JLX039490.4, JLX039490.5, JLX039490.6
OG0000847	GWHPBPAQ016759	JLX221700.1, JLX221700.2, JLX221700.3, JLX221700.4, JLX221700.5, JLX221700.6
OG0000848	GWHPBPAQ016765	JLX221280.1, JLX221280.2, JLX221280.3, JLX221280.4, JLX221280.5, JLX221280.6
OG0000849	GWHPBPAQ016795	JLX221910.1, JLX221910.2, JLX221910.3, JLX221910.4, JLX221910.5, JLX221910.6
OG0000850	GWHPBPAQ016939	JLX221590.1, JLX221590.2, JLX221590.3, JLX221590.4, JLX221590.5, JLX221590.6
OG0000851	GWHPBPAQ017044	JLX040450.1, JLX040450.2, JLX040450.3, JLX040450.4, JLX040450.5, JLX040450.6
OG0000852	GWHPBPAQ017125, GWHPBPAQ020522	JLX138860.1, JLX138860.2, JLX174580.1, JLX174580.2, JLX177780.1
OG0000853	GWHPBPAQ017181	JLX182570.1, JLX182570.2, JLX182570.3, JLX182570.4, JLX182570.5, JLX182570.6
OG0000854	GWHPBPAQ017258, GWHPBPAQ017260	JLX080060.1, JLX174630.1, JLX176180.1, JLX180360.1, JLX182910.1
OG0000855	GWHPBPAQ017263	JLX181250.1, JLX181250.2, JLX181250.3, JLX181250.4, JLX181250.5, JLX181250.6
OG0000856	GWHPBPAQ017274	JLX176310.1, JLX176310.2, JLX176310.3, JLX176310.4, JLX176310.5, JLX176310.6
OG0000857	GWHPBPAQ017376, GWHPBPAQ017387, GWHPBPAQ020837	JLX120420.1, JLX123890.1, JLX173490.1, JLX175530.1
OG0000858	GWHPBPAQ017391	JLX178710.1, JLX178710.2, JLX178710.3, JLX178710.4, JLX178710.5, JLX178710.6
OG0000859	GWHPBPAQ017402	JLX175430.1, JLX175430.2, JLX175430.3, JLX175430.4, JLX175430.5, JLX175430.6
OG0000860	GWHPBPAQ017412, GWHPBPAQ020863	JLX119620.1, JLX119620.2, JLX119620.3, JLX119620.4, JLX119620.5
OG0000861	GWHPBPAQ017562	JLX177680.1, JLX177680.2, JLX177680.3, JLX177680.4, JLX177680.5, JLX177680.6
OG0000862	GWHPBPAQ017593	JLX177850.1, JLX177850.2, JLX177850.3, JLX177850.4, JLX177850.5, JLX177850.6
OG0000863	GWHPBPAQ017666	JLX177060.1, JLX177060.2, JLX177060.3, JLX177060.4, JLX177060.5, JLX177060.6
OG0000864	GWHPBPAQ017740, GWHPBPAQ017741, GWHPBPAQ017743, GWHPBPAQ017744	JLX180300.1, JLX181300.1, JLX182350.1
OG0000865	GWHPBPAQ017863, GWHPBPAQ023321, GWHPBPAQ023322, GWHPBPAQ023323	JLX085420.1, JLX181780.1, JLX181780.2
OG0000866	GWHPBPAQ018020	JLX177300.1, JLX177300.2, JLX177300.3, JLX177300.4, JLX177300.5, JLX177300.6
OG0000867	GWHPBPAQ018072	JLX176690.1, JLX176690.2, JLX176690.3, JLX176690.4, JLX176690.5, JLX176690.6
OG0000868	GWHPBPAQ018141, GWHPBPAQ022566, GWHPBPAQ022568, GWHPBPAQ022570, GWHPBPAQ022571	JLX094080.1, JLX094530.1
OG0000869	GWHPBPAQ018322, GWHPBPAQ018323, GWHPBPAQ018324, GWHPBPAQ018325	JLX163880.1, JLX164050.1, JLX164190.1
OG0000870	GWHPBPAQ018538	JLX053910.1, JLX053910.2, JLX053910.3, JLX053910.4, JLX053910.5, JLX053910.6
OG0000871	GWHPBPAQ018678, GWHPBPAQ018679, GWHPBPAQ018680	JLX042510.1, JLX044380.1, JLX097230.1, JLX099210.1
OG0000872	GWHPBPAQ018707	JLX044030.1, JLX044030.2, JLX044030.3, JLX044030.4, JLX044030.5, JLX044030.6
OG0000873	GWHPBPAQ018723, GWHPBPAQ018724, GWHPBPAQ018725, GWHPBPAQ018726	JLX042600.1, JLX043720.1, JLX046490.1
OG0000874	GWHPBPAQ018815	JLX045030.1, JLX045030.2, JLX045030.3, JLX045030.4, JLX045030.5, JLX045030.6
OG0000875	GWHPBPAQ019036	JLX045870.1, JLX045870.2, JLX045870.3, JLX045870.4, JLX045870.5, JLX045870.6
OG0000876	GWHPBPAQ019386, GWHPBPAQ019388	JLX080610.1, JLX102620.1, JLX104770.1, JLX105350.1, JLX119830.1
OG0000877	GWHPBPAQ019424	JLX105290.1, JLX105290.2, JLX105290.3, JLX105290.4, JLX105290.5, JLX105290.6
OG0000878	GWHPBPAQ019442, GWHPBPAQ019443, GWHPBPAQ019448, GWHPBPAQ019449	JLX100930.1, JLX104180.1, JLX106950.1
OG0000879	GWHPBPAQ019496, GWHPBPAQ019499	JLX107010.1, JLX107010.2, JLX107010.3, JLX107010.4, JLX192930.1
OG0000880	GWHPBPAQ019743	JLX104630.1, JLX104630.2, JLX104630.3, JLX104630.4, JLX104630.5, JLX104630.6
OG0000881	GWHPBPAQ019829	JLX103290.1, JLX103290.2, JLX103290.3, JLX103290.4, JLX103290.5, JLX103290.6
OG0000882	GWHPBPAQ019996	JLX147230.1, JLX147230.2, JLX147230.3, JLX147230.4, JLX147230.5, JLX147230.6
OG0000883	GWHPBPAQ020137	JLX124410.1, JLX148090.1, JLX148090.2, JLX148090.3, JLX148090.4, JLX148090.5
OG0000884	GWHPBPAQ020159	JLX000130.1, JLX000130.2, JLX148000.1, JLX148000.2, JLX148000.3, JLX148000.4
OG0000885	GWHPBPAQ020373	JLX138930.10, JLX138930.5, JLX138930.6, JLX138930.7, JLX138930.8, JLX138930.9
OG0000886	GWHPBPAQ020471, GWHPBPAQ020472, GWHPBPAQ020474, GWHPBPAQ020475, GWHPBPAQ020476	JLX138140.1, JLX139090.1
OG0000887	GWHPBPAQ020542	JLX139760.1, JLX139760.2, JLX139760.3, JLX139760.4, JLX139760.5, JLX139760.6
OG0000888	GWHPBPAQ020906	JLX120390.1, JLX120390.2, JLX120390.3, JLX120390.4, JLX120390.5, JLX120390.6
OG0000889	GWHPBPAQ021082	JLX066950.1, JLX066950.2, JLX066950.3, JLX066950.4, JLX066950.5, JLX066950.6
OG0000890	GWHPBPAQ021134	JLX067190.1, JLX067190.2, JLX067190.3, JLX067190.4, JLX067190.5, JLX067190.6
OG0000891	GWHPBPAQ021279	JLX052670.1, JLX052670.2, JLX052670.3, JLX052670.4, JLX052670.5, JLX123380.1
OG0000892	GWHPBPAQ021281	JLX052690.1, JLX052690.2, JLX052690.3, JLX052690.4, JLX052690.5, JLX052690.6
OG0000893	GWHPBPAQ021338, GWHPBPAQ021349	JLX148780.1, JLX148840.1, JLX232690.1, JLX232740.1, JLX232840.1
OG0000894	GWHPBPAQ021365, GWHPBPAQ021369	JLX089240.1, JLX089870.1, JLX203430.1, JLX232360.1, JLX232550.1
OG0000895	GWHPBPAQ021434	JLX077750.1, JLX077750.2, JLX077750.3, JLX077750.4, JLX077750.5, JLX077750.6
OG0000896	GWHPBPAQ021787	JLX023040.1, JLX023040.2, JLX023040.3, JLX023040.4, JLX023040.5, JLX023040.6
OG0000897	GWHPBPAQ021812	JLX020850.1, JLX020850.2, JLX020850.3, JLX020850.4, JLX020850.5, JLX020850.6
OG0000898	GWHPBPAQ021817	JLX023220.1, JLX023220.2, JLX023220.3, JLX023220.4, JLX023220.5, JLX023220.6
OG0000899	GWHPBPAQ021995	JLX021910.1, JLX021910.2, JLX021910.3, JLX021910.4, JLX021910.5, JLX021910.6
OG0000900	GWHPBPAQ022236	JLX082120.1, JLX082120.2, JLX082120.3, JLX082120.4, JLX082120.5, JLX082120.6
OG0000901	GWHPBPAQ022747, GWHPBPAQ022750, GWHPBPAQ022751, GWHPBPAQ022753	JLX050350.1, JLX050430.1, JLX051040.1
OG0000902	GWHPBPAQ023198	JLX085300.1, JLX085300.2, JLX085300.3, JLX085300.4, JLX085300.5, JLX085300.6
OG0000903	GWHPBPAQ023472	JLX215430.1, JLX215430.2, JLX215430.3, JLX215430.4, JLX215430.5, JLX215430.6
OG0000904	GWHPBPAQ023500	JLX215780.1, JLX215780.2, JLX215780.3, JLX215780.4, JLX215780.5, JLX215780.6
OG0000905	GWHPBPAQ023522	JLX214450.1, JLX214450.2, JLX214450.3, JLX214450.4, JLX214450.5, JLX214450.6
OG0000906	Null	JLX002790.1, JLX003020.2, JLX003020.3, JLX003020.4, JLX003020.5, JLX003020.6, JLX003020.7
OG0000907	Null	JLX065510.1, JLX066120.1, JLX066210.1, JLX094490.1, JLX136270.1, JLX142870.1, JLX189790.1
OG0000908	Null	JLX029570.1, JLX030000.1, JLX207940.1, JLX208640.1, JLX208770.1, JLX209540.1, JLX209930.1
OG0000909	Null	JLX001840.1, JLX002560.1, JLX057870.1, JLX066420.1, JLX066430.1, JLX076800.1, JLX187090.1
OG0000910	Null	JLX211260.1, JLX211260.2, JLX211260.3, JLX211260.4, JLX211260.5, JLX211260.6, JLX211260.7
OG0000911	Null	JLX021270.1, JLX077350.1, JLX165970.1, JLX178530.1, JLX205480.1, JLX227690.1, JLX232330.1
OG0000912	Null	JLX111390.1, JLX111390.2, JLX111390.3, JLX111390.4, JLX111390.5, JLX111390.6, JLX111390.7
OG0000913	Null	JLX024840.1, JLX026930.1, JLX108440.1, JLX111160.1, JLX165230.1, JLX175190.1, JLX210020.1
OG0000914	Null	JLX160130.1, JLX160130.2, JLX160130.3, JLX160130.4, JLX160130.5, JLX160130.6, JLX180480.2
OG0000915	Null	JLX001240.1, JLX036800.1, JLX144140.1, JLX182730.1, JLX206560.1, JLX216730.1, JLX227430.1
OG0000916	Null	JLX178430.3, JLX178430.4, JLX178430.5, JLX178430.6, JLX178430.7, JLX178430.8, JLX178430.9
OG0000917	Null	JLX026850.1, JLX052740.1, JLX094110.1, JLX112740.1, JLX139020.1, JLX157550.1, JLX165620.1
OG0000918	GWHPBPAQ000006, GWHPBPAQ003896	JLX157450.1, JLX157450.2, JLX157450.3, JLX229060.1
OG0000919	GWHPBPAQ000011, GWHPBPAQ002192, GWHPBPAQ016296	JLX002740.1, JLX038640.1, JLX228770.1
OG0000920	GWHPBPAQ000016	JLX228930.1, JLX228930.2, JLX228930.3, JLX228930.4, JLX228930.5
OG0000921	GWHPBPAQ000019	JLX229090.1, JLX229090.2, JLX229090.3, JLX229090.4, JLX229090.5
OG0000922	GWHPBPAQ000089	JLX055430.1, JLX055430.2, JLX055430.3, JLX055430.4, JLX055430.5
OG0000923	GWHPBPAQ000096, GWHPBPAQ000097	JLX054720.1, JLX054720.2, JLX054720.3, JLX057030.1
OG0000924	GWHPBPAQ000174, GWHPBPAQ013762, GWHPBPAQ019526	JLX055910.1, JLX104600.1, JLX195140.1
OG0000925	GWHPBPAQ000203	JLX054990.1, JLX054990.2, JLX054990.3, JLX054990.4, JLX054990.5
OG0000926	GWHPBPAQ000218, GWHPBPAQ015311, GWHPBPAQ021701	JLX021420.1, JLX057090.1, JLX107760.1
OG0000927	GWHPBPAQ000220, GWHPBPAQ003799, GWHPBPAQ021704	JLX021790.1, JLX029160.1, JLX055030.1
OG0000928	GWHPBPAQ000235, GWHPBPAQ004239	JLX055320.1, JLX055320.2, JLX055320.3, JLX055320.4
OG0000929	GWHPBPAQ000260	JLX055620.1, JLX055620.2, JLX055620.3, JLX055620.4, JLX055620.5
OG0000930	GWHPBPAQ000291, GWHPBPAQ014299, GWHPBPAQ019347	JLX055980.1, JLX102610.1, JLX172230.1
OG0000931	GWHPBPAQ000294	JLX056840.1, JLX056840.2, JLX056840.3, JLX056840.4, JLX056840.5
OG0000932	GWHPBPAQ000302	JLX054820.1, JLX054820.2, JLX054820.3, JLX054820.4, JLX054820.5
OG0000933	GWHPBPAQ000333	JLX056350.1, JLX056350.2, JLX056350.3, JLX056350.4, JLX056350.5
OG0000934	GWHPBPAQ000356	JLX056360.1, JLX056360.2, JLX056360.3, JLX056360.4, JLX056360.5
OG0000935	GWHPBPAQ000369, GWHPBPAQ015824, GWHPBPAQ016496, GWHPBPAQ021955	JLX020920.1, JLX110700.1
OG0000936	GWHPBPAQ000416	JLX049800.1, JLX049800.2, JLX049800.3, JLX049800.4, JLX117540.1
OG0000937	GWHPBPAQ000418, GWHPBPAQ000420	JLX050030.1, JLX050030.2, JLX050030.3, JLX050060.1
OG0000938	GWHPBPAQ000425, GWHPBPAQ007059	JLX050110.1, JLX050110.2, JLX050110.3, JLX203760.1
OG0000939	GWHPBPAQ000455, GWHPBPAQ000456	JLX049470.1, JLX050040.1, JLX050040.2, JLX050040.3
OG0000940	GWHPBPAQ000475, GWHPBPAQ014097	JLX049840.1, JLX049840.2, JLX049840.3, JLX196730.1
OG0000941	GWHPBPAQ000476	JLX048980.1, JLX048980.2, JLX048980.3, JLX048980.4, JLX048980.5
OG0000942	GWHPBPAQ000488	JLX049810.1, JLX049810.2, JLX049810.3, JLX049810.4, JLX049810.5
OG0000943	GWHPBPAQ000518, GWHPBPAQ011334, GWHPBPAQ019220, GWHPBPAQ020320	JLX149630.1, JLX187550.1
OG0000944	GWHPBPAQ000522, GWHPBPAQ008136, GWHPBPAQ014069, GWHPBPAQ018149	JLX154960.1, JLX192290.1
OG0000945	GWHPBPAQ000531, GWHPBPAQ009570	JLX018240.1, JLX018240.2, JLX018240.3, JLX064020.1
OG0000946	GWHPBPAQ000579, GWHPBPAQ001899, GWHPBPAQ007596, GWHPBPAQ014007	JLX016780.1, JLX192630.1
OG0000947	GWHPBPAQ000584	JLX017220.1, JLX017220.2, JLX017220.3, JLX017220.4, JLX017220.5
OG0000948	GWHPBPAQ000588	JLX018480.1, JLX018480.2, JLX018480.3, JLX018480.4, JLX018480.5
OG0000949	GWHPBPAQ000610, GWHPBPAQ007553, GWHPBPAQ013967	JLX017180.1, JLX143130.1, JLX193350.1
OG0000950	GWHPBPAQ000630, GWHPBPAQ013947	JLX019160.1, JLX019160.2, JLX197250.1, JLX197250.2
OG0000951	GWHPBPAQ000676, GWHPBPAQ004109	JLX017590.1, JLX017590.2, JLX017590.3, JLX156650.1
OG0000952	GWHPBPAQ000702	JLX018690.1, JLX018690.2, JLX018690.3, JLX018690.4, JLX018690.5
OG0000953	GWHPBPAQ000759	JLX018040.1, JLX018040.2, JLX018040.3, JLX018040.4, JLX018040.5
OG0000954	GWHPBPAQ000763	JLX016590.1, JLX016590.2, JLX016590.3, JLX016590.4, JLX016590.5
OG0000955	GWHPBPAQ000820, GWHPBPAQ021932	JLX018140.1, JLX021190.1, JLX021190.2, JLX047970.1
OG0000956	GWHPBPAQ000842	JLX047410.1, JLX047410.2, JLX047410.3, JLX047410.4, JLX053150.1
OG0000957	GWHPBPAQ000874	JLX046800.1, JLX046800.2, JLX046800.3, JLX046800.4, JLX046800.5
OG0000958	GWHPBPAQ000878	JLX047450.1, JLX047450.2, JLX047450.3, JLX047450.4, JLX047450.5
OG0000959	GWHPBPAQ000906, GWHPBPAQ021837	JLX019590.1, JLX019590.2, JLX019590.3, JLX047010.1
OG0000960	GWHPBPAQ000910, GWHPBPAQ003914	JLX155560.1, JLX155560.2, JLX155560.3, JLX155560.4
OG0000961	GWHPBPAQ000913	JLX048020.1, JLX048020.2, JLX048020.3, JLX048020.4, JLX048020.5
OG0000962	GWHPBPAQ000914, GWHPBPAQ003910	JLX048420.1, JLX048420.2, JLX048420.3, JLX155960.1
OG0000963	GWHPBPAQ000938	JLX047320.1, JLX047320.2, JLX047320.3, JLX047320.4, JLX047320.5
OG0000964	GWHPBPAQ001000, GWHPBPAQ014342, GWHPBPAQ019305	JLX047340.1, JLX106860.1, JLX171290.1
OG0000965	GWHPBPAQ001024	JLX048190.1, JLX048190.2, JLX048190.3, JLX048190.4, JLX160060.1
OG0000966	GWHPBPAQ001080	JLX098930.1, JLX098930.2, JLX098930.3, JLX098930.4, JLX098930.5
OG0000967	GWHPBPAQ001114	JLX097650.1, JLX097650.2, JLX097650.3, JLX097650.4, JLX097650.5
OG0000968	GWHPBPAQ001249, GWHPBPAQ004839, GWHPBPAQ006228	JLX036940.1, JLX068030.1, JLX226070.1
OG0000969	GWHPBPAQ001369, GWHPBPAQ002275, GWHPBPAQ002276, GWHPBPAQ007500	JLX013080.1, JLX197010.1
OG0000970	GWHPBPAQ001370, GWHPBPAQ001371, GWHPBPAQ001373	JLX098520.1, JLX099680.1, JLX141610.1
OG0000971	GWHPBPAQ001403, GWHPBPAQ009271	JLX060940.1, JLX060940.2, JLX060940.3, JLX141500.1
OG0000972	GWHPBPAQ001405, GWHPBPAQ013364, GWHPBPAQ017004	JLX040730.1, JLX080450.1, JLX141880.1
OG0000973	GWHPBPAQ001420, GWHPBPAQ001422, GWHPBPAQ001426, GWHPBPAQ011291	JLX142040.1, JLX142070.1
OG0000974	GWHPBPAQ001436, GWHPBPAQ001446, GWHPBPAQ001448	JLX141480.1, JLX141490.1, JLX141760.1
OG0000975	GWHPBPAQ001453, GWHPBPAQ009350, GWHPBPAQ013308	JLX059170.1, JLX080010.1, JLX141820.1
OG0000976	GWHPBPAQ001488	JLX065240.1, JLX065240.2, JLX065240.3, JLX065240.4, JLX065240.5
OG0000977	GWHPBPAQ001510	JLX064720.1, JLX064720.2, JLX064720.3, JLX064720.4, JLX064720.5
OG0000978	GWHPBPAQ001628, GWHPBPAQ002800, GWHPBPAQ007868, GWHPBPAQ010918	JLX198560.1, JLX198560.2
OG0000979	GWHPBPAQ001757, GWHPBPAQ022965	JLX085220.1, JLX085220.2, JLX085220.3, JLX167380.1
OG0000980	GWHPBPAQ001862, GWHPBPAQ001875	JLX148860.1, JLX205230.1, JLX205440.1, JLX230480.1
OG0000981	GWHPBPAQ001878, GWHPBPAQ001881, GWHPBPAQ001884	JLX205490.1, JLX205520.1, JLX205670.1
OG0000982	GWHPBPAQ001892, GWHPBPAQ010613, GWHPBPAQ010614	JLX205410.1, JLX205410.2, JLX205410.3
OG0000983	GWHPBPAQ001905, GWHPBPAQ014281, GWHPBPAQ019356	JLX100800.1, JLX169890.1, JLX205710.1
OG0000984	GWHPBPAQ001915, GWHPBPAQ005455	JLX188580.1, JLX209550.1, JLX209550.2, JLX209550.3
OG0000985	GWHPBPAQ001924	JLX188830.1, JLX188830.2, JLX188830.3, JLX188830.4, JLX188830.5
OG0000986	GWHPBPAQ001956, GWHPBPAQ001957, GWHPBPAQ001958, GWHPBPAQ001961	JLX188380.1, JLX188510.1
OG0000987	GWHPBPAQ002016, GWHPBPAQ012464	JLX093290.1, JLX152490.1, JLX159180.1, JLX159180.2
OG0000988	GWHPBPAQ002024, GWHPBPAQ002025, GWHPBPAQ002026, GWHPBPAQ004989, GWHPBPAQ005188, GWHPBPAQ005756	
OG0000989	GWHPBPAQ002028, GWHPBPAQ013526	JLX009120.1, JLX027330.1, JLX152570.1, JLX166730.1
OG0000990	GWHPBPAQ002127, GWHPBPAQ014738	JLX090360.1, JLX108890.1, JLX117000.1, JLX162880.1
OG0000991	GWHPBPAQ002137	JLX090060.1, JLX090060.2, JLX090060.3, JLX090060.4, JLX090060.5
OG0000992	GWHPBPAQ002138	JLX089780.1, JLX089780.2, JLX089780.3, JLX089780.4, JLX089780.5
OG0000993	GWHPBPAQ002169, GWHPBPAQ002171	JLX089950.1, JLX089950.2, JLX090000.1, JLX090230.1
OG0000994	GWHPBPAQ002226, GWHPBPAQ002696, GWHPBPAQ007395, GWHPBPAQ012960, GWHPBPAQ022196, GWHPBPAQ022508	
OG0000995	GWHPBPAQ002257, GWHPBPAQ003467, GWHPBPAQ012019, GWHPBPAQ012021	JLX076710.1, JLX148890.1
OG0000996	GWHPBPAQ002319, GWHPBPAQ002324, GWHPBPAQ002334, GWHPBPAQ002345	JLX151170.1, JLX152260.1
OG0000997	GWHPBPAQ002355	JLX152170.1, JLX152170.2, JLX152170.3, JLX152170.4, JLX152170.5
OG0000998	GWHPBPAQ002396	JLX151760.1, JLX151760.2, JLX151760.3, JLX151760.4, JLX151760.5
OG0000999	GWHPBPAQ002472, GWHPBPAQ012651, GWHPBPAQ021277	JLX006520.1, JLX052570.1, JLX052570.2
OG0001000	GWHPBPAQ002508, GWHPBPAQ002513, GWHPBPAQ002514	JLX003920.1, JLX004260.1, JLX005260.1
OG0001001	GWHPBPAQ002628, GWHPBPAQ011404, GWHPBPAQ019209	JLX007220.1, JLX083660.1, JLX187900.1
OG0001002	GWHPBPAQ002638	JLX008200.1, JLX008200.2, JLX008200.3, JLX186950.1, JLX186950.2
OG0001003	GWHPBPAQ002661	JLX006870.1, JLX006870.2, JLX006870.3, JLX006870.4, JLX006870.5
OG0001004	GWHPBPAQ002676, GWHPBPAQ022637	JLX003620.1, JLX003620.2, JLX166030.1, JLX166030.2
OG0001005	GWHPBPAQ002684, GWHPBPAQ002688	JLX003260.1, JLX003260.2, JLX003260.3, JLX003260.4
OG0001006	GWHPBPAQ002816	JLX004680.1, JLX004680.2, JLX004680.3, JLX004680.4, JLX004680.5
OG0001007	GWHPBPAQ002877	JLX006810.1, JLX006810.2, JLX006810.3, JLX006810.4, JLX006810.5
OG0001008	GWHPBPAQ002880	JLX005090.1, JLX005090.2, JLX005090.3, JLX005090.4, JLX005090.5
OG0001009	GWHPBPAQ002897	JLX005830.1, JLX005830.2, JLX005830.3, JLX005830.4, JLX005830.5
OG0001010	GWHPBPAQ002901	JLX007060.1, JLX007060.2, JLX007060.3, JLX007060.4, JLX007060.5
OG0001011	GWHPBPAQ002915, GWHPBPAQ021169	JLX007030.1, JLX007030.2, JLX007030.3, JLX067280.1
OG0001012	GWHPBPAQ002982, GWHPBPAQ022735	JLX007190.1, JLX007190.2, JLX050830.1, JLX050830.2
OG0001013	GWHPBPAQ002995	JLX006110.1, JLX006110.2, JLX006110.3, JLX006110.4, JLX006110.5
OG0001014	GWHPBPAQ003006, GWHPBPAQ003007	JLX003390.1, JLX004230.1, JLX074070.1, JLX075230.1
OG0001015	GWHPBPAQ003030, GWHPBPAQ017128, GWHPBPAQ022811	JLX051880.1, JLX071770.1, JLX175640.1
OG0001016	GWHPBPAQ003124, GWHPBPAQ011270, GWHPBPAQ016799	JLX071060.1, JLX132130.1, JLX221430.1
OG0001017	GWHPBPAQ003188	JLX073950.1, JLX073950.2, JLX073950.3, JLX073950.4, JLX073950.5
OG0001018	GWHPBPAQ003194	JLX071450.1, JLX071450.2, JLX071450.3, JLX071450.4, JLX071450.5
OG0001019	GWHPBPAQ003270, GWHPBPAQ003271, GWHPBPAQ011109	JLX070070.1, JLX071030.1, JLX129090.1
OG0001020	GWHPBPAQ003325, GWHPBPAQ014463, GWHPBPAQ014464	JLX074130.1, JLX171330.1, JLX172100.1
OG0001021	GWHPBPAQ003404, GWHPBPAQ023015, GWHPBPAQ023337	JLX073760.1, JLX085400.1, JLX087310.1
OG0001022	GWHPBPAQ003468	JLX025230.1, JLX025230.2, JLX025230.3, JLX025230.4, JLX076070.1
OG0001023	GWHPBPAQ003528	JLX073900.1, JLX073900.2, JLX073900.3, JLX073900.4, JLX073900.5
OG0001024	GWHPBPAQ003573, GWHPBPAQ003574, GWHPBPAQ008103	JLX031570.1, JLX031570.2, JLX073390.1
OG0001025	GWHPBPAQ003576	JLX076150.1, JLX076150.2, JLX076150.3, JLX076150.4, JLX076150.5
OG0001026	GWHPBPAQ003635	JLX075780.1, JLX075780.2, JLX075780.3, JLX075780.4, JLX075780.5
OG0001027	GWHPBPAQ003735	JLX029070.1, JLX029070.2, JLX029070.3, JLX029070.4, JLX029070.5
OG0001028	GWHPBPAQ003808, GWHPBPAQ017219	JLX028590.1, JLX028590.2, JLX028590.3, JLX196170.1
OG0001029	GWHPBPAQ003841	JLX157500.1, JLX157500.2, JLX157500.3, JLX157500.4, JLX157500.5
OG0001030	GWHPBPAQ003844, GWHPBPAQ004156, GWHPBPAQ021753	JLX008540.1, JLX022820.1, JLX129160.1
OG0001031	GWHPBPAQ003856, GWHPBPAQ003857, GWHPBPAQ011403	JLX084910.1, JLX155520.1, JLX156830.1
OG0001032	GWHPBPAQ004166	JLX009660.1, JLX009660.2, JLX009660.3, JLX009660.4, JLX009660.5
OG0001033	GWHPBPAQ004171, GWHPBPAQ004368	JLX092880.1, JLX092880.2, JLX092880.3, JLX092880.4
OG0001034	GWHPBPAQ004229, GWHPBPAQ004230	JLX009670.1, JLX009670.2, JLX009670.3, JLX009670.4
OG0001035	GWHPBPAQ004284, GWHPBPAQ006277	JLX009900.1, JLX009900.2, JLX009900.3, JLX009900.4
OG0001036	GWHPBPAQ004363, GWHPBPAQ007779	JLX092310.1, JLX092310.2, JLX092310.3, JLX198840.1
OG0001037	GWHPBPAQ004374, GWHPBPAQ009862, GWHPBPAQ018497	JLX053370.1, JLX091800.1, JLX185880.1
OG0001038	GWHPBPAQ004384	JLX092250.1, JLX092250.2, JLX092250.3, JLX092250.4, JLX092250.5
OG0001039	GWHPBPAQ004418	JLX090930.1, JLX090930.2, JLX090930.3, JLX090930.4, JLX090930.5
OG0001040	GWHPBPAQ004489, GWHPBPAQ010098	JLX130190.1, JLX226300.1, JLX226300.2, JLX226300.3
OG0001041	GWHPBPAQ004515, GWHPBPAQ011783, GWHPBPAQ015960, GWHPBPAQ018164	JLX150190.1, JLX230380.1
OG0001042	GWHPBPAQ004520, GWHPBPAQ004521, GWHPBPAQ017643	JLX183010.1, JLX183010.2, JLX183010.3
OG0001043	GWHPBPAQ004559, GWHPBPAQ018696, GWHPBPAQ018697	JLX043850.1, JLX044310.1, JLX225170.1
OG0001044	GWHPBPAQ004580	JLX222370.1, JLX222370.2, JLX222370.3, JLX222370.4, JLX222370.5
OG0001045	GWHPBPAQ004624	JLX224250.1, JLX224250.2, JLX224250.3, JLX224250.4, JLX224250.5
OG0001046	GWHPBPAQ004636	JLX225930.1, JLX225930.2, JLX225930.3, JLX225930.4, JLX225930.5
OG0001047	GWHPBPAQ004644	JLX223910.1, JLX223910.2, JLX223910.3, JLX223910.4, JLX223910.5
OG0001048	GWHPBPAQ004674, GWHPBPAQ018845, GWHPBPAQ019482	JLX042620.1, JLX045140.1, JLX223710.1
OG0001049	GWHPBPAQ004699, GWHPBPAQ004710, GWHPBPAQ010828	JLX125130.1, JLX224690.1, JLX225230.1
OG0001050	GWHPBPAQ004743	JLX226280.1, JLX226280.2, JLX226280.3, JLX226280.4, JLX226280.5
OG0001051	GWHPBPAQ004774, GWHPBPAQ010769	JLX128020.1, JLX128020.2, JLX128020.3, JLX128020.4
OG0001052	GWHPBPAQ004892, GWHPBPAQ018248	JLX120890.1, JLX224680.1, JLX224680.2, JLX224680.3
OG0001053	GWHPBPAQ004895	JLX222460.1, JLX222460.2, JLX222460.3, JLX222460.4, JLX222460.5
OG0001054	GWHPBPAQ004910, GWHPBPAQ010608, GWHPBPAQ018228	JLX121010.1, JLX125790.1, JLX225670.1
OG0001055	GWHPBPAQ005007	JLX211270.1, JLX211270.2, JLX211270.3, JLX211270.4, JLX211270.5
OG0001056	GWHPBPAQ005018, GWHPBPAQ016162	JLX136620.1, JLX212040.1, JLX212040.2, JLX212040.3
OG0001057	GWHPBPAQ005021, GWHPBPAQ014674, GWHPBPAQ016946	JLX117990.1, JLX210910.1, JLX219590.1
OG0001058	GWHPBPAQ005024, GWHPBPAQ005025, GWHPBPAQ005026, GWHPBPAQ016570	JLX037060.1, JLX212190.1
OG0001059	GWHPBPAQ005027	JLX211760.1, JLX211760.2, JLX211760.3, JLX211760.4, JLX211760.5
OG0001060	GWHPBPAQ005055, GWHPBPAQ015055, GWHPBPAQ015056	JLX115410.1, JLX117030.1, JLX211410.1
OG0001061	GWHPBPAQ005202, GWHPBPAQ005203, GWHPBPAQ005204	JLX211310.1, JLX211530.1, JLX212130.1
OG0001062	GWHPBPAQ005215, GWHPBPAQ005216, GWHPBPAQ017668	JLX212530.1, JLX212530.2, JLX212530.3
OG0001063	GWHPBPAQ005229, GWHPBPAQ016252, GWHPBPAQ016253	JLX065760.1, JLX095310.1, JLX095530.1
OG0001064	GWHPBPAQ005257, GWHPBPAQ007035	JLX066090.1, JLX066090.2, JLX066090.3, JLX200280.1
OG0001065	GWHPBPAQ005294, GWHPBPAQ016350	JLX039550.1, JLX039550.2, JLX039550.3, JLX039550.4
OG0001066	GWHPBPAQ005338, GWHPBPAQ016392	JLX038570.1, JLX039670.1, JLX039670.2, JLX039670.3
OG0001067	GWHPBPAQ005354	JLX061940.1, JLX095820.1, JLX097920.1, JLX098450.1, JLX100260.1
OG0001068	GWHPBPAQ005361, GWHPBPAQ005362, GWHPBPAQ005363	JLX059500.1, JLX061580.1, JLX063960.1
OG0001069	GWHPBPAQ005364, GWHPBPAQ005366, GWHPBPAQ005367, GWHPBPAQ005382	JLX062890.1, JLX089380.1
OG0001070	GWHPBPAQ005645, GWHPBPAQ016903, GWHPBPAQ016908	JLX191650.1, JLX219840.1, JLX221220.1
OG0001071	GWHPBPAQ005693	JLX190670.1, JLX190670.2, JLX190670.3, JLX190670.4, JLX190670.5
OG0001072	GWHPBPAQ005733, GWHPBPAQ005954, GWHPBPAQ006528, GWHPBPAQ011392, GWHPBPAQ011394, GWHPBPAQ016115	
OG0001073	GWHPBPAQ005751, GWHPBPAQ010825	JLX190490.1, JLX190490.2, JLX190490.3, JLX190490.4
OG0001074	GWHPBPAQ005766, GWHPBPAQ010102, GWHPBPAQ018806	JLX044990.1, JLX124820.1, JLX191160.1
OG0001075	GWHPBPAQ005890, GWHPBPAQ014953	JLX002750.1, JLX002750.2, JLX041120.1, JLX113660.1
OG0001076	GWHPBPAQ005939, GWHPBPAQ007706, GWHPBPAQ011425, GWHPBPAQ013048, GWHPBPAQ013050, GWHPBPAQ016159	
OG0001077	GWHPBPAQ005953, GWHPBPAQ012348, GWHPBPAQ023356	JLX000940.1, JLX000940.2, JLX161320.1
OG0001078	GWHPBPAQ006039	JLX010160.1, JLX010160.2, JLX010160.3, JLX010160.4, JLX010160.5
OG0001079	GWHPBPAQ006080	JLX010420.1, JLX010420.2, JLX010420.3, JLX010420.4, JLX010420.5
OG0001080	GWHPBPAQ006161	JLX216610.1, JLX216610.2, JLX216610.3, JLX216610.4, JLX216610.5
OG0001081	GWHPBPAQ006164	JLX216920.1, JLX216920.2, JLX216920.3, JLX216920.4, JLX216920.5
OG0001082	GWHPBPAQ006174, GWHPBPAQ019712, GWHPBPAQ019719, GWHPBPAQ019733	JLX106800.1, JLX217090.1
OG0001083	GWHPBPAQ006198, GWHPBPAQ021055, GWHPBPAQ022808	JLX001700.1, JLX051520.1, JLX058310.1
OG0001084	GWHPBPAQ006224, GWHPBPAQ006225, GWHPBPAQ006226, GWHPBPAQ012837	JLX041220.1, JLX090660.1
OG0001085	GWHPBPAQ006315, GWHPBPAQ020813, GWHPBPAQ020817	JLX120170.1, JLX121270.1, JLX225260.1
OG0001086	GWHPBPAQ006324, GWHPBPAQ010224	JLX034620.1, JLX133190.1, JLX133190.2, JLX133190.3
OG0001087	GWHPBPAQ006359, GWHPBPAQ006562, GWHPBPAQ015075, GWHPBPAQ020769	JLX118400.1, JLX118400.2
OG0001088	GWHPBPAQ006422, GWHPBPAQ006423, GWHPBPAQ006424, GWHPBPAQ006425	JLX032850.1, JLX034250.1
OG0001089	GWHPBPAQ006437	JLX032290.1, JLX032290.2, JLX032290.3, JLX032290.4, JLX032290.5
OG0001090	GWHPBPAQ006460	JLX034630.1, JLX034630.2, JLX034630.3, JLX034630.4, JLX034630.5
OG0001091	GWHPBPAQ006557	JLX204650.1, JLX204650.2, JLX204650.3, JLX204650.4, JLX204650.5
OG0001092	GWHPBPAQ006575	JLX203830.1, JLX203830.2, JLX203830.3, JLX203830.4, JLX203830.5
OG0001093	GWHPBPAQ006581, GWHPBPAQ019612	JLX105980.1, JLX105980.2, JLX105980.3, JLX201580.1
OG0001094	GWHPBPAQ006598, GWHPBPAQ006599, GWHPBPAQ006600	JLX199580.1, JLX199860.1, JLX201530.1
OG0001095	GWHPBPAQ006628, GWHPBPAQ006630, GWHPBPAQ006861	JLX200560.1, JLX200590.1, JLX204980.1
OG0001096	GWHPBPAQ006641, GWHPBPAQ006643, GWHPBPAQ006661	JLX201630.1, JLX203060.1, JLX204060.1
OG0001097	GWHPBPAQ006665	JLX202450.1, JLX202450.2, JLX202450.3, JLX202450.4, JLX202450.5
OG0001098	GWHPBPAQ006707, GWHPBPAQ006708, GWHPBPAQ006714	JLX200090.1, JLX201090.1, JLX201550.1
OG0001099	GWHPBPAQ006765, GWHPBPAQ006767, GWHPBPAQ006771, GWHPBPAQ006775, GWHPBPAQ022595	JLX201270.1
OG0001100	GWHPBPAQ006853	JLX204050.1, JLX204050.2, JLX204050.3, JLX204050.4, JLX204050.5
OG0001101	GWHPBPAQ006875, GWHPBPAQ006876, GWHPBPAQ014453	JLX199810.1, JLX199810.2, JLX199810.3
OG0001102	GWHPBPAQ006913	JLX205000.1, JLX205000.2, JLX205000.3, JLX205000.4, JLX205000.5
OG0001103	GWHPBPAQ006917	JLX201100.1, JLX201100.2, JLX201100.3, JLX201100.4, JLX201100.5
OG0001104	GWHPBPAQ006932, GWHPBPAQ018080	JLX177140.1, JLX177140.2, JLX177140.3, JLX204450.1
OG0001105	GWHPBPAQ006948	JLX204510.1, JLX204510.2, JLX204510.3, JLX204510.4, JLX204510.5
OG0001106	GWHPBPAQ006950	JLX200470.1, JLX200470.2, JLX200470.3, JLX200470.4, JLX200470.5
OG0001107	GWHPBPAQ006954, GWHPBPAQ010710	JLX126870.1, JLX126870.2, JLX126870.3, JLX126870.4
OG0001108	GWHPBPAQ007051, GWHPBPAQ014159, GWHPBPAQ014161, GWHPBPAQ014162	JLX200640.1, JLX200640.2
OG0001109	GWHPBPAQ007130	JLX025950.1, JLX025950.2, JLX025950.3, JLX025950.4, JLX025950.5
OG0001110	GWHPBPAQ007189, GWHPBPAQ009557	JLX026290.1, JLX026290.2, JLX026290.3, JLX059760.1
OG0001111	GWHPBPAQ007225	JLX026140.1, JLX026140.2, JLX026140.3, JLX026140.4, JLX026140.5
OG0001112	GWHPBPAQ007227	JLX026190.1, JLX026190.2, JLX026190.3, JLX026190.4, JLX026190.5
OG0001113	GWHPBPAQ007231, GWHPBPAQ007233, GWHPBPAQ007237	JLX024830.1, JLX025080.1, JLX026130.1
OG0001114	GWHPBPAQ007277, GWHPBPAQ007278, GWHPBPAQ009200	JLX025170.1, JLX026520.1, JLX062480.1
OG0001115	GWHPBPAQ007329, GWHPBPAQ018171	JLX025600.1, JLX025600.2, JLX025600.3, JLX057980.1
OG0001116	GWHPBPAQ007343	JLX026860.1, JLX026860.2, JLX026860.3, JLX026860.4, JLX026860.5
OG0001117	GWHPBPAQ007365, GWHPBPAQ016266, GWHPBPAQ017818	JLX038960.1, JLX150010.1, JLX158970.1
OG0001118	GWHPBPAQ007373, GWHPBPAQ007414, GWHPBPAQ014628	JLX142740.1, JLX229570.1, JLX229570.2
OG0001119	GWHPBPAQ007433, GWHPBPAQ016912, GWHPBPAQ016913, GWHPBPAQ019096	JLX043000.1, JLX142890.1
OG0001120	GWHPBPAQ007461, GWHPBPAQ013583, GWHPBPAQ013584, GWHPBPAQ018584, GWHPBPAQ018592	JLX097260.1
OG0001121	GWHPBPAQ007547	JLX143420.1, JLX143420.2, JLX143420.3, JLX143420.4, JLX143420.5
OG0001122	GWHPBPAQ007601, GWHPBPAQ009123	JLX143550.1, JLX143550.2, JLX143550.3, JLX143550.4
OG0001123	GWHPBPAQ007614	JLX144370.1, JLX144370.2, JLX144370.3, JLX144370.4, JLX144370.5
OG0001124	GWHPBPAQ007631	JLX144970.1, JLX144970.2, JLX144970.3, JLX144970.4, JLX144970.5
OG0001125	GWHPBPAQ007687, GWHPBPAQ009065, GWHPBPAQ016712	JLX122290.1, JLX122290.2, JLX122290.3
OG0001126	GWHPBPAQ007742	JLX198610.1, JLX198610.2, JLX198610.3, JLX198610.4, JLX198610.5
OG0001127	GWHPBPAQ007861, GWHPBPAQ008856, GWHPBPAQ009974, GWHPBPAQ018630	JLX015230.1, JLX197590.1
OG0001128	GWHPBPAQ007904, GWHPBPAQ009429, GWHPBPAQ009430	JLX061070.1, JLX198950.1, JLX198950.2
OG0001129	GWHPBPAQ007929	JLX032030.1, JLX032030.2, JLX032030.3, JLX032030.4, JLX032030.5
OG0001130	GWHPBPAQ007970, GWHPBPAQ008187, GWHPBPAQ015439	JLX031860.1, JLX110680.1, JLX153090.1
OG0001131	GWHPBPAQ007986	JLX030210.1, JLX030210.2, JLX030210.3, JLX030210.4, JLX030210.5
OG0001132	GWHPBPAQ008060	JLX031880.1, JLX031880.2, JLX031880.3, JLX031880.4, JLX031880.5
OG0001133	GWHPBPAQ008146	JLX010820.1, JLX154440.1, JLX154440.2, JLX154440.3, JLX154440.4
OG0001134	GWHPBPAQ008228, GWHPBPAQ008229, GWHPBPAQ017765	JLX153040.1, JLX154250.1, JLX173670.1
OG0001135	GWHPBPAQ008298	JLX154350.1, JLX154350.2, JLX154350.3, JLX154350.4, JLX154350.5
OG0001136	GWHPBPAQ008311, GWHPBPAQ008312, GWHPBPAQ008314	JLX153170.1, JLX153920.1, JLX153920.2
OG0001137	GWHPBPAQ008378	JLX011810.1, JLX011810.2, JLX011810.3, JLX011810.4, JLX011810.5
OG0001138	GWHPBPAQ008402, GWHPBPAQ019665, GWHPBPAQ019666, GWHPBPAQ019667	JLX014060.1, JLX101580.1
OG0001139	GWHPBPAQ008404	JLX015330.1, JLX015330.2, JLX015330.3, JLX015330.4, JLX015330.5
OG0001140	GWHPBPAQ008416	JLX012870.1, JLX012870.2, JLX012870.3, JLX012870.4, JLX012870.5
OG0001141	GWHPBPAQ008445	JLX010760.1, JLX010760.2, JLX010760.3, JLX010760.4, JLX010760.5
OG0001142	GWHPBPAQ008560	JLX013940.1, JLX013940.2, JLX013940.3, JLX013940.5, JLX013940.7
OG0001143	GWHPBPAQ008602, GWHPBPAQ020284, GWHPBPAQ020322	JLX145200.1, JLX145200.2, JLX146340.1
OG0001144	GWHPBPAQ008640, GWHPBPAQ008641	JLX010490.1, JLX010490.2, JLX015380.1, JLX015380.2
OG0001145	GWHPBPAQ008679	JLX012470.1, JLX012470.2, JLX012470.3, JLX012470.4, JLX012470.5
OG0001146	GWHPBPAQ008696, GWHPBPAQ013288, GWHPBPAQ013289	JLX013280.1, JLX013280.2, JLX078000.1
OG0001147	GWHPBPAQ008776	JLX010460.1, JLX010460.2, JLX010460.3, JLX010460.4, JLX010460.5
OG0001148	GWHPBPAQ008802, GWHPBPAQ008803	JLX015310.1, JLX015310.2, JLX015310.3, JLX015880.1
OG0001149	GWHPBPAQ008866, GWHPBPAQ008867, GWHPBPAQ008868, GWHPBPAQ015562	JLX011360.1, JLX014720.1
OG0001150	GWHPBPAQ008870	JLX012890.1, JLX012890.2, JLX012890.3, JLX012890.4, JLX012890.5
OG0001151	GWHPBPAQ008901	JLX013310.1, JLX013310.2, JLX013310.3, JLX013310.4, JLX013310.5
OG0001152	GWHPBPAQ008913, GWHPBPAQ011122, GWHPBPAQ011123, GWHPBPAQ015711	JLX129440.3, JLX129440.4
OG0001153	GWHPBPAQ008943	JLX060140.1, JLX060140.2, JLX060140.3, JLX060140.4, JLX060140.5
OG0001154	GWHPBPAQ008987, GWHPBPAQ008989	JLX059840.1, JLX059840.2, JLX059840.3, JLX064540.1
OG0001155	GWHPBPAQ009112	JLX059770.1, JLX059770.2, JLX059770.3, JLX059770.4, JLX059770.5
OG0001156	GWHPBPAQ009287	JLX060000.1, JLX060000.2, JLX060000.3, JLX060000.4, JLX060000.5
OG0001157	GWHPBPAQ009289	JLX060620.1, JLX060620.2, JLX060620.3, JLX060620.4, JLX060620.5
OG0001158	GWHPBPAQ009303, GWHPBPAQ009308, GWHPBPAQ009309, GWHPBPAQ013091	JLX062120.1, JLX063450.1
OG0001159	GWHPBPAQ009325, GWHPBPAQ009334, GWHPBPAQ021318, GWHPBPAQ021319, GWHPBPAQ021320	JLX232490.1
OG0001160	GWHPBPAQ009377	JLX063740.1, JLX063740.2, JLX063740.3, JLX063740.4, JLX063740.5
OG0001161	GWHPBPAQ009524	JLX061310.1, JLX061310.2, JLX061310.3, JLX061310.4, JLX061310.5
OG0001162	GWHPBPAQ009566, GWHPBPAQ015586	JLX058410.1, JLX058410.2, JLX058410.3, JLX117980.1
OG0001163	GWHPBPAQ009658	JLX184440.1, JLX184440.2, JLX184440.3, JLX184440.4, JLX184440.5
OG0001164	GWHPBPAQ009671, GWHPBPAQ019168	JLX184290.1, JLX184290.2, JLX184290.3, JLX184290.4
OG0001165	GWHPBPAQ009924, GWHPBPAQ015680	JLX110250.1, JLX110250.2, JLX110250.3, JLX184240.1
OG0001166	GWHPBPAQ009976, GWHPBPAQ009977, GWHPBPAQ009978, GWHPBPAQ018655	JLX098990.1, JLX132300.1
OG0001167	GWHPBPAQ010053, GWHPBPAQ018752	JLX042460.1, JLX130830.1, JLX130830.2, JLX136420.1
OG0001168	GWHPBPAQ010078	JLX135300.1, JLX135300.2, JLX135300.3, JLX135300.4, JLX135300.5
OG0001169	GWHPBPAQ010121	JLX123680.1, JLX127800.1, JLX128160.1, JLX128410.1, JLX133970.1
OG0001170	GWHPBPAQ010169	JLX128200.1, JLX128200.2, JLX128200.3, JLX128200.4, JLX128200.5
OG0001171	GWHPBPAQ010305	JLX133810.1, JLX133810.2, JLX133810.3, JLX133810.4, JLX133810.5
OG0001172	GWHPBPAQ010399	JLX128750.1, JLX128750.2, JLX128750.3, JLX128750.4, JLX128750.5
OG0001173	GWHPBPAQ010442	JLX127120.1, JLX127120.2, JLX127120.3, JLX127120.4, JLX127120.5
OG0001174	GWHPBPAQ010564	JLX134980.1, JLX134980.2, JLX134980.3, JLX134980.4, JLX134980.5
OG0001175	GWHPBPAQ010616	JLX130860.1, JLX130860.2, JLX130860.3, JLX130860.4, JLX130860.5
OG0001176	GWHPBPAQ010622	JLX135140.1, JLX135140.2, JLX135140.3, JLX135140.4, JLX135140.5
OG0001177	GWHPBPAQ010635, GWHPBPAQ017564, GWHPBPAQ017565	JLX125480.1, JLX173520.1, JLX176700.1
OG0001178	GWHPBPAQ010641	JLX124520.1, JLX124520.2, JLX124520.3, JLX124520.4, JLX124520.5
OG0001179	GWHPBPAQ010687	JLX133910.1, JLX133910.2, JLX133910.3, JLX133910.4, JLX133910.5
OG0001180	GWHPBPAQ010722	JLX134310.1, JLX134310.2, JLX134310.3, JLX188470.1, JLX205730.1
OG0001181	GWHPBPAQ010757	JLX126570.1, JLX126570.2, JLX126570.3, JLX126570.4, JLX126570.5
OG0001182	GWHPBPAQ010758	JLX125750.1, JLX125750.2, JLX125750.3, JLX125750.4, JLX125750.5
OG0001183	GWHPBPAQ011045, GWHPBPAQ023099	JLX085030.1, JLX085030.2, JLX128970.1, JLX149800.1
OG0001184	GWHPBPAQ011047	JLX123250.1, JLX149810.1, JLX149820.1, JLX149820.2, JLX216420.1
OG0001185	GWHPBPAQ011125, GWHPBPAQ011126, GWHPBPAQ011127	JLX129660.1, JLX129660.2, JLX129660.3
OG0001186	GWHPBPAQ011134	JLX135010.1, JLX135010.2, JLX135010.3, JLX135010.4, JLX135010.5
OG0001187	GWHPBPAQ011146, GWHPBPAQ011147, GWHPBPAQ011152	JLX130440.1, JLX132900.1, JLX133820.1
OG0001188	GWHPBPAQ011160, GWHPBPAQ011161, GWHPBPAQ011162	JLX133640.1, JLX133640.2, JLX133640.3
OG0001189	GWHPBPAQ011182, GWHPBPAQ023218	JLX087030.1, JLX087030.2, JLX126050.1, JLX126050.2
OG0001190	GWHPBPAQ011264, GWHPBPAQ011455	JLX003890.1, JLX004490.1, JLX084340.1, JLX135060.1
OG0001191	GWHPBPAQ011304, GWHPBPAQ011305, GWHPBPAQ017620	JLX127570.1, JLX133490.1, JLX176080.1
OG0001192	GWHPBPAQ011323, GWHPBPAQ011324, GWHPBPAQ022433	JLX093760.1, JLX124560.1, JLX210250.1
OG0001193	GWHPBPAQ011325, GWHPBPAQ011326	JLX085000.1, JLX148450.1, JLX148460.1, JLX210260.1
OG0001194	GWHPBPAQ011360, GWHPBPAQ017717	JLX084950.1, JLX084950.2, JLX089610.1, JLX089610.2
OG0001195	GWHPBPAQ011365, GWHPBPAQ011366	JLX083760.1, JLX084530.1, JLX084640.1, JLX089730.1
OG0001196	GWHPBPAQ011449	JLX084450.1, JLX084450.2, JLX084450.3, JLX084450.4, JLX084450.5
OG0001197	GWHPBPAQ011489, GWHPBPAQ015200, GWHPBPAQ015201	JLX083600.1, JLX111050.1, JLX118230.1
OG0001198	GWHPBPAQ011574	JLX029520.1, JLX054140.1, JLX084010.1, JLX166930.1, JLX205850.1
OG0001199	GWHPBPAQ011592	JLX167450.1, JLX167450.2, JLX167450.3, JLX167450.4, JLX167450.5
OG0001200	GWHPBPAQ011641, GWHPBPAQ016224	JLX136300.1, JLX166470.1, JLX166550.1, JLX175000.1
OG0001201	GWHPBPAQ011667, GWHPBPAQ011733	JLX150730.1, JLX150730.2, JLX150730.3, JLX150730.4
OG0001202	GWHPBPAQ011749, GWHPBPAQ011754, GWHPBPAQ011755	JLX124510.1, JLX150150.1, JLX150550.1
OG0001203	GWHPBPAQ011811, GWHPBPAQ011819, GWHPBPAQ011821	JLX002060.1, JLX034860.1, JLX035340.1
OG0001204	GWHPBPAQ011812, GWHPBPAQ011818, GWHPBPAQ011820, GWHPBPAQ011822	JLX002050.1, JLX035210.1
OG0001205	GWHPBPAQ011814, GWHPBPAQ019714, GWHPBPAQ019715	JLX105670.1, JLX106560.1, JLX107550.1
OG0001206	GWHPBPAQ011873	JLX231760.1, JLX231760.2, JLX231760.3, JLX231760.4, JLX231760.5
OG0001207	GWHPBPAQ011888, GWHPBPAQ012064, GWHPBPAQ012065	JLX000490.1, JLX000500.1, JLX230730.1
OG0001208	GWHPBPAQ011914, GWHPBPAQ011915, GWHPBPAQ012354	JLX231330.1, JLX231330.2, JLX231860.1
OG0001209	GWHPBPAQ011921, GWHPBPAQ020539, GWHPBPAQ020540	JLX137950.1, JLX186980.1, JLX231850.1
OG0001210	GWHPBPAQ011940, GWHPBPAQ011942, GWHPBPAQ012852	JLX191700.1, JLX191790.1, JLX231310.1
OG0001211	GWHPBPAQ012000, GWHPBPAQ018486	JLX052890.1, JLX052890.2, JLX053070.1, JLX206600.1
OG0001212	GWHPBPAQ012055, GWHPBPAQ018685, GWHPBPAQ018687	JLX000710.1, JLX045180.1, JLX046320.1
OG0001213	GWHPBPAQ012117, GWHPBPAQ017229, GWHPBPAQ020658	JLX139960.1, JLX182860.1, JLX214280.1
OG0001214	GWHPBPAQ012123, GWHPBPAQ017348, GWHPBPAQ017382	JLX176720.1, JLX178910.1, JLX214170.1
OG0001215	GWHPBPAQ012150, GWHPBPAQ020717	JLX140240.1, JLX140240.2, JLX140240.3, JLX213360.1
OG0001216	GWHPBPAQ012183	JLX213930.1, JLX213930.2, JLX213930.3, JLX213930.4, JLX213930.5
OG0001217	GWHPBPAQ012286, GWHPBPAQ017825	JLX159270.1, JLX159270.2, JLX159270.3, JLX175090.1
OG0001218	GWHPBPAQ012336	JLX163120.1, JLX163120.2, JLX163120.3, JLX163120.4, JLX163120.5
OG0001219	GWHPBPAQ012386	JLX160090.1, JLX160090.2, JLX160090.3, JLX160090.4, JLX160090.5
OG0001220	GWHPBPAQ012439	JLX160020.1, JLX160020.2, JLX160020.3, JLX160020.4, JLX160020.5
OG0001221	GWHPBPAQ012444, GWHPBPAQ017357, GWHPBPAQ020833	JLX120850.1, JLX163560.1, JLX181400.1
OG0001222	GWHPBPAQ012467	JLX162780.1, JLX162780.2, JLX162780.3, JLX162780.4, JLX162780.5
OG0001223	GWHPBPAQ012478, GWHPBPAQ017398, GWHPBPAQ021106	JLX067090.1, JLX162930.1, JLX178590.1
OG0001224	GWHPBPAQ012482	JLX158960.1, JLX158960.2, JLX158960.3, JLX158960.4, JLX158960.5
OG0001225	GWHPBPAQ012493, GWHPBPAQ012496, GWHPBPAQ012497, GWHPBPAQ012501	JLX161270.1, JLX162150.1
OG0001226	GWHPBPAQ012528, GWHPBPAQ020861	JLX121080.1, JLX121080.2, JLX163680.1, JLX163680.2
OG0001227	GWHPBPAQ012551, GWHPBPAQ015577, GWHPBPAQ020904	JLX109240.1, JLX120870.1, JLX120870.2
OG0001228	GWHPBPAQ012656, GWHPBPAQ021016	JLX162580.1, JLX228430.1, JLX228430.2, JLX228430.3
OG0001229	GWHPBPAQ012712	JLX033940.1, JLX034520.1, JLX160630.1, JLX167940.1, JLX210770.1
OG0001230	GWHPBPAQ012757	JLX159100.1, JLX159100.2, JLX159100.3, JLX159100.4, JLX160910.1
OG0001231	GWHPBPAQ012764	JLX161160.1, JLX161160.2, JLX161160.3, JLX161160.4, JLX161160.5
OG0001232	GWHPBPAQ012770, GWHPBPAQ012774, GWHPBPAQ012778	JLX122420.1, JLX186780.1, JLX208740.1
OG0001233	GWHPBPAQ012790, GWHPBPAQ012792, GWHPBPAQ017915	JLX054230.1, JLX173850.1, JLX173850.2
OG0001234	GWHPBPAQ012794, GWHPBPAQ019692	JLX054330.1, JLX054330.2, JLX102950.1, JLX102950.2
OG0001235	GWHPBPAQ012841, GWHPBPAQ022287	JLX189080.1, JLX189080.2, JLX189080.3, JLX229230.1
OG0001236	GWHPBPAQ012925	JLX136730.1, JLX136730.2, JLX136730.3, JLX136730.4, JLX136730.5
OG0001237	GWHPBPAQ012974, GWHPBPAQ012975	JLX041320.1, JLX041350.1, JLX041350.2, JLX083320.1
OG0001238	GWHPBPAQ013063	JLX068660.1, JLX068660.2, JLX068660.3, JLX068660.4, JLX068660.5
OG0001239	GWHPBPAQ013107	JLX069800.1, JLX069800.2, JLX207450.1, JLX218710.1, JLX218710.2
OG0001240	GWHPBPAQ013142	JLX210530.1, JLX210530.2, JLX210530.3, JLX210530.4, JLX210610.1
OG0001241	GWHPBPAQ013166, GWHPBPAQ013167, GWHPBPAQ013171	JLX210290.1, JLX210590.1, JLX210600.1
OG0001242	GWHPBPAQ013282	JLX078460.1, JLX078460.2, JLX078460.3, JLX078460.4, JLX078460.5
OG0001243	GWHPBPAQ013298	JLX081010.1, JLX081010.2, JLX081010.3, JLX081010.4, JLX081010.5
OG0001244	GWHPBPAQ013371	JLX078240.1, JLX078240.2, JLX078240.3, JLX078240.4, JLX078240.5
OG0001245	GWHPBPAQ013407	JLX079640.1, JLX079640.2, JLX079640.3, JLX079640.4, JLX079640.5
OG0001246	GWHPBPAQ013449	JLX079720.1, JLX079720.2, JLX079720.3, JLX079720.4, JLX079720.5
OG0001247	GWHPBPAQ013508	JLX080330.1, JLX080330.2, JLX080330.3, JLX080330.4, JLX080330.5
OG0001248	GWHPBPAQ013582	JLX078620.1, JLX079100.1, JLX159210.1, JLX166270.1, JLX207920.1
OG0001249	GWHPBPAQ013587, GWHPBPAQ019721, GWHPBPAQ023145	JLX088910.1, JLX105000.1, JLX195480.1
OG0001250	GWHPBPAQ013588	JLX191830.1, JLX191830.2, JLX191830.3, JLX191830.4, JLX191830.5
OG0001251	GWHPBPAQ013608	JLX195990.1, JLX195990.2, JLX195990.3, JLX195990.4, JLX195990.5
OG0001252	GWHPBPAQ013668, GWHPBPAQ019589, GWHPBPAQ021620	JLX022590.1, JLX104070.1, JLX196880.1
OG0001253	GWHPBPAQ013675	JLX196020.1, JLX196020.2, JLX196020.3, JLX196020.4, JLX196020.5
OG0001254	GWHPBPAQ013783	JLX195110.1, JLX195110.2, JLX195110.3, JLX195110.4, JLX195110.5
OG0001255	GWHPBPAQ013785, GWHPBPAQ019462	JLX107120.1, JLX197380.1, JLX197380.2, JLX197380.3
OG0001256	GWHPBPAQ013794	JLX195090.1, JLX196610.1, JLX196850.1, JLX196850.2, JLX196850.3
OG0001257	GWHPBPAQ013802	JLX194780.1, JLX194780.2, JLX194780.3, JLX194780.4, JLX194780.5
OG0001258	GWHPBPAQ013808, GWHPBPAQ013809, GWHPBPAQ013810	JLX192810.1, JLX192810.3, JLX196360.1
OG0001259	GWHPBPAQ013845	JLX196990.1, JLX196990.2, JLX196990.3, JLX196990.4, JLX196990.5
OG0001260	GWHPBPAQ013991	JLX195020.1, JLX195020.2, JLX195020.3, JLX195020.4, JLX195020.5
OG0001261	GWHPBPAQ014070	JLX197290.1, JLX197290.2, JLX197290.3, JLX197290.4, JLX197290.5
OG0001262	GWHPBPAQ014072	JLX194630.1, JLX194630.2, JLX194630.3, JLX194630.4, JLX194630.5
OG0001263	GWHPBPAQ014138	JLX162610.1, JLX194510.1, JLX194510.2, JLX194510.3, JLX194510.4
OG0001264	GWHPBPAQ014247, GWHPBPAQ019393	JLX102270.1, JLX102270.2, JLX171680.1, JLX171680.2
OG0001265	GWHPBPAQ014275, GWHPBPAQ019351	JLX104610.1, JLX104610.2, JLX104610.3, JLX104610.4
OG0001266	GWHPBPAQ014355	JLX172440.1, JLX172440.2, JLX172440.3, JLX172440.4, JLX172440.5
OG0001267	GWHPBPAQ014359	JLX169730.1, JLX169730.2, JLX169730.3, JLX169730.4, JLX169730.5
OG0001268	GWHPBPAQ014422	JLX172310.1, JLX172310.2, JLX172310.3, JLX172310.4, JLX172310.5
OG0001269	GWHPBPAQ014510	JLX168650.1, JLX168650.2, JLX168650.3, JLX168650.4, JLX168650.5
OG0001270	GWHPBPAQ014555	JLX171260.1, JLX171260.2, JLX171260.3, JLX171260.4, JLX171260.5
OG0001271	GWHPBPAQ014568	JLX170510.1, JLX170510.2, JLX170510.3, JLX170510.4, JLX170510.5
OG0001272	GWHPBPAQ014617	JLX229660.1, JLX229660.2, JLX229660.3, JLX229660.4, JLX229660.5
OG0001273	GWHPBPAQ014640	JLX229250.1, JLX229250.2, JLX229250.3, JLX229580.1, JLX229590.1
OG0001274	GWHPBPAQ014857	JLX117640.1, JLX117640.2, JLX117640.3, JLX117640.4, JLX216430.1
OG0001275	GWHPBPAQ014898	JLX115330.1, JLX115330.2, JLX115330.3, JLX115330.4, JLX115330.5
OG0001276	GWHPBPAQ015034	JLX115840.1, JLX115840.2, JLX115840.3, JLX115840.4, JLX115840.5
OG0001277	GWHPBPAQ015052	JLX112490.1, JLX112490.2, JLX112490.3, JLX112490.4, JLX112490.5
OG0001278	GWHPBPAQ015130	JLX111040.1, JLX111040.2, JLX111040.3, JLX111040.4, JLX111040.5
OG0001279	GWHPBPAQ015214	JLX110940.1, JLX110940.2, JLX110940.3, JLX110940.4, JLX110940.5
OG0001280	GWHPBPAQ015239	JLX117330.1, JLX117330.2, JLX117330.3, JLX117330.4, JLX117330.5
OG0001281	GWHPBPAQ015325	JLX116690.1, JLX116690.2, JLX116690.3, JLX116690.4, JLX116690.5
OG0001282	GWHPBPAQ015326	JLX026310.1, JLX026310.2, JLX026310.3, JLX026310.4, JLX114470.1
OG0001283	GWHPBPAQ015651	JLX118070.1, JLX118070.2, JLX118070.3, JLX118070.4, JLX118070.5
OG0001284	GWHPBPAQ015982	JLX219180.1, JLX219180.2, JLX219180.3, JLX219180.4, JLX219180.5
OG0001285	GWHPBPAQ016003	JLX086800.2, JLX218290.1, JLX218290.2, JLX218290.3, JLX218290.4
OG0001286	GWHPBPAQ016010	JLX218550.1, JLX218550.2, JLX218550.3, JLX218550.4, JLX218550.5
OG0001287	GWHPBPAQ016043	JLX218910.1, JLX218910.2, JLX218910.3, JLX218910.4, JLX218910.5
OG0001288	GWHPBPAQ016084	JLX092760.1, JLX092760.2, JLX092760.3, JLX092760.4, JLX092760.5
OG0001289	GWHPBPAQ016131	JLX091680.1, JLX091680.2, JLX091680.3, JLX091680.4, JLX091680.5
OG0001290	GWHPBPAQ016176	JLX136460.1, JLX136460.2, JLX136460.3, JLX136460.4, JLX136460.5
OG0001291	GWHPBPAQ016195, GWHPBPAQ016598	JLX036550.1, JLX036550.2, JLX136130.1, JLX136130.2
OG0001292	GWHPBPAQ016338	JLX037760.1, JLX037760.2, JLX037760.3, JLX037760.4, JLX037760.5
OG0001293	GWHPBPAQ016356, GWHPBPAQ016713, GWHPBPAQ016714	JLX036920.1, JLX220820.1, JLX222230.1
OG0001294	GWHPBPAQ016363	JLX038780.1, JLX038780.2, JLX038780.3, JLX038780.4, JLX038780.5
OG0001295	GWHPBPAQ016383, GWHPBPAQ016384, GWHPBPAQ016385, GWHPBPAQ016386, GWHPBPAQ016387	JLX038650.1
OG0001296	GWHPBPAQ016612	JLX039750.1, JLX039750.2, JLX039750.3, JLX039750.4, JLX039750.5
OG0001297	GWHPBPAQ016734	JLX220100.1, JLX220100.2, JLX220100.3, JLX220100.4, JLX220100.5
OG0001298	GWHPBPAQ016740	JLX221880.1, JLX221880.2, JLX221880.3, JLX221880.4, JLX221880.5
OG0001299	GWHPBPAQ016749	JLX220300.1, JLX220300.2, JLX220300.3, JLX220300.4, JLX220300.5
OG0001300	GWHPBPAQ016797	JLX220470.1, JLX220470.2, JLX220470.3, JLX220470.4, JLX220470.5
OG0001301	GWHPBPAQ016840	JLX220340.1, JLX220340.2, JLX220340.3, JLX220340.4, JLX220340.5
OG0001302	GWHPBPAQ016854	JLX221530.1, JLX221530.2, JLX221530.3, JLX221530.4, JLX221530.5
OG0001303	GWHPBPAQ017025	JLX040850.1, JLX040850.2, JLX040850.3, JLX040850.4, JLX040850.5
OG0001304	GWHPBPAQ017075	JLX041070.1, JLX041070.2, JLX041070.3, JLX041070.4, JLX041070.5
OG0001305	GWHPBPAQ017078	JLX040660.1, JLX040660.2, JLX040660.3, JLX040660.4, JLX040660.5
OG0001306	GWHPBPAQ017093	JLX176710.1, JLX176710.2, JLX176710.3, JLX176710.4, JLX176710.5
OG0001307	GWHPBPAQ017214, GWHPBPAQ020632	JLX138450.1, JLX138450.2, JLX138450.3, JLX177230.1
OG0001308	GWHPBPAQ017297	JLX182790.1, JLX182790.2, JLX182790.3, JLX182790.4, JLX182790.5
OG0001309	GWHPBPAQ017365	JLX179240.1, JLX179240.2, JLX179240.3, JLX179240.4, JLX179240.5
OG0001310	GWHPBPAQ017420, GWHPBPAQ020874	JLX119110.1, JLX119110.2, JLX177340.1, JLX177340.2
OG0001311	GWHPBPAQ017466, GWHPBPAQ017467	JLX178230.1, JLX178230.2, JLX178230.3, JLX178230.4
OG0001312	GWHPBPAQ017479	JLX178790.1, JLX178790.2, JLX178790.3, JLX178790.4, JLX178790.5
OG0001313	GWHPBPAQ017499	JLX177000.1, JLX177000.2, JLX177000.3, JLX177000.4, JLX177000.5
OG0001314	GWHPBPAQ017585	JLX178400.1, JLX178400.2, JLX178400.3, JLX178400.4, JLX178400.5
OG0001315	GWHPBPAQ017730	JLX174930.1, JLX174930.2, JLX174930.3, JLX174930.4, JLX174930.5
OG0001316	GWHPBPAQ017924	JLX182030.1, JLX182030.2, JLX182030.3, JLX182030.4, JLX182030.5
OG0001317	GWHPBPAQ018042, GWHPBPAQ018043, GWHPBPAQ018055, GWHPBPAQ018056	JLX173930.1, JLX181870.1
OG0001318	GWHPBPAQ018181	JLX057890.1, JLX057890.2, JLX057890.3, JLX057890.4, JLX057890.5
OG0001319	GWHPBPAQ018201	JLX058300.1, JLX058300.2, JLX058300.3, JLX058300.4, JLX058300.5
OG0001320	GWHPBPAQ018374	JLX067920.1, JLX068970.1, JLX069680.1, JLX093610.1, JLX168530.1
OG0001321	GWHPBPAQ018415, GWHPBPAQ018416, GWHPBPAQ018419	JLX168250.1, JLX168250.2, JLX168250.3
OG0001322	GWHPBPAQ018476	JLX053410.1, JLX053410.2, JLX053410.3, JLX053410.4, JLX053410.5
OG0001323	GWHPBPAQ018582, GWHPBPAQ018590, GWHPBPAQ018599, GWHPBPAQ018600	JLX098590.1, JLX098590.2
OG0001324	GWHPBPAQ018605	JLX099750.1, JLX099750.2, JLX099750.3, JLX099750.4, JLX099750.5
OG0001325	GWHPBPAQ018709, GWHPBPAQ018710, GWHPBPAQ018711, GWHPBPAQ018712	JLX042990.1, JLX046220.1
OG0001326	GWHPBPAQ018764	JLX045680.1, JLX045680.2, JLX045680.3, JLX045680.4, JLX045680.5
OG0001327	GWHPBPAQ018918, GWHPBPAQ018919, GWHPBPAQ018920	JLX042380.1, JLX045620.1, JLX045700.1
OG0001328	GWHPBPAQ018926, GWHPBPAQ018927	JLX043770.1, JLX043770.2, JLX043770.3, JLX043770.4
OG0001329	GWHPBPAQ018983	JLX044370.1, JLX044370.2, JLX044370.3, JLX044370.4, JLX044370.5
OG0001330	GWHPBPAQ019060	JLX043940.1, JLX043940.2, JLX043940.3, JLX043940.4, JLX043940.5
OG0001331	GWHPBPAQ019097, GWHPBPAQ019100, GWHPBPAQ019103, GWHPBPAQ019105	JLX044000.1, JLX046260.1
OG0001332	GWHPBPAQ019122, GWHPBPAQ019123, GWHPBPAQ019128, GWHPBPAQ019129, GWHPBPAQ019161	JLX052450.1
OG0001333	GWHPBPAQ019153, GWHPBPAQ019154	JLX188080.1, JLX188080.2, JLX188080.3, JLX188080.4
OG0001334	GWHPBPAQ019283	JLX101790.1, JLX101790.2, JLX101790.3, JLX101790.4, JLX101790.5
OG0001335	GWHPBPAQ019344	JLX107280.1, JLX107280.2, JLX107280.3, JLX107280.4, JLX107280.5
OG0001336	GWHPBPAQ019378	JLX101540.1, JLX101540.2, JLX101540.3, JLX101540.4, JLX101540.5
OG0001337	GWHPBPAQ019505	JLX105720.1, JLX107150.1, JLX107150.2, JLX107150.3, JLX107150.4
OG0001338	GWHPBPAQ019557	JLX101450.1, JLX101450.2, JLX101450.3, JLX101450.4, JLX101450.5
OG0001339	GWHPBPAQ019564	JLX105250.1, JLX105250.2, JLX105250.3, JLX105250.4, JLX105250.5
OG0001340	GWHPBPAQ019731	JLX103820.1, JLX103820.2, JLX103820.3, JLX103820.4, JLX103820.5
OG0001341	GWHPBPAQ019768, GWHPBPAQ019769, GWHPBPAQ019770	JLX101950.1, JLX103030.1, JLX103390.1
OG0001342	GWHPBPAQ019797	JLX101000.1, JLX101000.2, JLX101000.3, JLX101000.4, JLX101000.5
OG0001343	GWHPBPAQ019821, GWHPBPAQ019822	JLX102450.1, JLX102450.2, JLX102450.3, JLX102450.4
OG0001344	GWHPBPAQ019854	JLX103060.1, JLX103060.2, JLX103060.3, JLX103060.4, JLX103060.5
OG0001345	GWHPBPAQ019982, GWHPBPAQ019983, GWHPBPAQ019984, GWHPBPAQ021245	JLX146070.1, JLX148420.1
OG0001346	GWHPBPAQ020035	JLX145620.1, JLX145620.2, JLX145620.3, JLX145620.4, JLX145620.5
OG0001347	GWHPBPAQ020047	JLX148060.1, JLX148060.2, JLX148060.3, JLX148060.4, JLX148060.5
OG0001348	GWHPBPAQ020144, GWHPBPAQ020147, GWHPBPAQ020166	JLX145660.1, JLX145720.1, JLX147430.1
OG0001349	GWHPBPAQ020238	JLX147280.1, JLX147280.2, JLX147280.3, JLX147280.4, JLX147280.5
OG0001350	GWHPBPAQ020250	JLX146360.1, JLX146360.2, JLX146360.3, JLX146360.4, JLX146360.5
OG0001351	GWHPBPAQ020253	JLX146630.1, JLX146630.2, JLX146630.3, JLX146630.4, JLX146630.5
OG0001352	GWHPBPAQ020300	JLX146780.1, JLX146780.2, JLX146780.3, JLX146780.4, JLX146780.5
OG0001353	GWHPBPAQ020318	JLX001990.1, JLX020870.1, JLX066680.1, JLX147710.1, JLX191260.1
OG0001354	GWHPBPAQ020370	JLX137180.1, JLX137180.2, JLX137180.3, JLX137180.4, JLX137180.5
OG0001355	GWHPBPAQ020553	JLX139600.1, JLX139600.2, JLX139600.3, JLX139600.4, JLX139600.5
OG0001356	GWHPBPAQ020561, GWHPBPAQ020562, GWHPBPAQ020563	JLX137760.1, JLX140010.1, JLX140310.1
OG0001357	GWHPBPAQ020781	JLX119580.1, JLX119580.2, JLX119580.3, JLX119580.4, JLX119580.5
OG0001358	GWHPBPAQ020910	JLX119890.1, JLX119890.2, JLX119890.3, JLX119890.4, JLX119890.5
OG0001359	GWHPBPAQ021020	JLX228150.1, JLX228150.2, JLX228150.3, JLX228150.4, JLX228150.5
OG0001360	GWHPBPAQ021023	JLX228060.1, JLX228060.2, JLX228060.3, JLX228060.4, JLX228060.5
OG0001361	GWHPBPAQ021064	JLX066870.1, JLX066870.2, JLX066870.3, JLX066870.4, JLX066870.5
OG0001362	GWHPBPAQ021250	JLX232200.1, JLX232200.2, JLX232200.3, JLX232200.4, JLX232200.5
OG0001363	GWHPBPAQ021402	JLX077490.1, JLX077490.2, JLX077490.3, JLX077490.4, JLX077490.5
OG0001364	GWHPBPAQ021404, GWHPBPAQ021405, GWHPBPAQ023530	JLX077430.1, JLX215640.1, JLX215640.2
OG0001365	GWHPBPAQ021501	JLX207170.1, JLX207170.2, JLX207170.3, JLX207170.4, JLX207170.5
OG0001366	GWHPBPAQ021550, GWHPBPAQ021551	JLX206530.1, JLX206530.2, JLX206530.3, JLX206820.1
OG0001367	GWHPBPAQ021578	JLX185350.1, JLX207000.1, JLX207000.2, JLX207000.3, JLX207000.4
OG0001368	GWHPBPAQ021631	JLX023970.1, JLX023970.2, JLX023970.3, JLX023970.4, JLX105660.1
OG0001369	GWHPBPAQ021660, GWHPBPAQ021662, GWHPBPAQ022500	JLX021310.1, JLX023760.1, JLX094380.1
OG0001370	GWHPBPAQ022077, GWHPBPAQ022078, GWHPBPAQ022080, GWHPBPAQ022081, GWHPBPAQ022082	JLX021900.3
OG0001371	GWHPBPAQ022143	JLX019740.1, JLX022270.1, JLX035800.1, JLX164900.1, JLX165240.1
OG0001372	GWHPBPAQ022249	JLX082110.1, JLX082110.2, JLX082110.3, JLX082110.4, JLX082110.5
OG0001373	GWHPBPAQ022273, GWHPBPAQ022276, GWHPBPAQ022278, GWHPBPAQ022280, GWHPBPAQ022282	JLX188970.1
OG0001374	GWHPBPAQ022431, GWHPBPAQ022628, GWHPBPAQ022687	JLX002390.1, JLX165330.1, JLX165800.1
OG0001375	GWHPBPAQ022851	JLX050260.1, JLX050260.2, JLX050260.3, JLX050260.4, JLX050260.5
OG0001376	GWHPBPAQ023047	JLX085320.1, JLX085320.2, JLX085320.3, JLX085320.4, JLX085320.5
OG0001377	GWHPBPAQ023106	JLX085410.1, JLX085410.2, JLX085410.3, JLX085410.4, JLX085410.5
OG0001378	GWHPBPAQ023122	JLX085480.1, JLX085480.2, JLX085480.3, JLX085480.4, JLX085480.5
OG0001379	GWHPBPAQ023219, GWHPBPAQ023333	JLX087330.1, JLX087330.2, JLX088000.1, JLX088000.2
OG0001380	GWHPBPAQ023228	JLX085940.1, JLX085940.2, JLX085940.3, JLX085940.4, JLX085940.5
OG0001381	GWHPBPAQ023505, GWHPBPAQ023506, GWHPBPAQ023507, GWHPBPAQ023508	JLX214390.1, JLX215460.1
OG0001382	Null	JLX008450.1, JLX008450.2, JLX008450.3, JLX008450.4, JLX008450.5, JLX222150.1
OG0001383	Null	JLX001100.1, JLX035590.1, JLX036050.1, JLX099050.1, JLX121750.1, JLX141230.1
OG0001384	Null	JLX109850.1, JLX115980.1, JLX115980.2, JLX115980.3, JLX115980.4, JLX115980.5
OG0001385	Null	JLX082050.1, JLX082540.1, JLX150120.1, JLX180920.1, JLX212980.1, JLX213030.1
OG0001386	Null	JLX111120.1, JLX111120.2, JLX111120.3, JLX111120.4, JLX111120.5, JLX111120.6
OG0001387	Null	JLX046680.1, JLX046680.2, JLX046680.3, JLX046680.4, JLX046680.5, JLX046680.6
OG0001388	Null	JLX008610.1, JLX084610.1, JLX102580.1, JLX105310.1, JLX106210.1, JLX181700.1
OG0001389	Null	JLX002350.1, JLX041470.1, JLX108170.1, JLX111370.1, JLX115430.1, JLX218930.1
OG0001390	Null	JLX116320.1, JLX116320.2, JLX116320.3, JLX116320.4, JLX116320.5, JLX116320.6
OG0001391	Null	JLX002010.1, JLX052650.1, JLX071900.1, JLX155100.1, JLX198060.1, JLX198110.1
OG0001392	Null	JLX050190.1, JLX050200.1, JLX066700.1, JLX066730.1, JLX081860.1, JLX122260.1
OG0001393	Null	JLX225890.1, JLX225890.2, JLX225890.3, JLX225890.4, JLX225890.5, JLX225890.6
OG0001394	Null	JLX200510.1, JLX200510.2, JLX200510.3, JLX200510.4, JLX200510.5, JLX200510.6
OG0001395	Null	JLX052360.1, JLX052360.2, JLX052360.3, JLX052360.4, JLX052360.5, JLX052360.6
OG0001396	Null	JLX017000.1, JLX017000.2, JLX017000.3, JLX017000.4, JLX017000.5, JLX017000.6
OG0001397	Null	JLX010140.1, JLX051490.1, JLX052090.1, JLX085050.1, JLX086600.1, JLX088290.1
OG0001398	Null	JLX137710.1, JLX137710.2, JLX137710.3, JLX137710.4, JLX137710.5, JLX137710.6
OG0001399	Null	JLX021900.1, JLX021900.2, JLX021900.4, JLX021900.5, JLX021900.6, JLX021900.7
OG0001400	Null	JLX001300.1, JLX090920.1, JLX142420.1, JLX158870.1, JLX166780.1, JLX230770.1
OG0001401	Null	JLX172790.1, JLX173010.1, JLX188310.1, JLX205280.1, JLX205340.1, JLX205640.1
OG0001402	GWHPBPAQ000024, GWHPBPAQ006560	JLX228700.1, JLX228700.2, JLX228700.3
OG0001403	GWHPBPAQ000073	JLX057290.1, JLX057290.2, JLX057290.3, JLX057290.4
OG0001404	GWHPBPAQ000116, GWHPBPAQ011907	JLX054690.1, JLX054690.2, JLX230630.1
OG0001405	GWHPBPAQ000155, GWHPBPAQ000156	JLX055210.1, JLX055210.2, JLX055210.3
OG0001406	GWHPBPAQ000169, GWHPBPAQ003748	JLX029200.1, JLX056070.1, JLX056070.2
OG0001407	GWHPBPAQ000170	JLX054960.1, JLX054960.2, JLX054960.3, JLX054960.4
OG0001408	GWHPBPAQ000191, GWHPBPAQ021671	JLX024700.1, JLX055630.1, JLX055630.2
OG0001409	GWHPBPAQ000249, GWHPBPAQ003829	JLX056620.1, JLX056620.2, JLX157570.1
OG0001410	GWHPBPAQ000258, GWHPBPAQ007126, GWHPBPAQ007398, GWHPBPAQ014582	JLX055470.1
OG0001411	GWHPBPAQ000303	JLX056600.1, JLX056600.2, JLX056600.3, JLX056600.4
OG0001412	GWHPBPAQ000305	JLX056050.1, JLX056050.2, JLX056050.3, JLX056050.4
OG0001413	GWHPBPAQ000314, GWHPBPAQ014267	JLX057140.1, JLX057140.2, JLX169930.1
OG0001414	GWHPBPAQ000316	JLX056170.1, JLX056170.2, JLX056170.3, JLX056170.4
OG0001415	GWHPBPAQ000337, GWHPBPAQ000338, GWHPBPAQ011681	JLX055670.1, JLX141240.1
OG0001416	GWHPBPAQ000342, GWHPBPAQ016794, GWHPBPAQ018339	JLX055900.1, JLX221200.1
OG0001417	GWHPBPAQ000372	JLX049390.1, JLX049390.2, JLX049390.3, JLX049390.4
OG0001418	GWHPBPAQ000397	JLX049630.1, JLX049630.2, JLX049630.3, JLX049630.4
OG0001419	GWHPBPAQ000436, GWHPBPAQ014144	JLX049760.1, JLX191870.1, JLX191870.2
OG0001420	GWHPBPAQ000453, GWHPBPAQ007094	JLX203860.1, JLX203860.2, JLX203860.3
OG0001421	GWHPBPAQ000481	JLX050150.1, JLX050150.2, JLX050150.3, JLX050150.4
OG0001422	GWHPBPAQ000510, GWHPBPAQ014057	JLX149520.1, JLX196960.1, JLX196960.2
OG0001423	GWHPBPAQ000540	JLX018510.1, JLX018510.2, JLX018510.3, JLX018510.4
OG0001424	GWHPBPAQ000571	JLX016710.1, JLX016710.2, JLX016710.3, JLX016710.4
OG0001425	GWHPBPAQ000587	JLX018230.1, JLX018230.2, JLX018230.3, JLX018230.4
OG0001426	GWHPBPAQ000601	JLX017540.1, JLX017540.2, JLX017540.3, JLX017540.4
OG0001427	GWHPBPAQ000602	JLX016470.1, JLX016470.2, JLX016470.3, JLX016470.4
OG0001428	GWHPBPAQ000603	JLX019010.1, JLX019010.2, JLX019010.3, JLX019010.4
OG0001429	GWHPBPAQ000643	JLX018430.1, JLX018430.2, JLX018430.3, JLX018430.4
OG0001430	GWHPBPAQ000645, GWHPBPAQ006383	JLX018710.1, JLX018710.2, JLX033000.1
OG0001431	GWHPBPAQ000696	JLX017380.1, JLX017380.2, JLX017380.3, JLX017380.4
OG0001432	GWHPBPAQ000735, GWHPBPAQ013185, GWHPBPAQ016245	JLX017060.1, JLX165610.1
OG0001433	GWHPBPAQ000766	JLX018090.1, JLX018090.2, JLX018090.3, JLX018090.4
OG0001434	GWHPBPAQ000788, GWHPBPAQ012821	JLX186700.1, JLX186700.2, JLX218120.1
OG0001435	GWHPBPAQ000789	JLX016730.1, JLX016730.2, JLX016730.3, JLX016730.4
OG0001436	GWHPBPAQ000870, GWHPBPAQ003955	JLX047620.1, JLX047620.2, JLX158120.1
OG0001437	GWHPBPAQ000897, GWHPBPAQ013161	JLX210460.1, JLX210460.2, JLX210460.3
OG0001438	GWHPBPAQ000934, GWHPBPAQ021804	JLX022890.1, JLX022890.2, JLX047300.1
OG0001439	GWHPBPAQ000954	JLX048610.1, JLX048610.2, JLX048610.3, JLX048610.4
OG0001440	GWHPBPAQ000962	JLX047530.1, JLX047530.2, JLX047530.3, JLX047530.4
OG0001441	GWHPBPAQ001006, GWHPBPAQ014356, GWHPBPAQ014668	JLX047570.1, JLX111460.1
OG0001442	GWHPBPAQ001010, GWHPBPAQ013738, GWHPBPAQ019553	JLX104500.1, JLX195270.1
OG0001443	GWHPBPAQ001011, GWHPBPAQ001029	JLX047460.1, JLX048380.1, JLX158470.1
OG0001444	GWHPBPAQ001023	JLX047140.1, JLX047140.2, JLX160560.1, JLX160560.2
OG0001445	GWHPBPAQ001041	JLX095830.1, JLX095830.2, JLX095830.3, JLX095830.4
OG0001446	GWHPBPAQ001044	JLX095880.1, JLX095990.1, JLX096960.1, JLX098110.1
OG0001447	GWHPBPAQ001087, GWHPBPAQ001088, GWHPBPAQ001089	JLX096930.1, JLX100270.1
OG0001448	GWHPBPAQ001170	JLX096870.1, JLX096870.2, JLX096870.3, JLX096870.4
OG0001449	GWHPBPAQ001173	JLX098180.1, JLX098180.2, JLX098180.3, JLX098180.4
OG0001450	GWHPBPAQ001218	JLX098190.1, JLX098190.2, JLX098190.3, JLX098190.4
OG0001451	GWHPBPAQ001235, GWHPBPAQ002799, GWHPBPAQ011718	JLX099660.1, JLX099660.2
OG0001452	GWHPBPAQ001242	JLX098330.1, JLX098330.2, JLX104740.2, JLX104740.3
OG0001453	GWHPBPAQ001258, GWHPBPAQ008438	JLX097940.1, JLX099240.1, JLX100430.1
OG0001454	GWHPBPAQ001280, GWHPBPAQ001898	JLX096230.1, JLX096950.1, JLX205270.1
OG0001455	GWHPBPAQ001329, GWHPBPAQ001332, GWHPBPAQ001335	JLX098300.1, JLX099470.1
OG0001456	GWHPBPAQ001350	JLX096330.1, JLX097780.1, JLX099250.1, JLX099370.1
OG0001457	GWHPBPAQ001360, GWHPBPAQ009246	JLX058450.1, JLX097340.1, JLX097340.2
OG0001458	GWHPBPAQ001377, GWHPBPAQ001378	JLX098950.1, JLX098950.2, JLX141950.1
OG0001459	GWHPBPAQ001429, GWHPBPAQ008369, GWHPBPAQ013353	JLX078440.1, JLX142210.1
OG0001460	GWHPBPAQ001447, GWHPBPAQ001449, GWHPBPAQ001451, GWHPBPAQ001452	JLX142010.1
OG0001461	GWHPBPAQ001478	JLX065320.1, JLX065320.2, JLX065320.3, JLX065320.4
OG0001462	GWHPBPAQ001513	JLX064730.1, JLX064730.2, JLX064730.3, JLX064730.4
OG0001463	GWHPBPAQ001530	JLX064920.1, JLX064920.2, JLX064920.3, JLX064920.4
OG0001464	GWHPBPAQ001545	JLX065050.1, JLX065050.2, JLX065050.3, JLX065050.4
OG0001465	GWHPBPAQ001551, GWHPBPAQ010518, GWHPBPAQ020289	JLX131980.1, JLX145640.1
OG0001466	GWHPBPAQ001558, GWHPBPAQ021594	JLX083280.1, JLX083280.2, JLX207460.1
OG0001467	GWHPBPAQ001560	JLX082990.1, JLX082990.2, JLX082990.3, JLX082990.4
OG0001468	GWHPBPAQ001564	JLX082880.1, JLX082880.2, JLX082880.3, JLX083080.1
OG0001469	GWHPBPAQ001579, GWHPBPAQ008204, GWHPBPAQ008205	JLX082860.1, JLX153180.1
OG0001470	GWHPBPAQ001590	JLX083090.1, JLX083090.2, JLX083090.3, JLX083090.4
OG0001471	GWHPBPAQ001621, GWHPBPAQ013649	JLX192830.1, JLX192830.2, JLX192830.3
OG0001472	GWHPBPAQ001627, GWHPBPAQ006195	JLX216990.1, JLX216990.2, JLX216990.3
OG0001473	GWHPBPAQ001668	JLX035260.1, JLX035260.2, JLX035260.3, JLX035260.4
OG0001474	GWHPBPAQ001675	JLX035050.1, JLX035050.2, JLX035050.3, JLX035050.4
OG0001475	GWHPBPAQ001694	JLX035690.1, JLX035690.2, JLX141470.1, JLX141510.1
OG0001476	GWHPBPAQ001727	JLX167680.1, JLX167680.2, JLX167680.3, JLX167680.4
OG0001477	GWHPBPAQ001739, GWHPBPAQ003097	JLX167280.1, JLX167280.2, JLX167280.3
OG0001478	GWHPBPAQ001762, GWHPBPAQ008511, GWHPBPAQ020228, GWHPBPAQ020229	JLX167860.1
OG0001479	GWHPBPAQ001799, GWHPBPAQ001800, GWHPBPAQ022452	JLX076740.1, JLX076900.1
OG0001480	GWHPBPAQ001808	JLX076850.1, JLX076850.2, JLX076850.3, JLX076850.4
OG0001481	GWHPBPAQ001832, GWHPBPAQ013611	JLX194570.1, JLX194570.2, JLX194570.3
OG0001482	GWHPBPAQ001837	JLX172910.1, JLX172910.2, JLX172910.3, JLX172910.4
OG0001483	GWHPBPAQ001838, GWHPBPAQ001960, GWHPBPAQ015863	JLX173100.1, JLX227270.1
OG0001484	GWHPBPAQ001839, GWHPBPAQ001841, GWHPBPAQ001842	JLX173030.1, JLX173040.1
OG0001485	GWHPBPAQ001847, GWHPBPAQ012827, GWHPBPAQ012830, GWHPBPAQ012833	JLX066510.1
OG0001486	GWHPBPAQ001853, GWHPBPAQ001946, GWHPBPAQ001947	JLX172830.1, JLX188540.1
OG0001487	GWHPBPAQ001865, GWHPBPAQ001959, GWHPBPAQ021011	JLX228070.1, JLX228070.2
OG0001488	GWHPBPAQ001872, GWHPBPAQ016333, GWHPBPAQ020104, GWHPBPAQ020343, GWHPBPAQ022909	
OG0001489	GWHPBPAQ001874, GWHPBPAQ001877	JLX205460.1, JLX205470.1, JLX205620.1
OG0001490	GWHPBPAQ001880, GWHPBPAQ001883	JLX205250.1, JLX205380.1, JLX205430.1
OG0001491	GWHPBPAQ001941	JLX188850.1, JLX188850.2, JLX188850.3, JLX188850.4
OG0001492	GWHPBPAQ001989	JLX000040.1, JLX095580.1, JLX188880.1, JLX188880.2
OG0001493	GWHPBPAQ002001, GWHPBPAQ012002, GWHPBPAQ012779	JLX052980.1, JLX122140.1
OG0001494	GWHPBPAQ002031, GWHPBPAQ002032, GWHPBPAQ003706	JLX152370.1, JLX152510.1
OG0001495	GWHPBPAQ002075, GWHPBPAQ017937	JLX041420.1, JLX180620.1, JLX180620.2
OG0001496	GWHPBPAQ002103, GWHPBPAQ002104, GWHPBPAQ002108	JLX090290.1, JLX164750.1
OG0001497	GWHPBPAQ002133, GWHPBPAQ012070	JLX000640.1, JLX000640.2, JLX089880.1
OG0001498	GWHPBPAQ002141, GWHPBPAQ015948, GWHPBPAQ021140	JLX067680.1, JLX067680.2
OG0001499	GWHPBPAQ002197, GWHPBPAQ002200, GWHPBPAQ015698, GWHPBPAQ015699	JLX090310.1
OG0001500	GWHPBPAQ002202, GWHPBPAQ015556	JLX107600.1, JLX107940.1, JLX149390.1
OG0001501	GWHPBPAQ002211, GWHPBPAQ018397	JLX148960.1, JLX168510.1, JLX190020.1
OG0001502	GWHPBPAQ002242	JLX083380.1, JLX083440.1, JLX149170.1, JLX149530.1
OG0001503	GWHPBPAQ002251, GWHPBPAQ023159, GWHPBPAQ023160, GWHPBPAQ023161	JLX087220.1
OG0001504	GWHPBPAQ002274, GWHPBPAQ002277, GWHPBPAQ002278, GWHPBPAQ006726	JLX207830.1
OG0001505	GWHPBPAQ002288, GWHPBPAQ002343	JLX151620.1, JLX151670.1, JLX151880.1
OG0001506	GWHPBPAQ002312, GWHPBPAQ008135	JLX002310.1, JLX151460.1, JLX153430.1
OG0001507	GWHPBPAQ002323, GWHPBPAQ002327, GWHPBPAQ002331	JLX151610.1, JLX152080.1
OG0001508	GWHPBPAQ002380, GWHPBPAQ006872	JLX202050.1, JLX202050.2, JLX202050.3
OG0001509	GWHPBPAQ002413, GWHPBPAQ006047	JLX010020.1, JLX122010.1, JLX230500.1
OG0001510	GWHPBPAQ002416, GWHPBPAQ002424	JLX007440.1, JLX121930.1, JLX230490.1
OG0001511	GWHPBPAQ002446	JLX006370.1, JLX006370.2, JLX006370.3, JLX006370.4
OG0001512	GWHPBPAQ002461, GWHPBPAQ002554, GWHPBPAQ002555, GWHPBPAQ002556	JLX005120.1
OG0001513	GWHPBPAQ002469, GWHPBPAQ021262	JLX006530.1, JLX232090.1, JLX232090.2
OG0001514	GWHPBPAQ002489, GWHPBPAQ002491, GWHPBPAQ008948	JLX004010.1, JLX006200.1
OG0001515	GWHPBPAQ002492, GWHPBPAQ009616, GWHPBPAQ015941	JLX186510.1, JLX227640.1
OG0001516	GWHPBPAQ002542, GWHPBPAQ021310	JLX006450.1, JLX063330.1, JLX232870.1
OG0001517	GWHPBPAQ002544	JLX007870.1, JLX007870.2, JLX007870.3, JLX007870.4
OG0001518	GWHPBPAQ002564, GWHPBPAQ020829	JLX121650.1, JLX121650.2, JLX121650.3
OG0001519	GWHPBPAQ002572	JLX007050.1, JLX007050.2, JLX007050.3, JLX007050.4
OG0001520	GWHPBPAQ002579	JLX004730.1, JLX004730.2, JLX004730.3, JLX004730.4
OG0001521	GWHPBPAQ002603, GWHPBPAQ005607, GWHPBPAQ016556	JLX007370.1, JLX039610.1
OG0001522	GWHPBPAQ002605	JLX003710.1, JLX003710.2, JLX003710.3, JLX003710.4
OG0001523	GWHPBPAQ002643, GWHPBPAQ002648, GWHPBPAQ002671	JLX004510.1, JLX006180.1
OG0001524	GWHPBPAQ002655	JLX004800.1, JLX004800.2, JLX004800.3, JLX004800.4
OG0001525	GWHPBPAQ002694, GWHPBPAQ002698, GWHPBPAQ002699, GWHPBPAQ002700, GWHPBPAQ002701	
OG0001526	GWHPBPAQ002716, GWHPBPAQ002717	JLX005100.1, JLX005100.2, JLX006940.1
OG0001527	GWHPBPAQ002738, GWHPBPAQ002739, GWHPBPAQ006339	JLX006470.1, JLX007540.1
OG0001528	GWHPBPAQ002851, GWHPBPAQ019525	JLX006190.1, JLX104710.1, JLX175820.1
OG0001529	GWHPBPAQ002866, GWHPBPAQ012450, GWHPBPAQ022493	JLX005020.1, JLX095170.1
OG0001530	GWHPBPAQ002874, GWHPBPAQ013214	JLX006860.1, JLX078060.1, JLX093460.1
OG0001531	GWHPBPAQ002890, GWHPBPAQ006097	JLX005210.1, JLX005210.2, JLX005210.3
OG0001532	GWHPBPAQ002900	JLX007260.1, JLX007260.2, JLX007260.3, JLX007260.4
OG0001533	GWHPBPAQ002917, GWHPBPAQ022602	JLX004180.1, JLX093340.1, JLX095330.1
OG0001534	GWHPBPAQ002945, GWHPBPAQ016728, GWHPBPAQ022670	JLX004630.1, JLX165880.1
OG0001535	GWHPBPAQ002958	JLX003580.1, JLX003580.2, JLX003580.3, JLX003580.4
OG0001536	GWHPBPAQ002994, GWHPBPAQ022756, GWHPBPAQ022758	JLX005510.1, JLX051890.1
OG0001537	GWHPBPAQ002999	JLX005200.1, JLX005200.2, JLX005200.3, JLX005200.4
OG0001538	GWHPBPAQ003001	JLX007120.1, JLX007120.2, JLX007120.3, JLX007120.4
OG0001539	GWHPBPAQ003044, GWHPBPAQ022824	JLX051830.1, JLX072690.1, JLX072690.2
OG0001540	GWHPBPAQ003047	JLX070020.1, JLX070020.2, JLX070020.3, JLX070020.4
OG0001541	GWHPBPAQ003048, GWHPBPAQ022828	JLX050590.1, JLX075640.1, JLX075640.2
OG0001542	GWHPBPAQ003072, GWHPBPAQ004175	JLX009890.1, JLX009890.2, JLX071010.1
OG0001543	GWHPBPAQ003087, GWHPBPAQ022899	JLX051960.1, JLX051960.2, JLX070880.1
OG0001544	GWHPBPAQ003118, GWHPBPAQ005448, GWHPBPAQ016464	JLX074270.1, JLX208050.1
OG0001545	GWHPBPAQ003122	JLX074970.1, JLX074970.2, JLX074970.3, JLX074970.4
OG0001546	GWHPBPAQ003149, GWHPBPAQ022982	JLX071380.1, JLX071380.2, JLX086030.1
OG0001547	GWHPBPAQ003174	JLX072780.1, JLX072780.2, JLX072780.3, JLX072780.4
OG0001548	GWHPBPAQ003195	JLX070600.1, JLX070600.2, JLX070600.3, JLX070600.4
OG0001549	GWHPBPAQ003219, GWHPBPAQ023119	JLX074880.1, JLX085450.1, JLX085450.2
OG0001550	GWHPBPAQ003231, GWHPBPAQ007901, GWHPBPAQ009428	JLX063610.1, JLX071600.1
OG0001551	GWHPBPAQ003239, GWHPBPAQ007181, GWHPBPAQ014040, GWHPBPAQ021323	JLX026940.1
OG0001552	GWHPBPAQ003259	JLX070570.1, JLX070570.2, JLX070570.3, JLX070570.4
OG0001553	GWHPBPAQ003289	JLX073880.1, JLX073880.2, JLX073880.3, JLX073880.4
OG0001554	GWHPBPAQ003290	JLX076200.1, JLX076200.2, JLX076200.3, JLX076200.4
OG0001555	GWHPBPAQ003295	JLX070770.1, JLX070770.2, JLX070770.3, JLX070770.4
OG0001556	GWHPBPAQ003298, GWHPBPAQ006079, GWHPBPAQ006520	JLX032270.1, JLX032270.2
OG0001557	GWHPBPAQ003336	JLX074080.1, JLX074080.2, JLX074080.3, JLX074080.4
OG0001558	GWHPBPAQ003360, GWHPBPAQ018969, GWHPBPAQ021379, GWHPBPAQ021380	JLX073000.1
OG0001559	GWHPBPAQ003367, GWHPBPAQ021920, GWHPBPAQ021921	JLX019600.1, JLX021730.1
OG0001560	GWHPBPAQ003371, GWHPBPAQ023295	JLX073560.1, JLX073560.2, JLX087700.1
OG0001561	GWHPBPAQ003377	JLX071170.1, JLX071170.2, JLX071170.3, JLX071170.4
OG0001562	GWHPBPAQ003416	JLX072810.1, JLX072810.2, JLX072810.3, JLX072810.4
OG0001563	GWHPBPAQ003422, GWHPBPAQ023370	JLX215110.1, JLX215110.2, JLX215110.3
OG0001564	GWHPBPAQ003445, GWHPBPAQ011081	JLX075170.1, JLX129210.1, JLX129210.2
OG0001565	GWHPBPAQ003451, GWHPBPAQ023386	JLX074240.1, JLX074240.2, JLX215540.1
OG0001566	GWHPBPAQ003464, GWHPBPAQ014994	JLX075940.1, JLX075940.2, JLX117200.1
OG0001567	GWHPBPAQ003481	JLX072190.1, JLX072190.2, JLX072190.3, JLX115310.1
OG0001568	GWHPBPAQ003484	JLX072710.1, JLX072710.2, JLX072710.3, JLX072710.4
OG0001569	GWHPBPAQ003498	JLX071870.1, JLX071870.2, JLX071870.3, JLX071870.4
OG0001570	GWHPBPAQ003500	JLX070330.1, JLX070330.2, JLX070330.3, JLX070330.4
OG0001571	GWHPBPAQ003527	JLX073680.1, JLX073680.2, JLX073680.3, JLX073680.4
OG0001572	GWHPBPAQ003555, GWHPBPAQ009280	JLX058780.1, JLX074360.1, JLX204700.1
OG0001573	GWHPBPAQ003581	JLX071080.1, JLX071080.2, JLX071080.3, JLX071080.4
OG0001574	GWHPBPAQ003675	JLX027930.1, JLX027930.2, JLX027930.3, JLX027930.4
OG0001575	GWHPBPAQ003683	JLX028790.1, JLX028790.2, JLX028790.3, JLX028790.4
OG0001576	GWHPBPAQ003690	JLX027740.1, JLX027740.2, JLX027740.3, JLX027740.4
OG0001577	GWHPBPAQ003720	JLX028580.1, JLX028580.2, JLX028580.3, JLX028580.4
OG0001578	GWHPBPAQ003781	JLX028820.1, JLX028820.2, JLX028820.3, JLX028820.4
OG0001579	GWHPBPAQ003789	JLX027780.1, JLX027780.2, JLX027780.3, JLX027780.4
OG0001580	GWHPBPAQ003812	JLX028310.1, JLX028310.2, JLX028310.3, JLX028310.4
OG0001581	GWHPBPAQ003821	JLX028210.1, JLX028210.2, JLX155710.1, JLX155710.2
OG0001582	GWHPBPAQ003836	JLX021430.1, JLX157040.1, JLX157040.2, JLX157040.3
OG0001583	GWHPBPAQ003842	JLX157560.1, JLX157560.2, JLX157560.3, JLX157560.4
OG0001584	GWHPBPAQ003870	JLX155400.1, JLX155400.2, JLX155400.3, JLX155400.4
OG0001585	GWHPBPAQ003873, GWHPBPAQ003875	JLX155260.1, JLX156950.1, JLX158080.1
OG0001586	GWHPBPAQ003879, GWHPBPAQ003881	JLX157600.1, JLX157600.2, JLX157600.3
OG0001587	GWHPBPAQ003924	JLX157930.1, JLX157930.2, JLX157930.3, JLX157930.4
OG0001588	GWHPBPAQ003943, GWHPBPAQ021865	JLX156610.1, JLX156610.2, JLX156610.3
OG0001589	GWHPBPAQ003973	JLX157580.1, JLX157580.2, JLX157580.3, JLX157580.4
OG0001590	GWHPBPAQ004004	JLX156380.1, JLX156380.2, JLX156380.3, JLX156380.4
OG0001591	GWHPBPAQ004052, GWHPBPAQ012920, GWHPBPAQ017881	JLX136700.1, JLX155830.1
OG0001592	GWHPBPAQ004085	JLX155610.1, JLX155610.2, JLX155610.3, JLX155610.4
OG0001593	GWHPBPAQ004104	JLX157130.1, JLX157130.2, JLX157130.3, JLX157130.4
OG0001594	GWHPBPAQ004114	JLX155590.1, JLX155590.2, JLX155590.3, JLX155590.4
OG0001595	GWHPBPAQ004137, GWHPBPAQ009696, GWHPBPAQ019145, GWHPBPAQ019160	JLX184370.1
OG0001596	GWHPBPAQ004164	JLX009740.1, JLX009740.2, JLX009740.3, JLX009740.4
OG0001597	GWHPBPAQ004182, GWHPBPAQ004184	JLX009800.1, JLX009800.2, JLX009800.3
OG0001598	GWHPBPAQ004190	JLX009620.1, JLX009620.2, JLX009620.3, JLX009620.4
OG0001599	GWHPBPAQ004192	JLX009180.1, JLX009180.2, JLX009180.3, JLX009180.4
OG0001600	GWHPBPAQ004242, GWHPBPAQ005871, GWHPBPAQ011271	JLX009350.1, JLX124970.1
OG0001601	GWHPBPAQ004246, GWHPBPAQ007864, GWHPBPAQ015519	JLX115450.1, JLX197920.1
OG0001602	GWHPBPAQ004270, GWHPBPAQ019039, GWHPBPAQ023193	JLX008720.1, JLX043380.1
OG0001603	GWHPBPAQ004288	JLX009140.1, JLX009140.2, JLX009140.3, JLX009140.4
OG0001604	GWHPBPAQ004291	JLX008520.1, JLX008520.2, JLX008520.3, JLX008520.4
OG0001605	GWHPBPAQ004296	JLX009330.1, JLX009330.2, JLX009330.3, JLX009330.4
OG0001606	GWHPBPAQ004309, GWHPBPAQ012442, GWHPBPAQ017332, GWHPBPAQ020834	JLX121190.1
OG0001607	GWHPBPAQ004311	JLX009480.1, JLX009480.2, JLX009480.3, JLX189570.1
OG0001608	GWHPBPAQ004321	JLX092540.1, JLX092540.2, JLX092540.3, JLX092540.4
OG0001609	GWHPBPAQ004323	JLX092360.1, JLX092360.2, JLX092360.3, JLX092360.4
OG0001610	GWHPBPAQ004341	JLX091050.1, JLX091050.2, JLX091050.3, JLX091050.4
OG0001611	GWHPBPAQ004346	JLX091500.1, JLX091500.2, JLX091500.3, JLX091500.4
OG0001612	GWHPBPAQ004351, GWHPBPAQ009841, GWHPBPAQ009842	JLX053660.1, JLX092730.1
OG0001613	GWHPBPAQ004383, GWHPBPAQ009872, GWHPBPAQ013062	JLX092940.1, JLX186070.1
OG0001614	GWHPBPAQ004393, GWHPBPAQ018517, GWHPBPAQ018518	JLX053840.1, JLX091290.1
OG0001615	GWHPBPAQ004408	JLX092870.1, JLX092870.2, JLX092870.3, JLX092870.4
OG0001616	GWHPBPAQ004412, GWHPBPAQ009897	JLX092890.1, JLX092890.2, JLX185790.1
OG0001617	GWHPBPAQ004421	JLX091030.1, JLX091030.2, JLX091030.3, JLX091030.4
OG0001618	GWHPBPAQ004426	JLX091100.1, JLX091100.2, JLX091100.3, JLX091100.4
OG0001619	GWHPBPAQ004432, GWHPBPAQ009911	JLX091350.1, JLX091350.2, JLX184140.1
OG0001620	GWHPBPAQ004441	JLX092900.1, JLX092900.2, JLX092900.3, JLX092900.4
OG0001621	GWHPBPAQ004454, GWHPBPAQ018065, GWHPBPAQ023242	JLX085900.1, JLX085900.2
OG0001622	GWHPBPAQ004455, GWHPBPAQ016719	JLX221130.1, JLX221130.2, JLX221130.3
OG0001623	GWHPBPAQ004472	JLX092040.1, JLX092040.2, JLX092040.3, JLX092040.4
OG0001624	GWHPBPAQ004502, GWHPBPAQ009968, GWHPBPAQ023171	JLX128460.1, JLX225970.1
OG0001625	GWHPBPAQ004551, GWHPBPAQ012584	JLX162530.1, JLX224150.1, JLX224150.2
OG0001626	GWHPBPAQ004602	JLX224000.1, JLX224000.2, JLX224000.3, JLX224000.4
OG0001627	GWHPBPAQ004628	JLX224630.1, JLX224630.2, JLX224630.3, JLX224630.4
OG0001628	GWHPBPAQ004676, GWHPBPAQ010842	JLX130080.1, JLX226880.1, JLX226880.2
OG0001629	GWHPBPAQ004683	JLX225420.1, JLX225420.2, JLX225420.3, JLX225420.4
OG0001630	GWHPBPAQ004689, GWHPBPAQ018859	JLX044970.1, JLX044970.2, JLX226560.1
OG0001631	GWHPBPAQ004696	JLX225160.1, JLX225160.2, JLX225160.3, JLX225160.4
OG0001632	GWHPBPAQ004732, GWHPBPAQ018899	JLX016340.1, JLX045970.1, JLX226520.1
OG0001633	GWHPBPAQ004734, GWHPBPAQ010800	JLX132540.1, JLX223040.1, JLX223040.2
OG0001634	GWHPBPAQ004747	JLX225430.1, JLX225430.2, JLX225430.3, JLX225430.4
OG0001635	GWHPBPAQ004764, GWHPBPAQ009810, GWHPBPAQ009811	JLX183780.1, JLX226340.1
OG0001636	GWHPBPAQ004796	JLX223720.1, JLX223720.2, JLX223720.3, JLX223720.4
OG0001637	GWHPBPAQ004800, GWHPBPAQ010743	JLX130710.1, JLX130710.2, JLX223610.1
OG0001638	GWHPBPAQ004801	JLX224560.1, JLX224560.2, JLX224560.3, JLX224560.4
OG0001639	GWHPBPAQ004802	JLX224090.1, JLX224090.2, JLX224090.3, JLX224090.4
OG0001640	GWHPBPAQ004817	JLX225000.1, JLX225000.2, JLX225000.3, JLX225000.4
OG0001641	GWHPBPAQ004818, GWHPBPAQ016076	JLX207640.1, JLX207640.2, JLX225290.1
OG0001642	GWHPBPAQ004823, GWHPBPAQ004824	JLX042590.1, JLX222850.1, JLX225630.1
OG0001643	GWHPBPAQ004825, GWHPBPAQ004826, GWHPBPAQ006071, GWHPBPAQ006072	JLX226160.1
OG0001644	GWHPBPAQ004905	JLX224650.1, JLX224650.2, JLX224650.3, JLX224650.4
OG0001645	GWHPBPAQ004918	JLX226700.1, JLX226700.2, JLX226700.3, JLX226700.4
OG0001646	GWHPBPAQ004936	JLX226480.1, JLX226480.2, JLX226480.3, JLX226480.4
OG0001647	GWHPBPAQ004951, GWHPBPAQ011800	JLX150350.1, JLX150350.2, JLX224640.1
OG0001648	GWHPBPAQ004957	JLX223790.1, JLX223790.2, JLX223790.3, JLX223790.4
OG0001649	GWHPBPAQ004980, GWHPBPAQ008483, GWHPBPAQ016614	JLX038790.1, JLX224480.1
OG0001650	GWHPBPAQ004994, GWHPBPAQ005931, GWHPBPAQ012327	JLX161670.1, JLX199260.1
OG0001651	GWHPBPAQ005010	JLX211610.1, JLX211610.2, JLX211610.3, JLX211610.4
OG0001652	GWHPBPAQ005020	JLX212700.1, JLX212700.2, JLX212700.3, JLX212700.4
OG0001653	GWHPBPAQ005073, GWHPBPAQ016100	JLX092220.1, JLX092220.2, JLX211300.1
OG0001654	GWHPBPAQ005081, GWHPBPAQ005082, GWHPBPAQ013101	JLX210990.1, JLX211380.1
OG0001655	GWHPBPAQ005085	JLX211440.1, JLX211440.2, JLX211440.3, JLX211440.4
OG0001656	GWHPBPAQ005107, GWHPBPAQ013545	JLX081060.1, JLX081060.2, JLX081060.3
OG0001657	GWHPBPAQ005111	JLX212020.1, JLX212020.2, JLX212020.3, JLX212020.4
OG0001658	GWHPBPAQ005134, GWHPBPAQ015204	JLX109970.1, JLX109970.2, JLX211290.1
OG0001659	GWHPBPAQ005135	JLX210860.1, JLX210860.2, JLX210860.3, JLX210860.4
OG0001660	GWHPBPAQ005156, GWHPBPAQ010968	JLX126210.1, JLX126210.2, JLX126210.3
OG0001661	GWHPBPAQ005184, GWHPBPAQ015157, GWHPBPAQ023314	JLX118630.1, JLX212260.1
OG0001662	GWHPBPAQ005187	JLX212230.1, JLX212230.2, JLX212230.3, JLX212230.4
OG0001663	GWHPBPAQ005195, GWHPBPAQ005696	JLX190170.1, JLX190170.2, JLX211700.1
OG0001664	GWHPBPAQ005221, GWHPBPAQ016244	JLX079710.1, JLX095540.1, JLX095540.2
OG0001665	GWHPBPAQ005234, GWHPBPAQ006887, GWHPBPAQ016274	JLX065630.1, JLX065630.2
OG0001666	GWHPBPAQ005270	JLX065520.1, JLX065520.2, JLX065520.3, JLX065520.4
OG0001667	GWHPBPAQ005285, GWHPBPAQ005286, GWHPBPAQ016345	JLX065800.1, JLX177420.1
OG0001668	GWHPBPAQ005295	JLX066200.1, JLX066200.2, JLX066200.3, JLX066200.4
OG0001669	GWHPBPAQ005309	JLX039480.1, JLX065690.1, JLX065890.1, JLX066080.1
OG0001670	GWHPBPAQ005318	JLX037080.1, JLX037080.2, JLX037080.3, JLX190620.1
OG0001671	GWHPBPAQ005343, GWHPBPAQ011247, GWHPBPAQ011248	JLX122520.1, JLX130920.1
OG0001672	GWHPBPAQ005349	JLX038580.1, JLX038580.2, JLX038580.3, JLX038580.4
OG0001673	GWHPBPAQ005380, GWHPBPAQ010001, GWHPBPAQ015963, GWHPBPAQ016362	JLX129830.1
OG0001674	GWHPBPAQ005447	JLX209470.1, JLX209470.2, JLX209470.3, JLX209470.4
OG0001675	GWHPBPAQ005450	JLX208820.1, JLX208820.2, JLX208820.3, JLX222070.1
OG0001676	GWHPBPAQ005452, GWHPBPAQ009355, GWHPBPAQ016791	JLX209960.1, JLX219500.1
OG0001677	GWHPBPAQ005454, GWHPBPAQ005567, GWHPBPAQ005614	JLX029510.1, JLX034820.1
OG0001678	GWHPBPAQ005458	JLX208590.1, JLX208590.2, JLX208590.3, JLX208590.4
OG0001679	GWHPBPAQ005488, GWHPBPAQ016509	JLX039770.1, JLX209080.1, JLX209080.2
OG0001680	GWHPBPAQ005498	JLX065400.1, JLX190630.1, JLX208100.1, JLX208790.1
OG0001681	GWHPBPAQ005517, GWHPBPAQ005519, GWHPBPAQ005521	JLX208680.1, JLX208810.1
OG0001682	GWHPBPAQ005622, GWHPBPAQ015575	JLX003340.1, JLX107850.1, JLX142670.1
OG0001683	GWHPBPAQ005628	JLX029740.1, JLX029740.2, JLX029740.3, JLX029740.4
OG0001684	GWHPBPAQ005651, GWHPBPAQ015101, GWHPBPAQ021711	JLX022420.1, JLX027640.1
OG0001685	GWHPBPAQ005676, GWHPBPAQ014648, GWHPBPAQ016925	JLX222180.1, JLX229740.1
OG0001686	GWHPBPAQ005687	JLX190240.1, JLX190240.2, JLX190240.3, JLX190240.4
OG0001687	GWHPBPAQ005743, GWHPBPAQ017278	JLX182040.1, JLX182040.2, JLX182040.3
OG0001688	GWHPBPAQ005755	JLX191180.1, JLX191180.2, JLX191180.3, JLX191180.4
OG0001689	GWHPBPAQ005764	JLX190610.1, JLX190610.2, JLX190610.3, JLX190610.4
OG0001690	GWHPBPAQ005805	JLX191640.1, JLX191640.2, JLX191640.3, JLX191640.4
OG0001691	GWHPBPAQ005815, GWHPBPAQ005825	JLX065420.1, JLX187210.1, JLX217580.1
OG0001692	GWHPBPAQ005834	JLX216230.1, JLX216230.2, JLX216230.3, JLX216230.4
OG0001693	GWHPBPAQ005839, GWHPBPAQ005841, GWHPBPAQ005842, GWHPBPAQ005844	JLX216290.1
OG0001694	GWHPBPAQ005863	JLX090540.1, JLX090540.2, JLX090540.3, JLX090540.4
OG0001695	GWHPBPAQ005880	JLX003040.1, JLX003040.2, JLX003040.3, JLX003040.4
OG0001696	GWHPBPAQ005920	JLX060600.1, JLX199370.1, JLX199370.2, JLX199370.3
OG0001697	GWHPBPAQ005938	JLX199440.1, JLX199440.2, JLX199440.3, JLX199440.4
OG0001698	GWHPBPAQ005941, GWHPBPAQ010131, GWHPBPAQ010132	JLX134870.1, JLX134870.2
OG0001699	GWHPBPAQ005975	JLX001480.1, JLX001480.2, JLX001480.3, JLX001480.4
OG0001700	GWHPBPAQ005983, GWHPBPAQ007626, GWHPBPAQ012741, GWHPBPAQ016093, GWHPBPAQ017956	
OG0001701	GWHPBPAQ005993	JLX001810.1, JLX001810.2, JLX001810.3, JLX001810.4
OG0001702	GWHPBPAQ005998	JLX001690.1, JLX001690.2, JLX001690.3, JLX001690.4
OG0001703	GWHPBPAQ006037	JLX119340.1, JLX119340.2, JLX119340.3, JLX119340.4
OG0001704	GWHPBPAQ006096, GWHPBPAQ006098	JLX041710.1, JLX042040.1, JLX042290.1
OG0001705	GWHPBPAQ006126, GWHPBPAQ006262, GWHPBPAQ006263	JLX041670.1, JLX068500.1
OG0001706	GWHPBPAQ006138	JLX040190.1, JLX040190.2, JLX040190.3, JLX040190.4
OG0001707	GWHPBPAQ006151, GWHPBPAQ007338, GWHPBPAQ017889, GWHPBPAQ018375	JLX205140.1
OG0001708	GWHPBPAQ006168	JLX029700.1, JLX038390.1, JLX217250.1, JLX217250.2
OG0001709	GWHPBPAQ006171	JLX216590.1, JLX216590.2, JLX216590.3, JLX216590.4
OG0001710	GWHPBPAQ006179, GWHPBPAQ006180	JLX216710.1, JLX217050.1, JLX217120.1
OG0001711	GWHPBPAQ006196, GWHPBPAQ006209, GWHPBPAQ006210	JLX216630.1, JLX216970.1
OG0001712	GWHPBPAQ006211, GWHPBPAQ006212	JLX216540.1, JLX216680.1, JLX217100.1
OG0001713	GWHPBPAQ006214, GWHPBPAQ017250	JLX176970.1, JLX216530.1, JLX216530.2
OG0001714	GWHPBPAQ006227, GWHPBPAQ011426, GWHPBPAQ011521, GWHPBPAQ013049, GWHPBPAQ018061	
OG0001715	GWHPBPAQ006260, GWHPBPAQ008025, GWHPBPAQ008026	JLX006710.1, JLX031660.1
OG0001716	GWHPBPAQ006264, GWHPBPAQ022374	JLX067970.1, JLX217680.1, JLX217680.2
OG0001717	GWHPBPAQ006269	JLX068330.1, JLX068330.2, JLX068330.3, JLX068330.4
OG0001718	GWHPBPAQ006271, GWHPBPAQ006298, GWHPBPAQ006299, GWHPBPAQ006301	JLX034200.1
OG0001719	GWHPBPAQ006292, GWHPBPAQ010248	JLX125980.1, JLX125980.2, JLX125980.3
OG0001720	GWHPBPAQ006308, GWHPBPAQ006316, GWHPBPAQ006317, GWHPBPAQ006318	JLX033010.1
OG0001721	GWHPBPAQ006357, GWHPBPAQ012873, GWHPBPAQ019979	JLX015970.1, JLX148410.1
OG0001722	GWHPBPAQ006405	JLX033540.1, JLX033540.2, JLX033540.3, JLX033540.4
OG0001723	GWHPBPAQ006426	JLX034000.1, JLX034000.2, JLX034000.3, JLX034000.4
OG0001724	GWHPBPAQ006454, GWHPBPAQ013319, GWHPBPAQ013320	JLX033950.1, JLX033950.2
OG0001725	GWHPBPAQ006466	JLX032940.1, JLX032940.2, JLX032940.3, JLX032940.4
OG0001726	GWHPBPAQ006498, GWHPBPAQ020555	JLX033030.1, JLX033030.2, JLX033030.3
OG0001727	GWHPBPAQ006507	JLX033760.1, JLX033760.2, JLX033760.3, JLX033760.4
OG0001728	GWHPBPAQ006532	JLX032390.1, JLX032390.2, JLX032390.3, JLX032390.4
OG0001729	GWHPBPAQ006587, GWHPBPAQ006588	JLX199620.1, JLX200540.1, JLX200540.2
OG0001730	GWHPBPAQ006653	JLX201380.1, JLX201380.2, JLX201380.3, JLX201380.4
OG0001731	GWHPBPAQ006732, GWHPBPAQ006734, GWHPBPAQ006735	JLX201170.1, JLX202730.1
OG0001732	GWHPBPAQ006806	JLX202880.1, JLX202880.2, JLX202880.3, JLX202880.7
OG0001733	GWHPBPAQ006821	JLX203260.1, JLX203260.2, JLX203260.3, JLX203260.4
OG0001734	GWHPBPAQ006849, GWHPBPAQ006850, GWHPBPAQ006852	JLX200830.1, JLX201000.1
OG0001735	GWHPBPAQ006914	JLX204950.1, JLX204950.2, JLX204950.3, JLX204950.4
OG0001736	GWHPBPAQ006927, GWHPBPAQ006929, GWHPBPAQ006931	JLX200210.1, JLX203510.1
OG0001737	GWHPBPAQ006940	JLX203910.1, JLX203910.2, JLX203910.3, JLX203910.4
OG0001738	GWHPBPAQ006961, GWHPBPAQ011151	JLX131760.1, JLX131760.2, JLX202190.1
OG0001739	GWHPBPAQ006972, GWHPBPAQ006974	JLX199680.1, JLX201080.1, JLX201080.2
OG0001740	GWHPBPAQ007008	JLX201790.1, JLX201790.2, JLX201790.3, JLX201790.4
OG0001741	GWHPBPAQ007025, GWHPBPAQ011292	JLX134270.1, JLX200580.1, JLX200580.2
OG0001742	GWHPBPAQ007028	JLX205010.1, JLX205010.2, JLX205010.3, JLX205010.4
OG0001743	GWHPBPAQ007031, GWHPBPAQ015381, GWHPBPAQ015382	JLX115970.1, JLX203980.1
OG0001744	GWHPBPAQ007064, GWHPBPAQ014149	JLX196970.1, JLX196970.2, JLX203660.1
OG0001745	GWHPBPAQ007080, GWHPBPAQ014136	JLX201740.1, JLX201740.2, JLX201740.3
OG0001746	GWHPBPAQ007090	JLX201460.1, JLX201460.2, JLX201460.3, JLX201460.4
OG0001747	GWHPBPAQ007121	JLX026210.1, JLX026210.2, JLX026210.3, JLX026210.4
OG0001748	GWHPBPAQ007134	JLX024790.1, JLX024790.2, JLX024790.3, JLX024790.4
OG0001749	GWHPBPAQ007172, GWHPBPAQ014050	JLX025560.1, JLX025560.2, JLX192670.1
OG0001750	GWHPBPAQ007184	JLX026960.1, JLX026960.2, JLX026960.3, JLX026960.4
OG0001751	GWHPBPAQ007185	JLX025570.1, JLX025570.2, JLX025570.3, JLX064080.1
OG0001752	GWHPBPAQ007212, GWHPBPAQ007213	JLX023100.1, JLX025440.1, JLX026800.1
OG0001753	GWHPBPAQ007220	JLX026890.1, JLX026890.2, JLX026890.3, JLX026890.4
OG0001754	GWHPBPAQ007272, GWHPBPAQ015953	JLX024770.1, JLX025000.1, JLX218660.1
OG0001755	GWHPBPAQ007321, GWHPBPAQ008819	JLX014860.1, JLX014860.2, JLX025100.1
OG0001756	GWHPBPAQ007322	JLX024900.1, JLX024900.2, JLX025810.1, JLX026460.1
OG0001757	GWHPBPAQ007341, GWHPBPAQ018167	JLX026680.1, JLX058000.1, JLX058000.2
OG0001758	GWHPBPAQ007342	JLX026060.1, JLX026060.2, JLX026060.3, JLX026060.4
OG0001759	GWHPBPAQ007348	JLX026180.1, JLX026180.2, JLX026180.3, JLX026180.4
OG0001760	GWHPBPAQ007362, GWHPBPAQ018123	JLX037190.1, JLX150050.1, JLX175600.1
OG0001761	GWHPBPAQ007368, GWHPBPAQ013228	JLX079490.1, JLX079490.2, JLX144440.1
OG0001762	GWHPBPAQ007374	JLX143060.1, JLX143060.2, JLX143060.3, JLX143060.4
OG0001763	GWHPBPAQ007390, GWHPBPAQ007391, GWHPBPAQ013199	JLX078580.1, JLX142910.1
OG0001764	GWHPBPAQ007453, GWHPBPAQ013147	JLX143810.1, JLX155160.1, JLX210380.1
OG0001765	GWHPBPAQ007463	JLX142440.1, JLX142440.2, JLX142440.3, JLX142440.4
OG0001766	GWHPBPAQ007516, GWHPBPAQ007940, GWHPBPAQ007941	JLX030510.1, JLX143980.1
OG0001767	GWHPBPAQ007531	JLX142680.1, JLX142680.2, JLX142680.3, JLX142680.4
OG0001768	GWHPBPAQ007534	JLX144810.1, JLX144810.2, JLX144810.3, JLX144810.4
OG0001769	GWHPBPAQ007559	JLX142980.1, JLX142980.2, JLX142980.3, JLX142980.4
OG0001770	GWHPBPAQ007636, GWHPBPAQ007639, GWHPBPAQ014121	JLX194880.1, JLX194880.2
OG0001771	GWHPBPAQ007645	JLX143860.1, JLX143860.2, JLX143860.3, JLX143860.4
OG0001772	GWHPBPAQ007660	JLX027610.1, JLX027610.2, JLX027610.3, JLX027610.4
OG0001773	GWHPBPAQ007668, GWHPBPAQ019689, GWHPBPAQ022501	JLX029430.1, JLX191510.1
OG0001774	GWHPBPAQ007671	JLX029050.1, JLX029050.2, JLX029050.3, JLX197850.1
OG0001775	GWHPBPAQ007713	JLX230150.1, JLX230150.2, JLX230150.3, JLX230150.4
OG0001776	GWHPBPAQ007726	JLX230200.1, JLX230200.2, JLX230200.3, JLX230200.4
OG0001777	GWHPBPAQ007731, GWHPBPAQ009005, GWHPBPAQ009007, GWHPBPAQ009009	JLX229920.1
OG0001778	GWHPBPAQ007747, GWHPBPAQ007749, GWHPBPAQ007750	JLX197910.1, JLX199160.1
OG0001779	GWHPBPAQ007781, GWHPBPAQ015688	JLX116220.1, JLX197570.1, JLX197570.2
OG0001780	GWHPBPAQ007802	JLX198830.1, JLX198830.2, JLX198830.3, JLX198830.4
OG0001781	GWHPBPAQ007838, GWHPBPAQ015614	JLX117250.1, JLX117250.2, JLX198340.1
OG0001782	GWHPBPAQ007882, GWHPBPAQ015502	JLX108060.1, JLX108060.2, JLX199070.1
OG0001783	GWHPBPAQ007887, GWHPBPAQ009417, GWHPBPAQ015491	JLX061860.1, JLX116060.1
OG0001784	GWHPBPAQ007912, GWHPBPAQ009438	JLX031390.1, JLX064290.1, JLX064290.2
OG0001785	GWHPBPAQ007914	JLX030160.1, JLX030160.2, JLX030160.3, JLX030160.4
OG0001786	GWHPBPAQ007917, GWHPBPAQ015470	JLX031030.1, JLX108710.1, JLX156040.1
OG0001787	GWHPBPAQ007922, GWHPBPAQ009223	JLX031430.1, JLX031430.2, JLX063970.1
OG0001788	GWHPBPAQ008040, GWHPBPAQ013876	JLX030380.1, JLX030380.2, JLX194030.1
OG0001789	GWHPBPAQ008089, GWHPBPAQ008091, GWHPBPAQ008096	JLX030770.1, JLX031420.1
OG0001790	GWHPBPAQ008132, GWHPBPAQ008144	JLX031240.1, JLX154470.1, JLX154880.1
OG0001791	GWHPBPAQ008171	JLX154990.1, JLX154990.2, JLX154990.3, JLX154990.4
OG0001792	GWHPBPAQ008195, GWHPBPAQ022553	JLX093880.1, JLX093880.2, JLX093880.3
OG0001793	GWHPBPAQ008214	JLX154280.1, JLX154280.2, JLX154280.3, JLX154280.4
OG0001794	GWHPBPAQ008242	JLX155010.1, JLX155010.2, JLX155010.3, JLX155010.4
OG0001795	GWHPBPAQ008324, GWHPBPAQ019732	JLX104690.1, JLX154060.1, JLX154060.2
OG0001796	GWHPBPAQ008407	JLX014740.1, JLX014740.2, JLX014740.3, JLX014740.4
OG0001797	GWHPBPAQ008433	JLX015340.1, JLX015340.2, JLX015340.3, JLX015340.4
OG0001798	GWHPBPAQ008469, GWHPBPAQ019627	JLX014260.1, JLX102380.1, JLX105090.1
OG0001799	GWHPBPAQ008470	JLX012140.1, JLX012140.2, JLX012140.3, JLX012140.4
OG0001800	GWHPBPAQ008489, GWHPBPAQ021374	JLX013170.1, JLX047560.1, JLX232940.1
OG0001801	GWHPBPAQ008566	JLX012820.1, JLX012820.2, JLX012820.3, JLX012820.4
OG0001802	GWHPBPAQ008595, GWHPBPAQ008596, GWHPBPAQ008597	JLX011830.1, JLX015750.1
OG0001803	GWHPBPAQ008615, GWHPBPAQ020304, GWHPBPAQ020305	JLX146410.1, JLX146410.2
OG0001804	GWHPBPAQ008655	JLX005280.1, JLX010710.1, JLX010710.2, JLX015080.1
OG0001805	GWHPBPAQ008688	JLX011730.1, JLX011730.2, JLX011730.3, JLX011730.4
OG0001806	GWHPBPAQ008697	JLX014960.1, JLX014960.2, JLX014960.3, JLX014960.4
OG0001807	GWHPBPAQ008750	JLX012570.1, JLX012570.2, JLX012570.3, JLX012570.4
OG0001808	GWHPBPAQ008791, GWHPBPAQ008792	JLX096790.1, JLX099950.1, JLX178370.1
OG0001809	GWHPBPAQ008810, GWHPBPAQ009117, GWHPBPAQ015888	JLX060740.1, JLX227610.1
OG0001810	GWHPBPAQ008830, GWHPBPAQ018292	JLX010530.1, JLX118870.1, JLX227110.1
OG0001811	GWHPBPAQ008831	JLX015130.1, JLX015130.2, JLX015130.3, JLX015130.4
OG0001812	GWHPBPAQ008850	JLX014300.1, JLX014300.2, JLX014300.3, JLX014300.4
OG0001813	GWHPBPAQ008861	JLX011640.1, JLX011640.2, JLX011640.3, JLX011640.4
OG0001814	GWHPBPAQ008899, GWHPBPAQ015625, GWHPBPAQ015627	JLX114240.1, JLX114240.2
OG0001815	GWHPBPAQ008945, GWHPBPAQ008947	JLX059660.1, JLX061600.1, JLX093910.1
OG0001816	GWHPBPAQ009033, GWHPBPAQ009858	JLX062880.1, JLX062880.2, JLX062880.3
OG0001817	GWHPBPAQ009034	JLX059440.1, JLX059440.2, JLX059440.3, JLX059440.4
OG0001818	GWHPBPAQ009050, GWHPBPAQ020613, GWHPBPAQ020614	JLX137350.1, JLX138300.1
OG0001819	GWHPBPAQ009058, GWHPBPAQ016399, GWHPBPAQ016400	JLX036870.1, JLX063040.1
OG0001820	GWHPBPAQ009062	JLX060250.1, JLX060250.2, JLX060250.3, JLX060250.4
OG0001821	GWHPBPAQ009074	JLX063120.1, JLX063120.2, JLX063120.3, JLX209350.1
OG0001822	GWHPBPAQ009087	JLX062100.1, JLX062100.2, JLX062100.3, JLX062100.4
OG0001823	GWHPBPAQ009127, GWHPBPAQ017046	JLX062620.1, JLX062620.2, JLX062620.3
OG0001824	GWHPBPAQ009166	JLX060070.1, JLX060070.2, JLX060070.3, JLX060070.4
OG0001825	GWHPBPAQ009167	JLX062360.1, JLX062360.2, JLX062360.3, JLX062360.4
OG0001826	GWHPBPAQ009192	JLX058580.1, JLX058580.2, JLX058580.3, JLX058580.4
OG0001827	GWHPBPAQ009252	JLX058830.1, JLX058830.2, JLX058830.3, JLX058830.4
OG0001828	GWHPBPAQ009265, GWHPBPAQ013370	JLX028030.1, JLX063090.1, JLX078650.1
OG0001829	GWHPBPAQ009282	JLX061510.1, JLX061510.2, JLX061510.3, JLX061510.4
OG0001830	GWHPBPAQ009283	JLX058980.1, JLX058980.2, JLX058980.3, JLX058980.4
OG0001831	GWHPBPAQ009288	JLX062130.1, JLX062130.2, JLX062130.3, JLX062130.4
OG0001832	GWHPBPAQ009374	JLX060010.1, JLX060010.2, JLX060010.3, JLX060010.4
OG0001833	GWHPBPAQ009387	JLX064050.1, JLX064050.2, JLX064050.3, JLX064050.4
OG0001834	GWHPBPAQ009408	JLX061690.1, JLX061690.2, JLX061690.3, JLX061690.4
OG0001835	GWHPBPAQ009426	JLX060020.1, JLX060020.2, JLX060020.3, JLX060020.4
OG0001836	GWHPBPAQ009455, GWHPBPAQ015466	JLX061850.1, JLX110640.1, JLX118020.1
OG0001837	GWHPBPAQ009456, GWHPBPAQ009457	JLX059990.1, JLX059990.2, JLX059990.3
OG0001838	GWHPBPAQ009462	JLX062470.1, JLX062470.2, JLX062470.3, JLX062470.4
OG0001839	GWHPBPAQ009465	JLX061830.1, JLX061830.2, JLX061830.3, JLX061830.4
OG0001840	GWHPBPAQ009467, GWHPBPAQ022492	JLX063320.1, JLX094300.1, JLX094300.2
OG0001841	GWHPBPAQ009493	JLX058510.1, JLX058510.2, JLX058510.3, JLX058510.4
OG0001842	GWHPBPAQ009507	JLX059020.1, JLX059020.2, JLX059020.3, JLX059020.4
OG0001843	GWHPBPAQ009542, GWHPBPAQ015260	JLX062920.1, JLX062920.2, JLX112400.1
OG0001844	GWHPBPAQ009568	JLX063270.1, JLX063270.2, JLX063270.3, JLX063270.4
OG0001845	GWHPBPAQ009623, GWHPBPAQ019207	JLX183510.1, JLX183510.2, JLX187820.1
OG0001846	GWHPBPAQ009630	JLX184710.1, JLX184710.2, JLX184710.3, JLX184710.4
OG0001847	GWHPBPAQ009639, GWHPBPAQ019200	JLX183890.1, JLX187710.1, JLX187710.2
OG0001848	GWHPBPAQ009646	JLX184130.1, JLX184130.2, JLX184130.3, JLX184130.4
OG0001849	GWHPBPAQ009655	JLX183900.1, JLX183900.2, JLX183900.3, JLX183900.4
OG0001850	GWHPBPAQ009665	JLX184830.1, JLX184830.2, JLX184830.3, JLX184830.4
OG0001851	GWHPBPAQ009673, GWHPBPAQ009675	JLX185930.1, JLX185930.2, JLX185930.3
OG0001852	GWHPBPAQ009720, GWHPBPAQ022241, GWHPBPAQ022700, GWHPBPAQ022712	JLX183760.1
OG0001853	GWHPBPAQ009722	JLX186000.1, JLX186000.2, JLX186000.3, JLX186000.4
OG0001854	GWHPBPAQ009725	JLX183600.1, JLX183600.2, JLX183600.3, JLX183600.4
OG0001855	GWHPBPAQ009736	JLX184060.1, JLX184060.2, JLX184060.3, JLX184060.4
OG0001856	GWHPBPAQ009746	JLX185450.1, JLX185450.2, JLX185450.3, JLX185450.4
OG0001857	GWHPBPAQ009749	JLX185920.1, JLX185920.2, JLX185920.3, JLX185920.4
OG0001858	GWHPBPAQ009759	JLX186550.1, JLX186550.2, JLX186550.3, JLX186550.4
OG0001859	GWHPBPAQ009815, GWHPBPAQ018441	JLX091510.1, JLX168420.1, JLX183470.1
OG0001860	GWHPBPAQ009816	JLX184190.1, JLX184190.2, JLX184190.3, JLX184190.4
OG0001861	GWHPBPAQ009892	JLX185780.1, JLX185780.2, JLX185780.3, JLX185780.4
OG0001862	GWHPBPAQ009900, GWHPBPAQ018542, GWHPBPAQ018543	JLX095890.1, JLX183280.1
OG0001863	GWHPBPAQ009902	JLX186160.1, JLX186160.2, JLX186160.3, JLX186160.4
OG0001864	GWHPBPAQ009917	JLX184530.1, JLX184530.2, JLX184530.3, JLX184530.4
OG0001865	GWHPBPAQ009927	JLX185690.1, JLX185690.2, JLX185690.3, JLX185690.4
OG0001866	GWHPBPAQ009932	JLX185540.1, JLX185540.2, JLX185540.3, JLX185540.4
OG0001867	GWHPBPAQ009941	JLX125410.1, JLX125410.2, JLX125410.3, JLX125410.4
OG0001868	GWHPBPAQ009947	JLX133830.1, JLX133830.2, JLX133830.3, JLX133830.4
OG0001869	GWHPBPAQ009951, GWHPBPAQ009953, GWHPBPAQ010961	JLX125000.1, JLX132640.1
OG0001870	GWHPBPAQ009992, GWHPBPAQ018663, GWHPBPAQ018664	JLX099160.1, JLX126510.1
OG0001871	GWHPBPAQ010003, GWHPBPAQ010004	JLX124340.1, JLX126840.1, JLX219030.1
OG0001872	GWHPBPAQ010009	JLX128420.1, JLX128420.2, JLX128420.3, JLX128420.4
OG0001873	GWHPBPAQ010012	JLX133140.1, JLX133140.2, JLX133140.3, JLX133140.4
OG0001874	GWHPBPAQ010020	JLX129240.1, JLX129240.2, JLX129240.3, JLX129240.4
OG0001875	GWHPBPAQ010024, GWHPBPAQ018719	JLX043470.1, JLX043470.2, JLX043470.3
OG0001876	GWHPBPAQ010031	JLX123650.1, JLX123650.2, JLX123650.3, JLX123650.4
OG0001877	GWHPBPAQ010067	JLX132450.1, JLX132450.2, JLX132450.3, JLX132450.4
OG0001878	GWHPBPAQ010117	JLX124990.1, JLX124990.2, JLX124990.3, JLX124990.4
OG0001879	GWHPBPAQ010149	JLX134650.1, JLX134650.2, JLX134650.3, JLX134650.4
OG0001880	GWHPBPAQ010165	JLX133630.1, JLX133630.2, JLX133630.3, JLX133630.4
OG0001881	GWHPBPAQ010219	JLX128370.1, JLX128370.2, JLX128370.3, JLX128370.4
OG0001882	GWHPBPAQ010250, GWHPBPAQ011911	JLX127950.1, JLX231610.1, JLX231610.2
OG0001883	GWHPBPAQ010279	JLX123430.1, JLX123430.2, JLX123430.3, JLX123430.4
OG0001884	GWHPBPAQ010354	JLX129150.1, JLX129150.2, JLX129150.3, JLX129150.4
OG0001885	GWHPBPAQ010387	JLX128710.1, JLX128710.2, JLX128710.3, JLX128710.4
OG0001886	GWHPBPAQ010423	JLX127360.1, JLX127360.2, JLX127360.3, JLX127360.4
OG0001887	GWHPBPAQ010431, GWHPBPAQ010432, GWHPBPAQ010433, GWHPBPAQ010434	JLX129560.1
OG0001888	GWHPBPAQ010454	JLX129650.1, JLX129650.2, JLX129650.3, JLX129650.4
OG0001889	GWHPBPAQ010526	JLX134500.1, JLX134500.2, JLX134500.3, JLX134500.4
OG0001890	GWHPBPAQ010554	JLX124630.1, JLX124630.2, JLX124630.3, JLX124630.4
OG0001891	GWHPBPAQ010617	JLX125260.1, JLX125260.2, JLX125260.3, JLX125260.4
OG0001892	GWHPBPAQ010620	JLX032130.1, JLX123570.1, JLX123570.2, JLX123570.3
OG0001893	GWHPBPAQ010665	JLX131330.1, JLX131330.2, JLX131330.3, JLX131330.4
OG0001894	GWHPBPAQ010672	JLX134990.1, JLX134990.2, JLX134990.3, JLX134990.4
OG0001895	GWHPBPAQ010678, GWHPBPAQ018279	JLX121260.1, JLX121260.2, JLX121260.3
OG0001896	GWHPBPAQ010709	JLX127920.1, JLX127920.2, JLX127920.3, JLX127920.4
OG0001897	GWHPBPAQ010736	JLX043370.1, JLX127030.1, JLX127030.2, JLX127030.3
OG0001898	GWHPBPAQ010739	JLX123870.1, JLX123870.2, JLX123870.3, JLX123870.4
OG0001899	GWHPBPAQ010756	JLX134430.1, JLX134430.2, JLX134430.3, JLX134430.4
OG0001900	GWHPBPAQ010851	JLX123450.1, JLX123450.2, JLX123450.3, JLX123450.4
OG0001901	GWHPBPAQ010897	JLX124790.1, JLX124790.2, JLX124790.3, JLX124790.4
OG0001902	GWHPBPAQ010920	JLX129950.1, JLX129950.2, JLX129950.3, JLX129950.4
OG0001903	GWHPBPAQ010936, GWHPBPAQ023345	JLX088820.1, JLX088820.2, JLX129330.1
OG0001904	GWHPBPAQ010937	JLX125800.1, JLX125800.2, JLX125800.3, JLX134080.1
OG0001905	GWHPBPAQ010938, GWHPBPAQ023339	JLX085190.1, JLX124080.1, JLX124080.2
OG0001906	GWHPBPAQ010939, GWHPBPAQ023338	JLX085960.1, JLX085960.2, JLX126330.1
OG0001907	GWHPBPAQ010967	JLX133110.1, JLX133110.2, JLX133110.3, JLX133110.4
OG0001908	GWHPBPAQ010975, GWHPBPAQ010976	JLX127840.1, JLX127840.2, JLX127840.3
OG0001909	GWHPBPAQ010986	JLX134480.1, JLX134480.2, JLX134480.3, JLX134480.4
OG0001910	GWHPBPAQ010989, GWHPBPAQ013239, GWHPBPAQ018165	JLX079850.1, JLX129320.1
OG0001911	GWHPBPAQ011009	JLX131310.1, JLX131310.2, JLX131310.3, JLX131310.4
OG0001912	GWHPBPAQ011083	JLX076700.1, JLX129140.1, JLX129140.2, JLX129140.3
OG0001913	GWHPBPAQ011108	JLX123840.1, JLX123840.2, JLX123840.3, JLX123840.4
OG0001914	GWHPBPAQ011113, GWHPBPAQ011115	JLX128360.1, JLX128360.2, JLX128360.3
OG0001915	GWHPBPAQ011138, GWHPBPAQ011176, GWHPBPAQ023214	JLX087690.1, JLX129250.1
OG0001916	GWHPBPAQ011159	JLX124940.1, JLX124940.2, JLX124940.3, JLX124940.4
OG0001917	GWHPBPAQ011193	JLX122920.1, JLX133690.1, JLX133690.2, JLX196510.1
OG0001918	GWHPBPAQ011217, GWHPBPAQ020641, GWHPBPAQ023540	JLX124550.1, JLX137610.1
OG0001919	GWHPBPAQ011229	JLX128940.1, JLX128940.2, JLX128940.3, JLX128940.4
OG0001920	GWHPBPAQ011240, GWHPBPAQ017702	JLX182260.1, JLX182260.2, JLX182260.3
OG0001921	GWHPBPAQ011249	JLX123800.1, JLX123800.2, JLX123800.3, JLX123800.4
OG0001922	GWHPBPAQ011285, GWHPBPAQ018157	JLX057730.1, JLX057900.1, JLX057900.2
OG0001923	GWHPBPAQ011374	JLX084730.1, JLX084730.2, JLX084730.3, JLX084730.4
OG0001924	GWHPBPAQ011441	JLX084650.1, JLX084650.2, JLX084650.3, JLX084650.4
OG0001925	GWHPBPAQ011447	JLX084510.1, JLX084510.2, JLX084510.3, JLX084510.4
OG0001926	GWHPBPAQ011470, GWHPBPAQ021525, GWHPBPAQ022542	JLX094410.1, JLX094410.2
OG0001927	GWHPBPAQ011523, GWHPBPAQ011525	JLX041910.1, JLX042080.1, JLX042080.2
OG0001928	GWHPBPAQ011542, GWHPBPAQ011543	JLX165180.1, JLX165180.2, JLX165180.3
OG0001929	GWHPBPAQ011546	JLX165270.1, JLX165270.2, JLX165270.3, JLX165270.4
OG0001930	GWHPBPAQ011547	JLX165200.1, JLX165200.2, JLX165200.3, JLX165200.4
OG0001931	GWHPBPAQ011552	JLX164990.1, JLX164990.2, JLX164990.3, JLX164990.4
OG0001932	GWHPBPAQ011553, GWHPBPAQ019831	JLX103340.1, JLX103340.2, JLX165020.1
OG0001933	GWHPBPAQ011555	JLX164970.1, JLX164970.2, JLX164970.3, JLX164970.4
OG0001934	GWHPBPAQ011570, GWHPBPAQ019803	JLX105360.1, JLX165080.1, JLX167570.1
OG0001935	GWHPBPAQ011678, GWHPBPAQ011679	JLX141020.1, JLX150990.1, JLX205040.1
OG0001936	GWHPBPAQ011694, GWHPBPAQ012771, GWHPBPAQ012775, GWHPBPAQ017738, GWHPBPAQ017999	
OG0001937	GWHPBPAQ011696, GWHPBPAQ012053	JLX141160.1, JLX141160.2, JLX141160.3
OG0001938	GWHPBPAQ011698	JLX141330.1, JLX141330.2, JLX141330.3, JLX141330.4
OG0001939	GWHPBPAQ011739	JLX150890.1, JLX150890.2, JLX150890.3, JLX150890.4
OG0001940	GWHPBPAQ011742, GWHPBPAQ014035, GWHPBPAQ014036	JLX150380.1, JLX196860.1
OG0001941	GWHPBPAQ011774	JLX150750.1, JLX150750.2, JLX150750.3, JLX150750.4
OG0001942	GWHPBPAQ011857, GWHPBPAQ012980, GWHPBPAQ021278	JLX025190.1, JLX155020.1
OG0001943	GWHPBPAQ011898, GWHPBPAQ019000	JLX045400.1, JLX045400.2, JLX230920.1
OG0001944	GWHPBPAQ011927, GWHPBPAQ011928	JLX231210.1, JLX231210.2, JLX231210.3
OG0001945	GWHPBPAQ011987, GWHPBPAQ017963	JLX052790.1, JLX175490.1, JLX175490.2
OG0001946	GWHPBPAQ012014	JLX076450.1, JLX076450.2, JLX076450.3, JLX076450.4
OG0001947	GWHPBPAQ012017	JLX076630.1, JLX076630.2, JLX076630.3, JLX076630.4
OG0001948	GWHPBPAQ012020, GWHPBPAQ012022	JLX076470.1, JLX076470.2, JLX076470.3
OG0001949	GWHPBPAQ012041	JLX000790.1, JLX000830.1, JLX076440.1, JLX076460.1
OG0001950	GWHPBPAQ012071	JLX000230.1, JLX000230.2, JLX000230.3, JLX000230.4
OG0001951	GWHPBPAQ012131	JLX214070.1, JLX214070.2, JLX214070.3, JLX214070.4
OG0001952	GWHPBPAQ012152, GWHPBPAQ020728	JLX138120.1, JLX138120.2, JLX213530.1
OG0001953	GWHPBPAQ012218, GWHPBPAQ017194	JLX162420.1, JLX177670.1, JLX177670.2
OG0001954	GWHPBPAQ012235, GWHPBPAQ012236, GWHPBPAQ017171, GWHPBPAQ017172	JLX175710.1
OG0001955	GWHPBPAQ012242	JLX161260.1, JLX161260.2, JLX161260.3, JLX161260.4
OG0001956	GWHPBPAQ012266	JLX161020.1, JLX161020.2, JLX161020.3, JLX161020.4
OG0001957	GWHPBPAQ012280	JLX162250.1, JLX162250.2, JLX162250.3, JLX162250.4
OG0001958	GWHPBPAQ012281	JLX161580.1, JLX161580.2, JLX161580.3, JLX161580.4
OG0001959	GWHPBPAQ012296, GWHPBPAQ012297, GWHPBPAQ012298	JLX161980.1, JLX162750.1
OG0001960	GWHPBPAQ012304	JLX161890.1, JLX161890.2, JLX161890.3, JLX161890.4
OG0001961	GWHPBPAQ012313	JLX158480.1, JLX158480.2, JLX158480.3, JLX158480.4
OG0001962	GWHPBPAQ012353	JLX158650.1, JLX158650.2, JLX158650.3, JLX158650.4
OG0001963	GWHPBPAQ012406, GWHPBPAQ012409, GWHPBPAQ020385	JLX138500.1, JLX163790.1
OG0001964	GWHPBPAQ012438	JLX160650.1, JLX160650.2, JLX160650.3, JLX160650.4
OG0001965	GWHPBPAQ012449, GWHPBPAQ017368	JLX159390.1, JLX159390.2, JLX159390.3
OG0001966	GWHPBPAQ012490, GWHPBPAQ012491, GWHPBPAQ016425, GWHPBPAQ016426	JLX044440.1
OG0001967	GWHPBPAQ012532	JLX161490.1, JLX161490.2, JLX161490.3, JLX161490.4
OG0001968	GWHPBPAQ012575	JLX160880.1, JLX160880.2, JLX160880.3, JLX160880.4
OG0001969	GWHPBPAQ012600	JLX161000.1, JLX161000.2, JLX161000.3, JLX161370.1
OG0001970	GWHPBPAQ012604	JLX161290.1, JLX161290.2, JLX161290.3, JLX161290.4
OG0001971	GWHPBPAQ012607	JLX160930.1, JLX160930.2, JLX160930.3, JLX160930.4
OG0001972	GWHPBPAQ012620	JLX162100.1, JLX162100.2, JLX162100.3, JLX162100.4
OG0001973	GWHPBPAQ012645, GWHPBPAQ017549	JLX161640.1, JLX161640.2, JLX180860.1
OG0001974	GWHPBPAQ012666, GWHPBPAQ017574	JLX159300.1, JLX159300.2, JLX177550.1
OG0001975	GWHPBPAQ012668	JLX160870.1, JLX160870.2, JLX160870.3, JLX160870.4
OG0001976	GWHPBPAQ012671, GWHPBPAQ020211	JLX159170.1, JLX159170.2, JLX159170.3
OG0001977	GWHPBPAQ012699	JLX160800.1, JLX160800.2, JLX160800.3, JLX160800.4
OG0001978	GWHPBPAQ012765, GWHPBPAQ019896	JLX102310.1, JLX163440.1, JLX163440.2
OG0001979	GWHPBPAQ012782, GWHPBPAQ017687	JLX180070.1, JLX180070.2, JLX180070.3
OG0001980	GWHPBPAQ012786	JLX054530.1, JLX054530.2, JLX054530.3, JLX054530.4
OG0001981	GWHPBPAQ012842	JLX041270.1, JLX041270.2, JLX041270.3, JLX041270.4
OG0001982	GWHPBPAQ012856, GWHPBPAQ012859	JLX178260.1, JLX207590.1, JLX217840.1
OG0001983	GWHPBPAQ012865	JLX217740.1, JLX217740.2, JLX217740.3, JLX217740.4
OG0001984	GWHPBPAQ012874, GWHPBPAQ012875	JLX015890.1, JLX015890.2, JLX015920.1
OG0001985	GWHPBPAQ012891, GWHPBPAQ020061	JLX083010.1, JLX147910.1, JLX166310.1
OG0001986	GWHPBPAQ012904, GWHPBPAQ020088	JLX089600.1, JLX166110.1, JLX166110.2
OG0001987	GWHPBPAQ012910, GWHPBPAQ020091	JLX136900.1, JLX148170.1, JLX166320.1
OG0001988	GWHPBPAQ012978, GWHPBPAQ013390	JLX041360.1, JLX078710.1, JLX089360.1
OG0001989	GWHPBPAQ013009, GWHPBPAQ013010, GWHPBPAQ013013	JLX027320.1, JLX027530.1
OG0001990	GWHPBPAQ013068	JLX069100.1, JLX069100.2, JLX069100.3, JLX069100.4
OG0001991	GWHPBPAQ013070	JLX069460.1, JLX069460.2, JLX069460.3, JLX069460.4
OG0001992	GWHPBPAQ013093	JLX069490.1, JLX069490.2, JLX069490.3, JLX069490.4
OG0001993	GWHPBPAQ013188	JLX080440.1, JLX080440.2, JLX080440.3, JLX080440.4
OG0001994	GWHPBPAQ013189	JLX079800.1, JLX079800.2, JLX079800.3, JLX079800.4
OG0001995	GWHPBPAQ013290	JLX079890.1, JLX079890.2, JLX079890.3, JLX079890.4
OG0001996	GWHPBPAQ013323, GWHPBPAQ013325	JLX079270.1, JLX079430.1, JLX081000.1
OG0001997	GWHPBPAQ013352	JLX078110.1, JLX078110.2, JLX078110.3, JLX078110.4
OG0001998	GWHPBPAQ013394, GWHPBPAQ019802	JLX002520.1, JLX079660.1, JLX106980.1
OG0001999	GWHPBPAQ013429	JLX079140.1, JLX079140.2, JLX079140.3, JLX079140.4
OG0002000	GWHPBPAQ013448	JLX078260.1, JLX078260.2, JLX078260.3, JLX078260.4
OG0002001	GWHPBPAQ013450	JLX080770.1, JLX080770.2, JLX080770.3, JLX080770.4
OG0002002	GWHPBPAQ013523, GWHPBPAQ013524	JLX078100.1, JLX078100.2, JLX079330.1
OG0002003	GWHPBPAQ013536	JLX079280.1, JLX079280.2, JLX079280.3, JLX079280.4
OG0002004	GWHPBPAQ013543	JLX080940.1, JLX080940.2, JLX080940.3, JLX080940.4
OG0002005	GWHPBPAQ013560	JLX079150.1, JLX079150.2, JLX079150.3, JLX079150.4
OG0002006	GWHPBPAQ013635	JLX192070.1, JLX192070.2, JLX192070.3, JLX192070.4
OG0002007	GWHPBPAQ013640	JLX193310.1, JLX193310.2, JLX193310.3, JLX193310.4
OG0002008	GWHPBPAQ013652	JLX196030.1, JLX196030.2, JLX196030.3, JLX196030.4
OG0002009	GWHPBPAQ013699	JLX195880.1, JLX195880.2, JLX195880.3, JLX195880.4
OG0002010	GWHPBPAQ013772, GWHPBPAQ021215	JLX189580.1, JLX189910.1, JLX191910.1
OG0002011	GWHPBPAQ013784	JLX191950.1, JLX191950.2, JLX191950.3, JLX191950.4
OG0002012	GWHPBPAQ013790, GWHPBPAQ013791	JLX097110.1, JLX193070.1, JLX193410.1
OG0002013	GWHPBPAQ013818	JLX194530.1, JLX194530.2, JLX194530.3, JLX194530.4
OG0002014	GWHPBPAQ013851	JLX194550.1, JLX194550.2, JLX194550.3, JLX194550.4
OG0002015	GWHPBPAQ013856	JLX193940.1, JLX193940.2, JLX193940.3, JLX193940.4
OG0002016	GWHPBPAQ013857	JLX196450.1, JLX196450.2, JLX196450.3, JLX196450.4
OG0002017	GWHPBPAQ013901	JLX192990.1, JLX192990.2, JLX192990.3, JLX192990.4
OG0002018	GWHPBPAQ013920	JLX192400.1, JLX192400.2, JLX192400.3, JLX192400.4
OG0002019	GWHPBPAQ013921	JLX196900.1, JLX196900.2, JLX196900.3, JLX196900.4
OG0002020	GWHPBPAQ014031	JLX197230.1, JLX197230.2, JLX197230.3, JLX197230.4
OG0002021	GWHPBPAQ014051	JLX196570.1, JLX196570.2, JLX196570.3, JLX196570.4
OG0002022	GWHPBPAQ014059	JLX192610.1, JLX192610.2, JLX192610.3, JLX192610.4
OG0002023	GWHPBPAQ014060	JLX193590.1, JLX193590.2, JLX193590.3, JLX193590.4
OG0002024	GWHPBPAQ014081	JLX197060.1, JLX197060.2, JLX197060.3, JLX197060.4
OG0002025	GWHPBPAQ014103	JLX193280.1, JLX193280.2, JLX193280.3, JLX193280.4
OG0002026	GWHPBPAQ014110	JLX194120.1, JLX194120.2, JLX194120.3, JLX194120.4
OG0002027	GWHPBPAQ014157	JLX195460.1, JLX195460.2, JLX195460.3, JLX195460.4
OG0002028	GWHPBPAQ014163	JLX195120.1, JLX195120.2, JLX195120.3, JLX195120.4
OG0002029	GWHPBPAQ014190	JLX171090.1, JLX171090.2, JLX171090.3, JLX171090.4
OG0002030	GWHPBPAQ014217	JLX169080.1, JLX169080.2, JLX169080.3, JLX169080.4
OG0002031	GWHPBPAQ014246	JLX131110.1, JLX168750.1, JLX168750.2, JLX168750.3
OG0002032	GWHPBPAQ014250, GWHPBPAQ019390	JLX075340.1, JLX106830.1, JLX170170.1
OG0002033	GWHPBPAQ014257	JLX169770.1, JLX169770.2, JLX169770.3, JLX169770.4
OG0002034	GWHPBPAQ014271	JLX169040.1, JLX169040.2, JLX169040.3, JLX169040.4
OG0002035	GWHPBPAQ014278	JLX172450.1, JLX172450.2, JLX172450.3, JLX172450.4
OG0002036	GWHPBPAQ014283	JLX169430.1, JLX169430.2, JLX169430.3, JLX169430.4
OG0002037	GWHPBPAQ014301	JLX171180.1, JLX171180.2, JLX171180.3, JLX171180.4
OG0002038	GWHPBPAQ014338	JLX171700.1, JLX171700.2, JLX171700.3, JLX171700.4
OG0002039	GWHPBPAQ014343, GWHPBPAQ019304	JLX106300.1, JLX170600.1, JLX170600.2
OG0002040	GWHPBPAQ014348	JLX170150.1, JLX170150.2, JLX170150.3, JLX170150.4
OG0002041	GWHPBPAQ014379	JLX171560.1, JLX171560.2, JLX171560.3, JLX171560.4
OG0002042	GWHPBPAQ014399	JLX170030.1, JLX170030.2, JLX170030.3, JLX170030.4
OG0002043	GWHPBPAQ014418	JLX170270.1, JLX170270.2, JLX170270.3, JLX170270.4
OG0002044	GWHPBPAQ014434, GWHPBPAQ020193, GWHPBPAQ020194	JLX145370.1, JLX147600.1
OG0002045	GWHPBPAQ014452, GWHPBPAQ022219	JLX082370.1, JLX082370.2, JLX082370.3
OG0002046	GWHPBPAQ014492, GWHPBPAQ022071	JLX023740.1, JLX170740.1, JLX170740.2
OG0002047	GWHPBPAQ014497, GWHPBPAQ016222	JLX083810.1, JLX135720.1, JLX171520.1
OG0002048	GWHPBPAQ014507, GWHPBPAQ021237	JLX169030.1, JLX169030.2, JLX189780.1
OG0002049	GWHPBPAQ014529	JLX170680.1, JLX170680.2, JLX170680.3, JLX170680.4
OG0002050	GWHPBPAQ014650	JLX229630.1, JLX229630.2, JLX229630.3, JLX229630.4
OG0002051	GWHPBPAQ014693, GWHPBPAQ016955	JLX115710.1, JLX115710.2, JLX221670.1
OG0002052	GWHPBPAQ014734	JLX117160.1, JLX117160.2, JLX117160.3, JLX117160.4
OG0002053	GWHPBPAQ014742	JLX107640.1, JLX107640.2, JLX107640.3, JLX107640.4
OG0002054	GWHPBPAQ014839, GWHPBPAQ015753	JLX108300.1, JLX108300.2, JLX114860.1
OG0002055	GWHPBPAQ014848	JLX113690.1, JLX113690.2, JLX113690.3, JLX113690.4
OG0002056	GWHPBPAQ014855	JLX117100.1, JLX117100.2, JLX117100.3, JLX117100.4
OG0002057	GWHPBPAQ014877, GWHPBPAQ014878	JLX116790.1, JLX116790.2, JLX116790.3
OG0002058	GWHPBPAQ014897	JLX116400.1, JLX116400.2, JLX116400.3, JLX116400.4
OG0002059	GWHPBPAQ014902	JLX118370.1, JLX118370.2, JLX118370.3, JLX118370.4
OG0002060	GWHPBPAQ014947	JLX111640.1, JLX111640.2, JLX111640.3, JLX111640.4
OG0002061	GWHPBPAQ014975	JLX108150.1, JLX108150.2, JLX108150.3, JLX108150.4
OG0002062	GWHPBPAQ014988	JLX111200.1, JLX111200.2, JLX111200.3, JLX111200.4
OG0002063	GWHPBPAQ015006, GWHPBPAQ022193	JLX143200.1, JLX150130.1, JLX213060.1
OG0002064	GWHPBPAQ015011	JLX108530.1, JLX108530.2, JLX108530.3, JLX108530.4
OG0002065	GWHPBPAQ015028, GWHPBPAQ016871	JLX112100.1, JLX221090.1, JLX221090.2
OG0002066	GWHPBPAQ015045	JLX112260.1, JLX112260.2, JLX112260.3, JLX112260.4
OG0002067	GWHPBPAQ015068	JLX111290.1, JLX111290.2, JLX111290.3, JLX111290.4
OG0002068	GWHPBPAQ015072, GWHPBPAQ018583, GWHPBPAQ018591	JLX096240.1, JLX116840.1
OG0002069	GWHPBPAQ015100	JLX117660.1, JLX117660.2, JLX117660.3, JLX117660.4
OG0002070	GWHPBPAQ015102	JLX108550.1, JLX108550.2, JLX108550.3, JLX108550.4
OG0002071	GWHPBPAQ015150	JLX112120.1, JLX112120.2, JLX112120.3, JLX112120.4
OG0002072	GWHPBPAQ015169	JLX109900.1, JLX109900.2, JLX109900.3, JLX109900.4
OG0002073	GWHPBPAQ015267	JLX035100.1, JLX116170.1, JLX116170.2, JLX116170.3
OG0002074	GWHPBPAQ015271, GWHPBPAQ015273	JLX113610.1, JLX113610.2, JLX113610.3
OG0002075	GWHPBPAQ015284, GWHPBPAQ015288, GWHPBPAQ015289	JLX112680.1, JLX114580.1
OG0002076	GWHPBPAQ015310	JLX114420.1, JLX114420.2, JLX114420.3, JLX114420.4
OG0002077	GWHPBPAQ015339	JLX111240.1, JLX111240.2, JLX111240.3, JLX111240.4
OG0002078	GWHPBPAQ015344, GWHPBPAQ015345	JLX108970.1, JLX110230.1, JLX113930.1
OG0002079	GWHPBPAQ015367	JLX117590.1, JLX117590.2, JLX117590.3, JLX117590.4
OG0002080	GWHPBPAQ015413	JLX113750.1, JLX113750.2, JLX113750.3, JLX113750.4
OG0002081	GWHPBPAQ015425	JLX114410.1, JLX114410.2, JLX114410.3, JLX114410.4
OG0002082	GWHPBPAQ015440	JLX109800.1, JLX109800.2, JLX109800.3, JLX109800.4
OG0002083	GWHPBPAQ015444, GWHPBPAQ015447	JLX113740.1, JLX114820.1, JLX118340.1
OG0002084	GWHPBPAQ015532	JLX118610.1, JLX118610.2, JLX118610.3, JLX118610.4
OG0002085	GWHPBPAQ015541	JLX067990.1, JLX068240.1, JLX110280.1, JLX110280.2
OG0002086	GWHPBPAQ015570, GWHPBPAQ015572, GWHPBPAQ015573	JLX113920.1, JLX117790.1
OG0002087	GWHPBPAQ015611	JLX110110.1, JLX110110.2, JLX110110.3, JLX121520.1
OG0002088	GWHPBPAQ015630	JLX111820.1, JLX111820.2, JLX111820.3, JLX111820.4
OG0002089	GWHPBPAQ015652	JLX107790.1, JLX107790.2, JLX107790.3, JLX107790.4
OG0002090	GWHPBPAQ015754, GWHPBPAQ015755, GWHPBPAQ019961	JLX112980.1, JLX117700.1
OG0002091	GWHPBPAQ015763	JLX114810.1, JLX114810.2, JLX188860.1, JLX188860.2
OG0002092	GWHPBPAQ015766, GWHPBPAQ015767	JLX111700.1, JLX116630.1, JLX188890.1
OG0002093	GWHPBPAQ015786	JLX111880.1, JLX111880.2, JLX111880.3, JLX111880.4
OG0002094	GWHPBPAQ015803	JLX116960.1, JLX116960.2, JLX116960.3, JLX116960.4
OG0002095	GWHPBPAQ015867	JLX227680.1, JLX227680.2, JLX227680.3, JLX227680.4
OG0002096	GWHPBPAQ015877	JLX227230.1, JLX227230.2, JLX227230.3, JLX227230.4
OG0002097	GWHPBPAQ015967	JLX218600.1, JLX218600.2, JLX218600.3, JLX218600.4
OG0002098	GWHPBPAQ015980	JLX002140.1, JLX002150.1, JLX100510.1, JLX218390.1
OG0002099	GWHPBPAQ015984	JLX218310.1, JLX218310.2, JLX218310.3, JLX218310.4
OG0002100	GWHPBPAQ016008, GWHPBPAQ018192, GWHPBPAQ018193, GWHPBPAQ018326	JLX058060.1
OG0002101	GWHPBPAQ016119, GWHPBPAQ016120	JLX092070.1, JLX092070.2, JLX092070.3
OG0002102	GWHPBPAQ016209, GWHPBPAQ016603	JLX036670.1, JLX036670.2, JLX136280.1
OG0002103	GWHPBPAQ016239, GWHPBPAQ016240	JLX095300.1, JLX095300.2, JLX095300.3
OG0002104	GWHPBPAQ016281	JLX037690.1, JLX037690.2, JLX037690.3, JLX037690.4
OG0002105	GWHPBPAQ016297, GWHPBPAQ016298	JLX039560.1, JLX039560.2, JLX039560.3
OG0002106	GWHPBPAQ016300	JLX038660.1, JLX038660.2, JLX038660.3, JLX038660.4
OG0002107	GWHPBPAQ016325	JLX038470.1, JLX038470.2, JLX038470.3, JLX038470.4
OG0002108	GWHPBPAQ016365	JLX038930.1, JLX038930.2, JLX038930.3, JLX038930.4
OG0002109	GWHPBPAQ016430, GWHPBPAQ016753	JLX036270.1, JLX220030.1, JLX220030.2
OG0002110	GWHPBPAQ016446	JLX040000.1, JLX040000.2, JLX040000.3, JLX040000.4
OG0002111	GWHPBPAQ016472, GWHPBPAQ016792	JLX036110.1, JLX219250.1, JLX219250.2
OG0002112	GWHPBPAQ016484, GWHPBPAQ016821	JLX037620.1, JLX222140.1, JLX222140.2
OG0002113	GWHPBPAQ016537	JLX038040.1, JLX038040.2, JLX038040.3, JLX038040.4
OG0002114	GWHPBPAQ016586	JLX038240.1, JLX038240.2, JLX038240.3, JLX038240.4
OG0002115	GWHPBPAQ016624	JLX037030.1, JLX037030.2, JLX037030.3, JLX037030.4
OG0002116	GWHPBPAQ016660	JLX118480.1, JLX118480.2, JLX118480.3, JLX220800.1
OG0002117	GWHPBPAQ016697	JLX221170.1, JLX221170.2, JLX221170.3, JLX221170.4
OG0002118	GWHPBPAQ016705	JLX220630.1, JLX220630.2, JLX220630.3, JLX220630.4
OG0002119	GWHPBPAQ016758	JLX220690.1, JLX220690.2, JLX220690.3, JLX220690.4
OG0002120	GWHPBPAQ016859	JLX219820.1, JLX219820.2, JLX219820.3, JLX219820.4
OG0002121	GWHPBPAQ016896	JLX219460.1, JLX219460.2, JLX219460.3, JLX219460.4
OG0002122	GWHPBPAQ016898	JLX221660.1, JLX221660.2, JLX221660.3, JLX221660.4
OG0002123	GWHPBPAQ016901	JLX222240.1, JLX222240.2, JLX222240.3, JLX222240.4
OG0002124	GWHPBPAQ016904, GWHPBPAQ016909	JLX008460.1, JLX190160.1, JLX221060.1
OG0002125	GWHPBPAQ016957, GWHPBPAQ016958	JLX220080.1, JLX222010.1, JLX222010.2
OG0002126	GWHPBPAQ016960	JLX159380.1, JLX220530.1, JLX220530.2, JLX220530.3
OG0002127	GWHPBPAQ016970	JLX221630.1, JLX221630.2, JLX221630.3, JLX221630.4
OG0002128	GWHPBPAQ016972, GWHPBPAQ016973	JLX219870.1, JLX219870.2, JLX219870.3
OG0002129	GWHPBPAQ017010	JLX041030.2, JLX041030.3, JLX041030.4, JLX041030.5
OG0002130	GWHPBPAQ017105	JLX174820.1, JLX174820.2, JLX174820.3, JLX174820.4
OG0002131	GWHPBPAQ017110, GWHPBPAQ017112, GWHPBPAQ017113	JLX174150.1, JLX178520.1
OG0002132	GWHPBPAQ017127	JLX177970.1, JLX177970.2, JLX177970.3, JLX177970.4
OG0002133	GWHPBPAQ017153	JLX174770.1, JLX174770.2, JLX174770.3, JLX174770.4
OG0002134	GWHPBPAQ017200	JLX179790.1, JLX179790.2, JLX179790.3, JLX179790.4
OG0002135	GWHPBPAQ017225	JLX182890.1, JLX182890.2, JLX182890.3, JLX182890.4
OG0002136	GWHPBPAQ017308, GWHPBPAQ020770	JLX119080.1, JLX119080.2, JLX180120.1
OG0002137	GWHPBPAQ017317	JLX175660.1, JLX175660.2, JLX175660.3, JLX175660.4
OG0002138	GWHPBPAQ017333, GWHPBPAQ021874, GWHPBPAQ022923	JLX023830.1, JLX179640.1
OG0002139	GWHPBPAQ017442	JLX176540.1, JLX176540.2, JLX176540.3, JLX176540.4
OG0002140	GWHPBPAQ017470	JLX175360.1, JLX175360.2, JLX175360.3, JLX175360.4
OG0002141	GWHPBPAQ017498	JLX182900.1, JLX182900.2, JLX182900.3, JLX182900.4
OG0002142	GWHPBPAQ017506	JLX180510.1, JLX180510.2, JLX180510.3, JLX180510.4
OG0002143	GWHPBPAQ017516	JLX182420.1, JLX182420.2, JLX182420.3, JLX182420.4
OG0002144	GWHPBPAQ017524	JLX179010.1, JLX179010.2, JLX179010.3, JLX179010.4
OG0002145	GWHPBPAQ017583	JLX178810.1, JLX178810.2, JLX178810.3, JLX178810.4
OG0002146	GWHPBPAQ017600, GWHPBPAQ017602, GWHPBPAQ017603	JLX178430.1, JLX178430.2
OG0002147	GWHPBPAQ017604	JLX175680.1, JLX175680.2, JLX175680.3, JLX175680.4
OG0002148	GWHPBPAQ017649, GWHPBPAQ017651	JLX181170.1, JLX181170.2, JLX181170.3
OG0002149	GWHPBPAQ017726, GWHPBPAQ019941	JLX181490.1, JLX181490.2, JLX181490.3
OG0002150	GWHPBPAQ017760	JLX175250.1, JLX175250.2, JLX175250.3, JLX175250.4
OG0002151	GWHPBPAQ017766, GWHPBPAQ019985	JLX147340.1, JLX147340.2, JLX147340.3
OG0002152	GWHPBPAQ017792	JLX182410.1, JLX182410.2, JLX182410.3, JLX182410.4
OG0002153	GWHPBPAQ017900, GWHPBPAQ017901	JLX173690.1, JLX175700.1, JLX176860.1
OG0002154	GWHPBPAQ017984	JLX174510.1, JLX174510.2, JLX174510.3, JLX174510.4
OG0002155	GWHPBPAQ018039	JLX182540.1, JLX182540.2, JLX182540.3, JLX182540.4
OG0002156	GWHPBPAQ018070	JLX175290.1, JLX175290.2, JLX175290.3, JLX175290.4
OG0002157	GWHPBPAQ018084	JLX180200.1, JLX180200.2, JLX180200.3, JLX180200.4
OG0002158	GWHPBPAQ018135	JLX057570.1, JLX057570.2, JLX057570.3, JLX057570.4
OG0002159	GWHPBPAQ018195	JLX040320.1, JLX057710.1, JLX090830.1, JLX218020.1
OG0002160	GWHPBPAQ018289	JLX121330.1, JLX121330.2, JLX227130.1, JLX227130.2
OG0002161	GWHPBPAQ018300	JLX164230.1, JLX164230.2, JLX164230.3, JLX164230.4
OG0002162	GWHPBPAQ018312	JLX164110.1, JLX164110.2, JLX164110.3, JLX164110.4
OG0002163	GWHPBPAQ018478	JLX053920.1, JLX053920.2, JLX053920.3, JLX053920.4
OG0002164	GWHPBPAQ018483	JLX053220.1, JLX053220.2, JLX053220.3, JLX053220.4
OG0002165	GWHPBPAQ018495	JLX053440.1, JLX053440.2, JLX053440.3, JLX053440.4
OG0002166	GWHPBPAQ018525, GWHPBPAQ018526	JLX053160.1, JLX053630.1, JLX053890.1
OG0002167	GWHPBPAQ018540	JLX100380.1, JLX100380.2, JLX100380.3, JLX100380.4
OG0002168	GWHPBPAQ018565	JLX095740.1, JLX095740.2, JLX095740.3, JLX095740.4
OG0002169	GWHPBPAQ018566	JLX097180.1, JLX097180.2, JLX097180.3, JLX097180.4
OG0002170	GWHPBPAQ018620	JLX098500.1, JLX098500.2, JLX098500.3, JLX098500.4
OG0002171	GWHPBPAQ018693	JLX046430.1, JLX046430.2, JLX046430.3, JLX046430.4
OG0002172	GWHPBPAQ018700	JLX045940.1, JLX045940.2, JLX045940.3, JLX045940.4
OG0002173	GWHPBPAQ018706	JLX043390.1, JLX043390.2, JLX043390.3, JLX043390.4
OG0002174	GWHPBPAQ018727, GWHPBPAQ018728	JLX043910.1, JLX044850.1, JLX045930.1
OG0002175	GWHPBPAQ018765, GWHPBPAQ018766	JLX045250.1, JLX045890.1, JLX046500.1
OG0002176	GWHPBPAQ018784, GWHPBPAQ018785	JLX042890.1, JLX045270.1, JLX045980.1
OG0002177	GWHPBPAQ018873	JLX045670.1, JLX113000.1, JLX115040.1, JLX210500.1
OG0002178	GWHPBPAQ018891, GWHPBPAQ019014, GWHPBPAQ019015	JLX045600.1, JLX045600.2
OG0002179	GWHPBPAQ018935, GWHPBPAQ019026	JLX045810.1, JLX045810.2, JLX164400.1
OG0002180	GWHPBPAQ018998	JLX044300.1, JLX044300.2, JLX044300.3, JLX044300.4
OG0002181	GWHPBPAQ019001	JLX044450.1, JLX044450.2, JLX044450.3, JLX044450.4
OG0002182	GWHPBPAQ019051	JLX043080.1, JLX043080.2, JLX043080.3, JLX043080.4
OG0002183	GWHPBPAQ019069	JLX043220.1, JLX043220.2, JLX044270.1, JLX045760.1
OG0002184	GWHPBPAQ019073	JLX043290.1, JLX043290.2, JLX043290.3, JLX043290.4
OG0002185	GWHPBPAQ019087	JLX046070.1, JLX046070.2, JLX046070.3, JLX046070.4
OG0002186	GWHPBPAQ019117	JLX045450.1, JLX045450.2, JLX052410.1, JLX052470.1
OG0002187	GWHPBPAQ019119, GWHPBPAQ019124, GWHPBPAQ019125	JLX043350.1, JLX052380.1
OG0002188	GWHPBPAQ019162	JLX187940.1, JLX187940.2, JLX187940.3, JLX187940.4
OG0002189	GWHPBPAQ019172	JLX187660.1, JLX187660.2, JLX187660.3, JLX187660.4
OG0002190	GWHPBPAQ019179	JLX188090.1, JLX188090.2, JLX188090.3, JLX188090.4
OG0002191	GWHPBPAQ019202	JLX187810.1, JLX187810.2, JLX187810.3, JLX187810.4
OG0002192	GWHPBPAQ019251	JLX105940.1, JLX105940.2, JLX105940.3, JLX105940.4
OG0002193	GWHPBPAQ019254	JLX101470.1, JLX101470.2, JLX101470.3, JLX101470.4
OG0002194	GWHPBPAQ019281	JLX104350.1, JLX104350.2, JLX104350.3, JLX104350.4
OG0002195	GWHPBPAQ019318	JLX104780.1, JLX104780.2, JLX104780.3, JLX104780.4
OG0002196	GWHPBPAQ019334, GWHPBPAQ019335, GWHPBPAQ019336	JLX103920.1, JLX104410.1
OG0002197	GWHPBPAQ019406, GWHPBPAQ019407	JLX102840.1, JLX104510.1, JLX105700.1
OG0002198	GWHPBPAQ019412, GWHPBPAQ023189	JLX100940.1, JLX100940.2, JLX100940.3
OG0002199	GWHPBPAQ019457	JLX105710.1, JLX105710.2, JLX105710.3, JLX105710.4
OG0002200	GWHPBPAQ019472	JLX106130.1, JLX106130.2, JLX106130.3, JLX106130.4
OG0002201	GWHPBPAQ019519	JLX104050.2, JLX104050.3, JLX104050.4, JLX104050.5
OG0002202	GWHPBPAQ019531	JLX104320.1, JLX104320.2, JLX104320.3, JLX104320.4
OG0002203	GWHPBPAQ019555	JLX102340.1, JLX102340.2, JLX102340.3, JLX102340.4
OG0002204	GWHPBPAQ019576	JLX103870.1, JLX103870.2, JLX103870.3, JLX103870.4
OG0002205	GWHPBPAQ019582, GWHPBPAQ019585	JLX106280.1, JLX106280.2, JLX106280.3
OG0002206	GWHPBPAQ019588, GWHPBPAQ021619	JLX019660.1, JLX098150.1, JLX106690.1
OG0002207	GWHPBPAQ019635	JLX105990.1, JLX105990.2, JLX105990.3, JLX105990.4
OG0002208	GWHPBPAQ019701	JLX106940.1, JLX106940.2, JLX106940.3, JLX106940.4
OG0002209	GWHPBPAQ019758	JLX101800.1, JLX101800.2, JLX101800.3, JLX101800.4
OG0002210	GWHPBPAQ019788	JLX106000.1, JLX106000.2, JLX106000.3, JLX106000.4
OG0002211	GWHPBPAQ019800	JLX106550.1, JLX106550.2, JLX106550.3, JLX106550.4
OG0002212	GWHPBPAQ019808, GWHPBPAQ019835, GWHPBPAQ019837	JLX101230.1, JLX106720.1
OG0002213	GWHPBPAQ019813	JLX104000.1, JLX104000.2, JLX104000.3, JLX104000.4
OG0002214	GWHPBPAQ019860	JLX033740.1, JLX106480.1, JLX106480.2, JLX106480.3
OG0002215	GWHPBPAQ019915, GWHPBPAQ019954	JLX101960.1, JLX101960.2, JLX102500.1
OG0002216	GWHPBPAQ020041	JLX147400.1, JLX147400.2, JLX147400.3, JLX147400.4
OG0002217	GWHPBPAQ020066	JLX147030.1, JLX147030.2, JLX147030.3, JLX147030.4
OG0002218	GWHPBPAQ020081	JLX148430.1, JLX148430.2, JLX148430.3, JLX148430.4
OG0002219	GWHPBPAQ020125	JLX146010.1, JLX146010.2, JLX146010.3, JLX146010.4
OG0002220	GWHPBPAQ020143, GWHPBPAQ021136	JLX067500.1, JLX067500.2, JLX148260.1
OG0002221	GWHPBPAQ020206	JLX147930.1, JLX147930.2, JLX147930.3, JLX147930.4
OG0002222	GWHPBPAQ020257	JLX145210.1, JLX145210.2, JLX145210.3, JLX145210.4
OG0002223	GWHPBPAQ020274	JLX145260.1, JLX145260.2, JLX145260.3, JLX145260.4
OG0002224	GWHPBPAQ020291	JLX147840.1, JLX147840.2, JLX147840.3, JLX147840.4
OG0002225	GWHPBPAQ020347	JLX078660.1, JLX138690.1, JLX138690.2, JLX138690.3
OG0002226	GWHPBPAQ020368	JLX138170.1, JLX138170.2, JLX138170.3, JLX138170.4
OG0002227	GWHPBPAQ020374	JLX139820.1, JLX139820.2, JLX139820.3, JLX139820.4
OG0002228	GWHPBPAQ020396	JLX137110.1, JLX137110.2, JLX137110.3, JLX137110.4
OG0002229	GWHPBPAQ020404	JLX137050.1, JLX137050.2, JLX137050.3, JLX137050.4
OG0002230	GWHPBPAQ020411	JLX137450.1, JLX137450.2, JLX137450.3, JLX137450.4
OG0002231	GWHPBPAQ020414	JLX139910.1, JLX139910.2, JLX139910.3, JLX139910.4
OG0002232	GWHPBPAQ020488	JLX138920.1, JLX138920.2, JLX138920.3, JLX138920.4
OG0002233	GWHPBPAQ020498, GWHPBPAQ021120	JLX067370.1, JLX067370.2, JLX137220.1
OG0002234	GWHPBPAQ020504	JLX138530.1, JLX138530.2, JLX138530.3, JLX138530.4
OG0002235	GWHPBPAQ020662	JLX138490.1, JLX138490.2, JLX138490.3, JLX138490.4
OG0002236	GWHPBPAQ020691, GWHPBPAQ020692	JLX138080.1, JLX139540.1, JLX213200.1
OG0002237	GWHPBPAQ020703, GWHPBPAQ020704, GWHPBPAQ022300	JLX138370.1, JLX138370.2
OG0002238	GWHPBPAQ020751	JLX120350.1, JLX175950.1, JLX179370.1, JLX180910.1
OG0002239	GWHPBPAQ020986	JLX206490.1, JLX206490.2, JLX228080.1, JLX228080.2
OG0002240	GWHPBPAQ021147	JLX066920.1, JLX066920.2, JLX066920.3, JLX066920.4
OG0002241	GWHPBPAQ021164, GWHPBPAQ021165	JLX067300.1, JLX067300.2, JLX067710.1
OG0002242	GWHPBPAQ021173, GWHPBPAQ021174, GWHPBPAQ021175	JLX066980.1, JLX189320.1
OG0002243	GWHPBPAQ021185	JLX189850.1, JLX189850.2, JLX189850.3, JLX189850.4
OG0002244	GWHPBPAQ021202	JLX189210.1, JLX189210.2, JLX189210.3, JLX189210.4
OG0002245	GWHPBPAQ021218, GWHPBPAQ021219, GWHPBPAQ021220	JLX189150.1, JLX189150.2
OG0002246	GWHPBPAQ021359, GWHPBPAQ021360	JLX232590.1, JLX232590.2, JLX232950.1
OG0002247	GWHPBPAQ021397, GWHPBPAQ021398, GWHPBPAQ021399, GWHPBPAQ021400, GWHPBPAQ021401	
OG0002248	GWHPBPAQ021407, GWHPBPAQ021410	JLX077470.1, JLX077800.1, JLX077800.2
OG0002249	GWHPBPAQ021411	JLX077880.1, JLX077880.2, JLX077880.3, JLX077880.4
OG0002250	GWHPBPAQ021413	JLX077610.1, JLX077610.2, JLX077610.3, JLX077610.4
OG0002251	GWHPBPAQ021431, GWHPBPAQ021432, GWHPBPAQ021433	JLX077660.1, JLX077740.1
OG0002252	GWHPBPAQ021492, GWHPBPAQ021493, GWHPBPAQ021496	JLX199190.1, JLX199220.1
OG0002253	GWHPBPAQ021494, GWHPBPAQ021495	JLX199180.1, JLX199200.1, JLX199240.1
OG0002254	GWHPBPAQ021548	JLX207290.1, JLX207290.2, JLX207290.3, JLX207290.4
OG0002255	GWHPBPAQ021556, GWHPBPAQ021557	JLX207390.1, JLX207390.2, JLX207500.1
OG0002256	GWHPBPAQ021588	JLX206570.1, JLX206570.2, JLX206570.3, JLX206570.4
OG0002257	GWHPBPAQ021709	JLX023440.1, JLX023440.2, JLX023440.3, JLX023440.4
OG0002258	GWHPBPAQ021716	JLX021130.1, JLX021130.2, JLX021130.3, JLX021130.4
OG0002259	GWHPBPAQ021725, GWHPBPAQ021739, GWHPBPAQ021742	JLX020720.1, JLX021150.1
OG0002260	GWHPBPAQ021743	JLX022190.1, JLX022190.2, JLX022190.3, JLX022190.4
OG0002261	GWHPBPAQ021745	JLX024420.1, JLX024420.2, JLX024420.3, JLX024420.4
OG0002262	GWHPBPAQ021786	JLX022390.1, JLX022390.2, JLX022390.3, JLX022390.4
OG0002263	GWHPBPAQ021789	JLX021970.1, JLX021970.2, JLX021970.3, JLX021970.4
OG0002264	GWHPBPAQ021803	JLX021100.1, JLX021100.2, JLX021100.3, JLX021100.4
OG0002265	GWHPBPAQ021808	JLX024380.1, JLX024380.2, JLX024380.3, JLX024380.4
OG0002266	GWHPBPAQ021831, GWHPBPAQ021832	JLX021670.1, JLX021670.2, JLX024180.1
OG0002267	GWHPBPAQ021841	JLX024190.1, JLX024190.2, JLX024190.3, JLX024190.4
OG0002268	GWHPBPAQ021856	JLX021660.1, JLX021660.2, JLX021660.3, JLX021660.4
OG0002269	GWHPBPAQ021909	JLX021330.1, JLX021330.2, JLX021330.3, JLX021330.4
OG0002270	GWHPBPAQ021964, GWHPBPAQ021965	JLX023050.1, JLX023050.2, JLX023050.3
OG0002271	GWHPBPAQ021970	JLX021650.1, JLX021650.2, JLX021650.3, JLX022490.1
OG0002272	GWHPBPAQ022007	JLX021030.1, JLX021030.2, JLX021030.3, JLX021030.4
OG0002273	GWHPBPAQ022012	JLX023790.1, JLX023790.2, JLX023790.3, JLX023790.4
OG0002274	GWHPBPAQ022032, GWHPBPAQ022036	JLX022170.1, JLX022170.2, JLX022170.3
OG0002275	GWHPBPAQ022063, GWHPBPAQ022068, GWHPBPAQ022069	JLX021010.1, JLX024080.1
OG0002276	GWHPBPAQ022074, GWHPBPAQ022076, GWHPBPAQ022079, GWHPBPAQ022116	JLX023280.1
OG0002277	GWHPBPAQ022084	JLX023000.1, JLX023000.2, JLX023000.3, JLX023000.4
OG0002278	GWHPBPAQ022088	JLX024200.1, JLX024200.2, JLX024200.3, JLX024200.4
OG0002279	GWHPBPAQ022092	JLX022640.1, JLX022640.2, JLX022640.3, JLX022640.4
OG0002280	GWHPBPAQ022099, GWHPBPAQ022100	JLX019400.1, JLX171930.1, JLX201220.1
OG0002281	GWHPBPAQ022132	JLX023560.1, JLX023560.2, JLX023560.3, JLX023560.4
OG0002282	GWHPBPAQ022136, GWHPBPAQ022139	JLX020170.1, JLX024390.1, JLX066760.1
OG0002283	GWHPBPAQ022138	JLX022870.1, JLX022870.2, JLX066780.1, JLX066780.2
OG0002284	GWHPBPAQ022165	JLX019920.1, JLX019920.2, JLX019920.3, JLX135400.1
OG0002285	GWHPBPAQ022170	JLX019330.1, JLX019950.1, JLX135420.1, JLX135560.1
OG0002286	GWHPBPAQ022176	JLX077290.1, JLX093660.1, JLX167050.1, JLX217990.1
OG0002287	GWHPBPAQ022202	JLX081940.1, JLX081940.2, JLX081940.3, JLX081940.4
OG0002288	GWHPBPAQ022207	JLX058170.1, JLX082600.1, JLX082600.2, JLX082600.3
OG0002289	GWHPBPAQ022212	JLX082400.1, JLX082400.2, JLX082400.3, JLX082400.4
OG0002290	GWHPBPAQ022248	JLX082460.1, JLX082460.2, JLX082460.3, JLX082460.4
OG0002291	GWHPBPAQ022254	JLX082350.1, JLX082350.2, JLX082350.3, JLX082350.4
OG0002292	GWHPBPAQ022332, GWHPBPAQ022333, GWHPBPAQ022334, GWHPBPAQ022335	JLX016110.1
OG0002293	GWHPBPAQ022413	JLX217360.1, JLX217360.2, JLX217360.3, JLX217360.4
OG0002294	GWHPBPAQ022448	JLX093580.1, JLX093580.2, JLX093580.3, JLX093580.4
OG0002295	GWHPBPAQ022485	JLX094890.1, JLX094890.2, JLX094890.3, JLX094890.4
OG0002296	GWHPBPAQ022490	JLX094960.1, JLX094960.2, JLX094960.3, JLX094960.4
OG0002297	GWHPBPAQ022504	JLX095240.2, JLX095240.3, JLX095240.4, JLX095240.5
OG0002298	GWHPBPAQ022524	JLX094670.1, JLX094670.2, JLX094670.3, JLX094670.4
OG0002299	GWHPBPAQ022564, GWHPBPAQ022565, GWHPBPAQ022569	JLX093920.1, JLX093920.2
OG0002300	GWHPBPAQ022603	JLX095260.1, JLX095260.2, JLX095390.1, JLX095390.2
OG0002301	GWHPBPAQ022613, GWHPBPAQ022629, GWHPBPAQ022635, GWHPBPAQ022636	JLX165860.1
OG0002302	GWHPBPAQ022658	JLX051370.1, JLX051370.2, JLX051370.3, JLX165820.1
OG0002303	GWHPBPAQ022673	JLX165580.1, JLX165580.2, JLX165580.3, JLX165580.4
OG0002304	GWHPBPAQ022675, GWHPBPAQ022676, GWHPBPAQ022679	JLX165770.1, JLX165910.1
OG0002305	GWHPBPAQ022789	JLX050410.1, JLX050410.2, JLX050410.3, JLX050410.4
OG0002306	GWHPBPAQ022827	JLX051650.1, JLX051650.2, JLX051650.3, JLX051650.4
OG0002307	GWHPBPAQ022890	JLX052080.1, JLX052080.2, JLX052080.3, JLX052080.4
OG0002308	GWHPBPAQ022926	JLX076240.1, JLX088780.1, JLX088780.2, JLX088780.3
OG0002309	GWHPBPAQ022930	JLX089180.1, JLX089180.2, JLX089180.3, JLX089180.4
OG0002310	GWHPBPAQ022977	JLX087440.1, JLX087440.2, JLX087440.3, JLX087440.4
OG0002311	GWHPBPAQ022995	JLX086200.1, JLX086200.2, JLX086200.3, JLX086200.4
OG0002312	GWHPBPAQ023021	JLX088060.1, JLX088060.2, JLX088060.3, JLX088060.4
OG0002313	GWHPBPAQ023046	JLX086820.1, JLX086820.2, JLX086820.3, JLX086820.4
OG0002314	GWHPBPAQ023083	JLX088830.1, JLX088830.2, JLX088830.3, JLX088830.4
OG0002315	GWHPBPAQ023114	JLX088480.1, JLX088480.2, JLX088480.3, JLX088480.4
OG0002316	GWHPBPAQ023150, GWHPBPAQ023250, GWHPBPAQ023284	JLX085810.1, JLX088560.1
OG0002317	GWHPBPAQ023182, GWHPBPAQ023184	JLX086410.1, JLX087100.1, JLX088040.1
OG0002318	GWHPBPAQ023183, GWHPBPAQ023185	JLX085720.1, JLX087500.1, JLX088850.1
OG0002319	GWHPBPAQ023231	JLX089120.1, JLX089120.2, JLX089120.3, JLX089120.4
OG0002320	GWHPBPAQ023253	JLX088540.1, JLX088540.2, JLX088540.3, JLX088540.4
OG0002321	GWHPBPAQ023260	JLX086620.1, JLX086620.2, JLX086620.3, JLX086620.4
OG0002322	GWHPBPAQ023276	JLX088990.1, JLX088990.2, JLX088990.3, JLX088990.4
OG0002323	GWHPBPAQ023291	JLX088880.1, JLX088880.2, JLX088880.3, JLX088880.4
OG0002324	GWHPBPAQ023350	JLX085460.1, JLX085460.2, JLX085460.3, JLX085460.4
OG0002325	GWHPBPAQ023353, GWHPBPAQ023365	JLX087010.1, JLX088720.1, JLX216150.1
OG0002326	GWHPBPAQ023440	JLX215830.1, JLX215830.2, JLX215830.3, JLX215830.4
OG0002327	GWHPBPAQ023448	JLX215820.1, JLX215820.2, JLX215820.3, JLX215820.4
OG0002328	GWHPBPAQ023489	JLX216110.1, JLX216110.2, JLX216110.3, JLX216110.4
OG0002329	GWHPBPAQ023491	JLX215970.1, JLX215970.2, JLX215970.3, JLX215970.4
OG0002330	GWHPBPAQ023528	JLX215250.1, JLX215250.2, JLX215250.3, JLX215250.4
OG0002331	GWHPBPAQ023541	JLX215120.1, JLX215120.2, JLX215120.3, JLX215120.4
OG0002332	Null	JLX135270.1, JLX135270.3, JLX135270.5, JLX135270.6, JLX135270.7
OG0002333	Null	JLX017880.1, JLX033450.1, JLX035410.1, JLX068570.1, JLX076820.1
OG0002334	Null	JLX038100.1, JLX076390.1, JLX081050.1, JLX177980.1, JLX230370.1
OG0002335	Null	JLX039300.1, JLX149470.1, JLX152020.1, JLX172980.1, JLX175410.1
OG0002336	Null	JLX109370.1, JLX110020.1, JLX111350.1, JLX111520.1, JLX115610.1
OG0002337	Null	JLX092060.1, JLX092060.2, JLX092060.3, JLX092060.4, JLX092060.5
OG0002338	Null	JLX030090.1, JLX030090.2, JLX030090.3, JLX030090.4, JLX030090.5
OG0002339	Null	JLX001900.1, JLX118930.1, JLX122280.1, JLX124030.1, JLX220830.1
OG0002340	Null	JLX087840.1, JLX087840.2, JLX087840.3, JLX087840.4, JLX087840.5
OG0002341	Null	JLX027280.2, JLX088140.1, JLX088140.2, JLX216160.2, JLX216160.3
OG0002342	Null	JLX232380.1, JLX232380.2, JLX232380.3, JLX232380.4, JLX232380.5
OG0002343	Null	JLX000170.1, JLX000190.1, JLX000360.1, JLX000420.1, JLX000560.1
OG0002344	Null	JLX136550.1, JLX136550.2, JLX136550.3, JLX136550.4, JLX136550.5
OG0002345	Null	JLX064160.1, JLX064160.3, JLX064160.4, JLX064160.5, JLX064160.6
OG0002346	Null	JLX186320.1, JLX186320.2, JLX186320.3, JLX186320.4, JLX186320.5
OG0002347	Null	JLX059650.1, JLX142500.1, JLX176400.1, JLX197720.1, JLX202850.1
OG0002348	Null	JLX128400.1, JLX128400.2, JLX128400.3, JLX128400.4, JLX128400.5
OG0002349	Null	JLX064530.1, JLX096650.1, JLX096650.2, JLX096650.3, JLX096650.4
OG0002350	Null	JLX038280.1, JLX038280.2, JLX038280.3, JLX038280.4, JLX038280.5
OG0002351	Null	JLX190520.1, JLX190520.2, JLX190520.3, JLX190520.4, JLX190520.5
OG0002352	Null	JLX121380.1, JLX163870.1, JLX163910.1, JLX164070.1, JLX227060.1
OG0002353	Null	JLX077230.1, JLX077230.2, JLX077230.3, JLX077230.4, JLX077230.5
OG0002354	Null	JLX002950.1, JLX054220.1, JLX179950.1, JLX210180.1, JLX217650.1
OG0002355	Null	JLX003730.1, JLX068230.1, JLX084780.1, JLX136500.1, JLX199410.1
OG0002356	Null	JLX037150.1, JLX048810.1, JLX089500.1, JLX096860.1, JLX187420.1
OG0002357	Null	JLX041260.1, JLX041260.2, JLX066610.1, JLX090650.1, JLX228500.1
OG0002358	Null	JLX139690.1, JLX139690.2, JLX139690.3, JLX139690.4, JLX139690.5
OG0002359	Null	JLX201810.1, JLX201810.2, JLX201810.3, JLX201810.4, JLX201810.5
OG0002360	Null	JLX024260.1, JLX034680.1, JLX167400.1, JLX231290.1, JLX232190.1
OG0002361	Null	JLX132400.1, JLX160000.1, JLX161300.1, JLX161400.1, JLX161720.1
OG0002362	Null	JLX074740.1, JLX074740.2, JLX074740.3, JLX074740.4, JLX074740.5
OG0002363	Null	JLX035700.1, JLX080190.1, JLX093980.1, JLX228390.1, JLX232300.1
OG0002364	Null	JLX035020.1, JLX083540.1, JLX083980.1, JLX231320.1, JLX231390.1
OG0002365	Null	JLX212630.1, JLX212630.2, JLX212630.3, JLX212630.4, JLX212630.5
OG0002366	Null	JLX189930.1, JLX205390.1, JLX205570.1, JLX205610.1, JLX232110.1
OG0002367	Null	JLX198680.1, JLX198680.2, JLX198680.3, JLX198680.4, JLX198680.5
OG0002368	Null	JLX121040.1, JLX178070.1, JLX181710.1, JLX182080.1, JLX206060.1
OG0002369	Null	JLX009910.1, JLX009910.2, JLX009910.3, JLX009910.4, JLX009910.5
OG0002370	Null	JLX067270.1, JLX067470.1, JLX136870.1, JLX217520.1, JLX218880.1
OG0002371	GWHPBPAQ000012	JLX229030.1, JLX229030.2, JLX229030.3
OG0002372	GWHPBPAQ000025	JLX228760.1, JLX228760.2, JLX228760.3
OG0002373	GWHPBPAQ000029, GWHPBPAQ003636	JLX074320.1, JLX228550.1
OG0002374	GWHPBPAQ000030	JLX228540.1, JLX228540.2, JLX228540.3
OG0002375	GWHPBPAQ000059	JLX055150.1, JLX228880.1, JLX228880.2
OG0002376	GWHPBPAQ000062, GWHPBPAQ001640	JLX035560.1, JLX056990.1
OG0002377	GWHPBPAQ000072, GWHPBPAQ003680	JLX027650.1, JLX056420.1
OG0002378	GWHPBPAQ000076	JLX054830.1, JLX054830.2, JLX054830.3
OG0002379	GWHPBPAQ000083, GWHPBPAQ006376	JLX032880.1, JLX055340.1
OG0002380	GWHPBPAQ000085, GWHPBPAQ001612	JLX055460.1, JLX083150.1
OG0002381	GWHPBPAQ000087, GWHPBPAQ003688	JLX028990.1, JLX057120.1
OG0002382	GWHPBPAQ000099, GWHPBPAQ009343	JLX056020.1, JLX064460.1
OG0002383	GWHPBPAQ000119	JLX055520.1, JLX055520.2, JLX055520.3
OG0002384	GWHPBPAQ000154, GWHPBPAQ003736	JLX028290.1, JLX054700.1
OG0002385	GWHPBPAQ000165	JLX055010.1, JLX055010.2, JLX055010.3
OG0002386	GWHPBPAQ000176, GWHPBPAQ003754	JLX028900.1, JLX055870.1
OG0002387	GWHPBPAQ000180	JLX055440.1, JLX055440.2, JLX055440.3
OG0002388	GWHPBPAQ000181	JLX056770.1, JLX056770.2, JLX056770.3
OG0002389	GWHPBPAQ000192, GWHPBPAQ021667	JLX024610.1, JLX056510.1
OG0002390	GWHPBPAQ000194	JLX056960.1, JLX056960.2, JLX056960.3
OG0002391	GWHPBPAQ000199	JLX056310.1, JLX056310.2, JLX056310.3
OG0002392	GWHPBPAQ000201	JLX056210.1, JLX056210.2, JLX056210.3
OG0002393	GWHPBPAQ000212, GWHPBPAQ003786	JLX027600.1, JLX056200.1
OG0002394	GWHPBPAQ000217, GWHPBPAQ021700	JLX024470.1, JLX054560.1
OG0002395	GWHPBPAQ000222, GWHPBPAQ021706	JLX056790.1, JLX056790.2
OG0002396	GWHPBPAQ000242	JLX056290.1, JLX056290.2, JLX056290.3
OG0002397	GWHPBPAQ000245	JLX057050.1, JLX057050.2, JLX057050.3
OG0002398	GWHPBPAQ000246, GWHPBPAQ003824	JLX056650.1, JLX157530.1
OG0002399	GWHPBPAQ000247	JLX055490.1, JLX055490.2, JLX055490.3
OG0002400	GWHPBPAQ000274	JLX057280.1, JLX057280.2, JLX057280.3
OG0002401	GWHPBPAQ000284, GWHPBPAQ003858	JLX056180.1, JLX157700.1
OG0002402	GWHPBPAQ000290, GWHPBPAQ012115	JLX056660.1, JLX213310.1
OG0002403	GWHPBPAQ000298, GWHPBPAQ019359	JLX056030.1, JLX106840.1
OG0002404	GWHPBPAQ000301	JLX055500.1, JLX055500.2, JLX055500.3
OG0002405	GWHPBPAQ000304, GWHPBPAQ013129, GWHPBPAQ014284	JLX171320.1
OG0002406	GWHPBPAQ000322	JLX055850.1, JLX055850.2, JLX055850.3
OG0002407	GWHPBPAQ000334, GWHPBPAQ014243	JLX056390.1, JLX172430.1
OG0002408	GWHPBPAQ000364, GWHPBPAQ022213	JLX082030.1, JLX082030.2
OG0002409	GWHPBPAQ000383	JLX050160.1, JLX050160.2, JLX050160.3
OG0002410	GWHPBPAQ000392, GWHPBPAQ009586	JLX049980.1, JLX184230.1
OG0002411	GWHPBPAQ000394, GWHPBPAQ007027	JLX049540.1, JLX049540.2
OG0002412	GWHPBPAQ000441, GWHPBPAQ007076, GWHPBPAQ007077	JLX204330.1
OG0002413	GWHPBPAQ000443, GWHPBPAQ002215	JLX049310.1, JLX149650.1
OG0002414	GWHPBPAQ000446	JLX049570.1, JLX049570.2, JLX049570.3
OG0002415	GWHPBPAQ000452	JLX049160.1, JLX049160.2, JLX049160.3
OG0002416	GWHPBPAQ000458	JLX049610.1, JLX049610.2, JLX049610.3
OG0002417	GWHPBPAQ000465, GWHPBPAQ004995, GWHPBPAQ005377	JLX212110.1
OG0002418	GWHPBPAQ000468, GWHPBPAQ001831	JLX049580.1, JLX172640.1
OG0002419	GWHPBPAQ000487, GWHPBPAQ004998, GWHPBPAQ016600	JLX036070.1
OG0002420	GWHPBPAQ000491	JLX049140.1, JLX049140.2, JLX049140.3
OG0002421	GWHPBPAQ000501, GWHPBPAQ015308	JLX115830.1, JLX115830.2
OG0002422	GWHPBPAQ000507, GWHPBPAQ007132	JLX025290.1, JLX149370.1
OG0002423	GWHPBPAQ000523, GWHPBPAQ005014	JLX211450.1, JLX211450.2
OG0002424	GWHPBPAQ000544	JLX016790.1, JLX016790.2, JLX016790.3
OG0002425	GWHPBPAQ000563, GWHPBPAQ000564	JLX017020.1, JLX019110.1
OG0002426	GWHPBPAQ000566, GWHPBPAQ021005, GWHPBPAQ022722	JLX018530.1
OG0002427	GWHPBPAQ000575, GWHPBPAQ000576	JLX019120.1, JLX197120.1
OG0002428	GWHPBPAQ000580	JLX000570.1, JLX016920.1, JLX016920.2
OG0002429	GWHPBPAQ000590, GWHPBPAQ007586	JLX142460.1, JLX142460.2
OG0002430	GWHPBPAQ000595	JLX017690.1, JLX017690.2, JLX017690.3
OG0002431	GWHPBPAQ000618	JLX016880.1, JLX016880.2, JLX017760.1
OG0002432	GWHPBPAQ000640	JLX016680.1, JLX016680.2, JLX016680.3
OG0002433	GWHPBPAQ000642, GWHPBPAQ011367	JLX018350.1, JLX083710.1
OG0002434	GWHPBPAQ000644	JLX016460.1, JLX016460.2, JLX016460.3
OG0002435	GWHPBPAQ000646	JLX016740.1, JLX016740.2, JLX016740.3
OG0002436	GWHPBPAQ000647, GWHPBPAQ013922	JLX017630.1, JLX195610.1
OG0002437	GWHPBPAQ000648, GWHPBPAQ007497	JLX016990.1, JLX144010.1
OG0002438	GWHPBPAQ000649, GWHPBPAQ007495	JLX016540.1, JLX144860.1
OG0002439	GWHPBPAQ000655	JLX018650.1, JLX018650.2, JLX018650.3
OG0002440	GWHPBPAQ000668, GWHPBPAQ002680, GWHPBPAQ016335	JLX017500.1
OG0002441	GWHPBPAQ000675, GWHPBPAQ004111, GWHPBPAQ020381	JLX018460.1
OG0002442	GWHPBPAQ000681	JLX017550.1, JLX017550.2, JLX017550.3
OG0002443	GWHPBPAQ000683, GWHPBPAQ000684, GWHPBPAQ007507	JLX019140.1
OG0002444	GWHPBPAQ000690	JLX018660.1, JLX018660.2, JLX018660.3
OG0002445	GWHPBPAQ000706	JLX016440.1, JLX016440.2, JLX016440.3
OG0002446	GWHPBPAQ000708	JLX018400.1, JLX018400.2, JLX018400.3
OG0002447	GWHPBPAQ000710	JLX017840.1, JLX017840.2, JLX017840.3
OG0002448	GWHPBPAQ000718	JLX017940.1, JLX017940.2, JLX017940.3
OG0002449	GWHPBPAQ000732, GWHPBPAQ016243	JLX018850.1, JLX095450.1
OG0002450	GWHPBPAQ000733, GWHPBPAQ016481	JLX036320.1, JLX036320.2
OG0002451	GWHPBPAQ000752	JLX017300.1, JLX017300.2, JLX017300.3
OG0002452	GWHPBPAQ000754	JLX016610.1, JLX016610.2, JLX016610.3
OG0002453	GWHPBPAQ000756, GWHPBPAQ021985	JLX017810.1, JLX024030.1
OG0002454	GWHPBPAQ000764, GWHPBPAQ005273	JLX017320.1, JLX065540.1
OG0002455	GWHPBPAQ000781	JLX018610.1, JLX018610.2, JLX018610.3
OG0002456	GWHPBPAQ000786, GWHPBPAQ004016	JLX157260.1, JLX157260.2
OG0002457	GWHPBPAQ000804, GWHPBPAQ000805	JLX016630.1, JLX019150.1
OG0002458	GWHPBPAQ000816, GWHPBPAQ021936	JLX018860.1, JLX022000.1
OG0002459	GWHPBPAQ000819	JLX018620.1, JLX018620.2, JLX018620.3
OG0002460	GWHPBPAQ000821	JLX017450.1, JLX048500.1, JLX048500.2
OG0002461	GWHPBPAQ000825, GWHPBPAQ016610	JLX036990.1, JLX047160.1
OG0002462	GWHPBPAQ000843	JLX046990.1, JLX046990.2, JLX046990.3
OG0002463	GWHPBPAQ000846	JLX048250.1, JLX048250.2, JLX048250.3
OG0002464	GWHPBPAQ000850, GWHPBPAQ003650, GWHPBPAQ003977	JLX155810.1
OG0002465	GWHPBPAQ000852	JLX047650.1, JLX047650.2, JLX047650.3
OG0002466	GWHPBPAQ000861, GWHPBPAQ003970	JLX048120.1, JLX155350.1
OG0002467	GWHPBPAQ000865, GWHPBPAQ003966, GWHPBPAQ021889	JLX047720.1
OG0002468	GWHPBPAQ000873	JLX047910.1, JLX047910.2, JLX047910.3
OG0002469	GWHPBPAQ000892, GWHPBPAQ000893	JLX047190.1, JLX048480.1
OG0002470	GWHPBPAQ000918, GWHPBPAQ021816	JLX022500.1, JLX046790.1
OG0002471	GWHPBPAQ000929	JLX046940.1, JLX046940.2, JLX046940.3
OG0002472	GWHPBPAQ000946, GWHPBPAQ000947, GWHPBPAQ000948	JLX048280.1
OG0002473	GWHPBPAQ000986	JLX048640.1, JLX048640.2, JLX048640.3
OG0002474	GWHPBPAQ001019	JLX047080.1, JLX047080.2, JLX159460.1
OG0002475	GWHPBPAQ001020, GWHPBPAQ001021	JLX047330.1, JLX163580.1
OG0002476	GWHPBPAQ001032	JLX030500.1, JLX047610.1, JLX100020.1
OG0002477	GWHPBPAQ001036, GWHPBPAQ019263	JLX099350.1, JLX101140.1
OG0002478	GWHPBPAQ001042	JLX099320.1, JLX099320.2, JLX099320.3
OG0002479	GWHPBPAQ001077	JLX100310.1, JLX100310.2, JLX100310.3
OG0002480	GWHPBPAQ001078	JLX099630.1, JLX099630.2, JLX099630.3
OG0002481	GWHPBPAQ001079	JLX097030.1, JLX097030.2, JLX097030.3
OG0002482	GWHPBPAQ001083	JLX096220.1, JLX096220.2, JLX096220.3
OG0002483	GWHPBPAQ001096	JLX099150.1, JLX099150.2, JLX099150.3
OG0002484	GWHPBPAQ001103	JLX098210.1, JLX098210.2, JLX098210.3
OG0002485	GWHPBPAQ001115, GWHPBPAQ019476	JLX099130.1, JLX107220.1
OG0002486	GWHPBPAQ001116	JLX099650.1, JLX099650.2, JLX099650.3
OG0002487	GWHPBPAQ001126, GWHPBPAQ002451	JLX006900.1, JLX007810.1
OG0002488	GWHPBPAQ001127	JLX099570.1, JLX099570.2, JLX099570.3
OG0002489	GWHPBPAQ001136, GWHPBPAQ013757	JLX097640.1, JLX197080.1
OG0002490	GWHPBPAQ001150	JLX097020.1, JLX097020.2, JLX097020.3
OG0002491	GWHPBPAQ001158, GWHPBPAQ013736	JLX096940.1, JLX197100.1
OG0002492	GWHPBPAQ001184, GWHPBPAQ013706	JLX098600.1, JLX197190.1
OG0002493	GWHPBPAQ001190	JLX100360.1, JLX100360.2, JLX100360.3
OG0002494	GWHPBPAQ001207	JLX096460.1, JLX096460.2, JLX096460.3
OG0002495	GWHPBPAQ001208	JLX097570.1, JLX097570.2, JLX097570.3
OG0002496	GWHPBPAQ001228, GWHPBPAQ010199	JLX128490.1, JLX128490.2
OG0002497	GWHPBPAQ001233, GWHPBPAQ001237	JLX099180.1, JLX206350.1
OG0002498	GWHPBPAQ001241, GWHPBPAQ019604	JLX100490.1, JLX104700.1
OG0002499	GWHPBPAQ001243	JLX098760.1, JLX098760.2, JLX098760.3
OG0002500	GWHPBPAQ001245, GWHPBPAQ001247, GWHPBPAQ008019, GWHPBPAQ015400	
OG0002501	GWHPBPAQ001259	JLX096020.1, JLX096020.2, JLX096020.3
OG0002502	GWHPBPAQ001270	JLX098850.1, JLX098850.2, JLX098850.3
OG0002503	GWHPBPAQ001277, GWHPBPAQ001282, GWHPBPAQ001285	JLX099890.1
OG0002504	GWHPBPAQ001294, GWHPBPAQ007284	JLX024910.1, JLX095960.1
OG0002505	GWHPBPAQ001321, GWHPBPAQ006393, GWHPBPAQ012895, GWHPBPAQ018573	
OG0002506	GWHPBPAQ001349, GWHPBPAQ008915	JLX013670.1, JLX097400.1
OG0002507	GWHPBPAQ001357	JLX042100.1, JLX096480.1, JLX189410.1
OG0002508	GWHPBPAQ001363	JLX096130.1, JLX096130.2, JLX096130.3
OG0002509	GWHPBPAQ001380, GWHPBPAQ009254	JLX060470.1, JLX141630.1
OG0002510	GWHPBPAQ001392, GWHPBPAQ011317, GWHPBPAQ020581	JLX127550.1
OG0002511	GWHPBPAQ001473	JLX064910.1, JLX064910.2, JLX064910.3
OG0002512	GWHPBPAQ001485, GWHPBPAQ009375	JLX060760.1, JLX065350.1
OG0002513	GWHPBPAQ001487, GWHPBPAQ009379	JLX064310.1, JLX064880.1
OG0002514	GWHPBPAQ001495, GWHPBPAQ006279	JLX064960.1, JLX065310.1
OG0002515	GWHPBPAQ001541, GWHPBPAQ021741	JLX065010.1, JLX121960.1
OG0002516	GWHPBPAQ001559	JLX083100.1, JLX083100.2, JLX083100.3
OG0002517	GWHPBPAQ001571	JLX083160.1, JLX083160.2, JLX083160.3
OG0002518	GWHPBPAQ001574, GWHPBPAQ003702, GWHPBPAQ018091	JLX082830.1
OG0002519	GWHPBPAQ001583	JLX083030.1, JLX083030.2, JLX083190.1
OG0002520	GWHPBPAQ001605	JLX083180.1, JLX083180.2, JLX083180.3
OG0002521	GWHPBPAQ001622	JLX136250.1, JLX136250.2, JLX136250.3
OG0002522	GWHPBPAQ001631, GWHPBPAQ003681	JLX028890.1, JLX028890.2
OG0002523	GWHPBPAQ001644	JLX035430.1, JLX035430.2, JLX035430.3
OG0002524	GWHPBPAQ001650, GWHPBPAQ012929, GWHPBPAQ021271, GWHPBPAQ022778	
OG0002525	GWHPBPAQ001653	JLX035440.1, JLX035440.2, JLX035440.3
OG0002526	GWHPBPAQ001664	JLX094540.1, JLX115300.1, JLX232500.1
OG0002527	GWHPBPAQ001683, GWHPBPAQ002249, GWHPBPAQ015926	JLX172650.1
OG0002528	GWHPBPAQ001702	JLX035060.1, JLX035060.2, JLX035060.3
OG0002529	GWHPBPAQ001708, GWHPBPAQ006403, GWHPBPAQ009139	JLX034440.1
OG0002530	GWHPBPAQ001710, GWHPBPAQ003600	JLX072070.1, JLX136680.1
OG0002531	GWHPBPAQ001716	JLX136330.1, JLX136330.2, JLX136330.3
OG0002532	GWHPBPAQ001719	JLX135840.1, JLX135840.2, JLX135840.3
OG0002533	GWHPBPAQ001734, GWHPBPAQ022329	JLX016320.1, JLX016320.2
OG0002534	GWHPBPAQ001763, GWHPBPAQ007848, GWHPBPAQ008886	JLX011670.1
OG0002535	GWHPBPAQ001768, GWHPBPAQ008223	JLX152850.1, JLX167370.1
OG0002536	GWHPBPAQ001780	JLX167730.1, JLX167730.2, JLX167730.3
OG0002537	GWHPBPAQ001785, GWHPBPAQ001803	JLX167700.1, JLX167700.2
OG0002538	GWHPBPAQ001809, GWHPBPAQ002899, GWHPBPAQ010335	JLX129110.1
OG0002539	GWHPBPAQ001813	JLX076970.1, JLX076970.2, JLX076970.3
OG0002540	GWHPBPAQ001815, GWHPBPAQ020822	JLX076750.1, JLX076750.2
OG0002541	GWHPBPAQ001864, GWHPBPAQ006084	JLX010080.1, JLX218650.1
OG0002542	GWHPBPAQ001885, GWHPBPAQ007839, GWHPBPAQ016227, GWHPBPAQ022399	
OG0002543	GWHPBPAQ001913	JLX188490.1, JLX188490.2, JLX188490.3
OG0002544	GWHPBPAQ001918	JLX188720.1, JLX188720.2, JLX188720.3
OG0002545	GWHPBPAQ001919	JLX188920.1, JLX188920.2, JLX188920.3
OG0002546	GWHPBPAQ001933	JLX188550.1, JLX188550.2, JLX188550.3
OG0002547	GWHPBPAQ001940	JLX188240.1, JLX188240.2, JLX188240.3
OG0002548	GWHPBPAQ001977	JLX188500.1, JLX188500.2, JLX188500.3
OG0002549	GWHPBPAQ001978, GWHPBPAQ013461	JLX080120.1, JLX188530.1
OG0002550	GWHPBPAQ001990	JLX095570.1, JLX188600.1, JLX197530.1
OG0002551	GWHPBPAQ002009	JLX122130.1, JLX122130.2, JLX152560.1
OG0002552	GWHPBPAQ002013	JLX122080.1, JLX152840.1, JLX183610.1
OG0002553	GWHPBPAQ002014, GWHPBPAQ011883, GWHPBPAQ012906, GWHPBPAQ018024	
OG0002554	GWHPBPAQ002045, GWHPBPAQ002047, GWHPBPAQ003773	JLX027770.1
OG0002555	GWHPBPAQ002049	JLX140810.1, JLX152410.1, JLX152410.2
OG0002556	GWHPBPAQ002101, GWHPBPAQ012026	JLX164710.1, JLX164730.1
OG0002557	GWHPBPAQ002106, GWHPBPAQ002107	JLX089810.1, JLX089830.1
OG0002558	GWHPBPAQ002130, GWHPBPAQ002131	JLX089990.1, JLX090390.1
OG0002559	GWHPBPAQ002150, GWHPBPAQ002153	JLX090100.1, JLX090380.1
OG0002560	GWHPBPAQ002172	JLX090340.1, JLX090340.2, JLX090340.3
OG0002561	GWHPBPAQ002184	JLX002590.1, JLX002590.2, JLX002590.3
OG0002562	GWHPBPAQ002203, GWHPBPAQ018283	JLX107570.1, JLX121620.1
OG0002563	GWHPBPAQ002206	JLX107540.1, JLX148880.1, JLX148880.2
OG0002564	GWHPBPAQ002210, GWHPBPAQ002212, GWHPBPAQ022436	JLX149070.1
OG0002565	GWHPBPAQ002217, GWHPBPAQ008098	JLX031750.1, JLX148980.1
OG0002566	GWHPBPAQ002219	JLX149000.1, JLX149000.2, JLX149000.3
OG0002567	GWHPBPAQ002229	JLX149210.1, JLX149210.2, JLX149210.3
OG0002568	GWHPBPAQ002231, GWHPBPAQ004558	JLX148940.1, JLX226990.1
OG0002569	GWHPBPAQ002262, GWHPBPAQ012824, GWHPBPAQ018226	JLX218060.1
OG0002570	GWHPBPAQ002270	JLX151480.1, JLX164630.1, JLX164630.2
OG0002571	GWHPBPAQ002272	JLX010920.1, JLX151540.1, JLX164540.1
OG0002572	GWHPBPAQ002279	JLX151220.1, JLX207800.1, JLX207800.2
OG0002573	GWHPBPAQ002280	JLX151310.1, JLX151310.2, JLX207780.1
OG0002574	GWHPBPAQ002289, GWHPBPAQ002293, GWHPBPAQ002294	JLX151690.1
OG0002575	GWHPBPAQ002306, GWHPBPAQ014590	JLX151520.1, JLX170730.1
OG0002576	GWHPBPAQ002317, GWHPBPAQ017458	JLX151580.1, JLX180840.1
OG0002577	GWHPBPAQ002342, GWHPBPAQ011427, GWHPBPAQ012854, GWHPBPAQ018131	
OG0002578	GWHPBPAQ002358	JLX151270.1, JLX151270.2, JLX151270.3
OG0002579	GWHPBPAQ002364	JLX151710.1, JLX151710.2, JLX151710.3
OG0002580	GWHPBPAQ002371, GWHPBPAQ002546	JLX007280.1, JLX152000.1
OG0002581	GWHPBPAQ002372	JLX151340.1, JLX151340.2, JLX151340.3
OG0002582	GWHPBPAQ002376	JLX151870.1, JLX151870.2, JLX151870.3
OG0002583	GWHPBPAQ002384, GWHPBPAQ002385	JLX151060.1, JLX151450.1
OG0002584	GWHPBPAQ002392	JLX151100.1, JLX151100.2, JLX151100.3
OG0002585	GWHPBPAQ002401, GWHPBPAQ002405	JLX151300.1, JLX151560.1
OG0002586	GWHPBPAQ002414	JLX121890.1, JLX230530.1, JLX230590.1
OG0002587	GWHPBPAQ002418, GWHPBPAQ002422	JLX122030.1, JLX230560.1
OG0002588	GWHPBPAQ002426, GWHPBPAQ017737, GWHPBPAQ017850	JLX182470.1
OG0002589	GWHPBPAQ002450, GWHPBPAQ002455	JLX004090.1, JLX004540.1
OG0002590	GWHPBPAQ002452	JLX008380.1, JLX008380.2, JLX008380.3
OG0002591	GWHPBPAQ002478	JLX003440.1, JLX003440.2, JLX003440.3
OG0002592	GWHPBPAQ002479	JLX005910.1, JLX005910.2, JLX005910.3
OG0002593	GWHPBPAQ002484	JLX007690.1, JLX007690.2, JLX007690.3
OG0002594	GWHPBPAQ002490	JLX007020.1, JLX072800.1, JLX202790.1
OG0002595	GWHPBPAQ002494, GWHPBPAQ004358, GWHPBPAQ018800	JLX003280.1
OG0002596	GWHPBPAQ002497, GWHPBPAQ002498	JLX006720.1, JLX007410.1
OG0002597	GWHPBPAQ002500, GWHPBPAQ022330	JLX016220.1, JLX151010.1
OG0002598	GWHPBPAQ002502, GWHPBPAQ002504, GWHPBPAQ008165	JLX004830.1
OG0002599	GWHPBPAQ002518	JLX008350.1, JLX008350.2, JLX008350.3
OG0002600	GWHPBPAQ002521	JLX003720.1, JLX003720.2, JLX003720.3
OG0002601	GWHPBPAQ002529, GWHPBPAQ002533, GWHPBPAQ002534	JLX006780.1
OG0002602	GWHPBPAQ002531	JLX005650.1, JLX005650.2, JLX005650.3
OG0002603	GWHPBPAQ002552	JLX006210.1, JLX006210.2, JLX207720.1
OG0002604	GWHPBPAQ002566, GWHPBPAQ020205	JLX004020.1, JLX145850.1
OG0002605	GWHPBPAQ002582, GWHPBPAQ006451	JLX033370.1, JLX033370.2
OG0002606	GWHPBPAQ002587, GWHPBPAQ013378	JLX006550.1, JLX078780.1
OG0002607	GWHPBPAQ002594, GWHPBPAQ023392	JLX006800.1, JLX215070.1
OG0002608	GWHPBPAQ002611	JLX007650.1, JLX007650.2, JLX007650.3
OG0002609	GWHPBPAQ002615	JLX006540.1, JLX006540.2, JLX006540.3
OG0002610	GWHPBPAQ002617, GWHPBPAQ002618, GWHPBPAQ002619	JLX007670.1
OG0002611	GWHPBPAQ002630	JLX005770.1, JLX005770.2, JLX005770.3
OG0002612	GWHPBPAQ002634, GWHPBPAQ012753, GWHPBPAQ012754	JLX004990.1
OG0002613	GWHPBPAQ002639	JLX186930.1, JLX186930.2, JLX186930.3
OG0002614	GWHPBPAQ002645	JLX004600.1, JLX004600.2, JLX004600.3
OG0002615	GWHPBPAQ002675	JLX008160.1, JLX008160.2, JLX008160.3
OG0002616	GWHPBPAQ002736	JLX004650.1, JLX004650.2, JLX004650.3
OG0002617	GWHPBPAQ002744, GWHPBPAQ002745	JLX003370.1, JLX004690.1
OG0002618	GWHPBPAQ002755, GWHPBPAQ021409	JLX003770.1, JLX077690.1
OG0002619	GWHPBPAQ002766	JLX007390.1, JLX007390.2, JLX007390.3
OG0002620	GWHPBPAQ002769, GWHPBPAQ006580	JLX005110.1, JLX202600.1
OG0002621	GWHPBPAQ002770, GWHPBPAQ004032	JLX004590.1, JLX157690.1
OG0002622	GWHPBPAQ002778, GWHPBPAQ002780	JLX003520.1, JLX004100.1
OG0002623	GWHPBPAQ002785	JLX007110.1, JLX007110.2, JLX007110.3
OG0002624	GWHPBPAQ002786, GWHPBPAQ002787	JLX005970.1, JLX006700.1
OG0002625	GWHPBPAQ002803	JLX006460.1, JLX006460.2, JLX006460.3
OG0002626	GWHPBPAQ002837	JLX004880.1, JLX004880.2, JLX004880.3
OG0002627	GWHPBPAQ002876, GWHPBPAQ022522, GWHPBPAQ022523	JLX008050.1
OG0002628	GWHPBPAQ002893, GWHPBPAQ022554	JLX094610.1, JLX094610.2
OG0002629	GWHPBPAQ002896	JLX004200.1, JLX004200.2, JLX004200.3
OG0002630	GWHPBPAQ002913, GWHPBPAQ022592	JLX005930.1, JLX094730.1
OG0002631	GWHPBPAQ002927, GWHPBPAQ002929	JLX004850.1, JLX005640.1
OG0002632	GWHPBPAQ002932	JLX007570.1, JLX007570.2, JLX007570.3
OG0002633	GWHPBPAQ002938	JLX006930.1, JLX006930.2, JLX006930.3
OG0002634	GWHPBPAQ002948	JLX004250.1, JLX004250.2, JLX004250.3
OG0002635	GWHPBPAQ002953	JLX003820.1, JLX003820.2, JLX003820.3
OG0002636	GWHPBPAQ002968, GWHPBPAQ013538	JLX003810.1, JLX079650.1
OG0002637	GWHPBPAQ002969	JLX008390.1, JLX008390.2, JLX008390.3
OG0002638	GWHPBPAQ002992	JLX003880.1, JLX003880.2, JLX003880.3
OG0002639	GWHPBPAQ002993	JLX004750.1, JLX004750.2, JLX004750.3
OG0002640	GWHPBPAQ003008	JLX004390.1, JLX074150.1, JLX074150.2
OG0002641	GWHPBPAQ003013, GWHPBPAQ022794	JLX051700.1, JLX074220.1
OG0002642	GWHPBPAQ003015, GWHPBPAQ018017, GWHPBPAQ022806	JLX050820.1
OG0002643	GWHPBPAQ003018, GWHPBPAQ022807	JLX051270.1, JLX073240.1
OG0002644	GWHPBPAQ003024	JLX073620.1, JLX073620.2, JLX073620.3
OG0002645	GWHPBPAQ003029	JLX072900.1, JLX072900.2, JLX072900.3
OG0002646	GWHPBPAQ003035	JLX074000.1, JLX074000.2, JLX074000.3
OG0002647	GWHPBPAQ003052, GWHPBPAQ003054	JLX073440.1, JLX075930.1
OG0002648	GWHPBPAQ003058	JLX072120.1, JLX072120.2, JLX072120.3
OG0002649	GWHPBPAQ003061, GWHPBPAQ003062	JLX073910.1, JLX073910.2
OG0002650	GWHPBPAQ003099, GWHPBPAQ022931	JLX073990.1, JLX086590.1
OG0002651	GWHPBPAQ003108, GWHPBPAQ011276	JLX072540.1, JLX124620.1
OG0002652	GWHPBPAQ003117, GWHPBPAQ022953	JLX071810.1, JLX086750.1
OG0002653	GWHPBPAQ003125, GWHPBPAQ022959	JLX070730.1, JLX089170.1
OG0002654	GWHPBPAQ003126	JLX071190.1, JLX071190.2, JLX071190.3
OG0002655	GWHPBPAQ003129, GWHPBPAQ022963	JLX071050.1, JLX085280.1
OG0002656	GWHPBPAQ003134, GWHPBPAQ018066, GWHPBPAQ018151	JLX075570.1
OG0002657	GWHPBPAQ003153, GWHPBPAQ022996	JLX074100.1, JLX087160.1
OG0002658	GWHPBPAQ003158, GWHPBPAQ023002	JLX070180.1, JLX088690.1
OG0002659	GWHPBPAQ003166, GWHPBPAQ011089	JLX070650.1, JLX131060.1
OG0002660	GWHPBPAQ003171	JLX075920.1, JLX075920.2, JLX075920.3
OG0002661	GWHPBPAQ003180	JLX075700.1, JLX075700.2, JLX075700.3
OG0002662	GWHPBPAQ003183, GWHPBPAQ023073	JLX072650.1, JLX089160.1
OG0002663	GWHPBPAQ003205	JLX069980.1, JLX069980.2, JLX069980.3
OG0002664	GWHPBPAQ003211, GWHPBPAQ023107	JLX072380.1, JLX087170.1
OG0002665	GWHPBPAQ003217	JLX070250.1, JLX070250.2, JLX070250.3
OG0002666	GWHPBPAQ003218	JLX075310.1, JLX075310.2, JLX075310.3
OG0002667	GWHPBPAQ003230, GWHPBPAQ019289	JLX103940.1, JLX103940.2
OG0002668	GWHPBPAQ003234, GWHPBPAQ023129	JLX074760.1, JLX086140.1
OG0002669	GWHPBPAQ003242	JLX071290.1, JLX071290.2, JLX071290.3
OG0002670	GWHPBPAQ003247	JLX069960.1, JLX069960.2, JLX069960.3
OG0002671	GWHPBPAQ003254	JLX074570.1, JLX074570.2, JLX074570.3
OG0002672	GWHPBPAQ003264, GWHPBPAQ011116	JLX127100.1, JLX127100.2
OG0002673	GWHPBPAQ003268, GWHPBPAQ011110	JLX075650.1, JLX128810.1
OG0002674	GWHPBPAQ003274	JLX073690.1, JLX073690.2, JLX073690.3
OG0002675	GWHPBPAQ003286	JLX075970.1, JLX075970.2, JLX075970.3
OG0002676	GWHPBPAQ003291	JLX072410.1, JLX072410.2, JLX072410.3
OG0002677	GWHPBPAQ003293, GWHPBPAQ014416	JLX072010.2, JLX072010.5
OG0002678	GWHPBPAQ003313	JLX075280.1, JLX075280.2, JLX075280.3
OG0002679	GWHPBPAQ003330, GWHPBPAQ003331	JLX070090.1, JLX074010.1
OG0002680	GWHPBPAQ003347	JLX075610.1, JLX075610.2, JLX075610.3
OG0002681	GWHPBPAQ003358	JLX073210.1, JLX073210.2, JLX073210.3
OG0002682	GWHPBPAQ003372	JLX075680.1, JLX075680.2, JLX075680.3
OG0002683	GWHPBPAQ003373	JLX075120.1, JLX075120.2, JLX075120.3
OG0002684	GWHPBPAQ003419	JLX071300.1, JLX071300.2, JLX071300.3
OG0002685	GWHPBPAQ003432	JLX000250.1, JLX000680.1, JLX073230.1
OG0002686	GWHPBPAQ003434, GWHPBPAQ019613, GWHPBPAQ020196	JLX105590.1
OG0002687	GWHPBPAQ003455, GWHPBPAQ010907	JLX070420.1, JLX070420.2
OG0002688	GWHPBPAQ003479	JLX073360.1, JLX073360.2, JLX073360.3
OG0002689	GWHPBPAQ003486	JLX076050.1, JLX076050.2, JLX076050.3
OG0002690	GWHPBPAQ003495, GWHPBPAQ019257, GWHPBPAQ023441	JLX076060.1
OG0002691	GWHPBPAQ003497	JLX073850.1, JLX073850.2, JLX073850.3
OG0002692	GWHPBPAQ003505	JLX075360.1, JLX075360.2, JLX137560.1
OG0002693	GWHPBPAQ003531	JLX072680.1, JLX072680.2, JLX072680.3
OG0002694	GWHPBPAQ003533, GWHPBPAQ008734, GWHPBPAQ021943	JLX019460.1
OG0002695	GWHPBPAQ003537	JLX071580.1, JLX071580.2, JLX071580.3
OG0002696	GWHPBPAQ003541	JLX071720.1, JLX071720.2, JLX071720.3
OG0002697	GWHPBPAQ003543	JLX073370.1, JLX073370.2, JLX216450.1
OG0002698	GWHPBPAQ003553	JLX072890.1, JLX072890.2, JLX072890.3
OG0002699	GWHPBPAQ003560, GWHPBPAQ012519	JLX073520.1, JLX163010.1
OG0002700	GWHPBPAQ003575, GWHPBPAQ008102	JLX031920.1, JLX070840.1
OG0002701	GWHPBPAQ003580, GWHPBPAQ021430	JLX070910.1, JLX077810.1
OG0002702	GWHPBPAQ003583	JLX075690.1, JLX075690.2, JLX075690.3
OG0002703	GWHPBPAQ003584	JLX075130.1, JLX075130.2, JLX075130.3
OG0002704	GWHPBPAQ003587	JLX072740.1, JLX072740.2, JLX072740.3
OG0002705	GWHPBPAQ003602	JLX074910.1, JLX074910.2, JLX074910.3
OG0002706	GWHPBPAQ003607, GWHPBPAQ003608	JLX071110.1, JLX073930.1
OG0002707	GWHPBPAQ003621	JLX075530.1, JLX075530.2, JLX075530.3
OG0002708	GWHPBPAQ003624, GWHPBPAQ003625	JLX070120.1, JLX070120.2
OG0002709	GWHPBPAQ003645	JLX075770.1, JLX075770.2, JLX075770.3
OG0002710	GWHPBPAQ003657	JLX027710.1, JLX027710.2, JLX027710.3
OG0002711	GWHPBPAQ003669, GWHPBPAQ004285, GWHPBPAQ019027	JLX043160.1
OG0002712	GWHPBPAQ003676	JLX028160.1, JLX028160.2, JLX028160.3
OG0002713	GWHPBPAQ003704	JLX029340.1, JLX029340.2, JLX029340.3
OG0002714	GWHPBPAQ003723	JLX029250.1, JLX029250.2, JLX029250.3
OG0002715	GWHPBPAQ003727, GWHPBPAQ021635	JLX022680.1, JLX028090.1
OG0002716	GWHPBPAQ003743, GWHPBPAQ021642	JLX020350.1, JLX028500.1
OG0002717	GWHPBPAQ003747, GWHPBPAQ005036, GWHPBPAQ016578	JLX211510.1
OG0002718	GWHPBPAQ003753, GWHPBPAQ004765, GWHPBPAQ007956	JLX027960.1
OG0002719	GWHPBPAQ003755	JLX028700.1, JLX028700.2, JLX028700.3
OG0002720	GWHPBPAQ003763, GWHPBPAQ016355	JLX029100.1, JLX029100.2
OG0002721	GWHPBPAQ003765, GWHPBPAQ016576	JLX027760.1, JLX037050.1
OG0002722	GWHPBPAQ003770	JLX029000.1, JLX029000.2, JLX029000.3
OG0002723	GWHPBPAQ003774, GWHPBPAQ019231	JLX028530.1, JLX028530.2
OG0002724	GWHPBPAQ003813	JLX029010.1, JLX029010.2, JLX029010.3
OG0002725	GWHPBPAQ003843, GWHPBPAQ021752	JLX024690.1, JLX155450.1
OG0002726	GWHPBPAQ003876	JLX155210.1, JLX157380.1, JLX157380.2
OG0002727	GWHPBPAQ003884	JLX155870.1, JLX155870.2, JLX155870.3
OG0002728	GWHPBPAQ003895	JLX156160.1, JLX156160.2, JLX156160.3
OG0002729	GWHPBPAQ003912, GWHPBPAQ007821	JLX157940.1, JLX157940.2
OG0002730	GWHPBPAQ003913, GWHPBPAQ019963, GWHPBPAQ021834	JLX021450.1
OG0002731	GWHPBPAQ003929, GWHPBPAQ021848	JLX023010.1, JLX156760.1
OG0002732	GWHPBPAQ003940	JLX155320.1, JLX155320.2, JLX155320.3
OG0002733	GWHPBPAQ003942, GWHPBPAQ021866	JLX156020.1, JLX156020.2
OG0002734	GWHPBPAQ003946	JLX158180.1, JLX158180.2, JLX158180.3
OG0002735	GWHPBPAQ003948, GWHPBPAQ020212, GWHPBPAQ020217	JLX146280.1
OG0002736	GWHPBPAQ003961, GWHPBPAQ012647, GWHPBPAQ012725, GWHPBPAQ012787	
OG0002737	GWHPBPAQ003971, GWHPBPAQ013119	JLX069050.1, JLX156110.1
OG0002738	GWHPBPAQ003984, GWHPBPAQ021905	JLX023270.1, JLX156090.1
OG0002739	GWHPBPAQ003994, GWHPBPAQ021916	JLX021300.1, JLX046820.1
OG0002740	GWHPBPAQ004012, GWHPBPAQ004013	JLX157470.1, JLX158070.1
OG0002741	GWHPBPAQ004014	JLX157630.1, JLX157630.2, JLX157630.3
OG0002742	GWHPBPAQ004022	JLX157360.1, JLX157360.2, JLX157360.3
OG0002743	GWHPBPAQ004023, GWHPBPAQ009886	JLX184990.1, JLX184990.2
OG0002744	GWHPBPAQ004028	JLX156910.1, JLX156910.2, JLX156910.3
OG0002745	GWHPBPAQ004037	JLX157280.1, JLX157280.2, JLX157280.3
OG0002746	GWHPBPAQ004040, GWHPBPAQ022825	JLX051350.1, JLX157870.1
OG0002747	GWHPBPAQ004050	JLX156000.1, JLX156000.2, JLX156000.3
OG0002748	GWHPBPAQ004072, GWHPBPAQ013603, GWHPBPAQ013633	JLX195780.1
OG0002749	GWHPBPAQ004084	JLX156220.1, JLX156220.2, JLX156220.3
OG0002750	GWHPBPAQ004088	JLX157330.1, JLX157330.2, JLX157330.3
OG0002751	GWHPBPAQ004094	JLX156140.1, JLX156140.2, JLX156140.3
OG0002752	GWHPBPAQ004113	JLX156230.1, JLX156230.2, JLX156230.3
OG0002753	GWHPBPAQ004121	JLX156960.1, JLX156960.2, JLX156960.3
OG0002754	GWHPBPAQ004123	JLX156250.1, JLX156250.2, JLX156250.3
OG0002755	GWHPBPAQ004128	JLX156870.1, JLX156870.2, JLX156870.3
OG0002756	GWHPBPAQ004130, GWHPBPAQ020880	JLX120860.1, JLX120860.2
OG0002757	GWHPBPAQ004131	JLX156420.1, JLX156420.2, JLX156420.3
OG0002758	GWHPBPAQ004132, GWHPBPAQ013054	JLX069010.1, JLX155510.1
OG0002759	GWHPBPAQ004169	JLX008580.1, JLX008580.2, JLX008580.3
OG0002760	GWHPBPAQ004172, GWHPBPAQ009629	JLX185870.1, JLX185870.2
OG0002761	GWHPBPAQ004173	JLX008550.1, JLX008550.2, JLX008550.3
OG0002762	GWHPBPAQ004177	JLX008530.1, JLX008530.2, JLX008530.3
OG0002763	GWHPBPAQ004178	JLX008620.1, JLX008620.2, JLX008620.3
OG0002764	GWHPBPAQ004188, GWHPBPAQ019176	JLX008840.1, JLX188100.1
OG0002765	GWHPBPAQ004197	JLX009850.1, JLX009850.2, JLX009850.3
OG0002766	GWHPBPAQ004212, GWHPBPAQ019155	JLX009300.1, JLX188130.1
OG0002767	GWHPBPAQ004216, GWHPBPAQ009684	JLX008810.1, JLX183380.1
OG0002768	GWHPBPAQ004227	JLX008910.1, JLX009590.1, JLX034190.1
OG0002769	GWHPBPAQ004233	JLX008880.1, JLX008880.2, JLX008880.3
OG0002770	GWHPBPAQ004245	JLX009210.1, JLX009210.2, JLX009210.3
OG0002771	GWHPBPAQ004280, GWHPBPAQ019029	JLX009500.1, JLX043820.1
OG0002772	GWHPBPAQ004306	JLX008770.1, JLX189190.1, JLX189290.1
OG0002773	GWHPBPAQ004310	JLX009150.1, JLX050440.1, JLX189920.1
OG0002774	GWHPBPAQ004312	JLX009050.1, JLX189610.1, JLX189610.2
OG0002775	GWHPBPAQ004318	JLX064900.1, JLX092580.1, JLX092580.2
OG0002776	GWHPBPAQ004324	JLX091590.1, JLX091590.2, JLX091590.3
OG0002777	GWHPBPAQ004325, GWHPBPAQ018440	JLX092930.1, JLX092930.2
OG0002778	GWHPBPAQ004326, GWHPBPAQ007790	JLX093210.1, JLX198930.1
OG0002779	GWHPBPAQ004348, GWHPBPAQ016410	JLX036820.1, JLX091280.1
OG0002780	GWHPBPAQ004352, GWHPBPAQ018473	JLX053060.1, JLX092650.1
OG0002781	GWHPBPAQ004353, GWHPBPAQ018474	JLX053870.1, JLX092910.1
OG0002782	GWHPBPAQ004357, GWHPBPAQ016566	JLX039800.1, JLX091490.1
OG0002783	GWHPBPAQ004359	JLX092130.1, JLX092130.2, JLX092130.3
OG0002784	GWHPBPAQ004361	JLX091420.1, JLX091420.2, JLX091420.3
OG0002785	GWHPBPAQ004366, GWHPBPAQ016593	JLX092950.1, JLX187730.1
OG0002786	GWHPBPAQ004378	JLX092820.1, JLX092820.2, JLX092820.3
OG0002787	GWHPBPAQ004381	JLX093230.1, JLX093230.2, JLX093230.3
OG0002788	GWHPBPAQ004385, GWHPBPAQ009873	JLX091900.1, JLX184880.1
OG0002789	GWHPBPAQ004401	JLX091720.1, JLX091720.2, JLX091720.3
OG0002790	GWHPBPAQ004435	JLX025630.1, JLX093030.1, JLX093030.2
OG0002791	GWHPBPAQ004439	JLX093180.1, JLX093180.2, JLX093180.3
OG0002792	GWHPBPAQ004453, GWHPBPAQ006294, GWHPBPAQ016360	JLX035980.1
OG0002793	GWHPBPAQ004456, GWHPBPAQ018499	JLX053280.1, JLX053280.2
OG0002794	GWHPBPAQ004483, GWHPBPAQ004487	JLX091070.1, JLX091110.1
OG0002795	GWHPBPAQ004488, GWHPBPAQ004490	JLX222600.1, JLX226900.1
OG0002796	GWHPBPAQ004510	JLX222960.1, JLX222960.2, JLX222960.3
OG0002797	GWHPBPAQ004512	JLX226970.1, JLX226970.2, JLX226970.3
OG0002798	GWHPBPAQ004525	JLX224670.1, JLX224670.2, JLX224670.3
OG0002799	GWHPBPAQ004526	JLX226080.1, JLX226080.2, JLX226080.3
OG0002800	GWHPBPAQ004532	JLX225660.1, JLX225660.2, JLX225660.3
OG0002801	GWHPBPAQ004541	JLX225410.1, JLX225410.2, JLX225410.3
OG0002802	GWHPBPAQ004548	JLX223810.1, JLX223810.2, JLX223810.3
OG0002803	GWHPBPAQ004550	JLX225390.1, JLX225390.2, JLX225390.3
OG0002804	GWHPBPAQ004562	JLX223290.1, JLX223290.2, JLX223290.3
OG0002805	GWHPBPAQ004566, GWHPBPAQ018704	JLX043930.1, JLX226540.1
OG0002806	GWHPBPAQ004574, GWHPBPAQ004575, GWHPBPAQ004576	JLX223520.1
OG0002807	GWHPBPAQ004591	JLX224580.1, JLX224580.2, JLX224580.3
OG0002808	GWHPBPAQ004600	JLX226820.1, JLX226820.2, JLX226820.3
OG0002809	GWHPBPAQ004610	JLX225060.1, JLX225060.2, JLX225060.3
OG0002810	GWHPBPAQ004675	JLX223400.1, JLX223400.2, JLX223400.3
OG0002811	GWHPBPAQ004677	JLX224380.1, JLX224380.2, JLX224380.3
OG0002812	GWHPBPAQ004678, GWHPBPAQ010841	JLX124600.1, JLX226130.1
OG0002813	GWHPBPAQ004692, GWHPBPAQ010832	JLX123300.1, JLX225440.1
OG0002814	GWHPBPAQ004693	JLX225150.1, JLX225150.2, JLX225150.3
OG0002815	GWHPBPAQ004701	JLX226720.1, JLX226720.2, JLX226720.3
OG0002816	GWHPBPAQ004718	JLX222510.1, JLX222510.2, JLX222510.3
OG0002817	GWHPBPAQ004728	JLX226450.1, JLX226450.2, JLX226450.3
OG0002818	GWHPBPAQ004735	JLX224080.1, JLX224080.2, JLX224080.3
OG0002819	GWHPBPAQ004751, GWHPBPAQ010783	JLX225690.1, JLX225690.2
OG0002820	GWHPBPAQ004768, GWHPBPAQ018971	JLX044540.1, JLX226120.1
OG0002821	GWHPBPAQ004784	JLX222920.1, JLX222920.2, JLX222920.3
OG0002822	GWHPBPAQ004814	JLX066350.1, JLX161540.1, JLX223120.1
OG0002823	GWHPBPAQ004821, GWHPBPAQ010728	JLX131790.1, JLX223980.1
OG0002824	GWHPBPAQ004830, GWHPBPAQ004831	JLX224980.1, JLX225350.1
OG0002825	GWHPBPAQ004853	JLX225680.1, JLX225680.2, JLX225680.3
OG0002826	GWHPBPAQ004854, GWHPBPAQ010686	JLX224400.1, JLX224400.2
OG0002827	GWHPBPAQ004866, GWHPBPAQ010667	JLX124670.1, JLX225990.1
OG0002828	GWHPBPAQ004867	JLX225080.1, JLX225080.2, JLX225080.3
OG0002829	GWHPBPAQ004896	JLX225760.1, JLX225760.2, JLX225760.3
OG0002830	GWHPBPAQ004902	JLX226110.1, JLX226110.2, JLX226110.3
OG0002831	GWHPBPAQ004903, GWHPBPAQ022253	JLX082520.1, JLX225790.1
OG0002832	GWHPBPAQ004919	JLX223770.1, JLX223770.2, JLX223770.3
OG0002833	GWHPBPAQ004921	JLX222990.1, JLX222990.2, JLX222990.3
OG0002834	GWHPBPAQ004926	JLX226240.1, JLX226240.2, JLX226240.3
OG0002835	GWHPBPAQ004938	JLX222300.1, JLX222300.2, JLX222300.3
OG0002836	GWHPBPAQ004945, GWHPBPAQ014408	JLX171370.1, JLX225250.1
OG0002837	GWHPBPAQ004952	JLX227040.1, JLX227040.2, JLX227040.3
OG0002838	GWHPBPAQ004960, GWHPBPAQ010490	JLX133450.1, JLX224620.1
OG0002839	GWHPBPAQ004974, GWHPBPAQ004976	JLX014900.1, JLX224310.1
OG0002840	GWHPBPAQ004987	JLX225780.1, JLX225780.2, JLX225780.3
OG0002841	GWHPBPAQ004990	JLX222900.1, JLX222900.2, JLX222900.3
OG0002842	GWHPBPAQ004991	JLX225700.1, JLX225700.2, JLX225700.3
OG0002843	GWHPBPAQ004997, GWHPBPAQ016601	JLX037380.1, JLX211660.1
OG0002844	GWHPBPAQ005022, GWHPBPAQ016156	JLX135830.1, JLX212710.1
OG0002845	GWHPBPAQ005035, GWHPBPAQ022652	JLX212740.1, JLX212740.2
OG0002846	GWHPBPAQ005043	JLX212610.1, JLX212610.2, JLX212610.3
OG0002847	GWHPBPAQ005051, GWHPBPAQ009296	JLX059880.1, JLX211560.1
OG0002848	GWHPBPAQ005052	JLX212340.1, JLX212340.2, JLX212340.3
OG0002849	GWHPBPAQ005053, GWHPBPAQ016124	JLX093260.1, JLX093260.2
OG0002850	GWHPBPAQ005056, GWHPBPAQ005057	JLX211620.1, JLX212650.1
OG0002851	GWHPBPAQ005068, GWHPBPAQ006049, GWHPBPAQ006050, GWHPBPAQ018366	
OG0002852	GWHPBPAQ005071, GWHPBPAQ005072, GWHPBPAQ015070	JLX115800.1
OG0002853	GWHPBPAQ005077, GWHPBPAQ015087	JLX000700.1, JLX109580.1
OG0002854	GWHPBPAQ005090	JLX211070.1, JLX211070.2, JLX211070.3
OG0002855	GWHPBPAQ005093, GWHPBPAQ008561, GWHPBPAQ012233	JLX212670.1
OG0002856	GWHPBPAQ005116, GWHPBPAQ015227	JLX109130.1, JLX212080.1
OG0002857	GWHPBPAQ005124, GWHPBPAQ015217, GWHPBPAQ015219	JLX212590.1
OG0002858	GWHPBPAQ005128, GWHPBPAQ015212	JLX114260.1, JLX212600.1
OG0002859	GWHPBPAQ005151	JLX212150.1, JLX212150.2, JLX212150.3
OG0002860	GWHPBPAQ005157	JLX211180.1, JLX211180.2, JLX211180.3
OG0002861	GWHPBPAQ005255, GWHPBPAQ005256	JLX065820.1, JLX066040.1
OG0002862	GWHPBPAQ005278	JLX065680.1, JLX094570.1, JLX205860.1
OG0002863	GWHPBPAQ005283, GWHPBPAQ005284, GWHPBPAQ013606	JLX065590.1
OG0002864	GWHPBPAQ005287	JLX065750.1, JLX065750.2, JLX065750.3
OG0002865	GWHPBPAQ005312, GWHPBPAQ016368	JLX036740.1, JLX038440.1
OG0002866	GWHPBPAQ005323	JLX038140.1, JLX038140.2, JLX038140.3
OG0002867	GWHPBPAQ005337, GWHPBPAQ021069	JLX067000.1, JLX140270.1
OG0002868	GWHPBPAQ005341	JLX038180.1, JLX038180.2, JLX038180.3
OG0002869	GWHPBPAQ005342, GWHPBPAQ005344, GWHPBPAQ008835	JLX037940.1
OG0002870	GWHPBPAQ005346	JLX036620.1, JLX036620.2, JLX036620.3
OG0002871	GWHPBPAQ005352, GWHPBPAQ016411	JLX037880.1, JLX038170.1
OG0002872	GWHPBPAQ005369, GWHPBPAQ008391	JLX010720.1, JLX089490.1
OG0002873	GWHPBPAQ005370	JLX064510.1, JLX089520.1, JLX187370.1
OG0002874	GWHPBPAQ005371	JLX063690.1, JLX089370.1, JLX187390.1
OG0002875	GWHPBPAQ005378, GWHPBPAQ005384, GWHPBPAQ005385	JLX048920.1
OG0002876	GWHPBPAQ005387, GWHPBPAQ005388	JLX048800.1, JLX208460.1
OG0002877	GWHPBPAQ005389	JLX209750.1, JLX209750.2, JLX209750.3
OG0002878	GWHPBPAQ005398	JLX011490.1, JLX209400.1, JLX209400.2
OG0002879	GWHPBPAQ005449, GWHPBPAQ016465	JLX039540.1, JLX209260.1
OG0002880	GWHPBPAQ005477, GWHPBPAQ016495, GWHPBPAQ016811	JLX219360.1
OG0002881	GWHPBPAQ005487	JLX208070.1, JLX208070.2, JLX208070.3
OG0002882	GWHPBPAQ005491, GWHPBPAQ005499	JLX208110.1, JLX208430.1
OG0002883	GWHPBPAQ005495	JLX209810.1, JLX209810.2, JLX209810.3
OG0002884	GWHPBPAQ005524, GWHPBPAQ005525	JLX208280.1, JLX209500.1
OG0002885	GWHPBPAQ005538, GWHPBPAQ021933	JLX023840.1, JLX208270.1
OG0002886	GWHPBPAQ005539	JLX209690.1, JLX209690.2, JLX209690.3
OG0002887	GWHPBPAQ005546, GWHPBPAQ005553, GWHPBPAQ005563	JLX209980.1
OG0002888	GWHPBPAQ005559, GWHPBPAQ019222	JLX092480.1, JLX211720.1
OG0002889	GWHPBPAQ005581, GWHPBPAQ005583, GWHPBPAQ005591	JLX208730.1
OG0002890	GWHPBPAQ005592	JLX054440.1, JLX054440.2, JLX054440.3
OG0002891	GWHPBPAQ005610	JLX029750.1, JLX029750.2, JLX029940.1
OG0002892	GWHPBPAQ005643, GWHPBPAQ006131, GWHPBPAQ020541	JLX140480.1
OG0002893	GWHPBPAQ005647	JLX029690.1, JLX164590.1, JLX190820.1
OG0002894	GWHPBPAQ005653, GWHPBPAQ005718, GWHPBPAQ021971	JLX190230.1
OG0002895	GWHPBPAQ005675	JLX190450.1, JLX190450.2, JLX190450.3
OG0002896	GWHPBPAQ005679, GWHPBPAQ005683	JLX190100.1, JLX191460.1
OG0002897	GWHPBPAQ005691, GWHPBPAQ016933	JLX190250.1, JLX221620.1
OG0002898	GWHPBPAQ005698, GWHPBPAQ005699	JLX190340.1, JLX191140.1
OG0002899	GWHPBPAQ005705, GWHPBPAQ007905, GWHPBPAQ018303, GWHPBPAQ019139	
OG0002900	GWHPBPAQ005707	JLX190550.1, JLX190550.2, JLX190550.3
OG0002901	GWHPBPAQ005708	JLX190130.1, JLX190130.3, JLX190130.4
OG0002902	GWHPBPAQ005722	JLX191300.1, JLX191300.2, JLX191300.3
OG0002903	GWHPBPAQ005757, GWHPBPAQ014819	JLX114990.1, JLX191670.1
OG0002904	GWHPBPAQ005762, GWHPBPAQ015275	JLX191620.1, JLX191620.2
OG0002905	GWHPBPAQ005767	JLX000600.1, JLX077240.1, JLX169670.1
OG0002906	GWHPBPAQ005789, GWHPBPAQ014921	JLX111990.1, JLX191240.1
OG0002907	GWHPBPAQ005792	JLX191470.1, JLX191470.2, JLX191470.3
OG0002908	GWHPBPAQ005795	JLX191080.1, JLX191080.2, JLX191080.3
OG0002909	GWHPBPAQ005804	JLX190900.1, JLX190900.2, JLX190900.3
OG0002910	GWHPBPAQ005821, GWHPBPAQ007806, GWHPBPAQ017965	JLX198850.1
OG0002911	GWHPBPAQ005822, GWHPBPAQ005828, GWHPBPAQ005829	JLX216200.1
OG0002912	GWHPBPAQ005864, GWHPBPAQ011670	JLX090580.1, JLX141450.1
OG0002913	GWHPBPAQ005905, GWHPBPAQ005906	JLX210140.1, JLX210220.1
OG0002914	GWHPBPAQ005907	JLX210170.1, JLX210170.2, JLX210170.3
OG0002915	GWHPBPAQ005918	JLX058570.1, JLX199320.1, JLX199320.2
OG0002916	GWHPBPAQ005944, GWHPBPAQ006344	JLX001090.1, JLX033620.1
OG0002917	GWHPBPAQ005950	JLX001120.1, JLX090680.1, JLX090680.2
OG0002918	GWHPBPAQ005959	JLX001850.1, JLX001850.2, JLX001850.3
OG0002919	GWHPBPAQ005960, GWHPBPAQ016666, GWHPBPAQ019578	JLX103260.1
OG0002920	GWHPBPAQ005977	JLX001130.1, JLX001570.1, JLX068540.1
OG0002921	GWHPBPAQ005988	JLX001320.1, JLX001320.2, JLX001320.3
OG0002922	GWHPBPAQ005994, GWHPBPAQ012394	JLX001930.1, JLX162020.1
OG0002923	GWHPBPAQ006030, GWHPBPAQ013115	JLX069500.1, JLX120480.1
OG0002924	GWHPBPAQ006055, GWHPBPAQ010394	JLX125940.1, JLX125940.2
OG0002925	GWHPBPAQ006058	JLX010410.1, JLX010410.2, JLX010410.3
OG0002926	GWHPBPAQ006061, GWHPBPAQ010386	JLX010390.1, JLX122620.1
OG0002927	GWHPBPAQ006076	JLX010050.1, JLX010050.2, JLX010050.3
OG0002928	GWHPBPAQ006103, GWHPBPAQ006104	JLX041750.1, JLX042150.1
OG0002929	GWHPBPAQ006108	JLX042050.1, JLX042050.2, JLX042050.3
OG0002930	GWHPBPAQ006118	JLX041660.1, JLX041660.2, JLX041660.3
OG0002931	GWHPBPAQ006162	JLX216740.1, JLX216740.2, JLX216740.3
OG0002932	GWHPBPAQ006192, GWHPBPAQ010308	JLX124640.1, JLX216890.1
OG0002933	GWHPBPAQ006199, GWHPBPAQ008502, GWHPBPAQ010294	JLX217000.1
OG0002934	GWHPBPAQ006221	JLX216910.1, JLX216910.2, JLX216910.3
OG0002935	GWHPBPAQ006274, GWHPBPAQ006275	JLX067950.1, JLX068420.1
OG0002936	GWHPBPAQ006281, GWHPBPAQ009940	JLX068480.1, JLX068480.2
OG0002937	GWHPBPAQ006287, GWHPBPAQ007544	JLX068510.1, JLX172690.1
OG0002938	GWHPBPAQ006297, GWHPBPAQ019253	JLX106080.1, JLX106080.2
OG0002939	GWHPBPAQ006313, GWHPBPAQ006314, GWHPBPAQ006320	JLX034710.1
OG0002940	GWHPBPAQ006361	JLX033250.1, JLX033250.2, JLX033250.3
OG0002941	GWHPBPAQ006364, GWHPBPAQ006365	JLX032990.1, JLX033660.1
OG0002942	GWHPBPAQ006382, GWHPBPAQ023138	JLX034040.1, JLX088670.1
OG0002943	GWHPBPAQ006387, GWHPBPAQ010198	JLX034740.1, JLX034740.2
OG0002944	GWHPBPAQ006400	JLX034850.1, JLX034850.2, JLX034850.3
OG0002945	GWHPBPAQ006404	JLX033680.1, JLX033680.2, JLX033680.3
OG0002946	GWHPBPAQ006406, GWHPBPAQ006407	JLX032240.1, JLX032240.3
OG0002947	GWHPBPAQ006453, GWHPBPAQ018107	JLX034530.1, JLX181720.1
OG0002948	GWHPBPAQ006465	JLX033100.1, JLX033100.2, JLX033100.3
OG0002949	GWHPBPAQ006473, GWHPBPAQ010545	JLX033420.1, JLX124260.1
OG0002950	GWHPBPAQ006480, GWHPBPAQ006481, GWHPBPAQ010551	JLX122730.1
OG0002951	GWHPBPAQ006491	JLX034130.1, JLX034130.2, JLX034130.3
OG0002952	GWHPBPAQ006494	JLX032370.1, JLX032370.2, JLX032370.3
OG0002953	GWHPBPAQ006501, GWHPBPAQ006502	JLX032690.1, JLX034810.1
OG0002954	GWHPBPAQ006506, GWHPBPAQ006531	JLX033390.1, JLX034550.1
OG0002955	GWHPBPAQ006511, GWHPBPAQ010572	JLX033360.1, JLX130460.1
OG0002956	GWHPBPAQ006513, GWHPBPAQ017154	JLX032190.1, JLX181100.1
OG0002957	GWHPBPAQ006522	JLX033720.1, JLX033720.2, JLX033720.3
OG0002958	GWHPBPAQ006523	JLX033070.1, JLX033070.2, JLX033070.3
OG0002959	GWHPBPAQ006539	JLX187290.1, JLX187290.2, JLX187290.3
OG0002960	GWHPBPAQ006551	JLX203470.1, JLX203470.2, JLX203470.3
OG0002961	GWHPBPAQ006553	JLX203650.1, JLX203650.2, JLX203650.3
OG0002962	GWHPBPAQ006568, GWHPBPAQ022741	JLX051990.1, JLX051990.2
OG0002963	GWHPBPAQ006569	JLX201910.1, JLX201910.2, JLX201910.3
OG0002964	GWHPBPAQ006574	JLX203230.1, JLX203230.2, JLX203230.3
OG0002965	GWHPBPAQ006589, GWHPBPAQ006590, GWHPBPAQ006591	JLX201980.1
OG0002966	GWHPBPAQ006605, GWHPBPAQ006606	JLX202350.1, JLX204840.1
OG0002967	GWHPBPAQ006615, GWHPBPAQ016501	JLX036910.1, JLX200160.1
OG0002968	GWHPBPAQ006622	JLX202250.1, JLX202250.2, JLX202250.3
OG0002969	GWHPBPAQ006625	JLX204090.1, JLX204090.2, JLX204090.3
OG0002970	GWHPBPAQ006636, GWHPBPAQ006637, GWHPBPAQ023289	JLX204870.1
OG0002971	GWHPBPAQ006644, GWHPBPAQ006645	JLX204380.1, JLX204740.1
OG0002972	GWHPBPAQ006649, GWHPBPAQ012086	JLX000220.1, JLX203020.1
OG0002973	GWHPBPAQ006654	JLX201280.1, JLX201280.2, JLX201280.3
OG0002974	GWHPBPAQ006673, GWHPBPAQ020241	JLX147180.1, JLX203850.1
OG0002975	GWHPBPAQ006695, GWHPBPAQ006696	JLX203700.1, JLX204890.1
OG0002976	GWHPBPAQ006704, GWHPBPAQ020262	JLX146710.1, JLX146710.2
OG0002977	GWHPBPAQ006709, GWHPBPAQ006713	JLX202160.1, JLX202530.1
OG0002978	GWHPBPAQ006733	JLX043480.1, JLX200800.1, JLX204340.1
OG0002979	GWHPBPAQ006758, GWHPBPAQ006761	JLX203070.1, JLX204210.1
OG0002980	GWHPBPAQ006791, GWHPBPAQ006792, GWHPBPAQ013642	JLX194710.1
OG0002981	GWHPBPAQ006810	JLX202880.4, JLX202880.5, JLX202880.6
OG0002982	GWHPBPAQ006822, GWHPBPAQ022479	JLX094830.1, JLX203340.1
OG0002983	GWHPBPAQ006833, GWHPBPAQ007145, GWHPBPAQ022124	JLX026710.1
OG0002984	GWHPBPAQ006834	JLX035920.1, JLX202340.1, JLX202340.2
OG0002985	GWHPBPAQ006837, GWHPBPAQ022131	JLX020110.1, JLX202200.1
OG0002986	GWHPBPAQ006841	JLX022260.1, JLX066790.1, JLX200440.1
OG0002987	GWHPBPAQ006856, GWHPBPAQ013088	JLX068790.1, JLX203270.1
OG0002988	GWHPBPAQ006873	JLX201490.1, JLX201490.2, JLX201490.3
OG0002989	GWHPBPAQ006889, GWHPBPAQ012608	JLX159020.1, JLX159020.2
OG0002990	GWHPBPAQ006892	JLX203690.1, JLX203690.2, JLX203690.3
OG0002991	GWHPBPAQ006937, GWHPBPAQ006938	JLX200340.1, JLX201730.1
OG0002992	GWHPBPAQ006966	JLX201150.1, JLX201150.2, JLX201150.3
OG0002993	GWHPBPAQ006967	JLX204350.1, JLX204350.2, JLX204350.3
OG0002994	GWHPBPAQ006978, GWHPBPAQ013170, GWHPBPAQ020340, GWHPBPAQ021749	
OG0002995	GWHPBPAQ006999	JLX204900.1, JLX204900.2, JLX204900.3
OG0002996	GWHPBPAQ007005, GWHPBPAQ018865	JLX043530.1, JLX204710.1
OG0002997	GWHPBPAQ007013	JLX201020.1, JLX201020.2, JLX201020.3
OG0002998	GWHPBPAQ007017, GWHPBPAQ023011	JLX088870.1, JLX088870.2
OG0002999	GWHPBPAQ007033, GWHPBPAQ007034	JLX204070.1, JLX204920.1
OG0003000	GWHPBPAQ007043	JLX203420.1, JLX203420.2, JLX203420.3
OG0003001	GWHPBPAQ007044, GWHPBPAQ007046	JLX202570.1, JLX203590.1
OG0003002	GWHPBPAQ007052, GWHPBPAQ007060	JLX201500.1, JLX204010.1
OG0003003	GWHPBPAQ007068, GWHPBPAQ007069	JLX203110.1, JLX204230.1
OG0003004	GWHPBPAQ007095	JLX204760.1, JLX204760.2, JLX204760.3
OG0003005	GWHPBPAQ007105	JLX027210.1, JLX027210.2, JLX201420.1
OG0003006	GWHPBPAQ007129	JLX027120.1, JLX027120.2, JLX027120.3
OG0003007	GWHPBPAQ007137	JLX025260.1, JLX025260.2, JLX025260.3
OG0003008	GWHPBPAQ007139	JLX026870.1, JLX026870.2, JLX026870.3
OG0003009	GWHPBPAQ007157	JLX027130.1, JLX027130.2, JLX027130.3
OG0003010	GWHPBPAQ007173	JLX026590.1, JLX026590.2, JLX026590.3
OG0003011	GWHPBPAQ007179	JLX026480.1, JLX026480.2, JLX026480.3
OG0003012	GWHPBPAQ007190, GWHPBPAQ014021	JLX027080.1, JLX192490.1
OG0003013	GWHPBPAQ007197, GWHPBPAQ013787	JLX025780.1, JLX195100.1
OG0003014	GWHPBPAQ007210	JLX026670.1, JLX026670.2, JLX026670.3
OG0003015	GWHPBPAQ007217, GWHPBPAQ007263, GWHPBPAQ009177, GWHPBPAQ015898	
OG0003016	GWHPBPAQ007249, GWHPBPAQ015925	JLX024930.1, JLX227470.1
OG0003017	GWHPBPAQ007254, GWHPBPAQ007998, GWHPBPAQ009501	JLX062990.1
OG0003018	GWHPBPAQ007283	JLX025540.1, JLX025540.2, JLX025540.3
OG0003019	GWHPBPAQ007286, GWHPBPAQ009206	JLX026250.1, JLX062520.1
OG0003020	GWHPBPAQ007289	JLX024990.1, JLX024990.2, JLX024990.3
OG0003021	GWHPBPAQ007292, GWHPBPAQ007293, GWHPBPAQ007294, GWHPBPAQ020603	
OG0003022	GWHPBPAQ007308	JLX026320.1, JLX061330.1, JLX061330.2
OG0003023	GWHPBPAQ007316, GWHPBPAQ019332	JLX027160.1, JLX105040.1
OG0003024	GWHPBPAQ007347, GWHPBPAQ007407	JLX026240.1, JLX055050.1
OG0003025	GWHPBPAQ007351	JLX027200.1, JLX027200.2, JLX027200.3
OG0003026	GWHPBPAQ007357, GWHPBPAQ018144, GWHPBPAQ020010	JLX025710.1
OG0003027	GWHPBPAQ007359, GWHPBPAQ018121	JLX150070.1, JLX176260.1
OG0003028	GWHPBPAQ007369	JLX093050.1, JLX144430.1, JLX144430.2
OG0003029	GWHPBPAQ007370	JLX143410.1, JLX143410.2, JLX143410.3
OG0003030	GWHPBPAQ007412, GWHPBPAQ007413	JLX143330.1, JLX144480.1
OG0003031	GWHPBPAQ007445, GWHPBPAQ007446	JLX144730.1, JLX144730.2
OG0003032	GWHPBPAQ007450	JLX142950.1, JLX142950.2, JLX155170.1
OG0003033	GWHPBPAQ007460	JLX142520.1, JLX142520.2, JLX142520.3
OG0003034	GWHPBPAQ007464	JLX143650.1, JLX143650.2, JLX143650.3
OG0003035	GWHPBPAQ007466	JLX144690.1, JLX144690.2, JLX144690.3
OG0003036	GWHPBPAQ007501	JLX142770.1, JLX142800.1, JLX143880.1
OG0003037	GWHPBPAQ007510, GWHPBPAQ007512	JLX143670.1, JLX143740.1
OG0003038	GWHPBPAQ007513, GWHPBPAQ015304	JLX112010.1, JLX142920.1
OG0003039	GWHPBPAQ007554, GWHPBPAQ007557, GWHPBPAQ007558	JLX142630.1
OG0003040	GWHPBPAQ007556	JLX143070.1, JLX143070.2, JLX143070.3
OG0003041	GWHPBPAQ007579	JLX143900.1, JLX143900.2, JLX143900.3
OG0003042	GWHPBPAQ007588	JLX144820.1, JLX144820.2, JLX144820.3
OG0003043	GWHPBPAQ007612, GWHPBPAQ023399	JLX144450.1, JLX216140.1
OG0003044	GWHPBPAQ007613, GWHPBPAQ016234, GWHPBPAQ022045	JLX022430.1
OG0003045	GWHPBPAQ007644, GWHPBPAQ017801, GWHPBPAQ017876, GWHPBPAQ020644	
OG0003046	GWHPBPAQ007654, GWHPBPAQ009091, GWHPBPAQ015853	JLX063930.1
OG0003047	GWHPBPAQ007656, GWHPBPAQ009089, GWHPBPAQ015850	JLX107860.1
OG0003048	GWHPBPAQ007663, GWHPBPAQ009085	JLX027690.1, JLX059410.1
OG0003049	GWHPBPAQ007696, GWHPBPAQ013427	JLX230280.1, JLX230280.2
OG0003050	GWHPBPAQ007700, GWHPBPAQ007702, GWHPBPAQ023477	JLX230140.1
OG0003051	GWHPBPAQ007703, GWHPBPAQ022695	JLX165850.1, JLX229910.1
OG0003052	GWHPBPAQ007730	JLX229940.1, JLX229940.2, JLX229940.3
OG0003053	GWHPBPAQ007755	JLX198750.1, JLX198750.2, JLX198750.3
OG0003054	GWHPBPAQ007762, GWHPBPAQ008972	JLX058990.1, JLX198650.1
OG0003055	GWHPBPAQ007773, GWHPBPAQ007774	JLX197780.1, JLX198590.1
OG0003056	GWHPBPAQ007801, GWHPBPAQ008939, GWHPBPAQ015665	JLX063720.1
OG0003057	GWHPBPAQ007803, GWHPBPAQ020093, GWHPBPAQ022232	JLX147110.1
OG0003058	GWHPBPAQ007819	JLX197690.1, JLX197690.2, JLX197690.3
OG0003059	GWHPBPAQ007826	JLX197500.1, JLX197500.2, JLX197500.3
OG0003060	GWHPBPAQ007840	JLX197510.1, JLX197510.2, JLX197510.3
OG0003061	GWHPBPAQ007847, GWHPBPAQ011439, GWHPBPAQ020700	JLX137590.1
OG0003062	GWHPBPAQ007855	JLX197990.1, JLX197990.2, JLX197990.3
OG0003063	GWHPBPAQ007877, GWHPBPAQ022784	JLX051290.1, JLX051290.2
OG0003064	GWHPBPAQ007894, GWHPBPAQ007895	JLX198070.1, JLX199110.1
OG0003065	GWHPBPAQ007911, GWHPBPAQ009434	JLX061220.1, JLX061220.2
OG0003066	GWHPBPAQ007918, GWHPBPAQ017380	JLX179120.1, JLX179120.2
OG0003067	GWHPBPAQ007931, GWHPBPAQ009448	JLX032100.1, JLX060950.1
OG0003068	GWHPBPAQ007932	JLX030860.1, JLX030860.2, JLX030860.3
OG0003069	GWHPBPAQ007933, GWHPBPAQ009451	JLX031790.1, JLX063460.1
OG0003070	GWHPBPAQ007959, GWHPBPAQ007960	JLX031450.1, JLX031950.1
OG0003071	GWHPBPAQ007981	JLX030800.1, JLX030800.2, JLX030800.3
OG0003072	GWHPBPAQ007987	JLX031300.1, JLX031300.2, JLX031300.3
OG0003073	GWHPBPAQ008006, GWHPBPAQ009186	JLX030930.1, JLX062340.1
OG0003074	GWHPBPAQ008017, GWHPBPAQ008020	JLX031610.1, JLX032040.1
OG0003075	GWHPBPAQ008041, GWHPBPAQ009511, GWHPBPAQ015385	JLX063890.1
OG0003076	GWHPBPAQ008044	JLX031800.1, JLX031800.2, JLX031800.3
OG0003077	GWHPBPAQ008049, GWHPBPAQ015375	JLX031260.1, JLX117210.1
OG0003078	GWHPBPAQ008052, GWHPBPAQ008053	JLX030290.1, JLX031070.1
OG0003079	GWHPBPAQ008054, GWHPBPAQ008055	JLX030150.1, JLX030190.1
OG0003080	GWHPBPAQ008064, GWHPBPAQ009531	JLX031440.1, JLX031440.2
OG0003081	GWHPBPAQ008070	JLX031530.1, JLX031530.2, JLX031530.3
OG0003082	GWHPBPAQ008076	JLX031650.1, JLX031650.2, JLX031650.3
OG0003083	GWHPBPAQ008080	JLX031200.1, JLX031200.2, JLX031200.3
OG0003084	GWHPBPAQ008101, GWHPBPAQ020602	JLX031270.1, JLX031270.2
OG0003085	GWHPBPAQ008108	JLX031520.1, JLX031520.2, JLX031520.3
OG0003086	GWHPBPAQ008114	JLX030420.1, JLX030420.2, JLX030420.3
OG0003087	GWHPBPAQ008142	JLX154530.1, JLX154530.2, JLX154530.3
OG0003088	GWHPBPAQ008154, GWHPBPAQ008556	JLX153080.1, JLX153080.2
OG0003089	GWHPBPAQ008178	JLX153160.1, JLX153160.2, JLX153160.3
OG0003090	GWHPBPAQ008183, GWHPBPAQ008184	JLX129310.1, JLX153640.1
OG0003091	GWHPBPAQ008197	JLX154070.1, JLX154070.2, JLX154070.3
OG0003092	GWHPBPAQ008209	JLX154940.1, JLX154940.2, JLX154940.3
OG0003093	GWHPBPAQ008220	JLX153810.1, JLX153810.2, JLX153810.3
OG0003094	GWHPBPAQ008239, GWHPBPAQ008240	JLX153700.1, JLX154660.1
OG0003095	GWHPBPAQ008243	JLX153670.1, JLX153670.2, JLX153670.3
OG0003096	GWHPBPAQ008279, GWHPBPAQ015662, GWHPBPAQ015663	JLX114160.1
OG0003097	GWHPBPAQ008281, GWHPBPAQ008282	JLX154570.1, JLX154700.1
OG0003098	GWHPBPAQ008287, GWHPBPAQ008414	JLX153470.1, JLX154130.1
OG0003099	GWHPBPAQ008289	JLX153420.1, JLX153420.2, JLX153420.3
OG0003100	GWHPBPAQ008306	JLX154390.1, JLX154390.2, JLX154390.3
OG0003101	GWHPBPAQ008323	JLX153710.1, JLX153710.2, JLX153710.3
OG0003102	GWHPBPAQ008328, GWHPBPAQ008330, GWHPBPAQ022768	JLX154600.1
OG0003103	GWHPBPAQ008337	JLX153340.1, JLX153340.2, JLX153340.3
OG0003104	GWHPBPAQ008392, GWHPBPAQ015993	JLX010480.1, JLX218580.1
OG0003105	GWHPBPAQ008393	JLX013180.1, JLX013180.2, JLX013180.3
OG0003106	GWHPBPAQ008394, GWHPBPAQ008395	JLX010980.1, JLX011550.1
OG0003107	GWHPBPAQ008419, GWHPBPAQ019652	JLX013430.1, JLX103640.1
OG0003108	GWHPBPAQ008431, GWHPBPAQ018467	JLX014220.1, JLX053420.1
OG0003109	GWHPBPAQ008443, GWHPBPAQ011634, GWHPBPAQ019642	JLX014950.1
OG0003110	GWHPBPAQ008444	JLX014290.1, JLX014290.2, JLX014290.3
OG0003111	GWHPBPAQ008447, GWHPBPAQ008448	JLX015650.1, JLX015650.2
OG0003112	GWHPBPAQ008491	JLX014610.1, JLX014610.2, JLX014610.3
OG0003113	GWHPBPAQ008505, GWHPBPAQ019599	JLX015000.1, JLX102890.1
OG0003114	GWHPBPAQ008544	JLX012610.1, JLX012610.2, JLX012610.3
OG0003115	GWHPBPAQ008550	JLX000150.1, JLX000240.1, JLX010590.1
OG0003116	GWHPBPAQ008570, GWHPBPAQ012597	JLX010800.1, JLX010800.2
OG0003117	GWHPBPAQ008571	JLX011520.1, JLX011520.2, JLX011520.3
OG0003118	GWHPBPAQ008588, GWHPBPAQ016011, GWHPBPAQ019892	JLX103110.1
OG0003119	GWHPBPAQ008598	JLX013480.1, JLX013480.2, JLX013480.3
OG0003120	GWHPBPAQ008606	JLX012530.1, JLX012530.2, JLX012530.3
OG0003121	GWHPBPAQ008607, GWHPBPAQ008677	JLX010860.1, JLX015070.1
OG0003122	GWHPBPAQ008616	JLX011910.1, JLX217310.1, JLX217490.1
OG0003123	GWHPBPAQ008645, GWHPBPAQ008647	JLX012020.1, JLX012020.2
OG0003124	GWHPBPAQ008646, GWHPBPAQ008648, GWHPBPAQ008651	JLX013560.1
OG0003125	GWHPBPAQ008652, GWHPBPAQ008653	JLX012460.1, JLX013370.1
OG0003126	GWHPBPAQ008661	JLX012170.1, JLX012170.2, JLX012170.3
OG0003127	GWHPBPAQ008681	JLX013920.1, JLX013920.2, JLX013920.3
OG0003128	GWHPBPAQ008691	JLX014800.1, JLX035970.1, JLX036770.1
OG0003129	GWHPBPAQ008705	JLX013030.1, JLX013030.2, JLX013030.3
OG0003130	GWHPBPAQ008713	JLX014000.1, JLX014000.2, JLX014000.3
OG0003131	GWHPBPAQ008731, GWHPBPAQ009082	JLX012340.1, JLX012340.2
OG0003132	GWHPBPAQ008737	JLX011870.1, JLX011870.2, JLX011870.3
OG0003133	GWHPBPAQ008752, GWHPBPAQ018814	JLX042830.1, JLX046020.1
OG0003134	GWHPBPAQ008758, GWHPBPAQ008759	JLX011530.1, JLX014500.1
OG0003135	GWHPBPAQ008778, GWHPBPAQ017896	JLX010650.1, JLX178270.1
OG0003136	GWHPBPAQ008783	JLX010790.1, JLX010790.2, JLX010790.3
OG0003137	GWHPBPAQ008799	JLX014820.1, JLX014820.2, JLX028880.1
OG0003138	GWHPBPAQ008820	JLX011190.1, JLX011190.2, JLX011190.3
OG0003139	GWHPBPAQ008833	JLX013650.1, JLX013650.2, JLX013650.3
OG0003140	GWHPBPAQ008851	JLX012700.1, JLX012700.2, JLX012700.3
OG0003141	GWHPBPAQ008853	JLX011510.1, JLX011510.2, JLX011510.3
OG0003142	GWHPBPAQ008877	JLX012840.1, JLX012840.2, JLX012840.3
OG0003143	GWHPBPAQ008883, GWHPBPAQ015591	JLX107710.1, JLX164770.1
OG0003144	GWHPBPAQ008885, GWHPBPAQ015590	JLX010830.1, JLX010830.2
OG0003145	GWHPBPAQ008894, GWHPBPAQ015613	JLX011900.1, JLX111490.1
OG0003146	GWHPBPAQ008908, GWHPBPAQ011188	JLX015860.1, JLX132410.1
OG0003147	GWHPBPAQ008941	JLX059720.1, JLX059720.2, JLX059720.3
OG0003148	GWHPBPAQ008971	JLX058520.1, JLX058520.2, JLX058520.3
OG0003149	GWHPBPAQ008976, GWHPBPAQ017384	JLX063520.1, JLX180330.1
OG0003150	GWHPBPAQ008980	JLX063240.1, JLX063240.2, JLX063240.3
OG0003151	GWHPBPAQ008994	JLX060850.1, JLX060850.2, JLX060850.3
OG0003152	GWHPBPAQ009015, GWHPBPAQ015769	JLX064440.1, JLX112800.1
OG0003153	GWHPBPAQ009059, GWHPBPAQ009070, GWHPBPAQ015800	JLX062950.1
OG0003154	GWHPBPAQ009098	JLX060630.1, JLX060630.2, JLX060630.3
OG0003155	GWHPBPAQ009100	JLX063940.1, JLX063940.2, JLX063940.3
OG0003156	GWHPBPAQ009109	JLX060440.1, JLX060440.2, JLX060440.3
OG0003157	GWHPBPAQ009137	JLX064500.1, JLX064500.2, JLX064500.3
OG0003158	GWHPBPAQ009142	JLX063150.1, JLX063150.2, JLX063150.3
OG0003159	GWHPBPAQ009145, GWHPBPAQ009146, GWHPBPAQ015904	JLX227810.1
OG0003160	GWHPBPAQ009157	JLX064430.1, JLX064430.2, JLX064430.3
OG0003161	GWHPBPAQ009161	JLX059530.1, JLX059530.2, JLX059530.3
OG0003162	GWHPBPAQ009189	JLX062740.1, JLX062740.2, JLX062740.3
OG0003163	GWHPBPAQ009216	JLX059980.1, JLX059980.2, JLX059980.3
OG0003164	GWHPBPAQ009253	JLX061290.1, JLX061290.2, JLX061290.3
OG0003165	GWHPBPAQ009279	JLX061650.1, JLX061650.2, JLX061650.3
OG0003166	GWHPBPAQ009284, GWHPBPAQ019577, GWHPBPAQ022697	JLX059810.1
OG0003167	GWHPBPAQ009344	JLX060190.1, JLX060190.2, JLX060190.3
OG0003168	GWHPBPAQ009345	JLX062610.1, JLX062610.2, JLX062610.3
OG0003169	GWHPBPAQ009347, GWHPBPAQ017902	JLX060860.1, JLX179630.1
OG0003170	GWHPBPAQ009349, GWHPBPAQ013311	JLX078550.1, JLX078550.2
OG0003171	GWHPBPAQ009352, GWHPBPAQ020024	JLX058650.1, JLX147850.1
OG0003172	GWHPBPAQ009358	JLX062650.1, JLX062650.2, JLX062650.3
OG0003173	GWHPBPAQ009380	JLX061920.1, JLX061920.2, JLX061920.3
OG0003174	GWHPBPAQ009386, GWHPBPAQ013637, GWHPBPAQ020955	JLX192570.1
OG0003175	GWHPBPAQ009393	JLX059250.1, JLX059250.2, JLX059250.3
OG0003176	GWHPBPAQ009410, GWHPBPAQ009411	JLX058720.1, JLX060110.1
OG0003177	GWHPBPAQ009412	JLX058750.1, JLX058750.2, JLX058750.3
OG0003178	GWHPBPAQ009427	JLX059380.1, JLX059380.2, JLX059380.3
OG0003179	GWHPBPAQ009436	JLX058390.1, JLX058390.2, JLX058390.3
OG0003180	GWHPBPAQ009461	JLX059520.1, JLX059520.2, JLX059520.3
OG0003181	GWHPBPAQ009463, GWHPBPAQ015462	JLX060300.1, JLX109100.1
OG0003182	GWHPBPAQ009469	JLX061590.1, JLX061590.2, JLX061590.3
OG0003183	GWHPBPAQ009471	JLX059540.1, JLX059540.2, JLX059540.3
OG0003184	GWHPBPAQ009481	JLX060060.1, JLX060060.2, JLX060060.3
OG0003185	GWHPBPAQ009485	JLX061040.1, JLX061040.2, JLX061040.3
OG0003186	GWHPBPAQ009512	JLX063060.1, JLX063060.2, JLX063060.3
OG0003187	GWHPBPAQ009529	JLX058860.1, JLX058860.2, JLX058860.3
OG0003188	GWHPBPAQ009546	JLX064380.1, JLX064380.2, JLX064380.3
OG0003189	GWHPBPAQ009551	JLX063070.1, JLX063070.2, JLX063070.3
OG0003190	GWHPBPAQ009553	JLX058530.1, JLX058530.2, JLX058530.3
OG0003191	GWHPBPAQ009584, GWHPBPAQ012196, GWHPBPAQ012198	JLX163170.1
OG0003192	GWHPBPAQ009585	JLX186630.1, JLX186630.2, JLX186630.3
OG0003193	GWHPBPAQ009587, GWHPBPAQ020270	JLX145940.1, JLX183530.1
OG0003194	GWHPBPAQ009603, GWHPBPAQ018647, GWHPBPAQ019213	JLX098940.1
OG0003195	GWHPBPAQ009620	JLX183740.1, JLX183740.2, JLX183740.3
OG0003196	GWHPBPAQ009627	JLX183950.1, JLX183950.2, JLX183950.3
OG0003197	GWHPBPAQ009632	JLX185500.1, JLX185500.2, JLX185500.3
OG0003198	GWHPBPAQ009635, GWHPBPAQ019188	JLX186340.1, JLX187570.1
OG0003199	GWHPBPAQ009654	JLX183630.1, JLX183630.2, JLX183630.3
OG0003200	GWHPBPAQ009667, GWHPBPAQ018769	JLX044210.1, JLX185910.1
OG0003201	GWHPBPAQ009668, GWHPBPAQ013250, GWHPBPAQ013251	JLX078930.1
OG0003202	GWHPBPAQ009672	JLX185090.1, JLX185090.2, JLX185090.3
OG0003203	GWHPBPAQ009708	JLX184330.1, JLX184330.2, JLX184330.3
OG0003204	GWHPBPAQ009710	JLX185590.1, JLX185590.2, JLX185590.3
OG0003205	GWHPBPAQ009711	JLX183700.1, JLX183700.2, JLX183700.3
OG0003206	GWHPBPAQ009719	JLX093670.1, JLX183770.1, JLX183770.2
OG0003207	GWHPBPAQ009738	JLX185960.1, JLX185960.2, JLX185960.3
OG0003208	GWHPBPAQ009743	JLX186290.1, JLX186290.2, JLX186290.3
OG0003209	GWHPBPAQ009747, GWHPBPAQ010263, GWHPBPAQ021731	JLX128030.1
OG0003210	GWHPBPAQ009754, GWHPBPAQ009755	JLX186670.1, JLX186670.2
OG0003211	GWHPBPAQ009768, GWHPBPAQ019030	JLX044110.1, JLX184570.1
OG0003212	GWHPBPAQ009801	JLX184410.1, JLX184410.2, JLX184410.3
OG0003213	GWHPBPAQ009803	JLX186390.1, JLX186390.2, JLX186390.3
OG0003214	GWHPBPAQ009807, GWHPBPAQ022618	JLX095290.1, JLX184700.1
OG0003215	GWHPBPAQ009818	JLX185700.1, JLX185700.2, JLX185700.3
OG0003216	GWHPBPAQ009843	JLX183920.1, JLX183920.2, JLX183920.3
OG0003217	GWHPBPAQ009851, GWHPBPAQ018493	JLX053690.1, JLX184840.1
OG0003218	GWHPBPAQ009883	JLX185260.1, JLX185260.2, JLX185260.3
OG0003219	GWHPBPAQ009884	JLX184120.1, JLX184120.2, JLX184120.3
OG0003220	GWHPBPAQ009906	JLX184100.1, JLX184100.2, JLX184100.3
OG0003221	GWHPBPAQ009912, GWHPBPAQ018554	JLX097550.1, JLX184850.1
OG0003222	GWHPBPAQ009915	JLX185610.1, JLX185610.2, JLX185610.3
OG0003223	GWHPBPAQ009922	JLX186380.1, JLX186380.2, JLX186380.3
OG0003224	GWHPBPAQ009926	JLX183440.1, JLX183440.2, JLX183440.3
OG0003225	GWHPBPAQ009973	JLX126730.1, JLX126730.2, JLX126730.3
OG0003226	GWHPBPAQ010000	JLX122910.1, JLX122910.2, JLX184620.1
OG0003227	GWHPBPAQ010005	JLX132050.1, JLX132050.2, JLX132050.3
OG0003228	GWHPBPAQ010015	JLX126820.1, JLX126820.2, JLX126820.3
OG0003229	GWHPBPAQ010017	JLX134740.1, JLX134740.2, JLX134740.3
OG0003230	GWHPBPAQ010019	JLX044460.1, JLX045490.1, JLX123580.1
OG0003231	GWHPBPAQ010038	JLX130630.1, JLX130630.2, JLX130630.3
OG0003232	GWHPBPAQ010048	JLX132830.1, JLX132830.2, JLX132830.3
OG0003233	GWHPBPAQ010049, GWHPBPAQ018749	JLX042790.1, JLX127350.1
OG0003234	GWHPBPAQ010058	JLX122790.1, JLX175720.1, JLX209840.1
OG0003235	GWHPBPAQ010088	JLX131470.1, JLX131470.2, JLX131470.3
OG0003236	GWHPBPAQ010090, GWHPBPAQ021132	JLX067120.1, JLX067120.2
OG0003237	GWHPBPAQ010114	JLX122800.1, JLX122800.2, JLX122800.3
OG0003238	GWHPBPAQ010128	JLX134800.1, JLX134800.2, JLX232680.1
OG0003239	GWHPBPAQ010140	JLX128290.1, JLX128290.2, JLX128290.3
OG0003240	GWHPBPAQ010150	JLX123030.1, JLX123030.2, JLX123030.3
OG0003241	GWHPBPAQ010201	JLX126990.1, JLX126990.2, JLX126990.3
OG0003242	GWHPBPAQ010225, GWHPBPAQ023045	JLX087810.1, JLX124480.1
OG0003243	GWHPBPAQ010228	JLX125030.1, JLX125030.2, JLX125030.3
OG0003244	GWHPBPAQ010231	JLX125570.1, JLX125570.2, JLX125570.3
OG0003245	GWHPBPAQ010233	JLX124610.1, JLX124610.2, JLX124610.3
OG0003246	GWHPBPAQ010237, GWHPBPAQ010238	JLX122610.1, JLX129930.1
OG0003247	GWHPBPAQ010252, GWHPBPAQ011514	JLX042250.1, JLX129450.1
OG0003248	GWHPBPAQ010268	JLX129640.1, JLX129640.2, JLX129640.3
OG0003249	GWHPBPAQ010309	JLX131940.1, JLX131940.2, JLX131940.3
OG0003250	GWHPBPAQ010310	JLX125250.1, JLX125250.2, JLX125250.3
OG0003251	GWHPBPAQ010329, GWHPBPAQ011618, GWHPBPAQ018763	JLX124470.1
OG0003252	GWHPBPAQ010339	JLX128850.1, JLX128850.2, JLX128850.3
OG0003253	GWHPBPAQ010340	JLX128650.1, JLX128650.2, JLX128650.3
OG0003254	GWHPBPAQ010343	JLX133880.1, JLX133880.2, JLX133880.3
OG0003255	GWHPBPAQ010346	JLX133430.1, JLX133430.2, JLX133430.3
OG0003256	GWHPBPAQ010366	JLX133800.1, JLX133800.2, JLX133800.3
OG0003257	GWHPBPAQ010372	JLX129980.1, JLX129980.2, JLX129980.3
OG0003258	GWHPBPAQ010375	JLX128080.1, JLX128080.2, JLX128080.3
OG0003259	GWHPBPAQ010378, GWHPBPAQ010379	JLX125340.1, JLX133470.1
OG0003260	GWHPBPAQ010391, GWHPBPAQ010392	JLX130900.1, JLX133280.1
OG0003261	GWHPBPAQ010393	JLX133100.1, JLX133100.2, JLX133100.3
OG0003262	GWHPBPAQ010401	JLX123760.1, JLX123760.2, JLX123760.3
OG0003263	GWHPBPAQ010413	JLX131670.1, JLX131670.2, JLX131670.3
OG0003264	GWHPBPAQ010422	JLX134530.1, JLX134530.2, JLX134530.3
OG0003265	GWHPBPAQ010451	JLX131360.1, JLX131360.2, JLX131360.3
OG0003266	GWHPBPAQ010463	JLX127500.1, JLX127500.2, JLX127500.3
OG0003267	GWHPBPAQ010485	JLX128540.1, JLX128540.2, JLX128540.3
OG0003268	GWHPBPAQ010487	JLX126640.1, JLX126640.2, JLX126640.3
OG0003269	GWHPBPAQ010500	JLX135250.1, JLX135250.2, JLX135250.3
OG0003270	GWHPBPAQ010507	JLX124930.1, JLX124930.2, JLX124930.3
OG0003271	GWHPBPAQ010531	JLX123590.1, JLX123590.2, JLX123590.3
OG0003272	GWHPBPAQ010532, GWHPBPAQ011661	JLX133950.1, JLX141300.1
OG0003273	GWHPBPAQ010538	JLX128900.1, JLX128900.2, JLX128900.3
OG0003274	GWHPBPAQ010546	JLX127600.1, JLX127600.2, JLX127600.3
OG0003275	GWHPBPAQ010558, GWHPBPAQ018190	JLX058070.1, JLX128510.1
OG0003276	GWHPBPAQ010567, GWHPBPAQ010569	JLX130120.1, JLX130120.2
OG0003277	GWHPBPAQ010594	JLX123310.1, JLX123310.2, JLX123310.3
OG0003278	GWHPBPAQ010596	JLX129170.1, JLX129170.2, JLX129170.3
OG0003279	GWHPBPAQ010604, GWHPBPAQ010605	JLX127870.1, JLX135370.1
OG0003280	GWHPBPAQ010607	JLX125470.1, JLX125470.2, JLX125470.3
OG0003281	GWHPBPAQ010615, GWHPBPAQ014749, GWHPBPAQ021485	JLX117020.1
OG0003282	GWHPBPAQ010627	JLX133760.1, JLX133760.2, JLX133760.3
OG0003283	GWHPBPAQ010638	JLX129070.1, JLX129070.2, JLX129070.3
OG0003284	GWHPBPAQ010639, GWHPBPAQ010640	JLX129630.1, JLX129630.2
OG0003285	GWHPBPAQ010647	JLX101210.1, JLX135210.1, JLX135210.2
OG0003286	GWHPBPAQ010648	JLX128440.1, JLX128440.2, JLX128440.3
OG0003287	GWHPBPAQ010652	JLX123920.1, JLX123920.2, JLX123920.3
OG0003288	GWHPBPAQ010666	JLX124170.1, JLX124170.2, JLX124170.3
OG0003289	GWHPBPAQ010673	JLX127810.1, JLX127810.2, JLX127810.3
OG0003290	GWHPBPAQ010685	JLX124090.1, JLX124090.2, JLX124090.3
OG0003291	GWHPBPAQ010699	JLX133520.1, JLX133520.2, JLX133520.3
OG0003292	GWHPBPAQ010705	JLX130240.1, JLX130240.2, JLX130240.3
OG0003293	GWHPBPAQ010706	JLX130090.1, JLX130090.2, JLX130090.3
OG0003294	GWHPBPAQ010746	JLX125740.2, JLX125740.3, JLX125740.4
OG0003295	GWHPBPAQ010750	JLX124230.1, JLX124230.2, JLX124230.3
OG0003296	GWHPBPAQ010755	JLX128390.1, JLX128390.2, JLX128390.3
OG0003297	GWHPBPAQ010777	JLX133050.1, JLX133050.2, JLX133050.3
OG0003298	GWHPBPAQ010792, GWHPBPAQ010794	JLX123660.1, JLX125380.1
OG0003299	GWHPBPAQ010817, GWHPBPAQ010818	JLX131380.1, JLX131380.2
OG0003300	GWHPBPAQ010833	JLX131810.1, JLX131810.2, JLX131810.3
OG0003301	GWHPBPAQ010839, GWHPBPAQ018853	JLX043760.1, JLX130060.1
OG0003302	GWHPBPAQ010864, GWHPBPAQ023474	JLX127420.1, JLX215410.1
OG0003303	GWHPBPAQ010887, GWHPBPAQ012267	JLX159910.1, JLX159910.2
OG0003304	GWHPBPAQ010890	JLX134390.1, JLX134390.2, JLX134390.3
OG0003305	GWHPBPAQ010898	JLX135230.1, JLX135230.2, JLX135230.3
OG0003306	GWHPBPAQ010921, GWHPBPAQ020974	JLX133600.1, JLX133600.2
OG0003307	GWHPBPAQ010932, GWHPBPAQ018304	JLX127760.1, JLX227880.1
OG0003308	GWHPBPAQ010941, GWHPBPAQ010942	JLX131080.1, JLX132570.1
OG0003309	GWHPBPAQ010943, GWHPBPAQ020051	JLX125490.1, JLX148040.1
OG0003310	GWHPBPAQ010945	JLX128780.1, JLX128780.2, JLX128780.3
OG0003311	GWHPBPAQ010974, GWHPBPAQ023286	JLX088950.1, JLX133440.1
OG0003312	GWHPBPAQ010978, GWHPBPAQ021083	JLX067700.1, JLX147880.1
OG0003313	GWHPBPAQ010979	JLX126470.1, JLX126470.2, JLX147480.1
OG0003314	GWHPBPAQ010987, GWHPBPAQ010992	JLX126010.1, JLX133860.1
OG0003315	GWHPBPAQ011027, GWHPBPAQ023074	JLX087650.1, JLX124020.1
OG0003316	GWHPBPAQ011034, GWHPBPAQ023082	JLX087590.1, JLX133960.1
OG0003317	GWHPBPAQ011143	JLX126040.1, JLX126040.2, JLX126040.3
OG0003318	GWHPBPAQ011156, GWHPBPAQ011562	JLX122510.1, JLX165250.1
OG0003319	GWHPBPAQ011177, GWHPBPAQ011178, GWHPBPAQ014865	JLX134660.1
OG0003320	GWHPBPAQ011181	JLX124400.1, JLX124400.2, JLX124400.3
OG0003321	GWHPBPAQ011233	JLX124390.1, JLX124390.2, JLX124390.3
OG0003322	GWHPBPAQ011239	JLX129890.1, JLX129890.2, JLX129890.3
OG0003323	GWHPBPAQ011298	JLX134180.1, JLX134180.2, JLX134180.3
OG0003324	GWHPBPAQ011322, GWHPBPAQ019065	JLX044390.1, JLX126100.1
OG0003325	GWHPBPAQ011343	JLX084410.1, JLX084410.2, JLX089720.1
OG0003326	GWHPBPAQ011372	JLX084370.1, JLX084370.2, JLX084370.3
OG0003327	GWHPBPAQ011373	JLX083750.1, JLX083750.2, JLX083750.3
OG0003328	GWHPBPAQ011454	JLX084870.1, JLX084870.2, JLX084870.3
OG0003329	GWHPBPAQ011486, GWHPBPAQ013515, GWHPBPAQ016078	JLX080580.1
OG0003330	GWHPBPAQ011490, GWHPBPAQ011496	JLX084290.1, JLX084320.1
OG0003331	GWHPBPAQ011491, GWHPBPAQ011494	JLX084580.1, JLX084900.1
OG0003332	GWHPBPAQ011509	JLX042330.1, JLX042330.2, JLX042330.3
OG0003333	GWHPBPAQ011510	JLX041500.1, JLX041500.2, JLX041500.3
OG0003334	GWHPBPAQ011565, GWHPBPAQ018544, GWHPBPAQ018545	JLX165160.1
OG0003335	GWHPBPAQ011567, GWHPBPAQ020891	JLX119710.1, JLX165050.1
OG0003336	GWHPBPAQ011591, GWHPBPAQ011604	JLX167520.1, JLX167520.2
OG0003337	GWHPBPAQ011621, GWHPBPAQ011622	JLX166410.1, JLX167430.1
OG0003338	GWHPBPAQ011630, GWHPBPAQ011633, GWHPBPAQ011636	JLX167260.1
OG0003339	GWHPBPAQ011632, GWHPBPAQ011635	JLX167900.1, JLX167900.2
OG0003340	GWHPBPAQ011642, GWHPBPAQ012866	JLX015950.1, JLX217280.1
OG0003341	GWHPBPAQ011705, GWHPBPAQ012108	JLX141340.1, JLX214130.1
OG0003342	GWHPBPAQ011709	JLX141070.1, JLX141070.2, JLX141070.3
OG0003343	GWHPBPAQ011717	JLX141410.1, JLX205070.1, JLX213140.1
OG0003344	GWHPBPAQ011727, GWHPBPAQ011730	JLX150220.1, JLX205060.1
OG0003345	GWHPBPAQ011782, GWHPBPAQ011784	JLX150370.1, JLX150650.1
OG0003346	GWHPBPAQ011786, GWHPBPAQ011788	JLX150200.1, JLX150790.1
OG0003347	GWHPBPAQ011796	JLX083910.1, JLX150530.1, JLX150530.2
OG0003348	GWHPBPAQ011799	JLX150180.1, JLX150180.2, JLX150180.3
OG0003349	GWHPBPAQ011802, GWHPBPAQ011803	JLX150810.1, JLX150900.1
OG0003350	GWHPBPAQ011805, GWHPBPAQ011806, GWHPBPAQ011817	JLX002100.1
OG0003351	GWHPBPAQ011828	JLX035840.1, JLX035840.2, JLX035840.3
OG0003352	GWHPBPAQ011887, GWHPBPAQ017976, GWHPBPAQ022122	JLX231740.1
OG0003353	GWHPBPAQ011897	JLX230800.1, JLX231420.1, JLX231420.2
OG0003354	GWHPBPAQ011912	JLX231510.1, JLX231510.2, JLX231510.3
OG0003355	GWHPBPAQ011923, GWHPBPAQ011925	JLX231170.1, JLX231380.1
OG0003356	GWHPBPAQ011947	JLX135030.1, JLX191740.1, JLX231790.1
OG0003357	GWHPBPAQ011954	JLX230820.1, JLX230820.2, JLX230820.3
OG0003358	GWHPBPAQ011970, GWHPBPAQ011972, GWHPBPAQ011975	JLX231430.1
OG0003359	GWHPBPAQ011977	JLX052860.1, JLX052920.1, JLX230950.1
OG0003360	GWHPBPAQ011986, GWHPBPAQ011988, GWHPBPAQ011990	JLX053000.1
OG0003361	GWHPBPAQ011997	JLX053040.1, JLX053040.2, JLX101910.1
OG0003362	GWHPBPAQ012028	JLX076550.1, JLX076550.2, JLX076550.3
OG0003363	GWHPBPAQ012029, GWHPBPAQ012033, GWHPBPAQ012035	JLX076480.1
OG0003364	GWHPBPAQ012051, GWHPBPAQ012052	JLX000080.1, JLX000690.1
OG0003365	GWHPBPAQ012057, GWHPBPAQ012058	JLX000350.1, JLX000750.1
OG0003366	GWHPBPAQ012076	JLX000460.1, JLX000460.2, JLX000460.3
OG0003367	GWHPBPAQ012084, GWHPBPAQ015365	JLX113650.1, JLX113650.2
OG0003368	GWHPBPAQ012098	JLX032320.1, JLX189440.1, JLX213800.1
OG0003369	GWHPBPAQ012101, GWHPBPAQ017328	JLX182800.1, JLX214220.1
OG0003370	GWHPBPAQ012118, GWHPBPAQ020660	JLX138410.1, JLX213420.1
OG0003371	GWHPBPAQ012155	JLX213640.1, JLX213640.2, JLX213640.3
OG0003372	GWHPBPAQ012174	JLX213550.1, JLX213550.2, JLX213550.3
OG0003373	GWHPBPAQ012179	JLX213650.1, JLX213650.2, JLX214010.1
OG0003374	GWHPBPAQ012191	JLX159130.1, JLX214000.1, JLX214000.2
OG0003375	GWHPBPAQ012211, GWHPBPAQ012212	JLX161560.1, JLX163400.1
OG0003376	GWHPBPAQ012240	JLX160070.1, JLX160070.2, JLX160070.3
OG0003377	GWHPBPAQ012288, GWHPBPAQ019747	JLX106400.1, JLX160640.1
OG0003378	GWHPBPAQ012300, GWHPBPAQ020502	JLX139840.1, JLX161280.1
OG0003379	GWHPBPAQ012305	JLX162720.1, JLX162720.2, JLX162720.3
OG0003380	GWHPBPAQ012312	JLX163230.1, JLX163230.2, JLX163230.3
OG0003381	GWHPBPAQ012316	JLX160240.1, JLX160240.2, JLX160240.3
OG0003382	GWHPBPAQ012335, GWHPBPAQ020456	JLX139330.1, JLX162760.1
OG0003383	GWHPBPAQ012347, GWHPBPAQ012349	JLX161860.1, JLX163760.1
OG0003384	GWHPBPAQ012352, GWHPBPAQ020446	JLX139130.1, JLX159810.1
OG0003385	GWHPBPAQ012358, GWHPBPAQ012533	JLX161190.1, JLX161190.2
OG0003386	GWHPBPAQ012368, GWHPBPAQ020430	JLX139710.1, JLX160900.1
OG0003387	GWHPBPAQ012370	JLX001730.1, JLX160350.1, JLX160350.2
OG0003388	GWHPBPAQ012382	JLX159840.1, JLX159840.2, JLX159840.3
OG0003389	GWHPBPAQ012388, GWHPBPAQ020419	JLX137960.1, JLX160730.1
OG0003390	GWHPBPAQ012398	JLX158920.1, JLX158920.2, JLX158920.3
OG0003391	GWHPBPAQ012458, GWHPBPAQ012539, GWHPBPAQ012563	JLX162220.1
OG0003392	GWHPBPAQ012459	JLX158670.1, JLX158670.2, JLX158670.3
OG0003393	GWHPBPAQ012481, GWHPBPAQ017400	JLX161360.1, JLX161360.2
OG0003394	GWHPBPAQ012498, GWHPBPAQ013098	JLX162470.1, JLX165740.1
OG0003395	GWHPBPAQ012509	JLX160190.1, JLX160190.2, JLX160190.3
OG0003396	GWHPBPAQ012513	JLX161080.1, JLX161080.2, JLX161080.3
OG0003397	GWHPBPAQ012516	JLX159480.1, JLX159480.2, JLX159480.3
OG0003398	GWHPBPAQ012526, GWHPBPAQ017408	JLX162280.1, JLX175890.1
OG0003399	GWHPBPAQ012536, GWHPBPAQ020875	JLX121730.1, JLX163850.1
OG0003400	GWHPBPAQ012542	JLX161660.1, JLX161660.2, JLX161660.3
OG0003401	GWHPBPAQ012558	JLX159400.1, JLX159400.2, JLX159400.3
OG0003402	GWHPBPAQ012559, GWHPBPAQ020911	JLX120610.1, JLX162090.1
OG0003403	GWHPBPAQ012566	JLX159700.1, JLX159700.2, JLX159700.3
OG0003404	GWHPBPAQ012593, GWHPBPAQ022107	JLX020820.1, JLX161060.1
OG0003405	GWHPBPAQ012621	JLX163280.1, JLX163280.2, JLX163280.3
OG0003406	GWHPBPAQ012633	JLX162770.1, JLX162770.2, JLX162770.3
OG0003407	GWHPBPAQ012650, GWHPBPAQ021001	JLX163670.1, JLX228120.1
OG0003408	GWHPBPAQ012676	JLX160080.1, JLX160080.2, JLX160080.3
OG0003409	GWHPBPAQ012677	JLX160770.1, JLX160770.2, JLX160770.3
OG0003410	GWHPBPAQ012688	JLX159350.1, JLX159350.2, JLX159350.3
OG0003411	GWHPBPAQ012705, GWHPBPAQ021077	JLX066830.1, JLX163460.1
OG0003412	GWHPBPAQ012709	JLX161030.1, JLX161030.2, JLX161030.3
OG0003413	GWHPBPAQ012713, GWHPBPAQ018557	JLX098480.1, JLX098480.2
OG0003414	GWHPBPAQ012714, GWHPBPAQ012715	JLX160360.1, JLX162230.1
OG0003415	GWHPBPAQ012723	JLX160040.1, JLX160040.2, JLX160040.3
OG0003416	GWHPBPAQ012730	JLX163630.1, JLX163630.2, JLX163630.3
OG0003417	GWHPBPAQ012751	JLX159630.1, JLX159630.2, JLX159630.3
OG0003418	GWHPBPAQ012767	JLX159690.1, JLX159690.2, JLX159690.3
OG0003419	GWHPBPAQ012811, GWHPBPAQ018361	JLX090750.1, JLX097280.1
OG0003420	GWHPBPAQ012816	JLX186740.1, JLX186740.2, JLX218130.1
OG0003421	GWHPBPAQ012820	JLX186730.1, JLX186730.2, JLX218200.1
OG0003422	GWHPBPAQ012878	JLX016060.1, JLX016060.2, JLX016060.3
OG0003423	GWHPBPAQ012886, GWHPBPAQ021472, GWHPBPAQ021478, GWHPBPAQ021480	
OG0003424	GWHPBPAQ012887	JLX015910.1, JLX015930.1, JLX166330.1
OG0003425	GWHPBPAQ012892, GWHPBPAQ012893, GWHPBPAQ012896, GWHPBPAQ012897	
OG0003426	GWHPBPAQ012915	JLX136710.1, JLX136710.2, JLX166220.1
OG0003427	GWHPBPAQ012919	JLX136780.1, JLX158290.1, JLX177570.1
OG0003428	GWHPBPAQ012924	JLX136720.1, JLX136720.2, JLX136720.3
OG0003429	GWHPBPAQ012931	JLX136930.1, JLX136930.2, JLX230390.1
OG0003430	GWHPBPAQ012939	JLX183090.1, JLX183160.1, JLX183160.2
OG0003431	GWHPBPAQ012967, GWHPBPAQ013528	JLX079320.1, JLX164490.1
OG0003432	GWHPBPAQ012977	JLX041340.1, JLX041340.2, JLX089350.1
OG0003433	GWHPBPAQ012982	JLX155080.1, JLX159760.1, JLX186890.1
OG0003434	GWHPBPAQ012992	JLX187080.1, JLX187080.2, JLX187080.3
OG0003435	GWHPBPAQ013057	JLX069440.1, JLX069440.2, JLX069440.3
OG0003436	GWHPBPAQ013058, GWHPBPAQ013432	JLX069770.1, JLX069770.2
OG0003437	GWHPBPAQ013079, GWHPBPAQ020033	JLX069390.1, JLX069390.2
OG0003438	GWHPBPAQ013113	JLX069570.1, JLX069570.2, JLX069570.3
OG0003439	GWHPBPAQ013127, GWHPBPAQ013879	JLX068840.1, JLX068840.2
OG0003440	GWHPBPAQ013175	JLX210440.1, JLX210440.2, JLX210440.3
OG0003441	GWHPBPAQ013178, GWHPBPAQ013408	JLX080390.1, JLX210270.1
OG0003442	GWHPBPAQ013195, GWHPBPAQ018108	JLX079420.1, JLX173280.1
OG0003443	GWHPBPAQ013196	JLX080630.1, JLX080630.2, JLX080630.3
OG0003444	GWHPBPAQ013221, GWHPBPAQ018126	JLX080720.1, JLX149970.1
OG0003445	GWHPBPAQ013246	JLX081570.1, JLX081570.2, JLX081570.3
OG0003446	GWHPBPAQ013257	JLX079560.1, JLX079560.2, JLX079560.3
OG0003447	GWHPBPAQ013259, GWHPBPAQ013262	JLX081150.1, JLX081820.1
OG0003448	GWHPBPAQ013263, GWHPBPAQ013265	JLX078830.1, JLX079780.1
OG0003449	GWHPBPAQ013269, GWHPBPAQ014545	JLX080650.1, JLX169550.1
OG0003450	GWHPBPAQ013283	JLX079510.1, JLX079510.2, JLX079510.3
OG0003451	GWHPBPAQ013305	JLX078180.1, JLX078180.2, JLX078180.3
OG0003452	GWHPBPAQ013337	JLX078250.1, JLX078250.2, JLX078250.3
OG0003453	GWHPBPAQ013355	JLX080850.1, JLX080850.2, JLX080850.3
OG0003454	GWHPBPAQ013356	JLX079810.1, JLX079810.2, JLX079810.3
OG0003455	GWHPBPAQ013359	JLX078050.1, JLX078050.2, JLX078050.3
OG0003456	GWHPBPAQ013365	JLX080360.1, JLX080360.2, JLX080360.3
OG0003457	GWHPBPAQ013393, GWHPBPAQ015431	JLX080740.1, JLX118790.1
OG0003458	GWHPBPAQ013402, GWHPBPAQ021479	JLX104480.1, JLX182680.1
OG0003459	GWHPBPAQ013414	JLX080750.1, JLX080750.2, JLX080750.3
OG0003460	GWHPBPAQ013415	JLX080110.1, JLX080110.2, JLX080110.3
OG0003461	GWHPBPAQ013428	JLX078010.1, JLX078010.2, JLX078010.3
OG0003462	GWHPBPAQ013430	JLX081510.1, JLX081510.2, JLX179660.1
OG0003463	GWHPBPAQ013431	JLX079400.1, JLX079400.2, JLX079400.3
OG0003464	GWHPBPAQ013435, GWHPBPAQ013438	JLX080970.1, JLX080970.2
OG0003465	GWHPBPAQ013446	JLX081830.1, JLX081830.2, JLX081830.3
OG0003466	GWHPBPAQ013472, GWHPBPAQ015077, GWHPBPAQ015078	JLX117260.1
OG0003467	GWHPBPAQ013479, GWHPBPAQ013480	JLX080370.1, JLX081420.1
OG0003468	GWHPBPAQ013502	JLX079550.1, JLX079550.2, JLX153460.1
OG0003469	GWHPBPAQ013511	JLX078450.1, JLX078450.2, JLX078450.3
OG0003470	GWHPBPAQ013527	JLX078030.1, JLX154090.1, JLX190790.1
OG0003471	GWHPBPAQ013567	JLX078570.1, JLX078570.2, JLX078570.3
OG0003472	GWHPBPAQ013575	JLX081380.1, JLX081380.2, JLX081380.3
OG0003473	GWHPBPAQ013576	JLX078950.1, JLX078950.2, JLX078950.3
OG0003474	GWHPBPAQ013585	JLX194310.1, JLX194310.2, JLX194310.3
OG0003475	GWHPBPAQ013600	JLX194060.1, JLX194060.2, JLX194060.3
OG0003476	GWHPBPAQ013605	JLX197210.1, JLX197210.2, JLX197210.3
OG0003477	GWHPBPAQ013609	JLX194800.1, JLX194800.2, JLX194800.3
OG0003478	GWHPBPAQ013613	JLX192770.1, JLX192770.2, JLX192770.3
OG0003479	GWHPBPAQ013622	JLX197050.1, JLX197050.2, JLX197050.3
OG0003480	GWHPBPAQ013648	JLX192210.1, JLX192210.2, JLX192210.3
OG0003481	GWHPBPAQ013669, GWHPBPAQ013670	JLX192390.1, JLX194380.1
OG0003482	GWHPBPAQ013692	JLX196100.1, JLX196100.2, JLX196100.3
OG0003483	GWHPBPAQ013705	JLX193810.1, JLX193810.2, JLX193810.3
OG0003484	GWHPBPAQ013711, GWHPBPAQ015434	JLX139990.1, JLX193570.1
OG0003485	GWHPBPAQ013755, GWHPBPAQ019532	JLX105210.1, JLX196600.1
OG0003486	GWHPBPAQ013773, GWHPBPAQ013775, GWHPBPAQ013776	JLX191940.1
OG0003487	GWHPBPAQ013781	JLX194460.1, JLX194460.2, JLX194460.3
OG0003488	GWHPBPAQ013819	JLX192010.1, JLX192010.2, JLX192010.3
OG0003489	GWHPBPAQ013827, GWHPBPAQ019495	JLX102110.1, JLX193300.1
OG0003490	GWHPBPAQ013832	JLX192970.1, JLX192970.2, JLX192970.3
OG0003491	GWHPBPAQ013841	JLX194240.1, JLX194240.2, JLX194240.3
OG0003492	GWHPBPAQ013885	JLX193090.1, JLX193090.2, JLX193090.3
OG0003493	GWHPBPAQ013890	JLX194900.1, JLX194900.2, JLX194900.3
OG0003494	GWHPBPAQ013892	JLX196220.1, JLX196220.2, JLX196220.3
OG0003495	GWHPBPAQ013897	JLX061320.1, JLX192170.1, JLX192170.2
OG0003496	GWHPBPAQ013918	JLX192470.1, JLX192470.2, JLX192470.3
OG0003497	GWHPBPAQ013919	JLX193340.1, JLX193340.2, JLX193340.3
OG0003498	GWHPBPAQ013944	JLX196340.1, JLX196340.2, JLX196340.3
OG0003499	GWHPBPAQ013958	JLX195680.1, JLX195680.2, JLX195680.3
OG0003500	GWHPBPAQ013970	JLX195000.1, JLX195000.2, JLX195000.3
OG0003501	GWHPBPAQ013997	JLX191900.1, JLX191900.2, JLX191900.3
OG0003502	GWHPBPAQ013999, GWHPBPAQ014000	JLX193050.1, JLX196760.1
OG0003503	GWHPBPAQ014005	JLX196060.1, JLX196060.2, JLX196060.3
OG0003504	GWHPBPAQ014006, GWHPBPAQ014027	JLX191880.1, JLX196130.1
OG0003505	GWHPBPAQ014024	JLX194290.1, JLX194290.2, JLX194290.3
OG0003506	GWHPBPAQ014026	JLX192220.1, JLX195320.1, JLX196830.1
OG0003507	GWHPBPAQ014064	JLX193400.1, JLX193400.2, JLX193400.3
OG0003508	GWHPBPAQ014108	JLX193360.1, JLX193360.2, JLX193360.3
OG0003509	GWHPBPAQ014114	JLX193710.1, JLX193710.2, JLX193710.3
OG0003510	GWHPBPAQ014123	JLX194080.1, JLX194080.2, JLX194080.3
OG0003511	GWHPBPAQ014137	JLX195430.1, JLX195430.2, JLX195430.3
OG0003512	GWHPBPAQ014147	JLX195650.1, JLX195650.2, JLX195650.3
OG0003513	GWHPBPAQ014188	JLX172140.1, JLX172140.2, JLX172140.3
OG0003514	GWHPBPAQ014195, GWHPBPAQ015563	JLX108290.1, JLX171950.1
OG0003515	GWHPBPAQ014197	JLX170860.1, JLX231550.1, JLX231600.1
OG0003516	GWHPBPAQ014204	JLX093430.1, JLX170280.1, JLX170280.2
OG0003517	GWHPBPAQ014215	JLX170670.1, JLX170670.2, JLX170670.3
OG0003518	GWHPBPAQ014218	JLX169330.1, JLX169330.2, JLX169330.3
OG0003519	GWHPBPAQ014220	JLX171100.1, JLX171100.2, JLX171100.3
OG0003520	GWHPBPAQ014224	JLX169750.1, JLX169750.2, JLX169750.3
OG0003521	GWHPBPAQ014236	JLX170040.1, JLX170040.2, JLX170040.3
OG0003522	GWHPBPAQ014287	JLX172470.1, JLX172470.2, JLX172470.3
OG0003523	GWHPBPAQ014289, GWHPBPAQ019357	JLX104520.1, JLX169300.1
OG0003524	GWHPBPAQ014309	JLX170950.1, JLX170950.2, JLX170950.3
OG0003525	GWHPBPAQ014310	JLX172130.1, JLX172130.2, JLX172130.3
OG0003526	GWHPBPAQ014324	JLX171710.1, JLX171710.2, JLX171710.3
OG0003527	GWHPBPAQ014345, GWHPBPAQ019303	JLX100720.1, JLX100720.2
OG0003528	GWHPBPAQ014354	JLX169480.1, JLX169480.2, JLX169480.3
OG0003529	GWHPBPAQ014368	JLX168900.1, JLX168900.2, JLX168900.3
OG0003530	GWHPBPAQ014370, GWHPBPAQ014371	JLX169580.1, JLX172560.1
OG0003531	GWHPBPAQ014381	JLX169410.1, JLX169410.2, JLX169410.3
OG0003532	GWHPBPAQ014383	JLX171510.1, JLX171510.2, JLX171510.3
OG0003533	GWHPBPAQ014390, GWHPBPAQ019512	JLX105110.1, JLX170720.1
OG0003534	GWHPBPAQ014419	JLX169650.1, JLX169650.2, JLX169650.3
OG0003535	GWHPBPAQ014427	JLX171410.1, JLX171410.2, JLX171410.3
OG0003536	GWHPBPAQ014428	JLX168600.1, JLX168600.2, JLX168600.3
OG0003537	GWHPBPAQ014436, GWHPBPAQ014437	JLX168830.1, JLX170290.1
OG0003538	GWHPBPAQ014448	JLX169020.1, JLX169020.2, JLX169020.3
OG0003539	GWHPBPAQ014449, GWHPBPAQ022250	JLX082230.1, JLX169320.1
OG0003540	GWHPBPAQ014450, GWHPBPAQ022238	JLX082700.1, JLX170480.1
OG0003541	GWHPBPAQ014454	JLX170350.1, JLX170350.2, JLX170350.3
OG0003542	GWHPBPAQ014500	JLX169420.1, JLX169420.2, JLX169420.3
OG0003543	GWHPBPAQ014525	JLX171450.1, JLX171450.2, JLX171450.3
OG0003544	GWHPBPAQ014541	JLX169920.1, JLX169920.2, JLX169920.3
OG0003545	GWHPBPAQ014544	JLX168860.1, JLX168860.2, JLX168860.3
OG0003546	GWHPBPAQ014565	JLX171310.1, JLX171310.2, JLX171310.3
OG0003547	GWHPBPAQ014566	JLX170620.1, JLX170620.2, JLX170620.3
OG0003548	GWHPBPAQ014597	JLX229430.1, JLX229430.2, JLX229430.3
OG0003549	GWHPBPAQ014603	JLX229670.1, JLX229670.2, JLX229670.3
OG0003550	GWHPBPAQ014614, GWHPBPAQ022984	JLX086930.1, JLX086930.2
OG0003551	GWHPBPAQ014625	JLX229760.1, JLX229760.2, JLX229760.3
OG0003552	GWHPBPAQ014646, GWHPBPAQ016930	JLX221190.1, JLX229820.1
OG0003553	GWHPBPAQ014657	JLX229300.1, JLX229300.2, JLX229300.3
OG0003554	GWHPBPAQ014661, GWHPBPAQ014663	JLX229500.1, JLX229720.1
OG0003555	GWHPBPAQ014662	JLX229530.1, JLX229530.2, JLX229530.3
OG0003556	GWHPBPAQ014670	JLX111650.1, JLX111650.2, JLX111650.3
OG0003557	GWHPBPAQ014683, GWHPBPAQ019249	JLX104820.1, JLX108780.1
OG0003558	GWHPBPAQ014686	JLX111660.1, JLX111660.2, JLX111660.3
OG0003559	GWHPBPAQ014732, GWHPBPAQ017237	JLX115290.1, JLX182660.1
OG0003560	GWHPBPAQ014779	JLX116820.1, JLX116820.2, JLX116820.3
OG0003561	GWHPBPAQ014790, GWHPBPAQ016991	JLX113030.1, JLX219690.1
OG0003562	GWHPBPAQ014803	JLX116460.1, JLX116460.2, JLX116460.3
OG0003563	GWHPBPAQ014813, GWHPBPAQ014815	JLX111670.1, JLX111970.1
OG0003564	GWHPBPAQ014818	JLX115500.1, JLX115500.2, JLX115500.3
OG0003565	GWHPBPAQ014832	JLX117270.1, JLX117270.2, JLX117270.3
OG0003566	GWHPBPAQ014834	JLX112790.1, JLX112790.2, JLX112790.3
OG0003567	GWHPBPAQ014849	JLX112140.1, JLX112140.2, JLX112140.3
OG0003568	GWHPBPAQ014880	JLX107980.1, JLX107980.2, JLX107980.3
OG0003569	GWHPBPAQ014893	JLX112690.1, JLX112690.2, JLX112690.3
OG0003570	GWHPBPAQ014936	JLX111220.1, JLX111220.2, JLX111220.3
OG0003571	GWHPBPAQ014952	JLX108160.1, JLX108160.2, JLX108160.3
OG0003572	GWHPBPAQ014956	JLX112090.1, JLX112090.2, JLX112090.3
OG0003573	GWHPBPAQ014982	JLX117430.1, JLX117430.2, JLX117430.3
OG0003574	GWHPBPAQ015010, GWHPBPAQ016877	JLX115810.1, JLX221890.1
OG0003575	GWHPBPAQ015023, GWHPBPAQ016966	JLX116130.1, JLX219450.1
OG0003576	GWHPBPAQ015029, GWHPBPAQ016870	JLX108540.1, JLX220360.1
OG0003577	GWHPBPAQ015065, GWHPBPAQ016112	JLX091930.1, JLX113870.1
OG0003578	GWHPBPAQ015067, GWHPBPAQ016111	JLX092980.1, JLX092980.2
OG0003579	GWHPBPAQ015071	JLX109390.1, JLX109390.2, JLX109390.3
OG0003580	GWHPBPAQ015095, GWHPBPAQ015096	JLX113020.1, JLX113450.1
OG0003581	GWHPBPAQ015110	JLX109570.1, JLX109570.2, JLX109570.3
OG0003582	GWHPBPAQ015141, GWHPBPAQ015189	JLX110820.1, JLX117050.1
OG0003583	GWHPBPAQ015152	JLX118290.1, JLX118290.2, JLX118290.3
OG0003584	GWHPBPAQ015176	JLX116240.1, JLX116240.2, JLX116240.3
OG0003585	GWHPBPAQ015179	JLX108120.1, JLX108120.2, JLX108120.3
OG0003586	GWHPBPAQ015181	JLX112360.1, JLX112360.2, JLX112360.3
OG0003587	GWHPBPAQ015195	JLX114070.1, JLX114070.2, JLX114070.3
OG0003588	GWHPBPAQ015208	JLX117500.1, JLX117500.2, JLX117500.3
OG0003589	GWHPBPAQ015243	JLX116710.1, JLX116710.2, JLX116710.3
OG0003590	GWHPBPAQ015263	JLX113100.1, JLX113100.2, JLX113100.3
OG0003591	GWHPBPAQ015277	JLX118000.1, JLX118000.2, JLX118000.3
OG0003592	GWHPBPAQ015290	JLX112380.1, JLX112380.2, JLX112380.3
OG0003593	GWHPBPAQ015296, GWHPBPAQ015298	JLX108880.1, JLX108880.2
OG0003594	GWHPBPAQ015301	JLX116260.1, JLX116260.2, JLX116260.3
OG0003595	GWHPBPAQ015303, GWHPBPAQ019923	JLX103220.1, JLX116740.1
OG0003596	GWHPBPAQ015313	JLX111950.1, JLX111950.2, JLX111950.3
OG0003597	GWHPBPAQ015363	JLX110620.1, JLX110620.2, JLX110620.3
OG0003598	GWHPBPAQ015376	JLX110980.1, JLX110980.2, JLX110980.3
OG0003599	GWHPBPAQ015414	JLX112760.1, JLX112760.2, JLX112760.3
OG0003600	GWHPBPAQ015442	JLX111510.1, JLX111510.2, JLX111510.3
OG0003601	GWHPBPAQ015453	JLX118670.1, JLX118670.2, JLX118670.3
OG0003602	GWHPBPAQ015454	JLX115190.1, JLX115190.2, JLX115190.3
OG0003603	GWHPBPAQ015459	JLX111720.1, JLX111720.2, JLX111720.3
OG0003604	GWHPBPAQ015461	JLX113250.1, JLX113250.2, JLX155030.1
OG0003605	GWHPBPAQ015488	JLX112630.1, JLX112630.2, JLX112630.3
OG0003606	GWHPBPAQ015508	JLX111310.1, JLX111310.2, JLX111310.3
OG0003607	GWHPBPAQ015520	JLX108510.1, JLX108510.2, JLX108510.3
OG0003608	GWHPBPAQ015539	JLX113510.1, JLX113510.2, JLX113510.3
OG0003609	GWHPBPAQ015542	JLX110900.1, JLX110900.2, JLX110900.3
OG0003610	GWHPBPAQ015547, GWHPBPAQ015552, GWHPBPAQ015645	JLX117340.1
OG0003611	GWHPBPAQ015566	JLX109220.1, JLX109220.2, JLX109220.3
OG0003612	GWHPBPAQ015576, GWHPBPAQ017806	JLX115200.1, JLX115510.1
OG0003613	GWHPBPAQ015638, GWHPBPAQ015641, GWHPBPAQ015643	JLX114520.1
OG0003614	GWHPBPAQ015682, GWHPBPAQ015683	JLX114200.1, JLX114200.2
OG0003615	GWHPBPAQ015709, GWHPBPAQ015716	JLX108040.1, JLX108610.1
OG0003616	GWHPBPAQ015715, GWHPBPAQ018059, GWHPBPAQ021910	JLX023550.1
OG0003617	GWHPBPAQ015752	JLX108700.1, JLX108700.2, JLX108700.3
OG0003618	GWHPBPAQ015780, GWHPBPAQ015782	JLX110860.1, JLX113230.1
OG0003619	GWHPBPAQ015804, GWHPBPAQ015806	JLX110670.1, JLX115770.1
OG0003620	GWHPBPAQ015854	JLX118800.1, JLX118800.2, JLX118800.3
OG0003621	GWHPBPAQ015861	JLX113980.1, JLX186750.1, JLX227590.1
OG0003622	GWHPBPAQ015862	JLX109660.1, JLX186760.1, JLX227770.1
OG0003623	GWHPBPAQ015864, GWHPBPAQ018824	JLX043610.1, JLX227660.1
OG0003624	GWHPBPAQ015869, GWHPBPAQ015870	JLX227490.1, JLX227750.1
OG0003625	GWHPBPAQ015885	JLX227520.1, JLX227520.2, JLX227520.3
OG0003626	GWHPBPAQ015897, GWHPBPAQ016709	JLX220520.1, JLX220520.2
OG0003627	GWHPBPAQ015901	JLX227150.1, JLX227150.2, JLX227150.3
OG0003628	GWHPBPAQ015916	JLX227800.1, JLX227800.2, JLX227800.3
OG0003629	GWHPBPAQ015920	JLX227510.1, JLX227510.2, JLX227510.3
OG0003630	GWHPBPAQ015935	JLX227350.2, JLX227350.3, JLX227350.5
OG0003631	GWHPBPAQ015943, GWHPBPAQ020507, GWHPBPAQ020508	JLX137540.1
OG0003632	GWHPBPAQ016029	JLX219200.1, JLX219200.2, JLX219200.3
OG0003633	GWHPBPAQ016059, GWHPBPAQ016060	JLX064660.1, JLX066410.1
OG0003634	GWHPBPAQ016097	JLX092030.1, JLX092030.2, JLX135810.1
OG0003635	GWHPBPAQ016101	JLX092380.1, JLX092380.2, JLX092380.3
OG0003636	GWHPBPAQ016104	JLX091620.1, JLX091620.2, JLX091620.3
OG0003637	GWHPBPAQ016122	JLX091170.1, JLX091170.2, JLX091170.3
OG0003638	GWHPBPAQ016128	JLX092510.1, JLX092510.2, JLX092510.3
OG0003639	GWHPBPAQ016136	JLX091130.1, JLX091130.2, JLX091130.3
OG0003640	GWHPBPAQ016140, GWHPBPAQ016141	JLX092050.1, JLX092920.1
OG0003641	GWHPBPAQ016143, GWHPBPAQ016575	JLX039820.1, JLX091690.1
OG0003642	GWHPBPAQ016154	JLX136010.1, JLX136010.2, JLX136010.3
OG0003643	GWHPBPAQ016184, GWHPBPAQ016592	JLX037390.1, JLX136210.1
OG0003644	GWHPBPAQ016189	JLX135610.1, JLX135610.2, JLX135610.3
OG0003645	GWHPBPAQ016201	JLX136600.1, JLX136600.2, JLX136600.3
OG0003646	GWHPBPAQ016220	JLX136640.1, JLX136640.2, JLX136640.3
OG0003647	GWHPBPAQ016249, GWHPBPAQ022009	JLX095370.1, JLX095370.2
OG0003648	GWHPBPAQ016255, GWHPBPAQ016257, GWHPBPAQ022453	JLX037770.1
OG0003649	GWHPBPAQ016288	JLX036190.1, JLX036190.2, JLX036190.3
OG0003650	GWHPBPAQ016301	JLX037510.1, JLX037510.2, JLX037510.3
OG0003651	GWHPBPAQ016312	JLX038210.1, JLX038210.2, JLX038210.3
OG0003652	GWHPBPAQ016321	JLX038200.1, JLX038200.2, JLX038200.3
OG0003653	GWHPBPAQ016324, GWHPBPAQ016690	JLX039380.1, JLX221000.1
OG0003654	GWHPBPAQ016326, GWHPBPAQ016692	JLX036680.1, JLX221480.1
OG0003655	GWHPBPAQ016331, GWHPBPAQ016332	JLX038560.1, JLX039270.1
OG0003656	GWHPBPAQ016364, GWHPBPAQ016722, GWHPBPAQ016723	JLX039790.1
OG0003657	GWHPBPAQ016370	JLX038020.1, JLX038020.2, JLX038020.3
OG0003658	GWHPBPAQ016388, GWHPBPAQ016394	JLX037280.1, JLX039960.1
OG0003659	GWHPBPAQ016401, GWHPBPAQ016402, GWHPBPAQ016403	JLX038130.1
OG0003660	GWHPBPAQ016415	JLX037320.1, JLX037320.2, JLX037320.3
OG0003661	GWHPBPAQ016480, GWHPBPAQ016802	JLX219470.1, JLX219470.2
OG0003662	GWHPBPAQ016485	JLX038610.1, JLX038610.2, JLX038610.3
OG0003663	GWHPBPAQ016532	JLX039370.1, JLX039370.2, JLX039370.3
OG0003664	GWHPBPAQ016539	JLX036650.1, JLX036650.2, JLX036650.3
OG0003665	GWHPBPAQ016541	JLX039320.1, JLX039320.2, JLX039320.3
OG0003666	GWHPBPAQ016543	JLX039530.1, JLX039530.2, JLX039530.3
OG0003667	GWHPBPAQ016550	JLX038880.1, JLX038880.2, JLX038880.3
OG0003668	GWHPBPAQ016581	JLX039190.1, JLX039190.2, JLX039190.3
OG0003669	GWHPBPAQ016585	JLX036390.1, JLX036390.2, JLX039280.1
OG0003670	GWHPBPAQ016588	JLX038430.1, JLX038430.2, JLX038430.3
OG0003671	GWHPBPAQ016591	JLX037270.1, JLX037270.2, JLX037270.3
OG0003672	GWHPBPAQ016606	JLX038480.1, JLX038480.2, JLX038480.3
OG0003673	GWHPBPAQ016638, GWHPBPAQ016639	JLX038750.1, JLX039680.1
OG0003674	GWHPBPAQ016652	JLX039690.1, JLX039690.2, JLX110370.1
OG0003675	GWHPBPAQ016672, GWHPBPAQ016679	JLX220450.1, JLX221780.1
OG0003676	GWHPBPAQ016699	JLX222100.1, JLX222100.2, JLX222100.3
OG0003677	GWHPBPAQ016720	JLX220380.1, JLX220380.2, JLX220380.3
OG0003678	GWHPBPAQ016721	JLX219390.1, JLX219390.2, JLX219390.3
OG0003679	GWHPBPAQ016739	JLX219510.1, JLX219510.2, JLX219510.3
OG0003680	GWHPBPAQ016752	JLX221070.1, JLX221070.2, JLX221070.3
OG0003681	GWHPBPAQ016771	JLX221320.1, JLX221320.2, JLX221320.3
OG0003682	GWHPBPAQ016809	JLX220660.1, JLX220660.2, JLX220660.3
OG0003683	GWHPBPAQ016819	JLX219940.1, JLX219940.2, JLX219940.3
OG0003684	GWHPBPAQ016826, GWHPBPAQ016829, GWHPBPAQ016831	JLX220590.1
OG0003685	GWHPBPAQ016836	JLX048950.1, JLX208020.1, JLX219370.1
OG0003686	GWHPBPAQ016850	JLX219760.1, JLX219760.2, JLX219760.3
OG0003687	GWHPBPAQ016860	JLX222080.1, JLX222080.2, JLX222080.3
OG0003688	GWHPBPAQ016873	JLX222040.1, JLX222040.2, JLX222040.3
OG0003689	GWHPBPAQ016876	JLX219620.2, JLX219620.3, JLX219620.4
OG0003690	GWHPBPAQ016880, GWHPBPAQ016881	JLX221150.1, JLX221960.1
OG0003691	GWHPBPAQ016971	JLX219800.1, JLX219800.2, JLX219800.3
OG0003692	GWHPBPAQ016988	JLX221020.1, JLX221020.2, JLX221020.3
OG0003693	GWHPBPAQ016998	JLX041000.1, JLX041000.2, JLX041000.3
OG0003694	GWHPBPAQ017002	JLX040620.1, JLX040620.2, JLX040620.3
OG0003695	GWHPBPAQ017012	JLX040350.1, JLX040600.1, JLX040700.1
OG0003696	GWHPBPAQ017023	JLX041160.1, JLX041160.2, JLX041160.3
OG0003697	GWHPBPAQ017032	JLX040430.1, JLX040430.2, JLX040430.3
OG0003698	GWHPBPAQ017038	JLX040520.1, JLX040520.2, JLX040520.3
OG0003699	GWHPBPAQ017066	JLX040840.1, JLX040840.2, JLX040840.3
OG0003700	GWHPBPAQ017067, GWHPBPAQ021610	JLX022600.1, JLX041090.1
OG0003701	GWHPBPAQ017068	JLX040770.1, JLX040770.2, JLX040770.3
OG0003702	GWHPBPAQ017077	JLX041100.1, JLX041100.2, JLX041100.3
OG0003703	GWHPBPAQ017090	JLX181090.1, JLX181090.2, JLX181090.3
OG0003704	GWHPBPAQ017103	JLX180660.1, JLX180660.2, JLX180660.3
OG0003705	GWHPBPAQ017106	JLX178170.1, JLX178170.2, JLX178170.3
OG0003706	GWHPBPAQ017118	JLX181920.1, JLX181920.2, JLX181920.3
OG0003707	GWHPBPAQ017121, GWHPBPAQ020514	JLX139750.1, JLX175760.1
OG0003708	GWHPBPAQ017129, GWHPBPAQ020518	JLX052970.1, JLX175910.1
OG0003709	GWHPBPAQ017133	JLX000450.1, JLX000520.1, JLX182630.1
OG0003710	GWHPBPAQ017136	JLX182700.1, JLX182700.2, JLX182700.3
OG0003711	GWHPBPAQ017158, GWHPBPAQ021974	JLX176780.1, JLX176780.2
OG0003712	GWHPBPAQ017161	JLX178900.1, JLX178900.2, JLX178900.3
OG0003713	GWHPBPAQ017173, GWHPBPAQ020579	JLX138290.1, JLX173430.1
OG0003714	GWHPBPAQ017210	JLX174520.1, JLX174520.2, JLX174520.3
OG0003715	GWHPBPAQ017227, GWHPBPAQ020657	JLX180100.1, JLX180100.2
OG0003716	GWHPBPAQ017241	JLX175470.1, JLX175470.2, JLX175470.3
OG0003717	GWHPBPAQ017242	JLX179470.1, JLX179470.2, JLX179470.3
OG0003718	GWHPBPAQ017252, GWHPBPAQ017253	JLX174760.1, JLX175580.1
OG0003719	GWHPBPAQ017256	JLX177940.1, JLX177940.2, JLX177940.3
OG0003720	GWHPBPAQ017264	JLX175120.1, JLX175120.2, JLX175120.3
OG0003721	GWHPBPAQ017271, GWHPBPAQ017272	JLX177720.1, JLX178980.1
OG0003722	GWHPBPAQ017284	JLX068080.1, JLX178680.1, JLX178680.2
OG0003723	GWHPBPAQ017289	JLX173610.1, JLX173610.2, JLX173610.3
OG0003724	GWHPBPAQ017310	JLX177540.1, JLX177540.2, JLX177540.3
OG0003725	GWHPBPAQ017316	JLX173650.1, JLX173650.2, JLX173650.3
OG0003726	GWHPBPAQ017319	JLX178210.1, JLX178210.2, JLX178210.3
OG0003727	GWHPBPAQ017320, GWHPBPAQ020778	JLX121070.1, JLX121070.2
OG0003728	GWHPBPAQ017324	JLX174050.1, JLX181060.1, JLX181060.2
OG0003729	GWHPBPAQ017331	JLX178280.1, JLX178280.2, JLX178280.3
OG0003730	GWHPBPAQ017338	JLX175880.1, JLX175880.2, JLX175880.3
OG0003731	GWHPBPAQ017374	JLX177860.1, JLX177860.2, JLX177860.3
OG0003732	GWHPBPAQ017394	JLX181140.1, JLX181140.2, JLX181140.3
OG0003733	GWHPBPAQ017396	JLX177080.1, JLX177080.2, JLX177080.3
OG0003734	GWHPBPAQ017415	JLX159990.1, JLX177930.1, JLX179560.1
OG0003735	GWHPBPAQ017422	JLX175110.1, JLX175110.2, JLX175110.3
OG0003736	GWHPBPAQ017432, GWHPBPAQ017461	JLX174440.1, JLX180440.1
OG0003737	GWHPBPAQ017450	JLX177760.1, JLX177760.2, JLX177760.3
OG0003738	GWHPBPAQ017457, GWHPBPAQ020926	JLX179290.1, JLX205930.1
OG0003739	GWHPBPAQ017464, GWHPBPAQ018492	JLX181850.1, JLX181850.2
OG0003740	GWHPBPAQ017469, GWHPBPAQ020936	JLX178610.1, JLX205910.1
OG0003741	GWHPBPAQ017495	JLX178800.1, JLX178800.2, JLX178800.3
OG0003742	GWHPBPAQ017513, GWHPBPAQ017514	JLX173900.1, JLX176300.1
OG0003743	GWHPBPAQ017515	JLX173550.1, JLX173550.2, JLX173550.3
OG0003744	GWHPBPAQ017529, GWHPBPAQ020990	JLX180110.1, JLX228300.1
OG0003745	GWHPBPAQ017530, GWHPBPAQ017531	JLX176800.1, JLX182160.1
OG0003746	GWHPBPAQ017545	JLX179760.1, JLX179760.2, JLX179760.3
OG0003747	GWHPBPAQ017554, GWHPBPAQ017555	JLX173960.1, JLX173960.2
OG0003748	GWHPBPAQ017557	JLX176910.1, JLX176910.2, JLX176910.3
OG0003749	GWHPBPAQ017568	JLX174060.1, JLX174060.2, JLX174060.3
OG0003750	GWHPBPAQ017580, GWHPBPAQ017581, GWHPBPAQ017582	JLX177500.1
OG0003751	GWHPBPAQ017622	JLX175260.1, JLX175260.2, JLX175260.3
OG0003752	GWHPBPAQ017626	JLX180730.1, JLX180730.2, JLX180730.3
OG0003753	GWHPBPAQ017630, GWHPBPAQ017631	JLX173710.1, JLX179070.1
OG0003754	GWHPBPAQ017683	JLX174940.1, JLX174940.2, JLX174940.3
OG0003755	GWHPBPAQ017712, GWHPBPAQ017713	JLX176190.1, JLX182330.1
OG0003756	GWHPBPAQ017719	JLX179150.1, JLX179150.2, JLX179150.3
OG0003757	GWHPBPAQ017720	JLX176870.1, JLX176870.2, JLX176870.3
OG0003758	GWHPBPAQ017739	JLX181230.1, JLX181230.2, JLX181230.3
OG0003759	GWHPBPAQ017745	JLX176110.1, JLX176110.2, JLX176110.3
OG0003760	GWHPBPAQ017761	JLX174110.1, JLX174110.2, JLX174720.1
OG0003761	GWHPBPAQ017771	JLX180610.1, JLX180610.2, JLX180610.3
OG0003762	GWHPBPAQ017773	JLX177960.1, JLX177960.2, JLX177960.3
OG0003763	GWHPBPAQ017785, GWHPBPAQ017786	JLX178990.1, JLX179890.1
OG0003764	GWHPBPAQ017799	JLX178860.1, JLX178860.2, JLX178860.3
OG0003765	GWHPBPAQ017813	JLX179330.1, JLX179330.2, JLX179330.3
OG0003766	GWHPBPAQ017814, GWHPBPAQ017971	JLX177260.1, JLX178870.1
OG0003767	GWHPBPAQ017816, GWHPBPAQ017820, GWHPBPAQ017821	JLX181430.1
OG0003768	GWHPBPAQ017853, GWHPBPAQ017854	JLX178220.1, JLX179740.1
OG0003769	GWHPBPAQ017862, GWHPBPAQ017864	JLX174070.1, JLX181440.1
OG0003770	GWHPBPAQ017890	JLX175200.1, JLX175200.2, JLX175200.3
OG0003771	GWHPBPAQ017906, GWHPBPAQ022368	JLX179490.1, JLX217600.1
OG0003772	GWHPBPAQ017911, GWHPBPAQ020155	JLX146470.1, JLX178200.1
OG0003773	GWHPBPAQ017925, GWHPBPAQ017926, GWHPBPAQ017927	JLX175770.1
OG0003774	GWHPBPAQ017931, GWHPBPAQ017932	JLX181160.1, JLX182300.1
OG0003775	GWHPBPAQ017989, GWHPBPAQ018388	JLX168220.1, JLX182750.1
OG0003776	GWHPBPAQ018010	JLX178360.1, JLX178360.2, JLX178360.3
OG0003777	GWHPBPAQ018011	JLX174090.1, JLX174090.2, JLX174090.3
OG0003778	GWHPBPAQ018012	JLX177800.1, JLX177800.2, JLX177800.3
OG0003779	GWHPBPAQ018022	JLX174870.1, JLX174870.2, JLX174870.3
OG0003780	GWHPBPAQ018038	JLX180240.1, JLX180240.2, JLX180240.3
OG0003781	GWHPBPAQ018057	JLX181500.1, JLX181500.2, JLX181500.3
OG0003782	GWHPBPAQ018117, GWHPBPAQ021912	JLX022900.1, JLX022900.2
OG0003783	GWHPBPAQ018134	JLX057470.1, JLX057470.2, JLX057470.3
OG0003784	GWHPBPAQ018168	JLX058010.1, JLX058010.2, JLX058010.3
OG0003785	GWHPBPAQ018176	JLX057880.1, JLX057880.2, JLX057880.3
OG0003786	GWHPBPAQ018179	JLX058030.1, JLX058030.2, JLX058030.3
OG0003787	GWHPBPAQ018199	JLX057780.1, JLX057780.2, JLX057780.3
OG0003788	GWHPBPAQ018232, GWHPBPAQ018234	JLX120310.1, JLX120690.1
OG0003789	GWHPBPAQ018241	JLX119370.1, JLX119370.2, JLX119370.3
OG0003790	GWHPBPAQ018256	JLX119140.1, JLX119140.2, JLX119140.3
OG0003791	GWHPBPAQ018263	JLX119870.1, JLX119870.2, JLX119870.3
OG0003792	GWHPBPAQ018268	JLX119660.1, JLX119660.2, JLX119660.3
OG0003793	GWHPBPAQ018271, GWHPBPAQ018273	JLX120830.1, JLX121570.1
OG0003794	GWHPBPAQ018282	JLX120920.1, JLX120920.2, JLX222720.1
OG0003795	GWHPBPAQ018288, GWHPBPAQ021888	JLX021470.1, JLX120660.1
OG0003796	GWHPBPAQ018290	JLX120580.1, JLX120580.2, JLX227120.1
OG0003797	GWHPBPAQ018302	JLX164130.1, JLX164130.2, JLX164130.3
OG0003798	GWHPBPAQ018306	JLX164150.1, JLX164150.2, JLX164150.3
OG0003799	GWHPBPAQ018313, GWHPBPAQ018827	JLX043970.1, JLX164000.1
OG0003800	GWHPBPAQ018316	JLX164010.1, JLX164010.2, JLX164010.3
OG0003801	GWHPBPAQ018320, GWHPBPAQ018667	JLX100090.1, JLX100090.2
OG0003802	GWHPBPAQ018348	JLX090790.1, JLX090790.2, JLX090790.3
OG0003803	GWHPBPAQ018351	JLX090760.1, JLX090760.2, JLX090760.3
OG0003804	GWHPBPAQ018367, GWHPBPAQ018368	JLX090720.1, JLX090800.1
OG0003805	GWHPBPAQ018387	JLX168550.1, JLX168550.2, JLX168550.3
OG0003806	GWHPBPAQ018390, GWHPBPAQ018393	JLX168050.1, JLX168210.1
OG0003807	GWHPBPAQ018436, GWHPBPAQ018438	JLX168310.1, JLX168350.1
OG0003808	GWHPBPAQ018437	JLX167950.1, JLX168090.1, JLX168540.1
OG0003809	GWHPBPAQ018444	JLX168400.1, JLX168400.2, JLX168400.3
OG0003810	GWHPBPAQ018449	JLX053670.1, JLX053670.2, JLX053670.3
OG0003811	GWHPBPAQ018450	JLX053190.1, JLX053190.2, JLX053190.3
OG0003812	GWHPBPAQ018453	JLX053460.1, JLX053460.2, JLX053460.3
OG0003813	GWHPBPAQ018455, GWHPBPAQ018456	JLX053470.1, JLX053800.1
OG0003814	GWHPBPAQ018465	JLX054030.1, JLX054030.2, JLX054030.3
OG0003815	GWHPBPAQ018502, GWHPBPAQ018504, GWHPBPAQ018555	JLX053750.1
OG0003816	GWHPBPAQ018505	JLX053430.1, JLX053500.1, JLX053500.2
OG0003817	GWHPBPAQ018549	JLX096660.1, JLX096660.2, JLX096660.3
OG0003818	GWHPBPAQ018552, GWHPBPAQ018553	JLX096200.1, JLX097320.1
OG0003819	GWHPBPAQ018579, GWHPBPAQ018602	JLX096210.1, JLX097950.1
OG0003820	GWHPBPAQ018604	JLX097760.1, JLX097760.2, JLX097760.3
OG0003821	GWHPBPAQ018606, GWHPBPAQ020857	JLX096390.1, JLX121810.1
OG0003822	GWHPBPAQ018611	JLX099970.1, JLX099970.2, JLX099970.3
OG0003823	GWHPBPAQ018613	JLX096750.1, JLX096750.2, JLX096750.3
OG0003824	GWHPBPAQ018625	JLX098860.1, JLX098860.2, JLX098860.3
OG0003825	GWHPBPAQ018637	JLX097750.1, JLX097750.2, JLX097750.3
OG0003826	GWHPBPAQ018651, GWHPBPAQ021719	JLX022720.1, JLX100100.1
OG0003827	GWHPBPAQ018675, GWHPBPAQ018676, GWHPBPAQ018677	JLX100200.1
OG0003828	GWHPBPAQ018692	JLX046250.1, JLX046250.2, JLX046250.3
OG0003829	GWHPBPAQ018721, GWHPBPAQ018722	JLX044090.1, JLX045910.1
OG0003830	GWHPBPAQ018756	JLX043870.1, JLX043870.2, JLX043870.3
OG0003831	GWHPBPAQ018772	JLX044050.1, JLX044050.2, JLX044050.3
OG0003832	GWHPBPAQ018773	JLX045990.1, JLX045990.2, JLX045990.3
OG0003833	GWHPBPAQ018776, GWHPBPAQ023092	JLX043180.1, JLX087540.1
OG0003834	GWHPBPAQ018813	JLX043590.1, JLX043590.2, JLX043590.3
OG0003835	GWHPBPAQ018843	JLX042740.1, JLX042740.2, JLX042740.3
OG0003836	GWHPBPAQ018846	JLX046240.1, JLX046240.2, JLX046240.3
OG0003837	GWHPBPAQ018858	JLX045430.1, JLX045430.2, JLX045430.3
OG0003838	GWHPBPAQ018900, GWHPBPAQ018901	JLX043640.1, JLX044570.1
OG0003839	GWHPBPAQ018922	JLX044220.1, JLX044220.2, JLX044220.3
OG0003840	GWHPBPAQ018966	JLX043240.1, JLX043240.2, JLX043240.3
OG0003841	GWHPBPAQ018990	JLX046440.1, JLX046440.2, JLX046440.3
OG0003842	GWHPBPAQ019031	JLX042480.1, JLX042480.2, JLX042480.3
OG0003843	GWHPBPAQ019058	JLX042720.1, JLX042720.2, JLX046340.1
OG0003844	GWHPBPAQ019080	JLX043550.1, JLX043550.2, JLX043550.3
OG0003845	GWHPBPAQ019092	JLX046300.1, JLX046300.2, JLX046300.3
OG0003846	GWHPBPAQ019108, GWHPBPAQ019109	JLX045530.1, JLX045530.2
OG0003847	GWHPBPAQ019121, GWHPBPAQ019127	JLX042870.1, JLX052350.1
OG0003848	GWHPBPAQ019142, GWHPBPAQ019143	JLX052300.1, JLX052420.1
OG0003849	GWHPBPAQ019159	JLX188020.1, JLX188020.2, JLX188020.3
OG0003850	GWHPBPAQ019164	JLX187850.1, JLX187850.2, JLX187850.3
OG0003851	GWHPBPAQ019173	JLX187840.1, JLX187840.2, JLX187840.3
OG0003852	GWHPBPAQ019177	JLX188120.1, JLX188120.2, JLX188120.3
OG0003853	GWHPBPAQ019178	JLX187990.1, JLX187990.2, JLX187990.3
OG0003854	GWHPBPAQ019198	JLX187690.1, JLX187690.2, JLX187690.3
OG0003855	GWHPBPAQ019230	JLX105440.1, JLX105440.2, JLX105440.3
OG0003856	GWHPBPAQ019239	JLX102870.1, JLX102870.2, JLX102870.3
OG0003857	GWHPBPAQ019241	JLX104860.1, JLX104860.2, JLX104860.3
OG0003858	GWHPBPAQ019252	JLX106700.1, JLX106700.2, JLX106700.3
OG0003859	GWHPBPAQ019260	JLX102490.1, JLX102490.2, JLX102490.3
OG0003860	GWHPBPAQ019310	JLX104790.1, JLX104790.2, JLX104790.3
OG0003861	GWHPBPAQ019324	JLX102800.1, JLX102800.2, JLX102800.3
OG0003862	GWHPBPAQ019346	JLX103530.1, JLX103530.2, JLX103530.3
OG0003863	GWHPBPAQ019361	JLX101940.1, JLX101940.2, JLX101940.3
OG0003864	GWHPBPAQ019398	JLX103010.1, JLX103010.2, JLX103010.3
OG0003865	GWHPBPAQ019415	JLX106960.1, JLX106960.2, JLX106960.3
OG0003866	GWHPBPAQ019432, GWHPBPAQ019435	JLX103350.1, JLX105580.1
OG0003867	GWHPBPAQ019463	JLX103800.1, JLX103800.2, JLX103800.3
OG0003868	GWHPBPAQ019466, GWHPBPAQ019467, GWHPBPAQ019471	JLX101740.1
OG0003869	GWHPBPAQ019473	JLX102210.1, JLX102210.2, JLX102210.3
OG0003870	GWHPBPAQ019506	JLX104870.1, JLX104870.2, JLX104870.3
OG0003871	GWHPBPAQ019586, GWHPBPAQ021617	JLX019980.1, JLX104650.1
OG0003872	GWHPBPAQ019587, GWHPBPAQ021618	JLX020500.1, JLX102260.1
OG0003873	GWHPBPAQ019595	JLX097120.1, JLX098070.1, JLX105460.1
OG0003874	GWHPBPAQ019661	JLX104900.1, JLX104900.2, JLX104900.3
OG0003875	GWHPBPAQ019673, GWHPBPAQ019675	JLX104290.1, JLX105830.1
OG0003876	GWHPBPAQ019695, GWHPBPAQ019696	JLX105200.1, JLX107250.1
OG0003877	GWHPBPAQ019725	JLX103090.1, JLX103090.2, JLX103090.3
OG0003878	GWHPBPAQ019738	JLX105470.1, JLX105470.2, JLX105470.3
OG0003879	GWHPBPAQ019739	JLX104540.1, JLX104540.2, JLX104540.3
OG0003880	GWHPBPAQ019755, GWHPBPAQ021026	JLX105960.1, JLX228040.1
OG0003881	GWHPBPAQ019772	JLX107370.1, JLX107370.2, JLX107370.3
OG0003882	GWHPBPAQ019782	JLX104030.1, JLX104030.2, JLX104030.3
OG0003883	GWHPBPAQ019794	JLX082440.1, JLX082610.1, JLX103190.1
OG0003884	GWHPBPAQ019807, GWHPBPAQ019836	JLX102830.2, JLX105240.1
OG0003885	GWHPBPAQ019833	JLX101360.1, JLX101360.2, JLX101360.3
OG0003886	GWHPBPAQ019847	JLX107440.1, JLX107440.2, JLX107440.3
OG0003887	GWHPBPAQ019874	JLX100610.1, JLX100610.2, JLX100610.3
OG0003888	GWHPBPAQ019875	JLX103680.1, JLX103680.2, JLX103680.3
OG0003889	GWHPBPAQ019897	JLX103230.1, JLX103230.2, JLX103230.3
OG0003890	GWHPBPAQ019899	JLX100760.1, JLX100760.2, JLX100760.3
OG0003891	GWHPBPAQ019911, GWHPBPAQ021894	JLX024090.1, JLX106640.1
OG0003892	GWHPBPAQ019912	JLX104230.1, JLX104230.2, JLX104230.3
OG0003893	GWHPBPAQ019916	JLX101010.1, JLX101010.2, JLX101010.3
OG0003894	GWHPBPAQ019918	JLX105750.1, JLX105750.2, JLX105750.3
OG0003895	GWHPBPAQ019972	JLX147000.1, JLX147000.2, JLX147000.3
OG0003896	GWHPBPAQ020005	JLX146640.1, JLX146640.2, JLX146640.3
OG0003897	GWHPBPAQ020013	JLX146890.1, JLX146890.2, JLX146890.3
OG0003898	GWHPBPAQ020037	JLX147960.1, JLX147960.2, JLX147960.3
OG0003899	GWHPBPAQ020048	JLX147560.1, JLX147560.2, JLX147560.3
OG0003900	GWHPBPAQ020049	JLX146690.1, JLX146690.2, JLX146690.3
OG0003901	GWHPBPAQ020095	JLX145700.1, JLX145700.2, JLX145700.3
OG0003902	GWHPBPAQ020124	JLX148020.1, JLX148020.2, JLX148020.3
OG0003903	GWHPBPAQ020140	JLX147410.1, JLX147410.2, JLX147410.3
OG0003904	GWHPBPAQ020142	JLX146600.1, JLX146600.2, JLX146600.3
OG0003905	GWHPBPAQ020146, GWHPBPAQ020148	JLX146180.1, JLX148140.1
OG0003906	GWHPBPAQ020174	JLX147540.1, JLX147540.2, JLX147540.3
OG0003907	GWHPBPAQ020180, GWHPBPAQ020246	JLX146050.1, JLX146120.1
OG0003908	GWHPBPAQ020191	JLX147390.1, JLX198530.1, JLX205190.1
OG0003909	GWHPBPAQ020195	JLX148250.1, JLX148250.2, JLX148250.3
OG0003910	GWHPBPAQ020209	JLX146190.1, JLX146190.2, JLX146190.3
OG0003911	GWHPBPAQ020215, GWHPBPAQ020219, GWHPBPAQ020220	JLX147760.1
OG0003912	GWHPBPAQ020230	JLX145230.1, JLX146160.1, JLX187890.1
OG0003913	GWHPBPAQ020255	JLX146210.1, JLX146210.2, JLX146210.3
OG0003914	GWHPBPAQ020288	JLX146650.1, JLX146650.2, JLX146650.3
OG0003915	GWHPBPAQ020333	JLX145990.1, JLX145990.2, JLX145990.3
OG0003916	GWHPBPAQ020334	JLX145510.1, JLX148180.1, JLX214310.1
OG0003917	GWHPBPAQ020352, GWHPBPAQ020353	JLX137750.1, JLX139570.1
OG0003918	GWHPBPAQ020367	JLX139190.1, JLX139190.2, JLX139190.3
OG0003919	GWHPBPAQ020410	JLX137680.1, JLX137680.2, JLX137680.3
OG0003920	GWHPBPAQ020424	JLX140350.1, JLX140350.2, JLX140350.3
OG0003921	GWHPBPAQ020427	JLX138540.1, JLX138540.2, JLX138540.3
OG0003922	GWHPBPAQ020449	JLX139220.1, JLX139220.2, JLX139220.3
OG0003923	GWHPBPAQ020492, GWHPBPAQ020495	JLX138800.1, JLX139610.1
OG0003924	GWHPBPAQ020519, GWHPBPAQ020520, GWHPBPAQ020521	JLX139780.1
OG0003925	GWHPBPAQ020544, GWHPBPAQ021583	JLX137510.1, JLX207080.1
OG0003926	GWHPBPAQ020550, GWHPBPAQ020551	JLX138720.1, JLX139880.1
OG0003927	GWHPBPAQ020593	JLX138700.1, JLX138700.2, JLX138700.3
OG0003928	GWHPBPAQ020597	JLX140530.1, JLX140530.2, JLX140530.3
OG0003929	GWHPBPAQ020607, GWHPBPAQ020609	JLX137430.1, JLX138250.1
OG0003930	GWHPBPAQ020634	JLX138270.1, JLX138270.2, JLX138270.3
OG0003931	GWHPBPAQ020639, GWHPBPAQ020640, GWHPBPAQ022834	JLX137980.1
OG0003932	GWHPBPAQ020652	JLX137670.1, JLX137670.2, JLX157510.1
OG0003933	GWHPBPAQ020677	JLX138220.1, JLX138220.2, JLX138220.3
OG0003934	GWHPBPAQ020685	JLX139080.1, JLX139080.2, JLX139080.3
OG0003935	GWHPBPAQ020730, GWHPBPAQ020731	JLX137630.1, JLX140410.1
OG0003936	GWHPBPAQ020766	JLX121420.1, JLX121420.2, JLX121420.3
OG0003937	GWHPBPAQ020776	JLX120150.1, JLX120150.2, JLX120150.3
OG0003938	GWHPBPAQ020788, GWHPBPAQ020793	JLX119520.1, JLX121090.1
OG0003939	GWHPBPAQ020819	JLX119570.1, JLX119570.2, JLX119570.3
OG0003940	GWHPBPAQ020821	JLX121880.1, JLX121880.2, JLX121880.3
OG0003941	GWHPBPAQ020848	JLX121150.1, JLX121150.2, JLX121150.3
OG0003942	GWHPBPAQ020851	JLX120740.1, JLX120740.2, JLX120740.3
OG0003943	GWHPBPAQ020871, GWHPBPAQ020873	JLX118960.1, JLX121440.1
OG0003944	GWHPBPAQ020877, GWHPBPAQ020881	JLX119390.1, JLX121840.1
OG0003945	GWHPBPAQ020898, GWHPBPAQ020899	JLX118920.1, JLX121690.1
OG0003946	GWHPBPAQ020905	JLX118970.1, JLX118970.2, JLX118970.3
OG0003947	GWHPBPAQ020914	JLX121300.1, JLX121300.2, JLX121300.3
OG0003948	GWHPBPAQ020915, GWHPBPAQ020921	JLX118830.1, JLX206410.1
OG0003949	GWHPBPAQ020930	JLX206480.1, JLX206480.2, JLX206480.3
OG0003950	GWHPBPAQ020937	JLX206430.1, JLX206430.2, JLX206430.3
OG0003951	GWHPBPAQ020938	JLX205900.1, JLX205900.2, JLX205900.3
OG0003952	GWHPBPAQ020947	JLX205970.1, JLX205970.2, JLX205970.3
OG0003953	GWHPBPAQ021041	JLX228090.1, JLX228090.2, JLX228090.3
OG0003954	GWHPBPAQ021042, GWHPBPAQ021043, GWHPBPAQ021047	JLX227990.1
OG0003955	GWHPBPAQ021050	JLX001500.1, JLX001500.2, JLX001500.3
OG0003956	GWHPBPAQ021117	JLX067320.1, JLX067320.2, JLX067320.3
OG0003957	GWHPBPAQ021119	JLX067260.1, JLX067260.2, JLX067260.3
OG0003958	GWHPBPAQ021146	JLX067480.1, JLX067480.2, JLX067480.3
OG0003959	GWHPBPAQ021186	JLX189220.1, JLX189220.2, JLX189220.3
OG0003960	GWHPBPAQ021266, GWHPBPAQ021267	JLX231940.1, JLX232010.1
OG0003961	GWHPBPAQ021275, GWHPBPAQ021276	JLX052700.1, JLX052720.1
OG0003962	GWHPBPAQ021282	JLX052710.1, JLX052710.2, JLX052710.3
OG0003963	GWHPBPAQ021283	JLX052620.1, JLX052620.2, JLX052680.1
OG0003964	GWHPBPAQ021313	JLX232280.1, JLX232280.2, JLX232280.3
OG0003965	GWHPBPAQ021315, GWHPBPAQ021317	JLX232440.1, JLX232910.1
OG0003966	GWHPBPAQ021350	JLX232450.1, JLX232450.2, JLX232450.3
OG0003967	GWHPBPAQ021415, GWHPBPAQ021416	JLX077760.1, JLX077960.1
OG0003968	GWHPBPAQ021417, GWHPBPAQ021418	JLX077600.1, JLX077870.1
OG0003969	GWHPBPAQ021427	JLX077480.1, JLX077480.2, JLX077480.3
OG0003970	GWHPBPAQ021441	JLX077950.1, JLX077950.2, JLX077950.3
OG0003971	GWHPBPAQ021463	JLX033320.1, JLX033320.2, JLX033320.3
OG0003972	GWHPBPAQ021516	JLX206650.1, JLX206650.2, JLX206650.3
OG0003973	GWHPBPAQ021563	JLX206750.1, JLX206750.2, JLX206750.3
OG0003974	GWHPBPAQ021571	JLX207100.1, JLX207100.2, JLX207100.3
OG0003975	GWHPBPAQ021592, GWHPBPAQ021593	JLX207160.1, JLX207260.1
OG0003976	GWHPBPAQ021604	JLX024450.1, JLX024450.2, JLX056400.1
OG0003977	GWHPBPAQ021608, GWHPBPAQ022572	JLX023640.1, JLX093440.1
OG0003978	GWHPBPAQ021621	JLX021230.1, JLX021230.2, JLX021230.3
OG0003979	GWHPBPAQ021625	JLX024710.1, JLX024710.2, JLX024710.3
OG0003980	GWHPBPAQ021626	JLX022540.1, JLX022540.2, JLX230270.1
OG0003981	GWHPBPAQ021634	JLX020670.1, JLX020670.2, JLX020670.3
OG0003982	GWHPBPAQ021637	JLX019760.1, JLX019760.2, JLX019760.3
OG0003983	GWHPBPAQ021639	JLX021240.1, JLX021240.2, JLX021240.3
OG0003984	GWHPBPAQ021648	JLX024230.1, JLX024230.2, JLX024230.3
OG0003985	GWHPBPAQ021650	JLX021200.1, JLX021200.2, JLX021200.3
OG0003986	GWHPBPAQ021659, GWHPBPAQ021661	JLX021750.1, JLX024370.1
OG0003987	GWHPBPAQ021679, GWHPBPAQ021680	JLX020620.1, JLX021510.1
OG0003988	GWHPBPAQ021738	JLX024140.1, JLX024140.2, JLX024140.3
OG0003989	GWHPBPAQ021763	JLX020060.1, JLX020060.2, JLX020060.3
OG0003990	GWHPBPAQ021767	JLX021630.1, JLX021630.2, JLX021630.3
OG0003991	GWHPBPAQ021776	JLX019930.1, JLX019930.2, JLX019930.3
OG0003992	GWHPBPAQ021780	JLX019240.1, JLX019240.2, JLX019240.3
OG0003993	GWHPBPAQ021844	JLX020240.1, JLX020240.2, JLX020240.3
OG0003994	GWHPBPAQ021859	JLX021360.1, JLX021360.2, JLX021360.3
OG0003995	GWHPBPAQ021876	JLX022920.1, JLX022920.2, JLX022920.3
OG0003996	GWHPBPAQ021887	JLX022290.1, JLX022290.2, JLX022290.3
OG0003997	GWHPBPAQ021897	JLX021990.1, JLX021990.2, JLX021990.3
OG0003998	GWHPBPAQ021903	JLX020690.1, JLX022580.1, JLX024730.1
OG0003999	GWHPBPAQ021907	JLX020830.1, JLX020830.2, JLX020830.3
OG0004000	GWHPBPAQ021923, GWHPBPAQ021924	JLX022690.1, JLX024100.1
OG0004001	GWHPBPAQ021951	JLX024500.1, JLX027700.1, JLX164840.1
OG0004002	GWHPBPAQ021960	JLX024060.1, JLX024060.2, JLX024060.3
OG0004003	GWHPBPAQ021990, GWHPBPAQ021996	JLX022480.1, JLX023700.1
OG0004004	GWHPBPAQ022086	JLX020080.1, JLX020080.2, JLX200780.1
OG0004005	GWHPBPAQ022101	JLX024640.1, JLX024640.2, JLX024640.3
OG0004006	GWHPBPAQ022106	JLX020150.1, JLX020150.2, JLX020150.3
OG0004007	GWHPBPAQ022151	JLX169200.1, JLX169800.1, JLX171200.1
OG0004008	GWHPBPAQ022198	JLX081930.1, JLX081930.2, JLX212920.1
OG0004009	GWHPBPAQ022204	JLX029950.1, JLX074650.1, JLX082450.1
OG0004010	GWHPBPAQ022214	JLX082000.1, JLX082160.1, JLX082180.1
OG0004011	GWHPBPAQ022218	JLX082260.1, JLX082260.2, JLX082260.3
OG0004012	GWHPBPAQ022246	JLX082150.1, JLX082150.2, JLX082150.3
OG0004013	GWHPBPAQ022257, GWHPBPAQ022258	JLX082590.1, JLX082780.1
OG0004014	GWHPBPAQ022291, GWHPBPAQ022293	JLX142390.1, JLX229180.1
OG0004015	GWHPBPAQ022313, GWHPBPAQ022400	JLX077120.1, JLX217370.1
OG0004016	GWHPBPAQ022322	JLX016240.1, JLX016240.2, JLX016240.3
OG0004017	GWHPBPAQ022389	JLX217570.1, JLX217570.2, JLX217570.3
OG0004018	GWHPBPAQ022410	JLX217670.1, JLX217670.2, JLX217670.3
OG0004019	GWHPBPAQ022412	JLX217630.1, JLX217630.2, JLX217630.3
OG0004020	GWHPBPAQ022417	JLX217730.1, JLX217730.2, JLX217730.3
OG0004021	GWHPBPAQ022418	JLX002440.1, JLX217320.1, JLX217320.2
OG0004022	GWHPBPAQ022442	JLX093570.1, JLX093570.2, JLX093570.3
OG0004023	GWHPBPAQ022473, GWHPBPAQ022474	JLX093490.1, JLX094640.1
OG0004024	GWHPBPAQ022481	JLX094600.1, JLX094600.2, JLX094600.3
OG0004025	GWHPBPAQ022515	JLX094760.1, JLX094760.2, JLX094760.3
OG0004026	GWHPBPAQ022516, GWHPBPAQ022517	JLX094000.1, JLX094870.1
OG0004027	GWHPBPAQ022561	JLX093330.1, JLX093330.2, JLX093330.3
OG0004028	GWHPBPAQ022590	JLX093710.1, JLX093710.2, JLX093710.3
OG0004029	GWHPBPAQ022647, GWHPBPAQ022648	JLX165660.1, JLX165700.1
OG0004030	GWHPBPAQ022657	JLX165870.1, JLX166090.1, JLX166100.1
OG0004031	GWHPBPAQ022686, GWHPBPAQ022694	JLX165410.1, JLX165560.1
OG0004032	GWHPBPAQ022690, GWHPBPAQ022692	JLX165650.1, JLX166070.1
OG0004033	GWHPBPAQ022699	JLX051510.1, JLX165830.1, JLX210090.1
OG0004034	GWHPBPAQ022713, GWHPBPAQ022717	JLX050510.1, JLX052260.1
OG0004035	GWHPBPAQ022729	JLX051250.1, JLX051250.2, JLX051250.3
OG0004036	GWHPBPAQ022739	JLX052010.1, JLX052010.2, JLX052010.3
OG0004037	GWHPBPAQ022742	JLX051420.1, JLX051420.2, JLX051420.3
OG0004038	GWHPBPAQ022761	JLX051220.1, JLX051220.2, JLX051220.3
OG0004039	GWHPBPAQ022777, GWHPBPAQ022780	JLX051590.1, JLX051910.1
OG0004040	GWHPBPAQ022782, GWHPBPAQ022783	JLX051680.1, JLX051680.2
OG0004041	GWHPBPAQ022801	JLX001040.1, JLX045150.1, JLX050940.1
OG0004042	GWHPBPAQ022852	JLX050370.1, JLX051030.1, JLX051030.2
OG0004043	GWHPBPAQ022854, GWHPBPAQ022855	JLX051820.1, JLX051820.2
OG0004044	GWHPBPAQ022858, GWHPBPAQ022859	JLX050490.1, JLX051390.1
OG0004045	GWHPBPAQ022860, GWHPBPAQ022861	JLX050400.1, JLX050400.2
OG0004046	GWHPBPAQ022866	JLX051690.1, JLX051690.2, JLX051690.3
OG0004047	GWHPBPAQ022872	JLX051110.1, JLX051110.2, JLX051500.1
OG0004048	GWHPBPAQ022898	JLX050860.1, JLX050860.2, JLX120410.1
OG0004049	GWHPBPAQ022919	JLX051060.1, JLX065370.1, JLX087610.1
OG0004050	GWHPBPAQ022958	JLX086690.1, JLX086690.2, JLX086690.3
OG0004051	GWHPBPAQ022976	JLX085250.1, JLX085250.2, JLX085250.3
OG0004052	GWHPBPAQ022986	JLX088410.1, JLX088410.2, JLX088410.3
OG0004053	GWHPBPAQ022990, GWHPBPAQ022992	JLX085230.1, JLX087040.1
OG0004054	GWHPBPAQ023001	JLX087800.1, JLX087800.2, JLX087800.3
OG0004055	GWHPBPAQ023026	JLX089080.1, JLX089080.2, JLX089080.3
OG0004056	GWHPBPAQ023042	JLX089040.1, JLX089040.2, JLX089040.3
OG0004057	GWHPBPAQ023044	JLX088030.1, JLX088030.2, JLX088030.3
OG0004058	GWHPBPAQ023069	JLX087370.1, JLX087400.1, JLX088080.1
OG0004059	GWHPBPAQ023087	JLX089030.1, JLX089030.2, JLX089030.3
OG0004060	GWHPBPAQ023088, GWHPBPAQ023091	JLX088230.1, JLX088370.1
OG0004061	GWHPBPAQ023101	JLX088860.1, JLX088860.2, JLX088860.3
OG0004062	GWHPBPAQ023111, GWHPBPAQ023112	JLX087600.1, JLX088520.1
OG0004063	GWHPBPAQ023128, GWHPBPAQ023143	JLX085100.1, JLX087780.1
OG0004064	GWHPBPAQ023148, GWHPBPAQ023447	JLX087340.1, JLX215080.1
OG0004065	GWHPBPAQ023162	JLX088390.1, JLX088390.2, JLX088390.3
OG0004066	GWHPBPAQ023201, GWHPBPAQ023202	JLX086000.1, JLX087930.1
OG0004067	GWHPBPAQ023221	JLX087180.1, JLX087180.2, JLX087180.3
OG0004068	GWHPBPAQ023243	JLX088220.1, JLX088220.2, JLX088220.3
OG0004069	GWHPBPAQ023246	JLX085850.1, JLX085850.2, JLX085850.3
OG0004070	GWHPBPAQ023252	JLX089200.1, JLX089200.2, JLX089200.3
OG0004071	GWHPBPAQ023271	JLX085180.1, JLX085180.2, JLX085180.3
OG0004072	GWHPBPAQ023302	JLX085920.1, JLX085920.2, JLX085920.3
OG0004073	GWHPBPAQ023315	JLX087920.1, JLX087920.2, JLX087920.3
OG0004074	GWHPBPAQ023318, GWHPBPAQ023319, GWHPBPAQ023320	JLX087080.1
OG0004075	GWHPBPAQ023349	JLX087950.1, JLX087950.2, JLX087950.3
OG0004076	GWHPBPAQ023381	JLX215920.1, JLX215920.2, JLX215920.3
OG0004077	GWHPBPAQ023388, GWHPBPAQ023391	JLX215690.1, JLX215790.1
OG0004078	GWHPBPAQ023416	JLX214860.1, JLX214860.2, JLX214860.3
OG0004079	GWHPBPAQ023423	JLX214770.1, JLX214770.2, JLX214770.3
OG0004080	GWHPBPAQ023458, GWHPBPAQ023463	JLX214650.1, JLX214650.2
OG0004081	GWHPBPAQ023487	JLX215770.1, JLX215770.2, JLX215770.3
OG0004082	GWHPBPAQ023496	JLX215930.1, JLX215930.2, JLX215930.3
OG0004083	GWHPBPAQ023538	JLX214590.1, JLX214590.2, JLX214590.3
OG0004084	Null	JLX151380.1, JLX151380.2, JLX151380.3, JLX188360.1
OG0004085	Null	JLX042270.1, JLX042270.2, JLX042270.3, JLX042310.1
OG0004086	Null	JLX142690.1, JLX142690.2, JLX142690.3, JLX142690.4
OG0004087	Null	JLX049210.1, JLX049210.2, JLX049210.3, JLX049210.4
OG0004088	Null	JLX003000.1, JLX006660.1, JLX198360.1, JLX231460.1
OG0004089	Null	JLX122430.1, JLX186800.1, JLX203940.1, JLX209110.1
OG0004090	Null	JLX077420.1, JLX077670.1, JLX077840.1, JLX232390.1
OG0004091	Null	JLX003080.1, JLX147770.1, JLX205830.1, JLX210150.1
OG0004092	Null	JLX205720.1, JLX205720.2, JLX205720.3, JLX205720.4
OG0004093	Null	JLX161900.1, JLX162520.1, JLX162700.1, JLX162700.2
OG0004094	Null	JLX148850.1, JLX205330.1, JLX205690.1, JLX230440.1
OG0004095	Null	JLX002180.1, JLX069590.1, JLX140700.1, JLX140750.1
OG0004096	Null	JLX020700.1, JLX112770.1, JLX114700.1, JLX118490.1
OG0004097	Null	JLX068140.1, JLX068430.1, JLX216440.1, JLX216670.1
OG0004098	Null	JLX002120.1, JLX140720.1, JLX140760.1, JLX212430.1
OG0004099	Null	JLX099430.1, JLX099430.2, JLX099430.3, JLX099430.4
OG0004100	Null	JLX182130.1, JLX182130.2, JLX182130.3, JLX182130.4
OG0004101	Null	JLX151370.1, JLX151490.1, JLX151490.2, JLX151700.1
OG0004102	Null	JLX085170.2, JLX085170.3, JLX085170.4, JLX085170.5
OG0004103	Null	JLX045590.1, JLX065210.1, JLX140710.1, JLX140780.1
OG0004104	Null	JLX001410.1, JLX069310.1, JLX130750.1, JLX162590.1
OG0004105	Null	JLX001740.1, JLX081720.1, JLX205510.1, JLX230430.1
OG0004106	Null	JLX125720.1, JLX125720.2, JLX125720.3, JLX125720.4
OG0004107	Null	JLX030690.1, JLX030690.2, JLX030690.3, JLX030690.4
OG0004108	Null	JLX024150.1, JLX068620.1, JLX086040.1, JLX214230.1
OG0004109	Null	JLX129370.1, JLX129370.2, JLX129370.3, JLX129370.4
OG0004110	Null	JLX220900.1, JLX222190.1, JLX222190.2, JLX222190.3
OG0004111	Null	JLX032220.1, JLX032220.2, JLX032220.3, JLX032220.4
OG0004112	Null	JLX133570.1, JLX133570.2, JLX133570.3, JLX133570.4
OG0004113	Null	JLX172110.1, JLX172110.2, JLX172110.3, JLX172110.4
OG0004114	Null	JLX187060.1, JLX187060.2, JLX187060.3, JLX187060.4
OG0004115	Null	JLX007170.1, JLX096070.1, JLX097820.1, JLX098570.1
OG0004116	Null	JLX206340.1, JLX227900.1, JLX228240.1, JLX228240.2
OG0004117	Null	JLX095850.1, JLX121900.1, JLX151240.1, JLX230580.1
OG0004118	Null	JLX138930.1, JLX138930.2, JLX138930.3, JLX138930.4
OG0004119	Null	JLX071020.1, JLX087250.1, JLX202300.1, JLX214750.1
OG0004120	Null	JLX055880.1, JLX055880.2, JLX055880.3, JLX055880.4
OG0004121	Null	JLX190910.1, JLX190910.2, JLX190910.3, JLX190910.4
OG0004122	Null	JLX222710.2, JLX222710.3, JLX222710.4, JLX222710.5
OG0004123	Null	JLX034090.1, JLX081370.1, JLX095420.1, JLX209300.1
OG0004124	Null	JLX163170.2, JLX163170.3, JLX163170.4, JLX163170.5
OG0004125	Null	JLX030680.1, JLX066690.1, JLX119450.1, JLX177610.1
OG0004126	Null	JLX088350.1, JLX088350.2, JLX088350.3, JLX088350.4
OG0004127	Null	JLX199840.1, JLX199840.2, JLX199840.3, JLX199840.4
OG0004128	Null	JLX144100.1, JLX144100.3, JLX144100.4, JLX144100.5
OG0004129	Null	JLX054070.1, JLX092440.1, JLX176120.1, JLX227600.1
OG0004130	Null	JLX084260.1, JLX186970.1, JLX186970.2, JLX186970.3
OG0004131	Null	JLX148830.1, JLX232320.1, JLX232420.1, JLX232860.1
OG0004132	Null	JLX055240.1, JLX055240.2, JLX055240.3, JLX055240.4
OG0004133	Null	JLX058370.1, JLX058370.2, JLX058370.3, JLX058370.4
OG0004134	Null	JLX073710.1, JLX073710.2, JLX073710.3, JLX073710.4
OG0004135	Null	JLX035570.1, JLX067130.1, JLX067510.1, JLX120880.1
OG0004136	Null	JLX087910.1, JLX087910.2, JLX087910.3, JLX087910.4
OG0004137	GWHPBPAQ000001, GWHPBPAQ015559	JLX112190.1
OG0004138	GWHPBPAQ000003	JLX229100.1, JLX229100.2
OG0004139	GWHPBPAQ000004	JLX228690.1, JLX228690.2
OG0004140	GWHPBPAQ000022	JLX228780.1, JLX228780.2
OG0004141	GWHPBPAQ000032	JLX229110.1, JLX229110.2
OG0004142	GWHPBPAQ000042	JLX228890.1, JLX228890.2
OG0004143	GWHPBPAQ000043	JLX228840.1, JLX228840.2
OG0004144	GWHPBPAQ000046	JLX228820.1, JLX228820.2
OG0004145	GWHPBPAQ000047	JLX229040.1, JLX229040.2
OG0004146	GWHPBPAQ000050	JLX228710.1, JLX228710.2
OG0004147	GWHPBPAQ000054	JLX228720.1, JLX228720.2
OG0004148	GWHPBPAQ000058	JLX056780.1, JLX228640.1
OG0004149	GWHPBPAQ000060	JLX054660.1, JLX228530.1
OG0004150	GWHPBPAQ000061	JLX056270.1, JLX228850.1
OG0004151	GWHPBPAQ000067	JLX056190.1, JLX056190.2
OG0004152	GWHPBPAQ000068, GWHPBPAQ000497	JLX056630.1
OG0004153	GWHPBPAQ000070	JLX054580.1, JLX054580.2
OG0004154	GWHPBPAQ000071	JLX057160.1, JLX057160.2
OG0004155	GWHPBPAQ000075	JLX055560.1, JLX055560.2
OG0004156	GWHPBPAQ000081	JLX055130.1, JLX055130.2
OG0004157	GWHPBPAQ000095, GWHPBPAQ002117	JLX090070.1
OG0004158	GWHPBPAQ000105, GWHPBPAQ020678	JLX140550.1
OG0004159	GWHPBPAQ000106, GWHPBPAQ002098	JLX164760.1
OG0004160	GWHPBPAQ000114	JLX054680.1, JLX054680.2
OG0004161	GWHPBPAQ000125	JLX055450.1, JLX055450.2
OG0004162	GWHPBPAQ000127, GWHPBPAQ018016	JLX179460.1
OG0004163	GWHPBPAQ000132	JLX055330.1, JLX055330.2
OG0004164	GWHPBPAQ000138	JLX055120.1, JLX055120.2
OG0004165	GWHPBPAQ000142	JLX055510.1, JLX055510.2
OG0004166	GWHPBPAQ000143	JLX056320.1, JLX056320.2
OG0004167	GWHPBPAQ000147	JLX056870.1, JLX056870.2
OG0004168	GWHPBPAQ000148	JLX055950.1, JLX055950.2
OG0004169	GWHPBPAQ000150, GWHPBPAQ003090	JLX056230.1
OG0004170	GWHPBPAQ000152	JLX054800.1, JLX054800.2
OG0004171	GWHPBPAQ000157	JLX056550.1, JLX221440.1
OG0004172	GWHPBPAQ000158	JLX054940.1, JLX054940.2
OG0004173	GWHPBPAQ000164, GWHPBPAQ003742	JLX028270.1
OG0004174	GWHPBPAQ000168	JLX056690.1, JLX056690.2
OG0004175	GWHPBPAQ000171, GWHPBPAQ020407	JLX057070.1
OG0004176	GWHPBPAQ000173, GWHPBPAQ012959	JLX219190.1
OG0004177	GWHPBPAQ000178	JLX057380.1, JLX057380.2
OG0004178	GWHPBPAQ000185, GWHPBPAQ022639	JLX056540.1
OG0004179	GWHPBPAQ000186	JLX057370.1, JLX057370.2
OG0004180	GWHPBPAQ000204, GWHPBPAQ020870, GWHPBPAQ020872	
OG0004181	GWHPBPAQ000214	JLX054550.1, JLX054550.2
OG0004182	GWHPBPAQ000221, GWHPBPAQ021705	JLX057200.1
OG0004183	GWHPBPAQ000227	JLX056920.1, JLX056920.2
OG0004184	GWHPBPAQ000232, GWHPBPAQ021581	JLX054610.1
OG0004185	GWHPBPAQ000261	JLX056570.1, JLX056570.2
OG0004186	GWHPBPAQ000264	JLX057260.1, JLX057260.2
OG0004187	GWHPBPAQ000273, GWHPBPAQ021773	JLX020380.1
OG0004188	GWHPBPAQ000275	JLX055350.1, JLX055350.2
OG0004189	GWHPBPAQ000276	JLX056280.1, JLX089970.1
OG0004190	GWHPBPAQ000280	JLX054950.1, JLX056440.1
OG0004191	GWHPBPAQ000282, GWHPBPAQ000283	JLX055770.1
OG0004192	GWHPBPAQ000286, GWHPBPAQ003226	JLX055230.1
OG0004193	GWHPBPAQ000295	JLX056080.1, JLX056080.2
OG0004194	GWHPBPAQ000306	JLX055380.1, JLX055380.2
OG0004195	GWHPBPAQ000317	JLX054710.1, JLX056340.1
OG0004196	GWHPBPAQ000318	JLX056430.1, JLX056430.2
OG0004197	GWHPBPAQ000319	JLX055600.1, JLX055600.2
OG0004198	GWHPBPAQ000321	JLX055270.1, JLX055270.2
OG0004199	GWHPBPAQ000346	JLX055610.1, JLX055610.2
OG0004200	GWHPBPAQ000351	JLX055940.1, JLX055940.2
OG0004201	GWHPBPAQ000361	JLX055800.1, JLX055800.2
OG0004202	GWHPBPAQ000370, GWHPBPAQ016028	JLX050070.1
OG0004203	GWHPBPAQ000385	JLX050140.1, JLX050140.2
OG0004204	GWHPBPAQ000404	JLX049350.1, JLX049350.2
OG0004205	GWHPBPAQ000408	JLX049120.1, JLX049120.2
OG0004206	GWHPBPAQ000409	JLX049430.1, JLX049430.2
OG0004207	GWHPBPAQ000410	JLX050120.1, JLX050120.2
OG0004208	GWHPBPAQ000422, GWHPBPAQ007050	JLX201950.1
OG0004209	GWHPBPAQ000429, GWHPBPAQ007062	JLX050170.1
OG0004210	GWHPBPAQ000449	JLX049530.1, JLX049530.2
OG0004211	GWHPBPAQ000450	JLX049720.1, JLX049720.2
OG0004212	GWHPBPAQ000459	JLX049650.1, JLX049650.2
OG0004213	GWHPBPAQ000466, GWHPBPAQ007103	JLX199990.1
OG0004214	GWHPBPAQ000470	JLX049010.1, JLX049010.2
OG0004215	GWHPBPAQ000477	JLX050090.1, JLX050090.2
OG0004216	GWHPBPAQ000478	JLX015900.1, JLX049340.1
OG0004217	GWHPBPAQ000480, GWHPBPAQ003190	JLX050020.1
OG0004218	GWHPBPAQ000483	JLX049150.1, JLX049150.2
OG0004219	GWHPBPAQ000484, GWHPBPAQ013894	JLX196910.1
OG0004220	GWHPBPAQ000496, GWHPBPAQ018120	JLX175330.1
OG0004221	GWHPBPAQ000498, GWHPBPAQ014079	JLX197180.1
OG0004222	GWHPBPAQ000499, GWHPBPAQ020141	JLX148340.1
OG0004223	GWHPBPAQ000504	JLX149640.1, JLX149640.2
OG0004224	GWHPBPAQ000505	JLX149540.1, JLX149540.2
OG0004225	GWHPBPAQ000508	JLX149410.1, JLX149410.2
OG0004226	GWHPBPAQ000512	JLX149110.1, JLX149110.2
OG0004227	GWHPBPAQ000519	JLX149680.1, JLX149680.2
OG0004228	GWHPBPAQ000525, GWHPBPAQ009534	JLX063220.1
OG0004229	GWHPBPAQ000526, GWHPBPAQ021714	JLX020360.1
OG0004230	GWHPBPAQ000528	JLX017900.1, JLX017900.2
OG0004231	GWHPBPAQ000534, GWHPBPAQ015674	JLX017780.1
OG0004232	GWHPBPAQ000536, GWHPBPAQ007168	JLX016980.1
OG0004233	GWHPBPAQ000542	JLX018210.1, JLX018210.2
OG0004234	GWHPBPAQ000560, GWHPBPAQ006095	JLX042200.1
OG0004235	GWHPBPAQ000568, GWHPBPAQ021088	JLX016870.1
OG0004236	GWHPBPAQ000570, GWHPBPAQ002362	JLX019090.1
OG0004237	GWHPBPAQ000572, GWHPBPAQ007196	JLX025090.1
OG0004238	GWHPBPAQ000578	JLX018080.1, JLX018080.2
OG0004239	GWHPBPAQ000585, GWHPBPAQ014003	JLX194970.1
OG0004240	GWHPBPAQ000591, GWHPBPAQ007585	JLX144650.1
OG0004241	GWHPBPAQ000598	JLX018180.1, JLX018180.2
OG0004242	GWHPBPAQ000617, GWHPBPAQ000619	JLX018880.1
OG0004243	GWHPBPAQ000623	JLX016380.1, JLX016380.2
OG0004244	GWHPBPAQ000624	JLX018330.1, JLX018330.2
OG0004245	GWHPBPAQ000631	JLX018970.1, JLX099940.1
OG0004246	GWHPBPAQ000661	JLX017430.1, JLX017430.2
OG0004247	GWHPBPAQ000663	JLX017820.1, JLX017820.2
OG0004248	GWHPBPAQ000665	JLX016900.1, JLX016900.2
OG0004249	GWHPBPAQ000667	JLX017160.1, JLX018190.1
OG0004250	GWHPBPAQ000673	JLX018490.1, JLX018490.2
OG0004251	GWHPBPAQ000677	JLX018150.1, JLX018150.2
OG0004252	GWHPBPAQ000678	JLX018990.1, JLX018990.2
OG0004253	GWHPBPAQ000685, GWHPBPAQ004103	JLX156050.1
OG0004254	GWHPBPAQ000692, GWHPBPAQ014889	JLX110560.1
OG0004255	GWHPBPAQ000697	JLX018760.1, JLX018760.2
OG0004256	GWHPBPAQ000703, GWHPBPAQ022988	JLX088130.1
OG0004257	GWHPBPAQ000713, GWHPBPAQ016477	JLX039110.1
OG0004258	GWHPBPAQ000719, GWHPBPAQ000720	JLX016640.1
OG0004259	GWHPBPAQ000722, GWHPBPAQ012880	JLX015990.1
OG0004260	GWHPBPAQ000727	JLX017470.1, JLX018250.1
OG0004261	GWHPBPAQ000728	JLX017830.1, JLX017830.2
OG0004262	GWHPBPAQ000734	JLX016950.1, JLX016950.2
OG0004263	GWHPBPAQ000737	JLX018930.1, JLX018930.2
OG0004264	GWHPBPAQ000746	JLX017130.1, JLX017130.2
OG0004265	GWHPBPAQ000753	JLX016800.1, JLX016800.2
OG0004266	GWHPBPAQ000770, GWHPBPAQ022888	JLX018320.1
OG0004267	GWHPBPAQ000772, GWHPBPAQ021979	JLX018450.1
OG0004268	GWHPBPAQ000783, GWHPBPAQ005716	JLX191500.1
OG0004269	GWHPBPAQ000795	JLX016580.1, JLX016580.2
OG0004270	GWHPBPAQ000806	JLX017270.1, JLX017270.2
OG0004271	GWHPBPAQ000818, GWHPBPAQ021935	JLX023300.1
OG0004272	GWHPBPAQ000828	JLX047360.1, JLX047360.2
OG0004273	GWHPBPAQ000845	JLX047440.1, JLX047440.2
OG0004274	GWHPBPAQ000859, GWHPBPAQ000860	JLX046840.1
OG0004275	GWHPBPAQ000875	JLX047850.1, JLX047850.2
OG0004276	GWHPBPAQ000882	JLX047900.1, JLX047900.2
OG0004277	GWHPBPAQ000883	JLX047210.1, JLX047210.2
OG0004278	GWHPBPAQ000884	JLX048270.1, JLX048270.2
OG0004279	GWHPBPAQ000887	JLX048710.1, JLX048710.2
OG0004280	GWHPBPAQ000888	JLX047520.1, JLX047520.2
OG0004281	GWHPBPAQ000891, GWHPBPAQ003927	JLX047500.1
OG0004282	GWHPBPAQ000898	JLX047260.1, JLX047260.2
OG0004283	GWHPBPAQ000899	JLX047710.1, JLX047710.2
OG0004284	GWHPBPAQ000900	JLX046750.1, JLX046750.2
OG0004285	GWHPBPAQ000901, GWHPBPAQ001715	JLX047660.1
OG0004286	GWHPBPAQ000902	JLX046740.1, JLX046740.2
OG0004287	GWHPBPAQ000909	JLX047110.1, JLX047110.2
OG0004288	GWHPBPAQ000912	JLX047990.1, JLX047990.2
OG0004289	GWHPBPAQ000919	JLX047740.1, JLX047740.2
OG0004290	GWHPBPAQ000922	JLX047130.1, JLX047130.2
OG0004291	GWHPBPAQ000925, GWHPBPAQ000927	JLX047180.1
OG0004292	GWHPBPAQ000933	JLX048450.1, JLX048450.2
OG0004293	GWHPBPAQ000935, GWHPBPAQ002182	JLX002620.1
OG0004294	GWHPBPAQ000937	JLX048360.1, JLX048360.2
OG0004295	GWHPBPAQ000940	JLX047150.1, JLX047150.2
OG0004296	GWHPBPAQ000941	JLX048770.1, JLX048770.2
OG0004297	GWHPBPAQ000950	JLX047370.1, JLX047370.2
OG0004298	GWHPBPAQ000951	JLX047020.1, JLX047020.2
OG0004299	GWHPBPAQ000953	JLX047100.1, JLX047100.2
OG0004300	GWHPBPAQ000957	JLX047820.1, JLX047820.2
OG0004301	GWHPBPAQ000966, GWHPBPAQ016000	JLX048400.1
OG0004302	GWHPBPAQ000981	JLX048200.1, JLX048200.2
OG0004303	GWHPBPAQ000987, GWHPBPAQ006955	JLX047980.1
OG0004304	GWHPBPAQ000989	JLX047580.1, JLX047580.2
OG0004305	GWHPBPAQ000992	JLX048700.1, JLX048700.2
OG0004306	GWHPBPAQ000994	JLX048550.1, JLX048550.2
OG0004307	GWHPBPAQ000995	JLX047350.1, JLX047350.2
OG0004308	GWHPBPAQ001003	JLX047000.1, JLX047000.2
OG0004309	GWHPBPAQ001009	JLX047240.1, JLX047240.2
OG0004310	GWHPBPAQ001013	JLX048470.1, JLX048470.2
OG0004311	GWHPBPAQ001015	JLX047590.1, JLX047590.2
OG0004312	GWHPBPAQ001018	JLX048030.1, JLX159420.1
OG0004313	GWHPBPAQ001022	JLX048670.1, JLX162860.1
OG0004314	GWHPBPAQ001025	JLX048570.1, JLX159410.1
OG0004315	GWHPBPAQ001026	JLX047830.1, JLX158850.1
OG0004316	GWHPBPAQ001027	JLX048520.1, JLX162740.1
OG0004317	GWHPBPAQ001030	JLX047220.1, JLX159240.1
OG0004318	GWHPBPAQ001035	JLX098290.1, JLX098290.2
OG0004319	GWHPBPAQ001045	JLX099460.1, JLX099670.1
OG0004320	GWHPBPAQ001049	JLX099960.1, JLX099960.2
OG0004321	GWHPBPAQ001053, GWHPBPAQ001507	JLX096120.1
OG0004322	GWHPBPAQ001063, GWHPBPAQ013846	JLX096590.1
OG0004323	GWHPBPAQ001064	JLX099280.1, JLX099280.2
OG0004324	GWHPBPAQ001074	JLX099410.1, JLX099410.2
OG0004325	GWHPBPAQ001075	JLX097970.1, JLX097970.2
OG0004326	GWHPBPAQ001091	JLX097700.1, JLX097700.2
OG0004327	GWHPBPAQ001092, GWHPBPAQ019489	JLX105150.1
OG0004328	GWHPBPAQ001099, GWHPBPAQ001100	JLX098700.1
OG0004329	GWHPBPAQ001110	JLX098710.1, JLX142330.1
OG0004330	GWHPBPAQ001117	JLX099480.1, JLX099480.2
OG0004331	GWHPBPAQ001129	JLX097200.1, JLX097200.2
OG0004332	GWHPBPAQ001141	JLX099500.1, JLX099500.2
OG0004333	GWHPBPAQ001142	JLX100460.1, JLX100460.2
OG0004334	GWHPBPAQ001153, GWHPBPAQ001154	JLX095700.1
OG0004335	GWHPBPAQ001161	JLX097150.1, JLX097150.2
OG0004336	GWHPBPAQ001168	JLX096720.1, JLX096720.2
OG0004337	GWHPBPAQ001171	JLX096030.1, JLX096030.2
OG0004338	GWHPBPAQ001172	JLX096920.1, JLX096920.2
OG0004339	GWHPBPAQ001178, GWHPBPAQ005883	JLX097630.1
OG0004340	GWHPBPAQ001187	JLX099690.1, JLX099690.2
OG0004341	GWHPBPAQ001209	JLX099100.1, JLX099100.2
OG0004342	GWHPBPAQ001214, GWHPBPAQ013666	JLX195530.1
OG0004343	GWHPBPAQ001215, GWHPBPAQ013665	JLX194740.1
OG0004344	GWHPBPAQ001225	JLX096680.1, JLX096680.2
OG0004345	GWHPBPAQ001226, GWHPBPAQ001410	JLX096830.1
OG0004346	GWHPBPAQ001231	JLX097300.1, JLX097300.2
OG0004347	GWHPBPAQ001234, GWHPBPAQ020959	JLX099790.1
OG0004348	GWHPBPAQ001239	JLX096110.1, JLX096110.2
OG0004349	GWHPBPAQ001261, GWHPBPAQ008467	JLX011600.1
OG0004350	GWHPBPAQ001263, GWHPBPAQ008466	JLX097850.1
OG0004351	GWHPBPAQ001264, GWHPBPAQ008464	JLX014770.1
OG0004352	GWHPBPAQ001266	JLX099040.1, JLX099040.2
OG0004353	GWHPBPAQ001272	JLX097620.1, JLX100480.1
OG0004354	GWHPBPAQ001275	JLX099330.1, JLX099330.2
OG0004355	GWHPBPAQ001279, GWHPBPAQ001284	JLX096670.1
OG0004356	GWHPBPAQ001287	JLX098880.1, JLX100010.1
OG0004357	GWHPBPAQ001289, GWHPBPAQ007280	JLX026630.1
OG0004358	GWHPBPAQ001292	JLX096320.1, JLX096320.2
OG0004359	GWHPBPAQ001293	JLX097660.1, JLX137230.1
OG0004360	GWHPBPAQ001308	JLX097050.1, JLX097050.2
OG0004361	GWHPBPAQ001318	JLX095920.1, JLX095920.2
OG0004362	GWHPBPAQ001322, GWHPBPAQ001324	JLX100170.1
OG0004363	GWHPBPAQ001326, GWHPBPAQ001338	JLX097430.1
OG0004364	GWHPBPAQ001346, GWHPBPAQ001347	JLX097070.1
OG0004365	GWHPBPAQ001353, GWHPBPAQ001354	JLX096880.1
OG0004366	GWHPBPAQ001356, GWHPBPAQ001358	JLX099930.1
OG0004367	GWHPBPAQ001359	JLX095730.1, JLX095730.2
OG0004368	GWHPBPAQ001361	JLX097770.1, JLX097770.2
OG0004369	GWHPBPAQ001364	JLX099610.1, JLX099610.2
OG0004370	GWHPBPAQ001400	JLX141580.1, JLX141580.2
OG0004371	GWHPBPAQ001427, GWHPBPAQ016330	JLX036100.1
OG0004372	GWHPBPAQ001440, GWHPBPAQ018944	JLX045840.1
OG0004373	GWHPBPAQ001443, GWHPBPAQ001444	JLX141720.1
OG0004374	GWHPBPAQ001472, GWHPBPAQ018099	JLX064980.1
OG0004375	GWHPBPAQ001480, GWHPBPAQ009369	JLX059970.1
OG0004376	GWHPBPAQ001486	JLX064760.1, JLX064760.2
OG0004377	GWHPBPAQ001489	JLX065220.1, JLX065220.2
OG0004378	GWHPBPAQ001492	JLX064750.1, JLX064750.2
OG0004379	GWHPBPAQ001494	JLX065110.1, JLX065130.1
OG0004380	GWHPBPAQ001503, GWHPBPAQ001508	JLX065040.1
OG0004381	GWHPBPAQ001512	JLX064670.1, JLX064670.2
OG0004382	GWHPBPAQ001516	JLX064850.1, JLX064850.2
OG0004383	GWHPBPAQ001523	JLX064830.1, JLX064830.2
OG0004384	GWHPBPAQ001531	JLX064870.1, JLX064870.2
OG0004385	GWHPBPAQ001538, GWHPBPAQ005347	JLX037460.1
OG0004386	GWHPBPAQ001546, GWHPBPAQ013016	JLX065030.1
OG0004387	GWHPBPAQ001549, GWHPBPAQ013565	JLX081250.1
OG0004388	GWHPBPAQ001550, GWHPBPAQ013959	JLX192230.1
OG0004389	GWHPBPAQ001563	JLX029060.1, JLX082820.1
OG0004390	GWHPBPAQ001565, GWHPBPAQ001566	JLX083230.1
OG0004391	GWHPBPAQ001570	JLX083170.1, JLX083170.2
OG0004392	GWHPBPAQ001578	JLX083060.1, JLX083060.2
OG0004393	GWHPBPAQ001580, GWHPBPAQ017541	JLX082900.1
OG0004394	GWHPBPAQ001611	JLX082940.1, JLX082940.2
OG0004395	GWHPBPAQ001625	JLX136430.1, JLX136430.2
OG0004396	GWHPBPAQ001630, GWHPBPAQ007963, GWHPBPAQ022302	
OG0004397	GWHPBPAQ001634	JLX136110.1, JLX136110.2
OG0004398	GWHPBPAQ001642	JLX034960.1, JLX034960.2
OG0004399	GWHPBPAQ001646	JLX035610.1, JLX035610.2
OG0004400	GWHPBPAQ001647	JLX035130.1, JLX035130.2
OG0004401	GWHPBPAQ001649	JLX035470.1, JLX035470.2
OG0004402	GWHPBPAQ001673	JLX035510.1, JLX035510.2
OG0004403	GWHPBPAQ001678, GWHPBPAQ003637	JLX073130.1
OG0004404	GWHPBPAQ001685	JLX035080.1, JLX035080.2
OG0004405	GWHPBPAQ001687	JLX035780.1, JLX035780.2
OG0004406	GWHPBPAQ001691, GWHPBPAQ007688	JLX002990.1
OG0004407	GWHPBPAQ001697, GWHPBPAQ007032	JLX204660.1
OG0004408	GWHPBPAQ001703, GWHPBPAQ009631	JLX186450.1
OG0004409	GWHPBPAQ001714	JLX135580.1, JLX135580.2
OG0004410	GWHPBPAQ001720	JLX136230.1, JLX136230.2
OG0004411	GWHPBPAQ001724	JLX166810.1, JLX166810.2
OG0004412	GWHPBPAQ001741	JLX166860.1, JLX166860.2
OG0004413	GWHPBPAQ001747	JLX166970.1, JLX166970.2
OG0004414	GWHPBPAQ001752	JLX167780.1, JLX167780.2
OG0004415	GWHPBPAQ001764	JLX166790.1, JLX166790.2
OG0004416	GWHPBPAQ001766	JLX166650.1, JLX166650.2
OG0004417	GWHPBPAQ001771, GWHPBPAQ001772	JLX167030.1
OG0004418	GWHPBPAQ001774	JLX167420.1, JLX167420.2
OG0004419	GWHPBPAQ001806	JLX076730.1, JLX076730.2
OG0004420	GWHPBPAQ001817, GWHPBPAQ022790	JLX076810.1
OG0004421	GWHPBPAQ001819, GWHPBPAQ001820	JLX076870.1
OG0004422	GWHPBPAQ001822	JLX076880.1, JLX076880.2
OG0004423	GWHPBPAQ001823, GWHPBPAQ022420	JLX172880.1
OG0004424	GWHPBPAQ001829, GWHPBPAQ019921	JLX172820.1
OG0004425	GWHPBPAQ001844, GWHPBPAQ008316	JLX153520.1
OG0004426	GWHPBPAQ001845, GWHPBPAQ001846	JLX172890.1
OG0004427	GWHPBPAQ001850, GWHPBPAQ001945	JLX172770.1
OG0004428	GWHPBPAQ001855, GWHPBPAQ001948	JLX173080.1
OG0004429	GWHPBPAQ001859	JLX172700.1, JLX173020.1
OG0004430	GWHPBPAQ001861, GWHPBPAQ001871	JLX230450.1
OG0004431	GWHPBPAQ001887, GWHPBPAQ007422	JLX205590.1
OG0004432	GWHPBPAQ001895, GWHPBPAQ018556	JLX205750.1
OG0004433	GWHPBPAQ001900	JLX177210.1, JLX205650.1
OG0004434	GWHPBPAQ001901	JLX022080.1, JLX205540.1
OG0004435	GWHPBPAQ001902	JLX205580.1, JLX205580.2
OG0004436	GWHPBPAQ001906, GWHPBPAQ019355	JLX102070.1
OG0004437	GWHPBPAQ001914	JLX188630.1, JLX188630.2
OG0004438	GWHPBPAQ001920	JLX188210.1, JLX188210.2
OG0004439	GWHPBPAQ001921, GWHPBPAQ001922	JLX188390.1
OG0004440	GWHPBPAQ001939	JLX188670.1, JLX188670.2
OG0004441	GWHPBPAQ001944	JLX172940.1, JLX188280.1
OG0004442	GWHPBPAQ001950, GWHPBPAQ020723	JLX058120.1
OG0004443	GWHPBPAQ001953	JLX188870.1, JLX188870.2
OG0004444	GWHPBPAQ001974, GWHPBPAQ011998	JLX188230.1
OG0004445	GWHPBPAQ001975	JLX188460.1, JLX188460.2
OG0004446	GWHPBPAQ001992	JLX188840.1, JLX188840.2
OG0004447	GWHPBPAQ001996	JLX122190.1, JLX188200.1
OG0004448	GWHPBPAQ002002	JLX122170.1, JLX122170.2
OG0004449	GWHPBPAQ002004	JLX122120.1, JLX122120.2
OG0004450	GWHPBPAQ002006, GWHPBPAQ007092	JLX122200.1
OG0004451	GWHPBPAQ002010, GWHPBPAQ022991	JLX087970.1
OG0004452	GWHPBPAQ002018	JLX093280.1, JLX152310.1
OG0004453	GWHPBPAQ002029	JLX152500.1, JLX152500.2
OG0004454	GWHPBPAQ002039, GWHPBPAQ002040	JLX152280.1
OG0004455	GWHPBPAQ002043	JLX140880.1, JLX152300.1
OG0004456	GWHPBPAQ002050	JLX140900.1, JLX152340.1
OG0004457	GWHPBPAQ002061	JLX152680.1, JLX152680.2
OG0004458	GWHPBPAQ002097, GWHPBPAQ019133	JLX052320.1
OG0004459	GWHPBPAQ002110	JLX090130.1, JLX090130.2
OG0004460	GWHPBPAQ002111	JLX090250.1, JLX090250.2
OG0004461	GWHPBPAQ002122	JLX090280.1, JLX090280.2
OG0004462	GWHPBPAQ002124	JLX090050.1, JLX090160.1
OG0004463	GWHPBPAQ002128, GWHPBPAQ007489	JLX143220.1
OG0004464	GWHPBPAQ002136	JLX090350.1, JLX090350.2
OG0004465	GWHPBPAQ002156	JLX090270.1, JLX090270.2
OG0004466	GWHPBPAQ002165, GWHPBPAQ002493	JLX090090.1
OG0004467	GWHPBPAQ002179	JLX090330.1, JLX090330.2
OG0004468	GWHPBPAQ002180	JLX002680.1, JLX002680.2
OG0004469	GWHPBPAQ002183	JLX002610.1, JLX002610.2
OG0004470	GWHPBPAQ002189	JLX002600.1, JLX002600.2
OG0004471	GWHPBPAQ002190	JLX002630.1, JLX002630.2
OG0004472	GWHPBPAQ002204	JLX107560.1, JLX149130.1
OG0004473	GWHPBPAQ002205	JLX107590.1, JLX149190.1
OG0004474	GWHPBPAQ002230	JLX149030.1, JLX149030.2
OG0004475	GWHPBPAQ002238	JLX097500.1, JLX149450.1
OG0004476	GWHPBPAQ002246	JLX083390.1, JLX149290.1
OG0004477	GWHPBPAQ002248	JLX083400.1, JLX148970.1
OG0004478	GWHPBPAQ002264	JLX149560.1, JLX164600.1
OG0004479	GWHPBPAQ002271	JLX151400.1, JLX164670.1
OG0004480	GWHPBPAQ002273	JLX151350.1, JLX164660.1
OG0004481	GWHPBPAQ002281	JLX151790.1, JLX151790.2
OG0004482	GWHPBPAQ002284, GWHPBPAQ002332	JLX152210.1
OG0004483	GWHPBPAQ002295	JLX151390.1, JLX151860.1
OG0004484	GWHPBPAQ002300	JLX151080.1, JLX151080.2
OG0004485	GWHPBPAQ002302, GWHPBPAQ022622	JLX095340.1
OG0004486	GWHPBPAQ002308	JLX152190.1, JLX152190.2
OG0004487	GWHPBPAQ002309	JLX152250.1, JLX152250.2
OG0004488	GWHPBPAQ002325, GWHPBPAQ002329	JLX151210.1
OG0004489	GWHPBPAQ002326, GWHPBPAQ002330	JLX152110.1
OG0004490	GWHPBPAQ002337, GWHPBPAQ002340	JLX151890.1
OG0004491	GWHPBPAQ002356	JLX151830.1, JLX151830.2
OG0004492	GWHPBPAQ002361	JLX152100.1, JLX152100.2
OG0004493	GWHPBPAQ002365	JLX151090.1, JLX151090.2
OG0004494	GWHPBPAQ002381	JLX151140.1, JLX151140.2
OG0004495	GWHPBPAQ002382	JLX151050.1, JLX151050.2
OG0004496	GWHPBPAQ002383	JLX152200.1, JLX152220.1
OG0004497	GWHPBPAQ002391	JLX151280.1, JLX151330.1
OG0004498	GWHPBPAQ002407	JLX151360.1, JLX151360.2
OG0004499	GWHPBPAQ002409, GWHPBPAQ016940	JLX230510.1
OG0004500	GWHPBPAQ002410	JLX122020.1, JLX230540.1
OG0004501	GWHPBPAQ002411	JLX121950.1, JLX230600.1
OG0004502	GWHPBPAQ002412	JLX122000.1, JLX230550.1
OG0004503	GWHPBPAQ002444	JLX007210.1, JLX007210.2
OG0004504	GWHPBPAQ002448	JLX005140.1, JLX005140.2
OG0004505	GWHPBPAQ002457	JLX005720.1, JLX005720.2
OG0004506	GWHPBPAQ002466	JLX003670.1, JLX003670.2
OG0004507	GWHPBPAQ002473	JLX007590.1, JLX007590.2
OG0004508	GWHPBPAQ002474, GWHPBPAQ002476	JLX007880.1
OG0004509	GWHPBPAQ002475, GWHPBPAQ002477	JLX005370.1
OG0004510	GWHPBPAQ002480	JLX004820.1, JLX004820.2
OG0004511	GWHPBPAQ002481	JLX007090.1, JLX007090.2
OG0004512	GWHPBPAQ002495	JLX006100.1, JLX108750.1
OG0004513	GWHPBPAQ002519	JLX006820.1, JLX006820.2
OG0004514	GWHPBPAQ002525, GWHPBPAQ002526	JLX006240.1
OG0004515	GWHPBPAQ002528	JLX007490.1, JLX007490.2
OG0004516	GWHPBPAQ002532	JLX003910.1, JLX042650.2
OG0004517	GWHPBPAQ002535, GWHPBPAQ002536	JLX004930.1
OG0004518	GWHPBPAQ002550	JLX007290.1, JLX007290.2
OG0004519	GWHPBPAQ002557	JLX003310.1, JLX005570.1
OG0004520	GWHPBPAQ002570	JLX004130.1, JLX004130.2
OG0004521	GWHPBPAQ002571	JLX005630.1, JLX005630.2
OG0004522	GWHPBPAQ002575	JLX004280.1, JLX004720.1
OG0004523	GWHPBPAQ002577, GWHPBPAQ020185	JLX003690.1
OG0004524	GWHPBPAQ002580	JLX005730.1, JLX005730.2
OG0004525	GWHPBPAQ002586	JLX008040.1, JLX008040.2
OG0004526	GWHPBPAQ002592	JLX008440.1, JLX008440.2
OG0004527	GWHPBPAQ002595	JLX005490.1, JLX005490.2
OG0004528	GWHPBPAQ002596, GWHPBPAQ013150	JLX210820.1
OG0004529	GWHPBPAQ002597	JLX005740.1, JLX005740.2
OG0004530	GWHPBPAQ002599	JLX007400.1, JLX007400.2
OG0004531	GWHPBPAQ002602	JLX008180.1, JLX008180.2
OG0004532	GWHPBPAQ002608	JLX004520.1, JLX004520.2
OG0004533	GWHPBPAQ002610	JLX003550.1, JLX003550.2
OG0004534	GWHPBPAQ002620	JLX005150.1, JLX028430.1
OG0004535	GWHPBPAQ002633	JLX003420.1, JLX003420.2
OG0004536	GWHPBPAQ002641	JLX007640.1, JLX007640.2
OG0004537	GWHPBPAQ002642	JLX006580.1, JLX006580.2
OG0004538	GWHPBPAQ002651, GWHPBPAQ021255	JLX231930.1
OG0004539	GWHPBPAQ002653	JLX006790.1, JLX006790.2
OG0004540	GWHPBPAQ002658	JLX003490.1, JLX003490.2
OG0004541	GWHPBPAQ002666	JLX003350.1, JLX003350.2
OG0004542	GWHPBPAQ002670, GWHPBPAQ012983	JLX004320.1
OG0004543	GWHPBPAQ002678	JLX007710.1, JLX007710.2
OG0004544	GWHPBPAQ002685, GWHPBPAQ002689	JLX008010.1
OG0004545	GWHPBPAQ002705	JLX004000.1, JLX004000.2
OG0004546	GWHPBPAQ002706, GWHPBPAQ002719	JLX007700.1
OG0004547	GWHPBPAQ002709	JLX005780.1, JLX005780.2
OG0004548	GWHPBPAQ002714	JLX003660.1, JLX003660.2
OG0004549	GWHPBPAQ002718	JLX004030.1, JLX004030.2
OG0004550	GWHPBPAQ002727, GWHPBPAQ002728	JLX008410.1
OG0004551	GWHPBPAQ002730, GWHPBPAQ002731	JLX008090.1
OG0004552	GWHPBPAQ002734, GWHPBPAQ016730	JLX005870.1
OG0004553	GWHPBPAQ002742, GWHPBPAQ012441	JLX162290.1
OG0004554	GWHPBPAQ002748	JLX006050.1, JLX006050.2
OG0004555	GWHPBPAQ002752	JLX003150.1, JLX003150.2
OG0004556	GWHPBPAQ002764, GWHPBPAQ010591	JLX005350.1
OG0004557	GWHPBPAQ002772	JLX004740.1, JLX004740.2
OG0004558	GWHPBPAQ002773	JLX007750.1, JLX007750.2
OG0004559	GWHPBPAQ002774	JLX004080.1, JLX004080.2
OG0004560	GWHPBPAQ002775	JLX005310.1, JLX005310.2
OG0004561	GWHPBPAQ002777, GWHPBPAQ002779, GWHPBPAQ002781	
OG0004562	GWHPBPAQ002783	JLX006990.1, JLX006990.2
OG0004563	GWHPBPAQ002790, GWHPBPAQ018217	JLX004770.1
OG0004564	GWHPBPAQ002791, GWHPBPAQ014264	JLX004500.1
OG0004565	GWHPBPAQ002794, GWHPBPAQ007021	JLX004910.1
OG0004566	GWHPBPAQ002797	JLX006070.1, JLX006070.2
OG0004567	GWHPBPAQ002811	JLX006030.1, JLX006030.2
OG0004568	GWHPBPAQ002812	JLX008260.1, JLX008260.2
OG0004569	GWHPBPAQ002814	JLX006270.1, JLX006270.2
OG0004570	GWHPBPAQ002820	JLX005270.1, JLX005270.2
OG0004571	GWHPBPAQ002821	JLX004190.1, JLX004190.2
OG0004572	GWHPBPAQ002822, GWHPBPAQ011847	JLX035870.1
OG0004573	GWHPBPAQ002823	JLX006330.1, JLX006330.2
OG0004574	GWHPBPAQ002825	JLX005990.1, JLX005990.2
OG0004575	GWHPBPAQ002826	JLX006670.1, JLX006670.2
OG0004576	GWHPBPAQ002843	JLX004670.1, JLX004670.2
OG0004577	GWHPBPAQ002845, GWHPBPAQ002846	JLX007500.1
OG0004578	GWHPBPAQ002850	JLX005450.1, JLX005450.2
OG0004579	GWHPBPAQ002853	JLX005890.1, JLX005890.2
OG0004580	GWHPBPAQ002854	JLX006510.1, JLX006510.2
OG0004581	GWHPBPAQ002858	JLX003380.1, JLX003380.2
OG0004582	GWHPBPAQ002860	JLX004570.1, JLX004570.2
OG0004583	GWHPBPAQ002862	JLX003530.1, JLX003530.2
OG0004584	GWHPBPAQ002868	JLX004400.1, JLX004400.2
OG0004585	GWHPBPAQ002870	JLX007230.1, JLX007230.2
OG0004586	GWHPBPAQ002872, GWHPBPAQ002873	JLX006250.1
OG0004587	GWHPBPAQ002875, GWHPBPAQ022521	JLX007080.1
OG0004588	GWHPBPAQ002879	JLX003830.1, JLX003830.2
OG0004589	GWHPBPAQ002884, GWHPBPAQ022545	JLX007600.1
OG0004590	GWHPBPAQ002891	JLX008210.1, JLX008210.2
OG0004591	GWHPBPAQ002892, GWHPBPAQ013800	JLX194730.1
OG0004592	GWHPBPAQ002934	JLX004430.1, JLX004430.2
OG0004593	GWHPBPAQ002952	JLX005130.1, JLX005130.2
OG0004594	GWHPBPAQ002954	JLX005380.1, JLX005380.2
OG0004595	GWHPBPAQ002956	JLX007010.1, JLX007010.2
OG0004596	GWHPBPAQ002957	JLX004620.1, JLX004620.2
OG0004597	GWHPBPAQ002959, GWHPBPAQ014786	JLX115420.1
OG0004598	GWHPBPAQ002960	JLX004330.1, JLX004330.2
OG0004599	GWHPBPAQ002961	JLX007720.1, JLX007720.2
OG0004600	GWHPBPAQ002963, GWHPBPAQ009903	JLX186230.1
OG0004601	GWHPBPAQ002972	JLX004290.1, JLX004290.2
OG0004602	GWHPBPAQ002996	JLX007200.1, JLX007200.2
OG0004603	GWHPBPAQ002997	JLX007970.1, JLX007970.2
OG0004604	GWHPBPAQ003000, GWHPBPAQ022765	JLX050280.1
OG0004605	GWHPBPAQ003016	JLX070210.1, JLX072280.1
OG0004606	GWHPBPAQ003021	JLX072620.1, JLX072620.2
OG0004607	GWHPBPAQ003022	JLX071650.1, JLX071650.2
OG0004608	GWHPBPAQ003031	JLX073610.1, JLX073610.2
OG0004609	GWHPBPAQ003032	JLX076020.1, JLX076020.2
OG0004610	GWHPBPAQ003046	JLX070820.1, JLX070820.2
OG0004611	GWHPBPAQ003055	JLX073940.1, JLX073940.2
OG0004612	GWHPBPAQ003056	JLX071240.1, JLX074790.1
OG0004613	GWHPBPAQ003059	JLX071550.1, JLX071550.2
OG0004614	GWHPBPAQ003064	JLX075020.1, JLX075020.2
OG0004615	GWHPBPAQ003066	JLX072360.1, JLX072360.2
OG0004616	GWHPBPAQ003067, GWHPBPAQ003068	JLX075840.1
OG0004617	GWHPBPAQ003069	JLX075200.1, JLX075200.2
OG0004618	GWHPBPAQ003070	JLX074980.1, JLX074980.2
OG0004619	GWHPBPAQ003082	JLX074140.1, JLX074140.2
OG0004620	GWHPBPAQ003085, GWHPBPAQ022897	JLX074230.1
OG0004621	GWHPBPAQ003091, GWHPBPAQ005008	JLX073330.1
OG0004622	GWHPBPAQ003092	JLX072600.1, JLX072600.2
OG0004623	GWHPBPAQ003093	JLX071890.1, JLX072170.1
OG0004624	GWHPBPAQ003106	JLX075720.1, JLX075720.2
OG0004625	GWHPBPAQ003107, GWHPBPAQ011813	JLX073190.1
OG0004626	GWHPBPAQ003113, GWHPBPAQ003115	JLX074300.1
OG0004627	GWHPBPAQ003120	JLX073800.1, JLX073800.2
OG0004628	GWHPBPAQ003123, GWHPBPAQ022955	JLX088970.1
OG0004629	GWHPBPAQ003132, GWHPBPAQ022969	JLX071830.1
OG0004630	GWHPBPAQ003135	JLX072960.1, JLX072960.2
OG0004631	GWHPBPAQ003138	JLX070130.1, JLX070130.2
OG0004632	GWHPBPAQ003139	JLX073150.1, JLX073150.2
OG0004633	GWHPBPAQ003144	JLX072300.1, JLX072300.2
OG0004634	GWHPBPAQ003154	JLX075180.1, JLX075180.2
OG0004635	GWHPBPAQ003155	JLX073060.1, JLX073060.2
OG0004636	GWHPBPAQ003161	JLX073810.1, JLX087360.1
OG0004637	GWHPBPAQ003169	JLX070990.1, JLX070990.2
OG0004638	GWHPBPAQ003176	JLX070220.1, JLX070220.2
OG0004639	GWHPBPAQ003178	JLX071070.1, JLX071070.2
OG0004640	GWHPBPAQ003182	JLX071970.1, JLX071970.2
OG0004641	GWHPBPAQ003197	JLX073670.1, JLX073670.2
OG0004642	GWHPBPAQ003199	JLX073100.1, JLX073100.2
OG0004643	GWHPBPAQ003203	JLX074860.1, JLX074860.2
OG0004644	GWHPBPAQ003212	JLX072130.1, JLX072130.2
OG0004645	GWHPBPAQ003214, GWHPBPAQ019678	JLX102350.1
OG0004646	GWHPBPAQ003224, GWHPBPAQ023125	JLX087130.1
OG0004647	GWHPBPAQ003232	JLX074810.1, JLX074810.2
OG0004648	GWHPBPAQ003236, GWHPBPAQ023137	JLX074050.1
OG0004649	GWHPBPAQ003237	JLX075030.1, JLX075030.2
OG0004650	GWHPBPAQ003246	JLX070960.1, JLX070960.2
OG0004651	GWHPBPAQ003257	JLX074730.1, JLX074730.2
OG0004652	GWHPBPAQ003263, GWHPBPAQ011117	JLX123930.1
OG0004653	GWHPBPAQ003278	JLX073720.1, JLX073720.2
OG0004654	GWHPBPAQ003280	JLX072290.1, JLX072290.2
OG0004655	GWHPBPAQ003294, GWHPBPAQ011137	JLX073260.1
OG0004656	GWHPBPAQ003301, GWHPBPAQ007421	JLX142850.1
OG0004657	GWHPBPAQ003310	JLX070860.1, JLX070860.2
OG0004658	GWHPBPAQ003311	JLX072640.1, JLX072640.2
OG0004659	GWHPBPAQ003315, GWHPBPAQ021891	JLX022050.1
OG0004660	GWHPBPAQ003323	JLX074280.1, JLX088500.1
OG0004661	GWHPBPAQ003333	JLX072570.1, JLX072570.2
OG0004662	GWHPBPAQ003338	JLX074200.1, JLX074200.2
OG0004663	GWHPBPAQ003339	JLX073730.1, JLX073730.2
OG0004664	GWHPBPAQ003342, GWHPBPAQ023273	JLX085740.1
OG0004665	GWHPBPAQ003343	JLX071950.1, JLX071950.2
OG0004666	GWHPBPAQ003345	JLX070030.1, JLX070030.2
OG0004667	GWHPBPAQ003349	JLX074710.1, JLX074710.2
OG0004668	GWHPBPAQ003355	JLX074120.1, JLX074120.2
OG0004669	GWHPBPAQ003363	JLX074480.1, JLX074480.2
OG0004670	GWHPBPAQ003366	JLX070500.1, JLX093890.1
OG0004671	GWHPBPAQ003368, GWHPBPAQ008280	JLX075590.1
OG0004672	GWHPBPAQ003374	JLX073510.1, JLX073510.2
OG0004673	GWHPBPAQ003375	JLX071910.1, JLX071910.2
OG0004674	GWHPBPAQ003376	JLX071920.1, JLX071920.2
OG0004675	GWHPBPAQ003378	JLX071540.1, JLX071540.2
OG0004676	GWHPBPAQ003384, GWHPBPAQ010958	JLX128610.1
OG0004677	GWHPBPAQ003400	JLX072790.1, JLX072790.2
OG0004678	GWHPBPAQ003401	JLX070230.1, JLX214260.1
OG0004679	GWHPBPAQ003408, GWHPBPAQ023346	JLX085880.1
OG0004680	GWHPBPAQ003417	JLX070340.1, JLX070340.2
OG0004681	GWHPBPAQ003427, GWHPBPAQ023372	JLX070920.1
OG0004682	GWHPBPAQ003438	JLX074210.1, JLX074210.2
OG0004683	GWHPBPAQ003439, GWHPBPAQ010913	JLX071680.1
OG0004684	GWHPBPAQ003442, GWHPBPAQ003443	JLX076140.1
OG0004685	GWHPBPAQ003446	JLX074250.1, JLX074250.2
OG0004686	GWHPBPAQ003457	JLX071130.1, JLX071130.2
OG0004687	GWHPBPAQ003460	JLX072020.1, JLX072020.2
OG0004688	GWHPBPAQ003461, GWHPBPAQ004376	JLX070190.1
OG0004689	GWHPBPAQ003476	JLX072610.1, JLX072610.2
OG0004690	GWHPBPAQ003482, GWHPBPAQ015190	JLX072770.1
OG0004691	GWHPBPAQ003483	JLX071880.1, JLX071880.2
OG0004692	GWHPBPAQ003489, GWHPBPAQ003492	JLX072500.1
OG0004693	GWHPBPAQ003496	JLX073040.1, JLX073040.2
OG0004694	GWHPBPAQ003504	JLX072660.1, JLX072660.2
OG0004695	GWHPBPAQ003506	JLX074680.1, JLX074680.2
OG0004696	GWHPBPAQ003551	JLX073350.1, JLX073350.2
OG0004697	GWHPBPAQ003558	JLX075710.1, JLX075710.2
OG0004698	GWHPBPAQ003559	JLX074630.1, JLX074630.2
OG0004699	GWHPBPAQ003564	JLX073110.1, JLX073110.2
OG0004700	GWHPBPAQ003565, GWHPBPAQ020785	JLX072370.1
OG0004701	GWHPBPAQ003567, GWHPBPAQ023546	JLX071410.1
OG0004702	GWHPBPAQ003569	JLX075420.1, JLX075420.2
OG0004703	GWHPBPAQ003571	JLX071570.1, JLX071570.2
OG0004704	GWHPBPAQ003577, GWHPBPAQ008100, GWHPBPAQ020598	
OG0004705	GWHPBPAQ003585	JLX071820.1, JLX071820.2
OG0004706	GWHPBPAQ003592, GWHPBPAQ009890	JLX186270.1
OG0004707	GWHPBPAQ003596	JLX071230.1, JLX071230.2
OG0004708	GWHPBPAQ003612, GWHPBPAQ003613	JLX070530.1
OG0004709	GWHPBPAQ003616	JLX072750.1, JLX072750.2
OG0004710	GWHPBPAQ003622	JLX076120.1, JLX076120.2
OG0004711	GWHPBPAQ003628	JLX023350.1, JLX074600.1
OG0004712	GWHPBPAQ003630	JLX072950.1, JLX072950.2
OG0004713	GWHPBPAQ003644	JLX070980.1, JLX074820.1
OG0004714	GWHPBPAQ003647	JLX052780.1, JLX072180.1
OG0004715	GWHPBPAQ003651	JLX075250.1, JLX075250.2
OG0004716	GWHPBPAQ003664	JLX028420.1, JLX028420.2
OG0004717	GWHPBPAQ003670	JLX028640.1, JLX028640.2
OG0004718	GWHPBPAQ003685	JLX028770.1, JLX057110.1
OG0004719	GWHPBPAQ003694	JLX028170.1, JLX028170.2
OG0004720	GWHPBPAQ003695, GWHPBPAQ012260	JLX028720.1
OG0004721	GWHPBPAQ003699	JLX027830.1, JLX027830.2
OG0004722	GWHPBPAQ003709	JLX029400.1, JLX029400.2
OG0004723	GWHPBPAQ003713	JLX028200.1, JLX028200.2
OG0004724	GWHPBPAQ003721	JLX027870.1, JLX027870.2
OG0004725	GWHPBPAQ003726	JLX029300.1, JLX029300.2
OG0004726	GWHPBPAQ003728	JLX028760.1, JLX028760.2
OG0004727	GWHPBPAQ003732	JLX028380.1, JLX028380.2
OG0004728	GWHPBPAQ003741	JLX028980.1, JLX028980.2
OG0004729	GWHPBPAQ003791	JLX028040.1, JLX028040.2
OG0004730	GWHPBPAQ003795	JLX028150.1, JLX028150.2
OG0004731	GWHPBPAQ003797	JLX029040.1, JLX029040.2
OG0004732	GWHPBPAQ003803, GWHPBPAQ006442	JLX028690.1
OG0004733	GWHPBPAQ003810	JLX028220.1, JLX028220.2
OG0004734	GWHPBPAQ003814	JLX028490.1, JLX028490.2
OG0004735	GWHPBPAQ003816	JLX028540.1, JLX028540.2
OG0004736	GWHPBPAQ003817, GWHPBPAQ007580	JLX142560.1
OG0004737	GWHPBPAQ003820	JLX029370.1, JLX155420.1
OG0004738	GWHPBPAQ003823, GWHPBPAQ006973	JLX158200.1
OG0004739	GWHPBPAQ003831	JLX156320.1, JLX156320.2
OG0004740	GWHPBPAQ003833	JLX057340.1, JLX156970.1
OG0004741	GWHPBPAQ003834	JLX157760.1, JLX157760.2
OG0004742	GWHPBPAQ003840	JLX156640.1, JLX156640.2
OG0004743	GWHPBPAQ003850	JLX157920.1, JLX157920.2
OG0004744	GWHPBPAQ003852	JLX155250.1, JLX155250.2
OG0004745	GWHPBPAQ003861	JLX157840.1, JLX157840.2
OG0004746	GWHPBPAQ003877	JLX156500.1, JLX156500.2
OG0004747	GWHPBPAQ003885	JLX157240.1, JLX157240.2
OG0004748	GWHPBPAQ003889	JLX156930.1, JLX156930.2
OG0004749	GWHPBPAQ003892	JLX156720.1, JLX156720.2
OG0004750	GWHPBPAQ003893	JLX157460.1, JLX157460.2
OG0004751	GWHPBPAQ003898	JLX156790.1, JLX156790.2
OG0004752	GWHPBPAQ003908	JLX156840.1, JLX156840.2
OG0004753	GWHPBPAQ003923	JLX156360.1, JLX156360.2
OG0004754	GWHPBPAQ003926, GWHPBPAQ013116	JLX156580.1
OG0004755	GWHPBPAQ003928, GWHPBPAQ019170	JLX157290.1
OG0004756	GWHPBPAQ003930	JLX158220.1, JLX158220.2
OG0004757	GWHPBPAQ003954	JLX157340.1, JLX157340.2
OG0004758	GWHPBPAQ003991	JLX156570.1, JLX156570.2
OG0004759	GWHPBPAQ003993	JLX156920.1, JLX156920.2
OG0004760	GWHPBPAQ003995	JLX155640.1, JLX155640.2
OG0004761	GWHPBPAQ004000	JLX156460.1, JLX156460.2
OG0004762	GWHPBPAQ004026, GWHPBPAQ021998	JLX155760.1
OG0004763	GWHPBPAQ004046, GWHPBPAQ004338	JLX091890.1
OG0004764	GWHPBPAQ004055, GWHPBPAQ007106	JLX026770.1
OG0004765	GWHPBPAQ004057	JLX156800.1, JLX156800.2
OG0004766	GWHPBPAQ004064	JLX156200.1, JLX156200.2
OG0004767	GWHPBPAQ004068	JLX156100.1, JLX156100.2
OG0004768	GWHPBPAQ004078	JLX155670.1, JLX157250.1
OG0004769	GWHPBPAQ004089	JLX156490.1, JLX156490.2
OG0004770	GWHPBPAQ004097, GWHPBPAQ006336	JLX033260.1
OG0004771	GWHPBPAQ004100, GWHPBPAQ007822	JLX155380.1
OG0004772	GWHPBPAQ004119	JLX155600.1, JLX155600.2
OG0004773	GWHPBPAQ004129	JLX156310.1, JLX156310.2
OG0004774	GWHPBPAQ004135	JLX158270.1, JLX158270.2
OG0004775	GWHPBPAQ004136	JLX157540.1, JLX157540.2
OG0004776	GWHPBPAQ004140, GWHPBPAQ018186	JLX158110.1
OG0004777	GWHPBPAQ004142	JLX158030.1, JLX158030.2
OG0004778	GWHPBPAQ004146, GWHPBPAQ022425	JLX157210.1
OG0004779	GWHPBPAQ004161	JLX009720.1, JLX156440.1
OG0004780	GWHPBPAQ004163	JLX008750.1, JLX008750.2
OG0004781	GWHPBPAQ004179	JLX008830.1, JLX008830.2
OG0004782	GWHPBPAQ004181	JLX009320.1, JLX009320.2
OG0004783	GWHPBPAQ004185	JLX009880.1, JLX009880.2
OG0004784	GWHPBPAQ004191	JLX008790.1, JLX008790.2
OG0004785	GWHPBPAQ004195	JLX009770.1, JLX009770.2
OG0004786	GWHPBPAQ004196	JLX009240.1, JLX009240.2
OG0004787	GWHPBPAQ004198	JLX008890.1, JLX008890.2
OG0004788	GWHPBPAQ004201	JLX009160.1, JLX009160.2
OG0004789	GWHPBPAQ004204	JLX009260.1, JLX009260.2
OG0004790	GWHPBPAQ004208, GWHPBPAQ009677	JLX184670.1
OG0004791	GWHPBPAQ004211	JLX008870.1, JLX008870.2
OG0004792	GWHPBPAQ004219, GWHPBPAQ004220	JLX008670.1
OG0004793	GWHPBPAQ004228	JLX009280.1, JLX009280.2
OG0004794	GWHPBPAQ004231	JLX008650.1, JLX008650.2
OG0004795	GWHPBPAQ004235	JLX008950.1, JLX008950.2
OG0004796	GWHPBPAQ004255	JLX009780.1, JLX009780.2
OG0004797	GWHPBPAQ004261, GWHPBPAQ011530	JLX042350.1
OG0004798	GWHPBPAQ004265	JLX008930.1, JLX008930.2
OG0004799	GWHPBPAQ004268, GWHPBPAQ008993	JLX009190.1
OG0004800	GWHPBPAQ004272, GWHPBPAQ009762	JLX009600.1
OG0004801	GWHPBPAQ004275	JLX008690.1, JLX008690.2
OG0004802	GWHPBPAQ004276	JLX009540.1, JLX009540.2
OG0004803	GWHPBPAQ004292	JLX008680.1, JLX008680.2
OG0004804	GWHPBPAQ004293	JLX009940.1, JLX009940.3
OG0004805	GWHPBPAQ004297, GWHPBPAQ019016	JLX044520.1
OG0004806	GWHPBPAQ004305	JLX009090.1, JLX009090.2
OG0004807	GWHPBPAQ004307	JLX008990.1, JLX189510.1
OG0004808	GWHPBPAQ004308	JLX009610.1, JLX189490.1
OG0004809	GWHPBPAQ004329	JLX092230.1, JLX092230.2
OG0004810	GWHPBPAQ004356	JLX091560.1, JLX091560.2
OG0004811	GWHPBPAQ004367	JLX091730.1, JLX091730.2
OG0004812	GWHPBPAQ004370	JLX091330.1, JLX091330.2
OG0004813	GWHPBPAQ004379	JLX091810.1, JLX091810.2
OG0004814	GWHPBPAQ004382	JLX092660.1, JLX092660.2
OG0004815	GWHPBPAQ004392, GWHPBPAQ009880	JLX183410.1
OG0004816	GWHPBPAQ004396	JLX092450.1, JLX092450.2
OG0004817	GWHPBPAQ004397, GWHPBPAQ004398	JLX091120.1
OG0004818	GWHPBPAQ004403	JLX092280.1, JLX092280.2
OG0004819	GWHPBPAQ004405	JLX092240.1, JLX092240.2
OG0004820	GWHPBPAQ004414	JLX092560.1, JLX092560.2
OG0004821	GWHPBPAQ004428	JLX091480.1, JLX091480.2
OG0004822	GWHPBPAQ004430	JLX093040.1, JLX093040.2
OG0004823	GWHPBPAQ004438, GWHPBPAQ004442	JLX093070.1
OG0004824	GWHPBPAQ004440	JLX068720.1, JLX091260.1
OG0004825	GWHPBPAQ004444	JLX091430.1, JLX091430.2
OG0004826	GWHPBPAQ004446	JLX092150.1, JLX092150.2
OG0004827	GWHPBPAQ004460	JLX093080.1, JLX093080.2
OG0004828	GWHPBPAQ004464	JLX092620.1, JLX092620.2
OG0004829	GWHPBPAQ004470	JLX090950.1, JLX181050.1
OG0004830	GWHPBPAQ004473	JLX091240.1, JLX091240.2
OG0004831	GWHPBPAQ004475	JLX092850.1, JLX092850.2
OG0004832	GWHPBPAQ004482	JLX091390.1, JLX091390.3
OG0004833	GWHPBPAQ004485	JLX091850.1, JLX093130.1
OG0004834	GWHPBPAQ004497	JLX223140.1, JLX223140.2
OG0004835	GWHPBPAQ004513	JLX223070.1, JLX223070.2
OG0004836	GWHPBPAQ004531	JLX226530.1, JLX226530.2
OG0004837	GWHPBPAQ004539	JLX223830.1, JLX223830.2
OG0004838	GWHPBPAQ004546	JLX226190.1, JLX226190.2
OG0004839	GWHPBPAQ004553	JLX222860.1, JLX222860.2
OG0004840	GWHPBPAQ004565	JLX223210.1, JLX223210.2
OG0004841	GWHPBPAQ004573	JLX224610.1, JLX224610.4
OG0004842	GWHPBPAQ004577	JLX223230.1, JLX223230.2
OG0004843	GWHPBPAQ004583	JLX225330.1, JLX225330.2
OG0004844	GWHPBPAQ004584, GWHPBPAQ023085	JLX225240.1
OG0004845	GWHPBPAQ004587	JLX224210.1, JLX224210.2
OG0004846	GWHPBPAQ004595	JLX222500.1, JLX222500.2
OG0004847	GWHPBPAQ004597	JLX225560.1, JLX225560.2
OG0004848	GWHPBPAQ004604	JLX226850.1, JLX226850.2
OG0004849	GWHPBPAQ004617	JLX222770.1, JLX222770.2
OG0004850	GWHPBPAQ004618	JLX226140.1, JLX226140.2
OG0004851	GWHPBPAQ004625	JLX222590.1, JLX222590.2
OG0004852	GWHPBPAQ004627, GWHPBPAQ006312	JLX016280.1
OG0004853	GWHPBPAQ004645	JLX223100.1, JLX223100.2
OG0004854	GWHPBPAQ004655, GWHPBPAQ004656	JLX225480.1
OG0004855	GWHPBPAQ004659	JLX224060.1, JLX224060.2
OG0004856	GWHPBPAQ004669	JLX223820.1, JLX223820.2
OG0004857	GWHPBPAQ004672, GWHPBPAQ018839	JLX226500.1
OG0004858	GWHPBPAQ004681	JLX222640.1, JLX222640.2
OG0004859	GWHPBPAQ004687	JLX222440.1, JLX222440.2
OG0004860	GWHPBPAQ004694, GWHPBPAQ016587	JLX224100.1
OG0004861	GWHPBPAQ004695	JLX223200.1, JLX223200.2
OG0004862	GWHPBPAQ004702	JLX222290.1, JLX222290.2
OG0004863	GWHPBPAQ004708	JLX223440.1, JLX223440.2
OG0004864	GWHPBPAQ004709	JLX227020.1, JLX227020.2
OG0004865	GWHPBPAQ004712	JLX224820.1, JLX224820.2
OG0004866	GWHPBPAQ004716	JLX224920.1, JLX224920.2
OG0004867	GWHPBPAQ004723	JLX222930.1, JLX222930.2
OG0004868	GWHPBPAQ004729	JLX222310.1, JLX222310.2
OG0004869	GWHPBPAQ004733	JLX226750.1, JLX226750.2
OG0004870	GWHPBPAQ004739	JLX226630.1, JLX226630.2
OG0004871	GWHPBPAQ004770, GWHPBPAQ018970	JLX222410.1
OG0004872	GWHPBPAQ004772, GWHPBPAQ010773	JLX225070.1
OG0004873	GWHPBPAQ004776	JLX225030.1, JLX225030.2
OG0004874	GWHPBPAQ004782	JLX223580.1, JLX223580.2
OG0004875	GWHPBPAQ004783	JLX224520.1, JLX224520.2
OG0004876	GWHPBPAQ004786	JLX225400.1, JLX225400.2
OG0004877	GWHPBPAQ004793, GWHPBPAQ018981	JLX044560.1
OG0004878	GWHPBPAQ004799	JLX224990.1, JLX224990.2
OG0004879	GWHPBPAQ004804	JLX223540.1, JLX223540.2
OG0004880	GWHPBPAQ004805, GWHPBPAQ010738	JLX224300.1
OG0004881	GWHPBPAQ004815	JLX224140.1, JLX224140.2
OG0004882	GWHPBPAQ004827	JLX222530.1, JLX222530.2
OG0004883	GWHPBPAQ004834	JLX222620.1, JLX222620.2
OG0004884	GWHPBPAQ004838	JLX225040.1, JLX225040.2
OG0004885	GWHPBPAQ004841	JLX223020.1, JLX223020.2
OG0004886	GWHPBPAQ004842	JLX225380.1, JLX225380.2
OG0004887	GWHPBPAQ004851	JLX222540.1, JLX222540.2
OG0004888	GWHPBPAQ004855	JLX226580.1, JLX226580.2
OG0004889	GWHPBPAQ004856	JLX226030.1, JLX226030.2
OG0004890	GWHPBPAQ004857	JLX224810.1, JLX224810.2
OG0004891	GWHPBPAQ004858	JLX225620.1, JLX225620.2
OG0004892	GWHPBPAQ004859	JLX222760.1, JLX226380.1
OG0004893	GWHPBPAQ004869	JLX223190.1, JLX223190.2
OG0004894	GWHPBPAQ004872	JLX226350.1, JLX226350.2
OG0004895	GWHPBPAQ004877, GWHPBPAQ019846	JLX223850.3
OG0004896	GWHPBPAQ004891	JLX227010.1, JLX227010.2
OG0004897	GWHPBPAQ004894, GWHPBPAQ010619	JLX225740.1
OG0004898	GWHPBPAQ004907, GWHPBPAQ004908	JLX223350.1
OG0004899	GWHPBPAQ004915	JLX222390.1, JLX223170.1
OG0004900	GWHPBPAQ004917	JLX225370.1, JLX225370.2
OG0004901	GWHPBPAQ004924	JLX225980.1, JLX225980.2
OG0004902	GWHPBPAQ004925	JLX226550.1, JLX226550.2
OG0004903	GWHPBPAQ004946	JLX223670.1, JLX223670.2
OG0004904	GWHPBPAQ004958, GWHPBPAQ010475	JLX225710.1
OG0004905	GWHPBPAQ004961, GWHPBPAQ010491	JLX124420.1
OG0004906	GWHPBPAQ004969	JLX225130.1, JLX225130.2
OG0004907	GWHPBPAQ004970	JLX223970.1, JLX223970.2
OG0004908	GWHPBPAQ004982	JLX225810.1, JLX225810.2
OG0004909	GWHPBPAQ004984	JLX223450.1, JLX223450.2
OG0004910	GWHPBPAQ004999, GWHPBPAQ005000	JLX212180.1
OG0004911	GWHPBPAQ005002, GWHPBPAQ016595	JLX212550.1
OG0004912	GWHPBPAQ005019	JLX211850.1, JLX211850.2
OG0004913	GWHPBPAQ005037	JLX212790.1, JLX212790.2
OG0004914	GWHPBPAQ005038	JLX211960.1, JLX211960.2
OG0004915	GWHPBPAQ005042	JLX092000.1, JLX212850.1
OG0004916	GWHPBPAQ005058	JLX210970.1, JLX210970.2
OG0004917	GWHPBPAQ005061, GWHPBPAQ015057	JLX116200.1
OG0004918	GWHPBPAQ005062	JLX210950.1, JLX210950.2
OG0004919	GWHPBPAQ005075	JLX211240.1, JLX211240.2
OG0004920	GWHPBPAQ005078	JLX211740.1, JLX211740.2
OG0004921	GWHPBPAQ005094	JLX211650.1, JLX211650.2
OG0004922	GWHPBPAQ005103	JLX212000.1, JLX212000.2
OG0004923	GWHPBPAQ005108	JLX210890.1, JLX210890.2
OG0004924	GWHPBPAQ005109	JLX212090.1, JLX212090.2
OG0004925	GWHPBPAQ005119, GWHPBPAQ015225	JLX111600.1
OG0004926	GWHPBPAQ005121	JLX210920.1, JLX210920.2
OG0004927	GWHPBPAQ005125	JLX212460.1, JLX212460.2
OG0004928	GWHPBPAQ005127	JLX115170.1, JLX211750.1
OG0004929	GWHPBPAQ005133	JLX211570.1, JLX211570.2
OG0004930	GWHPBPAQ005138	JLX211790.1, JLX211790.2
OG0004931	GWHPBPAQ005143, GWHPBPAQ005146	JLX211050.1
OG0004932	GWHPBPAQ005144, GWHPBPAQ005147	JLX210850.1
OG0004933	GWHPBPAQ005148	JLX212030.1, JLX212030.2
OG0004934	GWHPBPAQ005152	JLX211360.1, JLX211360.2
OG0004935	GWHPBPAQ005155, GWHPBPAQ012263	JLX161600.1
OG0004936	GWHPBPAQ005161	JLX212070.1, JLX212070.2
OG0004937	GWHPBPAQ005162	JLX212780.1, JLX212780.2
OG0004938	GWHPBPAQ005165	JLX211690.1, JLX211690.2
OG0004939	GWHPBPAQ005174, GWHPBPAQ005175	JLX211490.1
OG0004940	GWHPBPAQ005178	JLX212830.1, JLX212830.2
OG0004941	GWHPBPAQ005185	JLX212820.1, JLX212820.2
OG0004942	GWHPBPAQ005197	JLX211670.1, JLX211670.2
OG0004943	GWHPBPAQ005205, GWHPBPAQ021108	JLX067790.1
OG0004944	GWHPBPAQ005206, GWHPBPAQ021107	JLX212660.1
OG0004945	GWHPBPAQ005224, GWHPBPAQ005227	JLX066150.1
OG0004946	GWHPBPAQ005225, GWHPBPAQ005226	JLX065940.1
OG0004947	GWHPBPAQ005230	JLX065870.1, JLX065870.2
OG0004948	GWHPBPAQ005231	JLX066070.1, JLX066070.2
OG0004949	GWHPBPAQ005237, GWHPBPAQ005238	JLX065490.1
OG0004950	GWHPBPAQ005243	JLX065810.1, JLX065810.2
OG0004951	GWHPBPAQ005245	JLX066260.1, JLX066260.2
OG0004952	GWHPBPAQ005251, GWHPBPAQ016302	JLX036790.1
OG0004953	GWHPBPAQ005260	JLX066300.1, JLX066300.2
OG0004954	GWHPBPAQ005263	JLX065460.1, JLX065460.2
OG0004955	GWHPBPAQ005274	JLX065610.1, JLX065610.2
OG0004956	GWHPBPAQ005288, GWHPBPAQ005292	JLX066190.1
OG0004957	GWHPBPAQ005304	JLX065480.1, JLX065500.1
OG0004958	GWHPBPAQ005314, GWHPBPAQ016727	JLX221970.1
OG0004959	GWHPBPAQ005317, GWHPBPAQ005758	JLX038360.1
OG0004960	GWHPBPAQ005325, GWHPBPAQ005326	JLX039740.1
OG0004961	GWHPBPAQ005327, GWHPBPAQ005328	JLX037930.1
OG0004962	GWHPBPAQ005339, GWHPBPAQ016733	JLX039860.1
OG0004963	GWHPBPAQ005351	JLX038350.1, JLX038350.2
OG0004964	GWHPBPAQ005356	JLX063080.1, JLX063080.2
OG0004965	GWHPBPAQ005357	JLX064240.1, JLX064240.2
OG0004966	GWHPBPAQ005358	JLX059510.1, JLX059510.2
OG0004967	GWHPBPAQ005359	JLX058500.1, JLX058500.2
OG0004968	GWHPBPAQ005365, GWHPBPAQ005368	JLX060410.1
OG0004969	GWHPBPAQ005372	JLX089460.1, JLX187360.1
OG0004970	GWHPBPAQ005394	JLX209210.1, JLX209210.2
OG0004971	GWHPBPAQ005395	JLX208390.1, JLX208390.2
OG0004972	GWHPBPAQ005397	JLX208150.1, JLX208150.2
OG0004973	GWHPBPAQ005404, GWHPBPAQ018249	JLX121290.1
OG0004974	GWHPBPAQ005409	JLX208800.1, JLX208800.2
OG0004975	GWHPBPAQ005411	JLX148530.1, JLX207950.1
OG0004976	GWHPBPAQ005412	JLX148570.1, JLX208710.1
OG0004977	GWHPBPAQ005446, GWHPBPAQ012229	JLX208850.1
OG0004978	GWHPBPAQ005457	JLX208440.1, JLX208440.2
OG0004979	GWHPBPAQ005459	JLX209060.1, JLX209060.2
OG0004980	GWHPBPAQ005462	JLX208490.1, JLX208490.2
OG0004981	GWHPBPAQ005466	JLX208250.1, JLX208250.2
OG0004982	GWHPBPAQ005470	JLX207960.1, JLX207960.2
OG0004983	GWHPBPAQ005472	JLX208530.1, JLX209140.1
OG0004984	GWHPBPAQ005481, GWHPBPAQ016497	JLX037610.1
OG0004985	GWHPBPAQ005486	JLX208750.1, JLX208750.2
OG0004986	GWHPBPAQ005510, GWHPBPAQ016528	JLX036240.1
OG0004987	GWHPBPAQ005512, GWHPBPAQ016531	JLX208180.1
OG0004988	GWHPBPAQ005543	JLX209090.1, JLX209090.2
OG0004989	GWHPBPAQ005565, GWHPBPAQ005812	JLX208410.1
OG0004990	GWHPBPAQ005572	JLX209230.1, JLX209230.2
OG0004991	GWHPBPAQ005578	JLX209150.1, JLX209150.2
OG0004992	GWHPBPAQ005587, GWHPBPAQ005588	JLX054120.1
OG0004993	GWHPBPAQ005595	JLX054200.1, JLX054200.2
OG0004994	GWHPBPAQ005597	JLX054450.1, JLX054450.2
OG0004995	GWHPBPAQ005598	JLX054280.1, JLX054280.2
OG0004996	GWHPBPAQ005605, GWHPBPAQ011469	JLX084720.1
OG0004997	GWHPBPAQ005612	JLX029780.1, JLX029780.2
OG0004998	GWHPBPAQ005618, GWHPBPAQ014052	JLX194560.1
OG0004999	GWHPBPAQ005627	JLX029560.1, JLX029560.2
OG0005000	GWHPBPAQ005635	JLX030050.1, JLX030050.2
OG0005001	GWHPBPAQ005639	JLX029960.1, JLX029960.2
OG0005002	GWHPBPAQ005664	JLX190760.1, JLX190760.2
OG0005003	GWHPBPAQ005665	JLX191150.1, JLX191150.2
OG0005004	GWHPBPAQ005667	JLX191610.1, JLX191610.2
OG0005005	GWHPBPAQ005674	JLX191330.1, JLX191330.2
OG0005006	GWHPBPAQ005688, GWHPBPAQ005689	JLX190540.1
OG0005007	GWHPBPAQ005690	JLX191060.1, JLX191060.2
OG0005008	GWHPBPAQ005692	JLX191480.1, JLX191480.2
OG0005009	GWHPBPAQ005697	JLX191010.1, JLX191010.2
OG0005010	GWHPBPAQ005706	JLX190370.1, JLX190370.2
OG0005011	GWHPBPAQ005710	JLX191420.1, JLX191420.2
OG0005012	GWHPBPAQ005713	JLX191220.1, JLX191220.2
OG0005013	GWHPBPAQ005720, GWHPBPAQ005721	JLX191440.1
OG0005014	GWHPBPAQ005723	JLX190680.1, JLX190680.2
OG0005015	GWHPBPAQ005732	JLX190440.1, JLX190440.2
OG0005016	GWHPBPAQ005744, GWHPBPAQ020732	JLX137650.1
OG0005017	GWHPBPAQ005752	JLX190940.1, JLX190940.2
OG0005018	GWHPBPAQ005759, GWHPBPAQ005760, GWHPBPAQ005761	
OG0005019	GWHPBPAQ005765	JLX190380.1, JLX190380.2
OG0005020	GWHPBPAQ005769, GWHPBPAQ014783	JLX110800.1
OG0005021	GWHPBPAQ005782	JLX191400.1, JLX191400.2
OG0005022	GWHPBPAQ005800	JLX191090.1, JLX191090.2
OG0005023	GWHPBPAQ005808	JLX191190.1, JLX191190.2
OG0005024	GWHPBPAQ005809	JLX190090.1, JLX190090.2
OG0005025	GWHPBPAQ005816, GWHPBPAQ012885	JLX016050.1
OG0005026	GWHPBPAQ005819, GWHPBPAQ012488	JLX162510.1
OG0005027	GWHPBPAQ005846	JLX216340.1, JLX216340.2
OG0005028	GWHPBPAQ005861	JLX090550.1, JLX090550.2
OG0005029	GWHPBPAQ005865	JLX090620.1, JLX090620.2
OG0005030	GWHPBPAQ005866	JLX090590.1, JLX090590.2
OG0005031	GWHPBPAQ005877	JLX002760.1, JLX002760.2
OG0005032	GWHPBPAQ005888, GWHPBPAQ005889	JLX002900.1
OG0005033	GWHPBPAQ005892	JLX002880.1, JLX002880.2
OG0005034	GWHPBPAQ005893, GWHPBPAQ010408	JLX125880.1
OG0005035	GWHPBPAQ005897	JLX002810.1, JLX003020.1
OG0005036	GWHPBPAQ005898	JLX002800.1, JLX210120.1
OG0005037	GWHPBPAQ005909	JLX199460.1, JLX210230.1
OG0005038	GWHPBPAQ005910	JLX199500.1, JLX210190.1
OG0005039	GWHPBPAQ005911, GWHPBPAQ013134, GWHPBPAQ013135	
OG0005040	GWHPBPAQ005912, GWHPBPAQ012315	JLX163150.1
OG0005041	GWHPBPAQ005914, GWHPBPAQ016436	JLX038450.1
OG0005042	GWHPBPAQ005916	JLX199290.1, JLX199290.2
OG0005043	GWHPBPAQ005917	JLX199380.1, JLX199380.2
OG0005044	GWHPBPAQ005919	JLX061120.1, JLX199270.1
OG0005045	GWHPBPAQ005935, GWHPBPAQ012334	JLX162690.1
OG0005046	GWHPBPAQ005936, GWHPBPAQ014456	JLX199330.1
OG0005047	GWHPBPAQ005949	JLX001770.1, JLX090670.1
OG0005048	GWHPBPAQ005955	JLX000870.1, JLX000870.2
OG0005049	GWHPBPAQ005963	JLX001920.1, JLX001920.2
OG0005050	GWHPBPAQ005974	JLX001650.1, JLX001650.2
OG0005051	GWHPBPAQ005978, GWHPBPAQ006463	JLX032700.1
OG0005052	GWHPBPAQ005984, GWHPBPAQ019106	JLX044190.1
OG0005053	GWHPBPAQ005992	JLX001630.1, JLX001630.2
OG0005054	GWHPBPAQ005996	JLX001820.1, JLX001820.2
OG0005055	GWHPBPAQ006003	JLX001230.1, JLX001610.1
OG0005056	GWHPBPAQ006004, GWHPBPAQ006006	JLX001660.1
OG0005057	GWHPBPAQ006022	JLX001000.1, JLX001000.2
OG0005058	GWHPBPAQ006023	JLX002040.1, JLX002040.2
OG0005059	GWHPBPAQ006032	JLX120210.1, JLX120210.2
OG0005060	GWHPBPAQ006033	JLX120940.1, JLX120940.2
OG0005061	GWHPBPAQ006041, GWHPBPAQ006044	JLX010220.1
OG0005062	GWHPBPAQ006045	JLX010120.1, JLX010120.2
OG0005063	GWHPBPAQ006059	JLX010030.1, JLX010030.2
OG0005064	GWHPBPAQ006066	JLX010090.1, JLX010090.2
OG0005065	GWHPBPAQ006069	JLX010250.1, JLX010250.2
OG0005066	GWHPBPAQ006070	JLX010260.1, JLX010260.2
OG0005067	GWHPBPAQ006078, GWHPBPAQ023000	JLX010060.1
OG0005068	GWHPBPAQ006082, GWHPBPAQ013482	JLX079130.1
OG0005069	GWHPBPAQ006100	JLX041950.1, JLX041950.2
OG0005070	GWHPBPAQ006101	JLX042190.1, JLX042190.2
OG0005071	GWHPBPAQ006105	JLX041810.1, JLX041930.1
OG0005072	GWHPBPAQ006107	JLX041780.1, JLX041780.2
OG0005073	GWHPBPAQ006109	JLX041870.1, JLX041870.2
OG0005074	GWHPBPAQ006110, GWHPBPAQ010350	JLX042170.1
OG0005075	GWHPBPAQ006116	JLX042160.1, JLX042160.2
OG0005076	GWHPBPAQ006117	JLX041990.1, JLX041990.2
OG0005077	GWHPBPAQ006119	JLX041880.1, JLX041880.2
OG0005078	GWHPBPAQ006120	JLX041980.1, JLX144980.1
OG0005079	GWHPBPAQ006121	JLX041740.1, JLX041740.2
OG0005080	GWHPBPAQ006122, GWHPBPAQ022164	JLX021830.1
OG0005081	GWHPBPAQ006123, GWHPBPAQ006474	JLX032200.1
OG0005082	GWHPBPAQ006146, GWHPBPAQ006149	JLX040200.1
OG0005083	GWHPBPAQ006163	JLX216770.1, JLX216770.2
OG0005084	GWHPBPAQ006177	JLX216820.1, JLX216820.2
OG0005085	GWHPBPAQ006178	JLX216980.1, JLX216980.2
OG0005086	GWHPBPAQ006185, GWHPBPAQ022642	JLX165480.1
OG0005087	GWHPBPAQ006188	JLX216560.1, JLX216700.1
OG0005088	GWHPBPAQ006200	JLX216510.1, JLX216510.2
OG0005089	GWHPBPAQ006201	JLX216800.1, JLX216800.2
OG0005090	GWHPBPAQ006202	JLX216580.1, JLX216580.2
OG0005091	GWHPBPAQ006216	JLX216480.1, JLX216480.2
OG0005092	GWHPBPAQ006219, GWHPBPAQ006220	JLX216460.1
OG0005093	GWHPBPAQ006243	JLX041940.1, JLX068380.1
OG0005094	GWHPBPAQ006247	JLX068470.1, JLX068470.2
OG0005095	GWHPBPAQ006250, GWHPBPAQ006270	JLX068550.1
OG0005096	GWHPBPAQ006265, GWHPBPAQ007565	JLX068300.1
OG0005097	GWHPBPAQ006267, GWHPBPAQ011241	JLX068390.1
OG0005098	GWHPBPAQ006278	JLX010000.1, JLX068250.1
OG0005099	GWHPBPAQ006288	JLX068050.1, JLX068050.2
OG0005100	GWHPBPAQ006291, GWHPBPAQ006295	JLX068020.1
OG0005101	GWHPBPAQ006293, GWHPBPAQ019078	JLX043250.1
OG0005102	GWHPBPAQ006309, GWHPBPAQ006319	JLX032180.1
OG0005103	GWHPBPAQ006321	JLX034170.1, JLX034170.2
OG0005104	GWHPBPAQ006334, GWHPBPAQ022145, GWHPBPAQ022147	
OG0005105	GWHPBPAQ006340	JLX032750.1, JLX032750.2
OG0005106	GWHPBPAQ006350, GWHPBPAQ011246	JLX033640.1
OG0005107	GWHPBPAQ006377, GWHPBPAQ022317	JLX033200.1
OG0005108	GWHPBPAQ006378	JLX033890.1, JLX033890.2
OG0005109	GWHPBPAQ006385	JLX034140.1, JLX034140.2
OG0005110	GWHPBPAQ006386, GWHPBPAQ009555	JLX059270.1
OG0005111	GWHPBPAQ006389	JLX033670.1, JLX033670.2
OG0005112	GWHPBPAQ006391	JLX032500.1, JLX032500.2
OG0005113	GWHPBPAQ006432	JLX032960.1, JLX032960.2
OG0005114	GWHPBPAQ006434, GWHPBPAQ017886	JLX034060.1
OG0005115	GWHPBPAQ006443	JLX180250.1, JLX204540.1
OG0005116	GWHPBPAQ006447, GWHPBPAQ019293	JLX104390.1
OG0005117	GWHPBPAQ006449	JLX032280.1, JLX033960.1
OG0005118	GWHPBPAQ006461	JLX033570.1, JLX033570.2
OG0005119	GWHPBPAQ006462	JLX032810.1, JLX032810.2
OG0005120	GWHPBPAQ006469	JLX010870.1, JLX034720.1
OG0005121	GWHPBPAQ006484, GWHPBPAQ010552	JLX132110.1
OG0005122	GWHPBPAQ006485	JLX032440.1, JLX032440.2
OG0005123	GWHPBPAQ006490	JLX034450.1, JLX034450.2
OG0005124	GWHPBPAQ006495, GWHPBPAQ010560	JLX033910.1
OG0005125	GWHPBPAQ006496, GWHPBPAQ021989	JLX034320.1
OG0005126	GWHPBPAQ006503, GWHPBPAQ006505	JLX032450.1
OG0005127	GWHPBPAQ006508	JLX032790.1, JLX032790.2
OG0005128	GWHPBPAQ006512	JLX034230.1, JLX034230.2
OG0005129	GWHPBPAQ006533	JLX033080.1, JLX033080.2
OG0005130	GWHPBPAQ006545	JLX203630.1, JLX203630.2
OG0005131	GWHPBPAQ006556	JLX205020.1, JLX205020.2
OG0005132	GWHPBPAQ006558	JLX200660.1, JLX200660.2
OG0005133	GWHPBPAQ006559	JLX201650.1, JLX201650.2
OG0005134	GWHPBPAQ006561	JLX200870.1, JLX200870.2
OG0005135	GWHPBPAQ006564	JLX202180.1, JLX202180.2
OG0005136	GWHPBPAQ006567	JLX203870.1, JLX204830.1
OG0005137	GWHPBPAQ006571	JLX200200.1, JLX200200.2
OG0005138	GWHPBPAQ006572	JLX200240.1, JLX200240.2
OG0005139	GWHPBPAQ006594	JLX204530.1, JLX204530.2
OG0005140	GWHPBPAQ006597	JLX201690.1, JLX203150.1
OG0005141	GWHPBPAQ006604	JLX202920.1, JLX202920.2
OG0005142	GWHPBPAQ006608	JLX201670.1, JLX202940.1
OG0005143	GWHPBPAQ006616	JLX203050.1, JLX203050.2
OG0005144	GWHPBPAQ006634, GWHPBPAQ009980	JLX202470.1
OG0005145	GWHPBPAQ006646, GWHPBPAQ006647	JLX204460.1
OG0005146	GWHPBPAQ006652	JLX178340.1, JLX200380.1
OG0005147	GWHPBPAQ006669	JLX200490.1, JLX202520.1
OG0005148	GWHPBPAQ006677, GWHPBPAQ020245	JLX202240.1
OG0005149	GWHPBPAQ006681	JLX204150.1, JLX204150.2
OG0005150	GWHPBPAQ006682	JLX203710.1, JLX203710.2
OG0005151	GWHPBPAQ006684	JLX202760.1, JLX202760.2
OG0005152	GWHPBPAQ006687	JLX200060.1, JLX200060.2
OG0005153	GWHPBPAQ006688, GWHPBPAQ006689	JLX204140.1
OG0005154	GWHPBPAQ006698	JLX200890.1, JLX204880.1
OG0005155	GWHPBPAQ006702	JLX201930.1, JLX201930.2
OG0005156	GWHPBPAQ006718	JLX202170.1, JLX202170.2
OG0005157	GWHPBPAQ006719	JLX199590.1, JLX199590.2
OG0005158	GWHPBPAQ006729, GWHPBPAQ018309	JLX163930.1
OG0005159	GWHPBPAQ006730	JLX204170.1, JLX204170.2
OG0005160	GWHPBPAQ006739	JLX201520.1, JLX201520.2
OG0005161	GWHPBPAQ006743, GWHPBPAQ006744	JLX201210.1
OG0005162	GWHPBPAQ006747	JLX204390.1, JLX204390.2
OG0005163	GWHPBPAQ006748	JLX204560.1, JLX204560.2
OG0005164	GWHPBPAQ006753, GWHPBPAQ006760	JLX199930.1
OG0005165	GWHPBPAQ006754, GWHPBPAQ006901	JLX201960.1
OG0005166	GWHPBPAQ006757, GWHPBPAQ012039	JLX204570.1
OG0005167	GWHPBPAQ006783	JLX199950.1, JLX199950.2
OG0005168	GWHPBPAQ006790, GWHPBPAQ014508	JLX199850.1
OG0005169	GWHPBPAQ006794	JLX202740.1, JLX202740.2
OG0005170	GWHPBPAQ006812, GWHPBPAQ006813	JLX203580.1
OG0005171	GWHPBPAQ006815, GWHPBPAQ015293	JLX109170.1
OG0005172	GWHPBPAQ006824	JLX200720.1, JLX200720.2
OG0005173	GWHPBPAQ006827	JLX201450.1, JLX201450.2
OG0005174	GWHPBPAQ006829	JLX203370.1, JLX203370.2
OG0005175	GWHPBPAQ006830	JLX203930.1, JLX203930.2
OG0005176	GWHPBPAQ006835	JLX035900.1, JLX200680.1
OG0005177	GWHPBPAQ006836	JLX035910.1, JLX202950.1
OG0005178	GWHPBPAQ006838	JLX201040.1, JLX201040.2
OG0005179	GWHPBPAQ006854, GWHPBPAQ006864	JLX201890.1
OG0005180	GWHPBPAQ006855, GWHPBPAQ021681	JLX021480.1
OG0005181	GWHPBPAQ006859	JLX194090.1, JLX200700.1
OG0005182	GWHPBPAQ006868	JLX204670.1, JLX204670.2
OG0005183	GWHPBPAQ006869, GWHPBPAQ017654	JLX182170.1
OG0005184	GWHPBPAQ006878	JLX077980.1, JLX202580.1
OG0005185	GWHPBPAQ006885	JLX164550.1, JLX202020.1
OG0005186	GWHPBPAQ006896, GWHPBPAQ019745	JLX200970.1
OG0005187	GWHPBPAQ006900, GWHPBPAQ006908	JLX200220.1
OG0005188	GWHPBPAQ006902, GWHPBPAQ006903	JLX204440.1
OG0005189	GWHPBPAQ006906, GWHPBPAQ022097	JLX200930.1
OG0005190	GWHPBPAQ006911, GWHPBPAQ017543	JLX201760.1
OG0005191	GWHPBPAQ006912	JLX202910.1, JLX202910.2
OG0005192	GWHPBPAQ006915	JLX200010.1, JLX200010.2
OG0005193	GWHPBPAQ006922, GWHPBPAQ009958	JLX204910.1
OG0005194	GWHPBPAQ006923	JLX037750.1, JLX204480.1
OG0005195	GWHPBPAQ006928, GWHPBPAQ006930	JLX202270.1
OG0005196	GWHPBPAQ006934	JLX203320.1, JLX203320.2
OG0005197	GWHPBPAQ006935	JLX203730.1, JLX203730.2
OG0005198	GWHPBPAQ006939	JLX204600.1, JLX204600.2
OG0005199	GWHPBPAQ006941	JLX204310.1, JLX204310.2
OG0005200	GWHPBPAQ006946	JLX204030.1, JLX204030.2
OG0005201	GWHPBPAQ006947	JLX204970.1, JLX204970.2
OG0005202	GWHPBPAQ006949	JLX203680.1, JLX203680.2
OG0005203	GWHPBPAQ006958, GWHPBPAQ011148	JLX203770.2
OG0005204	GWHPBPAQ006960, GWHPBPAQ011149	JLX130180.1
OG0005205	GWHPBPAQ006963	JLX202310.1, JLX202310.2
OG0005206	GWHPBPAQ006981	JLX200980.1, JLX200980.2
OG0005207	GWHPBPAQ006982	JLX203880.1, JLX203880.2
OG0005208	GWHPBPAQ006985	JLX204470.1, JLX204470.2
OG0005209	GWHPBPAQ006988	JLX203250.1, JLX203250.2
OG0005210	GWHPBPAQ006994	JLX201330.1, JLX201330.2
OG0005211	GWHPBPAQ006997	JLX199790.1, JLX199790.2
OG0005212	GWHPBPAQ007007, GWHPBPAQ019274	JLX201050.1
OG0005213	GWHPBPAQ007029, GWHPBPAQ018092	JLX173820.1
OG0005214	GWHPBPAQ007030	JLX204020.1, JLX204020.2
OG0005215	GWHPBPAQ007058	JLX201350.1, JLX201350.2
OG0005216	GWHPBPAQ007075	JLX203790.1, JLX203790.2
OG0005217	GWHPBPAQ007078	JLX202140.1, JLX202140.2
OG0005218	GWHPBPAQ007084	JLX204770.1, JLX204770.2
OG0005219	GWHPBPAQ007093	JLX203170.1, JLX203170.2
OG0005220	GWHPBPAQ007096, GWHPBPAQ014122	JLX195620.1
OG0005221	GWHPBPAQ007098	JLX199570.1, JLX199570.2
OG0005222	GWHPBPAQ007099	JLX200350.1, JLX200350.2
OG0005223	GWHPBPAQ007108	JLX025130.1, JLX025130.2
OG0005224	GWHPBPAQ007113	JLX027030.1, JLX027030.2
OG0005225	GWHPBPAQ007117	JLX025250.1, JLX025250.2
OG0005226	GWHPBPAQ007118	JLX026020.1, JLX026020.2
OG0005227	GWHPBPAQ007119	JLX007070.1, JLX027110.1
OG0005228	GWHPBPAQ007122	JLX024890.1, JLX024890.2
OG0005229	GWHPBPAQ007131	JLX025330.1, JLX025330.2
OG0005230	GWHPBPAQ007135, GWHPBPAQ010895	JLX132140.1
OG0005231	GWHPBPAQ007136	JLX026700.1, JLX026700.2
OG0005232	GWHPBPAQ007143	JLX026990.1, JLX026990.2
OG0005233	GWHPBPAQ007144	JLX025620.1, JLX025620.2
OG0005234	GWHPBPAQ007150, GWHPBPAQ007152	JLX026900.1
OG0005235	GWHPBPAQ007160, GWHPBPAQ007161	JLX025690.1
OG0005236	GWHPBPAQ007162	JLX026810.1, JLX026810.2
OG0005237	GWHPBPAQ007174	JLX025860.1, JLX025860.2
OG0005238	GWHPBPAQ007177	JLX025370.1, JLX025370.2
OG0005239	GWHPBPAQ007187	JLX026220.1, JLX026220.2
OG0005240	GWHPBPAQ007194	JLX025510.1, JLX025510.2
OG0005241	GWHPBPAQ007195	JLX025280.1, JLX026490.1
OG0005242	GWHPBPAQ007198	JLX025530.1, JLX025530.2
OG0005243	GWHPBPAQ007205	JLX025670.1, JLX025670.2
OG0005244	GWHPBPAQ007208	JLX026230.1, JLX026230.2
OG0005245	GWHPBPAQ007209	JLX024850.1, JLX024850.2
OG0005246	GWHPBPAQ007240	JLX025450.1, JLX025450.2
OG0005247	GWHPBPAQ007252	JLX025580.1, JLX025580.2
OG0005248	GWHPBPAQ007256	JLX026730.1, JLX026730.2
OG0005249	GWHPBPAQ007262	JLX027180.1, JLX027180.2
OG0005250	GWHPBPAQ007273	JLX026570.1, JLX026570.2
OG0005251	GWHPBPAQ007287	JLX025240.1, JLX219040.1
OG0005252	GWHPBPAQ007297, GWHPBPAQ009215	JLX026090.1
OG0005253	GWHPBPAQ007305	JLX016350.1, JLX026880.1
OG0005254	GWHPBPAQ007320, GWHPBPAQ010826	JLX133270.1
OG0005255	GWHPBPAQ007326	JLX026530.1, JLX060390.1
OG0005256	GWHPBPAQ007328	JLX024920.1, JLX024920.2
OG0005257	GWHPBPAQ007336	JLX025550.1, JLX119720.1
OG0005258	GWHPBPAQ007344, GWHPBPAQ018895	JLX043360.1
OG0005259	GWHPBPAQ007350, GWHPBPAQ022743	JLX050560.1
OG0005260	GWHPBPAQ007353	JLX025840.1, JLX025840.2
OG0005261	GWHPBPAQ007358	JLX025020.1, JLX025020.2
OG0005262	GWHPBPAQ007360, GWHPBPAQ012997, GWHPBPAQ018122	
OG0005263	GWHPBPAQ007363, GWHPBPAQ018124	JLX150090.1
OG0005264	GWHPBPAQ007366, GWHPBPAQ017817, GWHPBPAQ018125	
OG0005265	GWHPBPAQ007380	JLX142610.1, JLX142610.2
OG0005266	GWHPBPAQ007381	JLX143520.1, JLX143520.2
OG0005267	GWHPBPAQ007382	JLX144220.1, JLX144220.2
OG0005268	GWHPBPAQ007388	JLX144340.1, JLX144340.2
OG0005269	GWHPBPAQ007389, GWHPBPAQ018106	JLX143240.1
OG0005270	GWHPBPAQ007401	JLX144670.1, JLX144670.2
OG0005271	GWHPBPAQ007404, GWHPBPAQ013190	JLX078370.1
OG0005272	GWHPBPAQ007443	JLX143350.1, JLX143350.2
OG0005273	GWHPBPAQ007451	JLX144500.1, JLX155150.1
OG0005274	GWHPBPAQ007452	JLX144570.1, JLX155190.1
OG0005275	GWHPBPAQ007454	JLX143310.1, JLX155180.1
OG0005276	GWHPBPAQ007459	JLX144400.1, JLX144400.2
OG0005277	GWHPBPAQ007471	JLX069650.1, JLX195550.1
OG0005278	GWHPBPAQ007473, GWHPBPAQ009935	JLX184250.1
OG0005279	GWHPBPAQ007474	JLX142940.1, JLX144490.1
OG0005280	GWHPBPAQ007479	JLX143720.1, JLX144590.1
OG0005281	GWHPBPAQ007487	JLX144620.1, JLX144620.2
OG0005282	GWHPBPAQ007494	JLX143700.1, JLX143700.2
OG0005283	GWHPBPAQ007502, GWHPBPAQ012025	JLX144540.1
OG0005284	GWHPBPAQ007509	JLX144630.1, JLX144630.2
OG0005285	GWHPBPAQ007518	JLX143270.1, JLX143270.2
OG0005286	GWHPBPAQ007521	JLX144090.1, JLX144090.2
OG0005287	GWHPBPAQ007523	JLX142580.1, JLX142580.2
OG0005288	GWHPBPAQ007528, GWHPBPAQ010028	JLX134880.1
OG0005289	GWHPBPAQ007532	JLX144420.1, JLX144420.2
OG0005290	GWHPBPAQ007535	JLX000720.1, JLX205530.1
OG0005291	GWHPBPAQ007537	JLX144510.1, JLX144510.2
OG0005292	GWHPBPAQ007550	JLX142400.1, JLX142400.2
OG0005293	GWHPBPAQ007551	JLX143400.1, JLX143400.2
OG0005294	GWHPBPAQ007562	JLX144710.1, JLX144710.2
OG0005295	GWHPBPAQ007576, GWHPBPAQ013987	JLX144280.1
OG0005296	GWHPBPAQ007582	JLX144830.1, JLX144830.2
OG0005297	GWHPBPAQ007595	JLX142570.1, JLX218040.1
OG0005298	GWHPBPAQ007598	JLX150570.1, JLX166660.1
OG0005299	GWHPBPAQ007611	JLX144060.1, JLX144060.2
OG0005300	GWHPBPAQ007615, GWHPBPAQ007616	JLX142530.1
OG0005301	GWHPBPAQ007620, GWHPBPAQ015994, GWHPBPAQ018296	
OG0005302	GWHPBPAQ007632, GWHPBPAQ011586	JLX167470.1
OG0005303	GWHPBPAQ007634, GWHPBPAQ015866	JLX143850.1
OG0005304	GWHPBPAQ007640	JLX144160.1, JLX144160.2
OG0005305	GWHPBPAQ007647	JLX144790.1, JLX144790.2
OG0005306	GWHPBPAQ007655, GWHPBPAQ015852	JLX112390.1
OG0005307	GWHPBPAQ007666, GWHPBPAQ010257	JLX128690.1
OG0005308	GWHPBPAQ007667	JLX027670.1, JLX027670.2
OG0005309	GWHPBPAQ007707	JLX230120.1, JLX230120.2
OG0005310	GWHPBPAQ007709	JLX230000.1, JLX230000.2
OG0005311	GWHPBPAQ007711	JLX230050.1, JLX230050.2
OG0005312	GWHPBPAQ007717	JLX230100.1, JLX230100.2
OG0005313	GWHPBPAQ007733	JLX230080.1, JLX230080.2
OG0005314	GWHPBPAQ007739	JLX199100.1, JLX199100.2
OG0005315	GWHPBPAQ007741, GWHPBPAQ008990	JLX197710.1
OG0005316	GWHPBPAQ007744	JLX150930.1, JLX198050.1
OG0005317	GWHPBPAQ007745	JLX150920.1, JLX150920.2
OG0005318	GWHPBPAQ007746	JLX198780.1, JLX198780.2
OG0005319	GWHPBPAQ007754	JLX198130.1, JLX198130.2
OG0005320	GWHPBPAQ007772	JLX198410.1, JLX198410.2
OG0005321	GWHPBPAQ007800	JLX198300.1, JLX198300.2
OG0005322	GWHPBPAQ007811	JLX198980.1, JLX198980.2
OG0005323	GWHPBPAQ007817	JLX198440.1, JLX198440.2
OG0005324	GWHPBPAQ007827, GWHPBPAQ007829	JLX198480.1
OG0005325	GWHPBPAQ007830	JLX197880.1, JLX197880.2
OG0005326	GWHPBPAQ007845, GWHPBPAQ008887	JLX197750.1
OG0005327	GWHPBPAQ007856	JLX198740.1, JLX198740.2
OG0005328	GWHPBPAQ007881	JLX198710.1, JLX198710.2
OG0005329	GWHPBPAQ007886, GWHPBPAQ012008	JLX197630.1
OG0005330	GWHPBPAQ007890	JLX152550.1, JLX197760.1
OG0005331	GWHPBPAQ007891	JLX090420.1, JLX199040.1
OG0005332	GWHPBPAQ007893	JLX152400.1, JLX198550.1
OG0005333	GWHPBPAQ007896	JLX198230.1, JLX199170.1
OG0005334	GWHPBPAQ007899	JLX198200.1, JLX198200.2
OG0005335	GWHPBPAQ007916	JLX030200.1, JLX030200.2
OG0005336	GWHPBPAQ007924	JLX032150.1, JLX032150.2
OG0005337	GWHPBPAQ007926	JLX031830.1, JLX031830.2
OG0005338	GWHPBPAQ007945, GWHPBPAQ009460	JLX031330.1
OG0005339	GWHPBPAQ007946, GWHPBPAQ013301	JLX032060.1
OG0005340	GWHPBPAQ007968	JLX031930.1, JLX031930.2
OG0005341	GWHPBPAQ007973	JLX031850.1, JLX031850.2
OG0005342	GWHPBPAQ007974	JLX030100.1, JLX030100.2
OG0005343	GWHPBPAQ007991, GWHPBPAQ008200	JLX031250.1
OG0005344	GWHPBPAQ007996	JLX030300.1, JLX030300.2
OG0005345	GWHPBPAQ008002	JLX030980.1, JLX030980.2
OG0005346	GWHPBPAQ008005	JLX087990.1, JLX177600.1
OG0005347	GWHPBPAQ008010	JLX030640.1, JLX030640.2
OG0005348	GWHPBPAQ008012	JLX031600.1, JLX031600.2
OG0005349	GWHPBPAQ008013	JLX030760.1, JLX030760.2
OG0005350	GWHPBPAQ008015, GWHPBPAQ010107	JLX032020.1
OG0005351	GWHPBPAQ008018	JLX030120.1, JLX030120.2
OG0005352	GWHPBPAQ008022	JLX031190.1, JLX031190.2
OG0005353	GWHPBPAQ008047	JLX031230.1, JLX031230.2
OG0005354	GWHPBPAQ008061, GWHPBPAQ008062	JLX031620.1
OG0005355	GWHPBPAQ008069	JLX030450.1, JLX030450.2
OG0005356	GWHPBPAQ008072	JLX030530.1, JLX030530.2
OG0005357	GWHPBPAQ008073	JLX031730.1, JLX031730.2
OG0005358	GWHPBPAQ008079	JLX031670.1, JLX031670.2
OG0005359	GWHPBPAQ008084, GWHPBPAQ015306	JLX032090.1
OG0005360	GWHPBPAQ008085	JLX030670.1, JLX030670.2
OG0005361	GWHPBPAQ008086, GWHPBPAQ008087	JLX032050.1
OG0005362	GWHPBPAQ008097	JLX031940.1, JLX031940.2
OG0005363	GWHPBPAQ008110	JLX031590.1, JLX031590.2
OG0005364	GWHPBPAQ008111	JLX031640.1, JLX031640.2
OG0005365	GWHPBPAQ008112	JLX030310.1, JLX030310.2
OG0005366	GWHPBPAQ008117	JLX031770.1, JLX031770.2
OG0005367	GWHPBPAQ008124, GWHPBPAQ008131	JLX154430.1
OG0005368	GWHPBPAQ008155	JLX154620.1, JLX154620.2
OG0005369	GWHPBPAQ008162	JLX153800.1, JLX153800.2
OG0005370	GWHPBPAQ008166, GWHPBPAQ008168	JLX153350.1
OG0005371	GWHPBPAQ008170	JLX154260.1, JLX154260.2
OG0005372	GWHPBPAQ008188	JLX152980.1, JLX152980.2
OG0005373	GWHPBPAQ008198	JLX153050.1, JLX153050.2
OG0005374	GWHPBPAQ008199	JLX154370.1, JLX154370.2
OG0005375	GWHPBPAQ008211	JLX154910.1, JLX189200.1
OG0005376	GWHPBPAQ008213	JLX153100.1, JLX153100.2
OG0005377	GWHPBPAQ008216	JLX153750.1, JLX154860.1
OG0005378	GWHPBPAQ008217	JLX153330.1, JLX153330.2
OG0005379	GWHPBPAQ008222	JLX153280.1, JLX153280.2
OG0005380	GWHPBPAQ008238	JLX153650.1, JLX153650.2
OG0005381	GWHPBPAQ008244	JLX153930.1, JLX153930.2
OG0005382	GWHPBPAQ008251	JLX154080.1, JLX154080.2
OG0005383	GWHPBPAQ008253	JLX154830.1, JLX154830.2
OG0005384	GWHPBPAQ008260, GWHPBPAQ008262	JLX152880.1
OG0005385	GWHPBPAQ008264, GWHPBPAQ008265	JLX154790.1
OG0005386	GWHPBPAQ008269	JLX153900.1, JLX153900.2
OG0005387	GWHPBPAQ008276	JLX154220.1, JLX154220.2
OG0005388	GWHPBPAQ008277	JLX154980.1, JLX154980.2
OG0005389	GWHPBPAQ008278	JLX153570.1, JLX153570.2
OG0005390	GWHPBPAQ008283	JLX153680.1, JLX153680.2
OG0005391	GWHPBPAQ008290	JLX154200.1, JLX154200.2
OG0005392	GWHPBPAQ008292	JLX153530.1, JLX153530.2
OG0005393	GWHPBPAQ008301	JLX153020.1, JLX153020.2
OG0005394	GWHPBPAQ008302	JLX154490.1, JLX154490.2
OG0005395	GWHPBPAQ008308, GWHPBPAQ011870	JLX154320.1
OG0005396	GWHPBPAQ008317	JLX154270.1, JLX154270.2
OG0005397	GWHPBPAQ008322	JLX154970.1, JLX154970.2
OG0005398	GWHPBPAQ008326	JLX153450.1, JLX153450.2
OG0005399	GWHPBPAQ008329, GWHPBPAQ008347	JLX154560.1
OG0005400	GWHPBPAQ008343	JLX153850.1, JLX153850.2
OG0005401	GWHPBPAQ008346, GWHPBPAQ019710	JLX153440.1
OG0005402	GWHPBPAQ008354	JLX014840.1, JLX014840.2
OG0005403	GWHPBPAQ008362	JLX013660.1, JLX013660.2
OG0005404	GWHPBPAQ008367	JLX014230.1, JLX014230.2
OG0005405	GWHPBPAQ008375	JLX012850.1, JLX012850.2
OG0005406	GWHPBPAQ008386	JLX012250.1, JLX012250.2
OG0005407	GWHPBPAQ008418	JLX014340.1, JLX140690.1
OG0005408	GWHPBPAQ008421, GWHPBPAQ022662	JLX166050.1
OG0005409	GWHPBPAQ008428	JLX012270.1, JLX012270.2
OG0005410	GWHPBPAQ008450, GWHPBPAQ008454	JLX014540.1
OG0005411	GWHPBPAQ008458	JLX013040.1, JLX013040.2
OG0005412	GWHPBPAQ008481, GWHPBPAQ012711	JLX015110.1
OG0005413	GWHPBPAQ008487	JLX011890.1, JLX011890.2
OG0005414	GWHPBPAQ008495	JLX013520.1, JLX013520.2
OG0005415	GWHPBPAQ008522	JLX011380.1, JLX011380.2
OG0005416	GWHPBPAQ008523	JLX012540.1, JLX014140.1
OG0005417	GWHPBPAQ008527	JLX015660.1, JLX015660.2
OG0005418	GWHPBPAQ008529	JLX012220.1, JLX012220.2
OG0005419	GWHPBPAQ008530	JLX012920.1, JLX012920.2
OG0005420	GWHPBPAQ008532	JLX010770.1, JLX010770.2
OG0005421	GWHPBPAQ008545	JLX013990.1, JLX013990.2
OG0005422	GWHPBPAQ008547	JLX012980.1, JLX012980.2
OG0005423	GWHPBPAQ008549	JLX011270.1, JLX011270.2
OG0005424	GWHPBPAQ008553	JLX011440.1, JLX011440.2
OG0005425	GWHPBPAQ008554	JLX012780.1, JLX012780.2
OG0005426	GWHPBPAQ008564	JLX012880.1, JLX012880.2
OG0005427	GWHPBPAQ008565	JLX014480.1, JLX014480.2
OG0005428	GWHPBPAQ008574	JLX012640.1, JLX012640.2
OG0005429	GWHPBPAQ008586, GWHPBPAQ021519	JLX206680.1
OG0005430	GWHPBPAQ008592	JLX014410.1, JLX014410.2
OG0005431	GWHPBPAQ008610	JLX010950.1, JLX010950.2
OG0005432	GWHPBPAQ008617	JLX014890.1, JLX014890.2
OG0005433	GWHPBPAQ008618	JLX010930.1, JLX010930.2
OG0005434	GWHPBPAQ008622, GWHPBPAQ020303	JLX146700.1
OG0005435	GWHPBPAQ008639	JLX015190.1, JLX015190.2
OG0005436	GWHPBPAQ008659	JLX013870.1, JLX013870.2
OG0005437	GWHPBPAQ008662	JLX011120.1, JLX011120.2
OG0005438	GWHPBPAQ008667	JLX011180.1, JLX011180.2
OG0005439	GWHPBPAQ008686	JLX011400.1, JLX011400.2
OG0005440	GWHPBPAQ008687	JLX012380.1, JLX012380.2
OG0005441	GWHPBPAQ008689	JLX011320.1, JLX011320.2
OG0005442	GWHPBPAQ008695	JLX013790.1, JLX013790.2
OG0005443	GWHPBPAQ008699	JLX011240.1, JLX011240.2
OG0005444	GWHPBPAQ008700	JLX015800.1, JLX064640.1
OG0005445	GWHPBPAQ008701	JLX012650.1, JLX064630.1
OG0005446	GWHPBPAQ008706	JLX013690.1, JLX013690.2
OG0005447	GWHPBPAQ008711	JLX015460.1, JLX015460.2
OG0005448	GWHPBPAQ008715, GWHPBPAQ008716	JLX010640.1
OG0005449	GWHPBPAQ008718	JLX013820.1, JLX013820.2
OG0005450	GWHPBPAQ008720, GWHPBPAQ019439	JLX103590.1
OG0005451	GWHPBPAQ008721	JLX011410.1, JLX011410.2
OG0005452	GWHPBPAQ008722	JLX012990.1, JLX012990.2
OG0005453	GWHPBPAQ008729	JLX013640.1, JLX013640.2
OG0005454	GWHPBPAQ008732	JLX011230.1, JLX011230.2
OG0005455	GWHPBPAQ008735	JLX013500.1, JLX013500.2
OG0005456	GWHPBPAQ008745	JLX010500.1, JLX012200.1
OG0005457	GWHPBPAQ008746	JLX012940.1, JLX012940.2
OG0005458	GWHPBPAQ008768	JLX014510.1, JLX014510.2
OG0005459	GWHPBPAQ008769, GWHPBPAQ016276	JLX037630.1
OG0005460	GWHPBPAQ008770	JLX015410.1, JLX015410.2
OG0005461	GWHPBPAQ008772	JLX013630.1, JLX013630.2
OG0005462	GWHPBPAQ008774	JLX012730.1, JLX012730.2
OG0005463	GWHPBPAQ008779	JLX015720.1, JLX015720.2
OG0005464	GWHPBPAQ008781	JLX014190.1, JLX014190.2
OG0005465	GWHPBPAQ008788	JLX015510.1, JLX015510.2
OG0005466	GWHPBPAQ008796	JLX015360.1, JLX015360.2
OG0005467	GWHPBPAQ008798	JLX013880.1, JLX013880.2
OG0005468	GWHPBPAQ008801	JLX015120.1, JLX015120.2
OG0005469	GWHPBPAQ008812	JLX011770.1, JLX208030.1
OG0005470	GWHPBPAQ008816	JLX013390.1, JLX013390.2
OG0005471	GWHPBPAQ008817	JLX014490.1, JLX014490.2
OG0005472	GWHPBPAQ008822	JLX013590.1, JLX013590.2
OG0005473	GWHPBPAQ008832, GWHPBPAQ020076	JLX015610.1
OG0005474	GWHPBPAQ008842	JLX013290.1, JLX013290.2
OG0005475	GWHPBPAQ008860	JLX014810.1, JLX014810.2
OG0005476	GWHPBPAQ008862	JLX012520.1, JLX012520.2
OG0005477	GWHPBPAQ008864, GWHPBPAQ018644	JLX098610.1
OG0005478	GWHPBPAQ008900	JLX012970.1, JLX012970.2
OG0005479	GWHPBPAQ008902, GWHPBPAQ008903	JLX015270.1
OG0005480	GWHPBPAQ008920	JLX013240.1, JLX217860.1
OG0005481	GWHPBPAQ008931	JLX014400.1, JLX060750.1
OG0005482	GWHPBPAQ008949	JLX059420.1, JLX059420.2
OG0005483	GWHPBPAQ008952, GWHPBPAQ015685	JLX118010.1
OG0005484	GWHPBPAQ008958	JLX059280.1, JLX059280.2
OG0005485	GWHPBPAQ008960	JLX061270.1, JLX061270.2
OG0005486	GWHPBPAQ008964, GWHPBPAQ015720	JLX112940.1
OG0005487	GWHPBPAQ008968	JLX061740.1, JLX061740.2
OG0005488	GWHPBPAQ008969	JLX062510.1, JLX098770.1
OG0005489	GWHPBPAQ008975	JLX059900.1, JLX059900.2
OG0005490	GWHPBPAQ009017	JLX059430.1, JLX154950.1
OG0005491	GWHPBPAQ009018	JLX060200.1, JLX060200.2
OG0005492	GWHPBPAQ009022	JLX064260.1, JLX064260.2
OG0005493	GWHPBPAQ009032, GWHPBPAQ013655	JLX063410.1
OG0005494	GWHPBPAQ009036	JLX063980.1, JLX063980.2
OG0005495	GWHPBPAQ009038	JLX061090.1, JLX231180.1
OG0005496	GWHPBPAQ009042, GWHPBPAQ015793	JLX114930.1
OG0005497	GWHPBPAQ009049	JLX062720.1, JLX062720.2
OG0005498	GWHPBPAQ009051	JLX061260.1, JLX061260.2
OG0005499	GWHPBPAQ009053	JLX059700.1, JLX059700.2
OG0005500	GWHPBPAQ009057	JLX061890.1, JLX061890.2
OG0005501	GWHPBPAQ009063	JLX059750.1, JLX059750.2
OG0005502	GWHPBPAQ009077, GWHPBPAQ021798	JLX019260.1
OG0005503	GWHPBPAQ009084, GWHPBPAQ017705	JLX063100.1
OG0005504	GWHPBPAQ009090, GWHPBPAQ015851	JLX109230.1
OG0005505	GWHPBPAQ009093	JLX062670.1, JLX062670.2
OG0005506	GWHPBPAQ009094	JLX058690.1, JLX058690.2
OG0005507	GWHPBPAQ009095	JLX060900.1, JLX060900.2
OG0005508	GWHPBPAQ009103	JLX061340.1, JLX061340.2
OG0005509	GWHPBPAQ009110	JLX061550.1, JLX061550.2
OG0005510	GWHPBPAQ009111	JLX062310.1, JLX062310.2
OG0005511	GWHPBPAQ009115	JLX062730.1, JLX062730.2
OG0005512	GWHPBPAQ009121, GWHPBPAQ010926	JLX123020.1
OG0005513	GWHPBPAQ009130	JLX063670.1, JLX174920.1
OG0005514	GWHPBPAQ009141	JLX063230.1, JLX063230.2
OG0005515	GWHPBPAQ009143, GWHPBPAQ015911	JLX059950.1
OG0005516	GWHPBPAQ009165	JLX064060.1, JLX064060.2
OG0005517	GWHPBPAQ009168	JLX059390.1, JLX059390.2
OG0005518	GWHPBPAQ009169	JLX058620.1, JLX058620.2
OG0005519	GWHPBPAQ009179, GWHPBPAQ015940	JLX227200.1
OG0005520	GWHPBPAQ009201	JLX058400.1, JLX058400.2
OG0005521	GWHPBPAQ009205	JLX062090.1, JLX062090.2
OG0005522	GWHPBPAQ009207	JLX060240.1, JLX060240.2
OG0005523	GWHPBPAQ009213	JLX054090.1, JLX058540.1
OG0005524	GWHPBPAQ009220	JLX061980.1, JLX061980.2
OG0005525	GWHPBPAQ009239	JLX060450.1, JLX060450.2
OG0005526	GWHPBPAQ009247	JLX061280.1, JLX061280.2
OG0005527	GWHPBPAQ009259	JLX062350.1, JLX062350.2
OG0005528	GWHPBPAQ009264	JLX062200.1, JLX062200.2
OG0005529	GWHPBPAQ009266	JLX063850.1, JLX063850.2
OG0005530	GWHPBPAQ009272	JLX060260.1, JLX060260.2
OG0005531	GWHPBPAQ009286, GWHPBPAQ010522	JLX061110.1
OG0005532	GWHPBPAQ009290	JLX060870.1, JLX060870.2
OG0005533	GWHPBPAQ009291	JLX058420.1, JLX058420.2
OG0005534	GWHPBPAQ009294	JLX059200.1, JLX059200.2
OG0005535	GWHPBPAQ009295	JLX060670.1, JLX060670.2
OG0005536	GWHPBPAQ009298	JLX063790.1, JLX063790.2
OG0005537	GWHPBPAQ009299	JLX063110.1, JLX063110.2
OG0005538	GWHPBPAQ009304, GWHPBPAQ009312	JLX061750.1
OG0005539	GWHPBPAQ009310, GWHPBPAQ021144	JLX062790.1
OG0005540	GWHPBPAQ009317	JLX062570.1, JLX063400.1
OG0005541	GWHPBPAQ009324	JLX061460.1, JLX064090.1
OG0005542	GWHPBPAQ009339, GWHPBPAQ013317	JLX079970.1
OG0005543	GWHPBPAQ009361, GWHPBPAQ009362	JLX059160.1
OG0005544	GWHPBPAQ009365	JLX058730.1, JLX058730.2
OG0005545	GWHPBPAQ009371	JLX060800.1, JLX060800.2
OG0005546	GWHPBPAQ009381, GWHPBPAQ015536	JLX109430.1
OG0005547	GWHPBPAQ009397	JLX063370.1, JLX063370.2
OG0005548	GWHPBPAQ009401	JLX063830.1, JLX063830.2
OG0005549	GWHPBPAQ009432	JLX061500.1, JLX061500.2
OG0005550	GWHPBPAQ009437	JLX061150.1, JLX061150.2
OG0005551	GWHPBPAQ009440	JLX060290.1, JLX060290.2
OG0005552	GWHPBPAQ009441	JLX062910.1, JLX135650.1
OG0005553	GWHPBPAQ009450	JLX064420.1, JLX064420.2
OG0005554	GWHPBPAQ009452	JLX058790.1, JLX058790.2
OG0005555	GWHPBPAQ009458	JLX063820.1, JLX063820.2
OG0005556	GWHPBPAQ009470	JLX059070.1, JLX059070.2
OG0005557	GWHPBPAQ009474	JLX058840.1, JLX058840.2
OG0005558	GWHPBPAQ009480	JLX063630.1, JLX063630.2
OG0005559	GWHPBPAQ009486	JLX063160.1, JLX063160.2
OG0005560	GWHPBPAQ009489	JLX062560.1, JLX062560.2
OG0005561	GWHPBPAQ009494	JLX060270.1, JLX060270.2
OG0005562	GWHPBPAQ009495	JLX062330.1, JLX062330.2
OG0005563	GWHPBPAQ009503	JLX058490.1, JLX058490.2
OG0005564	GWHPBPAQ009514	JLX064180.1, JLX064180.2
OG0005565	GWHPBPAQ009522	JLX062190.1, JLX062190.2
OG0005566	GWHPBPAQ009547	JLX064560.1, JLX064560.2
OG0005567	GWHPBPAQ009559	JLX061140.1, JLX061140.2
OG0005568	GWHPBPAQ009571, GWHPBPAQ021312	JLX232460.1
OG0005569	GWHPBPAQ009592	JLX185810.1, JLX185810.2
OG0005570	GWHPBPAQ009599, GWHPBPAQ018654	JLX098790.1
OG0005571	GWHPBPAQ009602	JLX184730.1, JLX184730.2
OG0005572	GWHPBPAQ009604	JLX186190.1, JLX186190.2
OG0005573	GWHPBPAQ009610, GWHPBPAQ017692	JLX186240.1
OG0005574	GWHPBPAQ009615, GWHPBPAQ020383	JLX185770.1
OG0005575	GWHPBPAQ009622	JLX185630.1, JLX185630.2
OG0005576	GWHPBPAQ009628	JLX185170.1, JLX185170.2
OG0005577	GWHPBPAQ009633	JLX184070.1, JLX184070.2
OG0005578	GWHPBPAQ009659	JLX185140.1, JLX185140.2
OG0005579	GWHPBPAQ009679	JLX185650.1, JLX185650.2
OG0005580	GWHPBPAQ009681	JLX183500.1, JLX183500.2
OG0005581	GWHPBPAQ009683	JLX185160.1, JLX185160.2
OG0005582	GWHPBPAQ009690, GWHPBPAQ019148	JLX186050.1
OG0005583	GWHPBPAQ009699, GWHPBPAQ019131	JLX052540.1
OG0005584	GWHPBPAQ009717	JLX185470.1, JLX185470.2
OG0005585	GWHPBPAQ009733	JLX186400.1, JLX186400.2
OG0005586	GWHPBPAQ009741, GWHPBPAQ021913	JLX022840.1
OG0005587	GWHPBPAQ009750	JLX183330.1, JLX183330.2
OG0005588	GWHPBPAQ009765	JLX184930.1, JLX184930.2
OG0005589	GWHPBPAQ009779	JLX184000.1, JLX184000.2
OG0005590	GWHPBPAQ009783	JLX186590.1, JLX186590.2
OG0005591	GWHPBPAQ009788, GWHPBPAQ016681	JLX183260.1
OG0005592	GWHPBPAQ009789, GWHPBPAQ018400	JLX183400.1
OG0005593	GWHPBPAQ009791, GWHPBPAQ018403	JLX168390.1
OG0005594	GWHPBPAQ009796	JLX186080.1, JLX186080.2
OG0005595	GWHPBPAQ009802	JLX185850.1, JLX185850.2
OG0005596	GWHPBPAQ009806	JLX186200.1, JLX186200.2
OG0005597	GWHPBPAQ009809, GWHPBPAQ021917	JLX024460.1
OG0005598	GWHPBPAQ009814	JLX186020.1, JLX186020.2
OG0005599	GWHPBPAQ009821	JLX185560.1, JLX185560.2
OG0005600	GWHPBPAQ009825	JLX184650.1, JLX184650.2
OG0005601	GWHPBPAQ009826	JLX183940.1, JLX183940.2
OG0005602	GWHPBPAQ009827	JLX186250.1, JLX186250.2
OG0005603	GWHPBPAQ009828	JLX183540.1, JLX183540.2
OG0005604	GWHPBPAQ009833	JLX183590.1, JLX183590.2
OG0005605	GWHPBPAQ009835	JLX186370.1, JLX186370.2
OG0005606	GWHPBPAQ009846	JLX185840.1, JLX185840.2
OG0005607	GWHPBPAQ009847	JLX185220.1, JLX185220.2
OG0005608	GWHPBPAQ009849	JLX184260.1, JLX184260.2
OG0005609	GWHPBPAQ009853	JLX183560.1, JLX183560.2
OG0005610	GWHPBPAQ009857	JLX185680.1, JLX185680.2
OG0005611	GWHPBPAQ009859	JLX184690.1, JLX184690.2
OG0005612	GWHPBPAQ009869	JLX184940.1, JLX184940.2
OG0005613	GWHPBPAQ009871	JLX183460.1, JLX183460.2
OG0005614	GWHPBPAQ009878	JLX184320.1, JLX184320.2
OG0005615	GWHPBPAQ009891	JLX184820.1, JLX184820.2
OG0005616	GWHPBPAQ009894	JLX183550.1, JLX183550.2
OG0005617	GWHPBPAQ009905	JLX186610.1, JLX186610.2
OG0005618	GWHPBPAQ009919	JLX184610.1, JLX184610.2
OG0005619	GWHPBPAQ009923	JLX185480.1, JLX185480.2
OG0005620	GWHPBPAQ009928	JLX183340.1, JLX186600.1
OG0005621	GWHPBPAQ009929	JLX185080.1, JLX185080.2
OG0005622	GWHPBPAQ009936, GWHPBPAQ014237	JLX184970.1
OG0005623	GWHPBPAQ009945	JLX131870.1, JLX131870.2
OG0005624	GWHPBPAQ009948	JLX131450.1, JLX131450.2
OG0005625	GWHPBPAQ009949	JLX131910.1, JLX131910.2
OG0005626	GWHPBPAQ009957	JLX130670.1, JLX130670.2
OG0005627	GWHPBPAQ009960	JLX126490.1, JLX126490.2
OG0005628	GWHPBPAQ009970	JLX124870.1, JLX124870.2
OG0005629	GWHPBPAQ009979	JLX128770.1, JLX128770.2
OG0005630	GWHPBPAQ009983	JLX123600.1, JLX123600.2
OG0005631	GWHPBPAQ009985	JLX132850.1, JLX132850.2
OG0005632	GWHPBPAQ009990	JLX125050.1, JLX130880.1
OG0005633	GWHPBPAQ009991	JLX131550.1, JLX133620.1
OG0005634	GWHPBPAQ009995, GWHPBPAQ018666	JLX098750.1
OG0005635	GWHPBPAQ010006	JLX130400.1, JLX130400.2
OG0005636	GWHPBPAQ010008	JLX134260.1, JLX134260.2
OG0005637	GWHPBPAQ010013, GWHPBPAQ018812	JLX045120.1
OG0005638	GWHPBPAQ010027	JLX122570.1, JLX122570.2
OG0005639	GWHPBPAQ010035, GWHPBPAQ018735	JLX132270.1
OG0005640	GWHPBPAQ010044	JLX127670.1, JLX127670.2
OG0005641	GWHPBPAQ010045	JLX123080.1, JLX123080.2
OG0005642	GWHPBPAQ010052	JLX124490.1, JLX124490.2
OG0005643	GWHPBPAQ010063	JLX133010.1, JLX133010.2
OG0005644	GWHPBPAQ010064	JLX125510.1, JLX125510.2
OG0005645	GWHPBPAQ010072	JLX134010.1, JLX189520.1
OG0005646	GWHPBPAQ010075	JLX127060.1, JLX127060.2
OG0005647	GWHPBPAQ010077	JLX127890.1, JLX127890.2
OG0005648	GWHPBPAQ010079, GWHPBPAQ014394	JLX171420.1
OG0005649	GWHPBPAQ010093	JLX128550.1, JLX128550.2
OG0005650	GWHPBPAQ010094	JLX133790.1, JLX133790.2
OG0005651	GWHPBPAQ010100	JLX128800.1, JLX128800.2
OG0005652	GWHPBPAQ010116	JLX130070.1, JLX130070.2
OG0005653	GWHPBPAQ010120	JLX123850.1, JLX123850.2
OG0005654	GWHPBPAQ010133	JLX125680.1, JLX125680.2
OG0005655	GWHPBPAQ010138	JLX133290.1, JLX133290.2
OG0005656	GWHPBPAQ010142	JLX131300.1, JLX131300.2
OG0005657	GWHPBPAQ010153	JLX132120.1, JLX132120.2
OG0005658	GWHPBPAQ010163	JLX126770.1, JLX126770.2
OG0005659	GWHPBPAQ010164	JLX132390.1, JLX132390.2
OG0005660	GWHPBPAQ010179	JLX124690.1, JLX124690.2
OG0005661	GWHPBPAQ010189	JLX122700.1, JLX122700.2
OG0005662	GWHPBPAQ010220	JLX123630.1, JLX123630.2
OG0005663	GWHPBPAQ010227	JLX130280.1, JLX130280.2
OG0005664	GWHPBPAQ010229	JLX128350.1, JLX128350.2
OG0005665	GWHPBPAQ010235	JLX132720.1, JLX132720.2
OG0005666	GWHPBPAQ010259	JLX131090.1, JLX131090.2
OG0005667	GWHPBPAQ010262	JLX132170.1, JLX132170.2
OG0005668	GWHPBPAQ010264, GWHPBPAQ011677	JLX128130.1
OG0005669	GWHPBPAQ010273	JLX126540.1, JLX126540.2
OG0005670	GWHPBPAQ010275	JLX130940.1, JLX130940.2
OG0005671	GWHPBPAQ010289	JLX130150.1, JLX130150.2
OG0005672	GWHPBPAQ010300	JLX126190.1, JLX126190.2
OG0005673	GWHPBPAQ010301	JLX131700.1, JLX131700.2
OG0005674	GWHPBPAQ010303	JLX131020.1, JLX131020.2
OG0005675	GWHPBPAQ010304	JLX124200.1, JLX127310.1
OG0005676	GWHPBPAQ010307	JLX130420.1, JLX130420.2
OG0005677	GWHPBPAQ010312	JLX133060.1, JLX133060.2
OG0005678	GWHPBPAQ010331	JLX132670.1, JLX132670.2
OG0005679	GWHPBPAQ010332	JLX127330.1, JLX127330.2
OG0005680	GWHPBPAQ010338	JLX134410.1, JLX134410.2
OG0005681	GWHPBPAQ010348	JLX126400.1, JLX126400.2
OG0005682	GWHPBPAQ010376	JLX133420.1, JLX133420.2
OG0005683	GWHPBPAQ010397, GWHPBPAQ010398	JLX129470.1
OG0005684	GWHPBPAQ010412	JLX122760.1, JLX122760.2
OG0005685	GWHPBPAQ010421	JLX127480.1, JLX127480.2
OG0005686	GWHPBPAQ010424	JLX135110.1, JLX135110.2
OG0005687	GWHPBPAQ010430	JLX135160.1, JLX135160.2
OG0005688	GWHPBPAQ010438	JLX124860.1, JLX124860.2
OG0005689	GWHPBPAQ010457, GWHPBPAQ010458	JLX123040.1
OG0005690	GWHPBPAQ010460	JLX131540.1, JLX131540.2
OG0005691	GWHPBPAQ010464, GWHPBPAQ011732	JLX134630.1
OG0005692	GWHPBPAQ010470	JLX134640.1, JLX134640.2
OG0005693	GWHPBPAQ010473	JLX127710.1, JLX127710.2
OG0005694	GWHPBPAQ010510	JLX134400.1, JLX134400.2
OG0005695	GWHPBPAQ010513	JLX130720.1, JLX130720.2
OG0005696	GWHPBPAQ010520, GWHPBPAQ010521	JLX133500.1
OG0005697	GWHPBPAQ010523	JLX134340.1, JLX134340.2
OG0005698	GWHPBPAQ010524	JLX123050.1, JLX123050.2
OG0005699	GWHPBPAQ010529	JLX128920.1, JLX128920.2
OG0005700	GWHPBPAQ010533, GWHPBPAQ010535	JLX122960.1
OG0005701	GWHPBPAQ010537	JLX134360.1, JLX134360.2
OG0005702	GWHPBPAQ010541	JLX135270.2, JLX135270.4
OG0005703	GWHPBPAQ010553	JLX124310.1, JLX124310.2
OG0005704	GWHPBPAQ010559	JLX132550.1, JLX132550.2
OG0005705	GWHPBPAQ010562	JLX129860.1, JLX129860.2
OG0005706	GWHPBPAQ010565, GWHPBPAQ020301	JLX147800.1
OG0005707	GWHPBPAQ010570	JLX122580.1, JLX122580.2
OG0005708	GWHPBPAQ010578	JLX135120.1, JLX135120.2
OG0005709	GWHPBPAQ010581	JLX133720.1, JLX133720.2
OG0005710	GWHPBPAQ010585	JLX126280.1, JLX126280.2
OG0005711	GWHPBPAQ010587	JLX123140.1, JLX123140.2
OG0005712	GWHPBPAQ010595, GWHPBPAQ015138	JLX111560.1
OG0005713	GWHPBPAQ010612, GWHPBPAQ012995	JLX083340.1
OG0005714	GWHPBPAQ010618	JLX058270.1, JLX129530.1
OG0005715	GWHPBPAQ010628	JLX131650.1, JLX131650.2
OG0005716	GWHPBPAQ010660	JLX132040.1, JLX132040.2
OG0005717	GWHPBPAQ010661	JLX133080.1, JLX133080.2
OG0005718	GWHPBPAQ010674	JLX127050.1, JLX134150.1
OG0005719	GWHPBPAQ010694	JLX124530.1, JLX124530.2
OG0005720	GWHPBPAQ010696	JLX130640.1, JLX130640.2
OG0005721	GWHPBPAQ010713	JLX123220.1, JLX123220.2
OG0005722	GWHPBPAQ010729	JLX133220.1, JLX133220.2
OG0005723	GWHPBPAQ010730	JLX127650.1, JLX127650.2
OG0005724	GWHPBPAQ010733	JLX127980.1, JLX127980.2
OG0005725	GWHPBPAQ010734	JLX131580.1, JLX131580.2
OG0005726	GWHPBPAQ010737	JLX124500.1, JLX124500.2
OG0005727	GWHPBPAQ010744	JLX129380.1, JLX129380.2
OG0005728	GWHPBPAQ010770	JLX127580.1, JLX127580.2
OG0005729	GWHPBPAQ010774	JLX126630.1, JLX126630.2
OG0005730	GWHPBPAQ010779	JLX128950.1, JLX128950.2
OG0005731	GWHPBPAQ010780	JLX132630.1, JLX132630.2
OG0005732	GWHPBPAQ010797	JLX123360.1, JLX123360.2
OG0005733	GWHPBPAQ010803, GWHPBPAQ018896	JLX046550.1
OG0005734	GWHPBPAQ010807	JLX129520.1, JLX129520.2
OG0005735	GWHPBPAQ010827	JLX128670.1, JLX128670.2
OG0005736	GWHPBPAQ010836	JLX124580.1, JLX124580.2
OG0005737	GWHPBPAQ010845	JLX127960.1, JLX127960.2
OG0005738	GWHPBPAQ010856	JLX130260.1, JLX130260.2
OG0005739	GWHPBPAQ010878	JLX135340.1, JLX135340.2
OG0005740	GWHPBPAQ010886	JLX131350.1, JLX131350.2
OG0005741	GWHPBPAQ010889	JLX134000.1, JLX134000.2
OG0005742	GWHPBPAQ010894	JLX132990.1, JLX132990.2
OG0005743	GWHPBPAQ010904	JLX133990.1, JLX133990.2
OG0005744	GWHPBPAQ010906	JLX122540.1, JLX122540.2
OG0005745	GWHPBPAQ010923, GWHPBPAQ023373	JLX214970.1
OG0005746	GWHPBPAQ010925	JLX127910.1, JLX127910.2
OG0005747	GWHPBPAQ010931	JLX133870.1, JLX133870.2
OG0005748	GWHPBPAQ010959	JLX134200.1, JLX134200.2
OG0005749	GWHPBPAQ010960	JLX126700.1, JLX126700.2
OG0005750	GWHPBPAQ010980	JLX123990.1, JLX123990.2
OG0005751	GWHPBPAQ010998	JLX129580.1, JLX129580.2
OG0005752	GWHPBPAQ011005	JLX127460.1, JLX127460.2
OG0005753	GWHPBPAQ011008	JLX129480.1, JLX129480.2
OG0005754	GWHPBPAQ011021	JLX126220.1, JLX126220.2
OG0005755	GWHPBPAQ011026	JLX132310.1, JLX132310.2
OG0005756	GWHPBPAQ011028, GWHPBPAQ011030	JLX124160.1
OG0005757	GWHPBPAQ011033	JLX132350.1, JLX132350.2
OG0005758	GWHPBPAQ011035	JLX126300.1, JLX126300.2
OG0005759	GWHPBPAQ011037	JLX129230.1, JLX129230.2
OG0005760	GWHPBPAQ011039	JLX131840.1, JLX131840.2
OG0005761	GWHPBPAQ011042	JLX126180.1, JLX126180.2
OG0005762	GWHPBPAQ011044	JLX134130.1, JLX149940.1
OG0005763	GWHPBPAQ011052, GWHPBPAQ011061	JLX125290.1
OG0005764	GWHPBPAQ011064, GWHPBPAQ011065	JLX128070.1
OG0005765	GWHPBPAQ011075, GWHPBPAQ011076	JLX126320.1
OG0005766	GWHPBPAQ011112	JLX132750.1, JLX132750.2
OG0005767	GWHPBPAQ011114, GWHPBPAQ023191	JLX085160.1
OG0005768	GWHPBPAQ011121, GWHPBPAQ011124	JLX128730.1
OG0005769	GWHPBPAQ011128	JLX124810.1, JLX126690.1
OG0005770	GWHPBPAQ011144	JLX128760.1, JLX128760.2
OG0005771	GWHPBPAQ011157	JLX130160.1, JLX130160.2
OG0005772	GWHPBPAQ011166	JLX124350.1, JLX124350.2
OG0005773	GWHPBPAQ011191	JLX124190.1, JLX124190.2
OG0005774	GWHPBPAQ011195	JLX127380.1, JLX127380.2
OG0005775	GWHPBPAQ011196	JLX123390.1, JLX123390.2
OG0005776	GWHPBPAQ011202	JLX133940.1, JLX133940.2
OG0005777	GWHPBPAQ011213, GWHPBPAQ017634	JLX128820.1
OG0005778	GWHPBPAQ011219	JLX123230.1, JLX123230.2
OG0005779	GWHPBPAQ011220	JLX128840.1, JLX128840.2
OG0005780	GWHPBPAQ011231	JLX128100.1, JLX128100.2
OG0005781	GWHPBPAQ011252	JLX127750.1, JLX127750.2
OG0005782	GWHPBPAQ011268, GWHPBPAQ011269	JLX132190.1
OG0005783	GWHPBPAQ011272, GWHPBPAQ011899	JLX231640.1
OG0005784	GWHPBPAQ011275	JLX088380.1, JLX123150.1
OG0005785	GWHPBPAQ011284, GWHPBPAQ022932	JLX123070.1
OG0005786	GWHPBPAQ011307, GWHPBPAQ023411	JLX134520.1
OG0005787	GWHPBPAQ011308, GWHPBPAQ011309, GWHPBPAQ011310	
OG0005788	GWHPBPAQ011311	JLX129010.1, JLX131560.1
OG0005789	GWHPBPAQ011319	JLX130100.1, JLX130100.2
OG0005790	GWHPBPAQ011327, GWHPBPAQ022432, GWHPBPAQ022551	
OG0005791	GWHPBPAQ011331, GWHPBPAQ013465	JLX080990.1
OG0005792	GWHPBPAQ011333	JLX083580.1, JLX084470.1
OG0005793	GWHPBPAQ011344	JLX083730.1, JLX089740.1
OG0005794	GWHPBPAQ011348	JLX084000.1, JLX089670.1
OG0005795	GWHPBPAQ011349	JLX084490.1, JLX089640.1
OG0005796	GWHPBPAQ011356	JLX084970.1, JLX089680.1
OG0005797	GWHPBPAQ011361	JLX084090.1, JLX089710.1
OG0005798	GWHPBPAQ011369	JLX084210.1, JLX084210.2
OG0005799	GWHPBPAQ011375	JLX084760.1, JLX084760.2
OG0005800	GWHPBPAQ011387	JLX030440.1, JLX084990.1
OG0005801	GWHPBPAQ011412	JLX083820.1, JLX083820.2
OG0005802	GWHPBPAQ011414	JLX084680.1, JLX084680.2
OG0005803	GWHPBPAQ011415, GWHPBPAQ011416	JLX084560.1
OG0005804	GWHPBPAQ011435	JLX084380.1, JLX084380.2
OG0005805	GWHPBPAQ011437	JLX084480.1, JLX084480.2
OG0005806	GWHPBPAQ011457	JLX084830.1, JLX084830.2
OG0005807	GWHPBPAQ011460	JLX084860.1, JLX084860.2
OG0005808	GWHPBPAQ011484	JLX084440.1, JLX084440.2
OG0005809	GWHPBPAQ011506	JLX042300.1, JLX042300.2
OG0005810	GWHPBPAQ011508	JLX042140.1, JLX042260.1
OG0005811	GWHPBPAQ011513	JLX041510.1, JLX101670.1
OG0005812	GWHPBPAQ011520, GWHPBPAQ015997, GWHPBPAQ022715	
OG0005813	GWHPBPAQ011528	JLX041920.1, JLX041920.2
OG0005814	GWHPBPAQ011538, GWHPBPAQ011541	JLX165210.1
OG0005815	GWHPBPAQ011544	JLX165190.1, JLX165190.2
OG0005816	GWHPBPAQ011559, GWHPBPAQ011560	JLX165010.1
OG0005817	GWHPBPAQ011563, GWHPBPAQ022089	JLX022220.1
OG0005818	GWHPBPAQ011564, GWHPBPAQ018546	JLX165110.1
OG0005819	GWHPBPAQ011572	JLX166890.1, JLX166890.2
OG0005820	GWHPBPAQ011573	JLX166830.1, JLX166830.2
OG0005821	GWHPBPAQ011582	JLX167240.1, JLX167240.2
OG0005822	GWHPBPAQ011596	JLX166840.1, JLX166840.2
OG0005823	GWHPBPAQ011600	JLX167770.1, JLX167770.2
OG0005824	GWHPBPAQ011603	JLX167000.1, JLX167000.2
OG0005825	GWHPBPAQ011608	JLX166800.1, JLX166800.2
OG0005826	GWHPBPAQ011610	JLX145010.1, JLX167550.1
OG0005827	GWHPBPAQ011611	JLX145000.1, JLX167350.1
OG0005828	GWHPBPAQ011619	JLX166620.1, JLX166620.2
OG0005829	GWHPBPAQ011624	JLX166670.1, JLX166670.2
OG0005830	GWHPBPAQ011628	JLX166530.1, JLX166530.2
OG0005831	GWHPBPAQ011629	JLX166740.1, JLX166740.2
OG0005832	GWHPBPAQ011643, GWHPBPAQ011645	JLX166850.1
OG0005833	GWHPBPAQ011644, GWHPBPAQ014398	JLX169640.1
OG0005834	GWHPBPAQ011648, GWHPBPAQ011650	JLX167150.1
OG0005835	GWHPBPAQ011662	JLX141110.1, JLX141110.2
OG0005836	GWHPBPAQ011673	JLX141010.1, JLX141010.2
OG0005837	GWHPBPAQ011674	JLX141290.1, JLX141290.2
OG0005838	GWHPBPAQ011676	JLX141360.1, JLX141360.2
OG0005839	GWHPBPAQ011684	JLX141060.1, JLX141350.1
OG0005840	GWHPBPAQ011685, GWHPBPAQ011686	JLX141320.1
OG0005841	GWHPBPAQ011688, GWHPBPAQ021104	JLX033920.1
OG0005842	GWHPBPAQ011689	JLX140960.1, JLX140960.2
OG0005843	GWHPBPAQ011695	JLX140950.1, JLX140950.2
OG0005844	GWHPBPAQ011702	JLX141130.1, JLX141130.2
OG0005845	GWHPBPAQ011720	JLX140980.1, JLX205030.1
OG0005846	GWHPBPAQ011736	JLX150880.1, JLX150880.2
OG0005847	GWHPBPAQ011740	JLX150280.1, JLX150280.2
OG0005848	GWHPBPAQ011751	JLX150690.1, JLX150800.1
OG0005849	GWHPBPAQ011756, GWHPBPAQ015933	JLX227790.1
OG0005850	GWHPBPAQ011767	JLX102720.1, JLX150640.1
OG0005851	GWHPBPAQ011768	JLX150780.1, JLX150780.2
OG0005852	GWHPBPAQ011769, GWHPBPAQ019656	JLX106390.1
OG0005853	GWHPBPAQ011771, GWHPBPAQ011772	JLX150170.1
OG0005854	GWHPBPAQ011773, GWHPBPAQ011920	JLX230960.1
OG0005855	GWHPBPAQ011781, GWHPBPAQ011787	JLX150460.1
OG0005856	GWHPBPAQ011785	JLX150340.1, JLX150500.1
OG0005857	GWHPBPAQ011789	JLX150490.1, JLX150490.2
OG0005858	GWHPBPAQ011827, GWHPBPAQ018224	JLX035360.1
OG0005859	GWHPBPAQ011838	JLX035810.1, JLX035810.2
OG0005860	GWHPBPAQ011840, GWHPBPAQ011841	JLX034910.1
OG0005861	GWHPBPAQ011842	JLX035880.1, JLX035880.2
OG0005862	GWHPBPAQ011856	JLX035480.1, JLX035480.2
OG0005863	GWHPBPAQ011868, GWHPBPAQ011869	JLX230870.1
OG0005864	GWHPBPAQ011874	JLX230640.1, JLX230640.2
OG0005865	GWHPBPAQ011876	JLX231660.1, JLX231660.2
OG0005866	GWHPBPAQ011910	JLX230980.1, JLX231020.1
OG0005867	GWHPBPAQ011913	JLX231110.1, JLX231110.2
OG0005868	GWHPBPAQ011931, GWHPBPAQ011933	JLX230890.1
OG0005869	GWHPBPAQ011941	JLX191720.1, JLX230720.1
OG0005870	GWHPBPAQ011945	JLX231830.1, JLX231830.2
OG0005871	GWHPBPAQ011952	JLX230840.1, JLX231480.1
OG0005872	GWHPBPAQ011982, GWHPBPAQ011984	JLX052880.1
OG0005873	GWHPBPAQ011999	JLX052820.1, JLX052820.2
OG0005874	GWHPBPAQ012005, GWHPBPAQ012006	JLX076270.1
OG0005875	GWHPBPAQ012011, GWHPBPAQ012012	JLX076290.1
OG0005876	GWHPBPAQ012016	JLX076560.1, JLX076560.3
OG0005877	GWHPBPAQ012043	JLX000440.1, JLX076580.1
OG0005878	GWHPBPAQ012047, GWHPBPAQ012048, GWHPBPAQ012049	
OG0005879	GWHPBPAQ012059, GWHPBPAQ012062	JLX000730.1
OG0005880	GWHPBPAQ012067	JLX000200.1, JLX000200.2
OG0005881	GWHPBPAQ012087, GWHPBPAQ015170	JLX114890.1
OG0005882	GWHPBPAQ012099	JLX213730.1, JLX213730.2
OG0005883	GWHPBPAQ012100	JLX213320.1, JLX213320.2
OG0005884	GWHPBPAQ012104	JLX213470.1, JLX213470.2
OG0005885	GWHPBPAQ012107	JLX213270.1, JLX213270.2
OG0005886	GWHPBPAQ012111	JLX213990.1, JLX213990.2
OG0005887	GWHPBPAQ012130	JLX213770.1, JLX213770.2
OG0005888	GWHPBPAQ012149	JLX213620.1, JLX213620.2
OG0005889	GWHPBPAQ012157	JLX132600.1, JLX213330.1
OG0005890	GWHPBPAQ012161	JLX213840.1, JLX213840.2
OG0005891	GWHPBPAQ012171	JLX213810.1, JLX213810.2
OG0005892	GWHPBPAQ012173	JLX213430.1, JLX214080.1
OG0005893	GWHPBPAQ012177, GWHPBPAQ020763	JLX118910.1
OG0005894	GWHPBPAQ012178	JLX213610.1, JLX213610.2
OG0005895	GWHPBPAQ012189	JLX213660.1, JLX213660.2
OG0005896	GWHPBPAQ012192	JLX158360.1, JLX214240.1
OG0005897	GWHPBPAQ012194	JLX160460.1, JLX213390.1
OG0005898	GWHPBPAQ012195, GWHPBPAQ012197	JLX160390.1
OG0005899	GWHPBPAQ012201, GWHPBPAQ020623	JLX162310.1
OG0005900	GWHPBPAQ012203	JLX159620.1, JLX213690.1
OG0005901	GWHPBPAQ012204	JLX163030.1, JLX163030.2
OG0005902	GWHPBPAQ012208	JLX162820.1, JLX162820.2
OG0005903	GWHPBPAQ012209	JLX162110.1, JLX162110.2
OG0005904	GWHPBPAQ012213	JLX160120.1, JLX160120.2
OG0005905	GWHPBPAQ012217	JLX160690.1, JLX160690.2
OG0005906	GWHPBPAQ012219	JLX161480.1, JLX161480.2
OG0005907	GWHPBPAQ012234	JLX160010.1, JLX160010.2
OG0005908	GWHPBPAQ012237	JLX163800.1, JLX163800.2
OG0005909	GWHPBPAQ012248	JLX163020.1, JLX163020.2
OG0005910	GWHPBPAQ012259	JLX120000.1, JLX163320.1
OG0005911	GWHPBPAQ012269	JLX158890.1, JLX158890.2
OG0005912	GWHPBPAQ012294, GWHPBPAQ014641	JLX229380.1
OG0005913	GWHPBPAQ012301, GWHPBPAQ020501	JLX161430.1
OG0005914	GWHPBPAQ012303	JLX158750.1, JLX158750.2
OG0005915	GWHPBPAQ012311, GWHPBPAQ015384	JLX161700.1
OG0005916	GWHPBPAQ012326	JLX160780.1, JLX160780.2
OG0005917	GWHPBPAQ012329, GWHPBPAQ020461	JLX163200.1
OG0005918	GWHPBPAQ012333	JLX161810.1, JLX161810.2
OG0005919	GWHPBPAQ012356	JLX162390.1, JLX162390.2
OG0005920	GWHPBPAQ012357	JLX163370.1, JLX163370.2
OG0005921	GWHPBPAQ012366	JLX162570.1, JLX162570.2
OG0005922	GWHPBPAQ012392	JLX161710.1, JLX161710.2
OG0005923	GWHPBPAQ012410	JLX040860.1, JLX163190.1
OG0005924	GWHPBPAQ012416, GWHPBPAQ017341	JLX160680.1
OG0005925	GWHPBPAQ012429, GWHPBPAQ012431	JLX162200.1
OG0005926	GWHPBPAQ012446, GWHPBPAQ017361	JLX177810.1
OG0005927	GWHPBPAQ012447, GWHPBPAQ017363	JLX180480.1
OG0005928	GWHPBPAQ012448, GWHPBPAQ020489	JLX137480.1
OG0005929	GWHPBPAQ012453	JLX161510.1, JLX161510.2
OG0005930	GWHPBPAQ012494, GWHPBPAQ014660	JLX229410.1
OG0005931	GWHPBPAQ012495, GWHPBPAQ012499	JLX158880.1
OG0005932	GWHPBPAQ012514, GWHPBPAQ014101	JLX163690.1
OG0005933	GWHPBPAQ012522	JLX159530.1, JLX162380.1
OG0005934	GWHPBPAQ012530	JLX162360.1, JLX162360.2
OG0005935	GWHPBPAQ012544	JLX159340.1, JLX159340.2
OG0005936	GWHPBPAQ012546	JLX163250.1, JLX163250.2
OG0005937	GWHPBPAQ012554	JLX158910.1, JLX158910.2
OG0005938	GWHPBPAQ012565	JLX160450.1, JLX160450.2
OG0005939	GWHPBPAQ012589	JLX159160.1, JLX159160.2
OG0005940	GWHPBPAQ012590	JLX160400.1, JLX160400.2
OG0005941	GWHPBPAQ012598	JLX162640.1, JLX162640.2
OG0005942	GWHPBPAQ012601	JLX160340.1, JLX160340.2
OG0005943	GWHPBPAQ012602	JLX162180.1, JLX162180.2
OG0005944	GWHPBPAQ012603	JLX163490.1, JLX163490.2
OG0005945	GWHPBPAQ012617	JLX163480.1, JLX163480.2
OG0005946	GWHPBPAQ012618, GWHPBPAQ022141	JLX020300.1
OG0005947	GWHPBPAQ012622	JLX160330.1, JLX160330.2
OG0005948	GWHPBPAQ012623	JLX117740.1, JLX161330.1
OG0005949	GWHPBPAQ012624	JLX163360.1, JLX163360.2
OG0005950	GWHPBPAQ012631	JLX066670.1, JLX161760.1
OG0005951	GWHPBPAQ012636	JLX161120.1, JLX161120.2
OG0005952	GWHPBPAQ012641, GWHPBPAQ016269	JLX040150.1
OG0005953	GWHPBPAQ012642	JLX160740.1, JLX160740.2
OG0005954	GWHPBPAQ012653	JLX162260.1, JLX162260.2
OG0005955	GWHPBPAQ012654, GWHPBPAQ021008	JLX161500.1
OG0005956	GWHPBPAQ012664	JLX163540.1, JLX163540.2
OG0005957	GWHPBPAQ012667	JLX158490.1, JLX158490.2
OG0005958	GWHPBPAQ012678, GWHPBPAQ017591	JLX180670.1
OG0005959	GWHPBPAQ012679	JLX159290.1, JLX159290.2
OG0005960	GWHPBPAQ012683	JLX161850.1, JLX161850.2
OG0005961	GWHPBPAQ012684	JLX158680.1, JLX158680.2
OG0005962	GWHPBPAQ012694	JLX159110.1, JLX159110.2
OG0005963	GWHPBPAQ012695	JLX158590.1, JLX158590.2
OG0005964	GWHPBPAQ012701, GWHPBPAQ012702	JLX158740.1
OG0005965	GWHPBPAQ012706	JLX162920.1, JLX162920.2
OG0005966	GWHPBPAQ012716	JLX161090.1, JLX161090.2
OG0005967	GWHPBPAQ012724, GWHPBPAQ012726	JLX162980.1
OG0005968	GWHPBPAQ012727	JLX159740.1, JLX159740.2
OG0005969	GWHPBPAQ012729	JLX163090.1, JLX163090.2
OG0005970	GWHPBPAQ012735	JLX159710.1, JLX159710.2
OG0005971	GWHPBPAQ012736	JLX160180.1, JLX160180.2
OG0005972	GWHPBPAQ012737, GWHPBPAQ012739	JLX162490.1
OG0005973	GWHPBPAQ012746	JLX163720.1, JLX163720.2
OG0005974	GWHPBPAQ012752	JLX159880.1, JLX159880.2
OG0005975	GWHPBPAQ012756	JLX158390.1, JLX158580.1
OG0005976	GWHPBPAQ012758	JLX162600.1, JLX162600.2
OG0005977	GWHPBPAQ012761	JLX064600.1, JLX160510.1
OG0005978	GWHPBPAQ012785	JLX054470.1, JLX054470.2
OG0005979	GWHPBPAQ012802	JLX054180.1, JLX054180.2
OG0005980	GWHPBPAQ012807	JLX054240.1, JLX054240.2
OG0005981	GWHPBPAQ012813	JLX218050.1, JLX218050.2
OG0005982	GWHPBPAQ012814	JLX218110.1, JLX218110.2
OG0005983	GWHPBPAQ012815	JLX218170.1, JLX218210.1
OG0005984	GWHPBPAQ012832	JLX066540.1, JLX066550.1
OG0005985	GWHPBPAQ012839	JLX041250.2, JLX041250.3
OG0005986	GWHPBPAQ012844	JLX041210.1, JLX041210.2
OG0005987	GWHPBPAQ012849, GWHPBPAQ019971	JLX148320.1
OG0005988	GWHPBPAQ012867, GWHPBPAQ019977	JLX145420.1
OG0005989	GWHPBPAQ012868	JLX015960.1, JLX217790.1
OG0005990	GWHPBPAQ012879	JLX016030.1, JLX016030.2
OG0005991	GWHPBPAQ012883, GWHPBPAQ017777	JLX176040.1
OG0005992	GWHPBPAQ012898	JLX089560.1, JLX166340.1
OG0005993	GWHPBPAQ012900	JLX089550.1, JLX166300.1
OG0005994	GWHPBPAQ012901	JLX089530.1, JLX166350.1
OG0005995	GWHPBPAQ012902	JLX089580.1, JLX166290.1
OG0005996	GWHPBPAQ012909	JLX136850.1, JLX166210.1
OG0005997	GWHPBPAQ012911	JLX136890.1, JLX166360.1
OG0005998	GWHPBPAQ012913	JLX136820.1, JLX166180.1
OG0005999	GWHPBPAQ012914	JLX136750.1, JLX166130.1
OG0006000	GWHPBPAQ012916	JLX136770.1, JLX166170.1
OG0006001	GWHPBPAQ012927	JLX136760.1, JLX230420.1
OG0006002	GWHPBPAQ012944	JLX148690.1, JLX205130.1
OG0006003	GWHPBPAQ012953	JLX148590.1, JLX148590.2
OG0006004	GWHPBPAQ012969	JLX122480.1, JLX122480.2
OG0006005	GWHPBPAQ012976	JLX041300.1, JLX083310.1
OG0006006	GWHPBPAQ012984	JLX155050.1, JLX187010.1
OG0006007	GWHPBPAQ012985	JLX155110.1, JLX186880.1
OG0006008	GWHPBPAQ012993, GWHPBPAQ013663, GWHPBPAQ021087	
OG0006009	GWHPBPAQ013001	JLX027560.1, JLX083330.1
OG0006010	GWHPBPAQ013004	JLX027380.1, JLX027380.2
OG0006011	GWHPBPAQ013018	JLX069090.1, JLX069090.2
OG0006012	GWHPBPAQ013020	JLX069140.1, JLX069140.2
OG0006013	GWHPBPAQ013024	JLX069740.1, JLX069740.2
OG0006014	GWHPBPAQ013025	JLX068820.1, JLX068820.2
OG0006015	GWHPBPAQ013031, GWHPBPAQ023177	JLX069780.1
OG0006016	GWHPBPAQ013033	JLX069200.1, JLX069200.2
OG0006017	GWHPBPAQ013042	JLX120230.1, JLX121170.1
OG0006018	GWHPBPAQ013064, GWHPBPAQ014560	JLX068880.1
OG0006019	GWHPBPAQ013074, GWHPBPAQ013078	JLX069580.1
OG0006020	GWHPBPAQ013076, GWHPBPAQ013077	JLX068800.1
OG0006021	GWHPBPAQ013087, GWHPBPAQ013089	JLX069280.1
OG0006022	GWHPBPAQ013114	JLX069230.1, JLX069230.2
OG0006023	GWHPBPAQ013117	JLX069660.1, JLX069660.2
OG0006024	GWHPBPAQ013122	JLX068670.1, JLX068670.2
OG0006025	GWHPBPAQ013130	JLX067880.1, JLX069610.1
OG0006026	GWHPBPAQ013131	JLX067930.1, JLX068950.1
OG0006027	GWHPBPAQ013136	JLX067910.1, JLX210390.1
OG0006028	GWHPBPAQ013138	JLX210310.1, JLX210420.1
OG0006029	GWHPBPAQ013143	JLX210370.1, JLX210480.1
OG0006030	GWHPBPAQ013149	JLX210410.1, JLX210410.2
OG0006031	GWHPBPAQ013152	JLX210750.1, JLX210750.2
OG0006032	GWHPBPAQ013173	JLX210780.1, JLX210780.2
OG0006033	GWHPBPAQ013174	JLX210620.1, JLX210620.2
OG0006034	GWHPBPAQ013176	JLX210720.1, JLX210720.2
OG0006035	GWHPBPAQ013182	JLX210800.1, JLX210800.2
OG0006036	GWHPBPAQ013183, GWHPBPAQ014412	JLX210760.1
OG0006037	GWHPBPAQ013191	JLX079220.1, JLX079220.2
OG0006038	GWHPBPAQ013198	JLX081630.1, JLX081630.2
OG0006039	GWHPBPAQ013200	JLX081490.1, JLX081490.2
OG0006040	GWHPBPAQ013206	JLX078840.1, JLX078840.2
OG0006041	GWHPBPAQ013210, GWHPBPAQ018113	JLX078730.1
OG0006042	GWHPBPAQ013220	JLX079060.1, JLX079060.2
OG0006043	GWHPBPAQ013224	JLX035740.1, JLX079180.1
OG0006044	GWHPBPAQ013227, GWHPBPAQ022748	JLX080050.1
OG0006045	GWHPBPAQ013234	JLX081360.1, JLX081360.2
OG0006046	GWHPBPAQ013236	JLX078130.1, JLX078130.2
OG0006047	GWHPBPAQ013245, GWHPBPAQ013792	JLX192440.1
OG0006048	GWHPBPAQ013272	JLX080680.1, JLX080680.2
OG0006049	GWHPBPAQ013277	JLX081840.1, JLX081840.2
OG0006050	GWHPBPAQ013279	JLX078610.1, JLX078610.2
OG0006051	GWHPBPAQ013297	JLX080790.1, JLX080790.2
OG0006052	GWHPBPAQ013299	JLX079010.1, JLX079010.2
OG0006053	GWHPBPAQ013309	JLX080470.1, JLX080470.2
OG0006054	GWHPBPAQ013313	JLX079860.1, JLX079860.2
OG0006055	GWHPBPAQ013321	JLX080930.1, JLX080930.2
OG0006056	GWHPBPAQ013322	JLX078990.1, JLX078990.2
OG0006057	GWHPBPAQ013342	JLX078270.1, JLX078270.2
OG0006058	GWHPBPAQ013351	JLX080500.1, JLX080500.2
OG0006059	GWHPBPAQ013372	JLX081110.1, JLX205100.1
OG0006060	GWHPBPAQ013374	JLX080820.1, JLX205110.1
OG0006061	GWHPBPAQ013379	JLX080070.1, JLX080070.2
OG0006062	GWHPBPAQ013383	JLX080250.1, JLX165350.1
OG0006063	GWHPBPAQ013385	JLX079820.1, JLX079820.2
OG0006064	GWHPBPAQ013395, GWHPBPAQ021895	JLX023650.1
OG0006065	GWHPBPAQ013400	JLX081780.1, JLX081780.2
OG0006066	GWHPBPAQ013416	JLX081170.1, JLX081170.2
OG0006067	GWHPBPAQ013422	JLX080760.1, JLX080760.2
OG0006068	GWHPBPAQ013436, GWHPBPAQ013441	JLX079470.1
OG0006069	GWHPBPAQ013447, GWHPBPAQ019513	JLX081410.1
OG0006070	GWHPBPAQ013457	JLX079960.1, JLX079960.2
OG0006071	GWHPBPAQ013463	JLX079080.1, JLX079680.1
OG0006072	GWHPBPAQ013464	JLX080560.1, JLX081290.1
OG0006073	GWHPBPAQ013467	JLX079690.1, JLX079690.2
OG0006074	GWHPBPAQ013485	JLX081030.1, JLX081030.2
OG0006075	GWHPBPAQ013486	JLX081790.1, JLX155130.1
OG0006076	GWHPBPAQ013487	JLX078230.1, JLX155120.1
OG0006077	GWHPBPAQ013525	JLX079600.1, JLX079600.2
OG0006078	GWHPBPAQ013534	JLX078200.1, JLX081560.1
OG0006079	GWHPBPAQ013559	JLX080180.1, JLX080180.2
OG0006080	GWHPBPAQ013601	JLX194810.1, JLX194810.2
OG0006081	GWHPBPAQ013626, GWHPBPAQ013627	JLX193170.1
OG0006082	GWHPBPAQ013644, GWHPBPAQ013645	JLX195720.1
OG0006083	GWHPBPAQ013656	JLX193700.1, JLX193700.2
OG0006084	GWHPBPAQ013661	JLX193680.1, JLX193680.2
OG0006085	GWHPBPAQ013678	JLX195760.1, JLX195760.2
OG0006086	GWHPBPAQ013679	JLX192550.1, JLX192550.2
OG0006087	GWHPBPAQ013688	JLX196180.1, JLX196180.2
OG0006088	GWHPBPAQ013693	JLX194820.1, JLX194820.2
OG0006089	GWHPBPAQ013694	JLX194250.1, JLX194250.2
OG0006090	GWHPBPAQ013710, GWHPBPAQ019566	JLX191980.1
OG0006091	GWHPBPAQ013717	JLX195900.1, JLX195900.2
OG0006092	GWHPBPAQ013722	JLX191810.1, JLX191810.2
OG0006093	GWHPBPAQ013734	JLX193420.1, JLX193420.2
OG0006094	GWHPBPAQ013741	JLX195370.1, JLX197310.1
OG0006095	GWHPBPAQ013743, GWHPBPAQ013744	JLX193390.1
OG0006096	GWHPBPAQ013751	JLX193240.1, JLX193240.2
OG0006097	GWHPBPAQ013759	JLX197020.1, JLX197020.2
OG0006098	GWHPBPAQ013811, GWHPBPAQ013812	JLX195840.1
OG0006099	GWHPBPAQ013815	JLX196820.1, JLX196820.2
OG0006100	GWHPBPAQ013820, GWHPBPAQ015092	JLX109110.1
OG0006101	GWHPBPAQ013824	JLX195730.1, JLX195730.2
OG0006102	GWHPBPAQ013830	JLX192410.1, JLX192410.2
OG0006103	GWHPBPAQ013831	JLX194440.1, JLX194440.2
OG0006104	GWHPBPAQ013833	JLX192200.1, JLX192200.2
OG0006105	GWHPBPAQ013834	JLX193760.1, JLX194320.1
OG0006106	GWHPBPAQ013840	JLX196790.1, JLX196790.2
OG0006107	GWHPBPAQ013849, GWHPBPAQ014223	JLX168710.1
OG0006108	GWHPBPAQ013855	JLX195820.1, JLX195820.2
OG0006109	GWHPBPAQ013858	JLX195240.1, JLX195240.2
OG0006110	GWHPBPAQ013871	JLX192320.1, JLX192320.2
OG0006111	GWHPBPAQ013872	JLX196560.1, JLX196560.2
OG0006112	GWHPBPAQ013875, GWHPBPAQ017577	JLX193440.1
OG0006113	GWHPBPAQ013893	JLX194700.1, JLX194700.2
OG0006114	GWHPBPAQ013907	JLX193550.1, JLX193550.2
OG0006115	GWHPBPAQ013910	JLX194670.1, JLX194670.2
OG0006116	GWHPBPAQ013911	JLX195250.1, JLX195250.2
OG0006117	GWHPBPAQ013928	JLX193210.1, JLX193210.2
OG0006118	GWHPBPAQ013936	JLX195490.1, JLX195490.2
OG0006119	GWHPBPAQ013940, GWHPBPAQ022075	JLX196290.1
OG0006120	GWHPBPAQ013943, GWHPBPAQ013996	JLX194990.1
OG0006121	GWHPBPAQ013949	JLX196090.1, JLX196090.2
OG0006122	GWHPBPAQ013954	JLX193010.1, JLX193010.2
OG0006123	GWHPBPAQ013960, GWHPBPAQ021942, GWHPBPAQ021945	
OG0006124	GWHPBPAQ013965	JLX195200.1, JLX195200.2
OG0006125	GWHPBPAQ013966	JLX195560.1, JLX195560.2
OG0006126	GWHPBPAQ013971	JLX195440.1, JLX195440.2
OG0006127	GWHPBPAQ013974	JLX195390.1, JLX195390.2
OG0006128	GWHPBPAQ013988	JLX197300.1, JLX197300.2
OG0006129	GWHPBPAQ013989	JLX193540.1, JLX193540.2
OG0006130	GWHPBPAQ013990	JLX192740.1, JLX192740.2
OG0006131	GWHPBPAQ014001	JLX194330.1, JLX194330.2
OG0006132	GWHPBPAQ014009	JLX061870.1, JLX195670.1
OG0006133	GWHPBPAQ014023	JLX192060.1, JLX192060.2
OG0006134	GWHPBPAQ014025	JLX193530.1, JLX193530.2
OG0006135	GWHPBPAQ014030	JLX196400.1, JLX196400.2
OG0006136	GWHPBPAQ014046	JLX195060.1, JLX195060.2
OG0006137	GWHPBPAQ014056	JLX196740.1, JLX196740.2
OG0006138	GWHPBPAQ014078	JLX195300.1, JLX195300.2
OG0006139	GWHPBPAQ014086	JLX194600.1, JLX194600.2
OG0006140	GWHPBPAQ014087	JLX192340.1, JLX192340.2
OG0006141	GWHPBPAQ014089	JLX196230.1, JLX196230.2
OG0006142	GWHPBPAQ014096	JLX195970.1, JLX195970.2
OG0006143	GWHPBPAQ014126	JLX194690.1, JLX202610.1
OG0006144	GWHPBPAQ014127	JLX192520.1, JLX192520.2
OG0006145	GWHPBPAQ014139	JLX195400.1, JLX195400.2
OG0006146	GWHPBPAQ014171	JLX192880.1, JLX192880.2
OG0006147	GWHPBPAQ014172	JLX196750.1, JLX196750.2
OG0006148	GWHPBPAQ014175	JLX168980.1, JLX194100.1
OG0006149	GWHPBPAQ014184	JLX169760.1, JLX169760.2
OG0006150	GWHPBPAQ014205	JLX171120.1, JLX171120.2
OG0006151	GWHPBPAQ014207	JLX170330.1, JLX170330.2
OG0006152	GWHPBPAQ014212, GWHPBPAQ019417	JLX103160.1
OG0006153	GWHPBPAQ014216	JLX170080.2, JLX170080.3
OG0006154	GWHPBPAQ014221, GWHPBPAQ019411	JLX107030.1
OG0006155	GWHPBPAQ014222	JLX169150.1, JLX169150.2
OG0006156	GWHPBPAQ014226	JLX172040.1, JLX172040.2
OG0006157	GWHPBPAQ014227	JLX169390.1, JLX169390.2
OG0006158	GWHPBPAQ014234	JLX169710.1, JLX169710.2
OG0006159	GWHPBPAQ014235	JLX168790.1, JLX170760.1
OG0006160	GWHPBPAQ014261	JLX172070.1, JLX172070.2
OG0006161	GWHPBPAQ014270	JLX170660.1, JLX170660.2
OG0006162	GWHPBPAQ014282	JLX171610.1, JLX171610.2
OG0006163	GWHPBPAQ014288	JLX171660.1, JLX171660.2
OG0006164	GWHPBPAQ014297	JLX170050.1, JLX170050.2
OG0006165	GWHPBPAQ014307, GWHPBPAQ014308	JLX170110.1
OG0006166	GWHPBPAQ014312, GWHPBPAQ014313	JLX168620.1
OG0006167	GWHPBPAQ014339	JLX171380.1, JLX171380.2
OG0006168	GWHPBPAQ014346, GWHPBPAQ019302	JLX103880.1
OG0006169	GWHPBPAQ014350, GWHPBPAQ016407	JLX169400.1
OG0006170	GWHPBPAQ014352	JLX171020.1, JLX171020.2
OG0006171	GWHPBPAQ014392	JLX169160.1, JLX169160.2
OG0006172	GWHPBPAQ014396	JLX171970.1, JLX171970.2
OG0006173	GWHPBPAQ014415	JLX169250.1, JLX169250.2
OG0006174	GWHPBPAQ014421	JLX170870.1, JLX170870.2
OG0006175	GWHPBPAQ014430	JLX171110.1, JLX171110.2
OG0006176	GWHPBPAQ014433	JLX170500.1, JLX170500.2
OG0006177	GWHPBPAQ014440, GWHPBPAQ018638	JLX099030.1
OG0006178	GWHPBPAQ014441	JLX169950.1, JLX169950.2
OG0006179	GWHPBPAQ014460	JLX171390.1, JLX171390.2
OG0006180	GWHPBPAQ014462, GWHPBPAQ023501	JLX215320.1
OG0006181	GWHPBPAQ014467	JLX170430.1, JLX170430.2
OG0006182	GWHPBPAQ014469	JLX172350.1, JLX172350.2
OG0006183	GWHPBPAQ014470	JLX169460.1, JLX169460.2
OG0006184	GWHPBPAQ014475	JLX168630.1, JLX168630.2
OG0006185	GWHPBPAQ014476	JLX170090.1, JLX170090.2
OG0006186	GWHPBPAQ014478	JLX172490.1, JLX172490.2
OG0006187	GWHPBPAQ014484	JLX172090.1, JLX172090.2
OG0006188	GWHPBPAQ014493	JLX171990.1, JLX171990.2
OG0006189	GWHPBPAQ014498	JLX161150.1, JLX172540.1
OG0006190	GWHPBPAQ014504	JLX170210.1, JLX170210.2
OG0006191	GWHPBPAQ014518	JLX169690.1, JLX169690.2
OG0006192	GWHPBPAQ014521	JLX170100.1, JLX170100.2
OG0006193	GWHPBPAQ014527	JLX171860.1, JLX171860.2
OG0006194	GWHPBPAQ014538	JLX169530.1, JLX169530.2
OG0006195	GWHPBPAQ014540	JLX170190.1, JLX170190.2
OG0006196	GWHPBPAQ014542, GWHPBPAQ018618	JLX096180.1
OG0006197	GWHPBPAQ014561	JLX170470.1, JLX170470.2
OG0006198	GWHPBPAQ014571	JLX170590.1, JLX170590.2
OG0006199	GWHPBPAQ014577	JLX172020.1, JLX172020.2
OG0006200	GWHPBPAQ014578	JLX170700.1, JLX170700.2
OG0006201	GWHPBPAQ014580, GWHPBPAQ020240	JLX168660.1
OG0006202	GWHPBPAQ014589	JLX171730.1, JLX171730.2
OG0006203	GWHPBPAQ014591, GWHPBPAQ020441	JLX138020.1
OG0006204	GWHPBPAQ014605	JLX229350.1, JLX229350.2
OG0006205	GWHPBPAQ014608	JLX229450.1, JLX229450.2
OG0006206	GWHPBPAQ014612	JLX229260.1, JLX229260.2
OG0006207	GWHPBPAQ014622, GWHPBPAQ019724	JLX104040.1
OG0006208	GWHPBPAQ014631	JLX229270.1, JLX229270.2
OG0006209	GWHPBPAQ014636	JLX229810.1, JLX229810.2
OG0006210	GWHPBPAQ014644	JLX229460.1, JLX229460.2
OG0006211	GWHPBPAQ014645	JLX229360.1, JLX229360.2
OG0006212	GWHPBPAQ014655	JLX229290.1, JLX229290.2
OG0006213	GWHPBPAQ014665, GWHPBPAQ016828	JLX220160.1
OG0006214	GWHPBPAQ014669	JLX118770.1, JLX118770.2
OG0006215	GWHPBPAQ014675	JLX113240.1, JLX113240.2
OG0006216	GWHPBPAQ014678, GWHPBPAQ016948	JLX221370.1
OG0006217	GWHPBPAQ014679, GWHPBPAQ014735	JLX110970.1
OG0006218	GWHPBPAQ014685	JLX118380.1, JLX118380.2
OG0006219	GWHPBPAQ014688	JLX110790.1, JLX118430.1
OG0006220	GWHPBPAQ014698	JLX108820.1, JLX108820.2
OG0006221	GWHPBPAQ014704	JLX116700.1, JLX116700.2
OG0006222	GWHPBPAQ014708	JLX108240.1, JLX108240.2
OG0006223	GWHPBPAQ014718	JLX116970.1, JLX116970.2
OG0006224	GWHPBPAQ014719	JLX117610.1, JLX117610.2
OG0006225	GWHPBPAQ014747, GWHPBPAQ015516	JLX108190.1
OG0006226	GWHPBPAQ014754	JLX108310.1, JLX108310.2
OG0006227	GWHPBPAQ014756	JLX117570.1, JLX117570.2
OG0006228	GWHPBPAQ014760	JLX117850.1, JLX117850.2
OG0006229	GWHPBPAQ014764	JLX038940.1, JLX108420.1
OG0006230	GWHPBPAQ014771	JLX115660.1, JLX115660.2
OG0006231	GWHPBPAQ014772	JLX108580.1, JLX108580.2
OG0006232	GWHPBPAQ014773, GWHPBPAQ017001	JLX110210.1
OG0006233	GWHPBPAQ014776	JLX118250.1, JLX118250.2
OG0006234	GWHPBPAQ014782	JLX108660.1, JLX114920.1
OG0006235	GWHPBPAQ014791, GWHPBPAQ018138	JLX058320.1
OG0006236	GWHPBPAQ014797, GWHPBPAQ017015	JLX108900.1
OG0006237	GWHPBPAQ014801	JLX117930.1, JLX117930.2
OG0006238	GWHPBPAQ014837	JLX113520.1, JLX113520.2
OG0006239	GWHPBPAQ014873	JLX111360.1, JLX111360.2
OG0006240	GWHPBPAQ014876	JLX112870.1, JLX112870.2
OG0006241	GWHPBPAQ014886	JLX113620.1, JLX113620.2
OG0006242	GWHPBPAQ014891	JLX110140.1, JLX110140.2
OG0006243	GWHPBPAQ014899	JLX115600.1, JLX115600.2
OG0006244	GWHPBPAQ014904, GWHPBPAQ020500	JLX138810.1
OG0006245	GWHPBPAQ014910, GWHPBPAQ019423	JLX104220.1
OG0006246	GWHPBPAQ014911	JLX117390.1, JLX117390.2
OG0006247	GWHPBPAQ014913, GWHPBPAQ014940	JLX116090.1
OG0006248	GWHPBPAQ014931	JLX116310.1, JLX116310.2
OG0006249	GWHPBPAQ014934, GWHPBPAQ019298	JLX112460.1
OG0006250	GWHPBPAQ014945	JLX116390.1, JLX116390.2
OG0006251	GWHPBPAQ014948	JLX113320.1, JLX113320.2
OG0006252	GWHPBPAQ014967	JLX110350.1, JLX110350.2
OG0006253	GWHPBPAQ014969	JLX109460.1, JLX109460.2
OG0006254	GWHPBPAQ014973, GWHPBPAQ017069	JLX114490.1
OG0006255	GWHPBPAQ014978, GWHPBPAQ020357	JLX139300.1
OG0006256	GWHPBPAQ014981	JLX116160.1, JLX116160.2
OG0006257	GWHPBPAQ014990	JLX109950.1, JLX109950.2
OG0006258	GWHPBPAQ014992	JLX107720.1, JLX107720.2
OG0006259	GWHPBPAQ014995	JLX109630.1, JLX109630.2
OG0006260	GWHPBPAQ015002, GWHPBPAQ015007	JLX110690.1
OG0006261	GWHPBPAQ015003, GWHPBPAQ015008	JLX111770.1
OG0006262	GWHPBPAQ015004, GWHPBPAQ015009	JLX109670.1
OG0006263	GWHPBPAQ015022	JLX110120.1, JLX110120.2
OG0006264	GWHPBPAQ015025	JLX109010.1, JLX109010.2
OG0006265	GWHPBPAQ015026	JLX112520.1, JLX112520.2
OG0006266	GWHPBPAQ015027, GWHPBPAQ016872	JLX108070.1
OG0006267	GWHPBPAQ015035	JLX109620.1, JLX109620.2
OG0006268	GWHPBPAQ015043	JLX118140.1, JLX118140.2
OG0006269	GWHPBPAQ015085, GWHPBPAQ015094	JLX116430.1
OG0006270	GWHPBPAQ015097, GWHPBPAQ016074	JLX116720.1
OG0006271	GWHPBPAQ015105	JLX113430.1, JLX113430.2
OG0006272	GWHPBPAQ015108	JLX112470.1, JLX112470.2
OG0006273	GWHPBPAQ015109	JLX108480.1, JLX108480.2
OG0006274	GWHPBPAQ015116	JLX111140.1, JLX111140.2
OG0006275	GWHPBPAQ015118	JLX112730.1, JLX112730.2
OG0006276	GWHPBPAQ015122	JLX117090.1, JLX117090.2
OG0006277	GWHPBPAQ015123	JLX114220.1, JLX114220.2
OG0006278	GWHPBPAQ015132	JLX115550.1, JLX115550.2
OG0006279	GWHPBPAQ015146, GWHPBPAQ015579	JLX107840.1
OG0006280	GWHPBPAQ015147	JLX109180.1, JLX114110.1
OG0006281	GWHPBPAQ015156	JLX114480.1, JLX114480.2
OG0006282	GWHPBPAQ015165	JLX118110.1, JLX118110.2
OG0006283	GWHPBPAQ015168	JLX113420.1, JLX113420.2
OG0006284	GWHPBPAQ015172	JLX112960.1, JLX112960.2
OG0006285	GWHPBPAQ015175	JLX110360.1, JLX110360.2
OG0006286	GWHPBPAQ015185	JLX109650.1, JLX109650.2
OG0006287	GWHPBPAQ015194	JLX113200.1, JLX113200.2
OG0006288	GWHPBPAQ015199	JLX111420.1, JLX111420.2
OG0006289	GWHPBPAQ015205	JLX113460.1, JLX113460.2
OG0006290	GWHPBPAQ015215	JLX117180.1, JLX117180.2
OG0006291	GWHPBPAQ015216	JLX114440.1, JLX114440.2
OG0006292	GWHPBPAQ015218, GWHPBPAQ015220	JLX114770.1
OG0006293	GWHPBPAQ015234	JLX111500.1, JLX111500.2
OG0006294	GWHPBPAQ015235	JLX118570.1, JLX118570.2
OG0006295	GWHPBPAQ015251	JLX112070.1, JLX112070.2
OG0006296	GWHPBPAQ015255	JLX111690.1, JLX111690.2
OG0006297	GWHPBPAQ015256	JLX118420.1, JLX118420.2
OG0006298	GWHPBPAQ015266, GWHPBPAQ020401	JLX111550.1
OG0006299	GWHPBPAQ015268	JLX111250.1, JLX111250.2
OG0006300	GWHPBPAQ015272, GWHPBPAQ015274	JLX115930.1
OG0006301	GWHPBPAQ015278	JLX108830.1, JLX108830.2
OG0006302	GWHPBPAQ015281	JLX110100.1, JLX110100.2
OG0006303	GWHPBPAQ015282	JLX113090.1, JLX113090.2
OG0006304	GWHPBPAQ015287	JLX108210.1, JLX115950.1
OG0006305	GWHPBPAQ015295	JLX110290.1, JLX200950.1
OG0006306	GWHPBPAQ015299	JLX114350.1, JLX118710.1
OG0006307	GWHPBPAQ015314	JLX116760.1, JLX116760.2
OG0006308	GWHPBPAQ015316	JLX113550.1, JLX113550.2
OG0006309	GWHPBPAQ015317	JLX108840.1, JLX108840.2
OG0006310	GWHPBPAQ015329	JLX116770.1, JLX116770.2
OG0006311	GWHPBPAQ015331, GWHPBPAQ015333	JLX107990.1
OG0006312	GWHPBPAQ015338	JLX117080.1, JLX117080.2
OG0006313	GWHPBPAQ015340	JLX114800.1, JLX114800.2
OG0006314	GWHPBPAQ015346	JLX113490.1, JLX113490.2
OG0006315	GWHPBPAQ015370, GWHPBPAQ021243	JLX189960.1
OG0006316	GWHPBPAQ015380	JLX113270.1, JLX113270.2
OG0006317	GWHPBPAQ015388, GWHPBPAQ017303	JLX173230.1
OG0006318	GWHPBPAQ015391	JLX116550.1, JLX116550.2
OG0006319	GWHPBPAQ015408	JLX118590.1, JLX118590.2
OG0006320	GWHPBPAQ015412	JLX108470.1, JLX108470.2
OG0006321	GWHPBPAQ015421	JLX114270.1, JLX114270.2
OG0006322	GWHPBPAQ015423	JLX110920.1, JLX110920.2
OG0006323	GWHPBPAQ015427	JLX115640.1, JLX115640.2
OG0006324	GWHPBPAQ015432	JLX116010.1, JLX116010.2
OG0006325	GWHPBPAQ015437	JLX115270.1, JLX115270.2
OG0006326	GWHPBPAQ015458	JLX117310.1, JLX117310.2
OG0006327	GWHPBPAQ015463	JLX113790.1, JLX113790.2
OG0006328	GWHPBPAQ015473	JLX116040.1, JLX116040.2
OG0006329	GWHPBPAQ015474, GWHPBPAQ015487	JLX109510.1
OG0006330	GWHPBPAQ015476, GWHPBPAQ022229	JLX112580.1
OG0006331	GWHPBPAQ015479, GWHPBPAQ015480	JLX117370.1
OG0006332	GWHPBPAQ015482	JLX118510.1, JLX118510.2
OG0006333	GWHPBPAQ015483	JLX108450.1, JLX108450.2
OG0006334	GWHPBPAQ015484	JLX110570.1, JLX110570.2
OG0006335	GWHPBPAQ015490	JLX111280.1, JLX111280.2
OG0006336	GWHPBPAQ015494	JLX116210.1, JLX116210.2
OG0006337	GWHPBPAQ015496	JLX112810.1, JLX112810.2
OG0006338	GWHPBPAQ015507	JLX116560.1, JLX116560.2
OG0006339	GWHPBPAQ015514, GWHPBPAQ015515	JLX117140.1
OG0006340	GWHPBPAQ015518	JLX107770.1, JLX107770.2
OG0006341	GWHPBPAQ015525	JLX114010.1, JLX115340.1
OG0006342	GWHPBPAQ015534	JLX114500.1, JLX114500.2
OG0006343	GWHPBPAQ015540	JLX114840.1, JLX114840.2
OG0006344	GWHPBPAQ015543	JLX113880.1, JLX113880.2
OG0006345	GWHPBPAQ015581	JLX115650.1, JLX115650.2
OG0006346	GWHPBPAQ015587	JLX108910.1, JLX108910.2
OG0006347	GWHPBPAQ015589	JLX116810.1, JLX116810.2
OG0006348	GWHPBPAQ015596	JLX112920.1, JLX115470.1
OG0006349	GWHPBPAQ015605	JLX107620.1, JLX107620.2
OG0006350	GWHPBPAQ015629	JLX109360.1, JLX195830.1
OG0006351	GWHPBPAQ015633	JLX112170.1, JLX112170.2
OG0006352	GWHPBPAQ015642	JLX107960.1, JLX118650.1
OG0006353	GWHPBPAQ015653, GWHPBPAQ022847	JLX115720.1
OG0006354	GWHPBPAQ015656	JLX117890.1, JLX117890.2
OG0006355	GWHPBPAQ015667	JLX116350.1, JLX116350.2
OG0006356	GWHPBPAQ015669	JLX114400.1, JLX114400.2
OG0006357	GWHPBPAQ015681	JLX108200.1, JLX108200.2
OG0006358	GWHPBPAQ015690	JLX112060.1, JLX112060.2
OG0006359	GWHPBPAQ015718, GWHPBPAQ015719	JLX117620.1
OG0006360	GWHPBPAQ015736	JLX114600.1, JLX116650.1
OG0006361	GWHPBPAQ015742	JLX113720.1, JLX113720.2
OG0006362	GWHPBPAQ015744	JLX113350.1, JLX113350.2
OG0006363	GWHPBPAQ015747	JLX116580.1, JLX116580.2
OG0006364	GWHPBPAQ015758, GWHPBPAQ021263	JLX232120.1
OG0006365	GWHPBPAQ015759, GWHPBPAQ015761	JLX114880.1
OG0006366	GWHPBPAQ015781	JLX113170.1, JLX116940.1
OG0006367	GWHPBPAQ015788	JLX113500.1, JLX113500.2
OG0006368	GWHPBPAQ015790	JLX117410.1, JLX210050.1
OG0006369	GWHPBPAQ015837, GWHPBPAQ020438	JLX138230.1
OG0006370	GWHPBPAQ015845	JLX107750.1, JLX115140.1
OG0006371	GWHPBPAQ015846, GWHPBPAQ015847	JLX110400.1
OG0006372	GWHPBPAQ015855	JLX108280.1, JLX108280.2
OG0006373	GWHPBPAQ015858, GWHPBPAQ023290	JLX115260.1
OG0006374	GWHPBPAQ015865	JLX227190.1, JLX227190.2
OG0006375	GWHPBPAQ015868	JLX227330.1, JLX227330.2
OG0006376	GWHPBPAQ015871	JLX227400.1, JLX227400.2
OG0006377	GWHPBPAQ015872	JLX227440.1, JLX227440.2
OG0006378	GWHPBPAQ015878	JLX227670.1, JLX227670.2
OG0006379	GWHPBPAQ015908, GWHPBPAQ020949	JLX227560.1
OG0006380	GWHPBPAQ015939	JLX227420.1, JLX227420.2
OG0006381	GWHPBPAQ015942, GWHPBPAQ018617	JLX098050.1
OG0006382	GWHPBPAQ015954	JLX218480.1, JLX218480.2
OG0006383	GWHPBPAQ015961, GWHPBPAQ016061	JLX148640.1
OG0006384	GWHPBPAQ015964	JLX218490.1, JLX218490.2
OG0006385	GWHPBPAQ015965	JLX218730.1, JLX218730.2
OG0006386	GWHPBPAQ015970	JLX218790.1, JLX218790.2
OG0006387	GWHPBPAQ015973	JLX218220.1, JLX218220.2
OG0006388	GWHPBPAQ015974	JLX219070.1, JLX219070.2
OG0006389	GWHPBPAQ015981	JLX002160.1, JLX100530.1
OG0006390	GWHPBPAQ015983	JLX218850.1, JLX218850.2
OG0006391	GWHPBPAQ015989	JLX218540.1, JLX218540.2
OG0006392	GWHPBPAQ016001	JLX218940.1, JLX218940.2
OG0006393	GWHPBPAQ016026	JLX219090.1, JLX219090.2
OG0006394	GWHPBPAQ016031, GWHPBPAQ016032	JLX218410.1
OG0006395	GWHPBPAQ016040	JLX029020.1, JLX218250.1
OG0006396	GWHPBPAQ016045, GWHPBPAQ019741	JLX218760.1
OG0006397	GWHPBPAQ016067	JLX207710.1, JLX207710.2
OG0006398	GWHPBPAQ016099	JLX091370.1, JLX091370.2
OG0006399	GWHPBPAQ016110	JLX091670.1, JLX091670.2
OG0006400	GWHPBPAQ016117	JLX091210.1, JLX091210.2
OG0006401	GWHPBPAQ016130	JLX092840.1, JLX092840.2
OG0006402	GWHPBPAQ016137, GWHPBPAQ023248	JLX085830.1
OG0006403	GWHPBPAQ016153	JLX135570.1, JLX135570.2
OG0006404	GWHPBPAQ016172	JLX135770.1, JLX135770.2
OG0006405	GWHPBPAQ016173	JLX135750.1, JLX135750.2
OG0006406	GWHPBPAQ016181, GWHPBPAQ016182	JLX136410.1
OG0006407	GWHPBPAQ016187	JLX136020.1, JLX136020.2
OG0006408	GWHPBPAQ016188	JLX136560.1, JLX136560.2
OG0006409	GWHPBPAQ016215	JLX135680.1, JLX135680.2
OG0006410	GWHPBPAQ016216, GWHPBPAQ018336	JLX163940.1
OG0006411	GWHPBPAQ016217	JLX136520.1, JLX136520.2
OG0006412	GWHPBPAQ016221	JLX136290.1, JLX136290.2
OG0006413	GWHPBPAQ016246	JLX095510.1, JLX095510.2
OG0006414	GWHPBPAQ016260	JLX037860.1, JLX037860.2
OG0006415	GWHPBPAQ016261	JLX037310.1, JLX037310.2
OG0006416	GWHPBPAQ016263	JLX039120.1, JLX039120.2
OG0006417	GWHPBPAQ016271	JLX038460.1, JLX038460.2
OG0006418	GWHPBPAQ016273	JLX036690.1, JLX036690.2
OG0006419	GWHPBPAQ016279	JLX040130.1, JLX040130.2
OG0006420	GWHPBPAQ016286	JLX038320.1, JLX038320.2
OG0006421	GWHPBPAQ016306	JLX039640.1, JLX039640.2
OG0006422	GWHPBPAQ016334, GWHPBPAQ017996	JLX037200.1
OG0006423	GWHPBPAQ016339	JLX036140.1, JLX036140.2
OG0006424	GWHPBPAQ016341	JLX039880.1, JLX039880.2
OG0006425	GWHPBPAQ016342	JLX038260.1, JLX038260.2
OG0006426	GWHPBPAQ016343	JLX036850.1, JLX036850.2
OG0006427	GWHPBPAQ016351	JLX038850.1, JLX038850.2
OG0006428	GWHPBPAQ016353	JLX036530.1, JLX036530.2
OG0006429	GWHPBPAQ016361	JLX037110.1, JLX037110.2
OG0006430	GWHPBPAQ016375	JLX039470.1, JLX039470.2
OG0006431	GWHPBPAQ016380	JLX036130.1, JLX036130.2
OG0006432	GWHPBPAQ016382	JLX039000.1, JLX039000.2
OG0006433	GWHPBPAQ016398	JLX039150.1, JLX057970.1
OG0006434	GWHPBPAQ016405	JLX036600.1, JLX036600.2
OG0006435	GWHPBPAQ016408	JLX036950.1, JLX036950.2
OG0006436	GWHPBPAQ016417	JLX027550.1, JLX037210.1
OG0006437	GWHPBPAQ016418	JLX027570.1, JLX038330.1
OG0006438	GWHPBPAQ016422	JLX038410.1, JLX038410.2
OG0006439	GWHPBPAQ016439	JLX038870.1, JLX038870.2
OG0006440	GWHPBPAQ016451, GWHPBPAQ016452	JLX039850.1
OG0006441	GWHPBPAQ016462	JLX038800.1, JLX038800.2
OG0006442	GWHPBPAQ016469, GWHPBPAQ016789	JLX220750.1
OG0006443	GWHPBPAQ016478	JLX039940.1, JLX039940.2
OG0006444	GWHPBPAQ016483	JLX036480.1, JLX036480.2
OG0006445	GWHPBPAQ016499	JLX036860.1, JLX036860.2
OG0006446	GWHPBPAQ016500	JLX040140.1, JLX040140.2
OG0006447	GWHPBPAQ016505, GWHPBPAQ017954	JLX038290.1
OG0006448	GWHPBPAQ016511	JLX039060.1, JLX039060.2
OG0006449	GWHPBPAQ016514	JLX038490.1, JLX038490.2
OG0006450	GWHPBPAQ016515	JLX036540.1, JLX036540.2
OG0006451	GWHPBPAQ016517	JLX037740.1, JLX037740.2
OG0006452	GWHPBPAQ016518, GWHPBPAQ016833	JLX035990.1
OG0006453	GWHPBPAQ016519	JLX039650.1, JLX039650.2
OG0006454	GWHPBPAQ016520	JLX040040.1, JLX040040.2
OG0006455	GWHPBPAQ016538	JLX037430.1, JLX037430.2
OG0006456	GWHPBPAQ016540	JLX036310.1, JLX036310.2
OG0006457	GWHPBPAQ016552	JLX036400.1, JLX036400.2
OG0006458	GWHPBPAQ016562	JLX037250.1, JLX037250.2
OG0006459	GWHPBPAQ016564	JLX038010.1, JLX038010.2
OG0006460	GWHPBPAQ016568, GWHPBPAQ023239	JLX086170.1
OG0006461	GWHPBPAQ016571	JLX040080.1, JLX040080.2
OG0006462	GWHPBPAQ016590	JLX036090.1, JLX036090.2
OG0006463	GWHPBPAQ016616, GWHPBPAQ016617	JLX036370.1
OG0006464	GWHPBPAQ016620	JLX039170.1, JLX039170.2
OG0006465	GWHPBPAQ016628	JLX037790.1, JLX037790.2
OG0006466	GWHPBPAQ016640	JLX038600.1, JLX038600.2
OG0006467	GWHPBPAQ016642	JLX036000.1, JLX036000.2
OG0006468	GWHPBPAQ016651	JLX036120.1, JLX113940.1
OG0006469	GWHPBPAQ016653	JLX038080.1, JLX118390.1
OG0006470	GWHPBPAQ016654	JLX038250.1, JLX116480.1
OG0006471	GWHPBPAQ016656	JLX036780.1, JLX111780.1
OG0006472	GWHPBPAQ016657	JLX037840.1, JLX115000.1
OG0006473	GWHPBPAQ016662	JLX219340.1, JLX219340.2
OG0006474	GWHPBPAQ016668	JLX221240.1, JLX221240.2
OG0006475	GWHPBPAQ016682	JLX221100.1, JLX221100.2
OG0006476	GWHPBPAQ016687	JLX220770.1, JLX220770.2
OG0006477	GWHPBPAQ016701, GWHPBPAQ018770	JLX042610.1
OG0006478	GWHPBPAQ016703	JLX219410.1, JLX219410.2
OG0006479	GWHPBPAQ016707	JLX222060.1, JLX222060.2
OG0006480	GWHPBPAQ016711	JLX219320.1, JLX219320.2
OG0006481	GWHPBPAQ016715	JLX220140.1, JLX220140.2
OG0006482	GWHPBPAQ016726	JLX220330.1, JLX220330.2
OG0006483	GWHPBPAQ016731	JLX219810.1, JLX219810.2
OG0006484	GWHPBPAQ016747	JLX222170.1, JLX222170.2
OG0006485	GWHPBPAQ016751	JLX221310.1, JLX221310.2
OG0006486	GWHPBPAQ016754	JLX221850.1, JLX221850.2
OG0006487	GWHPBPAQ016755	JLX221080.1, JLX221080.2
OG0006488	GWHPBPAQ016756	JLX222200.1, JLX222200.2
OG0006489	GWHPBPAQ016757	JLX221340.1, JLX221340.2
OG0006490	GWHPBPAQ016762	JLX222260.1, JLX222260.2
OG0006491	GWHPBPAQ016766	JLX220290.1, JLX220290.2
OG0006492	GWHPBPAQ016774	JLX220740.1, JLX220740.2
OG0006493	GWHPBPAQ016775	JLX221570.1, JLX221570.2
OG0006494	GWHPBPAQ016779, GWHPBPAQ016780, GWHPBPAQ016781	
OG0006495	GWHPBPAQ016808	JLX064030.1, JLX098970.1
OG0006496	GWHPBPAQ016814	JLX220560.1, JLX220560.2
OG0006497	GWHPBPAQ016816	JLX076320.1, JLX220940.1
OG0006498	GWHPBPAQ016847	JLX221940.1, JLX221940.2
OG0006499	GWHPBPAQ016848	JLX221810.1, JLX221810.2
OG0006500	GWHPBPAQ016858	JLX220780.1, JLX220780.2
OG0006501	GWHPBPAQ016862	JLX220020.1, JLX220020.2
OG0006502	GWHPBPAQ016867	JLX112650.1, JLX221050.1
OG0006503	GWHPBPAQ016875	JLX220540.1, JLX220540.2
OG0006504	GWHPBPAQ016878	JLX046080.1, JLX221760.1
OG0006505	GWHPBPAQ016882	JLX220620.1, JLX220620.2
OG0006506	GWHPBPAQ016883	JLX221730.1, JLX221730.2
OG0006507	GWHPBPAQ016885	JLX159030.1, JLX221600.1
OG0006508	GWHPBPAQ016886	JLX221580.1, JLX221580.2
OG0006509	GWHPBPAQ016887	JLX220580.1, JLX220580.2
OG0006510	GWHPBPAQ016888, GWHPBPAQ016889	JLX220250.1
OG0006511	GWHPBPAQ016900, GWHPBPAQ023186	JLX085350.1
OG0006512	GWHPBPAQ016902, GWHPBPAQ016905	JLX220130.1
OG0006513	GWHPBPAQ016917	JLX221560.1, JLX221560.2
OG0006514	GWHPBPAQ016921	JLX221980.1, JLX221980.2
OG0006515	GWHPBPAQ016923	JLX220720.1, JLX220720.2
OG0006516	GWHPBPAQ016926	JLX220070.1, JLX220070.2
OG0006517	GWHPBPAQ016927	JLX220790.1, JLX220790.2
OG0006518	GWHPBPAQ016928	JLX221300.1, JLX221300.2
OG0006519	GWHPBPAQ016934	JLX219480.1, JLX219480.2
OG0006520	GWHPBPAQ016935	JLX220510.1, JLX220510.2
OG0006521	GWHPBPAQ016965	JLX219260.1, JLX219260.2
OG0006522	GWHPBPAQ016976	JLX068850.1, JLX219380.1
OG0006523	GWHPBPAQ016989, GWHPBPAQ023096	JLX220050.1
OG0006524	GWHPBPAQ016994	JLX219670.1, JLX220960.1
OG0006525	GWHPBPAQ016997	JLX040460.1, JLX040460.2
OG0006526	GWHPBPAQ016999	JLX040530.1, JLX040530.2
OG0006527	GWHPBPAQ017003	JLX041010.1, JLX041020.1
OG0006528	GWHPBPAQ017011	JLX040380.1, JLX040380.2
OG0006529	GWHPBPAQ017028, GWHPBPAQ017029	JLX040370.1
OG0006530	GWHPBPAQ017031	JLX041110.1, JLX041110.2
OG0006531	GWHPBPAQ017034	JLX041050.1, JLX041050.2
OG0006532	GWHPBPAQ017039	JLX040980.1, JLX040980.2
OG0006533	GWHPBPAQ017048	JLX041200.1, JLX041200.2
OG0006534	GWHPBPAQ017050	JLX040680.1, JLX040680.2
OG0006535	GWHPBPAQ017065	JLX040340.1, JLX040340.2
OG0006536	GWHPBPAQ017083	JLX176280.1, JLX176280.2
OG0006537	GWHPBPAQ017087, GWHPBPAQ017601	JLX175240.1
OG0006538	GWHPBPAQ017088	JLX174420.1, JLX174420.2
OG0006539	GWHPBPAQ017089	JLX182090.1, JLX182090.2
OG0006540	GWHPBPAQ017096	JLX182830.1, JLX190700.1
OG0006541	GWHPBPAQ017138	JLX180450.1, JLX180450.2
OG0006542	GWHPBPAQ017145	JLX174830.1, JLX215150.1
OG0006543	GWHPBPAQ017148	JLX182460.1, JLX182460.2
OG0006544	GWHPBPAQ017156	JLX180260.1, JLX180260.2
OG0006545	GWHPBPAQ017174	JLX179550.1, JLX179550.2
OG0006546	GWHPBPAQ017186, GWHPBPAQ020589	JLX136960.1
OG0006547	GWHPBPAQ017188	JLX173950.1, JLX173950.2
OG0006548	GWHPBPAQ017190	JLX181950.1, JLX206110.1
OG0006549	GWHPBPAQ017223	JLX174650.1, JLX174650.2
OG0006550	GWHPBPAQ017243, GWHPBPAQ017245	JLX178440.1
OG0006551	GWHPBPAQ017251	JLX181320.1, JLX216850.1
OG0006552	GWHPBPAQ017285	JLX182120.1, JLX182120.2
OG0006553	GWHPBPAQ017291	JLX181650.1, JLX181650.2
OG0006554	GWHPBPAQ017294	JLX174700.1, JLX174700.2
OG0006555	GWHPBPAQ017298	JLX181360.1, JLX181360.2
OG0006556	GWHPBPAQ017312	JLX181940.1, JLX181940.2
OG0006557	GWHPBPAQ017318	JLX177190.1, JLX177190.2
OG0006558	GWHPBPAQ017326	JLX182780.1, JLX182780.2
OG0006559	GWHPBPAQ017335	JLX181310.1, JLX181310.2
OG0006560	GWHPBPAQ017336	JLX179870.1, JLX231280.1
OG0006561	GWHPBPAQ017345, GWHPBPAQ020805	JLX177830.1
OG0006562	GWHPBPAQ017349	JLX182940.1, JLX182940.2
OG0006563	GWHPBPAQ017366, GWHPBPAQ017367	JLX174330.1
OG0006564	GWHPBPAQ017379, GWHPBPAQ020836	JLX183050.1
OG0006565	GWHPBPAQ017385, GWHPBPAQ017386	JLX176770.1
OG0006566	GWHPBPAQ017393	JLX181800.1, JLX181800.2
OG0006567	GWHPBPAQ017395	JLX174600.1, JLX174600.2
OG0006568	GWHPBPAQ017399	JLX181390.1, JLX181390.2
OG0006569	GWHPBPAQ017401	JLX182140.1, JLX182140.2
OG0006570	GWHPBPAQ017403	JLX176680.1, JLX176680.2
OG0006571	GWHPBPAQ017416	JLX181730.1, JLX181730.2
OG0006572	GWHPBPAQ017437	JLX174370.1, JLX174370.2
OG0006573	GWHPBPAQ017439	JLX176650.1, JLX176650.2
OG0006574	GWHPBPAQ017451	JLX176430.1, JLX176430.2
OG0006575	GWHPBPAQ017453	JLX181530.1, JLX181530.2
OG0006576	GWHPBPAQ017455	JLX180030.1, JLX180030.2
OG0006577	GWHPBPAQ017463	JLX182550.1, JLX182550.2
OG0006578	GWHPBPAQ017474	JLX175180.1, JLX175180.2
OG0006579	GWHPBPAQ017484	JLX176560.1, JLX178120.1
OG0006580	GWHPBPAQ017486, GWHPBPAQ018298	JLX174540.1
OG0006581	GWHPBPAQ017491	JLX175020.1, JLX175020.2
OG0006582	GWHPBPAQ017493	JLX177470.1, JLX177470.2
OG0006583	GWHPBPAQ017511	JLX179690.1, JLX179690.2
OG0006584	GWHPBPAQ017521	JLX180460.1, JLX180460.2
OG0006585	GWHPBPAQ017522	JLX181480.1, JLX181480.2
OG0006586	GWHPBPAQ017533, GWHPBPAQ020993	JLX175220.1
OG0006587	GWHPBPAQ017542	JLX175980.1, JLX178000.1
OG0006588	GWHPBPAQ017544, GWHPBPAQ020997	JLX228380.1
OG0006589	GWHPBPAQ017556	JLX176380.1, JLX176380.2
OG0006590	GWHPBPAQ017573	JLX182000.1, JLX182000.2
OG0006591	GWHPBPAQ017587, GWHPBPAQ023113	JLX086500.1
OG0006592	GWHPBPAQ017590	JLX182400.1, JLX217980.1
OG0006593	GWHPBPAQ017606	JLX177160.1, JLX177160.2
OG0006594	GWHPBPAQ017621	JLX174390.1, JLX174390.2
OG0006595	GWHPBPAQ017627	JLX175690.1, JLX175690.2
OG0006596	GWHPBPAQ017636	JLX176330.1, JLX176330.2
OG0006597	GWHPBPAQ017639, GWHPBPAQ020084	JLX178060.1
OG0006598	GWHPBPAQ017646	JLX181340.1, JLX181340.2
OG0006599	GWHPBPAQ017647	JLX176510.1, JLX178550.1
OG0006600	GWHPBPAQ017658	JLX174270.1, JLX174270.2
OG0006601	GWHPBPAQ017659, GWHPBPAQ017661	JLX176920.1
OG0006602	GWHPBPAQ017669	JLX069320.1, JLX175510.1
OG0006603	GWHPBPAQ017680	JLX180870.1, JLX180870.2
OG0006604	GWHPBPAQ017681	JLX178930.1, JLX178930.2
OG0006605	GWHPBPAQ017684	JLX173620.1, JLX173620.2
OG0006606	GWHPBPAQ017700	JLX180470.1, JLX180470.2
OG0006607	GWHPBPAQ017716	JLX182690.1, JLX182690.2
OG0006608	GWHPBPAQ017724	JLX174410.1, JLX174410.2
OG0006609	GWHPBPAQ017746	JLX178490.1, JLX178490.2
OG0006610	GWHPBPAQ017751	JLX175420.1, JLX175420.2
OG0006611	GWHPBPAQ017757	JLX175480.1, JLX201110.1
OG0006612	GWHPBPAQ017759	JLX178300.1, JLX178300.2
OG0006613	GWHPBPAQ017764	JLX180890.1, JLX180890.2
OG0006614	GWHPBPAQ017770	JLX181810.1, JLX181810.2
OG0006615	GWHPBPAQ017774	JLX178660.1, JLX178660.2
OG0006616	GWHPBPAQ017775, GWHPBPAQ021585	JLX206590.1
OG0006617	GWHPBPAQ017791	JLX182670.1, JLX182670.2
OG0006618	GWHPBPAQ017796	JLX176060.1, JLX177360.1
OG0006619	GWHPBPAQ017805	JLX175390.1, JLX175390.2
OG0006620	GWHPBPAQ017819	JLX093820.1, JLX095520.1
OG0006621	GWHPBPAQ017822	JLX182360.1, JLX182360.2
OG0006622	GWHPBPAQ017837, GWHPBPAQ020085	JLX175860.1
OG0006623	GWHPBPAQ017859	JLX174250.1, JLX181660.1
OG0006624	GWHPBPAQ017871	JLX180530.1, JLX180530.2
OG0006625	GWHPBPAQ017885	JLX182280.1, JLX182280.2
OG0006626	GWHPBPAQ017887	JLX174570.1, JLX174570.2
OG0006627	GWHPBPAQ017909	JLX183070.1, JLX183070.2
OG0006628	GWHPBPAQ017919, GWHPBPAQ018223, GWHPBPAQ021447	
OG0006629	GWHPBPAQ017933	JLX176580.1, JLX176580.2
OG0006630	GWHPBPAQ017946, GWHPBPAQ022620	JLX095560.1
OG0006631	GWHPBPAQ017986, GWHPBPAQ022867	JLX050310.1
OG0006632	GWHPBPAQ017994	JLX179910.1, JLX182520.1
OG0006633	GWHPBPAQ017998	JLX178720.1, JLX179650.1
OG0006634	GWHPBPAQ018004	JLX175350.1, JLX175350.2
OG0006635	GWHPBPAQ018009	JLX180570.1, JLX180570.2
OG0006636	GWHPBPAQ018037	JLX175790.1, JLX177180.1
OG0006637	GWHPBPAQ018063	JLX179020.1, JLX206440.1
OG0006638	GWHPBPAQ018064	JLX177020.1, JLX177020.2
OG0006639	GWHPBPAQ018068	JLX179310.1, JLX179310.2
OG0006640	GWHPBPAQ018073	JLX176640.1, JLX176640.2
OG0006641	GWHPBPAQ018075	JLX180560.1, JLX180560.2
OG0006642	GWHPBPAQ018076	JLX179820.1, JLX179820.2
OG0006643	GWHPBPAQ018077	JLX176490.1, JLX176490.2
OG0006644	GWHPBPAQ018079, GWHPBPAQ022346	JLX179200.1
OG0006645	GWHPBPAQ018089	JLX176030.1, JLX176030.2
OG0006646	GWHPBPAQ018093	JLX180750.1, JLX180750.2
OG0006647	GWHPBPAQ018097	JLX182840.1, JLX182840.2
OG0006648	GWHPBPAQ018098	JLX180850.1, JLX180850.2
OG0006649	GWHPBPAQ018104	JLX182200.1, JLX182200.2
OG0006650	GWHPBPAQ018110	JLX183130.1, JLX183130.2
OG0006651	GWHPBPAQ018111	JLX176320.1, JLX176320.2
OG0006652	GWHPBPAQ018112	JLX181840.1, JLX181840.2
OG0006653	GWHPBPAQ018143	JLX058210.1, JLX189900.1
OG0006654	GWHPBPAQ018148	JLX057490.1, JLX087150.1
OG0006655	GWHPBPAQ018153	JLX057510.1, JLX057510.2
OG0006656	GWHPBPAQ018180	JLX058100.1, JLX058100.2
OG0006657	GWHPBPAQ018188	JLX058250.1, JLX058250.2
OG0006658	GWHPBPAQ018191	JLX058040.1, JLX058040.2
OG0006659	GWHPBPAQ018203	JLX057500.1, JLX057500.2
OG0006660	GWHPBPAQ018218	JLX119090.1, JLX119090.2
OG0006661	GWHPBPAQ018222	JLX119770.1, JLX119770.2
OG0006662	GWHPBPAQ018235	JLX119290.1, JLX214800.1
OG0006663	GWHPBPAQ018255	JLX119430.1, JLX119430.2
OG0006664	GWHPBPAQ018257, GWHPBPAQ020615	JLX139200.1
OG0006665	GWHPBPAQ018260	JLX121320.1, JLX121320.2
OG0006666	GWHPBPAQ018269, GWHPBPAQ018270	JLX121160.1
OG0006667	GWHPBPAQ018281	JLX120130.1, JLX120130.2
OG0006668	GWHPBPAQ018305	JLX164350.1, JLX228360.1
OG0006669	GWHPBPAQ018310	JLX164080.1, JLX164080.2
OG0006670	GWHPBPAQ018321	JLX164430.1, JLX227070.1
OG0006671	GWHPBPAQ018335	JLX164160.1, JLX210200.1
OG0006672	GWHPBPAQ018338, GWHPBPAQ018341, GWHPBPAQ018342	
OG0006673	GWHPBPAQ018353	JLX090690.1, JLX090870.1
OG0006674	GWHPBPAQ018360	JLX090740.1, JLX090740.2
OG0006675	GWHPBPAQ018372	JLX090730.1, JLX168580.1
OG0006676	GWHPBPAQ018379	JLX108930.1, JLX168380.1
OG0006677	GWHPBPAQ018394	JLX168480.1, JLX168480.2
OG0006678	GWHPBPAQ018402	JLX168430.1, JLX168430.2
OG0006679	GWHPBPAQ018411, GWHPBPAQ018414	JLX168080.1
OG0006680	GWHPBPAQ018422	JLX168180.1, JLX168330.1
OG0006681	GWHPBPAQ018423, GWHPBPAQ018431	JLX168140.1
OG0006682	GWHPBPAQ018424, GWHPBPAQ018432	JLX167970.1
OG0006683	GWHPBPAQ018433, GWHPBPAQ021429	JLX077400.1
OG0006684	GWHPBPAQ018443, GWHPBPAQ018597	JLX168370.1
OG0006685	GWHPBPAQ018451	JLX053830.1, JLX053830.2
OG0006686	GWHPBPAQ018466	JLX053930.1, JLX053930.2
OG0006687	GWHPBPAQ018477	JLX053170.1, JLX053170.2
OG0006688	GWHPBPAQ018479	JLX053550.1, JLX053550.2
OG0006689	GWHPBPAQ018481	JLX053650.1, JLX053650.2
OG0006690	GWHPBPAQ018487	JLX053720.1, JLX053720.2
OG0006691	GWHPBPAQ018489	JLX052760.1, JLX053200.1
OG0006692	GWHPBPAQ018494	JLX053950.1, JLX053950.2
OG0006693	GWHPBPAQ018500	JLX053230.1, JLX053230.2
OG0006694	GWHPBPAQ018501, GWHPBPAQ018503	JLX053340.1
OG0006695	GWHPBPAQ018507	JLX054010.1, JLX054010.2
OG0006696	GWHPBPAQ018514	JLX053590.1, JLX053590.2
OG0006697	GWHPBPAQ018520	JLX053520.1, JLX053520.2
OG0006698	GWHPBPAQ018533	JLX053090.1, JLX053560.1
OG0006699	GWHPBPAQ018547	JLX099450.1, JLX164920.1
OG0006700	GWHPBPAQ018550	JLX097540.1, JLX097540.2
OG0006701	GWHPBPAQ018560	JLX097990.1, JLX097990.2
OG0006702	GWHPBPAQ018571	JLX096730.1, JLX096730.2
OG0006703	GWHPBPAQ018576	JLX099640.1, JLX099640.2
OG0006704	GWHPBPAQ018603	JLX096600.1, JLX096600.2
OG0006705	GWHPBPAQ018607	JLX097360.1, JLX097360.2
OG0006706	GWHPBPAQ018608	JLX098780.1, JLX098780.2
OG0006707	GWHPBPAQ018610	JLX097520.1, JLX097520.2
OG0006708	GWHPBPAQ018627, GWHPBPAQ018631	JLX098200.1
OG0006709	GWHPBPAQ018632, GWHPBPAQ019299	JLX099700.1
OG0006710	GWHPBPAQ018646	JLX099620.1, JLX099620.2
OG0006711	GWHPBPAQ018652	JLX095670.1, JLX096370.1
OG0006712	GWHPBPAQ018659	JLX100290.1, JLX100290.2
OG0006713	GWHPBPAQ018681	JLX044830.1, JLX097140.1
OG0006714	GWHPBPAQ018682	JLX044180.1, JLX098250.1
OG0006715	GWHPBPAQ018683	JLX042910.1, JLX099550.1
OG0006716	GWHPBPAQ018684	JLX046530.1, JLX097930.1
OG0006717	GWHPBPAQ018689	JLX045090.1, JLX045090.2
OG0006718	GWHPBPAQ018698	JLX042710.1, JLX043800.1
OG0006719	GWHPBPAQ018716	JLX045420.1, JLX045420.2
OG0006720	GWHPBPAQ018729	JLX045470.1, JLX124910.1
OG0006721	GWHPBPAQ018738	JLX044200.1, JLX044200.2
OG0006722	GWHPBPAQ018739	JLX045230.1, JLX045230.2
OG0006723	GWHPBPAQ018740	JLX044710.1, JLX044710.2
OG0006724	GWHPBPAQ018743	JLX043960.1, JLX043960.2
OG0006725	GWHPBPAQ018745	JLX042550.1, JLX226400.1
OG0006726	GWHPBPAQ018748	JLX044250.1, JLX044250.2
OG0006727	GWHPBPAQ018755	JLX046150.1, JLX046150.2
OG0006728	GWHPBPAQ018757	JLX042970.1, JLX042970.2
OG0006729	GWHPBPAQ018759	JLX046480.1, JLX046480.2
OG0006730	GWHPBPAQ018762	JLX042630.1, JLX042630.2
OG0006731	GWHPBPAQ018792	JLX044820.1, JLX044820.2
OG0006732	GWHPBPAQ018799	JLX044330.1, JLX045710.1
OG0006733	GWHPBPAQ018803	JLX045820.1, JLX045820.2
OG0006734	GWHPBPAQ018804	JLX042560.1, JLX042560.2
OG0006735	GWHPBPAQ018826	JLX045740.1, JLX045740.2
OG0006736	GWHPBPAQ018830	JLX043040.1, JLX043040.2
OG0006737	GWHPBPAQ018833	JLX045410.1, JLX045410.2
OG0006738	GWHPBPAQ018835	JLX043900.1, JLX043900.2
OG0006739	GWHPBPAQ018851	JLX046420.1, JLX046420.2
OG0006740	GWHPBPAQ018852	JLX042770.1, JLX042770.2
OG0006741	GWHPBPAQ018860	JLX045050.1, JLX045050.2
OG0006742	GWHPBPAQ018862	JLX046120.1, JLX046120.2
OG0006743	GWHPBPAQ018880	JLX045780.1, JLX045780.2
OG0006744	GWHPBPAQ018893	JLX043020.1, JLX043020.2
OG0006745	GWHPBPAQ018897	JLX044630.1, JLX044630.2
OG0006746	GWHPBPAQ018898	JLX043920.1, JLX043920.2
OG0006747	GWHPBPAQ018903, GWHPBPAQ018905	JLX046690.1
OG0006748	GWHPBPAQ018908	JLX046130.1, JLX046130.2
OG0006749	GWHPBPAQ018933	JLX044960.1, JLX044960.2
OG0006750	GWHPBPAQ018939, GWHPBPAQ018940	JLX046570.1
OG0006751	GWHPBPAQ018941	JLX045540.1, JLX045540.2
OG0006752	GWHPBPAQ018946	JLX043090.1, JLX043090.2
OG0006753	GWHPBPAQ018967	JLX043430.1, JLX043430.2
OG0006754	GWHPBPAQ018976, GWHPBPAQ018977	JLX046390.1
OG0006755	GWHPBPAQ018986	JLX042900.1, JLX042900.2
OG0006756	GWHPBPAQ018989	JLX042570.1, JLX042570.2
OG0006757	GWHPBPAQ019003	JLX045170.1, JLX045170.2
OG0006758	GWHPBPAQ019004	JLX045920.1, JLX126830.1
OG0006759	GWHPBPAQ019006	JLX046330.1, JLX046330.2
OG0006760	GWHPBPAQ019020	JLX046160.1, JLX164090.1
OG0006761	GWHPBPAQ019025	JLX045000.1, JLX045000.2
OG0006762	GWHPBPAQ019038	JLX045440.1, JLX045440.2
OG0006763	GWHPBPAQ019043, GWHPBPAQ019045	JLX043810.1
OG0006764	GWHPBPAQ019049	JLX045630.1, JLX046660.1
OG0006765	GWHPBPAQ019072	JLX042820.1, JLX042820.2
OG0006766	GWHPBPAQ019074	JLX042980.1, JLX042980.2
OG0006767	GWHPBPAQ019081	JLX044610.1, JLX044610.2
OG0006768	GWHPBPAQ019082	JLX045200.1, JLX045200.2
OG0006769	GWHPBPAQ019086	JLX044900.1, JLX044900.2
OG0006770	GWHPBPAQ019098, GWHPBPAQ019101	JLX044580.1
OG0006771	GWHPBPAQ019107	JLX009470.1, JLX045500.1
OG0006772	GWHPBPAQ019118	JLX046270.1, JLX052460.1
OG0006773	GWHPBPAQ019134	JLX052390.1, JLX052390.2
OG0006774	GWHPBPAQ019138	JLX052330.1, JLX052490.1
OG0006775	GWHPBPAQ019166	JLX188170.1, JLX188170.2
OG0006776	GWHPBPAQ019171	JLX187880.1, JLX187880.2
OG0006777	GWHPBPAQ019175, GWHPBPAQ021906	JLX024130.1
OG0006778	GWHPBPAQ019199	JLX188050.1, JLX188050.2
OG0006779	GWHPBPAQ019205	JLX187680.1, JLX187680.2
OG0006780	GWHPBPAQ019210	JLX188040.1, JLX188040.2
OG0006781	GWHPBPAQ019218	JLX187510.1, JLX187510.2
OG0006782	GWHPBPAQ019238	JLX041610.1, JLX107200.1
OG0006783	GWHPBPAQ019240	JLX101410.1, JLX101410.2
OG0006784	GWHPBPAQ019244	JLX104170.1, JLX104170.2
OG0006785	GWHPBPAQ019258	JLX105180.1, JLX105180.2
OG0006786	GWHPBPAQ019269	JLX105640.1, JLX105640.2
OG0006787	GWHPBPAQ019279	JLX105230.1, JLX105230.2
OG0006788	GWHPBPAQ019285	JLX106910.1, JLX106910.2
OG0006789	GWHPBPAQ019287	JLX102860.1, JLX102860.2
OG0006790	GWHPBPAQ019288	JLX101770.1, JLX101770.2
OG0006791	GWHPBPAQ019294	JLX103520.1, JLX103520.2
OG0006792	GWHPBPAQ019300, GWHPBPAQ019307	JLX101160.1
OG0006793	GWHPBPAQ019306	JLX104300.1, JLX104300.2
OG0006794	GWHPBPAQ019338	JLX070050.1, JLX106060.1
OG0006795	GWHPBPAQ019362	JLX102820.1, JLX102820.2
OG0006796	GWHPBPAQ019368	JLX106650.1, JLX106650.2
OG0006797	GWHPBPAQ019376, GWHPBPAQ019377	JLX102960.1
OG0006798	GWHPBPAQ019381, GWHPBPAQ022514	JLX095200.1
OG0006799	GWHPBPAQ019399	JLX104930.1, JLX104930.2
OG0006800	GWHPBPAQ019400	JLX104580.1, JLX107000.1
OG0006801	GWHPBPAQ019418	JLX100860.1, JLX106270.1
OG0006802	GWHPBPAQ019427	JLX101080.1, JLX101080.2
OG0006803	GWHPBPAQ019444, GWHPBPAQ019450	JLX106180.1
OG0006804	GWHPBPAQ019458	JLX104420.1, JLX104420.2
OG0006805	GWHPBPAQ019459	JLX106140.1, JLX106140.2
OG0006806	GWHPBPAQ019490	JLX105520.1, JLX105520.2
OG0006807	GWHPBPAQ019502	JLX103020.1, JLX103020.2
OG0006808	GWHPBPAQ019510	JLX101250.1, JLX102120.1
OG0006809	GWHPBPAQ019528, GWHPBPAQ019529	JLX107170.1
OG0006810	GWHPBPAQ019537	JLX101310.1, JLX101310.2
OG0006811	GWHPBPAQ019541	JLX102810.1, JLX106610.1
OG0006812	GWHPBPAQ019543	JLX105140.1, JLX105140.2
OG0006813	GWHPBPAQ019546	JLX104970.1, JLX104970.2
OG0006814	GWHPBPAQ019570	JLX101400.1, JLX101400.2
OG0006815	GWHPBPAQ019592	JLX102990.1, JLX102990.2
OG0006816	GWHPBPAQ019607	JLX104740.1, JLX104740.4
OG0006817	GWHPBPAQ019614	JLX104080.1, JLX104080.2
OG0006818	GWHPBPAQ019619, GWHPBPAQ019626	JLX100680.1
OG0006819	GWHPBPAQ019637	JLX102100.1, JLX102100.2
OG0006820	GWHPBPAQ019651	JLX102510.1, JLX102510.2
OG0006821	GWHPBPAQ019662	JLX101190.1, JLX101190.2
OG0006822	GWHPBPAQ019663	JLX107230.1, JLX107230.2
OG0006823	GWHPBPAQ019664	JLX102670.1, JLX118580.1
OG0006824	GWHPBPAQ019683	JLX104960.1, JLX104960.2
OG0006825	GWHPBPAQ019699	JLX105860.1, JLX105860.2
OG0006826	GWHPBPAQ019716	JLX104830.1, JLX114670.1
OG0006827	GWHPBPAQ019717	JLX102740.1, JLX102740.2
OG0006828	GWHPBPAQ019718	JLX105120.1, JLX145320.1
OG0006829	GWHPBPAQ019736	JLX106660.1, JLX106660.2
OG0006830	GWHPBPAQ019744	JLX103700.1, JLX103700.2
OG0006831	GWHPBPAQ019746	JLX101750.1, JLX101750.2
OG0006832	GWHPBPAQ019752, GWHPBPAQ019753	JLX103400.1
OG0006833	GWHPBPAQ019763	JLX105410.1, JLX105410.2
OG0006834	GWHPBPAQ019790	JLX105070.1, JLX105070.2
OG0006835	GWHPBPAQ019796	JLX101900.1, JLX101900.2
OG0006836	GWHPBPAQ019798, GWHPBPAQ019799	JLX107450.1
OG0006837	GWHPBPAQ019811	JLX102200.1, JLX106350.1
OG0006838	GWHPBPAQ019815	JLX094500.1, JLX104060.1
OG0006839	GWHPBPAQ019817	JLX105950.1, JLX105950.2
OG0006840	GWHPBPAQ019819	JLX105820.1, JLX105820.2
OG0006841	GWHPBPAQ019824	JLX104670.1, JLX104670.2
OG0006842	GWHPBPAQ019866	JLX102780.1, JLX102780.2
OG0006843	GWHPBPAQ019869	JLX104570.1, JLX104570.2
OG0006844	GWHPBPAQ019871	JLX105850.1, JLX105850.2
OG0006845	GWHPBPAQ019872, GWHPBPAQ021270	JLX052630.1
OG0006846	GWHPBPAQ019878	JLX106710.1, JLX106710.2
OG0006847	GWHPBPAQ019882	JLX104880.1, JLX104880.2
OG0006848	GWHPBPAQ019890	JLX104980.1, JLX104980.2
OG0006849	GWHPBPAQ019901	JLX101520.1, JLX103690.1
OG0006850	GWHPBPAQ019904	JLX101380.1, JLX101380.2
OG0006851	GWHPBPAQ019914	JLX104920.1, JLX104920.2
OG0006852	GWHPBPAQ019917	JLX106730.1, JLX106730.2
OG0006853	GWHPBPAQ019943	JLX104110.1, JLX104110.2
OG0006854	GWHPBPAQ019968	JLX145190.1, JLX145190.2
OG0006855	GWHPBPAQ019970	JLX147080.1, JLX147080.2
OG0006856	GWHPBPAQ019980	JLX145390.1, JLX146200.1
OG0006857	GWHPBPAQ019990	JLX146170.1, JLX146170.2
OG0006858	GWHPBPAQ019991	JLX145500.1, JLX145500.2
OG0006859	GWHPBPAQ019992	JLX147190.1, JLX147190.2
OG0006860	GWHPBPAQ019993	JLX146820.1, JLX146820.2
OG0006861	GWHPBPAQ020000	JLX146940.1, JLX146940.2
OG0006862	GWHPBPAQ020011	JLX146560.1, JLX197870.1
OG0006863	GWHPBPAQ020021	JLX145300.1, JLX145300.2
OG0006864	GWHPBPAQ020030	JLX145490.1, JLX145490.2
OG0006865	GWHPBPAQ020036	JLX145410.1, JLX145410.2
OG0006866	GWHPBPAQ020039	JLX145540.1, JLX145870.1
OG0006867	GWHPBPAQ020040	JLX147690.1, JLX147690.2
OG0006868	GWHPBPAQ020050	JLX147150.1, JLX147150.2
OG0006869	GWHPBPAQ020052	JLX145650.1, JLX145650.2
OG0006870	GWHPBPAQ020053, GWHPBPAQ020054	JLX146670.1
OG0006871	GWHPBPAQ020067	JLX147620.1, JLX147620.2
OG0006872	GWHPBPAQ020071	JLX148200.1, JLX148200.2
OG0006873	GWHPBPAQ020072	JLX145580.1, JLX145580.2
OG0006874	GWHPBPAQ020094	JLX146580.1, JLX146580.2
OG0006875	GWHPBPAQ020097	JLX146770.1, JLX146770.2
OG0006876	GWHPBPAQ020107	JLX147830.1, JLX147830.2
OG0006877	GWHPBPAQ020111	JLX147420.1, JLX147420.2
OG0006878	GWHPBPAQ020120	JLX146680.1, JLX146680.2
OG0006879	GWHPBPAQ020152	JLX147940.1, JLX147940.2
OG0006880	GWHPBPAQ020157	JLX145690.1, JLX148190.1
OG0006881	GWHPBPAQ020160	JLX147070.1, JLX147070.2
OG0006882	GWHPBPAQ020164	JLX058870.1, JLX148390.1
OG0006883	GWHPBPAQ020175	JLX148240.1, JLX148240.2
OG0006884	GWHPBPAQ020182	JLX148150.1, JLX148150.2
OG0006885	GWHPBPAQ020198	JLX146390.1, JLX146390.2
OG0006886	GWHPBPAQ020201	JLX052550.1, JLX147740.1
OG0006887	GWHPBPAQ020202	JLX145520.1, JLX145520.2
OG0006888	GWHPBPAQ020203	JLX146540.1, JLX146540.2
OG0006889	GWHPBPAQ020218, GWHPBPAQ020221	JLX145180.1
OG0006890	GWHPBPAQ020222, GWHPBPAQ020223	JLX148130.1
OG0006891	GWHPBPAQ020232	JLX147130.1, JLX147130.2
OG0006892	GWHPBPAQ020236	JLX146330.1, JLX146330.2
OG0006893	GWHPBPAQ020252	JLX148030.1, JLX148030.2
OG0006894	GWHPBPAQ020266	JLX146380.1, JLX146380.2
OG0006895	GWHPBPAQ020267	JLX145040.1, JLX145040.2
OG0006896	GWHPBPAQ020268	JLX146460.1, JLX146460.2
OG0006897	GWHPBPAQ020269	JLX145810.1, JLX145810.2
OG0006898	GWHPBPAQ020271	JLX104760.1, JLX148310.1
OG0006899	GWHPBPAQ020275	JLX147900.1, JLX147900.2
OG0006900	GWHPBPAQ020292	JLX147510.1, JLX147510.2
OG0006901	GWHPBPAQ020307, GWHPBPAQ020308	JLX145140.1
OG0006902	GWHPBPAQ020325	JLX148330.1, JLX148330.2
OG0006903	GWHPBPAQ020329	JLX145430.1, JLX145430.2
OG0006904	GWHPBPAQ020331	JLX148280.1, JLX148280.2
OG0006905	GWHPBPAQ020349	JLX140580.1, JLX140580.2
OG0006906	GWHPBPAQ020365	JLX137660.1, JLX137660.2
OG0006907	GWHPBPAQ020369	JLX139950.1, JLX139950.2
OG0006908	GWHPBPAQ020386	JLX140020.1, JLX140020.2
OG0006909	GWHPBPAQ020394	JLX139670.1, JLX139670.2
OG0006910	GWHPBPAQ020403	JLX139920.1, JLX139920.2
OG0006911	GWHPBPAQ020416	JLX140450.1, JLX140450.2
OG0006912	GWHPBPAQ020420	JLX139100.1, JLX139100.2
OG0006913	GWHPBPAQ020429	JLX140620.1, JLX140620.2
OG0006914	GWHPBPAQ020435	JLX137730.1, JLX137730.2
OG0006915	GWHPBPAQ020436	JLX139230.1, JLX139230.2
OG0006916	GWHPBPAQ020445	JLX139450.1, JLX139450.2
OG0006917	GWHPBPAQ020458	JLX138510.1, JLX138510.2
OG0006918	GWHPBPAQ020460	JLX140630.1, JLX140630.2
OG0006919	GWHPBPAQ020462	JLX139530.1, JLX139530.2
OG0006920	GWHPBPAQ020479	JLX138900.1, JLX138900.2
OG0006921	GWHPBPAQ020485	JLX136940.1, JLX136940.2
OG0006922	GWHPBPAQ020493, GWHPBPAQ020494	JLX139700.1
OG0006923	GWHPBPAQ020497	JLX138850.1, JLX138850.2
OG0006924	GWHPBPAQ020512	JLX138670.1, JLX138670.2
OG0006925	GWHPBPAQ020531	JLX140490.1, JLX140490.2
OG0006926	GWHPBPAQ020547	JLX139630.1, JLX139630.2
OG0006927	GWHPBPAQ020549	JLX137330.1, JLX137330.2
OG0006928	GWHPBPAQ020557	JLX140260.1, JLX205350.1
OG0006929	GWHPBPAQ020566	JLX138480.1, JLX138480.2
OG0006930	GWHPBPAQ020568	JLX140180.1, JLX140180.2
OG0006931	GWHPBPAQ020574	JLX137720.1, JLX137720.2
OG0006932	GWHPBPAQ020575	JLX139060.1, JLX139060.2
OG0006933	GWHPBPAQ020583	JLX137550.1, JLX137550.2
OG0006934	GWHPBPAQ020584	JLX139640.1, JLX139640.2
OG0006935	GWHPBPAQ020586	JLX137570.1, JLX137570.2
OG0006936	GWHPBPAQ020587	JLX138590.1, JLX138590.2
OG0006937	GWHPBPAQ020594	JLX140000.1, JLX140000.2
OG0006938	GWHPBPAQ020606, GWHPBPAQ020610	JLX139040.1
OG0006939	GWHPBPAQ020620, GWHPBPAQ020622	JLX138780.1
OG0006940	GWHPBPAQ020626	JLX136950.1, JLX136950.2
OG0006941	GWHPBPAQ020635, GWHPBPAQ020636	JLX138350.1
OG0006942	GWHPBPAQ020648	JLX139730.1, JLX140150.1
OG0006943	GWHPBPAQ020649, GWHPBPAQ020650	JLX138460.1
OG0006944	GWHPBPAQ020680	JLX138630.1, JLX140640.1
OG0006945	GWHPBPAQ020702	JLX138090.1, JLX138090.2
OG0006946	GWHPBPAQ020710	JLX138820.1, JLX139180.1
OG0006947	GWHPBPAQ020711	JLX138070.1, JLX139900.1
OG0006948	GWHPBPAQ020713	JLX137440.1, JLX137440.2
OG0006949	GWHPBPAQ020715	JLX138430.1, JLX138430.2
OG0006950	GWHPBPAQ020742	JLX120600.1, JLX138060.1
OG0006951	GWHPBPAQ020767	JLX119740.1, JLX119740.2
OG0006952	GWHPBPAQ020777	JLX119590.1, JLX119590.2
OG0006953	GWHPBPAQ020795	JLX120490.1, JLX120490.2
OG0006954	GWHPBPAQ020796	JLX119530.1, JLX119530.2
OG0006955	GWHPBPAQ020798	JLX120090.1, JLX120090.2
OG0006956	GWHPBPAQ020799	JLX120680.1, JLX120680.2
OG0006957	GWHPBPAQ020841	JLX119420.1, JLX119420.2
OG0006958	GWHPBPAQ020859	JLX119930.1, JLX119930.2
OG0006959	GWHPBPAQ020866	JLX119250.1, JLX119250.2
OG0006960	GWHPBPAQ020886	JLX120120.1, JLX120120.2
OG0006961	GWHPBPAQ020908	JLX121710.1, JLX121710.2
OG0006962	GWHPBPAQ020924	JLX205840.1, JLX205840.2
OG0006963	GWHPBPAQ020927	JLX206320.1, JLX206320.2
OG0006964	GWHPBPAQ020934	JLX206380.1, JLX206380.2
OG0006965	GWHPBPAQ020940	JLX206240.1, JLX206240.2
OG0006966	GWHPBPAQ020945	JLX206190.1, JLX206190.2
OG0006967	GWHPBPAQ020953	JLX205820.1, JLX205820.2
OG0006968	GWHPBPAQ020968	JLX175150.1, JLX205870.1
OG0006969	GWHPBPAQ020977	JLX205950.1, JLX205950.2
OG0006970	GWHPBPAQ020985	JLX206170.1, JLX228020.1
OG0006971	GWHPBPAQ020995	JLX227970.1, JLX227970.2
OG0006972	GWHPBPAQ021031	JLX228460.1, JLX228460.2
OG0006973	GWHPBPAQ021036	JLX227890.1, JLX227890.2
OG0006974	GWHPBPAQ021049	JLX000960.1, JLX001030.1
OG0006975	GWHPBPAQ021054	JLX001020.1, JLX001020.2
OG0006976	GWHPBPAQ021062	JLX001140.1, JLX217350.1
OG0006977	GWHPBPAQ021081	JLX067310.1, JLX067310.2
OG0006978	GWHPBPAQ021090	JLX067730.1, JLX067740.1
OG0006979	GWHPBPAQ021110	JLX067360.1, JLX136690.1
OG0006980	GWHPBPAQ021112	JLX067550.1, JLX067550.2
OG0006981	GWHPBPAQ021137	JLX066930.1, JLX066930.2
OG0006982	GWHPBPAQ021142	JLX067760.1, JLX067760.2
OG0006983	GWHPBPAQ021166, GWHPBPAQ021176	JLX067340.1
OG0006984	GWHPBPAQ021180	JLX189990.1, JLX189990.2
OG0006985	GWHPBPAQ021182	JLX189680.1, JLX189680.2
OG0006986	GWHPBPAQ021196, GWHPBPAQ021200	JLX189880.1
OG0006987	GWHPBPAQ021197	JLX189420.1, JLX189420.2
OG0006988	GWHPBPAQ021206	JLX190010.1, JLX190010.2
OG0006989	GWHPBPAQ021209, GWHPBPAQ023140	JLX189460.1
OG0006990	GWHPBPAQ021210	JLX189740.1, JLX189740.2
OG0006991	GWHPBPAQ021223	JLX189300.1, JLX189300.2
OG0006992	GWHPBPAQ021225	JLX189690.1, JLX189690.2
OG0006993	GWHPBPAQ021236	JLX189330.1, JLX189330.2
OG0006994	GWHPBPAQ021246	JLX232020.1, JLX232020.2
OG0006995	GWHPBPAQ021247	JLX231980.1, JLX232160.1
OG0006996	GWHPBPAQ021261	JLX232180.1, JLX232180.2
OG0006997	GWHPBPAQ021264	JLX232070.1, JLX232070.2
OG0006998	GWHPBPAQ021269	JLX052560.1, JLX231950.1
OG0006999	GWHPBPAQ021272	JLX052580.1, JLX232150.1
OG0007000	GWHPBPAQ021273	JLX052730.1, JLX231970.1
OG0007001	GWHPBPAQ021345	JLX232350.1, JLX232630.1
OG0007002	GWHPBPAQ021362, GWHPBPAQ021363	JLX232930.1
OG0007003	GWHPBPAQ021366, GWHPBPAQ021368	JLX232290.1
OG0007004	GWHPBPAQ021393	JLX232370.1, JLX232370.2
OG0007005	GWHPBPAQ021395	JLX232800.1, JLX232800.2
OG0007006	GWHPBPAQ021406, GWHPBPAQ022993	JLX077730.1
OG0007007	GWHPBPAQ021412	JLX077790.1, JLX077790.2
OG0007008	GWHPBPAQ021414	JLX077720.1, JLX077720.2
OG0007009	GWHPBPAQ021438	JLX077580.1, JLX077580.2
OG0007010	GWHPBPAQ021457, GWHPBPAQ021465	JLX034790.1
OG0007011	GWHPBPAQ021458	JLX032920.1, JLX034080.1
OG0007012	GWHPBPAQ021459, GWHPBPAQ021469	JLX033970.1
OG0007013	GWHPBPAQ021460	JLX033600.1, JLX033600.2
OG0007014	GWHPBPAQ021466	JLX000550.1, JLX032840.1
OG0007015	GWHPBPAQ021467	JLX032460.1, JLX187280.1
OG0007016	GWHPBPAQ021500	JLX206630.1, JLX206630.2
OG0007017	GWHPBPAQ021509	JLX207270.1, JLX207270.2
OG0007018	GWHPBPAQ021520, GWHPBPAQ021523	JLX207250.1
OG0007019	GWHPBPAQ021530	JLX013070.1, JLX206700.1
OG0007020	GWHPBPAQ021534	JLX206800.1, JLX206800.2
OG0007021	GWHPBPAQ021535	JLX206970.1, JLX206970.2
OG0007022	GWHPBPAQ021543	JLX207310.1, JLX207310.2
OG0007023	GWHPBPAQ021547	JLX206610.1, JLX206610.2
OG0007024	GWHPBPAQ021558	JLX207300.1, JLX207300.2
OG0007025	GWHPBPAQ021560	JLX207420.1, JLX207420.2
OG0007026	GWHPBPAQ021564	JLX206670.1, JLX206670.2
OG0007027	GWHPBPAQ021576	JLX206830.1, JLX206830.2
OG0007028	GWHPBPAQ021582	JLX207130.1, JLX207130.2
OG0007029	GWHPBPAQ021596	JLX021570.1, JLX206770.1
OG0007030	GWHPBPAQ021597	JLX023460.1, JLX206740.1
OG0007031	GWHPBPAQ021605	JLX019500.1, JLX019500.2
OG0007032	GWHPBPAQ021607	JLX024360.1, JLX094660.1
OG0007033	GWHPBPAQ021611, GWHPBPAQ021612	JLX021170.1
OG0007034	GWHPBPAQ021627	JLX023180.1, JLX023180.2
OG0007035	GWHPBPAQ021628	JLX023750.1, JLX024110.1
OG0007036	GWHPBPAQ021636	JLX022250.1, JLX022250.2
OG0007037	GWHPBPAQ021649	JLX022030.1, JLX022030.2
OG0007038	GWHPBPAQ021651	JLX023510.1, JLX023510.2
OG0007039	GWHPBPAQ021678, GWHPBPAQ022235	JLX081920.1
OG0007040	GWHPBPAQ021690	JLX019300.1, JLX019300.2
OG0007041	GWHPBPAQ021696	JLX022740.1, JLX023480.1
OG0007042	GWHPBPAQ021698	JLX020790.1, JLX020790.2
OG0007043	GWHPBPAQ021713	JLX022800.1, JLX024650.1
OG0007044	GWHPBPAQ021724, GWHPBPAQ021740	JLX020440.1
OG0007045	GWHPBPAQ021734	JLX022460.1, JLX022460.2
OG0007046	GWHPBPAQ021735	JLX023570.1, JLX023570.2
OG0007047	GWHPBPAQ021747	JLX022470.1, JLX022470.2
OG0007048	GWHPBPAQ021754	JLX020470.1, JLX020470.2
OG0007049	GWHPBPAQ021756	JLX021390.1, JLX021390.2
OG0007050	GWHPBPAQ021757	JLX020750.1, JLX020750.2
OG0007051	GWHPBPAQ021758	JLX024010.1, JLX024010.2
OG0007052	GWHPBPAQ021761, GWHPBPAQ021762	JLX023620.1
OG0007053	GWHPBPAQ021766	JLX022630.1, JLX022630.2
OG0007054	GWHPBPAQ021778	JLX023080.1, JLX023080.2
OG0007055	GWHPBPAQ021790	JLX019850.1, JLX019850.2
OG0007056	GWHPBPAQ021801	JLX019610.1, JLX019610.2
OG0007057	GWHPBPAQ021813	JLX021210.1, JLX021210.2
OG0007058	GWHPBPAQ021819	JLX021250.1, JLX023960.1
OG0007059	GWHPBPAQ021846	JLX021040.1, JLX021040.2
OG0007060	GWHPBPAQ021849	JLX020490.1, JLX022730.1
OG0007061	GWHPBPAQ021850	JLX019800.1, JLX023130.1
OG0007062	GWHPBPAQ021852	JLX022180.1, JLX022180.2
OG0007063	GWHPBPAQ021861, GWHPBPAQ021862	JLX023810.1
OG0007064	GWHPBPAQ021869	JLX020660.1, JLX020660.2
OG0007065	GWHPBPAQ021877	JLX024160.1, JLX024160.2
OG0007066	GWHPBPAQ021880	JLX021710.1, JLX021710.2
OG0007067	GWHPBPAQ021886	JLX022760.1, JLX022760.2
OG0007068	GWHPBPAQ021900	JLX020340.1, JLX020340.2
OG0007069	GWHPBPAQ021908	JLX020580.1, JLX020580.2
OG0007070	GWHPBPAQ021915	JLX021610.1, JLX021940.1
OG0007071	GWHPBPAQ021925	JLX020910.1, JLX229240.1
OG0007072	GWHPBPAQ021947	JLX024300.1, JLX024300.2
OG0007073	GWHPBPAQ021949	JLX020900.1, JLX020900.2
OG0007074	GWHPBPAQ021954	JLX023320.1, JLX023320.2
OG0007075	GWHPBPAQ021961	JLX020950.1, JLX020950.2
OG0007076	GWHPBPAQ021962	JLX022060.1, JLX023770.1
OG0007077	GWHPBPAQ021978	JLX023450.1, JLX023450.2
OG0007078	GWHPBPAQ021981	JLX023210.1, JLX023210.2
OG0007079	GWHPBPAQ021984	JLX021580.1, JLX021580.2
OG0007080	GWHPBPAQ021987	JLX019900.1, JLX019900.2
OG0007081	GWHPBPAQ021988	JLX019380.1, JLX019380.2
OG0007082	GWHPBPAQ022008	JLX019810.1, JLX019810.2
OG0007083	GWHPBPAQ022011, GWHPBPAQ022021	JLX024000.1
OG0007084	GWHPBPAQ022022, GWHPBPAQ022048	JLX020540.1
OG0007085	GWHPBPAQ022025	JLX022140.1, JLX022140.2
OG0007086	GWHPBPAQ022029	JLX022200.1, JLX188570.1
OG0007087	GWHPBPAQ022031	JLX021000.1, JLX021000.2
OG0007088	GWHPBPAQ022046	JLX021460.1, JLX021460.2
OG0007089	GWHPBPAQ022055	JLX020370.1, JLX020370.2
OG0007090	GWHPBPAQ022072	JLX019960.1, JLX019960.2
OG0007091	GWHPBPAQ022083	JLX022520.1, JLX022520.2
OG0007092	GWHPBPAQ022093	JLX023200.1, JLX023200.2
OG0007093	GWHPBPAQ022094	JLX022100.1, JLX022100.2
OG0007094	GWHPBPAQ022103	JLX021590.1, JLX021590.2
OG0007095	GWHPBPAQ022108	JLX021500.1, JLX021500.2
OG0007096	GWHPBPAQ022110	JLX023330.1, JLX023330.2
OG0007097	GWHPBPAQ022111	JLX024020.1, JLX135740.1
OG0007098	GWHPBPAQ022112	JLX024720.1, JLX171340.1
OG0007099	GWHPBPAQ022120	JLX019530.1, JLX019530.2
OG0007100	GWHPBPAQ022121	JLX021490.1, JLX023940.1
OG0007101	GWHPBPAQ022123	JLX020280.1, JLX024660.1
OG0007102	GWHPBPAQ022126	JLX023250.1, JLX023250.2
OG0007103	GWHPBPAQ022127	JLX021410.1, JLX021410.2
OG0007104	GWHPBPAQ022130	JLX019550.1, JLX019550.2
OG0007105	GWHPBPAQ022140	JLX021850.1, JLX066770.1
OG0007106	GWHPBPAQ022155	JLX019830.1, JLX019830.2
OG0007107	GWHPBPAQ022156	JLX020020.1, JLX020020.2
OG0007108	GWHPBPAQ022171	JLX021950.1, JLX135430.1
OG0007109	GWHPBPAQ022172	JLX020190.1, JLX135440.1
OG0007110	GWHPBPAQ022173	JLX077200.1, JLX135520.1
OG0007111	GWHPBPAQ022174, GWHPBPAQ022178	JLX077210.1
OG0007112	GWHPBPAQ022177	JLX077080.1, JLX077080.2
OG0007113	GWHPBPAQ022211	JLX082510.1, JLX082510.2
OG0007114	GWHPBPAQ022221	JLX082240.1, JLX082240.2
OG0007115	GWHPBPAQ022225, GWHPBPAQ022496	JLX094810.1
OG0007116	GWHPBPAQ022226	JLX082270.1, JLX082340.1
OG0007117	GWHPBPAQ022237	JLX081970.1, JLX081970.2
OG0007118	GWHPBPAQ022242	JLX082360.1, JLX082360.2
OG0007119	GWHPBPAQ022247, GWHPBPAQ022391	JLX217710.1
OG0007120	GWHPBPAQ022256	JLX082200.1, JLX082200.2
OG0007121	GWHPBPAQ022288	JLX188950.1, JLX229170.1
OG0007122	GWHPBPAQ022289	JLX189020.1, JLX229160.1
OG0007123	GWHPBPAQ022299, GWHPBPAQ022308	JLX142370.1
OG0007124	GWHPBPAQ022311	JLX077340.1, JLX077340.2
OG0007125	GWHPBPAQ022314	JLX077300.1, JLX077300.2
OG0007126	GWHPBPAQ022319	JLX016130.1, JLX077100.1
OG0007127	GWHPBPAQ022320	JLX016200.1, JLX077030.1
OG0007128	GWHPBPAQ022323	JLX016100.1, JLX016100.2
OG0007129	GWHPBPAQ022338	JLX016140.1, JLX016140.2
OG0007130	GWHPBPAQ022343	JLX016170.1, JLX016170.2
OG0007131	GWHPBPAQ022362	JLX217300.1, JLX217300.2
OG0007132	GWHPBPAQ022363	JLX217880.1, JLX217880.2
OG0007133	GWHPBPAQ022398	JLX217460.1, JLX217460.2
OG0007134	GWHPBPAQ022426	JLX002510.1, JLX002510.2
OG0007135	GWHPBPAQ022462	JLX094250.1, JLX193950.1
OG0007136	GWHPBPAQ022465	JLX093750.1, JLX093750.2
OG0007137	GWHPBPAQ022470	JLX095050.1, JLX175590.1
OG0007138	GWHPBPAQ022471	JLX094140.1, JLX094140.2
OG0007139	GWHPBPAQ022488	JLX094180.1, JLX094180.2
OG0007140	GWHPBPAQ022499	JLX093780.1, JLX094620.1
OG0007141	GWHPBPAQ022507, GWHPBPAQ022536	JLX094160.1
OG0007142	GWHPBPAQ022513	JLX094020.1, JLX094020.2
OG0007143	GWHPBPAQ022526	JLX093850.1, JLX093850.2
OG0007144	GWHPBPAQ022527	JLX000090.1, JLX093930.1
OG0007145	GWHPBPAQ022531	JLX094370.1, JLX094370.2
OG0007146	GWHPBPAQ022533	JLX072450.1, JLX095190.1
OG0007147	GWHPBPAQ022537	JLX094970.1, JLX094970.2
OG0007148	GWHPBPAQ022546	JLX095000.1, JLX117900.1
OG0007149	GWHPBPAQ022549	JLX093390.1, JLX093390.2
OG0007150	GWHPBPAQ022555	JLX095020.1, JLX095020.2
OG0007151	GWHPBPAQ022556	JLX094050.1, JLX094050.2
OG0007152	GWHPBPAQ022560	JLX094220.1, JLX094220.2
OG0007153	GWHPBPAQ022562	JLX095210.1, JLX095210.2
OG0007154	GWHPBPAQ022587	JLX094820.1, JLX094820.2
OG0007155	GWHPBPAQ022598	JLX093900.1, JLX095010.1
OG0007156	GWHPBPAQ022600	JLX094230.1, JLX094230.2
OG0007157	GWHPBPAQ022605	JLX093740.1, JLX095440.1
OG0007158	GWHPBPAQ022611	JLX009970.1, JLX095410.1
OG0007159	GWHPBPAQ022644	JLX165890.1, JLX165890.2
OG0007160	GWHPBPAQ022651	JLX165370.1, JLX165370.2
OG0007161	GWHPBPAQ022655	JLX166010.1, JLX166010.2
OG0007162	GWHPBPAQ022668	JLX165920.1, JLX165920.2
OG0007163	GWHPBPAQ022669	JLX165680.1, JLX165680.2
OG0007164	GWHPBPAQ022674	JLX165600.1, JLX207850.1
OG0007165	GWHPBPAQ022680	JLX165760.1, JLX165760.2
OG0007166	GWHPBPAQ022696	JLX165460.1, JLX165490.1
OG0007167	GWHPBPAQ022698	JLX165930.1, JLX165930.2
OG0007168	GWHPBPAQ022703	JLX050720.1, JLX210060.1
OG0007169	GWHPBPAQ022704	JLX051660.1, JLX210080.1
OG0007170	GWHPBPAQ022705	JLX051130.1, JLX051130.2
OG0007171	GWHPBPAQ022707	JLX050880.1, JLX051760.1
OG0007172	GWHPBPAQ022728	JLX051240.1, JLX051240.2
OG0007173	GWHPBPAQ022740	JLX051780.1, JLX051780.2
OG0007174	GWHPBPAQ022757	JLX050850.1, JLX136530.1
OG0007175	GWHPBPAQ022759	JLX050570.1, JLX050570.2
OG0007176	GWHPBPAQ022766	JLX051310.2, JLX051310.3
OG0007177	GWHPBPAQ022767	JLX051310.1, JLX051310.4
OG0007178	GWHPBPAQ022775, GWHPBPAQ022781	JLX050460.1
OG0007179	GWHPBPAQ022792	JLX051740.1, JLX051740.2
OG0007180	GWHPBPAQ022799	JLX050810.1, JLX051970.1
OG0007181	GWHPBPAQ022802, GWHPBPAQ022803	JLX050470.1
OG0007182	GWHPBPAQ022810	JLX052030.1, JLX052030.2
OG0007183	GWHPBPAQ022813	JLX051260.1, JLX052110.1
OG0007184	GWHPBPAQ022816	JLX050270.1, JLX050270.2
OG0007185	GWHPBPAQ022817, GWHPBPAQ022818	JLX051170.1
OG0007186	GWHPBPAQ022829	JLX050950.1, JLX050950.2
OG0007187	GWHPBPAQ022848, GWHPBPAQ022850	JLX051300.1
OG0007188	GWHPBPAQ022871	JLX051000.1, JLX155240.1
OG0007189	GWHPBPAQ022877	JLX051400.1, JLX051400.2
OG0007190	GWHPBPAQ022879	JLX051940.1, JLX052250.1
OG0007191	GWHPBPAQ022882, GWHPBPAQ022883	JLX052150.1
OG0007192	GWHPBPAQ022885, GWHPBPAQ022891	JLX051140.1
OG0007193	GWHPBPAQ022894	JLX052120.1, JLX052120.2
OG0007194	GWHPBPAQ022903, GWHPBPAQ022912	JLX051980.1
OG0007195	GWHPBPAQ022904	JLX050750.1, JLX052050.1
OG0007196	GWHPBPAQ022905, GWHPBPAQ022925	JLX051930.1
OG0007197	GWHPBPAQ022907, GWHPBPAQ022914	JLX050710.1
OG0007198	GWHPBPAQ022928	JLX087710.1, JLX087710.2
OG0007199	GWHPBPAQ022943	JLX089210.1, JLX089210.2
OG0007200	GWHPBPAQ022947	JLX085560.1, JLX085560.2
OG0007201	GWHPBPAQ022961	JLX086370.1, JLX086370.2
OG0007202	GWHPBPAQ022973	JLX087470.1, JLX087470.2
OG0007203	GWHPBPAQ022975	JLX088580.1, JLX088580.2
OG0007204	GWHPBPAQ022980	JLX085790.1, JLX085790.2
OG0007205	GWHPBPAQ022987	JLX089300.1, JLX089300.2
OG0007206	GWHPBPAQ022997	JLX085860.1, JLX085860.2
OG0007207	GWHPBPAQ023003	JLX086360.1, JLX086360.2
OG0007208	GWHPBPAQ023018	JLX089110.1, JLX131780.1
OG0007209	GWHPBPAQ023022	JLX088210.1, JLX088210.2
OG0007210	GWHPBPAQ023029	JLX085130.1, JLX085130.2
OG0007211	GWHPBPAQ023048	JLX088430.1, JLX088430.2
OG0007212	GWHPBPAQ023056, GWHPBPAQ023057	JLX086240.1
OG0007213	GWHPBPAQ023064, GWHPBPAQ023066	JLX089020.1
OG0007214	GWHPBPAQ023086	JLX085990.1, JLX085990.2
OG0007215	GWHPBPAQ023103	JLX086890.1, JLX086890.2
OG0007216	GWHPBPAQ023124	JLX089150.1, JLX089150.2
OG0007217	GWHPBPAQ023142	JLX047420.1, JLX085060.1
OG0007218	GWHPBPAQ023146	JLX087660.1, JLX087660.2
OG0007219	GWHPBPAQ023151	JLX086080.1, JLX086080.2
OG0007220	GWHPBPAQ023156	JLX088450.1, JLX088450.2
OG0007221	GWHPBPAQ023158	JLX052510.1, JLX086250.1
OG0007222	GWHPBPAQ023173	JLX085440.1, JLX085440.2
OG0007223	GWHPBPAQ023174	JLX086630.1, JLX086630.2
OG0007224	GWHPBPAQ023178	JLX085590.1, JLX085590.2
OG0007225	GWHPBPAQ023187	JLX089310.1, JLX089310.2
OG0007226	GWHPBPAQ023188	JLX087420.1, JLX087420.2
OG0007227	GWHPBPAQ023190	JLX088920.1, JLX088920.2
OG0007228	GWHPBPAQ023195	JLX086580.1, JLX086580.2
OG0007229	GWHPBPAQ023205	JLX087460.1, JLX087460.2
OG0007230	GWHPBPAQ023206	JLX086320.1, JLX086320.2
OG0007231	GWHPBPAQ023207	JLX088280.1, JLX131530.1
OG0007232	GWHPBPAQ023208	JLX086060.1, JLX086060.2
OG0007233	GWHPBPAQ023209	JLX086960.1, JLX086960.2
OG0007234	GWHPBPAQ023216	JLX089140.1, JLX089140.2
OG0007235	GWHPBPAQ023227	JLX086710.1, JLX086710.2
OG0007236	GWHPBPAQ023232	JLX085750.1, JLX085750.2
OG0007237	GWHPBPAQ023236	JLX085580.1, JLX085580.2
OG0007238	GWHPBPAQ023249	JLX086550.1, JLX170880.1
OG0007239	GWHPBPAQ023251	JLX086160.1, JLX086160.2
OG0007240	GWHPBPAQ023256	JLX087350.1, JLX087350.2
OG0007241	GWHPBPAQ023259	JLX087860.1, JLX087860.2
OG0007242	GWHPBPAQ023270	JLX086700.1, JLX086700.2
OG0007243	GWHPBPAQ023293	JLX072930.1, JLX086950.1
OG0007244	GWHPBPAQ023303	JLX089260.1, JLX089260.2
OG0007245	GWHPBPAQ023313	JLX086530.1, JLX086530.2
OG0007246	GWHPBPAQ023354	JLX085290.1, JLX085610.1
OG0007247	GWHPBPAQ023361, GWHPBPAQ023364	JLX027290.1
OG0007248	GWHPBPAQ023366	JLX215290.1, JLX215290.2
OG0007249	GWHPBPAQ023369	JLX215990.1, JLX215990.2
OG0007250	GWHPBPAQ023377	JLX074020.1, JLX215180.1
OG0007251	GWHPBPAQ023396	JLX215900.1, JLX215900.2
OG0007252	GWHPBPAQ023398	JLX178290.1, JLX214790.1
OG0007253	GWHPBPAQ023401	JLX215950.1, JLX215950.2
OG0007254	GWHPBPAQ023404, GWHPBPAQ023406	JLX215140.1
OG0007255	GWHPBPAQ023405	JLX214840.1, JLX215170.1
OG0007256	GWHPBPAQ023413	JLX215570.1, JLX215570.2
OG0007257	GWHPBPAQ023424	JLX214930.1, JLX214930.2
OG0007258	GWHPBPAQ023431, GWHPBPAQ023432	JLX215650.1
OG0007259	GWHPBPAQ023434	JLX214780.1, JLX214780.2
OG0007260	GWHPBPAQ023438	JLX215380.1, JLX215380.2
OG0007261	GWHPBPAQ023445	JLX215020.1, JLX215020.2
OG0007262	GWHPBPAQ023446	JLX215680.1, JLX215680.2
OG0007263	GWHPBPAQ023452	JLX215740.1, JLX215740.2
OG0007264	GWHPBPAQ023485	JLX215730.1, JLX215730.2
OG0007265	GWHPBPAQ023497	JLX215220.1, JLX215220.2
OG0007266	GWHPBPAQ023502	JLX215890.1, JLX215890.2
OG0007267	GWHPBPAQ023510	JLX215420.1, JLX215420.2
OG0007268	GWHPBPAQ023514	JLX215660.1, JLX215660.2
OG0007269	GWHPBPAQ023518	JLX215270.1, JLX215270.2
OG0007270	Null	JLX087750.1, JLX087750.2, JLX087750.3
OG0007271	Null	JLX096910.1, JLX197440.1, JLX218570.1
OG0007272	Null	JLX000260.1, JLX000260.2, JLX000620.1
OG0007273	Null	JLX058560.1, JLX058560.2, JLX058560.3
OG0007274	Null	JLX204160.2, JLX204160.3, JLX204160.4
OG0007275	Null	JLX119010.1, JLX174950.1, JLX178950.1
OG0007276	Null	JLX126090.1, JLX126090.2, JLX126090.3
OG0007277	Null	JLX129440.1, JLX129440.2, JLX129440.5
OG0007278	Null	JLX190770.1, JLX190770.2, JLX190770.3
OG0007279	Null	JLX091700.1, JLX092290.1, JLX219160.1
OG0007280	Null	JLX059780.1, JLX059780.2, JLX059780.3
OG0007281	Null	JLX167310.1, JLX187300.1, JLX187340.1
OG0007282	Null	JLX065960.1, JLX065960.2, JLX065960.3
OG0007283	Null	JLX002770.1, JLX002970.1, JLX002970.2
OG0007284	Null	JLX219270.1, JLX229490.1, JLX229490.2
OG0007285	Null	JLX023880.1, JLX135480.1, JLX135550.1
OG0007286	Null	JLX008210.3, JLX136090.1, JLX167800.1
OG0007287	Null	JLX149340.1, JLX155040.1, JLX187110.1
OG0007288	Null	JLX032650.1, JLX076960.1, JLX199940.1
OG0007289	Null	JLX023290.1, JLX023930.1, JLX135470.1
OG0007290	Null	JLX094090.1, JLX095550.1, JLX095550.2
OG0007291	Null	JLX002190.1, JLX100500.1, JLX185020.1
OG0007292	Null	JLX077520.1, JLX077620.1, JLX158860.1
OG0007293	Null	JLX048870.1, JLX089390.1, JLX200310.1
OG0007294	Null	JLX132330.1, JLX132930.1, JLX152120.1
OG0007295	Null	JLX190840.1, JLX191230.1, JLX216960.1
OG0007296	Null	JLX034800.1, JLX163050.1, JLX216720.1
OG0007297	Null	JLX002210.1, JLX140730.1, JLX140770.1
OG0007298	Null	JLX122040.1, JLX152740.1, JLX152740.2
OG0007299	Null	JLX219970.1, JLX220200.1, JLX221690.1
OG0007300	Null	JLX054250.1, JLX151630.1, JLX151750.1
OG0007301	Null	JLX035370.1, JLX081100.1, JLX100210.1
OG0007302	Null	JLX143750.1, JLX143750.2, JLX143750.3
OG0007303	Null	JLX040650.1, JLX221380.1, JLX221820.1
OG0007304	Null	JLX077160.1, JLX089570.1, JLX213050.1
OG0007305	Null	JLX002850.1, JLX052910.1, JLX218680.1
OG0007306	Null	JLX058080.1, JLX058080.2, JLX058080.3
OG0007307	Null	JLX143270.3, JLX143270.4, JLX143270.5
OG0007308	Null	JLX052750.1, JLX155060.1, JLX155090.1
OG0007309	Null	JLX083550.1, JLX106230.1, JLX183250.1
OG0007310	Null	JLX121910.1, JLX152240.1, JLX152240.2
OG0007311	Null	JLX066050.1, JLX066050.2, JLX066050.3
OG0007312	Null	JLX077190.1, JLX092460.1, JLX092460.2
OG0007313	Null	JLX048370.1, JLX084790.1, JLX089650.1
OG0007314	Null	JLX049940.1, JLX049940.2, JLX049940.3
OG0007315	Null	JLX149750.1, JLX149930.1, JLX216410.1
OG0007316	Null	JLX183690.1, JLX183690.2, JLX183690.3
OG0007317	Null	JLX172180.1, JLX172180.2, JLX172180.3
OG0007318	Null	JLX092630.1, JLX158300.1, JLX216240.1
OG0007319	Null	JLX110540.1, JLX110540.2, JLX200690.1
OG0007320	Null	JLX077510.1, JLX077780.1, JLX077830.1
OG0007321	Null	JLX032260.1, JLX033190.1, JLX034120.1
OG0007322	Null	JLX006360.1, JLX006360.2, JLX190180.1
OG0007323	Null	JLX135020.1, JLX135020.2, JLX135020.3
OG0007324	Null	JLX056510.2, JLX140830.1, JLX140860.1
OG0007325	Null	JLX078760.1, JLX078760.2, JLX078760.3
OG0007326	Null	JLX097170.1, JLX142110.1, JLX209320.1
OG0007327	Null	JLX000770.1, JLX000770.2, JLX000770.3
OG0007328	Null	JLX121760.1, JLX194790.1, JLX206980.1
OG0007329	Null	JLX083480.1, JLX149440.1, JLX149610.1
OG0007330	Null	JLX002410.1, JLX010200.1, JLX057760.1
OG0007331	Null	JLX177490.1, JLX177490.2, JLX177490.3
OG0007332	Null	JLX057930.1, JLX064620.1, JLX229130.1
OG0007333	Null	JLX058260.1, JLX120040.1, JLX192560.1
OG0007334	Null	JLX012190.1, JLX063810.1, JLX151420.1
OG0007335	Null	JLX032610.1, JLX116280.1, JLX118700.1
OG0007336	Null	JLX024820.1, JLX150020.1, JLX173260.1
OG0007337	Null	JLX181880.1, JLX181880.2, JLX181880.3
OG0007338	Null	JLX082620.1, JLX082650.1, JLX198290.1
OG0007339	Null	JLX057830.1, JLX057830.2, JLX057830.3
OG0007340	Null	JLX000120.1, JLX000120.2, JLX000120.3
OG0007341	Null	JLX125020.1, JLX131660.1, JLX131850.1
OG0007342	Null	JLX068760.1, JLX188650.1, JLX214350.1
OG0007343	Null	JLX023160.2, JLX023160.3, JLX023160.4
OG0007344	Null	JLX043890.1, JLX048900.1, JLX099490.1
OG0007345	GWHPBPAQ000002	JLX228610.1
OG0007346	GWHPBPAQ000005	JLX228870.1
OG0007347	GWHPBPAQ000007	JLX229050.1
OG0007348	GWHPBPAQ000008	JLX229010.1
OG0007349	GWHPBPAQ000009	JLX228560.1
OG0007350	GWHPBPAQ000010	JLX229000.1
OG0007351	GWHPBPAQ000013	JLX228630.1
OG0007352	GWHPBPAQ000014	JLX228790.1
OG0007353	GWHPBPAQ000015	JLX228830.1
OG0007354	GWHPBPAQ000017	JLX228860.1
OG0007355	GWHPBPAQ000018, GWHPBPAQ005381	
OG0007356	GWHPBPAQ000020	JLX228600.1
OG0007357	GWHPBPAQ000021	JLX228670.1
OG0007358	GWHPBPAQ000026	JLX228920.1
OG0007359	GWHPBPAQ000027	JLX228950.1
OG0007360	GWHPBPAQ000031	JLX228960.1
OG0007361	GWHPBPAQ000033	JLX228900.1
OG0007362	GWHPBPAQ000034	JLX228940.1
OG0007363	GWHPBPAQ000035	JLX228740.1
OG0007364	GWHPBPAQ000036	JLX228650.1
OG0007365	GWHPBPAQ000037	JLX228580.1
OG0007366	GWHPBPAQ000038	JLX228970.1
OG0007367	GWHPBPAQ000039	JLX228810.1
OG0007368	GWHPBPAQ000040	JLX229080.1
OG0007369	GWHPBPAQ000041	JLX228680.1
OG0007370	GWHPBPAQ000044	JLX229070.1
OG0007371	GWHPBPAQ000045	JLX228910.1
OG0007372	GWHPBPAQ000048	JLX228660.1
OG0007373	GWHPBPAQ000049	JLX228730.1
OG0007374	GWHPBPAQ000052	JLX228980.1
OG0007375	GWHPBPAQ000053	JLX228570.1
OG0007376	GWHPBPAQ000056	JLX228800.1
OG0007377	GWHPBPAQ000057	JLX228620.1
OG0007378	GWHPBPAQ000063	JLX055580.1
OG0007379	GWHPBPAQ000064	JLX056900.1
OG0007380	GWHPBPAQ000069	JLX055680.1
OG0007381	GWHPBPAQ000077	JLX055160.1
OG0007382	GWHPBPAQ000078	JLX057240.1
OG0007383	GWHPBPAQ000080	JLX055200.1
OG0007384	GWHPBPAQ000086	JLX056160.1
OG0007385	GWHPBPAQ000088	JLX054890.1
OG0007386	GWHPBPAQ000090	JLX056060.1
OG0007387	GWHPBPAQ000091	JLX056720.1
OG0007388	GWHPBPAQ000092	JLX055710.1
OG0007389	GWHPBPAQ000093	JLX054630.1
OG0007390	GWHPBPAQ000094	JLX055410.1
OG0007391	GWHPBPAQ000098	JLX056530.1
OG0007392	GWHPBPAQ000100	JLX057270.1
OG0007393	GWHPBPAQ000101	JLX056940.1
OG0007394	GWHPBPAQ000102	JLX054910.1
OG0007395	GWHPBPAQ000104	JLX054840.1
OG0007396	GWHPBPAQ000107	JLX056830.1
OG0007397	GWHPBPAQ000109	JLX057040.1
OG0007398	GWHPBPAQ000110	JLX056730.1
OG0007399	GWHPBPAQ000111	JLX055810.1
OG0007400	GWHPBPAQ000112	JLX057210.1
OG0007401	GWHPBPAQ000113	JLX055290.1
OG0007402	GWHPBPAQ000117	JLX056800.1
OG0007403	GWHPBPAQ000118	JLX057100.1
OG0007404	GWHPBPAQ000121	JLX055540.1
OG0007405	GWHPBPAQ000122	JLX054620.1
OG0007406	GWHPBPAQ000123	JLX056740.1
OG0007407	GWHPBPAQ000124	JLX056500.1
OG0007408	GWHPBPAQ000126	JLX055220.1
OG0007409	GWHPBPAQ000128, GWHPBPAQ000129	
OG0007410	GWHPBPAQ000130	JLX054570.1
OG0007411	GWHPBPAQ000131	JLX056700.1
OG0007412	GWHPBPAQ000133	JLX057190.1
OG0007413	GWHPBPAQ000135	JLX055640.1
OG0007414	GWHPBPAQ000136	JLX056890.1
OG0007415	GWHPBPAQ000137	JLX055280.1
OG0007416	GWHPBPAQ000139	JLX056220.1
OG0007417	GWHPBPAQ000140	JLX055360.1
OG0007418	GWHPBPAQ000141	JLX055890.1
OG0007419	GWHPBPAQ000144	JLX057360.1
OG0007420	GWHPBPAQ000145	JLX056140.1
OG0007421	GWHPBPAQ000146	JLX055140.1
OG0007422	GWHPBPAQ000151	JLX054670.1
OG0007423	GWHPBPAQ000153	JLX056150.1
OG0007424	GWHPBPAQ000159	JLX057230.1
OG0007425	GWHPBPAQ000160	JLX056560.1
OG0007426	GWHPBPAQ000161	JLX055920.1
OG0007427	GWHPBPAQ000162	JLX056240.1
OG0007428	GWHPBPAQ000166	JLX054870.1
OG0007429	GWHPBPAQ000182	JLX054780.1
OG0007430	GWHPBPAQ000183	JLX054970.1
OG0007431	GWHPBPAQ000184	JLX055740.1
OG0007432	GWHPBPAQ000187	JLX055000.1
OG0007433	GWHPBPAQ000189	JLX055180.1
OG0007434	GWHPBPAQ000195	JLX057150.1
OG0007435	GWHPBPAQ000196	JLX055250.1
OG0007436	GWHPBPAQ000197	JLX055830.1
OG0007437	GWHPBPAQ000198	JLX057020.1
OG0007438	GWHPBPAQ000200	JLX055170.1
OG0007439	GWHPBPAQ000205	JLX054880.1
OG0007440	GWHPBPAQ000206	JLX056120.1
OG0007441	GWHPBPAQ000207	JLX056610.1
OG0007442	GWHPBPAQ000208	JLX054740.1
OG0007443	GWHPBPAQ000209	JLX055480.1
OG0007444	GWHPBPAQ000211	JLX054900.1
OG0007445	GWHPBPAQ000213	JLX054790.1
OG0007446	GWHPBPAQ000215	JLX056750.1
OG0007447	GWHPBPAQ000216	JLX055420.1
OG0007448	GWHPBPAQ000224	JLX055840.1
OG0007449	GWHPBPAQ000225	JLX055370.1
OG0007450	GWHPBPAQ000226	JLX057320.1
OG0007451	GWHPBPAQ000228, GWHPBPAQ011132	
OG0007452	GWHPBPAQ000229	JLX057180.1
OG0007453	GWHPBPAQ000230	JLX055960.1
OG0007454	GWHPBPAQ000231	JLX056580.1
OG0007455	GWHPBPAQ000233	JLX055390.1
OG0007456	GWHPBPAQ000234	JLX057350.1
OG0007457	GWHPBPAQ000236	JLX054760.1
OG0007458	GWHPBPAQ000237	JLX056640.1
OG0007459	GWHPBPAQ000238	JLX055990.1
OG0007460	GWHPBPAQ000239	JLX054750.1
OG0007461	GWHPBPAQ000240	JLX056850.1
OG0007462	GWHPBPAQ000243	JLX055090.1
OG0007463	GWHPBPAQ000244	JLX054860.1
OG0007464	GWHPBPAQ000250	JLX055750.1
OG0007465	GWHPBPAQ000251	JLX057220.1
OG0007466	GWHPBPAQ000252	JLX055260.1
OG0007467	GWHPBPAQ000253	JLX055700.1
OG0007468	GWHPBPAQ000254	JLX056090.1
OG0007469	GWHPBPAQ000255	JLX057250.1
OG0007470	GWHPBPAQ000256	JLX055100.1
OG0007471	GWHPBPAQ000262	JLX057310.1
OG0007472	GWHPBPAQ000263	JLX056980.1
OG0007473	GWHPBPAQ000266	JLX056410.1
OG0007474	GWHPBPAQ000267	JLX055070.1
OG0007475	GWHPBPAQ000268	JLX056040.1
OG0007476	GWHPBPAQ000269	JLX056970.1
OG0007477	GWHPBPAQ000270	JLX056260.1
OG0007478	GWHPBPAQ000271	JLX055550.1
OG0007479	GWHPBPAQ000272	JLX054590.1
OG0007480	GWHPBPAQ000277	JLX055590.1
OG0007481	GWHPBPAQ000279	JLX054770.1
OG0007482	GWHPBPAQ000285	JLX056880.1
OG0007483	GWHPBPAQ000287	JLX055970.1
OG0007484	GWHPBPAQ000288	JLX056250.1
OG0007485	GWHPBPAQ000292	JLX055790.1
OG0007486	GWHPBPAQ000293	JLX054650.1
OG0007487	GWHPBPAQ000297	JLX055190.1
OG0007488	GWHPBPAQ000299	JLX056460.1
OG0007489	GWHPBPAQ000300	JLX056100.1
OG0007490	GWHPBPAQ000307	JLX056010.1
OG0007491	GWHPBPAQ000308	JLX054640.1
OG0007492	GWHPBPAQ000309	JLX055570.1
OG0007493	GWHPBPAQ000310	JLX055930.1
OG0007494	GWHPBPAQ000311	JLX056520.1
OG0007495	GWHPBPAQ000312	JLX057170.1
OG0007496	GWHPBPAQ000313	JLX055300.1
OG0007497	GWHPBPAQ000315	JLX057080.1
OG0007498	GWHPBPAQ000323	JLX056710.1
OG0007499	GWHPBPAQ000324	JLX057010.1
OG0007500	GWHPBPAQ000325	JLX055760.1
OG0007501	GWHPBPAQ000327	JLX055860.1
OG0007502	GWHPBPAQ000328	JLX056820.1
OG0007503	GWHPBPAQ000329	JLX057300.1
OG0007504	GWHPBPAQ000330	JLX055110.1
OG0007505	GWHPBPAQ000335	JLX054850.1
OG0007506	GWHPBPAQ000336	JLX055080.1
OG0007507	GWHPBPAQ000339	JLX054600.1
OG0007508	GWHPBPAQ000340	JLX056930.1
OG0007509	GWHPBPAQ000341	JLX056470.1
OG0007510	GWHPBPAQ000343	JLX056590.1
OG0007511	GWHPBPAQ000344	JLX056380.1
OG0007512	GWHPBPAQ000345	JLX055780.1
OG0007513	GWHPBPAQ000347	JLX055060.1
OG0007514	GWHPBPAQ000352	JLX054810.1
OG0007515	GWHPBPAQ000353	JLX056680.1
OG0007516	GWHPBPAQ000354	JLX055650.1
OG0007517	GWHPBPAQ000355	JLX056370.1
OG0007518	GWHPBPAQ000362	JLX054980.1
OG0007519	GWHPBPAQ000363	JLX055820.1
OG0007520	GWHPBPAQ000366	JLX050010.1
OG0007521	GWHPBPAQ000367	JLX049410.1
OG0007522	GWHPBPAQ000368	JLX049660.1
OG0007523	GWHPBPAQ000371	JLX049100.1
OG0007524	GWHPBPAQ000375	JLX049280.1
OG0007525	GWHPBPAQ000376	JLX049990.1
OG0007526	GWHPBPAQ000378	JLX049960.1
OG0007527	GWHPBPAQ000379	JLX049870.1
OG0007528	GWHPBPAQ000380	JLX050130.1
OG0007529	GWHPBPAQ000381	JLX049060.1
OG0007530	GWHPBPAQ000382	JLX049900.1
OG0007531	GWHPBPAQ000384	JLX049910.1
OG0007532	GWHPBPAQ000386	JLX050080.1
OG0007533	GWHPBPAQ000387	JLX049700.1
OG0007534	GWHPBPAQ000388	JLX049850.1
OG0007535	GWHPBPAQ000389	JLX049290.1
OG0007536	GWHPBPAQ000390	JLX049380.1
OG0007537	GWHPBPAQ000391	JLX049880.1
OG0007538	GWHPBPAQ000393	JLX049510.1
OG0007539	GWHPBPAQ000395	JLX049710.1
OG0007540	GWHPBPAQ000396	JLX049600.1
OG0007541	GWHPBPAQ000399	JLX049400.1
OG0007542	GWHPBPAQ000400	JLX049170.1
OG0007543	GWHPBPAQ000401	JLX049190.1
OG0007544	GWHPBPAQ000402	JLX049790.1
OG0007545	GWHPBPAQ000403	JLX049300.1
OG0007546	GWHPBPAQ000406	JLX049370.1
OG0007547	GWHPBPAQ000407	JLX049250.1
OG0007548	GWHPBPAQ000417	JLX049670.1
OG0007549	GWHPBPAQ000423	JLX049460.1
OG0007550	GWHPBPAQ000424	JLX049320.1
OG0007551	GWHPBPAQ000426	JLX049080.1
OG0007552	GWHPBPAQ000427	JLX049260.1
OG0007553	GWHPBPAQ000428	JLX049830.1
OG0007554	GWHPBPAQ000430	JLX049550.1
OG0007555	GWHPBPAQ000432	JLX049050.1
OG0007556	GWHPBPAQ000433	JLX049130.1
OG0007557	GWHPBPAQ000434	JLX049240.1
OG0007558	GWHPBPAQ000435, GWHPBPAQ010598	
OG0007559	GWHPBPAQ000437	JLX049640.1
OG0007560	GWHPBPAQ000438, GWHPBPAQ007067	
OG0007561	GWHPBPAQ000439	JLX050000.1
OG0007562	GWHPBPAQ000440	JLX049230.1
OG0007563	GWHPBPAQ000444	JLX049770.1
OG0007564	GWHPBPAQ000445	JLX049860.1
OG0007565	GWHPBPAQ000447	JLX049740.1
OG0007566	GWHPBPAQ000448	JLX049490.1
OG0007567	GWHPBPAQ000451	JLX049090.1
OG0007568	GWHPBPAQ000454	JLX049480.1
OG0007569	GWHPBPAQ000457	JLX049420.1
OG0007570	GWHPBPAQ000467	JLX049690.1
OG0007571	GWHPBPAQ000471	JLX049330.1
OG0007572	GWHPBPAQ000472	JLX049440.1
OG0007573	GWHPBPAQ000473	JLX048990.1
OG0007574	GWHPBPAQ000474	JLX049520.1
OG0007575	GWHPBPAQ000479	JLX049560.1
OG0007576	GWHPBPAQ000482	JLX049930.1
OG0007577	GWHPBPAQ000485	JLX049680.1
OG0007578	GWHPBPAQ000486	JLX049620.1
OG0007579	GWHPBPAQ000489	JLX049270.1
OG0007580	GWHPBPAQ000490	JLX049110.1
OG0007581	GWHPBPAQ000492	JLX050050.1
OG0007582	GWHPBPAQ000493	JLX049780.1
OG0007583	GWHPBPAQ000494	JLX049820.1
OG0007584	GWHPBPAQ000495	JLX049750.1
OG0007585	GWHPBPAQ000503	JLX149660.1
OG0007586	GWHPBPAQ000506	JLX149600.1
OG0007587	GWHPBPAQ000509	JLX149420.1
OG0007588	GWHPBPAQ000511	JLX149050.1
OG0007589	GWHPBPAQ000513	JLX149010.1
OG0007590	GWHPBPAQ000514	JLX149500.1
OG0007591	GWHPBPAQ000517	JLX149670.1
OG0007592	GWHPBPAQ000520	JLX148910.1
OG0007593	GWHPBPAQ000527	JLX016910.1
OG0007594	GWHPBPAQ000529	JLX017350.1
OG0007595	GWHPBPAQ000532	JLX016840.1
OG0007596	GWHPBPAQ000533	JLX017710.1
OG0007597	GWHPBPAQ000535	JLX019030.1
OG0007598	GWHPBPAQ000537	JLX018520.1
OG0007599	GWHPBPAQ000538	JLX017170.1
OG0007600	GWHPBPAQ000539	JLX017730.1
OG0007601	GWHPBPAQ000541	JLX016500.1
OG0007602	GWHPBPAQ000543	JLX018770.1
OG0007603	GWHPBPAQ000545	JLX018900.1
OG0007604	GWHPBPAQ000546	JLX016850.1
OG0007605	GWHPBPAQ000547	JLX017290.1
OG0007606	GWHPBPAQ000548	JLX018020.1
OG0007607	GWHPBPAQ000550	JLX017670.1
OG0007608	GWHPBPAQ000551	JLX016820.1
OG0007609	GWHPBPAQ000552	JLX019130.1
OG0007610	GWHPBPAQ000554	JLX017700.1
OG0007611	GWHPBPAQ000556	JLX018670.1
OG0007612	GWHPBPAQ000557	JLX017920.1
OG0007613	GWHPBPAQ000558	JLX018270.1
OG0007614	GWHPBPAQ000561	JLX017800.1
OG0007615	GWHPBPAQ000562, GWHPBPAQ007186	
OG0007616	GWHPBPAQ000565	JLX017740.1
OG0007617	GWHPBPAQ000569	JLX017510.1
OG0007618	GWHPBPAQ000573	JLX017950.1
OG0007619	GWHPBPAQ000574	JLX018680.1
OG0007620	GWHPBPAQ000577	JLX017110.1
OG0007621	GWHPBPAQ000581	JLX018700.1
OG0007622	GWHPBPAQ000582	JLX017790.1
OG0007623	GWHPBPAQ000583	JLX017330.1
OG0007624	GWHPBPAQ000586	JLX018960.1
OG0007625	GWHPBPAQ000589	JLX016510.1
OG0007626	GWHPBPAQ000593	JLX018950.1
OG0007627	GWHPBPAQ000594	JLX018390.1
OG0007628	GWHPBPAQ000596	JLX017010.1
OG0007629	GWHPBPAQ000597	JLX018500.1
OG0007630	GWHPBPAQ000599	JLX017390.1
OG0007631	GWHPBPAQ000600	JLX017580.1
OG0007632	GWHPBPAQ000606	JLX017080.1
OG0007633	GWHPBPAQ000607	JLX016670.1
OG0007634	GWHPBPAQ000608	JLX019180.1
OG0007635	GWHPBPAQ000611	JLX017030.1
OG0007636	GWHPBPAQ000613	JLX017250.1
OG0007637	GWHPBPAQ000614	JLX018200.1
OG0007638	GWHPBPAQ000615	JLX018870.1
OG0007639	GWHPBPAQ000616	JLX016940.1
OG0007640	GWHPBPAQ000628	JLX016520.1
OG0007641	GWHPBPAQ000629	JLX016760.1
OG0007642	GWHPBPAQ000632	JLX016410.1
OG0007643	GWHPBPAQ000633	JLX017410.1
OG0007644	GWHPBPAQ000634	JLX018820.1
OG0007645	GWHPBPAQ000635	JLX018470.1
OG0007646	GWHPBPAQ000637	JLX019040.1
OG0007647	GWHPBPAQ000638	JLX018110.1
OG0007648	GWHPBPAQ000639	JLX017650.1
OG0007649	GWHPBPAQ000641	JLX017440.1
OG0007650	GWHPBPAQ000651	JLX018590.1
OG0007651	GWHPBPAQ000652	JLX016650.1
OG0007652	GWHPBPAQ000653	JLX017200.1
OG0007653	GWHPBPAQ000654	JLX016560.1
OG0007654	GWHPBPAQ000658	JLX018980.1
OG0007655	GWHPBPAQ000660	JLX016810.1
OG0007656	GWHPBPAQ000662	JLX017960.1
OG0007657	GWHPBPAQ000664	JLX017570.1
OG0007658	GWHPBPAQ000666	JLX017910.1
OG0007659	GWHPBPAQ000669	JLX018790.1
OG0007660	GWHPBPAQ000670	JLX017970.1
OG0007661	GWHPBPAQ000671	JLX019050.1
OG0007662	GWHPBPAQ000672	JLX017850.1
OG0007663	GWHPBPAQ000674	JLX017230.1
OG0007664	GWHPBPAQ000679	JLX018540.1
OG0007665	GWHPBPAQ000682	JLX018060.1
OG0007666	GWHPBPAQ000686	JLX017640.1
OG0007667	GWHPBPAQ000687	JLX018340.1
OG0007668	GWHPBPAQ000688	JLX017610.1
OG0007669	GWHPBPAQ000689	JLX016550.1
OG0007670	GWHPBPAQ000691	JLX018630.1
OG0007671	GWHPBPAQ000693	JLX017890.1
OG0007672	GWHPBPAQ000695	JLX016700.1
OG0007673	GWHPBPAQ000698	JLX017280.1
OG0007674	GWHPBPAQ000699	JLX018840.1
OG0007675	GWHPBPAQ000700	JLX017860.1
OG0007676	GWHPBPAQ000701	JLX016690.1
OG0007677	GWHPBPAQ000705	JLX017600.1
OG0007678	GWHPBPAQ000707	JLX018560.1
OG0007679	GWHPBPAQ000711	JLX018640.1
OG0007680	GWHPBPAQ000712	JLX016400.1
OG0007681	GWHPBPAQ000715	JLX018310.1
OG0007682	GWHPBPAQ000716	JLX019020.1
OG0007683	GWHPBPAQ000717	JLX016370.1
OG0007684	GWHPBPAQ000721	JLX017400.1
OG0007685	GWHPBPAQ000723	JLX018130.1
OG0007686	GWHPBPAQ000725	JLX018070.1
OG0007687	GWHPBPAQ000726	JLX016890.1
OG0007688	GWHPBPAQ000729	JLX016830.1
OG0007689	GWHPBPAQ000730	JLX018550.1
OG0007690	GWHPBPAQ000736	JLX018000.1
OG0007691	GWHPBPAQ000738	JLX017370.1
OG0007692	GWHPBPAQ000739	JLX017340.1
OG0007693	GWHPBPAQ000740	JLX017930.1
OG0007694	GWHPBPAQ000743	JLX016430.1
OG0007695	GWHPBPAQ000744	JLX017240.1
OG0007696	GWHPBPAQ000745	JLX017490.1
OG0007697	GWHPBPAQ000747	JLX019060.1
OG0007698	GWHPBPAQ000748	JLX018260.1
OG0007699	GWHPBPAQ000749	JLX017420.1
OG0007700	GWHPBPAQ000750	JLX016390.1
OG0007701	GWHPBPAQ000751	JLX018830.1
OG0007702	GWHPBPAQ000755	JLX017040.1
OG0007703	GWHPBPAQ000757	JLX016930.1
OG0007704	GWHPBPAQ000758	JLX017560.1
OG0007705	GWHPBPAQ000762	JLX017660.1
OG0007706	GWHPBPAQ000765	JLX018120.1
OG0007707	GWHPBPAQ000767	JLX018010.1
OG0007708	GWHPBPAQ000768	JLX017680.1
OG0007709	GWHPBPAQ000771	JLX017980.1
OG0007710	GWHPBPAQ000773	JLX018050.1
OG0007711	GWHPBPAQ000775	JLX018940.1
OG0007712	GWHPBPAQ000776	JLX017480.1
OG0007713	GWHPBPAQ000777	JLX018100.1
OG0007714	GWHPBPAQ000778	JLX018910.1
OG0007715	GWHPBPAQ000779	JLX017190.1
OG0007716	GWHPBPAQ000780	JLX016450.1
OG0007717	GWHPBPAQ000782	JLX018810.1
OG0007718	GWHPBPAQ000784	JLX017520.1
OG0007719	GWHPBPAQ000785	JLX016530.1
OG0007720	GWHPBPAQ000787	JLX016620.1
OG0007721	GWHPBPAQ000790	JLX017150.1
OG0007722	GWHPBPAQ000792	JLX016480.1
OG0007723	GWHPBPAQ000794	JLX018410.1
OG0007724	GWHPBPAQ000796	JLX018800.1
OG0007725	GWHPBPAQ000797	JLX017990.1
OG0007726	GWHPBPAQ000799	JLX016770.1
OG0007727	GWHPBPAQ000800	JLX016570.1
OG0007728	GWHPBPAQ000801	JLX018570.1
OG0007729	GWHPBPAQ000802	JLX017070.1
OG0007730	GWHPBPAQ000803	JLX018220.1
OG0007731	GWHPBPAQ000807	JLX017770.1
OG0007732	GWHPBPAQ000808	JLX018420.1
OG0007733	GWHPBPAQ000809	JLX018890.1
OG0007734	GWHPBPAQ000810	JLX017100.1
OG0007735	GWHPBPAQ000811	JLX017360.1
OG0007736	GWHPBPAQ000812	JLX016720.1
OG0007737	GWHPBPAQ000813	JLX018730.1
OG0007738	GWHPBPAQ000814	JLX016420.1
OG0007739	GWHPBPAQ000815	JLX018750.1
OG0007740	GWHPBPAQ000822	JLX046910.1
OG0007741	GWHPBPAQ000823	JLX047930.1
OG0007742	GWHPBPAQ000824	JLX048210.1
OG0007743	GWHPBPAQ000827	JLX048310.1
OG0007744	GWHPBPAQ000829	JLX047090.1
OG0007745	GWHPBPAQ000830	JLX048340.1
OG0007746	GWHPBPAQ000831	JLX048760.1
OG0007747	GWHPBPAQ000832	JLX048540.1
OG0007748	GWHPBPAQ000833	JLX047200.1
OG0007749	GWHPBPAQ000834	JLX047430.1
OG0007750	GWHPBPAQ000835	JLX048230.1
OG0007751	GWHPBPAQ000836	JLX047880.1
OG0007752	GWHPBPAQ000837	JLX047170.1
OG0007753	GWHPBPAQ000838	JLX048560.1
OG0007754	GWHPBPAQ000839	JLX047890.1
OG0007755	GWHPBPAQ000840	JLX048650.1
OG0007756	GWHPBPAQ000841	JLX046780.1
OG0007757	GWHPBPAQ000844	JLX047750.1
OG0007758	GWHPBPAQ000847	JLX047040.1
OG0007759	GWHPBPAQ000848	JLX048430.1
OG0007760	GWHPBPAQ000849	JLX047670.1
OG0007761	GWHPBPAQ000851	JLX048660.1
OG0007762	GWHPBPAQ000853	JLX048220.1
OG0007763	GWHPBPAQ000856	JLX048150.1
OG0007764	GWHPBPAQ000858	JLX046960.1
OG0007765	GWHPBPAQ000863	JLX046760.1
OG0007766	GWHPBPAQ000864, GWHPBPAQ003967	
OG0007767	GWHPBPAQ000866	JLX048750.1
OG0007768	GWHPBPAQ000867	JLX046920.1
OG0007769	GWHPBPAQ000868	JLX048170.1
OG0007770	GWHPBPAQ000869	JLX048440.1
OG0007771	GWHPBPAQ000872	JLX048300.1
OG0007772	GWHPBPAQ000876	JLX048690.1
OG0007773	GWHPBPAQ000877	JLX047270.1
OG0007774	GWHPBPAQ000879	JLX048680.1
OG0007775	GWHPBPAQ000880	JLX047730.1
OG0007776	GWHPBPAQ000881	JLX048730.1
OG0007777	GWHPBPAQ000885	JLX048510.1
OG0007778	GWHPBPAQ000889	JLX048630.1
OG0007779	GWHPBPAQ000890	JLX046900.1
OG0007780	GWHPBPAQ000894	JLX047920.1
OG0007781	GWHPBPAQ000895	JLX046730.1
OG0007782	GWHPBPAQ000896	JLX047840.1
OG0007783	GWHPBPAQ000903	JLX047280.1
OG0007784	GWHPBPAQ000904	JLX048140.1
OG0007785	GWHPBPAQ000905	JLX048040.1
OG0007786	GWHPBPAQ000908	JLX047800.1
OG0007787	GWHPBPAQ000911	JLX047050.1
OG0007788	GWHPBPAQ000915	JLX047950.1
OG0007789	GWHPBPAQ000916	JLX046930.1
OG0007790	GWHPBPAQ000917	JLX048070.1
OG0007791	GWHPBPAQ000920	JLX048100.1
OG0007792	GWHPBPAQ000923	JLX048060.1
OG0007793	GWHPBPAQ000924	JLX048110.1
OG0007794	GWHPBPAQ000926	JLX047060.1
OG0007795	GWHPBPAQ000928	JLX048010.1
OG0007796	GWHPBPAQ000930	JLX047870.1
OG0007797	GWHPBPAQ000931	JLX048600.1
OG0007798	GWHPBPAQ000932	JLX048260.1
OG0007799	GWHPBPAQ000936	JLX048590.1
OG0007800	GWHPBPAQ000939	JLX048580.1
OG0007801	GWHPBPAQ000942	JLX047510.1
OG0007802	GWHPBPAQ000943	JLX047480.1
OG0007803	GWHPBPAQ000944	JLX048720.1
OG0007804	GWHPBPAQ000945	JLX047120.1
OG0007805	GWHPBPAQ000949	JLX048180.1
OG0007806	GWHPBPAQ000952	JLX047810.1
OG0007807	GWHPBPAQ000955	JLX047770.1
OG0007808	GWHPBPAQ000956	JLX047310.1
OG0007809	GWHPBPAQ000958	JLX046870.1
OG0007810	GWHPBPAQ000959	JLX048290.1
OG0007811	GWHPBPAQ000960	JLX047700.1
OG0007812	GWHPBPAQ000961	JLX048460.1
OG0007813	GWHPBPAQ000963	JLX048390.1
OG0007814	GWHPBPAQ000964	JLX047030.1
OG0007815	GWHPBPAQ000965	JLX047550.1
OG0007816	GWHPBPAQ000969	JLX046970.1
OG0007817	GWHPBPAQ000970	JLX047690.1
OG0007818	GWHPBPAQ000971	JLX047470.1
OG0007819	GWHPBPAQ000973	JLX046810.1
OG0007820	GWHPBPAQ000974	JLX048080.1
OG0007821	GWHPBPAQ000975	JLX047600.1
OG0007822	GWHPBPAQ000977	JLX047390.1
OG0007823	GWHPBPAQ000978	JLX048240.1
OG0007824	GWHPBPAQ000980	JLX046980.1
OG0007825	GWHPBPAQ000982	JLX047380.1
OG0007826	GWHPBPAQ000983	JLX047640.1
OG0007827	GWHPBPAQ000984	JLX048780.1
OG0007828	GWHPBPAQ000985	JLX047400.1
OG0007829	GWHPBPAQ000988	JLX048530.1
OG0007830	GWHPBPAQ000990	JLX048130.1
OG0007831	GWHPBPAQ000991	JLX047860.1
OG0007832	GWHPBPAQ000996	JLX048160.1
OG0007833	GWHPBPAQ000997	JLX047940.1
OG0007834	GWHPBPAQ000998	JLX046880.1
OG0007835	GWHPBPAQ000999	JLX048320.1
OG0007836	GWHPBPAQ001001	JLX046850.1
OG0007837	GWHPBPAQ001002	JLX047780.1
OG0007838	GWHPBPAQ001004	JLX048090.1
OG0007839	GWHPBPAQ001005	JLX048350.1
OG0007840	GWHPBPAQ001007	JLX047630.1
OG0007841	GWHPBPAQ001008	JLX047790.1
OG0007842	GWHPBPAQ001012	JLX046950.1
OG0007843	GWHPBPAQ001014	JLX046890.1
OG0007844	GWHPBPAQ001016	JLX047490.1
OG0007845	GWHPBPAQ001017	JLX048740.1
OG0007846	GWHPBPAQ001031	JLX100410.1
OG0007847	GWHPBPAQ001034	JLX097790.1
OG0007848	GWHPBPAQ001037	JLX096690.1
OG0007849	GWHPBPAQ001038	JLX096430.1
OG0007850	GWHPBPAQ001039	JLX098800.1
OG0007851	GWHPBPAQ001040	JLX096970.1
OG0007852	GWHPBPAQ001046	JLX098240.1
OG0007853	GWHPBPAQ001047	JLX097710.1
OG0007854	GWHPBPAQ001048	JLX098670.1
OG0007855	GWHPBPAQ001050	JLX096190.1
OG0007856	GWHPBPAQ001052	JLX100080.1
OG0007857	GWHPBPAQ001056	JLX098400.1
OG0007858	GWHPBPAQ001057	JLX095640.1
OG0007859	GWHPBPAQ001058	JLX097870.1
OG0007860	GWHPBPAQ001060	JLX099000.1
OG0007861	GWHPBPAQ001061	JLX100450.1
OG0007862	GWHPBPAQ001062	JLX099850.1
OG0007863	GWHPBPAQ001065	JLX099060.1
OG0007864	GWHPBPAQ001066	JLX096560.1
OG0007865	GWHPBPAQ001067	JLX099990.1
OG0007866	GWHPBPAQ001068	JLX096270.1
OG0007867	GWHPBPAQ001069	JLX099310.1
OG0007868	GWHPBPAQ001070	JLX098380.1
OG0007869	GWHPBPAQ001072	JLX096810.1
OG0007870	GWHPBPAQ001073	JLX100140.1
OG0007871	GWHPBPAQ001076	JLX098870.1
OG0007872	GWHPBPAQ001081	JLX099120.1
OG0007873	GWHPBPAQ001082	JLX099840.1
OG0007874	GWHPBPAQ001084	JLX098730.1
OG0007875	GWHPBPAQ001085	JLX099380.1
OG0007876	GWHPBPAQ001086	JLX095790.1
OG0007877	GWHPBPAQ001093	JLX095860.1
OG0007878	GWHPBPAQ001094	JLX100190.1
OG0007879	GWHPBPAQ001095	JLX098580.1
OG0007880	GWHPBPAQ001097	JLX095690.1
OG0007881	GWHPBPAQ001098	JLX097440.1
OG0007882	GWHPBPAQ001101	JLX098000.1
OG0007883	GWHPBPAQ001102	JLX097090.1
OG0007884	GWHPBPAQ001104	JLX100390.1
OG0007885	GWHPBPAQ001105, GWHPBPAQ005383	
OG0007886	GWHPBPAQ001106	JLX096300.1
OG0007887	GWHPBPAQ001107	JLX097130.1
OG0007888	GWHPBPAQ001108	JLX096630.1
OG0007889	GWHPBPAQ001109	JLX096800.1
OG0007890	GWHPBPAQ001112	JLX095590.1
OG0007891	GWHPBPAQ001118	JLX096980.1
OG0007892	GWHPBPAQ001119	JLX098510.1
OG0007893	GWHPBPAQ001120	JLX097240.1
OG0007894	GWHPBPAQ001121	JLX099760.1
OG0007895	GWHPBPAQ001122	JLX097830.1
OG0007896	GWHPBPAQ001123	JLX099070.1
OG0007897	GWHPBPAQ001124	JLX100030.1
OG0007898	GWHPBPAQ001125	JLX097250.1
OG0007899	GWHPBPAQ001128	JLX096580.1
OG0007900	GWHPBPAQ001130	JLX098430.1
OG0007901	GWHPBPAQ001133	JLX097860.1
OG0007902	GWHPBPAQ001134	JLX099140.1
OG0007903	GWHPBPAQ001135	JLX100350.1
OG0007904	GWHPBPAQ001137	JLX099900.1
OG0007905	GWHPBPAQ001139	JLX096340.1
OG0007906	GWHPBPAQ001140	JLX097600.1
OG0007907	GWHPBPAQ001143	JLX096550.1
OG0007908	GWHPBPAQ001145	JLX100240.1
OG0007909	GWHPBPAQ001146	JLX097470.1
OG0007910	GWHPBPAQ001147	JLX096310.1
OG0007911	GWHPBPAQ001148	JLX100180.1
OG0007912	GWHPBPAQ001149	JLX098080.1
OG0007913	GWHPBPAQ001151	JLX095800.1
OG0007914	GWHPBPAQ001155	JLX097270.1
OG0007915	GWHPBPAQ001156	JLX099190.1
OG0007916	GWHPBPAQ001157	JLX096100.1
OG0007917	GWHPBPAQ001160	JLX099400.1
OG0007918	GWHPBPAQ001162	JLX098060.1
OG0007919	GWHPBPAQ001163	JLX099730.1
OG0007920	GWHPBPAQ001164	JLX095680.1
OG0007921	GWHPBPAQ001165	JLX099360.1
OG0007922	GWHPBPAQ001167	JLX098340.1
OG0007923	GWHPBPAQ001169	JLX099780.1
OG0007924	GWHPBPAQ001174	JLX096080.1
OG0007925	GWHPBPAQ001176	JLX100420.1
OG0007926	GWHPBPAQ001177	JLX098350.1
OG0007927	GWHPBPAQ001179, GWHPBPAQ013714	
OG0007928	GWHPBPAQ001180	JLX099910.1
OG0007929	GWHPBPAQ001181	JLX099510.1
OG0007930	GWHPBPAQ001182	JLX096090.1
OG0007931	GWHPBPAQ001183	JLX098040.1
OG0007932	GWHPBPAQ001186	JLX097560.1
OG0007933	GWHPBPAQ001188	JLX093960.1
OG0007934	GWHPBPAQ001189	JLX097690.1
OG0007935	GWHPBPAQ001191	JLX098910.1
OG0007936	GWHPBPAQ001193	JLX099540.1
OG0007937	GWHPBPAQ001194	JLX095900.1
OG0007938	GWHPBPAQ001195	JLX099600.1
OG0007939	GWHPBPAQ001196	JLX099110.1
OG0007940	GWHPBPAQ001198	JLX096420.1
OG0007941	GWHPBPAQ001199	JLX095770.1
OG0007942	GWHPBPAQ001200	JLX097900.1
OG0007943	GWHPBPAQ001201	JLX098310.1
OG0007944	GWHPBPAQ001202	JLX099920.1
OG0007945	GWHPBPAQ001203	JLX095610.1
OG0007946	GWHPBPAQ001204	JLX096900.1
OG0007947	GWHPBPAQ001205	JLX098830.1
OG0007948	GWHPBPAQ001210	JLX096840.1
OG0007949	GWHPBPAQ001211	JLX095760.1
OG0007950	GWHPBPAQ001212	JLX096360.1
OG0007951	GWHPBPAQ001213	JLX095940.1
OG0007952	GWHPBPAQ001217	JLX097460.1
OG0007953	GWHPBPAQ001219	JLX100320.1
OG0007954	GWHPBPAQ001220	JLX096520.1
OG0007955	GWHPBPAQ001221	JLX098530.1
OG0007956	GWHPBPAQ001224	JLX097160.1
OG0007957	GWHPBPAQ001227	JLX099440.1
OG0007958	GWHPBPAQ001229	JLX096450.1
OG0007959	GWHPBPAQ001230	JLX098160.1
OG0007960	GWHPBPAQ001232	JLX095930.1
OG0007961	GWHPBPAQ001236	JLX095910.1
OG0007962	GWHPBPAQ001238	JLX097290.1
OG0007963	GWHPBPAQ001248	JLX099080.1
OG0007964	GWHPBPAQ001250	JLX097670.1
OG0007965	GWHPBPAQ001252	JLX100330.1
OG0007966	GWHPBPAQ001253	JLX097100.1
OG0007967	GWHPBPAQ001254	JLX100340.1
OG0007968	GWHPBPAQ001256	JLX097210.1
OG0007969	GWHPBPAQ001257	JLX098020.1
OG0007970	GWHPBPAQ001260	JLX096490.1
OG0007971	GWHPBPAQ001262	JLX096440.1
OG0007972	GWHPBPAQ001267	JLX100440.1
OG0007973	GWHPBPAQ001268	JLX096760.1
OG0007974	GWHPBPAQ001276	JLX097800.1
OG0007975	GWHPBPAQ001281	JLX097580.1
OG0007976	GWHPBPAQ001283	JLX097960.1
OG0007977	GWHPBPAQ001286	JLX097840.1
OG0007978	GWHPBPAQ001288	JLX096780.1
OG0007979	GWHPBPAQ001290	JLX100370.1
OG0007980	GWHPBPAQ001291, GWHPBPAQ001310	
OG0007981	GWHPBPAQ001304	JLX099020.1
OG0007982	GWHPBPAQ001305	JLX097010.1
OG0007983	GWHPBPAQ001306	JLX095840.1
OG0007984	GWHPBPAQ001307	JLX098390.1
OG0007985	GWHPBPAQ001309	JLX099010.1
OG0007986	GWHPBPAQ001311	JLX100000.1
OG0007987	GWHPBPAQ001312	JLX099260.1
OG0007988	GWHPBPAQ001313	JLX100040.1
OG0007989	GWHPBPAQ001314	JLX097190.1
OG0007990	GWHPBPAQ001315	JLX098540.1
OG0007991	GWHPBPAQ001316	JLX099220.1
OG0007992	GWHPBPAQ001317	JLX099770.1
OG0007993	GWHPBPAQ001319	JLX096150.1
OG0007994	GWHPBPAQ001320	JLX099980.1
OG0007995	GWHPBPAQ001323	JLX099300.1
OG0007996	GWHPBPAQ001325	JLX097380.1
OG0007997	GWHPBPAQ001339	JLX097890.1
OG0007998	GWHPBPAQ001340	JLX098960.1
OG0007999	GWHPBPAQ001342	JLX099820.1
OG0008000	GWHPBPAQ001348	JLX098360.1
OG0008001	GWHPBPAQ001351	JLX098490.1
OG0008002	GWHPBPAQ001355	JLX099090.1
OG0008003	GWHPBPAQ001362	JLX096620.1
OG0008004	GWHPBPAQ001366	JLX096050.1
OG0008005	GWHPBPAQ001367	JLX096250.1
OG0008006	GWHPBPAQ001374	JLX142130.1
OG0008007	GWHPBPAQ001379	JLX142140.1
OG0008008	GWHPBPAQ001381	JLX141840.1
OG0008009	GWHPBPAQ001382	JLX141830.1
OG0008010	GWHPBPAQ001383, GWHPBPAQ001384	
OG0008011	GWHPBPAQ001385	JLX141590.1
OG0008012	GWHPBPAQ001387	JLX141660.1
OG0008013	GWHPBPAQ001389	JLX142000.1
OG0008014	GWHPBPAQ001390	JLX142090.1
OG0008015	GWHPBPAQ001391	JLX141910.1
OG0008016	GWHPBPAQ001395	JLX141890.1
OG0008017	GWHPBPAQ001396	JLX141850.1
OG0008018	GWHPBPAQ001397	JLX141930.1
OG0008019	GWHPBPAQ001398	JLX141640.1
OG0008020	GWHPBPAQ001399	JLX141790.1
OG0008021	GWHPBPAQ001401	JLX142020.1
OG0008022	GWHPBPAQ001404	JLX141870.1
OG0008023	GWHPBPAQ001406	JLX141560.1
OG0008024	GWHPBPAQ001407	JLX142220.1
OG0008025	GWHPBPAQ001409	JLX141810.1
OG0008026	GWHPBPAQ001411	JLX141960.1
OG0008027	GWHPBPAQ001412	JLX141570.1
OG0008028	GWHPBPAQ001425	JLX141770.1
OG0008029	GWHPBPAQ001428	JLX141940.1
OG0008030	GWHPBPAQ001430	JLX141740.1
OG0008031	GWHPBPAQ001432	JLX141800.1
OG0008032	GWHPBPAQ001433	JLX141600.1
OG0008033	GWHPBPAQ001434	JLX142160.1
OG0008034	GWHPBPAQ001435	JLX141900.1
OG0008035	GWHPBPAQ001439	JLX141750.1
OG0008036	GWHPBPAQ001441	JLX141530.1
OG0008037	GWHPBPAQ001445	JLX142030.1
OG0008038	GWHPBPAQ001455	JLX141540.1
OG0008039	GWHPBPAQ001456	JLX142230.1
OG0008040	GWHPBPAQ001457	JLX142060.1
OG0008041	GWHPBPAQ001458	JLX141710.1
OG0008042	GWHPBPAQ001459	JLX141990.1
OG0008043	GWHPBPAQ001460	JLX141780.1
OG0008044	GWHPBPAQ001461	JLX141980.1
OG0008045	GWHPBPAQ001463	JLX141680.1
OG0008046	GWHPBPAQ001466	JLX142180.1
OG0008047	GWHPBPAQ001471	JLX141730.1
OG0008048	GWHPBPAQ001474	JLX065280.1
OG0008049	GWHPBPAQ001475	JLX065300.1
OG0008050	GWHPBPAQ001476	JLX065260.1
OG0008051	GWHPBPAQ001477	JLX064940.1
OG0008052	GWHPBPAQ001479	JLX064690.1
OG0008053	GWHPBPAQ001481	JLX065140.1
OG0008054	GWHPBPAQ001482	JLX065120.1
OG0008055	GWHPBPAQ001483	JLX065340.1
OG0008056	GWHPBPAQ001491	JLX064780.1
OG0008057	GWHPBPAQ001493	JLX065070.1
OG0008058	GWHPBPAQ001501	JLX065160.1
OG0008059	GWHPBPAQ001502	JLX065090.1
OG0008060	GWHPBPAQ001506	JLX065060.1
OG0008061	GWHPBPAQ001511	JLX064800.1
OG0008062	GWHPBPAQ001514	JLX065100.1
OG0008063	GWHPBPAQ001518	JLX065250.1
OG0008064	GWHPBPAQ001519	JLX065180.1
OG0008065	GWHPBPAQ001521	JLX064810.1
OG0008066	GWHPBPAQ001524	JLX064770.1
OG0008067	GWHPBPAQ001525	JLX065000.1
OG0008068	GWHPBPAQ001526	JLX064860.1
OG0008069	GWHPBPAQ001533	JLX065330.1
OG0008070	GWHPBPAQ001534	JLX064700.1
OG0008071	GWHPBPAQ001535	JLX065290.1
OG0008072	GWHPBPAQ001536, GWHPBPAQ021208	
OG0008073	GWHPBPAQ001539	JLX064740.1
OG0008074	GWHPBPAQ001540	JLX065170.1
OG0008075	GWHPBPAQ001548	JLX064710.1
OG0008076	GWHPBPAQ001552	JLX083210.1
OG0008077	GWHPBPAQ001553	JLX083290.1
OG0008078	GWHPBPAQ001554	JLX082970.1
OG0008079	GWHPBPAQ001555	JLX083050.1
OG0008080	GWHPBPAQ001556	JLX083220.1
OG0008081	GWHPBPAQ001557	JLX082920.1
OG0008082	GWHPBPAQ001561	JLX082910.1
OG0008083	GWHPBPAQ001562	JLX083240.1
OG0008084	GWHPBPAQ001567	JLX083020.1
OG0008085	GWHPBPAQ001568	JLX082850.1
OG0008086	GWHPBPAQ001569	JLX082960.1
OG0008087	GWHPBPAQ001572	JLX083110.1
OG0008088	GWHPBPAQ001575	JLX082800.1
OG0008089	GWHPBPAQ001576	JLX082980.1
OG0008090	GWHPBPAQ001577	JLX108230.1
OG0008091	GWHPBPAQ001582	JLX083130.1
OG0008092	GWHPBPAQ001584	JLX083260.1
OG0008093	GWHPBPAQ001585	JLX082810.1
OG0008094	GWHPBPAQ001586	JLX082930.1
OG0008095	GWHPBPAQ001588	JLX082870.1
OG0008096	GWHPBPAQ001603	JLX180810.1
OG0008097	GWHPBPAQ001606	JLX083250.1
OG0008098	GWHPBPAQ001610	JLX083070.1
OG0008099	GWHPBPAQ001615	JLX136160.1
OG0008100	GWHPBPAQ001617	JLX136660.1
OG0008101	GWHPBPAQ001624	JLX135620.1
OG0008102	GWHPBPAQ001626	JLX136000.1
OG0008103	GWHPBPAQ001629	JLX135930.1
OG0008104	GWHPBPAQ001632	JLX135990.1
OG0008105	GWHPBPAQ001633	JLX135860.1
OG0008106	GWHPBPAQ001637	JLX035890.1
OG0008107	GWHPBPAQ001638	JLX034920.1
OG0008108	GWHPBPAQ001639	JLX035010.1
OG0008109	GWHPBPAQ001641	JLX035160.1
OG0008110	GWHPBPAQ001643	JLX034870.1
OG0008111	GWHPBPAQ001651	JLX035460.1
OG0008112	GWHPBPAQ001654	JLX035750.1
OG0008113	GWHPBPAQ001658, GWHPBPAQ018082	
OG0008114	GWHPBPAQ001660	JLX035090.1
OG0008115	GWHPBPAQ001663	JLX035850.1
OG0008116	GWHPBPAQ001666	JLX035790.1
OG0008117	GWHPBPAQ001669	JLX035140.1
OG0008118	GWHPBPAQ001670	JLX035400.1
OG0008119	GWHPBPAQ001671	JLX034880.1
OG0008120	GWHPBPAQ001672	JLX035530.1
OG0008121	GWHPBPAQ001674	JLX035710.1
OG0008122	GWHPBPAQ001676	JLX035600.1
OG0008123	GWHPBPAQ001680	JLX034990.1
OG0008124	GWHPBPAQ001681	JLX035760.1
OG0008125	GWHPBPAQ001682	JLX035670.1
OG0008126	GWHPBPAQ001684	JLX035620.1
OG0008127	GWHPBPAQ001686	JLX034970.1
OG0008128	GWHPBPAQ001689	JLX035200.1
OG0008129	GWHPBPAQ001690	JLX035640.1
OG0008130	GWHPBPAQ001692	JLX035680.1
OG0008131	GWHPBPAQ001693	JLX001210.1
OG0008132	GWHPBPAQ001695	JLX035300.1
OG0008133	GWHPBPAQ001696	JLX035500.1
OG0008134	GWHPBPAQ001704	JLX035580.1
OG0008135	GWHPBPAQ001705	JLX035830.1
OG0008136	GWHPBPAQ001709	JLX135730.1
OG0008137	GWHPBPAQ001711	JLX136450.1
OG0008138	GWHPBPAQ001712	JLX135710.1
OG0008139	GWHPBPAQ001713, GWHPBPAQ003605	
OG0008140	GWHPBPAQ001721	JLX136060.1
OG0008141	GWHPBPAQ001723	JLX135670.1
OG0008142	GWHPBPAQ001725	JLX166990.1
OG0008143	GWHPBPAQ001728	JLX167490.1
OG0008144	GWHPBPAQ001729	JLX166570.1
OG0008145	GWHPBPAQ001730	JLX167810.1
OG0008146	GWHPBPAQ001731	JLX167920.1
OG0008147	GWHPBPAQ001735	JLX167660.1
OG0008148	GWHPBPAQ001736	JLX003100.1
OG0008149	GWHPBPAQ001737	JLX166770.1
OG0008150	GWHPBPAQ001740	JLX167740.1
OG0008151	GWHPBPAQ001743	JLX166720.1
OG0008152	GWHPBPAQ001745	JLX167390.1
OG0008153	GWHPBPAQ001746	JLX166510.1
OG0008154	GWHPBPAQ001748	JLX166690.1
OG0008155	GWHPBPAQ001755	JLX167230.1
OG0008156	GWHPBPAQ001756	JLX167910.1
OG0008157	GWHPBPAQ001759	JLX167440.1
OG0008158	GWHPBPAQ001760	JLX167210.1
OG0008159	GWHPBPAQ001761	JLX167060.1
OG0008160	GWHPBPAQ001767	JLX166390.1
OG0008161	GWHPBPAQ001769	JLX167830.1
OG0008162	GWHPBPAQ001770	JLX167620.1
OG0008163	GWHPBPAQ001773	JLX166370.1
OG0008164	GWHPBPAQ001776	JLX150860.1
OG0008165	GWHPBPAQ001777	JLX167670.1
OG0008166	GWHPBPAQ001778	JLX167080.1
OG0008167	GWHPBPAQ001781	JLX166400.1
OG0008168	GWHPBPAQ001782	JLX167580.1
OG0008169	GWHPBPAQ001787	JLX166420.1
OG0008170	GWHPBPAQ001788	JLX167640.1
OG0008171	GWHPBPAQ001810	JLX076770.1
OG0008172	GWHPBPAQ001811	JLX076920.1
OG0008173	GWHPBPAQ001812	JLX076980.1
OG0008174	GWHPBPAQ001814	JLX076890.1
OG0008175	GWHPBPAQ001816	JLX076860.1
OG0008176	GWHPBPAQ001818	JLX076720.1
OG0008177	GWHPBPAQ001821	JLX077000.1
OG0008178	GWHPBPAQ001824	JLX173060.1
OG0008179	GWHPBPAQ001825	JLX172930.1
OG0008180	GWHPBPAQ001826	JLX173000.1
OG0008181	GWHPBPAQ001828	JLX172950.1
OG0008182	GWHPBPAQ001830	JLX172680.1
OG0008183	GWHPBPAQ001833	JLX173150.1
OG0008184	GWHPBPAQ001834	JLX172900.1
OG0008185	GWHPBPAQ001835	JLX172860.1
OG0008186	GWHPBPAQ001836	JLX172670.1
OG0008187	GWHPBPAQ001843	JLX172720.1
OG0008188	GWHPBPAQ001849	JLX172660.1
OG0008189	GWHPBPAQ001851, GWHPBPAQ001971	
OG0008190	GWHPBPAQ001854	JLX188290.1
OG0008191	GWHPBPAQ001856, GWHPBPAQ001949	
OG0008192	GWHPBPAQ001860	JLX173110.1
OG0008193	GWHPBPAQ001866	JLX053310.1
OG0008194	GWHPBPAQ001873	JLX205550.1
OG0008195	GWHPBPAQ001886	JLX205560.1
OG0008196	GWHPBPAQ001888	JLX205310.1
OG0008197	GWHPBPAQ001889	JLX205740.1
OG0008198	GWHPBPAQ001891	JLX205360.1
OG0008199	GWHPBPAQ001893	JLX205450.1
OG0008200	GWHPBPAQ001894	JLX205660.1
OG0008201	GWHPBPAQ001897	JLX205260.1
OG0008202	GWHPBPAQ001903	JLX205630.1
OG0008203	GWHPBPAQ001904	JLX205600.1
OG0008204	GWHPBPAQ001912	JLX188700.1
OG0008205	GWHPBPAQ001916	JLX188370.1
OG0008206	GWHPBPAQ001917	JLX188420.1
OG0008207	GWHPBPAQ001923	JLX188930.1
OG0008208	GWHPBPAQ001930	JLX188770.1
OG0008209	GWHPBPAQ001931	JLX188690.1
OG0008210	GWHPBPAQ001934	JLX188940.1
OG0008211	GWHPBPAQ001935	JLX188750.1
OG0008212	GWHPBPAQ001938	JLX188820.1
OG0008213	GWHPBPAQ001943	JLX188260.1
OG0008214	GWHPBPAQ001954	JLX188560.1
OG0008215	GWHPBPAQ001955	JLX188790.1
OG0008216	GWHPBPAQ001965, GWHPBPAQ001966	
OG0008217	GWHPBPAQ001967	JLX188610.1
OG0008218	GWHPBPAQ001968	JLX188620.1
OG0008219	GWHPBPAQ001976	JLX188710.1
OG0008220	GWHPBPAQ001981	JLX188730.1
OG0008221	GWHPBPAQ001982	JLX188520.1
OG0008222	GWHPBPAQ001984, GWHPBPAQ019594	
OG0008223	GWHPBPAQ001985	JLX188450.1
OG0008224	GWHPBPAQ001986	JLX188480.1
OG0008225	GWHPBPAQ001987	JLX188680.1
OG0008226	GWHPBPAQ001988	JLX188780.1
OG0008227	GWHPBPAQ001991	JLX188340.1
OG0008228	GWHPBPAQ001995	JLX122180.1
OG0008229	GWHPBPAQ001997	JLX122150.1
OG0008230	GWHPBPAQ001998	JLX122050.1
OG0008231	GWHPBPAQ002005	JLX122060.1
OG0008232	GWHPBPAQ002007	JLX122110.1
OG0008233	GWHPBPAQ002008	JLX122160.1
OG0008234	GWHPBPAQ002011	JLX122090.1
OG0008235	GWHPBPAQ002012	JLX122100.1
OG0008236	GWHPBPAQ002015	JLX152270.1
OG0008237	GWHPBPAQ002017	JLX152360.1
OG0008238	GWHPBPAQ002019	JLX152710.1
OG0008239	GWHPBPAQ002022	JLX152790.1
OG0008240	GWHPBPAQ002030	JLX152630.1
OG0008241	GWHPBPAQ002033	JLX152610.1
OG0008242	GWHPBPAQ002034	JLX152620.1
OG0008243	GWHPBPAQ002038	JLX152470.1
OG0008244	GWHPBPAQ002041	JLX152390.1
OG0008245	GWHPBPAQ002052	JLX152540.1
OG0008246	GWHPBPAQ002054	JLX152600.1
OG0008247	GWHPBPAQ002057	JLX152580.1
OG0008248	GWHPBPAQ002058	JLX152320.1
OG0008249	GWHPBPAQ002059	JLX152810.1
OG0008250	GWHPBPAQ002060	JLX152520.1
OG0008251	GWHPBPAQ002099	JLX164790.1
OG0008252	GWHPBPAQ002102	JLX164800.1
OG0008253	GWHPBPAQ002105	JLX097370.1
OG0008254	GWHPBPAQ002109	JLX090240.1
OG0008255	GWHPBPAQ002113	JLX090440.1
OG0008256	GWHPBPAQ002115	JLX090260.1
OG0008257	GWHPBPAQ002116	JLX089770.1
OG0008258	GWHPBPAQ002118	JLX089980.1
OG0008259	GWHPBPAQ002120	JLX089910.1
OG0008260	GWHPBPAQ002121	JLX090020.1
OG0008261	GWHPBPAQ002123	JLX089800.1
OG0008262	GWHPBPAQ002132	JLX090320.1
OG0008263	GWHPBPAQ002135	JLX090370.1
OG0008264	GWHPBPAQ002139	JLX090430.1
OG0008265	GWHPBPAQ002140	JLX090140.1
OG0008266	GWHPBPAQ002142	JLX090170.1
OG0008267	GWHPBPAQ002143	JLX090010.1
OG0008268	GWHPBPAQ002151	JLX090410.1
OG0008269	GWHPBPAQ002154	JLX090080.1
OG0008270	GWHPBPAQ002155	JLX090400.1
OG0008271	GWHPBPAQ002157	JLX089930.1
OG0008272	GWHPBPAQ002158	JLX089960.1
OG0008273	GWHPBPAQ002159	JLX089860.1
OG0008274	GWHPBPAQ002160	JLX089820.1
OG0008275	GWHPBPAQ002161	JLX089840.1
OG0008276	GWHPBPAQ002162	JLX090150.1
OG0008277	GWHPBPAQ002163	JLX089790.1
OG0008278	GWHPBPAQ002164	JLX090210.1
OG0008279	GWHPBPAQ002167	JLX090040.1
OG0008280	GWHPBPAQ002168	JLX089850.1
OG0008281	GWHPBPAQ002173	JLX090300.1
OG0008282	GWHPBPAQ002174	JLX090120.1
OG0008283	GWHPBPAQ002175	JLX090180.1
OG0008284	GWHPBPAQ002176	JLX090110.1
OG0008285	GWHPBPAQ002178	JLX090030.1
OG0008286	GWHPBPAQ002181	JLX002730.1
OG0008287	GWHPBPAQ002185	JLX002650.1
OG0008288	GWHPBPAQ002186	JLX002720.1
OG0008289	GWHPBPAQ002187	JLX002670.1
OG0008290	GWHPBPAQ002188	JLX002700.1
OG0008291	GWHPBPAQ002191	JLX002690.1
OG0008292	GWHPBPAQ002220	JLX149510.1
OG0008293	GWHPBPAQ002224	JLX149150.1
OG0008294	GWHPBPAQ002227	JLX149020.1
OG0008295	GWHPBPAQ002228	JLX149140.1
OG0008296	GWHPBPAQ002232	JLX149570.1
OG0008297	GWHPBPAQ002233	JLX149160.1
OG0008298	GWHPBPAQ002237	JLX149480.1
OG0008299	GWHPBPAQ002245	JLX083420.1
OG0008300	GWHPBPAQ002250	JLX148900.1
OG0008301	GWHPBPAQ002258	JLX149260.1
OG0008302	GWHPBPAQ002282	JLX151440.1
OG0008303	GWHPBPAQ002283	JLX151410.1
OG0008304	GWHPBPAQ002285	JLX151040.1
OG0008305	GWHPBPAQ002296	JLX151950.1
OG0008306	GWHPBPAQ002299	JLX152040.1
OG0008307	GWHPBPAQ002303	JLX151150.1
OG0008308	GWHPBPAQ002307	JLX151600.1
OG0008309	GWHPBPAQ002310	JLX151910.1
OG0008310	GWHPBPAQ002311	JLX151180.1
OG0008311	GWHPBPAQ002313	JLX151640.1
OG0008312	GWHPBPAQ002315	JLX151980.1
OG0008313	GWHPBPAQ002316	JLX151680.1
OG0008314	GWHPBPAQ002318	JLX151730.1
OG0008315	GWHPBPAQ002320	JLX152230.1
OG0008316	GWHPBPAQ002321	JLX151650.1
OG0008317	GWHPBPAQ002322	JLX151960.1
OG0008318	GWHPBPAQ002347	JLX151110.1
OG0008319	GWHPBPAQ002348	JLX151940.1
OG0008320	GWHPBPAQ002349	JLX152060.1
OG0008321	GWHPBPAQ002350	JLX151230.1
OG0008322	GWHPBPAQ002351	JLX151160.1
OG0008323	GWHPBPAQ002353	JLX151550.1
OG0008324	GWHPBPAQ002354	JLX151850.1
OG0008325	GWHPBPAQ002357	JLX151320.1
OG0008326	GWHPBPAQ002360	JLX152010.1
OG0008327	GWHPBPAQ002366	JLX151920.1
OG0008328	GWHPBPAQ002367	JLX151930.1
OG0008329	GWHPBPAQ002368	JLX151500.1
OG0008330	GWHPBPAQ002369	JLX151120.1
OG0008331	GWHPBPAQ002370	JLX152070.1
OG0008332	GWHPBPAQ002375	JLX152030.1
OG0008333	GWHPBPAQ002377	JLX152090.1
OG0008334	GWHPBPAQ002378	JLX151800.1
OG0008335	GWHPBPAQ002379	JLX151900.1
OG0008336	GWHPBPAQ002387	JLX151530.1
OG0008337	GWHPBPAQ002388	JLX151740.1
OG0008338	GWHPBPAQ002389	JLX152130.1
OG0008339	GWHPBPAQ002390	JLX151200.1
OG0008340	GWHPBPAQ002393	JLX151820.1
OG0008341	GWHPBPAQ002394	JLX151780.1
OG0008342	GWHPBPAQ002395	JLX151720.1
OG0008343	GWHPBPAQ002397	JLX151290.1
OG0008344	GWHPBPAQ002399, GWHPBPAQ002400	
OG0008345	GWHPBPAQ002406	JLX152180.1
OG0008346	GWHPBPAQ002415	JLX230570.1
OG0008347	GWHPBPAQ002430	JLX005670.1
OG0008348	GWHPBPAQ002435	JLX004660.1
OG0008349	GWHPBPAQ002438	JLX007910.1
OG0008350	GWHPBPAQ002439	JLX003300.1
OG0008351	GWHPBPAQ002440	JLX003740.1
OG0008352	GWHPBPAQ002441	JLX003960.1
OG0008353	GWHPBPAQ002442	JLX003510.1
OG0008354	GWHPBPAQ002443	JLX004050.1
OG0008355	GWHPBPAQ002445	JLX006140.1
OG0008356	GWHPBPAQ002447	JLX004480.1
OG0008357	GWHPBPAQ002453	JLX004530.1
OG0008358	GWHPBPAQ002454	JLX005250.1
OG0008359	GWHPBPAQ002460	JLX007830.1
OG0008360	GWHPBPAQ002462	JLX007310.1
OG0008361	GWHPBPAQ002463	JLX003240.1
OG0008362	GWHPBPAQ002465	JLX007610.1
OG0008363	GWHPBPAQ002467	JLX005300.1
OG0008364	GWHPBPAQ002468	JLX005010.1
OG0008365	GWHPBPAQ002470	JLX005680.1
OG0008366	GWHPBPAQ002482	JLX007790.1
OG0008367	GWHPBPAQ002483	JLX008280.1
OG0008368	GWHPBPAQ002485	JLX003840.1
OG0008369	GWHPBPAQ002486	JLX005500.1
OG0008370	GWHPBPAQ002487	JLX004890.1
OG0008371	GWHPBPAQ002488	JLX006080.1
OG0008372	GWHPBPAQ002496	JLX006830.1
OG0008373	GWHPBPAQ002499	JLX003140.1
OG0008374	GWHPBPAQ002501	JLX003860.1
OG0008375	GWHPBPAQ002506	JLX003600.1
OG0008376	GWHPBPAQ002507	JLX008430.1
OG0008377	GWHPBPAQ002517	JLX005440.1
OG0008378	GWHPBPAQ002520	JLX004160.1
OG0008379	GWHPBPAQ002522	JLX003330.1
OG0008380	GWHPBPAQ002523	JLX004120.1
OG0008381	GWHPBPAQ002524	JLX008140.1
OG0008382	GWHPBPAQ002527	JLX004780.1
OG0008383	GWHPBPAQ002537	JLX007620.1
OG0008384	GWHPBPAQ002538	JLX008250.1
OG0008385	GWHPBPAQ002539	JLX005220.1
OG0008386	GWHPBPAQ002541	JLX004240.1
OG0008387	GWHPBPAQ002543	JLX005420.1
OG0008388	GWHPBPAQ002547	JLX004370.1
OG0008389	GWHPBPAQ002548	JLX003470.1
OG0008390	GWHPBPAQ002549	JLX007040.1
OG0008391	GWHPBPAQ002551	JLX006920.1
OG0008392	GWHPBPAQ002553	JLX005470.1
OG0008393	GWHPBPAQ002560	JLX006960.1
OG0008394	GWHPBPAQ002561	JLX006290.1
OG0008395	GWHPBPAQ002563	JLX007860.1
OG0008396	GWHPBPAQ002565	JLX007150.1
OG0008397	GWHPBPAQ002567	JLX003110.1
OG0008398	GWHPBPAQ002568	JLX005460.1
OG0008399	GWHPBPAQ002569	JLX003570.1
OG0008400	GWHPBPAQ002573	JLX008290.1
OG0008401	GWHPBPAQ002574	JLX003200.1
OG0008402	GWHPBPAQ002576	JLX005600.1
OG0008403	GWHPBPAQ002578	JLX006910.1
OG0008404	GWHPBPAQ002581	JLX003290.1
OG0008405	GWHPBPAQ002583	JLX007360.1
OG0008406	GWHPBPAQ002584	JLX006760.1
OG0008407	GWHPBPAQ002585	JLX003500.1
OG0008408	GWHPBPAQ002588	JLX007320.1
OG0008409	GWHPBPAQ002589	JLX007680.1
OG0008410	GWHPBPAQ002590	JLX005700.1
OG0008411	GWHPBPAQ002591	JLX004270.1
OG0008412	GWHPBPAQ002593	JLX007580.1
OG0008413	GWHPBPAQ002598	JLX006590.1
OG0008414	GWHPBPAQ002600	JLX003430.1
OG0008415	GWHPBPAQ002601	JLX007800.1
OG0008416	GWHPBPAQ002604	JLX004440.1
OG0008417	GWHPBPAQ002606	JLX005230.1
OG0008418	GWHPBPAQ002607	JLX004700.1
OG0008419	GWHPBPAQ002609	JLX005560.1
OG0008420	GWHPBPAQ002612	JLX006880.1
OG0008421	GWHPBPAQ002613	JLX004960.1
OG0008422	GWHPBPAQ002614	JLX008270.1
OG0008423	GWHPBPAQ002616	JLX004420.1
OG0008424	GWHPBPAQ002621	JLX003540.1
OG0008425	GWHPBPAQ002622	JLX007430.1
OG0008426	GWHPBPAQ002623	JLX006280.1
OG0008427	GWHPBPAQ002629	JLX005340.1
OG0008428	GWHPBPAQ002632	JLX004300.1
OG0008429	GWHPBPAQ002635	JLX003450.1
OG0008430	GWHPBPAQ002640	JLX007180.1
OG0008431	GWHPBPAQ002644	JLX004840.1
OG0008432	GWHPBPAQ002646	JLX004970.1
OG0008433	GWHPBPAQ002647	JLX003130.1
OG0008434	GWHPBPAQ002649	JLX006220.1
OG0008435	GWHPBPAQ002650	JLX008120.1
OG0008436	GWHPBPAQ002652	JLX008070.1
OG0008437	GWHPBPAQ002656	JLX004640.1
OG0008438	GWHPBPAQ002657	JLX007520.1
OG0008439	GWHPBPAQ002659	JLX006650.1
OG0008440	GWHPBPAQ002663	JLX006130.1
OG0008441	GWHPBPAQ002664	JLX003480.1
OG0008442	GWHPBPAQ002665	JLX008030.1
OG0008443	GWHPBPAQ002667	JLX007920.1
OG0008444	GWHPBPAQ002674	JLX007250.1
OG0008445	GWHPBPAQ002677	JLX006840.1
OG0008446	GWHPBPAQ002690	JLX003750.1
OG0008447	GWHPBPAQ002691	JLX008340.1
OG0008448	GWHPBPAQ002702	JLX005660.1
OG0008449	GWHPBPAQ002703	JLX003900.1
OG0008450	GWHPBPAQ002704	JLX003400.1
OG0008451	GWHPBPAQ002707	JLX007420.1
OG0008452	GWHPBPAQ002708	JLX005060.1
OG0008453	GWHPBPAQ002710	JLX007950.1
OG0008454	GWHPBPAQ002713	JLX007240.1
OG0008455	GWHPBPAQ002715	JLX190420.1
OG0008456	GWHPBPAQ002720	JLX004150.1
OG0008457	GWHPBPAQ002721	JLX007980.1
OG0008458	GWHPBPAQ002722	JLX007530.1
OG0008459	GWHPBPAQ002726	JLX005330.1
OG0008460	GWHPBPAQ002732	JLX007300.1
OG0008461	GWHPBPAQ002733	JLX006750.1
OG0008462	GWHPBPAQ002735	JLX005320.1
OG0008463	GWHPBPAQ002737	JLX007760.1
OG0008464	GWHPBPAQ002740	JLX006610.1
OG0008465	GWHPBPAQ002741	JLX006150.1
OG0008466	GWHPBPAQ002743	JLX005190.1
OG0008467	GWHPBPAQ002746	JLX007840.1
OG0008468	GWHPBPAQ002747	JLX007270.1
OG0008469	GWHPBPAQ002750	JLX007130.1
OG0008470	GWHPBPAQ002751	JLX006980.1
OG0008471	GWHPBPAQ002753	JLX008300.1
OG0008472	GWHPBPAQ002756	JLX005620.1
OG0008473	GWHPBPAQ002758	JLX007940.1
OG0008474	GWHPBPAQ002759	JLX006740.1
OG0008475	GWHPBPAQ002761	JLX006480.1
OG0008476	GWHPBPAQ002762	JLX008230.1
OG0008477	GWHPBPAQ002763	JLX004450.1
OG0008478	GWHPBPAQ002765	JLX004580.1
OG0008479	GWHPBPAQ002768	JLX005590.1
OG0008480	GWHPBPAQ002771	JLX003850.1
OG0008481	GWHPBPAQ002782	JLX008000.1
OG0008482	GWHPBPAQ002784	JLX008420.1
OG0008483	GWHPBPAQ002789	JLX005530.1
OG0008484	GWHPBPAQ002792	JLX005290.1
OG0008485	GWHPBPAQ002795	JLX005540.1
OG0008486	GWHPBPAQ002798	JLX008400.1
OG0008487	GWHPBPAQ002801	JLX006640.1
OG0008488	GWHPBPAQ002802	JLX005400.1
OG0008489	GWHPBPAQ002806	JLX003560.1
OG0008490	GWHPBPAQ002807	JLX005750.1
OG0008491	GWHPBPAQ002809	JLX006380.1
OG0008492	GWHPBPAQ002813	JLX004550.1
OG0008493	GWHPBPAQ002815	JLX005040.1
OG0008494	GWHPBPAQ002817	JLX005410.1
OG0008495	GWHPBPAQ002818	JLX006500.1
OG0008496	GWHPBPAQ002819	JLX004140.1
OG0008497	GWHPBPAQ002824	JLX003270.1
OG0008498	GWHPBPAQ002827	JLX008020.1
OG0008499	GWHPBPAQ002828	JLX005980.1
OG0008500	GWHPBPAQ002830	JLX006770.1
OG0008501	GWHPBPAQ002831	JLX004900.1
OG0008502	GWHPBPAQ002832	JLX008170.1
OG0008503	GWHPBPAQ002836	JLX005550.1
OG0008504	GWHPBPAQ002838, GWHPBPAQ009701	
OG0008505	GWHPBPAQ002839	JLX007770.1
OG0008506	GWHPBPAQ002841	JLX003460.1
OG0008507	GWHPBPAQ002842	JLX005390.1
OG0008508	GWHPBPAQ002844	JLX006320.1
OG0008509	GWHPBPAQ002847	JLX007740.1
OG0008510	GWHPBPAQ002848	JLX006440.1
OG0008511	GWHPBPAQ002849	JLX004710.1
OG0008512	GWHPBPAQ002852	JLX006890.1
OG0008513	GWHPBPAQ002855	JLX007510.1
OG0008514	GWHPBPAQ002857	JLX008220.1
OG0008515	GWHPBPAQ002859	JLX004040.1
OG0008516	GWHPBPAQ002861	JLX005180.1
OG0008517	GWHPBPAQ002863	JLX004310.1
OG0008518	GWHPBPAQ002864	JLX005840.1
OG0008519	GWHPBPAQ002865	JLX006850.1
OG0008520	GWHPBPAQ002867	JLX005360.1
OG0008521	GWHPBPAQ002869	JLX004810.1
OG0008522	GWHPBPAQ002871	JLX008150.1
OG0008523	GWHPBPAQ002878	JLX004070.1
OG0008524	GWHPBPAQ002881	JLX004470.1
OG0008525	GWHPBPAQ002883	JLX005810.1
OG0008526	GWHPBPAQ002885	JLX007000.1
OG0008527	GWHPBPAQ002886	JLX003950.1
OG0008528	GWHPBPAQ002887	JLX006090.1
OG0008529	GWHPBPAQ002888	JLX006420.1
OG0008530	GWHPBPAQ002889	JLX003320.1
OG0008531	GWHPBPAQ002894	JLX008060.1
OG0008532	GWHPBPAQ002895	JLX004460.1
OG0008533	GWHPBPAQ002898	JLX005580.1
OG0008534	GWHPBPAQ002902	JLX008240.1
OG0008535	GWHPBPAQ002903	JLX006040.1
OG0008536	GWHPBPAQ002905	JLX003990.1
OG0008537	GWHPBPAQ002906	JLX003360.1
OG0008538	GWHPBPAQ002907	JLX005030.1
OG0008539	GWHPBPAQ002908	JLX004870.1
OG0008540	GWHPBPAQ002909	JLX006690.1
OG0008541	GWHPBPAQ002912	JLX008080.1
OG0008542	GWHPBPAQ002916	JLX004350.1
OG0008543	GWHPBPAQ002918	JLX007660.1
OG0008544	GWHPBPAQ002919	JLX008330.1
OG0008545	GWHPBPAQ002921	JLX005850.1
OG0008546	GWHPBPAQ002922	JLX004920.1
OG0008547	GWHPBPAQ002923	JLX008320.1
OG0008548	GWHPBPAQ002924	JLX003930.1
OG0008549	GWHPBPAQ002925	JLX004610.1
OG0008550	GWHPBPAQ002926	JLX006410.1
OG0008551	GWHPBPAQ002928	JLX004410.1
OG0008552	GWHPBPAQ002930	JLX007960.1
OG0008553	GWHPBPAQ002931	JLX003190.1
OG0008554	GWHPBPAQ002933	JLX006680.1
OG0008555	GWHPBPAQ002935	JLX007450.1
OG0008556	GWHPBPAQ002936	JLX006730.1
OG0008557	GWHPBPAQ002937	JLX004220.1
OG0008558	GWHPBPAQ002939	JLX003160.1
OG0008559	GWHPBPAQ002940	JLX007930.1
OG0008560	GWHPBPAQ002942	JLX007890.1
OG0008561	GWHPBPAQ002943	JLX006170.1
OG0008562	GWHPBPAQ002947	JLX004980.1
OG0008563	GWHPBPAQ002950	JLX007550.1
OG0008564	GWHPBPAQ002951	JLX003120.1
OG0008565	GWHPBPAQ002955	JLX007850.1
OG0008566	GWHPBPAQ002964	JLX007990.1
OG0008567	GWHPBPAQ002965	JLX005760.1
OG0008568	GWHPBPAQ002966	JLX004860.1
OG0008569	GWHPBPAQ002970	JLX004760.1
OG0008570	GWHPBPAQ002971	JLX005050.1
OG0008571	GWHPBPAQ002973	JLX007730.1
OG0008572	GWHPBPAQ002974	JLX008310.1
OG0008573	GWHPBPAQ002976	JLX006570.1
OG0008574	GWHPBPAQ002977	JLX005940.1
OG0008575	GWHPBPAQ002981	JLX007900.1
OG0008576	GWHPBPAQ002983	JLX006010.1
OG0008577	GWHPBPAQ002984	JLX006400.1
OG0008578	GWHPBPAQ002985	JLX007460.1
OG0008579	GWHPBPAQ002986	JLX008370.1
OG0008580	GWHPBPAQ002987	JLX003790.1
OG0008581	GWHPBPAQ002990	JLX003700.1
OG0008582	GWHPBPAQ002991	JLX003170.1
OG0008583	GWHPBPAQ002998	JLX003220.1
OG0008584	GWHPBPAQ003002	JLX006490.1
OG0008585	GWHPBPAQ003003	JLX005880.1
OG0008586	GWHPBPAQ003004	JLX005160.1
OG0008587	GWHPBPAQ003005	JLX005800.1
OG0008588	GWHPBPAQ003009	JLX075350.1
OG0008589	GWHPBPAQ003010	JLX074550.1
OG0008590	GWHPBPAQ003014	JLX072870.1
OG0008591	GWHPBPAQ003017	JLX074380.1
OG0008592	GWHPBPAQ003019	JLX070590.1
OG0008593	GWHPBPAQ003023	JLX073460.1
OG0008594	GWHPBPAQ003026	JLX075100.1
OG0008595	GWHPBPAQ003027	JLX071460.1
OG0008596	GWHPBPAQ003028	JLX070790.1
OG0008597	GWHPBPAQ003033	JLX070830.1
OG0008598	GWHPBPAQ003036	JLX072330.1
OG0008599	GWHPBPAQ003038	JLX075210.1
OG0008600	GWHPBPAQ003041	JLX075380.1
OG0008601	GWHPBPAQ003042	JLX074350.1
OG0008602	GWHPBPAQ003043	JLX072090.1
OG0008603	GWHPBPAQ003045	JLX070430.1
OG0008604	GWHPBPAQ003050	JLX074780.1
OG0008605	GWHPBPAQ003051	JLX073830.1
OG0008606	GWHPBPAQ003053	JLX070450.1
OG0008607	GWHPBPAQ003057	JLX075630.1
OG0008608	GWHPBPAQ003060	JLX073180.1
OG0008609	GWHPBPAQ003063	JLX071250.1
OG0008610	GWHPBPAQ003065	JLX070740.1
OG0008611	GWHPBPAQ003071	JLX075470.1
OG0008612	GWHPBPAQ003073	JLX070490.1
OG0008613	GWHPBPAQ003074	JLX072250.1
OG0008614	GWHPBPAQ003076	JLX076160.1
OG0008615	GWHPBPAQ003077	JLX072550.1
OG0008616	GWHPBPAQ003078	JLX072490.1
OG0008617	GWHPBPAQ003079	JLX072260.1
OG0008618	GWHPBPAQ003080	JLX076040.1
OG0008619	GWHPBPAQ003081	JLX074960.1
OG0008620	GWHPBPAQ003083	JLX072720.1
OG0008621	GWHPBPAQ003084	JLX074640.1
OG0008622	GWHPBPAQ003086	JLX072270.1
OG0008623	GWHPBPAQ003088	JLX070800.1
OG0008624	GWHPBPAQ003094	JLX071440.1
OG0008625	GWHPBPAQ003095	JLX074290.1
OG0008626	GWHPBPAQ003100	JLX074060.1
OG0008627	GWHPBPAQ003102	JLX070240.1
OG0008628	GWHPBPAQ003103	JLX075320.1
OG0008629	GWHPBPAQ003104	JLX070460.1
OG0008630	GWHPBPAQ003105	JLX074800.1
OG0008631	GWHPBPAQ003110	JLX075550.1
OG0008632	GWHPBPAQ003111	JLX074740.6
OG0008633	GWHPBPAQ003116	JLX073820.1
OG0008634	GWHPBPAQ003119	JLX070270.1
OG0008635	GWHPBPAQ003127	JLX070150.1
OG0008636	GWHPBPAQ003128	JLX075510.1
OG0008637	GWHPBPAQ003130	JLX070060.1
OG0008638	GWHPBPAQ003131	JLX072580.1
OG0008639	GWHPBPAQ003133	JLX071510.1
OG0008640	GWHPBPAQ003140	JLX074660.1
OG0008641	GWHPBPAQ003141	JLX071040.1
OG0008642	GWHPBPAQ003143	JLX070110.1
OG0008643	GWHPBPAQ003146	JLX071640.1
OG0008644	GWHPBPAQ003147	JLX075480.1
OG0008645	GWHPBPAQ003150	JLX070890.1
OG0008646	GWHPBPAQ003151	JLX076090.1
OG0008647	GWHPBPAQ003156	JLX074090.1
OG0008648	GWHPBPAQ003159	JLX072560.1
OG0008649	GWHPBPAQ003160	JLX071860.1
OG0008650	GWHPBPAQ003163	JLX073780.1
OG0008651	GWHPBPAQ003164	JLX076170.1
OG0008652	GWHPBPAQ003165	JLX071660.1
OG0008653	GWHPBPAQ003167	JLX071280.1
OG0008654	GWHPBPAQ003168	JLX075040.1
OG0008655	GWHPBPAQ003170	JLX074670.1
OG0008656	GWHPBPAQ003172	JLX073280.1
OG0008657	GWHPBPAQ003173	JLX073980.1
OG0008658	GWHPBPAQ003179	JLX069950.1
OG0008659	GWHPBPAQ003181	JLX071090.1
OG0008660	GWHPBPAQ003184	JLX074400.1
OG0008661	GWHPBPAQ003185	JLX071730.1
OG0008662	GWHPBPAQ003186	JLX076210.1
OG0008663	GWHPBPAQ003187	JLX073570.1
OG0008664	GWHPBPAQ003189	JLX074690.1
OG0008665	GWHPBPAQ003191	JLX070310.1
OG0008666	GWHPBPAQ003193	JLX074870.1
OG0008667	GWHPBPAQ003196	JLX072760.1
OG0008668	GWHPBPAQ003198	JLX070410.1
OG0008669	GWHPBPAQ003200	JLX073920.1
OG0008670	GWHPBPAQ003201	JLX074610.1
OG0008671	GWHPBPAQ003204	JLX070370.1
OG0008672	GWHPBPAQ003207	JLX075260.1
OG0008673	GWHPBPAQ003208	JLX075670.1
OG0008674	GWHPBPAQ003209	JLX075010.1
OG0008675	GWHPBPAQ003210	JLX070280.1
OG0008676	GWHPBPAQ003213	JLX071150.1
OG0008677	GWHPBPAQ003215, GWHPBPAQ003216	
OG0008678	GWHPBPAQ003221	JLX074310.1
OG0008679	GWHPBPAQ003222	JLX073120.1
OG0008680	GWHPBPAQ003223	JLX072970.1
OG0008681	GWHPBPAQ003225	JLX072140.1
OG0008682	GWHPBPAQ003227	JLX070170.1
OG0008683	GWHPBPAQ003228	JLX072920.1
OG0008684	GWHPBPAQ003233	JLX075540.1
OG0008685	GWHPBPAQ003235	JLX073840.1
OG0008686	GWHPBPAQ003238	JLX075890.1
OG0008687	GWHPBPAQ003240	JLX072510.1
OG0008688	GWHPBPAQ003241	JLX070350.1
OG0008689	GWHPBPAQ003243	JLX074770.1
OG0008690	GWHPBPAQ003244	JLX073600.1
OG0008691	GWHPBPAQ003245	JLX071960.1
OG0008692	GWHPBPAQ003248	JLX076110.1
OG0008693	GWHPBPAQ003249	JLX070400.1
OG0008694	GWHPBPAQ003250	JLX074430.1
OG0008695	GWHPBPAQ003251	JLX072220.1
OG0008696	GWHPBPAQ003253	JLX074420.1
OG0008697	GWHPBPAQ003255	JLX075820.1
OG0008698	GWHPBPAQ003256	JLX071360.1
OG0008699	GWHPBPAQ003258	JLX072480.1
OG0008700	GWHPBPAQ003261	JLX071340.1
OG0008701	GWHPBPAQ003265	JLX073470.1
OG0008702	GWHPBPAQ003266	JLX074470.1
OG0008703	GWHPBPAQ003267	JLX072050.1
OG0008704	GWHPBPAQ003269	JLX070520.1
OG0008705	GWHPBPAQ003272	JLX075880.1
OG0008706	GWHPBPAQ003273	JLX073890.1
OG0008707	GWHPBPAQ003275	JLX072320.1
OG0008708	GWHPBPAQ003276	JLX070940.1
OG0008709	GWHPBPAQ003277	JLX076080.1
OG0008710	GWHPBPAQ003279	JLX074170.1
OG0008711	GWHPBPAQ003282	JLX073090.1
OG0008712	GWHPBPAQ003283	JLX075500.1
OG0008713	GWHPBPAQ003284	JLX070900.1
OG0008714	GWHPBPAQ003285	JLX071850.1
OG0008715	GWHPBPAQ003288	JLX070080.1
OG0008716	GWHPBPAQ003292	JLX074330.1
OG0008717	GWHPBPAQ003296	JLX075110.1
OG0008718	GWHPBPAQ003297	JLX071400.1
OG0008719	GWHPBPAQ003299	JLX073250.1
OG0008720	GWHPBPAQ003300	JLX076130.1
OG0008721	GWHPBPAQ003303	JLX074540.1
OG0008722	GWHPBPAQ003304	JLX070850.1
OG0008723	GWHPBPAQ003305	JLX070660.1
OG0008724	GWHPBPAQ003306	JLX071430.1
OG0008725	GWHPBPAQ003307	JLX071700.1
OG0008726	GWHPBPAQ003308	JLX072430.1
OG0008727	GWHPBPAQ003309	JLX074580.1
OG0008728	GWHPBPAQ003312	JLX075300.1
OG0008729	GWHPBPAQ003314	JLX073160.1
OG0008730	GWHPBPAQ003316	JLX073650.1
OG0008731	GWHPBPAQ003317	JLX071690.1
OG0008732	GWHPBPAQ003320, GWHPBPAQ009823	
OG0008733	GWHPBPAQ003322	JLX070750.1
OG0008734	GWHPBPAQ003324	JLX074510.1
OG0008735	GWHPBPAQ003326	JLX073300.1
OG0008736	GWHPBPAQ003327	JLX070760.1
OG0008737	GWHPBPAQ003328	JLX076010.1
OG0008738	GWHPBPAQ003329	JLX070930.1
OG0008739	GWHPBPAQ003332	JLX071390.1
OG0008740	GWHPBPAQ003334	JLX070540.1
OG0008741	GWHPBPAQ003337	JLX074390.1
OG0008742	GWHPBPAQ003340	JLX075980.1
OG0008743	GWHPBPAQ003341	JLX074890.1
OG0008744	GWHPBPAQ003344	JLX071320.1
OG0008745	GWHPBPAQ003346	JLX070000.1
OG0008746	GWHPBPAQ003351	JLX073020.1
OG0008747	GWHPBPAQ003352	JLX072310.1
OG0008748	GWHPBPAQ003353	JLX072980.1
OG0008749	GWHPBPAQ003356	JLX074590.1
OG0008750	GWHPBPAQ003357	JLX072700.1
OG0008751	GWHPBPAQ003359	JLX070670.1
OG0008752	GWHPBPAQ003361	JLX075080.1
OG0008753	GWHPBPAQ003364	JLX075460.1
OG0008754	GWHPBPAQ003365	JLX071480.1
OG0008755	GWHPBPAQ003369	JLX070320.1
OG0008756	GWHPBPAQ003379	JLX070630.1
OG0008757	GWHPBPAQ003380	JLX074990.1
OG0008758	GWHPBPAQ003382	JLX075860.1
OG0008759	GWHPBPAQ003383	JLX071840.1
OG0008760	GWHPBPAQ003387	JLX074830.1
OG0008761	GWHPBPAQ003388	JLX073400.1
OG0008762	GWHPBPAQ003393	JLX074520.1
OG0008763	GWHPBPAQ003394	JLX074190.1
OG0008764	GWHPBPAQ003397	JLX072730.1
OG0008765	GWHPBPAQ003398	JLX072000.1
OG0008766	GWHPBPAQ003399	JLX072100.1
OG0008767	GWHPBPAQ003402	JLX074840.1
OG0008768	GWHPBPAQ003403	JLX075960.1
OG0008769	GWHPBPAQ003405	JLX075660.1
OG0008770	GWHPBPAQ003406	JLX073480.1
OG0008771	GWHPBPAQ003407	JLX073640.1
OG0008772	GWHPBPAQ003409	JLX072240.1
OG0008773	GWHPBPAQ003410	JLX073450.1
OG0008774	GWHPBPAQ003411	JLX075800.1
OG0008775	GWHPBPAQ003412	JLX074700.1
OG0008776	GWHPBPAQ003413	JLX075410.1
OG0008777	GWHPBPAQ003420	JLX075220.1
OG0008778	GWHPBPAQ003421	JLX075440.1
OG0008779	GWHPBPAQ003424	JLX075950.1
OG0008780	GWHPBPAQ003425	JLX072160.1
OG0008781	GWHPBPAQ003426	JLX074410.1
OG0008782	GWHPBPAQ003428	JLX072910.1
OG0008783	GWHPBPAQ003429	JLX071120.1
OG0008784	GWHPBPAQ003430	JLX070140.1
OG0008785	GWHPBPAQ003433	JLX073140.1
OG0008786	GWHPBPAQ003435	JLX075870.1
OG0008787	GWHPBPAQ003436	JLX070700.1
OG0008788	GWHPBPAQ003437	JLX071630.1
OG0008789	GWHPBPAQ003440	JLX071520.1
OG0008790	GWHPBPAQ003441	JLX070680.1
OG0008791	GWHPBPAQ003444	JLX075430.1
OG0008792	GWHPBPAQ003448	JLX073430.1
OG0008793	GWHPBPAQ003449	JLX072080.1
OG0008794	GWHPBPAQ003450	JLX071210.1
OG0008795	GWHPBPAQ003452	JLX075150.1
OG0008796	GWHPBPAQ003453	JLX075900.1
OG0008797	GWHPBPAQ003456	JLX071220.1
OG0008798	GWHPBPAQ003458	JLX069970.1
OG0008799	GWHPBPAQ003459	JLX075730.1
OG0008800	GWHPBPAQ003463	JLX074530.1
OG0008801	GWHPBPAQ003465	JLX073750.1
OG0008802	GWHPBPAQ003466	JLX074180.1
OG0008803	GWHPBPAQ003469	JLX072670.1
OG0008804	GWHPBPAQ003470	JLX075850.1
OG0008805	GWHPBPAQ003471	JLX074620.1
OG0008806	GWHPBPAQ003472	JLX075990.1
OG0008807	GWHPBPAQ003473	JLX070640.1
OG0008808	GWHPBPAQ003474	JLX071310.1
OG0008809	GWHPBPAQ003475	JLX071740.1
OG0008810	GWHPBPAQ003477	JLX073630.1
OG0008811	GWHPBPAQ003478	JLX074900.1
OG0008812	GWHPBPAQ003480	JLX071270.1
OG0008813	GWHPBPAQ003487	JLX075090.1
OG0008814	GWHPBPAQ003488	JLX070040.1
OG0008815	GWHPBPAQ003490	JLX070620.1
OG0008816	GWHPBPAQ003491	JLX071350.1
OG0008817	GWHPBPAQ003493	JLX076000.1
OG0008818	GWHPBPAQ003494	JLX075240.1
OG0008819	GWHPBPAQ003499	JLX073270.1
OG0008820	GWHPBPAQ003501	JLX075830.1
OG0008821	GWHPBPAQ003502	JLX071610.1
OG0008822	GWHPBPAQ003507	JLX071500.1
OG0008823	GWHPBPAQ003508	JLX072520.1
OG0008824	GWHPBPAQ003509	JLX073970.1
OG0008825	GWHPBPAQ003510	JLX074750.1
OG0008826	GWHPBPAQ003511	JLX070380.1
OG0008827	GWHPBPAQ003512	JLX071590.1
OG0008828	GWHPBPAQ003514	JLX072210.1
OG0008829	GWHPBPAQ003515	JLX073490.1
OG0008830	GWHPBPAQ003518	JLX075450.1
OG0008831	GWHPBPAQ003519	JLX075490.1
OG0008832	GWHPBPAQ003521	JLX071200.1
OG0008833	GWHPBPAQ003522	JLX071420.1
OG0008834	GWHPBPAQ003523	JLX071710.1
OG0008835	GWHPBPAQ003525	JLX073030.1
OG0008836	GWHPBPAQ003529	JLX074490.1
OG0008837	GWHPBPAQ003532	JLX073540.1
OG0008838	GWHPBPAQ003534	JLX072030.1
OG0008839	GWHPBPAQ003535	JLX074720.1
OG0008840	GWHPBPAQ003536	JLX075620.1
OG0008841	GWHPBPAQ003539	JLX070550.1
OG0008842	GWHPBPAQ003540	JLX071800.1
OG0008843	GWHPBPAQ003545	JLX075750.1
OG0008844	GWHPBPAQ003546	JLX075050.1
OG0008845	GWHPBPAQ003547	JLX071930.1
OG0008846	GWHPBPAQ003549	JLX072590.1
OG0008847	GWHPBPAQ003552	JLX070710.1
OG0008848	GWHPBPAQ003554	JLX072200.1
OG0008849	GWHPBPAQ003556	JLX071160.1
OG0008850	GWHPBPAQ003557	JLX074930.1
OG0008851	GWHPBPAQ003561	JLX073960.1
OG0008852	GWHPBPAQ003562	JLX071760.1
OG0008853	GWHPBPAQ003563	JLX075160.1
OG0008854	GWHPBPAQ003566	JLX071790.1
OG0008855	GWHPBPAQ003568	JLX069990.1
OG0008856	GWHPBPAQ003572	JLX073870.1
OG0008857	GWHPBPAQ003578	JLX070580.1
OG0008858	GWHPBPAQ003579	JLX072350.1
OG0008859	GWHPBPAQ003582	JLX070360.1
OG0008860	GWHPBPAQ003586	JLX070690.1
OG0008861	GWHPBPAQ003588	JLX070390.1
OG0008862	GWHPBPAQ003589	JLX072230.1
OG0008863	GWHPBPAQ003590	JLX074340.1
OG0008864	GWHPBPAQ003591	JLX074940.1
OG0008865	GWHPBPAQ003593	JLX075810.1
OG0008866	GWHPBPAQ003594	JLX073340.1
OG0008867	GWHPBPAQ003597	JLX070720.1
OG0008868	GWHPBPAQ003598	JLX072470.1
OG0008869	GWHPBPAQ003599	JLX073010.1
OG0008870	GWHPBPAQ003601	JLX073050.1
OG0008871	GWHPBPAQ003603	JLX074370.1
OG0008872	GWHPBPAQ003604	JLX072150.1
OG0008873	GWHPBPAQ003606	JLX073380.1
OG0008874	GWHPBPAQ003609	JLX075140.1
OG0008875	GWHPBPAQ003610	JLX075740.1
OG0008876	GWHPBPAQ003611	JLX073590.1
OG0008877	GWHPBPAQ003614	JLX071780.1
OG0008878	GWHPBPAQ003615	JLX072040.1
OG0008879	GWHPBPAQ003617	JLX070510.1
OG0008880	GWHPBPAQ003620	JLX070200.1
OG0008881	GWHPBPAQ003626	JLX073290.1
OG0008882	GWHPBPAQ003627	JLX071750.1
OG0008883	GWHPBPAQ003629	JLX075330.1
OG0008884	GWHPBPAQ003631	JLX073420.1
OG0008885	GWHPBPAQ003632	JLX071140.1
OG0008886	GWHPBPAQ003633	JLX071940.1
OG0008887	GWHPBPAQ003634	JLX074950.1
OG0008888	GWHPBPAQ003638	JLX073700.1
OG0008889	GWHPBPAQ003640	JLX075760.1
OG0008890	GWHPBPAQ003641	JLX074560.1
OG0008891	GWHPBPAQ003642	JLX074500.1
OG0008892	GWHPBPAQ003643	JLX071180.1
OG0008893	GWHPBPAQ003646	JLX073660.1
OG0008894	GWHPBPAQ003649	JLX072390.1
OG0008895	GWHPBPAQ003652	JLX074260.1
OG0008896	GWHPBPAQ003653	JLX070950.1
OG0008897	GWHPBPAQ003654	JLX075370.1
OG0008898	GWHPBPAQ003655	JLX028390.1
OG0008899	GWHPBPAQ003656	JLX028570.1
OG0008900	GWHPBPAQ003658	JLX028920.1
OG0008901	GWHPBPAQ003659	JLX027810.1
OG0008902	GWHPBPAQ003660	JLX029380.1
OG0008903	GWHPBPAQ003661	JLX029190.1
OG0008904	GWHPBPAQ003662	JLX027940.1
OG0008905	GWHPBPAQ003663	JLX028810.1
OG0008906	GWHPBPAQ003665	JLX028560.1
OG0008907	GWHPBPAQ003666	JLX028510.1
OG0008908	GWHPBPAQ003667	JLX029390.1
OG0008909	GWHPBPAQ003668	JLX027820.1
OG0008910	GWHPBPAQ003671	JLX028250.1
OG0008911	GWHPBPAQ003673	JLX028970.1
OG0008912	GWHPBPAQ003677	JLX027840.1
OG0008913	GWHPBPAQ003678	JLX028350.1
OG0008914	GWHPBPAQ003679	JLX029130.1
OG0008915	GWHPBPAQ003682	JLX027590.1
OG0008916	GWHPBPAQ003686	JLX029330.1
OG0008917	GWHPBPAQ003687	JLX028370.1
OG0008918	GWHPBPAQ003689	JLX027790.1
OG0008919	GWHPBPAQ003691	JLX028470.1
OG0008920	GWHPBPAQ003693	JLX029090.1
OG0008921	GWHPBPAQ003696	JLX027910.1
OG0008922	GWHPBPAQ003697	JLX028190.1
OG0008923	GWHPBPAQ003698	JLX029240.1
OG0008924	GWHPBPAQ003700	JLX029110.1
OG0008925	GWHPBPAQ003701	JLX028070.1
OG0008926	GWHPBPAQ003703	JLX028910.1
OG0008927	GWHPBPAQ003707	JLX028260.1
OG0008928	GWHPBPAQ003708	JLX028330.1
OG0008929	GWHPBPAQ003710	JLX028180.1
OG0008930	GWHPBPAQ003711	JLX029410.1
OG0008931	GWHPBPAQ003712	JLX028100.1
OG0008932	GWHPBPAQ003714	JLX027860.1
OG0008933	GWHPBPAQ003716	JLX029310.1
OG0008934	GWHPBPAQ003718	JLX029440.1
OG0008935	GWHPBPAQ003719	JLX027980.1
OG0008936	GWHPBPAQ003722	JLX028800.1
OG0008937	GWHPBPAQ003724	JLX028480.1
OG0008938	GWHPBPAQ003729	JLX028320.1
OG0008939	GWHPBPAQ003730	JLX028460.1
OG0008940	GWHPBPAQ003731	JLX029360.1
OG0008941	GWHPBPAQ003733	JLX029270.1
OG0008942	GWHPBPAQ003734	JLX028400.1
OG0008943	GWHPBPAQ003738, GWHPBPAQ014987	
OG0008944	GWHPBPAQ003739	JLX027900.1
OG0008945	GWHPBPAQ003740	JLX028300.1
OG0008946	GWHPBPAQ003745	JLX028960.1
OG0008947	GWHPBPAQ003749	JLX027720.1
OG0008948	GWHPBPAQ003750	JLX027620.1
OG0008949	GWHPBPAQ003751	JLX028120.1
OG0008950	GWHPBPAQ003752	JLX028940.1
OG0008951	GWHPBPAQ003756	JLX027950.1
OG0008952	GWHPBPAQ003758	JLX028950.1
OG0008953	GWHPBPAQ003759	JLX029120.1
OG0008954	GWHPBPAQ003760	JLX028280.1
OG0008955	GWHPBPAQ003761	JLX028620.1
OG0008956	GWHPBPAQ003762	JLX027880.1
OG0008957	GWHPBPAQ003764	JLX028870.1
OG0008958	GWHPBPAQ003766	JLX028670.1
OG0008959	GWHPBPAQ003767	JLX027990.1
OG0008960	GWHPBPAQ003768	JLX028000.1
OG0008961	GWHPBPAQ003769	JLX028750.1
OG0008962	GWHPBPAQ003772	JLX028550.1
OG0008963	GWHPBPAQ003775	JLX029420.1
OG0008964	GWHPBPAQ003776	JLX028860.1
OG0008965	GWHPBPAQ003777	JLX027800.1
OG0008966	GWHPBPAQ003778	JLX028240.1
OG0008967	GWHPBPAQ003779	JLX029260.1
OG0008968	GWHPBPAQ003780	JLX029080.1
OG0008969	GWHPBPAQ003782	JLX027890.1
OG0008970	GWHPBPAQ003783	JLX028630.1
OG0008971	GWHPBPAQ003785	JLX028840.1
OG0008972	GWHPBPAQ003787	JLX028410.1
OG0008973	GWHPBPAQ003788	JLX029030.1
OG0008974	GWHPBPAQ003790	JLX028650.1
OG0008975	GWHPBPAQ003792	JLX028780.1
OG0008976	GWHPBPAQ003793	JLX027970.1
OG0008977	GWHPBPAQ003796	JLX028230.1
OG0008978	GWHPBPAQ003800	JLX028610.1
OG0008979	GWHPBPAQ003801	JLX028710.1
OG0008980	GWHPBPAQ003802	JLX027660.1
OG0008981	GWHPBPAQ003804	JLX029350.1
OG0008982	GWHPBPAQ003805	JLX028660.1
OG0008983	GWHPBPAQ003807	JLX028140.1
OG0008984	GWHPBPAQ003809	JLX027730.1
OG0008985	GWHPBPAQ003811	JLX029290.1
OG0008986	GWHPBPAQ003818	JLX029180.1
OG0008987	GWHPBPAQ003819	JLX029210.1
OG0008988	GWHPBPAQ003825	JLX156080.1
OG0008989	GWHPBPAQ003826	JLX155220.1
OG0008990	GWHPBPAQ003830	JLX156330.1
OG0008991	GWHPBPAQ003832	JLX158060.1
OG0008992	GWHPBPAQ003837	JLX157750.1
OG0008993	GWHPBPAQ003838	JLX155390.1
OG0008994	GWHPBPAQ003839	JLX155890.1
OG0008995	GWHPBPAQ003845	JLX157970.1
OG0008996	GWHPBPAQ003846	JLX156150.1
OG0008997	GWHPBPAQ003847	JLX157190.1
OG0008998	GWHPBPAQ003848	JLX156060.1
OG0008999	GWHPBPAQ003849	JLX155800.1
OG0009000	GWHPBPAQ003851	JLX155980.1
OG0009001	GWHPBPAQ003860	JLX156540.1
OG0009002	GWHPBPAQ003862	JLX155290.1
OG0009003	GWHPBPAQ003863	JLX156350.1
OG0009004	GWHPBPAQ003864	JLX155880.1
OG0009005	GWHPBPAQ003865	JLX158230.1
OG0009006	GWHPBPAQ003866	JLX157800.1
OG0009007	GWHPBPAQ003867	JLX155470.1
OG0009008	GWHPBPAQ003868	JLX156010.1
OG0009009	GWHPBPAQ003869	JLX157680.1
OG0009010	GWHPBPAQ003871	JLX156510.1
OG0009011	GWHPBPAQ003874	JLX157610.1
OG0009012	GWHPBPAQ003878	JLX155690.1
OG0009013	GWHPBPAQ003887	JLX156780.1
OG0009014	GWHPBPAQ003888	JLX156120.1
OG0009015	GWHPBPAQ003890	JLX156560.1
OG0009016	GWHPBPAQ003894	JLX155740.1
OG0009017	GWHPBPAQ003897	JLX158210.1
OG0009018	GWHPBPAQ003899	JLX157310.1
OG0009019	GWHPBPAQ003900	JLX155920.1
OG0009020	GWHPBPAQ003901	JLX157980.1
OG0009021	GWHPBPAQ003902	JLX157050.1
OG0009022	GWHPBPAQ003903	JLX155500.1
OG0009023	GWHPBPAQ003904	JLX156130.1
OG0009024	GWHPBPAQ003905	JLX156980.1
OG0009025	GWHPBPAQ003909	JLX156700.1
OG0009026	GWHPBPAQ003911	JLX156480.1
OG0009027	GWHPBPAQ003915	JLX155630.1
OG0009028	GWHPBPAQ003916	JLX156590.1
OG0009029	GWHPBPAQ003918	JLX158040.1
OG0009030	GWHPBPAQ003920	JLX156470.1
OG0009031	GWHPBPAQ003921	JLX157230.1
OG0009032	GWHPBPAQ003922	JLX157100.1
OG0009033	GWHPBPAQ003925	JLX156240.1
OG0009034	GWHPBPAQ003931	JLX156600.1
OG0009035	GWHPBPAQ003933	JLX156300.1
OG0009036	GWHPBPAQ003934	JLX157150.1
OG0009037	GWHPBPAQ003935	JLX157120.1
OG0009038	GWHPBPAQ003936	JLX157730.1
OG0009039	GWHPBPAQ003937	JLX155300.1
OG0009040	GWHPBPAQ003938	JLX155330.1
OG0009041	GWHPBPAQ003939	JLX156210.1
OG0009042	GWHPBPAQ003944	JLX157440.1
OG0009043	GWHPBPAQ003945	JLX158280.1
OG0009044	GWHPBPAQ003947	JLX157890.1
OG0009045	GWHPBPAQ003951	JLX157140.1
OG0009046	GWHPBPAQ003952	JLX155620.1
OG0009047	GWHPBPAQ003953	JLX157770.1
OG0009048	GWHPBPAQ003956	JLX157090.1
OG0009049	GWHPBPAQ003957	JLX156730.1
OG0009050	GWHPBPAQ003958	JLX158090.1
OG0009051	GWHPBPAQ003959	JLX155480.1
OG0009052	GWHPBPAQ003960	JLX157830.1
OG0009053	GWHPBPAQ003963	JLX156900.1
OG0009054	GWHPBPAQ003964	JLX156030.1
OG0009055	GWHPBPAQ003965	JLX157660.1
OG0009056	GWHPBPAQ003972	JLX158170.1
OG0009057	GWHPBPAQ003975	JLX156550.1
OG0009058	GWHPBPAQ003976	JLX157640.1
OG0009059	GWHPBPAQ003979	JLX158150.1
OG0009060	GWHPBPAQ003980	JLX156820.1
OG0009061	GWHPBPAQ003981	JLX155680.1
OG0009062	GWHPBPAQ003982	JLX158130.1
OG0009063	GWHPBPAQ003985	JLX156260.1
OG0009064	GWHPBPAQ003986	JLX155410.1
OG0009065	GWHPBPAQ003988	JLX157420.1
OG0009066	GWHPBPAQ003989	JLX156750.1
OG0009067	GWHPBPAQ003996	JLX157910.1
OG0009068	GWHPBPAQ003997	JLX156290.1
OG0009069	GWHPBPAQ003998	JLX158000.1
OG0009070	GWHPBPAQ003999	JLX155750.1
OG0009071	GWHPBPAQ004001	JLX157320.1
OG0009072	GWHPBPAQ004002	JLX157220.1
OG0009073	GWHPBPAQ004003	JLX156340.1
OG0009074	GWHPBPAQ004006	JLX157740.1
OG0009075	GWHPBPAQ004008	JLX156890.1
OG0009076	GWHPBPAQ004009	JLX157200.1
OG0009077	GWHPBPAQ004015	JLX156710.1
OG0009078	GWHPBPAQ004017	JLX157350.1
OG0009079	GWHPBPAQ004018	JLX156520.1
OG0009080	GWHPBPAQ004020	JLX156990.1
OG0009081	GWHPBPAQ004024	JLX156430.1
OG0009082	GWHPBPAQ004025	JLX156810.1
OG0009083	GWHPBPAQ004027	JLX155900.1
OG0009084	GWHPBPAQ004030	JLX155730.1
OG0009085	GWHPBPAQ004031	JLX157520.1
OG0009086	GWHPBPAQ004033	JLX155910.1
OG0009087	GWHPBPAQ004034	JLX156660.1
OG0009088	GWHPBPAQ004035	JLX156270.1
OG0009089	GWHPBPAQ004036	JLX157180.1
OG0009090	GWHPBPAQ004039	JLX155430.1
OG0009091	GWHPBPAQ004041	JLX157390.1
OG0009092	GWHPBPAQ004042	JLX156530.1
OG0009093	GWHPBPAQ004043	JLX155930.1
OG0009094	GWHPBPAQ004044	JLX157820.1
OG0009095	GWHPBPAQ004045	JLX157020.1
OG0009096	GWHPBPAQ004048	JLX157880.1
OG0009097	GWHPBPAQ004049	JLX157000.1
OG0009098	GWHPBPAQ004051	JLX158020.1
OG0009099	GWHPBPAQ004053	JLX157590.1
OG0009100	GWHPBPAQ004054	JLX155460.1
OG0009101	GWHPBPAQ004056	JLX155850.1
OG0009102	GWHPBPAQ004058	JLX157860.1
OG0009103	GWHPBPAQ004059	JLX155650.1
OG0009104	GWHPBPAQ004060	JLX156280.1
OG0009105	GWHPBPAQ004061	JLX157110.1
OG0009106	GWHPBPAQ004062	JLX156070.1
OG0009107	GWHPBPAQ004063	JLX155580.1
OG0009108	GWHPBPAQ004067	JLX156410.1
OG0009109	GWHPBPAQ004071	JLX157430.1
OG0009110	GWHPBPAQ004073	JLX158140.1
OG0009111	GWHPBPAQ004074	JLX155840.1
OG0009112	GWHPBPAQ004075	JLX156620.1
OG0009113	GWHPBPAQ004076	JLX156940.1
OG0009114	GWHPBPAQ004077	JLX157780.1
OG0009115	GWHPBPAQ004079	JLX156880.1
OG0009116	GWHPBPAQ004080	JLX155490.1
OG0009117	GWHPBPAQ004083	JLX155530.1
OG0009118	GWHPBPAQ004086	JLX156680.1
OG0009119	GWHPBPAQ004087	JLX158160.1
OG0009120	GWHPBPAQ004090	JLX157950.1
OG0009121	GWHPBPAQ004092	JLX158260.1
OG0009122	GWHPBPAQ004093	JLX155200.1
OG0009123	GWHPBPAQ004095	JLX157300.1
OG0009124	GWHPBPAQ004096	JLX157990.1
OG0009125	GWHPBPAQ004099	JLX155540.1
OG0009126	GWHPBPAQ004101	JLX157010.1
OG0009127	GWHPBPAQ004102	JLX155370.1
OG0009128	GWHPBPAQ004105	JLX158010.1
OG0009129	GWHPBPAQ004107	JLX157070.1
OG0009130	GWHPBPAQ004108	JLX155660.1
OG0009131	GWHPBPAQ004110	JLX157060.1
OG0009132	GWHPBPAQ004112	JLX156690.1
OG0009133	GWHPBPAQ004115	JLX155860.1
OG0009134	GWHPBPAQ004116	JLX155990.1
OG0009135	GWHPBPAQ004117	JLX156860.1
OG0009136	GWHPBPAQ004118	JLX155970.1
OG0009137	GWHPBPAQ004120	JLX156630.1
OG0009138	GWHPBPAQ004124	JLX157170.1
OG0009139	GWHPBPAQ004126	JLX155270.1
OG0009140	GWHPBPAQ004134	JLX156180.1
OG0009141	GWHPBPAQ004138	JLX157400.1
OG0009142	GWHPBPAQ004139	JLX155230.1
OG0009143	GWHPBPAQ004141	JLX155440.1
OG0009144	GWHPBPAQ004143, GWHPBPAQ013021	
OG0009145	GWHPBPAQ004144	JLX155700.1
OG0009146	GWHPBPAQ004145	JLX156390.1
OG0009147	GWHPBPAQ004147	JLX157030.1
OG0009148	GWHPBPAQ004148	JLX157710.1
OG0009149	GWHPBPAQ004162	JLX009570.1
OG0009150	GWHPBPAQ004167	JLX008510.1
OG0009151	GWHPBPAQ004168	JLX009450.1
OG0009152	GWHPBPAQ004170	JLX009440.1
OG0009153	GWHPBPAQ004174	JLX009200.1
OG0009154	GWHPBPAQ004176	JLX009230.1
OG0009155	GWHPBPAQ004180	JLX009830.1
OG0009156	GWHPBPAQ004183	JLX009390.1
OG0009157	GWHPBPAQ004187	JLX008920.1
OG0009158	GWHPBPAQ004189	JLX009080.1
OG0009159	GWHPBPAQ004193	JLX009550.1
OG0009160	GWHPBPAQ004194	JLX008850.1
OG0009161	GWHPBPAQ004199	JLX009410.1
OG0009162	GWHPBPAQ004202	JLX009680.1
OG0009163	GWHPBPAQ004205	JLX008700.1
OG0009164	GWHPBPAQ004206	JLX009400.1
OG0009165	GWHPBPAQ004207	JLX008590.1
OG0009166	GWHPBPAQ004209	JLX008820.1
OG0009167	GWHPBPAQ004210	JLX009750.1
OG0009168	GWHPBPAQ004214	JLX009040.1
OG0009169	GWHPBPAQ004215	JLX009630.1
OG0009170	GWHPBPAQ004217	JLX008710.1
OG0009171	GWHPBPAQ004218	JLX009820.1
OG0009172	GWHPBPAQ004221	JLX009340.1
OG0009173	GWHPBPAQ004222	JLX008490.1
OG0009174	GWHPBPAQ004223	JLX009870.1
OG0009175	GWHPBPAQ004224	JLX008970.1
OG0009176	GWHPBPAQ004225	JLX009000.1
OG0009177	GWHPBPAQ004226	JLX009760.1
OG0009178	GWHPBPAQ004232	JLX009560.1
OG0009179	GWHPBPAQ004234	JLX008730.1
OG0009180	GWHPBPAQ004236	JLX009530.1
OG0009181	GWHPBPAQ004237	JLX009070.1
OG0009182	GWHPBPAQ004238	JLX009690.1
OG0009183	GWHPBPAQ004241	JLX008570.1
OG0009184	GWHPBPAQ004243	JLX008560.1
OG0009185	GWHPBPAQ004244	JLX009580.1
OG0009186	GWHPBPAQ004247	JLX009030.1
OG0009187	GWHPBPAQ004248	JLX008900.1
OG0009188	GWHPBPAQ004249	JLX009840.1
OG0009189	GWHPBPAQ004252	JLX009010.1
OG0009190	GWHPBPAQ004253	JLX009930.1
OG0009191	GWHPBPAQ004254	JLX008600.1
OG0009192	GWHPBPAQ004256	JLX008660.1
OG0009193	GWHPBPAQ004257	JLX009060.1
OG0009194	GWHPBPAQ004258	JLX008980.1
OG0009195	GWHPBPAQ004259	JLX008500.1
OG0009196	GWHPBPAQ004260	JLX008780.1
OG0009197	GWHPBPAQ004262	JLX008940.1
OG0009198	GWHPBPAQ004263	JLX009860.1
OG0009199	GWHPBPAQ004264	JLX009420.1
OG0009200	GWHPBPAQ004266	JLX009710.1
OG0009201	GWHPBPAQ004269	JLX009290.1
OG0009202	GWHPBPAQ004271	JLX009430.1
OG0009203	GWHPBPAQ004277	JLX009790.1
OG0009204	GWHPBPAQ004279	JLX008960.1
OG0009205	GWHPBPAQ004281	JLX008860.1
OG0009206	GWHPBPAQ004282	JLX009370.1
OG0009207	GWHPBPAQ004286	JLX009310.1
OG0009208	GWHPBPAQ004287	JLX009810.1
OG0009209	GWHPBPAQ004289	JLX009510.1
OG0009210	GWHPBPAQ004290	JLX008760.1
OG0009211	GWHPBPAQ004304	JLX009110.1
OG0009212	GWHPBPAQ004314	JLX091320.1
OG0009213	GWHPBPAQ004316	JLX092470.1
OG0009214	GWHPBPAQ004317	JLX092270.1
OG0009215	GWHPBPAQ004319	JLX093100.1
OG0009216	GWHPBPAQ004320	JLX091640.1
OG0009217	GWHPBPAQ004322	JLX091200.1
OG0009218	GWHPBPAQ004327	JLX092610.1
OG0009219	GWHPBPAQ004328	JLX092780.1
OG0009220	GWHPBPAQ004331	JLX092570.1
OG0009221	GWHPBPAQ004332	JLX091470.1
OG0009222	GWHPBPAQ004333	JLX092420.1
OG0009223	GWHPBPAQ004334	JLX091570.1
OG0009224	GWHPBPAQ004335	JLX092550.1
OG0009225	GWHPBPAQ004337	JLX093010.1
OG0009226	GWHPBPAQ004340	JLX092390.1
OG0009227	GWHPBPAQ004342	JLX093150.1
OG0009228	GWHPBPAQ004343	JLX092430.1
OG0009229	GWHPBPAQ004344	JLX092160.1
OG0009230	GWHPBPAQ004345	JLX091000.1
OG0009231	GWHPBPAQ004347	JLX092600.1
OG0009232	GWHPBPAQ004360	JLX091150.1
OG0009233	GWHPBPAQ004362	JLX092790.1
OG0009234	GWHPBPAQ004364	JLX092990.1
OG0009235	GWHPBPAQ004365	JLX091520.1
OG0009236	GWHPBPAQ004371	JLX091820.1
OG0009237	GWHPBPAQ004372	JLX091270.1
OG0009238	GWHPBPAQ004373	JLX092200.1
OG0009239	GWHPBPAQ004380, GWHPBPAQ009868	
OG0009240	GWHPBPAQ004386	JLX091340.1
OG0009241	GWHPBPAQ004387	JLX092500.1
OG0009242	GWHPBPAQ004389	JLX091580.1
OG0009243	GWHPBPAQ004391	JLX092400.1
OG0009244	GWHPBPAQ004394	JLX092370.1
OG0009245	GWHPBPAQ004395	JLX091460.1
OG0009246	GWHPBPAQ004399	JLX091950.1
OG0009247	GWHPBPAQ004400	JLX092800.1
OG0009248	GWHPBPAQ004402	JLX091710.1
OG0009249	GWHPBPAQ004404	JLX091190.1
OG0009250	GWHPBPAQ004406	JLX091780.1
OG0009251	GWHPBPAQ004407	JLX091540.1
OG0009252	GWHPBPAQ004409	JLX091790.1
OG0009253	GWHPBPAQ004410	JLX092020.1
OG0009254	GWHPBPAQ004411	JLX092680.1
OG0009255	GWHPBPAQ004415	JLX091770.1
OG0009256	GWHPBPAQ004417	JLX092190.1
OG0009257	GWHPBPAQ004420	JLX092640.1
OG0009258	GWHPBPAQ004423	JLX091980.1
OG0009259	GWHPBPAQ004424	JLX092960.1
OG0009260	GWHPBPAQ004425	JLX093110.1
OG0009261	GWHPBPAQ004427	JLX093000.1
OG0009262	GWHPBPAQ004429	JLX091970.1
OG0009263	GWHPBPAQ004431	JLX092260.1
OG0009264	GWHPBPAQ004433	JLX091020.1
OG0009265	GWHPBPAQ004434	JLX092690.1
OG0009266	GWHPBPAQ004437	JLX091940.1
OG0009267	GWHPBPAQ004443	JLX091630.1
OG0009268	GWHPBPAQ004447	JLX093140.1
OG0009269	GWHPBPAQ004448	JLX091450.1
OG0009270	GWHPBPAQ004449	JLX092700.1
OG0009271	GWHPBPAQ004450	JLX091440.1
OG0009272	GWHPBPAQ004451	JLX092750.1
OG0009273	GWHPBPAQ004452, GWHPBPAQ009704	
OG0009274	GWHPBPAQ004457	JLX093240.1
OG0009275	GWHPBPAQ004458	JLX091010.1
OG0009276	GWHPBPAQ004459	JLX092330.1
OG0009277	GWHPBPAQ004461	JLX092740.1
OG0009278	GWHPBPAQ004462	JLX092860.1
OG0009279	GWHPBPAQ004463	JLX091360.1
OG0009280	GWHPBPAQ004465	JLX090980.1
OG0009281	GWHPBPAQ004466	JLX091650.1
OG0009282	GWHPBPAQ004467	JLX092410.1
OG0009283	GWHPBPAQ004468	JLX091040.1
OG0009284	GWHPBPAQ004469	JLX092170.1
OG0009285	GWHPBPAQ004471	JLX093020.1
OG0009286	GWHPBPAQ004474	JLX091840.1
OG0009287	GWHPBPAQ004476	JLX092010.1
OG0009288	GWHPBPAQ004477	JLX093120.1
OG0009289	GWHPBPAQ004479	JLX091880.1
OG0009290	GWHPBPAQ004480	JLX093220.1
OG0009291	GWHPBPAQ004481	JLX092100.1
OG0009292	GWHPBPAQ004491	JLX223620.1
OG0009293	GWHPBPAQ004492	JLX226180.1
OG0009294	GWHPBPAQ004494	JLX224020.1
OG0009295	GWHPBPAQ004495	JLX225210.1
OG0009296	GWHPBPAQ004496	JLX224130.1
OG0009297	GWHPBPAQ004498	JLX226840.1
OG0009298	GWHPBPAQ004499	JLX225530.1
OG0009299	GWHPBPAQ004500	JLX225280.1
OG0009300	GWHPBPAQ004501	JLX224720.1
OG0009301	GWHPBPAQ004503	JLX226960.1
OG0009302	GWHPBPAQ004504	JLX225470.1
OG0009303	GWHPBPAQ004505	JLX226430.1
OG0009304	GWHPBPAQ004506	JLX225020.1
OG0009305	GWHPBPAQ004507	JLX222680.1
OG0009306	GWHPBPAQ004508	JLX223030.1
OG0009307	GWHPBPAQ004509	JLX226570.1
OG0009308	GWHPBPAQ004511	JLX225450.1
OG0009309	GWHPBPAQ004514	JLX224530.1
OG0009310	GWHPBPAQ004517	JLX222400.1
OG0009311	GWHPBPAQ004518	JLX223110.1
OG0009312	GWHPBPAQ004519	JLX226670.1
OG0009313	GWHPBPAQ004522	JLX223640.1
OG0009314	GWHPBPAQ004523	JLX222320.1
OG0009315	GWHPBPAQ004527	JLX226770.1
OG0009316	GWHPBPAQ004528	JLX223660.1
OG0009317	GWHPBPAQ004529	JLX223080.1
OG0009318	GWHPBPAQ004530	JLX226790.1
OG0009319	GWHPBPAQ004533	JLX224410.1
OG0009320	GWHPBPAQ004534, GWHPBPAQ020276	
OG0009321	GWHPBPAQ004536	JLX222520.1
OG0009322	GWHPBPAQ004537	JLX226890.1
OG0009323	GWHPBPAQ004538	JLX224850.1
OG0009324	GWHPBPAQ004540	JLX226660.1
OG0009325	GWHPBPAQ004542	JLX222670.1
OG0009326	GWHPBPAQ004543	JLX224460.1
OG0009327	GWHPBPAQ004544	JLX224760.1
OG0009328	GWHPBPAQ004545	JLX226870.1
OG0009329	GWHPBPAQ004547	JLX222470.1
OG0009330	GWHPBPAQ004549	JLX222970.1
OG0009331	GWHPBPAQ004552	JLX223940.1
OG0009332	GWHPBPAQ004554	JLX226940.1
OG0009333	GWHPBPAQ004555	JLX225510.1
OG0009334	GWHPBPAQ004556	JLX224030.1
OG0009335	GWHPBPAQ004557	JLX226370.1
OG0009336	GWHPBPAQ004560	JLX223390.1
OG0009337	GWHPBPAQ004561	JLX225870.1
OG0009338	GWHPBPAQ004563	JLX226210.1
OG0009339	GWHPBPAQ004564	JLX224700.1
OG0009340	GWHPBPAQ004567	JLX226000.1
OG0009341	GWHPBPAQ004568	JLX224330.1
OG0009342	GWHPBPAQ004569	JLX222710.1
OG0009343	GWHPBPAQ004571	JLX223150.1
OG0009344	GWHPBPAQ004572	JLX226010.1
OG0009345	GWHPBPAQ004578	JLX227030.1
OG0009346	GWHPBPAQ004579	JLX225310.1
OG0009347	GWHPBPAQ004581	JLX223600.1
OG0009348	GWHPBPAQ004582	JLX224290.1
OG0009349	GWHPBPAQ004588	JLX226320.1
OG0009350	GWHPBPAQ004590	JLX224710.1
OG0009351	GWHPBPAQ004592	JLX225520.1
OG0009352	GWHPBPAQ004593	JLX222830.1
OG0009353	GWHPBPAQ004594	JLX223460.1
OG0009354	GWHPBPAQ004596	JLX226410.1
OG0009355	GWHPBPAQ004598	JLX222360.1
OG0009356	GWHPBPAQ004599	JLX223490.1
OG0009357	GWHPBPAQ004601	JLX224870.1
OG0009358	GWHPBPAQ004603	JLX223260.1
OG0009359	GWHPBPAQ004605	JLX226980.1
OG0009360	GWHPBPAQ004606	JLX225720.1
OG0009361	GWHPBPAQ004607	JLX225940.1
OG0009362	GWHPBPAQ004608	JLX222980.1
OG0009363	GWHPBPAQ004609	JLX223890.1
OG0009364	GWHPBPAQ004611	JLX223360.1
OG0009365	GWHPBPAQ004612	JLX225830.1
OG0009366	GWHPBPAQ004613	JLX225090.1
OG0009367	GWHPBPAQ004614	JLX223750.1
OG0009368	GWHPBPAQ004615	JLX222480.1
OG0009369	GWHPBPAQ004619	JLX225120.1
OG0009370	GWHPBPAQ004620	JLX223950.1
OG0009371	GWHPBPAQ004621	JLX222450.1
OG0009372	GWHPBPAQ004622, GWHPBPAQ018778	
OG0009373	GWHPBPAQ004623	JLX224880.1
OG0009374	GWHPBPAQ004629	JLX224180.1
OG0009375	GWHPBPAQ004630	JLX224540.1
OG0009376	GWHPBPAQ004633	JLX224940.1
OG0009377	GWHPBPAQ004635	JLX223320.1
OG0009378	GWHPBPAQ004638	JLX225640.1
OG0009379	GWHPBPAQ004639	JLX224370.1
OG0009380	GWHPBPAQ004641	JLX222340.1
OG0009381	GWHPBPAQ004642	JLX226260.1
OG0009382	GWHPBPAQ004643	JLX222330.1
OG0009383	GWHPBPAQ004646	JLX224740.1
OG0009384	GWHPBPAQ004647	JLX225590.1
OG0009385	GWHPBPAQ004648	JLX224280.1
OG0009386	GWHPBPAQ004650	JLX226330.1
OG0009387	GWHPBPAQ004651	JLX224660.1
OG0009388	GWHPBPAQ004652	JLX224470.1
OG0009389	GWHPBPAQ004653	JLX222750.1
OG0009390	GWHPBPAQ004654	JLX226040.1
OG0009391	GWHPBPAQ004657	JLX226950.1
OG0009392	GWHPBPAQ004658	JLX222420.1
OG0009393	GWHPBPAQ004660	JLX225300.1
OG0009394	GWHPBPAQ004662	JLX224960.1
OG0009395	GWHPBPAQ004663	JLX223090.1
OG0009396	GWHPBPAQ004664	JLX222560.1
OG0009397	GWHPBPAQ004665	JLX223420.1
OG0009398	GWHPBPAQ004666	JLX223800.1
OG0009399	GWHPBPAQ004667	JLX223240.1
OG0009400	GWHPBPAQ004668	JLX225920.1
OG0009401	GWHPBPAQ004670	JLX223300.1
OG0009402	GWHPBPAQ004673	JLX225750.1
OG0009403	GWHPBPAQ004682	JLX223730.1
OG0009404	GWHPBPAQ004685	JLX224040.1
OG0009405	GWHPBPAQ004686	JLX224550.1
OG0009406	GWHPBPAQ004688	JLX226310.1
OG0009407	GWHPBPAQ004690	JLX225570.1
OG0009408	GWHPBPAQ004691	JLX222570.1
OG0009409	GWHPBPAQ004697	JLX225010.1
OG0009410	GWHPBPAQ004700	JLX224950.1
OG0009411	GWHPBPAQ004703	JLX223650.1
OG0009412	GWHPBPAQ004704	JLX224780.1
OG0009413	GWHPBPAQ004705	JLX226170.1
OG0009414	GWHPBPAQ004706	JLX222550.1
OG0009415	GWHPBPAQ004711	JLX224510.1
OG0009416	GWHPBPAQ004713	JLX225860.1
OG0009417	GWHPBPAQ004714	JLX223250.1
OG0009418	GWHPBPAQ004715	JLX224390.1
OG0009419	GWHPBPAQ004717	JLX226050.1
OG0009420	GWHPBPAQ004719	JLX224010.1
OG0009421	GWHPBPAQ004720, GWHPBPAQ017673	
OG0009422	GWHPBPAQ004721	JLX226800.1
OG0009423	GWHPBPAQ004722	JLX224860.1
OG0009424	GWHPBPAQ004725	JLX222430.1
OG0009425	GWHPBPAQ004726	JLX223840.1
OG0009426	GWHPBPAQ004727	JLX225730.1
OG0009427	GWHPBPAQ004730	JLX224450.1
OG0009428	GWHPBPAQ004731	JLX223310.1
OG0009429	GWHPBPAQ004736	JLX225360.1
OG0009430	GWHPBPAQ004738	JLX223060.1
OG0009431	GWHPBPAQ004740	JLX225500.1
OG0009432	GWHPBPAQ004741	JLX224360.1
OG0009433	GWHPBPAQ004742	JLX222880.1
OG0009434	GWHPBPAQ004744	JLX223930.1
OG0009435	GWHPBPAQ004745	JLX222690.1
OG0009436	GWHPBPAQ004746	JLX226740.1
OG0009437	GWHPBPAQ004748	JLX225190.1
OG0009438	GWHPBPAQ004749	JLX224110.1
OG0009439	GWHPBPAQ004750	JLX225910.1
OG0009440	GWHPBPAQ004752	JLX223960.1
OG0009441	GWHPBPAQ004753	JLX222870.1
OG0009442	GWHPBPAQ004754	JLX223630.1
OG0009443	GWHPBPAQ004755	JLX225140.1
OG0009444	GWHPBPAQ004756	JLX226060.1
OG0009445	GWHPBPAQ004757	JLX223900.1
OG0009446	GWHPBPAQ004758	JLX224170.1
OG0009447	GWHPBPAQ004759	JLX225320.1
OG0009448	GWHPBPAQ004760	JLX226690.1
OG0009449	GWHPBPAQ004761	JLX226230.1
OG0009450	GWHPBPAQ004763	JLX222810.1
OG0009451	GWHPBPAQ004767	JLX224590.1
OG0009452	GWHPBPAQ004769	JLX226810.1
OG0009453	GWHPBPAQ004771	JLX226590.1
OG0009454	GWHPBPAQ004773	JLX224230.1
OG0009455	GWHPBPAQ004778	JLX223690.1
OG0009456	GWHPBPAQ004779	JLX225180.1
OG0009457	GWHPBPAQ004780	JLX223000.1
OG0009458	GWHPBPAQ004781	JLX224260.1
OG0009459	GWHPBPAQ004785	JLX227050.1
OG0009460	GWHPBPAQ004788	JLX226640.1
OG0009461	GWHPBPAQ004790	JLX224120.1
OG0009462	GWHPBPAQ004791	JLX224890.1
OG0009463	GWHPBPAQ004792	JLX223550.1
OG0009464	GWHPBPAQ004794	JLX225880.1
OG0009465	GWHPBPAQ004795	JLX224790.1
OG0009466	GWHPBPAQ004797	JLX222820.1
OG0009467	GWHPBPAQ004798	JLX226360.1
OG0009468	GWHPBPAQ004803	JLX226780.1
OG0009469	GWHPBPAQ004806	JLX223160.1
OG0009470	GWHPBPAQ004807	JLX224910.1
OG0009471	GWHPBPAQ004808	JLX223220.1
OG0009472	GWHPBPAQ004809	JLX226200.1
OG0009473	GWHPBPAQ004810	JLX224800.1
OG0009474	GWHPBPAQ004811	JLX225960.1
OG0009475	GWHPBPAQ004812	JLX226100.1
OG0009476	GWHPBPAQ004813	JLX226620.1
OG0009477	GWHPBPAQ004816	JLX223880.1
OG0009478	GWHPBPAQ004819	JLX226510.1
OG0009479	GWHPBPAQ004820	JLX223480.1
OG0009480	GWHPBPAQ004822	JLX226730.1
OG0009481	GWHPBPAQ004829	JLX223700.1
OG0009482	GWHPBPAQ004832	JLX222610.1
OG0009483	GWHPBPAQ004833	JLX222940.1
OG0009484	GWHPBPAQ004836	JLX223130.1
OG0009485	GWHPBPAQ004843	JLX222380.1
OG0009486	GWHPBPAQ004844	JLX224830.1
OG0009487	GWHPBPAQ004846	JLX224970.1
OG0009488	GWHPBPAQ004847	JLX223740.1
OG0009489	GWHPBPAQ004848	JLX222780.1
OG0009490	GWHPBPAQ004849	JLX226270.1
OG0009491	GWHPBPAQ004852	JLX224220.1
OG0009492	GWHPBPAQ004860	JLX223050.1
OG0009493	GWHPBPAQ004861	JLX223860.1
OG0009494	GWHPBPAQ004862	JLX226470.1
OG0009495	GWHPBPAQ004863	JLX225800.1
OG0009496	GWHPBPAQ004865	JLX224420.1
OG0009497	GWHPBPAQ004868	JLX223560.1
OG0009498	GWHPBPAQ004871	JLX225110.1
OG0009499	GWHPBPAQ004874	JLX223010.1
OG0009500	GWHPBPAQ004875	JLX225460.1
OG0009501	GWHPBPAQ004876	JLX224320.1
OG0009502	GWHPBPAQ004878	JLX222580.1
OG0009503	GWHPBPAQ004882	JLX226920.1
OG0009504	GWHPBPAQ004883	JLX223680.1
OG0009505	GWHPBPAQ004885	JLX225840.1
OG0009506	GWHPBPAQ004886	JLX223370.1
OG0009507	GWHPBPAQ004887	JLX224730.1
OG0009508	GWHPBPAQ004888	JLX225050.1
OG0009509	GWHPBPAQ004889	JLX223920.1
OG0009510	GWHPBPAQ004890	JLX222950.1
OG0009511	GWHPBPAQ004893	JLX225900.1
OG0009512	GWHPBPAQ004899	JLX226760.1
OG0009513	GWHPBPAQ004900	JLX225340.1
OG0009514	GWHPBPAQ004901	JLX224500.1
OG0009515	GWHPBPAQ004904	JLX223410.1
OG0009516	GWHPBPAQ004906	JLX224200.1
OG0009517	GWHPBPAQ004909	JLX226680.1
OG0009518	GWHPBPAQ004911	JLX226930.1
OG0009519	GWHPBPAQ004912	JLX225200.1
OG0009520	GWHPBPAQ004913	JLX223590.1
OG0009521	GWHPBPAQ004914	JLX222740.1
OG0009522	GWHPBPAQ004916	JLX224050.1
OG0009523	GWHPBPAQ004920	JLX224160.1
OG0009524	GWHPBPAQ004922	JLX223760.1
OG0009525	GWHPBPAQ004923	JLX224840.1
OG0009526	GWHPBPAQ004930	JLX222630.1
OG0009527	GWHPBPAQ004931	JLX225580.1
OG0009528	GWHPBPAQ004933	JLX226650.1
OG0009529	GWHPBPAQ004934	JLX225600.1
OG0009530	GWHPBPAQ004937	JLX225610.1
OG0009531	GWHPBPAQ004940	JLX226150.1
OG0009532	GWHPBPAQ004943	JLX224270.1
OG0009533	GWHPBPAQ004944	JLX222800.1
OG0009534	GWHPBPAQ004948	JLX226220.1
OG0009535	GWHPBPAQ004949	JLX222730.1
OG0009536	GWHPBPAQ004950	JLX224490.1
OG0009537	GWHPBPAQ004953	JLX223280.1
OG0009538	GWHPBPAQ004955	JLX222700.1
OG0009539	GWHPBPAQ004959	JLX224430.1
OG0009540	GWHPBPAQ004962	JLX223340.1
OG0009541	GWHPBPAQ004963	JLX226250.1
OG0009542	GWHPBPAQ004965	JLX223510.1
OG0009543	GWHPBPAQ004966	JLX222790.1
OG0009544	GWHPBPAQ004967	JLX222660.1
OG0009545	GWHPBPAQ004968	JLX226390.1
OG0009546	GWHPBPAQ004971	JLX223870.1
OG0009547	GWHPBPAQ004972	JLX226610.1
OG0009548	GWHPBPAQ004973	JLX225550.1
OG0009549	GWHPBPAQ004975	JLX223430.1
OG0009550	GWHPBPAQ004978	JLX222490.1
OG0009551	GWHPBPAQ004981	JLX226830.1
OG0009552	GWHPBPAQ004983	JLX223990.1
OG0009553	GWHPBPAQ004985	JLX223330.1
OG0009554	GWHPBPAQ004986	JLX226090.1
OG0009555	GWHPBPAQ004988	JLX224190.1
OG0009556	GWHPBPAQ004992	JLX224340.1
OG0009557	GWHPBPAQ004996	JLX210900.1
OG0009558	GWHPBPAQ005001	JLX211920.1
OG0009559	GWHPBPAQ005003	JLX212560.1
OG0009560	GWHPBPAQ005004	JLX211860.1
OG0009561	GWHPBPAQ005005	JLX212870.1
OG0009562	GWHPBPAQ005009	JLX212730.1
OG0009563	GWHPBPAQ005011	JLX211030.1
OG0009564	GWHPBPAQ005012	JLX211890.1
OG0009565	GWHPBPAQ005013, GWHPBPAQ016168	
OG0009566	GWHPBPAQ005015	JLX212280.1
OG0009567	GWHPBPAQ005017	JLX210880.1
OG0009568	GWHPBPAQ005023	JLX211980.1
OG0009569	GWHPBPAQ005029	JLX211210.1
OG0009570	GWHPBPAQ005030	JLX212860.1
OG0009571	GWHPBPAQ005031	JLX212330.1
OG0009572	GWHPBPAQ005033	JLX211000.1
OG0009573	GWHPBPAQ005034	JLX211330.1
OG0009574	GWHPBPAQ005039	JLX211110.1
OG0009575	GWHPBPAQ005040	JLX212160.1
OG0009576	GWHPBPAQ005044	JLX211930.1
OG0009577	GWHPBPAQ005045	JLX210870.1
OG0009578	GWHPBPAQ005046	JLX212290.1
OG0009579	GWHPBPAQ005047	JLX212690.1
OG0009580	GWHPBPAQ005048	JLX211520.1
OG0009581	GWHPBPAQ005050	JLX212810.1
OG0009582	GWHPBPAQ005054	JLX212680.1
OG0009583	GWHPBPAQ005059	JLX212380.1
OG0009584	GWHPBPAQ005060	JLX212900.1
OG0009585	GWHPBPAQ005064	JLX212520.1
OG0009586	GWHPBPAQ005070	JLX211080.1
OG0009587	GWHPBPAQ005076	JLX211950.1
OG0009588	GWHPBPAQ005080	JLX212720.1
OG0009589	GWHPBPAQ005083	JLX212140.1
OG0009590	GWHPBPAQ005084	JLX210960.1
OG0009591	GWHPBPAQ005086	JLX212420.1
OG0009592	GWHPBPAQ005087	JLX211010.1
OG0009593	GWHPBPAQ005088	JLX212060.1
OG0009594	GWHPBPAQ005089	JLX212010.1
OG0009595	GWHPBPAQ005091	JLX210930.1
OG0009596	GWHPBPAQ005095	JLX211350.1
OG0009597	GWHPBPAQ005096	JLX211420.1
OG0009598	GWHPBPAQ005097	JLX212770.1
OG0009599	GWHPBPAQ005098	JLX211500.1
OG0009600	GWHPBPAQ005099	JLX211130.1
OG0009601	GWHPBPAQ005100	JLX210940.1
OG0009602	GWHPBPAQ005101	JLX212400.1
OG0009603	GWHPBPAQ005102	JLX211810.1
OG0009604	GWHPBPAQ005104	JLX211470.1
OG0009605	GWHPBPAQ005105	JLX211830.1
OG0009606	GWHPBPAQ005106, GWHPBPAQ015114	
OG0009607	GWHPBPAQ005110	JLX210980.1
OG0009608	GWHPBPAQ005112	JLX211400.1
OG0009609	GWHPBPAQ005114	JLX211910.1
OG0009610	GWHPBPAQ005115	JLX211190.1
OG0009611	GWHPBPAQ005118	JLX211280.1
OG0009612	GWHPBPAQ005120	JLX212270.1
OG0009613	GWHPBPAQ005122	JLX212120.1
OG0009614	GWHPBPAQ005123	JLX212890.1
OG0009615	GWHPBPAQ005126	JLX211170.1
OG0009616	GWHPBPAQ005129	JLX211590.1
OG0009617	GWHPBPAQ005130	JLX211430.1
OG0009618	GWHPBPAQ005131	JLX211940.1
OG0009619	GWHPBPAQ005132	JLX210840.1
OG0009620	GWHPBPAQ005137	JLX212910.1
OG0009621	GWHPBPAQ005139	JLX211140.1
OG0009622	GWHPBPAQ005140	JLX212640.1
OG0009623	GWHPBPAQ005141	JLX211020.1
OG0009624	GWHPBPAQ005142	JLX211780.1
OG0009625	GWHPBPAQ005149	JLX211990.1
OG0009626	GWHPBPAQ005150	JLX212750.1
OG0009627	GWHPBPAQ005153	JLX212300.1
OG0009628	GWHPBPAQ005154	JLX212320.1
OG0009629	GWHPBPAQ005158	JLX211640.1
OG0009630	GWHPBPAQ005159	JLX212210.1
OG0009631	GWHPBPAQ005160	JLX211340.1
OG0009632	GWHPBPAQ005163	JLX211630.1
OG0009633	GWHPBPAQ005166	JLX212220.1
OG0009634	GWHPBPAQ005167	JLX212350.1
OG0009635	GWHPBPAQ005168	JLX212490.1
OG0009636	GWHPBPAQ005170	JLX211040.1
OG0009637	GWHPBPAQ005171	JLX212440.1
OG0009638	GWHPBPAQ005172	JLX212390.1
OG0009639	GWHPBPAQ005173	JLX211200.1
OG0009640	GWHPBPAQ005176	JLX211600.1
OG0009641	GWHPBPAQ005177	JLX210830.1
OG0009642	GWHPBPAQ005179	JLX212100.1
OG0009643	GWHPBPAQ005180	JLX211230.1
OG0009644	GWHPBPAQ005181	JLX211710.1
OG0009645	GWHPBPAQ005182	JLX212250.1
OG0009646	GWHPBPAQ005183	JLX211370.1
OG0009647	GWHPBPAQ005186	JLX211540.1
OG0009648	GWHPBPAQ005189	JLX212570.1
OG0009649	GWHPBPAQ005190	JLX211820.1
OG0009650	GWHPBPAQ005192	JLX212540.1
OG0009651	GWHPBPAQ005193	JLX211900.1
OG0009652	GWHPBPAQ005194	JLX211160.1
OG0009653	GWHPBPAQ005196	JLX212240.1
OG0009654	GWHPBPAQ005199	JLX212480.1
OG0009655	GWHPBPAQ005201	JLX211880.1
OG0009656	GWHPBPAQ005208	JLX212310.1
OG0009657	GWHPBPAQ005209	JLX211090.1
OG0009658	GWHPBPAQ005210	JLX212360.1
OG0009659	GWHPBPAQ005212	JLX212580.1
OG0009660	GWHPBPAQ005213	JLX211680.1
OG0009661	GWHPBPAQ005214	JLX212840.1
OG0009662	GWHPBPAQ005217	JLX211730.1
OG0009663	GWHPBPAQ005219	JLX212450.1
OG0009664	GWHPBPAQ005223	JLX065930.1
OG0009665	GWHPBPAQ005232	JLX065470.1
OG0009666	GWHPBPAQ005235	JLX065600.1
OG0009667	GWHPBPAQ005236	JLX065530.1
OG0009668	GWHPBPAQ005239	JLX065770.1
OG0009669	GWHPBPAQ005240	JLX066280.1
OG0009670	GWHPBPAQ005241	JLX066010.1
OG0009671	GWHPBPAQ005242	JLX065840.1
OG0009672	GWHPBPAQ005244	JLX065580.1
OG0009673	GWHPBPAQ005249	JLX066030.1
OG0009674	GWHPBPAQ005252	JLX065740.1
OG0009675	GWHPBPAQ005254	JLX065790.1
OG0009676	GWHPBPAQ005258	JLX065950.1
OG0009677	GWHPBPAQ005259	JLX066290.1
OG0009678	GWHPBPAQ005261	JLX065550.1
OG0009679	GWHPBPAQ005265	JLX065640.1
OG0009680	GWHPBPAQ005267	JLX066000.1
OG0009681	GWHPBPAQ005268	JLX065780.1
OG0009682	GWHPBPAQ005269	JLX066160.1
OG0009683	GWHPBPAQ005271	JLX065560.1
OG0009684	GWHPBPAQ005275	JLX066230.1
OG0009685	GWHPBPAQ005277	JLX065670.1
OG0009686	GWHPBPAQ005279	JLX066180.1
OG0009687	GWHPBPAQ005280	JLX066020.1
OG0009688	GWHPBPAQ005281	JLX066220.1
OG0009689	GWHPBPAQ005282	JLX066100.1
OG0009690	GWHPBPAQ005291	JLX065980.1
OG0009691	GWHPBPAQ005293	JLX066270.1
OG0009692	GWHPBPAQ005296	JLX065720.1
OG0009693	GWHPBPAQ005297	JLX065650.1
OG0009694	GWHPBPAQ005299	JLX065880.1
OG0009695	GWHPBPAQ005300	JLX065860.1
OG0009696	GWHPBPAQ005301	JLX065850.1
OG0009697	GWHPBPAQ005302	JLX065830.1
OG0009698	GWHPBPAQ005303	JLX065900.1
OG0009699	GWHPBPAQ005305	JLX065660.1
OG0009700	GWHPBPAQ005306	JLX065710.1
OG0009701	GWHPBPAQ005307	JLX066130.1
OG0009702	GWHPBPAQ005308	JLX066250.1
OG0009703	GWHPBPAQ005311	JLX037470.1
OG0009704	GWHPBPAQ005313	JLX036200.1
OG0009705	GWHPBPAQ005315	JLX039920.1
OG0009706	GWHPBPAQ005316	JLX039010.1
OG0009707	GWHPBPAQ005319	JLX037590.1
OG0009708	GWHPBPAQ005320	JLX036470.1
OG0009709	GWHPBPAQ005321	JLX036720.1
OG0009710	GWHPBPAQ005324	JLX037950.1
OG0009711	GWHPBPAQ005330	JLX038300.1
OG0009712	GWHPBPAQ005333	JLX036210.1
OG0009713	GWHPBPAQ005334	JLX039520.1
OG0009714	GWHPBPAQ005335	JLX037100.1
OG0009715	GWHPBPAQ005340	JLX039660.1
OG0009716	GWHPBPAQ005345	JLX039780.1
OG0009717	GWHPBPAQ005348	JLX037450.1
OG0009718	GWHPBPAQ005350	JLX039440.1
OG0009719	GWHPBPAQ005353	JLX059920.1
OG0009720	GWHPBPAQ005355	JLX063380.1
OG0009721	GWHPBPAQ005360	JLX062640.1
OG0009722	GWHPBPAQ005374	JLX089510.1
OG0009723	GWHPBPAQ005376	JLX089480.1
OG0009724	GWHPBPAQ005379, GWHPBPAQ005849	
OG0009725	GWHPBPAQ005391	JLX209940.1
OG0009726	GWHPBPAQ005393	JLX208550.1
OG0009727	GWHPBPAQ005396	JLX209130.1
OG0009728	GWHPBPAQ005399	JLX208220.1
OG0009729	GWHPBPAQ005400	JLX209600.1
OG0009730	GWHPBPAQ005402	JLX208760.1
OG0009731	GWHPBPAQ005407	JLX208870.1
OG0009732	GWHPBPAQ005408	JLX209770.1
OG0009733	GWHPBPAQ005410	JLX209030.1
OG0009734	GWHPBPAQ005421	JLX148670.1
OG0009735	GWHPBPAQ005438	JLX209170.1
OG0009736	GWHPBPAQ005440	JLX207970.1
OG0009737	GWHPBPAQ005441	JLX209190.1
OG0009738	GWHPBPAQ005442	JLX208780.1
OG0009739	GWHPBPAQ005443	JLX209420.1
OG0009740	GWHPBPAQ005444	JLX209640.1
OG0009741	GWHPBPAQ005445	JLX208090.1
OG0009742	GWHPBPAQ005451	JLX209010.1
OG0009743	GWHPBPAQ005453	JLX209820.1
OG0009744	GWHPBPAQ005460	JLX208290.1
OG0009745	GWHPBPAQ005461	JLX209740.1
OG0009746	GWHPBPAQ005463	JLX208570.1
OG0009747	GWHPBPAQ005464	JLX209850.1
OG0009748	GWHPBPAQ005465	JLX209050.1
OG0009749	GWHPBPAQ005468	JLX208510.1
OG0009750	GWHPBPAQ005469	JLX209950.1
OG0009751	GWHPBPAQ005471	JLX208940.1
OG0009752	GWHPBPAQ005473	JLX208400.1
OG0009753	GWHPBPAQ005474	JLX209070.1
OG0009754	GWHPBPAQ005475	JLX209000.1
OG0009755	GWHPBPAQ005478	JLX208320.1
OG0009756	GWHPBPAQ005479	JLX209990.1
OG0009757	GWHPBPAQ005480	JLX208540.1
OG0009758	GWHPBPAQ005482, GWHPBPAQ023121	
OG0009759	GWHPBPAQ005483	JLX209520.1
OG0009760	GWHPBPAQ005485	JLX210010.1
OG0009761	GWHPBPAQ005490	JLX209440.1
OG0009762	GWHPBPAQ005493	JLX209240.1
OG0009763	GWHPBPAQ005494	JLX208000.1
OG0009764	GWHPBPAQ005496	JLX207930.1
OG0009765	GWHPBPAQ005497	JLX210000.1
OG0009766	GWHPBPAQ005503	JLX208210.1
OG0009767	GWHPBPAQ005504	JLX209910.1
OG0009768	GWHPBPAQ005505	JLX209340.1
OG0009769	GWHPBPAQ005506	JLX209620.1
OG0009770	GWHPBPAQ005507	JLX208260.1
OG0009771	GWHPBPAQ005508, GWHPBPAQ016525	
OG0009772	GWHPBPAQ005511	JLX208880.1
OG0009773	GWHPBPAQ005513	JLX209430.1
OG0009774	GWHPBPAQ005514	JLX208630.1
OG0009775	GWHPBPAQ005515	JLX209370.1
OG0009776	GWHPBPAQ005516	JLX209270.1
OG0009777	GWHPBPAQ005522	JLX208660.1
OG0009778	GWHPBPAQ005523	JLX208340.1
OG0009779	GWHPBPAQ005526	JLX209900.1
OG0009780	GWHPBPAQ005527	JLX208310.1
OG0009781	GWHPBPAQ005528	JLX209040.1
OG0009782	GWHPBPAQ005529	JLX209570.1
OG0009783	GWHPBPAQ005530	JLX208360.1
OG0009784	GWHPBPAQ005531	JLX208610.1
OG0009785	GWHPBPAQ005532	JLX209360.1
OG0009786	GWHPBPAQ005533	JLX208900.1
OG0009787	GWHPBPAQ005534	JLX209180.1
OG0009788	GWHPBPAQ005535	JLX208560.1
OG0009789	GWHPBPAQ005536	JLX209680.1
OG0009790	GWHPBPAQ005537	JLX209380.1
OG0009791	GWHPBPAQ005541	JLX208420.1
OG0009792	GWHPBPAQ005542	JLX209460.1
OG0009793	GWHPBPAQ005573	JLX207990.1
OG0009794	GWHPBPAQ005576	JLX209280.1
OG0009795	GWHPBPAQ005585	JLX208010.1
OG0009796	GWHPBPAQ005586	JLX208450.1
OG0009797	GWHPBPAQ005590	JLX054410.1
OG0009798	GWHPBPAQ005594	JLX054340.1
OG0009799	GWHPBPAQ005599	JLX054400.1
OG0009800	GWHPBPAQ005601	JLX054350.1
OG0009801	GWHPBPAQ005604	JLX030070.1
OG0009802	GWHPBPAQ005606	JLX029850.1
OG0009803	GWHPBPAQ005608	JLX029460.1
OG0009804	GWHPBPAQ005611	JLX029830.1
OG0009805	GWHPBPAQ005613	JLX029630.1
OG0009806	GWHPBPAQ005615	JLX030060.1
OG0009807	GWHPBPAQ005616	JLX029930.1
OG0009808	GWHPBPAQ005617	JLX029890.1
OG0009809	GWHPBPAQ005619	JLX029920.1
OG0009810	GWHPBPAQ005620	JLX029840.1
OG0009811	GWHPBPAQ005623	JLX029800.1
OG0009812	GWHPBPAQ005624	JLX029990.1
OG0009813	GWHPBPAQ005625	JLX029770.1
OG0009814	GWHPBPAQ005626	JLX029580.1
OG0009815	GWHPBPAQ005630	JLX029660.1
OG0009816	GWHPBPAQ005631	JLX029730.1
OG0009817	GWHPBPAQ005632	JLX029470.1
OG0009818	GWHPBPAQ005633	JLX029480.1
OG0009819	GWHPBPAQ005636	JLX029880.1
OG0009820	GWHPBPAQ005637	JLX030040.1
OG0009821	GWHPBPAQ005638	JLX029490.1
OG0009822	GWHPBPAQ005641	JLX029640.1
OG0009823	GWHPBPAQ005642	JLX029530.1
OG0009824	GWHPBPAQ005644	JLX029860.1
OG0009825	GWHPBPAQ005661	JLX190580.1
OG0009826	GWHPBPAQ005663	JLX191570.1
OG0009827	GWHPBPAQ005666	JLX190530.1
OG0009828	GWHPBPAQ005668	JLX191070.1
OG0009829	GWHPBPAQ005673	JLX190190.1
OG0009830	GWHPBPAQ005686	JLX190590.1
OG0009831	GWHPBPAQ005695	JLX191410.1
OG0009832	GWHPBPAQ005700	JLX190080.1
OG0009833	GWHPBPAQ005703	JLX191680.1
OG0009834	GWHPBPAQ005709	JLX190350.1
OG0009835	GWHPBPAQ005711	JLX190970.1
OG0009836	GWHPBPAQ005712	JLX190140.1
OG0009837	GWHPBPAQ005715, GWHPBPAQ007735	
OG0009838	GWHPBPAQ005719	JLX190850.1
OG0009839	GWHPBPAQ005726	JLX190650.1
OG0009840	GWHPBPAQ005728	JLX191560.1
OG0009841	GWHPBPAQ005729	JLX190390.1
OG0009842	GWHPBPAQ005730	JLX191580.1
OG0009843	GWHPBPAQ005731	JLX191450.1
OG0009844	GWHPBPAQ005737	JLX191030.1
OG0009845	GWHPBPAQ005739	JLX190400.1
OG0009846	GWHPBPAQ005740	JLX190750.1
OG0009847	GWHPBPAQ005742	JLX191600.1
OG0009848	GWHPBPAQ005746	JLX190500.1
OG0009849	GWHPBPAQ005750	JLX191360.1
OG0009850	GWHPBPAQ005753	JLX191000.1
OG0009851	GWHPBPAQ005754	JLX191390.1
OG0009852	GWHPBPAQ005763	JLX191040.1
OG0009853	GWHPBPAQ005770	JLX190890.1
OG0009854	GWHPBPAQ005771	JLX191590.1
OG0009855	GWHPBPAQ005772	JLX190730.1
OG0009856	GWHPBPAQ005774	JLX191200.1
OG0009857	GWHPBPAQ005777	JLX191340.1
OG0009858	GWHPBPAQ005778	JLX190310.1
OG0009859	GWHPBPAQ005781	JLX190600.1
OG0009860	GWHPBPAQ005783	JLX190800.1
OG0009861	GWHPBPAQ005790	JLX190070.1
OG0009862	GWHPBPAQ005793	JLX191280.1
OG0009863	GWHPBPAQ005798	JLX191370.1
OG0009864	GWHPBPAQ005799	JLX190460.1
OG0009865	GWHPBPAQ005802	JLX190200.1
OG0009866	GWHPBPAQ005803	JLX191250.1
OG0009867	GWHPBPAQ005806	JLX190860.1
OG0009868	GWHPBPAQ005810	JLX191310.1
OG0009869	GWHPBPAQ005811	JLX190120.1
OG0009870	GWHPBPAQ005817, GWHPBPAQ006017	
OG0009871	GWHPBPAQ005826	JLX065450.1
OG0009872	GWHPBPAQ005833	JLX216280.1
OG0009873	GWHPBPAQ005836	JLX216320.1
OG0009874	GWHPBPAQ005837	JLX216250.1
OG0009875	GWHPBPAQ005838	JLX216310.1
OG0009876	GWHPBPAQ005843	JLX216170.1
OG0009877	GWHPBPAQ005845	JLX216350.1
OG0009878	GWHPBPAQ005847	JLX216220.1
OG0009879	GWHPBPAQ005858	JLX090630.1
OG0009880	GWHPBPAQ005859	JLX090600.1
OG0009881	GWHPBPAQ005860	JLX090560.1
OG0009882	GWHPBPAQ005862	JLX090610.1
OG0009883	GWHPBPAQ005870	JLX003050.1
OG0009884	GWHPBPAQ005872	JLX002820.1
OG0009885	GWHPBPAQ005873	JLX002860.1
OG0009886	GWHPBPAQ005875	JLX002920.1
OG0009887	GWHPBPAQ005876	JLX002870.1
OG0009888	GWHPBPAQ005879	JLX002960.1
OG0009889	GWHPBPAQ005882, GWHPBPAQ005915	
OG0009890	GWHPBPAQ005891	JLX002930.1
OG0009891	GWHPBPAQ005894	JLX003070.1
OG0009892	GWHPBPAQ005895	JLX002830.1
OG0009893	GWHPBPAQ005899	JLX210160.1
OG0009894	GWHPBPAQ005904	JLX210110.1
OG0009895	GWHPBPAQ005908	JLX210130.1
OG0009896	GWHPBPAQ005922	JLX199550.1
OG0009897	GWHPBPAQ005923	JLX199400.1
OG0009898	GWHPBPAQ005924	JLX199310.1
OG0009899	GWHPBPAQ005925	JLX199520.1
OG0009900	GWHPBPAQ005926	JLX199480.1
OG0009901	GWHPBPAQ005930	JLX199530.1
OG0009902	GWHPBPAQ005932	JLX199300.1
OG0009903	GWHPBPAQ005933	JLX199490.1
OG0009904	GWHPBPAQ005934	JLX199280.1
OG0009905	GWHPBPAQ005937	JLX199360.1
OG0009906	GWHPBPAQ005943	JLX001910.1
OG0009907	GWHPBPAQ005945	JLX001260.1
OG0009908	GWHPBPAQ005946	JLX001190.1
OG0009909	GWHPBPAQ005947	JLX000980.1
OG0009910	GWHPBPAQ005948	JLX001950.1
OG0009911	GWHPBPAQ005952	JLX000950.1
OG0009912	GWHPBPAQ005964	JLX001350.1
OG0009913	GWHPBPAQ005968	JLX001420.1
OG0009914	GWHPBPAQ005973	JLX001760.1
OG0009915	GWHPBPAQ005980	JLX001430.1
OG0009916	GWHPBPAQ005985	JLX001510.1
OG0009917	GWHPBPAQ005986	JLX001590.1
OG0009918	GWHPBPAQ005987	JLX001540.1
OG0009919	GWHPBPAQ005989	JLX001290.1
OG0009920	GWHPBPAQ005990	JLX001710.1
OG0009921	GWHPBPAQ005991	JLX001390.1
OG0009922	GWHPBPAQ005995	JLX001460.1
OG0009923	GWHPBPAQ005997	JLX000860.1
OG0009924	GWHPBPAQ005999	JLX001800.1
OG0009925	GWHPBPAQ006000	JLX001520.1
OG0009926	GWHPBPAQ006001	JLX001450.1
OG0009927	GWHPBPAQ006016	JLX001250.1
OG0009928	GWHPBPAQ006024	JLX120430.1
OG0009929	GWHPBPAQ006025	JLX120080.1
OG0009930	GWHPBPAQ006026	JLX119030.1
OG0009931	GWHPBPAQ006028	JLX121550.1
OG0009932	GWHPBPAQ006031	JLX119960.1
OG0009933	GWHPBPAQ006036	JLX121250.1
OG0009934	GWHPBPAQ006040	JLX010360.1
OG0009935	GWHPBPAQ006042	JLX010150.1
OG0009936	GWHPBPAQ006048	JLX010110.1
OG0009937	GWHPBPAQ006052	JLX010190.1
OG0009938	GWHPBPAQ006057	JLX010270.1
OG0009939	GWHPBPAQ006060	JLX010100.1
OG0009940	GWHPBPAQ006063	JLX010070.1
OG0009941	GWHPBPAQ006064	JLX010290.1
OG0009942	GWHPBPAQ006067	JLX010340.1
OG0009943	GWHPBPAQ006068	JLX010170.1
OG0009944	GWHPBPAQ006077	JLX010280.1
OG0009945	GWHPBPAQ006081	JLX010380.1
OG0009946	GWHPBPAQ006085	JLX010430.1
OG0009947	GWHPBPAQ006086	JLX010230.1
OG0009948	GWHPBPAQ006087	JLX034950.1
OG0009949	GWHPBPAQ006090	JLX042000.1
OG0009950	GWHPBPAQ006092	JLX041570.1
OG0009951	GWHPBPAQ006094	JLX041520.1
OG0009952	GWHPBPAQ006099	JLX041640.1
OG0009953	GWHPBPAQ006106	JLX041790.1
OG0009954	GWHPBPAQ006114	JLX041560.1
OG0009955	GWHPBPAQ006115	JLX041700.1
OG0009956	GWHPBPAQ006125	JLX041900.1
OG0009957	GWHPBPAQ006133	JLX040210.1
OG0009958	GWHPBPAQ006135	JLX040240.1
OG0009959	GWHPBPAQ006136	JLX040270.1
OG0009960	GWHPBPAQ006137	JLX040230.1
OG0009961	GWHPBPAQ006143	JLX040220.1
OG0009962	GWHPBPAQ006153	JLX216780.1
OG0009963	GWHPBPAQ006154	JLX217180.1
OG0009964	GWHPBPAQ006156	JLX217150.1
OG0009965	GWHPBPAQ006157	JLX216940.1
OG0009966	GWHPBPAQ006169	JLX217030.1
OG0009967	GWHPBPAQ006170	JLX216640.1
OG0009968	GWHPBPAQ006172	JLX216930.1
OG0009969	GWHPBPAQ006175	JLX216520.1
OG0009970	GWHPBPAQ006176	JLX216490.1
OG0009971	GWHPBPAQ006181	JLX217240.1
OG0009972	GWHPBPAQ006182	JLX217060.1
OG0009973	GWHPBPAQ006183	JLX217080.1
OG0009974	GWHPBPAQ006187	JLX217190.1
OG0009975	GWHPBPAQ006189	JLX216620.1
OG0009976	GWHPBPAQ006191	JLX216860.1
OG0009977	GWHPBPAQ006193	JLX216660.1
OG0009978	GWHPBPAQ006194	JLX217140.1
OG0009979	GWHPBPAQ006197	JLX216750.1
OG0009980	GWHPBPAQ006204	JLX216880.1
OG0009981	GWHPBPAQ006205	JLX217110.1
OG0009982	GWHPBPAQ006206	JLX216900.1
OG0009983	GWHPBPAQ006207	JLX216760.1
OG0009984	GWHPBPAQ006217	JLX216550.1
OG0009985	GWHPBPAQ006218	JLX216830.1
OG0009986	GWHPBPAQ006230	JLX068450.1
OG0009987	GWHPBPAQ006231	JLX068170.1
OG0009988	GWHPBPAQ006234	JLX068580.1
OG0009989	GWHPBPAQ006236	JLX068600.1
OG0009990	GWHPBPAQ006240	JLX068180.1
OG0009991	GWHPBPAQ006242	JLX068340.1
OG0009992	GWHPBPAQ006245	JLX068610.1
OG0009993	GWHPBPAQ006246	JLX068280.1
OG0009994	GWHPBPAQ006248	JLX068070.1
OG0009995	GWHPBPAQ006249	JLX068200.1
OG0009996	GWHPBPAQ006251	JLX068000.1
OG0009997	GWHPBPAQ006252	JLX068210.1
OG0009998	GWHPBPAQ006253	JLX068410.1
OG0009999	GWHPBPAQ006254	JLX068040.1
OG0010000	GWHPBPAQ006255	JLX068190.1
OG0010001	GWHPBPAQ006256	JLX068560.1
OG0010002	GWHPBPAQ006257	JLX068150.1
OG0010003	GWHPBPAQ006258	JLX068060.1
OG0010004	GWHPBPAQ006259	JLX068530.1
OG0010005	GWHPBPAQ006261	JLX068010.1
OG0010006	GWHPBPAQ006268	JLX068160.1
OG0010007	GWHPBPAQ006273	JLX068090.1
OG0010008	GWHPBPAQ006285	JLX068110.1
OG0010009	GWHPBPAQ006286	JLX068370.1
OG0010010	GWHPBPAQ006302	JLX034030.1
OG0010011	GWHPBPAQ006306	JLX033300.1
OG0010012	GWHPBPAQ006307	JLX032830.1
OG0010013	GWHPBPAQ006322	JLX033380.1
OG0010014	GWHPBPAQ006323	JLX032770.1
OG0010015	GWHPBPAQ006325	JLX032600.1
OG0010016	GWHPBPAQ006333	JLX033110.1
OG0010017	GWHPBPAQ006337	JLX032720.1
OG0010018	GWHPBPAQ006338	JLX034400.1
OG0010019	GWHPBPAQ006341	JLX034300.1
OG0010020	GWHPBPAQ006342	JLX034050.1
OG0010021	GWHPBPAQ006343	JLX034650.1
OG0010022	GWHPBPAQ006345	JLX033330.1
OG0010023	GWHPBPAQ006346	JLX033210.1
OG0010024	GWHPBPAQ006347	JLX032420.1
OG0010025	GWHPBPAQ006348	JLX032780.1
OG0010026	GWHPBPAQ006351	JLX034310.1
OG0010027	GWHPBPAQ006352	JLX034160.1
OG0010028	GWHPBPAQ006353	JLX033830.1
OG0010029	GWHPBPAQ006354	JLX033040.1
OG0010030	GWHPBPAQ006355	JLX032170.1
OG0010031	GWHPBPAQ006356	JLX032350.1
OG0010032	GWHPBPAQ006362	JLX032360.1
OG0010033	GWHPBPAQ006363	JLX033240.1
OG0010034	GWHPBPAQ006379	JLX033480.1
OG0010035	GWHPBPAQ006380	JLX034830.1
OG0010036	GWHPBPAQ006384	JLX032860.1
OG0010037	GWHPBPAQ006388	JLX033090.1
OG0010038	GWHPBPAQ006390	JLX034760.1
OG0010039	GWHPBPAQ006396	JLX032970.1
OG0010040	GWHPBPAQ006399	JLX034020.1
OG0010041	GWHPBPAQ006401	JLX033490.1
OG0010042	GWHPBPAQ006409	JLX032380.1
OG0010043	GWHPBPAQ006411	JLX033630.1
OG0010044	GWHPBPAQ006412	JLX034260.1
OG0010045	GWHPBPAQ006414	JLX034770.1
OG0010046	GWHPBPAQ006415	JLX032300.1
OG0010047	GWHPBPAQ006421	JLX032490.1
OG0010048	GWHPBPAQ006427	JLX033180.1
OG0010049	GWHPBPAQ006431	JLX032710.1
OG0010050	GWHPBPAQ006433	JLX034670.1
OG0010051	GWHPBPAQ006435	JLX033220.1
OG0010052	GWHPBPAQ006436	JLX032310.1
OG0010053	GWHPBPAQ006438	JLX034350.1
OG0010054	GWHPBPAQ006439	JLX033150.1
OG0010055	GWHPBPAQ006444	JLX034780.1
OG0010056	GWHPBPAQ006446	JLX032530.1
OG0010057	GWHPBPAQ006450	JLX033430.1
OG0010058	GWHPBPAQ006455	JLX034330.1
OG0010059	GWHPBPAQ006456	JLX032640.1
OG0010060	GWHPBPAQ006457	JLX033870.1
OG0010061	GWHPBPAQ006458	JLX032540.1
OG0010062	GWHPBPAQ006459	JLX032520.1
OG0010063	GWHPBPAQ006464	JLX034610.1
OG0010064	GWHPBPAQ006468	JLX033500.1
OG0010065	GWHPBPAQ006470	JLX032730.1
OG0010066	GWHPBPAQ006471	JLX033470.1
OG0010067	GWHPBPAQ006472	JLX034430.1
OG0010068	GWHPBPAQ006478	JLX034730.1
OG0010069	GWHPBPAQ006479	JLX033060.1
OG0010070	GWHPBPAQ006482	JLX032680.1
OG0010071	GWHPBPAQ006483	JLX033530.1
OG0010072	GWHPBPAQ006486	JLX034540.1
OG0010073	GWHPBPAQ006487	JLX032590.1
OG0010074	GWHPBPAQ006492	JLX033270.1
OG0010075	GWHPBPAQ006493	JLX032890.1
OG0010076	GWHPBPAQ006497	JLX034660.1
OG0010077	GWHPBPAQ006499	JLX033860.1
OG0010078	GWHPBPAQ006500	JLX033340.1
OG0010079	GWHPBPAQ006504	JLX032560.1
OG0010080	GWHPBPAQ006509	JLX034840.1
OG0010081	GWHPBPAQ006510	JLX032910.1
OG0010082	GWHPBPAQ006514	JLX033160.1
OG0010083	GWHPBPAQ006515, GWHPBPAQ011576	
OG0010084	GWHPBPAQ006516	JLX033020.1
OG0010085	GWHPBPAQ006517	JLX032510.1
OG0010086	GWHPBPAQ006521	JLX032820.1
OG0010087	GWHPBPAQ006524	JLX032400.1
OG0010088	GWHPBPAQ006525	JLX033130.1
OG0010089	GWHPBPAQ006526	JLX032760.1
OG0010090	GWHPBPAQ006534	JLX033840.1
OG0010091	GWHPBPAQ006535	JLX034690.1
OG0010092	GWHPBPAQ006536	JLX033730.1
OG0010093	GWHPBPAQ006537	JLX034220.1
OG0010094	GWHPBPAQ006542	JLX202320.1
OG0010095	GWHPBPAQ006543	JLX204720.1
OG0010096	GWHPBPAQ006544	JLX200600.1
OG0010097	GWHPBPAQ006547	JLX202120.1
OG0010098	GWHPBPAQ006548	JLX200450.1
OG0010099	GWHPBPAQ006549	JLX199730.1
OG0010100	GWHPBPAQ006552	JLX204290.1
OG0010101	GWHPBPAQ006554	JLX202560.1
OG0010102	GWHPBPAQ006563	JLX202810.1
OG0010103	GWHPBPAQ006565	JLX204550.1
OG0010104	GWHPBPAQ006570	JLX004360.1
OG0010105	GWHPBPAQ006573	JLX200110.1
OG0010106	GWHPBPAQ006576	JLX202040.1
OG0010107	GWHPBPAQ006578	JLX203890.1
OG0010108	GWHPBPAQ006582	JLX203970.1
OG0010109	GWHPBPAQ006584	JLX200430.1
OG0010110	GWHPBPAQ006592	JLX203780.1
OG0010111	GWHPBPAQ006593	JLX200750.1
OG0010112	GWHPBPAQ006595	JLX204850.1
OG0010113	GWHPBPAQ006596	JLX201410.1
OG0010114	GWHPBPAQ006607	JLX203210.1
OG0010115	GWHPBPAQ006609	JLX203640.1
OG0010116	GWHPBPAQ006611	JLX201750.1
OG0010117	GWHPBPAQ006612	JLX201130.1
OG0010118	GWHPBPAQ006613	JLX200520.1
OG0010119	GWHPBPAQ006617	JLX204220.1
OG0010120	GWHPBPAQ006618	JLX202500.1
OG0010121	GWHPBPAQ006619	JLX202800.1
OG0010122	GWHPBPAQ006620	JLX202930.1
OG0010123	GWHPBPAQ006623	JLX204790.1
OG0010124	GWHPBPAQ006624	JLX204000.1
OG0010125	GWHPBPAQ006626	JLX202630.1
OG0010126	GWHPBPAQ006627	JLX200100.1
OG0010127	GWHPBPAQ006631	JLX201430.1
OG0010128	GWHPBPAQ006632	JLX202150.1
OG0010129	GWHPBPAQ006633	JLX202420.1
OG0010130	GWHPBPAQ006635	JLX203720.1
OG0010131	GWHPBPAQ006638	JLX199820.1
OG0010132	GWHPBPAQ006642	JLX200550.1
OG0010133	GWHPBPAQ006648	JLX203490.1
OG0010134	GWHPBPAQ006655	JLX202070.1
OG0010135	GWHPBPAQ006656	JLX203190.1
OG0010136	GWHPBPAQ006663	JLX202220.1
OG0010137	GWHPBPAQ006668	JLX203240.1
OG0010138	GWHPBPAQ006670	JLX201540.1
OG0010139	GWHPBPAQ006671	JLX203960.1
OG0010140	GWHPBPAQ006672	JLX204420.1
OG0010141	GWHPBPAQ006674	JLX204360.1
OG0010142	GWHPBPAQ006675	JLX202370.1
OG0010143	GWHPBPAQ006676	JLX201470.1
OG0010144	GWHPBPAQ006678	JLX203410.1
OG0010145	GWHPBPAQ006679	JLX200190.1
OG0010146	GWHPBPAQ006680	JLX200650.1
OG0010147	GWHPBPAQ006683	JLX204780.1
OG0010148	GWHPBPAQ006685	JLX203400.1
OG0010149	GWHPBPAQ006691	JLX201480.1
OG0010150	GWHPBPAQ006692	JLX202980.1
OG0010151	GWHPBPAQ006693	JLX203460.1
OG0010152	GWHPBPAQ006694	JLX204490.1
OG0010153	GWHPBPAQ006699	JLX204410.1
OG0010154	GWHPBPAQ006700	JLX202540.1
OG0010155	GWHPBPAQ006701	JLX203610.1
OG0010156	GWHPBPAQ006703	JLX202690.1
OG0010157	GWHPBPAQ006706	JLX200270.1
OG0010158	GWHPBPAQ006710	JLX201360.1
OG0010159	GWHPBPAQ006721	JLX200730.1
OG0010160	GWHPBPAQ006722	JLX204110.1
OG0010161	GWHPBPAQ006723	JLX199610.1
OG0010162	GWHPBPAQ006724	JLX203990.1
OG0010163	GWHPBPAQ006725	JLX203480.1
OG0010164	GWHPBPAQ006728	JLX200670.1
OG0010165	GWHPBPAQ006731	JLX204990.1
OG0010166	GWHPBPAQ006736	JLX201830.1
OG0010167	GWHPBPAQ006737	JLX202670.1
OG0010168	GWHPBPAQ006741	JLX203540.1
OG0010169	GWHPBPAQ006742	JLX199670.1
OG0010170	GWHPBPAQ006746	JLX204250.1
OG0010171	GWHPBPAQ006750	JLX202640.1
OG0010172	GWHPBPAQ006751	JLX200960.1
OG0010173	GWHPBPAQ006752	JLX201860.1
OG0010174	GWHPBPAQ006764	JLX201600.1
OG0010175	GWHPBPAQ006768	JLX202030.1
OG0010176	GWHPBPAQ006769	JLX203440.1
OG0010177	GWHPBPAQ006770	JLX204100.1
OG0010178	GWHPBPAQ006772	JLX200740.1
OG0010179	GWHPBPAQ006776	JLX201030.1
OG0010180	GWHPBPAQ006778	JLX200620.1
OG0010181	GWHPBPAQ006779, GWHPBPAQ017124	
OG0010182	GWHPBPAQ006782	JLX201680.1
OG0010183	GWHPBPAQ006784	JLX199910.1
OG0010184	GWHPBPAQ006785	JLX203030.1
OG0010185	GWHPBPAQ006788	JLX203900.1
OG0010186	GWHPBPAQ006789	JLX202890.1
OG0010187	GWHPBPAQ006795	JLX202060.1
OG0010188	GWHPBPAQ006797	JLX201230.1
OG0010189	GWHPBPAQ006799	JLX204280.1
OG0010190	GWHPBPAQ006814	JLX201660.1
OG0010191	GWHPBPAQ006816	JLX200810.1
OG0010192	GWHPBPAQ006817	JLX199740.1
OG0010193	GWHPBPAQ006818	JLX202100.1
OG0010194	GWHPBPAQ006819	JLX201320.1
OG0010195	GWHPBPAQ006823	JLX202480.1
OG0010196	GWHPBPAQ006826	JLX201640.1
OG0010197	GWHPBPAQ006828	JLX201870.1
OG0010198	GWHPBPAQ006831	JLX204180.1
OG0010199	GWHPBPAQ006832	JLX204630.1
OG0010200	GWHPBPAQ006839	JLX201970.1
OG0010201	GWHPBPAQ006840	JLX204820.1
OG0010202	GWHPBPAQ006842	JLX204300.1
OG0010203	GWHPBPAQ006843	JLX204190.1
OG0010204	GWHPBPAQ006844	JLX204240.1
OG0010205	GWHPBPAQ006847	JLX200990.1
OG0010206	GWHPBPAQ006848	JLX202260.1
OG0010207	GWHPBPAQ006857	JLX204130.1
OG0010208	GWHPBPAQ006863	JLX201250.1
OG0010209	GWHPBPAQ006865	JLX203000.1
OG0010210	GWHPBPAQ006871	JLX203200.1
OG0010211	GWHPBPAQ006874	JLX202380.1
OG0010212	GWHPBPAQ006877, GWHPBPAQ021452	
OG0010213	GWHPBPAQ006883	JLX202970.1
OG0010214	GWHPBPAQ006884	JLX201140.1
OG0010215	GWHPBPAQ006886	JLX202010.1
OG0010216	GWHPBPAQ006888	JLX200230.1
OG0010217	GWHPBPAQ006891	JLX201190.1
OG0010218	GWHPBPAQ006893	JLX203220.1
OG0010219	GWHPBPAQ006897	JLX204640.1
OG0010220	GWHPBPAQ006898	JLX199660.1
OG0010221	GWHPBPAQ006899	JLX203160.1
OG0010222	GWHPBPAQ006904	JLX199780.1
OG0010223	GWHPBPAQ006905	JLX200330.1
OG0010224	GWHPBPAQ006907	JLX201570.1
OG0010225	GWHPBPAQ006909	JLX202210.1
OG0010226	GWHPBPAQ006910	JLX202110.1
OG0010227	GWHPBPAQ006916	JLX200530.1
OG0010228	GWHPBPAQ006918	JLX203450.1
OG0010229	GWHPBPAQ006919	JLX200570.1
OG0010230	GWHPBPAQ006920	JLX204040.1
OG0010231	GWHPBPAQ006921	JLX200900.1
OG0010232	GWHPBPAQ006924	JLX201260.1
OG0010233	GWHPBPAQ006925	JLX203380.1
OG0010234	GWHPBPAQ006926	JLX201290.1
OG0010235	GWHPBPAQ006933	JLX199690.1
OG0010236	GWHPBPAQ006936	JLX202820.1
OG0010237	GWHPBPAQ006942	JLX203360.1
OG0010238	GWHPBPAQ006943	JLX202680.1
OG0010239	GWHPBPAQ006944	JLX201880.1
OG0010240	GWHPBPAQ006951	JLX202090.1
OG0010241	GWHPBPAQ006952	JLX201200.1
OG0010242	GWHPBPAQ006953	JLX202650.1
OG0010243	GWHPBPAQ006957	JLX204430.1
OG0010244	GWHPBPAQ006959	JLX200820.1
OG0010245	GWHPBPAQ006962	JLX201310.1
OG0010246	GWHPBPAQ006964	JLX200460.1
OG0010247	GWHPBPAQ006965	JLX201560.1
OG0010248	GWHPBPAQ006968	JLX202510.1
OG0010249	GWHPBPAQ006970	JLX203740.1
OG0010250	GWHPBPAQ006971	JLX200080.1
OG0010251	GWHPBPAQ006977, GWHPBPAQ021750	
OG0010252	GWHPBPAQ006979	JLX200770.1
OG0010253	GWHPBPAQ006980	JLX202900.1
OG0010254	GWHPBPAQ006983	JLX203310.1
OG0010255	GWHPBPAQ006984	JLX200840.1
OG0010256	GWHPBPAQ006986	JLX202130.1
OG0010257	GWHPBPAQ006987	JLX200150.1
OG0010258	GWHPBPAQ006989	JLX202720.1
OG0010259	GWHPBPAQ006990	JLX201620.1
OG0010260	GWHPBPAQ006991	JLX202620.1
OG0010261	GWHPBPAQ006992	JLX203130.1
OG0010262	GWHPBPAQ006995	JLX199890.1
OG0010263	GWHPBPAQ006996	JLX199970.1
OG0010264	GWHPBPAQ006998	JLX202830.1
OG0010265	GWHPBPAQ007001	JLX203620.1
OG0010266	GWHPBPAQ007002	JLX202750.1
OG0010267	GWHPBPAQ007003	JLX202490.1
OG0010268	GWHPBPAQ007004	JLX203080.1
OG0010269	GWHPBPAQ007011	JLX199880.1
OG0010270	GWHPBPAQ007012	JLX200020.1
OG0010271	GWHPBPAQ007015	JLX199870.1
OG0010272	GWHPBPAQ007016	JLX200790.1
OG0010273	GWHPBPAQ007018	JLX202960.1
OG0010274	GWHPBPAQ007020	JLX202430.1
OG0010275	GWHPBPAQ007023	JLX200480.1
OG0010276	GWHPBPAQ007026	JLX200040.1
OG0010277	GWHPBPAQ007036	JLX199630.1
OG0010278	GWHPBPAQ007037	JLX203040.1
OG0010279	GWHPBPAQ007038	JLX203550.1
OG0010280	GWHPBPAQ007039	JLX200410.1
OG0010281	GWHPBPAQ007040	JLX199700.1
OG0010282	GWHPBPAQ007041	JLX202710.1
OG0010283	GWHPBPAQ007042	JLX203520.1
OG0010284	GWHPBPAQ007054	JLX203810.1
OG0010285	GWHPBPAQ007055	JLX204400.1
OG0010286	GWHPBPAQ007056	JLX203560.1
OG0010287	GWHPBPAQ007057	JLX201610.1
OG0010288	GWHPBPAQ007061	JLX202870.1
OG0010289	GWHPBPAQ007063	JLX201390.1
OG0010290	GWHPBPAQ007065	JLX202290.1
OG0010291	GWHPBPAQ007066	JLX200120.1
OG0010292	GWHPBPAQ007070	JLX201720.1
OG0010293	GWHPBPAQ007071	JLX200300.1
OG0010294	GWHPBPAQ007072	JLX201120.1
OG0010295	GWHPBPAQ007073	JLX204860.1
OG0010296	GWHPBPAQ007074	JLX199650.1
OG0010297	GWHPBPAQ007081	JLX200030.1
OG0010298	GWHPBPAQ007082	JLX200180.1
OG0010299	GWHPBPAQ007083	JLX200760.1
OG0010300	GWHPBPAQ007085	JLX202780.1
OG0010301	GWHPBPAQ007086	JLX203350.1
OG0010302	GWHPBPAQ007087	JLX201940.1
OG0010303	GWHPBPAQ007088	JLX204610.1
OG0010304	GWHPBPAQ007089	JLX200710.1
OG0010305	GWHPBPAQ007091	JLX202400.1
OG0010306	GWHPBPAQ007100	JLX201850.1
OG0010307	GWHPBPAQ007101	JLX202000.1
OG0010308	GWHPBPAQ007102	JLX200370.1
OG0010309	GWHPBPAQ007104	JLX201770.1
OG0010310	GWHPBPAQ007109	JLX026410.1
OG0010311	GWHPBPAQ007111	JLX025120.1
OG0010312	GWHPBPAQ007114	JLX025800.1
OG0010313	GWHPBPAQ007115	JLX025350.1
OG0010314	GWHPBPAQ007116	JLX025990.1
OG0010315	GWHPBPAQ007123	JLX024860.1
OG0010316	GWHPBPAQ007124	JLX026600.1
OG0010317	GWHPBPAQ007125	JLX026200.1
OG0010318	GWHPBPAQ007127	JLX025750.1
OG0010319	GWHPBPAQ007128	JLX024810.1
OG0010320	GWHPBPAQ007133	JLX026560.1
OG0010321	GWHPBPAQ007138	JLX024870.1
OG0010322	GWHPBPAQ007140	JLX026470.1
OG0010323	GWHPBPAQ007141	JLX024940.1
OG0010324	GWHPBPAQ007142	JLX025150.1
OG0010325	GWHPBPAQ007146	JLX025880.1
OG0010326	GWHPBPAQ007147	JLX026070.1
OG0010327	GWHPBPAQ007148	JLX025760.1
OG0010328	GWHPBPAQ007149	JLX026270.1
OG0010329	GWHPBPAQ007153	JLX027230.1
OG0010330	GWHPBPAQ007154	JLX026400.1
OG0010331	GWHPBPAQ007155	JLX024970.1
OG0010332	GWHPBPAQ007158	JLX027270.1
OG0010333	GWHPBPAQ007159	JLX025140.1
OG0010334	GWHPBPAQ007164	JLX027150.1
OG0010335	GWHPBPAQ007165	JLX026150.1
OG0010336	GWHPBPAQ007166	JLX025050.1
OG0010337	GWHPBPAQ007167	JLX026030.1
OG0010338	GWHPBPAQ007170	JLX027050.1
OG0010339	GWHPBPAQ007175	JLX026390.1
OG0010340	GWHPBPAQ007178	JLX025040.1
OG0010341	GWHPBPAQ007182	JLX025060.1
OG0010342	GWHPBPAQ007188	JLX024950.1
OG0010343	GWHPBPAQ007191	JLX026370.1
OG0010344	GWHPBPAQ007192	JLX025940.1
OG0010345	GWHPBPAQ007193	JLX027190.1
OG0010346	GWHPBPAQ007200	JLX027070.1
OG0010347	GWHPBPAQ007201	JLX025970.1
OG0010348	GWHPBPAQ007202	JLX027020.1
OG0010349	GWHPBPAQ007203	JLX025890.1
OG0010350	GWHPBPAQ007204	JLX026160.1
OG0010351	GWHPBPAQ007211	JLX025500.1
OG0010352	GWHPBPAQ007214	JLX025920.1
OG0010353	GWHPBPAQ007215	JLX026120.1
OG0010354	GWHPBPAQ007216	JLX025680.1
OG0010355	GWHPBPAQ007218	JLX026920.1
OG0010356	GWHPBPAQ007219	JLX025770.1
OG0010357	GWHPBPAQ007221	JLX025270.1
OG0010358	GWHPBPAQ007222	JLX026640.1
OG0010359	GWHPBPAQ007223	JLX025390.1
OG0010360	GWHPBPAQ007224	JLX026100.1
OG0010361	GWHPBPAQ007226	JLX025010.1
OG0010362	GWHPBPAQ007228	JLX027170.1
OG0010363	GWHPBPAQ007229	JLX025460.1
OG0010364	GWHPBPAQ007230	JLX026740.1
OG0010365	GWHPBPAQ007234	JLX026910.1
OG0010366	GWHPBPAQ007236	JLX025360.1
OG0010367	GWHPBPAQ007238	JLX026830.1
OG0010368	GWHPBPAQ007239	JLX025730.1
OG0010369	GWHPBPAQ007242	JLX025700.1
OG0010370	GWHPBPAQ007244	JLX025210.1
OG0010371	GWHPBPAQ007246	JLX027000.1
OG0010372	GWHPBPAQ007247	JLX025870.1
OG0010373	GWHPBPAQ007248	JLX027060.1
OG0010374	GWHPBPAQ007250	JLX026610.1
OG0010375	GWHPBPAQ007251	JLX026720.1
OG0010376	GWHPBPAQ007253	JLX026970.1
OG0010377	GWHPBPAQ007255	JLX025320.1
OG0010378	GWHPBPAQ007257	JLX025660.1
OG0010379	GWHPBPAQ007258	JLX026980.1
OG0010380	GWHPBPAQ007259	JLX025720.1
OG0010381	GWHPBPAQ007261	JLX026280.1
OG0010382	GWHPBPAQ007264	JLX026340.1
OG0010383	GWHPBPAQ007265	JLX024780.1
OG0010384	GWHPBPAQ007266	JLX026380.1
OG0010385	GWHPBPAQ007267	JLX027040.1
OG0010386	GWHPBPAQ007268	JLX025180.1
OG0010387	GWHPBPAQ007270	JLX025070.1
OG0010388	GWHPBPAQ007271	JLX025910.2
OG0010389	GWHPBPAQ007275	JLX025310.1
OG0010390	GWHPBPAQ007276	JLX026820.1
OG0010391	GWHPBPAQ007279	JLX025200.1
OG0010392	GWHPBPAQ007282	JLX026760.1
OG0010393	GWHPBPAQ007285	JLX025490.1
OG0010394	GWHPBPAQ007288	JLX026080.1
OG0010395	GWHPBPAQ007291	JLX026170.1
OG0010396	GWHPBPAQ007296	JLX024800.1
OG0010397	GWHPBPAQ007298	JLX025380.1
OG0010398	GWHPBPAQ007299	JLX026780.1
OG0010399	GWHPBPAQ007300	JLX026050.1
OG0010400	GWHPBPAQ007301	JLX026350.1
OG0010401	GWHPBPAQ007302	JLX025470.1
OG0010402	GWHPBPAQ007304	JLX025650.1
OG0010403	GWHPBPAQ007306	JLX025420.1
OG0010404	GWHPBPAQ007307	JLX025030.1
OG0010405	GWHPBPAQ007309	JLX024960.1
OG0010406	GWHPBPAQ007311	JLX025220.1
OG0010407	GWHPBPAQ007312	JLX024880.1
OG0010408	GWHPBPAQ007314	JLX026540.1
OG0010409	GWHPBPAQ007315	JLX026010.1
OG0010410	GWHPBPAQ007318	JLX025830.1
OG0010411	GWHPBPAQ007319	JLX026430.1
OG0010412	GWHPBPAQ007324	JLX025300.1
OG0010413	GWHPBPAQ007325	JLX025410.1
OG0010414	GWHPBPAQ007327	JLX025640.1
OG0010415	GWHPBPAQ007330	JLX027220.1
OG0010416	GWHPBPAQ007333	JLX025520.1
OG0010417	GWHPBPAQ007334	JLX026420.1
OG0010418	GWHPBPAQ007335	JLX027250.1
OG0010419	GWHPBPAQ007337	JLX025960.1
OG0010420	GWHPBPAQ007339	JLX026360.1
OG0010421	GWHPBPAQ007340	JLX024760.1
OG0010422	GWHPBPAQ007345	JLX027090.1
OG0010423	GWHPBPAQ007346	JLX025160.1
OG0010424	GWHPBPAQ007349	JLX025740.1
OG0010425	GWHPBPAQ007354	JLX027100.1
OG0010426	GWHPBPAQ007355	JLX026000.1
OG0010427	GWHPBPAQ007361	JLX173890.1
OG0010428	GWHPBPAQ007371	JLX143290.1
OG0010429	GWHPBPAQ007375	JLX143870.1
OG0010430	GWHPBPAQ007376	JLX143950.1
OG0010431	GWHPBPAQ007377	JLX143610.1
OG0010432	GWHPBPAQ007378	JLX144380.1
OG0010433	GWHPBPAQ007379	JLX142510.1
OG0010434	GWHPBPAQ007383	JLX144950.1
OG0010435	GWHPBPAQ007384	JLX144170.1
OG0010436	GWHPBPAQ007385	JLX143570.1
OG0010437	GWHPBPAQ007386	JLX144530.1
OG0010438	GWHPBPAQ007392	JLX144840.1
OG0010439	GWHPBPAQ007393	JLX144260.1
OG0010440	GWHPBPAQ007394	JLX143560.1
OG0010441	GWHPBPAQ007399	JLX143680.1
OG0010442	GWHPBPAQ007400	JLX144660.1
OG0010443	GWHPBPAQ007402	JLX142730.1
OG0010444	GWHPBPAQ007403	JLX144760.1
OG0010445	GWHPBPAQ007405	JLX144720.1
OG0010446	GWHPBPAQ007406	JLX143790.1
OG0010447	GWHPBPAQ007408	JLX142470.1
OG0010448	GWHPBPAQ007410	JLX144410.1
OG0010449	GWHPBPAQ007411	JLX144930.1
OG0010450	GWHPBPAQ007415	JLX144990.1
OG0010451	GWHPBPAQ007416	JLX143960.1
OG0010452	GWHPBPAQ007417	JLX144180.1
OG0010453	GWHPBPAQ007418	JLX143590.1
OG0010454	GWHPBPAQ007419	JLX144290.1
OG0010455	GWHPBPAQ007420	JLX144700.1
OG0010456	GWHPBPAQ007423	JLX144030.1
OG0010457	GWHPBPAQ007425, GWHPBPAQ007431	
OG0010458	GWHPBPAQ007432	JLX143180.1
OG0010459	GWHPBPAQ007438	JLX143370.1
OG0010460	GWHPBPAQ007439	JLX143730.1
OG0010461	GWHPBPAQ007440	JLX142650.1
OG0010462	GWHPBPAQ007441	JLX143210.1
OG0010463	GWHPBPAQ007444	JLX144360.1
OG0010464	GWHPBPAQ007447	JLX144050.1
OG0010465	GWHPBPAQ007448	JLX144310.1
OG0010466	GWHPBPAQ007449	JLX143580.1
OG0010467	GWHPBPAQ007456	JLX144240.1
OG0010468	GWHPBPAQ007457	JLX143440.1
OG0010469	GWHPBPAQ007458	JLX144210.1
OG0010470	GWHPBPAQ007462	JLX144610.1
OG0010471	GWHPBPAQ007467	JLX143160.1
OG0010472	GWHPBPAQ007469	JLX143920.1
OG0010473	GWHPBPAQ007470	JLX142620.1
OG0010474	GWHPBPAQ007475	JLX197170.1
OG0010475	GWHPBPAQ007477	JLX144800.1
OG0010476	GWHPBPAQ007478	JLX143100.1
OG0010477	GWHPBPAQ007480	JLX144520.1
OG0010478	GWHPBPAQ007481	JLX142930.1
OG0010479	GWHPBPAQ007482	JLX143500.1
OG0010480	GWHPBPAQ007483	JLX143970.1
OG0010481	GWHPBPAQ007484	JLX144870.1
OG0010482	GWHPBPAQ007485	JLX143040.1
OG0010483	GWHPBPAQ007486	JLX143380.1
OG0010484	GWHPBPAQ007488	JLX144110.1
OG0010485	GWHPBPAQ007490	JLX144770.1
OG0010486	GWHPBPAQ007492	JLX143020.1
OG0010487	GWHPBPAQ007493	JLX144850.1
OG0010488	GWHPBPAQ007496	JLX144600.1
OG0010489	GWHPBPAQ007498	JLX144780.1
OG0010490	GWHPBPAQ007499	JLX144960.1
OG0010491	GWHPBPAQ007503	JLX142880.1
OG0010492	GWHPBPAQ007504	JLX143540.1
OG0010493	GWHPBPAQ007508, GWHPBPAQ021966	
OG0010494	GWHPBPAQ007511	JLX143170.1
OG0010495	GWHPBPAQ007514	JLX143630.1
OG0010496	GWHPBPAQ007515	JLX144000.1
OG0010497	GWHPBPAQ007517	JLX143460.1
OG0010498	GWHPBPAQ007519	JLX143300.1
OG0010499	GWHPBPAQ007520	JLX144750.1
OG0010500	GWHPBPAQ007522	JLX143390.1
OG0010501	GWHPBPAQ007524	JLX143090.1
OG0010502	GWHPBPAQ007525	JLX144880.1
OG0010503	GWHPBPAQ007526	JLX142720.1
OG0010504	GWHPBPAQ007527	JLX142810.1
OG0010505	GWHPBPAQ007529	JLX143320.1
OG0010506	GWHPBPAQ007530	JLX143930.1
OG0010507	GWHPBPAQ007533	JLX142700.1
OG0010508	GWHPBPAQ007536, GWHPBPAQ012847	
OG0010509	GWHPBPAQ007538	JLX143800.1
OG0010510	GWHPBPAQ007539	JLX144300.1
OG0010511	GWHPBPAQ007540	JLX143530.1
OG0010512	GWHPBPAQ007541	JLX144120.1
OG0010513	GWHPBPAQ007542	JLX144130.1
OG0010514	GWHPBPAQ007543	JLX142660.1
OG0010515	GWHPBPAQ007545	JLX144330.1
OG0010516	GWHPBPAQ007552	JLX142490.1
OG0010517	GWHPBPAQ007560	JLX143340.1
OG0010518	GWHPBPAQ007561	JLX144270.1
OG0010519	GWHPBPAQ007563	JLX144920.1
OG0010520	GWHPBPAQ007568	JLX144580.1
OG0010521	GWHPBPAQ007569	JLX144890.1
OG0010522	GWHPBPAQ007570	JLX142990.1
OG0010523	GWHPBPAQ007571	JLX143480.1
OG0010524	GWHPBPAQ007572	JLX143780.1
OG0010525	GWHPBPAQ007573	JLX142840.1
OG0010526	GWHPBPAQ007574	JLX143640.1
OG0010527	GWHPBPAQ007577	JLX142820.1
OG0010528	GWHPBPAQ007578	JLX144460.1
OG0010529	GWHPBPAQ007581	JLX144320.1
OG0010530	GWHPBPAQ007583	JLX142550.1
OG0010531	GWHPBPAQ007584	JLX143990.1
OG0010532	GWHPBPAQ007587	JLX143710.1
OG0010533	GWHPBPAQ007589	JLX142750.1
OG0010534	GWHPBPAQ007590	JLX143910.1
OG0010535	GWHPBPAQ007594	JLX143190.1
OG0010536	GWHPBPAQ007597	JLX143890.1
OG0010537	GWHPBPAQ007599	JLX143000.1
OG0010538	GWHPBPAQ007600	JLX144020.1
OG0010539	GWHPBPAQ007602	JLX144150.1
OG0010540	GWHPBPAQ007603	JLX143760.1
OG0010541	GWHPBPAQ007605	JLX142450.1
OG0010542	GWHPBPAQ007606	JLX144070.1
OG0010543	GWHPBPAQ007610	JLX143770.1
OG0010544	GWHPBPAQ007617	JLX142600.1
OG0010545	GWHPBPAQ007618	JLX144740.1
OG0010546	GWHPBPAQ007621	JLX142860.1
OG0010547	GWHPBPAQ007623	JLX143010.1
OG0010548	GWHPBPAQ007633	JLX121780.1
OG0010549	GWHPBPAQ007635	JLX143280.1
OG0010550	GWHPBPAQ007641	JLX143450.1
OG0010551	GWHPBPAQ007646	JLX144390.1
OG0010552	GWHPBPAQ007650	JLX143620.1
OG0010553	GWHPBPAQ007657	JLX027680.1
OG0010554	GWHPBPAQ007658	JLX028930.1
OG0010555	GWHPBPAQ007659	JLX029280.1
OG0010556	GWHPBPAQ007661	JLX028730.1
OG0010557	GWHPBPAQ007662	JLX028110.1
OG0010558	GWHPBPAQ007664	JLX028340.1
OG0010559	GWHPBPAQ007665	JLX028740.1
OG0010560	GWHPBPAQ007669	JLX028050.1
OG0010561	GWHPBPAQ007672	JLX028850.1
OG0010562	GWHPBPAQ007679	JLX122310.1
OG0010563	GWHPBPAQ007681	JLX122320.1
OG0010564	GWHPBPAQ007685	JLX122350.1
OG0010565	GWHPBPAQ007686	JLX122330.1
OG0010566	GWHPBPAQ007689	JLX120110.1
OG0010567	GWHPBPAQ007691	JLX121230.1
OG0010568	GWHPBPAQ007693	JLX119000.1
OG0010569	GWHPBPAQ007694	JLX119700.1
OG0010570	GWHPBPAQ007695	JLX230130.1
OG0010571	GWHPBPAQ007697	JLX230030.1
OG0010572	GWHPBPAQ007698	JLX229930.1
OG0010573	GWHPBPAQ007699	JLX229990.1
OG0010574	GWHPBPAQ007704	JLX230320.1
OG0010575	GWHPBPAQ007708	JLX230220.1
OG0010576	GWHPBPAQ007710	JLX230070.1
OG0010577	GWHPBPAQ007712	JLX230300.1
OG0010578	GWHPBPAQ007714	JLX230290.1
OG0010579	GWHPBPAQ007715	JLX230020.1
OG0010580	GWHPBPAQ007716	JLX230360.1
OG0010581	GWHPBPAQ007718	JLX230260.1
OG0010582	GWHPBPAQ007719	JLX230060.1
OG0010583	GWHPBPAQ007720	JLX230250.1
OG0010584	GWHPBPAQ007721	JLX230210.1
OG0010585	GWHPBPAQ007722	JLX230350.1
OG0010586	GWHPBPAQ007725	JLX230010.1
OG0010587	GWHPBPAQ007727	JLX230160.1
OG0010588	GWHPBPAQ007728	JLX230110.1
OG0010589	GWHPBPAQ007729	JLX229970.1
OG0010590	GWHPBPAQ007732	JLX230040.1
OG0010591	GWHPBPAQ007736	JLX230310.1
OG0010592	GWHPBPAQ007738	JLX197480.1
OG0010593	GWHPBPAQ007740	JLX198180.1
OG0010594	GWHPBPAQ007748	JLX199130.1
OG0010595	GWHPBPAQ007751	JLX198120.1
OG0010596	GWHPBPAQ007752	JLX197470.1
OG0010597	GWHPBPAQ007753	JLX198640.1
OG0010598	GWHPBPAQ007756	JLX197950.1
OG0010599	GWHPBPAQ007759	JLX197650.1
OG0010600	GWHPBPAQ007760	JLX197560.1
OG0010601	GWHPBPAQ007761	JLX198520.1
OG0010602	GWHPBPAQ007763	JLX198820.1
OG0010603	GWHPBPAQ007764	JLX198470.1
OG0010604	GWHPBPAQ007765	JLX198570.1
OG0010605	GWHPBPAQ007766	JLX197620.1
OG0010606	GWHPBPAQ007769	JLX198270.1
OG0010607	GWHPBPAQ007771	JLX197700.1
OG0010608	GWHPBPAQ007775	JLX198190.1
OG0010609	GWHPBPAQ007776	JLX198880.1
OG0010610	GWHPBPAQ007778	JLX198280.1
OG0010611	GWHPBPAQ007780	JLX199050.1
OG0010612	GWHPBPAQ007782	JLX199150.1
OG0010613	GWHPBPAQ007783	JLX198390.1
OG0010614	GWHPBPAQ007784	JLX197770.1
OG0010615	GWHPBPAQ007785	JLX199060.1
OG0010616	GWHPBPAQ007787	JLX198030.1
OG0010617	GWHPBPAQ007788	JLX198910.1
OG0010618	GWHPBPAQ007789	JLX199030.1
OG0010619	GWHPBPAQ007793	JLX198170.1
OG0010620	GWHPBPAQ007794	JLX197820.1
OG0010621	GWHPBPAQ007795	JLX198350.1
OG0010622	GWHPBPAQ007796	JLX197460.1
OG0010623	GWHPBPAQ007797	JLX198240.1
OG0010624	GWHPBPAQ007798	JLX198620.1
OG0010625	GWHPBPAQ007799	JLX197540.1
OG0010626	GWHPBPAQ007804	JLX198670.1
OG0010627	GWHPBPAQ007805	JLX197900.1
OG0010628	GWHPBPAQ007807	JLX198730.1
OG0010629	GWHPBPAQ007808	JLX198450.1
OG0010630	GWHPBPAQ007810	JLX197810.1
OG0010631	GWHPBPAQ007812	JLX197960.1
OG0010632	GWHPBPAQ007813	JLX199140.1
OG0010633	GWHPBPAQ007814	JLX198770.1
OG0010634	GWHPBPAQ007815	JLX198370.1
OG0010635	GWHPBPAQ007816	JLX198920.1
OG0010636	GWHPBPAQ007818	JLX197550.1
OG0010637	GWHPBPAQ007820	JLX198580.1
OG0010638	GWHPBPAQ007824	JLX199090.1
OG0010639	GWHPBPAQ007828	JLX197660.1
OG0010640	GWHPBPAQ007831	JLX198720.1
OG0010641	GWHPBPAQ007832	JLX197930.1
OG0010642	GWHPBPAQ007834	JLX198690.1
OG0010643	GWHPBPAQ007835	JLX197890.1
OG0010644	GWHPBPAQ007836	JLX198260.1
OG0010645	GWHPBPAQ007837	JLX199120.1
OG0010646	GWHPBPAQ007841	JLX198900.1
OG0010647	GWHPBPAQ007843	JLX198800.1
OG0010648	GWHPBPAQ007846	JLX198420.1
OG0010649	GWHPBPAQ007850	JLX198080.1
OG0010650	GWHPBPAQ007851	JLX198510.1
OG0010651	GWHPBPAQ007852	JLX198020.1
OG0010652	GWHPBPAQ007853	JLX198040.1
OG0010653	GWHPBPAQ007854	JLX199010.1
OG0010654	GWHPBPAQ007857	JLX197740.1
OG0010655	GWHPBPAQ007858	JLX198490.1
OG0010656	GWHPBPAQ007859	JLX197860.1
OG0010657	GWHPBPAQ007860	JLX198400.1
OG0010658	GWHPBPAQ007862	JLX198940.1
OG0010659	GWHPBPAQ007863	JLX198660.1
OG0010660	GWHPBPAQ007866	JLX198890.1
OG0010661	GWHPBPAQ007867	JLX198990.1
OG0010662	GWHPBPAQ007869	JLX197830.1
OG0010663	GWHPBPAQ007872	JLX199080.2
OG0010664	GWHPBPAQ007873	JLX199020.1
OG0010665	GWHPBPAQ007874	JLX198960.1
OG0010666	GWHPBPAQ007875	JLX197610.1
OG0010667	GWHPBPAQ007876	JLX198760.1
OG0010668	GWHPBPAQ007878	JLX197600.1
OG0010669	GWHPBPAQ007880	JLX197490.1
OG0010670	GWHPBPAQ007883	JLX197940.1
OG0010671	GWHPBPAQ007884	JLX198810.1
OG0010672	GWHPBPAQ007888	JLX198090.1
OG0010673	GWHPBPAQ007889	JLX198210.1
OG0010674	GWHPBPAQ007897	JLX198380.1
OG0010675	GWHPBPAQ007898	JLX198160.1
OG0010676	GWHPBPAQ007900	JLX197790.1
OG0010677	GWHPBPAQ007902	JLX197840.1
OG0010678	GWHPBPAQ007903	JLX197640.1
OG0010679	GWHPBPAQ007906	JLX031960.1
OG0010680	GWHPBPAQ007907	JLX031580.1
OG0010681	GWHPBPAQ007908	JLX032140.1
OG0010682	GWHPBPAQ007909	JLX031080.1
OG0010683	GWHPBPAQ007920	JLX030250.1
OG0010684	GWHPBPAQ007923	JLX030540.1
OG0010685	GWHPBPAQ007925	JLX030890.1
OG0010686	GWHPBPAQ007927	JLX030920.1
OG0010687	GWHPBPAQ007928	JLX030470.1
OG0010688	GWHPBPAQ007930	JLX030170.1
OG0010689	GWHPBPAQ007934	JLX030700.1
OG0010690	GWHPBPAQ007936	JLX031130.1
OG0010691	GWHPBPAQ007938	JLX031460.1
OG0010692	GWHPBPAQ007939	JLX030600.1
OG0010693	GWHPBPAQ007943	JLX030730.1
OG0010694	GWHPBPAQ007944	JLX030340.1
OG0010695	GWHPBPAQ007947	JLX030880.1
OG0010696	GWHPBPAQ007949	JLX031150.1
OG0010697	GWHPBPAQ007950	JLX030270.1
OG0010698	GWHPBPAQ007951	JLX030130.1
OG0010699	GWHPBPAQ007952	JLX032080.1
OG0010700	GWHPBPAQ007953	JLX031540.1
OG0010701	GWHPBPAQ007954	JLX030110.1
OG0010702	GWHPBPAQ007957	JLX031110.1
OG0010703	GWHPBPAQ007958	JLX030620.1
OG0010704	GWHPBPAQ007961	JLX030940.1
OG0010705	GWHPBPAQ007964	JLX030590.1
OG0010706	GWHPBPAQ007966	JLX031870.1
OG0010707	GWHPBPAQ007967	JLX031060.1
OG0010708	GWHPBPAQ007969	JLX031400.1
OG0010709	GWHPBPAQ007971	JLX030740.1
OG0010710	GWHPBPAQ007972	JLX030960.1
OG0010711	GWHPBPAQ007975	JLX030260.1
OG0010712	GWHPBPAQ007976	JLX030360.1
OG0010713	GWHPBPAQ007977	JLX031690.1
OG0010714	GWHPBPAQ007978	JLX031090.1
OG0010715	GWHPBPAQ007979	JLX030490.1
OG0010716	GWHPBPAQ007980	JLX031760.1
OG0010717	GWHPBPAQ007982	JLX030400.1
OG0010718	GWHPBPAQ007983	JLX030870.1
OG0010719	GWHPBPAQ007984	JLX031990.1
OG0010720	GWHPBPAQ007985	JLX031040.1
OG0010721	GWHPBPAQ007988	JLX031680.1
OG0010722	GWHPBPAQ007989	JLX030810.1
OG0010723	GWHPBPAQ007990	JLX030550.1
OG0010724	GWHPBPAQ007992	JLX031010.1
OG0010725	GWHPBPAQ007994	JLX031360.1
OG0010726	GWHPBPAQ007995	JLX031710.1
OG0010727	GWHPBPAQ007997	JLX031480.1
OG0010728	GWHPBPAQ007999	JLX031840.1
OG0010729	GWHPBPAQ008000	JLX030660.1
OG0010730	GWHPBPAQ008001	JLX031370.1
OG0010731	GWHPBPAQ008003	JLX032160.1
OG0010732	GWHPBPAQ008007	JLX032010.1
OG0010733	GWHPBPAQ008009	JLX030750.1
OG0010734	GWHPBPAQ008014	JLX031350.1
OG0010735	GWHPBPAQ008021	JLX031290.1
OG0010736	GWHPBPAQ008023	JLX030140.1
OG0010737	GWHPBPAQ008024	JLX030850.1
OG0010738	GWHPBPAQ008042	JLX030280.1
OG0010739	GWHPBPAQ008043	JLX030650.1
OG0010740	GWHPBPAQ008045	JLX030910.1
OG0010741	GWHPBPAQ008046	JLX031410.1
OG0010742	GWHPBPAQ008048	JLX031970.1
OG0010743	GWHPBPAQ008050	JLX030820.1
OG0010744	GWHPBPAQ008057	JLX031160.1
OG0010745	GWHPBPAQ008058	JLX030900.1
OG0010746	GWHPBPAQ008059	JLX031780.1
OG0010747	GWHPBPAQ008063	JLX030580.1
OG0010748	GWHPBPAQ008065	JLX031980.1
OG0010749	GWHPBPAQ008066	JLX031490.1
OG0010750	GWHPBPAQ008067	JLX030610.1
OG0010751	GWHPBPAQ008068	JLX031280.1
OG0010752	GWHPBPAQ008071	JLX030430.1
OG0010753	GWHPBPAQ008074	JLX030790.1
OG0010754	GWHPBPAQ008075	JLX031470.1
OG0010755	GWHPBPAQ008077	JLX031630.1
OG0010756	GWHPBPAQ008081	JLX030570.1
OG0010757	GWHPBPAQ008082	JLX031500.1
OG0010758	GWHPBPAQ008083	JLX031510.1
OG0010759	GWHPBPAQ008088	JLX031210.1
OG0010760	GWHPBPAQ008090	JLX031720.1
OG0010761	GWHPBPAQ008092	JLX030240.1
OG0010762	GWHPBPAQ008093	JLX032110.1
OG0010763	GWHPBPAQ008094	JLX031050.1
OG0010764	GWHPBPAQ008095	JLX031810.1
OG0010765	GWHPBPAQ008099	JLX031700.1
OG0010766	GWHPBPAQ008104	JLX030710.1
OG0010767	GWHPBPAQ008105	JLX032000.1
OG0010768	GWHPBPAQ008106	JLX030220.1
OG0010769	GWHPBPAQ008107	JLX031890.1
OG0010770	GWHPBPAQ008109	JLX031900.1
OG0010771	GWHPBPAQ008113	JLX032070.1
OG0010772	GWHPBPAQ008115	JLX030950.1
OG0010773	GWHPBPAQ008116	JLX031000.1
OG0010774	GWHPBPAQ008140	JLX154550.1
OG0010775	GWHPBPAQ008141	JLX153120.1
OG0010776	GWHPBPAQ008143	JLX152860.1
OG0010777	GWHPBPAQ008145	JLX154630.1
OG0010778	GWHPBPAQ008147	JLX154920.1
OG0010779	GWHPBPAQ008148	JLX154850.1
OG0010780	GWHPBPAQ008156	JLX154730.1
OG0010781	GWHPBPAQ008157	JLX153600.1
OG0010782	GWHPBPAQ008158	JLX154800.1
OG0010783	GWHPBPAQ008159	JLX153910.1
OG0010784	GWHPBPAQ008160	JLX153320.1
OG0010785	GWHPBPAQ008161	JLX154190.1
OG0010786	GWHPBPAQ008163	JLX153130.1
OG0010787	GWHPBPAQ008164	JLX154810.1
OG0010788	GWHPBPAQ008167	JLX154040.1
OG0010789	GWHPBPAQ008169	JLX153230.1
OG0010790	GWHPBPAQ008172	JLX153690.1
OG0010791	GWHPBPAQ008173	JLX154160.1
OG0010792	GWHPBPAQ008174	JLX154110.1
OG0010793	GWHPBPAQ008175	JLX154290.1
OG0010794	GWHPBPAQ008176	JLX154520.1
OG0010795	GWHPBPAQ008177	JLX153300.1
OG0010796	GWHPBPAQ008180	JLX153990.1
OG0010797	GWHPBPAQ008181	JLX153540.1
OG0010798	GWHPBPAQ008182	JLX152910.1
OG0010799	GWHPBPAQ008185	JLX154170.1
OG0010800	GWHPBPAQ008186	JLX154510.1
OG0010801	GWHPBPAQ008189	JLX154720.1
OG0010802	GWHPBPAQ008190	JLX153550.1
OG0010803	GWHPBPAQ008191	JLX153970.1
OG0010804	GWHPBPAQ008192	JLX153010.1
OG0010805	GWHPBPAQ008193	JLX154340.1
OG0010806	GWHPBPAQ008194	JLX154670.1
OG0010807	GWHPBPAQ008196	JLX153740.1
OG0010808	GWHPBPAQ008201	JLX153220.1
OG0010809	GWHPBPAQ008202	JLX154360.1
OG0010810	GWHPBPAQ008203	JLX154460.1
OG0010811	GWHPBPAQ008207	JLX153940.1
OG0010812	GWHPBPAQ008208	JLX153630.1
OG0010813	GWHPBPAQ008210	JLX154050.1
OG0010814	GWHPBPAQ008212	JLX153190.1
OG0010815	GWHPBPAQ008215	JLX153200.1
OG0010816	GWHPBPAQ008218	JLX154410.1
OG0010817	GWHPBPAQ008219	JLX154540.1
OG0010818	GWHPBPAQ008221	JLX154500.1
OG0010819	GWHPBPAQ008224	JLX153880.1
OG0010820	GWHPBPAQ008225	JLX154030.1
OG0010821	GWHPBPAQ008226	JLX154710.1
OG0010822	GWHPBPAQ008227	JLX153760.1
OG0010823	GWHPBPAQ008230	JLX154680.1
OG0010824	GWHPBPAQ008231	JLX152870.1
OG0010825	GWHPBPAQ008232	JLX153980.1
OG0010826	GWHPBPAQ008234	JLX153610.1
OG0010827	GWHPBPAQ008235	JLX153780.1
OG0010828	GWHPBPAQ008236	JLX154750.1
OG0010829	GWHPBPAQ008237	JLX154100.1
OG0010830	GWHPBPAQ008241	JLX153770.1
OG0010831	GWHPBPAQ008245	JLX152900.1
OG0010832	GWHPBPAQ008246	JLX154120.1
OG0010833	GWHPBPAQ008247	JLX153060.1
OG0010834	GWHPBPAQ008248	JLX154000.1
OG0010835	GWHPBPAQ008249	JLX153490.1
OG0010836	GWHPBPAQ008250	JLX153720.1
OG0010837	GWHPBPAQ008252	JLX153400.1
OG0010838	GWHPBPAQ008254	JLX154610.1
OG0010839	GWHPBPAQ008255	JLX153790.1
OG0010840	GWHPBPAQ008256	JLX154180.1
OG0010841	GWHPBPAQ008258	JLX153620.1
OG0010842	GWHPBPAQ008259	JLX154150.1
OG0010843	GWHPBPAQ008261	JLX153890.1
OG0010844	GWHPBPAQ008263	JLX153590.1
OG0010845	GWHPBPAQ008266	JLX153840.1
OG0010846	GWHPBPAQ008267	JLX154580.1
OG0010847	GWHPBPAQ008268	JLX154230.1
OG0010848	GWHPBPAQ008270	JLX153240.1
OG0010849	GWHPBPAQ008271	JLX154650.1
OG0010850	GWHPBPAQ008272	JLX154380.1
OG0010851	GWHPBPAQ008273	JLX152920.1
OG0010852	GWHPBPAQ008274	JLX154930.1
OG0010853	GWHPBPAQ008275	JLX152940.1
OG0010854	GWHPBPAQ008284	JLX155000.1
OG0010855	GWHPBPAQ008286	JLX154890.1
OG0010856	GWHPBPAQ008288	JLX152970.1
OG0010857	GWHPBPAQ008291	JLX153250.1
OG0010858	GWHPBPAQ008293	JLX153390.1
OG0010859	GWHPBPAQ008294	JLX154640.1
OG0010860	GWHPBPAQ008295	JLX154690.1
OG0010861	GWHPBPAQ008299	JLX154740.1
OG0010862	GWHPBPAQ008300	JLX154450.1
OG0010863	GWHPBPAQ008303	JLX152930.1
OG0010864	GWHPBPAQ008304	JLX154330.1
OG0010865	GWHPBPAQ008305	JLX152990.1
OG0010866	GWHPBPAQ008307	JLX153730.1
OG0010867	GWHPBPAQ008309	JLX153070.1
OG0010868	GWHPBPAQ008310	JLX154300.1
OG0010869	GWHPBPAQ008318	JLX153360.1
OG0010870	GWHPBPAQ008319	JLX154400.1
OG0010871	GWHPBPAQ008320	JLX153580.1
OG0010872	GWHPBPAQ008321	JLX154870.1
OG0010873	GWHPBPAQ008325	JLX153150.1
OG0010874	GWHPBPAQ008327	JLX153380.1
OG0010875	GWHPBPAQ008331	JLX154020.1
OG0010876	GWHPBPAQ008332	JLX154780.1
OG0010877	GWHPBPAQ008333	JLX153870.1
OG0010878	GWHPBPAQ008334	JLX153410.1
OG0010879	GWHPBPAQ008335	JLX154480.1
OG0010880	GWHPBPAQ008336	JLX153510.1
OG0010881	GWHPBPAQ008338	JLX153860.1
OG0010882	GWHPBPAQ008339	JLX152890.1
OG0010883	GWHPBPAQ008340	JLX154240.1
OG0010884	GWHPBPAQ008342	JLX153260.1
OG0010885	GWHPBPAQ008344	JLX154760.1
OG0010886	GWHPBPAQ008349	JLX153480.1
OG0010887	GWHPBPAQ008350	JLX154310.1
OG0010888	GWHPBPAQ008351	JLX154590.1
OG0010889	GWHPBPAQ008352	JLX154420.1
OG0010890	GWHPBPAQ008353	JLX015470.1
OG0010891	GWHPBPAQ008355	JLX011840.1
OG0010892	GWHPBPAQ008356	JLX010810.1
OG0010893	GWHPBPAQ008357	JLX012580.1
OG0010894	GWHPBPAQ008358	JLX012010.1
OG0010895	GWHPBPAQ008359	JLX012430.1
OG0010896	GWHPBPAQ008360	JLX013440.1
OG0010897	GWHPBPAQ008361	JLX015300.1
OG0010898	GWHPBPAQ008363	JLX011110.1
OG0010899	GWHPBPAQ008364	JLX014570.1
OG0010900	GWHPBPAQ008365	JLX013140.1
OG0010901	GWHPBPAQ008366	JLX012410.1
OG0010902	GWHPBPAQ008368	JLX012060.1
OG0010903	GWHPBPAQ008371	JLX011170.1
OG0010904	GWHPBPAQ008372	JLX015710.1
OG0010905	GWHPBPAQ008374	JLX013610.1
OG0010906	GWHPBPAQ008376	JLX012360.1
OG0010907	GWHPBPAQ008377	JLX231530.1
OG0010908	GWHPBPAQ008379	JLX011030.1
OG0010909	GWHPBPAQ008380, GWHPBPAQ019690	
OG0010910	GWHPBPAQ008381	JLX015290.1
OG0010911	GWHPBPAQ008382	JLX014630.1
OG0010912	GWHPBPAQ008383	JLX011020.1
OG0010913	GWHPBPAQ008385	JLX013200.1
OG0010914	GWHPBPAQ008387	JLX014160.1
OG0010915	GWHPBPAQ008388	JLX013420.1
OG0010916	GWHPBPAQ008389	JLX014640.1
OG0010917	GWHPBPAQ008390	JLX010990.1
OG0010918	GWHPBPAQ008396	JLX015830.1
OG0010919	GWHPBPAQ008397	JLX015140.1
OG0010920	GWHPBPAQ008398	JLX012770.1
OG0010921	GWHPBPAQ008399	JLX014310.1
OG0010922	GWHPBPAQ008400	JLX010960.1
OG0010923	GWHPBPAQ008401	JLX013270.1
OG0010924	GWHPBPAQ008403	JLX013060.1
OG0010925	GWHPBPAQ008405	JLX014580.1
OG0010926	GWHPBPAQ008406	JLX015520.1
OG0010927	GWHPBPAQ008409	JLX011800.1
OG0010928	GWHPBPAQ008410	JLX013340.1
OG0010929	GWHPBPAQ008411	JLX013210.1
OG0010930	GWHPBPAQ008412	JLX014010.1
OG0010931	GWHPBPAQ008415	JLX013360.1
OG0010932	GWHPBPAQ008417	JLX012210.1
OG0010933	GWHPBPAQ008420	JLX013450.1
OG0010934	GWHPBPAQ008424	JLX014850.1
OG0010935	GWHPBPAQ008425	JLX010900.1
OG0010936	GWHPBPAQ008426	JLX010850.1
OG0010937	GWHPBPAQ008427	JLX013090.1
OG0010938	GWHPBPAQ008430	JLX014030.1
OG0010939	GWHPBPAQ008432	JLX013760.1
OG0010940	GWHPBPAQ008434	JLX014710.1
OG0010941	GWHPBPAQ008437	JLX010670.1
OG0010942	GWHPBPAQ008440	JLX012590.1
OG0010943	GWHPBPAQ008441	JLX014090.1
OG0010944	GWHPBPAQ008442	JLX012030.1
OG0010945	GWHPBPAQ008446	JLX015450.1
OG0010946	GWHPBPAQ008449	JLX010840.1
OG0010947	GWHPBPAQ008451	JLX015210.1
OG0010948	GWHPBPAQ008452	JLX011820.1
OG0010949	GWHPBPAQ008453	JLX012300.1
OG0010950	GWHPBPAQ008455	JLX015420.1
OG0010951	GWHPBPAQ008457	JLX012660.1
OG0010952	GWHPBPAQ008459	JLX014460.1
OG0010953	GWHPBPAQ008460	JLX015500.1
OG0010954	GWHPBPAQ008461	JLX014930.1
OG0010955	GWHPBPAQ008462	JLX013320.1
OG0010956	GWHPBPAQ008463	JLX014050.1
OG0010957	GWHPBPAQ008465	JLX014980.1
OG0010958	GWHPBPAQ008468	JLX011880.1
OG0010959	GWHPBPAQ008471	JLX012860.1
OG0010960	GWHPBPAQ008475	JLX012150.1
OG0010961	GWHPBPAQ008476	JLX013000.1
OG0010962	GWHPBPAQ008482	JLX013530.1
OG0010963	GWHPBPAQ008484	JLX015390.1
OG0010964	GWHPBPAQ008486	JLX011150.1
OG0010965	GWHPBPAQ008488	JLX012350.1
OG0010966	GWHPBPAQ008490	JLX011340.1
OG0010967	GWHPBPAQ008492	JLX011860.1
OG0010968	GWHPBPAQ008493	JLX014170.1
OG0010969	GWHPBPAQ008494	JLX013620.1
OG0010970	GWHPBPAQ008496	JLX014420.1
OG0010971	GWHPBPAQ008497	JLX014660.1
OG0010972	GWHPBPAQ008498	JLX011080.1
OG0010973	GWHPBPAQ008500	JLX011540.1
OG0010974	GWHPBPAQ008501	JLX013970.1
OG0010975	GWHPBPAQ008503	JLX015350.1
OG0010976	GWHPBPAQ008504	JLX014690.1
OG0010977	GWHPBPAQ008507	JLX015870.1
OG0010978	GWHPBPAQ008508	JLX010540.1
OG0010979	GWHPBPAQ008509	JLX011350.1
OG0010980	GWHPBPAQ008510	JLX012400.1
OG0010981	GWHPBPAQ008513	JLX011090.1
OG0010982	GWHPBPAQ008514	JLX011300.1
OG0010983	GWHPBPAQ008515	JLX014370.1
OG0010984	GWHPBPAQ008516	JLX013740.1
OG0010985	GWHPBPAQ008517	JLX015530.1
OG0010986	GWHPBPAQ008518	JLX014600.1
OG0010987	GWHPBPAQ008519	JLX014110.1
OG0010988	GWHPBPAQ008520	JLX012040.1
OG0010989	GWHPBPAQ008521	JLX010660.1
OG0010990	GWHPBPAQ008524	JLX013470.1
OG0010991	GWHPBPAQ008525	JLX011720.1
OG0010992	GWHPBPAQ008526	JLX011160.1
OG0010993	GWHPBPAQ008528	JLX014870.1
OG0010994	GWHPBPAQ008531	JLX015850.1
OG0010995	GWHPBPAQ008535	JLX014830.1
OG0010996	GWHPBPAQ008536	JLX015770.1
OG0010997	GWHPBPAQ008542	JLX011220.1
OG0010998	GWHPBPAQ008543	JLX014530.1
OG0010999	GWHPBPAQ008546	JLX013330.1
OG0011000	GWHPBPAQ008548	JLX012550.1
OG0011001	GWHPBPAQ008552	JLX015060.1
OG0011002	GWHPBPAQ008555	JLX012310.1
OG0011003	GWHPBPAQ008557	JLX011470.1
OG0011004	GWHPBPAQ008558	JLX015320.1
OG0011005	GWHPBPAQ008559	JLX015540.1
OG0011006	GWHPBPAQ008562	JLX013120.1
OG0011007	GWHPBPAQ008567	JLX013050.1
OG0011008	GWHPBPAQ008568	JLX012230.1
OG0011009	GWHPBPAQ008569	JLX015430.1
OG0011010	GWHPBPAQ008572	JLX012500.1
OG0011011	GWHPBPAQ008573	JLX010450.1
OG0011012	GWHPBPAQ008575	JLX012050.1
OG0011013	GWHPBPAQ008576	JLX013810.1
OG0011014	GWHPBPAQ008578	JLX013770.1
OG0011015	GWHPBPAQ008579	JLX015690.1
OG0011016	GWHPBPAQ008580	JLX014760.1
OG0011017	GWHPBPAQ008581	JLX011680.1
OG0011018	GWHPBPAQ008582	JLX013150.1
OG0011019	GWHPBPAQ008583	JLX011010.1
OG0011020	GWHPBPAQ008584	JLX012800.1
OG0011021	GWHPBPAQ008585	JLX011970.1
OG0011022	GWHPBPAQ008587	JLX010940.1
OG0011023	GWHPBPAQ008589	JLX012950.1
OG0011024	GWHPBPAQ008590	JLX011980.1
OG0011025	GWHPBPAQ008594	JLX013890.1
OG0011026	GWHPBPAQ008599	JLX011850.1
OG0011027	GWHPBPAQ008600	JLX013190.1
OG0011028	GWHPBPAQ008603	JLX014120.1
OG0011029	GWHPBPAQ008608	JLX015100.1
OG0011030	GWHPBPAQ008609	JLX015620.1
OG0011031	GWHPBPAQ008612	JLX012930.1
OG0011032	GWHPBPAQ008620	JLX014180.1
OG0011033	GWHPBPAQ008624	JLX014590.1
OG0011034	GWHPBPAQ008626	JLX015030.1
OG0011035	GWHPBPAQ008627	JLX015560.1
OG0011036	GWHPBPAQ008628	JLX013730.1
OG0011037	GWHPBPAQ008629	JLX012600.1
OG0011038	GWHPBPAQ008630	JLX011920.1
OG0011039	GWHPBPAQ008633	JLX012680.1
OG0011040	GWHPBPAQ008634	JLX010570.1
OG0011041	GWHPBPAQ008635	JLX012560.1
OG0011042	GWHPBPAQ008636	JLX011620.1
OG0011043	GWHPBPAQ008637	JLX012260.1
OG0011044	GWHPBPAQ008638	JLX013860.1
OG0011045	GWHPBPAQ008649	JLX013930.1
OG0011046	GWHPBPAQ008656	JLX012720.1
OG0011047	GWHPBPAQ008660	JLX011310.1
OG0011048	GWHPBPAQ008663	JLX011780.1
OG0011049	GWHPBPAQ008664	JLX014940.1
OG0011050	GWHPBPAQ008665	JLX015640.1
OG0011051	GWHPBPAQ008666	JLX012960.1
OG0011052	GWHPBPAQ008668	JLX011750.1
OG0011053	GWHPBPAQ008669	JLX014880.1
OG0011054	GWHPBPAQ008671	JLX013720.1
OG0011055	GWHPBPAQ008676	JLX010600.1
OG0011056	GWHPBPAQ008680	JLX013410.1
OG0011057	GWHPBPAQ008682	JLX014730.1
OG0011058	GWHPBPAQ008683	JLX010680.1
OG0011059	GWHPBPAQ008690	JLX014670.1
OG0011060	GWHPBPAQ008692	JLX014320.1
OG0011061	GWHPBPAQ008694	JLX011390.1
OG0011062	GWHPBPAQ008698	JLX014150.1
OG0011063	GWHPBPAQ008702	JLX010880.1
OG0011064	GWHPBPAQ008703	JLX014450.1
OG0011065	GWHPBPAQ008707	JLX011560.1
OG0011066	GWHPBPAQ008708	JLX012070.1
OG0011067	GWHPBPAQ008709	JLX014620.1
OG0011068	GWHPBPAQ008710	JLX011260.1
OG0011069	GWHPBPAQ008712	JLX014470.1
OG0011070	GWHPBPAQ008717	JLX014520.1
OG0011071	GWHPBPAQ008719	JLX012090.1
OG0011072	GWHPBPAQ008724	JLX011960.1
OG0011073	GWHPBPAQ008725	JLX011000.1
OG0011074	GWHPBPAQ008726	JLX011790.1
OG0011075	GWHPBPAQ008727	JLX015150.1
OG0011076	GWHPBPAQ008728	JLX015630.1
OG0011077	GWHPBPAQ008730	JLX013130.1
OG0011078	GWHPBPAQ008733	JLX010510.1
OG0011079	GWHPBPAQ008736	JLX015010.1
OG0011080	GWHPBPAQ008738	JLX013570.1
OG0011081	GWHPBPAQ008739	JLX010470.1
OG0011082	GWHPBPAQ008740	JLX014750.1
OG0011083	GWHPBPAQ008741	JLX015180.1
OG0011084	GWHPBPAQ008742	JLX013580.1
OG0011085	GWHPBPAQ008743	JLX015250.1
OG0011086	GWHPBPAQ008744	JLX012630.1
OG0011087	GWHPBPAQ008747	JLX014680.1
OG0011088	GWHPBPAQ008748	JLX011200.1
OG0011089	GWHPBPAQ008749	JLX013220.1
OG0011090	GWHPBPAQ008751	JLX012420.1
OG0011091	GWHPBPAQ008755	JLX015090.1
OG0011092	GWHPBPAQ008756	JLX015670.1
OG0011093	GWHPBPAQ008757	JLX012710.1
OG0011094	GWHPBPAQ008760	JLX013960.1
OG0011095	GWHPBPAQ008761	JLX014790.1
OG0011096	GWHPBPAQ008763	JLX013250.1
OG0011097	GWHPBPAQ008764	JLX012480.1
OG0011098	GWHPBPAQ008765	JLX012690.1
OG0011099	GWHPBPAQ008766	JLX010890.1
OG0011100	GWHPBPAQ008767	JLX010700.1
OG0011101	GWHPBPAQ008771	JLX010740.1
OG0011102	GWHPBPAQ008773	JLX014200.1
OG0011103	GWHPBPAQ008775	JLX011950.1
OG0011104	GWHPBPAQ008777	JLX011450.1
OG0011105	GWHPBPAQ008780	JLX015600.1
OG0011106	GWHPBPAQ008784	JLX011580.1
OG0011107	GWHPBPAQ008785	JLX010970.1
OG0011108	GWHPBPAQ008786	JLX013020.1
OG0011109	GWHPBPAQ008789	JLX010620.1
OG0011110	GWHPBPAQ008790	JLX015760.1
OG0011111	GWHPBPAQ008794	JLX012760.1
OG0011112	GWHPBPAQ008797	JLX015820.1
OG0011113	GWHPBPAQ008800	JLX013160.1
OG0011114	GWHPBPAQ008804	JLX011130.1
OG0011115	GWHPBPAQ008805	JLX012740.1
OG0011116	GWHPBPAQ008806	JLX011990.1
OG0011117	GWHPBPAQ008807	JLX011710.1
OG0011118	GWHPBPAQ008808	JLX011100.1
OG0011119	GWHPBPAQ008809	JLX013900.1
OG0011120	GWHPBPAQ008811	JLX015740.1
OG0011121	GWHPBPAQ008813	JLX012280.1
OG0011122	GWHPBPAQ008814	JLX014920.1
OG0011123	GWHPBPAQ008815	JLX011060.1
OG0011124	GWHPBPAQ008818	JLX013230.1
OG0011125	GWHPBPAQ008821	JLX015590.1
OG0011126	GWHPBPAQ008823	JLX014130.1
OG0011127	GWHPBPAQ008824	JLX011740.1
OG0011128	GWHPBPAQ008826	JLX011660.1
OG0011129	GWHPBPAQ008827	JLX013010.1
OG0011130	GWHPBPAQ008828	JLX012110.1
OG0011131	GWHPBPAQ008829	JLX012450.1
OG0011132	GWHPBPAQ008836	JLX011930.1
OG0011133	GWHPBPAQ008839	JLX011650.1
OG0011134	GWHPBPAQ008840	JLX012900.1
OG0011135	GWHPBPAQ008843	JLX014440.1
OG0011136	GWHPBPAQ008844	JLX015790.1
OG0011137	GWHPBPAQ008845	JLX015260.1
OG0011138	GWHPBPAQ008849	JLX012390.1
OG0011139	GWHPBPAQ008854	JLX012100.1
OG0011140	GWHPBPAQ008855	JLX015700.1
OG0011141	GWHPBPAQ008858	JLX013830.1
OG0011142	GWHPBPAQ008859	JLX014270.1
OG0011143	GWHPBPAQ008863	JLX013260.1
OG0011144	GWHPBPAQ008865	JLX013840.1
OG0011145	GWHPBPAQ008869	JLX012130.1
OG0011146	GWHPBPAQ008871	JLX013850.1
OG0011147	GWHPBPAQ008873	JLX015490.1
OG0011148	GWHPBPAQ008874	JLX013710.1
OG0011149	GWHPBPAQ008875	JLX014250.1
OG0011150	GWHPBPAQ008876	JLX012000.1
OG0011151	GWHPBPAQ008879	JLX010560.1
OG0011152	GWHPBPAQ008880	JLX015040.1
OG0011153	GWHPBPAQ008888	JLX011040.1
OG0011154	GWHPBPAQ008889	JLX011700.1
OG0011155	GWHPBPAQ008890	JLX015730.1
OG0011156	GWHPBPAQ008891	JLX015280.1
OG0011157	GWHPBPAQ008892	JLX013400.1
OG0011158	GWHPBPAQ008893	JLX012510.1
OG0011159	GWHPBPAQ008895	JLX015400.1
OG0011160	GWHPBPAQ008896	JLX013600.1
OG0011161	GWHPBPAQ008897	JLX012330.1
OG0011162	GWHPBPAQ008898	JLX013100.1
OG0011163	GWHPBPAQ008904	JLX014990.1
OG0011164	GWHPBPAQ008905	JLX014970.1
OG0011165	GWHPBPAQ008907	JLX014070.1
OG0011166	GWHPBPAQ008909	JLX015220.1
OG0011167	GWHPBPAQ008911	JLX015200.1
OG0011168	GWHPBPAQ008912	JLX015810.1
OG0011169	GWHPBPAQ008916	JLX012240.1
OG0011170	GWHPBPAQ008923	JLX014360.1
OG0011171	GWHPBPAQ008932	JLX063050.1
OG0011172	GWHPBPAQ008933	JLX059230.1
OG0011173	GWHPBPAQ008934	JLX058430.1
OG0011174	GWHPBPAQ008935	JLX062980.1
OG0011175	GWHPBPAQ008937	JLX063900.1
OG0011176	GWHPBPAQ008938	JLX059490.1
OG0011177	GWHPBPAQ008940	JLX060930.1
OG0011178	GWHPBPAQ008942	JLX060340.1
OG0011179	GWHPBPAQ008944	JLX063660.1
OG0011180	GWHPBPAQ008950	JLX059620.1
OG0011181	GWHPBPAQ008951	JLX058890.1
OG0011182	GWHPBPAQ008953	JLX062760.1
OG0011183	GWHPBPAQ008954	JLX061950.1
OG0011184	GWHPBPAQ008956	JLX063530.1
OG0011185	GWHPBPAQ008957	JLX063580.1
OG0011186	GWHPBPAQ008961	JLX058710.1
OG0011187	GWHPBPAQ008962	JLX058820.1
OG0011188	GWHPBPAQ008963	JLX063310.1
OG0011189	GWHPBPAQ008965	JLX064220.1
OG0011190	GWHPBPAQ008967	JLX062030.1
OG0011191	GWHPBPAQ008970	JLX060420.1
OG0011192	GWHPBPAQ008977	JLX064570.1
OG0011193	GWHPBPAQ008978	JLX060490.1
OG0011194	GWHPBPAQ008981	JLX060510.1
OG0011195	GWHPBPAQ008982	JLX061210.1
OG0011196	GWHPBPAQ008983	JLX058550.1
OG0011197	GWHPBPAQ008986	JLX061060.1
OG0011198	GWHPBPAQ008988	JLX062300.1
OG0011199	GWHPBPAQ008992	JLX063480.1
OG0011200	GWHPBPAQ008995	JLX063700.1
OG0011201	GWHPBPAQ008996	JLX062750.1
OG0011202	GWHPBPAQ008999	JLX062930.1
OG0011203	GWHPBPAQ009000	JLX061730.1
OG0011204	GWHPBPAQ009001	JLX064300.1
OG0011205	GWHPBPAQ009002	JLX062940.1
OG0011206	GWHPBPAQ009011	JLX058600.1
OG0011207	GWHPBPAQ009012	JLX059400.1
OG0011208	GWHPBPAQ009013	JLX060170.1
OG0011209	GWHPBPAQ009014	JLX063390.1
OG0011210	GWHPBPAQ009016	JLX058380.1
OG0011211	GWHPBPAQ009019	JLX061900.1
OG0011212	GWHPBPAQ009020	JLX062210.1
OG0011213	GWHPBPAQ009021	JLX063020.1
OG0011214	GWHPBPAQ009023	JLX058770.1
OG0011215	GWHPBPAQ009024	JLX058940.1
OG0011216	GWHPBPAQ009025	JLX064280.1
OG0011217	GWHPBPAQ009026	JLX063470.1
OG0011218	GWHPBPAQ009027	JLX061810.1
OG0011219	GWHPBPAQ009028	JLX060720.1
OG0011220	GWHPBPAQ009029	JLX059890.1
OG0011221	GWHPBPAQ009030	JLX059350.1
OG0011222	GWHPBPAQ009031	JLX058680.1
OG0011223	GWHPBPAQ009035	JLX062810.1
OG0011224	GWHPBPAQ009037	JLX061930.1
OG0011225	GWHPBPAQ009041	JLX059680.1
OG0011226	GWHPBPAQ009043	JLX064550.1
OG0011227	GWHPBPAQ009044	JLX058440.1
OG0011228	GWHPBPAQ009045, GWHPBPAQ013007	
OG0011229	GWHPBPAQ009046	JLX062110.1
OG0011230	GWHPBPAQ009047	JLX062900.1
OG0011231	GWHPBPAQ009048	JLX060640.1
OG0011232	GWHPBPAQ009052	JLX059930.1
OG0011233	GWHPBPAQ009054	JLX059080.1
OG0011234	GWHPBPAQ009055	JLX063510.1
OG0011235	GWHPBPAQ009056	JLX060100.1
OG0011236	GWHPBPAQ009061	JLX063300.1
OG0011237	GWHPBPAQ009064	JLX062710.1
OG0011238	GWHPBPAQ009066	JLX061390.1
OG0011239	GWHPBPAQ009067	JLX059110.1
OG0011240	GWHPBPAQ009068	JLX058480.1
OG0011241	GWHPBPAQ009069	JLX058630.1
OG0011242	GWHPBPAQ009071	JLX059300.1
OG0011243	GWHPBPAQ009072	JLX060040.1
OG0011244	GWHPBPAQ009073	JLX061720.1
OG0011245	GWHPBPAQ009075	JLX064450.1
OG0011246	GWHPBPAQ009076	JLX059050.1
OG0011247	GWHPBPAQ009078	JLX060050.1
OG0011248	GWHPBPAQ009079	JLX062420.1
OG0011249	GWHPBPAQ009081	JLX058590.1
OG0011250	GWHPBPAQ009086	JLX062050.1
OG0011251	GWHPBPAQ009088	JLX063860.1
OG0011252	GWHPBPAQ009092	JLX060310.1
OG0011253	GWHPBPAQ009097	JLX061670.1
OG0011254	GWHPBPAQ009101	JLX061360.1
OG0011255	GWHPBPAQ009102	JLX060780.1
OG0011256	GWHPBPAQ009104	JLX062460.1
OG0011257	GWHPBPAQ009105	JLX063750.1
OG0011258	GWHPBPAQ009106	JLX064210.1
OG0011259	GWHPBPAQ009107	JLX058880.1
OG0011260	GWHPBPAQ009108	JLX061180.1
OG0011261	GWHPBPAQ009113	JLX058960.1
OG0011262	GWHPBPAQ009114	JLX063710.1
OG0011263	GWHPBPAQ009116	JLX062830.1
OG0011264	GWHPBPAQ009118	JLX060130.1
OG0011265	GWHPBPAQ009119	JLX059320.1
OG0011266	GWHPBPAQ009120	JLX064140.1
OG0011267	GWHPBPAQ009122	JLX062960.1
OG0011268	GWHPBPAQ009124	JLX062970.1
OG0011269	GWHPBPAQ009125	JLX058900.1
OG0011270	GWHPBPAQ009126	JLX064200.1
OG0011271	GWHPBPAQ009128	JLX061520.1
OG0011272	GWHPBPAQ009129	JLX062770.1
OG0011273	GWHPBPAQ009131	JLX064390.1
OG0011274	GWHPBPAQ009132	JLX064410.1
OG0011275	GWHPBPAQ009133	JLX061910.1
OG0011276	GWHPBPAQ009134	JLX061190.1
OG0011277	GWHPBPAQ009135	JLX062370.1
OG0011278	GWHPBPAQ009136	JLX061820.1
OG0011279	GWHPBPAQ009140	JLX062540.1
OG0011280	GWHPBPAQ009144	JLX061240.1
OG0011281	GWHPBPAQ009147	JLX063620.1
OG0011282	GWHPBPAQ009148	JLX062260.1
OG0011283	GWHPBPAQ009150	JLX060890.1
OG0011284	GWHPBPAQ009152	JLX060280.1
OG0011285	GWHPBPAQ009153	JLX063800.1
OG0011286	GWHPBPAQ009154	JLX060700.1
OG0011287	GWHPBPAQ009155	JLX058610.1
OG0011288	GWHPBPAQ009156	JLX059360.1
OG0011289	GWHPBPAQ009159	JLX060540.1
OG0011290	GWHPBPAQ009160	JLX061480.1
OG0011291	GWHPBPAQ009162	JLX063760.1
OG0011292	GWHPBPAQ009163	JLX062040.1
OG0011293	GWHPBPAQ009164	JLX061710.1
OG0011294	GWHPBPAQ009170	JLX063990.1
OG0011295	GWHPBPAQ009171	JLX063190.1
OG0011296	GWHPBPAQ009172	JLX064170.1
OG0011297	GWHPBPAQ009175	JLX059220.1
OG0011298	GWHPBPAQ009176	JLX062870.1
OG0011299	GWHPBPAQ009180	JLX064270.1
OG0011300	GWHPBPAQ009181	JLX064120.1
OG0011301	GWHPBPAQ009182	JLX060610.1
OG0011302	GWHPBPAQ009184	JLX062690.1
OG0011303	GWHPBPAQ009185	JLX061420.1
OG0011304	GWHPBPAQ009187	JLX061770.1
OG0011305	GWHPBPAQ009188	JLX060580.1
OG0011306	GWHPBPAQ009191	JLX063540.1
OG0011307	GWHPBPAQ009193	JLX059870.1
OG0011308	GWHPBPAQ009195	JLX060520.1
OG0011309	GWHPBPAQ009197	JLX060660.1
OG0011310	GWHPBPAQ009198	JLX062850.1
OG0011311	GWHPBPAQ009199	JLX061880.1
OG0011312	GWHPBPAQ009203	JLX063640.1
OG0011313	GWHPBPAQ009204	JLX064470.1
OG0011314	GWHPBPAQ009209	JLX058360.1
OG0011315	GWHPBPAQ009210	JLX060650.1
OG0011316	GWHPBPAQ009211	JLX063250.1
OG0011317	GWHPBPAQ009212	JLX058910.1
OG0011318	GWHPBPAQ009214	JLX063920.1
OG0011319	GWHPBPAQ009217	JLX059730.1
OG0011320	GWHPBPAQ009218	JLX063130.1
OG0011321	GWHPBPAQ009219	JLX064100.1
OG0011322	GWHPBPAQ009221	JLX062250.1
OG0011323	GWHPBPAQ009222	JLX058670.1
OG0011324	GWHPBPAQ009224	JLX061020.1
OG0011325	GWHPBPAQ009226	JLX064160.2
OG0011326	GWHPBPAQ009227	JLX063490.1
OG0011327	GWHPBPAQ009228	JLX062080.1
OG0011328	GWHPBPAQ009229	JLX059330.1
OG0011329	GWHPBPAQ009230	JLX061010.1
OG0011330	GWHPBPAQ009231	JLX058920.1
OG0011331	GWHPBPAQ009232	JLX062700.1
OG0011332	GWHPBPAQ009233	JLX060400.1
OG0011333	GWHPBPAQ009234	JLX059450.1
OG0011334	GWHPBPAQ009235	JLX058460.1
OG0011335	GWHPBPAQ009236	JLX064490.1
OG0011336	GWHPBPAQ009238	JLX059830.1
OG0011337	GWHPBPAQ009240	JLX060970.1
OG0011338	GWHPBPAQ009241	JLX064250.1
OG0011339	GWHPBPAQ009242	JLX061840.1
OG0011340	GWHPBPAQ009244	JLX063560.1
OG0011341	GWHPBPAQ009245	JLX059130.1
OG0011342	GWHPBPAQ009248	JLX060530.1
OG0011343	GWHPBPAQ009249	JLX062630.1
OG0011344	GWHPBPAQ009250	JLX063650.1
OG0011345	GWHPBPAQ009251	JLX059800.1
OG0011346	GWHPBPAQ009257	JLX062160.1
OG0011347	GWHPBPAQ009258	JLX062140.1
OG0011348	GWHPBPAQ009260	JLX064150.1
OG0011349	GWHPBPAQ009261	JLX061780.1
OG0011350	GWHPBPAQ009262	JLX062530.1
OG0011351	GWHPBPAQ009263	JLX061540.1
OG0011352	GWHPBPAQ009270	JLX058930.1
OG0011353	GWHPBPAQ009273	JLX058970.1
OG0011354	GWHPBPAQ009274	JLX059640.1
OG0011355	GWHPBPAQ009275	JLX062380.1
OG0011356	GWHPBPAQ009276	JLX061530.1
OG0011357	GWHPBPAQ009277	JLX062230.1
OG0011358	GWHPBPAQ009278	JLX063780.1
OG0011359	GWHPBPAQ009281	JLX060990.1
OG0011360	GWHPBPAQ009285	JLX060080.1
OG0011361	GWHPBPAQ009293	JLX059180.1
OG0011362	GWHPBPAQ009297	JLX062430.1
OG0011363	GWHPBPAQ009300	JLX063200.1
OG0011364	GWHPBPAQ009301	JLX059240.1
OG0011365	GWHPBPAQ009316	JLX059710.1
OG0011366	GWHPBPAQ009318	JLX060210.1
OG0011367	GWHPBPAQ009319	JLX062390.1
OG0011368	GWHPBPAQ009321	JLX059670.1
OG0011369	GWHPBPAQ009327, GWHPBPAQ009331	
OG0011370	GWHPBPAQ009328, GWHPBPAQ009332	
OG0011371	GWHPBPAQ009336	JLX062400.1
OG0011372	GWHPBPAQ009338	JLX060960.1
OG0011373	GWHPBPAQ009341	JLX061800.1
OG0011374	GWHPBPAQ009346	JLX061790.1
OG0011375	GWHPBPAQ009348	JLX059940.1
OG0011376	GWHPBPAQ009351	JLX061160.1
OG0011377	GWHPBPAQ009353	JLX062840.1
OG0011378	GWHPBPAQ009357	JLX063590.1
OG0011379	GWHPBPAQ009359	JLX064480.1
OG0011380	GWHPBPAQ009360	JLX061080.1
OG0011381	GWHPBPAQ009363	JLX061300.1
OG0011382	GWHPBPAQ009364	JLX059030.1
OG0011383	GWHPBPAQ009366	JLX059340.1
OG0011384	GWHPBPAQ009367	JLX062800.1
OG0011385	GWHPBPAQ009368	JLX063430.1
OG0011386	GWHPBPAQ009372	JLX072880.1
OG0011387	GWHPBPAQ009373	JLX059570.1
OG0011388	GWHPBPAQ009376	JLX059740.1
OG0011389	GWHPBPAQ009378	JLX064340.1
OG0011390	GWHPBPAQ009382	JLX061630.1
OG0011391	GWHPBPAQ009383	JLX059550.1
OG0011392	GWHPBPAQ009385	JLX061680.1
OG0011393	GWHPBPAQ009388	JLX060180.1
OG0011394	GWHPBPAQ009389	JLX062450.1
OG0011395	GWHPBPAQ009390	JLX060810.1
OG0011396	GWHPBPAQ009392	JLX061490.1
OG0011397	GWHPBPAQ009396	JLX064330.1
OG0011398	GWHPBPAQ009398	JLX063440.1
OG0011399	GWHPBPAQ009399	JLX059600.1
OG0011400	GWHPBPAQ009400	JLX061640.1
OG0011401	GWHPBPAQ009402	JLX060560.1
OG0011402	GWHPBPAQ009403	JLX060980.1
OG0011403	GWHPBPAQ009405	JLX061560.1
OG0011404	GWHPBPAQ009406	JLX063730.1
OG0011405	GWHPBPAQ009407	JLX061450.1
OG0011406	GWHPBPAQ009409	JLX061050.1
OG0011407	GWHPBPAQ009413	JLX064350.1
OG0011408	GWHPBPAQ009414	JLX062500.1
OG0011409	GWHPBPAQ009415	JLX063350.1
OG0011410	GWHPBPAQ009416	JLX060120.1
OG0011411	GWHPBPAQ009418	JLX061230.1
OG0011412	GWHPBPAQ009419	JLX060350.1
OG0011413	GWHPBPAQ009420	JLX058700.1
OG0011414	GWHPBPAQ009421	JLX059040.1
OG0011415	GWHPBPAQ009422	JLX064400.1
OG0011416	GWHPBPAQ009423	JLX062280.1
OG0011417	GWHPBPAQ009424	JLX061380.1
OG0011418	GWHPBPAQ009425	JLX062020.1
OG0011419	GWHPBPAQ009431	JLX059000.1
OG0011420	GWHPBPAQ009433	JLX064000.1
OG0011421	GWHPBPAQ009435	JLX062290.1
OG0011422	GWHPBPAQ009439	JLX063140.1
OG0011423	GWHPBPAQ009442	JLX059560.1
OG0011424	GWHPBPAQ009444	JLX063340.1
OG0011425	GWHPBPAQ009445, GWHPBPAQ015580	
OG0011426	GWHPBPAQ009446	JLX059480.1
OG0011427	GWHPBPAQ009447	JLX062820.1
OG0011428	GWHPBPAQ009449	JLX060480.1
OG0011429	GWHPBPAQ009454	JLX062680.1
OG0011430	GWHPBPAQ009459	JLX059820.1
OG0011431	GWHPBPAQ009464	JLX063170.1
OG0011432	GWHPBPAQ009466	JLX059190.1
OG0011433	GWHPBPAQ009468	JLX061130.1
OG0011434	GWHPBPAQ009472	JLX059630.1
OG0011435	GWHPBPAQ009473	JLX060570.1
OG0011436	GWHPBPAQ009475	JLX064110.1
OG0011437	GWHPBPAQ009476	JLX062320.1
OG0011438	GWHPBPAQ009477	JLX061700.1
OG0011439	GWHPBPAQ009479	JLX064230.1
OG0011440	GWHPBPAQ009482	JLX058800.1
OG0011441	GWHPBPAQ009483	JLX058850.1
OG0011442	GWHPBPAQ009487	JLX059370.1
OG0011443	GWHPBPAQ009488	JLX061350.1
OG0011444	GWHPBPAQ009490	JLX060150.1
OG0011445	GWHPBPAQ009491	JLX062590.1
OG0011446	GWHPBPAQ009492	JLX060910.1
OG0011447	GWHPBPAQ009497	JLX062860.1
OG0011448	GWHPBPAQ009498	JLX061760.1
OG0011449	GWHPBPAQ009499	JLX063910.1
OG0011450	GWHPBPAQ009500	JLX061960.1
OG0011451	GWHPBPAQ009502	JLX059010.1
OG0011452	GWHPBPAQ009504	JLX060500.1
OG0011453	GWHPBPAQ009505	JLX060370.1
OG0011454	GWHPBPAQ009508	JLX062780.1
OG0011455	GWHPBPAQ009509	JLX060090.1
OG0011456	GWHPBPAQ009510	JLX060820.1
OG0011457	GWHPBPAQ009513	JLX059470.1
OG0011458	GWHPBPAQ009516	JLX061440.1
OG0011459	GWHPBPAQ009519	JLX063000.1
OG0011460	GWHPBPAQ009520	JLX063280.1
OG0011461	GWHPBPAQ009521	JLX063180.1
OG0011462	GWHPBPAQ009523	JLX061620.1
OG0011463	GWHPBPAQ009525	JLX062240.1
OG0011464	GWHPBPAQ009526	JLX058470.1
OG0011465	GWHPBPAQ009527	JLX059690.1
OG0011466	GWHPBPAQ009528	JLX059590.1
OG0011467	GWHPBPAQ009533	JLX063950.1
OG0011468	GWHPBPAQ009535	JLX063010.1
OG0011469	GWHPBPAQ009537	JLX059290.1
OG0011470	GWHPBPAQ009538	JLX059610.1
OG0011471	GWHPBPAQ009539	JLX061000.1
OG0011472	GWHPBPAQ009540	JLX059910.1
OG0011473	GWHPBPAQ009545	JLX061970.1
OG0011474	GWHPBPAQ009549	JLX059790.1
OG0011475	GWHPBPAQ009550	JLX062490.1
OG0011476	GWHPBPAQ009552	JLX063770.1
OG0011477	GWHPBPAQ009556	JLX060430.1
OG0011478	GWHPBPAQ009558	JLX062010.1
OG0011479	GWHPBPAQ009560	JLX061990.1
OG0011480	GWHPBPAQ009561	JLX062440.1
OG0011481	GWHPBPAQ009562	JLX061410.1
OG0011482	GWHPBPAQ009563	JLX062060.1
OG0011483	GWHPBPAQ009565	JLX059120.1
OG0011484	GWHPBPAQ009569	JLX062550.1
OG0011485	GWHPBPAQ009588	JLX185410.1
OG0011486	GWHPBPAQ009589	JLX186060.1
OG0011487	GWHPBPAQ009593	JLX185740.1
OG0011488	GWHPBPAQ009594	JLX186090.1
OG0011489	GWHPBPAQ009595	JLX183710.1
OG0011490	GWHPBPAQ009596	JLX186360.1
OG0011491	GWHPBPAQ009597	JLX184390.1
OG0011492	GWHPBPAQ009600	JLX186410.1
OG0011493	GWHPBPAQ009601	JLX185580.1
OG0011494	GWHPBPAQ009605	JLX186130.1
OG0011495	GWHPBPAQ009607	JLX184020.1
OG0011496	GWHPBPAQ009608	JLX184050.1
OG0011497	GWHPBPAQ009609	JLX185190.1
OG0011498	GWHPBPAQ009611	JLX185510.1
OG0011499	GWHPBPAQ009612	JLX186570.1
OG0011500	GWHPBPAQ009613	JLX183390.1
OG0011501	GWHPBPAQ009619	JLX183860.1
OG0011502	GWHPBPAQ009621	JLX184720.1
OG0011503	GWHPBPAQ009624	JLX183830.1
OG0011504	GWHPBPAQ009625	JLX186440.1
OG0011505	GWHPBPAQ009626	JLX185000.2
OG0011506	GWHPBPAQ009634	JLX183930.1
OG0011507	GWHPBPAQ009636	JLX185520.1
OG0011508	GWHPBPAQ009637	JLX184640.1
OG0011509	GWHPBPAQ009638	JLX185860.1
OG0011510	GWHPBPAQ009640	JLX184450.1
OG0011511	GWHPBPAQ009641	JLX185720.1
OG0011512	GWHPBPAQ009642	JLX185310.1
OG0011513	GWHPBPAQ009643	JLX183310.1
OG0011514	GWHPBPAQ009644	JLX186120.1
OG0011515	GWHPBPAQ009645	JLX186520.1
OG0011516	GWHPBPAQ009647	JLX186220.1
OG0011517	GWHPBPAQ009648	JLX185570.1
OG0011518	GWHPBPAQ009649	JLX184780.1
OG0011519	GWHPBPAQ009651	JLX186620.1
OG0011520	GWHPBPAQ009653	JLX184090.1
OG0011521	GWHPBPAQ009656	JLX185100.1
OG0011522	GWHPBPAQ009660	JLX186660.1
OG0011523	GWHPBPAQ009661	JLX186490.1
OG0011524	GWHPBPAQ009662	JLX185620.1
OG0011525	GWHPBPAQ009663	JLX183640.1
OG0011526	GWHPBPAQ009664	JLX183820.1
OG0011527	GWHPBPAQ009666	JLX185070.1
OG0011528	GWHPBPAQ009669	JLX183650.1
OG0011529	GWHPBPAQ009670	JLX183620.1
OG0011530	GWHPBPAQ009676	JLX185710.1
OG0011531	GWHPBPAQ009680	JLX185340.1
OG0011532	GWHPBPAQ009682	JLX184030.1
OG0011533	GWHPBPAQ009685	JLX184350.1
OG0011534	GWHPBPAQ009687	JLX184310.1
OG0011535	GWHPBPAQ009688	JLX186300.1
OG0011536	GWHPBPAQ009689	JLX185030.1
OG0011537	GWHPBPAQ009692	JLX184630.1
OG0011538	GWHPBPAQ009693	JLX184860.1
OG0011539	GWHPBPAQ009694	JLX185430.1
OG0011540	GWHPBPAQ009695	JLX185980.1
OG0011541	GWHPBPAQ009697	JLX186540.1
OG0011542	GWHPBPAQ009698	JLX185200.1
OG0011543	GWHPBPAQ009700	JLX185890.1
OG0011544	GWHPBPAQ009702	JLX186150.1
OG0011545	GWHPBPAQ009703	JLX183570.1
OG0011546	GWHPBPAQ009705	JLX185420.1
OG0011547	GWHPBPAQ009706	JLX185120.1
OG0011548	GWHPBPAQ009707	JLX183970.1
OG0011549	GWHPBPAQ009709	JLX186180.1
OG0011550	GWHPBPAQ009713	JLX185270.1
OG0011551	GWHPBPAQ009715	JLX184340.1
OG0011552	GWHPBPAQ009718	JLX184590.1
OG0011553	GWHPBPAQ009721	JLX184950.1
OG0011554	GWHPBPAQ009723	JLX183480.1
OG0011555	GWHPBPAQ009726	JLX183850.1
OG0011556	GWHPBPAQ009727	JLX184480.1
OG0011557	GWHPBPAQ009729	JLX186420.1
OG0011558	GWHPBPAQ009730	JLX184010.1
OG0011559	GWHPBPAQ009731	JLX184870.1
OG0011560	GWHPBPAQ009732	JLX185370.1
OG0011561	GWHPBPAQ009734	JLX183790.1
OG0011562	GWHPBPAQ009735	JLX185320.1
OG0011563	GWHPBPAQ009740	JLX183290.1
OG0011564	GWHPBPAQ009742	JLX183800.1
OG0011565	GWHPBPAQ009744	JLX185730.1
OG0011566	GWHPBPAQ009745	JLX184750.1
OG0011567	GWHPBPAQ009748	JLX185040.1
OG0011568	GWHPBPAQ009751	JLX184180.1
OG0011569	GWHPBPAQ009753	JLX183980.1
OG0011570	GWHPBPAQ009756	JLX183880.1
OG0011571	GWHPBPAQ009757	JLX186530.1
OG0011572	GWHPBPAQ009758	JLX185760.1
OG0011573	GWHPBPAQ009760	JLX185670.1
OG0011574	GWHPBPAQ009764	JLX186350.1
OG0011575	GWHPBPAQ009766	JLX184360.1
OG0011576	GWHPBPAQ009767	JLX183320.1
OG0011577	GWHPBPAQ009769	JLX183360.1
OG0011578	GWHPBPAQ009770	JLX185290.1
OG0011579	GWHPBPAQ009771	JLX184080.1
OG0011580	GWHPBPAQ009772	JLX185240.1
OG0011581	GWHPBPAQ009773	JLX184420.1
OG0011582	GWHPBPAQ009774	JLX184770.1
OG0011583	GWHPBPAQ009775	JLX185990.1
OG0011584	GWHPBPAQ009776	JLX184160.1
OG0011585	GWHPBPAQ009780	JLX184740.1
OG0011586	GWHPBPAQ009781	JLX185130.1
OG0011587	GWHPBPAQ009782	JLX185750.1
OG0011588	GWHPBPAQ009784	JLX184910.1
OG0011589	GWHPBPAQ009785	JLX186640.1
OG0011590	GWHPBPAQ009787	JLX184660.1
OG0011591	GWHPBPAQ009790	JLX185440.1
OG0011592	GWHPBPAQ009797	JLX183990.1
OG0011593	GWHPBPAQ009798	JLX184280.1
OG0011594	GWHPBPAQ009799	JLX186100.1
OG0011595	GWHPBPAQ009800	JLX183450.1
OG0011596	GWHPBPAQ009804	JLX185490.1
OG0011597	GWHPBPAQ009813	JLX185110.1
OG0011598	GWHPBPAQ009817	JLX184380.1
OG0011599	GWHPBPAQ009819	JLX186460.1
OG0011600	GWHPBPAQ009820	JLX184220.1
OG0011601	GWHPBPAQ009822	JLX184110.1
OG0011602	GWHPBPAQ009824	JLX183670.1
OG0011603	GWHPBPAQ009830	JLX185820.1
OG0011604	GWHPBPAQ009831	JLX185830.1
OG0011605	GWHPBPAQ009834	JLX185940.1
OG0011606	GWHPBPAQ009836	JLX183270.1
OG0011607	GWHPBPAQ009837	JLX184920.1
OG0011608	GWHPBPAQ009838	JLX184960.1
OG0011609	GWHPBPAQ009840, GWHPBPAQ018471	
OG0011610	GWHPBPAQ009845	JLX184600.1
OG0011611	GWHPBPAQ009848	JLX185530.1
OG0011612	GWHPBPAQ009850	JLX183520.1
OG0011613	GWHPBPAQ009852	JLX183750.1
OG0011614	GWHPBPAQ009854	JLX184520.1
OG0011615	GWHPBPAQ009855	JLX184210.1
OG0011616	GWHPBPAQ009856	JLX186650.1
OG0011617	GWHPBPAQ009860	JLX183370.1
OG0011618	GWHPBPAQ009861	JLX184890.1
OG0011619	GWHPBPAQ009863	JLX183720.1
OG0011620	GWHPBPAQ009865	JLX184150.1
OG0011621	GWHPBPAQ009866	JLX185230.1
OG0011622	GWHPBPAQ009867	JLX183960.1
OG0011623	GWHPBPAQ009870	JLX186010.1
OG0011624	GWHPBPAQ009874	JLX183420.1
OG0011625	GWHPBPAQ009875	JLX186140.1
OG0011626	GWHPBPAQ009877	JLX184760.1
OG0011627	GWHPBPAQ009879	JLX186310.1
OG0011628	GWHPBPAQ009881	JLX186560.1
OG0011629	GWHPBPAQ009882	JLX184800.1
OG0011630	GWHPBPAQ009885	JLX184560.1
OG0011631	GWHPBPAQ009887	JLX184270.1
OG0011632	GWHPBPAQ009888	JLX184680.1
OG0011633	GWHPBPAQ009889	JLX185360.1
OG0011634	GWHPBPAQ009893	JLX186210.1
OG0011635	GWHPBPAQ009895	JLX183680.1
OG0011636	GWHPBPAQ009896	JLX184300.1
OG0011637	GWHPBPAQ009898	JLX185250.1
OG0011638	GWHPBPAQ009899	JLX186280.1
OG0011639	GWHPBPAQ009901	JLX185280.1
OG0011640	GWHPBPAQ009904	JLX184430.1
OG0011641	GWHPBPAQ009907	JLX184490.1
OG0011642	GWHPBPAQ009908	JLX184900.1
OG0011643	GWHPBPAQ009909	JLX184040.1
OG0011644	GWHPBPAQ009910	JLX185010.1
OG0011645	GWHPBPAQ009913	JLX186030.1
OG0011646	GWHPBPAQ009914	JLX186500.1
OG0011647	GWHPBPAQ009916	JLX185380.1
OG0011648	GWHPBPAQ009920	JLX185150.1
OG0011649	GWHPBPAQ009925	JLX184470.1
OG0011650	GWHPBPAQ009930	JLX183810.1
OG0011651	GWHPBPAQ009931	JLX186580.1
OG0011652	GWHPBPAQ009933	JLX184810.1
OG0011653	GWHPBPAQ009934	JLX183300.1
OG0011654	GWHPBPAQ009937	JLX183580.1
OG0011655	GWHPBPAQ009938	JLX183870.1
OG0011656	GWHPBPAQ009939	JLX185210.1
OG0011657	GWHPBPAQ009942	JLX134830.1
OG0011658	GWHPBPAQ009946	JLX128010.1
OG0011659	GWHPBPAQ009950	JLX131900.1
OG0011660	GWHPBPAQ009952	JLX125040.1
OG0011661	GWHPBPAQ009955	JLX129270.1
OG0011662	GWHPBPAQ009956	JLX132840.1
OG0011663	GWHPBPAQ009961	JLX127520.1
OG0011664	GWHPBPAQ009962	JLX131320.1
OG0011665	GWHPBPAQ009964	JLX129350.1
OG0011666	GWHPBPAQ009965	JLX123960.1
OG0011667	GWHPBPAQ009966	JLX123180.1
OG0011668	GWHPBPAQ009971	JLX130620.1
OG0011669	GWHPBPAQ009981	JLX134450.1
OG0011670	GWHPBPAQ009982	JLX129030.1
OG0011671	GWHPBPAQ009984	JLX131500.1
OG0011672	GWHPBPAQ009986	JLX127300.1
OG0011673	GWHPBPAQ009987	JLX134110.1
OG0011674	GWHPBPAQ009988	JLX122810.1
OG0011675	GWHPBPAQ009989	JLX129940.1
OG0011676	GWHPBPAQ009993	JLX125830.1
OG0011677	GWHPBPAQ009994	JLX130610.1
OG0011678	GWHPBPAQ009997	JLX130360.1
OG0011679	GWHPBPAQ009998	JLX123160.1
OG0011680	GWHPBPAQ009999	JLX127940.1
OG0011681	GWHPBPAQ010002	JLX132440.1
OG0011682	GWHPBPAQ010007	JLX124720.1
OG0011683	GWHPBPAQ010010	JLX127720.1
OG0011684	GWHPBPAQ010011	JLX135190.1
OG0011685	GWHPBPAQ010014	JLX127560.1
OG0011686	GWHPBPAQ010016	JLX132320.1
OG0011687	GWHPBPAQ010018	JLX129790.1
OG0011688	GWHPBPAQ010021	JLX124980.1
OG0011689	GWHPBPAQ010022	JLX126080.1
OG0011690	GWHPBPAQ010023	JLX123320.1
OG0011691	GWHPBPAQ010025	JLX130770.1
OG0011692	GWHPBPAQ010026	JLX127790.1
OG0011693	GWHPBPAQ010029	JLX131440.1
OG0011694	GWHPBPAQ010030	JLX127180.1
OG0011695	GWHPBPAQ010033	JLX125080.1
OG0011696	GWHPBPAQ010034	JLX132860.1
OG0011697	GWHPBPAQ010037	JLX125350.1
OG0011698	GWHPBPAQ010039	JLX123550.1
OG0011699	GWHPBPAQ010040	JLX123820.1
OG0011700	GWHPBPAQ010041	JLX134610.1
OG0011701	GWHPBPAQ010042	JLX128910.1
OG0011702	GWHPBPAQ010043	JLX134930.1
OG0011703	GWHPBPAQ010047	JLX122640.1
OG0011704	GWHPBPAQ010050	JLX131720.1
OG0011705	GWHPBPAQ010051	JLX126910.1
OG0011706	GWHPBPAQ010054	JLX125190.1
OG0011707	GWHPBPAQ010056	JLX130140.1
OG0011708	GWHPBPAQ010059	JLX134860.1
OG0011709	GWHPBPAQ010061	JLX127880.1
OG0011710	GWHPBPAQ010062	JLX135180.1
OG0011711	GWHPBPAQ010065	JLX124000.1
OG0011712	GWHPBPAQ010066	JLX129730.1
OG0011713	GWHPBPAQ010068	JLX128240.1
OG0011714	GWHPBPAQ010069	JLX130470.1
OG0011715	GWHPBPAQ010070	JLX122530.1
OG0011716	GWHPBPAQ010071	JLX128700.1
OG0011717	GWHPBPAQ010073	JLX127510.1
OG0011718	GWHPBPAQ010074	JLX123470.1
OG0011719	GWHPBPAQ010076	JLX132880.1
OG0011720	GWHPBPAQ010080	JLX126140.1
OG0011721	GWHPBPAQ010082	JLX124110.1
OG0011722	GWHPBPAQ010083	JLX131170.1
OG0011723	GWHPBPAQ010084	JLX130350.1
OG0011724	GWHPBPAQ010085	JLX123090.1
OG0011725	GWHPBPAQ010089	JLX124380.1
OG0011726	GWHPBPAQ010091	JLX135200.1
OG0011727	GWHPBPAQ010092	JLX127830.1
OG0011728	GWHPBPAQ010095	JLX126550.1
OG0011729	GWHPBPAQ010096	JLX132010.1
OG0011730	GWHPBPAQ010097	JLX124680.1
OG0011731	GWHPBPAQ010099	JLX123520.1
OG0011732	GWHPBPAQ010101	JLX133710.1
OG0011733	GWHPBPAQ010103	JLX125840.1
OG0011734	GWHPBPAQ010104	JLX134040.1
OG0011735	GWHPBPAQ010105	JLX123980.1
OG0011736	GWHPBPAQ010106	JLX132260.1
OG0011737	GWHPBPAQ010109	JLX129500.1
OG0011738	GWHPBPAQ010110	JLX133980.1
OG0011739	GWHPBPAQ010111	JLX123670.1
OG0011740	GWHPBPAQ010112	JLX125060.1
OG0011741	GWHPBPAQ010113	JLX133580.1
OG0011742	GWHPBPAQ010115	JLX131970.1
OG0011743	GWHPBPAQ010122	JLX131620.1
OG0011744	GWHPBPAQ010123	JLX124590.1
OG0011745	GWHPBPAQ010124	JLX133130.1
OG0011746	GWHPBPAQ010125	JLX133300.1
OG0011747	GWHPBPAQ010127	JLX126170.1
OG0011748	GWHPBPAQ010129	JLX130320.1
OG0011749	GWHPBPAQ010130	JLX127270.1
OG0011750	GWHPBPAQ010135	JLX129840.1
OG0011751	GWHPBPAQ010136	JLX123270.1
OG0011752	GWHPBPAQ010137	JLX135290.1
OG0011753	GWHPBPAQ010139	JLX130970.1
OG0011754	GWHPBPAQ010141	JLX134890.1
OG0011755	GWHPBPAQ010143	JLX133120.1
OG0011756	GWHPBPAQ010144	JLX129810.1
OG0011757	GWHPBPAQ010145	JLX125230.1
OG0011758	GWHPBPAQ010147	JLX129800.1
OG0011759	GWHPBPAQ010148	JLX125670.1
OG0011760	GWHPBPAQ010151	JLX129910.1
OG0011761	GWHPBPAQ010152	JLX122880.1
OG0011762	GWHPBPAQ010154	JLX124920.1
OG0011763	GWHPBPAQ010155	JLX129410.1
OG0011764	GWHPBPAQ010156	JLX124700.1
OG0011765	GWHPBPAQ010157	JLX133780.1
OG0011766	GWHPBPAQ010158	JLX123610.1
OG0011767	GWHPBPAQ010159	JLX135350.1
OG0011768	GWHPBPAQ010160	JLX128110.1
OG0011769	GWHPBPAQ010162	JLX124370.1
OG0011770	GWHPBPAQ010166	JLX125010.1
OG0011771	GWHPBPAQ010167	JLX132100.1
OG0011772	GWHPBPAQ010168	JLX124880.1
OG0011773	GWHPBPAQ010170	JLX131370.1
OG0011774	GWHPBPAQ010172	JLX134680.1
OG0011775	GWHPBPAQ010173	JLX132960.1
OG0011776	GWHPBPAQ010174	JLX127370.1
OG0011777	GWHPBPAQ010175	JLX130250.1
OG0011778	GWHPBPAQ010177	JLX122890.1
OG0011779	GWHPBPAQ010178	JLX130340.1
OG0011780	GWHPBPAQ010180	JLX130950.1
OG0011781	GWHPBPAQ010181	JLX125090.1
OG0011782	GWHPBPAQ010184	JLX123170.1
OG0011783	GWHPBPAQ010185	JLX126860.1
OG0011784	GWHPBPAQ010186	JLX134470.1
OG0011785	GWHPBPAQ010187	JLX125430.1
OG0011786	GWHPBPAQ010188	JLX133230.1
OG0011787	GWHPBPAQ010190	JLX128570.1
OG0011788	GWHPBPAQ010191	JLX134070.1
OG0011789	GWHPBPAQ010192	JLX126790.1
OG0011790	GWHPBPAQ010195	JLX134560.1
OG0011791	GWHPBPAQ010196	JLX123490.1
OG0011792	GWHPBPAQ010197	JLX132590.1
OG0011793	GWHPBPAQ010202	JLX133000.1
OG0011794	GWHPBPAQ010203	JLX123120.1
OG0011795	GWHPBPAQ010204	JLX135360.1
OG0011796	GWHPBPAQ010205	JLX126800.1
OG0011797	GWHPBPAQ010206	JLX133540.1
OG0011798	GWHPBPAQ010207	JLX126950.1
OG0011799	GWHPBPAQ010211	JLX129760.1
OG0011800	GWHPBPAQ010213	JLX128230.1
OG0011801	GWHPBPAQ010214	JLX131010.1
OG0011802	GWHPBPAQ010215	JLX126160.1
OG0011803	GWHPBPAQ010216	JLX132340.1
OG0011804	GWHPBPAQ010217	JLX127280.1
OG0011805	GWHPBPAQ010218	JLX134600.1
OG0011806	GWHPBPAQ010221	JLX133240.1
OG0011807	GWHPBPAQ010222	JLX127740.1
OG0011808	GWHPBPAQ010223	JLX126520.1
OG0011809	GWHPBPAQ010230	JLX122670.1
OG0011810	GWHPBPAQ010232	JLX130980.1
OG0011811	GWHPBPAQ010234	JLX130110.1
OG0011812	GWHPBPAQ010236	JLX131520.1
OG0011813	GWHPBPAQ010239	JLX126970.1
OG0011814	GWHPBPAQ010240	JLX134590.1
OG0011815	GWHPBPAQ010241	JLX126530.1
OG0011816	GWHPBPAQ010242	JLX133770.1
OG0011817	GWHPBPAQ010245	JLX135090.1
OG0011818	GWHPBPAQ010246	JLX125070.1
OG0011819	GWHPBPAQ010247	JLX130430.1
OG0011820	GWHPBPAQ010249	JLX125890.1
OG0011821	GWHPBPAQ010251	JLX133740.1
OG0011822	GWHPBPAQ010253	JLX128960.1
OG0011823	GWHPBPAQ010255	JLX125110.1
OG0011824	GWHPBPAQ010256	JLX134020.1
OG0011825	GWHPBPAQ010258	JLX124130.1
OG0011826	GWHPBPAQ010260	JLX125280.1
OG0011827	GWHPBPAQ010261	JLX132360.1
OG0011828	GWHPBPAQ010266	JLX124120.1
OG0011829	GWHPBPAQ010267	JLX124330.1
OG0011830	GWHPBPAQ010270	JLX127850.1
OG0011831	GWHPBPAQ010271	JLX127780.1
OG0011832	GWHPBPAQ010272	JLX133730.1
OG0011833	GWHPBPAQ010274	JLX132150.1
OG0011834	GWHPBPAQ010276	JLX125660.1
OG0011835	GWHPBPAQ010277	JLX128250.1
OG0011836	GWHPBPAQ010278	JLX122750.1
OG0011837	GWHPBPAQ010280	JLX127660.1
OG0011838	GWHPBPAQ010281	JLX129190.1
OG0011839	GWHPBPAQ010282	JLX127290.1
OG0011840	GWHPBPAQ010283	JLX133180.1
OG0011841	GWHPBPAQ010284	JLX130300.1
OG0011842	GWHPBPAQ010285	JLX128500.1
OG0011843	GWHPBPAQ010290	JLX124250.1
OG0011844	GWHPBPAQ010291	JLX128980.1
OG0011845	GWHPBPAQ010292	JLX129670.1
OG0011846	GWHPBPAQ010293	JLX127700.1
OG0011847	GWHPBPAQ010295	JLX129880.1
OG0011848	GWHPBPAQ010297	JLX128630.1
OG0011849	GWHPBPAQ010299	JLX134220.1
OG0011850	GWHPBPAQ010302	JLX125210.1
OG0011851	GWHPBPAQ010306	JLX128580.1
OG0011852	GWHPBPAQ010311	JLX126200.1
OG0011853	GWHPBPAQ010313	JLX129050.1
OG0011854	GWHPBPAQ010316	JLX125160.1
OG0011855	GWHPBPAQ010318	JLX130590.1
OG0011856	GWHPBPAQ010319	JLX132680.1
OG0011857	GWHPBPAQ010320	JLX128340.1
OG0011858	GWHPBPAQ010321	JLX126890.1
OG0011859	GWHPBPAQ010322	JLX132460.1
OG0011860	GWHPBPAQ010323	JLX131680.1
OG0011861	GWHPBPAQ010324	JLX126390.1
OG0011862	GWHPBPAQ010325	JLX133390.1
OG0011863	GWHPBPAQ010326	JLX129000.1
OG0011864	GWHPBPAQ010328	JLX123940.1
OG0011865	GWHPBPAQ010330	JLX131740.1
OG0011866	GWHPBPAQ010333	JLX124850.1
OG0011867	GWHPBPAQ010334	JLX129720.1
OG0011868	GWHPBPAQ010336	JLX123460.1
OG0011869	GWHPBPAQ010341	JLX132760.1
OG0011870	GWHPBPAQ010342	JLX128300.1
OG0011871	GWHPBPAQ010344	JLX123560.1
OG0011872	GWHPBPAQ010345	JLX125360.1
OG0011873	GWHPBPAQ010347	JLX133400.1
OG0011874	GWHPBPAQ010349	JLX134620.1
OG0011875	GWHPBPAQ010351	JLX134750.1
OG0011876	GWHPBPAQ010352	JLX127680.1
OG0011877	GWHPBPAQ010353	JLX123530.1
OG0011878	GWHPBPAQ010355	JLX125780.1
OG0011879	GWHPBPAQ010356	JLX131120.1
OG0011880	GWHPBPAQ010357	JLX131180.1
OG0011881	GWHPBPAQ010358	JLX127130.1
OG0011882	GWHPBPAQ010360	JLX126900.1
OG0011883	GWHPBPAQ010361	JLX132200.1
OG0011884	GWHPBPAQ010365	JLX128380.1
OG0011885	GWHPBPAQ010367	JLX127470.1
OG0011886	GWHPBPAQ010368	JLX132030.1
OG0011887	GWHPBPAQ010369	JLX132530.1
OG0011888	GWHPBPAQ010370	JLX131610.1
OG0011889	GWHPBPAQ010371	JLX124830.1
OG0011890	GWHPBPAQ010373	JLX122850.1
OG0011891	GWHPBPAQ010377	JLX126460.1
OG0011892	GWHPBPAQ010380	JLX124770.1
OG0011893	GWHPBPAQ010381	JLX134960.1
OG0011894	GWHPBPAQ010384	JLX126290.1
OG0011895	GWHPBPAQ010385	JLX127390.1
OG0011896	GWHPBPAQ010388	JLX134210.1
OG0011897	GWHPBPAQ010390	JLX132620.1
OG0011898	GWHPBPAQ010395	JLX133850.1
OG0011899	GWHPBPAQ010396	JLX128530.1
OG0011900	GWHPBPAQ010400	JLX131860.1
OG0011901	GWHPBPAQ010402	JLX127000.1
OG0011902	GWHPBPAQ010403	JLX124750.1
OG0011903	GWHPBPAQ010404	JLX131820.1
OG0011904	GWHPBPAQ010407	JLX129510.1
OG0011905	GWHPBPAQ010410	JLX133510.1
OG0011906	GWHPBPAQ010411	JLX135220.1
OG0011907	GWHPBPAQ010415	JLX126370.1
OG0011908	GWHPBPAQ010416	JLX132610.1
OG0011909	GWHPBPAQ010417	JLX127010.1
OG0011910	GWHPBPAQ010418	JLX123690.1
OG0011911	GWHPBPAQ010419	JLX129260.1
OG0011912	GWHPBPAQ010420	JLX123620.1
OG0011913	GWHPBPAQ010425	JLX126440.1
OG0011914	GWHPBPAQ010427	JLX124450.1
OG0011915	GWHPBPAQ010428	JLX131950.1
OG0011916	GWHPBPAQ010435, GWHPBPAQ010436	
OG0011917	GWHPBPAQ010437	JLX132160.1
OG0011918	GWHPBPAQ010440	JLX123100.1
OG0011919	GWHPBPAQ010441	JLX134140.1
OG0011920	GWHPBPAQ010443	JLX132210.1
OG0011921	GWHPBPAQ010444	JLX132020.1
OG0011922	GWHPBPAQ010445	JLX123860.1
OG0011923	GWHPBPAQ010446	JLX131000.1
OG0011924	GWHPBPAQ010447	JLX127900.1
OG0011925	GWHPBPAQ010448	JLX135000.1
OG0011926	GWHPBPAQ010449	JLX126350.1
OG0011927	GWHPBPAQ010450	JLX133530.1
OG0011928	GWHPBPAQ010452	JLX125860.1
OG0011929	GWHPBPAQ010456	JLX130570.1
OG0011930	GWHPBPAQ010459	JLX124840.1
OG0011931	GWHPBPAQ010461	JLX125950.1
OG0011932	GWHPBPAQ010462	JLX131410.1
OG0011933	GWHPBPAQ010465	JLX129620.1
OG0011934	GWHPBPAQ010466	JLX124010.1
OG0011935	GWHPBPAQ010467	JLX131430.1
OG0011936	GWHPBPAQ010468	JLX131160.1
OG0011937	GWHPBPAQ010471	JLX134910.1
OG0011938	GWHPBPAQ010476	JLX123900.1
OG0011939	GWHPBPAQ010478	JLX131220.1
OG0011940	GWHPBPAQ010479	JLX126360.1
OG0011941	GWHPBPAQ010480	JLX130790.1
OG0011942	GWHPBPAQ010483	JLX125710.1
OG0011943	GWHPBPAQ010484	JLX122980.1
OG0011944	GWHPBPAQ010486	JLX134060.1
OG0011945	GWHPBPAQ010488	JLX126260.1
OG0011946	GWHPBPAQ010492	JLX126920.1
OG0011947	GWHPBPAQ010493	JLX132700.1
OG0011948	GWHPBPAQ010494	JLX128870.1
OG0011949	GWHPBPAQ010495	JLX134100.1
OG0011950	GWHPBPAQ010496	JLX125300.1
OG0011951	GWHPBPAQ010497	JLX132250.1
OG0011952	GWHPBPAQ010498	JLX123010.1
OG0011953	GWHPBPAQ010499	JLX130310.1
OG0011954	GWHPBPAQ010501	JLX127590.1
OG0011955	GWHPBPAQ010502	JLX124070.1
OG0011956	GWHPBPAQ010504	JLX134950.1
OG0011957	GWHPBPAQ010505	JLX130170.1
OG0011958	GWHPBPAQ010506	JLX124650.1
OG0011959	GWHPBPAQ010508	JLX131890.1
OG0011960	GWHPBPAQ010511	JLX127020.1
OG0011961	GWHPBPAQ010512	JLX125440.1
OG0011962	GWHPBPAQ010514	JLX126610.1
OG0011963	GWHPBPAQ010515	JLX135390.1
OG0011964	GWHPBPAQ010516	JLX126760.1
OG0011965	GWHPBPAQ010517	JLX124760.1
OG0011966	GWHPBPAQ010519	JLX125120.1
OG0011967	GWHPBPAQ010525	JLX131750.1
OG0011968	GWHPBPAQ010527	JLX130690.1
OG0011969	GWHPBPAQ010528	JLX132770.1
OG0011970	GWHPBPAQ010530	JLX134540.1
OG0011971	GWHPBPAQ010534	JLX131770.1
OG0011972	GWHPBPAQ010539	JLX123810.1
OG0011973	GWHPBPAQ010540	JLX129420.1
OG0011974	GWHPBPAQ010542	JLX130530.1
OG0011975	GWHPBPAQ010543	JLX131730.1
OG0011976	GWHPBPAQ010544	JLX122940.1
OG0011977	GWHPBPAQ010547	JLX134300.1
OG0011978	GWHPBPAQ010548	JLX125520.1
OG0011979	GWHPBPAQ010549	JLX129990.1
OG0011980	GWHPBPAQ010550	JLX131200.1
OG0011981	GWHPBPAQ010555	JLX126780.1
OG0011982	GWHPBPAQ010556	JLX132240.1
OG0011983	GWHPBPAQ010557	JLX128600.1
OG0011984	GWHPBPAQ010561	JLX126270.1
OG0011985	GWHPBPAQ010563	JLX125700.1
OG0011986	GWHPBPAQ010571	JLX125600.1
OG0011987	GWHPBPAQ010573	JLX132090.1
OG0011988	GWHPBPAQ010574	JLX125460.1
OG0011989	GWHPBPAQ010575	JLX129400.1
OG0011990	GWHPBPAQ010577	JLX126980.1
OG0011991	GWHPBPAQ010580	JLX126430.1
OG0011992	GWHPBPAQ010582	JLX126680.1
OG0011993	GWHPBPAQ010583	JLX132420.1
OG0011994	GWHPBPAQ010584	JLX132370.1
OG0011995	GWHPBPAQ010586	JLX132060.1
OG0011996	GWHPBPAQ010592	JLX128890.1
OG0011997	GWHPBPAQ010597	JLX123420.1
OG0011998	GWHPBPAQ010599	JLX126130.1
OG0011999	GWHPBPAQ010601	JLX131130.1
OG0012000	GWHPBPAQ010602	JLX133070.1
OG0012001	GWHPBPAQ010603	JLX126120.1
OG0012002	GWHPBPAQ010606	JLX132470.1
OG0012003	GWHPBPAQ010609	JLX131100.1
OG0012004	GWHPBPAQ010621	JLX127930.1
OG0012005	GWHPBPAQ010623	JLX127990.1
OG0012006	GWHPBPAQ010625	JLX134030.1
OG0012007	GWHPBPAQ010626	JLX125170.1
OG0012008	GWHPBPAQ010629	JLX124710.1
OG0012009	GWHPBPAQ010630	JLX129820.1
OG0012010	GWHPBPAQ010631	JLX122860.1
OG0012011	GWHPBPAQ010633	JLX133340.1
OG0012012	GWHPBPAQ010634	JLX125910.1
OG0012013	GWHPBPAQ010636	JLX131570.1
OG0012014	GWHPBPAQ010642	JLX127110.1
OG0012015	GWHPBPAQ010643	JLX132480.1
OG0012016	GWHPBPAQ010644	JLX132730.1
OG0012017	GWHPBPAQ010645	JLX128330.1
OG0012018	GWHPBPAQ010646	JLX130130.1
OG0012019	GWHPBPAQ010649	JLX133670.1
OG0012020	GWHPBPAQ010650	JLX124890.1
OG0012021	GWHPBPAQ010651	JLX131880.1
OG0012022	GWHPBPAQ010653	JLX129700.1
OG0012023	GWHPBPAQ010654	JLX123410.1
OG0012024	GWHPBPAQ010655	JLX129220.1
OG0012025	GWHPBPAQ010656, GWHPBPAQ018265	
OG0012026	GWHPBPAQ010657	JLX134380.1
OG0012027	GWHPBPAQ010658	JLX127260.1
OG0012028	GWHPBPAQ010663	JLX130380.1
OG0012029	GWHPBPAQ010664	JLX128790.1
OG0012030	GWHPBPAQ010668	JLX123290.1
OG0012031	GWHPBPAQ010669	JLX132000.1
OG0012032	GWHPBPAQ010670	JLX123640.1
OG0012033	GWHPBPAQ010671	JLX129610.1
OG0012034	GWHPBPAQ010675	JLX124740.1
OG0012035	GWHPBPAQ010677	JLX128170.1
OG0012036	GWHPBPAQ010679	JLX134420.1
OG0012037	GWHPBPAQ010682	JLX125420.1
OG0012038	GWHPBPAQ010683	JLX132660.1
OG0012039	GWHPBPAQ010684	JLX127220.1
OG0012040	GWHPBPAQ010688	JLX123720.1
OG0012041	GWHPBPAQ010689	JLX132180.1
OG0012042	GWHPBPAQ010690	JLX128320.1
OG0012043	GWHPBPAQ010691	JLX134350.1
OG0012044	GWHPBPAQ010692	JLX123370.1
OG0012045	GWHPBPAQ010693	JLX130560.1
OG0012046	GWHPBPAQ010695	JLX131420.1
OG0012047	GWHPBPAQ010697	JLX134710.1
OG0012048	GWHPBPAQ010698	JLX126450.1
OG0012049	GWHPBPAQ010700	JLX133330.1
OG0012050	GWHPBPAQ010701, GWHPBPAQ010702	
OG0012051	GWHPBPAQ010703	JLX130810.1
OG0012052	GWHPBPAQ010704	JLX125370.1
OG0012053	GWHPBPAQ010707	JLX123260.1
OG0012054	GWHPBPAQ010708	JLX132580.1
OG0012055	GWHPBPAQ010711	JLX134120.1
OG0012056	GWHPBPAQ010714	JLX123000.1
OG0012057	GWHPBPAQ010715	JLX130580.1
OG0012058	GWHPBPAQ010716	JLX125270.1
OG0012059	GWHPBPAQ010724	JLX129020.1
OG0012060	GWHPBPAQ010725	JLX134490.1
OG0012061	GWHPBPAQ010731	JLX131630.1
OG0012062	GWHPBPAQ010732	JLX130220.1
OG0012063	GWHPBPAQ010735	JLX122660.1
OG0012064	GWHPBPAQ010741	JLX135150.1
OG0012065	GWHPBPAQ010742	JLX124950.1
OG0012066	GWHPBPAQ010747	JLX128150.1
OG0012067	GWHPBPAQ010748	JLX133840.1
OG0012068	GWHPBPAQ010749	JLX127090.1
OG0012069	GWHPBPAQ010751	JLX128830.1
OG0012070	GWHPBPAQ010752	JLX129390.1
OG0012071	GWHPBPAQ010754	JLX129180.1
OG0012072	GWHPBPAQ010761	JLX123700.1
OG0012073	GWHPBPAQ010762	JLX130890.1
OG0012074	GWHPBPAQ010763	JLX134780.1
OG0012075	GWHPBPAQ010764	JLX130330.1
OG0012076	GWHPBPAQ010765	JLX123510.1
OG0012077	GWHPBPAQ010766	JLX130800.1
OG0012078	GWHPBPAQ010767	JLX125180.1
OG0012079	GWHPBPAQ010768	JLX132690.1
OG0012080	GWHPBPAQ010775	JLX124570.1
OG0012081	GWHPBPAQ010776	JLX131930.1
OG0012082	GWHPBPAQ010781	JLX123790.1
OG0012083	GWHPBPAQ010782	JLX133900.1
OG0012084	GWHPBPAQ010784	JLX126940.1
OG0012085	GWHPBPAQ010785	JLX134460.1
OG0012086	GWHPBPAQ010786	JLX126720.1
OG0012087	GWHPBPAQ010787	JLX132780.1
OG0012088	GWHPBPAQ010795	JLX128720.1
OG0012089	GWHPBPAQ010796	JLX126930.1
OG0012090	GWHPBPAQ010798	JLX134090.1
OG0012091	GWHPBPAQ010799	JLX130990.1
OG0012092	GWHPBPAQ010801	JLX125310.1
OG0012093	GWHPBPAQ010802	JLX123970.2
OG0012094	GWHPBPAQ010805	JLX131280.1
OG0012095	GWHPBPAQ010806	JLX134760.1
OG0012096	GWHPBPAQ010808	JLX127080.1
OG0012097	GWHPBPAQ010809	JLX125500.1
OG0012098	GWHPBPAQ010812	JLX126620.1
OG0012099	GWHPBPAQ010813	JLX131340.1
OG0012100	GWHPBPAQ010815	JLX133320.1
OG0012101	GWHPBPAQ010816	JLX122560.1
OG0012102	GWHPBPAQ010819	JLX134050.1
OG0012103	GWHPBPAQ010820	JLX130510.1
OG0012104	GWHPBPAQ010821	JLX132510.1
OG0012105	GWHPBPAQ010822	JLX134160.1
OG0012106	GWHPBPAQ010823	JLX134970.1
OG0012107	GWHPBPAQ010824	JLX122780.1
OG0012108	GWHPBPAQ010830	JLX124730.1
OG0012109	GWHPBPAQ010831	JLX130500.1
OG0012110	GWHPBPAQ010834	JLX123780.1
OG0012111	GWHPBPAQ010835	JLX130370.1
OG0012112	GWHPBPAQ010838	JLX125540.1
OG0012113	GWHPBPAQ010840	JLX131040.1
OG0012114	GWHPBPAQ010843	JLX128740.1
OG0012115	GWHPBPAQ010844	JLX134320.1
OG0012116	GWHPBPAQ010846	JLX135040.1
OG0012117	GWHPBPAQ010847	JLX123330.1
OG0012118	GWHPBPAQ010848	JLX129900.1
OG0012119	GWHPBPAQ010849	JLX133030.1
OG0012120	GWHPBPAQ010850	JLX126250.1
OG0012121	GWHPBPAQ010852	JLX127410.1
OG0012122	GWHPBPAQ010853	JLX124660.1
OG0012123	GWHPBPAQ010857	JLX124300.1
OG0012124	GWHPBPAQ010858	JLX129340.1
OG0012125	GWHPBPAQ010860	JLX129870.1
OG0012126	GWHPBPAQ010861	JLX122820.1
OG0012127	GWHPBPAQ010862	JLX130040.1
OG0012128	GWHPBPAQ010863	JLX133040.1
OG0012129	GWHPBPAQ010865	JLX131640.1
OG0012130	GWHPBPAQ010866	JLX126060.1
OG0012131	GWHPBPAQ010867	JLX130550.1
OG0012132	GWHPBPAQ010868	JLX125140.1
OG0012133	GWHPBPAQ010870	JLX127440.1
OG0012134	GWHPBPAQ010872	JLX124040.1
OG0012135	GWHPBPAQ010873	JLX133410.1
OG0012136	GWHPBPAQ010874	JLX131460.1
OG0012137	GWHPBPAQ010875	JLX135380.1
OG0012138	GWHPBPAQ010876	JLX128040.1
OG0012139	GWHPBPAQ010877	JLX122900.1
OG0012140	GWHPBPAQ010879	JLX130000.1
OG0012141	GWHPBPAQ010880	JLX124320.1
OG0012142	GWHPBPAQ010881	JLX132890.1
OG0012143	GWHPBPAQ010882	JLX127160.1
OG0012144	GWHPBPAQ010883	JLX134810.1
OG0012145	GWHPBPAQ010884	JLX134770.1
OG0012146	GWHPBPAQ010885	JLX129290.1
OG0012147	GWHPBPAQ010888	JLX128480.1
OG0012148	GWHPBPAQ010893	JLX127210.1
OG0012149	GWHPBPAQ010896	JLX131960.1
OG0012150	GWHPBPAQ010899	JLX123190.1
OG0012151	GWHPBPAQ010900	JLX132650.1
OG0012152	GWHPBPAQ010905	JLX129920.1
OG0012153	GWHPBPAQ010909	JLX130930.1
OG0012154	GWHPBPAQ010910	JLX122770.1
OG0012155	GWHPBPAQ010911	JLX131480.1
OG0012156	GWHPBPAQ010912	JLX124240.1
OG0012157	GWHPBPAQ010915	JLX132430.1
OG0012158	GWHPBPAQ010916	JLX122720.1
OG0012159	GWHPBPAQ010917	JLX134720.1
OG0012160	GWHPBPAQ010919	JLX124900.1
OG0012161	GWHPBPAQ010924	JLX135100.1
OG0012162	GWHPBPAQ010927	JLX126750.1
OG0012163	GWHPBPAQ010928	JLX131490.1
OG0012164	GWHPBPAQ010930	JLX128470.1
OG0012165	GWHPBPAQ010933	JLX130010.1
OG0012166	GWHPBPAQ010934	JLX126240.1
OG0012167	GWHPBPAQ010940	JLX133890.1
OG0012168	GWHPBPAQ010944	JLX127140.1
OG0012169	GWHPBPAQ010946	JLX128590.1
OG0012170	GWHPBPAQ010947	JLX130200.1
OG0012171	GWHPBPAQ010948	JLX122970.1
OG0012172	GWHPBPAQ010953	JLX127200.1
OG0012173	GWHPBPAQ010954	JLX127340.1
OG0012174	GWHPBPAQ010955	JLX127040.2
OG0012175	GWHPBPAQ010956	JLX132820.1
OG0012176	GWHPBPAQ010962	JLX133610.1
OG0012177	GWHPBPAQ010963	JLX126310.1
OG0012178	GWHPBPAQ010965	JLX134280.1
OG0012179	GWHPBPAQ010970	JLX130910.1
OG0012180	GWHPBPAQ010971	JLX133250.1
OG0012181	GWHPBPAQ010973	JLX122690.1
OG0012182	GWHPBPAQ010981	JLX130210.1
OG0012183	GWHPBPAQ010982	JLX123500.1
OG0012184	GWHPBPAQ010983	JLX131400.1
OG0012185	GWHPBPAQ010984	JLX122870.1
OG0012186	GWHPBPAQ010985	JLX130410.1
OG0012187	GWHPBPAQ010988	JLX123710.1
OG0012188	GWHPBPAQ010990	JLX123770.1
OG0012189	GWHPBPAQ010993	JLX127320.1
OG0012190	GWHPBPAQ010994	JLX122830.1
OG0012191	GWHPBPAQ010995	JLX128430.1
OG0012192	GWHPBPAQ010996	JLX131210.1
OG0012193	GWHPBPAQ010997	JLX125150.1
OG0012194	GWHPBPAQ011000	JLX124140.1
OG0012195	GWHPBPAQ011001	JLX131290.1
OG0012196	GWHPBPAQ011002	JLX125550.1
OG0012197	GWHPBPAQ011003	JLX134820.1
OG0012198	GWHPBPAQ011004	JLX126340.1
OG0012199	GWHPBPAQ011006	JLX134250.1
OG0012200	GWHPBPAQ011007	JLX125730.1
OG0012201	GWHPBPAQ011025	JLX126590.1
OG0012202	GWHPBPAQ011031	JLX129750.1
OG0012203	GWHPBPAQ011032	JLX128210.1
OG0012204	GWHPBPAQ011036	JLX127820.1
OG0012205	GWHPBPAQ011038	JLX123730.1
OG0012206	GWHPBPAQ011040	JLX132970.1
OG0012207	GWHPBPAQ011062	JLX125930.1
OG0012208	GWHPBPAQ011063	JLX133090.1
OG0012209	GWHPBPAQ011066	JLX128880.1
OG0012210	GWHPBPAQ011067	JLX134510.1
OG0012211	GWHPBPAQ011069	JLX135050.1
OG0012212	GWHPBPAQ011070	JLX127770.1
OG0012213	GWHPBPAQ011071	JLX135320.1
OG0012214	GWHPBPAQ011072	JLX127640.1
OG0012215	GWHPBPAQ011074	JLX133480.1
OG0012216	GWHPBPAQ011079	JLX128050.1
OG0012217	GWHPBPAQ011080	JLX132380.1
OG0012218	GWHPBPAQ011082	JLX125220.1
OG0012219	GWHPBPAQ011084	JLX126500.1
OG0012220	GWHPBPAQ011086	JLX133370.1
OG0012221	GWHPBPAQ011087	JLX123540.1
OG0012222	GWHPBPAQ011088	JLX128120.1
OG0012223	GWHPBPAQ011105	JLX125960.1
OG0012224	GWHPBPAQ011111	JLX134440.1
OG0012225	GWHPBPAQ011118	JLX127250.1
OG0012226	GWHPBPAQ011119	JLX132980.1
OG0012227	GWHPBPAQ011120	JLX134330.1
OG0012228	GWHPBPAQ011129	JLX132560.1
OG0012229	GWHPBPAQ011130	JLX130030.1
OG0012230	GWHPBPAQ011133	JLX124360.1
OG0012231	GWHPBPAQ011135	JLX123060.1
OG0012232	GWHPBPAQ011136	JLX132230.1
OG0012233	GWHPBPAQ011140	JLX128260.1
OG0012234	GWHPBPAQ011141	JLX125580.1
OG0012235	GWHPBPAQ011145	JLX132500.1
OG0012236	GWHPBPAQ011150	JLX125920.1
OG0012237	GWHPBPAQ011154	JLX127240.1
OG0012238	GWHPBPAQ011155	JLX123440.1
OG0012239	GWHPBPAQ011158	JLX123210.1
OG0012240	GWHPBPAQ011163	JLX128560.1
OG0012241	GWHPBPAQ011164	JLX134290.1
OG0012242	GWHPBPAQ011165	JLX130390.1
OG0012243	GWHPBPAQ011167	JLX123200.1
OG0012244	GWHPBPAQ011168	JLX130450.1
OG0012245	GWHPBPAQ011170	JLX133930.1
OG0012246	GWHPBPAQ011171	JLX128520.1
OG0012247	GWHPBPAQ011172	JLX133310.1
OG0012248	GWHPBPAQ011173	JLX129100.1
OG0012249	GWHPBPAQ011174	JLX123400.1
OG0012250	GWHPBPAQ011175	JLX126070.1
OG0012251	GWHPBPAQ011179	JLX131830.1
OG0012252	GWHPBPAQ011183	JLX128990.1
OG0012253	GWHPBPAQ011184	JLX135280.1
OG0012254	GWHPBPAQ011187	JLX133660.1
OG0012255	GWHPBPAQ011189	JLX124460.1
OG0012256	GWHPBPAQ011190	JLX129490.1
OG0012257	GWHPBPAQ011192	JLX134170.1
OG0012258	GWHPBPAQ011194	JLX135260.1
OG0012259	GWHPBPAQ011197	JLX129300.1
OG0012260	GWHPBPAQ011198	JLX125200.1
OG0012261	GWHPBPAQ011199	JLX131190.1
OG0012262	GWHPBPAQ011200	JLX126670.1
OG0012263	GWHPBPAQ011201	JLX129040.1
OG0012264	GWHPBPAQ011203	JLX133380.1
OG0012265	GWHPBPAQ011204	JLX131250.1
OG0012266	GWHPBPAQ011208	JLX125650.1
OG0012267	GWHPBPAQ011210	JLX127610.1
OG0012268	GWHPBPAQ011212	JLX126710.1
OG0012269	GWHPBPAQ011214	JLX133550.1
OG0012270	GWHPBPAQ011215	JLX126150.1
OG0012271	GWHPBPAQ011216	JLX131920.1
OG0012272	GWHPBPAQ011221	JLX135080.1
OG0012273	GWHPBPAQ011222	JLX126740.1
OG0012274	GWHPBPAQ011224	JLX133680.1
OG0012275	GWHPBPAQ011225	JLX127630.1
OG0012276	GWHPBPAQ011226	JLX134700.1
OG0012277	GWHPBPAQ011228	JLX123240.1
OG0012278	GWHPBPAQ011230	JLX125320.1
OG0012279	GWHPBPAQ011234	JLX127970.1
OG0012280	GWHPBPAQ011235	JLX124050.1
OG0012281	GWHPBPAQ011236	JLX131030.1
OG0012282	GWHPBPAQ011237	JLX125330.1
OG0012283	GWHPBPAQ011238	JLX128140.1
OG0012284	GWHPBPAQ011242, GWHPBPAQ022264	
OG0012285	GWHPBPAQ011243	JLX134670.1
OG0012286	GWHPBPAQ011244	JLX127450.1
OG0012287	GWHPBPAQ011245	JLX129960.1
OG0012288	GWHPBPAQ011250	JLX126110.1
OG0012289	GWHPBPAQ011251	JLX125610.1
OG0012290	GWHPBPAQ011253	JLX134690.1
OG0012291	GWHPBPAQ011255	JLX133750.1
OG0012292	GWHPBPAQ011256	JLX126650.1
OG0012293	GWHPBPAQ011263	JLX129690.1
OG0012294	GWHPBPAQ011265	JLX132800.1
OG0012295	GWHPBPAQ011274	JLX130520.1
OG0012296	GWHPBPAQ011277	JLX126420.1
OG0012297	GWHPBPAQ011278	JLX135170.1
OG0012298	GWHPBPAQ011279	JLX134900.1
OG0012299	GWHPBPAQ011280	JLX126580.1
OG0012300	GWHPBPAQ011281	JLX133200.1
OG0012301	GWHPBPAQ011282	JLX124800.1
OG0012302	GWHPBPAQ011283	JLX130490.1
OG0012303	GWHPBPAQ011287	JLX128640.1
OG0012304	GWHPBPAQ011293	JLX130760.1
OG0012305	GWHPBPAQ011294	JLX125390.1
OG0012306	GWHPBPAQ011296	JLX128660.1
OG0012307	GWHPBPAQ011299	JLX123880.1
OG0012308	GWHPBPAQ011302	JLX125630.1
OG0012309	GWHPBPAQ011306	JLX133160.1
OG0012310	GWHPBPAQ011312	JLX126030.1
OG0012311	GWHPBPAQ011313	JLX124430.1
OG0012312	GWHPBPAQ011314	JLX131690.1
OG0012313	GWHPBPAQ011315	JLX123280.1
OG0012314	GWHPBPAQ011316	JLX134190.1
OG0012315	GWHPBPAQ011318	JLX122680.1
OG0012316	GWHPBPAQ011320	JLX124270.1
OG0012317	GWHPBPAQ011321	JLX131710.1
OG0012318	GWHPBPAQ011328	JLX083510.1
OG0012319	GWHPBPAQ011330	JLX083840.1
OG0012320	GWHPBPAQ011332	JLX084520.1
OG0012321	GWHPBPAQ011335	JLX083970.1
OG0012322	GWHPBPAQ011337	JLX084890.1
OG0012323	GWHPBPAQ011338	JLX084800.1
OG0012324	GWHPBPAQ011339	JLX083620.1
OG0012325	GWHPBPAQ011340	JLX084300.1
OG0012326	GWHPBPAQ011341	JLX084030.1
OG0012327	GWHPBPAQ011342	JLX084960.1
OG0012328	GWHPBPAQ011345	JLX089630.1
OG0012329	GWHPBPAQ011368	JLX084930.1
OG0012330	GWHPBPAQ011370	JLX084460.1
OG0012331	GWHPBPAQ011371	JLX083830.1
OG0012332	GWHPBPAQ011376	JLX083640.1
OG0012333	GWHPBPAQ011378	JLX083800.1
OG0012334	GWHPBPAQ011379	JLX083900.1
OG0012335	GWHPBPAQ011380	JLX084740.1
OG0012336	GWHPBPAQ011381	JLX083930.1
OG0012337	GWHPBPAQ011382	JLX083770.1
OG0012338	GWHPBPAQ011384	JLX084710.1
OG0012339	GWHPBPAQ011408	JLX216360.1
OG0012340	GWHPBPAQ011413	JLX084590.1
OG0012341	GWHPBPAQ011417	JLX083960.1
OG0012342	GWHPBPAQ011419	JLX084980.1
OG0012343	GWHPBPAQ011420	JLX083490.1
OG0012344	GWHPBPAQ011421	JLX084540.1
OG0012345	GWHPBPAQ011434	JLX084750.1
OG0012346	GWHPBPAQ011436	JLX083630.1
OG0012347	GWHPBPAQ011438	JLX084250.1
OG0012348	GWHPBPAQ011440	JLX084280.1
OG0012349	GWHPBPAQ011442	JLX084670.1
OG0012350	GWHPBPAQ011443	JLX084060.1
OG0012351	GWHPBPAQ011444	JLX084330.1
OG0012352	GWHPBPAQ011445	JLX084070.1
OG0012353	GWHPBPAQ011448	JLX083530.1
OG0012354	GWHPBPAQ011451	JLX084420.1
OG0012355	GWHPBPAQ011456	JLX083890.1
OG0012356	GWHPBPAQ011458	JLX083780.1
OG0012357	GWHPBPAQ011459	JLX083920.1
OG0012358	GWHPBPAQ011462	JLX083860.1
OG0012359	GWHPBPAQ011463	JLX084050.1
OG0012360	GWHPBPAQ011464	JLX084660.1
OG0012361	GWHPBPAQ011467	JLX083700.1
OG0012362	GWHPBPAQ011468	JLX084500.1
OG0012363	GWHPBPAQ011471	JLX083990.1
OG0012364	GWHPBPAQ011473	JLX084840.1
OG0012365	GWHPBPAQ011474	JLX083520.1
OG0012366	GWHPBPAQ011475	JLX084200.1
OG0012367	GWHPBPAQ011476	JLX084360.1
OG0012368	GWHPBPAQ011477	JLX083950.1
OG0012369	GWHPBPAQ011482, GWHPBPAQ018595	
OG0012370	GWHPBPAQ011483	JLX083720.1
OG0012371	GWHPBPAQ011485	JLX083790.1
OG0012372	GWHPBPAQ011487	JLX084400.1
OG0012373	GWHPBPAQ011503	JLX002910.1
OG0012374	GWHPBPAQ011505	JLX041650.1
OG0012375	GWHPBPAQ011507	JLX042020.1
OG0012376	GWHPBPAQ011511	JLX041600.1
OG0012377	GWHPBPAQ011512	JLX041550.1
OG0012378	GWHPBPAQ011518	JLX041480.1
OG0012379	GWHPBPAQ011519	JLX041890.1
OG0012380	GWHPBPAQ011526	JLX042090.1
OG0012381	GWHPBPAQ011527	JLX041580.1
OG0012382	GWHPBPAQ011529	JLX041850.1
OG0012383	GWHPBPAQ011532	JLX042060.1
OG0012384	GWHPBPAQ011534	JLX165100.1
OG0012385	GWHPBPAQ011535	JLX165060.1
OG0012386	GWHPBPAQ011536	JLX164870.1
OG0012387	GWHPBPAQ011548	JLX164850.1
OG0012388	GWHPBPAQ011550	JLX165140.1
OG0012389	GWHPBPAQ011556	JLX165120.1
OG0012390	GWHPBPAQ011557	JLX165170.1
OG0012391	GWHPBPAQ011561	JLX165030.1
OG0012392	GWHPBPAQ011566	JLX164940.1
OG0012393	GWHPBPAQ011568	JLX165290.1
OG0012394	GWHPBPAQ011569	JLX165040.1
OG0012395	GWHPBPAQ011571	JLX167020.1
OG0012396	GWHPBPAQ011575	JLX167120.1
OG0012397	GWHPBPAQ011577	JLX166490.1
OG0012398	GWHPBPAQ011578	JLX167650.1
OG0012399	GWHPBPAQ011579	JLX167100.1
OG0012400	GWHPBPAQ011584	JLX167500.1
OG0012401	GWHPBPAQ011587	JLX166380.1
OG0012402	GWHPBPAQ011588	JLX167220.1
OG0012403	GWHPBPAQ011590	JLX166500.1
OG0012404	GWHPBPAQ011594	JLX166480.1
OG0012405	GWHPBPAQ011595	JLX166960.1
OG0012406	GWHPBPAQ011597	JLX167890.1
OG0012407	GWHPBPAQ011598	JLX167070.1
OG0012408	GWHPBPAQ011601	JLX166950.1
OG0012409	GWHPBPAQ011602	JLX166560.1
OG0012410	GWHPBPAQ011605	JLX166640.1
OG0012411	GWHPBPAQ011606	JLX167600.1
OG0012412	GWHPBPAQ011607	JLX167750.1
OG0012413	GWHPBPAQ011609	JLX167090.1
OG0012414	GWHPBPAQ011623	JLX166920.1
OG0012415	GWHPBPAQ011626	JLX166630.1
OG0012416	GWHPBPAQ011627	JLX166680.1
OG0012417	GWHPBPAQ011631	JLX166710.1
OG0012418	GWHPBPAQ011640	JLX166540.1
OG0012419	GWHPBPAQ011647	JLX167610.1
OG0012420	GWHPBPAQ011649	JLX166520.1
OG0012421	GWHPBPAQ011659	JLX141370.1
OG0012422	GWHPBPAQ011660	JLX141440.1
OG0012423	GWHPBPAQ011663	JLX141260.1
OG0012424	GWHPBPAQ011666	JLX141430.1
OG0012425	GWHPBPAQ011668	JLX141100.1
OG0012426	GWHPBPAQ011669	JLX141090.1
OG0012427	GWHPBPAQ011672	JLX140990.1
OG0012428	GWHPBPAQ011680	JLX141200.1
OG0012429	GWHPBPAQ011682	JLX141280.1
OG0012430	GWHPBPAQ011687	JLX141170.1
OG0012431	GWHPBPAQ011690	JLX141210.1
OG0012432	GWHPBPAQ011691	JLX141380.1
OG0012433	GWHPBPAQ011692	JLX141040.1
OG0012434	GWHPBPAQ011697, GWHPBPAQ018669	
OG0012435	GWHPBPAQ011699	JLX141050.1
OG0012436	GWHPBPAQ011701	JLX141120.1
OG0012437	GWHPBPAQ011704	JLX141420.1
OG0012438	GWHPBPAQ011707	JLX141220.1
OG0012439	GWHPBPAQ011708	JLX141310.1
OG0012440	GWHPBPAQ011710	JLX141180.1
OG0012441	GWHPBPAQ011712	JLX141390.1
OG0012442	GWHPBPAQ011715, GWHPBPAQ011716	
OG0012443	GWHPBPAQ011723	JLX150210.1
OG0012444	GWHPBPAQ011731	JLX150660.1
OG0012445	GWHPBPAQ011735	JLX150840.1
OG0012446	GWHPBPAQ011737	JLX150450.1
OG0012447	GWHPBPAQ011741	JLX150540.1
OG0012448	GWHPBPAQ011743	JLX150600.1
OG0012449	GWHPBPAQ011752	JLX150310.1
OG0012450	GWHPBPAQ011758	JLX150590.1
OG0012451	GWHPBPAQ011760	JLX150400.1
OG0012452	GWHPBPAQ011761	JLX150140.1
OG0012453	GWHPBPAQ011762	JLX150260.1
OG0012454	GWHPBPAQ011764	JLX150440.1
OG0012455	GWHPBPAQ011765	JLX150560.1
OG0012456	GWHPBPAQ011770	JLX150480.1
OG0012457	GWHPBPAQ011775	JLX150430.1
OG0012458	GWHPBPAQ011776	JLX150620.1
OG0012459	GWHPBPAQ011779	JLX150630.1
OG0012460	GWHPBPAQ011780	JLX150420.1
OG0012461	GWHPBPAQ011792	JLX150850.1
OG0012462	GWHPBPAQ011794	JLX150760.1
OG0012463	GWHPBPAQ011795	JLX150680.1
OG0012464	GWHPBPAQ011797	JLX150870.1
OG0012465	GWHPBPAQ011801	JLX150580.1
OG0012466	GWHPBPAQ011804	JLX150470.1
OG0012467	GWHPBPAQ011807	JLX002080.1
OG0012468	GWHPBPAQ011808	JLX002110.1
OG0012469	GWHPBPAQ011809	JLX002090.1
OG0012470	GWHPBPAQ011823	JLX034940.1
OG0012471	GWHPBPAQ011824	JLX035720.1
OG0012472	GWHPBPAQ011825	JLX035170.1
OG0012473	GWHPBPAQ011826	JLX035390.1
OG0012474	GWHPBPAQ011843	JLX035540.1
OG0012475	GWHPBPAQ011844	JLX035250.1
OG0012476	GWHPBPAQ011845	JLX034900.1
OG0012477	GWHPBPAQ011846	JLX035320.1
OG0012478	GWHPBPAQ011848	JLX035290.1
OG0012479	GWHPBPAQ011851	JLX035420.1
OG0012480	GWHPBPAQ011852	JLX035730.1
OG0012481	GWHPBPAQ011853	JLX035650.1
OG0012482	GWHPBPAQ011855	JLX035030.1
OG0012483	GWHPBPAQ011859	JLX035660.1
OG0012484	GWHPBPAQ011860	JLX034980.1
OG0012485	GWHPBPAQ011861	JLX035000.1
OG0012486	GWHPBPAQ011862	JLX230750.1
OG0012487	GWHPBPAQ011871	JLX231710.1
OG0012488	GWHPBPAQ011872	JLX230880.1
OG0012489	GWHPBPAQ011875	JLX231220.1
OG0012490	GWHPBPAQ011877	JLX231160.1
OG0012491	GWHPBPAQ011878	JLX231370.1
OG0012492	GWHPBPAQ011880	JLX231620.1
OG0012493	GWHPBPAQ011881	JLX231140.1
OG0012494	GWHPBPAQ011882, GWHPBPAQ022497	
OG0012495	GWHPBPAQ011885	JLX231040.1
OG0012496	GWHPBPAQ011886	JLX231200.1
OG0012497	GWHPBPAQ011896	JLX230940.1
OG0012498	GWHPBPAQ011900	JLX231010.1
OG0012499	GWHPBPAQ011901	JLX231650.1
OG0012500	GWHPBPAQ011924	JLX231050.1
OG0012501	GWHPBPAQ011926	JLX231230.1
OG0012502	GWHPBPAQ011929	JLX231270.1
OG0012503	GWHPBPAQ011944	JLX191750.1
OG0012504	GWHPBPAQ011948	JLX231580.1
OG0012505	GWHPBPAQ011949	JLX231880.1
OG0012506	GWHPBPAQ011950	JLX231490.1
OG0012507	GWHPBPAQ011955	JLX231060.1
OG0012508	GWHPBPAQ011959	JLX230910.1
OG0012509	GWHPBPAQ011963	JLX231150.1
OG0012510	GWHPBPAQ011965	JLX231630.1
OG0012511	GWHPBPAQ011968	JLX231190.1
OG0012512	GWHPBPAQ011983	JLX053030.1
OG0012513	GWHPBPAQ011994	JLX052950.1
OG0012514	GWHPBPAQ011995	JLX053050.1
OG0012515	GWHPBPAQ012001	JLX052930.1
OG0012516	GWHPBPAQ012003	JLX052990.1
OG0012517	GWHPBPAQ012004	JLX076400.1
OG0012518	GWHPBPAQ012010	JLX076530.1
OG0012519	GWHPBPAQ012013	JLX076600.1
OG0012520	GWHPBPAQ012018	JLX076690.1
OG0012521	GWHPBPAQ012023	JLX076330.1
OG0012522	GWHPBPAQ012024	JLX076590.1
OG0012523	GWHPBPAQ012027	JLX076260.1
OG0012524	GWHPBPAQ012038	JLX076250.1
OG0012525	GWHPBPAQ012040	JLX076420.1
OG0012526	GWHPBPAQ012042	JLX000780.1
OG0012527	GWHPBPAQ012044	JLX000110.1
OG0012528	GWHPBPAQ012046	JLX000580.1
OG0012529	GWHPBPAQ012054	JLX000530.1
OG0012530	GWHPBPAQ012061	JLX000470.1
OG0012531	GWHPBPAQ012063	JLX000370.1
OG0012532	GWHPBPAQ012066	JLX000810.1
OG0012533	GWHPBPAQ012068	JLX000180.1
OG0012534	GWHPBPAQ012069	JLX056000.1
OG0012535	GWHPBPAQ012072	JLX000740.1
OG0012536	GWHPBPAQ012073	JLX000340.1
OG0012537	GWHPBPAQ012074	JLX000400.1
OG0012538	GWHPBPAQ012075	JLX000310.1
OG0012539	GWHPBPAQ012077	JLX000300.1
OG0012540	GWHPBPAQ012080, GWHPBPAQ012083	
OG0012541	GWHPBPAQ012088	JLX000660.1
OG0012542	GWHPBPAQ012089, GWHPBPAQ012166	
OG0012543	GWHPBPAQ012097	JLX214200.1
OG0012544	GWHPBPAQ012102	JLX213910.1
OG0012545	GWHPBPAQ012103	JLX213850.1
OG0012546	GWHPBPAQ012105	JLX213500.1
OG0012547	GWHPBPAQ012106	JLX213450.1
OG0012548	GWHPBPAQ012112	JLX213680.1
OG0012549	GWHPBPAQ012113	JLX214150.1
OG0012550	GWHPBPAQ012114	JLX213230.1
OG0012551	GWHPBPAQ012116	JLX214330.1
OG0012552	GWHPBPAQ012119	JLX213190.1
OG0012553	GWHPBPAQ012120	JLX214140.1
OG0012554	GWHPBPAQ012121	JLX213970.1
OG0012555	GWHPBPAQ012122	JLX213280.1
OG0012556	GWHPBPAQ012127	JLX214020.1
OG0012557	GWHPBPAQ012128	JLX213340.1
OG0012558	GWHPBPAQ012129	JLX214270.1
OG0012559	GWHPBPAQ012132	JLX213240.1
OG0012560	GWHPBPAQ012134	JLX214190.1
OG0012561	GWHPBPAQ012135	JLX213540.1
OG0012562	GWHPBPAQ012137	JLX214090.1
OG0012563	GWHPBPAQ012138	JLX213410.1
OG0012564	GWHPBPAQ012141	JLX214210.1
OG0012565	GWHPBPAQ012143, GWHPBPAQ012144	
OG0012566	GWHPBPAQ012146	JLX214100.1
OG0012567	GWHPBPAQ012147	JLX214060.1
OG0012568	GWHPBPAQ012148	JLX213920.1
OG0012569	GWHPBPAQ012151	JLX214110.1
OG0012570	GWHPBPAQ012153	JLX213580.1
OG0012571	GWHPBPAQ012154	JLX213570.1
OG0012572	GWHPBPAQ012156	JLX213290.1
OG0012573	GWHPBPAQ012158	JLX213370.1
OG0012574	GWHPBPAQ012159	JLX213600.1
OG0012575	GWHPBPAQ012162	JLX213820.1
OG0012576	GWHPBPAQ012163	JLX213350.1
OG0012577	GWHPBPAQ012164	JLX213490.1
OG0012578	GWHPBPAQ012165	JLX214160.1
OG0012579	GWHPBPAQ012167	JLX213870.1
OG0012580	GWHPBPAQ012168	JLX213720.1
OG0012581	GWHPBPAQ012170	JLX213480.1
OG0012582	GWHPBPAQ012175	JLX214120.1
OG0012583	GWHPBPAQ012176	JLX213520.1
OG0012584	GWHPBPAQ012180	JLX213780.1
OG0012585	GWHPBPAQ012182	JLX213980.1
OG0012586	GWHPBPAQ012185	JLX213590.1
OG0012587	GWHPBPAQ012186	JLX213940.1
OG0012588	GWHPBPAQ012187	JLX213880.1
OG0012589	GWHPBPAQ012190	JLX214300.1
OG0012590	GWHPBPAQ012199	JLX163600.1
OG0012591	GWHPBPAQ012200	JLX161620.1
OG0012592	GWHPBPAQ012202	JLX158900.1
OG0012593	GWHPBPAQ012205	JLX163270.1
OG0012594	GWHPBPAQ012210	JLX161520.1
OG0012595	GWHPBPAQ012215	JLX158450.1
OG0012596	GWHPBPAQ012221	JLX163160.1
OG0012597	GWHPBPAQ012222	JLX162140.1
OG0012598	GWHPBPAQ012223	JLX159070.1
OG0012599	GWHPBPAQ012225	JLX162730.1
OG0012600	GWHPBPAQ012226	JLX161340.1
OG0012601	GWHPBPAQ012227	JLX160950.1
OG0012602	GWHPBPAQ012228	JLX160290.1
OG0012603	GWHPBPAQ012230	JLX163330.1
OG0012604	GWHPBPAQ012231	JLX161550.1
OG0012605	GWHPBPAQ012232	JLX160620.1
OG0012606	GWHPBPAQ012238	JLX163130.1
OG0012607	GWHPBPAQ012239	JLX162500.1
OG0012608	GWHPBPAQ012241	JLX160540.1
OG0012609	GWHPBPAQ012243	JLX163100.2
OG0012610	GWHPBPAQ012244	JLX163740.1
OG0012611	GWHPBPAQ012245	JLX159080.1
OG0012612	GWHPBPAQ012246	JLX159670.1
OG0012613	GWHPBPAQ012247	JLX160200.1
OG0012614	GWHPBPAQ012249	JLX161410.1
OG0012615	GWHPBPAQ012250	JLX161930.1
OG0012616	GWHPBPAQ012251	JLX161200.1
OG0012617	GWHPBPAQ012253	JLX163820.1
OG0012618	GWHPBPAQ012255	JLX158560.1
OG0012619	GWHPBPAQ012257	JLX160440.1
OG0012620	GWHPBPAQ012258	JLX161140.1
OG0012621	GWHPBPAQ012261	JLX162660.1
OG0012622	GWHPBPAQ012262	JLX158830.1
OG0012623	GWHPBPAQ012264	JLX160960.1
OG0012624	GWHPBPAQ012265	JLX160300.1
OG0012625	GWHPBPAQ012268	JLX160700.1
OG0012626	GWHPBPAQ012270	JLX159190.1
OG0012627	GWHPBPAQ012271	JLX160830.1
OG0012628	GWHPBPAQ012272	JLX160110.1
OG0012629	GWHPBPAQ012274	JLX159730.1
OG0012630	GWHPBPAQ012275	JLX158720.1
OG0012631	GWHPBPAQ012277	JLX159050.1
OG0012632	GWHPBPAQ012279	JLX162440.1
OG0012633	GWHPBPAQ012282	JLX159600.1
OG0012634	GWHPBPAQ012283	JLX160370.1
OG0012635	GWHPBPAQ012284	JLX163620.1
OG0012636	GWHPBPAQ012285	JLX162810.1
OG0012637	GWHPBPAQ012287	JLX159790.1
OG0012638	GWHPBPAQ012289	JLX159960.1
OG0012639	GWHPBPAQ012290	JLX159280.1
OG0012640	GWHPBPAQ012291	JLX158660.1
OG0012641	GWHPBPAQ012293	JLX163380.1
OG0012642	GWHPBPAQ012295	JLX163420.1
OG0012643	GWHPBPAQ012302	JLX163350.1
OG0012644	GWHPBPAQ012307	JLX160990.1
OG0012645	GWHPBPAQ012308	JLX161940.1
OG0012646	GWHPBPAQ012310	JLX162450.1
OG0012647	GWHPBPAQ012314	JLX158600.1
OG0012648	GWHPBPAQ012317	JLX159470.1
OG0012649	GWHPBPAQ012318	JLX160380.1
OG0012650	GWHPBPAQ012319	JLX161070.1
OG0012651	GWHPBPAQ012320	JLX158690.1
OG0012652	GWHPBPAQ012321	JLX160920.1
OG0012653	GWHPBPAQ012322	JLX162410.1
OG0012654	GWHPBPAQ012323	JLX161680.1
OG0012655	GWHPBPAQ012324	JLX159230.1
OG0012656	GWHPBPAQ012325	JLX159930.1
OG0012657	GWHPBPAQ012328	JLX159770.1
OG0012658	GWHPBPAQ012330	JLX163510.1
OG0012659	GWHPBPAQ012332	JLX158840.1
OG0012660	GWHPBPAQ012338	JLX159040.1
OG0012661	GWHPBPAQ012339	JLX159520.1
OG0012662	GWHPBPAQ012340	JLX160170.1
OG0012663	GWHPBPAQ012341	JLX160550.1
OG0012664	GWHPBPAQ012342	JLX160320.1
OG0012665	GWHPBPAQ012344	JLX159000.1
OG0012666	GWHPBPAQ012346	JLX163590.1
OG0012667	GWHPBPAQ012351	JLX159610.1
OG0012668	GWHPBPAQ012364	JLX160810.1
OG0012669	GWHPBPAQ012365	JLX158800.1
OG0012670	GWHPBPAQ012367	JLX163210.1
OG0012671	GWHPBPAQ012369	JLX161420.1
OG0012672	GWHPBPAQ012371	JLX161050.1
OG0012673	GWHPBPAQ012373	JLX158380.1
OG0012674	GWHPBPAQ012374	JLX158500.1
OG0012675	GWHPBPAQ012375	JLX160210.1
OG0012676	GWHPBPAQ012376	JLX161990.1
OG0012677	GWHPBPAQ012377	JLX161610.1
OG0012678	GWHPBPAQ012378	JLX162080.1
OG0012679	GWHPBPAQ012379	JLX160610.1
OG0012680	GWHPBPAQ012380	JLX158460.1
OG0012681	GWHPBPAQ012381	JLX161650.1
OG0012682	GWHPBPAQ012383	JLX159150.1
OG0012683	GWHPBPAQ012384	JLX158640.1
OG0012684	GWHPBPAQ012385	JLX162850.1
OG0012685	GWHPBPAQ012389	JLX160520.1
OG0012686	GWHPBPAQ012390	JLX159870.1
OG0012687	GWHPBPAQ012391	JLX160750.1
OG0012688	GWHPBPAQ012393	JLX161870.1
OG0012689	GWHPBPAQ012395	JLX160860.1
OG0012690	GWHPBPAQ012396	JLX160260.1
OG0012691	GWHPBPAQ012397	JLX159500.1
OG0012692	GWHPBPAQ012399	JLX159550.1
OG0012693	GWHPBPAQ012400	JLX159780.1
OG0012694	GWHPBPAQ012401	JLX159250.1
OG0012695	GWHPBPAQ012403	JLX158400.1
OG0012696	GWHPBPAQ012412	JLX162670.1
OG0012697	GWHPBPAQ012414	JLX159490.1
OG0012698	GWHPBPAQ012418	JLX161920.1
OG0012699	GWHPBPAQ012419	JLX163830.1
OG0012700	GWHPBPAQ012420	JLX163070.1
OG0012701	GWHPBPAQ012421	JLX162270.1
OG0012702	GWHPBPAQ012422	JLX162990.1
OG0012703	GWHPBPAQ012424	JLX162340.1
OG0012704	GWHPBPAQ012425	JLX162650.1
OG0012705	GWHPBPAQ012426	JLX160490.1
OG0012706	GWHPBPAQ012428	JLX160840.1
OG0012707	GWHPBPAQ012432	JLX163180.1
OG0012708	GWHPBPAQ012433	JLX159560.1
OG0012709	GWHPBPAQ012434	JLX159010.1
OG0012710	GWHPBPAQ012435	JLX160850.1
OG0012711	GWHPBPAQ012436	JLX159940.1
OG0012712	GWHPBPAQ012440	JLX162300.1
OG0012713	GWHPBPAQ012443	JLX161630.1
OG0012714	GWHPBPAQ012451	JLX161740.1
OG0012715	GWHPBPAQ012455	JLX159140.1
OG0012716	GWHPBPAQ012461	JLX159820.1
OG0012717	GWHPBPAQ012465	JLX158540.1
OG0012718	GWHPBPAQ012466	JLX163470.1
OG0012719	GWHPBPAQ012468	JLX163810.1
OG0012720	GWHPBPAQ012469	JLX162960.1
OG0012721	GWHPBPAQ012470	JLX159850.1
OG0012722	GWHPBPAQ012472	JLX161690.1
OG0012723	GWHPBPAQ012473	JLX160600.1
OG0012724	GWHPBPAQ012475	JLX158630.1
OG0012725	GWHPBPAQ012477	JLX158520.1
OG0012726	GWHPBPAQ012479	JLX163730.1
OG0012727	GWHPBPAQ012480	JLX161440.1
OG0012728	GWHPBPAQ012483	JLX161130.1
OG0012729	GWHPBPAQ012484	JLX159090.1
OG0012730	GWHPBPAQ012485	JLX158440.1
OG0012731	GWHPBPAQ012487	JLX163110.1
OG0012732	GWHPBPAQ012489	JLX161350.1
OG0012733	GWHPBPAQ012492	JLX163290.1
OG0012734	GWHPBPAQ012500	JLX158700.1
OG0012735	GWHPBPAQ012502	JLX163750.1
OG0012736	GWHPBPAQ012503	JLX160580.1
OG0012737	GWHPBPAQ012504	JLX159450.1
OG0012738	GWHPBPAQ012506	JLX161470.1
OG0012739	GWHPBPAQ012511	JLX161950.1
OG0012740	GWHPBPAQ012515	JLX162900.1
OG0012741	GWHPBPAQ012518	JLX158420.1
OG0012742	GWHPBPAQ012520	JLX163770.1
OG0012743	GWHPBPAQ012521	JLX161110.1
OG0012744	GWHPBPAQ012523	JLX162890.1
OG0012745	GWHPBPAQ012524	JLX163220.1
OG0012746	GWHPBPAQ012525	JLX162540.1
OG0012747	GWHPBPAQ012527	JLX160310.1
OG0012748	GWHPBPAQ012529	JLX158760.1
OG0012749	GWHPBPAQ012531	JLX162160.1
OG0012750	GWHPBPAQ012534	JLX159370.1
OG0012751	GWHPBPAQ012535	JLX158790.1
OG0012752	GWHPBPAQ012537	JLX162870.1
OG0012753	GWHPBPAQ012538	JLX162680.1
OG0012754	GWHPBPAQ012540	JLX163640.1
OG0012755	GWHPBPAQ012541	JLX160820.1
OG0012756	GWHPBPAQ012543	JLX158530.1
OG0012757	GWHPBPAQ012545	JLX162910.1
OG0012758	GWHPBPAQ012549	JLX162000.1
OG0012759	GWHPBPAQ012550	JLX161230.1
OG0012760	GWHPBPAQ012552	JLX160140.1
OG0012761	GWHPBPAQ012553	JLX162430.1
OG0012762	GWHPBPAQ012555	JLX161180.1
OG0012763	GWHPBPAQ012556	JLX163430.1
OG0012764	GWHPBPAQ012557	JLX162560.1
OG0012765	GWHPBPAQ012560	JLX159900.1
OG0012766	GWHPBPAQ012567	JLX162950.1
OG0012767	GWHPBPAQ012570	JLX163390.1
OG0012768	GWHPBPAQ012572	JLX162480.1
OG0012769	GWHPBPAQ012573	JLX161830.1
OG0012770	GWHPBPAQ012574	JLX162210.1
OG0012771	GWHPBPAQ012576	JLX159660.1
OG0012772	GWHPBPAQ012577	JLX162840.1
OG0012773	GWHPBPAQ012578	JLX160790.1
OG0012774	GWHPBPAQ012580	JLX161730.1
OG0012775	GWHPBPAQ012581	JLX159540.1
OG0012776	GWHPBPAQ012582	JLX160220.1
OG0012777	GWHPBPAQ012585	JLX163310.1
OG0012778	GWHPBPAQ012591	JLX161240.1
OG0012779	GWHPBPAQ012592	JLX161960.1
OG0012780	GWHPBPAQ012595	JLX163000.1
OG0012781	GWHPBPAQ012596	JLX163240.1
OG0012782	GWHPBPAQ012599	JLX162030.1
OG0012783	GWHPBPAQ012605	JLX161380.1
OG0012784	GWHPBPAQ012606	JLX160160.1
OG0012785	GWHPBPAQ012610	JLX159590.1
OG0012786	GWHPBPAQ012611	JLX163080.1
OG0012787	GWHPBPAQ012612	JLX160710.1
OG0012788	GWHPBPAQ012625	JLX159890.1
OG0012789	GWHPBPAQ012630	JLX161790.1
OG0012790	GWHPBPAQ012637	JLX158810.1
OG0012791	GWHPBPAQ012640	JLX158620.1
OG0012792	GWHPBPAQ012643	JLX162070.1
OG0012793	GWHPBPAQ012644	JLX161590.1
OG0012794	GWHPBPAQ012646	JLX163570.1
OG0012795	GWHPBPAQ012648	JLX160410.1
OG0012796	GWHPBPAQ012652	JLX158780.1
OG0012797	GWHPBPAQ012657	JLX163650.1
OG0012798	GWHPBPAQ012658	JLX161750.1
OG0012799	GWHPBPAQ012660	JLX160530.1
OG0012800	GWHPBPAQ012661	JLX158550.1
OG0012801	GWHPBPAQ012662	JLX159570.1
OG0012802	GWHPBPAQ012665	JLX162400.1
OG0012803	GWHPBPAQ012672	JLX159650.1
OG0012804	GWHPBPAQ012673	JLX158730.1
OG0012805	GWHPBPAQ012680	JLX160230.1
OG0012806	GWHPBPAQ012682	JLX163060.1
OG0012807	GWHPBPAQ012686	JLX163260.1
OG0012808	GWHPBPAQ012687	JLX160100.1
OG0012809	GWHPBPAQ012691	JLX159920.1
OG0012810	GWHPBPAQ012692	JLX162830.1
OG0012811	GWHPBPAQ012696	JLX159360.1
OG0012812	GWHPBPAQ012697	JLX160760.1
OG0012813	GWHPBPAQ012698	JLX160280.1
OG0012814	GWHPBPAQ012703	JLX159200.1
OG0012815	GWHPBPAQ012704	JLX162620.1
OG0012816	GWHPBPAQ012707	JLX161310.1
OG0012817	GWHPBPAQ012708	JLX158770.1
OG0012818	GWHPBPAQ012710	JLX159320.1
OG0012819	GWHPBPAQ012717	JLX163500.1
OG0012820	GWHPBPAQ012718	JLX159640.1
OG0012821	GWHPBPAQ012719	JLX158710.1
OG0012822	GWHPBPAQ012722	JLX160050.1
OG0012823	GWHPBPAQ012731	JLX161460.1
OG0012824	GWHPBPAQ012732	JLX160250.1
OG0012825	GWHPBPAQ012733	JLX160430.1
OG0012826	GWHPBPAQ012744	JLX161250.1
OG0012827	GWHPBPAQ012748	JLX163450.1
OG0012828	GWHPBPAQ012750	JLX161220.1
OG0012829	GWHPBPAQ012759	JLX159970.1
OG0012830	GWHPBPAQ012760	JLX158940.1
OG0012831	GWHPBPAQ012762	JLX161780.1
OG0012832	GWHPBPAQ012763	JLX162060.1
OG0012833	GWHPBPAQ012766	JLX161390.1
OG0012834	GWHPBPAQ012777	JLX067200.1
OG0012835	GWHPBPAQ012780	JLX208980.1
OG0012836	GWHPBPAQ012781	JLX208170.1
OG0012837	GWHPBPAQ012783	JLX054130.1
OG0012838	GWHPBPAQ012788	JLX054310.1
OG0012839	GWHPBPAQ012789	JLX054320.1
OG0012840	GWHPBPAQ012791	JLX054430.1
OG0012841	GWHPBPAQ012796	JLX054110.1
OG0012842	GWHPBPAQ012797	JLX054520.1
OG0012843	GWHPBPAQ012799	JLX054490.1
OG0012844	GWHPBPAQ012801	JLX054210.1
OG0012845	GWHPBPAQ012804	JLX054170.1
OG0012846	GWHPBPAQ012805	JLX054160.1
OG0012847	GWHPBPAQ012806	JLX054460.1
OG0012848	GWHPBPAQ012809	JLX054290.1
OG0012849	GWHPBPAQ012817	JLX186710.1
OG0012850	GWHPBPAQ012818	JLX186690.1
OG0012851	GWHPBPAQ012829	JLX066560.1
OG0012852	GWHPBPAQ012836	JLX198460.1
OG0012853	GWHPBPAQ012840	JLX041250.1
OG0012854	GWHPBPAQ012843	JLX041230.1
OG0012855	GWHPBPAQ012845	JLX041290.1
OG0012856	GWHPBPAQ012848	JLX172870.1
OG0012857	GWHPBPAQ012850	JLX172920.1
OG0012858	GWHPBPAQ012851	JLX172750.1
OG0012859	GWHPBPAQ012853	JLX173140.1
OG0012860	GWHPBPAQ012857	JLX207570.1
OG0012861	GWHPBPAQ012858, GWHPBPAQ012860	
OG0012862	GWHPBPAQ012863	JLX218030.1
OG0012863	GWHPBPAQ012869	JLX016040.1
OG0012864	GWHPBPAQ012871	JLX016010.1
OG0012865	GWHPBPAQ012872	JLX016090.1
OG0012866	GWHPBPAQ012877	JLX016080.1
OG0012867	GWHPBPAQ012881	JLX016020.1
OG0012868	GWHPBPAQ012882	JLX016070.1
OG0012869	GWHPBPAQ012888	JLX166240.1
OG0012870	GWHPBPAQ012889	JLX166160.1
OG0012871	GWHPBPAQ012890	JLX166190.1
OG0012872	GWHPBPAQ012912	JLX166250.1
OG0012873	GWHPBPAQ012917, GWHPBPAQ021602	
OG0012874	GWHPBPAQ012918	JLX136810.1
OG0012875	GWHPBPAQ012921	JLX136800.1
OG0012876	GWHPBPAQ012922	JLX136740.1
OG0012877	GWHPBPAQ012926	JLX136830.1
OG0012878	GWHPBPAQ012928	JLX136860.1
OG0012879	GWHPBPAQ012935	JLX183190.1
OG0012880	GWHPBPAQ012940	JLX002270.1
OG0012881	GWHPBPAQ012943	JLX148510.1
OG0012882	GWHPBPAQ012948	JLX148540.1
OG0012883	GWHPBPAQ012949	JLX148610.1
OG0012884	GWHPBPAQ012950	JLX148700.1
OG0012885	GWHPBPAQ012951	JLX148650.1
OG0012886	GWHPBPAQ012952	JLX148470.1
OG0012887	GWHPBPAQ012954	JLX148620.1
OG0012888	GWHPBPAQ012955	JLX148740.1
OG0012889	GWHPBPAQ012963	JLX164500.1
OG0012890	GWHPBPAQ012964	JLX164480.1
OG0012891	GWHPBPAQ012973	JLX041310.1
OG0012892	GWHPBPAQ012990	JLX187000.1
OG0012893	GWHPBPAQ012991	JLX186900.1
OG0012894	GWHPBPAQ012998	JLX027450.1
OG0012895	GWHPBPAQ013002	JLX083360.1
OG0012896	GWHPBPAQ013003	JLX027370.1
OG0012897	GWHPBPAQ013006	JLX027360.1
OG0012898	GWHPBPAQ013011	JLX027390.1
OG0012899	GWHPBPAQ013012	JLX027510.1
OG0012900	GWHPBPAQ013014	JLX027500.1
OG0012901	GWHPBPAQ013015	JLX027540.1
OG0012902	GWHPBPAQ013017	JLX027400.1
OG0012903	GWHPBPAQ013022	JLX069070.1
OG0012904	GWHPBPAQ013032	JLX069710.1
OG0012905	GWHPBPAQ013034	JLX069430.1
OG0012906	GWHPBPAQ013035	JLX069270.1
OG0012907	GWHPBPAQ013036	JLX069300.1
OG0012908	GWHPBPAQ013037	JLX069180.1
OG0012909	GWHPBPAQ013038	JLX069150.1
OG0012910	GWHPBPAQ013039	JLX069160.1
OG0012911	GWHPBPAQ013040	JLX069360.1
OG0012912	GWHPBPAQ013055	JLX069520.1
OG0012913	GWHPBPAQ013056	JLX069600.1
OG0012914	GWHPBPAQ013059	JLX069640.1
OG0012915	GWHPBPAQ013061	JLX068640.1
OG0012916	GWHPBPAQ013071	JLX069220.1
OG0012917	GWHPBPAQ013075	JLX069690.1
OG0012918	GWHPBPAQ013080, GWHPBPAQ021124	
OG0012919	GWHPBPAQ013081	JLX069470.1
OG0012920	GWHPBPAQ013082	JLX068710.1
OG0012921	GWHPBPAQ013083	JLX069480.1
OG0012922	GWHPBPAQ013084	JLX069030.1
OG0012923	GWHPBPAQ013085	JLX069290.1
OG0012924	GWHPBPAQ013086	JLX068980.1
OG0012925	GWHPBPAQ013095	JLX069410.1
OG0012926	GWHPBPAQ013096	JLX068910.1
OG0012927	GWHPBPAQ013099	JLX068870.1
OG0012928	GWHPBPAQ013100	JLX069510.1
OG0012929	GWHPBPAQ013102	JLX069210.1
OG0012930	GWHPBPAQ013103	JLX069000.1
OG0012931	GWHPBPAQ013104	JLX068680.1
OG0012932	GWHPBPAQ013105	JLX069790.1
OG0012933	GWHPBPAQ013106	JLX068700.1
OG0012934	GWHPBPAQ013108	JLX069550.1
OG0012935	GWHPBPAQ013109	JLX069530.1
OG0012936	GWHPBPAQ013110	JLX069400.1
OG0012937	GWHPBPAQ013111	JLX069760.1
OG0012938	GWHPBPAQ013112	JLX069340.1
OG0012939	GWHPBPAQ013118	JLX069380.1
OG0012940	GWHPBPAQ013120	JLX068810.1
OG0012941	GWHPBPAQ013121	JLX068940.1
OG0012942	GWHPBPAQ013123	JLX068650.1
OG0012943	GWHPBPAQ013124	JLX069260.1
OG0012944	GWHPBPAQ013128	JLX069250.1
OG0012945	GWHPBPAQ013132	JLX213100.1
OG0012946	GWHPBPAQ013137	JLX210330.1
OG0012947	GWHPBPAQ013139	JLX210790.1
OG0012948	GWHPBPAQ013140	JLX210520.1
OG0012949	GWHPBPAQ013141	JLX210340.1
OG0012950	GWHPBPAQ013144	JLX210400.1
OG0012951	GWHPBPAQ013146	JLX210580.1
OG0012952	GWHPBPAQ013148	JLX210320.1
OG0012953	GWHPBPAQ013151	JLX210510.1
OG0012954	GWHPBPAQ013153	JLX210560.1
OG0012955	GWHPBPAQ013154	JLX210300.1
OG0012956	GWHPBPAQ013155	JLX210280.1
OG0012957	GWHPBPAQ013156	JLX210630.1
OG0012958	GWHPBPAQ013158	JLX173780.1
OG0012959	GWHPBPAQ013162	JLX210640.1
OG0012960	GWHPBPAQ013163	JLX210470.1
OG0012961	GWHPBPAQ013164	JLX210430.1
OG0012962	GWHPBPAQ013172	JLX210490.1
OG0012963	GWHPBPAQ013177	JLX210700.1
OG0012964	GWHPBPAQ013179	JLX210660.1
OG0012965	GWHPBPAQ013180	JLX210450.1
OG0012966	GWHPBPAQ013181	JLX210550.1
OG0012967	GWHPBPAQ013192	JLX081070.1
OG0012968	GWHPBPAQ013194	JLX079340.1
OG0012969	GWHPBPAQ013201	JLX078640.1
OG0012970	GWHPBPAQ013202	JLX078290.1
OG0012971	GWHPBPAQ013203	JLX079460.1
OG0012972	GWHPBPAQ013207	JLX079900.1
OG0012973	GWHPBPAQ013208	JLX080640.1
OG0012974	GWHPBPAQ013209	JLX078090.1
OG0012975	GWHPBPAQ013211	JLX078920.1
OG0012976	GWHPBPAQ013213	JLX080600.1
OG0012977	GWHPBPAQ013215	JLX079260.1
OG0012978	GWHPBPAQ013216	JLX079770.1
OG0012979	GWHPBPAQ013218	JLX080700.1
OG0012980	GWHPBPAQ013219	JLX080160.1
OG0012981	GWHPBPAQ013222	JLX081480.1
OG0012982	GWHPBPAQ013223	JLX078980.1
OG0012983	GWHPBPAQ013225	JLX078220.1
OG0012984	GWHPBPAQ013226	JLX081080.1
OG0012985	GWHPBPAQ013229	JLX079290.1
OG0012986	GWHPBPAQ013230	JLX080380.1
OG0012987	GWHPBPAQ013232	JLX079240.1
OG0012988	GWHPBPAQ013233	JLX080240.1
OG0012989	GWHPBPAQ013237	JLX080000.1
OG0012990	GWHPBPAQ013238	JLX079000.1
OG0012991	GWHPBPAQ013240	JLX078900.1
OG0012992	GWHPBPAQ013241	JLX081730.1
OG0012993	GWHPBPAQ013242	JLX078600.1
OG0012994	GWHPBPAQ013243	JLX081680.1
OG0012995	GWHPBPAQ013244	JLX079090.1
OG0012996	GWHPBPAQ013247	JLX081810.1
OG0012997	GWHPBPAQ013248	JLX080660.1
OG0012998	GWHPBPAQ013249	JLX081670.1
OG0012999	GWHPBPAQ013252	JLX079790.1
OG0013000	GWHPBPAQ013253	JLX079380.1
OG0013001	GWHPBPAQ013256	JLX078880.1
OG0013002	GWHPBPAQ013258	JLX079210.1
OG0013003	GWHPBPAQ013260	JLX078680.1
OG0013004	GWHPBPAQ013266	JLX080780.1
OG0013005	GWHPBPAQ013268	JLX081090.1
OG0013006	GWHPBPAQ013271	JLX081460.1
OG0013007	GWHPBPAQ013276	JLX078740.1
OG0013008	GWHPBPAQ013278	JLX078190.1
OG0013009	GWHPBPAQ013280	JLX080810.1
OG0013010	GWHPBPAQ013281	JLX080480.1
OG0013011	GWHPBPAQ013284	JLX081020.1
OG0013012	GWHPBPAQ013286	JLX079110.1
OG0013013	GWHPBPAQ013287	JLX081210.1
OG0013014	GWHPBPAQ013291	JLX079310.1
OG0013015	GWHPBPAQ013292	JLX081590.1
OG0013016	GWHPBPAQ013302	JLX080210.1
OG0013017	GWHPBPAQ013304	JLX080920.1
OG0013018	GWHPBPAQ013306	JLX079920.1
OG0013019	GWHPBPAQ013310	JLX080980.1
OG0013020	GWHPBPAQ013312	JLX080040.1
OG0013021	GWHPBPAQ013314	JLX080830.1
OG0013022	GWHPBPAQ013315	JLX078560.1
OG0013023	GWHPBPAQ013316	JLX080320.1
OG0013024	GWHPBPAQ013336	JLX081640.1
OG0013025	GWHPBPAQ013340	JLX079120.1
OG0013026	GWHPBPAQ013341	JLX080590.1
OG0013027	GWHPBPAQ013343	JLX078170.1
OG0013028	GWHPBPAQ013345	JLX080230.1
OG0013029	GWHPBPAQ013346	JLX079590.1
OG0013030	GWHPBPAQ013347	JLX080510.1
OG0013031	GWHPBPAQ013349	JLX079830.1
OG0013032	GWHPBPAQ013350	JLX080020.1
OG0013033	GWHPBPAQ013354	JLX079870.1
OG0013034	GWHPBPAQ013358	JLX079160.1
OG0013035	GWHPBPAQ013360	JLX081770.1
OG0013036	GWHPBPAQ013361	JLX080550.1
OG0013037	GWHPBPAQ013362	JLX079170.1
OG0013038	GWHPBPAQ013363	JLX081520.1
OG0013039	GWHPBPAQ013366	JLX079580.1
OG0013040	GWHPBPAQ013368	JLX080860.1
OG0013041	GWHPBPAQ013369	JLX080100.1
OG0013042	GWHPBPAQ013373	JLX205090.1
OG0013043	GWHPBPAQ013376	JLX078890.1
OG0013044	GWHPBPAQ013377	JLX081500.1
OG0013045	GWHPBPAQ013380	JLX080670.1
OG0013046	GWHPBPAQ013381	JLX080150.1
OG0013047	GWHPBPAQ013382	JLX079200.1
OG0013048	GWHPBPAQ013384	JLX080220.1
OG0013049	GWHPBPAQ013386	JLX078380.1
OG0013050	GWHPBPAQ013387	JLX080270.1
OG0013051	GWHPBPAQ013389	JLX081190.1
OG0013052	GWHPBPAQ013391	JLX081130.1
OG0013053	GWHPBPAQ013392	JLX080090.1
OG0013054	GWHPBPAQ013397	JLX078500.1
OG0013055	GWHPBPAQ013401	JLX078410.1
OG0013056	GWHPBPAQ013403	JLX078790.1
OG0013057	GWHPBPAQ013404	JLX081580.1
OG0013058	GWHPBPAQ013405	JLX081660.1
OG0013059	GWHPBPAQ013406	JLX078040.1
OG0013060	GWHPBPAQ013409	JLX078140.1
OG0013061	GWHPBPAQ013410	JLX080960.1
OG0013062	GWHPBPAQ013411	JLX081430.1
OG0013063	GWHPBPAQ013413	JLX079740.1
OG0013064	GWHPBPAQ013417	JLX078360.1
OG0013065	GWHPBPAQ013419	JLX079440.1
OG0013066	GWHPBPAQ013420	JLX080420.1
OG0013067	GWHPBPAQ013423	JLX081620.1
OG0013068	GWHPBPAQ013424	JLX079760.1
OG0013069	GWHPBPAQ013433	JLX078490.1
OG0013070	GWHPBPAQ013437, GWHPBPAQ013440	
OG0013071	GWHPBPAQ013442	JLX081320.1
OG0013072	GWHPBPAQ013443	JLX078860.1
OG0013073	GWHPBPAQ013445	JLX079050.1
OG0013074	GWHPBPAQ013451	JLX079840.1
OG0013075	GWHPBPAQ013453	JLX081800.1
OG0013076	GWHPBPAQ013454	JLX080260.1
OG0013077	GWHPBPAQ013455	JLX079700.1
OG0013078	GWHPBPAQ013456	JLX080130.1
OG0013079	GWHPBPAQ013460	JLX079350.1
OG0013080	GWHPBPAQ013462	JLX078520.1
OG0013081	GWHPBPAQ013466	JLX078320.1
OG0013082	GWHPBPAQ013470	JLX080840.1
OG0013083	GWHPBPAQ013471	JLX080690.1
OG0013084	GWHPBPAQ013473	JLX078430.1
OG0013085	GWHPBPAQ013475	JLX079070.1
OG0013086	GWHPBPAQ013476	JLX080800.1
OG0013087	GWHPBPAQ013477	JLX078540.1
OG0013088	GWHPBPAQ013478	JLX080350.1
OG0013089	GWHPBPAQ013481	JLX078390.1
OG0013090	GWHPBPAQ013488	JLX080530.1
OG0013091	GWHPBPAQ013489	JLX078970.1
OG0013092	GWHPBPAQ013497	JLX081610.1
OG0013093	GWHPBPAQ013498	JLX078810.1
OG0013094	GWHPBPAQ013499	JLX079880.1
OG0013095	GWHPBPAQ013500	JLX080430.1
OG0013096	GWHPBPAQ013501	JLX081350.1
OG0013097	GWHPBPAQ013503	JLX079020.1
OG0013098	GWHPBPAQ013504	JLX081040.1
OG0013099	GWHPBPAQ013505	JLX081390.1
OG0013100	GWHPBPAQ013506	JLX078960.1
OG0013101	GWHPBPAQ013507	JLX079480.1
OG0013102	GWHPBPAQ013509	JLX080730.1
OG0013103	GWHPBPAQ013510	JLX081710.1
OG0013104	GWHPBPAQ013512	JLX079190.1
OG0013105	GWHPBPAQ013514	JLX079610.1
OG0013106	GWHPBPAQ013517	JLX080460.1
OG0013107	GWHPBPAQ013519	JLX079980.1
OG0013108	GWHPBPAQ013520	JLX079040.1
OG0013109	GWHPBPAQ013521	JLX081760.1
OG0013110	GWHPBPAQ013522	JLX080030.1
OG0013111	GWHPBPAQ013529	JLX081550.1
OG0013112	GWHPBPAQ013530	JLX078470.1
OG0013113	GWHPBPAQ013531	JLX078400.1
OG0013114	GWHPBPAQ013532	JLX079990.1
OG0013115	GWHPBPAQ013533	JLX078750.1
OG0013116	GWHPBPAQ013535	JLX079670.1
OG0013117	GWHPBPAQ013537	JLX081330.1
OG0013118	GWHPBPAQ013539	JLX079250.1
OG0013119	GWHPBPAQ013540	JLX078630.1
OG0013120	GWHPBPAQ013541	JLX079520.1
OG0013121	GWHPBPAQ013542	JLX080570.1
OG0013122	GWHPBPAQ013546	JLX080340.1
OG0013123	GWHPBPAQ013547	JLX080880.1
OG0013124	GWHPBPAQ013548	JLX078070.1
OG0013125	GWHPBPAQ013550	JLX080200.1
OG0013126	GWHPBPAQ013551	JLX078150.1
OG0013127	GWHPBPAQ013552	JLX081220.1
OG0013128	GWHPBPAQ013554	JLX081450.1
OG0013129	GWHPBPAQ013555	JLX080410.1
OG0013130	GWHPBPAQ013556	JLX079530.1
OG0013131	GWHPBPAQ013558, GWHPBPAQ013691	
OG0013132	GWHPBPAQ013561	JLX078510.1
OG0013133	GWHPBPAQ013562	JLX078940.1
OG0013134	GWHPBPAQ013563	JLX080520.1
OG0013135	GWHPBPAQ013564	JLX080080.1
OG0013136	GWHPBPAQ013566	JLX078020.1
OG0013137	GWHPBPAQ013568	JLX079930.1
OG0013138	GWHPBPAQ013569	JLX080310.1
OG0013139	GWHPBPAQ013570	JLX079540.1
OG0013140	GWHPBPAQ013571	JLX079620.1
OG0013141	GWHPBPAQ013572	JLX078700.1
OG0013142	GWHPBPAQ013577	JLX078420.1
OG0013143	GWHPBPAQ013578	JLX080540.1
OG0013144	GWHPBPAQ013579	JLX080400.1
OG0013145	GWHPBPAQ013580	JLX078800.1
OG0013146	GWHPBPAQ013581	JLX080280.1
OG0013147	GWHPBPAQ013589	JLX197160.1
OG0013148	GWHPBPAQ013590	JLX193890.1
OG0013149	GWHPBPAQ013591	JLX193020.2
OG0013150	GWHPBPAQ013593	JLX195210.1
OG0013151	GWHPBPAQ013594	JLX194930.1
OG0013152	GWHPBPAQ013595	JLX193740.1
OG0013153	GWHPBPAQ013596	JLX192960.1
OG0013154	GWHPBPAQ013597	JLX196210.1
OG0013155	GWHPBPAQ013598	JLX192650.1
OG0013156	GWHPBPAQ013599	JLX193430.1
OG0013157	GWHPBPAQ013602	JLX195470.1
OG0013158	GWHPBPAQ013604	JLX192820.1
OG0013159	GWHPBPAQ013610	JLX195500.1
OG0013160	GWHPBPAQ013612	JLX192580.1
OG0013161	GWHPBPAQ013615	JLX195040.1
OG0013162	GWHPBPAQ013617	JLX195170.1
OG0013163	GWHPBPAQ013618	JLX194650.1
OG0013164	GWHPBPAQ013619	JLX193880.1
OG0013165	GWHPBPAQ013620	JLX192360.1
OG0013166	GWHPBPAQ013623	JLX196700.1
OG0013167	GWHPBPAQ013624	JLX193490.1
OG0013168	GWHPBPAQ013625	JLX195570.1
OG0013169	GWHPBPAQ013630	JLX192510.1
OG0013170	GWHPBPAQ013632	JLX194640.1
OG0013171	GWHPBPAQ013634	JLX195220.1
OG0013172	GWHPBPAQ013636	JLX196640.1
OG0013173	GWHPBPAQ013638	JLX196240.1
OG0013174	GWHPBPAQ013641	JLX194050.1
OG0013175	GWHPBPAQ013643	JLX195160.1
OG0013176	GWHPBPAQ013646	JLX196650.1
OG0013177	GWHPBPAQ013647	JLX197220.1
OG0013178	GWHPBPAQ013651	JLX193900.1
OG0013179	GWHPBPAQ013653	JLX194940.1
OG0013180	GWHPBPAQ013657	JLX191960.1
OG0013181	GWHPBPAQ013658	JLX196930.1
OG0013182	GWHPBPAQ013659	JLX197140.1
OG0013183	GWHPBPAQ013660	JLX196800.1
OG0013184	GWHPBPAQ013664	JLX194590.1
OG0013185	GWHPBPAQ013667	JLX193190.1
OG0013186	GWHPBPAQ013671	JLX196710.1
OG0013187	GWHPBPAQ013672	JLX193040.1
OG0013188	GWHPBPAQ013674	JLX196440.1
OG0013189	GWHPBPAQ013676	JLX194840.1
OG0013190	GWHPBPAQ013677	JLX193860.1
OG0013191	GWHPBPAQ013680	JLX194350.1
OG0013192	GWHPBPAQ013683	JLX194160.1
OG0013193	GWHPBPAQ013684	JLX194000.1
OG0013194	GWHPBPAQ013685	JLX196010.1
OG0013195	GWHPBPAQ013686	JLX195280.1
OG0013196	GWHPBPAQ013687	JLX197360.1
OG0013197	GWHPBPAQ013689	JLX192590.1
OG0013198	GWHPBPAQ013690	JLX193790.1
OG0013199	GWHPBPAQ013695	JLX195050.1
OG0013200	GWHPBPAQ013696	JLX192140.1
OG0013201	GWHPBPAQ013697	JLX192600.1
OG0013202	GWHPBPAQ013698	JLX196530.1
OG0013203	GWHPBPAQ013700	JLX192300.1
OG0013204	GWHPBPAQ013701	JLX196390.1
OG0013205	GWHPBPAQ013702	JLX193930.1
OG0013206	GWHPBPAQ013703	JLX193030.1
OG0013207	GWHPBPAQ013704	JLX195800.1
OG0013208	GWHPBPAQ013707	JLX194830.1
OG0013209	GWHPBPAQ013709	JLX193110.1
OG0013210	GWHPBPAQ013712	JLX193750.1
OG0013211	GWHPBPAQ013713	JLX193180.1
OG0013212	GWHPBPAQ013716	JLX196680.1
OG0013213	GWHPBPAQ013718	JLX194980.1
OG0013214	GWHPBPAQ013719	JLX194230.1
OG0013215	GWHPBPAQ013720	JLX193290.1
OG0013216	GWHPBPAQ013721	JLX192730.1
OG0013217	GWHPBPAQ013723	JLX196840.1
OG0013218	GWHPBPAQ013725	JLX197150.1
OG0013219	GWHPBPAQ013726	JLX196520.1
OG0013220	GWHPBPAQ013727	JLX197350.1
OG0013221	GWHPBPAQ013728	JLX195310.1
OG0013222	GWHPBPAQ013729	JLX196000.1
OG0013223	GWHPBPAQ013730	JLX193910.1
OG0013224	GWHPBPAQ013731	JLX195950.1
OG0013225	GWHPBPAQ013732	JLX195190.1
OG0013226	GWHPBPAQ013737	JLX192050.1
OG0013227	GWHPBPAQ013740	JLX195790.1
OG0013228	GWHPBPAQ013745	JLX195350.1
OG0013229	GWHPBPAQ013748	JLX193480.1
OG0013230	GWHPBPAQ013749	JLX194280.1
OG0013231	GWHPBPAQ013750	JLX193600.1
OG0013232	GWHPBPAQ013752	JLX192860.1
OG0013233	GWHPBPAQ013753	JLX118160.1
OG0013234	GWHPBPAQ013754	JLX192350.1
OG0013235	GWHPBPAQ013758	JLX194720.1
OG0013236	GWHPBPAQ013761	JLX191970.1
OG0013237	GWHPBPAQ013763	JLX194370.1
OG0013238	GWHPBPAQ013764	JLX196870.1
OG0013239	GWHPBPAQ013765	JLX196300.1
OG0013240	GWHPBPAQ013766	JLX191930.1
OG0013241	GWHPBPAQ013770	JLX194480.1
OG0013242	GWHPBPAQ013771	JLX193670.1
OG0013243	GWHPBPAQ013774	JLX195340.1
OG0013244	GWHPBPAQ013777	JLX196200.1
OG0013245	GWHPBPAQ013778	JLX193620.1
OG0013246	GWHPBPAQ013779	JLX194890.1
OG0013247	GWHPBPAQ013786	JLX196630.1
OG0013248	GWHPBPAQ013788	JLX194010.1
OG0013249	GWHPBPAQ013795	JLX194470.1
OG0013250	GWHPBPAQ013796	JLX194540.1
OG0013251	GWHPBPAQ013797	JLX192240.1
OG0013252	GWHPBPAQ013798	JLX193200.1
OG0013253	GWHPBPAQ013799	JLX195600.1
OG0013254	GWHPBPAQ013801	JLX193830.1
OG0013255	GWHPBPAQ013803	JLX192430.1
OG0013256	GWHPBPAQ013805	JLX196670.1
OG0013257	GWHPBPAQ013806	JLX193060.1
OG0013258	GWHPBPAQ013813	JLX193690.1
OG0013259	GWHPBPAQ013816	JLX192850.1
OG0013260	GWHPBPAQ013817	JLX196500.1
OG0013261	GWHPBPAQ013821	JLX192260.1
OG0013262	GWHPBPAQ013822	JLX192530.1
OG0013263	GWHPBPAQ013823	JLX196660.1
OG0013264	GWHPBPAQ013828	JLX193870.1
OG0013265	GWHPBPAQ013829	JLX196150.1
OG0013266	GWHPBPAQ013836	JLX195850.1
OG0013267	GWHPBPAQ013837	JLX193250.1
OG0013268	GWHPBPAQ013838	JLX194260.1
OG0013269	GWHPBPAQ013839	JLX192940.1
OG0013270	GWHPBPAQ013842	JLX196690.1
OG0013271	GWHPBPAQ013843	JLX192190.1
OG0013272	GWHPBPAQ013844	JLX195030.1
OG0013273	GWHPBPAQ013850	JLX192500.1
OG0013274	GWHPBPAQ013852	JLX194130.1
OG0013275	GWHPBPAQ013854	JLX192180.1
OG0013276	GWHPBPAQ013860	JLX192370.1
OG0013277	GWHPBPAQ013861	JLX192750.1
OG0013278	GWHPBPAQ013863	JLX194500.1
OG0013279	GWHPBPAQ013864	JLX193850.1
OG0013280	GWHPBPAQ013865	JLX192000.1
OG0013281	GWHPBPAQ013866	JLX197030.1
OG0013282	GWHPBPAQ013868	JLX195540.1
OG0013283	GWHPBPAQ013869	JLX194950.1
OG0013284	GWHPBPAQ013870	JLX193730.1
OG0013285	GWHPBPAQ013873	JLX196980.1
OG0013286	GWHPBPAQ013874	JLX192910.1
OG0013287	GWHPBPAQ013877	JLX195260.1
OG0013288	GWHPBPAQ013880	JLX197420.1
OG0013289	GWHPBPAQ013881	JLX195740.1
OG0013290	GWHPBPAQ013882	JLX193960.1
OG0013291	GWHPBPAQ013883	JLX196940.1
OG0013292	GWHPBPAQ013884	JLX194910.1
OG0013293	GWHPBPAQ013886	JLX196720.1
OG0013294	GWHPBPAQ013888	JLX194180.1
OG0013295	GWHPBPAQ013895	JLX193330.1
OG0013296	GWHPBPAQ013896	JLX195700.1
OG0013297	GWHPBPAQ013898	JLX193650.1
OG0013298	GWHPBPAQ013899	JLX196310.1
OG0013299	GWHPBPAQ013903	JLX191800.1
OG0013300	GWHPBPAQ013904	JLX192780.1
OG0013301	GWHPBPAQ013905	JLX192130.1
OG0013302	GWHPBPAQ013906	JLX195330.1
OG0013303	GWHPBPAQ013908	JLX197410.1
OG0013304	GWHPBPAQ013909	JLX192280.1
OG0013305	GWHPBPAQ013912	JLX195410.1
OG0013306	GWHPBPAQ013913	JLX197280.1
OG0013307	GWHPBPAQ013915	JLX196070.1
OG0013308	GWHPBPAQ013916	JLX192080.1
OG0013309	GWHPBPAQ013917	JLX194300.1
OG0013310	GWHPBPAQ013923	JLX193500.1
OG0013311	GWHPBPAQ013924	JLX193510.1
OG0013312	GWHPBPAQ013929	JLX196780.1
OG0013313	GWHPBPAQ013930	JLX194200.1
OG0013314	GWHPBPAQ013931	JLX196590.1
OG0013315	GWHPBPAQ013932	JLX192870.1
OG0013316	GWHPBPAQ013934	JLX192460.1
OG0013317	GWHPBPAQ013935	JLX194620.1
OG0013318	GWHPBPAQ013937	JLX195070.1
OG0013319	GWHPBPAQ013938	JLX194770.1
OG0013320	GWHPBPAQ013939	JLX197070.1
OG0013321	GWHPBPAQ013942	JLX197320.1
OG0013322	GWHPBPAQ013945	JLX195710.1
OG0013323	GWHPBPAQ013946	JLX192120.1
OG0013324	GWHPBPAQ013948	JLX193320.1
OG0013325	GWHPBPAQ013950	JLX194270.1
OG0013326	GWHPBPAQ013951	JLX192950.1
OG0013327	GWHPBPAQ013952	JLX192420.1
OG0013328	GWHPBPAQ013953	JLX196470.1
OG0013329	GWHPBPAQ013955	JLX195870.1
OG0013330	GWHPBPAQ013956	JLX197040.1
OG0013331	GWHPBPAQ013957	JLX196330.1
OG0013332	GWHPBPAQ013961	JLX197400.1
OG0013333	GWHPBPAQ013962	JLX191820.1
OG0013334	GWHPBPAQ013963	JLX192800.1
OG0013335	GWHPBPAQ013968	JLX192270.1
OG0013336	GWHPBPAQ013969	JLX196160.1
OG0013337	GWHPBPAQ013972	JLX194960.1
OG0013338	GWHPBPAQ013973	JLX195890.1
OG0013339	GWHPBPAQ013975	JLX197430.1
OG0013340	GWHPBPAQ013978	JLX193470.1
OG0013341	GWHPBPAQ013979	JLX195690.1
OG0013342	GWHPBPAQ013980	JLX192620.1
OG0013343	GWHPBPAQ013981	JLX193000.1
OG0013344	GWHPBPAQ013982	JLX197340.1
OG0013345	GWHPBPAQ013983	JLX196270.1
OG0013346	GWHPBPAQ013992	JLX194430.1
OG0013347	GWHPBPAQ013993	JLX196620.1
OG0013348	GWHPBPAQ013994	JLX195860.1
OG0013349	GWHPBPAQ013998	JLX193820.1
OG0013350	GWHPBPAQ014002	JLX195130.1
OG0013351	GWHPBPAQ014004	JLX196550.1
OG0013352	GWHPBPAQ014008	JLX196420.1
OG0013353	GWHPBPAQ014011	JLX193840.1
OG0013354	GWHPBPAQ014012	JLX194490.1
OG0013355	GWHPBPAQ014013	JLX193450.1
OG0013356	GWHPBPAQ014015	JLX194870.1
OG0013357	GWHPBPAQ014016	JLX195420.1
OG0013358	GWHPBPAQ014017	JLX192110.1
OG0013359	GWHPBPAQ014018	JLX194580.1
OG0013360	GWHPBPAQ014019	JLX193780.1
OG0013361	GWHPBPAQ014020	JLX192680.1
OG0013362	GWHPBPAQ014022	JLX192840.1
OG0013363	GWHPBPAQ014029	JLX192720.1
OG0013364	GWHPBPAQ014032	JLX194760.1
OG0013365	GWHPBPAQ014037	JLX193380.1
OG0013366	GWHPBPAQ014038	JLX194170.1
OG0013367	GWHPBPAQ014042	JLX196950.1
OG0013368	GWHPBPAQ014043	JLX196810.1
OG0013369	GWHPBPAQ014044	JLX196460.1
OG0013370	GWHPBPAQ014045	JLX195940.1
OG0013371	GWHPBPAQ014047	JLX193970.1
OG0013372	GWHPBPAQ014048	JLX192690.1
OG0013373	GWHPBPAQ014049	JLX193520.1
OG0013374	GWHPBPAQ014053	JLX195230.1
OG0013375	GWHPBPAQ014054	JLX196250.1
OG0013376	GWHPBPAQ014055	JLX195510.1
OG0013377	GWHPBPAQ014058	JLX191840.1
OG0013378	GWHPBPAQ014061	JLX192090.1
OG0013379	GWHPBPAQ014062	JLX197110.1
OG0013380	GWHPBPAQ014063	JLX194140.1
OG0013381	GWHPBPAQ014065	JLX196080.1
OG0013382	GWHPBPAQ014071	JLX193770.1
OG0013383	GWHPBPAQ014073	JLX192150.1
OG0013384	GWHPBPAQ014074	JLX192660.1
OG0013385	GWHPBPAQ014075	JLX196540.1
OG0013386	GWHPBPAQ014076	JLX196320.1
OG0013387	GWHPBPAQ014077	JLX194110.1
OG0013388	GWHPBPAQ014080	JLX192380.1
OG0013389	GWHPBPAQ014082	JLX196920.1
OG0013390	GWHPBPAQ014084	JLX193150.1
OG0013391	GWHPBPAQ014085	JLX192480.1
OG0013392	GWHPBPAQ014088	JLX193100.1
OG0013393	GWHPBPAQ014091	JLX197370.1
OG0013394	GWHPBPAQ014092	JLX193610.1
OG0013395	GWHPBPAQ014098	JLX197130.1
OG0013396	GWHPBPAQ014100	JLX195180.1
OG0013397	GWHPBPAQ014102	JLX196040.1
OG0013398	GWHPBPAQ014105	JLX193260.1
OG0013399	GWHPBPAQ014106	JLX197270.1
OG0013400	GWHPBPAQ014107	JLX192710.1
OG0013401	GWHPBPAQ014109	JLX193980.1
OG0013402	GWHPBPAQ014111	JLX195630.1
OG0013403	GWHPBPAQ014112	JLX192030.1
OG0013404	GWHPBPAQ014113	JLX194040.1
OG0013405	GWHPBPAQ014115	JLX192540.1
OG0013406	GWHPBPAQ014116	JLX191890.1
OG0013407	GWHPBPAQ014117	JLX193130.1
OG0013408	GWHPBPAQ014118	JLX196770.1
OG0013409	GWHPBPAQ014119	JLX196890.1
OG0013410	GWHPBPAQ014120	JLX194850.1
OG0013411	GWHPBPAQ014128	JLX196120.1
OG0013412	GWHPBPAQ014130	JLX194390.1
OG0013413	GWHPBPAQ014131	JLX192020.1
OG0013414	GWHPBPAQ014132	JLX195660.1
OG0013415	GWHPBPAQ014133	JLX193560.1
OG0013416	GWHPBPAQ014140	JLX196050.1
OG0013417	GWHPBPAQ014141	JLX192330.1
OG0013418	GWHPBPAQ014142	JLX197240.1
OG0013419	GWHPBPAQ014143	JLX193990.1
OG0013420	GWHPBPAQ014146	JLX195380.1
OG0013421	GWHPBPAQ014148	JLX195010.1
OG0013422	GWHPBPAQ014152	JLX192160.1
OG0013423	GWHPBPAQ014153	JLX193640.1
OG0013424	GWHPBPAQ014154	JLX195810.1
OG0013425	GWHPBPAQ014155	JLX194410.1
OG0013426	GWHPBPAQ014156	JLX194400.1
OG0013427	GWHPBPAQ014164	JLX195920.1
OG0013428	GWHPBPAQ014165	JLX196350.1
OG0013429	GWHPBPAQ014166	JLX192250.1
OG0013430	GWHPBPAQ014167	JLX193220.1
OG0013431	GWHPBPAQ014169	JLX194220.1
OG0013432	GWHPBPAQ014170	JLX195930.1
OG0013433	GWHPBPAQ014173	JLX193580.1
OG0013434	GWHPBPAQ014181	JLX168950.1
OG0013435	GWHPBPAQ014182	JLX171750.1
OG0013436	GWHPBPAQ014185	JLX169180.1
OG0013437	GWHPBPAQ014186	JLX170220.1
OG0013438	GWHPBPAQ014187	JLX171050.1
OG0013439	GWHPBPAQ014189	JLX170200.1
OG0013440	GWHPBPAQ014191	JLX170260.1
OG0013441	GWHPBPAQ014192	JLX171230.1
OG0013442	GWHPBPAQ014193	JLX172460.1
OG0013443	GWHPBPAQ014194	JLX169470.1
OG0013444	GWHPBPAQ014198	JLX170230.1
OG0013445	GWHPBPAQ014199	JLX169280.1
OG0013446	GWHPBPAQ014200	JLX168910.1
OG0013447	GWHPBPAQ014201	JLX168920.1
OG0013448	GWHPBPAQ014202	JLX169620.1
OG0013449	GWHPBPAQ014203	JLX171250.1
OG0013450	GWHPBPAQ014206	JLX171640.1
OG0013451	GWHPBPAQ014208	JLX171540.1
OG0013452	GWHPBPAQ014209	JLX171220.1
OG0013453	GWHPBPAQ014210	JLX171890.1
OG0013454	GWHPBPAQ014213	JLX170390.1
OG0013455	GWHPBPAQ014219	JLX170540.1
OG0013456	GWHPBPAQ014225	JLX170960.1
OG0013457	GWHPBPAQ014228	JLX170320.1
OG0013458	GWHPBPAQ014229	JLX170990.1
OG0013459	GWHPBPAQ014230	JLX170460.1
OG0013460	GWHPBPAQ014231	JLX171460.1
OG0013461	GWHPBPAQ014232	JLX172030.1
OG0013462	GWHPBPAQ014233	JLX169190.1
OG0013463	GWHPBPAQ014238	JLX171360.1
OG0013464	GWHPBPAQ014239	JLX171350.1
OG0013465	GWHPBPAQ014240	JLX168970.1
OG0013466	GWHPBPAQ014241	JLX169590.1
OG0013467	GWHPBPAQ014242	JLX171440.1
OG0013468	GWHPBPAQ014244	JLX169170.1
OG0013469	GWHPBPAQ014248	JLX171570.1
OG0013470	GWHPBPAQ014251	JLX168880.1
OG0013471	GWHPBPAQ014252	JLX171000.1
OG0013472	GWHPBPAQ014254	JLX169050.1
OG0013473	GWHPBPAQ014256	JLX170610.1
OG0013474	GWHPBPAQ014258	JLX168930.1
OG0013475	GWHPBPAQ014260	JLX169970.1
OG0013476	GWHPBPAQ014262	JLX171170.1
OG0013477	GWHPBPAQ014263	JLX170380.1
OG0013478	GWHPBPAQ014265	JLX171780.1
OG0013479	GWHPBPAQ014266	JLX170530.1
OG0013480	GWHPBPAQ014268	JLX169380.1
OG0013481	GWHPBPAQ014269	JLX172170.1
OG0013482	GWHPBPAQ014272	JLX171620.1
OG0013483	GWHPBPAQ014274	JLX170160.1
OG0013484	GWHPBPAQ014276	JLX170690.1
OG0013485	GWHPBPAQ014277	JLX169450.1
OG0013486	GWHPBPAQ014280	JLX171850.1
OG0013487	GWHPBPAQ014292	JLX168890.1
OG0013488	GWHPBPAQ014293	JLX171920.1
OG0013489	GWHPBPAQ014294	JLX168990.1
OG0013490	GWHPBPAQ014295	JLX172400.1
OG0013491	GWHPBPAQ014298	JLX170370.1
OG0013492	GWHPBPAQ014302	JLX169660.1
OG0013493	GWHPBPAQ014303	JLX170890.1
OG0013494	GWHPBPAQ014304	JLX170310.1
OG0013495	GWHPBPAQ014305	JLX172010.1
OG0013496	GWHPBPAQ014306	JLX168690.1
OG0013497	GWHPBPAQ014311	JLX169780.1
OG0013498	GWHPBPAQ014315	JLX170000.1
OG0013499	GWHPBPAQ014316	JLX168680.1
OG0013500	GWHPBPAQ014317	JLX171270.1
OG0013501	GWHPBPAQ014318	JLX170810.1
OG0013502	GWHPBPAQ014320	JLX169840.1
OG0013503	GWHPBPAQ014321	JLX172120.1
OG0013504	GWHPBPAQ014323	JLX171530.1
OG0013505	GWHPBPAQ014325	JLX168810.1
OG0013506	GWHPBPAQ014326	JLX169790.1
OG0013507	GWHPBPAQ014327	JLX170570.1
OG0013508	GWHPBPAQ014328	JLX169600.1
OG0013509	GWHPBPAQ014329	JLX169010.1
OG0013510	GWHPBPAQ014330	JLX170560.1
OG0013511	GWHPBPAQ014331	JLX168760.1
OG0013512	GWHPBPAQ014332	JLX172580.1
OG0013513	GWHPBPAQ014333	JLX170300.1
OG0013514	GWHPBPAQ014334	JLX172240.1
OG0013515	GWHPBPAQ014335	JLX171130.1
OG0013516	GWHPBPAQ014336	JLX169880.1
OG0013517	GWHPBPAQ014337	JLX172160.1
OG0013518	GWHPBPAQ014340	JLX169240.1
OG0013519	GWHPBPAQ014341	JLX172410.1
OG0013520	GWHPBPAQ014344	JLX169070.1
OG0013521	GWHPBPAQ014347	JLX172270.1
OG0013522	GWHPBPAQ014349	JLX169060.1
OG0013523	GWHPBPAQ014351	JLX171840.1
OG0013524	GWHPBPAQ014353	JLX170020.1
OG0013525	GWHPBPAQ014357	JLX170940.1
OG0013526	GWHPBPAQ014358	JLX171600.1
OG0013527	GWHPBPAQ014360	JLX170070.1
OG0013528	GWHPBPAQ014361	JLX168870.1
OG0013529	GWHPBPAQ014362	JLX172080.1
OG0013530	GWHPBPAQ014363	JLX171830.1
OG0013531	GWHPBPAQ014364	JLX170240.1
OG0013532	GWHPBPAQ014365	JLX169130.1
OG0013533	GWHPBPAQ014366	JLX172590.1
OG0013534	GWHPBPAQ014367	JLX171720.1
OG0013535	GWHPBPAQ014369	JLX169700.1
OG0013536	GWHPBPAQ014372	JLX169340.1
OG0013537	GWHPBPAQ014373	JLX170400.1
OG0013538	GWHPBPAQ014374	JLX169310.1
OG0013539	GWHPBPAQ014375	JLX169290.1
OG0013540	GWHPBPAQ014376	JLX169370.1
OG0013541	GWHPBPAQ014377	JLX169230.1
OG0013542	GWHPBPAQ014380	JLX171820.1
OG0013543	GWHPBPAQ014384	JLX171210.1
OG0013544	GWHPBPAQ014385	JLX171280.1
OG0013545	GWHPBPAQ014386	JLX172290.1
OG0013546	GWHPBPAQ014387	JLX172210.1
OG0013547	GWHPBPAQ014388	JLX168740.1
OG0013548	GWHPBPAQ014389	JLX172420.1
OG0013549	GWHPBPAQ014391	JLX170750.1
OG0013550	GWHPBPAQ014393	JLX172280.1
OG0013551	GWHPBPAQ014395	JLX168770.1
OG0013552	GWHPBPAQ014397	JLX170650.1
OG0013553	GWHPBPAQ014400	JLX169000.1
OG0013554	GWHPBPAQ014401	JLX172060.1
OG0013555	GWHPBPAQ014402	JLX171010.1
OG0013556	GWHPBPAQ014403	JLX172250.1
OG0013557	GWHPBPAQ014404	JLX169870.1
OG0013558	GWHPBPAQ014405	JLX171080.1
OG0013559	GWHPBPAQ014406	JLX169090.1
OG0013560	GWHPBPAQ014409	JLX171150.1
OG0013561	GWHPBPAQ014410	JLX168700.1
OG0013562	GWHPBPAQ014411	JLX169860.1
OG0013563	GWHPBPAQ014413	JLX168850.1
OG0013564	GWHPBPAQ014414	JLX172330.1
OG0013565	GWHPBPAQ014417	JLX169850.1
OG0013566	GWHPBPAQ014420	JLX168640.1
OG0013567	GWHPBPAQ014423	JLX171650.1
OG0013568	GWHPBPAQ014426	JLX170790.1
OG0013569	GWHPBPAQ014429	JLX169900.1
OG0013570	GWHPBPAQ014431	JLX172220.1
OG0013571	GWHPBPAQ014432	JLX171760.1
OG0013572	GWHPBPAQ014435	JLX171790.1
OG0013573	GWHPBPAQ014438	JLX171400.1
OG0013574	GWHPBPAQ014439	JLX172150.1
OG0013575	GWHPBPAQ014442	JLX168820.1
OG0013576	GWHPBPAQ014443	JLX171810.1
OG0013577	GWHPBPAQ014444	JLX171880.1
OG0013578	GWHPBPAQ014445	JLX170900.1
OG0013579	GWHPBPAQ014446	JLX169820.1
OG0013580	GWHPBPAQ014451	JLX169490.1
OG0013581	GWHPBPAQ014455	JLX168610.1
OG0013582	GWHPBPAQ014457	JLX171770.1
OG0013583	GWHPBPAQ014458	JLX170840.1
OG0013584	GWHPBPAQ014459	JLX169740.1
OG0013585	GWHPBPAQ014461	JLX172320.1
OG0013586	GWHPBPAQ014465	JLX172480.1
OG0013587	GWHPBPAQ014466	JLX169360.1
OG0013588	GWHPBPAQ014468	JLX171550.1
OG0013589	GWHPBPAQ014472	JLX169260.1
OG0013590	GWHPBPAQ014473	JLX170710.1
OG0013591	GWHPBPAQ014474	JLX170630.1
OG0013592	GWHPBPAQ014477	JLX171030.1
OG0013593	GWHPBPAQ014479	JLX169520.1
OG0013594	GWHPBPAQ014490	JLX170340.1
OG0013595	GWHPBPAQ014494	JLX169500.1
OG0013596	GWHPBPAQ014495	JLX169940.1
OG0013597	GWHPBPAQ014496	JLX171140.1
OG0013598	GWHPBPAQ014499	JLX172050.1
OG0013599	GWHPBPAQ014501	JLX169100.1
OG0013600	GWHPBPAQ014503	JLX170910.1
OG0013601	GWHPBPAQ014505	JLX169980.1
OG0013602	GWHPBPAQ014506	JLX170980.1
OG0013603	GWHPBPAQ014511	JLX170010.1
OG0013604	GWHPBPAQ014512	JLX172500.1
OG0013605	GWHPBPAQ014513	JLX169560.1
OG0013606	GWHPBPAQ014514	JLX170770.1
OG0013607	GWHPBPAQ014515	JLX169210.1
OG0013608	GWHPBPAQ014516	JLX169120.1
OG0013609	GWHPBPAQ014517	JLX170930.1
OG0013610	GWHPBPAQ014520	JLX170920.1
OG0013611	GWHPBPAQ014524	JLX172370.1
OG0013612	GWHPBPAQ014526	JLX170440.1
OG0013613	GWHPBPAQ014528	JLX169440.1
OG0013614	GWHPBPAQ014530	JLX169510.1
OG0013615	GWHPBPAQ014531	JLX170410.1
OG0013616	GWHPBPAQ014532	JLX171160.1
OG0013617	GWHPBPAQ014533	JLX171980.1
OG0013618	GWHPBPAQ014534	JLX168670.1
OG0013619	GWHPBPAQ014535	JLX169830.1
OG0013620	GWHPBPAQ014536	JLX172520.1
OG0013621	GWHPBPAQ014539	JLX171490.1
OG0013622	GWHPBPAQ014543	JLX171740.1
OG0013623	GWHPBPAQ014548	JLX169140.1
OG0013624	GWHPBPAQ014550	JLX170520.1
OG0013625	GWHPBPAQ014551	JLX169960.1
OG0013626	GWHPBPAQ014552	JLX170640.1
OG0013627	GWHPBPAQ014553	JLX169990.1
OG0013628	GWHPBPAQ014554	JLX171070.1
OG0013629	GWHPBPAQ014556	JLX172550.1
OG0013630	GWHPBPAQ014559	JLX170850.1
OG0013631	GWHPBPAQ014562	JLX171190.1
OG0013632	GWHPBPAQ014563	JLX172510.1
OG0013633	GWHPBPAQ014564	JLX170120.1
OG0013634	GWHPBPAQ014567	JLX169810.1
OG0013635	GWHPBPAQ014569	JLX171910.1
OG0013636	GWHPBPAQ014570	JLX169540.1
OG0013637	GWHPBPAQ014572	JLX171300.1
OG0013638	GWHPBPAQ014574	JLX172260.1
OG0013639	GWHPBPAQ014576	JLX170360.1
OG0013640	GWHPBPAQ014579	JLX169720.1
OG0013641	GWHPBPAQ014581	JLX172360.1
OG0013642	GWHPBPAQ014583	JLX170820.1
OG0013643	GWHPBPAQ014584	JLX170420.1
OG0013644	GWHPBPAQ014585	JLX168960.1
OG0013645	GWHPBPAQ014587	JLX168800.1
OG0013646	GWHPBPAQ014588	JLX168730.1
OG0013647	GWHPBPAQ014598	JLX229750.1
OG0013648	GWHPBPAQ014600	JLX229390.1
OG0013649	GWHPBPAQ014601	JLX229370.1
OG0013650	GWHPBPAQ014602	JLX229860.1
OG0013651	GWHPBPAQ014606	JLX229900.1
OG0013652	GWHPBPAQ014609	JLX229850.1
OG0013653	GWHPBPAQ014610	JLX229280.1
OG0013654	GWHPBPAQ014611	JLX229890.1
OG0013655	GWHPBPAQ014613	JLX229690.1
OG0013656	GWHPBPAQ014615	JLX229330.1
OG0013657	GWHPBPAQ014616	JLX229420.1
OG0013658	GWHPBPAQ014618	JLX229700.1
OG0013659	GWHPBPAQ014619	JLX229730.1
OG0013660	GWHPBPAQ014620	JLX229800.1
OG0013661	GWHPBPAQ014621	JLX229780.1
OG0013662	GWHPBPAQ014623	JLX229830.1
OG0013663	GWHPBPAQ014624	JLX229310.1
OG0013664	GWHPBPAQ014627	JLX229680.1
OG0013665	GWHPBPAQ014629	JLX229560.1
OG0013666	GWHPBPAQ014630	JLX229480.1
OG0013667	GWHPBPAQ014632	JLX229650.1
OG0013668	GWHPBPAQ014634	JLX229640.1
OG0013669	GWHPBPAQ014637	JLX229440.1
OG0013670	GWHPBPAQ014638	JLX229880.1
OG0013671	GWHPBPAQ014639	JLX229770.1
OG0013672	GWHPBPAQ014642	JLX229840.1
OG0013673	GWHPBPAQ014643	JLX229320.1
OG0013674	GWHPBPAQ014647	JLX229710.1
OG0013675	GWHPBPAQ014649	JLX229870.1
OG0013676	GWHPBPAQ014651	JLX229520.1
OG0013677	GWHPBPAQ014654	JLX229400.1
OG0013678	GWHPBPAQ014656	JLX229470.1
OG0013679	GWHPBPAQ014658	JLX229540.1
OG0013680	GWHPBPAQ014659	JLX229550.1
OG0013681	GWHPBPAQ014666	JLX112420.1
OG0013682	GWHPBPAQ014667	JLX116450.1
OG0013683	GWHPBPAQ014671	JLX114970.1
OG0013684	GWHPBPAQ014672	JLX110330.1
OG0013685	GWHPBPAQ014673	JLX107910.1
OG0013686	GWHPBPAQ014677	JLX109540.1
OG0013687	GWHPBPAQ014680	JLX116590.1
OG0013688	GWHPBPAQ014682	JLX113900.1
OG0013689	GWHPBPAQ014684	JLX112430.1
OG0013690	GWHPBPAQ014687	JLX118410.1
OG0013691	GWHPBPAQ014689	JLX110720.1
OG0013692	GWHPBPAQ014690	JLX114780.1
OG0013693	GWHPBPAQ014691	JLX110050.1
OG0013694	GWHPBPAQ014692	JLX107970.1
OG0013695	GWHPBPAQ014695	JLX111020.1
OG0013696	GWHPBPAQ014699	JLX116470.1
OG0013697	GWHPBPAQ014700	JLX110480.1
OG0013698	GWHPBPAQ014706	JLX117440.1
OG0013699	GWHPBPAQ014707	JLX111150.1
OG0013700	GWHPBPAQ014709	JLX109280.1
OG0013701	GWHPBPAQ014710	JLX108050.1
OG0013702	GWHPBPAQ014711	JLX115690.1
OG0013703	GWHPBPAQ014712	JLX112540.1
OG0013704	GWHPBPAQ014713	JLX117480.1
OG0013705	GWHPBPAQ014714	JLX108640.1
OG0013706	GWHPBPAQ014715	JLX112130.1
OG0013707	GWHPBPAQ014716	JLX110240.1
OG0013708	GWHPBPAQ014717	JLX113830.1
OG0013709	GWHPBPAQ014720	JLX111730.1
OG0013710	GWHPBPAQ014721	JLX115380.1
OG0013711	GWHPBPAQ014722	JLX109310.1
OG0013712	GWHPBPAQ014725	JLX114230.1
OG0013713	GWHPBPAQ014727	JLX116380.1
OG0013714	GWHPBPAQ014728	JLX113220.1
OG0013715	GWHPBPAQ014730	JLX107670.1
OG0013716	GWHPBPAQ014736	JLX110320.1
OG0013717	GWHPBPAQ014737	JLX115130.1
OG0013718	GWHPBPAQ014739	JLX116730.1
OG0013719	GWHPBPAQ014740	JLX111920.1
OG0013720	GWHPBPAQ014741	JLX118300.1
OG0013721	GWHPBPAQ014743	JLX110600.1
OG0013722	GWHPBPAQ014744, GWHPBPAQ014745	
OG0013723	GWHPBPAQ014746	JLX115700.1
OG0013724	GWHPBPAQ014748	JLX113010.1
OG0013725	GWHPBPAQ014750	JLX109690.1
OG0013726	GWHPBPAQ014751	JLX116910.1
OG0013727	GWHPBPAQ014752	JLX107660.1
OG0013728	GWHPBPAQ014753	JLX116510.1
OG0013729	GWHPBPAQ014757	JLX113910.1
OG0013730	GWHPBPAQ014758	JLX113700.1
OG0013731	GWHPBPAQ014759	JLX109940.1
OG0013732	GWHPBPAQ014761	JLX108740.1
OG0013733	GWHPBPAQ014762	JLX110610.1
OG0013734	GWHPBPAQ014763	JLX109990.1
OG0013735	GWHPBPAQ014765	JLX118460.1
OG0013736	GWHPBPAQ014766	JLX113400.1
OG0013737	GWHPBPAQ014768	JLX112160.1
OG0013738	GWHPBPAQ014769	JLX118310.1
OG0013739	GWHPBPAQ014774	JLX108000.1
OG0013740	GWHPBPAQ014775	JLX108250.1
OG0013741	GWHPBPAQ014778	JLX111980.1
OG0013742	GWHPBPAQ014780	JLX113860.1
OG0013743	GWHPBPAQ014784	JLX110830.1
OG0013744	GWHPBPAQ014785	JLX109610.1
OG0013745	GWHPBPAQ014787	JLX116600.1
OG0013746	GWHPBPAQ014788	JLX114740.1
OG0013747	GWHPBPAQ014792	JLX116610.1
OG0013748	GWHPBPAQ014794	JLX111400.1
OG0013749	GWHPBPAQ014795	JLX115960.1
OG0013750	GWHPBPAQ014796	JLX116680.1
OG0013751	GWHPBPAQ014798	JLX115080.1
OG0013752	GWHPBPAQ014799	JLX108360.1
OG0013753	GWHPBPAQ014800	JLX115920.1
OG0013754	GWHPBPAQ014802	JLX113110.1
OG0013755	GWHPBPAQ014804	JLX110510.1
OG0013756	GWHPBPAQ014805	JLX116900.1
OG0013757	GWHPBPAQ014806	JLX113290.1
OG0013758	GWHPBPAQ014814	JLX116570.1
OG0013759	GWHPBPAQ014816	JLX112450.1
OG0013760	GWHPBPAQ014817	JLX107890.1
OG0013761	GWHPBPAQ014820	JLX110180.1
OG0013762	GWHPBPAQ014821	JLX110530.1
OG0013763	GWHPBPAQ014822	JLX117400.1
OG0013764	GWHPBPAQ014823	JLX108650.1
OG0013765	GWHPBPAQ014824	JLX111910.1
OG0013766	GWHPBPAQ014825	JLX109820.1
OG0013767	GWHPBPAQ014829	JLX115940.1
OG0013768	GWHPBPAQ014830	JLX110070.1
OG0013769	GWHPBPAQ014831	JLX113710.1
OG0013770	GWHPBPAQ014835	JLX117780.1
OG0013771	GWHPBPAQ014836	JLX118190.1
OG0013772	GWHPBPAQ014838	JLX114690.1
OG0013773	GWHPBPAQ014840	JLX116100.1
OG0013774	GWHPBPAQ014841	JLX109760.1
OG0013775	GWHPBPAQ014843	JLX111070.1
OG0013776	GWHPBPAQ014844	JLX116250.1
OG0013777	GWHPBPAQ014845	JLX112930.1
OG0013778	GWHPBPAQ014846	JLX107800.1
OG0013779	GWHPBPAQ014847	JLX107830.1
OG0013780	GWHPBPAQ014850	JLX116930.1
OG0013781	GWHPBPAQ014851	JLX115010.1
OG0013782	GWHPBPAQ014852	JLX110310.1
OG0013783	GWHPBPAQ014853	JLX117460.1
OG0013784	GWHPBPAQ014854	JLX117580.1
OG0013785	GWHPBPAQ014859	JLX109480.1
OG0013786	GWHPBPAQ014860	JLX115740.1
OG0013787	GWHPBPAQ014861	JLX107700.1
OG0013788	GWHPBPAQ014862	JLX114050.1
OG0013789	GWHPBPAQ014864	JLX117760.1
OG0013790	GWHPBPAQ014866	JLX117320.1
OG0013791	GWHPBPAQ014867	JLX118030.1
OG0013792	GWHPBPAQ014868	JLX109080.1
OG0013793	GWHPBPAQ014870	JLX113840.1
OG0013794	GWHPBPAQ014871	JLX110500.1
OG0013795	GWHPBPAQ014874	JLX116120.1
OG0013796	GWHPBPAQ014875	JLX112640.1
OG0013797	GWHPBPAQ014879	JLX114280.1
OG0013798	GWHPBPAQ014881	JLX110760.1
OG0013799	GWHPBPAQ014882	JLX117070.1
OG0013800	GWHPBPAQ014883	JLX108950.1
OG0013801	GWHPBPAQ014884	JLX115030.1
OG0013802	GWHPBPAQ014885	JLX107920.1
OG0013803	GWHPBPAQ014887	JLX116880.1
OG0013804	GWHPBPAQ014888	JLX112570.1
OG0013805	GWHPBPAQ014890	JLX116500.1
OG0013806	GWHPBPAQ014892	JLX114460.1
OG0013807	GWHPBPAQ014894	JLX117970.1
OG0013808	GWHPBPAQ014895	JLX111810.1
OG0013809	GWHPBPAQ014901	JLX114530.1
OG0013810	GWHPBPAQ014903	JLX112020.1
OG0013811	GWHPBPAQ014905	JLX108760.1
OG0013812	GWHPBPAQ014906	JLX113680.1
OG0013813	GWHPBPAQ014907	JLX117470.1
OG0013814	GWHPBPAQ014908	JLX117060.1
OG0013815	GWHPBPAQ014912	JLX111030.1
OG0013816	GWHPBPAQ014914	JLX110340.1
OG0013817	GWHPBPAQ014915	JLX115620.1
OG0013818	GWHPBPAQ014917	JLX109300.1
OG0013819	GWHPBPAQ014918	JLX115730.1
OG0013820	GWHPBPAQ014920	JLX114430.1
OG0013821	GWHPBPAQ014922	JLX113640.1
OG0013822	GWHPBPAQ014923	JLX117730.1
OG0013823	GWHPBPAQ014924	JLX111180.1
OG0013824	GWHPBPAQ014925	JLX118130.1
OG0013825	GWHPBPAQ014927	JLX111210.1
OG0013826	GWHPBPAQ014928	JLX114630.1
OG0013827	GWHPBPAQ014929	JLX109520.1
OG0013828	GWHPBPAQ014930	JLX115760.1
OG0013829	GWHPBPAQ014932	JLX111590.1
OG0013830	GWHPBPAQ014933	JLX118780.1
OG0013831	GWHPBPAQ014935	JLX109330.1
OG0013832	GWHPBPAQ014937	JLX113160.1
OG0013833	GWHPBPAQ014939	JLX111100.1
OG0013834	GWHPBPAQ014941	JLX115360.1
OG0013835	GWHPBPAQ014942	JLX114080.1
OG0013836	GWHPBPAQ014943	JLX111800.1
OG0013837	GWHPBPAQ014946	JLX115090.1
OG0013838	GWHPBPAQ014949	JLX110440.1
OG0013839	GWHPBPAQ014950	JLX117550.1
OG0013840	GWHPBPAQ014951	JLX112610.1
OG0013841	GWHPBPAQ014955	JLX113540.1
OG0013842	GWHPBPAQ014957	JLX117220.1
OG0013843	GWHPBPAQ014961	JLX110870.1
OG0013844	GWHPBPAQ014968	JLX113950.1
OG0013845	GWHPBPAQ014970	JLX112290.1
OG0013846	GWHPBPAQ014971	JLX111340.1
OG0013847	GWHPBPAQ014972	JLX116180.1
OG0013848	GWHPBPAQ014974	JLX114360.1
OG0013849	GWHPBPAQ014976	JLX113210.1
OG0013850	GWHPBPAQ014977	JLX107680.1
OG0013851	GWHPBPAQ014979	JLX107870.1
OG0013852	GWHPBPAQ014989	JLX114450.1
OG0013853	GWHPBPAQ014991	JLX112710.1
OG0013854	GWHPBPAQ014993	JLX110950.1
OG0013855	GWHPBPAQ014998	JLX115910.1
OG0013856	GWHPBPAQ015000	JLX118500.1
OG0013857	GWHPBPAQ015001	JLX116800.1
OG0013858	GWHPBPAQ015012	JLX109400.1
OG0013859	GWHPBPAQ015014	JLX113140.1
OG0013860	GWHPBPAQ015018	JLX112280.1
OG0013861	GWHPBPAQ015019	JLX118240.1
OG0013862	GWHPBPAQ015021	JLX108960.1
OG0013863	GWHPBPAQ015024	JLX118210.1
OG0013864	GWHPBPAQ015037	JLX111710.1
OG0013865	GWHPBPAQ015038	JLX113890.1
OG0013866	GWHPBPAQ015039	JLX115670.1
OG0013867	GWHPBPAQ015040	JLX110040.1
OG0013868	GWHPBPAQ015041	JLX113480.2
OG0013869	GWHPBPAQ015042	JLX108460.1
OG0013870	GWHPBPAQ015044	JLX108220.1
OG0013871	GWHPBPAQ015047	JLX109270.1
OG0013872	GWHPBPAQ015048	JLX114560.1
OG0013873	GWHPBPAQ015049	JLX108270.1
OG0013874	GWHPBPAQ015050	JLX113300.1
OG0013875	GWHPBPAQ015051	JLX117820.1
OG0013876	GWHPBPAQ015053	JLX118520.1
OG0013877	GWHPBPAQ015054	JLX110930.1
OG0013878	GWHPBPAQ015058	JLX111170.1
OG0013879	GWHPBPAQ015059	JLX117560.1
OG0013880	GWHPBPAQ015062	JLX112970.1
OG0013881	GWHPBPAQ015063	JLX114170.1
OG0013882	GWHPBPAQ015064	JLX107610.1
OG0013883	GWHPBPAQ015073	JLX108430.1
OG0013884	GWHPBPAQ015074	JLX113340.1
OG0013885	GWHPBPAQ015079	JLX110880.1
OG0013886	GWHPBPAQ015080	JLX112860.1
OG0013887	GWHPBPAQ015081	JLX117710.1
OG0013888	GWHPBPAQ015082	JLX114180.1
OG0013889	GWHPBPAQ015083	JLX112910.1
OG0013890	GWHPBPAQ015084	JLX113570.1
OG0013891	GWHPBPAQ015086	JLX108180.1
OG0013892	GWHPBPAQ015088	JLX115630.1
OG0013893	GWHPBPAQ015089	JLX116290.1
OG0013894	GWHPBPAQ015090	JLX111130.1
OG0013895	GWHPBPAQ015091	JLX112220.1
OG0013896	GWHPBPAQ015093	JLX114760.1
OG0013897	GWHPBPAQ015098	JLX110590.1
OG0013898	GWHPBPAQ015103	JLX115060.1
OG0013899	GWHPBPAQ015104	JLX110430.1
OG0013900	GWHPBPAQ015106	JLX108520.1
OG0013901	GWHPBPAQ015107	JLX108490.1
OG0013902	GWHPBPAQ015111	JLX114330.1
OG0013903	GWHPBPAQ015113	JLX116370.1
OG0013904	GWHPBPAQ015115	JLX115870.1
OG0013905	GWHPBPAQ015117	JLX116540.1
OG0013906	GWHPBPAQ015120	JLX111930.1
OG0013907	GWHPBPAQ015121	JLX112050.1
OG0013908	GWHPBPAQ015125	JLX118550.1
OG0013909	GWHPBPAQ015126	JLX115320.1
OG0013910	GWHPBPAQ015127	JLX109190.1
OG0013911	GWHPBPAQ015128	JLX117150.1
OG0013912	GWHPBPAQ015131	JLX117800.1
OG0013913	GWHPBPAQ015133	JLX116530.1
OG0013914	GWHPBPAQ015134	JLX112700.1
OG0013915	GWHPBPAQ015135	JLX117670.1
OG0013916	GWHPBPAQ015136	JLX114910.1
OG0013917	GWHPBPAQ015137	JLX108590.1
OG0013918	GWHPBPAQ015140	JLX110090.1
OG0013919	GWHPBPAQ015142	JLX110710.1
OG0013920	GWHPBPAQ015143	JLX113060.1
OG0013921	GWHPBPAQ015144	JLX117630.1
OG0013922	GWHPBPAQ015148	JLX116980.1
OG0013923	GWHPBPAQ015149	JLX110630.1
OG0013924	GWHPBPAQ015151	JLX112080.1
OG0013925	GWHPBPAQ015153	JLX116920.1
OG0013926	GWHPBPAQ015155	JLX109700.1
OG0013927	GWHPBPAQ015158	JLX112530.1
OG0013928	GWHPBPAQ015159	JLX115860.1
OG0013929	GWHPBPAQ015160	JLX108400.1
OG0013930	GWHPBPAQ015161	JLX113770.1
OG0013931	GWHPBPAQ015162	JLX110460.1
OG0013932	GWHPBPAQ015163	JLX114950.1
OG0013933	GWHPBPAQ015164	JLX110890.1
OG0013934	GWHPBPAQ015166	JLX115540.1
OG0013935	GWHPBPAQ015167	JLX113470.1
OG0013936	GWHPBPAQ015171	JLX112440.1
OG0013937	GWHPBPAQ015173	JLX108870.1
OG0013938	GWHPBPAQ015174	JLX115120.1
OG0013939	GWHPBPAQ015177	JLX118090.1
OG0013940	GWHPBPAQ015180	JLX114870.1
OG0013941	GWHPBPAQ015182	JLX118560.1
OG0013942	GWHPBPAQ015183	JLX110650.1
OG0013943	GWHPBPAQ015186	JLX115580.1
OG0013944	GWHPBPAQ015187	JLX110550.1
OG0013945	GWHPBPAQ015188	JLX116780.1
OG0013946	GWHPBPAQ015191	JLX109260.1
OG0013947	GWHPBPAQ015196	JLX112110.1
OG0013948	GWHPBPAQ015197	JLX118470.1
OG0013949	GWHPBPAQ015198	JLX115750.1
OG0013950	GWHPBPAQ015202	JLX116870.1
OG0013951	GWHPBPAQ015203	JLX115900.1
OG0013952	GWHPBPAQ015206	JLX108410.1
OG0013953	GWHPBPAQ015207	JLX117720.1
OG0013954	GWHPBPAQ015211	JLX109550.1
OG0013955	GWHPBPAQ015213	JLX110150.1
OG0013956	GWHPBPAQ015222	JLX116990.1
OG0013957	GWHPBPAQ015223	JLX116360.1
OG0013958	GWHPBPAQ015226	JLX114030.1
OG0013959	GWHPBPAQ015228	JLX113130.1
OG0013960	GWHPBPAQ015232	JLX116190.1
OG0013961	GWHPBPAQ015233	JLX116140.1
OG0013962	GWHPBPAQ015236	JLX113850.1
OG0013963	GWHPBPAQ015237	JLX115520.1
OG0013964	GWHPBPAQ015238	JLX109600.1
OG0013965	GWHPBPAQ015240	JLX111860.1
OG0013966	GWHPBPAQ015245	JLX108380.1
OG0013967	GWHPBPAQ015246	JLX113410.1
OG0013968	GWHPBPAQ015247	JLX108020.1
OG0013969	GWHPBPAQ015248	JLX114610.1
OG0013970	GWHPBPAQ015249	JLX109750.1
OG0013971	GWHPBPAQ015250	JLX115890.1
OG0013972	GWHPBPAQ015252	JLX110450.1
OG0013973	GWHPBPAQ015253	JLX115050.1
OG0013974	GWHPBPAQ015254	JLX111090.1
OG0013975	GWHPBPAQ015257	JLX112370.1
OG0013976	GWHPBPAQ015258	JLX109070.1
OG0013977	GWHPBPAQ015259	JLX110130.1
OG0013978	GWHPBPAQ015262	JLX111870.1
OG0013979	GWHPBPAQ015269	JLX117520.1
OG0013980	GWHPBPAQ015270	JLX118730.1
OG0013981	GWHPBPAQ015276	JLX109720.1
OG0013982	GWHPBPAQ015279	JLX116850.1
OG0013983	GWHPBPAQ015280	JLX113260.1
OG0013984	GWHPBPAQ015283	JLX111570.1
OG0013985	GWHPBPAQ015286	JLX109870.1
OG0013986	GWHPBPAQ015291	JLX116050.1
OG0013987	GWHPBPAQ015292	JLX108790.1
OG0013988	GWHPBPAQ015294	JLX110780.1
OG0013989	GWHPBPAQ015300	JLX115490.1
OG0013990	GWHPBPAQ015305	JLX117040.1
OG0013991	GWHPBPAQ015309	JLX109860.1
OG0013992	GWHPBPAQ015315	JLX113120.1
OG0013993	GWHPBPAQ015319	JLX114850.1
OG0013994	GWHPBPAQ015320	JLX110390.1
OG0013995	GWHPBPAQ015322	JLX115560.1
OG0013996	GWHPBPAQ015324	JLX111450.1
OG0013997	GWHPBPAQ015330	JLX112310.1
OG0013998	GWHPBPAQ015337	JLX113810.1
OG0013999	GWHPBPAQ015341	JLX109880.1
OG0014000	GWHPBPAQ015342	JLX114120.1
OG0014001	GWHPBPAQ015343	JLX112600.1
OG0014002	GWHPBPAQ015354	JLX110270.1
OG0014003	GWHPBPAQ015355	JLX109040.1
OG0014004	GWHPBPAQ015356	JLX107690.1
OG0014005	GWHPBPAQ015357	JLX118530.1
OG0014006	GWHPBPAQ015359	JLX114750.1
OG0014007	GWHPBPAQ015364	JLX109560.1
OG0014008	GWHPBPAQ015366	JLX108720.1
OG0014009	GWHPBPAQ015368	JLX112340.1
OG0014010	GWHPBPAQ015369	JLX118180.1
OG0014011	GWHPBPAQ015372	JLX109140.1
OG0014012	GWHPBPAQ015373	JLX115400.1
OG0014013	GWHPBPAQ015374	JLX107930.1
OG0014014	GWHPBPAQ015377	JLX118280.1
OG0014015	GWHPBPAQ015378	JLX111940.1
OG0014016	GWHPBPAQ015379	JLX117750.1
OG0014017	GWHPBPAQ015383	JLX108320.1
OG0014018	GWHPBPAQ015386	JLX114570.1
OG0014019	GWHPBPAQ015387	JLX113050.1
OG0014020	GWHPBPAQ015389	JLX116230.1
OG0014021	GWHPBPAQ015390	JLX111410.1
OG0014022	GWHPBPAQ015392	JLX110740.1
OG0014023	GWHPBPAQ015393	JLX108330.1
OG0014024	GWHPBPAQ015394	JLX114680.1
OG0014025	GWHPBPAQ015395	JLX113960.1
OG0014026	GWHPBPAQ015396	JLX109210.1
OG0014027	GWHPBPAQ015397	JLX112550.1
OG0014028	GWHPBPAQ015402	JLX108080.1
OG0014029	GWHPBPAQ015409	JLX115530.1
OG0014030	GWHPBPAQ015410	JLX116300.1
OG0014031	GWHPBPAQ015411	JLX114310.1
OG0014032	GWHPBPAQ015416	JLX117600.1
OG0014033	GWHPBPAQ015417	JLX111900.1
OG0014034	GWHPBPAQ015419	JLX115350.1
OG0014035	GWHPBPAQ015420	JLX107730.1
OG0014036	GWHPBPAQ015422	JLX117960.1
OG0014037	GWHPBPAQ015424	JLX117690.1
OG0014038	GWHPBPAQ015426	JLX108370.1
OG0014039	GWHPBPAQ015428	JLX109730.1
OG0014040	GWHPBPAQ015429	JLX109050.1
OG0014041	GWHPBPAQ015430	JLX113310.1
OG0014042	GWHPBPAQ015433	JLX110160.1
OG0014043	GWHPBPAQ015435	JLX116890.1
OG0014044	GWHPBPAQ015436	JLX110520.1
OG0014045	GWHPBPAQ015438	JLX116830.1
OG0014046	GWHPBPAQ015441	JLX114620.1
OG0014047	GWHPBPAQ015443	JLX116020.1
OG0014048	GWHPBPAQ015445, GWHPBPAQ015446	
OG0014049	GWHPBPAQ015449	JLX110810.1
OG0014050	GWHPBPAQ015450	JLX113800.1
OG0014051	GWHPBPAQ015451	JLX108860.1
OG0014052	GWHPBPAQ015452	JLX111080.1
OG0014053	GWHPBPAQ015455	JLX109350.1
OG0014054	GWHPBPAQ015456	JLX107880.1
OG0014055	GWHPBPAQ015457	JLX109980.1
OG0014056	GWHPBPAQ015460	JLX117870.1
OG0014057	GWHPBPAQ015464	JLX109200.1
OG0014058	GWHPBPAQ015465	JLX110490.1
OG0014059	GWHPBPAQ015467	JLX111000.1
OG0014060	GWHPBPAQ015468	JLX117170.1
OG0014061	GWHPBPAQ015469	JLX117680.1
OG0014062	GWHPBPAQ015471	JLX109500.1
OG0014063	GWHPBPAQ015472	JLX111620.1
OG0014064	GWHPBPAQ015477	JLX118050.1
OG0014065	GWHPBPAQ015478	JLX117240.1
OG0014066	GWHPBPAQ015481	JLX112270.1
OG0014067	GWHPBPAQ015485	JLX110410.1
OG0014068	GWHPBPAQ015486	JLX115070.1
OG0014069	GWHPBPAQ015492	JLX114830.1
OG0014070	GWHPBPAQ015493	JLX111530.1
OG0014071	GWHPBPAQ015497	JLX114320.1
OG0014072	GWHPBPAQ015503	JLX109930.1
OG0014073	GWHPBPAQ015504	JLX113670.1
OG0014074	GWHPBPAQ015505	JLX114720.1
OG0014075	GWHPBPAQ015506	JLX109890.1
OG0014076	GWHPBPAQ015509	JLX110850.1
OG0014077	GWHPBPAQ015510	JLX115780.1
OG0014078	GWHPBPAQ015512	JLX118440.1
OG0014079	GWHPBPAQ015517	JLX110840.1
OG0014080	GWHPBPAQ015521	JLX113380.1
OG0014081	GWHPBPAQ015522	JLX118330.1
OG0014082	GWHPBPAQ015524	JLX113040.1
OG0014083	GWHPBPAQ015531	JLX111380.1
OG0014084	GWHPBPAQ015533	JLX108100.1
OG0014085	GWHPBPAQ015537	JLX116110.1
OG0014086	GWHPBPAQ015538	JLX112880.1
OG0014087	GWHPBPAQ015544	JLX112510.1
OG0014088	GWHPBPAQ015545	JLX118760.1
OG0014089	GWHPBPAQ015546	JLX110580.1
OG0014090	GWHPBPAQ015553	JLX109960.1
OG0014091	GWHPBPAQ015554	JLX115210.1
OG0014092	GWHPBPAQ015558	JLX114000.1
OG0014093	GWHPBPAQ015561	JLX111960.1
OG0014094	GWHPBPAQ015564	JLX110200.1
OG0014095	GWHPBPAQ015565	JLX110730.1
OG0014096	GWHPBPAQ015568	JLX115230.1
OG0014097	GWHPBPAQ015569	JLX114510.1
OG0014098	GWHPBPAQ015571	JLX111440.1
OG0014099	GWHPBPAQ015574	JLX111260.1
OG0014100	GWHPBPAQ015578	JLX116620.1
OG0014101	GWHPBPAQ015582	JLX109590.1
OG0014102	GWHPBPAQ015583	JLX111680.1
OG0014103	GWHPBPAQ015584	JLX116080.1
OG0014104	GWHPBPAQ015585	JLX113280.1
OG0014105	GWHPBPAQ015588	JLX109810.1
OG0014106	GWHPBPAQ015597	JLX108730.1
OG0014107	GWHPBPAQ015599	JLX114730.1
OG0014108	GWHPBPAQ015600	JLX109320.1
OG0014109	GWHPBPAQ015601	JLX114190.1
OG0014110	GWHPBPAQ015603	JLX109340.1
OG0014111	GWHPBPAQ015604	JLX115020.1
OG0014112	GWHPBPAQ015606	JLX118320.1
OG0014113	GWHPBPAQ015607	JLX117920.1
OG0014114	GWHPBPAQ015608	JLX112830.1
OG0014115	GWHPBPAQ015610	JLX115590.1
OG0014116	GWHPBPAQ015612	JLX152830.1
OG0014117	GWHPBPAQ015615	JLX108570.1
OG0014118	GWHPBPAQ015616	JLX113580.1
OG0014119	GWHPBPAQ015624	JLX109380.1
OG0014120	GWHPBPAQ015628	JLX115390.1
OG0014121	GWHPBPAQ015631	JLX113590.1
OG0014122	GWHPBPAQ015635	JLX111630.1
OG0014123	GWHPBPAQ015636	JLX117360.1
OG0014124	GWHPBPAQ015639	JLX117950.1
OG0014125	GWHPBPAQ015650	JLX116030.1
OG0014126	GWHPBPAQ015654	JLX109790.1
OG0014127	GWHPBPAQ015655	JLX111830.1
OG0014128	GWHPBPAQ015658	JLX112820.1
OG0014129	GWHPBPAQ015659	JLX113360.1
OG0014130	GWHPBPAQ015660	JLX118150.1
OG0014131	GWHPBPAQ015661	JLX113150.1
OG0014132	GWHPBPAQ015664	JLX108990.1
OG0014133	GWHPBPAQ015666	JLX114960.1
OG0014134	GWHPBPAQ015668	JLX112590.1
OG0014135	GWHPBPAQ015670	JLX109530.1
OG0014136	GWHPBPAQ015677	JLX115240.1
OG0014137	GWHPBPAQ015678	JLX108920.1
OG0014138	GWHPBPAQ015679	JLX117010.1
OG0014139	GWHPBPAQ015684	JLX111790.1
OG0014140	GWHPBPAQ015687	JLX115820.1
OG0014141	GWHPBPAQ015697	JLX110080.1
OG0014142	GWHPBPAQ015717	JLX118810.1
OG0014143	GWHPBPAQ015721	JLX116340.1
OG0014144	GWHPBPAQ015723	JLX111760.1
OG0014145	GWHPBPAQ015724	JLX109830.1
OG0014146	GWHPBPAQ015725	JLX114590.1
OG0014147	GWHPBPAQ015726	JLX108340.1
OG0014148	GWHPBPAQ015727	JLX118750.1
OG0014149	GWHPBPAQ015728	JLX114130.1
OG0014150	GWHPBPAQ015729	JLX117290.1
OG0014151	GWHPBPAQ015730	JLX112350.1
OG0014152	GWHPBPAQ015731	JLX116950.1
OG0014153	GWHPBPAQ015732	JLX112180.1
OG0014154	GWHPBPAQ015733	JLX115790.1
OG0014155	GWHPBPAQ015734	JLX110770.1
OG0014156	GWHPBPAQ015737	JLX117940.1
OG0014157	GWHPBPAQ015738	JLX117130.1
OG0014158	GWHPBPAQ015739	JLX112200.1
OG0014159	GWHPBPAQ015740	JLX118120.1
OG0014160	GWHPBPAQ015741	JLX113190.1
OG0014161	GWHPBPAQ015743	JLX108980.1
OG0014162	GWHPBPAQ015745	JLX110060.1
OG0014163	GWHPBPAQ015746	JLX114710.1
OG0014164	GWHPBPAQ015748	JLX118350.1
OG0014165	GWHPBPAQ015750	JLX110220.1
OG0014166	GWHPBPAQ015751	JLX116440.1
OG0014167	GWHPBPAQ015757	JLX107810.1
OG0014168	GWHPBPAQ015762	JLX108670.1
OG0014169	GWHPBPAQ015768	JLX117770.1
OG0014170	GWHPBPAQ015770	JLX113440.1
OG0014171	GWHPBPAQ015771	JLX109490.1
OG0014172	GWHPBPAQ015772	JLX114290.1
OG0014173	GWHPBPAQ015773	JLX116000.1
OG0014174	GWHPBPAQ015774	JLX117380.1
OG0014175	GWHPBPAQ015775	JLX112030.1
OG0014176	GWHPBPAQ015776	JLX117910.1
OG0014177	GWHPBPAQ015777	JLX109030.1
OG0014178	GWHPBPAQ015778	JLX115370.1
OG0014179	GWHPBPAQ015779	JLX109410.1
OG0014180	GWHPBPAQ015783	JLX111740.1
OG0014181	GWHPBPAQ015785	JLX116420.1
OG0014182	GWHPBPAQ015787	JLX109920.1
OG0014183	GWHPBPAQ015789	JLX210030.1
OG0014184	GWHPBPAQ015792	JLX116490.1
OG0014185	GWHPBPAQ015794	JLX118450.1
OG0014186	GWHPBPAQ015795	JLX114380.1
OG0014187	GWHPBPAQ015796	JLX112150.1
OG0014188	GWHPBPAQ015797	JLX115280.1
OG0014189	GWHPBPAQ015799	JLX117120.1
OG0014190	GWHPBPAQ015801	JLX112000.1
OG0014191	GWHPBPAQ015805	JLX109680.1
OG0014192	GWHPBPAQ015807	JLX116270.1
OG0014193	GWHPBPAQ015809	JLX108110.1
OG0014194	GWHPBPAQ015811	JLX117650.1
OG0014195	GWHPBPAQ015812	JLX114390.1
OG0014196	GWHPBPAQ015820	JLX118660.1
OG0014197	GWHPBPAQ015821	JLX113760.1
OG0014198	GWHPBPAQ015822	JLX108940.1
OG0014199	GWHPBPAQ015823	JLX115460.1
OG0014200	GWHPBPAQ015825	JLX110190.1
OG0014201	GWHPBPAQ015826	JLX110170.1
OG0014202	GWHPBPAQ015829	JLX117880.1
OG0014203	GWHPBPAQ015830	JLX117830.1
OG0014204	GWHPBPAQ015833	JLX111270.1
OG0014205	GWHPBPAQ015836	JLX111850.1
OG0014206	GWHPBPAQ015844	JLX112500.1
OG0014207	GWHPBPAQ015848	JLX111110.1
OG0014208	GWHPBPAQ015849	JLX116070.1
OG0014209	GWHPBPAQ015856	JLX114060.1
OG0014210	GWHPBPAQ015857	JLX109150.1
OG0014211	GWHPBPAQ015859	JLX108850.1
OG0014212	GWHPBPAQ015860	JLX186770.1
OG0014213	GWHPBPAQ015873	JLX227380.1
OG0014214	GWHPBPAQ015874	JLX227760.1
OG0014215	GWHPBPAQ015875	JLX227360.1
OG0014216	GWHPBPAQ015876	JLX227720.1
OG0014217	GWHPBPAQ015879	JLX227300.1
OG0014218	GWHPBPAQ015887	JLX227250.1
OG0014219	GWHPBPAQ015889	JLX227820.1
OG0014220	GWHPBPAQ015890	JLX227700.1
OG0014221	GWHPBPAQ015891	JLX227160.1
OG0014222	GWHPBPAQ015892	JLX227390.1
OG0014223	GWHPBPAQ015893	JLX227630.1
OG0014224	GWHPBPAQ015895	JLX227710.1
OG0014225	GWHPBPAQ015899	JLX227180.1
OG0014226	GWHPBPAQ015900	JLX227500.1
OG0014227	GWHPBPAQ015902	JLX227310.1
OG0014228	GWHPBPAQ015905	JLX227340.1
OG0014229	GWHPBPAQ015906	JLX227530.2
OG0014230	GWHPBPAQ015907	JLX227580.1
OG0014231	GWHPBPAQ015910	JLX227540.1
OG0014232	GWHPBPAQ015913	JLX227140.1
OG0014233	GWHPBPAQ015918	JLX227460.1
OG0014234	GWHPBPAQ015924	JLX227210.1
OG0014235	GWHPBPAQ015929	JLX227650.1
OG0014236	GWHPBPAQ015930	JLX227320.1
OG0014237	GWHPBPAQ015931	JLX227740.1
OG0014238	GWHPBPAQ015932	JLX227170.1
OG0014239	GWHPBPAQ015938	JLX227550.1
OG0014240	GWHPBPAQ015945	JLX027310.1
OG0014241	GWHPBPAQ015947	JLX219140.1
OG0014242	GWHPBPAQ015951	JLX218320.1
OG0014243	GWHPBPAQ015952	JLX218520.1
OG0014244	GWHPBPAQ015955	JLX218380.1
OG0014245	GWHPBPAQ015957	JLX218230.1
OG0014246	GWHPBPAQ015959	JLX218450.1
OG0014247	GWHPBPAQ015966	JLX219020.1
OG0014248	GWHPBPAQ015968	JLX218530.1
OG0014249	GWHPBPAQ015969	JLX218770.1
OG0014250	GWHPBPAQ015971	JLX218750.1
OG0014251	GWHPBPAQ015972	JLX218500.1
OG0014252	GWHPBPAQ015978	JLX219060.1
OG0014253	GWHPBPAQ015985	JLX218240.1
OG0014254	GWHPBPAQ015987, GWHPBPAQ016226	
OG0014255	GWHPBPAQ015988	JLX219220.1
OG0014256	GWHPBPAQ015990	JLX218700.1
OG0014257	GWHPBPAQ015991	JLX218980.1
OG0014258	GWHPBPAQ015995	JLX219150.1
OG0014259	GWHPBPAQ015996	JLX218900.1
OG0014260	GWHPBPAQ015999	JLX218620.1
OG0014261	GWHPBPAQ016002	JLX218440.1
OG0014262	GWHPBPAQ016004	JLX219230.1
OG0014263	GWHPBPAQ016005	JLX218690.1
OG0014264	GWHPBPAQ016006	JLX218510.1
OG0014265	GWHPBPAQ016007	JLX219120.1
OG0014266	GWHPBPAQ016013	JLX219170.1
OG0014267	GWHPBPAQ016014	JLX218360.1
OG0014268	GWHPBPAQ016015	JLX219100.1
OG0014269	GWHPBPAQ016016	JLX218460.1
OG0014270	GWHPBPAQ016018	JLX218820.1
OG0014271	GWHPBPAQ016020	JLX219130.1
OG0014272	GWHPBPAQ016021	JLX218280.1
OG0014273	GWHPBPAQ016022	JLX218920.1
OG0014274	GWHPBPAQ016033	JLX218400.1
OG0014275	GWHPBPAQ016034	JLX218330.1
OG0014276	GWHPBPAQ016037	JLX218350.1
OG0014277	GWHPBPAQ016038	JLX219050.1
OG0014278	GWHPBPAQ016041	JLX218990.1
OG0014279	GWHPBPAQ016042	JLX219210.1
OG0014280	GWHPBPAQ016044	JLX218740.1
OG0014281	GWHPBPAQ016046	JLX218840.1
OG0014282	GWHPBPAQ016062	JLX066480.1
OG0014283	GWHPBPAQ016064	JLX066380.2
OG0014284	GWHPBPAQ016068	JLX207690.1
OG0014285	GWHPBPAQ016069	JLX207730.1
OG0014286	GWHPBPAQ016075	JLX207740.1
OG0014287	GWHPBPAQ016077	JLX207650.1
OG0014288	GWHPBPAQ016081	JLX207700.1
OG0014289	GWHPBPAQ016082	JLX090970.1
OG0014290	GWHPBPAQ016083, GWHPBPAQ017867	
OG0014291	GWHPBPAQ016089	JLX091660.1
OG0014292	GWHPBPAQ016090	JLX091140.1
OG0014293	GWHPBPAQ016103	JLX092810.1
OG0014294	GWHPBPAQ016105	JLX092300.1
OG0014295	GWHPBPAQ016108	JLX091910.1
OG0014296	GWHPBPAQ016113	JLX092970.1
OG0014297	GWHPBPAQ016114	JLX091400.1
OG0014298	GWHPBPAQ016116	JLX093170.1
OG0014299	GWHPBPAQ016118	JLX093060.1
OG0014300	GWHPBPAQ016123	JLX091740.1
OG0014301	GWHPBPAQ016126	JLX091410.1
OG0014302	GWHPBPAQ016127	JLX091610.1
OG0014303	GWHPBPAQ016129	JLX092770.1
OG0014304	GWHPBPAQ016132	JLX091220.1
OG0014305	GWHPBPAQ016133	JLX091550.1
OG0014306	GWHPBPAQ016135	JLX092110.1
OG0014307	GWHPBPAQ016142	JLX092830.1
OG0014308	GWHPBPAQ016146	JLX091090.1
OG0014309	GWHPBPAQ016147	JLX091960.1
OG0014310	GWHPBPAQ016148	JLX092320.1
OG0014311	GWHPBPAQ016151	JLX091990.1
OG0014312	GWHPBPAQ016152	JLX136580.1
OG0014313	GWHPBPAQ016157	JLX136120.1
OG0014314	GWHPBPAQ016158	JLX136630.1
OG0014315	GWHPBPAQ016160	JLX136610.1
OG0014316	GWHPBPAQ016161	JLX136380.1
OG0014317	GWHPBPAQ016167	JLX136340.1
OG0014318	GWHPBPAQ016170	JLX136490.1
OG0014319	GWHPBPAQ016171	JLX136080.1
OG0014320	GWHPBPAQ016174	JLX135890.1
OG0014321	GWHPBPAQ016175	JLX136390.1
OG0014322	GWHPBPAQ016177	JLX135950.1
OG0014323	GWHPBPAQ016178	JLX136030.1
OG0014324	GWHPBPAQ016179	JLX135590.1
OG0014325	GWHPBPAQ016180	JLX136190.1
OG0014326	GWHPBPAQ016183	JLX135910.1
OG0014327	GWHPBPAQ016185	JLX136540.1
OG0014328	GWHPBPAQ016190	JLX136150.1
OG0014329	GWHPBPAQ016191	JLX136200.1
OG0014330	GWHPBPAQ016193	JLX135900.1
OG0014331	GWHPBPAQ016194	JLX135970.1
OG0014332	GWHPBPAQ016196	JLX135920.1
OG0014333	GWHPBPAQ016198	JLX136040.1
OG0014334	GWHPBPAQ016199	JLX136220.1
OG0014335	GWHPBPAQ016200	JLX135980.1
OG0014336	GWHPBPAQ016207	JLX135640.1
OG0014337	GWHPBPAQ016208	JLX135940.1
OG0014338	GWHPBPAQ016210	JLX136170.1
OG0014339	GWHPBPAQ016211	JLX136590.1
OG0014340	GWHPBPAQ016218	JLX135870.1
OG0014341	GWHPBPAQ016219	JLX136650.1
OG0014342	GWHPBPAQ016223	JLX135960.1
OG0014343	GWHPBPAQ016230	JLX135780.1
OG0014344	GWHPBPAQ016231	JLX136070.1
OG0014345	GWHPBPAQ016232	JLX136310.1
OG0014346	GWHPBPAQ016233	JLX136570.1
OG0014347	GWHPBPAQ016241	JLX095360.1
OG0014348	GWHPBPAQ016247	JLX095460.1
OG0014349	GWHPBPAQ016248	JLX095430.1
OG0014350	GWHPBPAQ016250	JLX095490.1
OG0014351	GWHPBPAQ016251	JLX095280.1
OG0014352	GWHPBPAQ016254	JLX095400.1
OG0014353	GWHPBPAQ016256	JLX036760.1
OG0014354	GWHPBPAQ016259	JLX036380.1
OG0014355	GWHPBPAQ016262	JLX038070.1
OG0014356	GWHPBPAQ016264	JLX039970.1
OG0014357	GWHPBPAQ016268	JLX036080.1
OG0014358	GWHPBPAQ016270	JLX039050.1
OG0014359	GWHPBPAQ016272	JLX039900.1
OG0014360	GWHPBPAQ016275	JLX040100.1
OG0014361	GWHPBPAQ016277	JLX038760.1
OG0014362	GWHPBPAQ016278	JLX039990.1
OG0014363	GWHPBPAQ016280	JLX039210.1
OG0014364	GWHPBPAQ016285	JLX037710.1
OG0014365	GWHPBPAQ016287	JLX039180.1
OG0014366	GWHPBPAQ016289	JLX036340.1
OG0014367	GWHPBPAQ016291	JLX038720.1
OG0014368	GWHPBPAQ016294	JLX038520.1
OG0014369	GWHPBPAQ016295	JLX039420.1
OG0014370	GWHPBPAQ016303	JLX036410.1
OG0014371	GWHPBPAQ016304	JLX038230.1
OG0014372	GWHPBPAQ016305	JLX039350.1
OG0014373	GWHPBPAQ016307	JLX036300.1
OG0014374	GWHPBPAQ016308	JLX036890.1
OG0014375	GWHPBPAQ016309	JLX038050.1
OG0014376	GWHPBPAQ016310	JLX036020.1
OG0014377	GWHPBPAQ016311	JLX039450.1
OG0014378	GWHPBPAQ016313	JLX037340.1
OG0014379	GWHPBPAQ016316	JLX037570.1
OG0014380	GWHPBPAQ016317	JLX035950.1
OG0014381	GWHPBPAQ016318	JLX039130.1
OG0014382	GWHPBPAQ016319	JLX039250.1
OG0014383	GWHPBPAQ016320, GWHPBPAQ022701	
OG0014384	GWHPBPAQ016322	JLX039020.1
OG0014385	GWHPBPAQ016323	JLX037820.1
OG0014386	GWHPBPAQ016327	JLX039910.1
OG0014387	GWHPBPAQ016328	JLX038820.1
OG0014388	GWHPBPAQ016329	JLX038970.1
OG0014389	GWHPBPAQ016336	JLX039590.1
OG0014390	GWHPBPAQ016337	JLX038990.1
OG0014391	GWHPBPAQ016340	JLX040030.1
OG0014392	GWHPBPAQ016346	JLX036450.1
OG0014393	GWHPBPAQ016347	JLX039730.1
OG0014394	GWHPBPAQ016349	JLX037780.1
OG0014395	GWHPBPAQ016352	JLX038980.1
OG0014396	GWHPBPAQ016354	JLX040060.1
OG0014397	GWHPBPAQ016357	JLX038950.1
OG0014398	GWHPBPAQ016358	JLX038270.1
OG0014399	GWHPBPAQ016359	JLX036430.1
OG0014400	GWHPBPAQ016366	JLX036160.1
OG0014401	GWHPBPAQ016369	JLX036490.1
OG0014402	GWHPBPAQ016371	JLX038900.1
OG0014403	GWHPBPAQ016372	JLX039870.1
OG0014404	GWHPBPAQ016373	JLX036440.1
OG0014405	GWHPBPAQ016374	JLX037490.1
OG0014406	GWHPBPAQ016376	JLX036510.1
OG0014407	GWHPBPAQ016377	JLX036930.1
OG0014408	GWHPBPAQ016378	JLX038860.1
OG0014409	GWHPBPAQ016379	JLX037960.1
OG0014410	GWHPBPAQ016381	JLX039700.1
OG0014411	GWHPBPAQ016389	JLX036500.1
OG0014412	GWHPBPAQ016390	JLX037900.1
OG0014413	GWHPBPAQ016391	JLX036750.1
OG0014414	GWHPBPAQ016393	JLX038740.1
OG0014415	GWHPBPAQ016396	JLX036460.1
OG0014416	GWHPBPAQ016397	JLX037920.1
OG0014417	GWHPBPAQ016404	JLX040070.1
OG0014418	GWHPBPAQ016406	JLX037650.1
OG0014419	GWHPBPAQ016409	JLX036350.1
OG0014420	GWHPBPAQ016412	JLX037330.1
OG0014421	GWHPBPAQ016413	JLX037290.1
OG0014422	GWHPBPAQ016414	JLX039140.1
OG0014423	GWHPBPAQ016419	JLX038690.1
OG0014424	GWHPBPAQ016421	JLX039620.1
OG0014425	GWHPBPAQ016423	JLX040090.1
OG0014426	GWHPBPAQ016424	JLX038730.1
OG0014427	GWHPBPAQ016429	JLX037700.1
OG0014428	GWHPBPAQ016431	JLX037140.1
OG0014429	GWHPBPAQ016432	JLX039410.1
OG0014430	GWHPBPAQ016433	JLX036630.1
OG0014431	GWHPBPAQ016434	JLX036180.1
OG0014432	GWHPBPAQ016435	JLX037020.1
OG0014433	GWHPBPAQ016440	JLX040120.1
OG0014434	GWHPBPAQ016441	JLX036710.1
OG0014435	GWHPBPAQ016442	JLX036960.1
OG0014436	GWHPBPAQ016445	JLX039090.1
OG0014437	GWHPBPAQ016447	JLX036700.1
OG0014438	GWHPBPAQ016449	JLX036040.1
OG0014439	GWHPBPAQ016450	JLX037300.1
OG0014440	GWHPBPAQ016453	JLX039460.1
OG0014441	GWHPBPAQ016454	JLX035930.1
OG0014442	GWHPBPAQ016455	JLX037640.1
OG0014443	GWHPBPAQ016456	JLX038500.1
OG0014444	GWHPBPAQ016457	JLX036230.1
OG0014445	GWHPBPAQ016458	JLX037370.1
OG0014446	GWHPBPAQ016459	JLX039040.1
OG0014447	GWHPBPAQ016460	JLX039360.1
OG0014448	GWHPBPAQ016461	JLX037260.1
OG0014449	GWHPBPAQ016466	JLX038220.1
OG0014450	GWHPBPAQ016467	JLX037530.1
OG0014451	GWHPBPAQ016468	JLX039310.1
OG0014452	GWHPBPAQ016470	JLX037550.1
OG0014453	GWHPBPAQ016471	JLX039570.1
OG0014454	GWHPBPAQ016474	JLX038340.1
OG0014455	GWHPBPAQ016479	JLX036970.1
OG0014456	GWHPBPAQ016482	JLX040050.1
OG0014457	GWHPBPAQ016486	JLX036150.1
OG0014458	GWHPBPAQ016487	JLX039240.1
OG0014459	GWHPBPAQ016488	JLX038030.1
OG0014460	GWHPBPAQ016489	JLX037000.1
OG0014461	GWHPBPAQ016490	JLX038380.1
OG0014462	GWHPBPAQ016491	JLX039400.1
OG0014463	GWHPBPAQ016492	JLX039290.1
OG0014464	GWHPBPAQ016494	JLX038840.1
OG0014465	GWHPBPAQ016498	JLX037720.1
OG0014466	GWHPBPAQ016502	JLX037830.1
OG0014467	GWHPBPAQ016504	JLX039390.1
OG0014468	GWHPBPAQ016506	JLX036220.1
OG0014469	GWHPBPAQ016507	JLX037240.1
OG0014470	GWHPBPAQ016508	JLX038810.1
OG0014471	GWHPBPAQ016510	JLX040110.1
OG0014472	GWHPBPAQ016512	JLX035960.1
OG0014473	GWHPBPAQ016513	JLX037800.1
OG0014474	GWHPBPAQ016516	JLX037600.1
OG0014475	GWHPBPAQ016521	JLX038700.1
OG0014476	GWHPBPAQ016522	JLX038530.1
OG0014477	GWHPBPAQ016523	JLX039430.1
OG0014478	GWHPBPAQ016524	JLX039930.1
OG0014479	GWHPBPAQ016526, GWHPBPAQ016527	
OG0014480	GWHPBPAQ016529	JLX038090.1
OG0014481	GWHPBPAQ016530	JLX037360.1
OG0014482	GWHPBPAQ016535	JLX038120.1
OG0014483	GWHPBPAQ016536	JLX040160.1
OG0014484	GWHPBPAQ016542	JLX036170.1
OG0014485	GWHPBPAQ016544	JLX039710.1
OG0014486	GWHPBPAQ016545	JLX037350.1
OG0014487	GWHPBPAQ016546	JLX038920.1
OG0014488	GWHPBPAQ016547	JLX040170.1
OG0014489	GWHPBPAQ016548	JLX039160.1
OG0014490	GWHPBPAQ016549	JLX037730.1
OG0014491	GWHPBPAQ016551	JLX037400.1
OG0014492	GWHPBPAQ016553	JLX039950.1
OG0014493	GWHPBPAQ016554	JLX037220.1
OG0014494	GWHPBPAQ016555	JLX036610.1
OG0014495	GWHPBPAQ016557	JLX037980.1
OG0014496	GWHPBPAQ016559	JLX036280.1
OG0014497	GWHPBPAQ016560	JLX039840.1
OG0014498	GWHPBPAQ016561	JLX038540.1
OG0014499	GWHPBPAQ016563	JLX038630.1
OG0014500	GWHPBPAQ016565	JLX036420.1
OG0014501	GWHPBPAQ016567	JLX036640.1
OG0014502	GWHPBPAQ016572	JLX039080.1
OG0014503	GWHPBPAQ016573	JLX037130.1
OG0014504	GWHPBPAQ016574	JLX036810.1
OG0014505	GWHPBPAQ016577	JLX036010.1
OG0014506	GWHPBPAQ016580	JLX037910.1
OG0014507	GWHPBPAQ016582	JLX038150.1
OG0014508	GWHPBPAQ016583	JLX038510.1
OG0014509	GWHPBPAQ016584	JLX037500.1
OG0014510	GWHPBPAQ016589	JLX039580.1
OG0014511	GWHPBPAQ016594	JLX036590.1
OG0014512	GWHPBPAQ016597	JLX038550.1
OG0014513	GWHPBPAQ016599	JLX037520.1
OG0014514	GWHPBPAQ016602	JLX038370.1
OG0014515	GWHPBPAQ016604	JLX036900.1
OG0014516	GWHPBPAQ016605	JLX037420.1
OG0014517	GWHPBPAQ016607	JLX039340.1
OG0014518	GWHPBPAQ016608	JLX035940.1
OG0014519	GWHPBPAQ016609	JLX039230.1
OG0014520	GWHPBPAQ016611	JLX036660.1
OG0014521	GWHPBPAQ016615	JLX036360.1
OG0014522	GWHPBPAQ016618	JLX038620.1
OG0014523	GWHPBPAQ016619	JLX037870.1
OG0014524	GWHPBPAQ016621	JLX039500.1
OG0014525	GWHPBPAQ016623	JLX039030.1
OG0014526	GWHPBPAQ016627	JLX038590.1
OG0014527	GWHPBPAQ016629	JLX037850.1
OG0014528	GWHPBPAQ016630	JLX036030.1
OG0014529	GWHPBPAQ016632	JLX038190.1
OG0014530	GWHPBPAQ016633	JLX039980.1
OG0014531	GWHPBPAQ016634	JLX038400.1
OG0014532	GWHPBPAQ016637	JLX039100.1
OG0014533	GWHPBPAQ016641	JLX038060.1
OG0014534	GWHPBPAQ016645	JLX037440.1
OG0014535	GWHPBPAQ016647	JLX039810.1
OG0014536	GWHPBPAQ016649	JLX037990.1
OG0014537	GWHPBPAQ016650	JLX037070.1
OG0014538	GWHPBPAQ016655	JLX039200.1
OG0014539	GWHPBPAQ016658	JLX108350.1
OG0014540	GWHPBPAQ016661	JLX220210.1
OG0014541	GWHPBPAQ016664	JLX221540.1
OG0014542	GWHPBPAQ016665	JLX221930.1
OG0014543	GWHPBPAQ016667	JLX219740.1
OG0014544	GWHPBPAQ016669	JLX220220.1
OG0014545	GWHPBPAQ016670	JLX219910.1
OG0014546	GWHPBPAQ016671	JLX222210.1
OG0014547	GWHPBPAQ016680	JLX219950.1
OG0014548	GWHPBPAQ016684	JLX220970.1
OG0014549	GWHPBPAQ016685	JLX219630.1
OG0014550	GWHPBPAQ016686	JLX220350.1
OG0014551	GWHPBPAQ016688	JLX220150.1
OG0014552	GWHPBPAQ016689	JLX219860.1
OG0014553	GWHPBPAQ016691	JLX220090.1
OG0014554	GWHPBPAQ016693	JLX220570.1
OG0014555	GWHPBPAQ016700	JLX222020.1
OG0014556	GWHPBPAQ016702	JLX219710.1
OG0014557	GWHPBPAQ016704	JLX220430.1
OG0014558	GWHPBPAQ016706	JLX221750.1
OG0014559	GWHPBPAQ016708	JLX220120.1
OG0014560	GWHPBPAQ016710	JLX220420.1
OG0014561	GWHPBPAQ016716	JLX219440.1
OG0014562	GWHPBPAQ016717	JLX221830.1
OG0014563	GWHPBPAQ016724	JLX219580.1
OG0014564	GWHPBPAQ016725	JLX221900.1
OG0014565	GWHPBPAQ016729	JLX220650.1
OG0014566	GWHPBPAQ016732	JLX222030.1
OG0014567	GWHPBPAQ016735	JLX219960.1
OG0014568	GWHPBPAQ016736	JLX221550.1
OG0014569	GWHPBPAQ016737	JLX220850.1
OG0014570	GWHPBPAQ016738	JLX220230.1
OG0014571	GWHPBPAQ016741	JLX222160.1
OG0014572	GWHPBPAQ016742	JLX220260.1
OG0014573	GWHPBPAQ016745	JLX219650.1
OG0014574	GWHPBPAQ016748	JLX221160.1
OG0014575	GWHPBPAQ016750	JLX219530.1
OG0014576	GWHPBPAQ016760	JLX220710.1
OG0014577	GWHPBPAQ016761	JLX220890.1
OG0014578	GWHPBPAQ016763	JLX219850.1
OG0014579	GWHPBPAQ016768	JLX221490.1
OG0014580	GWHPBPAQ016769	JLX219350.1
OG0014581	GWHPBPAQ016770	JLX220320.1
OG0014582	GWHPBPAQ016772	JLX221920.2
OG0014583	GWHPBPAQ016773	JLX219610.1
OG0014584	GWHPBPAQ016777	JLX221640.1
OG0014585	GWHPBPAQ016778	JLX219490.1
OG0014586	GWHPBPAQ016782	JLX220880.1
OG0014587	GWHPBPAQ016783	JLX221230.1
OG0014588	GWHPBPAQ016784	JLX219400.1
OG0014589	GWHPBPAQ016785	JLX219600.1
OG0014590	GWHPBPAQ016787	JLX219570.1
OG0014591	GWHPBPAQ016788	JLX222120.1
OG0014592	GWHPBPAQ016790	JLX221110.1
OG0014593	GWHPBPAQ016793	JLX221790.1
OG0014594	GWHPBPAQ016796	JLX220000.1
OG0014595	GWHPBPAQ016798	JLX219700.1
OG0014596	GWHPBPAQ016800	JLX222090.1
OG0014597	GWHPBPAQ016801	JLX219290.1
OG0014598	GWHPBPAQ016803	JLX221260.1
OG0014599	GWHPBPAQ016804	JLX221950.1
OG0014600	GWHPBPAQ016805	JLX221510.1
OG0014601	GWHPBPAQ016810	JLX220400.1
OG0014602	GWHPBPAQ016812	JLX221290.1
OG0014603	GWHPBPAQ016817	JLX221040.1
OG0014604	GWHPBPAQ016818	JLX220270.1
OG0014605	GWHPBPAQ016820	JLX220760.1
OG0014606	GWHPBPAQ016822	JLX221030.1
OG0014607	GWHPBPAQ016824	JLX220180.1
OG0014608	GWHPBPAQ016825	JLX219560.1
OG0014609	GWHPBPAQ016827	JLX222280.1
OG0014610	GWHPBPAQ016830	JLX221650.1
OG0014611	GWHPBPAQ016832	JLX221360.1
OG0014612	GWHPBPAQ016835	JLX221800.1
OG0014613	GWHPBPAQ016837	JLX219730.1
OG0014614	GWHPBPAQ016838	JLX221140.1
OG0014615	GWHPBPAQ016839	JLX220980.1
OG0014616	GWHPBPAQ016841	JLX222110.1
OG0014617	GWHPBPAQ016842	JLX221250.1
OG0014618	GWHPBPAQ016843	JLX220060.1
OG0014619	GWHPBPAQ016844	JLX219660.1
OG0014620	GWHPBPAQ016845	JLX221350.1
OG0014621	GWHPBPAQ016846	JLX222220.1
OG0014622	GWHPBPAQ016849	JLX220460.1
OG0014623	GWHPBPAQ016852	JLX219640.1
OG0014624	GWHPBPAQ016853	JLX221180.1
OG0014625	GWHPBPAQ016855	JLX221420.1
OG0014626	GWHPBPAQ016856	JLX221710.1
OG0014627	GWHPBPAQ016861	JLX221520.1
OG0014628	GWHPBPAQ016864	JLX220860.1
OG0014629	GWHPBPAQ016865	JLX221840.1
OG0014630	GWHPBPAQ016866	JLX220190.1
OG0014631	GWHPBPAQ016874	JLX221610.1
OG0014632	GWHPBPAQ016879	JLX219520.1
OG0014633	GWHPBPAQ016884	JLX221740.1
OG0014634	GWHPBPAQ016891	JLX222050.1
OG0014635	GWHPBPAQ016893	JLX221680.1
OG0014636	GWHPBPAQ016894	JLX220500.1
OG0014637	GWHPBPAQ016895	JLX220370.1
OG0014638	GWHPBPAQ016897	JLX219430.1
OG0014639	GWHPBPAQ016899	JLX221410.1
OG0014640	GWHPBPAQ016906, GWHPBPAQ016911	
OG0014641	GWHPBPAQ016914	JLX221010.1
OG0014642	GWHPBPAQ016915	JLX219990.1
OG0014643	GWHPBPAQ016916	JLX222000.1
OG0014644	GWHPBPAQ016918	JLX220670.1
OG0014645	GWHPBPAQ016919	JLX220280.1
OG0014646	GWHPBPAQ016920	JLX221460.1
OG0014647	GWHPBPAQ016922	JLX221470.1
OG0014648	GWHPBPAQ016929	JLX221990.1
OG0014649	GWHPBPAQ016931	JLX220010.1
OG0014650	GWHPBPAQ016932	JLX220910.1
OG0014651	GWHPBPAQ016937	JLX221210.1
OG0014652	GWHPBPAQ016938	JLX220680.1
OG0014653	GWHPBPAQ016942	JLX220610.1
OG0014654	GWHPBPAQ016943	JLX220950.1
OG0014655	GWHPBPAQ016945	JLX221860.1
OG0014656	GWHPBPAQ016947	JLX220310.1
OG0014657	GWHPBPAQ016949	JLX221500.1
OG0014658	GWHPBPAQ016950	JLX222270.1
OG0014659	GWHPBPAQ016951	JLX219880.1
OG0014660	GWHPBPAQ016952	JLX219550.1
OG0014661	GWHPBPAQ016953	JLX222130.1
OG0014662	GWHPBPAQ016956	JLX220810.1
OG0014663	GWHPBPAQ016959	JLX219790.1
OG0014664	GWHPBPAQ016961	JLX221330.1
OG0014665	GWHPBPAQ016962	JLX220480.1
OG0014666	GWHPBPAQ016963	JLX221270.1
OG0014667	GWHPBPAQ016964	JLX221870.1
OG0014668	GWHPBPAQ016967	JLX220390.1
OG0014669	GWHPBPAQ016968	JLX220840.1
OG0014670	GWHPBPAQ016969	JLX219890.1
OG0014671	GWHPBPAQ016974	JLX220550.1
OG0014672	GWHPBPAQ016975	JLX219780.1
OG0014673	GWHPBPAQ016987	JLX220040.1
OG0014674	GWHPBPAQ016990	JLX220870.1
OG0014675	GWHPBPAQ016993	JLX220700.1
OG0014676	GWHPBPAQ016995	JLX219310.1
OG0014677	GWHPBPAQ016996	JLX219300.1
OG0014678	GWHPBPAQ017000	JLX040560.1
OG0014679	GWHPBPAQ017005	JLX040780.1
OG0014680	GWHPBPAQ017006	JLX040690.1
OG0014681	GWHPBPAQ017007	JLX040740.1
OG0014682	GWHPBPAQ017008	JLX040960.1
OG0014683	GWHPBPAQ017013	JLX040400.1
OG0014684	GWHPBPAQ017014	JLX040920.1
OG0014685	GWHPBPAQ017016	JLX040570.1
OG0014686	GWHPBPAQ017020	JLX040970.1
OG0014687	GWHPBPAQ017021	JLX041180.1
OG0014688	GWHPBPAQ017022	JLX041140.1
OG0014689	GWHPBPAQ017024	JLX040940.1
OG0014690	GWHPBPAQ017027	JLX040800.1
OG0014691	GWHPBPAQ017030	JLX040610.1
OG0014692	GWHPBPAQ017033	JLX040910.1
OG0014693	GWHPBPAQ017035	JLX041040.1
OG0014694	GWHPBPAQ017036	JLX041130.1
OG0014695	GWHPBPAQ017037	JLX040630.1
OG0014696	GWHPBPAQ017041	JLX040820.1
OG0014697	GWHPBPAQ017042	JLX040750.1
OG0014698	GWHPBPAQ017043	JLX040950.1
OG0014699	GWHPBPAQ017045	JLX041060.1
OG0014700	GWHPBPAQ017047	JLX040760.1
OG0014701	GWHPBPAQ017049	JLX040330.1
OG0014702	GWHPBPAQ017051	JLX040580.1
OG0014703	GWHPBPAQ017052	JLX040890.1
OG0014704	GWHPBPAQ017054	JLX040470.1
OG0014705	GWHPBPAQ017055	JLX041080.1
OG0014706	GWHPBPAQ017056	JLX040930.1
OG0014707	GWHPBPAQ017057	JLX041190.1
OG0014708	GWHPBPAQ017060	JLX040790.1
OG0014709	GWHPBPAQ017061	JLX040480.1
OG0014710	GWHPBPAQ017062	JLX040670.1
OG0014711	GWHPBPAQ017063	JLX040510.1
OG0014712	GWHPBPAQ017064	JLX040880.1
OG0014713	GWHPBPAQ017070	JLX040870.1
OG0014714	GWHPBPAQ017071	JLX040830.1
OG0014715	GWHPBPAQ017074	JLX041170.1
OG0014716	GWHPBPAQ017079	JLX041150.1
OG0014717	GWHPBPAQ017081	JLX174980.1
OG0014718	GWHPBPAQ017082	JLX180010.1
OG0014719	GWHPBPAQ017084	JLX176670.1
OG0014720	GWHPBPAQ017086	JLX181570.1
OG0014721	GWHPBPAQ017092	JLX177380.1
OG0014722	GWHPBPAQ017094	JLX175650.1
OG0014723	GWHPBPAQ017097	JLX176620.1
OG0014724	GWHPBPAQ017098	JLX177220.1
OG0014725	GWHPBPAQ017099	JLX179230.1
OG0014726	GWHPBPAQ017100	JLX180310.1
OG0014727	GWHPBPAQ017101	JLX174970.1
OG0014728	GWHPBPAQ017104	JLX176020.1
OG0014729	GWHPBPAQ017109	JLX177890.1
OG0014730	GWHPBPAQ017111	JLX181970.1
OG0014731	GWHPBPAQ017114	JLX181110.1
OG0014732	GWHPBPAQ017115	JLX178020.1
OG0014733	GWHPBPAQ017116	JLX174620.1
OG0014734	GWHPBPAQ017117	JLX181210.1
OG0014735	GWHPBPAQ017119	JLX180400.1
OG0014736	GWHPBPAQ017120	JLX180170.1
OG0014737	GWHPBPAQ017122	JLX177250.1
OG0014738	GWHPBPAQ017123	JLX173570.1
OG0014739	GWHPBPAQ017126	JLX173660.1
OG0014740	GWHPBPAQ017134	JLX174500.1
OG0014741	GWHPBPAQ017135	JLX181560.1
OG0014742	GWHPBPAQ017137	JLX177200.1
OG0014743	GWHPBPAQ017139	JLX175810.1
OG0014744	GWHPBPAQ017140	JLX181770.1
OG0014745	GWHPBPAQ017141	JLX175210.1
OG0014746	GWHPBPAQ017143	JLX179810.1
OG0014747	GWHPBPAQ017144	JLX180520.1
OG0014748	GWHPBPAQ017146	JLX174240.1
OG0014749	GWHPBPAQ017147	JLX182240.1
OG0014750	GWHPBPAQ017149	JLX177370.1
OG0014751	GWHPBPAQ017150	JLX177240.1
OG0014752	GWHPBPAQ017151, GWHPBPAQ020646	
OG0014753	GWHPBPAQ017152	JLX174380.1
OG0014754	GWHPBPAQ017155	JLX178730.1
OG0014755	GWHPBPAQ017157	JLX178670.1
OG0014756	GWHPBPAQ017159	JLX180160.1
OG0014757	GWHPBPAQ017162	JLX182870.1
OG0014758	GWHPBPAQ017163	JLX177900.1
OG0014759	GWHPBPAQ017164	JLX174470.1
OG0014760	GWHPBPAQ017165	JLX175140.1
OG0014761	GWHPBPAQ017166	JLX176950.1
OG0014762	GWHPBPAQ017167	JLX175740.1
OG0014763	GWHPBPAQ017168	JLX179030.1
OG0014764	GWHPBPAQ017169	JLX179840.1
OG0014765	GWHPBPAQ017170	JLX181290.1
OG0014766	GWHPBPAQ017175	JLX175310.1
OG0014767	GWHPBPAQ017176	JLX178390.1
OG0014768	GWHPBPAQ017177	JLX174490.1
OG0014769	GWHPBPAQ017178	JLX175870.1
OG0014770	GWHPBPAQ017179	JLX179340.1
OG0014771	GWHPBPAQ017180	JLX178850.1
OG0014772	GWHPBPAQ017182	JLX181590.1
OG0014773	GWHPBPAQ017184	JLX177070.1
OG0014774	GWHPBPAQ017189	JLX180630.1
OG0014775	GWHPBPAQ017191	JLX178150.1
OG0014776	GWHPBPAQ017195	JLX173500.1
OG0014777	GWHPBPAQ017196	JLX175070.1
OG0014778	GWHPBPAQ017197	JLX175460.1
OG0014779	GWHPBPAQ017198	JLX177950.1
OG0014780	GWHPBPAQ017199	JLX176480.1
OG0014781	GWHPBPAQ017201	JLX175610.1
OG0014782	GWHPBPAQ017202	JLX176750.1
OG0014783	GWHPBPAQ017203	JLX182810.1
OG0014784	GWHPBPAQ017204	JLX174360.1
OG0014785	GWHPBPAQ017205	JLX179260.1
OG0014786	GWHPBPAQ017206	JLX180550.1
OG0014787	GWHPBPAQ017207	JLX179300.1
OG0014788	GWHPBPAQ017208	JLX178180.1
OG0014789	GWHPBPAQ017209	JLX182340.1
OG0014790	GWHPBPAQ017211	JLX182880.1
OG0014791	GWHPBPAQ017215	JLX175800.1
OG0014792	GWHPBPAQ017216	JLX178190.1
OG0014793	GWHPBPAQ017218	JLX181000.1
OG0014794	GWHPBPAQ017221	JLX180600.1
OG0014795	GWHPBPAQ017222	JLX180720.1
OG0014796	GWHPBPAQ017224	JLX178030.1
OG0014797	GWHPBPAQ017226	JLX180410.1
OG0014798	GWHPBPAQ017228	JLX178700.1
OG0014799	GWHPBPAQ017230	JLX179050.1
OG0014800	GWHPBPAQ017233	JLX173920.1
OG0014801	GWHPBPAQ017235	JLX180690.1
OG0014802	GWHPBPAQ017236	JLX181470.1
OG0014803	GWHPBPAQ017238	JLX180090.1
OG0014804	GWHPBPAQ017239	JLX176600.1
OG0014805	GWHPBPAQ017254	JLX173470.1
OG0014806	GWHPBPAQ017255	JLX176850.1
OG0014807	GWHPBPAQ017257	JLX182070.1
OG0014808	GWHPBPAQ017259	JLX180800.1
OG0014809	GWHPBPAQ017261	JLX178760.1
OG0014810	GWHPBPAQ017262	JLX182820.1
OG0014811	GWHPBPAQ017270	JLX179600.1
OG0014812	GWHPBPAQ017273	JLX176520.1
OG0014813	GWHPBPAQ017275	JLX175450.1
OG0014814	GWHPBPAQ017277	JLX181860.1
OG0014815	GWHPBPAQ017279	JLX180420.1
OG0014816	GWHPBPAQ017280	JLX173300.1
OG0014817	GWHPBPAQ017281	JLX174680.1
OG0014818	GWHPBPAQ017282	JLX176150.1
OG0014819	GWHPBPAQ017283	JLX178740.1
OG0014820	GWHPBPAQ017286	JLX173460.1
OG0014821	GWHPBPAQ017287	JLX176100.1
OG0014822	GWHPBPAQ017288	JLX176930.1
OG0014823	GWHPBPAQ017290	JLX174810.1
OG0014824	GWHPBPAQ017292	JLX177920.1
OG0014825	GWHPBPAQ017293	JLX174400.1
OG0014826	GWHPBPAQ017295	JLX182650.1
OG0014827	GWHPBPAQ017296	JLX179160.1
OG0014828	GWHPBPAQ017299	JLX182500.1
OG0014829	GWHPBPAQ017300	JLX181280.1
OG0014830	GWHPBPAQ017305	JLX177130.1
OG0014831	GWHPBPAQ017306	JLX176010.1
OG0014832	GWHPBPAQ017307	JLX180590.1
OG0014833	GWHPBPAQ017309	JLX178600.1
OG0014834	GWHPBPAQ017311	JLX180050.1
OG0014835	GWHPBPAQ017313	JLX173790.1
OG0014836	GWHPBPAQ017314	JLX174670.1
OG0014837	GWHPBPAQ017315	JLX173700.1
OG0014838	GWHPBPAQ017321	JLX179570.1
OG0014839	GWHPBPAQ017323	JLX182590.1
OG0014840	GWHPBPAQ017325	JLX180880.1
OG0014841	GWHPBPAQ017329	JLX178240.1
OG0014842	GWHPBPAQ017330	JLX180020.1
OG0014843	GWHPBPAQ017334	JLX175380.1
OG0014844	GWHPBPAQ017337	JLX177450.1
OG0014845	GWHPBPAQ017339	JLX180320.1
OG0014846	GWHPBPAQ017340	JLX178960.1
OG0014847	GWHPBPAQ017342	JLX174640.1
OG0014848	GWHPBPAQ017344	JLX175930.1
OG0014849	GWHPBPAQ017346	JLX177560.1
OG0014850	GWHPBPAQ017351	JLX179680.1
OG0014851	GWHPBPAQ017352	JLX178560.1
OG0014852	GWHPBPAQ017353	JLX177010.1
OG0014853	GWHPBPAQ017354	JLX179110.1
OG0014854	GWHPBPAQ017355	JLX180210.1
OG0014855	GWHPBPAQ017356	JLX181640.1
OG0014856	GWHPBPAQ017362	JLX179090.1
OG0014857	GWHPBPAQ017364	JLX181690.1
OG0014858	GWHPBPAQ017369	JLX175100.1
OG0014859	GWHPBPAQ017375	JLX179850.1
OG0014860	GWHPBPAQ017377	JLX176460.1
OG0014861	GWHPBPAQ017381	JLX180770.1
OG0014862	GWHPBPAQ017388	JLX177660.1
OG0014863	GWHPBPAQ017392	JLX173860.1
OG0014864	GWHPBPAQ017397	JLX178820.1
OG0014865	GWHPBPAQ017404	JLX181380.1
OG0014866	GWHPBPAQ017405	JLX179980.1
OG0014867	GWHPBPAQ017406	JLX177430.1
OG0014868	GWHPBPAQ017407	JLX176880.1
OG0014869	GWHPBPAQ017409	JLX174280.1
OG0014870	GWHPBPAQ017410	JLX173740.1
OG0014871	GWHPBPAQ017411	JLX182370.1
OG0014872	GWHPBPAQ017413	JLX180930.1
OG0014873	GWHPBPAQ017417	JLX174200.1
OG0014874	GWHPBPAQ017418	JLX179540.1
OG0014875	GWHPBPAQ017419, GWHPBPAQ020869	
OG0014876	GWHPBPAQ017423	JLX173910.1
OG0014877	GWHPBPAQ017424	JLX174560.1
OG0014878	GWHPBPAQ017425	JLX179830.1
OG0014879	GWHPBPAQ017426	JLX177530.1
OG0014880	GWHPBPAQ017427	JLX181080.1
OG0014881	GWHPBPAQ017429	JLX179620.1
OG0014882	GWHPBPAQ017430	JLX175160.1
OG0014883	GWHPBPAQ017435	JLX175040.1
OG0014884	GWHPBPAQ017436	JLX175670.1
OG0014885	GWHPBPAQ017438	JLX178050.1
OG0014886	GWHPBPAQ017440	JLX182430.1
OG0014887	GWHPBPAQ017443	JLX177870.1
OG0014888	GWHPBPAQ017444	JLX177590.1
OG0014889	GWHPBPAQ017446, GWHPBPAQ017447	
OG0014890	GWHPBPAQ017448	JLX182970.1
OG0014891	GWHPBPAQ017449	JLX176960.1
OG0014892	GWHPBPAQ017452	JLX173450.1
OG0014893	GWHPBPAQ017462	JLX175060.1
OG0014894	GWHPBPAQ017465	JLX182950.1
OG0014895	GWHPBPAQ017468	JLX179390.1
OG0014896	GWHPBPAQ017471	JLX174220.1
OG0014897	GWHPBPAQ017472	JLX176470.1
OG0014898	GWHPBPAQ017475	JLX174530.1
OG0014899	GWHPBPAQ017476	JLX175830.1
OG0014900	GWHPBPAQ017477	JLX181010.1
OG0014901	GWHPBPAQ017478	JLX174780.1
OG0014902	GWHPBPAQ017480	JLX175080.1
OG0014903	GWHPBPAQ017481	JLX173330.1
OG0014904	GWHPBPAQ017483	JLX177690.1
OG0014905	GWHPBPAQ017485	JLX173970.1
OG0014906	GWHPBPAQ017487	JLX181600.1
OG0014907	GWHPBPAQ017488	JLX182960.1
OG0014908	GWHPBPAQ017494	JLX173600.1
OG0014909	GWHPBPAQ017496	JLX179920.1
OG0014910	GWHPBPAQ017497	JLX180830.1
OG0014911	GWHPBPAQ017501	JLX181830.1
OG0014912	GWHPBPAQ017502	JLX175230.1
OG0014913	GWHPBPAQ017503	JLX173640.1
OG0014914	GWHPBPAQ017505	JLX176140.1
OG0014915	GWHPBPAQ017507	JLX174180.1
OG0014916	GWHPBPAQ017508	JLX182640.1
OG0014917	GWHPBPAQ017509	JLX182050.1
OG0014918	GWHPBPAQ017510	JLX180640.1
OG0014919	GWHPBPAQ017512	JLX177710.1
OG0014920	GWHPBPAQ017517	JLX182380.1
OG0014921	GWHPBPAQ017518	JLX174010.1
OG0014922	GWHPBPAQ017519	JLX182450.1
OG0014923	GWHPBPAQ017520	JLX173380.1
OG0014924	GWHPBPAQ017523	JLX177650.1
OG0014925	GWHPBPAQ017527	JLX173560.1
OG0014926	GWHPBPAQ017532	JLX178570.1
OG0014927	GWHPBPAQ017534	JLX182230.1
OG0014928	GWHPBPAQ017535	JLX177750.1
OG0014929	GWHPBPAQ017537	JLX181900.1
OG0014930	GWHPBPAQ017539	JLX176840.1
OG0014931	GWHPBPAQ017546	JLX178130.1
OG0014932	GWHPBPAQ017547	JLX181890.1
OG0014933	GWHPBPAQ017550	JLX174100.1
OG0014934	GWHPBPAQ017551	JLX174260.1
OG0014935	GWHPBPAQ017552	JLX182480.1
OG0014936	GWHPBPAQ017558	JLX175940.1
OG0014937	GWHPBPAQ017560	JLX173720.1
OG0014938	GWHPBPAQ017563	JLX179140.1
OG0014939	GWHPBPAQ017566	JLX182190.1
OG0014940	GWHPBPAQ017567	JLX178110.1
OG0014941	GWHPBPAQ017569	JLX181020.1
OG0014942	GWHPBPAQ017570	JLX179040.1
OG0014943	GWHPBPAQ017571	JLX179320.1
OG0014944	GWHPBPAQ017572	JLX175570.1
OG0014945	GWHPBPAQ017576	JLX177090.1
OG0014946	GWHPBPAQ017578	JLX179500.1
OG0014947	GWHPBPAQ017579	JLX183030.1
OG0014948	GWHPBPAQ017594	JLX175900.1
OG0014949	GWHPBPAQ017595	JLX174690.1
OG0014950	GWHPBPAQ017596	JLX173510.1
OG0014951	GWHPBPAQ017597	JLX182620.1
OG0014952	GWHPBPAQ017598	JLX181260.1
OG0014953	GWHPBPAQ017599	JLX179580.1
OG0014954	GWHPBPAQ017605	JLX174660.1
OG0014955	GWHPBPAQ017607	JLX175850.1
OG0014956	GWHPBPAQ017609	JLX179170.1
OG0014957	GWHPBPAQ017611	JLX180220.1
OG0014958	GWHPBPAQ017612	JLX176500.1
OG0014959	GWHPBPAQ017613	JLX173630.1
OG0014960	GWHPBPAQ017614	JLX173250.1
OG0014961	GWHPBPAQ017615	JLX174750.1
OG0014962	GWHPBPAQ017617	JLX173360.1
OG0014963	GWHPBPAQ017618	JLX182980.1
OG0014964	GWHPBPAQ017619	JLX178090.1
OG0014965	GWHPBPAQ017623	JLX175320.1
OG0014966	GWHPBPAQ017628	JLX173240.1
OG0014967	GWHPBPAQ017629	JLX182100.1
OG0014968	GWHPBPAQ017632	JLX180390.1
OG0014969	GWHPBPAQ017633	JLX181930.1
OG0014970	GWHPBPAQ017635	JLX180060.1
OG0014971	GWHPBPAQ017640	JLX174140.1
OG0014972	GWHPBPAQ017641	JLX177480.1
OG0014973	GWHPBPAQ017644	JLX174740.1
OG0014974	GWHPBPAQ017645	JLX180820.1
OG0014975	GWHPBPAQ017650	JLX179440.1
OG0014976	GWHPBPAQ017652	JLX179360.1
OG0014977	GWHPBPAQ017653	JLX181150.1
OG0014978	GWHPBPAQ017660	JLX181330.1
OG0014979	GWHPBPAQ017662	JLX175280.1
OG0014980	GWHPBPAQ017665	JLX176590.1
OG0014981	GWHPBPAQ017667	JLX178310.1
OG0014982	GWHPBPAQ017678	JLX179380.1
OG0014983	GWHPBPAQ017682	JLX180430.1
OG0014984	GWHPBPAQ017686	JLX178940.1
OG0014985	GWHPBPAQ017689	JLX176630.1
OG0014986	GWHPBPAQ017690	JLX174860.1
OG0014987	GWHPBPAQ017693	JLX180130.1
OG0014988	GWHPBPAQ017694	JLX180040.1
OG0014989	GWHPBPAQ017695	JLX179060.1
OG0014990	GWHPBPAQ017697	JLX175270.1
OG0014991	GWHPBPAQ017698	JLX177820.1
OG0014992	GWHPBPAQ017699	JLX181760.1
OG0014993	GWHPBPAQ017701	JLX182760.1
OG0014994	GWHPBPAQ017703	JLX180780.1
OG0014995	GWHPBPAQ017704	JLX180140.1
OG0014996	GWHPBPAQ017706	JLX174320.1
OG0014997	GWHPBPAQ017707	JLX176530.1
OG0014998	GWHPBPAQ017709	JLX179720.1
OG0014999	GWHPBPAQ017710	JLX182220.1
OG0015000	GWHPBPAQ017711	JLX173540.1
OG0015001	GWHPBPAQ017714	JLX175050.1
OG0015002	GWHPBPAQ017715	JLX177290.1
OG0015003	GWHPBPAQ017721	JLX176830.1
OG0015004	GWHPBPAQ017722	JLX177040.1
OG0015005	GWHPBPAQ017723	JLX175560.1
OG0015006	GWHPBPAQ017725	JLX182530.1
OG0015007	GWHPBPAQ017727	JLX178750.1
OG0015008	GWHPBPAQ017729	JLX176890.1
OG0015009	GWHPBPAQ017731	JLX173760.1
OG0015010	GWHPBPAQ017732	JLX179960.1
OG0015011	GWHPBPAQ017736	JLX181270.1
OG0015012	GWHPBPAQ017747	JLX181350.1
OG0015013	GWHPBPAQ017750	JLX181420.1
OG0015014	GWHPBPAQ017753	JLX176990.1
OG0015015	GWHPBPAQ017754	JLX179670.1
OG0015016	GWHPBPAQ017755	JLX173370.1
OG0015017	GWHPBPAQ017756	JLX174300.1
OG0015018	GWHPBPAQ017758	JLX177100.1
OG0015019	GWHPBPAQ017762	JLX182210.1
OG0015020	GWHPBPAQ017763	JLX174170.1
OG0015021	GWHPBPAQ017767	JLX177400.1
OG0015022	GWHPBPAQ017769	JLX173580.1
OG0015023	GWHPBPAQ017772	JLX181200.1
OG0015024	GWHPBPAQ017778	JLX174350.1
OG0015025	GWHPBPAQ017779	JLX175400.1
OG0015026	GWHPBPAQ017780	JLX179700.1
OG0015027	GWHPBPAQ017781	JLX177440.1
OG0015028	GWHPBPAQ017782	JLX182560.1
OG0015029	GWHPBPAQ017783	JLX174230.1
OG0015030	GWHPBPAQ017784	JLX175840.1
OG0015031	GWHPBPAQ017787	JLX181370.1
OG0015032	GWHPBPAQ017788	JLX182180.1
OG0015033	GWHPBPAQ017789	JLX173420.1
OG0015034	GWHPBPAQ017790	JLX177840.1
OG0015035	GWHPBPAQ017793	JLX182720.1
OG0015036	GWHPBPAQ017794	JLX174730.1
OG0015037	GWHPBPAQ017795	JLX173840.1
OG0015038	GWHPBPAQ017797	JLX176820.1
OG0015039	GWHPBPAQ017798	JLX178380.1
OG0015040	GWHPBPAQ017800	JLX176450.1
OG0015041	GWHPBPAQ017804	JLX178500.1
OG0015042	GWHPBPAQ017807	JLX174030.1
OG0015043	GWHPBPAQ017808	JLX181820.1
OG0015044	GWHPBPAQ017809	JLX179190.1
OG0015045	GWHPBPAQ017810	JLX176290.1
OG0015046	GWHPBPAQ017811	JLX178470.1
OG0015047	GWHPBPAQ017812	JLX179420.1
OG0015048	GWHPBPAQ017815	JLX179730.1
OG0015049	GWHPBPAQ017823	JLX174340.1
OG0015050	GWHPBPAQ017828	JLX176940.1
OG0015051	GWHPBPAQ017829	JLX177330.1
OG0015052	GWHPBPAQ017830	JLX182510.1
OG0015053	GWHPBPAQ017832	JLX174900.1
OG0015054	GWHPBPAQ017833	JLX182580.1
OG0015055	GWHPBPAQ017834	JLX178890.1
OG0015056	GWHPBPAQ017835	JLX173870.1
OG0015057	GWHPBPAQ017836	JLX181240.1
OG0015058	GWHPBPAQ017838	JLX177050.1
OG0015059	GWHPBPAQ017839	JLX179430.1
OG0015060	GWHPBPAQ017840	JLX182390.1
OG0015061	GWHPBPAQ017841	JLX173270.1
OG0015062	GWHPBPAQ017843	JLX176360.1
OG0015063	GWHPBPAQ017845	JLX176730.1
OG0015064	GWHPBPAQ017846	JLX173210.1
OG0015065	GWHPBPAQ017847	JLX174590.1
OG0015066	GWHPBPAQ017848	JLX180540.1
OG0015067	GWHPBPAQ017851	JLX178770.1
OG0015068	GWHPBPAQ017852	JLX180490.1
OG0015069	GWHPBPAQ017855	JLX176550.1
OG0015070	GWHPBPAQ017857	JLX175550.1
OG0015071	GWHPBPAQ017858	JLX181620.1
OG0015072	GWHPBPAQ017860	JLX183040.1
OG0015073	GWHPBPAQ017861	JLX179220.1
OG0015074	GWHPBPAQ017865	JLX175300.1
OG0015075	GWHPBPAQ017866	JLX176210.1
OG0015076	GWHPBPAQ017868	JLX178250.1
OG0015077	GWHPBPAQ017870	JLX176980.1
OG0015078	GWHPBPAQ017872	JLX179270.1
OG0015079	GWHPBPAQ017873	JLX174190.1
OG0015080	GWHPBPAQ017877	JLX174840.1
OG0015081	GWHPBPAQ017880	JLX178780.1
OG0015082	GWHPBPAQ017882	JLX180500.1
OG0015083	GWHPBPAQ017883	JLX179510.1
OG0015084	GWHPBPAQ017884	JLX173180.1
OG0015085	GWHPBPAQ017891	JLX177510.1
OG0015086	GWHPBPAQ017892	JLX178510.1
OG0015087	GWHPBPAQ017893	JLX174800.1
OG0015088	GWHPBPAQ017894	JLX180700.1
OG0015089	GWHPBPAQ017897, GWHPBPAQ017898	
OG0015090	GWHPBPAQ017899	JLX179480.1
OG0015091	GWHPBPAQ017903	JLX178580.1
OG0015092	GWHPBPAQ017908	JLX181070.1
OG0015093	GWHPBPAQ017912	JLX176900.1
OG0015094	GWHPBPAQ017913	JLX182740.1
OG0015095	GWHPBPAQ017920	JLX175030.1
OG0015096	GWHPBPAQ017928	JLX177640.1
OG0015097	GWHPBPAQ017929	JLX174000.1
OG0015098	GWHPBPAQ017930	JLX180790.1
OG0015099	GWHPBPAQ017934	JLX179590.1
OG0015100	GWHPBPAQ017936	JLX174080.1
OG0015101	GWHPBPAQ017938	JLX178650.1
OG0015102	GWHPBPAQ017939	JLX181120.1
OG0015103	GWHPBPAQ017940	JLX178160.1
OG0015104	GWHPBPAQ017942	JLX177700.1
OG0015105	GWHPBPAQ017943	JLX174210.1
OG0015106	GWHPBPAQ017945	JLX180270.1
OG0015107	GWHPBPAQ017947	JLX174310.1
OG0015108	GWHPBPAQ017949	JLX176350.1
OG0015109	GWHPBPAQ017950	JLX177030.1
OG0015110	GWHPBPAQ017951	JLX174290.1
OG0015111	GWHPBPAQ017953	JLX182770.1
OG0015112	GWHPBPAQ017959	JLX181410.1
OG0015113	GWHPBPAQ017961	JLX178460.1
OG0015114	GWHPBPAQ017964	JLX181680.1
OG0015115	GWHPBPAQ017966	JLX183120.1
OG0015116	GWHPBPAQ017968	JLX179710.1
OG0015117	GWHPBPAQ017969	JLX176230.1
OG0015118	GWHPBPAQ017972	JLX173750.1
OG0015119	GWHPBPAQ017974	JLX180980.1
OG0015120	GWHPBPAQ017975	JLX179130.1
OG0015121	GWHPBPAQ017977	JLX178420.1
OG0015122	GWHPBPAQ017978	JLX177730.1
OG0015123	GWHPBPAQ017979	JLX176220.1
OG0015124	GWHPBPAQ017982	JLX178140.1
OG0015125	GWHPBPAQ017983	JLX181550.1
OG0015126	GWHPBPAQ017987	JLX183000.1
OG0015127	GWHPBPAQ017988	JLX181450.1
OG0015128	GWHPBPAQ017991	JLX178970.1
OG0015129	GWHPBPAQ017992	JLX180150.1
OG0015130	GWHPBPAQ017993	JLX175990.1
OG0015131	GWHPBPAQ017995	JLX173590.1
OG0015132	GWHPBPAQ017997	JLX175010.1
OG0015133	GWHPBPAQ018002	JLX177410.1
OG0015134	GWHPBPAQ018005	JLX176200.1
OG0015135	GWHPBPAQ018006	JLX177150.1
OG0015136	GWHPBPAQ018007	JLX178320.1
OG0015137	GWHPBPAQ018008	JLX182150.1
OG0015138	GWHPBPAQ018013	JLX182310.1
OG0015139	GWHPBPAQ018014	JLX173770.1
OG0015140	GWHPBPAQ018018	JLX181030.1
OG0015141	GWHPBPAQ018019	JLX177390.1
OG0015142	GWHPBPAQ018021	JLX176000.1
OG0015143	GWHPBPAQ018023	JLX173410.1
OG0015144	GWHPBPAQ018025	JLX182270.1
OG0015145	GWHPBPAQ018026	JLX181630.1
OG0015146	GWHPBPAQ018027	JLX179520.1
OG0015147	GWHPBPAQ018028	JLX181510.1
OG0015148	GWHPBPAQ018029	JLX179970.1
OG0015149	GWHPBPAQ018030	JLX178690.1
OG0015150	GWHPBPAQ018031	JLX181740.1
OG0015151	GWHPBPAQ018032	JLX179610.1
OG0015152	GWHPBPAQ018033	JLX177580.1
OG0015153	GWHPBPAQ018034	JLX176340.1
OG0015154	GWHPBPAQ018036	JLX174710.1
OG0015155	GWHPBPAQ018040	JLX182110.1
OG0015156	GWHPBPAQ018047	JLX177630.1
OG0015157	GWHPBPAQ018058	JLX182600.1
OG0015158	GWHPBPAQ018060	JLX176250.1
OG0015159	GWHPBPAQ018062	JLX182920.1
OG0015160	GWHPBPAQ018071	JLX175630.1
OG0015161	GWHPBPAQ018074	JLX179750.1
OG0015162	GWHPBPAQ018078	JLX177880.1
OG0015163	GWHPBPAQ018081	JLX175340.1
OG0015164	GWHPBPAQ018083	JLX176740.1
OG0015165	GWHPBPAQ018086, GWHPBPAQ022552	
OG0015166	GWHPBPAQ018087	JLX178450.1
OG0015167	GWHPBPAQ018088	JLX178640.1
OG0015168	GWHPBPAQ018090	JLX177320.1
OG0015169	GWHPBPAQ018094	JLX181980.1
OG0015170	GWHPBPAQ018095	JLX179350.1
OG0015171	GWHPBPAQ018105	JLX176090.1
OG0015172	GWHPBPAQ018109	JLX183100.1
OG0015173	GWHPBPAQ018114	JLX174480.1
OG0015174	GWHPBPAQ018118	JLX180650.1
OG0015175	GWHPBPAQ018119	JLX173340.1
OG0015176	GWHPBPAQ018127	JLX150080.1
OG0015177	GWHPBPAQ018128	JLX150030.1
OG0015178	GWHPBPAQ018129	JLX150060.1
OG0015179	GWHPBPAQ018130	JLX149980.1
OG0015180	GWHPBPAQ018139	JLX058190.1
OG0015181	GWHPBPAQ018140	JLX057560.1
OG0015182	GWHPBPAQ018142	JLX057440.1
OG0015183	GWHPBPAQ018145	JLX058330.1
OG0015184	GWHPBPAQ018147	JLX057910.1
OG0015185	GWHPBPAQ018150	JLX057450.1
OG0015186	GWHPBPAQ018158	JLX058020.1
OG0015187	GWHPBPAQ018159	JLX057600.1
OG0015188	GWHPBPAQ018160	JLX057820.1
OG0015189	GWHPBPAQ018162	JLX057400.1
OG0015190	GWHPBPAQ018169	JLX057520.1
OG0015191	GWHPBPAQ018172	JLX057720.1
OG0015192	GWHPBPAQ018174	JLX058110.1
OG0015193	GWHPBPAQ018177	JLX057480.1
OG0015194	GWHPBPAQ018182	JLX057990.1
OG0015195	GWHPBPAQ018183	JLX057810.1
OG0015196	GWHPBPAQ018185	JLX057430.1
OG0015197	GWHPBPAQ018187	JLX057700.1
OG0015198	GWHPBPAQ018194	JLX058230.1
OG0015199	GWHPBPAQ018197	JLX057660.1
OG0015200	GWHPBPAQ018198	JLX057650.1
OG0015201	GWHPBPAQ018204	JLX057420.1
OG0015202	GWHPBPAQ018208	JLX057920.1
OG0015203	GWHPBPAQ018209	JLX057690.1
OG0015204	GWHPBPAQ018216	JLX121240.1
OG0015205	GWHPBPAQ018219	JLX121460.1
OG0015206	GWHPBPAQ018225	JLX120900.1
OG0015207	GWHPBPAQ018227	JLX121540.1
OG0015208	GWHPBPAQ018229	JLX120380.1
OG0015209	GWHPBPAQ018231	JLX119060.1
OG0015210	GWHPBPAQ018236	JLX118940.1
OG0015211	GWHPBPAQ018238	JLX121020.1
OG0015212	GWHPBPAQ018239	JLX120200.1
OG0015213	GWHPBPAQ018240	JLX119790.1
OG0015214	GWHPBPAQ018247	JLX120990.1
OG0015215	GWHPBPAQ018250	JLX120820.1
OG0015216	GWHPBPAQ018251	JLX120300.1
OG0015217	GWHPBPAQ018252	JLX119490.1
OG0015218	GWHPBPAQ018253	JLX121850.1
OG0015219	GWHPBPAQ018254	JLX120560.1
OG0015220	GWHPBPAQ018261	JLX121480.1
OG0015221	GWHPBPAQ018264	JLX119550.1
OG0015222	GWHPBPAQ018266	JLX121560.1
OG0015223	GWHPBPAQ018267	JLX120780.1
OG0015224	GWHPBPAQ018272	JLX120510.1
OG0015225	GWHPBPAQ018274	JLX119260.1
OG0015226	GWHPBPAQ018275	JLX119910.1
OG0015227	GWHPBPAQ018276	JLX119440.1
OG0015228	GWHPBPAQ018277	JLX119240.1
OG0015229	GWHPBPAQ018278	JLX121870.1
OG0015230	GWHPBPAQ018284	JLX119190.1
OG0015231	GWHPBPAQ018287	JLX119850.1
OG0015232	GWHPBPAQ018291	JLX119690.1
OG0015233	GWHPBPAQ018293	JLX119820.1
OG0015234	GWHPBPAQ018307	JLX164030.1
OG0015235	GWHPBPAQ018308	JLX163970.1
OG0015236	GWHPBPAQ018311	JLX163860.1
OG0015237	GWHPBPAQ018314	JLX164040.1
OG0015238	GWHPBPAQ018315	JLX164140.1
OG0015239	GWHPBPAQ018317	JLX164370.1
OG0015240	GWHPBPAQ018327	JLX164210.1
OG0015241	GWHPBPAQ018332	JLX164310.1
OG0015242	GWHPBPAQ018346	JLX090880.1
OG0015243	GWHPBPAQ018347	JLX090810.1
OG0015244	GWHPBPAQ018349	JLX090700.1
OG0015245	GWHPBPAQ018350	JLX090850.1
OG0015246	GWHPBPAQ018352	JLX090900.1
OG0015247	GWHPBPAQ018355	JLX090770.1
OG0015248	GWHPBPAQ018358	JLX090860.1
OG0015249	GWHPBPAQ018359	JLX090780.1
OG0015250	GWHPBPAQ018369	JLX090710.1
OG0015251	GWHPBPAQ018383	JLX168020.1
OG0015252	GWHPBPAQ018384	JLX168520.1
OG0015253	GWHPBPAQ018386	JLX168450.1
OG0015254	GWHPBPAQ018389	JLX168160.1
OG0015255	GWHPBPAQ018391	JLX168190.1
OG0015256	GWHPBPAQ018395	JLX168440.1
OG0015257	GWHPBPAQ018396	JLX168340.1
OG0015258	GWHPBPAQ018398	JLX168490.1
OG0015259	GWHPBPAQ018399	JLX167960.1
OG0015260	GWHPBPAQ018401	JLX168410.1
OG0015261	GWHPBPAQ018404	JLX168360.1
OG0015262	GWHPBPAQ018405	JLX168300.1
OG0015263	GWHPBPAQ018406	JLX168270.1
OG0015264	GWHPBPAQ018407	JLX168230.1
OG0015265	GWHPBPAQ018408	JLX168290.1
OG0015266	GWHPBPAQ018409	JLX168070.1
OG0015267	GWHPBPAQ018410	JLX168120.1
OG0015268	GWHPBPAQ018420	JLX168260.1
OG0015269	GWHPBPAQ018421	JLX168110.1
OG0015270	GWHPBPAQ018426	JLX168280.1
OG0015271	GWHPBPAQ018427	JLX168460.1
OG0015272	GWHPBPAQ018428	JLX168040.1
OG0015273	GWHPBPAQ018429	JLX168060.1
OG0015274	GWHPBPAQ018430	JLX168170.1
OG0015275	GWHPBPAQ018434	JLX168130.1
OG0015276	GWHPBPAQ018435	JLX168500.1
OG0015277	GWHPBPAQ018439	JLX167990.1
OG0015278	GWHPBPAQ018442	JLX168200.1
OG0015279	GWHPBPAQ018447	JLX053780.1
OG0015280	GWHPBPAQ018448	JLX053680.1
OG0015281	GWHPBPAQ018452	JLX053610.1
OG0015282	GWHPBPAQ018454	JLX053350.1
OG0015283	GWHPBPAQ018459	JLX053620.1
OG0015284	GWHPBPAQ018460	JLX053530.1
OG0015285	GWHPBPAQ018461	JLX053110.1
OG0015286	GWHPBPAQ018462	JLX053380.1
OG0015287	GWHPBPAQ018463	JLX053330.1
OG0015288	GWHPBPAQ018464	JLX053940.1
OG0015289	GWHPBPAQ018468	JLX053290.1
OG0015290	GWHPBPAQ018469	JLX054040.1
OG0015291	GWHPBPAQ018470	JLX053240.1
OG0015292	GWHPBPAQ018475	JLX053210.1
OG0015293	GWHPBPAQ018480	JLX053700.1
OG0015294	GWHPBPAQ018482	JLX053400.1
OG0015295	GWHPBPAQ018484	JLX054080.1
OG0015296	GWHPBPAQ018485	JLX053260.1
OG0015297	GWHPBPAQ018488	JLX053100.1
OG0015298	GWHPBPAQ018490	JLX053320.1
OG0015299	GWHPBPAQ018491	JLX053820.1
OG0015300	GWHPBPAQ018496	JLX053900.1
OG0015301	GWHPBPAQ018498	JLX053180.1
OG0015302	GWHPBPAQ018506	JLX054050.1
OG0015303	GWHPBPAQ018508	JLX053770.1
OG0015304	GWHPBPAQ018509	JLX053250.1
OG0015305	GWHPBPAQ018510	JLX054020.1
OG0015306	GWHPBPAQ018513	JLX053880.1
OG0015307	GWHPBPAQ018515	JLX053490.1
OG0015308	GWHPBPAQ018516	JLX053850.1
OG0015309	GWHPBPAQ018519	JLX053580.1
OG0015310	GWHPBPAQ018521	JLX053570.1
OG0015311	GWHPBPAQ018522, GWHPBPAQ018527	
OG0015312	GWHPBPAQ018523	JLX054060.1
OG0015313	GWHPBPAQ018524	JLX053990.1
OG0015314	GWHPBPAQ018528	JLX053120.1
OG0015315	GWHPBPAQ018529	JLX053710.1
OG0015316	GWHPBPAQ018531	JLX053970.1
OG0015317	GWHPBPAQ018532	JLX053540.1
OG0015318	GWHPBPAQ018534	JLX053980.1
OG0015319	GWHPBPAQ018536	JLX053640.1
OG0015320	GWHPBPAQ018537	JLX053740.1
OG0015321	GWHPBPAQ018541	JLX097310.1
OG0015322	GWHPBPAQ018551	JLX098320.1
OG0015323	GWHPBPAQ018558	JLX096710.1
OG0015324	GWHPBPAQ018559	JLX097730.1
OG0015325	GWHPBPAQ018561	JLX098920.1
OG0015326	GWHPBPAQ018562	JLX100220.1
OG0015327	GWHPBPAQ018563	JLX096700.1
OG0015328	GWHPBPAQ018564	JLX099390.1
OG0015329	GWHPBPAQ018567	JLX098660.1
OG0015330	GWHPBPAQ018568	JLX099860.1
OG0015331	GWHPBPAQ018569	JLX098620.1
OG0015332	GWHPBPAQ018570	JLX100150.1
OG0015333	GWHPBPAQ018572	JLX097510.1
OG0015334	GWHPBPAQ018574	JLX100050.1
OG0015335	GWHPBPAQ018577	JLX100470.1
OG0015336	GWHPBPAQ018578	JLX096470.1
OG0015337	GWHPBPAQ018593	JLX098090.1
OG0015338	GWHPBPAQ018601	JLX098470.1
OG0015339	GWHPBPAQ018609	JLX096280.1
OG0015340	GWHPBPAQ018612	JLX096410.1
OG0015341	GWHPBPAQ018614	JLX098170.1
OG0015342	GWHPBPAQ018616	JLX095650.1
OG0015343	GWHPBPAQ018619	JLX098260.1
OG0015344	GWHPBPAQ018623	JLX095630.1
OG0015345	GWHPBPAQ018624	JLX096850.1
OG0015346	GWHPBPAQ018628, GWHPBPAQ018634	
OG0015347	GWHPBPAQ018636	JLX096640.1
OG0015348	GWHPBPAQ018639	JLX100400.1
OG0015349	GWHPBPAQ018640	JLX097450.1
OG0015350	GWHPBPAQ018641	JLX098410.1
OG0015351	GWHPBPAQ018642	JLX099560.1
OG0015352	GWHPBPAQ018643	JLX095870.1
OG0015353	GWHPBPAQ018645	JLX098280.1
OG0015354	GWHPBPAQ018648	JLX096010.1
OG0015355	GWHPBPAQ018649	JLX097220.1
OG0015356	GWHPBPAQ018650	JLX097720.1
OG0015357	GWHPBPAQ018653	JLX097490.1
OG0015358	GWHPBPAQ018656	JLX099230.1
OG0015359	GWHPBPAQ018657	JLX095780.1
OG0015360	GWHPBPAQ018658	JLX097080.1
OG0015361	GWHPBPAQ018660	JLX097390.1
OG0015362	GWHPBPAQ018661	JLX098420.1
OG0015363	GWHPBPAQ018662	JLX100130.1
OG0015364	GWHPBPAQ018665	JLX095620.1
OG0015365	GWHPBPAQ018671	JLX098650.1
OG0015366	GWHPBPAQ018672	JLX096400.1
OG0015367	GWHPBPAQ018673	JLX098120.1
OG0015368	GWHPBPAQ018674	JLX099830.1
OG0015369	GWHPBPAQ018688	JLX045260.1
OG0015370	GWHPBPAQ018690	JLX044140.1
OG0015371	GWHPBPAQ018691	JLX042920.1
OG0015372	GWHPBPAQ018694	JLX043260.1
OG0015373	GWHPBPAQ018695	JLX045040.1
OG0015374	GWHPBPAQ018699	JLX045290.1
OG0015375	GWHPBPAQ018702	JLX046670.1
OG0015376	GWHPBPAQ018703	JLX044950.1
OG0015377	GWHPBPAQ018705	JLX044410.1
OG0015378	GWHPBPAQ018708	JLX043030.1
OG0015379	GWHPBPAQ018714	JLX044500.1
OG0015380	GWHPBPAQ018715	JLX046380.1
OG0015381	GWHPBPAQ018717	JLX042450.1
OG0015382	GWHPBPAQ018718	JLX045720.1
OG0015383	GWHPBPAQ018720	JLX046110.1
OG0015384	GWHPBPAQ018730	JLX045950.1
OG0015385	GWHPBPAQ018731	JLX044240.1
OG0015386	GWHPBPAQ018732	JLX046640.1
OG0015387	GWHPBPAQ018733	JLX043780.1
OG0015388	GWHPBPAQ018734	JLX044550.1
OG0015389	GWHPBPAQ018736	JLX046230.1
OG0015390	GWHPBPAQ018737	JLX043070.1
OG0015391	GWHPBPAQ018741	JLX042410.1
OG0015392	GWHPBPAQ018742	JLX044590.1
OG0015393	GWHPBPAQ018744	JLX043570.1
OG0015394	GWHPBPAQ018747	JLX044890.1
OG0015395	GWHPBPAQ018750	JLX046000.1
OG0015396	GWHPBPAQ018751	JLX043950.1
OG0015397	GWHPBPAQ018754	JLX045070.1
OG0015398	GWHPBPAQ018758	JLX043170.1
OG0015399	GWHPBPAQ018761	JLX045100.1
OG0015400	GWHPBPAQ018767	JLX042810.1
OG0015401	GWHPBPAQ018768	JLX045550.1
OG0015402	GWHPBPAQ018771	JLX045330.1
OG0015403	GWHPBPAQ018774	JLX044670.1
OG0015404	GWHPBPAQ018777	JLX045190.1
OG0015405	GWHPBPAQ018779	JLX044490.1
OG0015406	GWHPBPAQ018780	JLX043410.1
OG0015407	GWHPBPAQ018782	JLX043510.1
OG0015408	GWHPBPAQ018783	JLX045830.1
OG0015409	GWHPBPAQ018786	JLX046350.1
OG0015410	GWHPBPAQ018787	JLX045280.1
OG0015411	GWHPBPAQ018788	JLX043730.1
OG0015412	GWHPBPAQ018789	JLX046460.1
OG0015413	GWHPBPAQ018790	JLX045640.1
OG0015414	GWHPBPAQ018793	JLX042640.1
OG0015415	GWHPBPAQ018794	JLX045340.1
OG0015416	GWHPBPAQ018795	JLX046590.1
OG0015417	GWHPBPAQ018797	JLX043100.1
OG0015418	GWHPBPAQ018798	JLX043690.1
OG0015419	GWHPBPAQ018801	JLX043050.1
OG0015420	GWHPBPAQ018802	JLX044600.1
OG0015421	GWHPBPAQ018805	JLX043840.1
OG0015422	GWHPBPAQ018807	JLX045960.1
OG0015423	GWHPBPAQ018808	JLX043420.1
OG0015424	GWHPBPAQ018809	JLX044810.1
OG0015425	GWHPBPAQ018810	JLX043740.1
OG0015426	GWHPBPAQ018811	JLX042760.1
OG0015427	GWHPBPAQ018817	JLX043630.1
OG0015428	GWHPBPAQ018818	JLX044790.1
OG0015429	GWHPBPAQ018819	JLX045650.1
OG0015430	GWHPBPAQ018820	JLX042700.1
OG0015431	GWHPBPAQ018821	JLX045570.1
OG0015432	GWHPBPAQ018822	JLX046560.1
OG0015433	GWHPBPAQ018823	JLX043330.1
OG0015434	GWHPBPAQ018828	JLX044750.1
OG0015435	GWHPBPAQ018829	JLX045880.1
OG0015436	GWHPBPAQ018831	JLX044040.1
OG0015437	GWHPBPAQ018832	JLX044290.1
OG0015438	GWHPBPAQ018834	JLX042880.1
OG0015439	GWHPBPAQ018836	JLX046090.1
OG0015440	GWHPBPAQ018837	JLX044880.1
OG0015441	GWHPBPAQ018838	JLX045460.1
OG0015442	GWHPBPAQ018840	JLX044060.1
OG0015443	GWHPBPAQ018841	JLX045300.1
OG0015444	GWHPBPAQ018842	JLX042780.1
OG0015445	GWHPBPAQ018844	JLX044530.1
OG0015446	GWHPBPAQ018847	JLX043620.1
OG0015447	GWHPBPAQ018850	JLX043600.1
OG0015448	GWHPBPAQ018855	JLX045610.1
OG0015449	GWHPBPAQ018856	JLX046310.1
OG0015450	GWHPBPAQ018857	JLX042420.1
OG0015451	GWHPBPAQ018861	JLX046710.1
OG0015452	GWHPBPAQ018863	JLX043440.1
OG0015453	GWHPBPAQ018866	JLX045020.1
OG0015454	GWHPBPAQ018867	JLX046600.1
OG0015455	GWHPBPAQ018868	JLX043680.1
OG0015456	GWHPBPAQ018869	JLX042670.1
OG0015457	GWHPBPAQ018870	JLX043650.1
OG0015458	GWHPBPAQ018871	JLX043700.1
OG0015459	GWHPBPAQ018872	JLX042650.1
OG0015460	GWHPBPAQ018874	JLX044420.1
OG0015461	GWHPBPAQ018875	JLX043200.1
OG0015462	GWHPBPAQ018877	JLX044780.1
OG0015463	GWHPBPAQ018878	JLX043830.1
OG0015464	GWHPBPAQ018879	JLX046280.1
OG0015465	GWHPBPAQ018881	JLX043140.1
OG0015466	GWHPBPAQ018883	JLX046170.1
OG0015467	GWHPBPAQ018884	JLX042390.1
OG0015468	GWHPBPAQ018885	JLX043150.1
OG0015469	GWHPBPAQ018886	JLX044640.1
OG0015470	GWHPBPAQ018888, GWHPBPAQ022483	
OG0015471	GWHPBPAQ018889	JLX046030.1
OG0015472	GWHPBPAQ018890	JLX046200.1
OG0015473	GWHPBPAQ018892	JLX044800.1
OG0015474	GWHPBPAQ018906	JLX042370.1
OG0015475	GWHPBPAQ018907	JLX045370.1
OG0015476	GWHPBPAQ018909	JLX042930.1
OG0015477	GWHPBPAQ018910	JLX042440.1
OG0015478	GWHPBPAQ018911	JLX044160.1
OG0015479	GWHPBPAQ018913	JLX043300.1
OG0015480	GWHPBPAQ018914	JLX045060.1
OG0015481	GWHPBPAQ018915	JLX044760.1
OG0015482	GWHPBPAQ018916	JLX043710.1
OG0015483	GWHPBPAQ018917	JLX042470.1
OG0015484	GWHPBPAQ018921	JLX042940.1
OG0015485	GWHPBPAQ018923	JLX043190.1
OG0015486	GWHPBPAQ018924	JLX046510.1
OG0015487	GWHPBPAQ018925	JLX042430.1
OG0015488	GWHPBPAQ018928	JLX046620.1
OG0015489	GWHPBPAQ018929	JLX042800.1
OG0015490	GWHPBPAQ018930	JLX045690.1
OG0015491	GWHPBPAQ018937	JLX042850.1
OG0015492	GWHPBPAQ018942	JLX044430.1
OG0015493	GWHPBPAQ018943	JLX042530.1
OG0015494	GWHPBPAQ018945	JLX044930.1
OG0015495	GWHPBPAQ018947	JLX044910.1
OG0015496	GWHPBPAQ018948	JLX042730.1
OG0015497	GWHPBPAQ018949	JLX046060.1
OG0015498	GWHPBPAQ018951	JLX044320.1
OG0015499	GWHPBPAQ018952	JLX045320.1
OG0015500	GWHPBPAQ018965	JLX044350.1
OG0015501	GWHPBPAQ018968	JLX044360.1
OG0015502	GWHPBPAQ018972	JLX046580.1
OG0015503	GWHPBPAQ018973	JLX043060.1
OG0015504	GWHPBPAQ018974	JLX044860.1
OG0015505	GWHPBPAQ018975	JLX045520.1
OG0015506	GWHPBPAQ018979	JLX043980.1
OG0015507	GWHPBPAQ018982	JLX045310.1
OG0015508	GWHPBPAQ018984	JLX044940.1
OG0015509	GWHPBPAQ018985	JLX046040.1
OG0015510	GWHPBPAQ018987	JLX044010.1
OG0015511	GWHPBPAQ018988	JLX045510.1
OG0015512	GWHPBPAQ018991	JLX044840.1
OG0015513	GWHPBPAQ018993	JLX043670.1
OG0015514	GWHPBPAQ018994	JLX044340.1
OG0015515	GWHPBPAQ018996	JLX045730.1
OG0015516	GWHPBPAQ018997	JLX044660.1
OG0015517	GWHPBPAQ018999	JLX045390.1
OG0015518	GWHPBPAQ019005	JLX043520.1
OG0015519	GWHPBPAQ019007	JLX044700.1
OG0015520	GWHPBPAQ019008	JLX045010.1
OG0015521	GWHPBPAQ019009	JLX043660.1
OG0015522	GWHPBPAQ019011	JLX046400.1
OG0015523	GWHPBPAQ019017	JLX043340.1
OG0015524	GWHPBPAQ019018	JLX045360.1
OG0015525	GWHPBPAQ019021	JLX044080.1
OG0015526	GWHPBPAQ019022	JLX042540.1
OG0015527	GWHPBPAQ019024	JLX045790.1
OG0015528	GWHPBPAQ019028	JLX044130.1
OG0015529	GWHPBPAQ019033	JLX044740.1
OG0015530	GWHPBPAQ019040	JLX044620.1
OG0015531	GWHPBPAQ019042	JLX042680.1
OG0015532	GWHPBPAQ019047	JLX043860.1
OG0015533	GWHPBPAQ019048	JLX045560.1
OG0015534	GWHPBPAQ019052	JLX046100.1
OG0015535	GWHPBPAQ019053	JLX046520.1
OG0015536	GWHPBPAQ019054	JLX045220.1
OG0015537	GWHPBPAQ019055	JLX046290.1
OG0015538	GWHPBPAQ019056	JLX046190.1
OG0015539	GWHPBPAQ019057	JLX043450.1
OG0015540	GWHPBPAQ019061	JLX046650.1
OG0015541	GWHPBPAQ019062	JLX043400.1
OG0015542	GWHPBPAQ019063	JLX042960.1
OG0015543	GWHPBPAQ019064	JLX042840.1
OG0015544	GWHPBPAQ019066	JLX043230.1
OG0015545	GWHPBPAQ019068	JLX045130.1
OG0015546	GWHPBPAQ019070	JLX044920.1
OG0015547	GWHPBPAQ019071	JLX045240.1
OG0015548	GWHPBPAQ019075	JLX042490.1
OG0015549	GWHPBPAQ019077	JLX044770.1
OG0015550	GWHPBPAQ019079	JLX042500.1
OG0015551	GWHPBPAQ019083	JLX046630.1
OG0015552	GWHPBPAQ019084	JLX043280.1
OG0015553	GWHPBPAQ019085	JLX045580.1
OG0015554	GWHPBPAQ019088	JLX043130.1
OG0015555	GWHPBPAQ019089	JLX044980.1
OG0015556	GWHPBPAQ019090	JLX043490.1
OG0015557	GWHPBPAQ019091	JLX043270.1
OG0015558	GWHPBPAQ019093	JLX044730.1
OG0015559	GWHPBPAQ019094	JLX043460.1
OG0015560	GWHPBPAQ019099	JLX045160.1
OG0015561	GWHPBPAQ019102	JLX045750.1
OG0015562	GWHPBPAQ019104	JLX042580.1
OG0015563	GWHPBPAQ019110	JLX043320.1
OG0015564	GWHPBPAQ019111	JLX046180.1
OG0015565	GWHPBPAQ019112	JLX044870.1
OG0015566	GWHPBPAQ019114	JLX043010.1
OG0015567	GWHPBPAQ019115	JLX044120.1
OG0015568	GWHPBPAQ019116	JLX044400.1
OG0015569	GWHPBPAQ019120, GWHPBPAQ019126	
OG0015570	GWHPBPAQ019130	JLX052280.1
OG0015571	GWHPBPAQ019132	JLX052430.1
OG0015572	GWHPBPAQ019135	JLX052310.1
OG0015573	GWHPBPAQ019137	JLX052530.1
OG0015574	GWHPBPAQ019144	JLX052500.1
OG0015575	GWHPBPAQ019146	JLX052480.1
OG0015576	GWHPBPAQ019147	JLX052440.1
OG0015577	GWHPBPAQ019149	JLX052400.1
OG0015578	GWHPBPAQ019152	JLX188030.1
OG0015579	GWHPBPAQ019156	JLX187590.1
OG0015580	GWHPBPAQ019157	JLX188180.1
OG0015581	GWHPBPAQ019158	JLX188150.1
OG0015582	GWHPBPAQ019163	JLX188140.1
OG0015583	GWHPBPAQ019165	JLX187500.1
OG0015584	GWHPBPAQ019167	JLX188070.1
OG0015585	GWHPBPAQ019174	JLX187780.1
OG0015586	GWHPBPAQ019180	JLX187580.1
OG0015587	GWHPBPAQ019181	JLX187470.1
OG0015588	GWHPBPAQ019183	JLX187610.1
OG0015589	GWHPBPAQ019184	JLX187750.1
OG0015590	GWHPBPAQ019185	JLX187560.1
OG0015591	GWHPBPAQ019186	JLX187490.1
OG0015592	GWHPBPAQ019187	JLX187620.1
OG0015593	GWHPBPAQ019189	JLX188110.1
OG0015594	GWHPBPAQ019190	JLX187830.1
OG0015595	GWHPBPAQ019197	JLX187760.1
OG0015596	GWHPBPAQ019204	JLX187740.1
OG0015597	GWHPBPAQ019206	JLX187640.1
OG0015598	GWHPBPAQ019208	JLX187650.1
OG0015599	GWHPBPAQ019214	JLX187970.1
OG0015600	GWHPBPAQ019215	JLX187950.1
OG0015601	GWHPBPAQ019217	JLX187910.1
OG0015602	GWHPBPAQ019233	JLX104660.1
OG0015603	GWHPBPAQ019235	JLX104020.1
OG0015604	GWHPBPAQ019236	JLX102750.1
OG0015605	GWHPBPAQ019237	JLX101860.1
OG0015606	GWHPBPAQ019242	JLX101830.1
OG0015607	GWHPBPAQ019243	JLX106040.1
OG0015608	GWHPBPAQ019245	JLX105480.1
OG0015609	GWHPBPAQ019246	JLX106190.1
OG0015610	GWHPBPAQ019247	JLX102970.1
OG0015611	GWHPBPAQ019248	JLX103950.1
OG0015612	GWHPBPAQ019250	JLX105030.1
OG0015613	GWHPBPAQ019255	JLX100660.1
OG0015614	GWHPBPAQ019259	JLX105220.1
OG0015615	GWHPBPAQ019261	JLX103280.1
OG0015616	GWHPBPAQ019262	JLX100850.1
OG0015617	GWHPBPAQ019264	JLX102030.1
OG0015618	GWHPBPAQ019266	JLX107110.1
OG0015619	GWHPBPAQ019267	JLX104470.1
OG0015620	GWHPBPAQ019270	JLX104190.1
OG0015621	GWHPBPAQ019271	JLX102880.1
OG0015622	GWHPBPAQ019275	JLX100780.1
OG0015623	GWHPBPAQ019276	JLX106580.1
OG0015624	GWHPBPAQ019277	JLX107430.1
OG0015625	GWHPBPAQ019278	JLX104100.1
OG0015626	GWHPBPAQ019280	JLX102730.1
OG0015627	GWHPBPAQ019282	JLX107130.1
OG0015628	GWHPBPAQ019284	JLX105380.1
OG0015629	GWHPBPAQ019286	JLX103740.1
OG0015630	GWHPBPAQ019290	JLX106490.1
OG0015631	GWHPBPAQ019291	JLX105810.1
OG0015632	GWHPBPAQ019292	JLX106380.1
OG0015633	GWHPBPAQ019295	JLX102360.1
OG0015634	GWHPBPAQ019296	JLX100650.1
OG0015635	GWHPBPAQ019301	JLX105730.1
OG0015636	GWHPBPAQ019308	JLX106410.1
OG0015637	GWHPBPAQ019309	JLX107520.1
OG0015638	GWHPBPAQ019311	JLX105390.1
OG0015639	GWHPBPAQ019312	JLX100630.1
OG0015640	GWHPBPAQ019313	JLX106870.1
OG0015641	GWHPBPAQ019314	JLX106540.1
OG0015642	GWHPBPAQ019315	JLX102410.1
OG0015643	GWHPBPAQ019316	JLX105020.1
OG0015644	GWHPBPAQ019317	JLX101840.1
OG0015645	GWHPBPAQ019320	JLX103750.1
OG0015646	GWHPBPAQ019321	JLX104640.1
OG0015647	GWHPBPAQ019322	JLX107160.1
OG0015648	GWHPBPAQ019323	JLX103150.1
OG0015649	GWHPBPAQ019325	JLX103070.1
OG0015650	GWHPBPAQ019326	JLX104620.1
OG0015651	GWHPBPAQ019327	JLX102480.1
OG0015652	GWHPBPAQ019328	JLX105780.1
OG0015653	GWHPBPAQ019329	JLX100960.1
OG0015654	GWHPBPAQ019330	JLX101710.1
OG0015655	GWHPBPAQ019331	JLX105900.1
OG0015656	GWHPBPAQ019337	JLX105300.1
OG0015657	GWHPBPAQ019339	JLX102180.1
OG0015658	GWHPBPAQ019341	JLX106460.1
OG0015659	GWHPBPAQ019342	JLX101610.1
OG0015660	GWHPBPAQ019343	JLX106470.1
OG0015661	GWHPBPAQ019345	JLX104850.1
OG0015662	GWHPBPAQ019348	JLX100820.1
OG0015663	GWHPBPAQ019349	JLX105760.1
OG0015664	GWHPBPAQ019350	JLX101730.1
OG0015665	GWHPBPAQ019352	JLX102940.1
OG0015666	GWHPBPAQ019353	JLX107050.1
OG0015667	GWHPBPAQ019358	JLX103960.1
OG0015668	GWHPBPAQ019360	JLX104990.1
OG0015669	GWHPBPAQ019363	JLX101280.1
OG0015670	GWHPBPAQ019364	JLX107330.1
OG0015671	GWHPBPAQ019366	JLX103480.1
OG0015672	GWHPBPAQ019367	JLX105680.1
OG0015673	GWHPBPAQ019369	JLX102080.1
OG0015674	GWHPBPAQ019371	JLX101020.1
OG0015675	GWHPBPAQ019372	JLX103490.1
OG0015676	GWHPBPAQ019373	JLX103320.1
OG0015677	GWHPBPAQ019375	JLX104590.1
OG0015678	GWHPBPAQ019379	JLX105890.1
OG0015679	GWHPBPAQ019380	JLX104940.1
OG0015680	GWHPBPAQ019382	JLX107390.1
OG0015681	GWHPBPAQ019383	JLX106310.1
OG0015682	GWHPBPAQ019384	JLX102010.1
OG0015683	GWHPBPAQ019385	JLX103330.1
OG0015684	GWHPBPAQ019387	JLX103510.1
OG0015685	GWHPBPAQ019389	JLX100810.1
OG0015686	GWHPBPAQ019394	JLX103130.1
OG0015687	GWHPBPAQ019396	JLX102790.1
OG0015688	GWHPBPAQ019402	JLX105450.1
OG0015689	GWHPBPAQ019403	JLX101720.1
OG0015690	GWHPBPAQ019404	JLX100870.1
OG0015691	GWHPBPAQ019405	JLX103790.1
OG0015692	GWHPBPAQ019408	JLX104800.1
OG0015693	GWHPBPAQ019410	JLX106450.1
OG0015694	GWHPBPAQ019413	JLX105620.1
OG0015695	GWHPBPAQ019414	JLX103970.1
OG0015696	GWHPBPAQ019416	JLX105370.1
OG0015697	GWHPBPAQ019419	JLX107190.1
OG0015698	GWHPBPAQ019420	JLX101200.1
OG0015699	GWHPBPAQ019421	JLX101620.1
OG0015700	GWHPBPAQ019422	JLX103910.1
OG0015701	GWHPBPAQ019425	JLX105800.1
OG0015702	GWHPBPAQ019429	JLX103760.1
OG0015703	GWHPBPAQ019430	JLX101090.1
OG0015704	GWHPBPAQ019433	JLX103560.1
OG0015705	GWHPBPAQ019434	JLX104440.1
OG0015706	GWHPBPAQ019436	JLX106670.1
OG0015707	GWHPBPAQ019437	JLX107300.1
OG0015708	GWHPBPAQ019440, GWHPBPAQ019446	
OG0015709	GWHPBPAQ019447	JLX104950.1
OG0015710	GWHPBPAQ019452	JLX106760.1
OG0015711	GWHPBPAQ019453	JLX104840.1
OG0015712	GWHPBPAQ019454	JLX100840.1
OG0015713	GWHPBPAQ019455	JLX100920.1
OG0015714	GWHPBPAQ019456	JLX102850.1
OG0015715	GWHPBPAQ019460	JLX106320.1
OG0015716	GWHPBPAQ019461	JLX106170.1
OG0015717	GWHPBPAQ019464	JLX101220.1
OG0015718	GWHPBPAQ019465	JLX103040.1
OG0015719	GWHPBPAQ019468	JLX103840.1
OG0015720	GWHPBPAQ019469	JLX107020.1
OG0015721	GWHPBPAQ019470	JLX105420.1
OG0015722	GWHPBPAQ019474	JLX101270.1
OG0015723	GWHPBPAQ019475	JLX102910.1
OG0015724	GWHPBPAQ019477	JLX107310.1
OG0015725	GWHPBPAQ019478	JLX101100.1
OG0015726	GWHPBPAQ019480	JLX102440.1
OG0015727	GWHPBPAQ019481	JLX103600.1
OG0015728	GWHPBPAQ019483	JLX106570.1
OG0015729	GWHPBPAQ019484	JLX101320.1
OG0015730	GWHPBPAQ019485	JLX102130.1
OG0015731	GWHPBPAQ019486	JLX101920.1
OG0015732	GWHPBPAQ019487	JLX103540.1
OG0015733	GWHPBPAQ019488	JLX104260.1
OG0015734	GWHPBPAQ019491	JLX106510.1
OG0015735	GWHPBPAQ019492	JLX101030.1
OG0015736	GWHPBPAQ019493	JLX102530.1
OG0015737	GWHPBPAQ019498	JLX106520.1
OG0015738	GWHPBPAQ019500	JLX104340.1
OG0015739	GWHPBPAQ019501	JLX105050.1
OG0015740	GWHPBPAQ019503	JLX100640.1
OG0015741	GWHPBPAQ019504	JLX106880.1
OG0015742	GWHPBPAQ019507	JLX102000.1
OG0015743	GWHPBPAQ019508	JLX106330.1
OG0015744	GWHPBPAQ019509	JLX103140.1
OG0015745	GWHPBPAQ019511	JLX103710.1
OG0015746	GWHPBPAQ019514	JLX104150.1
OG0015747	GWHPBPAQ019516	JLX101370.1
OG0015748	GWHPBPAQ019517	JLX107510.1
OG0015749	GWHPBPAQ019518	JLX101040.1
OG0015750	GWHPBPAQ019520	JLX102370.1
OG0015751	GWHPBPAQ019521	JLX107270.1
OG0015752	GWHPBPAQ019523	JLX104010.1
OG0015753	GWHPBPAQ019527	JLX106010.1
OG0015754	GWHPBPAQ019530	JLX101350.1
OG0015755	GWHPBPAQ019533	JLX104380.1
OG0015756	GWHPBPAQ019534	JLX106770.1
OG0015757	GWHPBPAQ019535	JLX106680.1
OG0015758	GWHPBPAQ019536	JLX101500.1
OG0015759	GWHPBPAQ019539	JLX103360.1
OG0015760	GWHPBPAQ019540	JLX101460.1
OG0015761	GWHPBPAQ019544	JLX104250.1
OG0015762	GWHPBPAQ019545	JLX107240.1
OG0015763	GWHPBPAQ019547	JLX102020.1
OG0015764	GWHPBPAQ019548	JLX101110.1
OG0015765	GWHPBPAQ019549	JLX106590.1
OG0015766	GWHPBPAQ019550	JLX106920.1
OG0015767	GWHPBPAQ019551	JLX106240.1
OG0015768	GWHPBPAQ019552	JLX107320.1
OG0015769	GWHPBPAQ019554	JLX105510.1
OG0015770	GWHPBPAQ019556	JLX100730.1
OG0015771	GWHPBPAQ019558	JLX100600.1
OG0015772	GWHPBPAQ019559	JLX103380.1
OG0015773	GWHPBPAQ019560	JLX103420.1
OG0015774	GWHPBPAQ019561	JLX102290.1
OG0015775	GWHPBPAQ019565	JLX107500.1
OG0015776	GWHPBPAQ019568	JLX107470.1
OG0015777	GWHPBPAQ019569	JLX106620.1
OG0015778	GWHPBPAQ019571	JLX100990.1
OG0015779	GWHPBPAQ019572	JLX102140.1
OG0015780	GWHPBPAQ019573	JLX104210.1
OG0015781	GWHPBPAQ019575	JLX102980.1
OG0015782	GWHPBPAQ019580	JLX107360.1
OG0015783	GWHPBPAQ019581	JLX107350.1
OG0015784	GWHPBPAQ019583	JLX081270.1
OG0015785	GWHPBPAQ019590	JLX101170.1
OG0015786	GWHPBPAQ019591	JLX101980.1
OG0015787	GWHPBPAQ019593	JLX103450.1
OG0015788	GWHPBPAQ019596	JLX104750.1
OG0015789	GWHPBPAQ019597	JLX101570.1
OG0015790	GWHPBPAQ019598	JLX107480.1
OG0015791	GWHPBPAQ019600	JLX105540.1
OG0015792	GWHPBPAQ019601	JLX100950.1
OG0015793	GWHPBPAQ019602	JLX103570.1
OG0015794	GWHPBPAQ019603	JLX105400.1
OG0015795	GWHPBPAQ019605	JLX106990.1
OG0015796	GWHPBPAQ019606	JLX106420.1
OG0015797	GWHPBPAQ019608	JLX105550.1
OG0015798	GWHPBPAQ019609	JLX103250.1
OG0015799	GWHPBPAQ019610	JLX100560.1
OG0015800	GWHPBPAQ019611	JLX101630.1
OG0015801	GWHPBPAQ019616	JLX103650.1
OG0015802	GWHPBPAQ019617	JLX102400.1
OG0015803	GWHPBPAQ019618	JLX102090.1
OG0015804	GWHPBPAQ019622	JLX101130.1
OG0015805	GWHPBPAQ019623	JLX103670.1
OG0015806	GWHPBPAQ019624	JLX101420.1
OG0015807	GWHPBPAQ019625	JLX103930.1
OG0015808	GWHPBPAQ019628	JLX105190.1
OG0015809	GWHPBPAQ019629	JLX107260.1
OG0015810	GWHPBPAQ019630	JLX107080.1
OG0015811	GWHPBPAQ019631	JLX105880.1
OG0015812	GWHPBPAQ019632	JLX101650.1
OG0015813	GWHPBPAQ019633	JLX100790.1
OG0015814	GWHPBPAQ019634	JLX106100.1
OG0015815	GWHPBPAQ019638	JLX101120.1
OG0015816	GWHPBPAQ019639	JLX103730.1
OG0015817	GWHPBPAQ019640	JLX102690.1
OG0015818	GWHPBPAQ019641	JLX104460.1
OG0015819	GWHPBPAQ019643	JLX107100.1
OG0015820	GWHPBPAQ019647	JLX102050.1
OG0015821	GWHPBPAQ019650	JLX105100.1
OG0015822	GWHPBPAQ019653	JLX103300.1
OG0015823	GWHPBPAQ019654	JLX100540.1
OG0015824	GWHPBPAQ019655	JLX101490.1
OG0015825	GWHPBPAQ019657	JLX102460.1
OG0015826	GWHPBPAQ019658	JLX101700.1
OG0015827	GWHPBPAQ019659	JLX105270.1
OG0015828	GWHPBPAQ019660	JLX107420.1
OG0015829	GWHPBPAQ019668	JLX100970.1
OG0015830	GWHPBPAQ019669	JLX102520.1
OG0015831	GWHPBPAQ019670	JLX100580.1
OG0015832	GWHPBPAQ019671	JLX102060.1
OG0015833	GWHPBPAQ019672	JLX105160.1
OG0015834	GWHPBPAQ019674	JLX102190.1
OG0015835	GWHPBPAQ019676	JLX102250.1
OG0015836	GWHPBPAQ019681	JLX106900.1
OG0015837	GWHPBPAQ019682	JLX105790.1
OG0015838	GWHPBPAQ019684	JLX104430.1
OG0015839	GWHPBPAQ019685	JLX103720.1
OG0015840	GWHPBPAQ019686	JLX101810.1
OG0015841	GWHPBPAQ019687	JLX100550.1
OG0015842	GWHPBPAQ019688	JLX107070.1
OG0015843	GWHPBPAQ019691	JLX102040.1
OG0015844	GWHPBPAQ019693	JLX103100.1
OG0015845	GWHPBPAQ019694	JLX104680.1
OG0015846	GWHPBPAQ019698	JLX101330.1
OG0015847	GWHPBPAQ019700	JLX106020.1
OG0015848	GWHPBPAQ019702	JLX104550.1
OG0015849	GWHPBPAQ019703	JLX107380.1
OG0015850	GWHPBPAQ019704	JLX105840.1
OG0015851	GWHPBPAQ019705	JLX101560.1
OG0015852	GWHPBPAQ019706	JLX101660.1
OG0015853	GWHPBPAQ019707	JLX100890.1
OG0015854	GWHPBPAQ019708	JLX102300.1
OG0015855	GWHPBPAQ019709	JLX103440.1
OG0015856	GWHPBPAQ019711	JLX101870.1
OG0015857	GWHPBPAQ019713	JLX100740.1
OG0015858	GWHPBPAQ019722	JLX105910.1
OG0015859	GWHPBPAQ019723	JLX103770.1
OG0015860	GWHPBPAQ019726	JLX102280.1
OG0015861	GWHPBPAQ019727	JLX102150.1
OG0015862	GWHPBPAQ019729	JLX102650.1
OG0015863	GWHPBPAQ019730	JLX103310.1
OG0015864	GWHPBPAQ019735	JLX105010.1
OG0015865	GWHPBPAQ019737	JLX106530.1
OG0015866	GWHPBPAQ019740	JLX102330.1
OG0015867	GWHPBPAQ019742	JLX104370.1
OG0015868	GWHPBPAQ019748	JLX107490.1
OG0015869	GWHPBPAQ019749	JLX104890.1
OG0015870	GWHPBPAQ019750	JLX105330.1
OG0015871	GWHPBPAQ019751	JLX104330.1
OG0015872	GWHPBPAQ019754	JLX105060.1
OG0015873	GWHPBPAQ019756	JLX105920.1
OG0015874	GWHPBPAQ019757	JLX106740.1
OG0015875	GWHPBPAQ019760	JLX102540.1
OG0015876	GWHPBPAQ019761	JLX102560.1
OG0015877	GWHPBPAQ019762	JLX103180.1
OG0015878	GWHPBPAQ019765	JLX105690.1
OG0015879	GWHPBPAQ019766	JLX105930.1
OG0015880	GWHPBPAQ019767	JLX103980.1
OG0015881	GWHPBPAQ019774	JLX100590.1
OG0015882	GWHPBPAQ019775	JLX105500.1
OG0015883	GWHPBPAQ019776	JLX106970.1
OG0015884	GWHPBPAQ019777	JLX106820.1
OG0015885	GWHPBPAQ019779	JLX105280.1
OG0015886	GWHPBPAQ019780	JLX106120.1
OG0015887	GWHPBPAQ019789	JLX106890.1
OG0015888	GWHPBPAQ019791	JLX104140.1
OG0015889	GWHPBPAQ019792	JLX103460.1
OG0015890	GWHPBPAQ019793	JLX105430.1
OG0015891	GWHPBPAQ019795	JLX102470.1
OG0015892	GWHPBPAQ019801	JLX107060.1
OG0015893	GWHPBPAQ019804	JLX105080.1
OG0015894	GWHPBPAQ019805	JLX104730.1
OG0015895	GWHPBPAQ019806	JLX103810.1
OG0015896	GWHPBPAQ019809	JLX101590.1
OG0015897	GWHPBPAQ019810	JLX100710.1
OG0015898	GWHPBPAQ019812	JLX101260.1
OG0015899	GWHPBPAQ019814	JLX105130.1
OG0015900	GWHPBPAQ019816	JLX106750.1
OG0015901	GWHPBPAQ019818	JLX106790.1
OG0015902	GWHPBPAQ019820	JLX104400.1
OG0015903	GWHPBPAQ019823	JLX106030.1
OG0015904	GWHPBPAQ019826	JLX106370.1
OG0015905	GWHPBPAQ019827	JLX102170.1
OG0015906	GWHPBPAQ019828	JLX101150.1
OG0015907	GWHPBPAQ019830	JLX102710.1
OG0015908	GWHPBPAQ019832	JLX104090.1
OG0015909	GWHPBPAQ019834	JLX101890.1
OG0015910	GWHPBPAQ019838	JLX104280.1
OG0015911	GWHPBPAQ019839	JLX103200.1
OG0015912	GWHPBPAQ019840	JLX102600.1
OG0015913	GWHPBPAQ019841	JLX105610.1
OG0015914	GWHPBPAQ019842	JLX104530.1
OG0015915	GWHPBPAQ019843	JLX103780.1
OG0015916	GWHPBPAQ019844	JLX102660.1
OG0015917	GWHPBPAQ019845	JLX102390.1
OG0015918	GWHPBPAQ019850	JLX104560.1
OG0015919	GWHPBPAQ019851	JLX103080.1
OG0015920	GWHPBPAQ019852	JLX106810.1
OG0015921	GWHPBPAQ019855	JLX101990.1
OG0015922	GWHPBPAQ019856	JLX103370.1
OG0015923	GWHPBPAQ019859	JLX102430.1
OG0015924	GWHPBPAQ019861	JLX105560.1
OG0015925	GWHPBPAQ019862	JLX100900.1
OG0015926	GWHPBPAQ019863	JLX102230.1
OG0015927	GWHPBPAQ019864	JLX101600.1
OG0015928	GWHPBPAQ019865	JLX100670.1
OG0015929	GWHPBPAQ019867	JLX103620.1
OG0015930	GWHPBPAQ019870	JLX105340.1
OG0015931	GWHPBPAQ019877	JLX104240.1
OG0015932	GWHPBPAQ019879	JLX102930.1
OG0015933	GWHPBPAQ019881	JLX100830.1
OG0015934	GWHPBPAQ019883	JLX105630.1
OG0015935	GWHPBPAQ019884	JLX104490.1
OG0015936	GWHPBPAQ019885	JLX101390.1
OG0015937	GWHPBPAQ019886	JLX106150.1
OG0015938	GWHPBPAQ019887	JLX104310.1
OG0015939	GWHPBPAQ019888	JLX106360.1
OG0015940	GWHPBPAQ019889	JLX107460.1
OG0015941	GWHPBPAQ019891	JLX102630.1
OG0015942	GWHPBPAQ019893	JLX101300.1
OG0015943	GWHPBPAQ019894	JLX106440.1
OG0015944	GWHPBPAQ019895	JLX101970.1
OG0015945	GWHPBPAQ019898	JLX103500.1
OG0015946	GWHPBPAQ019902	JLX104120.1
OG0015947	GWHPBPAQ019903	JLX105170.1
OG0015948	GWHPBPAQ019905	JLX103270.1
OG0015949	GWHPBPAQ019906	JLX102550.1
OG0015950	GWHPBPAQ019907	JLX101850.1
OG0015951	GWHPBPAQ019908	JLX101290.1
OG0015952	GWHPBPAQ019910	JLX107090.1
OG0015953	GWHPBPAQ019913	JLX104200.1
OG0015954	GWHPBPAQ019919	JLX105260.1
OG0015955	GWHPBPAQ019920	JLX104360.1
OG0015956	GWHPBPAQ019922	JLX100700.1
OG0015957	GWHPBPAQ019924	JLX102320.1
OG0015958	GWHPBPAQ019925	JLX103170.1
OG0015959	GWHPBPAQ019927	JLX100570.1
OG0015960	GWHPBPAQ019928	JLX101480.1
OG0015961	GWHPBPAQ019929	JLX102920.1
OG0015962	GWHPBPAQ019930	JLX105570.1
OG0015963	GWHPBPAQ019931	JLX106430.1
OG0015964	GWHPBPAQ019932	JLX107340.1
OG0015965	GWHPBPAQ019933	JLX101880.1
OG0015966	GWHPBPAQ019934	JLX105970.1
OG0015967	GWHPBPAQ019938	JLX105770.1
OG0015968	GWHPBPAQ019939	JLX100980.1
OG0015969	GWHPBPAQ019940	JLX103470.1
OG0015970	GWHPBPAQ019942	JLX106600.1
OG0015971	GWHPBPAQ019951	JLX100770.1
OG0015972	GWHPBPAQ019957	JLX103430.1
OG0015973	GWHPBPAQ019958	JLX103550.1
OG0015974	GWHPBPAQ019959	JLX102700.1
OG0015975	GWHPBPAQ019960	JLX101530.1
OG0015976	GWHPBPAQ019964	JLX147250.1
OG0015977	GWHPBPAQ019967	JLX145740.1
OG0015978	GWHPBPAQ019969	JLX145950.1
OG0015979	GWHPBPAQ019973	JLX146260.1
OG0015980	GWHPBPAQ019975	JLX145710.1
OG0015981	GWHPBPAQ019976	JLX147120.1
OG0015982	GWHPBPAQ019978	JLX146100.1
OG0015983	GWHPBPAQ019981	JLX148100.1
OG0015984	GWHPBPAQ019986	JLX146090.1
OG0015985	GWHPBPAQ019987	JLX145800.1
OG0015986	GWHPBPAQ019988	JLX148210.1
OG0015987	GWHPBPAQ019994	JLX146510.1
OG0015988	GWHPBPAQ019995	JLX145630.1
OG0015989	GWHPBPAQ019997	JLX146290.1
OG0015990	GWHPBPAQ019998	JLX145110.1
OG0015991	GWHPBPAQ019999	JLX147920.1
OG0015992	GWHPBPAQ020001	JLX146240.1
OG0015993	GWHPBPAQ020002	JLX145890.1
OG0015994	GWHPBPAQ020003	JLX146220.1
OG0015995	GWHPBPAQ020004	JLX147140.1
OG0015996	GWHPBPAQ020007	JLX145310.1
OG0015997	GWHPBPAQ020008	JLX147980.1
OG0015998	GWHPBPAQ020009	JLX145750.1
OG0015999	GWHPBPAQ020012	JLX145790.1
OG0016000	GWHPBPAQ020014	JLX148300.1
OG0016001	GWHPBPAQ020015	JLX145930.1
OG0016002	GWHPBPAQ020016	JLX145560.1
OG0016003	GWHPBPAQ020017	JLX147750.1
OG0016004	GWHPBPAQ020018	JLX147450.1
OG0016005	GWHPBPAQ020019	JLX146830.1
OG0016006	GWHPBPAQ020020	JLX146400.1
OG0016007	GWHPBPAQ020022	JLX147160.1
OG0016008	GWHPBPAQ020025	JLX148270.1
OG0016009	GWHPBPAQ020026	JLX146030.1
OG0016010	GWHPBPAQ020027	JLX146870.1
OG0016011	GWHPBPAQ020028	JLX146310.1
OG0016012	GWHPBPAQ020029	JLX146320.1
OG0016013	GWHPBPAQ020031	JLX147020.1
OG0016014	GWHPBPAQ020032	JLX146250.1
OG0016015	GWHPBPAQ020034	JLX146760.1
OG0016016	GWHPBPAQ020038	JLX146570.1
OG0016017	GWHPBPAQ020042	JLX147650.1
OG0016018	GWHPBPAQ020045	JLX148350.1
OG0016019	GWHPBPAQ020046	JLX145730.1
OG0016020	GWHPBPAQ020055	JLX145290.1
OG0016021	GWHPBPAQ020056	JLX147860.1
OG0016022	GWHPBPAQ020057	JLX146450.1
OG0016023	GWHPBPAQ020058	JLX147370.1
OG0016024	GWHPBPAQ020059	JLX147700.1
OG0016025	GWHPBPAQ020060	JLX145120.1
OG0016026	GWHPBPAQ020062	JLX147320.1
OG0016027	GWHPBPAQ020065	JLX145960.1
OG0016028	GWHPBPAQ020068	JLX148110.1
OG0016029	GWHPBPAQ020069	JLX146500.1
OG0016030	GWHPBPAQ020070	JLX147310.1
OG0016031	GWHPBPAQ020073	JLX146790.1
OG0016032	GWHPBPAQ020074	JLX147260.1
OG0016033	GWHPBPAQ020075	JLX148230.1
OG0016034	GWHPBPAQ020077	JLX145240.1
OG0016035	GWHPBPAQ020079	JLX146840.1
OG0016036	GWHPBPAQ020080, GWHPBPAQ020132	
OG0016037	GWHPBPAQ020082	JLX146140.1
OG0016038	GWHPBPAQ020083	JLX146270.1
OG0016039	GWHPBPAQ020086	JLX145670.1
OG0016040	GWHPBPAQ020087	JLX146300.1
OG0016041	GWHPBPAQ020090	JLX147680.1
OG0016042	GWHPBPAQ020092	JLX147820.1
OG0016043	GWHPBPAQ020096	JLX147360.1
OG0016044	GWHPBPAQ020098	JLX146720.1
OG0016045	GWHPBPAQ020099	JLX145780.1
OG0016046	GWHPBPAQ020100	JLX147670.1
OG0016047	GWHPBPAQ020101	JLX148050.1
OG0016048	GWHPBPAQ020102	JLX147240.1
OG0016049	GWHPBPAQ020103	JLX146800.1
OG0016050	GWHPBPAQ020105	JLX146060.1
OG0016051	GWHPBPAQ020106	JLX147010.1
OG0016052	GWHPBPAQ020108	JLX145170.1
OG0016053	GWHPBPAQ020109	JLX145920.1
OG0016054	GWHPBPAQ020110	JLX146810.1
OG0016055	GWHPBPAQ020112	JLX146980.1
OG0016056	GWHPBPAQ020113	JLX146110.1
OG0016057	GWHPBPAQ020114	JLX145160.1
OG0016058	GWHPBPAQ020115	JLX148380.1
OG0016059	GWHPBPAQ020116	JLX145860.1
OG0016060	GWHPBPAQ020117	JLX146750.1
OG0016061	GWHPBPAQ020118	JLX147660.1
OG0016062	GWHPBPAQ020119	JLX145760.1
OG0016063	GWHPBPAQ020122	JLX147630.1
OG0016064	GWHPBPAQ020126	JLX148080.1
OG0016065	GWHPBPAQ020127	JLX146520.1
OG0016066	GWHPBPAQ020130	JLX145360.1
OG0016067	GWHPBPAQ020131	JLX146130.1
OG0016068	GWHPBPAQ020133	JLX145030.1
OG0016069	GWHPBPAQ020134	JLX147090.1
OG0016070	GWHPBPAQ020136	JLX145600.1
OG0016071	GWHPBPAQ020138	JLX146480.1
OG0016072	GWHPBPAQ020139	JLX147220.1
OG0016073	GWHPBPAQ020149	JLX146610.1
OG0016074	GWHPBPAQ020150	JLX145150.1
OG0016075	GWHPBPAQ020151	JLX145460.1
OG0016076	GWHPBPAQ020153	JLX145100.1
OG0016077	GWHPBPAQ020154	JLX145090.1
OG0016078	GWHPBPAQ020156	JLX147200.1
OG0016079	GWHPBPAQ020158	JLX147170.1
OG0016080	GWHPBPAQ020161	JLX147890.1
OG0016081	GWHPBPAQ020162	JLX148290.1
OG0016082	GWHPBPAQ020163	JLX145220.1
OG0016083	GWHPBPAQ020165	JLX147470.1
OG0016084	GWHPBPAQ020167	JLX147720.1
OG0016085	GWHPBPAQ020168	JLX145400.1
OG0016086	GWHPBPAQ020169	JLX147590.1
OG0016087	GWHPBPAQ020170	JLX145280.1
OG0016088	GWHPBPAQ020173	JLX145570.1
OG0016089	GWHPBPAQ020176	JLX146430.1
OG0016090	GWHPBPAQ020177	JLX146150.1
OG0016091	GWHPBPAQ020178	JLX147040.1
OG0016092	GWHPBPAQ020179	JLX145770.1
OG0016093	GWHPBPAQ020181	JLX145590.1
OG0016094	GWHPBPAQ020189	JLX147530.1
OG0016095	GWHPBPAQ020192	JLX146850.1
OG0016096	GWHPBPAQ020197	JLX147640.1
OG0016097	GWHPBPAQ020199	JLX148440.1
OG0016098	GWHPBPAQ020200	JLX146880.1
OG0016099	GWHPBPAQ020204	JLX148220.1
OG0016100	GWHPBPAQ020210	JLX148360.1
OG0016101	GWHPBPAQ020213	JLX147580.1
OG0016102	GWHPBPAQ020214	JLX146970.1
OG0016103	GWHPBPAQ020224	JLX147490.1
OG0016104	GWHPBPAQ020225	JLX146550.1
OG0016105	GWHPBPAQ020226	JLX145970.1
OG0016106	GWHPBPAQ020227	JLX146930.1
OG0016107	GWHPBPAQ020233	JLX148070.1
OG0016108	GWHPBPAQ020237	JLX146530.1
OG0016109	GWHPBPAQ020239	JLX146420.1
OG0016110	GWHPBPAQ020242	JLX147790.1
OG0016111	GWHPBPAQ020243	JLX146920.1
OG0016112	GWHPBPAQ020244	JLX145440.1
OG0016113	GWHPBPAQ020247	JLX148120.1
OG0016114	GWHPBPAQ020249	JLX147460.1
OG0016115	GWHPBPAQ020251	JLX146730.1
OG0016116	GWHPBPAQ020256	JLX147810.1
OG0016117	GWHPBPAQ020258	JLX146040.1
OG0016118	GWHPBPAQ020259	JLX147730.1
OG0016119	GWHPBPAQ020260	JLX146990.1
OG0016120	GWHPBPAQ020261	JLX147210.1
OG0016121	GWHPBPAQ020263	JLX146950.1
OG0016122	GWHPBPAQ020264	JLX147780.1
OG0016123	GWHPBPAQ020265	JLX145550.1
OG0016124	GWHPBPAQ020272	JLX145680.1
OG0016125	GWHPBPAQ020273	JLX146440.1
OG0016126	GWHPBPAQ020277	JLX147290.1
OG0016127	GWHPBPAQ020278	JLX148370.1
OG0016128	GWHPBPAQ020279	JLX145830.1
OG0016129	GWHPBPAQ020280	JLX145880.1
OG0016130	GWHPBPAQ020281	JLX146900.1
OG0016131	GWHPBPAQ020282	JLX145470.1
OG0016132	GWHPBPAQ020290	JLX145070.1
OG0016133	GWHPBPAQ020293	JLX146620.1
OG0016134	GWHPBPAQ020294	JLX147970.1
OG0016135	GWHPBPAQ020295	JLX145480.1
OG0016136	GWHPBPAQ020302	JLX145350.1
OG0016137	GWHPBPAQ020309	JLX145900.1
OG0016138	GWHPBPAQ020310	JLX148400.1
OG0016139	GWHPBPAQ020311	JLX146960.1
OG0016140	GWHPBPAQ020312	JLX146230.1
OG0016141	GWHPBPAQ020313	JLX146860.1
OG0016142	GWHPBPAQ020316	JLX145450.1
OG0016143	GWHPBPAQ020326	JLX146590.1
OG0016144	GWHPBPAQ020327	JLX147300.1
OG0016145	GWHPBPAQ020328	JLX146370.1
OG0016146	GWHPBPAQ020330	JLX145840.1
OG0016147	GWHPBPAQ020332	JLX146910.1
OG0016148	GWHPBPAQ020335	JLX145380.1
OG0016149	GWHPBPAQ020336	JLX147990.1
OG0016150	GWHPBPAQ020337	JLX145250.1
OG0016151	GWHPBPAQ020346	JLX139500.1
OG0016152	GWHPBPAQ020348	JLX137870.1
OG0016153	GWHPBPAQ020350	JLX139680.1
OG0016154	GWHPBPAQ020351	JLX138330.1
OG0016155	GWHPBPAQ020354	JLX140590.1
OG0016156	GWHPBPAQ020355	JLX139860.1
OG0016157	GWHPBPAQ020356	JLX137320.1
OG0016158	GWHPBPAQ020358	JLX140280.1
OG0016159	GWHPBPAQ020359	JLX140610.1
OG0016160	GWHPBPAQ020360	JLX137780.1
OG0016161	GWHPBPAQ020362	JLX139460.1
OG0016162	GWHPBPAQ020363	JLX140250.1
OG0016163	GWHPBPAQ020364	JLX140510.1
OG0016164	GWHPBPAQ020366	JLX138740.1
OG0016165	GWHPBPAQ020371	JLX138650.1
OG0016166	GWHPBPAQ020372	JLX139150.1
OG0016167	GWHPBPAQ020375	JLX140220.1
OG0016168	GWHPBPAQ020376	JLX137830.1
OG0016169	GWHPBPAQ020378	JLX138050.1
OG0016170	GWHPBPAQ020379	JLX138990.1
OG0016171	GWHPBPAQ020380	JLX139400.1
OG0016172	GWHPBPAQ020382	JLX137240.1
OG0016173	GWHPBPAQ020387	JLX138710.1
OG0016174	GWHPBPAQ020388	JLX137400.1
OG0016175	GWHPBPAQ020389	JLX140380.1
OG0016176	GWHPBPAQ020390	JLX138940.1
OG0016177	GWHPBPAQ020392	JLX137970.1
OG0016178	GWHPBPAQ020393	JLX140440.1
OG0016179	GWHPBPAQ020395	JLX138600.1
OG0016180	GWHPBPAQ020397	JLX137390.1
OG0016181	GWHPBPAQ020398	JLX137990.1
OG0016182	GWHPBPAQ020399	JLX139620.1
OG0016183	GWHPBPAQ020400	JLX140200.1
OG0016184	GWHPBPAQ020402	JLX139050.1
OG0016185	GWHPBPAQ020405	JLX138200.1
OG0016186	GWHPBPAQ020406	JLX140320.1
OG0016187	GWHPBPAQ020408	JLX139550.1
OG0016188	GWHPBPAQ020409	JLX140460.1
OG0016189	GWHPBPAQ020415	JLX139440.1
OG0016190	GWHPBPAQ020417	JLX139740.1
OG0016191	GWHPBPAQ020421	JLX139810.1
OG0016192	GWHPBPAQ020422	JLX138320.1
OG0016193	GWHPBPAQ020423	JLX139650.1
OG0016194	GWHPBPAQ020425	JLX137520.1
OG0016195	GWHPBPAQ020426	JLX140170.1
OG0016196	GWHPBPAQ020431	JLX138660.1
OG0016197	GWHPBPAQ020432	JLX139940.1
OG0016198	GWHPBPAQ020433	JLX139070.1
OG0016199	GWHPBPAQ020434	JLX140520.1
OG0016200	GWHPBPAQ020439	JLX137740.1
OG0016201	GWHPBPAQ020440	JLX140370.1
OG0016202	GWHPBPAQ020442	JLX139160.1
OG0016203	GWHPBPAQ020444	JLX138390.1
OG0016204	GWHPBPAQ020447	JLX140090.1
OG0016205	GWHPBPAQ020448	JLX137190.1
OG0016206	GWHPBPAQ020450	JLX138260.1
OG0016207	GWHPBPAQ020451	JLX140390.1
OG0016208	GWHPBPAQ020452	JLX139360.1
OG0016209	GWHPBPAQ020453	JLX138730.1
OG0016210	GWHPBPAQ020454	JLX136970.1
OG0016211	GWHPBPAQ020455	JLX140030.1
OG0016212	GWHPBPAQ020457	JLX138960.1
OG0016213	GWHPBPAQ020459	JLX137860.1
OG0016214	GWHPBPAQ020463	JLX138620.1
OG0016215	GWHPBPAQ020465	JLX138240.1
OG0016216	GWHPBPAQ020466	JLX137280.1
OG0016217	GWHPBPAQ020467	JLX138570.1
OG0016218	GWHPBPAQ020469	JLX139270.1
OG0016219	GWHPBPAQ020470	JLX140160.1
OG0016220	GWHPBPAQ020473	JLX138400.1
OG0016221	GWHPBPAQ020477	JLX138030.1
OG0016222	GWHPBPAQ020478	JLX139410.1
OG0016223	GWHPBPAQ020480	JLX138280.1
OG0016224	GWHPBPAQ020481	JLX140360.1
OG0016225	GWHPBPAQ020482	JLX140340.1
OG0016226	GWHPBPAQ020483	JLX139480.2
OG0016227	GWHPBPAQ020484	JLX138190.1
OG0016228	GWHPBPAQ020486	JLX139490.1
OG0016229	GWHPBPAQ020487	JLX138310.1
OG0016230	GWHPBPAQ020490	JLX140290.1
OG0016231	GWHPBPAQ020496	JLX137770.1
OG0016232	GWHPBPAQ020499	JLX138110.1
OG0016233	GWHPBPAQ020503	JLX137140.1
OG0016234	GWHPBPAQ020505	JLX140430.1
OG0016235	GWHPBPAQ020506	JLX137640.1
OG0016236	GWHPBPAQ020509	JLX138420.1
OG0016237	GWHPBPAQ020510	JLX138950.1
OG0016238	GWHPBPAQ020511	JLX137500.1
OG0016239	GWHPBPAQ020513	JLX138210.1
OG0016240	GWHPBPAQ020515	JLX140190.1
OG0016241	GWHPBPAQ020516	JLX137410.1
OG0016242	GWHPBPAQ020517	JLX140210.1
OG0016243	GWHPBPAQ020523	JLX139850.1
OG0016244	GWHPBPAQ020524	JLX139790.1
OG0016245	GWHPBPAQ020525	JLX137370.1
OG0016246	GWHPBPAQ020526	JLX137920.1
OG0016247	GWHPBPAQ020527	JLX138980.1
OG0016248	GWHPBPAQ020528	JLX139310.1
OG0016249	GWHPBPAQ020529	JLX140400.1
OG0016250	GWHPBPAQ020530	JLX137600.1
OG0016251	GWHPBPAQ020533	JLX139210.1
OG0016252	GWHPBPAQ020534	JLX138160.1
OG0016253	GWHPBPAQ020535	JLX137530.1
OG0016254	GWHPBPAQ020536	JLX138790.1
OG0016255	GWHPBPAQ020537	JLX139110.1
OG0016256	GWHPBPAQ020538	JLX137010.1
OG0016257	GWHPBPAQ020545	JLX137930.1
OG0016258	GWHPBPAQ020546	JLX138380.1
OG0016259	GWHPBPAQ020548	JLX139800.1
OG0016260	GWHPBPAQ020552	JLX138840.1
OG0016261	GWHPBPAQ020554	JLX138150.1
OG0016262	GWHPBPAQ020556	JLX140110.1
OG0016263	GWHPBPAQ020558	JLX136980.1
OG0016264	GWHPBPAQ020559	JLX137890.1
OG0016265	GWHPBPAQ020560	JLX139010.1
OG0016266	GWHPBPAQ020564	JLX139590.1
OG0016267	GWHPBPAQ020565	JLX139260.1
OG0016268	GWHPBPAQ020567	JLX139350.1
OG0016269	GWHPBPAQ020569	JLX137380.1
OG0016270	GWHPBPAQ020570	JLX137070.1
OG0016271	GWHPBPAQ020571	JLX138560.1
OG0016272	GWHPBPAQ020572	JLX139000.1
OG0016273	GWHPBPAQ020573	JLX140120.1
OG0016274	GWHPBPAQ020576	JLX138010.1
OG0016275	GWHPBPAQ020577	JLX139890.1
OG0016276	GWHPBPAQ020578	JLX137120.1
OG0016277	GWHPBPAQ020580	JLX138890.1
OG0016278	GWHPBPAQ020582	JLX140130.1
OG0016279	GWHPBPAQ020585	JLX137210.1
OG0016280	GWHPBPAQ020588	JLX139510.1
OG0016281	GWHPBPAQ020590	JLX137910.1
OG0016282	GWHPBPAQ020591	JLX138760.1
OG0016283	GWHPBPAQ020595	JLX140560.1
OG0016284	GWHPBPAQ020600	JLX137820.1
OG0016285	GWHPBPAQ020601	JLX138610.1
OG0016286	GWHPBPAQ020605	JLX137620.1
OG0016287	GWHPBPAQ020611	JLX140100.1
OG0016288	GWHPBPAQ020618	JLX140600.1
OG0016289	GWHPBPAQ020619	JLX139430.1
OG0016290	GWHPBPAQ020621	JLX137420.1
OG0016291	GWHPBPAQ020624	JLX140540.1
OG0016292	GWHPBPAQ020625	JLX137850.1
OG0016293	GWHPBPAQ020627	JLX139520.1
OG0016294	GWHPBPAQ020628	JLX137000.1
OG0016295	GWHPBPAQ020630	JLX137580.1
OG0016296	GWHPBPAQ020637	JLX139380.1
OG0016297	GWHPBPAQ020638	JLX137130.1
OG0016298	GWHPBPAQ020642	JLX139140.1
OG0016299	GWHPBPAQ020643	JLX137900.1
OG0016300	GWHPBPAQ020645	JLX137060.1
OG0016301	GWHPBPAQ020651	JLX138470.1
OG0016302	GWHPBPAQ020653	JLX137170.1
OG0016303	GWHPBPAQ020654	JLX138180.1
OG0016304	GWHPBPAQ020655	JLX137940.1
OG0016305	GWHPBPAQ020656	JLX138880.1
OG0016306	GWHPBPAQ020661	JLX139470.1
OG0016307	GWHPBPAQ020663	JLX137470.1
OG0016308	GWHPBPAQ020665	JLX138340.1
OG0016309	GWHPBPAQ020667	JLX139980.1
OG0016310	GWHPBPAQ020668	JLX139720.1
OG0016311	GWHPBPAQ020669	JLX137080.1
OG0016312	GWHPBPAQ020670	JLX137360.1
OG0016313	GWHPBPAQ020671	JLX140420.1
OG0016314	GWHPBPAQ020674	JLX139560.1
OG0016315	GWHPBPAQ020675	JLX138680.1
OG0016316	GWHPBPAQ020679	JLX137490.1
OG0016317	GWHPBPAQ020681	JLX137800.1
OG0016318	GWHPBPAQ020682	JLX137880.1
OG0016319	GWHPBPAQ020683	JLX139580.1
OG0016320	GWHPBPAQ020684	JLX140500.1
OG0016321	GWHPBPAQ020686	JLX140230.1
OG0016322	GWHPBPAQ020687	JLX138910.1
OG0016323	GWHPBPAQ020688	JLX138580.1
OG0016324	GWHPBPAQ020689	JLX137290.1
OG0016325	GWHPBPAQ020690	JLX138550.1
OG0016326	GWHPBPAQ020693	JLX138040.1
OG0016327	GWHPBPAQ020694	JLX138640.1
OG0016328	GWHPBPAQ020695	JLX139120.1
OG0016329	GWHPBPAQ020696	JLX137030.1
OG0016330	GWHPBPAQ020697	JLX138440.1
OG0016331	GWHPBPAQ020698	JLX139240.1
OG0016332	GWHPBPAQ020699	JLX140570.1
OG0016333	GWHPBPAQ020701	JLX137020.1
OG0016334	GWHPBPAQ020705	JLX139390.1
OG0016335	GWHPBPAQ020706	JLX138000.1
OG0016336	GWHPBPAQ020707	JLX137690.1
OG0016337	GWHPBPAQ020708	JLX139420.1
OG0016338	GWHPBPAQ020709	JLX138360.1
OG0016339	GWHPBPAQ020712	JLX139250.1
OG0016340	GWHPBPAQ020716	JLX137810.1
OG0016341	GWHPBPAQ020718	JLX139170.1
OG0016342	GWHPBPAQ020719	JLX139830.1
OG0016343	GWHPBPAQ020727	JLX139660.1
OG0016344	GWHPBPAQ020729	JLX137040.1
OG0016345	GWHPBPAQ020733	JLX139280.1
OG0016346	GWHPBPAQ020734	JLX140050.1
OG0016347	GWHPBPAQ020743	JLX121100.1
OG0016348	GWHPBPAQ020744	JLX121800.1
OG0016349	GWHPBPAQ020745	JLX119900.1
OG0016350	GWHPBPAQ020746	JLX120700.1
OG0016351	GWHPBPAQ020747	JLX119540.1
OG0016352	GWHPBPAQ020749	JLX120050.1
OG0016353	GWHPBPAQ020750	JLX120340.1
OG0016354	GWHPBPAQ020753	JLX120950.1
OG0016355	GWHPBPAQ020754	JLX121820.1
OG0016356	GWHPBPAQ020755	JLX118880.1
OG0016357	GWHPBPAQ020757	JLX119560.1
OG0016358	GWHPBPAQ020758	JLX120540.1
OG0016359	GWHPBPAQ020759	JLX121590.1
OG0016360	GWHPBPAQ020760	JLX119360.1
OG0016361	GWHPBPAQ020761	JLX119380.1
OG0016362	GWHPBPAQ020762	JLX119150.1
OG0016363	GWHPBPAQ020771	JLX119480.1
OG0016364	GWHPBPAQ020772	JLX120460.1
OG0016365	GWHPBPAQ020775	JLX120810.1
OG0016366	GWHPBPAQ020779	JLX120800.1
OG0016367	GWHPBPAQ020782	JLX121200.1
OG0016368	GWHPBPAQ020784	JLX119330.1
OG0016369	GWHPBPAQ020786	JLX120180.1
OG0016370	GWHPBPAQ020787	JLX118820.1
OG0016371	GWHPBPAQ020789	JLX121660.1
OG0016372	GWHPBPAQ020791	JLX119920.1
OG0016373	GWHPBPAQ020794	JLX121400.1
OG0016374	GWHPBPAQ020797	JLX119270.1
OG0016375	GWHPBPAQ020802	JLX119470.1
OG0016376	GWHPBPAQ020803	JLX121360.1
OG0016377	GWHPBPAQ020804	JLX119350.1
OG0016378	GWHPBPAQ020806	JLX121180.1
OG0016379	GWHPBPAQ020807	JLX121110.1
OG0016380	GWHPBPAQ020808	JLX119980.1
OG0016381	GWHPBPAQ020809	JLX119170.1
OG0016382	GWHPBPAQ020810	JLX118980.1
OG0016383	GWHPBPAQ020811	JLX121450.1
OG0016384	GWHPBPAQ020812	JLX120930.1
OG0016385	GWHPBPAQ020814	JLX119220.1
OG0016386	GWHPBPAQ020818	JLX121510.1
OG0016387	GWHPBPAQ020820	JLX120070.1
OG0016388	GWHPBPAQ020823	JLX120270.1
OG0016389	GWHPBPAQ020824	JLX120100.1
OG0016390	GWHPBPAQ020825	JLX121000.1
OG0016391	GWHPBPAQ020828	JLX119780.1
OG0016392	GWHPBPAQ020830	JLX120670.1
OG0016393	GWHPBPAQ020831	JLX121370.1
OG0016394	GWHPBPAQ020835	JLX121860.1
OG0016395	GWHPBPAQ020838	JLX121670.1
OG0016396	GWHPBPAQ020842	JLX120590.1
OG0016397	GWHPBPAQ020843	JLX120290.1
OG0016398	GWHPBPAQ020844	JLX121060.1
OG0016399	GWHPBPAQ020845	JLX121210.1
OG0016400	GWHPBPAQ020847	JLX119040.1
OG0016401	GWHPBPAQ020849	JLX121700.1
OG0016402	GWHPBPAQ020850	JLX121430.1
OG0016403	GWHPBPAQ020852	JLX120400.1
OG0016404	GWHPBPAQ020853	JLX119510.1
OG0016405	GWHPBPAQ020854	JLX121490.1
OG0016406	GWHPBPAQ020855	JLX119300.1
OG0016407	GWHPBPAQ020856	JLX120760.1
OG0016408	GWHPBPAQ020858	JLX119130.1
OG0016409	GWHPBPAQ020860	JLX119880.1
OG0016410	GWHPBPAQ020862	JLX119950.1
OG0016411	GWHPBPAQ020865	JLX121630.1
OG0016412	GWHPBPAQ020867	JLX121340.1
OG0016413	GWHPBPAQ020868	JLX120720.1
OG0016414	GWHPBPAQ020876	JLX120450.1
OG0016415	GWHPBPAQ020882	JLX121790.1
OG0016416	GWHPBPAQ020883	JLX120620.1
OG0016417	GWHPBPAQ020884	JLX121220.1
OG0016418	GWHPBPAQ020885	JLX121740.1
OG0016419	GWHPBPAQ020887	JLX119610.1
OG0016420	GWHPBPAQ020889	JLX119650.1
OG0016421	GWHPBPAQ020892	JLX119800.1
OG0016422	GWHPBPAQ020893	JLX119310.1
OG0016423	GWHPBPAQ020894	JLX121530.1
OG0016424	GWHPBPAQ020895	JLX120650.1
OG0016425	GWHPBPAQ020896	JLX119670.1
OG0016426	GWHPBPAQ020900	JLX119840.1
OG0016427	GWHPBPAQ020902	JLX119280.1
OG0016428	GWHPBPAQ020907	JLX120190.1
OG0016429	GWHPBPAQ020909	JLX119070.1
OG0016430	GWHPBPAQ020913	JLX121680.1
OG0016431	GWHPBPAQ020917	JLX120440.1
OG0016432	GWHPBPAQ020918	JLX179100.1
OG0016433	GWHPBPAQ020919	JLX206500.1
OG0016434	GWHPBPAQ020922	JLX206200.1
OG0016435	GWHPBPAQ020923	JLX206220.1
OG0016436	GWHPBPAQ020925	JLX205810.1
OG0016437	GWHPBPAQ020931	JLX206370.1
OG0016438	GWHPBPAQ020932	JLX206010.1
OG0016439	GWHPBPAQ020933	JLX206000.1
OG0016440	GWHPBPAQ020939	JLX205920.1
OG0016441	GWHPBPAQ020942	JLX206160.1
OG0016442	GWHPBPAQ020943	JLX206280.1
OG0016443	GWHPBPAQ020944	JLX206470.1
OG0016444	GWHPBPAQ020946	JLX206250.1
OG0016445	GWHPBPAQ020948	JLX206130.1
OG0016446	GWHPBPAQ020950	JLX206140.1
OG0016447	GWHPBPAQ020951	JLX206300.1
OG0016448	GWHPBPAQ020952	JLX206050.1
OG0016449	GWHPBPAQ020954	JLX205940.1
OG0016450	GWHPBPAQ020956	JLX206450.1
OG0016451	GWHPBPAQ020960	JLX206390.1
OG0016452	GWHPBPAQ020967	JLX206020.1
OG0016453	GWHPBPAQ020971	JLX206360.1
OG0016454	GWHPBPAQ020972	JLX206330.1
OG0016455	GWHPBPAQ020975	JLX206070.1
OG0016456	GWHPBPAQ020976	JLX205800.1
OG0016457	GWHPBPAQ020981	JLX205780.1
OG0016458	GWHPBPAQ020982	JLX206310.1
OG0016459	GWHPBPAQ020983	JLX205880.1
OG0016460	GWHPBPAQ020994	JLX228410.1
OG0016461	GWHPBPAQ021000	JLX227950.1
OG0016462	GWHPBPAQ021004	JLX228220.1
OG0016463	GWHPBPAQ021006	JLX228190.1
OG0016464	GWHPBPAQ021007	JLX227960.1
OG0016465	GWHPBPAQ021009	JLX228320.1
OG0016466	GWHPBPAQ021014	JLX228260.1
OG0016467	GWHPBPAQ021017	JLX228350.1
OG0016468	GWHPBPAQ021018	JLX227860.1
OG0016469	GWHPBPAQ021019	JLX228280.1
OG0016470	GWHPBPAQ021021	JLX228000.1
OG0016471	GWHPBPAQ021022	JLX228160.1
OG0016472	GWHPBPAQ021024	JLX228310.1
OG0016473	GWHPBPAQ021025	JLX227840.1
OG0016474	GWHPBPAQ021030	JLX228010.1
OG0016475	GWHPBPAQ021034	JLX228270.1
OG0016476	GWHPBPAQ021035	JLX227870.1
OG0016477	GWHPBPAQ021038	JLX228100.1
OG0016478	GWHPBPAQ021039	JLX227980.1
OG0016479	GWHPBPAQ021040	JLX228400.1
OG0016480	GWHPBPAQ021044	JLX227830.1
OG0016481	GWHPBPAQ021045	JLX228030.1
OG0016482	GWHPBPAQ021046	JLX228250.1
OG0016483	GWHPBPAQ021048	JLX000880.1
OG0016484	GWHPBPAQ021051	JLX001470.1
OG0016485	GWHPBPAQ021052	JLX001080.1
OG0016486	GWHPBPAQ021053	JLX001600.1
OG0016487	GWHPBPAQ021057	JLX002020.1
OG0016488	GWHPBPAQ021066	JLX067490.1
OG0016489	GWHPBPAQ021067	JLX066860.1
OG0016490	GWHPBPAQ021079	JLX067070.1
OG0016491	GWHPBPAQ021080	JLX067140.1
OG0016492	GWHPBPAQ021085	JLX067350.1
OG0016493	GWHPBPAQ021089	JLX067430.1
OG0016494	GWHPBPAQ021092	JLX067160.1
OG0016495	GWHPBPAQ021096	JLX066940.1
OG0016496	GWHPBPAQ021098	JLX067330.1
OG0016497	GWHPBPAQ021099	JLX066890.1
OG0016498	GWHPBPAQ021100	JLX067610.1
OG0016499	GWHPBPAQ021102	JLX067750.1
OG0016500	GWHPBPAQ021105	JLX047960.1
OG0016501	GWHPBPAQ021109	JLX067650.1
OG0016502	GWHPBPAQ021111	JLX067530.1
OG0016503	GWHPBPAQ021114	JLX067250.1
OG0016504	GWHPBPAQ021115	JLX067780.1
OG0016505	GWHPBPAQ021118	JLX067570.1
OG0016506	GWHPBPAQ021121	JLX067580.1
OG0016507	GWHPBPAQ021125	JLX067020.1
OG0016508	GWHPBPAQ021130	JLX067520.1
OG0016509	GWHPBPAQ021133	JLX067720.1
OG0016510	GWHPBPAQ021135	JLX067560.1
OG0016511	GWHPBPAQ021139	JLX067630.1
OG0016512	GWHPBPAQ021143	JLX067080.1
OG0016513	GWHPBPAQ021145	JLX067620.1
OG0016514	GWHPBPAQ021148	JLX067150.1
OG0016515	GWHPBPAQ021149	JLX067010.1
OG0016516	GWHPBPAQ021150	JLX066900.1
OG0016517	GWHPBPAQ021153	JLX067180.1
OG0016518	GWHPBPAQ021158	JLX066960.1
OG0016519	GWHPBPAQ021159	JLX067220.1
OG0016520	GWHPBPAQ021160	JLX067100.1
OG0016521	GWHPBPAQ021161	JLX067040.1
OG0016522	GWHPBPAQ021162	JLX067600.1
OG0016523	GWHPBPAQ021170	JLX067420.1
OG0016524	GWHPBPAQ021171	JLX067240.1
OG0016525	GWHPBPAQ021177	JLX189390.1
OG0016526	GWHPBPAQ021178	JLX189770.1
OG0016527	GWHPBPAQ021183	JLX189480.1
OG0016528	GWHPBPAQ021184	JLX189400.1
OG0016529	GWHPBPAQ021188	JLX189160.1
OG0016530	GWHPBPAQ021191	JLX189870.1
OG0016531	GWHPBPAQ021192	JLX189700.1
OG0016532	GWHPBPAQ021195	JLX189670.1
OG0016533	GWHPBPAQ021203	JLX189170.1
OG0016534	GWHPBPAQ021204	JLX189310.1
OG0016535	GWHPBPAQ021205	JLX190030.1
OG0016536	GWHPBPAQ021207	JLX189650.1
OG0016537	GWHPBPAQ021212	JLX189370.1
OG0016538	GWHPBPAQ021214	JLX189760.1
OG0016539	GWHPBPAQ021216	JLX189710.1
OG0016540	GWHPBPAQ021217	JLX189350.1
OG0016541	GWHPBPAQ021221	JLX189250.1
OG0016542	GWHPBPAQ021222	JLX189600.1
OG0016543	GWHPBPAQ021224	JLX189360.1
OG0016544	GWHPBPAQ021226	JLX189620.1
OG0016545	GWHPBPAQ021229	JLX189860.1
OG0016546	GWHPBPAQ021230	JLX189430.1
OG0016547	GWHPBPAQ021232	JLX189180.1
OG0016548	GWHPBPAQ021234	JLX190040.1
OG0016549	GWHPBPAQ021238	JLX189630.1
OG0016550	GWHPBPAQ021239	JLX189810.1
OG0016551	GWHPBPAQ021241	JLX189540.1
OG0016552	GWHPBPAQ021242	JLX189660.1
OG0016553	GWHPBPAQ021253	JLX232170.1
OG0016554	GWHPBPAQ021254	JLX232100.1
OG0016555	GWHPBPAQ021260	JLX232000.1
OG0016556	GWHPBPAQ021265	JLX232040.1
OG0016557	GWHPBPAQ021280	JLX052640.1
OG0016558	GWHPBPAQ021284, GWHPBPAQ021389	
OG0016559	GWHPBPAQ021309	JLX232620.1
OG0016560	GWHPBPAQ021314	JLX232890.1
OG0016561	GWHPBPAQ021322	JLX232730.1
OG0016562	GWHPBPAQ021324	JLX232710.1
OG0016563	GWHPBPAQ021351	JLX232540.1
OG0016564	GWHPBPAQ021353	JLX232260.1
OG0016565	GWHPBPAQ021357	JLX232560.1
OG0016566	GWHPBPAQ021358	JLX232970.1
OG0016567	GWHPBPAQ021370	JLX232780.1
OG0016568	GWHPBPAQ021373	JLX232820.1
OG0016569	GWHPBPAQ021376	JLX232920.1
OG0016570	GWHPBPAQ021387	JLX232270.1
OG0016571	GWHPBPAQ021390	JLX232580.1
OG0016572	GWHPBPAQ021392	JLX232700.1
OG0016573	GWHPBPAQ021394	JLX232600.1
OG0016574	GWHPBPAQ021403	JLX077910.1
OG0016575	GWHPBPAQ021408	JLX077640.1
OG0016576	GWHPBPAQ021419	JLX077630.1
OG0016577	GWHPBPAQ021424	JLX077850.1
OG0016578	GWHPBPAQ021428	JLX077700.1
OG0016579	GWHPBPAQ021435	JLX077970.1
OG0016580	GWHPBPAQ021437	JLX077900.1
OG0016581	GWHPBPAQ021440	JLX077650.1
OG0016582	GWHPBPAQ021442	JLX077920.1
OG0016583	GWHPBPAQ021443	JLX077410.1
OG0016584	GWHPBPAQ021448	JLX077530.1
OG0016585	GWHPBPAQ021450	JLX077570.1
OG0016586	GWHPBPAQ021451	JLX077370.1
OG0016587	GWHPBPAQ021453	JLX077890.1
OG0016588	GWHPBPAQ021461	JLX034750.1
OG0016589	GWHPBPAQ021462	JLX034590.1
OG0016590	GWHPBPAQ021464	JLX033550.1
OG0016591	GWHPBPAQ021470	JLX034420.1
OG0016592	GWHPBPAQ021474, GWHPBPAQ021486	
OG0016593	GWHPBPAQ021477	JLX066520.1
OG0016594	GWHPBPAQ021498	JLX199250.1
OG0016595	GWHPBPAQ021503	JLX207380.1
OG0016596	GWHPBPAQ021504	JLX207220.1
OG0016597	GWHPBPAQ021505	JLX207060.1
OG0016598	GWHPBPAQ021506	JLX207320.1
OG0016599	GWHPBPAQ021507	JLX207010.1
OG0016600	GWHPBPAQ021510	JLX207150.1
OG0016601	GWHPBPAQ021511	JLX206900.1
OG0016602	GWHPBPAQ021512	JLX206940.1
OG0016603	GWHPBPAQ021513	JLX207410.1
OG0016604	GWHPBPAQ021514	JLX207400.1
OG0016605	GWHPBPAQ021515	JLX207330.1
OG0016606	GWHPBPAQ021517	JLX206850.1
OG0016607	GWHPBPAQ021518	JLX207470.1
OG0016608	GWHPBPAQ021522	JLX206660.1
OG0016609	GWHPBPAQ021524	JLX207050.1
OG0016610	GWHPBPAQ021526	JLX207110.1
OG0016611	GWHPBPAQ021527	JLX207280.1
OG0016612	GWHPBPAQ021528	JLX207430.1
OG0016613	GWHPBPAQ021529	JLX207360.1
OG0016614	GWHPBPAQ021531	JLX206920.1
OG0016615	GWHPBPAQ021532	JLX207370.1
OG0016616	GWHPBPAQ021533	JLX206790.1
OG0016617	GWHPBPAQ021536	JLX206620.1
OG0016618	GWHPBPAQ021537	JLX206930.1
OG0016619	GWHPBPAQ021538	JLX206860.1
OG0016620	GWHPBPAQ021540	JLX207350.1
OG0016621	GWHPBPAQ021541	JLX207090.1
OG0016622	GWHPBPAQ021542	JLX206880.1
OG0016623	GWHPBPAQ021544	JLX207040.1
OG0016624	GWHPBPAQ021545	JLX207140.1
OG0016625	GWHPBPAQ021546	JLX207490.1
OG0016626	GWHPBPAQ021549	JLX206720.1
OG0016627	GWHPBPAQ021552	JLX207020.1
OG0016628	GWHPBPAQ021553	JLX206840.1
OG0016629	GWHPBPAQ021559	JLX206550.1
OG0016630	GWHPBPAQ021561	JLX206810.1
OG0016631	GWHPBPAQ021565	JLX207120.1
OG0016632	GWHPBPAQ021566	JLX206710.1
OG0016633	GWHPBPAQ021567	JLX206690.1
OG0016634	GWHPBPAQ021568	JLX206780.1
OG0016635	GWHPBPAQ021569	JLX207230.1
OG0016636	GWHPBPAQ021570	JLX207180.1
OG0016637	GWHPBPAQ021572	JLX207240.1
OG0016638	GWHPBPAQ021574	JLX207190.1
OG0016639	GWHPBPAQ021575	JLX206950.1
OG0016640	GWHPBPAQ021577	JLX207030.1
OG0016641	GWHPBPAQ021579	JLX207340.1
OG0016642	GWHPBPAQ021580	JLX206890.1
OG0016643	GWHPBPAQ021584	JLX206520.1
OG0016644	GWHPBPAQ021586	JLX206760.1
OG0016645	GWHPBPAQ021587	JLX206730.1
OG0016646	GWHPBPAQ021590	JLX206510.1
OG0016647	GWHPBPAQ021599	JLX022070.1
OG0016648	GWHPBPAQ021600	JLX022790.1
OG0016649	GWHPBPAQ021601	JLX022810.1
OG0016650	GWHPBPAQ021603	JLX023610.1
OG0016651	GWHPBPAQ021606	JLX019540.1
OG0016652	GWHPBPAQ021614	JLX020400.1
OG0016653	GWHPBPAQ021623	JLX020200.1
OG0016654	GWHPBPAQ021624	JLX023430.1
OG0016655	GWHPBPAQ021629	JLX022230.1
OG0016656	GWHPBPAQ021630	JLX024510.1
OG0016657	GWHPBPAQ021632	JLX020590.1
OG0016658	GWHPBPAQ021633	JLX019650.1
OG0016659	GWHPBPAQ021638	JLX020600.1
OG0016660	GWHPBPAQ021640	JLX022300.1
OG0016661	GWHPBPAQ021641	JLX022780.1
OG0016662	GWHPBPAQ021644	JLX024340.1
OG0016663	GWHPBPAQ021645	JLX019450.1
OG0016664	GWHPBPAQ021647	JLX023590.1
OG0016665	GWHPBPAQ021652	JLX024570.1
OG0016666	GWHPBPAQ021653	JLX020390.1
OG0016667	GWHPBPAQ021654	JLX023780.1
OG0016668	GWHPBPAQ021655	JLX020760.1
OG0016669	GWHPBPAQ021656	JLX021260.1
OG0016670	GWHPBPAQ021657	JLX022310.1
OG0016671	GWHPBPAQ021658	JLX019320.1
OG0016672	GWHPBPAQ021663	JLX023340.1
OG0016673	GWHPBPAQ021664	JLX022380.1
OG0016674	GWHPBPAQ021665	JLX024580.1
OG0016675	GWHPBPAQ021666	JLX020050.1
OG0016676	GWHPBPAQ021668	JLX022130.1
OG0016677	GWHPBPAQ021669	JLX023110.1
OG0016678	GWHPBPAQ021670	JLX023800.1
OG0016679	GWHPBPAQ021672	JLX019350.1
OG0016680	GWHPBPAQ021673	JLX024550.1
OG0016681	GWHPBPAQ021675	JLX020130.1
OG0016682	GWHPBPAQ021677	JLX020880.1
OG0016683	GWHPBPAQ021682	JLX022550.1
OG0016684	GWHPBPAQ021683	JLX023420.1
OG0016685	GWHPBPAQ021685	JLX023520.1
OG0016686	GWHPBPAQ021686	JLX022620.1
OG0016687	GWHPBPAQ021687	JLX020220.1
OG0016688	GWHPBPAQ021688	JLX019310.1
OG0016689	GWHPBPAQ021689	JLX019250.1
OG0016690	GWHPBPAQ021691	JLX020560.1
OG0016691	GWHPBPAQ021692	JLX020780.1
OG0016692	GWHPBPAQ021693	JLX021880.1
OG0016693	GWHPBPAQ021694	JLX022320.1
OG0016694	GWHPBPAQ021695	JLX020550.1
OG0016695	GWHPBPAQ021699	JLX022670.1
OG0016696	GWHPBPAQ021702	JLX020650.1
OG0016697	GWHPBPAQ021703	JLX022930.1
OG0016698	GWHPBPAQ021707	JLX024220.1
OG0016699	GWHPBPAQ021708	JLX022280.1
OG0016700	GWHPBPAQ021710	JLX024350.1
OG0016701	GWHPBPAQ021715	JLX020180.1
OG0016702	GWHPBPAQ021718	JLX021680.1
OG0016703	GWHPBPAQ021720	JLX022440.1
OG0016704	GWHPBPAQ021721	JLX023070.1
OG0016705	GWHPBPAQ021722	JLX023870.1
OG0016706	GWHPBPAQ021723	JLX024040.1
OG0016707	GWHPBPAQ021726	JLX020770.1
OG0016708	GWHPBPAQ021727	JLX023090.1
OG0016709	GWHPBPAQ021732	JLX020930.1
OG0016710	GWHPBPAQ021733	JLX022990.1
OG0016711	GWHPBPAQ021736	JLX022850.1
OG0016712	GWHPBPAQ021737	JLX023500.1
OG0016713	GWHPBPAQ021748	JLX022010.1
OG0016714	GWHPBPAQ021755	JLX019720.1
OG0016715	GWHPBPAQ021759	JLX023370.1
OG0016716	GWHPBPAQ021760	JLX024250.1
OG0016717	GWHPBPAQ021764	JLX020290.1
OG0016718	GWHPBPAQ021765	JLX023390.1
OG0016719	GWHPBPAQ021772	JLX022340.1
OG0016720	GWHPBPAQ021774	JLX019370.1
OG0016721	GWHPBPAQ021777	JLX020740.1
OG0016722	GWHPBPAQ021779	JLX019910.1
OG0016723	GWHPBPAQ021781	JLX021220.1
OG0016724	GWHPBPAQ021782	JLX020940.1
OG0016725	GWHPBPAQ021783	JLX022860.1
OG0016726	GWHPBPAQ021784	JLX022110.1
OG0016727	GWHPBPAQ021785	JLX024430.1
OG0016728	GWHPBPAQ021788	JLX022450.1
OG0016729	GWHPBPAQ021791	JLX019670.1
OG0016730	GWHPBPAQ021792	JLX020230.1
OG0016731	GWHPBPAQ021794	JLX024070.1
OG0016732	GWHPBPAQ021797	JLX021320.1
OG0016733	GWHPBPAQ021799	JLX020010.1
OG0016734	GWHPBPAQ021802	JLX021890.1
OG0016735	GWHPBPAQ021805	JLX022240.1
OG0016736	GWHPBPAQ021806	JLX024560.1
OG0016737	GWHPBPAQ021807	JLX019560.1
OG0016738	GWHPBPAQ021809	JLX023660.1
OG0016739	GWHPBPAQ021811	JLX020100.1
OG0016740	GWHPBPAQ021814	JLX021180.1
OG0016741	GWHPBPAQ021815	JLX022160.1
OG0016742	GWHPBPAQ021818	JLX019270.1
OG0016743	GWHPBPAQ021822	JLX024400.1
OG0016744	GWHPBPAQ021823	JLX023950.1
OG0016745	GWHPBPAQ021825	JLX024310.1
OG0016746	GWHPBPAQ021826	JLX021840.1
OG0016747	GWHPBPAQ021827	JLX021290.1
OG0016748	GWHPBPAQ021828	JLX023860.1
OG0016749	GWHPBPAQ021829	JLX023140.1
OG0016750	GWHPBPAQ021830	JLX019420.1
OG0016751	GWHPBPAQ021833	JLX020730.1
OG0016752	GWHPBPAQ021835	JLX020330.1
OG0016753	GWHPBPAQ021836	JLX022770.1
OG0016754	GWHPBPAQ021838	JLX020810.1
OG0016755	GWHPBPAQ021839	JLX023240.1
OG0016756	GWHPBPAQ021840	JLX021980.1
OG0016757	GWHPBPAQ021842	JLX023710.1
OG0016758	GWHPBPAQ021845	JLX021640.1
OG0016759	GWHPBPAQ021851	JLX021800.1
OG0016760	GWHPBPAQ021853	JLX023990.1
OG0016761	GWHPBPAQ021854	JLX020530.1
OG0016762	GWHPBPAQ021855	JLX020070.1
OG0016763	GWHPBPAQ021857	JLX020320.1
OG0016764	GWHPBPAQ021858	JLX022150.1
OG0016765	GWHPBPAQ021860	JLX024490.1
OG0016766	GWHPBPAQ021863	JLX024290.1
OG0016767	GWHPBPAQ021864	JLX022040.1
OG0016768	GWHPBPAQ021867	JLX022970.1
OG0016769	GWHPBPAQ021870	JLX021060.1
OG0016770	GWHPBPAQ021871	JLX023680.1
OG0016771	GWHPBPAQ021872	JLX020460.1
OG0016772	GWHPBPAQ021873	JLX024520.1
OG0016773	GWHPBPAQ021875	JLX023170.1
OG0016774	GWHPBPAQ021878	JLX023910.1
OG0016775	GWHPBPAQ021879	JLX022750.1
OG0016776	GWHPBPAQ021881	JLX020970.1
OG0016777	GWHPBPAQ021882	JLX020310.1
OG0016778	GWHPBPAQ021883	JLX019730.1
OG0016779	GWHPBPAQ021884	JLX024670.1
OG0016780	GWHPBPAQ021885	JLX023490.1
OG0016781	GWHPBPAQ021890	JLX020890.1
OG0016782	GWHPBPAQ021892	JLX021440.1
OG0016783	GWHPBPAQ021893	JLX020510.1
OG0016784	GWHPBPAQ021896	JLX022940.1
OG0016785	GWHPBPAQ021898	JLX021860.1
OG0016786	GWHPBPAQ021899	JLX021120.1
OG0016787	GWHPBPAQ021902	JLX019750.1
OG0016788	GWHPBPAQ021904	JLX021520.1
OG0016789	GWHPBPAQ021911	JLX019840.1
OG0016790	GWHPBPAQ021914	JLX022020.1
OG0016791	GWHPBPAQ021918	JLX020270.1
OG0016792	GWHPBPAQ021919	JLX019580.1
OG0016793	GWHPBPAQ021922	JLX023630.1
OG0016794	GWHPBPAQ021926	JLX019690.1
OG0016795	GWHPBPAQ021927	JLX022830.1
OG0016796	GWHPBPAQ021928	JLX022880.1
OG0016797	GWHPBPAQ021929	JLX020960.1
OG0016798	GWHPBPAQ021931	JLX019520.1
OG0016799	GWHPBPAQ021937	JLX021820.1
OG0016800	GWHPBPAQ021938	JLX021780.1
OG0016801	GWHPBPAQ021940	JLX024330.1
OG0016802	GWHPBPAQ021941	JLX021020.1
OG0016803	GWHPBPAQ021948	JLX020250.1
OG0016804	GWHPBPAQ021950	JLX019230.1
OG0016805	GWHPBPAQ021953	JLX020210.1
OG0016806	GWHPBPAQ021957	JLX023850.1
OG0016807	GWHPBPAQ021958	JLX019880.1
OG0016808	GWHPBPAQ021959	JLX022400.1
OG0016809	GWHPBPAQ021963	JLX021770.1
OG0016810	GWHPBPAQ021967	JLX024590.1
OG0016811	GWHPBPAQ021968	JLX024280.1
OG0016812	GWHPBPAQ021972	JLX023400.1
OG0016813	GWHPBPAQ021975	JLX020120.1
OG0016814	GWHPBPAQ021976	JLX019770.1
OG0016815	GWHPBPAQ021977	JLX020430.1
OG0016816	GWHPBPAQ021980	JLX022370.1
OG0016817	GWHPBPAQ021982	JLX023920.1
OG0016818	GWHPBPAQ021983	JLX021720.1
OG0016819	GWHPBPAQ021991	JLX022210.1
OG0016820	GWHPBPAQ021992	JLX019360.1
OG0016821	GWHPBPAQ021993	JLX023150.1
OG0016822	GWHPBPAQ021994	JLX024320.1
OG0016823	GWHPBPAQ022005	JLX020160.1
OG0016824	GWHPBPAQ022010	JLX019970.1
OG0016825	GWHPBPAQ022013	JLX024600.1
OG0016826	GWHPBPAQ022014	JLX022610.1
OG0016827	GWHPBPAQ022016	JLX019710.1
OG0016828	GWHPBPAQ022017	JLX020260.1
OG0016829	GWHPBPAQ022018	JLX020090.1
OG0016830	GWHPBPAQ022019	JLX024240.1
OG0016831	GWHPBPAQ022020	JLX022120.1
OG0016832	GWHPBPAQ022023	JLX023580.1
OG0016833	GWHPBPAQ022024	JLX019490.1
OG0016834	GWHPBPAQ022026	JLX023720.1
OG0016835	GWHPBPAQ022028	JLX021700.1
OG0016836	GWHPBPAQ022030	JLX020410.1
OG0016837	GWHPBPAQ022035	JLX021600.1
OG0016838	GWHPBPAQ022037	JLX019480.1
OG0016839	GWHPBPAQ022038	JLX020680.1
OG0016840	GWHPBPAQ022039	JLX021350.1
OG0016841	GWHPBPAQ022040	JLX023380.1
OG0016842	GWHPBPAQ022041	JLX019290.1
OG0016843	GWHPBPAQ022044	JLX023190.1
OG0016844	GWHPBPAQ022047	JLX021370.1
OG0016845	GWHPBPAQ022049	JLX022560.1
OG0016846	GWHPBPAQ022052	JLX021740.1
OG0016847	GWHPBPAQ022053	JLX019440.1
OG0016848	GWHPBPAQ022054	JLX019890.1
OG0016849	GWHPBPAQ022056	JLX023820.1
OG0016850	GWHPBPAQ022057	JLX023890.1
OG0016851	GWHPBPAQ022058	JLX022910.1
OG0016852	GWHPBPAQ022059	JLX022510.1
OG0016853	GWHPBPAQ022064	JLX023030.1
OG0016854	GWHPBPAQ022065	JLX019390.1
OG0016855	GWHPBPAQ022066	JLX021550.1
OG0016856	GWHPBPAQ022070	JLX022330.1
OG0016857	GWHPBPAQ022073	JLX019200.1
OG0016858	GWHPBPAQ022085	JLX021810.1
OG0016859	GWHPBPAQ022087	JLX023670.1
OG0016860	GWHPBPAQ022090	JLX021110.1
OG0016861	GWHPBPAQ022091	JLX020640.1
OG0016862	GWHPBPAQ022095	JLX021620.1
OG0016863	GWHPBPAQ022096	JLX021690.1
OG0016864	GWHPBPAQ022098	JLX020000.1
OG0016865	GWHPBPAQ022102	JLX023900.1
OG0016866	GWHPBPAQ022104	JLX020630.1
OG0016867	GWHPBPAQ022105	JLX020450.1
OG0016868	GWHPBPAQ022109	JLX022530.1
OG0016869	GWHPBPAQ022113	JLX023540.1
OG0016870	GWHPBPAQ022117	JLX024620.1
OG0016871	GWHPBPAQ022119	JLX019190.1
OG0016872	GWHPBPAQ022125	JLX022570.1
OG0016873	GWHPBPAQ022128	JLX023310.1
OG0016874	GWHPBPAQ022129	JLX021070.1
OG0016875	GWHPBPAQ022133	JLX024530.1
OG0016876	GWHPBPAQ022134	JLX020980.1
OG0016877	GWHPBPAQ022135	JLX023060.1
OG0016878	GWHPBPAQ022137	JLX019780.1
OG0016879	GWHPBPAQ022142	JLX019680.1
OG0016880	GWHPBPAQ022144	JLX019870.1
OG0016881	GWHPBPAQ022149	JLX021340.1
OG0016882	GWHPBPAQ022150	JLX020840.1
OG0016883	GWHPBPAQ022152	JLX019470.1
OG0016884	GWHPBPAQ022153	JLX023230.1
OG0016885	GWHPBPAQ022154	JLX023980.1
OG0016886	GWHPBPAQ022157	JLX022700.1
OG0016887	GWHPBPAQ022158	JLX022090.1
OG0016888	GWHPBPAQ022195	JLX212990.1
OG0016889	GWHPBPAQ022197	JLX082080.1
OG0016890	GWHPBPAQ022199	JLX082170.1
OG0016891	GWHPBPAQ022200	JLX082690.1
OG0016892	GWHPBPAQ022201	JLX082640.1
OG0016893	GWHPBPAQ022203	JLX082140.1
OG0016894	GWHPBPAQ022205	JLX082300.1
OG0016895	GWHPBPAQ022208	JLX082210.1
OG0016896	GWHPBPAQ022209	JLX082010.1
OG0016897	GWHPBPAQ022210	JLX081950.1
OG0016898	GWHPBPAQ022217	JLX082070.1
OG0016899	GWHPBPAQ022220	JLX081910.1
OG0016900	GWHPBPAQ022227	JLX082380.1
OG0016901	GWHPBPAQ022228	JLX082750.1
OG0016902	GWHPBPAQ022231	JLX082730.1
OG0016903	GWHPBPAQ022239	JLX082390.1
OG0016904	GWHPBPAQ022240	JLX075600.1
OG0016905	GWHPBPAQ022243	JLX082660.1
OG0016906	GWHPBPAQ022244	JLX082090.1
OG0016907	GWHPBPAQ022245	JLX082740.1
OG0016908	GWHPBPAQ022251	JLX082670.1
OG0016909	GWHPBPAQ022259	JLX081990.1
OG0016910	GWHPBPAQ022260	JLX082330.1
OG0016911	GWHPBPAQ022261	JLX082130.1
OG0016912	GWHPBPAQ022262	JLX082320.1
OG0016913	GWHPBPAQ022263	JLX082430.1
OG0016914	GWHPBPAQ022270	JLX082760.1
OG0016915	GWHPBPAQ022271	JLX082550.1
OG0016916	GWHPBPAQ022272	JLX189060.1
OG0016917	GWHPBPAQ022295	JLX142300.1
OG0016918	GWHPBPAQ022296	JLX142350.1
OG0016919	GWHPBPAQ022297	JLX142280.1
OG0016920	GWHPBPAQ022298	JLX142340.1
OG0016921	GWHPBPAQ022301	JLX142380.1
OG0016922	GWHPBPAQ022303	JLX077330.1
OG0016923	GWHPBPAQ022306	JLX077220.1
OG0016924	GWHPBPAQ022307	JLX077130.2
OG0016925	GWHPBPAQ022309	JLX077150.1
OG0016926	GWHPBPAQ022312	JLX077250.1
OG0016927	GWHPBPAQ022315	JLX077280.1
OG0016928	GWHPBPAQ022324	JLX016210.1
OG0016929	GWHPBPAQ022325	JLX016250.1
OG0016930	GWHPBPAQ022326	JLX016270.1
OG0016931	GWHPBPAQ022327	JLX016300.1
OG0016932	GWHPBPAQ022328	JLX016180.1
OG0016933	GWHPBPAQ022331	JLX016360.1
OG0016934	GWHPBPAQ022336	JLX016120.1
OG0016935	GWHPBPAQ022337	JLX016310.1
OG0016936	GWHPBPAQ022339	JLX016290.1
OG0016937	GWHPBPAQ022340	JLX016150.1
OG0016938	GWHPBPAQ022341	JLX016260.1
OG0016939	GWHPBPAQ022342	JLX016160.1
OG0016940	GWHPBPAQ022344	JLX016230.1
OG0016941	GWHPBPAQ022347	JLX016330.1
OG0016942	GWHPBPAQ022348	JLX016190.1
OG0016943	GWHPBPAQ022349	JLX217820.1
OG0016944	GWHPBPAQ022350	JLX217440.1
OG0016945	GWHPBPAQ022351	JLX217390.1
OG0016946	GWHPBPAQ022354	JLX217910.1
OG0016947	GWHPBPAQ022356	JLX217430.1
OG0016948	GWHPBPAQ022357	JLX217340.1
OG0016949	GWHPBPAQ022358	JLX217290.1
OG0016950	GWHPBPAQ022360	JLX217920.1
OG0016951	GWHPBPAQ022361	JLX217660.1
OG0016952	GWHPBPAQ022364	JLX217780.1
OG0016953	GWHPBPAQ022365	JLX217930.1
OG0016954	GWHPBPAQ022367	JLX217420.1
OG0016955	GWHPBPAQ022369	JLX217750.1
OG0016956	GWHPBPAQ022371	JLX217380.1
OG0016957	GWHPBPAQ022372	JLX217830.1
OG0016958	GWHPBPAQ022373	JLX217770.1
OG0016959	GWHPBPAQ022380	JLX217560.1
OG0016960	GWHPBPAQ022396	JLX217800.1
OG0016961	GWHPBPAQ022397	JLX218010.1
OG0016962	GWHPBPAQ022401	JLX217720.1
OG0016963	GWHPBPAQ022411	JLX217540.1
OG0016964	GWHPBPAQ022414	JLX217530.1
OG0016965	GWHPBPAQ022415	JLX217400.1
OG0016966	GWHPBPAQ022416	JLX217610.1
OG0016967	GWHPBPAQ022419	JLX002430.1
OG0016968	GWHPBPAQ022421	JLX002380.1
OG0016969	GWHPBPAQ022427	JLX002490.1
OG0016970	GWHPBPAQ022428	JLX002450.1
OG0016971	GWHPBPAQ022429	JLX002470.1
OG0016972	GWHPBPAQ022430	JLX002480.1
OG0016973	GWHPBPAQ022440	JLX093550.1
OG0016974	GWHPBPAQ022441	JLX094650.1
OG0016975	GWHPBPAQ022443	JLX093640.1
OG0016976	GWHPBPAQ022444	JLX093790.1
OG0016977	GWHPBPAQ022446	JLX094860.1
OG0016978	GWHPBPAQ022447	JLX093450.1
OG0016979	GWHPBPAQ022449	JLX094190.1
OG0016980	GWHPBPAQ022455	JLX094460.1
OG0016981	GWHPBPAQ022456	JLX094100.1
OG0016982	GWHPBPAQ022457	JLX094470.1
OG0016983	GWHPBPAQ022458	JLX094910.1
OG0016984	GWHPBPAQ022459	JLX093990.1
OG0016985	GWHPBPAQ022460	JLX094770.1
OG0016986	GWHPBPAQ022461	JLX094900.1
OG0016987	GWHPBPAQ022464	JLX094070.1
OG0016988	GWHPBPAQ022466	JLX094520.1
OG0016989	GWHPBPAQ022467	JLX094590.1
OG0016990	GWHPBPAQ022468	JLX094120.1
OG0016991	GWHPBPAQ022469	JLX094390.1
OG0016992	GWHPBPAQ022472	JLX094980.1
OG0016993	GWHPBPAQ022476	JLX094560.1
OG0016994	GWHPBPAQ022477	JLX094240.1
OG0016995	GWHPBPAQ022478	JLX093370.1
OG0016996	GWHPBPAQ022482	JLX093530.1
OG0016997	GWHPBPAQ022484	JLX094780.1
OG0016998	GWHPBPAQ022486	JLX164450.1
OG0016999	GWHPBPAQ022487	JLX093380.1
OG0017000	GWHPBPAQ022491	JLX094680.1
OG0017001	GWHPBPAQ022494	JLX093650.1
OG0017002	GWHPBPAQ022495	JLX095040.1
OG0017003	GWHPBPAQ022505	JLX095240.1
OG0017004	GWHPBPAQ022510	JLX094060.1
OG0017005	GWHPBPAQ022511	JLX093470.1
OG0017006	GWHPBPAQ022512	JLX095070.1
OG0017007	GWHPBPAQ022519, GWHPBPAQ022791	
OG0017008	GWHPBPAQ022520	JLX093840.1
OG0017009	GWHPBPAQ022525	JLX094950.1
OG0017010	GWHPBPAQ022528	JLX095120.1
OG0017011	GWHPBPAQ022529	JLX093560.1
OG0017012	GWHPBPAQ022532, GWHPBPAQ022535	
OG0017013	GWHPBPAQ022534	JLX231890.1
OG0017014	GWHPBPAQ022538	JLX094310.1
OG0017015	GWHPBPAQ022540	JLX094750.1
OG0017016	GWHPBPAQ022541	JLX093520.1
OG0017017	GWHPBPAQ022543	JLX095230.1
OG0017018	GWHPBPAQ022544	JLX093410.1
OG0017019	GWHPBPAQ022547	JLX094740.1
OG0017020	GWHPBPAQ022548	JLX093730.1
OG0017021	GWHPBPAQ022557	JLX093810.1
OG0017022	GWHPBPAQ022559	JLX094280.1
OG0017023	GWHPBPAQ022563	JLX095250.1
OG0017024	GWHPBPAQ022567	JLX093800.1
OG0017025	GWHPBPAQ022573	JLX094480.1
OG0017026	GWHPBPAQ022574	JLX094260.1
OG0017027	GWHPBPAQ022575	JLX094630.1
OG0017028	GWHPBPAQ022576	JLX094290.1
OG0017029	GWHPBPAQ022578	JLX095080.1
OG0017030	GWHPBPAQ022580	JLX093870.1
OG0017031	GWHPBPAQ022581	JLX093950.1
OG0017032	GWHPBPAQ022583	JLX094790.1
OG0017033	GWHPBPAQ022584	JLX094850.1
OG0017034	GWHPBPAQ022585	JLX094360.1
OG0017035	GWHPBPAQ022586	JLX094420.1
OG0017036	GWHPBPAQ022589	JLX094920.1
OG0017037	GWHPBPAQ022591	JLX095090.1
OG0017038	GWHPBPAQ022593	JLX094990.1
OG0017039	GWHPBPAQ022594	JLX093620.1
OG0017040	GWHPBPAQ022608	JLX095350.1
OG0017041	GWHPBPAQ022610	JLX009950.1
OG0017042	GWHPBPAQ022612	JLX009960.1
OG0017043	GWHPBPAQ022614	JLX095480.1
OG0017044	GWHPBPAQ022623	JLX165310.1
OG0017045	GWHPBPAQ022624	JLX165710.1
OG0017046	GWHPBPAQ022627	JLX165590.1
OG0017047	GWHPBPAQ022638	JLX165940.1
OG0017048	GWHPBPAQ022640	JLX165440.1
OG0017049	GWHPBPAQ022641	JLX165300.1
OG0017050	GWHPBPAQ022643	JLX165400.1
OG0017051	GWHPBPAQ022645	JLX165990.1
OG0017052	GWHPBPAQ022650	JLX165750.1
OG0017053	GWHPBPAQ022653	JLX165360.1
OG0017054	GWHPBPAQ022654	JLX165340.1
OG0017055	GWHPBPAQ022656	JLX165960.1
OG0017056	GWHPBPAQ022659	JLX166080.1
OG0017057	GWHPBPAQ022663	JLX165780.1
OG0017058	GWHPBPAQ022665	JLX165320.1
OG0017059	GWHPBPAQ022666	JLX165380.1
OG0017060	GWHPBPAQ022672	JLX165540.1
OG0017061	GWHPBPAQ022677, GWHPBPAQ022678	
OG0017062	GWHPBPAQ022681	JLX165690.1
OG0017063	GWHPBPAQ022682	JLX165570.1
OG0017064	GWHPBPAQ022684	JLX165640.1
OG0017065	GWHPBPAQ022685	JLX165980.1
OG0017066	GWHPBPAQ022688	JLX165630.1
OG0017067	GWHPBPAQ022689	JLX165470.1
OG0017068	GWHPBPAQ022693	JLX166020.1
OG0017069	GWHPBPAQ022709	JLX050540.1
OG0017070	GWHPBPAQ022710	JLX051750.1
OG0017071	GWHPBPAQ022711	JLX050980.1
OG0017072	GWHPBPAQ022714	JLX052220.1
OG0017073	GWHPBPAQ022716	JLX051070.1
OG0017074	GWHPBPAQ022718	JLX051440.1
OG0017075	GWHPBPAQ022719	JLX051860.1
OG0017076	GWHPBPAQ022720	JLX051480.1
OG0017077	GWHPBPAQ022721	JLX050290.1
OG0017078	GWHPBPAQ022723	JLX051340.1
OG0017079	GWHPBPAQ022724	JLX050550.1
OG0017080	GWHPBPAQ022725	JLX051190.1
OG0017081	GWHPBPAQ022727	JLX051320.1
OG0017082	GWHPBPAQ022732	JLX050520.1
OG0017083	GWHPBPAQ022733	JLX051560.1
OG0017084	GWHPBPAQ022734	JLX051790.1
OG0017085	GWHPBPAQ022738	JLX050920.1
OG0017086	GWHPBPAQ022744	JLX050840.1
OG0017087	GWHPBPAQ022745	JLX051920.1
OG0017088	GWHPBPAQ022746	JLX051580.1
OG0017089	GWHPBPAQ022749	JLX050930.1
OG0017090	GWHPBPAQ022752	JLX052060.1
OG0017091	GWHPBPAQ022755	JLX050330.1
OG0017092	GWHPBPAQ022760	JLX051850.1
OG0017093	GWHPBPAQ022762	JLX050250.1
OG0017094	GWHPBPAQ022763	JLX051200.1
OG0017095	GWHPBPAQ022764	JLX051150.1
OG0017096	GWHPBPAQ022769	JLX051540.1
OG0017097	GWHPBPAQ022770	JLX050380.1
OG0017098	GWHPBPAQ022771	JLX051810.1
OG0017099	GWHPBPAQ022772	JLX050580.1
OG0017100	GWHPBPAQ022773	JLX051600.1
OG0017101	GWHPBPAQ022774	JLX050610.1
OG0017102	GWHPBPAQ022779	JLX051090.1
OG0017103	GWHPBPAQ022786	JLX051800.1
OG0017104	GWHPBPAQ022787	JLX051840.1
OG0017105	GWHPBPAQ022788	JLX050530.1
OG0017106	GWHPBPAQ022793	JLX050760.1
OG0017107	GWHPBPAQ022795	JLX051230.1
OG0017108	GWHPBPAQ022796	JLX051950.1
OG0017109	GWHPBPAQ022797	JLX051720.1
OG0017110	GWHPBPAQ022798	JLX050390.1
OG0017111	GWHPBPAQ022804	JLX051160.1
OG0017112	GWHPBPAQ022805	JLX052190.1
OG0017113	GWHPBPAQ022812	JLX050620.1
OG0017114	GWHPBPAQ022814	JLX050790.1
OG0017115	GWHPBPAQ022815	JLX052000.1
OG0017116	GWHPBPAQ022819	JLX051410.1
OG0017117	GWHPBPAQ022820	JLX052210.1
OG0017118	GWHPBPAQ022821	JLX050960.1
OG0017119	GWHPBPAQ022822	JLX052140.1
OG0017120	GWHPBPAQ022823	JLX050650.1
OG0017121	GWHPBPAQ022826	JLX050300.1
OG0017122	GWHPBPAQ022830	JLX052180.1
OG0017123	GWHPBPAQ022836	JLX051470.1
OG0017124	GWHPBPAQ022837	JLX050600.1
OG0017125	GWHPBPAQ022838	JLX051450.1
OG0017126	GWHPBPAQ022839	JLX050670.1
OG0017127	GWHPBPAQ022840	JLX050730.1
OG0017128	GWHPBPAQ022841	JLX050700.1
OG0017129	GWHPBPAQ022842	JLX051080.1
OG0017130	GWHPBPAQ022843	JLX050320.1
OG0017131	GWHPBPAQ022844	JLX051020.1
OG0017132	GWHPBPAQ022845	JLX050870.1
OG0017133	GWHPBPAQ022846	JLX050780.1
OG0017134	GWHPBPAQ022853	JLX051550.1
OG0017135	GWHPBPAQ022857	JLX051610.1
OG0017136	GWHPBPAQ022862	JLX051380.1
OG0017137	GWHPBPAQ022863	JLX051330.1
OG0017138	GWHPBPAQ022864	JLX050640.1
OG0017139	GWHPBPAQ022865	JLX050970.1
OG0017140	GWHPBPAQ022868	JLX052130.1
OG0017141	GWHPBPAQ022869	JLX050800.1
OG0017142	GWHPBPAQ022870	JLX050680.1
OG0017143	GWHPBPAQ022873	JLX051050.1
OG0017144	GWHPBPAQ022875	JLX050450.1
OG0017145	GWHPBPAQ022878	JLX050890.1
OG0017146	GWHPBPAQ022880	JLX052170.1
OG0017147	GWHPBPAQ022881	JLX050480.1
OG0017148	GWHPBPAQ022889	JLX051430.1
OG0017149	GWHPBPAQ022892	JLX050910.1
OG0017150	GWHPBPAQ022893	JLX051530.1
OG0017151	GWHPBPAQ022895	JLX051770.1
OG0017152	GWHPBPAQ022896	JLX050740.1
OG0017153	GWHPBPAQ022902	JLX051120.1
OG0017154	GWHPBPAQ022927	JLX088490.1
OG0017155	GWHPBPAQ022929	JLX085260.1
OG0017156	GWHPBPAQ022933	JLX087290.1
OG0017157	GWHPBPAQ022934	JLX088930.1
OG0017158	GWHPBPAQ022936	JLX085770.1
OG0017159	GWHPBPAQ022937	JLX086130.1
OG0017160	GWHPBPAQ022938	JLX087320.1
OG0017161	GWHPBPAQ022939	JLX085870.1
OG0017162	GWHPBPAQ022940	JLX088790.1
OG0017163	GWHPBPAQ022941	JLX085330.1
OG0017164	GWHPBPAQ022942	JLX086380.1
OG0017165	GWHPBPAQ022951	JLX085200.1
OG0017166	GWHPBPAQ022952	JLX087200.1
OG0017167	GWHPBPAQ022954	JLX085640.1
OG0017168	GWHPBPAQ022956	JLX087870.1
OG0017169	GWHPBPAQ022957	JLX087300.1
OG0017170	GWHPBPAQ022960	JLX088180.1
OG0017171	GWHPBPAQ022962	JLX088610.1
OG0017172	GWHPBPAQ022964	JLX086470.1
OG0017173	GWHPBPAQ022966	JLX088340.1
OG0017174	GWHPBPAQ022967	JLX089290.1
OG0017175	GWHPBPAQ022968	JLX086220.1
OG0017176	GWHPBPAQ022974	JLX086280.1
OG0017177	GWHPBPAQ022978	JLX088190.1
OG0017178	GWHPBPAQ022981	JLX086570.1
OG0017179	GWHPBPAQ022983	JLX088550.1
OG0017180	GWHPBPAQ022985	JLX087520.1
OG0017181	GWHPBPAQ022989	JLX086310.1
OG0017182	GWHPBPAQ022994	JLX087000.1
OG0017183	GWHPBPAQ022998	JLX086390.1
OG0017184	GWHPBPAQ022999	JLX085090.1
OG0017185	GWHPBPAQ023005	JLX089070.1
OG0017186	GWHPBPAQ023006	JLX085380.1
OG0017187	GWHPBPAQ023007	JLX088200.1
OG0017188	GWHPBPAQ023008	JLX087230.1
OG0017189	GWHPBPAQ023009	JLX087820.1
OG0017190	GWHPBPAQ023010	JLX089000.1
OG0017191	GWHPBPAQ023012	JLX086520.1
OG0017192	GWHPBPAQ023013	JLX086850.1
OG0017193	GWHPBPAQ023014	JLX088740.1
OG0017194	GWHPBPAQ023017	JLX086350.1
OG0017195	GWHPBPAQ023019	JLX087510.1
OG0017196	GWHPBPAQ023020	JLX089320.1
OG0017197	GWHPBPAQ023023	JLX087560.1
OG0017198	GWHPBPAQ023024	JLX085600.1
OG0017199	GWHPBPAQ023025	JLX086090.1
OG0017200	GWHPBPAQ023027	JLX086860.1
OG0017201	GWHPBPAQ023028	JLX085170.1
OG0017202	GWHPBPAQ023030	JLX088420.1
OG0017203	GWHPBPAQ023031	JLX089100.1
OG0017204	GWHPBPAQ023032	JLX085120.1
OG0017205	GWHPBPAQ023033	JLX086670.1
OG0017206	GWHPBPAQ023034	JLX087270.1
OG0017207	GWHPBPAQ023035	JLX087850.1
OG0017208	GWHPBPAQ023036	JLX085270.1
OG0017209	GWHPBPAQ023037	JLX086680.1
OG0017210	GWHPBPAQ023038	JLX087630.1
OG0017211	GWHPBPAQ023039	JLX088010.1
OG0017212	GWHPBPAQ023041	JLX087070.1
OG0017213	GWHPBPAQ023043	JLX087580.1
OG0017214	GWHPBPAQ023050	JLX086770.1
OG0017215	GWHPBPAQ023051	JLX088800.1
OG0017216	GWHPBPAQ023052	JLX088460.1
OG0017217	GWHPBPAQ023053	JLX085680.1
OG0017218	GWHPBPAQ023054	JLX087620.1
OG0017219	GWHPBPAQ023055	JLX088660.1
OG0017220	GWHPBPAQ023058	JLX087380.1
OG0017221	GWHPBPAQ023059	JLX085910.1
OG0017222	GWHPBPAQ023061, GWHPBPAQ023070	
OG0017223	GWHPBPAQ023063	JLX086480.1
OG0017224	GWHPBPAQ023065	JLX087550.1
OG0017225	GWHPBPAQ023068	JLX085690.1
OG0017226	GWHPBPAQ023071	JLX088630.1
OG0017227	GWHPBPAQ023072	JLX087140.1
OG0017228	GWHPBPAQ023075	JLX086210.1
OG0017229	GWHPBPAQ023076	JLX085310.1
OG0017230	GWHPBPAQ023077	JLX089280.1
OG0017231	GWHPBPAQ023078	JLX087050.1
OG0017232	GWHPBPAQ023079	JLX086050.1
OG0017233	GWHPBPAQ023081	JLX085240.1
OG0017234	GWHPBPAQ023084	JLX088730.1
OG0017235	GWHPBPAQ023089	JLX087110.1
OG0017236	GWHPBPAQ023090	JLX085950.1
OG0017237	GWHPBPAQ023093	JLX086270.1
OG0017238	GWHPBPAQ023094	JLX088360.1
OG0017239	GWHPBPAQ023095	JLX086870.1
OG0017240	GWHPBPAQ023097	JLX089330.1
OG0017241	GWHPBPAQ023098	JLX088120.1
OG0017242	GWHPBPAQ023100	JLX085370.1
OG0017243	GWHPBPAQ023102	JLX087060.1
OG0017244	GWHPBPAQ023104	JLX085820.1
OG0017245	GWHPBPAQ023105	JLX086660.1
OG0017246	GWHPBPAQ023109	JLX085530.1
OG0017247	GWHPBPAQ023110	JLX085660.1
OG0017248	GWHPBPAQ023115	JLX085730.1
OG0017249	GWHPBPAQ023116	JLX088590.1
OG0017250	GWHPBPAQ023117	JLX087480.1
OG0017251	GWHPBPAQ023118	JLX086740.1
OG0017252	GWHPBPAQ023120	JLX088310.1
OG0017253	GWHPBPAQ023123	JLX087720.1
OG0017254	GWHPBPAQ023126	JLX087760.1
OG0017255	GWHPBPAQ023127	JLX088440.1
OG0017256	GWHPBPAQ023136	JLX086800.1
OG0017257	GWHPBPAQ023141	JLX085470.1
OG0017258	GWHPBPAQ023144	JLX085980.1
OG0017259	GWHPBPAQ023147	JLX086290.1
OG0017260	GWHPBPAQ023149	JLX088270.1
OG0017261	GWHPBPAQ023152	JLX085630.1
OG0017262	GWHPBPAQ023153	JLX088600.1
OG0017263	GWHPBPAQ023154	JLX087980.1
OG0017264	GWHPBPAQ023155	JLX085540.1
OG0017265	GWHPBPAQ023157	JLX085150.1
OG0017266	GWHPBPAQ023163	JLX087570.1
OG0017267	GWHPBPAQ023165	JLX089230.1
OG0017268	GWHPBPAQ023166	JLX087640.1
OG0017269	GWHPBPAQ023167	JLX086730.1
OG0017270	GWHPBPAQ023169	JLX088640.1
OG0017271	GWHPBPAQ023170	JLX085070.1
OG0017272	GWHPBPAQ023172	JLX086230.1
OG0017273	GWHPBPAQ023175	JLX086810.1
OG0017274	GWHPBPAQ023176	JLX088170.1
OG0017275	GWHPBPAQ023179	JLX086510.1
OG0017276	GWHPBPAQ023181	JLX087490.1
OG0017277	GWHPBPAQ023192	JLX086650.1
OG0017278	GWHPBPAQ023197	JLX087770.1
OG0017279	GWHPBPAQ023199	JLX085500.1
OG0017280	GWHPBPAQ023203	JLX088760.1
OG0017281	GWHPBPAQ023210	JLX085210.1
OG0017282	GWHPBPAQ023211	JLX086330.1
OG0017283	GWHPBPAQ023212	JLX089270.1
OG0017284	GWHPBPAQ023213	JLX086110.1
OG0017285	GWHPBPAQ023215	JLX088680.1
OG0017286	GWHPBPAQ023217	JLX086400.1
OG0017287	GWHPBPAQ023222	JLX087090.1
OG0017288	GWHPBPAQ023223	JLX086070.1
OG0017289	GWHPBPAQ023225	JLX088470.1
OG0017290	GWHPBPAQ023226	JLX087880.1
OG0017291	GWHPBPAQ023229	JLX088980.1
OG0017292	GWHPBPAQ023233	JLX086560.1
OG0017293	GWHPBPAQ023234	JLX089010.1
OG0017294	GWHPBPAQ023238	JLX086920.1
OG0017295	GWHPBPAQ023240	JLX088620.1
OG0017296	GWHPBPAQ023241	JLX086020.1
OG0017297	GWHPBPAQ023244	JLX087530.1
OG0017298	GWHPBPAQ023245	JLX086260.1
OG0017299	GWHPBPAQ023247	JLX089190.1
OG0017300	GWHPBPAQ023254	JLX085510.1
OG0017301	GWHPBPAQ023255	JLX087020.1
OG0017302	GWHPBPAQ023258	JLX085620.1
OG0017303	GWHPBPAQ023261	JLX088090.1
OG0017304	GWHPBPAQ023262	JLX089220.1
OG0017305	GWHPBPAQ023263	JLX087960.1
OG0017306	GWHPBPAQ023264	JLX086780.1
OG0017307	GWHPBPAQ023266	JLX085890.1
OG0017308	GWHPBPAQ023267	JLX087670.1
OG0017309	GWHPBPAQ023268	JLX087730.1
OG0017310	GWHPBPAQ023269	JLX089090.1
OG0017311	GWHPBPAQ023272	JLX086420.1
OG0017312	GWHPBPAQ023274	JLX086540.1
OG0017313	GWHPBPAQ023275	JLX085780.1
OG0017314	GWHPBPAQ023277	JLX087190.1
OG0017315	GWHPBPAQ023278	JLX086300.1
OG0017316	GWHPBPAQ023279	JLX085140.1
OG0017317	GWHPBPAQ023280	JLX086180.1
OG0017318	GWHPBPAQ023281	JLX086450.1
OG0017319	GWHPBPAQ023282	JLX089340.1
OG0017320	GWHPBPAQ023283	JLX087790.1
OG0017321	GWHPBPAQ023285	JLX086610.1
OG0017322	GWHPBPAQ023287	JLX085970.1
OG0017323	GWHPBPAQ023288	JLX086830.1
OG0017324	GWHPBPAQ023292	JLX086150.1
OG0017325	GWHPBPAQ023294	JLX088020.1
OG0017326	GWHPBPAQ023296	JLX088900.1
OG0017327	GWHPBPAQ023297	JLX085760.1
OG0017328	GWHPBPAQ023298	JLX086880.1
OG0017329	GWHPBPAQ023299	JLX086910.1
OG0017330	GWHPBPAQ023300	JLX088150.1
OG0017331	GWHPBPAQ023301	JLX087240.1
OG0017332	GWHPBPAQ023304	JLX086490.1
OG0017333	GWHPBPAQ023305	JLX087450.1
OG0017334	GWHPBPAQ023306	JLX088770.1
OG0017335	GWHPBPAQ023307	JLX085490.1
OG0017336	GWHPBPAQ023311	JLX087890.1
OG0017337	GWHPBPAQ023312	JLX085080.1
OG0017338	GWHPBPAQ023317	JLX088400.1
OG0017339	GWHPBPAQ023324	JLX088700.1
OG0017340	GWHPBPAQ023325	JLX086010.1
OG0017341	GWHPBPAQ023326	JLX087900.1
OG0017342	GWHPBPAQ023327	JLX088320.1
OG0017343	GWHPBPAQ023328	JLX085340.1
OG0017344	GWHPBPAQ023329	JLX086720.1
OG0017345	GWHPBPAQ023330	JLX088960.1
OG0017346	GWHPBPAQ023331	JLX086100.1
OG0017347	GWHPBPAQ023332	JLX086440.1
OG0017348	GWHPBPAQ023334	JLX088530.1
OG0017349	GWHPBPAQ023335	JLX086970.1
OG0017350	GWHPBPAQ023336	JLX085550.1
OG0017351	GWHPBPAQ023340	JLX088350.5
OG0017352	GWHPBPAQ023342	JLX087740.1
OG0017353	GWHPBPAQ023343	JLX089060.1
OG0017354	GWHPBPAQ023344	JLX085670.1
OG0017355	GWHPBPAQ023347	JLX085430.1
OG0017356	GWHPBPAQ023348	JLX088940.1
OG0017357	GWHPBPAQ023351	JLX088510.1
OG0017358	GWHPBPAQ023352	JLX087280.1
OG0017359	GWHPBPAQ023355	JLX088570.1
OG0017360	GWHPBPAQ023367	JLX216060.1
OG0017361	GWHPBPAQ023368	JLX215300.1
OG0017362	GWHPBPAQ023375	JLX214760.1
OG0017363	GWHPBPAQ023376	JLX216070.1
OG0017364	GWHPBPAQ023378	JLX216050.1
OG0017365	GWHPBPAQ023379	JLX215440.1
OG0017366	GWHPBPAQ023380	JLX216030.1
OG0017367	GWHPBPAQ023382	JLX214980.1
OG0017368	GWHPBPAQ023383	JLX214710.1
OG0017369	GWHPBPAQ023384	JLX215000.1
OG0017370	GWHPBPAQ023385	JLX215010.1
OG0017371	GWHPBPAQ023389	JLX214950.1
OG0017372	GWHPBPAQ023390	JLX214810.1
OG0017373	GWHPBPAQ023393	JLX214550.1
OG0017374	GWHPBPAQ023397	JLX215620.1
OG0017375	GWHPBPAQ023400	JLX215040.1
OG0017376	GWHPBPAQ023402	JLX214870.1
OG0017377	GWHPBPAQ023403	JLX215760.1
OG0017378	GWHPBPAQ023407	JLX215310.1
OG0017379	GWHPBPAQ023408	JLX215850.1
OG0017380	GWHPBPAQ023409	JLX215090.1
OG0017381	GWHPBPAQ023410	JLX214890.1
OG0017382	GWHPBPAQ023412	JLX215720.1
OG0017383	GWHPBPAQ023414	JLX214440.1
OG0017384	GWHPBPAQ023415	JLX215700.1
OG0017385	GWHPBPAQ023417	JLX214470.1
OG0017386	GWHPBPAQ023418	JLX215340.1
OG0017387	GWHPBPAQ023419	JLX215230.1
OG0017388	GWHPBPAQ023420	JLX216100.1
OG0017389	GWHPBPAQ023421	JLX214580.1
OG0017390	GWHPBPAQ023422	JLX216040.1
OG0017391	GWHPBPAQ023425	JLX215870.1
OG0017392	GWHPBPAQ023426	JLX215060.3
OG0017393	GWHPBPAQ023427	JLX215350.1
OG0017394	GWHPBPAQ023428	JLX214570.1
OG0017395	GWHPBPAQ023429	JLX215750.1
OG0017396	GWHPBPAQ023433	JLX215940.1
OG0017397	GWHPBPAQ023435	JLX214690.1
OG0017398	GWHPBPAQ023436	JLX215560.1
OG0017399	GWHPBPAQ023437	JLX214490.1
OG0017400	GWHPBPAQ023439	JLX214620.1
OG0017401	GWHPBPAQ023442	JLX215280.1
OG0017402	GWHPBPAQ023443	JLX216020.1
OG0017403	GWHPBPAQ023444	JLX215390.1
OG0017404	GWHPBPAQ023449	JLX214540.1
OG0017405	GWHPBPAQ023450	JLX215520.1
OG0017406	GWHPBPAQ023451	JLX214680.1
OG0017407	GWHPBPAQ023453	JLX215980.1
OG0017408	GWHPBPAQ023454	JLX215200.1
OG0017409	GWHPBPAQ023457	JLX215960.1
OG0017410	GWHPBPAQ023467	JLX214990.1
OG0017411	GWHPBPAQ023468	JLX215910.1
OG0017412	GWHPBPAQ023469	JLX214410.1
OG0017413	GWHPBPAQ023470	JLX215600.1
OG0017414	GWHPBPAQ023471	JLX214420.1
OG0017415	GWHPBPAQ023473	JLX214960.1
OG0017416	GWHPBPAQ023475	JLX215450.1
OG0017417	GWHPBPAQ023476	JLX215480.1
OG0017418	GWHPBPAQ023478	JLX215800.1
OG0017419	GWHPBPAQ023479	JLX214830.1
OG0017420	GWHPBPAQ023482	JLX215050.1
OG0017421	GWHPBPAQ023483	JLX215510.1
OG0017422	GWHPBPAQ023484	JLX214600.1
OG0017423	GWHPBPAQ023486	JLX214820.1
OG0017424	GWHPBPAQ023488	JLX215100.1
OG0017425	GWHPBPAQ023492	JLX215210.1
OG0017426	GWHPBPAQ023493	JLX215160.1
OG0017427	GWHPBPAQ023494	JLX216000.1
OG0017428	GWHPBPAQ023498	JLX214480.1
OG0017429	GWHPBPAQ023499	JLX214380.1
OG0017430	GWHPBPAQ023503	JLX215500.1
OG0017431	GWHPBPAQ023509	JLX214660.1
OG0017432	GWHPBPAQ023517	JLX214700.1
OG0017433	GWHPBPAQ023519	JLX215840.1
OG0017434	GWHPBPAQ023520	JLX214640.1
OG0017435	GWHPBPAQ023521	JLX215400.1
OG0017436	GWHPBPAQ023523	JLX215130.1
OG0017437	GWHPBPAQ023525	JLX216120.1
OG0017438	GWHPBPAQ023526	JLX215360.1
OG0017439	GWHPBPAQ023527	JLX214630.1
OG0017440	GWHPBPAQ023529	JLX216080.1
OG0017441	GWHPBPAQ023533	JLX215330.1
OG0017442	GWHPBPAQ023534	JLX216010.1
OG0017443	GWHPBPAQ023535	JLX215030.1
OG0017444	GWHPBPAQ023536	JLX214520.1
OG0017445	GWHPBPAQ023537	JLX215670.1
OG0017446	GWHPBPAQ023539	JLX214740.1
OG0017447	GWHPBPAQ023542	JLX215190.1
OG0017448	GWHPBPAQ023543	JLX215590.1
OG0017449	GWHPBPAQ023544	JLX215580.1
OG0017450	GWHPBPAQ023547	JLX214460.1
OG0017451	GWHPBPAQ023548	JLX214850.1
OG0017452	Null	JLX148600.1, JLX209800.1
OG0017453	Null	JLX033870.2, JLX033870.3
OG0017454	Null	JLX031550.1, JLX099590.1
OG0017455	Null	JLX027010.1, JLX191520.1
OG0017456	Null	JLX000760.1, JLX000760.2
OG0017457	Null	JLX057790.1, JLX186860.1
OG0017458	Null	JLX138520.1, JLX138520.2
OG0017459	Null	JLX220930.1, JLX229340.1
OG0017460	Null	JLX042690.1, JLX043210.1
OG0017461	Null	JLX232060.1, JLX232060.2
OG0017462	Null	JLX005240.1, JLX005240.2
OG0017463	Null	JLX076180.1, JLX180190.1
OG0017464	Null	JLX027440.1, JLX036880.1
OG0017465	Null	JLX174990.1, JLX181580.1
OG0017466	Null	JLX026620.1, JLX026790.1
OG0017467	Null	JLX135570.3, JLX135570.4
OG0017468	Null	JLX224610.2, JLX224610.3
OG0017469	Null	JLX136260.1, JLX225820.1
OG0017470	Null	JLX147100.1, JLX147870.1
OG0017471	Null	JLX209890.1, JLX209890.2
OG0017472	Null	JLX045080.1, JLX046050.1
OG0017473	Null	JLX129570.1, JLX129570.2
OG0017474	Null	JLX026840.1, JLX059150.1
OG0017475	Null	JLX137460.1, JLX137460.2
OG0017476	Null	JLX066750.1, JLX081850.1
OG0017477	Null	JLX189280.1, JLX189280.2
OG0017478	Null	JLX030710.2, JLX030710.3
OG0017479	Null	JLX026750.1, JLX170580.1
OG0017480	Null	JLX178350.1, JLX207520.1
OG0017481	Null	JLX231240.1, JLX231470.1
OG0017482	Null	JLX187450.1, JLX232880.1
OG0017483	Null	JLX199230.1, JLX199230.2
OG0017484	Null	JLX152820.1, JLX152820.2
OG0017485	Null	JLX077940.1, JLX232520.1
OG0017486	Null	JLX206150.1, JLX206150.2
OG0017487	Null	JLX032660.1, JLX033520.1
OG0017488	Null	JLX211560.2, JLX211560.3
OG0017489	Null	JLX211580.1, JLX211580.2
OG0017490	Null	JLX120840.1, JLX153000.1
OG0017491	Null	JLX205400.1, JLX208300.1
OG0017492	Null	JLX003180.1, JLX005430.1
OG0017493	Null	JLX002460.1, JLX120970.1
OG0017494	Null	JLX062170.1, JLX187440.1
OG0017495	Null	JLX056490.1, JLX166820.1
OG0017496	Null	JLX208600.1, JLX209410.1
OG0017497	Null	JLX076230.1, JLX086760.1
OG0017498	Null	JLX003630.1, JLX165670.1
OG0017499	Null	JLX042400.1, JLX046610.1
OG0017500	Null	JLX232050.1, JLX232080.1
OG0017501	Null	JLX064650.1, JLX064650.2
OG0017502	Null	JLX140870.1, JLX152430.1
OG0017503	Null	JLX208480.1, JLX208830.1
OG0017504	Null	JLX165810.1, JLX165810.2
OG0017505	Null	JLX057640.1, JLX087940.1
OG0017506	Null	JLX063700.2, JLX063700.3
OG0017507	Null	JLX059310.1, JLX120370.1
OG0017508	Null	JLX040280.1, JLX041690.1
OG0017509	Null	JLX066530.1, JLX228510.1
OG0017510	Null	JLX025850.1, JLX027240.1
OG0017511	Null	JLX190570.1, JLX232650.1
OG0017512	Null	JLX163100.1, JLX163100.3
OG0017513	Null	JLX103610.1, JLX103610.2
OG0017514	Null	JLX076990.1, JLX167870.1
OG0017515	Null	JLX018580.1, JLX021870.1
OG0017516	Null	JLX062410.1, JLX063210.1
OG0017517	Null	JLX121030.1, JLX121030.2
OG0017518	Null	JLX121470.1, JLX227100.1
OG0017519	Null	JLX060320.1, JLX062660.1
OG0017520	Null	JLX052660.1, JLX232030.1
OG0017521	Null	JLX121940.1, JLX230610.1
OG0017522	Null	JLX019570.1, JLX165510.1
OG0017523	Null	JLX095500.1, JLX208350.1
OG0017524	Null	JLX072840.1, JLX174040.1
OG0017525	Null	JLX176130.1, JLX176130.2
OG0017526	Null	JLX139480.1, JLX139480.3
OG0017527	Null	JLX015480.1, JLX015480.2
OG0017528	Null	JLX096380.1, JLX097880.1
OG0017529	Null	JLX180740.1, JLX202440.1
OG0017530	Null	JLX039720.1, JLX115100.1
OG0017531	Null	JLX144190.1, JLX167760.1
OG0017532	Null	JLX036830.1, JLX171690.1
OG0017533	Null	JLX010520.1, JLX010520.2
OG0017534	Null	JLX008480.1, JLX220490.1
OG0017535	Null	JLX208900.3, JLX208900.4
OG0017536	Null	JLX097070.2, JLX207440.1
OG0017537	Null	JLX224750.1, JLX224750.8
OG0017538	Null	JLX147440.1, JLX147440.2
OG0017539	Null	JLX077380.1, JLX187180.1
OG0017540	Null	JLX035280.1, JLX098640.1
OG0017541	Null	JLX077110.1, JLX213000.1
OG0017542	Null	JLX000020.1, JLX076490.1
OG0017543	Null	JLX071330.1, JLX192810.2
OG0017544	Null	JLX000820.1, JLX000820.2
OG0017545	Null	JLX002360.1, JLX152950.1
OG0017546	Null	JLX198940.2, JLX198940.3
OG0017547	Null	JLX095220.1, JLX159720.1
OG0017548	Null	JLX092670.1, JLX092670.3
OG0017549	Null	JLX142050.1, JLX188250.1
OG0017550	Null	JLX211250.1, JLX211250.2
OG0017551	Null	JLX176440.1, JLX176440.2
OG0017552	Null	JLX051640.1, JLX177790.1
OG0017553	Null	JLX000280.1, JLX000280.2
OG0017554	Null	JLX029450.1, JLX100060.1
OG0017555	Null	JLX047760.1, JLX162320.1
OG0017556	Null	JLX078850.1, JLX155140.1
OG0017557	Null	JLX019620.1, JLX019620.2
OG0017558	Null	JLX034210.1, JLX167300.1
OG0017559	Null	JLX029600.1, JLX029810.1
OG0017560	Null	JLX045660.1, JLX098370.1
OG0017561	Null	JLX057670.1, JLX141190.1
OG0017562	Null	JLX000030.1, JLX152690.1
OG0017563	Null	JLX149650.2, JLX149650.3
OG0017564	Null	JLX201160.1, JLX203180.1
OG0017565	Null	JLX066380.1, JLX066380.4
OG0017566	Null	JLX011330.1, JLX013300.1
OG0017567	Null	JLX098550.1, JLX210740.1
OG0017568	Null	JLX052610.1, JLX198430.1
OG0017569	Null	JLX149580.1, JLX149580.3
OG0017570	Null	JLX165390.1, JLX183230.1
OG0017571	Null	JLX163960.1, JLX212170.1
OG0017572	Null	JLX020480.1, JLX022980.1
OG0017573	Null	JLX013540.1, JLX059460.1
OG0017574	Null	JLX049450.1, JLX049450.2
OG0017575	Null	JLX033810.1, JLX033810.2
OG0017576	Null	JLX130020.1, JLX131600.1
OG0017577	Null	JLX002170.1, JLX140650.1
OG0017578	Null	JLX193140.1, JLX193140.2
OG0017579	Null	JLX002200.1, JLX140680.1
OG0017580	Null	JLX002320.1, JLX118040.1
OG0017581	Null	JLX110910.1, JLX190000.1
OG0017582	Null	JLX027480.1, JLX037670.1
OG0017583	Null	JLX161770.1, JLX161770.2
OG0017584	Null	JLX050220.2, JLX090520.1
OG0017585	Null	JLX119630.1, JLX119630.2
OG0017586	Null	JLX187530.1, JLX187870.1
OG0017587	Null	JLX190290.1, JLX191350.1
OG0017588	Null	JLX208240.1, JLX208650.1
OG0017589	Null	JLX148810.1, JLX232660.1
OG0017590	Null	JLX151570.1, JLX151570.2
OG0017591	Null	JLX058950.1, JLX105490.1
OG0017592	Null	JLX205790.1, JLX228200.1
OG0017593	Null	JLX166260.1, JLX189530.1
OG0017594	Null	JLX098890.1, JLX114540.1
OG0017595	Null	JLX010440.1, JLX150670.1
OG0017596	Null	JLX096290.1, JLX098010.1
OG0017597	Null	JLX083460.1, JLX120360.1
OG0017598	Null	JLX033790.1, JLX158820.1
OG0017599	Null	JLX150940.1, JLX197980.1
OG0017600	Null	JLX036580.1, JLX135700.1
OG0017601	Null	JLX060710.1, JLX060710.2
OG0017602	Null	JLX114900.1, JLX114900.2
OG0017603	Null	JLX190690.1, JLX190690.2
OG0017604	Null	JLX170140.1, JLX171800.1
OG0017605	Null	JLX193160.1, JLX194190.1
OG0017606	Null	JLX083450.1, JLX091300.1
OG0017607	Null	JLX207550.1, JLX217940.1
OG0017608	Null	JLX048840.1, JLX207810.1
OG0017609	Null	JLX188300.1, JLX230680.1
OG0017610	Null	JLX018300.1, JLX018300.2
