Orthogroup	Apatococcus_fuscideae-Prasiolales.prot	Apatococcus_lobatus-Prasiolales.prot
OG0000000	KAK9832770.1, KAK9843919.1, KAK9858411.1, KAK9858416.1, KAK9858830.1, KAK9868177.1	KAK9822524.1, KAK9827849.1, KAK9828229.1, KAK9828230.1, KAK9836521.1, KAK9836608.1, KAK9836706.1, KAK9836726.1, KAK9840050.1, KAK9841239.1, KAK9842899.1, KAK9843214.1
OG0000001	KAK9856141.1, KAK9869097.1	KAK9818715.1, KAK9818746.1, KAK9818754.1, KAK9821371.1, KAK9821894.1, KAK9833228.1, KAK9833627.1, KAK9838752.1, KAK9838807.1, KAK9838907.1, KAK9838989.1, KAK9839969.1, KAK9840004.1, KAK9840267.1
OG0000002	KAK9837058.1, KAK9837059.1, KAK9843587.1, KAK9843589.1, KAK9849251.1, KAK9849253.1, KAK9864073.1, KAK9864074.1, KAK9864075.1, KAK9864441.1, KAK9866518.1, KAK9866519.1, KAK9866868.1, KAK9866870.1	KAK9825556.1
OG0000003	KAK9867439.1	KAK9816199.1, KAK9818970.1, KAK9819447.1, KAK9822512.1, KAK9824892.1, KAK9824936.1, KAK9826050.1, KAK9834401.1, KAK9834668.1, KAK9837755.1, KAK9838011.1, KAK9838825.1, KAK9841580.1, KAK9841581.1
OG0000004	Null	KAK9817506.1, KAK9817520.1, KAK9827762.1, KAK9827921.1, KAK9834508.1, KAK9834554.1, KAK9834556.1, KAK9834798.1, KAK9835428.1, KAK9835497.1, KAK9835574.1, KAK9835708.1, KAK9835899.1, KAK9838743.1, KAK9838744.1
OG0000005	KAK9840691.1, KAK9860417.1, KAK9860452.1, KAK9864938.1, KAK9865544.1, KAK9866562.1, KAK9867905.1	KAK9818713.1, KAK9819346.1, KAK9821194.1, KAK9832392.1, KAK9832393.1, KAK9834779.1
OG0000006	KAK9843557.1	KAK9816338.1, KAK9817363.1, KAK9817369.1, KAK9822307.1, KAK9822335.1, KAK9822763.1, KAK9831596.1, KAK9833754.1, KAK9833767.1, KAK9841255.1, KAK9843163.1
OG0000007	KAK9868660.1	KAK9818549.1, KAK9822743.1, KAK9822902.1, KAK9822903.1, KAK9822904.1, KAK9827014.1, KAK9827802.1, KAK9834773.1, KAK9837658.1, KAK9837873.1, KAK9844423.1
OG0000008	KAK9867334.1	KAK9820734.1, KAK9824752.1, KAK9824753.1, KAK9830678.1, KAK9830843.1, KAK9832212.1, KAK9836902.1, KAK9836903.1, KAK9836904.1, KAK9840201.1
OG0000009	Null	KAK9816064.1, KAK9816071.1, KAK9820888.1, KAK9820889.1, KAK9825335.1, KAK9825789.1, KAK9825790.1, KAK9834524.1, KAK9836490.1, KAK9842844.1, KAK9844388.1
OG0000010	Null	KAK9816185.1, KAK9818948.1, KAK9818957.1, KAK9822949.1, KAK9825991.1, KAK9834797.1, KAK9837679.1, KAK9840305.1, KAK9840418.1, KAK9842856.1, KAK9843168.1
OG0000011	KAK9851135.1, KAK9856477.1, KAK9863239.1, KAK9864478.1	KAK9821652.1, KAK9825494.1, KAK9826689.1, KAK9833611.1, KAK9836474.1, KAK9844668.1
OG0000012	KAK9853394.1, KAK9853395.1, KAK9853396.1, KAK9853397.1, KAK9865669.1, KAK9866121.1, KAK9866122.1, KAK9866125.1, KAK9866128.1, KAK9866428.1	
OG0000013	KAK9865412.1	KAK9815998.1, KAK9816381.1, KAK9816390.1, KAK9821150.1, KAK9821180.1, KAK9834635.1, KAK9836749.1, KAK9836870.1, KAK9841508.1
OG0000014	KAK9839400.1	KAK9816410.1, KAK9820878.1, KAK9820879.1, KAK9827895.1, KAK9827896.1, KAK9842734.1, KAK9842881.1, KAK9842882.1
OG0000015	KAK9842430.1, KAK9842431.1, KAK9842432.1, KAK9861494.1, KAK9861495.1, KAK9861500.1	KAK9817564.1, KAK9817565.1, KAK9817566.1
OG0000016	KAK9847607.1, KAK9850110.1, KAK9867481.1, KAK9867766.1	KAK9820699.1, KAK9824882.1, KAK9824946.1, KAK9834470.1, KAK9834541.1
OG0000017	KAK9851908.1, KAK9851909.1, KAK9867949.1, KAK9867950.1, KAK9867951.1, KAK9867952.1, KAK9867953.1, KAK9867954.1	KAK9844569.1
OG0000018	KAK9861551.1	KAK9817500.1, KAK9825060.1, KAK9825112.1, KAK9832247.1, KAK9832248.1, KAK9832249.1, KAK9832347.1, KAK9833679.1
OG0000019	KAK9864713.1, KAK9864714.1, KAK9864715.1, KAK9864716.1	KAK9817584.1, KAK9821006.1, KAK9821007.1, KAK9821008.1, KAK9821056.1
OG0000020	KAK9833244.1	KAK9822285.1, KAK9832254.1, KAK9836788.1, KAK9836918.1, KAK9842988.1, KAK9842989.1, KAK9843228.1
OG0000021	KAK9834083.1	KAK9818594.1, KAK9818595.1, KAK9832271.1, KAK9832399.1, KAK9832400.1, KAK9832401.1, KAK9837754.1
OG0000022	KAK9835940.1, KAK9835941.1, KAK9835942.1, KAK9861929.1, KAK9864028.1, KAK9864029.1	KAK9840446.1, KAK9840447.1
OG0000023	KAK9836215.1, KAK9862768.1, KAK9864851.1, KAK9865250.1, KAK9867774.1	KAK9824937.1, KAK9824947.1, KAK9834408.1
OG0000024	KAK9836216.1, KAK9862773.1, KAK9864730.1, KAK9865247.1, KAK9867781.1	KAK9824888.1, KAK9824926.1, KAK9834664.1
OG0000025	KAK9837382.1, KAK9839598.1, KAK9861263.1, KAK9864613.1, KAK9864789.1, KAK9867641.1, KAK9868179.1	KAK9839942.1
OG0000026	KAK9837548.1, KAK9837549.1, KAK9837550.1, KAK9837551.1, KAK9865987.1, KAK9868396.1, KAK9868397.1, KAK9868398.1	
OG0000027	KAK9838584.1, KAK9857252.1, KAK9866936.1, KAK9867095.1, KAK9868328.1	KAK9825336.1, KAK9828191.1, KAK9844470.1
OG0000028	KAK9846243.1	KAK9817501.1, KAK9817502.1, KAK9826246.1, KAK9826307.1, KAK9826316.1, KAK9826320.1, KAK9826325.1
OG0000029	KAK9856423.1, KAK9856424.1, KAK9856425.1	KAK9821823.1, KAK9821875.1, KAK9825245.1, KAK9825300.1, KAK9826673.1
OG0000030	KAK9862313.1, KAK9862316.1, KAK9868275.1	KAK9825271.1, KAK9826925.1, KAK9827074.1, KAK9827138.1, KAK9834405.1
OG0000031	KAK9862529.1	KAK9817509.1, KAK9817633.1, KAK9826993.1, KAK9844462.1, KAK9844810.1, KAK9844892.1, KAK9844962.1
OG0000032	KAK9863170.1	KAK9832161.1, KAK9832314.1, KAK9835850.1, KAK9844411.1, KAK9844635.1, KAK9844678.1, KAK9844717.1
OG0000033	KAK9864169.1	KAK9818951.1, KAK9822532.1, KAK9825532.1, KAK9825533.1, KAK9833749.1, KAK9835554.1, KAK9835852.1
OG0000034	KAK9866218.1	KAK9819471.1, KAK9821169.1, KAK9826019.1, KAK9827751.1, KAK9827863.1, KAK9835483.1, KAK9835683.1
OG0000035	KAK9831917.1	KAK9816271.1, KAK9833616.1, KAK9833722.1, KAK9837769.1, KAK9838033.1, KAK9844835.1
OG0000036	KAK9832473.1, KAK9835120.1, KAK9860329.1, KAK9863021.1, KAK9864021.1, KAK9865100.1, KAK9868263.1	
OG0000037	KAK9832767.1, KAK9850453.1, KAK9850632.1, KAK9866695.1, KAK9867080.1	KAK9826228.1, KAK9833010.1
OG0000038	KAK9833591.1, KAK9862431.1	KAK9840061.1, KAK9840314.1, KAK9840315.1, KAK9840501.1, KAK9841518.1
OG0000039	KAK9835100.1, KAK9835101.1, KAK9867838.1	KAK9831767.1, KAK9831768.1, KAK9831769.1, KAK9831770.1
OG0000040	KAK9835274.1, KAK9841100.1, KAK9847906.1, KAK9862403.1, KAK9862407.1	KAK9816284.1, KAK9844996.1
OG0000041	KAK9836064.1	KAK9817444.1, KAK9824932.1, KAK9826237.1, KAK9827146.1, KAK9839026.1, KAK9844532.1
OG0000042	KAK9837056.1, KAK9857568.1	KAK9816004.1, KAK9816245.1, KAK9819228.1, KAK9827910.1, KAK9832377.1
OG0000043	KAK9840696.1, KAK9864824.1, KAK9864825.1, KAK9865698.1, KAK9866420.1	KAK9821881.1, KAK9821888.1
OG0000044	KAK9841939.1, KAK9864246.1, KAK9864253.1, KAK9864255.1, KAK9866963.1	KAK9836740.1, KAK9836822.1
OG0000045	KAK9843854.1, KAK9843855.1, KAK9847791.1, KAK9862480.1, KAK9862481.1, KAK9865093.1, KAK9865098.1	
OG0000046	KAK9843923.1, KAK9848337.1, KAK9861119.1	KAK9826319.1, KAK9836509.1, KAK9836848.1, KAK9836921.1
OG0000047	KAK9843927.1, KAK9843928.1, KAK9863894.1, KAK9863895.1	KAK9819451.1, KAK9827888.1, KAK9827889.1
OG0000048	KAK9844241.1, KAK9844242.1, KAK9844243.1, KAK9847601.1, KAK9861166.1, KAK9866517.1, KAK9866555.1	
OG0000049	KAK9846078.1, KAK9846079.1, KAK9846080.1, KAK9846081.1, KAK9846082.1	KAK9839922.1, KAK9839923.1
OG0000050	KAK9850103.1, KAK9850104.1, KAK9850105.1, KAK9850106.1, KAK9850107.1, KAK9864801.1, KAK9864802.1	
OG0000051	KAK9850625.1, KAK9850630.1, KAK9866452.1, KAK9866453.1	KAK9822931.1, KAK9822938.1, KAK9837615.1
OG0000052	KAK9852610.1, KAK9852611.1, KAK9852612.1, KAK9866537.1	KAK9821826.1, KAK9821827.1, KAK9821828.1
OG0000053	KAK9853625.1, KAK9853626.1	KAK9822597.1, KAK9832961.1, KAK9841455.1, KAK9841456.1, KAK9844971.1
OG0000054	KAK9854478.1, KAK9854479.1, KAK9854480.1, KAK9861086.1, KAK9861087.1	KAK9822425.1, KAK9822426.1
OG0000055	KAK9855744.1, KAK9867590.1, KAK9867591.1	KAK9819231.1, KAK9825738.1, KAK9835809.1, KAK9839060.1
OG0000056	KAK9858380.1, KAK9858381.1, KAK9858384.1, KAK9858389.1, KAK9858873.1, KAK9859389.1	KAK9834457.1
OG0000057	KAK9861223.1, KAK9861224.1, KAK9866825.1	KAK9836664.1, KAK9836665.1, KAK9836666.1, KAK9836667.1
OG0000058	KAK9861295.1, KAK9864599.1, KAK9864600.1	KAK9826632.1, KAK9826633.1, KAK9830723.1, KAK9831054.1
OG0000059	KAK9861355.1, KAK9861356.1, KAK9865127.1	KAK9815971.1, KAK9818891.1, KAK9818892.1, KAK9818899.1
OG0000060	KAK9861757.1, KAK9866655.1	KAK9818771.1, KAK9818790.1, KAK9819042.1, KAK9836815.1, KAK9844277.1
OG0000061	KAK9862527.1	KAK9844793.1, KAK9844807.1, KAK9844873.1, KAK9844874.1, KAK9844875.1, KAK9844876.1
OG0000062	KAK9863138.1, KAK9863139.1, KAK9868304.1, KAK9868305.1	KAK9832208.1, KAK9834497.1, KAK9834498.1
OG0000063	KAK9863270.1	KAK9827554.1, KAK9827555.1, KAK9840024.1, KAK9844544.1, KAK9845081.1, KAK9845082.1
OG0000064	KAK9863350.1, KAK9863351.1, KAK9863352.1, KAK9866848.1, KAK9866849.1	KAK9830806.1, KAK9830807.1
OG0000065	KAK9863888.1, KAK9865496.1, KAK9865503.1, KAK9866126.1, KAK9866134.1, KAK9866150.1	KAK9826975.1
OG0000066	KAK9864773.1, KAK9864774.1, KAK9867928.1	KAK9840439.1, KAK9840440.1, KAK9840441.1, KAK9840442.1
OG0000067	KAK9864843.1	KAK9816104.1, KAK9826916.1, KAK9826957.1, KAK9827067.1, KAK9827081.1, KAK9831062.1
OG0000068	KAK9866955.1, KAK9866956.1	KAK9821190.1, KAK9822116.1, KAK9831105.1, KAK9839142.1, KAK9841336.1
OG0000069	KAK9867081.1, KAK9867082.1, KAK9867133.1	KAK9844643.1, KAK9844644.1, KAK9844645.1, KAK9844646.1
OG0000070	KAK9867287.1, KAK9867288.1	KAK9822080.1, KAK9822081.1, KAK9822082.1, KAK9822083.1, KAK9822084.1
OG0000071	KAK9867909.1, KAK9868656.1	KAK9826226.1, KAK9826331.1, KAK9842956.1, KAK9842957.1, KAK9843277.1
OG0000072	Null	KAK9816036.1, KAK9816041.1, KAK9816042.1, KAK9816348.1, KAK9819217.1, KAK9833801.1, KAK9833802.1
OG0000073	Null	KAK9816094.1, KAK9816165.1, KAK9827199.1, KAK9830660.1, KAK9833856.1, KAK9844469.1, KAK9844648.1
OG0000074	Null	KAK9817338.1, KAK9817353.1, KAK9825956.1, KAK9826069.1, KAK9840219.1, KAK9840269.1, KAK9840412.1
OG0000075	KAK9831926.1	KAK9816343.1, KAK9816352.1, KAK9818814.1, KAK9821513.1, KAK9842685.1
OG0000076	KAK9832020.1, KAK9832860.1, KAK9836243.1, KAK9838399.1, KAK9862126.1, KAK9868346.1	
OG0000077	KAK9832471.1, KAK9832472.1, KAK9862014.1, KAK9862015.1	KAK9843150.1, KAK9843151.1
OG0000078	KAK9832685.1, KAK9855141.1, KAK9855142.1, KAK9863850.1, KAK9863854.1	KAK9843273.1
OG0000079	KAK9833350.1	KAK9817433.1, KAK9817434.1, KAK9817435.1, KAK9817436.1, KAK9821868.1
OG0000080	KAK9833491.1, KAK9843888.1	KAK9831664.1, KAK9833013.1, KAK9836459.1, KAK9839102.1
OG0000081	KAK9834117.1	KAK9822295.1, KAK9822336.1, KAK9822350.1, KAK9825305.1, KAK9825988.1
OG0000082	KAK9834924.1, KAK9834925.1, KAK9834926.1, KAK9834927.1, KAK9834928.1, KAK9834929.1	
OG0000083	KAK9836210.1, KAK9849804.1, KAK9849805.1	KAK9837569.1, KAK9837570.1, KAK9837627.1
OG0000084	KAK9836252.1, KAK9865711.1, KAK9865712.1, KAK9868711.1	KAK9841180.1, KAK9841181.1
OG0000085	KAK9836256.1, KAK9843872.1, KAK9843873.1	KAK9819503.1, KAK9819540.1, KAK9819541.1
OG0000086	KAK9837055.1, KAK9839566.1, KAK9864702.1, KAK9864705.1, KAK9864707.1	KAK9821249.1
OG0000087	KAK9838204.1, KAK9857552.1, KAK9865641.1, KAK9868480.1	KAK9818624.1, KAK9843318.1
OG0000088	KAK9838216.1, KAK9866063.1, KAK9866064.1, KAK9866813.1	KAK9822798.1, KAK9836419.1
OG0000089	KAK9838406.1, KAK9861169.1, KAK9861170.1, KAK9865913.1	KAK9833788.1, KAK9841134.1
OG0000090	KAK9838426.1, KAK9854486.1, KAK9863489.1, KAK9866462.1, KAK9866463.1, KAK9866464.1	
OG0000091	KAK9839396.1, KAK9839397.1, KAK9839398.1, KAK9839399.1	KAK9817631.1, KAK9841362.1
OG0000092	KAK9839724.1, KAK9839725.1, KAK9839726.1	KAK9820741.1, KAK9821411.1, KAK9833709.1
OG0000093	KAK9839894.1, KAK9864235.1, KAK9866674.1	KAK9817524.1, KAK9833740.1, KAK9836552.1
OG0000094	KAK9840516.1, KAK9840517.1, KAK9840518.1, KAK9864413.1	KAK9821389.1, KAK9821390.1
OG0000095	KAK9840685.1, KAK9840686.1, KAK9862888.1	KAK9824960.1, KAK9824961.1, KAK9824962.1
OG0000096	KAK9842426.1, KAK9866696.1, KAK9868007.1	KAK9816215.1, KAK9822052.1, KAK9843114.1
OG0000097	KAK9843556.1, KAK9847049.1, KAK9867197.1, KAK9867198.1	KAK9833865.1, KAK9833866.1
OG0000098	KAK9843593.1, KAK9861031.1, KAK9863223.1	KAK9816394.1, KAK9818683.1, KAK9820788.1
OG0000099	KAK9844235.1, KAK9853887.1, KAK9853888.1, KAK9861254.1	KAK9817611.1, KAK9827028.1
OG0000100	KAK9845178.1	KAK9830838.1, KAK9832152.1, KAK9842940.1, KAK9843321.1, KAK9844955.1
OG0000101	KAK9845621.1, KAK9845622.1, KAK9863649.1, KAK9863650.1, KAK9863651.1	KAK9816013.1
OG0000102	KAK9846757.1, KAK9846758.1, KAK9867378.1	KAK9820877.1, KAK9821659.1, KAK9821660.1
OG0000103	KAK9846804.1, KAK9861153.1, KAK9861298.1, KAK9861299.1, KAK9868374.1	KAK9845065.1
OG0000104	KAK9846863.1, KAK9847451.1, KAK9847453.1	KAK9836629.1, KAK9836630.1, KAK9836631.1
OG0000105	KAK9847012.1, KAK9868443.1, KAK9868842.1	KAK9844275.1, KAK9844336.1, KAK9844740.1
OG0000106	KAK9847040.1, KAK9847041.1, KAK9863521.1	KAK9834397.1, KAK9834398.1, KAK9834399.1
OG0000107	KAK9847092.1, KAK9854456.1, KAK9854457.1, KAK9854458.1	KAK9844745.1, KAK9844746.1
OG0000108	KAK9847915.1, KAK9866298.1, KAK9866299.1, KAK9866300.1, KAK9866301.1	KAK9831057.1
OG0000109	KAK9848033.1, KAK9868550.1, KAK9868555.1	KAK9824876.1, KAK9832899.1, KAK9835662.1
OG0000110	KAK9848333.1, KAK9848334.1, KAK9868229.1, KAK9868230.1	KAK9833039.1, KAK9833040.1
OG0000111	KAK9848491.1, KAK9848492.1, KAK9869066.1, KAK9869084.1	KAK9825287.1, KAK9825288.1
OG0000112	KAK9848944.1, KAK9867289.1	KAK9825279.1, KAK9825280.1, KAK9842782.1, KAK9842993.1
OG0000113	KAK9849513.1, KAK9862129.1, KAK9864934.1	KAK9825059.1, KAK9835714.1, KAK9842963.1
OG0000114	KAK9850616.1, KAK9850617.1, KAK9850618.1, KAK9854471.1	KAK9836852.1, KAK9836853.1
OG0000115	KAK9850628.1	KAK9837793.1, KAK9837838.1, KAK9838025.1, KAK9839053.1, KAK9841614.1
OG0000116	KAK9851164.1, KAK9851165.1, KAK9851166.1, KAK9866854.1	KAK9844987.1, KAK9844988.1
OG0000117	KAK9851694.1, KAK9854194.1, KAK9854195.1	KAK9816207.1, KAK9825489.1, KAK9825490.1
OG0000118	KAK9852359.1, KAK9852360.1, KAK9867352.1, KAK9867353.1	KAK9830855.1, KAK9830856.1
OG0000119	KAK9853652.1, KAK9853653.1, KAK9861887.1	KAK9827899.1, KAK9827900.1, KAK9827901.1
OG0000120	KAK9854813.1	KAK9827443.1, KAK9827444.1, KAK9827445.1, KAK9827446.1, KAK9827850.1
OG0000121	KAK9856112.1	KAK9822263.1, KAK9822296.1, KAK9822317.1, KAK9837709.1, KAK9838775.1
OG0000122	KAK9856137.1, KAK9856138.1, KAK9862715.1, KAK9862716.1	KAK9843244.1, KAK9843245.1
OG0000123	KAK9856774.1, KAK9861116.1, KAK9864752.1	KAK9833190.1, KAK9833199.1, KAK9833204.1
OG0000124	KAK9857592.1, KAK9857595.1, KAK9861741.1	KAK9833683.1, KAK9835494.1, KAK9835835.1
OG0000125	KAK9858407.1, KAK9858408.1, KAK9858409.1	KAK9818901.1, KAK9818902.1, KAK9818903.1
OG0000126	KAK9858469.1, KAK9858470.1, KAK9867403.1	KAK9840083.1, KAK9840084.1, KAK9840085.1
OG0000127	KAK9861311.1, KAK9861312.1, KAK9861313.1, KAK9866703.1	KAK9840123.1, KAK9840124.1
OG0000128	KAK9861357.1, KAK9863052.1	KAK9818904.1, KAK9828177.1, KAK9834418.1, KAK9843095.1
OG0000129	KAK9861553.1, KAK9864043.1, KAK9867492.1	KAK9822932.1, KAK9827181.1, KAK9836456.1
OG0000130	KAK9861599.1	KAK9816336.1, KAK9817445.1, KAK9817450.1, KAK9821824.1, KAK9834375.1
OG0000131	KAK9861658.1, KAK9861659.1, KAK9868634.1, KAK9868635.1	KAK9819329.1, KAK9819330.1
OG0000132	KAK9861705.1, KAK9861706.1, KAK9861707.1	KAK9817510.1, KAK9831182.1, KAK9839961.1
OG0000133	KAK9861994.1	KAK9820691.1, KAK9836647.1, KAK9836703.1, KAK9836704.1, KAK9836907.1
OG0000134	KAK9862012.1, KAK9862013.1	KAK9842742.1, KAK9842743.1, KAK9842879.1, KAK9842880.1
OG0000135	KAK9862088.1, KAK9862993.1	KAK9822352.1, KAK9831203.1, KAK9832169.1, KAK9835522.1
OG0000136	KAK9862174.1, KAK9862175.1, KAK9862181.1, KAK9867764.1	KAK9838824.1, KAK9838952.1
OG0000137	KAK9862310.1, KAK9862318.1, KAK9867867.1	KAK9825322.1, KAK9826937.1, KAK9827107.1
OG0000138	KAK9863159.1, KAK9863160.1, KAK9866974.1	KAK9836792.1, KAK9836793.1, KAK9841636.1
OG0000139	KAK9863452.1, KAK9864382.1, KAK9864383.1, KAK9864513.1, KAK9864514.1, KAK9868836.1	
OG0000140	KAK9863640.1, KAK9863641.1, KAK9865455.1	KAK9821256.1, KAK9836502.1, KAK9836503.1
OG0000141	KAK9863665.1, KAK9865307.1, KAK9865308.1	KAK9822125.1, KAK9822126.1, KAK9822127.1
OG0000142	KAK9863675.1, KAK9865299.1, KAK9865300.1, KAK9865301.1	KAK9822029.1, KAK9822030.1
OG0000143	KAK9863712.1, KAK9863713.1, KAK9863714.1, KAK9863716.1, KAK9868746.1	KAK9831121.1
OG0000144	KAK9863832.1, KAK9863833.1, KAK9865542.1, KAK9865543.1	KAK9840332.1, KAK9840333.1
OG0000145	KAK9864110.1	KAK9826976.1, KAK9827822.1, KAK9831163.1, KAK9831164.1, KAK9844732.1
OG0000146	KAK9864334.1, KAK9864335.1, KAK9864336.1, KAK9865351.1	KAK9818455.1, KAK9818456.1
OG0000147	KAK9864689.1, KAK9865471.1	KAK9826600.1, KAK9826601.1, KAK9826602.1, KAK9826603.1
OG0000148	KAK9864761.1, KAK9866707.1	KAK9832215.1, KAK9832216.1, KAK9832217.1, KAK9832218.1
OG0000149	KAK9865162.1, KAK9865163.1, KAK9865164.1, KAK9865165.1	KAK9838731.1, KAK9838732.1
OG0000150	KAK9865166.1, KAK9865171.1, KAK9865172.1	KAK9837844.1, KAK9837845.1, KAK9837846.1
OG0000151	KAK9865424.1, KAK9865907.1, KAK9865912.1, KAK9868019.1, KAK9868020.1, KAK9868025.1	
OG0000152	KAK9866238.1	KAK9818453.1, KAK9819352.1, KAK9825341.1, KAK9830866.1, KAK9834693.1
OG0000153	KAK9866252.1, KAK9866253.1, KAK9866254.1	KAK9831728.1, KAK9831729.1, KAK9831730.1
OG0000154	KAK9866261.1, KAK9866264.1, KAK9867720.1, KAK9867727.1, KAK9868672.1	KAK9843248.1
OG0000155	KAK9866547.1, KAK9866549.1, KAK9868816.1, KAK9868942.1, KAK9868943.1	KAK9844534.1
OG0000156	KAK9866586.1, KAK9866592.1	KAK9838677.1, KAK9838678.1, KAK9838841.1, KAK9838916.1
OG0000157	KAK9866763.1, KAK9866764.1, KAK9866765.1, KAK9866766.1, KAK9866767.1	KAK9827815.1
OG0000158	KAK9867405.1, KAK9867406.1, KAK9867407.1, KAK9867408.1, KAK9867409.1	KAK9836525.1
OG0000159	KAK9868146.1, KAK9868147.1, KAK9868148.1, KAK9868149.1, KAK9868150.1	KAK9842853.1
OG0000160	KAK9868481.1	KAK9818629.1, KAK9818630.1, KAK9822564.1, KAK9827508.1, KAK9839974.1
OG0000161	KAK9868599.1	KAK9815966.1, KAK9815967.1, KAK9816063.1, KAK9827485.1, KAK9827486.1
OG0000162	KAK9868612.1	KAK9816046.1, KAK9818791.1, KAK9824944.1, KAK9828268.1, KAK9845057.1
OG0000163	Null	KAK9817344.1, KAK9830871.1, KAK9838707.1, KAK9838886.1, KAK9838918.1, KAK9839004.1
OG0000164	Null	KAK9817416.1, KAK9818533.1, KAK9821262.1, KAK9832308.1, KAK9832309.1, KAK9832437.1
OG0000165	Null	KAK9818452.1, KAK9819290.1, KAK9825316.1, KAK9830664.1, KAK9833704.1, KAK9834544.1
OG0000166	Null	KAK9818921.1, KAK9819336.1, KAK9830824.1, KAK9833741.1, KAK9833960.1, KAK9834425.1
OG0000167	Null	KAK9819533.1, KAK9825207.1, KAK9832884.1, KAK9833046.1, KAK9833094.1, KAK9833206.1
OG0000168	Null	KAK9820668.1, KAK9831261.1, KAK9831262.1, KAK9831263.1, KAK9841705.1, KAK9841706.1
OG0000169	Null	KAK9821478.1, KAK9821479.1, KAK9826221.1, KAK9826222.1, KAK9826286.1, KAK9833733.1
OG0000170	Null	KAK9822414.1, KAK9824879.1, KAK9833668.1, KAK9838726.1, KAK9842767.1, KAK9844727.1
OG0000171	Null	KAK9825777.1, KAK9825778.1, KAK9825794.1, KAK9825795.1, KAK9825796.1, KAK9825797.1
OG0000172	Null	KAK9826709.1, KAK9826710.1, KAK9827574.1, KAK9833869.1, KAK9834758.1, KAK9843337.1
OG0000173	Null	KAK9827747.1, KAK9827748.1, KAK9827770.1, KAK9827885.1, KAK9827886.1, KAK9827894.1
OG0000174	Null	KAK9832235.1, KAK9834376.1, KAK9834377.1, KAK9834378.1, KAK9834563.1, KAK9834694.1
OG0000175	Null	KAK9834446.1, KAK9834447.1, KAK9834448.1, KAK9834449.1, KAK9837599.1, KAK9837909.1
OG0000176	KAK9831920.1, KAK9839347.1, KAK9861333.1, KAK9861871.1	KAK9841295.1
OG0000177	KAK9832566.1, KAK9853593.1, KAK9865481.1	KAK9816233.1, KAK9816234.1
OG0000178	KAK9832675.1, KAK9854484.1, KAK9862648.1, KAK9864680.1, KAK9866216.1	
OG0000179	KAK9832680.1, KAK9851541.1	KAK9821369.1, KAK9821636.1, KAK9834421.1
OG0000180	KAK9833243.1, KAK9852119.1, KAK9864670.1	KAK9824877.1, KAK9837921.1
OG0000181	KAK9833494.1, KAK9860323.1, KAK9860324.1	KAK9822896.1, KAK9822897.1
OG0000182	KAK9833498.1, KAK9833499.1	KAK9822306.1, KAK9822402.1, KAK9822542.1
OG0000183	KAK9833505.1, KAK9833506.1, KAK9867927.1, KAK9869023.1	KAK9845133.1
OG0000184	KAK9834102.1, KAK9858419.1, KAK9858444.1, KAK9865556.1, KAK9868364.1	
OG0000185	KAK9834111.1, KAK9863087.1	KAK9825707.1, KAK9840109.1, KAK9840230.1
OG0000186	KAK9834230.1, KAK9834231.1	KAK9831672.1, KAK9831676.1, KAK9836460.1
OG0000187	KAK9834232.1, KAK9846854.1, KAK9853643.1	KAK9817625.1, KAK9834579.1
OG0000188	KAK9834233.1, KAK9846855.1, KAK9862712.1	KAK9834770.1, KAK9843038.1
OG0000189	KAK9834355.1, KAK9862103.1, KAK9865896.1, KAK9865897.1	KAK9833014.1
OG0000190	KAK9835097.1	KAK9822431.1, KAK9833835.1, KAK9834600.1, KAK9842661.1
OG0000191	KAK9835109.1, KAK9835110.1	KAK9825325.1, KAK9826033.1, KAK9839112.1
OG0000192	KAK9835118.1, KAK9863446.1, KAK9863449.1	KAK9843264.1, KAK9843265.1
OG0000193	KAK9835255.1, KAK9835258.1, KAK9867789.1	KAK9841197.1, KAK9841198.1
OG0000194	KAK9836070.1, KAK9857625.1, KAK9857982.1	KAK9825298.1, KAK9827790.1
OG0000195	KAK9836074.1, KAK9843585.1	KAK9827143.1, KAK9832304.1, KAK9843304.1
OG0000196	KAK9836076.1, KAK9852132.1, KAK9861175.1, KAK9864281.1	KAK9844472.1
OG0000197	KAK9836227.1, KAK9867735.1, KAK9868783.1	KAK9825484.1, KAK9825485.1
OG0000198	KAK9836376.1	KAK9819188.1, KAK9819205.1, KAK9819234.1, KAK9828280.1
OG0000199	KAK9837046.1, KAK9859316.1	KAK9818876.1, KAK9840160.1, KAK9840247.1
OG0000200	KAK9837057.1, KAK9840515.1	KAK9841358.1, KAK9841359.1, KAK9841360.1
OG0000201	KAK9837222.1	KAK9822439.1, KAK9833940.1, KAK9838964.1, KAK9842908.1
OG0000202	KAK9837224.1, KAK9837225.1, KAK9863963.1	KAK9842921.1, KAK9842922.1
OG0000203	KAK9837226.1	KAK9819539.1, KAK9830835.1, KAK9836517.1, KAK9836551.1
OG0000204	KAK9838226.1, KAK9861080.1	KAK9842865.1, KAK9842866.1, KAK9842867.1
OG0000205	KAK9838231.1, KAK9861195.1, KAK9861534.1	KAK9841326.1, KAK9841711.1
OG0000206	KAK9838422.1, KAK9838423.1, KAK9854487.1	KAK9822114.1, KAK9822115.1
OG0000207	KAK9838436.1, KAK9838437.1	KAK9816244.1, KAK9826261.1, KAK9826262.1
OG0000208	KAK9838442.1, KAK9838443.1, KAK9856113.1, KAK9856114.1	KAK9838038.1
OG0000209	KAK9838601.1, KAK9861528.1, KAK9866773.1	KAK9827914.1, KAK9827915.1
OG0000210	KAK9839356.1, KAK9867042.1, KAK9867043.1, KAK9867767.1	KAK9822765.1
OG0000211	KAK9839386.1, KAK9850445.1, KAK9850446.1	KAK9825223.1, KAK9825294.1
OG0000212	KAK9839602.1, KAK9853909.1, KAK9853910.1, KAK9862042.1	KAK9825625.1
OG0000213	KAK9839735.1, KAK9864905.1	KAK9818797.1, KAK9818798.1, KAK9818799.1
OG0000214	KAK9840669.1, KAK9840672.1	KAK9818563.1, KAK9818564.1, KAK9818565.1
OG0000215	KAK9840674.1, KAK9840675.1	KAK9842812.1, KAK9842813.1, KAK9842814.1
OG0000216	KAK9840898.1, KAK9849107.1, KAK9866949.1	KAK9841315.1, KAK9841731.1
OG0000217	KAK9841070.1, KAK9852848.1	KAK9817612.1, KAK9825766.1, KAK9826564.1
OG0000218	KAK9841084.1, KAK9841923.1, KAK9848494.1, KAK9848495.1	KAK9831081.1
OG0000219	KAK9841896.1, KAK9855481.1, KAK9864746.1, KAK9868644.1	KAK9836640.1
OG0000220	KAK9841899.1, KAK9855130.1, KAK9855131.1	KAK9820794.1, KAK9820795.1
OG0000221	KAK9841902.1, KAK9855160.1, KAK9855161.1	KAK9834461.1, KAK9834462.1
OG0000222	KAK9841912.1, KAK9841913.1, KAK9841914.1, KAK9852816.1	KAK9826062.1
OG0000223	KAK9842133.1, KAK9860427.1	KAK9821896.1, KAK9821897.1, KAK9821898.1
OG0000224	KAK9842135.1, KAK9842136.1, KAK9862127.1, KAK9868521.1	KAK9822754.1
OG0000225	KAK9842169.1, KAK9846881.1, KAK9846882.1, KAK9852865.1	KAK9821700.1
OG0000226	KAK9842183.1, KAK9842184.1	KAK9815987.1, KAK9817451.1, KAK9817452.1
OG0000227	KAK9842194.1, KAK9863746.1, KAK9863747.1, KAK9863748.1	KAK9830734.1
OG0000228	KAK9842369.1	KAK9822280.1, KAK9822281.1, KAK9822282.1, KAK9822283.1
OG0000229	KAK9842399.1, KAK9842400.1	KAK9832204.1, KAK9832205.1, KAK9832206.1
OG0000230	KAK9842609.1, KAK9842610.1, KAK9848943.1, KAK9863745.1	KAK9830697.1
OG0000231	KAK9843376.1, KAK9843377.1, KAK9849660.1, KAK9862399.1	KAK9826596.1
OG0000232	KAK9843559.1, KAK9850255.1, KAK9852843.1, KAK9855143.1	KAK9833645.1
OG0000233	KAK9843602.1, KAK9843603.1	KAK9837735.1, KAK9837736.1, KAK9837737.1
OG0000234	KAK9843625.1, KAK9861749.1, KAK9865281.1, KAK9865282.1	KAK9841546.1
OG0000235	KAK9843898.1, KAK9843899.1	KAK9842997.1, KAK9842998.1, KAK9842999.1
OG0000236	KAK9843905.1, KAK9843906.1	KAK9821655.1, KAK9821656.1, KAK9822143.1
OG0000237	KAK9843917.1, KAK9843918.1, KAK9863011.1, KAK9863977.1	KAK9837770.1
OG0000238	KAK9843922.1, KAK9854773.1, KAK9857560.1, KAK9866038.1, KAK9866044.1	
OG0000239	KAK9844228.1, KAK9854492.1, KAK9854493.1	KAK9825966.1, KAK9825967.1
OG0000240	KAK9844232.1, KAK9863867.1, KAK9863872.1, KAK9863873.1, KAK9863874.1	
OG0000241	KAK9845197.1, KAK9845198.1, KAK9866559.1	KAK9842645.1, KAK9842646.1
OG0000242	KAK9845531.1, KAK9865935.1	KAK9833145.1, KAK9833146.1, KAK9833147.1
OG0000243	KAK9845548.1	KAK9825239.1, KAK9825261.1, KAK9828132.1, KAK9841704.1
OG0000244	KAK9845559.1, KAK9862078.1	KAK9820716.1, KAK9833783.1, KAK9844372.1
OG0000245	KAK9845561.1, KAK9851124.1, KAK9851125.1, KAK9851126.1	KAK9821506.1
OG0000246	KAK9845581.1, KAK9861597.1	KAK9825817.1, KAK9842862.1, KAK9842863.1
OG0000247	KAK9845616.1, KAK9845619.1	KAK9843016.1, KAK9843157.1, KAK9843158.1
OG0000248	KAK9846043.1, KAK9846045.1	KAK9841398.1, KAK9841515.1, KAK9841516.1
OG0000249	KAK9846066.1, KAK9846067.1, KAK9868849.1, KAK9868850.1	KAK9830740.1
OG0000250	KAK9846900.1, KAK9849493.1, KAK9862233.1, KAK9862451.1	KAK9838728.1
OG0000251	KAK9846929.1, KAK9866851.1	KAK9830758.1, KAK9830860.1, KAK9840324.1
OG0000252	KAK9847024.1, KAK9864131.1, KAK9866526.1, KAK9866782.1	KAK9825500.1
OG0000253	KAK9847108.1, KAK9847109.1, KAK9867993.1	KAK9844491.1, KAK9844492.1
OG0000254	KAK9847146.1	KAK9821623.1, KAK9821677.1, KAK9821678.1, KAK9821679.1
OG0000255	KAK9847214.1	KAK9838690.1, KAK9839077.1, KAK9839078.1, KAK9839179.1
OG0000256	KAK9847235.1, KAK9866760.1	KAK9827779.1, KAK9827780.1, KAK9827781.1
OG0000257	KAK9847276.1, KAK9847277.1	KAK9839924.1, KAK9840099.1, KAK9840278.1
OG0000258	KAK9847377.1, KAK9862011.1	KAK9824786.1, KAK9838699.1, KAK9842723.1
OG0000259	KAK9847378.1, KAK9849368.1, KAK9860414.1, KAK9861825.1	KAK9838840.1
OG0000260	KAK9847382.1	KAK9833947.1, KAK9833948.1, KAK9833949.1, KAK9833950.1
OG0000261	KAK9847428.1	KAK9832940.1, KAK9832941.1, KAK9832942.1, KAK9832943.1
OG0000262	KAK9847454.1	KAK9831562.1, KAK9836673.1, KAK9836674.1, KAK9839907.1
OG0000263	KAK9847608.1, KAK9850116.1	KAK9824880.1, KAK9824940.1, KAK9834489.1
OG0000264	KAK9847743.1, KAK9847746.1, KAK9868747.1, KAK9868748.1	KAK9827531.1
OG0000265	KAK9847843.1, KAK9859841.1, KAK9859844.1, KAK9862229.1	KAK9832190.1
OG0000266	KAK9847908.1, KAK9847909.1, KAK9866212.1, KAK9867505.1, KAK9867506.1	
OG0000267	KAK9847956.1, KAK9868989.1	KAK9821051.1, KAK9831635.1, KAK9831796.1
OG0000268	KAK9848031.1, KAK9856850.1, KAK9862810.1, KAK9864268.1	KAK9835498.1
OG0000269	KAK9848231.1, KAK9848232.1, KAK9867135.1	KAK9833923.1, KAK9834512.1
OG0000270	KAK9848239.1, KAK9848240.1, KAK9868407.1	KAK9832974.1, KAK9832975.1
OG0000271	KAK9848757.1, KAK9850252.1, KAK9853116.1	KAK9833650.1, KAK9833859.1
OG0000272	KAK9848854.1, KAK9848855.1, KAK9848856.1	KAK9839936.1, KAK9839937.1
OG0000273	KAK9848857.1, KAK9865076.1	KAK9836598.1, KAK9840056.1, KAK9840382.1
OG0000274	KAK9848927.1	KAK9817423.1, KAK9822549.1, KAK9822550.1, KAK9825621.1
OG0000275	KAK9848930.1, KAK9848931.1	KAK9825330.1, KAK9826931.1, KAK9826932.1
OG0000276	KAK9849025.1, KAK9862626.1, KAK9862629.1	KAK9817331.1, KAK9822559.1
OG0000277	KAK9849110.1, KAK9849111.1, KAK9861260.1, KAK9861261.1	KAK9835669.1
OG0000278	KAK9849240.1, KAK9867876.1, KAK9867877.1, KAK9868005.1, KAK9868027.1	
OG0000279	KAK9849383.1, KAK9849384.1, KAK9849799.1	KAK9837981.1, KAK9837982.1
OG0000280	KAK9849655.1	KAK9821494.1, KAK9824927.1, KAK9831655.1, KAK9841148.1
OG0000281	KAK9849793.1, KAK9851662.1, KAK9865756.1	KAK9826220.1, KAK9839115.1
OG0000282	KAK9850426.1, KAK9865526.1, KAK9865527.1	KAK9843009.1, KAK9843010.1
OG0000283	KAK9850440.1, KAK9850441.1, KAK9850442.1	KAK9832150.1, KAK9832151.1
OG0000284	KAK9850816.1, KAK9852851.1, KAK9867664.1, KAK9867665.1	KAK9835581.1
OG0000285	KAK9851353.1, KAK9851354.1	KAK9819408.1, KAK9819409.1, KAK9819410.1
OG0000286	KAK9851552.1, KAK9868125.1, KAK9868126.1, KAK9868127.1	KAK9832148.1
OG0000287	KAK9851866.1, KAK9865752.1	KAK9827182.1, KAK9838053.1, KAK9844751.1
OG0000288	KAK9852121.1, KAK9852122.1, KAK9861256.1, KAK9866501.1	KAK9837829.1
OG0000289	KAK9852123.1, KAK9864671.1, KAK9864676.1	KAK9831688.1, KAK9837776.1
OG0000290	KAK9852346.1, KAK9868674.1	KAK9841600.1, KAK9843080.1, KAK9843081.1
OG0000291	KAK9852824.1, KAK9852825.1	KAK9821889.1, KAK9821890.1, KAK9821891.1
OG0000292	KAK9853075.1, KAK9853076.1	KAK9827087.1, KAK9827088.1, KAK9832367.1
OG0000293	KAK9853077.1, KAK9853078.1, KAK9868737.1	KAK9827169.1, KAK9827170.1
OG0000294	KAK9853087.1, KAK9853088.1	KAK9818647.1, KAK9818648.1, KAK9818649.1
OG0000295	KAK9853126.1, KAK9861826.1, KAK9861827.1, KAK9861830.1, KAK9861831.1	
OG0000296	KAK9853617.1	KAK9821083.1, KAK9825240.1, KAK9825324.1, KAK9826013.1
OG0000297	KAK9853637.1, KAK9853640.1	KAK9821404.1, KAK9840157.1, KAK9840400.1
OG0000298	KAK9853860.1, KAK9853861.1, KAK9865060.1	KAK9825995.1, KAK9825996.1
OG0000299	KAK9853867.1, KAK9853868.1, KAK9854454.1	KAK9816117.1, KAK9838780.1
OG0000300	KAK9853874.1, KAK9854452.1, KAK9854453.1	KAK9839152.1, KAK9839153.1
OG0000301	KAK9853885.1, KAK9862901.1	KAK9827906.1, KAK9827907.1, KAK9827908.1
OG0000302	KAK9854192.1, KAK9863126.1	KAK9825120.1, KAK9842860.1, KAK9843194.1
OG0000303	KAK9855178.1, KAK9855179.1, KAK9865970.1, KAK9865971.1, KAK9865972.1	
OG0000304	KAK9855452.1, KAK9859806.1, KAK9859807.1	KAK9815977.1, KAK9815978.1
OG0000305	KAK9855796.1, KAK9855797.1, KAK9867411.1, KAK9867412.1	KAK9822024.1
OG0000306	KAK9856458.1, KAK9864387.1	KAK9821368.1, KAK9821373.1, KAK9836480.1
OG0000307	KAK9856468.1, KAK9856469.1	KAK9822722.1, KAK9827045.1, KAK9827046.1
OG0000308	KAK9856796.1, KAK9862748.1	KAK9818742.1, KAK9843307.1, KAK9843308.1
OG0000309	KAK9857178.1, KAK9865877.1	KAK9819225.1, KAK9836445.1, KAK9841368.1
OG0000310	KAK9857197.1, KAK9863111.1	KAK9825268.1, KAK9825269.1, KAK9833605.1
OG0000311	KAK9857249.1, KAK9857250.1, KAK9866941.1, KAK9866942.1	KAK9844824.1
OG0000312	KAK9857577.1, KAK9862718.1, KAK9862719.1	KAK9828227.1, KAK9828228.1
OG0000313	KAK9858394.1	KAK9832965.1, KAK9832966.1, KAK9833115.1, KAK9843257.1
OG0000314	KAK9858460.1, KAK9858461.1, KAK9864530.1	KAK9827031.1, KAK9827032.1
OG0000315	KAK9858474.1, KAK9867402.1, KAK9867410.1	KAK9839909.1, KAK9839910.1
OG0000316	KAK9858853.1	KAK9818493.1, KAK9818523.1, KAK9818532.1, KAK9818534.1
OG0000317	KAK9859386.1, KAK9859387.1, KAK9859388.1, KAK9864019.1, KAK9864020.1	
OG0000318	KAK9859786.1, KAK9859787.1	KAK9822963.1, KAK9822964.1, KAK9822965.1
OG0000319	KAK9859790.1, KAK9859791.1, KAK9866188.1, KAK9866189.1	KAK9822608.1
OG0000320	KAK9859795.1, KAK9859796.1	KAK9822587.1, KAK9822588.1, KAK9822589.1
OG0000321	KAK9859805.1, KAK9864306.1	KAK9815980.1, KAK9835505.1, KAK9835788.1
OG0000322	KAK9859817.1, KAK9859818.1, KAK9859819.1, KAK9859820.1	KAK9824797.1
OG0000323	KAK9860337.1	KAK9834491.1, KAK9834601.1, KAK9834602.1, KAK9836767.1
OG0000324	KAK9860441.1, KAK9865270.1, KAK9865271.1	KAK9837902.1, KAK9837903.1
OG0000325	KAK9861046.1	KAK9816028.1, KAK9818505.1, KAK9818530.1, KAK9822956.1
OG0000326	KAK9861075.1	KAK9831296.1, KAK9834550.1, KAK9836603.1, KAK9844699.1
OG0000327	KAK9861212.1, KAK9862302.1, KAK9862303.1	KAK9836635.1, KAK9836636.1
OG0000328	KAK9861225.1, KAK9866977.1	KAK9820880.1, KAK9836670.1, KAK9837564.1
OG0000329	KAK9861273.1, KAK9865755.1, KAK9868560.1	KAK9837864.1, KAK9837865.1
OG0000330	KAK9861292.1	KAK9816175.1, KAK9826578.1, KAK9832432.1, KAK9833913.1
OG0000331	KAK9861410.1, KAK9862945.1, KAK9862946.1, KAK9864397.1	KAK9837623.1
OG0000332	KAK9861435.1, KAK9866158.1, KAK9866159.1	KAK9843218.1, KAK9843219.1
OG0000333	KAK9861515.1, KAK9861516.1, KAK9861517.1	KAK9839902.1, KAK9839903.1
OG0000334	KAK9861588.1, KAK9861591.1	KAK9818953.1, KAK9826659.1, KAK9836607.1
OG0000335	KAK9861589.1	KAK9815972.1, KAK9816391.1, KAK9820771.1, KAK9826546.1
OG0000336	KAK9861625.1, KAK9861626.1, KAK9866473.1	KAK9836453.1, KAK9836454.1
OG0000337	KAK9861632.1	KAK9844514.1, KAK9844864.1, KAK9844865.1, KAK9844866.1
OG0000338	KAK9861639.1, KAK9863515.1	KAK9836844.1, KAK9836845.1, KAK9836846.1
OG0000339	KAK9861654.1, KAK9861655.1, KAK9861656.1	KAK9831597.1, KAK9831598.1
OG0000340	KAK9861694.1, KAK9862497.1, KAK9862498.1	KAK9843205.1, KAK9843206.1
OG0000341	KAK9861720.1, KAK9861721.1, KAK9864277.1, KAK9864278.1	KAK9831735.1
OG0000342	KAK9861844.1, KAK9865347.1, KAK9865348.1	KAK9830800.1, KAK9839034.1
OG0000343	KAK9861917.1, KAK9867171.1	KAK9818802.1, KAK9818813.1, KAK9837588.1
OG0000344	KAK9861938.1	KAK9818872.1, KAK9831056.1, KAK9838813.1, KAK9838814.1
OG0000345	KAK9862084.1, KAK9862086.1, KAK9862987.1	KAK9832270.1, KAK9832383.1
OG0000346	KAK9862236.1, KAK9866069.1, KAK9866070.1	KAK9825256.1, KAK9825257.1
OG0000347	KAK9862255.1, KAK9863179.1, KAK9863180.1, KAK9863181.1	KAK9831281.1
OG0000348	KAK9862299.1, KAK9862300.1, KAK9862301.1, KAK9862878.1	KAK9842877.1
OG0000349	KAK9862315.1, KAK9863134.1	KAK9827776.1, KAK9827777.1, KAK9827778.1
OG0000350	KAK9862364.1, KAK9865808.1	KAK9821247.1, KAK9838052.1, KAK9840286.1
OG0000351	KAK9862442.1, KAK9862443.1, KAK9862444.1	KAK9836912.1, KAK9836913.1
OG0000352	KAK9862447.1	KAK9822261.1, KAK9822347.1, KAK9822348.1, KAK9836588.1
OG0000353	KAK9862564.1, KAK9863802.1, KAK9866587.1	KAK9838049.1, KAK9838890.1
OG0000354	KAK9862608.1, KAK9868194.1, KAK9868195.1, KAK9868196.1	KAK9833685.1
OG0000355	KAK9862662.1, KAK9862663.1, KAK9868858.1	KAK9826982.1, KAK9826984.1
OG0000356	KAK9862680.1, KAK9864156.1, KAK9864157.1	KAK9831297.1, KAK9831298.1
OG0000357	KAK9862738.1, KAK9864555.1	KAK9825021.1, KAK9827572.1, KAK9836866.1
OG0000358	KAK9862821.1, KAK9862822.1, KAK9868933.1	KAK9833192.1, KAK9833193.1
OG0000359	KAK9862823.1, KAK9862824.1, KAK9868944.1, KAK9868945.1	KAK9833137.1
OG0000360	KAK9862852.1, KAK9862853.1, KAK9862854.1, KAK9864360.1	KAK9831651.1
OG0000361	KAK9862912.1, KAK9862913.1, KAK9862939.1, KAK9862940.1	KAK9830738.1
OG0000362	KAK9862960.1, KAK9866512.1	KAK9830720.1, KAK9830746.1, KAK9843018.1
OG0000363	KAK9862971.1	KAK9817320.1, KAK9819024.1, KAK9841522.1, KAK9841523.1
OG0000364	KAK9863044.1	KAK9831049.1, KAK9834728.1, KAK9840122.1, KAK9841338.1
OG0000365	KAK9863114.1, KAK9863512.1, KAK9863513.1	KAK9832264.1, KAK9832265.1
OG0000366	KAK9863131.1, KAK9867200.1	KAK9843159.1, KAK9843160.1, KAK9843161.1
OG0000367	KAK9863237.1, KAK9863238.1	KAK9816203.1, KAK9816204.1, KAK9816205.1
OG0000368	KAK9863300.1, KAK9863301.1, KAK9863302.1	KAK9831619.1, KAK9831786.1
OG0000369	KAK9863370.1, KAK9867538.1	KAK9842950.1, KAK9842951.1, KAK9842952.1
OG0000370	KAK9863456.1, KAK9866538.1, KAK9866539.1, KAK9866546.1	KAK9844859.1
OG0000371	KAK9863599.1, KAK9865982.1, KAK9865983.1	KAK9820749.1, KAK9834451.1
OG0000372	KAK9863863.1, KAK9863864.1, KAK9866875.1	KAK9836717.1, KAK9837978.1
OG0000373	KAK9864120.1	KAK9816157.1, KAK9826920.1, KAK9827191.1, KAK9831086.1
OG0000374	KAK9864133.1, KAK9869006.1	KAK9821352.1, KAK9825563.1, KAK9832895.1
OG0000375	KAK9864240.1, KAK9864559.1, KAK9864561.1, KAK9864562.1	KAK9834660.1
OG0000376	KAK9864392.1, KAK9865875.1, KAK9865876.1	KAK9836619.1, KAK9836620.1
OG0000377	KAK9864447.1, KAK9864448.1	KAK9838819.1, KAK9838820.1, KAK9838821.1
OG0000378	KAK9864456.1	KAK9816217.1, KAK9816345.1, KAK9842984.1, KAK9845089.1
OG0000379	KAK9864537.1, KAK9864538.1, KAK9866843.1, KAK9866844.1	KAK9830670.1
OG0000380	KAK9864727.1	KAK9822294.1, KAK9843147.1, KAK9843148.1, KAK9843149.1
OG0000381	KAK9864881.1, KAK9868285.1	KAK9818600.1, KAK9831750.1, KAK9841567.1
OG0000382	KAK9864923.1	KAK9825033.1, KAK9828313.1, KAK9833031.1, KAK9839933.1
OG0000383	KAK9864949.1, KAK9865022.1	KAK9835842.1, KAK9835843.1, KAK9835844.1
OG0000384	KAK9865023.1, KAK9865024.1	KAK9835797.1, KAK9835798.1, KAK9835799.1
OG0000385	KAK9865133.1, KAK9867071.1, KAK9867072.1	KAK9845034.1, KAK9845035.1
OG0000386	KAK9865140.1, KAK9867085.1	KAK9833858.1, KAK9844837.1, KAK9844838.1
OG0000387	KAK9865327.1, KAK9865331.1, KAK9865332.1	KAK9838832.1, KAK9838953.1
OG0000388	KAK9865549.1, KAK9865550.1, KAK9865551.1	KAK9818820.1, KAK9818821.1
OG0000389	KAK9865584.1, KAK9865585.1, KAK9865586.1	KAK9835759.1, KAK9835760.1
OG0000390	KAK9865591.1, KAK9865592.1	KAK9830705.1, KAK9830706.1, KAK9830707.1
OG0000391	KAK9865690.1, KAK9866234.1, KAK9867389.1	KAK9832341.1, KAK9834741.1
OG0000392	KAK9865783.1, KAK9868393.1, KAK9868394.1	KAK9844671.1, KAK9844672.1
OG0000393	KAK9865798.1, KAK9865801.1, KAK9865802.1, KAK9867016.1, KAK9867017.1	
OG0000394	KAK9865969.1	KAK9820714.1, KAK9820715.1, KAK9820728.1, KAK9820742.1
OG0000395	KAK9866000.1	KAK9818551.1, KAK9820747.1, KAK9822940.1, KAK9833017.1
OG0000396	KAK9866057.1, KAK9866058.1, KAK9866136.1	KAK9821669.1, KAK9844799.1
OG0000397	KAK9866167.1, KAK9866168.1	KAK9842754.1, KAK9842755.1, KAK9842756.1
OG0000398	KAK9866514.1, KAK9866515.1	KAK9821258.1, KAK9821271.1, KAK9821272.1
OG0000399	KAK9866529.1	KAK9818763.1, KAK9819532.1, KAK9824967.1, KAK9834604.1
OG0000400	KAK9866640.1, KAK9866643.1	KAK9832352.1, KAK9832353.1, KAK9832354.1
OG0000401	KAK9866834.1	KAK9838869.1, KAK9838870.1, KAK9838871.1, KAK9838872.1
OG0000402	KAK9867104.1, KAK9867433.1, KAK9867440.1, KAK9867444.1	KAK9834700.1
OG0000403	KAK9867162.1, KAK9868986.1	KAK9821393.1, KAK9826335.1, KAK9828322.1
OG0000404	KAK9867240.1, KAK9867241.1, KAK9867242.1	KAK9825767.1, KAK9825768.1
OG0000405	KAK9867279.1	KAK9818840.1, KAK9826656.1, KAK9832946.1, KAK9843220.1
OG0000406	KAK9867754.1, KAK9868495.1, KAK9868666.1, KAK9869002.1, KAK9869003.1	
OG0000407	KAK9867757.1, KAK9867758.1, KAK9868653.1	KAK9826255.1, KAK9826326.1
OG0000408	KAK9867830.1, KAK9867831.1, KAK9867832.1	KAK9833155.1, KAK9833156.1
OG0000409	KAK9867956.1, KAK9867957.1, KAK9867965.1	KAK9836914.1, KAK9836915.1
OG0000410	KAK9868099.1, KAK9868100.1, KAK9868101.1, KAK9868109.1	KAK9827546.1
OG0000411	KAK9868201.1, KAK9868202.1	KAK9833634.1, KAK9833635.1, KAK9833636.1
OG0000412	KAK9868272.1	KAK9827000.1, KAK9827203.1, KAK9833890.1, KAK9845141.1
OG0000413	KAK9868336.1, KAK9868337.1	KAK9845051.1, KAK9845052.1, KAK9845053.1
OG0000414	KAK9868409.1, KAK9868423.1	KAK9832998.1, KAK9833053.1, KAK9833160.1
OG0000415	KAK9868441.1, KAK9868780.1, KAK9868781.1	KAK9822929.1, KAK9822930.1
OG0000416	KAK9868633.1, KAK9868636.1	KAK9825973.1, KAK9825974.1, KAK9825975.1
OG0000417	KAK9868733.1, KAK9868734.1, KAK9868735.1	KAK9827020.1, KAK9827021.1
OG0000418	KAK9868760.1, KAK9868761.1	KAK9822266.1, KAK9822304.1, KAK9822315.1
OG0000419	KAK9868762.1, KAK9868763.1, KAK9868764.1	KAK9822273.1, KAK9822314.1
OG0000420	KAK9868980.1	KAK9815981.1, KAK9818593.1, KAK9826279.1, KAK9826282.1
OG0000421	KAK9869056.1, KAK9869057.1, KAK9869058.1	KAK9840030.1, KAK9840350.1
OG0000422	Null	KAK9815975.1, KAK9816238.1, KAK9820779.1, KAK9832983.1, KAK9833633.1
OG0000423	Null	KAK9818609.1, KAK9819513.1, KAK9832421.1, KAK9836425.1, KAK9841596.1
OG0000424	Null	KAK9818707.1, KAK9827768.1, KAK9827774.1, KAK9827821.1, KAK9827925.1
OG0000425	Null	KAK9818755.1, KAK9826304.1, KAK9833880.1, KAK9838005.1, KAK9844349.1
OG0000426	Null	KAK9819187.1, KAK9819198.1, KAK9819219.1, KAK9819224.1, KAK9840188.1
OG0000427	Null	KAK9834595.1, KAK9834596.1, KAK9834597.1, KAK9834598.1, KAK9839119.1
OG0000428	Null	KAK9838911.1, KAK9838912.1, KAK9838913.1, KAK9838914.1, KAK9838915.1
OG0000429	KAK9831829.1, KAK9831830.1	KAK9840428.1, KAK9840429.1
OG0000430	KAK9831916.1, KAK9843907.1, KAK9862950.1	KAK9837901.1
OG0000431	KAK9832011.1	KAK9831823.1, KAK9837562.1, KAK9838839.1
OG0000432	KAK9832017.1, KAK9839599.1, KAK9864436.1	KAK9831568.1
OG0000433	KAK9832120.1, KAK9864700.1, KAK9867204.1	KAK9821268.1
OG0000434	KAK9832470.1, KAK9833240.1, KAK9865430.1	KAK9833834.1
OG0000435	KAK9832562.1	KAK9816206.1, KAK9816214.1, KAK9818804.1
OG0000436	KAK9832563.1, KAK9857202.1	KAK9816200.1, KAK9845100.1
OG0000437	KAK9832571.1, KAK9839596.1, KAK9867122.1	KAK9825807.1
OG0000438	KAK9832666.1	KAK9819441.1, KAK9831126.1, KAK9839065.1
OG0000439	KAK9832669.1, KAK9865045.1, KAK9865046.1	KAK9840238.1
OG0000440	KAK9832674.1	KAK9840317.1, KAK9840318.1, KAK9840319.1
OG0000441	KAK9832758.1, KAK9848023.1	KAK9817603.1, KAK9828331.1
OG0000442	KAK9832769.1, KAK9855762.1, KAK9857599.1	KAK9835889.1
OG0000443	KAK9833236.1	KAK9843174.1, KAK9843291.1, KAK9843292.1
OG0000444	KAK9833238.1, KAK9833239.1, KAK9866426.1	KAK9819295.1
OG0000445	KAK9833347.1, KAK9833348.1	KAK9844933.1, KAK9844934.1
OG0000446	KAK9833364.1, KAK9867551.1	KAK9819331.1, KAK9835611.1
OG0000447	KAK9833374.1, KAK9863770.1	KAK9827851.1, KAK9843079.1
OG0000448	KAK9833588.1, KAK9833589.1	KAK9836542.1, KAK9836543.1
OG0000449	KAK9834084.1, KAK9834087.1, KAK9866245.1	KAK9831776.1
OG0000450	KAK9834100.1, KAK9834101.1, KAK9866247.1	KAK9831801.1
OG0000451	KAK9834110.1, KAK9863089.1, KAK9866698.1	KAK9840080.1
OG0000452	KAK9834114.1, KAK9845181.1, KAK9861669.1	KAK9844833.1
OG0000453	KAK9834211.1, KAK9843866.1	KAK9843068.1, KAK9843069.1
OG0000454	KAK9834215.1	KAK9827544.1, KAK9832927.1, KAK9832928.1
OG0000455	KAK9834234.1, KAK9834235.1, KAK9834236.1	KAK9817398.1
OG0000456	KAK9834241.1, KAK9867637.1	KAK9820884.1, KAK9826041.1
OG0000457	KAK9834347.1, KAK9868797.1	KAK9822724.1, KAK9822725.1
OG0000458	KAK9834353.1, KAK9835279.1	KAK9818438.1, KAK9842975.1
OG0000459	KAK9834360.1, KAK9834361.1, KAK9839564.1	KAK9844567.1
OG0000460	KAK9834369.1, KAK9861536.1, KAK9861537.1	KAK9841639.1
OG0000461	KAK9834370.1, KAK9861535.1	KAK9841281.1, KAK9841282.1
OG0000462	KAK9834933.1, KAK9862921.1	KAK9842916.1, KAK9842917.1
OG0000463	KAK9834946.1, KAK9834947.1, KAK9863020.1	KAK9830755.1
OG0000464	KAK9834951.1, KAK9856841.1, KAK9857228.1	KAK9837722.1
OG0000465	KAK9835076.1, KAK9841072.1, KAK9864067.1	KAK9844881.1
OG0000466	KAK9835077.1, KAK9841073.1, KAK9859346.1	KAK9844466.1
OG0000467	KAK9835088.1	KAK9841605.1, KAK9841606.1, KAK9841607.1
OG0000468	KAK9835249.1, KAK9835250.1, KAK9866474.1	KAK9836578.1
OG0000469	KAK9835264.1, KAK9846159.1, KAK9846160.1	KAK9819306.1
OG0000470	KAK9835272.1, KAK9848167.1, KAK9865697.1	KAK9821869.1
OG0000471	KAK9835296.1, KAK9866821.1	KAK9840270.1, KAK9840351.1
OG0000472	KAK9835934.1	KAK9837696.1, KAK9837787.1, KAK9838063.1
OG0000473	KAK9835939.1, KAK9861854.1, KAK9861855.1, KAK9861856.1	
OG0000474	KAK9836048.1, KAK9866078.1, KAK9866079.1	KAK9820874.1
OG0000475	KAK9836063.1, KAK9868453.1, KAK9868454.1	KAK9822909.1
OG0000476	KAK9836071.1, KAK9845174.1, KAK9863570.1	KAK9825285.1
OG0000477	KAK9836072.1, KAK9836073.1	KAK9825208.1, KAK9825209.1
OG0000478	KAK9836206.1, KAK9843914.1	KAK9841249.1, KAK9841250.1
OG0000479	KAK9836219.1, KAK9845550.1	KAK9828338.1, KAK9838651.1
OG0000480	KAK9836244.1, KAK9836245.1, KAK9865233.1	KAK9831035.1
OG0000481	KAK9836246.1, KAK9862509.1, KAK9865234.1	KAK9831170.1
OG0000482	KAK9836362.1, KAK9836365.1, KAK9861606.1	KAK9819302.1
OG0000483	KAK9836382.1, KAK9836383.1	KAK9839897.1, KAK9839898.1
OG0000484	KAK9836386.1, KAK9864772.1, KAK9869061.1	KAK9840261.1
OG0000485	KAK9836922.1, KAK9836923.1, KAK9836924.1	KAK9822572.1
OG0000486	KAK9837050.1, KAK9837051.1, KAK9853099.1	KAK9818578.1
OG0000487	KAK9837198.1	KAK9822556.1, KAK9822557.1, KAK9834423.1
OG0000488	KAK9837209.1, KAK9842620.1, KAK9852357.1	KAK9824917.1
OG0000489	KAK9837216.1, KAK9857630.1	KAK9816219.1, KAK9820813.1
OG0000490	KAK9837362.1, KAK9858441.1	KAK9835753.1, KAK9835754.1
OG0000491	KAK9837384.1, KAK9839394.1, KAK9864731.1	KAK9824945.1
OG0000492	KAK9837392.1, KAK9837393.1, KAK9856463.1	KAK9833148.1
OG0000493	KAK9837395.1, KAK9837396.1, KAK9861132.1	KAK9837899.1
OG0000494	KAK9837402.1, KAK9854800.1, KAK9868097.1, KAK9868111.1	
OG0000495	KAK9837405.1	KAK9826275.1, KAK9826334.1, KAK9826346.1
OG0000496	KAK9837533.1, KAK9866361.1	KAK9827193.1, KAK9827194.1
OG0000497	KAK9837539.1	KAK9819444.1, KAK9819445.1, KAK9819446.1
OG0000498	KAK9838077.1, KAK9838078.1	KAK9841216.1, KAK9842974.1
OG0000499	KAK9838209.1	KAK9844936.1, KAK9844937.1, KAK9844938.1
OG0000500	KAK9838217.1, KAK9862754.1, KAK9868189.1	KAK9825025.1
OG0000501	KAK9838238.1, KAK9838239.1	KAK9819124.1, KAK9819125.1
OG0000502	KAK9838404.1, KAK9848853.1	KAK9840119.1, KAK9840120.1
OG0000503	KAK9838416.1	KAK9817516.1, KAK9825086.1, KAK9835589.1
OG0000504	KAK9838438.1, KAK9866284.1, KAK9866290.1	KAK9819452.1
OG0000505	KAK9838441.1, KAK9866282.1, KAK9866288.1	KAK9819427.1
OG0000506	KAK9838596.1, KAK9839580.1, KAK9839581.1, KAK9862001.1	
OG0000507	KAK9838605.1, KAK9847547.1	KAK9840086.1, KAK9840087.1
OG0000508	KAK9838612.1, KAK9864571.1	KAK9833229.1, KAK9837957.1
OG0000509	KAK9838621.1	KAK9821884.1, KAK9821885.1, KAK9821886.1
OG0000510	KAK9839184.1	KAK9841305.1, KAK9841306.1, KAK9841307.1
OG0000511	KAK9839373.1, KAK9839375.1, KAK9864087.1	KAK9834535.1
OG0000512	KAK9839374.1, KAK9864090.1, KAK9868039.1	KAK9834612.1
OG0000513	KAK9839379.1, KAK9862883.1, KAK9866832.1	KAK9838737.1
OG0000514	KAK9839381.1, KAK9856434.1, KAK9856435.1	KAK9816340.1
OG0000515	KAK9839569.1, KAK9862636.1	KAK9819110.1, KAK9819111.1
OG0000516	KAK9839574.1, KAK9842379.1	KAK9839013.1, KAK9840343.1
OG0000517	KAK9839577.1, KAK9839578.1, KAK9842377.1	KAK9839904.1
OG0000518	KAK9839588.1, KAK9861188.1, KAK9862973.1	KAK9840196.1
OG0000519	KAK9839720.1, KAK9850610.1, KAK9850612.1	KAK9822268.1
OG0000520	KAK9839754.1, KAK9839755.1, KAK9866885.1	KAK9827882.1
OG0000521	KAK9839766.1, KAK9862654.1	KAK9818935.1, KAK9824914.1
OG0000522	KAK9839891.1, KAK9867183.1	KAK9818512.1, KAK9844489.1
OG0000523	KAK9840534.1, KAK9866108.1, KAK9866109.1, KAK9866110.1	
OG0000524	KAK9840676.1, KAK9864128.1, KAK9864129.1	KAK9842708.1
OG0000525	KAK9840689.1, KAK9840690.1, KAK9864932.1, KAK9864933.1	
OG0000526	KAK9840694.1, KAK9841888.1, KAK9846109.1, KAK9851686.1	
OG0000527	KAK9840709.1, KAK9867658.1	KAK9833703.1, KAK9833906.1
OG0000528	KAK9840714.1, KAK9840715.1, KAK9855485.1	KAK9833648.1
OG0000529	KAK9840717.1, KAK9855487.1, KAK9855488.1	KAK9833852.1
OG0000530	KAK9840719.1, KAK9845145.1, KAK9852850.1	KAK9844363.1
OG0000531	KAK9840720.1, KAK9840721.1, KAK9845143.1	KAK9845031.1
OG0000532	KAK9840850.1, KAK9866441.1	KAK9836569.1, KAK9836570.1
OG0000533	KAK9840867.1, KAK9861621.1, KAK9861622.1	KAK9844446.1
OG0000534	KAK9840870.1, KAK9861137.1, KAK9861138.1	KAK9841439.1
OG0000535	KAK9840877.1, KAK9840878.1	KAK9822138.1, KAK9822139.1
OG0000536	KAK9840890.1, KAK9865844.1	KAK9817545.1, KAK9817546.1
OG0000537	KAK9840897.1, KAK9866950.1, KAK9866951.1	KAK9841459.1
OG0000538	KAK9841069.1, KAK9864215.1	KAK9826594.1, KAK9834487.1
OG0000539	KAK9841079.1, KAK9849956.1, KAK9861653.1	KAK9831599.1
OG0000540	KAK9841082.1, KAK9841083.1, KAK9841924.1	KAK9831210.1
OG0000541	KAK9841091.1	KAK9828142.1, KAK9835837.1, KAK9836748.1
OG0000542	KAK9841097.1	KAK9834463.1, KAK9843187.1, KAK9844967.1
OG0000543	KAK9841930.1, KAK9841931.1	KAK9825543.1, KAK9825544.1
OG0000544	KAK9841932.1, KAK9848235.1, KAK9848236.1	KAK9825569.1
OG0000545	KAK9841938.1, KAK9843878.1, KAK9864007.1, KAK9864008.1	
OG0000546	KAK9842129.1, KAK9861962.1, KAK9861963.1	KAK9839070.1
OG0000547	KAK9842141.1	KAK9840475.1, KAK9840476.1, KAK9840477.1
OG0000548	KAK9842145.1, KAK9860348.1	KAK9827426.1, KAK9841237.1
OG0000549	KAK9842146.1, KAK9862569.1	KAK9831093.1, KAK9837797.1
OG0000550	KAK9842147.1, KAK9842148.1, KAK9860345.1	KAK9841458.1
OG0000551	KAK9842165.1, KAK9863477.1, KAK9863479.1	KAK9841426.1
OG0000552	KAK9842170.1, KAK9842171.1	KAK9833135.1, KAK9833136.1
OG0000553	KAK9842174.1, KAK9862547.1	KAK9819433.1, KAK9832929.1
OG0000554	KAK9842178.1, KAK9865932.1, KAK9865933.1	KAK9833139.1
OG0000555	KAK9842365.1, KAK9850083.1	KAK9825523.1, KAK9825524.1
OG0000556	KAK9842368.1, KAK9846801.1, KAK9850080.1	KAK9825594.1
OG0000557	KAK9842391.1, KAK9849781.1, KAK9868076.1	KAK9835490.1
OG0000558	KAK9842416.1	KAK9822061.1, KAK9822062.1, KAK9844605.1
OG0000559	KAK9842435.1, KAK9842436.1	KAK9826973.1, KAK9826974.1
OG0000560	KAK9842634.1, KAK9849127.1	KAK9818837.1, KAK9843070.1
OG0000561	KAK9842639.1, KAK9847695.1, KAK9859310.1, KAK9865072.1	
OG0000562	KAK9843379.1, KAK9862194.1, KAK9863363.1	KAK9840316.1
OG0000563	KAK9843380.1, KAK9866314.1, KAK9866315.1	KAK9817414.1
OG0000564	KAK9843564.1, KAK9843565.1, KAK9846086.1	KAK9833901.1
OG0000565	KAK9843597.1, KAK9849788.1	KAK9826645.1, KAK9844847.1
OG0000566	KAK9843614.1, KAK9843615.1	KAK9842702.1, KAK9842703.1
OG0000567	KAK9843621.1, KAK9861750.1, KAK9862794.1	KAK9841319.1
OG0000568	KAK9843846.1, KAK9862218.1	KAK9831266.1, KAK9832384.1
OG0000569	KAK9843847.1, KAK9863587.1	KAK9832456.1, KAK9832457.1
OG0000570	KAK9843856.1	KAK9840079.1, KAK9840114.1, KAK9840363.1
OG0000571	KAK9843874.1, KAK9855438.1	KAK9819508.1, KAK9834606.1
OG0000572	KAK9843884.1, KAK9843885.1, KAK9863019.1	KAK9830828.1
OG0000573	KAK9843889.1, KAK9845586.1, KAK9853601.1	KAK9833080.1
OG0000574	KAK9843895.1, KAK9843896.1	KAK9843102.1, KAK9843103.1
OG0000575	KAK9843900.1, KAK9868432.1, KAK9868439.1	KAK9843251.1
OG0000576	KAK9844225.1, KAK9844230.1, KAK9844231.1, KAK9854489.1	
OG0000577	KAK9844236.1, KAK9867448.1, KAK9867449.1	KAK9826961.1
OG0000578	KAK9844252.1, KAK9844253.1	KAK9825947.1, KAK9825948.1
OG0000579	KAK9845142.1, KAK9864813.1	KAK9845032.1, KAK9845033.1
OG0000580	KAK9845146.1, KAK9853635.1, KAK9853636.1	KAK9840484.1
OG0000581	KAK9845148.1, KAK9848173.1	KAK9844498.1, KAK9844499.1
OG0000582	KAK9845167.1, KAK9863975.1	KAK9817390.1, KAK9834640.1
OG0000583	KAK9845184.1	KAK9834384.1, KAK9834706.1, KAK9834740.1
OG0000584	KAK9845196.1, KAK9866550.1	KAK9843138.1, KAK9843139.1
OG0000585	KAK9845536.1, KAK9857934.1	KAK9818607.1, KAK9832403.1
OG0000586	KAK9845554.1, KAK9845555.1, KAK9847645.1	KAK9818570.1
OG0000587	KAK9845584.1, KAK9862122.1	KAK9840224.1, KAK9844630.1
OG0000588	KAK9845595.1, KAK9862153.1	KAK9836885.1, KAK9842871.1
OG0000589	KAK9845612.1, KAK9864284.1, KAK9868882.1	KAK9844262.1
OG0000590	KAK9845615.1, KAK9866483.1, KAK9867275.1	KAK9842985.1
OG0000591	KAK9845617.1, KAK9845618.1	KAK9843319.1, KAK9843320.1
OG0000592	KAK9845620.1, KAK9866484.1, KAK9867283.1	KAK9843014.1
OG0000593	KAK9845645.1, KAK9863210.1	KAK9822086.1, KAK9822594.1
OG0000594	KAK9845661.1, KAK9866392.1	KAK9835431.1, KAK9835432.1
OG0000595	KAK9845666.1	KAK9816365.1, KAK9821403.1, KAK9841528.1
OG0000596	KAK9845669.1, KAK9867063.1	KAK9816375.1, KAK9827466.1
OG0000597	KAK9845682.1, KAK9865743.1	KAK9817619.1, KAK9837960.1
OG0000598	KAK9845691.1, KAK9867270.1	KAK9827854.1, KAK9827855.1
OG0000599	KAK9845699.1	KAK9822951.1, KAK9822952.1, KAK9831577.1
OG0000600	KAK9846038.1, KAK9868700.1, KAK9868701.1	KAK9841599.1
OG0000601	KAK9846052.1, KAK9846170.1, KAK9846171.1	KAK9845126.1
OG0000602	KAK9846064.1, KAK9846068.1	KAK9830646.1, KAK9835512.1
OG0000603	KAK9846092.1, KAK9853873.1, KAK9858037.1	KAK9832158.1
OG0000604	KAK9846107.1, KAK9846108.1	KAK9840027.1, KAK9840028.1
OG0000605	KAK9846121.1, KAK9851540.1, KAK9866202.1	KAK9821873.1
OG0000606	KAK9846146.1, KAK9850090.1, KAK9850091.1	KAK9836808.1
OG0000607	KAK9846147.1	KAK9835557.1, KAK9836653.1, KAK9840142.1
OG0000608	KAK9846163.1, KAK9863079.1	KAK9836492.1, KAK9836549.1
OG0000609	KAK9846221.1, KAK9846222.1	KAK9844453.1, KAK9844454.1
OG0000610	KAK9846677.1, KAK9846678.1	KAK9834724.1, KAK9834725.1
OG0000611	KAK9846688.1, KAK9848852.1, KAK9864402.1	KAK9841251.1
OG0000612	KAK9846714.1	KAK9835606.1, KAK9844889.1, KAK9844910.1
OG0000613	KAK9846774.1, KAK9861541.1, KAK9861542.1	KAK9839917.1
OG0000614	KAK9846819.1	KAK9827752.1, KAK9835450.1, KAK9841129.1
OG0000615	KAK9846839.1, KAK9846840.1, KAK9864831.1	KAK9844721.1
OG0000616	KAK9846852.1, KAK9863964.1	KAK9840133.1, KAK9843226.1
OG0000617	KAK9846864.1, KAK9854782.1, KAK9854784.1	KAK9836580.1
OG0000618	KAK9846865.1	KAK9826235.1, KAK9826236.1, KAK9826243.1
OG0000619	KAK9846871.1, KAK9863615.1, KAK9863616.1	KAK9832231.1
OG0000620	KAK9846872.1, KAK9863617.1	KAK9832418.1, KAK9832419.1
OG0000621	KAK9846928.1	KAK9830714.1, KAK9830715.1, KAK9841592.1
OG0000622	KAK9846986.1	KAK9835596.1, KAK9835597.1, KAK9835598.1
OG0000623	KAK9847014.1	KAK9836891.1, KAK9840508.1, KAK9844895.1
OG0000624	KAK9847050.1, KAK9864541.1	KAK9830815.1, KAK9830816.1
OG0000625	KAK9847064.1, KAK9847065.1, KAK9847066.1	KAK9837790.1
OG0000626	KAK9847096.1, KAK9859360.1	KAK9827865.1, KAK9827866.1
OG0000627	KAK9847232.1, KAK9863151.1, KAK9867464.1	KAK9827806.1
OG0000628	KAK9847274.1, KAK9847275.1	KAK9825792.1, KAK9825793.1
OG0000629	KAK9847291.1, KAK9847292.1	KAK9843298.1, KAK9843299.1
OG0000630	KAK9847294.1, KAK9850981.1, KAK9863402.1	KAK9842972.1
OG0000631	KAK9847331.1, KAK9857157.1, KAK9857158.1	KAK9827884.1
OG0000632	KAK9847380.1, KAK9860412.1, KAK9860416.1	KAK9844694.1
OG0000633	KAK9847487.1	KAK9834793.1, KAK9834794.1, KAK9834795.1
OG0000634	KAK9847543.1, KAK9847544.1	KAK9842878.1, KAK9843008.1
OG0000635	KAK9847604.1, KAK9862779.1, KAK9863685.1, KAK9865840.1	
OG0000636	KAK9847647.1, KAK9854174.1, KAK9867726.1	KAK9835588.1
OG0000637	KAK9847648.1, KAK9854172.1	KAK9818795.1, KAK9835822.1
OG0000638	KAK9847740.1, KAK9866147.1	KAK9828223.1, KAK9828325.1
OG0000639	KAK9847793.1, KAK9865597.1, KAK9865598.1	KAK9830858.1
OG0000640	KAK9847842.1	KAK9832125.1, KAK9832126.1, KAK9832127.1
OG0000641	KAK9847912.1, KAK9866305.1, KAK9866309.1	KAK9831167.1
OG0000642	KAK9847916.1	KAK9831196.1, KAK9831197.1, KAK9831198.1
OG0000643	KAK9847967.1, KAK9847968.1, KAK9862151.1	KAK9843250.1
OG0000644	KAK9848032.1, KAK9867056.1	KAK9816358.1, KAK9816359.1
OG0000645	KAK9848089.1, KAK9848090.1, KAK9848091.1, KAK9848094.1	
OG0000646	KAK9848104.1, KAK9857232.1, KAK9857233.1	KAK9833887.1
OG0000647	KAK9848105.1, KAK9858824.1, KAK9866796.1	KAK9822801.1
OG0000648	KAK9848176.1	KAK9825483.1, KAK9825600.1, KAK9825623.1
OG0000649	KAK9848247.1, KAK9853111.1	KAK9840057.1, KAK9840059.1
OG0000650	KAK9848256.1, KAK9866914.1	KAK9815988.1, KAK9838852.1
OG0000651	KAK9848551.1, KAK9861269.1, KAK9861978.1	KAK9841293.1
OG0000652	KAK9848562.1, KAK9848563.1	KAK9820894.1, KAK9820895.1
OG0000653	KAK9848570.1, KAK9851555.1, KAK9860999.1	KAK9837782.1
OG0000654	KAK9848572.1, KAK9859779.1, KAK9859780.1	KAK9838032.1
OG0000655	KAK9848574.1	KAK9845014.1, KAK9845015.1, KAK9845016.1
OG0000656	KAK9848655.1, KAK9862285.1	KAK9831559.1, KAK9839097.1
OG0000657	KAK9848657.1, KAK9862284.1	KAK9831827.1, KAK9835523.1
OG0000658	KAK9848662.1, KAK9866712.1	KAK9825218.1, KAK9825219.1
OG0000659	KAK9848665.1, KAK9848666.1, KAK9864823.1	KAK9827504.1
OG0000660	KAK9848670.1	KAK9825520.1, KAK9827422.1, KAK9827492.1
OG0000661	KAK9848672.1, KAK9848673.1, KAK9848674.1, KAK9854774.1	
OG0000662	KAK9848831.1	KAK9826609.1, KAK9826610.1, KAK9826611.1
OG0000663	KAK9848936.1	KAK9817343.1, KAK9822028.1, KAK9827845.1
OG0000664	KAK9848941.1, KAK9862147.1, KAK9862149.1	KAK9825095.1
OG0000665	KAK9849009.1, KAK9849010.1	KAK9841474.1, KAK9841475.1
OG0000666	KAK9849024.1, KAK9864743.1	KAK9822606.1, KAK9822607.1
OG0000667	KAK9849026.1, KAK9862623.1, KAK9862624.1	KAK9822545.1
OG0000668	KAK9849027.1, KAK9862622.1, KAK9862628.1	KAK9822586.1
OG0000669	KAK9849113.1, KAK9866988.1	KAK9825495.1, KAK9843322.1
OG0000670	KAK9849117.1, KAK9849118.1	KAK9825526.1, KAK9825527.1
OG0000671	KAK9849121.1	KAK9827481.1, KAK9827482.1, KAK9827483.1
OG0000672	KAK9849129.1, KAK9867329.1, KAK9867330.1	KAK9843293.1
OG0000673	KAK9849130.1, KAK9849131.1, KAK9867324.1	KAK9842711.1
OG0000674	KAK9849264.1, KAK9863399.1	KAK9837610.1, KAK9837611.1
OG0000675	KAK9849388.1, KAK9849389.1, KAK9866111.1	KAK9835466.1
OG0000676	KAK9849392.1, KAK9865323.1, KAK9867775.1	KAK9835697.1
OG0000677	KAK9849515.1, KAK9862132.1, KAK9862206.1	KAK9835476.1
OG0000678	KAK9849520.1, KAK9862572.1, KAK9865954.1	KAK9831091.1
OG0000679	KAK9849522.1, KAK9862577.1	KAK9831135.1, KAK9831136.1
OG0000680	KAK9849525.1	KAK9815976.1, KAK9816240.1, KAK9832146.1
OG0000681	KAK9849641.1, KAK9865486.1	KAK9821147.1, KAK9821148.1
OG0000682	KAK9849645.1, KAK9849646.1	KAK9825038.1, KAK9825039.1
OG0000683	KAK9849651.1	KAK9835750.1, KAK9835751.1, KAK9835752.1
OG0000684	KAK9849774.1, KAK9849775.1, KAK9853127.1	KAK9828283.1
OG0000685	KAK9849783.1, KAK9849784.1, KAK9849785.1, KAK9849786.1	
OG0000686	KAK9849790.1, KAK9865448.1	KAK9826042.1, KAK9845097.1
OG0000687	KAK9849943.1, KAK9849944.1	KAK9825530.1, KAK9825531.1
OG0000688	KAK9849945.1, KAK9863930.1	KAK9825579.1, KAK9825591.1
OG0000689	KAK9849950.1, KAK9849951.1, KAK9859824.1	KAK9832182.1
OG0000690	KAK9850076.1, KAK9850079.1, KAK9852820.1	KAK9825312.1
OG0000691	KAK9850086.1, KAK9862492.1	KAK9841206.1, KAK9841207.1
OG0000692	KAK9850088.1	KAK9825764.1, KAK9841648.1, KAK9843130.1
OG0000693	KAK9850112.1, KAK9850113.1	KAK9816020.1, KAK9824893.1
OG0000694	KAK9850253.1, KAK9850254.1, KAK9852842.1	KAK9833899.1
OG0000695	KAK9850258.1	KAK9826247.1, KAK9826248.1, KAK9826263.1
OG0000696	KAK9850274.1, KAK9864585.1, KAK9864586.1	KAK9825555.1
OG0000697	KAK9850275.1, KAK9850276.1, KAK9850277.1	KAK9825477.1
OG0000698	KAK9850284.1, KAK9850285.1, KAK9852859.1	KAK9821702.1
OG0000699	KAK9850286.1, KAK9852860.1	KAK9821625.1, KAK9821626.1
OG0000700	KAK9850428.1, KAK9855446.1, KAK9857976.1	KAK9835819.1
OG0000701	KAK9850430.1, KAK9850431.1	KAK9837970.1, KAK9837971.1
OG0000702	KAK9850433.1, KAK9850434.1, KAK9863609.1	KAK9832395.1
OG0000703	KAK9850436.1, KAK9850437.1	KAK9832293.1, KAK9832294.1
OG0000704	KAK9850466.1	KAK9838806.1, KAK9838854.1, KAK9839068.1
OG0000705	KAK9850614.1, KAK9864741.1, KAK9864742.1	KAK9836478.1
OG0000706	KAK9850623.1, KAK9850624.1	KAK9818507.1, KAK9818508.1
OG0000707	KAK9850769.1	KAK9827061.1, KAK9827062.1, KAK9844393.1
OG0000708	KAK9850772.1, KAK9867713.1	KAK9827084.1, KAK9844905.1
OG0000709	KAK9850773.1, KAK9859385.1, KAK9864231.1	KAK9827131.1
OG0000710	KAK9850779.1, KAK9865200.1	KAK9821084.1, KAK9821085.1
OG0000711	KAK9850785.1, KAK9862699.1	KAK9841650.1, KAK9841651.1
OG0000712	KAK9850786.1, KAK9862605.1, KAK9862606.1	KAK9833815.1
OG0000713	KAK9850791.1, KAK9850792.1, KAK9861048.1	KAK9816029.1
OG0000714	KAK9850801.1, KAK9863816.1, KAK9863920.1	KAK9821016.1
OG0000715	KAK9850947.1, KAK9850948.1	KAK9828253.1, KAK9828254.1
OG0000716	KAK9850959.1, KAK9850960.1	KAK9841632.1, KAK9841633.1
OG0000717	KAK9850966.1, KAK9850967.1, KAK9850968.1, KAK9850969.1	
OG0000718	KAK9850979.1	KAK9841118.1, KAK9841291.1, KAK9841629.1
OG0000719	KAK9850984.1, KAK9851527.1, KAK9851528.1, KAK9861004.1	
OG0000720	KAK9851120.1, KAK9868713.1	KAK9841511.1, KAK9841658.1
OG0000721	KAK9851138.1, KAK9865952.1, KAK9865953.1	KAK9831143.1
OG0000722	KAK9851147.1, KAK9851148.1	KAK9826569.1, KAK9826570.1
OG0000723	KAK9851155.1, KAK9851156.1	KAK9826702.1, KAK9826703.1
OG0000724	KAK9851167.1, KAK9851168.1, KAK9866860.1	KAK9844539.1
OG0000725	KAK9851320.1, KAK9851321.1, KAK9851322.1, KAK9851323.1	
OG0000726	KAK9851335.1, KAK9851339.1, KAK9864062.1	KAK9840052.1
OG0000727	KAK9851534.1, KAK9855779.1, KAK9862037.1	KAK9827058.1
OG0000728	KAK9851535.1, KAK9862031.1, KAK9862032.1	KAK9827196.1
OG0000729	KAK9851536.1	KAK9827230.1, KAK9827231.1, KAK9827232.1
OG0000730	KAK9851554.1, KAK9861001.1	KAK9837739.1, KAK9837740.1
OG0000731	KAK9851656.1	KAK9839116.1, KAK9839117.1, KAK9839118.1
OG0000732	KAK9851664.1, KAK9851665.1, KAK9857169.1	KAK9832989.1
OG0000733	KAK9851696.1, KAK9854198.1, KAK9869039.1	KAK9825606.1
OG0000734	KAK9851877.1, KAK9851878.1, KAK9851879.1	KAK9832916.1
OG0000735	KAK9851883.1, KAK9851884.1, KAK9864907.1	KAK9833186.1
OG0000736	KAK9851899.1, KAK9864374.1	KAK9821640.1, KAK9838921.1
OG0000737	KAK9852086.1, KAK9852087.1, KAK9852088.1	KAK9820709.1
OG0000738	KAK9852104.1, KAK9865998.1	KAK9832883.1, KAK9834776.1
OG0000739	KAK9852322.1, KAK9852323.1	KAK9824790.1, KAK9824791.1
OG0000740	KAK9852347.1, KAK9867276.1	KAK9842848.1, KAK9843235.1
OG0000741	KAK9852349.1, KAK9852350.1, KAK9867217.1	KAK9843015.1
OG0000742	KAK9852361.1, KAK9867365.1	KAK9830691.1, KAK9830692.1
OG0000743	KAK9852367.1, KAK9852368.1	KAK9840048.1, KAK9840049.1
OG0000744	KAK9852555.1, KAK9866716.1, KAK9866724.1	KAK9818856.1
OG0000745	KAK9852560.1, KAK9857240.1	KAK9840491.1, KAK9840492.1
OG0000746	KAK9852566.1	KAK9816054.1, KAK9816055.1, KAK9817348.1
OG0000747	KAK9852569.1, KAK9852571.1	KAK9841324.1, KAK9841717.1
OG0000748	KAK9852592.1, KAK9865904.1, KAK9865905.1	KAK9841329.1
OG0000749	KAK9852594.1, KAK9856818.1, KAK9865661.1	KAK9832258.1
OG0000750	KAK9852605.1, KAK9866542.1, KAK9866543.1	KAK9821837.1
OG0000751	KAK9852613.1, KAK9865839.1	KAK9821899.1, KAK9831229.1
OG0000752	KAK9852821.1, KAK9865836.1	KAK9822590.1, KAK9825270.1
OG0000753	KAK9852827.1, KAK9860426.1	KAK9821836.1, KAK9821877.1
OG0000754	KAK9852829.1, KAK9865894.1, KAK9866961.1	KAK9833151.1
OG0000755	KAK9852844.1, KAK9861552.1, KAK9866378.1	KAK9825748.1
OG0000756	KAK9852862.1, KAK9852863.1, KAK9852864.1	KAK9821651.1
OG0000757	KAK9853085.1, KAK9857618.1	KAK9818643.1, KAK9832320.1
OG0000758	KAK9853090.1, KAK9853091.1, KAK9867175.1	KAK9818654.1
OG0000759	KAK9853102.1, KAK9865853.1	KAK9833696.1, KAK9833734.1
OG0000760	KAK9853106.1, KAK9865859.1	KAK9815959.1, KAK9833793.1
OG0000761	KAK9853129.1, KAK9868828.1	KAK9828323.1, KAK9828324.1
OG0000762	KAK9853132.1, KAK9853133.1	KAK9828240.1, KAK9828241.1
OG0000763	KAK9853355.1, KAK9853356.1, KAK9857186.1	KAK9839025.1
OG0000764	KAK9853357.1, KAK9855802.1, KAK9857189.1	KAK9838962.1
OG0000765	KAK9853358.1, KAK9855804.1, KAK9857183.1	KAK9838652.1
OG0000766	KAK9853375.1, KAK9868281.1	KAK9832238.1, KAK9841290.1
OG0000767	KAK9853376.1, KAK9864876.1, KAK9868294.1	KAK9841142.1
OG0000768	KAK9853381.1, KAK9856140.1, KAK9866205.1	KAK9819123.1
OG0000769	KAK9853384.1, KAK9853386.1	KAK9827098.1, KAK9844636.1
OG0000770	KAK9853393.1, KAK9861253.1	KAK9836430.1, KAK9836431.1
OG0000771	KAK9853605.1, KAK9853606.1, KAK9859845.1	KAK9832997.1
OG0000772	KAK9853627.1	KAK9831590.1, KAK9839998.1, KAK9841178.1
OG0000773	KAK9853629.1, KAK9867679.1, KAK9867680.1	KAK9819287.1
OG0000774	KAK9853632.1, KAK9866123.1, KAK9866433.1	KAK9819321.1
OG0000775	KAK9853639.1, KAK9865261.1	KAK9833857.1, KAK9844983.1
OG0000776	KAK9853649.1, KAK9853650.1, KAK9857160.1	KAK9827775.1
OG0000777	KAK9853864.1, KAK9864295.1	KAK9818674.1, KAK9821408.1
OG0000778	KAK9853895.1, KAK9867521.1, KAK9867522.1	KAK9844992.1
OG0000779	KAK9853919.1	KAK9824860.1, KAK9831705.1, KAK9831706.1
OG0000780	KAK9853920.1, KAK9865789.1, KAK9865790.1	KAK9831190.1
OG0000781	KAK9853925.1, KAK9853926.1, KAK9853927.1	KAK9842824.1
OG0000782	KAK9853930.1, KAK9865018.1	KAK9822140.1, KAK9826650.1
OG0000783	KAK9854179.1, KAK9854180.1	KAK9835709.1, KAK9835710.1
OG0000784	KAK9854184.1, KAK9854185.1, KAK9863137.1	KAK9835644.1
OG0000785	KAK9854187.1, KAK9865243.1	KAK9830769.1, KAK9830770.1
OG0000786	KAK9854202.1, KAK9860358.1, KAK9861558.1	KAK9828134.1
OG0000787	KAK9854462.1, KAK9854463.1, KAK9868638.1	KAK9825327.1
OG0000788	KAK9854470.1, KAK9863470.1, KAK9863473.1	KAK9840438.1
OG0000789	KAK9854766.1, KAK9854767.1	KAK9817349.1, KAK9817350.1
OG0000790	KAK9854799.1	KAK9821407.1, KAK9821871.1, KAK9834804.1
OG0000791	KAK9854828.1, KAK9854829.1	KAK9825960.1, KAK9825961.1
OG0000792	KAK9855106.1, KAK9855107.1	KAK9822074.1, KAK9834526.1
OG0000793	KAK9855110.1, KAK9861499.1	KAK9822010.1, KAK9822440.1
OG0000794	KAK9855133.1, KAK9867166.1	KAK9817607.1, KAK9840509.1
OG0000795	KAK9855182.1	KAK9832918.1, KAK9832919.1, KAK9832920.1
OG0000796	KAK9855455.1, KAK9855456.1	KAK9836738.1, KAK9836739.1
OG0000797	KAK9855458.1, KAK9855459.1, KAK9855497.1	KAK9836787.1
OG0000798	KAK9855475.1, KAK9867209.1	KAK9835732.1, KAK9835787.1
OG0000799	KAK9855477.1, KAK9855478.1	KAK9822719.1, KAK9822731.1
OG0000800	KAK9855480.1, KAK9858800.1	KAK9817382.1, KAK9841505.1
OG0000801	KAK9855483.1	KAK9821251.1, KAK9841217.1, KAK9844894.1
OG0000802	KAK9855745.1, KAK9866382.1	KAK9825808.1, KAK9825809.1
OG0000803	KAK9855747.1, KAK9866375.1, KAK9866376.1	KAK9825741.1
OG0000804	KAK9855776.1, KAK9863117.1, KAK9863122.1	KAK9832327.1
OG0000805	KAK9855790.1, KAK9865529.1	KAK9843200.1, KAK9844760.1
OG0000806	KAK9856081.1, KAK9865068.1, KAK9865073.1	KAK9834786.1
OG0000807	KAK9856086.1, KAK9856087.1	KAK9831017.1, KAK9831018.1
OG0000808	KAK9856091.1, KAK9867005.1	KAK9833892.1, KAK9837898.1
OG0000809	KAK9856105.1, KAK9858030.1, KAK9863078.1	KAK9836783.1
OG0000810	KAK9856117.1, KAK9856119.1, KAK9859333.1	KAK9837955.1
OG0000811	KAK9856125.1, KAK9868971.1, KAK9868972.1	KAK9845056.1
OG0000812	KAK9856142.1, KAK9866197.1	KAK9821854.1, KAK9821855.1
OG0000813	KAK9856411.1, KAK9856412.1	KAK9816378.1, KAK9816379.1
OG0000814	KAK9856416.1, KAK9856417.1	KAK9820670.1, KAK9820671.1
OG0000815	KAK9856419.1, KAK9867463.1	KAK9820697.1, KAK9820708.1
OG0000816	KAK9856420.1	KAK9820685.1, KAK9820686.1, KAK9820687.1
OG0000817	KAK9856450.1, KAK9856451.1, KAK9859399.1	KAK9845108.1
OG0000818	KAK9856476.1, KAK9863013.1	KAK9836730.1, KAK9837930.1
OG0000819	KAK9856478.1, KAK9861897.1	KAK9844516.1, KAK9845043.1
OG0000820	KAK9856791.1, KAK9856792.1	KAK9820872.1, KAK9820873.1
OG0000821	KAK9856800.1, KAK9856801.1, KAK9862465.1	KAK9826562.1
OG0000822	KAK9856826.1, KAK9865279.1, KAK9865657.1	KAK9832149.1
OG0000823	KAK9857198.1, KAK9862238.1	KAK9817443.1, KAK9825214.1
OG0000824	KAK9857201.1, KAK9857205.1, KAK9863234.1	KAK9816216.1
OG0000825	KAK9857209.1, KAK9861397.1	KAK9820736.1, KAK9839137.1
OG0000826	KAK9857212.1, KAK9861398.1, KAK9861399.1	KAK9838834.1
OG0000827	KAK9857220.1, KAK9863184.1	KAK9815995.1, KAK9815996.1
OG0000828	KAK9857224.1, KAK9861692.1, KAK9862815.1	KAK9825546.1
OG0000829	KAK9857247.1, KAK9857248.1, KAK9866944.1	KAK9844977.1
OG0000830	KAK9857251.1	KAK9844542.1, KAK9844543.1, KAK9844759.1
OG0000831	KAK9857580.1, KAK9862723.1, KAK9862724.1	KAK9828155.1
OG0000832	KAK9857931.1, KAK9859826.1, KAK9859827.1	KAK9832442.1
OG0000833	KAK9857961.1, KAK9863164.1, KAK9863165.1	KAK9844748.1
OG0000834	KAK9857968.1, KAK9865475.1	KAK9816221.1, KAK9826671.1
OG0000835	KAK9857971.1, KAK9865465.1, KAK9865466.1	KAK9816225.1
OG0000836	KAK9858003.1	KAK9820721.1, KAK9838966.1, KAK9838967.1
OG0000837	KAK9858006.1, KAK9863856.1	KAK9831172.1, KAK9842682.1
OG0000838	KAK9858018.1, KAK9860397.1	KAK9826321.1, KAK9826322.1
OG0000839	KAK9858024.1, KAK9862025.1, KAK9863005.1	KAK9840430.1
OG0000840	KAK9858393.1, KAK9862689.1	KAK9833177.1, KAK9833946.1
OG0000841	KAK9858404.1, KAK9858405.1	KAK9819134.1, KAK9819135.1
OG0000842	KAK9858429.1, KAK9859343.1	KAK9837764.1, KAK9837942.1
OG0000843	KAK9858449.1, KAK9858450.1, KAK9858451.1	KAK9836800.1
OG0000844	KAK9858453.1, KAK9858455.1, KAK9858456.1	KAK9839018.1
OG0000845	KAK9858454.1	KAK9838734.1, KAK9838735.1, KAK9838736.1
OG0000846	KAK9858462.1, KAK9862033.1, KAK9864525.1	KAK9827156.1
OG0000847	KAK9858467.1, KAK9858468.1, KAK9864352.1	KAK9838069.1
OG0000848	KAK9858796.1, KAK9865422.1, KAK9865423.1	KAK9834387.1
OG0000849	KAK9858822.1, KAK9858823.1, KAK9864791.1	KAK9822751.1
OG0000850	KAK9858827.1, KAK9867945.1, KAK9868185.1	KAK9820940.1
OG0000851	KAK9858839.1, KAK9858840.1, KAK9868132.1	KAK9838010.1
OG0000852	KAK9858859.1, KAK9865889.1	KAK9817464.1, KAK9817465.1
OG0000853	KAK9858889.1	KAK9834393.1, KAK9834406.1, KAK9834780.1
OG0000854	KAK9859298.1, KAK9859299.1, KAK9859300.1	KAK9826064.1
OG0000855	KAK9859304.1	KAK9825970.1, KAK9826024.1, KAK9826025.1
OG0000856	KAK9859312.1, KAK9861866.1	KAK9831686.1, KAK9832954.1
OG0000857	KAK9859318.1	KAK9826605.1, KAK9826606.1, KAK9826607.1
OG0000858	KAK9859337.1, KAK9862073.1, KAK9867181.1	KAK9837609.1
OG0000859	KAK9859390.1, KAK9859397.1, KAK9864331.1	KAK9845077.1
OG0000860	KAK9859781.1, KAK9863066.1, KAK9863069.1	KAK9837878.1
OG0000861	KAK9859792.1, KAK9866193.1, KAK9866194.1	KAK9822558.1
OG0000862	KAK9859837.1	KAK9825076.1, KAK9832370.1, KAK9837659.1
OG0000863	KAK9859860.1, KAK9861455.1, KAK9861456.1	KAK9821034.1
OG0000864	KAK9860326.1, KAK9864027.1	KAK9816038.1, KAK9825598.1
OG0000865	KAK9860342.1	KAK9837904.1, KAK9837905.1, KAK9837906.1
OG0000866	KAK9860367.1, KAK9860368.1, KAK9867940.1	KAK9825031.1
OG0000867	KAK9860385.1	KAK9817417.1, KAK9821209.1, KAK9844451.1
OG0000868	KAK9860436.1, KAK9861351.1	KAK9817389.1, KAK9821284.1
OG0000869	KAK9860447.1, KAK9860448.1, KAK9868209.1	KAK9832176.1
OG0000870	KAK9861016.1, KAK9861017.1, KAK9868235.1	KAK9844872.1
OG0000871	KAK9861018.1, KAK9861019.1	KAK9827186.1, KAK9827187.1
OG0000872	KAK9861029.1	KAK9816299.1, KAK9842969.1, KAK9842970.1
OG0000873	KAK9861049.1	KAK9827200.1, KAK9831137.1, KAK9831238.1
OG0000874	KAK9861051.1	KAK9816145.1, KAK9827111.1, KAK9831251.1
OG0000875	KAK9861052.1	KAK9831067.1, KAK9831193.1, KAK9831194.1
OG0000876	KAK9861054.1, KAK9861055.1	KAK9831069.1, KAK9831199.1
OG0000877	KAK9861060.1, KAK9861061.1	KAK9844412.1, KAK9844413.1
OG0000878	KAK9861069.1	KAK9844435.1, KAK9844773.1, KAK9844878.1
OG0000879	KAK9861085.1	KAK9822394.1, KAK9822395.1, KAK9822396.1
OG0000880	KAK9861095.1, KAK9861233.1	KAK9835845.1, KAK9835846.1
OG0000881	KAK9861122.1, KAK9863357.1	KAK9817449.1, KAK9841218.1
OG0000882	KAK9861124.1, KAK9861125.1	KAK9841124.1, KAK9841125.1
OG0000883	KAK9861134.1, KAK9861135.1, KAK9861136.1	KAK9837661.1
OG0000884	KAK9861152.1, KAK9861885.1	KAK9825522.1, KAK9832374.1
OG0000885	KAK9861258.1, KAK9861259.1	KAK9835640.1, KAK9835641.1
OG0000886	KAK9861270.1, KAK9861982.1, KAK9861983.1	KAK9841730.1
OG0000887	KAK9861287.1, KAK9861878.1, KAK9864598.1	KAK9826692.1
OG0000888	KAK9861296.1	KAK9836533.1, KAK9836751.1, KAK9845080.1
OG0000889	KAK9861305.1, KAK9861306.1	KAK9817600.1, KAK9817601.1
OG0000890	KAK9861345.1, KAK9861583.1, KAK9861584.1	KAK9826020.1
OG0000891	KAK9861372.1, KAK9861373.1	KAK9844997.1, KAK9844998.1
OG0000892	KAK9861390.1, KAK9866461.1	KAK9822148.1, KAK9840487.1
OG0000893	KAK9861392.1, KAK9868317.1	KAK9821849.1, KAK9822135.1
OG0000894	KAK9861409.1, KAK9862513.1, KAK9862514.1, KAK9862517.1	
OG0000895	KAK9861429.1, KAK9863143.1, KAK9863149.1	KAK9834509.1
OG0000896	KAK9861457.1, KAK9861459.1, KAK9863922.1	KAK9821001.1
OG0000897	KAK9861472.1, KAK9862583.1, KAK9865146.1	KAK9845125.1
OG0000898	KAK9861476.1, KAK9862611.1, KAK9865315.1, KAK9865324.1	
OG0000899	KAK9861501.1, KAK9862159.1	KAK9821003.1, KAK9821004.1
OG0000900	KAK9861505.1	KAK9820918.1, KAK9821028.1, KAK9833911.1
OG0000901	KAK9861506.1, KAK9865625.1	KAK9821010.1, KAK9821011.1
OG0000902	KAK9861526.1, KAK9866772.1, KAK9866774.1	KAK9827816.1
OG0000903	KAK9861527.1	KAK9827839.1, KAK9827840.1, KAK9827859.1
OG0000904	KAK9861539.1	KAK9840338.1, KAK9840339.1, KAK9840340.1
OG0000905	KAK9861546.1, KAK9867999.1	KAK9844817.1, KAK9844818.1
OG0000906	KAK9861547.1, KAK9868003.1	KAK9834413.1, KAK9844912.1
OG0000907	KAK9861561.1, KAK9861562.1, KAK9868160.1	KAK9828247.1
OG0000908	KAK9861575.1	KAK9822621.1, KAK9824731.1, KAK9833889.1
OG0000909	KAK9861630.1, KAK9868187.1, KAK9868188.1	KAK9845073.1
OG0000910	KAK9861633.1, KAK9866181.1	KAK9844416.1, KAK9844467.1
OG0000911	KAK9861635.1, KAK9864839.1, KAK9864840.1	KAK9844956.1
OG0000912	KAK9861649.1	KAK9825068.1, KAK9825069.1, KAK9825070.1
OG0000913	KAK9861688.1, KAK9861689.1	KAK9844781.1, KAK9844782.1
OG0000914	KAK9861704.1, KAK9861711.1	KAK9817533.1, KAK9833818.1
OG0000915	KAK9861718.1, KAK9862452.1	KAK9842845.1, KAK9842846.1
OG0000916	KAK9861719.1, KAK9862453.1, KAK9862454.1	KAK9843362.1
OG0000917	KAK9861722.1, KAK9864274.1	KAK9831774.1, KAK9831775.1
OG0000918	KAK9861728.1, KAK9868360.1	KAK9819407.1, KAK9839163.1
OG0000919	KAK9861731.1, KAK9868351.1	KAK9819458.1, KAK9839083.1
OG0000920	KAK9861739.1, KAK9866029.1	KAK9825089.1, KAK9825090.1
OG0000921	KAK9861762.1, KAK9864935.1, KAK9864936.1	KAK9825091.1
OG0000922	KAK9861776.1, KAK9861777.1, KAK9864672.1	KAK9837804.1
OG0000923	KAK9861780.1, KAK9864669.1	KAK9816280.1, KAK9837894.1
OG0000924	KAK9861795.1, KAK9862242.1	KAK9825317.1, KAK9825329.1
OG0000925	KAK9861820.1	KAK9838796.1, KAK9839046.1, KAK9839127.1
OG0000926	KAK9861835.1, KAK9868860.1	KAK9835514.1, KAK9835515.1
OG0000927	KAK9861880.1, KAK9861881.1, KAK9861882.1	KAK9825611.1
OG0000928	KAK9861893.1, KAK9862890.1	KAK9827868.1, KAK9827869.1
OG0000929	KAK9861899.1, KAK9861900.1, KAK9861901.1, KAK9861902.1	
OG0000930	KAK9861914.1, KAK9863062.1, KAK9863063.1	KAK9837974.1
OG0000931	KAK9861915.1	KAK9837726.1, KAK9837861.1, KAK9837862.1
OG0000932	KAK9861922.1	KAK9836593.1, KAK9836594.1, KAK9836595.1
OG0000933	KAK9861965.1, KAK9861966.1, KAK9861967.1	KAK9838655.1
OG0000934	KAK9861980.1, KAK9861981.1	KAK9841676.1, KAK9841677.1
OG0000935	KAK9861992.1, KAK9861993.1	KAK9836554.1, KAK9836555.1
OG0000936	KAK9861995.1, KAK9861996.1	KAK9844298.1, KAK9844299.1
OG0000937	KAK9862061.1	KAK9820892.1, KAK9822968.1, KAK9843075.1
OG0000938	KAK9862089.1	KAK9832198.1, KAK9832312.1, KAK9832313.1
OG0000939	KAK9862106.1, KAK9862107.1	KAK9833111.1, KAK9833839.1
OG0000940	KAK9862111.1, KAK9862112.1, KAK9862113.1	KAK9832957.1
OG0000941	KAK9862163.1, KAK9868847.1	KAK9817340.1, KAK9844914.1
OG0000942	KAK9862170.1, KAK9864393.1	KAK9824712.1, KAK9836568.1
OG0000943	KAK9862192.1, KAK9863362.1	KAK9839965.1, KAK9839966.1
OG0000944	KAK9862223.1, KAK9862224.1, KAK9864557.1	KAK9840297.1
OG0000945	KAK9862230.1, KAK9862231.1	KAK9832467.1, KAK9832468.1
OG0000946	KAK9862250.1, KAK9863758.1	KAK9822278.1, KAK9830848.1
OG0000947	KAK9862286.1, KAK9862290.1	KAK9831698.1, KAK9831699.1
OG0000948	KAK9862294.1, KAK9862595.1	KAK9843033.1, KAK9843034.1
OG0000949	KAK9862308.1, KAK9862309.1	KAK9827070.1, KAK9827071.1
OG0000950	KAK9862352.1, KAK9864181.1	KAK9831665.1, KAK9831803.1
OG0000951	KAK9862370.1, KAK9862371.1, KAK9862372.1	KAK9831089.1
OG0000952	KAK9862390.1, KAK9862395.1	KAK9816300.1, KAK9816301.1
OG0000953	KAK9862413.1, KAK9867040.1	KAK9819020.1, KAK9833854.1
OG0000954	KAK9862420.1, KAK9862421.1	KAK9836560.1, KAK9836561.1
OG0000955	KAK9862462.1, KAK9863425.1, KAK9863426.1	KAK9827559.1
OG0000956	KAK9862471.1, KAK9864219.1	KAK9826014.1, KAK9826527.1
OG0000957	KAK9862478.1, KAK9865040.1	KAK9840481.1, KAK9840482.1
OG0000958	KAK9862479.1, KAK9862485.1, KAK9863155.1	KAK9842847.1
OG0000959	KAK9862484.1, KAK9863690.1, KAK9864722.1, KAK9868493.1	
OG0000960	KAK9862496.1	KAK9842655.1, KAK9843127.1, KAK9843374.1
OG0000961	KAK9862504.1, KAK9863266.1, KAK9863273.1	KAK9840113.1
OG0000962	KAK9862540.1, KAK9868818.1	KAK9825012.1, KAK9828238.1
OG0000963	KAK9862549.1, KAK9862819.1, KAK9864899.1	KAK9826625.1
OG0000964	KAK9862550.1, KAK9864893.1, KAK9864894.1	KAK9826667.1
OG0000965	KAK9862552.1	KAK9825710.1, KAK9826522.1, KAK9826644.1
OG0000966	KAK9862555.1, KAK9862556.1	KAK9833664.1, KAK9833665.1
OG0000967	KAK9862571.1, KAK9868884.1	KAK9831268.1, KAK9835841.1
OG0000968	KAK9862574.1, KAK9865955.1	KAK9831115.1, KAK9831249.1
OG0000969	KAK9862575.1, KAK9862576.1, KAK9865951.1	KAK9831220.1
OG0000970	KAK9862591.1	KAK9832154.1, KAK9832155.1, KAK9832156.1
OG0000971	KAK9862597.1	KAK9832164.1, KAK9833651.1, KAK9842828.1
OG0000972	KAK9862602.1, KAK9865807.1, KAK9867798.1	KAK9826285.1
OG0000973	KAK9862631.1, KAK9864009.1	KAK9822591.1, KAK9828308.1
OG0000974	KAK9862637.1, KAK9863032.1, KAK9866933.1	KAK9827564.1
OG0000975	KAK9862676.1, KAK9862678.1, KAK9862739.1	KAK9836809.1
OG0000976	KAK9862681.1, KAK9863097.1, KAK9863185.1, KAK9863186.1	
OG0000977	KAK9862682.1, KAK9864153.1	KAK9818830.1, KAK9831134.1
OG0000978	KAK9862693.1, KAK9862694.1	KAK9833033.1, KAK9833034.1
OG0000979	KAK9862700.1, KAK9862955.1	KAK9836428.1, KAK9841566.1
OG0000980	KAK9862703.1	KAK9835610.1, KAK9835689.1, KAK9835902.1
OG0000981	KAK9862704.1, KAK9862705.1	KAK9835540.1, KAK9835541.1
OG0000982	KAK9862721.1, KAK9862722.1	KAK9828358.1, KAK9828359.1
OG0000983	KAK9862756.1, KAK9862757.1	KAK9825017.1, KAK9825018.1
OG0000984	KAK9862774.1, KAK9862775.1	KAK9818711.1, KAK9818712.1
OG0000985	KAK9862796.1, KAK9862797.1, KAK9862798.1	KAK9838785.1
OG0000986	KAK9862811.1, KAK9864260.1	KAK9835785.1, KAK9841269.1
OG0000987	KAK9862828.1, KAK9862829.1	KAK9832948.1, KAK9832949.1
OG0000988	KAK9862849.1, KAK9866888.1, KAK9866897.1	KAK9831809.1
OG0000989	KAK9862851.1, KAK9866895.1, KAK9869007.1	KAK9831564.1
OG0000990	KAK9862858.1	KAK9822345.1, KAK9833952.1, KAK9842752.1
OG0000991	KAK9862879.1, KAK9862880.1, KAK9862881.1	KAK9826054.1
OG0000992	KAK9862895.1, KAK9862896.1, KAK9862897.1, KAK9862898.1	
OG0000993	KAK9862905.1, KAK9862942.1, KAK9862943.1	KAK9830847.1
OG0000994	KAK9862952.1, KAK9862953.1	KAK9836710.1, KAK9836711.1
OG0000995	KAK9862995.1	KAK9818925.1, KAK9818933.1, KAK9818939.1
OG0000996	KAK9863033.1, KAK9864573.1, KAK9864575.1	KAK9816065.1
OG0000997	KAK9863051.1	KAK9841286.1, KAK9841370.1, KAK9841642.1
OG0000998	KAK9863064.1, KAK9865160.1, KAK9865161.1	KAK9837819.1
OG0000999	KAK9863073.1	KAK9816003.1, KAK9816237.1, KAK9820812.1
OG0001000	KAK9863086.1, KAK9864500.1, KAK9864501.1	KAK9840234.1
OG0001001	KAK9863093.1, KAK9863094.1	KAK9816404.1, KAK9816405.1
OG0001002	KAK9863136.1	KAK9825118.1, KAK9826066.1, KAK9835604.1
OG0001003	KAK9863201.1	KAK9817496.1, KAK9844351.1, KAK9844725.1
OG0001004	KAK9863212.1, KAK9863213.1	KAK9822568.1, KAK9822569.1
OG0001005	KAK9863243.1, KAK9863244.1, KAK9866859.1	KAK9844929.1
OG0001006	KAK9863252.1, KAK9868938.1	KAK9831725.1, KAK9833127.1
OG0001007	KAK9863282.1, KAK9863283.1	KAK9818602.1, KAK9818603.1
OG0001008	KAK9863299.1, KAK9866856.1	KAK9818557.1, KAK9845050.1
OG0001009	KAK9863318.1, KAK9863319.1	KAK9819221.1, KAK9821399.1
OG0001010	KAK9863321.1, KAK9863993.1, KAK9864878.1, KAK9865439.1	
OG0001011	KAK9863342.1	KAK9835575.1, KAK9835576.1, KAK9835577.1
OG0001012	KAK9863345.1, KAK9863749.1, KAK9863750.1	KAK9830829.1
OG0001013	KAK9863348.1, KAK9864531.1, KAK9866852.1	KAK9830802.1
OG0001014	KAK9863364.1	KAK9827800.1, KAK9836448.1, KAK9840231.1
OG0001015	KAK9863366.1, KAK9865118.1, KAK9865119.1	KAK9816186.1
OG0001016	KAK9863376.1, KAK9863377.1, KAK9864373.1	KAK9838946.1
OG0001017	KAK9863395.1, KAK9867752.1, KAK9867753.1	KAK9840206.1
OG0001018	KAK9863405.1	KAK9825027.1, KAK9836843.1, KAK9837822.1
OG0001019	KAK9863412.1, KAK9863413.1, KAK9863414.1	KAK9837983.1
OG0001020	KAK9863437.1, KAK9864412.1	KAK9822773.1, KAK9824907.1
OG0001021	KAK9863471.1, KAK9863472.1	KAK9818510.1, KAK9818511.1
OG0001022	KAK9863482.1, KAK9863483.1	KAK9841618.1, KAK9841619.1
OG0001023	KAK9863498.1, KAK9863499.1	KAK9827817.1, KAK9827818.1
OG0001024	KAK9863516.1, KAK9868571.1	KAK9830680.1, KAK9832329.1
OG0001025	KAK9863517.1, KAK9863518.1	KAK9832318.1, KAK9832319.1
OG0001026	KAK9863540.1, KAK9867540.1, KAK9867544.1	KAK9843054.1
OG0001027	KAK9863580.1	KAK9833736.1, KAK9833737.1, KAK9833738.1
OG0001028	KAK9863582.1, KAK9863841.1	KAK9821550.1, KAK9825571.1
OG0001029	KAK9863592.1, KAK9863826.1, KAK9863827.1	KAK9826927.1
OG0001030	KAK9863607.1	KAK9822546.1, KAK9832194.1, KAK9843107.1
OG0001031	KAK9863702.1, KAK9863703.1, KAK9863704.1	KAK9826007.1
OG0001032	KAK9863710.1	KAK9833693.1, KAK9833796.1, KAK9837941.1
OG0001033	KAK9863742.1, KAK9863743.1, KAK9863744.1	KAK9833785.1
OG0001034	KAK9863754.1, KAK9864371.1	KAK9830862.1, KAK9840151.1
OG0001035	KAK9863774.1, KAK9863775.1	KAK9837619.1, KAK9837620.1
OG0001036	KAK9863797.1, KAK9863926.1, KAK9867094.1	KAK9828225.1
OG0001037	KAK9863813.1, KAK9866272.1, KAK9866273.1	KAK9842955.1
OG0001038	KAK9863836.1, KAK9865536.1, KAK9865540.1	KAK9840202.1
OG0001039	KAK9863839.1, KAK9865768.1	KAK9840207.1, KAK9840208.1
OG0001040	KAK9863860.1, KAK9863862.1	KAK9838034.1, KAK9838035.1
OG0001041	KAK9863861.1, KAK9866867.1, KAK9866874.1	KAK9837749.1
OG0001042	KAK9863902.1, KAK9863903.1	KAK9838662.1, KAK9838663.1
OG0001043	KAK9863914.1, KAK9863918.1	KAK9821167.1, KAK9821168.1
OG0001044	KAK9863938.1	KAK9844688.1, KAK9844689.1, KAK9844690.1
OG0001045	KAK9863939.1, KAK9864740.1, KAK9868404.1	KAK9824758.1
OG0001046	KAK9863941.1	KAK9824746.1, KAK9824803.1, KAK9825756.1
OG0001047	KAK9863985.1, KAK9869016.1, KAK9869017.1	KAK9840285.1
OG0001048	KAK9863999.1, KAK9864000.1, KAK9868601.1	KAK9831241.1
OG0001049	KAK9864022.1	KAK9816099.1, KAK9816150.1, KAK9834594.1
OG0001050	KAK9864030.1, KAK9864031.1, KAK9866112.1	KAK9843225.1
OG0001051	KAK9864038.1, KAK9866118.1	KAK9832375.1, KAK9842771.1
OG0001052	KAK9864063.1, KAK9865818.1	KAK9830661.1, KAK9844519.1
OG0001053	KAK9864077.1, KAK9864134.1	KAK9825565.1, KAK9825622.1
OG0001054	KAK9864080.1, KAK9864081.1	KAK9841440.1, KAK9841441.1
OG0001055	KAK9864114.1, KAK9864861.1	KAK9827066.1, KAK9831029.1
OG0001056	KAK9864149.1, KAK9867102.1, KAK9867106.1	KAK9840023.1
OG0001057	KAK9864164.1, KAK9865957.1	KAK9831146.1, KAK9831147.1
OG0001058	KAK9864212.1, KAK9867467.1, KAK9867468.1	KAK9820703.1
OG0001059	KAK9864226.1, KAK9865582.1, KAK9865590.1	KAK9835481.1
OG0001060	KAK9864233.1, KAK9867254.1, KAK9867255.1	KAK9830795.1
OG0001061	KAK9864239.1	KAK9833836.1, KAK9833837.1, KAK9833838.1
OG0001062	KAK9864251.1	KAK9836441.1, KAK9836449.1, KAK9836589.1
OG0001063	KAK9864256.1, KAK9864257.1	KAK9824744.1, KAK9841184.1
OG0001064	KAK9864390.1, KAK9864391.1	KAK9821364.1, KAK9836847.1
OG0001065	KAK9864475.1, KAK9865500.1, KAK9865501.1	KAK9830745.1
OG0001066	KAK9864485.1	KAK9828162.1, KAK9828163.1, KAK9844448.1
OG0001067	KAK9864495.1, KAK9864496.1	KAK9831082.1, KAK9831083.1
OG0001068	KAK9864518.1, KAK9864519.1	KAK9833104.1, KAK9833105.1
OG0001069	KAK9864522.1	KAK9833223.1, KAK9833224.1, KAK9833225.1
OG0001070	KAK9864532.1, KAK9864533.1	KAK9830798.1, KAK9830799.1
OG0001071	KAK9864606.1, KAK9864609.1, KAK9865225.1	KAK9836719.1
OG0001072	KAK9864681.1, KAK9864682.1	KAK9825087.1, KAK9825088.1
OG0001073	KAK9864811.1, KAK9864812.1	KAK9844669.1, KAK9844670.1
OG0001074	KAK9864815.1	KAK9821663.1, KAK9821664.1, KAK9821665.1
OG0001075	KAK9864817.1, KAK9865992.1, KAK9867635.1	KAK9826311.1
OG0001076	KAK9864845.1	KAK9827095.1, KAK9827096.1, KAK9831158.1
OG0001077	KAK9864846.1	KAK9816096.1, KAK9844353.1, KAK9844828.1
OG0001078	KAK9864856.1	KAK9816101.1, KAK9827192.1, KAK9827228.1
OG0001079	KAK9864886.1, KAK9868283.1	KAK9841209.1, KAK9841210.1
OG0001080	KAK9864888.1, KAK9866869.1, KAK9868276.1	KAK9841136.1
OG0001081	KAK9864948.1, KAK9865021.1, KAK9866394.1	KAK9835912.1
OG0001082	KAK9865051.1	KAK9843334.1, KAK9843335.1, KAK9843336.1
OG0001083	KAK9865065.1, KAK9865069.1	KAK9827082.1, KAK9827083.1
OG0001084	KAK9865080.1, KAK9865081.1	KAK9840431.1, KAK9840432.1
OG0001085	KAK9865103.1, KAK9865291.1, KAK9865292.1	KAK9822008.1
OG0001086	KAK9865262.1	KAK9825754.1, KAK9840212.1, KAK9844764.1
OG0001087	KAK9865296.1	KAK9822034.1, KAK9822035.1, KAK9822036.1
OG0001088	KAK9865304.1, KAK9865305.1, KAK9867419.1	KAK9822067.1
OG0001089	KAK9865339.1	KAK9838668.1, KAK9838669.1, KAK9838670.1
OG0001090	KAK9865358.1, KAK9867187.1, KAK9867196.1	KAK9818476.1
OG0001091	KAK9865391.1	KAK9832227.1, KAK9832228.1, KAK9843340.1
OG0001092	KAK9865419.1, KAK9865420.1, KAK9865421.1	KAK9834685.1
OG0001093	KAK9865523.1, KAK9865524.1	KAK9843001.1, KAK9843002.1
OG0001094	KAK9865531.1, KAK9868435.1	KAK9843111.1, KAK9843112.1
OG0001095	KAK9865533.1, KAK9865534.1	KAK9843324.1, KAK9843325.1
OG0001096	KAK9865557.1, KAK9865563.1, KAK9867537.1	KAK9833757.1
OG0001097	KAK9865574.1, KAK9865766.1, KAK9865770.1	KAK9840131.1
OG0001098	KAK9865615.1, KAK9865616.1, KAK9865617.1	KAK9840326.1
OG0001099	KAK9865629.1, KAK9868483.1, KAK9868484.1	KAK9818617.1
OG0001100	KAK9865643.1, KAK9868485.1, KAK9868486.1	KAK9818652.1
OG0001101	KAK9865655.1	KAK9832332.1, KAK9832333.1, KAK9833113.1
OG0001102	KAK9865668.1, KAK9868679.1, KAK9868895.1	KAK9842648.1
OG0001103	KAK9865710.1, KAK9868697.1	KAK9827132.1, KAK9841483.1
OG0001104	KAK9865734.1	KAK9838803.1, KAK9839042.1, KAK9839124.1
OG0001105	KAK9865810.1	KAK9837664.1, KAK9837665.1, KAK9837666.1
OG0001106	KAK9865823.1, KAK9865824.1, KAK9867917.1	KAK9844762.1
OG0001107	KAK9865851.1, KAK9865852.1	KAK9817552.1, KAK9817553.1
OG0001108	KAK9865921.1, KAK9865922.1	KAK9841350.1, KAK9841351.1
OG0001109	KAK9865925.1, KAK9865926.1	KAK9841654.1, KAK9841655.1
OG0001110	KAK9865965.1, KAK9865966.1, KAK9865967.1, KAK9865968.1	
OG0001111	KAK9866022.1, KAK9867307.1	KAK9824885.1, KAK9843099.1
OG0001112	KAK9866024.1, KAK9866025.1, KAK9866026.1, KAK9868782.1	
OG0001113	KAK9866042.1, KAK9866048.1, KAK9866499.1, KAK9866500.1	
OG0001114	KAK9866055.1, KAK9866056.1	KAK9844778.1, KAK9844779.1
OG0001115	KAK9866083.1	KAK9824895.1, KAK9824896.1, KAK9839171.1
OG0001116	KAK9866170.1, KAK9868250.1	KAK9833776.1, KAK9844736.1
OG0001117	KAK9866213.1	KAK9821161.1, KAK9826059.1, KAK9835684.1
OG0001118	KAK9866232.1	KAK9822571.1, KAK9834464.1, KAK9839081.1
OG0001119	KAK9866243.1, KAK9866244.1, KAK9867395.1	KAK9834772.1
OG0001120	KAK9866248.1, KAK9866896.1	KAK9831652.1, KAK9843346.1
OG0001121	KAK9866250.1, KAK9866893.1, KAK9866894.1	KAK9831820.1
OG0001122	KAK9866262.1, KAK9868680.1	KAK9842642.1, KAK9842643.1
OG0001123	KAK9866263.1, KAK9866274.1, KAK9868688.1	KAK9843255.1
OG0001124	KAK9866275.1	KAK9835438.1, KAK9835439.1, KAK9835440.1
OG0001125	KAK9866293.1, KAK9866294.1, KAK9866312.1, KAK9866313.1	
OG0001126	KAK9866326.1, KAK9866327.1, KAK9867614.1	KAK9843365.1
OG0001127	KAK9866345.1	KAK9833937.1, KAK9833938.1, KAK9833939.1
OG0001128	KAK9866355.1, KAK9866356.1, KAK9868592.1	KAK9826924.1
OG0001129	KAK9866406.1	KAK9819099.1, KAK9819100.1, KAK9819101.1
OG0001130	KAK9866408.1, KAK9866409.1	KAK9819115.1, KAK9819116.1
OG0001131	KAK9866416.1, KAK9866417.1	KAK9819126.1, KAK9819127.1
OG0001132	KAK9866485.1, KAK9866489.1, KAK9867286.1	KAK9842696.1
OG0001133	KAK9866504.1, KAK9866505.1	KAK9837811.1, KAK9837812.1
OG0001134	KAK9866528.1	KAK9825572.1, KAK9825573.1, KAK9825574.1
OG0001135	KAK9866567.1, KAK9866568.1, KAK9866569.1, KAK9868006.1	
OG0001136	KAK9866581.1, KAK9866582.1	KAK9832229.1, KAK9832230.1
OG0001137	KAK9866599.1, KAK9866600.1	KAK9841724.1, KAK9841725.1
OG0001138	KAK9866604.1, KAK9866605.1	KAK9841312.1, KAK9841432.1
OG0001139	KAK9866609.1	KAK9818947.1, KAK9833957.1, KAK9836563.1
OG0001140	KAK9866616.1, KAK9868458.1	KAK9836842.1, KAK9836900.1
OG0001141	KAK9866618.1, KAK9866619.1, KAK9866620.1	KAK9836481.1
OG0001142	KAK9866621.1, KAK9866622.1	KAK9835894.1, KAK9835895.1
OG0001143	KAK9866713.1	KAK9817614.1, KAK9825229.1, KAK9838837.1
OG0001144	KAK9866732.1, KAK9866733.1, KAK9866734.1, KAK9866735.1	
OG0001145	KAK9866795.1	KAK9822720.1, KAK9822755.1, KAK9822764.1
OG0001146	KAK9866952.1	KAK9832898.1, KAK9841433.1, KAK9841434.1
OG0001147	KAK9866965.1, KAK9866966.1, KAK9866967.1	KAK9839950.1
OG0001148	KAK9866975.1	KAK9825016.1, KAK9825019.1, KAK9825045.1
OG0001149	KAK9866981.1, KAK9866982.1, KAK9866983.1	KAK9825496.1
OG0001150	KAK9866999.1, KAK9867000.1, KAK9867001.1, KAK9867008.1	
OG0001151	KAK9867024.1	KAK9816346.1, KAK9816347.1, KAK9824760.1
OG0001152	KAK9867077.1	KAK9831575.1, KAK9831614.1, KAK9831722.1
OG0001153	KAK9867119.1, KAK9867120.1	KAK9825718.1, KAK9825719.1
OG0001154	KAK9867172.1, KAK9867173.1, KAK9867174.1	KAK9838056.1
OG0001155	KAK9867179.1, KAK9867180.1	KAK9837576.1, KAK9837577.1
OG0001156	KAK9867225.1	KAK9843059.1, KAK9843060.1, KAK9843061.1
OG0001157	KAK9867233.1, KAK9869093.1	KAK9825720.1, KAK9825721.1
OG0001158	KAK9867237.1, KAK9867238.1	KAK9837676.1, KAK9837677.1
OG0001159	KAK9867351.1, KAK9867362.1	KAK9817410.1, KAK9831159.1
OG0001160	KAK9867383.1, KAK9868265.1, KAK9868266.1	KAK9818464.1
OG0001161	KAK9867387.1, KAK9867388.1, KAK9868267.1	KAK9818450.1
OG0001162	KAK9867393.1, KAK9867394.1, KAK9868256.1	KAK9818461.1
OG0001163	KAK9867549.1	KAK9821047.1, KAK9842692.1, KAK9843057.1
OG0001164	KAK9867604.1, KAK9867605.1, KAK9867606.1	KAK9835688.1
OG0001165	KAK9867647.1, KAK9867648.1, KAK9867649.1	KAK9818545.1
OG0001166	KAK9867661.1, KAK9867662.1, KAK9867663.1	KAK9835831.1
OG0001167	KAK9867715.1	KAK9840391.1, KAK9840392.1, KAK9840393.1
OG0001168	KAK9867719.1, KAK9868677.1	KAK9843025.1, KAK9843026.1
OG0001169	KAK9867729.1, KAK9868671.1	KAK9843189.1, KAK9843190.1
OG0001170	KAK9867808.1	KAK9837586.1, KAK9837922.1, KAK9838048.1
OG0001171	KAK9867849.1, KAK9867850.1	KAK9831642.1, KAK9831643.1
OG0001172	KAK9867859.1, KAK9867860.1	KAK9827811.1, KAK9827812.1
OG0001173	KAK9867893.1	KAK9815973.1, KAK9836637.1, KAK9836908.1
OG0001174	KAK9868034.1	KAK9832145.1, KAK9834566.1, KAK9835723.1
OG0001175	KAK9868121.1, KAK9868122.1	KAK9819324.1, KAK9819325.1
OG0001176	KAK9868198.1, KAK9868466.1	KAK9818710.1, KAK9818741.1
OG0001177	KAK9868224.1	KAK9832982.1, KAK9838637.1, KAK9838772.1
OG0001178	KAK9868254.1	KAK9825217.1, KAK9825273.1, KAK9834490.1
OG0001179	KAK9868290.1, KAK9868291.1, KAK9868918.1	KAK9841412.1
OG0001180	KAK9868301.1, KAK9868910.1, KAK9868915.1	KAK9841627.1
OG0001181	KAK9868307.1, KAK9868308.1	KAK9817549.1, KAK9822070.1
OG0001182	KAK9868381.1, KAK9868382.1	KAK9844529.1, KAK9844959.1
OG0001183	KAK9868387.1	KAK9844947.1, KAK9844948.1, KAK9844949.1
OG0001184	KAK9868412.1	KAK9827139.1, KAK9832879.1, KAK9833133.1
OG0001185	KAK9868541.1, KAK9868551.1	KAK9837635.1, KAK9841280.1
OG0001186	KAK9868624.1	KAK9816251.1, KAK9816252.1, KAK9816253.1
OG0001187	KAK9868628.1	KAK9819315.1, KAK9819316.1, KAK9819317.1
OG0001188	KAK9868647.1, KAK9868648.1	KAK9819286.1, KAK9821387.1
OG0001189	KAK9868791.1, KAK9868792.1, KAK9868793.1	KAK9835682.1
OG0001190	KAK9868809.1, KAK9868810.1, KAK9868811.1	KAK9828167.1
OG0001191	KAK9868814.1	KAK9836518.1, KAK9836802.1, KAK9836803.1
OG0001192	KAK9868859.1	KAK9820751.1, KAK9825550.1, KAK9836416.1
OG0001193	KAK9868866.1, KAK9868867.1	KAK9835615.1, KAK9835616.1
OG0001194	KAK9868934.1	KAK9816290.1, KAK9833088.1, KAK9833089.1
OG0001195	KAK9868953.1, KAK9868954.1, KAK9868955.1	KAK9833120.1
OG0001196	KAK9868990.1, KAK9868991.1, KAK9868992.1	KAK9838020.1
OG0001197	KAK9869012.1, KAK9869013.1	KAK9818571.1, KAK9837581.1
OG0001198	KAK9869028.1, KAK9869029.1, KAK9869030.1	KAK9839935.1
OG0001199	Null	KAK9816077.1, KAK9816097.1, KAK9816110.1, KAK9845083.1
OG0001200	Null	KAK9816091.1, KAK9816132.1, KAK9816158.1, KAK9844680.1
OG0001201	Null	KAK9816152.1, KAK9827044.1, KAK9827104.1, KAK9835784.1
OG0001202	Null	KAK9817594.1, KAK9817595.1, KAK9817596.1, KAK9817597.1
OG0001203	Null	KAK9818518.1, KAK9819034.1, KAK9819049.1, KAK9822583.1
OG0001204	Null	KAK9818641.1, KAK9819353.1, KAK9822422.1, KAK9841576.1
OG0001205	Null	KAK9820692.1, KAK9822407.1, KAK9835534.1, KAK9840176.1
OG0001206	Null	KAK9820885.1, KAK9827813.1, KAK9828332.1, KAK9840150.1
OG0001207	Null	KAK9821630.1, KAK9830808.1, KAK9830820.1, KAK9830821.1
OG0001208	Null	KAK9824868.1, KAK9824869.1, KAK9824870.1, KAK9824871.1
OG0001209	Null	KAK9825821.1, KAK9837938.1, KAK9845048.1, KAK9845049.1
OG0001210	Null	KAK9826230.1, KAK9826233.1, KAK9826244.1, KAK9826342.1
OG0001211	Null	KAK9826534.1, KAK9838693.1, KAK9839030.1, KAK9839031.1
OG0001212	Null	KAK9826590.1, KAK9826591.1, KAK9826681.1, KAK9839944.1
OG0001213	Null	KAK9826989.1, KAK9827176.1, KAK9831031.1, KAK9831213.1
OG0001214	Null	KAK9827517.1, KAK9840294.1, KAK9840295.1, KAK9840296.1
OG0001215	Null	KAK9828354.1, KAK9843176.1, KAK9843177.1, KAK9844561.1
OG0001216	Null	KAK9831626.1, KAK9831795.1, KAK9833718.1, KAK9841354.1
OG0001217	Null	KAK9832128.1, KAK9832187.1, KAK9832345.1, KAK9832416.1
OG0001218	Null	KAK9832274.1, KAK9832275.1, KAK9832276.1, KAK9832277.1
OG0001219	Null	KAK9833614.1, KAK9833615.1, KAK9833724.1, KAK9833725.1
OG0001220	Null	KAK9833671.1, KAK9833672.1, KAK9833673.1, KAK9833674.1
OG0001221	Null	KAK9833850.1, KAK9833851.1, KAK9839133.1, KAK9844897.1
OG0001222	Null	KAK9834435.1, KAK9834436.1, KAK9834437.1, KAK9834438.1
OG0001223	Null	KAK9835561.1, KAK9842704.1, KAK9843267.1, KAK9844772.1
OG0001224	Null	KAK9836910.1, KAK9836911.1, KAK9840210.1, KAK9841611.1
OG0001225	Null	KAK9839938.1, KAK9840127.1, KAK9840301.1, KAK9840384.1
OG0001226	Null	KAK9844286.1, KAK9844287.1, KAK9844288.1, KAK9844289.1
OG0001227	Null	KAK9844555.1, KAK9844718.1, KAK9845109.1, KAK9845118.1
OG0001228	KAK9831478.1, KAK9862780.1	KAK9818751.1
OG0001229	KAK9831549.1	KAK9827435.1, KAK9827436.1
OG0001230	KAK9831912.1, KAK9839552.1	KAK9818808.1
OG0001231	KAK9831919.1, KAK9868696.1	KAK9844495.1
OG0001232	KAK9831921.1, KAK9862110.1	KAK9833149.1
OG0001233	KAK9832012.1, KAK9856115.1	KAK9837826.1
OG0001234	KAK9832015.1, KAK9861112.1	KAK9834439.1
OG0001235	KAK9832016.1, KAK9861115.1	KAK9834542.1
OG0001236	KAK9832023.1	KAK9832317.1, KAK9832448.1
OG0001237	KAK9832119.1, KAK9853607.1	KAK9834800.1
OG0001238	KAK9832121.1, KAK9833373.1	KAK9837747.1
OG0001239	KAK9832122.1	KAK9834432.1, KAK9834433.1
OG0001240	KAK9832474.1, KAK9832475.1	KAK9833860.1
OG0001241	KAK9832564.1, KAK9857203.1	KAK9816212.1
OG0001242	KAK9832568.1	KAK9825724.1, KAK9825725.1
OG0001243	KAK9832665.1	KAK9831284.1, KAK9842982.1
OG0001244	KAK9832672.1, KAK9834092.1	KAK9844538.1
OG0001245	KAK9832673.1, KAK9834091.1	KAK9844581.1
OG0001246	KAK9832677.1, KAK9843938.1	KAK9835537.1
OG0001247	KAK9832681.1, KAK9832682.1, KAK9832683.1	
OG0001248	KAK9832757.1	KAK9816060.1, KAK9816061.1
OG0001249	KAK9832759.1	KAK9842961.1, KAK9843207.1
OG0001250	KAK9832761.1, KAK9832762.1	KAK9837840.1
OG0001251	KAK9832765.1, KAK9857549.1	KAK9843003.1
OG0001252	KAK9832771.1, KAK9868114.1	KAK9827479.1
OG0001253	KAK9832861.1, KAK9861522.1	KAK9818702.1
OG0001254	KAK9833249.1	KAK9844509.1, KAK9844510.1
OG0001255	KAK9833251.1	KAK9835900.1, KAK9835901.1
OG0001256	KAK9833349.1, KAK9835103.1	KAK9824729.1
OG0001257	KAK9833354.1, KAK9863992.1	KAK9818494.1
OG0001258	KAK9833357.1, KAK9868536.1	KAK9818487.1
OG0001259	KAK9833358.1, KAK9868535.1	KAK9818478.1
OG0001260	KAK9833361.1, KAK9862820.1	KAK9832871.1
OG0001261	KAK9833362.1, KAK9865624.1	KAK9817487.1
OG0001262	KAK9833363.1, KAK9867552.1	KAK9819358.1
OG0001263	KAK9833365.1, KAK9867559.1	KAK9819343.1
OG0001264	KAK9833366.1, KAK9861240.1	KAK9821045.1
OG0001265	KAK9833372.1	KAK9817624.1, KAK9834701.1
OG0001266	KAK9833481.1, KAK9868058.1	KAK9841266.1
OG0001267	KAK9833483.1, KAK9868902.1	KAK9825816.1
OG0001268	KAK9833484.1, KAK9868900.1	KAK9825733.1
OG0001269	KAK9833485.1, KAK9842190.1	KAK9816044.1
OG0001270	KAK9833493.1, KAK9853400.1	KAK9817560.1
OG0001271	KAK9833495.1, KAK9860325.1	KAK9822976.1
OG0001272	KAK9833496.1	KAK9835452.1, KAK9842884.1
OG0001273	KAK9833497.1, KAK9863634.1	KAK9822412.1
OG0001274	KAK9833500.1, KAK9853083.1	KAK9832409.1
OG0001275	KAK9833512.1, KAK9868807.1	KAK9828289.1
OG0001276	KAK9833592.1, KAK9863401.1	KAK9837943.1
OG0001277	KAK9833594.1, KAK9848489.1	KAK9844647.1
OG0001278	KAK9833963.1, KAK9867292.1	KAK9822113.1
OG0001279	KAK9833964.1	KAK9822055.1, KAK9822056.1
OG0001280	KAK9833971.1, KAK9861961.1	KAK9840183.1
OG0001281	KAK9833974.1, KAK9867861.1	KAK9827836.1
OG0001282	KAK9834085.1, KAK9866257.1	KAK9831638.1
OG0001283	KAK9834086.1, KAK9866249.1	KAK9831760.1
OG0001284	KAK9834093.1, KAK9840908.1	KAK9822979.1
OG0001285	KAK9834098.1	KAK9832984.1, KAK9832985.1
OG0001286	KAK9834103.1, KAK9853622.1	KAK9825805.1
OG0001287	KAK9834105.1, KAK9853620.1	KAK9825740.1
OG0001288	KAK9834109.1	KAK9827214.1, KAK9832166.1
OG0001289	KAK9834115.1, KAK9845177.1	KAK9844473.1
OG0001290	KAK9834118.1, KAK9860398.1	KAK9837667.1
OG0001291	KAK9834119.1, KAK9860399.1	KAK9837839.1
OG0001292	KAK9834120.1, KAK9858372.1	KAK9821489.1
OG0001293	KAK9834121.1, KAK9858374.1	KAK9821498.1
OG0001294	KAK9834122.1, KAK9858375.1	KAK9821542.1
OG0001295	KAK9834216.1, KAK9834217.1	KAK9831718.1
OG0001296	KAK9834218.1, KAK9834219.1, KAK9834220.1	
OG0001297	KAK9834221.1, KAK9867870.1	KAK9821205.1
OG0001298	KAK9834222.1, KAK9867882.1	KAK9821179.1
OG0001299	KAK9834224.1, KAK9868869.1	KAK9835605.1
OG0001300	KAK9834237.1, KAK9849644.1	KAK9825104.1
OG0001301	KAK9834238.1, KAK9849647.1	KAK9825084.1
OG0001302	KAK9834245.1, KAK9862424.1	KAK9836564.1
OG0001303	KAK9834246.1, KAK9862422.1	KAK9836796.1
OG0001304	KAK9834249.1, KAK9851896.1	KAK9838996.1
OG0001305	KAK9834346.1, KAK9868786.1	KAK9822735.1
OG0001306	KAK9834348.1, KAK9868773.1	KAK9822770.1
OG0001307	KAK9834358.1	KAK9844957.1, KAK9844958.1
OG0001308	KAK9834922.1	KAK9837559.1, KAK9837560.1
OG0001309	KAK9834923.1, KAK9861769.1	KAK9825994.1
OG0001310	KAK9834936.1, KAK9861521.1	KAK9818665.1
OG0001311	KAK9834937.1, KAK9861520.1	KAK9818686.1
OG0001312	KAK9834938.1, KAK9834939.1, KAK9834940.1	
OG0001313	KAK9834942.1, KAK9865649.1, KAK9865650.1	
OG0001314	KAK9834956.1, KAK9866524.1	KAK9825535.1
OG0001315	KAK9835074.1, KAK9866700.1	KAK9839967.1
OG0001316	KAK9835078.1, KAK9861513.1, KAK9863800.1	
OG0001317	KAK9835084.1, KAK9863246.1	KAK9844830.1
OG0001318	KAK9835086.1, KAK9863241.1	KAK9844346.1
OG0001319	KAK9835089.1, KAK9835090.1	KAK9830711.1
OG0001320	KAK9835095.1, KAK9835096.1	KAK9827442.1
OG0001321	KAK9835102.1, KAK9867845.1	KAK9831560.1
OG0001322	KAK9835104.1, KAK9835105.1, KAK9853135.1	
OG0001323	KAK9835106.1, KAK9867989.1	KAK9818472.1
OG0001324	KAK9835107.1	KAK9818449.1, KAK9818775.1
OG0001325	KAK9835116.1, KAK9857590.1	KAK9838985.1
OG0001326	KAK9835119.1, KAK9863448.1	KAK9842839.1
OG0001327	KAK9835121.1	KAK9815960.1, KAK9841598.1
OG0001328	KAK9835253.1	KAK9818717.1, KAK9818762.1
OG0001329	KAK9835256.1, KAK9835257.1	KAK9819215.1
OG0001330	KAK9835260.1, KAK9846158.1	KAK9819335.1
OG0001331	KAK9835261.1, KAK9846156.1	KAK9819323.1
OG0001332	KAK9835263.1, KAK9846155.1	KAK9819298.1
OG0001333	KAK9835265.1, KAK9846154.1	KAK9819288.1
OG0001334	KAK9835266.1	KAK9835550.1, KAK9835551.1
OG0001335	KAK9835267.1	KAK9835804.1, KAK9835805.1
OG0001336	KAK9835271.1, KAK9865700.1	KAK9821812.1
OG0001337	KAK9835273.1	KAK9816292.1, KAK9844621.1
OG0001338	KAK9835280.1, KAK9865395.1	KAK9816022.1
OG0001339	KAK9835285.1, KAK9837371.1	KAK9830787.1
OG0001340	KAK9835286.1, KAK9837368.1	KAK9830844.1
OG0001341	KAK9835288.1	KAK9818860.1, KAK9818883.1
OG0001342	KAK9835291.1, KAK9839354.1	KAK9838639.1
OG0001343	KAK9835295.1, KAK9866814.1	KAK9839905.1
OG0001344	KAK9835297.1	KAK9827034.1, KAK9841122.1
OG0001345	KAK9835926.1, KAK9864357.1	KAK9821689.1
OG0001346	KAK9835928.1, KAK9839594.1	KAK9837831.1
OG0001347	KAK9835929.1, KAK9863772.1	KAK9837912.1
OG0001348	KAK9835932.1, KAK9839592.1	KAK9837967.1
OG0001349	KAK9835935.1	KAK9843284.1, KAK9843285.1
OG0001350	KAK9835938.1	KAK9819030.1, KAK9834383.1
OG0001351	KAK9836045.1, KAK9836046.1	KAK9844335.1
OG0001352	KAK9836051.1, KAK9837359.1	KAK9836879.1
OG0001353	KAK9836053.1, KAK9837360.1	KAK9836583.1
OG0001354	KAK9836056.1	KAK9817429.1, KAK9817430.1
OG0001355	KAK9836057.1, KAK9864883.1	KAK9841352.1
OG0001356	KAK9836058.1, KAK9864884.1	KAK9841222.1
OG0001357	KAK9836059.1, KAK9864885.1	KAK9841199.1
OG0001358	KAK9836068.1	KAK9831738.1, KAK9841701.1
OG0001359	KAK9836078.1, KAK9863056.1	KAK9820808.1
OG0001360	KAK9836080.1, KAK9863058.1	KAK9820784.1
OG0001361	KAK9836082.1, KAK9866918.1	KAK9838879.1
OG0001362	KAK9836083.1, KAK9864267.1	KAK9835913.1
OG0001363	KAK9836205.1, KAK9843915.1	KAK9841535.1
OG0001364	KAK9836207.1, KAK9836208.1	KAK9837600.1
OG0001365	KAK9836213.1, KAK9868685.1	KAK9842947.1
OG0001366	KAK9836220.1, KAK9852868.1	KAK9828232.1
OG0001367	KAK9836221.1, KAK9850626.1	KAK9824773.1
OG0001368	KAK9836225.1, KAK9866989.1	KAK9825618.1
OG0001369	KAK9836226.1, KAK9866987.1	KAK9825602.1
OG0001370	KAK9836228.1, KAK9866985.1	KAK9825542.1
OG0001371	KAK9836233.1, KAK9861811.1	KAK9822779.1
OG0001372	KAK9836235.1, KAK9862298.1	KAK9842902.1
OG0001373	KAK9836247.1, KAK9865228.1	KAK9831278.1
OG0001374	KAK9836251.1, KAK9849012.1	KAK9841185.1
OG0001375	KAK9836254.1	KAK9841231.1, KAK9841574.1
OG0001376	KAK9836368.1	KAK9816326.1, KAK9832289.1
OG0001377	KAK9836370.1	KAK9816328.1, KAK9835461.1
OG0001378	KAK9836378.1, KAK9862789.1	KAK9821486.1
OG0001379	KAK9836380.1, KAK9862783.1	KAK9821534.1
OG0001380	KAK9836384.1, KAK9869054.1	KAK9840436.1
OG0001381	KAK9836385.1, KAK9869037.1	KAK9840185.1
OG0001382	KAK9836401.1	KAK9824719.1, KAK9839951.1
OG0001383	KAK9836404.1	KAK9826052.1, KAK9841437.1
OG0001384	KAK9836405.1, KAK9853137.1	KAK9826027.1
OG0001385	KAK9836406.1, KAK9836407.1	KAK9825965.1
OG0001386	KAK9836926.1	KAK9822513.1, KAK9841287.1
OG0001387	KAK9837036.1, KAK9864060.1	KAK9840135.1
OG0001388	KAK9837037.1, KAK9864059.1	KAK9840090.1
OG0001389	KAK9837040.1	KAK9818975.1, KAK9818976.1
OG0001390	KAK9837041.1, KAK9865079.1	KAK9840373.1
OG0001391	KAK9837044.1, KAK9865866.1	KAK9828148.1
OG0001392	KAK9837052.1	KAK9818605.1, KAK9845114.1
OG0001393	KAK9837061.1, KAK9857219.1	KAK9844885.1
OG0001394	KAK9837062.1, KAK9857216.1	KAK9844421.1
OG0001395	KAK9837182.1, KAK9837389.1	KAK9820814.1
OG0001396	KAK9837185.1, KAK9864576.1	KAK9835717.1
OG0001397	KAK9837192.1	KAK9815958.1, KAK9833914.1
OG0001398	KAK9837195.1, KAK9868182.1	KAK9844394.1
OG0001399	KAK9837201.1, KAK9863037.1	KAK9838729.1
OG0001400	KAK9837202.1, KAK9861958.1	KAK9838919.1
OG0001401	KAK9837212.1, KAK9837213.1	KAK9820802.1
OG0001402	KAK9837214.1, KAK9837215.1	KAK9820773.1
OG0001403	KAK9837223.1, KAK9863965.1	KAK9843253.1
OG0001404	KAK9837358.1	KAK9836693.1, KAK9836694.1
OG0001405	KAK9837372.1	KAK9816033.1, KAK9816034.1
OG0001406	KAK9837380.1, KAK9863200.1	KAK9817486.1
OG0001407	KAK9837385.1, KAK9837386.1	KAK9830846.1
OG0001408	KAK9837388.1, KAK9861063.1	KAK9840375.1
OG0001409	KAK9837394.1, KAK9856462.1	KAK9833028.1
OG0001410	KAK9837397.1, KAK9861133.1	KAK9837662.1
OG0001411	KAK9837404.1, KAK9846738.1	KAK9826299.1
OG0001412	KAK9837525.1, KAK9862864.1	KAK9831207.1
OG0001413	KAK9837526.1	KAK9831216.1, KAK9831217.1
OG0001414	KAK9837527.1	KAK9821002.1, KAK9831112.1
OG0001415	KAK9837531.1, KAK9849142.1	KAK9824887.1
OG0001416	KAK9837532.1, KAK9849140.1	KAK9824951.1
OG0001417	KAK9837537.1, KAK9863849.1	KAK9819429.1
OG0001418	KAK9837538.1, KAK9863851.1	KAK9819443.1
OG0001419	KAK9837541.1, KAK9837542.1	KAK9835828.1
OG0001420	KAK9837544.1, KAK9850605.1	KAK9835757.1
OG0001421	KAK9838073.1, KAK9855439.1	KAK9834759.1
OG0001422	KAK9838076.1	KAK9832355.1, KAK9832356.1
OG0001423	KAK9838205.1	KAK9842693.1, KAK9842694.1
OG0001424	KAK9838211.1, KAK9865553.1	KAK9818838.1
OG0001425	KAK9838214.1	KAK9831631.1, KAK9831632.1
OG0001426	KAK9838218.1, KAK9862758.1	KAK9825061.1
OG0001427	KAK9838220.1, KAK9863222.1	KAK9818671.1
OG0001428	KAK9838222.1, KAK9847953.1	KAK9831758.1
OG0001429	KAK9838227.1, KAK9849505.1	KAK9826648.1
OG0001430	KAK9838228.1, KAK9849506.1	KAK9826618.1
OG0001431	KAK9838230.1, KAK9849509.1	KAK9826528.1
OG0001432	KAK9838234.1	KAK9818767.1, KAK9822271.1
OG0001433	KAK9838236.1	KAK9825744.1, KAK9841292.1
OG0001434	KAK9838237.1, KAK9842158.1	KAK9841128.1
OG0001435	KAK9838392.1, KAK9838594.1	KAK9821839.1
OG0001436	KAK9838396.1, KAK9863620.1	KAK9836863.1
OG0001437	KAK9838400.1	KAK9838792.1, KAK9838793.1
OG0001438	KAK9838401.1, KAK9867475.1	KAK9820675.1
OG0001439	KAK9838407.1, KAK9865581.1	KAK9835585.1
OG0001440	KAK9838408.1	KAK9816287.1, KAK9830842.1
OG0001441	KAK9838409.1, KAK9865588.1	KAK9835601.1
OG0001442	KAK9838410.1, KAK9868785.1	KAK9835527.1
OG0001443	KAK9838412.1, KAK9867913.1	KAK9840266.1
OG0001444	KAK9838415.1, KAK9867922.1	KAK9839908.1
OG0001445	KAK9838417.1, KAK9854212.1	KAK9826930.1
OG0001446	KAK9838418.1, KAK9854214.1	KAK9827221.1
OG0001447	KAK9838420.1, KAK9866694.1	KAK9822137.1
OG0001448	KAK9838421.1, KAK9854485.1	KAK9822057.1
OG0001449	KAK9838424.1, KAK9849927.1	KAK9822058.1
OG0001450	KAK9838427.1, KAK9849925.1	KAK9822064.1
OG0001451	KAK9838428.1, KAK9861668.1	KAK9841138.1
OG0001452	KAK9838432.1, KAK9865874.1	KAK9836696.1
OG0001453	KAK9838444.1, KAK9856116.1	KAK9837597.1
OG0001454	KAK9838445.1, KAK9868013.1	KAK9835855.1
OG0001455	KAK9838446.1, KAK9862204.1	KAK9835637.1
OG0001456	KAK9838447.1, KAK9865019.1	KAK9839103.1
OG0001457	KAK9838448.1	KAK9838794.1, KAK9838795.1
OG0001458	KAK9838583.1, KAK9864103.1	KAK9825328.1
OG0001459	KAK9838586.1, KAK9865621.1	KAK9821012.1
OG0001460	KAK9838587.1	KAK9821048.1, KAK9821060.1
OG0001461	KAK9838589.1, KAK9864981.1	KAK9816312.1
OG0001462	KAK9838591.1, KAK9864977.1	KAK9816302.1
OG0001463	KAK9838604.1, KAK9862706.1	KAK9835484.1
OG0001464	KAK9838614.1, KAK9863039.1	KAK9840043.1
OG0001465	KAK9838615.1, KAK9863043.1	KAK9840310.1
OG0001466	KAK9839181.1	KAK9833141.1, KAK9841680.1
OG0001467	KAK9839186.1, KAK9861540.1	KAK9840105.1
OG0001468	KAK9839187.1, KAK9861544.1	KAK9840388.1
OG0001469	KAK9839334.1, KAK9848859.1	KAK9840283.1
OG0001470	KAK9839338.1, KAK9847483.1	KAK9827547.1
OG0001471	KAK9839339.1, KAK9847482.1	KAK9827566.1
OG0001472	KAK9839340.1, KAK9862202.1	KAK9827414.1
OG0001473	KAK9839341.1, KAK9847484.1	KAK9827475.1
OG0001474	KAK9839342.1	KAK9820801.1, KAK9820806.1
OG0001475	KAK9839357.1, KAK9867049.1	KAK9822723.1
OG0001476	KAK9839358.1, KAK9867045.1	KAK9822737.1
OG0001477	KAK9839361.1	KAK9818740.1, KAK9844649.1
OG0001478	KAK9839365.1, KAK9863368.1	KAK9816180.1
OG0001479	KAK9839369.1, KAK9863991.1	KAK9844276.1
OG0001480	KAK9839376.1, KAK9839377.1	KAK9838710.1
OG0001481	KAK9839380.1, KAK9866837.1	KAK9839027.1
OG0001482	KAK9839382.1, KAK9856431.1	KAK9819026.1
OG0001483	KAK9839383.1, KAK9841099.1	KAK9821378.1
OG0001484	KAK9839385.1, KAK9865830.1	KAK9825212.1
OG0001485	KAK9839389.1	KAK9833934.1, KAK9833935.1
OG0001486	KAK9839391.1	KAK9827879.1, KAK9844840.1
OG0001487	KAK9839555.1, KAK9865400.1	KAK9840408.1
OG0001488	KAK9839560.1, KAK9861956.1	KAK9822945.1
OG0001489	KAK9839561.1, KAK9854210.1	KAK9822913.1
OG0001490	KAK9839568.1, KAK9862639.1	KAK9819137.1
OG0001491	KAK9839573.1, KAK9860402.1	KAK9844677.1
OG0001492	KAK9839582.1, KAK9839583.1, KAK9854216.1	
OG0001493	KAK9839587.1, KAK9853118.1	KAK9840274.1
OG0001494	KAK9839589.1, KAK9861189.1	KAK9840161.1
OG0001495	KAK9839595.1, KAK9867124.1	KAK9825749.1
OG0001496	KAK9839597.1, KAK9847273.1	KAK9825775.1
OG0001497	KAK9839722.1	KAK9822312.1, KAK9822313.1
OG0001498	KAK9839732.1, KAK9857204.1	KAK9824715.1
OG0001499	KAK9839734.1, KAK9864906.1	KAK9818829.1
OG0001500	KAK9839739.1, KAK9866676.1	KAK9833686.1
OG0001501	KAK9839743.1, KAK9839744.1	KAK9840174.1
OG0001502	KAK9839749.1	KAK9818929.1, KAK9818930.1
OG0001503	KAK9839750.1	KAK9818963.1, KAK9818964.1
OG0001504	KAK9839752.1, KAK9866879.1	KAK9827927.1
OG0001505	KAK9839760.1	KAK9825952.1, KAK9840414.1
OG0001506	KAK9839763.1	KAK9826021.1, KAK9826022.1
OG0001507	KAK9839892.1, KAK9866677.1	KAK9833649.1
OG0001508	KAK9839893.1, KAK9866678.1	KAK9833765.1
OG0001509	KAK9839895.1, KAK9866685.1	KAK9833936.1
OG0001510	KAK9840512.1, KAK9860340.1	KAK9837616.1
OG0001511	KAK9840513.1, KAK9860339.1	KAK9837916.1
OG0001512	KAK9840522.1, KAK9840523.1	KAK9821397.1
OG0001513	KAK9840525.1, KAK9866662.1	KAK9841150.1
OG0001514	KAK9840526.1, KAK9866667.1	KAK9841657.1
OG0001515	KAK9840531.1	KAK9831620.1, KAK9838708.1
OG0001516	KAK9840532.1, KAK9862844.1	KAK9838957.1
OG0001517	KAK9840533.1, KAK9864696.1	KAK9826559.1
OG0001518	KAK9840535.1, KAK9855109.1	KAK9822101.1
OG0001519	KAK9840670.1, KAK9867657.1	KAK9818538.1
OG0001520	KAK9840679.1, KAK9856788.1	KAK9820935.1
OG0001521	KAK9840682.1, KAK9841920.1	KAK9826634.1
OG0001522	KAK9840688.1	KAK9843236.1, KAK9843341.1
OG0001523	KAK9840693.1, KAK9852321.1, KAK9863434.1	
OG0001524	KAK9840700.1, KAK9861067.1	KAK9844527.1
OG0001525	KAK9840704.1, KAK9865215.1	KAK9836516.1
OG0001526	KAK9840705.1, KAK9840706.1, KAK9840707.1	
OG0001527	KAK9840711.1	KAK9840245.1, KAK9840246.1
OG0001528	KAK9840716.1, KAK9855486.1	KAK9833726.1
OG0001529	KAK9840848.1, KAK9841901.1	KAK9841498.1
OG0001530	KAK9840849.1, KAK9841900.1	KAK9841114.1
OG0001531	KAK9840855.1, KAK9851332.1	KAK9831736.1
OG0001532	KAK9840859.1, KAK9858838.1	KAK9837636.1
OG0001533	KAK9840860.1, KAK9868851.1	KAK9844743.1
OG0001534	KAK9840866.1	KAK9844331.1, KAK9844332.1
OG0001535	KAK9840871.1, KAK9861751.1	KAK9841234.1
OG0001536	KAK9840872.1, KAK9861143.1	KAK9841123.1
OG0001537	KAK9840874.1, KAK9843383.1	KAK9817589.1
OG0001538	KAK9840879.1, KAK9840880.1	KAK9822045.1
OG0001539	KAK9840884.1, KAK9861841.1	KAK9833922.1
OG0001540	KAK9840885.1, KAK9861846.1	KAK9833617.1
OG0001541	KAK9840887.1, KAK9856110.1	KAK9833774.1
OG0001542	KAK9840889.1, KAK9865850.1	KAK9817541.1
OG0001543	KAK9840891.1, KAK9865846.1	KAK9817563.1
OG0001544	KAK9840893.1, KAK9865848.1	KAK9817550.1
OG0001545	KAK9840896.1	KAK9818747.1, KAK9818748.1
OG0001546	KAK9840901.1	KAK9841167.1, KAK9841168.1
OG0001547	KAK9840903.1, KAK9853364.1	KAK9834614.1
OG0001548	KAK9840904.1, KAK9853363.1	KAK9834530.1
OG0001549	KAK9841062.1, KAK9855791.1	KAK9816320.1
OG0001550	KAK9841064.1, KAK9855792.1	KAK9816318.1
OG0001551	KAK9841065.1, KAK9868538.1	KAK9816333.1
OG0001552	KAK9841066.1, KAK9841067.1	KAK9818780.1
OG0001553	KAK9841074.1, KAK9864066.1	KAK9844401.1
OG0001554	KAK9841075.1, KAK9849386.1	KAK9837655.1
OG0001555	KAK9841076.1, KAK9854772.1	KAK9838042.1
OG0001556	KAK9841077.1, KAK9849382.1	KAK9837640.1
OG0001557	KAK9841081.1	KAK9824737.1, KAK9824754.1
OG0001558	KAK9841086.1, KAK9847737.1	KAK9817531.1
OG0001559	KAK9841088.1	KAK9835635.1, KAK9844397.1
OG0001560	KAK9841090.1	KAK9822087.1, KAK9835638.1
OG0001561	KAK9841094.1, KAK9848386.1	KAK9845104.1
OG0001562	KAK9841103.1, KAK9865651.1	KAK9821510.1
OG0001563	KAK9841104.1, KAK9865648.1	KAK9821505.1
OG0001564	KAK9841105.1, KAK9865645.1	KAK9821488.1
OG0001565	KAK9841880.1, KAK9862546.1	KAK9819454.1
OG0001566	KAK9841882.1, KAK9862548.1	KAK9819426.1
OG0001567	KAK9841886.1, KAK9843863.1	KAK9819128.1
OG0001568	KAK9841889.1, KAK9843858.1	KAK9819109.1
OG0001569	KAK9841894.1, KAK9864011.1	KAK9837988.1
OG0001570	KAK9841895.1, KAK9864012.1	KAK9838065.1
OG0001571	KAK9841903.1, KAK9849495.1	KAK9834608.1
OG0001572	KAK9841915.1, KAK9841916.1, KAK9841917.1	
OG0001573	KAK9841918.1, KAK9852814.1	KAK9826048.1
OG0001574	KAK9841922.1	KAK9831130.1, KAK9831131.1
OG0001575	KAK9841933.1, KAK9848238.1	KAK9825488.1
OG0001576	KAK9841934.1, KAK9865435.1	KAK9834507.1
OG0001577	KAK9842114.1, KAK9855437.1	KAK9834460.1
OG0001578	KAK9842121.1	KAK9827043.1, KAK9835517.1
OG0001579	KAK9842126.1, KAK9842127.1	KAK9839138.1
OG0001580	KAK9842130.1, KAK9861960.1	KAK9838893.1
OG0001581	KAK9842131.1, KAK9861272.1	KAK9837802.1
OG0001582	KAK9842138.1, KAK9846824.1	KAK9840047.1
OG0001583	KAK9842139.1	KAK9840088.1, KAK9840089.1
OG0001584	KAK9842149.1	KAK9824727.1, KAK9834791.1
OG0001585	KAK9842151.1	KAK9825979.1, KAK9840163.1
OG0001586	KAK9842162.1, KAK9863480.1	KAK9841278.1
OG0001587	KAK9842175.1, KAK9865937.1	KAK9833022.1
OG0001588	KAK9842177.1, KAK9865931.1	KAK9832976.1
OG0001589	KAK9842179.1, KAK9865942.1	KAK9833154.1
OG0001590	KAK9842182.1, KAK9862237.1	KAK9817437.1
OG0001591	KAK9842188.1	KAK9816171.1, KAK9831671.1
OG0001592	KAK9842366.1, KAK9850085.1	KAK9825536.1
OG0001593	KAK9842367.1, KAK9850081.1	KAK9825498.1
OG0001594	KAK9842370.1	KAK9818588.1, KAK9819122.1
OG0001595	KAK9842375.1	KAK9820744.1, KAK9820745.1
OG0001596	KAK9842378.1, KAK9856827.1	KAK9840191.1
OG0001597	KAK9842385.1, KAK9867245.1	KAK9830701.1
OG0001598	KAK9842386.1, KAK9862327.1	KAK9840213.1
OG0001599	KAK9842389.1	KAK9827097.1, KAK9839940.1
OG0001600	KAK9842390.1, KAK9868064.1	KAK9835698.1
OG0001601	KAK9842395.1, KAK9862186.1	KAK9825107.1
OG0001602	KAK9842397.1, KAK9862988.1	KAK9832359.1
OG0001603	KAK9842398.1, KAK9862992.1	KAK9832316.1
OG0001604	KAK9842406.1, KAK9842407.1	KAK9835607.1
OG0001605	KAK9842409.1, KAK9866162.1	KAK9827524.1
OG0001606	KAK9842413.1, KAK9850459.1	KAK9838961.1
OG0001607	KAK9842434.1	KAK9827119.1, KAK9827120.1
OG0001608	KAK9842437.1	KAK9827144.1, KAK9827145.1
OG0001609	KAK9842606.1, KAK9863929.1	KAK9825616.1
OG0001610	KAK9842611.1, KAK9848942.1	KAK9842794.1
OG0001611	KAK9842624.1	KAK9818567.1, KAK9824894.1
OG0001612	KAK9842628.1, KAK9845670.1	KAK9833719.1
OG0001613	KAK9842629.1, KAK9847250.1	KAK9833755.1
OG0001614	KAK9842630.1, KAK9846139.1	KAK9833756.1
OG0001615	KAK9843384.1, KAK9867596.1	KAK9835876.1
OG0001616	KAK9843387.1	KAK9839120.1, KAK9839121.1
OG0001617	KAK9843390.1, KAK9861043.1	KAK9838965.1
OG0001618	KAK9843555.1, KAK9851874.1	KAK9830696.1
OG0001619	KAK9843562.1, KAK9864329.1	KAK9827033.1
OG0001620	KAK9843563.1, KAK9864708.1	KAK9827157.1
OG0001621	KAK9843566.1, KAK9846085.1	KAK9833715.1
OG0001622	KAK9843568.1, KAK9846087.1	KAK9833871.1
OG0001623	KAK9843570.1, KAK9847962.1	KAK9828176.1
OG0001624	KAK9843571.1, KAK9847958.1	KAK9828141.1
OG0001625	KAK9843576.1, KAK9847961.1	KAK9828307.1
OG0001626	KAK9843582.1, KAK9843583.1	KAK9819417.1
OG0001627	KAK9843590.1, KAK9864072.1	KAK9825503.1
OG0001628	KAK9843596.1, KAK9861030.1	KAK9818673.1
OG0001629	KAK9843604.1	KAK9838002.1, KAK9838003.1
OG0001630	KAK9843607.1, KAK9858831.1	KAK9817457.1
OG0001631	KAK9843623.1	KAK9841593.1, KAK9841594.1
OG0001632	KAK9843848.1, KAK9862219.1	KAK9832280.1
OG0001633	KAK9843852.1, KAK9865338.1	KAK9839123.1
OG0001634	KAK9843853.1	KAK9842727.1, KAK9842851.1
OG0001635	KAK9843861.1, KAK9865665.1	KAK9819098.1
OG0001636	KAK9843862.1, KAK9865670.1	KAK9819141.1
OG0001637	KAK9843864.1	KAK9842730.1, KAK9842731.1
OG0001638	KAK9843869.1, KAK9861443.1	KAK9819356.1
OG0001639	KAK9843892.1, KAK9845607.1	KAK9833142.1
OG0001640	KAK9843911.1, KAK9851333.1	KAK9831772.1
OG0001641	KAK9843921.1	KAK9817461.1, KAK9817462.1
OG0001642	KAK9843941.1	KAK9835701.1, KAK9835702.1
OG0001643	KAK9843943.1, KAK9868012.1	KAK9835773.1
OG0001644	KAK9844226.1, KAK9854494.1	KAK9826044.1
OG0001645	KAK9844227.1, KAK9847381.1, KAK9865063.1	
OG0001646	KAK9844234.1, KAK9867470.1	KAK9820704.1
OG0001647	KAK9844246.1	KAK9825781.1, KAK9825782.1
OG0001648	KAK9844248.1	KAK9837885.1, KAK9837939.1
OG0001649	KAK9844249.1, KAK9858811.1	KAK9837991.1
OG0001650	KAK9845161.1, KAK9851139.1	KAK9831021.1
OG0001651	KAK9845166.1	KAK9842888.1, KAK9842889.1
OG0001652	KAK9845168.1, KAK9863981.1	KAK9817394.1
OG0001653	KAK9845172.1, KAK9845173.1, KAK9850425.1	
OG0001654	KAK9845179.1	KAK9844358.1, KAK9844359.1
OG0001655	KAK9845185.1, KAK9845186.1	KAK9826519.1
OG0001656	KAK9845195.1	KAK9838894.1, KAK9842992.1
OG0001657	KAK9845201.1, KAK9868335.1	KAK9824956.1
OG0001658	KAK9845529.1, KAK9865943.1	KAK9832980.1
OG0001659	KAK9845532.1, KAK9865930.1	KAK9833176.1
OG0001660	KAK9845535.1, KAK9857930.1	KAK9832266.1
OG0001661	KAK9845544.1, KAK9858403.1	KAK9841308.1
OG0001662	KAK9845546.1, KAK9858402.1	KAK9841240.1
OG0001663	KAK9845547.1, KAK9863628.1	KAK9817326.1
OG0001664	KAK9845549.1, KAK9858398.1	KAK9841622.1
OG0001665	KAK9845551.1, KAK9845552.1	KAK9828274.1
OG0001666	KAK9845553.1, KAK9853369.1	KAK9824766.1
OG0001667	KAK9845556.1, KAK9847643.1	KAK9818573.1
OG0001668	KAK9845560.1, KAK9864141.1	KAK9821546.1
OG0001669	KAK9845562.1, KAK9864140.1	KAK9821501.1
OG0001670	KAK9845565.1, KAK9862059.1	KAK9818550.1
OG0001671	KAK9845567.1, KAK9862057.1	KAK9818569.1
OG0001672	KAK9845568.1, KAK9845569.1	KAK9817548.1
OG0001673	KAK9845570.1, KAK9865213.1	KAK9817555.1
OG0001674	KAK9845573.1, KAK9861467.1	KAK9841378.1
OG0001675	KAK9845575.1	KAK9818497.1, KAK9818529.1
OG0001676	KAK9845578.1	KAK9816169.1, KAK9817483.1
OG0001677	KAK9845582.1, KAK9867159.1	KAK9825732.1
OG0001678	KAK9845583.1, KAK9867158.1	KAK9825798.1
OG0001679	KAK9845589.1, KAK9864423.1	KAK9844626.1
OG0001680	KAK9845590.1	KAK9844370.1, KAK9845087.1
OG0001681	KAK9845592.1, KAK9867806.1, KAK9867807.1	
OG0001682	KAK9845594.1, KAK9853647.1	KAK9843162.1
OG0001683	KAK9845596.1, KAK9853645.1	KAK9842791.1
OG0001684	KAK9845597.1, KAK9865777.1	KAK9839017.1
OG0001685	KAK9845599.1, KAK9865337.1	KAK9839067.1
OG0001686	KAK9845601.1, KAK9868070.1	KAK9835433.1
OG0001687	KAK9845603.1, KAK9868067.1	KAK9835792.1
OG0001688	KAK9845606.1	KAK9827876.1, KAK9833220.1
OG0001689	KAK9845609.1, KAK9864283.1	KAK9844679.1
OG0001690	KAK9845610.1, KAK9864290.1	KAK9844747.1
OG0001691	KAK9845623.1, KAK9845624.1	KAK9816009.1
OG0001692	KAK9845625.1, KAK9861199.1	KAK9816014.1
OG0001693	KAK9845626.1, KAK9863645.1	KAK9816010.1
OG0001694	KAK9845635.1	KAK9839098.1, KAK9839099.1
OG0001695	KAK9845639.1, KAK9845640.1	KAK9821200.1
OG0001696	KAK9845641.1, KAK9865415.1	KAK9821164.1
OG0001697	KAK9845642.1, KAK9865411.1	KAK9821199.1
OG0001698	KAK9845643.1, KAK9863216.1	KAK9822531.1
OG0001699	KAK9845644.1, KAK9863209.1	KAK9822540.1
OG0001700	KAK9845646.1, KAK9863211.1	KAK9822585.1
OG0001701	KAK9845647.1, KAK9863215.1	KAK9822525.1
OG0001702	KAK9845648.1	KAK9822534.1, KAK9822535.1
OG0001703	KAK9845649.1	KAK9822880.1, KAK9836550.1
OG0001704	KAK9845650.1, KAK9845651.1, KAK9864612.1	
OG0001705	KAK9845665.1, KAK9853353.1	KAK9827501.1
OG0001706	KAK9845680.1, KAK9865749.1	KAK9837724.1
OG0001707	KAK9845681.1, KAK9865748.1	KAK9837590.1
OG0001708	KAK9845684.1, KAK9864625.1	KAK9833152.1
OG0001709	KAK9845686.1, KAK9845687.1	KAK9832922.1
OG0001710	KAK9845698.1	KAK9824771.1, KAK9831657.1
OG0001711	KAK9846030.1, KAK9846031.1	KAK9831212.1
OG0001712	KAK9846035.1, KAK9863494.1	KAK9837699.1
OG0001713	KAK9846037.1, KAK9868693.1	KAK9841205.1
OG0001714	KAK9846040.1	KAK9841644.1, KAK9841673.1
OG0001715	KAK9846044.1, KAK9861747.1	KAK9841514.1
OG0001716	KAK9846053.1	KAK9844444.1, KAK9844445.1
OG0001717	KAK9846060.1	KAK9831087.1, KAK9831088.1
OG0001718	KAK9846061.1, KAK9849519.1, KAK9862573.1	
OG0001719	KAK9846070.1	KAK9816281.1, KAK9839037.1
OG0001720	KAK9846074.1, KAK9867853.1	KAK9831761.1
OG0001721	KAK9846089.1, KAK9846090.1	KAK9825238.1
OG0001722	KAK9846093.1	KAK9820733.1, KAK9839075.1
OG0001723	KAK9846098.1, KAK9857557.1	KAK9824751.1
OG0001724	KAK9846110.1, KAK9846111.1	KAK9839954.1
OG0001725	KAK9846112.1	KAK9826250.1, KAK9826251.1
OG0001726	KAK9846113.1, KAK9860422.1	KAK9839173.1
OG0001727	KAK9846115.1, KAK9860418.1	KAK9838983.1
OG0001728	KAK9846116.1, KAK9860419.1	KAK9838788.1
OG0001729	KAK9846124.1, KAK9851538.1	KAK9821842.1
OG0001730	KAK9846125.1, KAK9851539.1	KAK9821848.1
OG0001731	KAK9846128.1, KAK9853123.1	KAK9839007.1
OG0001732	KAK9846138.1, KAK9863312.1	KAK9833714.1
OG0001733	KAK9846149.1, KAK9867399.1	KAK9836451.1
OG0001734	KAK9846150.1, KAK9850095.1	KAK9836581.1
OG0001735	KAK9846151.1, KAK9850094.1	KAK9836585.1
OG0001736	KAK9846157.1, KAK9867548.1	KAK9819312.1
OG0001737	KAK9846165.1, KAK9864679.1	KAK9825013.1
OG0001738	KAK9846169.1, KAK9846172.1	KAK9844714.1
OG0001739	KAK9846174.1	KAK9838753.1, KAK9838754.1
OG0001740	KAK9846176.1	KAK9838755.1, KAK9838756.1
OG0001741	KAK9846179.1, KAK9868103.1	KAK9816070.1
OG0001742	KAK9846180.1, KAK9862200.1	KAK9816069.1
OG0001743	KAK9846181.1, KAK9862199.1	KAK9819041.1
OG0001744	KAK9846182.1, KAK9862201.1	KAK9816062.1
OG0001745	KAK9846187.1, KAK9846188.1, KAK9846189.1	
OG0001746	KAK9846194.1, KAK9863782.1	KAK9826968.1
OG0001747	KAK9846196.1, KAK9863781.1	KAK9826946.1
OG0001748	KAK9846198.1, KAK9863777.1	KAK9827149.1
OG0001749	KAK9846199.1, KAK9863786.1	KAK9827213.1
OG0001750	KAK9846201.1, KAK9858864.1	KAK9816248.1
OG0001751	KAK9846205.1, KAK9858861.1, KAK9858865.1	
OG0001752	KAK9846206.1, KAK9858866.1	KAK9816266.1
OG0001753	KAK9846207.1, KAK9858867.1	KAK9816264.1
OG0001754	KAK9846212.1, KAK9863092.1	KAK9839072.1
OG0001755	KAK9846213.1, KAK9846214.1	KAK9839096.1
OG0001756	KAK9846217.1, KAK9851679.1	KAK9825714.1
OG0001757	KAK9846227.1, KAK9866040.1	KAK9837936.1
OG0001758	KAK9846234.1, KAK9864396.1	KAK9841674.1
OG0001759	KAK9846235.1, KAK9864408.1	KAK9841438.1
OG0001760	KAK9846236.1, KAK9864398.1	KAK9841332.1
OG0001761	KAK9846238.1, KAK9864403.1	KAK9841121.1
OG0001762	KAK9846244.1, KAK9863102.1	KAK9817499.1
OG0001763	KAK9846676.1	KAK9822753.1, KAK9834536.1
OG0001764	KAK9846687.1, KAK9848849.1	KAK9841735.1
OG0001765	KAK9846690.1, KAK9848848.1	KAK9841386.1
OG0001766	KAK9846693.1, KAK9861783.1	KAK9819211.1
OG0001767	KAK9846702.1, KAK9849380.1	KAK9827545.1
OG0001768	KAK9846705.1, KAK9849377.1	KAK9827465.1
OG0001769	KAK9846724.1	KAK9834494.1, KAK9834495.1
OG0001770	KAK9846726.1, KAK9846727.1	KAK9834553.1
OG0001771	KAK9846739.1	KAK9826223.1, KAK9826224.1
OG0001772	KAK9846760.1, KAK9867370.1	KAK9821668.1
OG0001773	KAK9846768.1, KAK9862070.1	KAK9830834.1
OG0001774	KAK9846776.1, KAK9861931.1	KAK9840063.1
OG0001775	KAK9846777.1, KAK9861925.1	KAK9840323.1
OG0001776	KAK9846783.1, KAK9846784.1	KAK9833612.1
OG0001777	KAK9846793.1, KAK9867251.1	KAK9830827.1
OG0001778	KAK9846799.1, KAK9850082.1	KAK9825487.1
OG0001779	KAK9846802.1, KAK9850084.1	KAK9825605.1
OG0001780	KAK9846809.1, KAK9861101.1	KAK9833168.1
OG0001781	KAK9846810.1, KAK9861102.1	KAK9833112.1
OG0001782	KAK9846812.1, KAK9861103.1	KAK9833102.1
OG0001783	KAK9846825.1	KAK9840330.1, KAK9841626.1
OG0001784	KAK9846827.1	KAK9819048.1, KAK9839977.1
OG0001785	KAK9846838.1, KAK9865837.1	KAK9844528.1
OG0001786	KAK9846841.1, KAK9864826.1	KAK9844994.1
OG0001787	KAK9846856.1, KAK9854797.1	KAK9834631.1
OG0001788	KAK9846862.1, KAK9854783.1	KAK9836859.1
OG0001789	KAK9846873.1	KAK9832410.1, KAK9832411.1
OG0001790	KAK9846874.1, KAK9863614.1	KAK9832386.1
OG0001791	KAK9846891.1, KAK9855440.1	KAK9834429.1
OG0001792	KAK9846898.1, KAK9863380.1	KAK9838978.1
OG0001793	KAK9846899.1, KAK9861680.1	KAK9838831.1
OG0001794	KAK9846901.1	KAK9838901.1, KAK9838902.1
OG0001795	KAK9846921.1	KAK9817507.1, KAK9817508.1
OG0001796	KAK9846937.1, KAK9863629.1	KAK9822404.1
OG0001797	KAK9846939.1, KAK9868178.1	KAK9822876.1
OG0001798	KAK9846964.1, KAK9863035.1	KAK9844903.1
OG0001799	KAK9846975.1	KAK9817422.1, KAK9822605.1
OG0001800	KAK9846984.1, KAK9846985.1	KAK9835650.1
OG0001801	KAK9846998.1, KAK9846999.1, KAK9847000.1	
OG0001802	KAK9847004.1, KAK9861114.1	KAK9834703.1
OG0001803	KAK9847011.1, KAK9867992.1	KAK9844980.1
OG0001804	KAK9847023.1, KAK9866789.1	KAK9827448.1
OG0001805	KAK9847030.1	KAK9830683.1, KAK9830684.1
OG0001806	KAK9847039.1, KAK9863519.1	KAK9834619.1
OG0001807	KAK9847047.1, KAK9864539.1	KAK9830702.1
OG0001808	KAK9847063.1, KAK9847289.1	KAK9837866.1
OG0001809	KAK9847090.1, KAK9854459.1	KAK9844350.1
OG0001810	KAK9847091.1	KAK9836775.1, KAK9844586.1
OG0001811	KAK9847093.1, KAK9859364.1	KAK9827893.1
OG0001812	KAK9847110.1, KAK9848841.1	KAK9837653.1
OG0001813	KAK9847111.1, KAK9848842.1	KAK9838009.1
OG0001814	KAK9847112.1, KAK9848839.1	KAK9837944.1
OG0001815	KAK9847114.1, KAK9848840.1	KAK9837591.1
OG0001816	KAK9847115.1, KAK9848836.1	KAK9837566.1
OG0001817	KAK9847132.1, KAK9847133.1	KAK9818726.1
OG0001818	KAK9847134.1, KAK9861026.1	KAK9816310.1
OG0001819	KAK9847147.1	KAK9821687.1, KAK9836592.1
OG0001820	KAK9847197.1	KAK9839975.1, KAK9839976.1
OG0001821	KAK9847213.1, KAK9865313.1, KAK9865318.1	
OG0001822	KAK9847254.1, KAK9866603.1	KAK9841366.1
OG0001823	KAK9847255.1, KAK9866608.1	KAK9841223.1
OG0001824	KAK9847256.1	KAK9841170.1, KAK9841171.1
OG0001825	KAK9847271.1	KAK9825711.1, KAK9830649.1
OG0001826	KAK9847330.1	KAK9827796.1, KAK9827797.1
OG0001827	KAK9847332.1, KAK9866364.1	KAK9827154.1
OG0001828	KAK9847335.1, KAK9866359.1	KAK9827128.1
OG0001829	KAK9847336.1, KAK9866363.1	KAK9827188.1
OG0001830	KAK9847360.1, KAK9868755.1	KAK9822308.1
OG0001831	KAK9847399.1	KAK9843116.1, KAK9843117.1
OG0001832	KAK9847400.1, KAK9862860.1, KAK9862861.1	
OG0001833	KAK9847430.1	KAK9827419.1, KAK9827420.1
OG0001834	KAK9847486.1, KAK9867985.1	KAK9834622.1
OG0001835	KAK9847488.1, KAK9867983.1	KAK9834404.1
OG0001836	KAK9847489.1, KAK9867975.1, KAK9867976.1	
OG0001837	KAK9847514.1, KAK9847515.1	KAK9827054.1
OG0001838	KAK9847517.1, KAK9863878.1	KAK9827080.1
OG0001839	KAK9847597.1, KAK9850957.1	KAK9831653.1
OG0001840	KAK9847598.1, KAK9850953.1	KAK9831762.1
OG0001841	KAK9847599.1, KAK9850956.1	KAK9831702.1
OG0001842	KAK9847600.1, KAK9865396.1	KAK9832429.1
OG0001843	KAK9847696.1, KAK9861569.1	KAK9825601.1
OG0001844	KAK9847698.1, KAK9861570.1	KAK9825518.1
OG0001845	KAK9847700.1, KAK9847701.1	KAK9825560.1
OG0001846	KAK9847738.1	KAK9817527.1, KAK9825320.1
OG0001847	KAK9847741.1	KAK9844318.1, KAK9844319.1
OG0001848	KAK9847785.1, KAK9847786.1	KAK9835470.1
OG0001849	KAK9847787.1, KAK9847788.1	KAK9816330.1
OG0001850	KAK9847792.1, KAK9865603.1	KAK9830659.1
OG0001851	KAK9847841.1, KAK9865685.1	KAK9832458.1
OG0001852	KAK9847850.1, KAK9851325.1	KAK9836782.1
OG0001853	KAK9847851.1, KAK9847852.1	KAK9834475.1
OG0001854	KAK9847856.1, KAK9856812.1	KAK9831165.1
OG0001855	KAK9847857.1, KAK9847858.1	KAK9831200.1
OG0001856	KAK9847861.1, KAK9847862.1	KAK9831071.1
OG0001857	KAK9847913.1, KAK9866311.1	KAK9831156.1
OG0001858	KAK9847914.1, KAK9866304.1	KAK9831288.1
OG0001859	KAK9847950.1	KAK9822560.1, KAK9822561.1
OG0001860	KAK9847966.1	KAK9843353.1, KAK9843354.1
OG0001861	KAK9848024.1	KAK9831684.1, KAK9831685.1
OG0001862	KAK9848095.1	KAK9827769.1, KAK9834659.1
OG0001863	KAK9848103.1	KAK9833927.1, KAK9833928.1
OG0001864	KAK9848107.1, KAK9848108.1	KAK9835816.1
OG0001865	KAK9848109.1, KAK9855764.1	KAK9835866.1
OG0001866	KAK9848110.1, KAK9855761.1	KAK9835599.1
OG0001867	KAK9848111.1	KAK9835774.1, KAK9835775.1
OG0001868	KAK9848168.1, KAK9861623.1	KAK9844386.1
OG0001869	KAK9848171.1	KAK9844259.1, KAK9844260.1
OG0001870	KAK9848233.1, KAK9867127.1	KAK9834388.1
OG0001871	KAK9848241.1, KAK9868420.1	KAK9832972.1
OG0001872	KAK9848243.1, KAK9868425.1	KAK9833189.1
OG0001873	KAK9848245.1, KAK9853113.1	KAK9840259.1
OG0001874	KAK9848246.1, KAK9853114.1	KAK9840172.1
OG0001875	KAK9848248.1, KAK9853112.1	KAK9839999.1
OG0001876	KAK9848251.1, KAK9862228.1	KAK9839953.1
OG0001877	KAK9848253.1, KAK9868358.1	KAK9839047.1
OG0001878	KAK9848329.1, KAK9862139.1	KAK9835642.1
OG0001879	KAK9848331.1	KAK9819310.1, KAK9835727.1
OG0001880	KAK9848336.1	KAK9826336.1, KAK9826337.1
OG0001881	KAK9848387.1, KAK9861511.1	KAK9844600.1
OG0001882	KAK9848388.1, KAK9864068.1	KAK9844790.1
OG0001883	KAK9848391.1, KAK9868299.1	KAK9841570.1
OG0001884	KAK9848392.1, KAK9868282.1	KAK9841659.1
OG0001885	KAK9848394.1, KAK9868298.1	KAK9841140.1
OG0001886	KAK9848396.1, KAK9861698.1	KAK9840193.1
OG0001887	KAK9848397.1, KAK9867690.1	KAK9833086.1
OG0001888	KAK9848398.1, KAK9867692.1	KAK9833055.1
OG0001889	KAK9848399.1	KAK9832896.1, KAK9832897.1
OG0001890	KAK9848405.1, KAK9848660.1	KAK9831558.1
OG0001891	KAK9848485.1, KAK9863192.1	KAK9844537.1
OG0001892	KAK9848486.1, KAK9863188.1	KAK9844788.1
OG0001893	KAK9848487.1, KAK9863187.1	KAK9844871.1
OG0001894	KAK9848488.1, KAK9863194.1	KAK9844497.1
OG0001895	KAK9848552.1, KAK9861271.1	KAK9841646.1
OG0001896	KAK9848557.1	KAK9817476.1, KAK9820902.1
OG0001897	KAK9848561.1	KAK9820939.1, KAK9834570.1
OG0001898	KAK9848569.1, KAK9859778.1	KAK9837848.1
OG0001899	KAK9848571.1, KAK9863390.1	KAK9840449.1
OG0001900	KAK9848656.1, KAK9862289.1	KAK9831629.1
OG0001901	KAK9848658.1, KAK9862288.1	KAK9831690.1
OG0001902	KAK9848664.1, KAK9866718.1	KAK9825282.1
OG0001903	KAK9848667.1, KAK9863031.1	KAK9827560.1
OG0001904	KAK9848676.1, KAK9854823.1	KAK9826016.1
OG0001905	KAK9848752.1, KAK9854496.1	KAK9819450.1
OG0001906	KAK9848755.1	KAK9830726.1, KAK9839036.1
OG0001907	KAK9848833.1, KAK9848834.1, KAK9848835.1	
OG0001908	KAK9848843.1, KAK9848844.1, KAK9848845.1	
OG0001909	KAK9848846.1	KAK9817538.1, KAK9841460.1
OG0001910	KAK9848925.1, KAK9864497.1	KAK9822609.1
OG0001911	KAK9848926.1, KAK9864494.1	KAK9822536.1
OG0001912	KAK9848933.1, KAK9864319.1	KAK9822130.1
OG0001913	KAK9848935.1, KAK9864315.1	KAK9822039.1
OG0001914	KAK9848937.1, KAK9864310.1	KAK9822100.1
OG0001915	KAK9848938.1, KAK9862148.1	KAK9825063.1
OG0001916	KAK9849005.1, KAK9852835.1	KAK9833164.1
OG0001917	KAK9849014.1, KAK9861953.1	KAK9835536.1
OG0001918	KAK9849017.1, KAK9861946.1	KAK9835715.1
OG0001919	KAK9849019.1, KAK9863604.1	KAK9832133.1
OG0001920	KAK9849020.1	KAK9832435.1, KAK9832436.1
OG0001921	KAK9849021.1, KAK9863611.1	KAK9832269.1
OG0001922	KAK9849022.1, KAK9863613.1	KAK9832172.1
OG0001923	KAK9849106.1, KAK9866947.1	KAK9841726.1
OG0001924	KAK9849109.1, KAK9866953.1	KAK9841457.1
OG0001925	KAK9849114.1, KAK9866979.1	KAK9825585.1
OG0001926	KAK9849115.1, KAK9866990.1	KAK9825617.1
OG0001927	KAK9849125.1, KAK9869073.1	KAK9819025.1
OG0001928	KAK9849132.1, KAK9867320.1	KAK9843004.1
OG0001929	KAK9849135.1	KAK9843231.1, KAK9843232.1
OG0001930	KAK9849242.1, KAK9849243.1, KAK9867871.1	
OG0001931	KAK9849246.1, KAK9852831.1	KAK9833032.1
OG0001932	KAK9849248.1, KAK9852833.1, KAK9852834.1	
OG0001933	KAK9849249.1, KAK9852830.1	KAK9832939.1
OG0001934	KAK9849263.1, KAK9863404.1	KAK9837849.1
OG0001935	KAK9849367.1, KAK9853359.1	KAK9839061.1
OG0001936	KAK9849372.1, KAK9866094.1	KAK9838861.1
OG0001937	KAK9849373.1, KAK9863840.1	KAK9834802.1
OG0001938	KAK9849497.1, KAK9849498.1	KAK9837731.1
OG0001939	KAK9849504.1, KAK9859854.1	KAK9840022.1
OG0001940	KAK9849508.1, KAK9859319.1	KAK9826665.1
OG0001941	KAK9849511.1, KAK9863485.1	KAK9841643.1
OG0001942	KAK9849512.1, KAK9865278.1	KAK9837596.1
OG0001943	KAK9849517.1, KAK9862205.1	KAK9835763.1
OG0001944	KAK9849523.1, KAK9849524.1	KAK9832441.1
OG0001945	KAK9849639.1	KAK9831552.1, KAK9831553.1
OG0001946	KAK9849642.1, KAK9865788.1	KAK9831169.1
OG0001947	KAK9849654.1	KAK9831739.1, KAK9831740.1
OG0001948	KAK9849658.1, KAK9849659.1	KAK9825944.1
OG0001949	KAK9849663.1, KAK9862400.1	KAK9826613.1
OG0001950	KAK9849666.1, KAK9849673.1	KAK9840416.1
OG0001951	KAK9849667.1, KAK9849672.1	KAK9840125.1
OG0001952	KAK9849670.1, KAK9849671.1	KAK9840282.1
OG0001953	KAK9849777.1	KAK9828207.1, KAK9828208.1
OG0001954	KAK9849780.1, KAK9853128.1	KAK9828144.1
OG0001955	KAK9849787.1, KAK9865444.1	KAK9844354.1
OG0001956	KAK9849789.1, KAK9865450.1	KAK9845113.1
OG0001957	KAK9849792.1	KAK9821480.1, KAK9821481.1
OG0001958	KAK9849798.1	KAK9817505.1, KAK9832301.1
OG0001959	KAK9849800.1, KAK9849801.1	KAK9837808.1
OG0001960	KAK9849802.1, KAK9863940.1	KAK9837871.1
OG0001961	KAK9849808.1, KAK9849809.1	KAK9843044.1
OG0001962	KAK9849810.1, KAK9865204.1	KAK9843316.1
OG0001963	KAK9849928.1, KAK9861493.1	KAK9822146.1
OG0001964	KAK9849936.1, KAK9866348.1	KAK9833807.1
OG0001965	KAK9849937.1, KAK9866341.1	KAK9833750.1
OG0001966	KAK9849938.1	KAK9833883.1, KAK9833884.1
OG0001967	KAK9849947.1, KAK9863932.1	KAK9825497.1
OG0001968	KAK9849948.1, KAK9867788.1	KAK9825481.1
OG0001969	KAK9849955.1	KAK9831798.1, KAK9831799.1
OG0001970	KAK9849960.1	KAK9844930.1, KAK9844931.1
OG0001971	KAK9850077.1, KAK9852823.1	KAK9825253.1
OG0001972	KAK9850078.1	KAK9821870.1, KAK9832296.1
OG0001973	KAK9850089.1	KAK9831567.1, KAK9841501.1
OG0001974	KAK9850098.1, KAK9864809.1	KAK9844406.1
OG0001975	KAK9850099.1, KAK9864803.1	KAK9844854.1
OG0001976	KAK9850101.1, KAK9850102.1	KAK9844704.1
OG0001977	KAK9850108.1, KAK9850109.1	KAK9816025.1
OG0001978	KAK9850111.1, KAK9867763.1	KAK9816017.1
OG0001979	KAK9850117.1	KAK9817604.1, KAK9817605.1
OG0001980	KAK9850251.1, KAK9852840.1	KAK9833747.1
OG0001981	KAK9850256.1, KAK9852841.1	KAK9833885.1
OG0001982	KAK9850261.1, KAK9868399.1	KAK9844802.1
OG0001983	KAK9850262.1, KAK9866391.1	KAK9835696.1
OG0001984	KAK9850263.1, KAK9866389.1	KAK9835839.1
OG0001985	KAK9850268.1, KAK9867271.1	KAK9820693.1
OG0001986	KAK9850270.1, KAK9867264.1	KAK9820663.1
OG0001987	KAK9850278.1, KAK9864588.1	KAK9825570.1
OG0001988	KAK9850279.1	KAK9831132.1, KAK9845058.1
OG0001989	KAK9850282.1, KAK9865058.1	KAK9831246.1
OG0001990	KAK9850287.1, KAK9866720.1	KAK9821657.1
OG0001991	KAK9850432.1, KAK9863606.1	KAK9832438.1
OG0001992	KAK9850438.1, KAK9863610.1	KAK9832243.1
OG0001993	KAK9850439.1	KAK9832188.1, KAK9839986.1
OG0001994	KAK9850448.1, KAK9861113.1	KAK9834380.1
OG0001995	KAK9850451.1, KAK9868892.1	KAK9826265.1
OG0001996	KAK9850465.1, KAK9851373.1	KAK9820719.1
OG0001997	KAK9850469.1, KAK9850470.1	KAK9839005.1
OG0001998	KAK9850599.1, KAK9863538.1	KAK9832256.1
OG0001999	KAK9850601.1, KAK9863536.1	KAK9832461.1
OG0002000	KAK9850615.1, KAK9862437.1	KAK9836628.1
OG0002001	KAK9850620.1, KAK9855489.1	KAK9818515.1
OG0002002	KAK9850621.1, KAK9863171.1	KAK9818496.1
OG0002003	KAK9850633.1, KAK9863546.1, KAK9868349.1	
OG0002004	KAK9850771.1	KAK9827007.1, KAK9827197.1
OG0002005	KAK9850778.1, KAK9865189.1	KAK9821031.1
OG0002006	KAK9850789.1	KAK9816026.1, KAK9816027.1
OG0002007	KAK9850797.1, KAK9861021.1	KAK9826980.1
OG0002008	KAK9850798.1, KAK9861024.1	KAK9827022.1
OG0002009	KAK9850799.1, KAK9861020.1	KAK9827127.1
OG0002010	KAK9850802.1, KAK9863923.1	KAK9821070.1
OG0002011	KAK9850805.1, KAK9863924.1	KAK9821039.1
OG0002012	KAK9850807.1, KAK9850808.1	KAK9816074.1
OG0002013	KAK9850963.1, KAK9867618.1	KAK9819544.1
OG0002014	KAK9850970.1	KAK9831824.1, KAK9831825.1
OG0002015	KAK9850980.1, KAK9851870.1	KAK9843106.1
OG0002016	KAK9851118.1, KAK9868703.1	KAK9841721.1
OG0002017	KAK9851121.1, KAK9868715.1	KAK9841115.1
OG0002018	KAK9851130.1, KAK9863762.1	KAK9818657.1
OG0002019	KAK9851131.1, KAK9864989.1	KAK9818618.1
OG0002020	KAK9851134.1, KAK9861236.1	KAK9830654.1
OG0002021	KAK9851141.1, KAK9851142.1	KAK9831179.1
OG0002022	KAK9851153.1	KAK9826690.1, KAK9826691.1
OG0002023	KAK9851157.1	KAK9831050.1, KAK9831578.1
OG0002024	KAK9851158.1, KAK9851159.1	KAK9831717.1
OG0002025	KAK9851161.1, KAK9851162.1	KAK9831808.1
OG0002026	KAK9851317.1, KAK9864775.1	KAK9840104.1
OG0002027	KAK9851331.1	KAK9822548.1, KAK9824783.1
OG0002028	KAK9851336.1, KAK9851341.1	KAK9840448.1
OG0002029	KAK9851340.1, KAK9864058.1	KAK9840298.1
OG0002030	KAK9851345.1, KAK9863158.1	KAK9836723.1
OG0002031	KAK9851352.1, KAK9865829.1	KAK9821288.1
OG0002032	KAK9851355.1, KAK9862094.1	KAK9819459.1
OG0002033	KAK9851356.1	KAK9818787.1, KAK9835921.1
OG0002034	KAK9851363.1	KAK9819530.1, KAK9819531.1
OG0002035	KAK9851371.1	KAK9818922.1, KAK9828251.1
OG0002036	KAK9851537.1	KAK9821830.1, KAK9821831.1
OG0002037	KAK9851549.1	KAK9832385.1, KAK9841120.1
OG0002038	KAK9851551.1	KAK9832360.1, KAK9832361.1
OG0002039	KAK9851557.1, KAK9860998.1	KAK9838024.1
OG0002040	KAK9851559.1, KAK9851560.1	KAK9838040.1
OG0002041	KAK9851561.1, KAK9851562.1	KAK9828220.1
OG0002042	KAK9851563.1	KAK9828189.1, KAK9828190.1
OG0002043	KAK9851660.1	KAK9821641.1, KAK9844777.1
OG0002044	KAK9851667.1, KAK9857172.1	KAK9833202.1
OG0002045	KAK9851677.1	KAK9825820.1, KAK9837768.1
OG0002046	KAK9851680.1	KAK9825773.1, KAK9825774.1
OG0002047	KAK9851681.1	KAK9819212.1, KAK9843233.1
OG0002048	KAK9851684.1	KAK9844280.1, KAK9844281.1
OG0002049	KAK9851688.1, KAK9851689.1	KAK9818807.1
OG0002050	KAK9851690.1	KAK9825577.1, KAK9825578.1
OG0002051	KAK9851691.1, KAK9854201.1	KAK9825549.1
OG0002052	KAK9851695.1, KAK9854197.1	KAK9825514.1
OG0002053	KAK9851698.1	KAK9825008.1, KAK9825009.1
OG0002054	KAK9851857.1, KAK9861936.1	KAK9824720.1
OG0002055	KAK9851864.1, KAK9865744.1	KAK9837851.1
OG0002056	KAK9851867.1, KAK9865753.1	KAK9837859.1
OG0002057	KAK9851868.1, KAK9866041.1	KAK9837751.1
OG0002058	KAK9851871.1, KAK9868029.1	KAK9843209.1
OG0002059	KAK9851882.1, KAK9864912.1	KAK9833078.1
OG0002060	KAK9851887.1, KAK9864917.1	KAK9832864.1
OG0002061	KAK9851888.1, KAK9864910.1	KAK9833208.1
OG0002062	KAK9851889.1, KAK9864913.1	KAK9833059.1
OG0002063	KAK9851892.1, KAK9863807.1	KAK9838674.1
OG0002064	KAK9851893.1, KAK9864381.1	KAK9838649.1
OG0002065	KAK9851894.1, KAK9851895.1	KAK9838740.1
OG0002066	KAK9851897.1	KAK9839109.1, KAK9839110.1
OG0002067	KAK9851898.1, KAK9863803.1	KAK9838746.1
OG0002068	KAK9851902.1, KAK9864788.1	KAK9822746.1
OG0002069	KAK9851904.1	KAK9818556.1, KAK9822790.1
OG0002070	KAK9852089.1	KAK9820672.1, KAK9825046.1
OG0002071	KAK9852094.1, KAK9867491.1	KAK9822973.1
OG0002072	KAK9852096.1, KAK9867488.1	KAK9822905.1
OG0002073	KAK9852102.1, KAK9866001.1	KAK9833184.1
OG0002074	KAK9852103.1, KAK9866007.1	KAK9833114.1
OG0002075	KAK9852108.1, KAK9852109.1, KAK9852110.1	
OG0002076	KAK9852111.1, KAK9852112.1	KAK9844814.1
OG0002077	KAK9852113.1, KAK9868507.1	KAK9838927.1
OG0002078	KAK9852117.1, KAK9868505.1	KAK9838786.1
OG0002079	KAK9852118.1, KAK9866497.1	KAK9837608.1
OG0002080	KAK9852120.1, KAK9866503.1	KAK9837891.1
OG0002081	KAK9852127.1, KAK9852128.1	KAK9833706.1
OG0002082	KAK9852135.1, KAK9857234.1	KAK9833730.1
OG0002083	KAK9852136.1, KAK9857230.1	KAK9833933.1
OG0002084	KAK9852139.1	KAK9832200.1, KAK9832201.1
OG0002085	KAK9852313.1, KAK9862666.1	KAK9822016.1
OG0002086	KAK9852314.1, KAK9867579.1	KAK9822122.1
OG0002087	KAK9852316.1, KAK9854209.1	KAK9822891.1
OG0002088	KAK9852319.1, KAK9852320.1	KAK9824780.1
OG0002089	KAK9852328.1, KAK9865175.1	KAK9830786.1
OG0002090	KAK9852333.1	KAK9821244.1, KAK9834496.1
OG0002091	KAK9852341.1, KAK9863421.1	KAK9822980.1
OG0002092	KAK9852343.1, KAK9868690.1	KAK9842768.1
OG0002093	KAK9852344.1, KAK9865667.1	KAK9842915.1
OG0002094	KAK9852358.1, KAK9867355.1	KAK9830822.1
OG0002095	KAK9852362.1, KAK9867366.1	KAK9830733.1
OG0002096	KAK9852365.1, KAK9852366.1	KAK9840271.1
OG0002097	KAK9852369.1	KAK9818956.1, KAK9840182.1
OG0002098	KAK9852556.1, KAK9852557.1	KAK9825314.1
OG0002099	KAK9852561.1, KAK9857241.1	KAK9839981.1
OG0002100	KAK9852562.1, KAK9857239.1	KAK9840153.1
OG0002101	KAK9852565.1	KAK9834686.1, KAK9834687.1
OG0002102	KAK9852572.1, KAK9863698.1	KAK9841683.1
OG0002103	KAK9852576.1, KAK9866921.1	KAK9832244.1
OG0002104	KAK9852578.1, KAK9866929.1	KAK9832407.1
OG0002105	KAK9852580.1, KAK9866927.1	KAK9832433.1
OG0002106	KAK9852583.1	KAK9838738.1, KAK9838739.1
OG0002107	KAK9852590.1	KAK9834374.1, KAK9841547.1
OG0002108	KAK9852593.1, KAK9865659.1	KAK9832136.1
OG0002109	KAK9852595.1, KAK9865654.1	KAK9832378.1
OG0002110	KAK9852600.1	KAK9834441.1, KAK9834442.1
OG0002111	KAK9852608.1, KAK9852609.1	KAK9821864.1
OG0002112	KAK9852614.1, KAK9866548.1	KAK9821866.1
OG0002113	KAK9852812.1, KAK9868629.1	KAK9819320.1
OG0002114	KAK9852818.1	KAK9826076.1, KAK9840181.1
OG0002115	KAK9852836.1, KAK9852837.1	KAK9822728.1
OG0002116	KAK9852839.1, KAK9865854.1	KAK9833958.1
OG0002117	KAK9852845.1, KAK9866374.1	KAK9825717.1
OG0002118	KAK9852847.1, KAK9866383.1	KAK9825708.1
OG0002119	KAK9852849.1, KAK9866381.1	KAK9825780.1
OG0002120	KAK9852852.1	KAK9821386.1, KAK9821401.1
OG0002121	KAK9852854.1, KAK9863567.1	KAK9844588.1
OG0002122	KAK9852856.1, KAK9859869.1	KAK9838054.1
OG0002123	KAK9852867.1, KAK9863647.1	KAK9828314.1
OG0002124	KAK9853093.1, KAK9865335.1	KAK9838920.1
OG0002125	KAK9853096.1, KAK9866095.1	KAK9838843.1
OG0002126	KAK9853105.1, KAK9865855.1	KAK9833763.1
OG0002127	KAK9853119.1, KAK9862264.1	KAK9840290.1
OG0002128	KAK9853120.1	KAK9840128.1, KAK9840129.1
OG0002129	KAK9853124.1, KAK9853125.1	KAK9838880.1
OG0002130	KAK9853130.1, KAK9854207.1	KAK9828184.1
OG0002131	KAK9853134.1, KAK9864208.1	KAK9826004.1
OG0002132	KAK9853347.1, KAK9867068.1	KAK9816376.1
OG0002133	KAK9853348.1, KAK9867062.1	KAK9816372.1
OG0002134	KAK9853360.1, KAK9857184.1	KAK9838712.1
OG0002135	KAK9853366.1, KAK9853367.1	KAK9824724.1
OG0002136	KAK9853374.1, KAK9867687.1	KAK9841415.1
OG0002137	KAK9853377.1, KAK9868292.1	KAK9841190.1
OG0002138	KAK9853379.1, KAK9864873.1	KAK9841628.1
OG0002139	KAK9853380.1, KAK9863505.1	KAK9819114.1
OG0002140	KAK9853383.1, KAK9866781.1	KAK9819142.1
OG0002141	KAK9853387.1, KAK9853388.1	KAK9844853.1
OG0002142	KAK9853594.1, KAK9865482.1	KAK9845095.1
OG0002143	KAK9853596.1, KAK9853597.1	KAK9816236.1
OG0002144	KAK9853599.1, KAK9853600.1	KAK9831814.1
OG0002145	KAK9853604.1, KAK9864911.1	KAK9832964.1
OG0002146	KAK9853618.1, KAK9869089.1	KAK9825765.1
OG0002147	KAK9853619.1	KAK9825761.1, KAK9825762.1
OG0002148	KAK9853641.1, KAK9867170.1	KAK9817616.1
OG0002149	KAK9853648.1, KAK9861892.1	KAK9827862.1
OG0002150	KAK9853651.1, KAK9861895.1	KAK9827782.1
OG0002151	KAK9853654.1, KAK9862891.1	KAK9827929.1
OG0002152	KAK9853863.1	KAK9818690.1, KAK9819516.1
OG0002153	KAK9853865.1	KAK9818693.1, KAK9818694.1
OG0002154	KAK9853871.1	KAK9839146.1, KAK9839147.1
OG0002155	KAK9853879.1, KAK9853880.1	KAK9833209.1
OG0002156	KAK9853883.1, KAK9866769.1	KAK9827820.1
OG0002157	KAK9853884.1, KAK9866768.1	KAK9827878.1
OG0002158	KAK9853892.1, KAK9862944.1	KAK9837687.1
OG0002159	KAK9853893.1, KAK9862949.1	KAK9837949.1
OG0002160	KAK9853894.1, KAK9867524.1	KAK9844886.1
OG0002161	KAK9853897.1, KAK9867517.1	KAK9844400.1
OG0002162	KAK9853899.1, KAK9867516.1	KAK9844483.1
OG0002163	KAK9853903.1, KAK9863625.1	KAK9827447.1
OG0002164	KAK9853907.1, KAK9862041.1	KAK9825603.1
OG0002165	KAK9853908.1, KAK9862044.1	KAK9825537.1
OG0002166	KAK9853911.1, KAK9853912.1	KAK9817610.1
OG0002167	KAK9853915.1	KAK9817629.1, KAK9817630.1
OG0002168	KAK9853916.1	KAK9817626.1, KAK9817627.1
OG0002169	KAK9853917.1	KAK9824898.1, KAK9824899.1
OG0002170	KAK9853923.1, KAK9857620.1	KAK9843246.1
OG0002171	KAK9853929.1, KAK9864326.1	KAK9826547.1
OG0002172	KAK9854170.1, KAK9867697.1, KAK9867698.1	
OG0002173	KAK9854171.1	KAK9830700.1, KAK9835651.1
OG0002174	KAK9854182.1, KAK9863132.1	KAK9835815.1
OG0002175	KAK9854186.1, KAK9865242.1	KAK9830772.1
OG0002176	KAK9854190.1, KAK9865239.1	KAK9830650.1
OG0002177	KAK9854191.1	KAK9830643.1, KAK9831287.1
OG0002178	KAK9854196.1	KAK9825506.1, KAK9825595.1
OG0002179	KAK9854203.1, KAK9857611.1	KAK9828218.1
OG0002180	KAK9854204.1, KAK9857610.1	KAK9828276.1
OG0002181	KAK9854206.1, KAK9857612.1	KAK9828355.1
OG0002182	KAK9854218.1, KAK9862068.1	KAK9820925.1
OG0002183	KAK9854444.1, KAK9859315.1	KAK9817489.1
OG0002184	KAK9854455.1	KAK9834483.1, KAK9838685.1
OG0002185	KAK9854468.1	KAK9840473.1, KAK9840474.1
OG0002186	KAK9854476.1, KAK9863429.1	KAK9827440.1
OG0002187	KAK9854482.1, KAK9861090.1	KAK9822427.1
OG0002188	KAK9854483.1	KAK9832298.1, KAK9832299.1
OG0002189	KAK9854495.1, KAK9858013.1	KAK9826023.1
OG0002190	KAK9854501.1, KAK9864432.1	KAK9819552.1
OG0002191	KAK9854502.1, KAK9864431.1	KAK9819548.1
OG0002192	KAK9854503.1, KAK9864429.1	KAK9819523.1
OG0002193	KAK9854757.1, KAK9863129.1	KAK9843302.1
OG0002194	KAK9854761.1, KAK9863127.1	KAK9843306.1
OG0002195	KAK9854771.1	KAK9837806.1, KAK9838064.1
OG0002196	KAK9854780.1	KAK9822592.1, KAK9822593.1
OG0002197	KAK9854785.1, KAK9861159.1	KAK9838826.1
OG0002198	KAK9854786.1, KAK9861157.1	KAK9838747.1
OG0002199	KAK9854787.1, KAK9861161.1	KAK9838933.1
OG0002200	KAK9854794.1	KAK9816411.1, KAK9845028.1
OG0002201	KAK9854807.1, KAK9866800.1	KAK9835807.1
OG0002202	KAK9854810.1, KAK9859376.1	KAK9838070.1
OG0002203	KAK9854815.1	KAK9838923.1, KAK9839048.1
OG0002204	KAK9854820.1, KAK9865364.1	KAK9830750.1
OG0002205	KAK9855103.1, KAK9867303.1	KAK9822117.1
OG0002206	KAK9855104.1, KAK9867299.1	KAK9822023.1
OG0002207	KAK9855105.1, KAK9867293.1	KAK9822040.1
OG0002208	KAK9855108.1, KAK9867291.1	KAK9822123.1
OG0002209	KAK9855113.1	KAK9819138.1, KAK9839039.1
OG0002210	KAK9855118.1, KAK9855119.1	KAK9838713.1
OG0002211	KAK9855121.1, KAK9856776.1	KAK9819506.1
OG0002212	KAK9855122.1, KAK9855123.1	KAK9819519.1
OG0002213	KAK9855134.1	KAK9817622.1, KAK9817623.1
OG0002214	KAK9855138.1, KAK9855139.1	KAK9842936.1
OG0002215	KAK9855146.1	KAK9826653.1, KAK9843072.1
OG0002216	KAK9855147.1	KAK9843210.1, KAK9843211.1
OG0002217	KAK9855156.1, KAK9855157.1	KAK9834620.1
OG0002218	KAK9855164.1, KAK9864263.1	KAK9835636.1
OG0002219	KAK9855165.1, KAK9864270.1	KAK9835779.1
OG0002220	KAK9855168.1	KAK9838671.1, KAK9838672.1
OG0002221	KAK9855174.1, KAK9865264.1	KAK9844301.1
OG0002222	KAK9855185.1, KAK9864628.1	KAK9832932.1
OG0002223	KAK9855187.1, KAK9864626.1	KAK9833195.1
OG0002224	KAK9855441.1, KAK9857975.1	KAK9835552.1
OG0002225	KAK9855442.1, KAK9857974.1	KAK9835580.1
OG0002226	KAK9855443.1, KAK9857977.1	KAK9835888.1
OG0002227	KAK9855454.1, KAK9855494.1	KAK9836579.1
OG0002228	KAK9855467.1, KAK9863677.1	KAK9833743.1
OG0002229	KAK9855473.1, KAK9864979.1	KAK9822442.1
OG0002230	KAK9855474.1, KAK9864978.1	KAK9822418.1
OG0002231	KAK9855479.1, KAK9866116.1	KAK9822778.1
OG0002232	KAK9855482.1	KAK9821703.1, KAK9841720.1
OG0002233	KAK9855746.1, KAK9866377.1	KAK9825824.1
OG0002234	KAK9855748.1, KAK9866339.1	KAK9843254.1
OG0002235	KAK9855752.1, KAK9866329.1	KAK9842818.1
OG0002236	KAK9855753.1, KAK9862533.1	KAK9844791.1
OG0002237	KAK9855754.1, KAK9862530.1	KAK9845062.1
OG0002238	KAK9855757.1, KAK9862532.1	KAK9844940.1
OG0002239	KAK9855760.1, KAK9857601.1	KAK9835619.1
OG0002240	KAK9855765.1, KAK9867057.1	KAK9816357.1
OG0002241	KAK9855767.1, KAK9867065.1	KAK9816356.1
OG0002242	KAK9855768.1, KAK9867064.1	KAK9816368.1
OG0002243	KAK9855770.1, KAK9863794.1	KAK9835871.1
OG0002244	KAK9855773.1	KAK9832956.1, KAK9837796.1
OG0002245	KAK9855778.1, KAK9862658.1	KAK9826967.1
OG0002246	KAK9855782.1, KAK9862664.1	KAK9827039.1
OG0002247	KAK9855783.1, KAK9855784.1	KAK9835700.1
OG0002248	KAK9855798.1, KAK9867424.1	KAK9822119.1
OG0002249	KAK9855799.1, KAK9868311.1	KAK9822105.1
OG0002250	KAK9855800.1, KAK9867418.1	KAK9822019.1
OG0002251	KAK9855803.1, KAK9857185.1	KAK9839155.1
OG0002252	KAK9855808.1, KAK9855809.1	KAK9820735.1
OG0002253	KAK9856082.1, KAK9856083.1	KAK9834733.1
OG0002254	KAK9856088.1, KAK9867002.1	KAK9837634.1
OG0002255	KAK9856090.1, KAK9866997.1	KAK9837780.1
OG0002256	KAK9856095.1, KAK9865688.1, KAK9865689.1	
OG0002257	KAK9856101.1, KAK9864970.1	KAK9842687.1
OG0002258	KAK9856104.1, KAK9858025.1	KAK9836725.1
OG0002259	KAK9856106.1, KAK9856107.1	KAK9836828.1
OG0002260	KAK9856108.1, KAK9858031.1	KAK9836437.1
OG0002261	KAK9856109.1	KAK9836506.1, KAK9836507.1
OG0002262	KAK9856121.1, KAK9868967.1	KAK9844761.1
OG0002263	KAK9856123.1, KAK9868968.1	KAK9844264.1
OG0002264	KAK9856126.1, KAK9866748.1	KAK9831064.1
OG0002265	KAK9856128.1, KAK9866751.1	KAK9831227.1
OG0002266	KAK9856133.1, KAK9866749.1	KAK9831180.1
OG0002267	KAK9856136.1, KAK9862713.1	KAK9843263.1
OG0002268	KAK9856143.1, KAK9868768.1	KAK9822267.1
OG0002269	KAK9856407.1, KAK9867151.1	KAK9816382.1
OG0002270	KAK9856408.1, KAK9867145.1	KAK9816383.1
OG0002271	KAK9856409.1, KAK9867138.1	KAK9816402.1
OG0002272	KAK9856410.1, KAK9867149.1	KAK9816397.1
OG0002273	KAK9856413.1, KAK9867139.1	KAK9816384.1
OG0002274	KAK9856414.1, KAK9867142.1	KAK9816403.1
OG0002275	KAK9856429.1	KAK9837809.1, KAK9837810.1
OG0002276	KAK9856439.1, KAK9867868.1	KAK9835666.1
OG0002277	KAK9856452.1, KAK9859393.1	KAK9844729.1
OG0002278	KAK9856481.1	KAK9844402.1, KAK9844403.1
OG0002279	KAK9856765.1, KAK9862053.1	KAK9841484.1
OG0002280	KAK9856772.1, KAK9856773.1	KAK9833064.1
OG0002281	KAK9856777.1, KAK9867053.1	KAK9822766.1
OG0002282	KAK9856779.1, KAK9867050.1	KAK9822781.1
OG0002283	KAK9856784.1, KAK9861908.1	KAK9816364.1
OG0002284	KAK9856802.1	KAK9826525.1, KAK9826526.1
OG0002285	KAK9856804.1, KAK9862470.1	KAK9826704.1
OG0002286	KAK9856808.1, KAK9862871.1	KAK9831260.1
OG0002287	KAK9856814.1, KAK9856815.1	KAK9835834.1
OG0002288	KAK9856821.1, KAK9856822.1	KAK9832283.1
OG0002289	KAK9856824.1, KAK9856825.1	KAK9832250.1
OG0002290	KAK9856831.1, KAK9856832.1	KAK9840175.1
OG0002291	KAK9856833.1	KAK9827411.1, KAK9840268.1
OG0002292	KAK9856837.1, KAK9864960.1	KAK9837604.1
OG0002293	KAK9856839.1, KAK9864956.1	KAK9837850.1
OG0002294	KAK9856842.1	KAK9822323.1, KAK9837951.1
OG0002295	KAK9856845.1, KAK9857226.1	KAK9837785.1
OG0002296	KAK9856849.1	KAK9817418.1, KAK9817419.1
OG0002297	KAK9856854.1, KAK9865995.1	KAK9826270.1
OG0002298	KAK9856855.1, KAK9858029.1	KAK9836680.1
OG0002299	KAK9856856.1, KAK9858026.1	KAK9836623.1
OG0002300	KAK9856858.1, KAK9858028.1	KAK9836892.1
OG0002301	KAK9856859.1, KAK9858032.1	KAK9836836.1
OG0002302	KAK9857161.1	KAK9827772.1, KAK9827773.1
OG0002303	KAK9857165.1, KAK9867011.1	KAK9840369.1
OG0002304	KAK9857166.1, KAK9867020.1	KAK9839989.1
OG0002305	KAK9857181.1	KAK9836596.1, KAK9836597.1
OG0002306	KAK9857191.1, KAK9865699.1	KAK9821835.1
OG0002307	KAK9857195.1, KAK9868579.1	KAK9817453.1
OG0002308	KAK9857196.1, KAK9862241.1	KAK9825308.1
OG0002309	KAK9857199.1, KAK9857200.1	KAK9825289.1
OG0002310	KAK9857214.1, KAK9857215.1	KAK9839087.1
OG0002311	KAK9857217.1, KAK9857218.1	KAK9844547.1
OG0002312	KAK9857253.1, KAK9866935.1	KAK9844255.1
OG0002313	KAK9857550.1, KAK9859356.1	KAK9843141.1
OG0002314	KAK9857551.1, KAK9859354.1	KAK9843007.1
OG0002315	KAK9857553.1, KAK9859353.1	KAK9843323.1
OG0002316	KAK9857561.1, KAK9857562.1	KAK9818680.1
OG0002317	KAK9857565.1, KAK9863871.1	KAK9827877.1
OG0002318	KAK9857566.1	KAK9827848.1, KAK9844904.1
OG0002319	KAK9857572.1, KAK9866901.1	KAK9841686.1
OG0002320	KAK9857603.1, KAK9861037.1	KAK9827428.1
OG0002321	KAK9857617.1, KAK9862091.1	KAK9819412.1
OG0002322	KAK9857619.1	KAK9818639.1, KAK9818640.1
OG0002323	KAK9857629.1	KAK9820811.1, KAK9821052.1
OG0002324	KAK9857936.1, KAK9859829.1	KAK9832165.1
OG0002325	KAK9857940.1, KAK9862652.1	KAK9818969.1
OG0002326	KAK9857941.1, KAK9862650.1	KAK9818959.1
OG0002327	KAK9857944.1	KAK9826072.1, KAK9836520.1
OG0002328	KAK9857945.1, KAK9862655.1	KAK9818926.1
OG0002329	KAK9857946.1, KAK9857947.1	KAK9818924.1
OG0002330	KAK9857951.1, KAK9857952.1	KAK9835719.1
OG0002331	KAK9857957.1	KAK9825096.1, KAK9835911.1
OG0002332	KAK9857959.1, KAK9858852.1	KAK9818489.1
OG0002333	KAK9857962.1	KAK9821874.1, KAK9832174.1
OG0002334	KAK9857972.1, KAK9857973.1	KAK9835681.1
OG0002335	KAK9857980.1, KAK9863502.1	KAK9827834.1
OG0002336	KAK9857985.1, KAK9857986.1	KAK9831710.1
OG0002337	KAK9857988.1	KAK9832253.1, KAK9834803.1
OG0002338	KAK9857993.1, KAK9857994.1	KAK9821005.1
OG0002339	KAK9857995.1, KAK9857996.1	KAK9821025.1
OG0002340	KAK9858007.1, KAK9858008.1	KAK9842810.1
OG0002341	KAK9858011.1, KAK9858012.1	KAK9826557.1
OG0002342	KAK9858021.1, KAK9862023.1	KAK9840100.1
OG0002343	KAK9858023.1, KAK9863008.1	KAK9839971.1
OG0002344	KAK9858034.1	KAK9836615.1, KAK9842923.1
OG0002345	KAK9858373.1, KAK9862787.1	KAK9821551.1
OG0002346	KAK9858376.1, KAK9858377.1	KAK9821527.1
OG0002347	KAK9858378.1, KAK9862790.1	KAK9821504.1
OG0002348	KAK9858382.1, KAK9861347.1	KAK9826038.1
OG0002349	KAK9858385.1, KAK9858885.1	KAK9834624.1
OG0002350	KAK9858392.1	KAK9833018.1, KAK9833019.1
OG0002351	KAK9858395.1, KAK9862688.1	KAK9832944.1
OG0002352	KAK9858399.1	KAK9824723.1, KAK9841445.1
OG0002353	KAK9858412.1, KAK9858413.1	KAK9840204.1
OG0002354	KAK9858431.1	KAK9828211.1, KAK9837572.1
OG0002355	KAK9858438.1	KAK9843136.1, KAK9843137.1
OG0002356	KAK9858442.1	KAK9835686.1, KAK9835687.1
OG0002357	KAK9858452.1	KAK9824732.1, KAK9838623.1
OG0002358	KAK9858458.1, KAK9864526.1	KAK9827090.1
OG0002359	KAK9858459.1, KAK9864529.1	KAK9826945.1
OG0002360	KAK9858463.1	KAK9837631.1, KAK9837632.1
OG0002361	KAK9858464.1, KAK9859380.1	KAK9837734.1
OG0002362	KAK9858465.1	KAK9832203.1, KAK9837915.1
OG0002363	KAK9858472.1, KAK9867400.1	KAK9840265.1
OG0002364	KAK9858473.1, KAK9867397.1, KAK9867398.1	
OG0002365	KAK9858794.1, KAK9865426.1	KAK9834737.1
OG0002366	KAK9858795.1, KAK9865428.1	KAK9834592.1
OG0002367	KAK9858801.1, KAK9867791.1	KAK9841342.1
OG0002368	KAK9858805.1, KAK9861872.1	KAK9841173.1
OG0002369	KAK9858806.1, KAK9861870.1	KAK9841551.1
OG0002370	KAK9858808.1	KAK9837680.1, KAK9837681.1
OG0002371	KAK9858812.1	KAK9843045.1, KAK9843046.1
OG0002372	KAK9858814.1	KAK9840008.1, KAK9845127.1
OG0002373	KAK9858816.1, KAK9866658.1	KAK9842805.1
OG0002374	KAK9858818.1, KAK9864787.1	KAK9822759.1
OG0002375	KAK9858821.1, KAK9864786.1	KAK9822783.1
OG0002376	KAK9858828.1, KAK9865157.1	KAK9820937.1
OG0002377	KAK9858829.1, KAK9864151.1	KAK9840463.1
OG0002378	KAK9858833.1, KAK9868880.1	KAK9836772.1
OG0002379	KAK9858844.1, KAK9858845.1	KAK9838784.1
OG0002380	KAK9858846.1, KAK9865738.1	KAK9838941.1
OG0002381	KAK9858847.1, KAK9858848.1	KAK9818833.1
OG0002382	KAK9858849.1, KAK9858850.1	KAK9818831.1
OG0002383	KAK9858860.1, KAK9865895.1	KAK9817467.1
OG0002384	KAK9858877.1	KAK9827121.1, KAK9834559.1
OG0002385	KAK9858878.1, KAK9864218.1	KAK9826576.1
OG0002386	KAK9858881.1	KAK9826555.1, KAK9826556.1
OG0002387	KAK9858892.1, KAK9863259.1	KAK9834500.1
OG0002388	KAK9859294.1, KAK9859295.1	KAK9825964.1
OG0002389	KAK9859323.1, KAK9859324.1	KAK9835764.1
OG0002390	KAK9859334.1, KAK9859335.1	KAK9837645.1
OG0002391	KAK9859338.1, KAK9862809.1	KAK9835564.1
OG0002392	KAK9859339.1, KAK9859340.1	KAK9835781.1
OG0002393	KAK9859344.1, KAK9863430.1	KAK9838061.1
OG0002394	KAK9859350.1, KAK9859351.1	KAK9844601.1
OG0002395	KAK9859357.1, KAK9866887.1	KAK9827861.1
OG0002396	KAK9859359.1	KAK9827803.1, KAK9827804.1
OG0002397	KAK9859361.1, KAK9866882.1	KAK9827808.1
OG0002398	KAK9859366.1	KAK9841401.1, KAK9841402.1
OG0002399	KAK9859368.1	KAK9841584.1, KAK9841585.1
OG0002400	KAK9859381.1, KAK9867759.1	KAK9837919.1
OG0002401	KAK9859382.1	KAK9826914.1, KAK9844313.1
OG0002402	KAK9859772.1, KAK9863967.1	KAK9817345.1
OG0002403	KAK9859773.1, KAK9863970.1	KAK9817351.1
OG0002404	KAK9859777.1	KAK9837935.1, KAK9844471.1
OG0002405	KAK9859783.1	KAK9828258.1, KAK9828259.1
OG0002406	KAK9859794.1, KAK9866190.1	KAK9822538.1
OG0002407	KAK9859797.1, KAK9866184.1	KAK9822565.1
OG0002408	KAK9859800.1	KAK9821850.1, KAK9821851.1
OG0002409	KAK9859814.1, KAK9862802.1	KAK9827909.1
OG0002410	KAK9859815.1, KAK9862808.1	KAK9827789.1
OG0002411	KAK9859816.1, KAK9861198.1	KAK9824770.1
OG0002412	KAK9859825.1	KAK9818774.1, KAK9832391.1
OG0002413	KAK9859830.1, KAK9864684.1	KAK9825075.1
OG0002414	KAK9859831.1, KAK9863420.1	KAK9822936.1
OG0002415	KAK9859832.1	KAK9820710.1, KAK9825048.1
OG0002416	KAK9859833.1, KAK9864677.1	KAK9825062.1
OG0002417	KAK9859839.1	KAK9817413.1, KAK9832348.1
OG0002418	KAK9859857.1, KAK9863268.1	KAK9840156.1
OG0002419	KAK9859859.1, KAK9861460.1	KAK9821021.1
OG0002420	KAK9859862.1, KAK9866009.1	KAK9833072.1
OG0002421	KAK9859863.1, KAK9866003.1	KAK9833235.1
OG0002422	KAK9859864.1, KAK9865999.1	KAK9832910.1
OG0002423	KAK9859866.1, KAK9866002.1	KAK9832917.1
OG0002424	KAK9860327.1, KAK9860331.1, KAK9860332.1	
OG0002425	KAK9860334.1, KAK9864744.1	KAK9836537.1
OG0002426	KAK9860352.1, KAK9860353.1	KAK9844950.1
OG0002427	KAK9860354.1, KAK9860355.1	KAK9845105.1
OG0002428	KAK9860357.1, KAK9863728.1	KAK9828285.1
OG0002429	KAK9860360.1, KAK9863730.1	KAK9828186.1
OG0002430	KAK9860363.1	KAK9828169.1, KAK9828171.1
OG0002431	KAK9860371.1, KAK9867931.1	KAK9825102.1
OG0002432	KAK9860373.1, KAK9867943.1	KAK9825117.1
OG0002433	KAK9860374.1, KAK9868469.1	KAK9825006.1
OG0002434	KAK9860380.1, KAK9862621.1	KAK9840096.1
OG0002435	KAK9860388.1	KAK9821163.1, KAK9838767.1
OG0002436	KAK9860391.1, KAK9860393.1	KAK9822300.1
OG0002437	KAK9860394.1	KAK9826266.1, KAK9826964.1
OG0002438	KAK9860401.1, KAK9868845.1	KAK9844437.1
OG0002439	KAK9860406.1, KAK9865490.1	KAK9818863.1
OG0002440	KAK9860420.1	KAK9821275.1, KAK9838659.1
OG0002441	KAK9860421.1	KAK9839014.1, KAK9839015.1
OG0002442	KAK9860429.1, KAK9860430.1	KAK9817372.1
OG0002443	KAK9860431.1, KAK9860433.1	KAK9817361.1
OG0002444	KAK9860434.1, KAK9861350.1	KAK9817377.1
OG0002445	KAK9860439.1, KAK9865272.1	KAK9837651.1
OG0002446	KAK9860442.1, KAK9865273.1	KAK9838050.1
OG0002447	KAK9860446.1, KAK9862593.1	KAK9832330.1
OG0002448	KAK9860450.1, KAK9868205.1	KAK9832412.1
OG0002449	KAK9860451.1, KAK9862590.1	KAK9832446.1
OG0002450	KAK9860453.1, KAK9862587.1	KAK9832210.1
OG0002451	KAK9860455.1, KAK9862586.1	KAK9832307.1
OG0002452	KAK9860459.1	KAK9833048.1, KAK9844901.1
OG0002453	KAK9861012.1, KAK9868241.1	KAK9844302.1
OG0002454	KAK9861022.1, KAK9861025.1	KAK9827198.1
OG0002455	KAK9861028.1	KAK9816314.1, KAK9816315.1
OG0002456	KAK9861035.1, KAK9866624.1	KAK9827532.1
OG0002457	KAK9861038.1	KAK9827458.1, KAK9827542.1
OG0002458	KAK9861058.1, KAK9868400.1	KAK9844624.1
OG0002459	KAK9861062.1, KAK9868383.1	KAK9844906.1
OG0002460	KAK9861076.1	KAK9825999.1, KAK9833052.1
OG0002461	KAK9861078.1	KAK9819460.1, KAK9843195.1
OG0002462	KAK9861096.1, KAK9867777.1	KAK9835622.1
OG0002463	KAK9861097.1, KAK9861235.1	KAK9835663.1
OG0002464	KAK9861098.1, KAK9861231.1	KAK9835898.1
OG0002465	KAK9861104.1	KAK9833002.1, KAK9833003.1
OG0002466	KAK9861105.1	KAK9834645.1, KAK9834646.1
OG0002467	KAK9861107.1, KAK9861109.1	KAK9834510.1
OG0002468	KAK9861117.1, KAK9864751.1	KAK9832951.1
OG0002469	KAK9861118.1, KAK9864749.1	KAK9833108.1
OG0002470	KAK9861147.1, KAK9864623.1	KAK9830792.1
OG0002471	KAK9861149.1, KAK9861150.1	KAK9836606.1
OG0002472	KAK9861163.1, KAK9861164.1, KAK9861165.1	
OG0002473	KAK9861167.1, KAK9866679.1	KAK9833902.1
OG0002474	KAK9861171.1, KAK9866675.1	KAK9833748.1
OG0002475	KAK9861173.1, KAK9864833.1	KAK9845079.1
OG0002476	KAK9861176.1, KAK9864282.1	KAK9844973.1
OG0002477	KAK9861182.1, KAK9861183.1, KAK9861184.1	
OG0002478	KAK9861190.1, KAK9865044.1	KAK9839939.1
OG0002479	KAK9861191.1, KAK9862979.1, KAK9862980.1	
OG0002480	KAK9861193.1, KAK9866903.1	KAK9841379.1
OG0002481	KAK9861203.1	KAK9816011.1, KAK9816012.1
OG0002482	KAK9861211.1, KAK9862305.1	KAK9836860.1
OG0002483	KAK9861217.1, KAK9864728.1	KAK9843339.1
OG0002484	KAK9861226.1, KAK9866826.1	KAK9836864.1
OG0002485	KAK9861230.1	KAK9821043.1, KAK9835460.1
OG0002486	KAK9861238.1, KAK9867356.1	KAK9830676.1
OG0002487	KAK9861239.1	KAK9830778.1, KAK9830851.1
OG0002488	KAK9861244.1, KAK9868532.1	KAK9844658.1
OG0002489	KAK9861245.1	KAK9831789.1, KAK9844893.1
OG0002490	KAK9861247.1, KAK9868516.1	KAK9844271.1
OG0002491	KAK9861248.1, KAK9862419.1	KAK9836484.1
OG0002492	KAK9861276.1, KAK9868562.1	KAK9837761.1
OG0002493	KAK9861281.1, KAK9868545.1	KAK9838057.1
OG0002494	KAK9861286.1	KAK9831061.1, KAK9831151.1
OG0002495	KAK9861293.1	KAK9826623.1, KAK9840229.1
OG0002496	KAK9861300.1, KAK9868365.1	KAK9844573.1
OG0002497	KAK9861303.1	KAK9817574.1, KAK9817575.1
OG0002498	KAK9861314.1, KAK9866702.1	KAK9840037.1
OG0002499	KAK9861324.1, KAK9864192.1	KAK9841372.1
OG0002500	KAK9861325.1, KAK9862735.1	KAK9841301.1
OG0002501	KAK9861326.1	KAK9839088.1, KAK9841297.1
OG0002502	KAK9861327.1, KAK9862727.1	KAK9841542.1
OG0002503	KAK9861337.1, KAK9861338.1	KAK9841156.1
OG0002504	KAK9861339.1	KAK9825029.1, KAK9835885.1
OG0002505	KAK9861346.1	KAK9825937.1, KAK9825938.1
OG0002506	KAK9861348.1, KAK9861580.1	KAK9825935.1
OG0002507	KAK9861352.1, KAK9863574.1	KAK9833638.1
OG0002508	KAK9861354.1, KAK9863579.1	KAK9833840.1
OG0002509	KAK9861366.1, KAK9868332.1	KAK9844739.1
OG0002510	KAK9861367.1, KAK9868344.1	KAK9844360.1
OG0002511	KAK9861369.1, KAK9868334.1	KAK9844357.1
OG0002512	KAK9861374.1, KAK9864425.1	KAK9844999.1
OG0002513	KAK9861377.1, KAK9864427.1	KAK9844683.1
OG0002514	KAK9861379.1, KAK9864421.1	KAK9844395.1
OG0002515	KAK9861380.1, KAK9864424.1	KAK9844805.1
OG0002516	KAK9861381.1, KAK9864420.1	KAK9844290.1
OG0002517	KAK9861385.1	KAK9819327.1, KAK9825105.1
OG0002518	KAK9861391.1, KAK9868318.1	KAK9822073.1
OG0002519	KAK9861400.1	KAK9815964.1, KAK9815965.1
OG0002520	KAK9861406.1, KAK9861407.1	KAK9832373.1
OG0002521	KAK9861413.1, KAK9861414.1	KAK9819017.1
OG0002522	KAK9861423.1, KAK9868705.1	KAK9841660.1
OG0002523	KAK9861425.1, KAK9866661.1	KAK9841608.1
OG0002524	KAK9861426.1, KAK9861427.1	KAK9841400.1
OG0002525	KAK9861428.1, KAK9863147.1	KAK9834402.1
OG0002526	KAK9861431.1, KAK9863142.1	KAK9834634.1
OG0002527	KAK9861434.1, KAK9862152.1	KAK9842820.1
OG0002528	KAK9861453.1, KAK9868249.1	KAK9844627.1
OG0002529	KAK9861454.1, KAK9868246.1	KAK9844754.1
OG0002530	KAK9861458.1	KAK9821037.1, KAK9821038.1
OG0002531	KAK9861462.1, KAK9865886.1	KAK9828133.1
OG0002532	KAK9861465.1, KAK9865881.1	KAK9828364.1
OG0002533	KAK9861468.1	KAK9841564.1, KAK9841565.1
OG0002534	KAK9861477.1, KAK9861480.1	KAK9831681.1
OG0002535	KAK9861481.1, KAK9867963.1	KAK9836468.1
OG0002536	KAK9861482.1, KAK9867961.1	KAK9836422.1
OG0002537	KAK9861485.1, KAK9867958.1	KAK9836760.1
OG0002538	KAK9861486.1	KAK9836574.1, KAK9836575.1
OG0002539	KAK9861487.1, KAK9861488.1	KAK9836634.1
OG0002540	KAK9861489.1, KAK9867968.1	KAK9836906.1
OG0002541	KAK9861502.1, KAK9865618.1	KAK9821076.1
OG0002542	KAK9861508.1, KAK9861509.1, KAK9861510.1	
OG0002543	KAK9861514.1, KAK9869027.1	KAK9840106.1
OG0002544	KAK9861519.1, KAK9869044.1	KAK9840258.1
OG0002545	KAK9861530.1, KAK9866911.1	KAK9841423.1
OG0002546	KAK9861545.1, KAK9867996.1	KAK9844517.1
OG0002547	KAK9861548.1, KAK9868001.1	KAK9844326.1
OG0002548	KAK9861549.1, KAK9867998.1	KAK9844486.1
OG0002549	KAK9861557.1	KAK9827152.1, KAK9844522.1
OG0002550	KAK9861559.1, KAK9868172.1	KAK9828346.1
OG0002551	KAK9861560.1, KAK9868154.1	KAK9828269.1
OG0002552	KAK9861564.1, KAK9868171.1	KAK9828315.1
OG0002553	KAK9861566.1, KAK9868168.1	KAK9828284.1
OG0002554	KAK9861578.1, KAK9861579.1	KAK9834407.1
OG0002555	KAK9861586.1, KAK9861587.1	KAK9826608.1
OG0002556	KAK9861594.1, KAK9862874.1	KAK9843140.1
OG0002557	KAK9861595.1, KAK9864870.1	KAK9821210.1
OG0002558	KAK9861596.1, KAK9862876.1	KAK9842676.1
OG0002559	KAK9861602.1, KAK9864827.1	KAK9821853.1
OG0002560	KAK9861603.1	KAK9819333.1, KAK9819334.1
OG0002561	KAK9861604.1, KAK9865004.1	KAK9835539.1
OG0002562	KAK9861608.1, KAK9865000.1	KAK9835529.1
OG0002563	KAK9861611.1	KAK9821507.1, KAK9821533.1
OG0002564	KAK9861612.1	KAK9821515.1, KAK9821516.1
OG0002565	KAK9861617.1, KAK9861618.1	KAK9844427.1
OG0002566	KAK9861624.1, KAK9866481.1	KAK9836850.1
OG0002567	KAK9861627.1, KAK9866479.1	KAK9836678.1
OG0002568	KAK9861628.1, KAK9866476.1	KAK9836576.1
OG0002569	KAK9861634.1, KAK9864837.1	KAK9845009.1
OG0002570	KAK9861636.1, KAK9862450.1	KAK9836868.1
OG0002571	KAK9861642.1, KAK9862448.1	KAK9836625.1
OG0002572	KAK9861652.1	KAK9831754.1, KAK9831755.1
OG0002573	KAK9861662.1, KAK9868643.1	KAK9819347.1
OG0002574	KAK9861665.1	KAK9841182.1, KAK9841183.1
OG0002575	KAK9861675.1	KAK9825512.1, KAK9825513.1
OG0002576	KAK9861686.1	KAK9828182.1, KAK9844592.1
OG0002577	KAK9861687.1, KAK9864636.1	KAK9844986.1
OG0002578	KAK9861690.1, KAK9864637.1	KAK9845091.1
OG0002579	KAK9861697.1	KAK9840356.1, KAK9841668.1
OG0002580	KAK9861701.1	KAK9833687.1, KAK9840019.1
OG0002581	KAK9861708.1, KAK9861709.1	KAK9817523.1
OG0002582	KAK9861712.1, KAK9861713.1	KAK9817528.1
OG0002583	KAK9861723.1, KAK9864279.1	KAK9831782.1
OG0002584	KAK9861724.1	KAK9831668.1, KAK9831669.1
OG0002585	KAK9861725.1, KAK9864276.1	KAK9831645.1
OG0002586	KAK9861738.1, KAK9866033.1	KAK9825109.1
OG0002587	KAK9861742.1, KAK9863575.1	KAK9833864.1
OG0002588	KAK9861746.1, KAK9863573.1	KAK9833944.1
OG0002589	KAK9861752.1	KAK9841707.1, KAK9841708.1
OG0002590	KAK9861758.1, KAK9864419.1	KAK9842724.1
OG0002591	KAK9861759.1, KAK9861760.1, KAK9865831.1	
OG0002592	KAK9861763.1, KAK9861764.1	KAK9842858.1
OG0002593	KAK9861766.1	KAK9820661.1, KAK9821382.1
OG0002594	KAK9861774.1, KAK9864674.1	KAK9837727.1
OG0002595	KAK9861775.1, KAK9864675.1	KAK9837593.1
OG0002596	KAK9861778.1, KAK9864667.1	KAK9837857.1
OG0002597	KAK9861779.1, KAK9864668.1	KAK9837985.1
OG0002598	KAK9861786.1, KAK9867161.1	KAK9819207.1
OG0002599	KAK9861788.1	KAK9818923.1, KAK9841289.1
OG0002600	KAK9861791.1, KAK9862994.1	KAK9818955.1
OG0002601	KAK9861794.1	KAK9825290.1, KAK9825291.1
OG0002602	KAK9861796.1	KAK9825306.1, KAK9827224.1
OG0002603	KAK9861801.1, KAK9863154.1	KAK9842941.1
OG0002604	KAK9861802.1, KAK9861803.1, KAK9861804.1	
OG0002605	KAK9861805.1, KAK9863278.1	KAK9843110.1
OG0002606	KAK9861806.1, KAK9867977.1	KAK9834750.1
OG0002607	KAK9861808.1, KAK9867984.1	KAK9834677.1
OG0002608	KAK9861813.1, KAK9861814.1	KAK9817405.1
OG0002609	KAK9861836.1	KAK9832131.1, KAK9832132.1
OG0002610	KAK9861842.1, KAK9861843.1	KAK9833875.1
OG0002611	KAK9861852.1	KAK9839012.1, KAK9839125.1
OG0002612	KAK9861857.1, KAK9861858.1, KAK9861930.1	
OG0002613	KAK9861860.1, KAK9864085.1	KAK9841703.1
OG0002614	KAK9861861.1, KAK9864079.1	KAK9841194.1
OG0002615	KAK9861862.1, KAK9864078.1	KAK9841288.1
OG0002616	KAK9861863.1, KAK9863946.1	KAK9841345.1
OG0002617	KAK9861864.1, KAK9864083.1	KAK9841555.1
OG0002618	KAK9861867.1, KAK9866371.1	KAK9833024.1
OG0002619	KAK9861873.1, KAK9868533.1	KAK9832223.1
OG0002620	KAK9861889.1, KAK9861890.1	KAK9827838.1
OG0002621	KAK9861896.1, KAK9868390.1	KAK9845139.1
OG0002622	KAK9861913.1, KAK9867066.1	KAK9816354.1
OG0002623	KAK9861916.1	KAK9837931.1, KAK9837932.1
OG0002624	KAK9861919.1	KAK9836816.1, KAK9836817.1
OG0002625	KAK9861924.1, KAK9867511.1	KAK9840117.1
OG0002626	KAK9861926.1, KAK9862119.1	KAK9838939.1
OG0002627	KAK9861941.1, KAK9868584.1	KAK9831107.1
OG0002628	KAK9861942.1, KAK9868596.1	KAK9831258.1
OG0002629	KAK9861944.1, KAK9867265.1	KAK9827801.1
OG0002630	KAK9861988.1	KAK9836768.1, KAK9836769.1
OG0002631	KAK9861997.1, KAK9862115.1	KAK9838717.1
OG0002632	KAK9862007.1, KAK9862008.1	KAK9828165.1
OG0002633	KAK9862009.1	KAK9828320.1, KAK9828321.1
OG0002634	KAK9862017.1, KAK9862793.1	KAK9842725.1
OG0002635	KAK9862018.1	KAK9840421.1, KAK9840422.1
OG0002636	KAK9862020.1, KAK9862021.1	KAK9839900.1
OG0002637	KAK9862028.1	KAK9817440.1, KAK9826947.1
OG0002638	KAK9862043.1	KAK9825502.1, KAK9826232.1
OG0002639	KAK9862063.1	KAK9820753.1, KAK9820893.1
OG0002640	KAK9862064.1, KAK9862963.1	KAK9830763.1
OG0002641	KAK9862065.1	KAK9820924.1, KAK9837863.1
OG0002642	KAK9862069.1	KAK9816190.1, KAK9830801.1
OG0002643	KAK9862082.1, KAK9866493.1	KAK9844490.1
OG0002644	KAK9862090.1, KAK9862984.1	KAK9832443.1
OG0002645	KAK9862092.1, KAK9863763.1	KAK9819469.1
OG0002646	KAK9862093.1, KAK9863761.1	KAK9819461.1
OG0002647	KAK9862096.1, KAK9863767.1	KAK9819414.1
OG0002648	KAK9862097.1, KAK9862502.1	KAK9840277.1
OG0002649	KAK9862105.1, KAK9865892.1	KAK9833125.1
OG0002650	KAK9862108.1, KAK9865893.1	KAK9832863.1
OG0002651	KAK9862120.1	KAK9845120.1, KAK9845121.1
OG0002652	KAK9862130.1, KAK9866217.1	KAK9822767.1
OG0002653	KAK9862133.1, KAK9868524.1	KAK9822768.1
OG0002654	KAK9862134.1	KAK9835645.1, KAK9835646.1
OG0002655	KAK9862137.1, KAK9866215.1	KAK9822729.1
OG0002656	KAK9862141.1	KAK9835462.1, KAK9835675.1
OG0002657	KAK9862154.1, KAK9862155.1, KAK9862156.1	
OG0002658	KAK9862160.1, KAK9868843.1	KAK9844525.1
OG0002659	KAK9862162.1, KAK9868852.1	KAK9844744.1
OG0002660	KAK9862165.1, KAK9868839.1	KAK9844474.1
OG0002661	KAK9862166.1, KAK9864385.1	KAK9836522.1
OG0002662	KAK9862169.1, KAK9864388.1	KAK9836916.1
OG0002663	KAK9862172.1, KAK9864386.1	KAK9836567.1
OG0002664	KAK9862173.1, KAK9864394.1	KAK9836763.1
OG0002665	KAK9862180.1, KAK9868355.1	KAK9839172.1
OG0002666	KAK9862182.1	KAK9828159.1, KAK9828160.1
OG0002667	KAK9862189.1	KAK9825057.1, KAK9825058.1
OG0002668	KAK9862193.1, KAK9863360.1	KAK9839982.1
OG0002669	KAK9862196.1, KAK9863365.1	KAK9840457.1
OG0002670	KAK9862207.1, KAK9862208.1, KAK9862209.1	
OG0002671	KAK9862210.1	KAK9835549.1, KAK9842677.1
OG0002672	KAK9862214.1	KAK9831154.1, KAK9831155.1
OG0002673	KAK9862216.1	KAK9822037.1, KAK9832138.1
OG0002674	KAK9862217.1, KAK9868030.1	KAK9832331.1
OG0002675	KAK9862220.1, KAK9868036.1	KAK9832343.1
OG0002676	KAK9862226.1, KAK9864558.1	KAK9840498.1
OG0002677	KAK9862232.1, KAK9868577.1	KAK9832376.1
OG0002678	KAK9862234.1, KAK9863124.1	KAK9832338.1
OG0002679	KAK9862252.1, KAK9867247.1, KAK9867248.1	
OG0002680	KAK9862253.1	KAK9831215.1, KAK9838028.1
OG0002681	KAK9862258.1, KAK9862886.1	KAK9824939.1
OG0002682	KAK9862263.1, KAK9862884.1	KAK9824919.1
OG0002683	KAK9862267.1	KAK9840225.1, KAK9840226.1
OG0002684	KAK9862272.1, KAK9862273.1	KAK9840355.1
OG0002685	KAK9862275.1, KAK9862276.1	KAK9838044.1
OG0002686	KAK9862283.1	KAK9837594.1, KAK9837595.1
OG0002687	KAK9862291.1, KAK9862596.1	KAK9843311.1
OG0002688	KAK9862293.1	KAK9831166.1, KAK9842773.1
OG0002689	KAK9862295.1, KAK9862872.1	KAK9843364.1
OG0002690	KAK9862314.1	KAK9827019.1, KAK9827856.1
OG0002691	KAK9862317.1	KAK9826952.1, KAK9834630.1
OG0002692	KAK9862319.1, KAK9867128.1	KAK9844377.1
OG0002693	KAK9862322.1	KAK9844916.1, KAK9844917.1
OG0002694	KAK9862333.1	KAK9831720.1, KAK9833758.1
OG0002695	KAK9862334.1	KAK9833918.1, KAK9833919.1
OG0002696	KAK9862338.1	KAK9833820.1, KAK9833821.1
OG0002697	KAK9862341.1, KAK9866496.1	KAK9837884.1
OG0002698	KAK9862343.1	KAK9837799.1, KAK9837800.1
OG0002699	KAK9862344.1, KAK9862345.1, KAK9862346.1	
OG0002700	KAK9862365.1, KAK9865815.1	KAK9837952.1
OG0002701	KAK9862373.1, KAK9866701.1	KAK9827810.1
OG0002702	KAK9862384.1, KAK9862385.1	KAK9819455.1
OG0002703	KAK9862391.1, KAK9862393.1	KAK9816307.1
OG0002704	KAK9862392.1, KAK9862394.1	KAK9816298.1
OG0002705	KAK9862396.1	KAK9826635.1, KAK9840200.1
OG0002706	KAK9862397.1, KAK9862398.1	KAK9826531.1
OG0002707	KAK9862402.1	KAK9826615.1, KAK9826616.1
OG0002708	KAK9862404.1, KAK9865257.1	KAK9831122.1
OG0002709	KAK9862414.1, KAK9867029.1	KAK9833893.1
OG0002710	KAK9862417.1	KAK9833622.1, KAK9833623.1
OG0002711	KAK9862423.1	KAK9833908.1, KAK9836534.1
OG0002712	KAK9862430.1, KAK9867531.1	KAK9833810.1
OG0002713	KAK9862434.1	KAK9836644.1, KAK9836645.1
OG0002714	KAK9862438.1	KAK9836442.1, KAK9836443.1
OG0002715	KAK9862460.1, KAK9863461.1	KAK9827494.1
OG0002716	KAK9862463.1, KAK9863465.1	KAK9827512.1
OG0002717	KAK9862466.1, KAK9862467.1	KAK9826624.1
OG0002718	KAK9862473.1, KAK9865036.1	KAK9840364.1
OG0002719	KAK9862475.1, KAK9865038.1	KAK9840143.1
OG0002720	KAK9862476.1, KAK9863004.1	KAK9840313.1
OG0002721	KAK9862477.1, KAK9865042.1, KAK9865043.1	
OG0002722	KAK9862490.1, KAK9862495.1	KAK9841506.1
OG0002723	KAK9862501.1, KAK9863269.1	KAK9840467.1
OG0002724	KAK9862503.1	KAK9840236.1, KAK9840237.1
OG0002725	KAK9862505.1, KAK9863265.1	KAK9840039.1
OG0002726	KAK9862506.1	KAK9840038.1, KAK9840040.1
OG0002727	KAK9862508.1, KAK9866103.1	KAK9819004.1
OG0002728	KAK9862510.1, KAK9864013.1	KAK9817397.1
OG0002729	KAK9862518.1, KAK9863982.1	KAK9817385.1
OG0002730	KAK9862521.1, KAK9862523.1	KAK9821036.1
OG0002731	KAK9862537.1, KAK9868821.1	KAK9828168.1
OG0002732	KAK9862538.1	KAK9828292.1, KAK9828293.1
OG0002733	KAK9862541.1, KAK9868813.1	KAK9828158.1
OG0002734	KAK9862542.1, KAK9868808.1	KAK9828192.1
OG0002735	KAK9862543.1, KAK9862544.1	KAK9819431.1
OG0002736	KAK9862554.1, KAK9864897.1	KAK9826604.1
OG0002737	KAK9862562.1	KAK9825254.1, KAK9825255.1
OG0002738	KAK9862565.1, KAK9862566.1	KAK9839038.1
OG0002739	KAK9862570.1, KAK9866746.1	KAK9831078.1
OG0002740	KAK9862578.1, KAK9865956.1	KAK9831221.1
OG0002741	KAK9862600.1, KAK9865765.1	KAK9826332.1
OG0002742	KAK9862601.1, KAK9867805.1	KAK9826267.1
OG0002743	KAK9862607.1, KAK9868203.1	KAK9833797.1
OG0002744	KAK9862612.1, KAK9862613.1	KAK9840227.1
OG0002745	KAK9862618.1, KAK9862619.1	KAK9840486.1
OG0002746	KAK9862633.1, KAK9862634.1, KAK9862635.1	
OG0002747	KAK9862644.1, KAK9867523.1	KAK9845132.1
OG0002748	KAK9862657.1, KAK9868862.1	KAK9826994.1
OG0002749	KAK9862659.1, KAK9868871.1	KAK9826983.1
OG0002750	KAK9862660.1, KAK9868865.1	KAK9826943.1
OG0002751	KAK9862672.1, KAK9862674.1	KAK9836582.1
OG0002752	KAK9862673.1, KAK9862677.1	KAK9836857.1
OG0002753	KAK9862675.1, KAK9862679.1	KAK9836510.1
OG0002754	KAK9862690.1	KAK9833073.1, KAK9833602.1
OG0002755	KAK9862725.1	KAK9826697.1, KAK9828164.1
OG0002756	KAK9862728.1, KAK9862729.1	KAK9841160.1
OG0002757	KAK9862731.1, KAK9862732.1	KAK9841595.1
OG0002758	KAK9862751.1, KAK9868184.1	KAK9825007.1
OG0002759	KAK9862760.1, KAK9863313.1	KAK9833792.1
OG0002760	KAK9862763.1, KAK9863308.1	KAK9833924.1
OG0002761	KAK9862764.1, KAK9865248.1	KAK9824881.1
OG0002762	KAK9862769.1, KAK9865246.1	KAK9824909.1
OG0002763	KAK9862770.1, KAK9865253.1	KAK9824957.1
OG0002764	KAK9862778.1	KAK9818744.1, KAK9818745.1
OG0002765	KAK9862781.1	KAK9818757.1, KAK9818758.1
OG0002766	KAK9862799.1	KAK9839010.1, KAK9839011.1
OG0002767	KAK9862813.1, KAK9862814.1, KAK9866980.1	
OG0002768	KAK9862825.1, KAK9868939.1	KAK9833219.1
OG0002769	KAK9862827.1, KAK9868951.1	KAK9832962.1
OG0002770	KAK9862830.1, KAK9868948.1	KAK9833076.1
OG0002771	KAK9862841.1, KAK9862842.1	KAK9838905.1
OG0002772	KAK9862846.1	KAK9838628.1, KAK9838629.1
OG0002773	KAK9862866.1, KAK9862867.1	KAK9831234.1
OG0002774	KAK9862870.1	KAK9831139.1, KAK9831140.1
OG0002775	KAK9862889.1	KAK9821245.1, KAK9824878.1
OG0002776	KAK9862907.1, KAK9862934.1	KAK9830870.1
OG0002777	KAK9862908.1	KAK9825949.1, KAK9844618.1
OG0002778	KAK9862911.1	KAK9832408.1, KAK9840344.1
OG0002779	KAK9862914.1, KAK9862915.1	KAK9840121.1
OG0002780	KAK9862917.1, KAK9862922.1	KAK9842664.1
OG0002781	KAK9862926.1	KAK9840093.1, KAK9840094.1
OG0002782	KAK9862928.1, KAK9862929.1	KAK9840374.1
OG0002783	KAK9862935.1	KAK9821852.1, KAK9830725.1
OG0002784	KAK9862951.1, KAK9864651.1	KAK9836573.1
OG0002785	KAK9862956.1, KAK9864653.1	KAK9836489.1
OG0002786	KAK9862959.1, KAK9865593.1	KAK9830841.1
OG0002787	KAK9862961.1	KAK9830736.1, KAK9830737.1
OG0002788	KAK9862962.1, KAK9865604.1	KAK9830747.1
OG0002789	KAK9862964.1, KAK9865594.1	KAK9830790.1
OG0002790	KAK9862974.1, KAK9862975.1	KAK9839980.1
OG0002791	KAK9862977.1, KAK9862978.1	KAK9839963.1
OG0002792	KAK9862986.1, KAK9866590.1	KAK9832191.1
OG0002793	KAK9862997.1	KAK9818943.1, KAK9836584.1
OG0002794	KAK9863015.1, KAK9863016.1, KAK9865099.1	
OG0002795	KAK9863023.1, KAK9863024.1	KAK9818852.1
OG0002796	KAK9863026.1	KAK9818506.1, KAK9827539.1
OG0002797	KAK9863029.1	KAK9819014.1, KAK9819015.1
OG0002798	KAK9863036.1	KAK9827488.1, KAK9827489.1
OG0002799	KAK9863040.1, KAK9867912.1	KAK9840069.1
OG0002800	KAK9863045.1, KAK9863942.1	KAK9841387.1
OG0002801	KAK9863046.1, KAK9863943.1	KAK9841597.1
OG0002802	KAK9863049.1, KAK9863947.1	KAK9841713.1
OG0002803	KAK9863060.1, KAK9863061.1	KAK9837746.1
OG0002804	KAK9863068.1	KAK9838014.1, KAK9844599.1
OG0002805	KAK9863070.1	KAK9816272.1, KAK9816289.1
OG0002806	KAK9863076.1	KAK9816270.1, KAK9816279.1
OG0002807	KAK9863083.1, KAK9863084.1	KAK9840072.1
OG0002808	KAK9863091.1, KAK9863909.1	KAK9838892.1
OG0002809	KAK9863099.1, KAK9863100.1	KAK9831053.1
OG0002810	KAK9863101.1, KAK9863901.1	KAK9838624.1
OG0002811	KAK9863104.1, KAK9863534.1	KAK9832251.1
OG0002812	KAK9863105.1, KAK9863454.1	KAK9844580.1
OG0002813	KAK9863109.1, KAK9863531.1	KAK9832463.1
OG0002814	KAK9863115.1, KAK9863116.1	KAK9832464.1
OG0002815	KAK9863118.1, KAK9863119.1, KAK9863120.1	
OG0002816	KAK9863133.1	KAK9835479.1, KAK9835480.1
OG0002817	KAK9863150.1	KAK9827826.1, KAK9827827.1
OG0002818	KAK9863162.1, KAK9866970.1	KAK9836545.1
OG0002819	KAK9863172.1	KAK9844562.1, KAK9844563.1
OG0002820	KAK9863197.1	KAK9817481.1, KAK9817482.1
OG0002821	KAK9863204.1, KAK9863205.1	KAK9817477.1
OG0002822	KAK9863206.1, KAK9863208.1	KAK9822519.1
OG0002823	KAK9863214.1	KAK9822616.1, KAK9822617.1
OG0002824	KAK9863220.1	KAK9842937.1, KAK9842938.1
OG0002825	KAK9863221.1	KAK9831060.1, KAK9831806.1
OG0002826	KAK9863229.1	KAK9818701.1, KAK9822957.1
OG0002827	KAK9863240.1	KAK9845029.1, KAK9845030.1
OG0002828	KAK9863248.1, KAK9868937.1	KAK9832990.1
OG0002829	KAK9863249.1, KAK9868949.1	KAK9833165.1
OG0002830	KAK9863253.1, KAK9868932.1	KAK9832913.1
OG0002831	KAK9863254.1, KAK9868940.1	KAK9833140.1
OG0002832	KAK9863255.1, KAK9868952.1	KAK9833020.1
OG0002833	KAK9863271.1, KAK9863272.1	KAK9839943.1
OG0002834	KAK9863295.1, KAK9866863.1	KAK9844634.1
OG0002835	KAK9863304.1, KAK9866638.1	KAK9831715.1
OG0002836	KAK9863306.1, KAK9864438.1	KAK9831816.1
OG0002837	KAK9863323.1, KAK9868044.1	KAK9819203.1
OG0002838	KAK9863326.1	KAK9838647.1, KAK9844578.1
OG0002839	KAK9863328.1	KAK9827853.1, KAK9836498.1
OG0002840	KAK9863330.1, KAK9867948.1	KAK9836438.1
OG0002841	KAK9863331.1, KAK9867970.1	KAK9836778.1
OG0002842	KAK9863332.1, KAK9867964.1	KAK9836794.1
OG0002843	KAK9863333.1, KAK9867962.1	KAK9836716.1
OG0002844	KAK9863334.1, KAK9867955.1	KAK9836493.1
OG0002845	KAK9863335.1, KAK9867960.1	KAK9836609.1
OG0002846	KAK9863339.1	KAK9835858.1, KAK9835859.1
OG0002847	KAK9863346.1, KAK9866840.1	KAK9830653.1
OG0002848	KAK9863349.1, KAK9866853.1	KAK9830781.1
OG0002849	KAK9863353.1	KAK9817426.1, KAK9825333.1
OG0002850	KAK9863359.1	KAK9840005.1, KAK9840006.1
OG0002851	KAK9863372.1, KAK9866164.1	KAK9842811.1
OG0002852	KAK9863373.1, KAK9863476.1	KAK9818522.1
OG0002853	KAK9863375.1, KAK9864375.1	KAK9839126.1
OG0002854	KAK9863379.1, KAK9864380.1	KAK9838765.1
OG0002855	KAK9863382.1, KAK9863383.1	KAK9838722.1
OG0002856	KAK9863397.1, KAK9864349.1	KAK9837691.1
OG0002857	KAK9863400.1	KAK9821379.1, KAK9837693.1
OG0002858	KAK9863417.1	KAK9822906.1, KAK9830672.1
OG0002859	KAK9863432.1	KAK9824792.1, KAK9824793.1
OG0002860	KAK9863439.1, KAK9863440.1	KAK9839136.1
OG0002861	KAK9863444.1, KAK9863445.1	KAK9843280.1
OG0002862	KAK9863447.1	KAK9842690.1, KAK9843201.1
OG0002863	KAK9863451.1, KAK9865915.1	KAK9818875.1
OG0002864	KAK9863457.1, KAK9865832.1	KAK9844292.1
OG0002865	KAK9863458.1, KAK9865834.1	KAK9844713.1
OG0002866	KAK9863459.1, KAK9866541.1	KAK9844503.1
OG0002867	KAK9863462.1, KAK9866097.1	KAK9838682.1
OG0002868	KAK9863467.1, KAK9863468.1, KAK9863469.1	
OG0002869	KAK9863478.1	KAK9833784.1, KAK9841425.1
OG0002870	KAK9863481.1	KAK9820787.1, KAK9841219.1
OG0002871	KAK9863484.1	KAK9841271.1, KAK9843185.1
OG0002872	KAK9863487.1, KAK9863488.1	KAK9837889.1
OG0002873	KAK9863492.1	KAK9827867.1, KAK9837672.1
OG0002874	KAK9863526.1, KAK9867874.1	KAK9834395.1
OG0002875	KAK9863532.1	KAK9832135.1, KAK9832366.1
OG0002876	KAK9863554.1, KAK9863555.1	KAK9821619.1
OG0002877	KAK9863558.1, KAK9863559.1	KAK9821649.1
OG0002878	KAK9863561.1, KAK9863562.1	KAK9832286.1
OG0002879	KAK9863569.1, KAK9864417.1	KAK9843184.1
OG0002880	KAK9863586.1, KAK9863808.1	KAK9843347.1
OG0002881	KAK9863589.1, KAK9863814.1	KAK9843342.1
OG0002882	KAK9863602.1, KAK9863603.1	KAK9815969.1
OG0002883	KAK9863636.1, KAK9865454.1	KAK9836776.1
OG0002884	KAK9863659.1, KAK9865459.1	KAK9822269.1
OG0002885	KAK9863662.1	KAK9822090.1, KAK9822091.1
OG0002886	KAK9863663.1, KAK9865302.1	KAK9822128.1
OG0002887	KAK9863664.1	KAK9822150.1, KAK9822151.1
OG0002888	KAK9863668.1, KAK9865303.1	KAK9822026.1
OG0002889	KAK9863671.1, KAK9865311.1	KAK9822133.1
OG0002890	KAK9863674.1, KAK9865293.1	KAK9822048.1
OG0002891	KAK9863682.1, KAK9867284.1	KAK9842800.1
OG0002892	KAK9863686.1	KAK9843019.1, KAK9843020.1
OG0002893	KAK9863692.1	KAK9825992.1, KAK9825993.1
OG0002894	KAK9863693.1	KAK9818709.1, KAK9825936.1
OG0002895	KAK9863705.1, KAK9863706.1	KAK9833900.1
OG0002896	KAK9863708.1	KAK9833700.1, KAK9833701.1
OG0002897	KAK9863711.1, KAK9863715.1	KAK9831279.1
OG0002898	KAK9863717.1, KAK9868600.1	KAK9831286.1
OG0002899	KAK9863738.1, KAK9863739.1, KAK9863740.1	
OG0002900	KAK9863741.1	KAK9833832.1, KAK9833833.1
OG0002901	KAK9863753.1, KAK9864369.1	KAK9830761.1
OG0002902	KAK9863755.1, KAK9864372.1	KAK9830728.1
OG0002903	KAK9863756.1, KAK9864370.1	KAK9830662.1
OG0002904	KAK9863764.1	KAK9818659.1, KAK9818660.1
OG0002905	KAK9863778.1, KAK9863779.1	KAK9827162.1
OG0002906	KAK9863788.1, KAK9866573.1	KAK9835467.1
OG0002907	KAK9863796.1, KAK9867093.1	KAK9828351.1
OG0002908	KAK9863798.1	KAK9828311.1, KAK9828312.1
OG0002909	KAK9863805.1	KAK9817386.1, KAK9841344.1
OG0002910	KAK9863810.1, KAK9866267.1	KAK9842826.1
OG0002911	KAK9863817.1, KAK9866260.1	KAK9843272.1
OG0002912	KAK9863820.1, KAK9866265.1	KAK9843363.1
OG0002913	KAK9863822.1, KAK9863823.1	KAK9826958.1
OG0002914	KAK9863825.1, KAK9863875.1, KAK9863876.1	
OG0002915	KAK9863831.1, KAK9865539.1	KAK9840011.1
OG0002916	KAK9863834.1, KAK9863835.1	KAK9840015.1
OG0002917	KAK9863837.1, KAK9865537.1	KAK9840284.1
OG0002918	KAK9863859.1, KAK9866873.1	KAK9837868.1
OG0002919	KAK9863885.1, KAK9867456.1	KAK9827073.1
OG0002920	KAK9863889.1	KAK9827051.1, KAK9827052.1
OG0002921	KAK9863891.1, KAK9867453.1	KAK9827136.1
OG0002922	KAK9863896.1	KAK9822326.1, KAK9827788.1
OG0002923	KAK9863898.1	KAK9826031.1, KAK9827807.1
OG0002924	KAK9863916.1	KAK9822539.1, KAK9831817.1
OG0002925	KAK9863925.1, KAK9865187.1	KAK9821046.1
OG0002926	KAK9863948.1, KAK9865115.1	KAK9840169.1
OG0002927	KAK9863954.1, KAK9868799.1, KAK9868800.1	
OG0002928	KAK9863955.1, KAK9866450.1	KAK9822883.1
OG0002929	KAK9863956.1, KAK9866451.1	KAK9822946.1
OG0002930	KAK9863959.1	KAK9843222.1, KAK9843223.1
OG0002931	KAK9863972.1, KAK9865494.1	KAK9821162.1
OG0002932	KAK9864004.1, KAK9865394.1	KAK9832278.1
OG0002933	KAK9864026.1, KAK9865761.1	KAK9826216.1
OG0002934	KAK9864036.1, KAK9866115.1	KAK9842684.1
OG0002935	KAK9864039.1, KAK9866114.1	KAK9842873.1
OG0002936	KAK9864041.1	KAK9844686.1, KAK9844687.1
OG0002937	KAK9864093.1	KAK9844803.1, KAK9844804.1
OG0002938	KAK9864095.1, KAK9864096.1	KAK9816232.1
OG0002939	KAK9864101.1, KAK9866067.1	KAK9825265.1
OG0002940	KAK9864105.1, KAK9866061.1	KAK9825343.1
OG0002941	KAK9864116.1	KAK9827085.1, KAK9831084.1
OG0002942	KAK9864118.1	KAK9827114.1, KAK9831243.1
OG0002943	KAK9864123.1, KAK9868667.1	KAK9842968.1
OG0002944	KAK9864124.1, KAK9868659.1	KAK9843028.1
OG0002945	KAK9864125.1, KAK9868654.1	KAK9843297.1
OG0002946	KAK9864126.1, KAK9868665.1	KAK9842904.1
OG0002947	KAK9864130.1, KAK9866533.1	KAK9825517.1
OG0002948	KAK9864146.1	KAK9821511.1, KAK9832387.1
OG0002949	KAK9864147.1	KAK9831171.1, KAK9840141.1
OG0002950	KAK9864148.1, KAK9867111.1	KAK9840195.1
OG0002951	KAK9864150.1, KAK9867103.1	KAK9840383.1
OG0002952	KAK9864158.1, KAK9866747.1	KAK9831233.1
OG0002953	KAK9864160.1, KAK9866753.1	KAK9831058.1
OG0002954	KAK9864161.1, KAK9866745.1	KAK9831219.1
OG0002955	KAK9864162.1, KAK9866755.1	KAK9831090.1
OG0002956	KAK9864179.1, KAK9864183.1, KAK9864488.1	
OG0002957	KAK9864186.1	KAK9831804.1, KAK9831805.1
OG0002958	KAK9864188.1, KAK9864189.1	KAK9841702.1
OG0002959	KAK9864197.1, KAK9864198.1	KAK9841193.1
OG0002960	KAK9864205.1, KAK9864206.1	KAK9826026.1
OG0002961	KAK9864209.1, KAK9867476.1	KAK9820700.1
OG0002962	KAK9864223.1	KAK9835693.1, KAK9835694.1
OG0002963	KAK9864243.1, KAK9864244.1	KAK9833705.1
OG0002964	KAK9864250.1, KAK9865882.1	KAK9836713.1
OG0002965	KAK9864309.1, KAK9867423.1	KAK9822104.1
OG0002966	KAK9864317.1, KAK9867415.1	KAK9822009.1
OG0002967	KAK9864318.1, KAK9867429.1	KAK9822049.1
OG0002968	KAK9864320.1, KAK9867426.1	KAK9822007.1
OG0002969	KAK9864324.1	KAK9826707.1, KAK9826708.1
OG0002970	KAK9864332.1, KAK9865360.1	KAK9818460.1
OG0002971	KAK9864348.1	KAK9837928.1, KAK9837929.1
OG0002972	KAK9864353.1	KAK9837852.1, KAK9837853.1
OG0002973	KAK9864362.1, KAK9864363.1	KAK9821693.1
OG0002974	KAK9864377.1, KAK9864378.1	KAK9838982.1
OG0002975	KAK9864395.1	KAK9836632.1, KAK9836633.1
OG0002976	KAK9864414.1, KAK9864486.1, KAK9864487.1	
OG0002977	KAK9864440.1, KAK9866522.1	KAK9834736.1
OG0002978	KAK9864443.1, KAK9864444.1	KAK9839175.1
OG0002979	KAK9864445.1, KAK9864446.1	KAK9838758.1
OG0002980	KAK9864449.1, KAK9864450.1	KAK9838987.1
OG0002981	KAK9864451.1	KAK9824761.1, KAK9839056.1
OG0002982	KAK9864454.1	KAK9844941.1, KAK9844942.1
OG0002983	KAK9864462.1, KAK9864463.1	KAK9821406.1
OG0002984	KAK9864470.1, KAK9865497.1	KAK9830730.1
OG0002985	KAK9864471.1, KAK9865504.1	KAK9830644.1
OG0002986	KAK9864476.1, KAK9864477.1	KAK9844939.1
OG0002987	KAK9864481.1	KAK9843360.1, KAK9844523.1
OG0002988	KAK9864491.1	KAK9819294.1, KAK9831204.1
OG0002989	KAK9864506.1, KAK9868639.1	KAK9819299.1
OG0002990	KAK9864509.1, KAK9864510.1	KAK9839941.1
OG0002991	KAK9864517.1	KAK9833197.1, KAK9836553.1
OG0002992	KAK9864520.1, KAK9865722.1	KAK9833173.1
OG0002993	KAK9864523.1, KAK9865726.1	KAK9832930.1
OG0002994	KAK9864552.1, KAK9864553.1, KAK9864554.1	
OG0002995	KAK9864565.1, KAK9864566.1	KAK9821475.1
OG0002996	KAK9864589.1	KAK9825614.1, KAK9825615.1
OG0002997	KAK9864592.1, KAK9865287.1	KAK9826071.1
OG0002998	KAK9864593.1	KAK9825982.1, KAK9825983.1
OG0002999	KAK9864602.1, KAK9867347.1	KAK9826577.1
OG0003000	KAK9864604.1, KAK9867349.1	KAK9826641.1
OG0003001	KAK9864605.1	KAK9826651.1, KAK9826652.1
OG0003002	KAK9864611.1, KAK9865224.1	KAK9836791.1
OG0003003	KAK9864618.1	KAK9820743.1, KAK9821376.1
OG0003004	KAK9864631.1, KAK9864632.1, KAK9864633.1	
OG0003005	KAK9864643.1, KAK9864644.1	KAK9818768.1
OG0003006	KAK9864655.1, KAK9864660.1, KAK9864662.1	
OG0003007	KAK9864657.1, KAK9866405.1	KAK9819145.1
OG0003008	KAK9864664.1, KAK9866413.1	KAK9819105.1
OG0003009	KAK9864665.1	KAK9837833.1, KAK9837834.1
OG0003010	KAK9864666.1	KAK9838022.1, KAK9838023.1
OG0003011	KAK9864686.1, KAK9865476.1	KAK9826535.1
OG0003012	KAK9864691.1, KAK9865470.1	KAK9826582.1
OG0003013	KAK9864692.1, KAK9865474.1	KAK9826700.1
OG0003014	KAK9864699.1	KAK9821196.1, KAK9833071.1
OG0003015	KAK9864703.1	KAK9816303.1, KAK9821175.1
OG0003016	KAK9864709.1, KAK9865342.1	KAK9827027.1
OG0003017	KAK9864711.1, KAK9865345.1	KAK9827078.1
OG0003018	KAK9864712.1, KAK9865349.1	KAK9827159.1
OG0003019	KAK9864718.1, KAK9865341.1	KAK9827079.1
OG0003020	KAK9864725.1, KAK9864726.1	KAK9843366.1
OG0003021	KAK9864737.1, KAK9864738.1, KAK9864739.1	
OG0003022	KAK9864753.1, KAK9868614.1	KAK9816268.1
OG0003023	KAK9864754.1, KAK9867185.1	KAK9816255.1
OG0003024	KAK9864758.1, KAK9868609.1	KAK9816259.1
OG0003025	KAK9864759.1, KAK9868606.1	KAK9816047.1
OG0003026	KAK9864769.1	KAK9834466.1, KAK9834467.1
OG0003027	KAK9864770.1	KAK9815968.1, KAK9834723.1
OG0003028	KAK9864776.1, KAK9867915.1	KAK9840253.1
OG0003029	KAK9864784.1, KAK9867916.1	KAK9839984.1
OG0003030	KAK9864785.1	KAK9840419.1, KAK9841492.1
OG0003031	KAK9864790.1	KAK9840041.1, KAK9840216.1
OG0003032	KAK9864795.1	KAK9831787.1, KAK9831788.1
OG0003033	KAK9864797.1, KAK9864798.1	KAK9831687.1
OG0003034	KAK9864804.1, KAK9867086.1	KAK9844502.1
OG0003035	KAK9864808.1, KAK9867078.1	KAK9845010.1
OG0003036	KAK9864810.1, KAK9866486.1	KAK9845092.1
OG0003037	KAK9864821.1, KAK9865988.1	KAK9826239.1
OG0003038	KAK9864832.1	KAK9844715.1, KAK9844716.1
OG0003039	KAK9864844.1, KAK9864857.1	KAK9817478.1
OG0003040	KAK9864847.1	KAK9821211.1, KAK9841273.1
OG0003041	KAK9864871.1	KAK9825612.1, KAK9825613.1
OG0003042	KAK9864872.1, KAK9867337.1, KAK9867908.1	
OG0003043	KAK9864882.1, KAK9868296.1	KAK9841466.1
OG0003044	KAK9864889.1, KAK9868289.1	KAK9841718.1
OG0003045	KAK9864902.1, KAK9864903.1	KAK9843094.1
OG0003046	KAK9864908.1, KAK9864909.1	KAK9833119.1
OG0003047	KAK9864916.1	KAK9822109.1, KAK9833162.1
OG0003048	KAK9864921.1, KAK9864922.1	KAK9832971.1
OG0003049	KAK9864929.1	KAK9818752.1, KAK9818753.1
OG0003050	KAK9864940.1, KAK9864941.1	KAK9835455.1
OG0003051	KAK9864944.1	KAK9835558.1, KAK9835559.1
OG0003052	KAK9864946.1, KAK9865028.1	KAK9835506.1
OG0003053	KAK9864954.1, KAK9867515.1	KAK9837807.1
OG0003054	KAK9864958.1, KAK9864959.1	KAK9837714.1
OG0003055	KAK9864976.1	KAK9816305.1, KAK9816306.1
OG0003056	KAK9864980.1, KAK9866077.1	KAK9816309.1
OG0003057	KAK9864983.1	KAK9821252.1, KAK9821253.1
OG0003058	KAK9864991.1, KAK9864995.1	KAK9837652.1
OG0003059	KAK9865007.1, KAK9865008.1	KAK9834373.1
OG0003060	KAK9865032.1, KAK9865085.1	KAK9844850.1
OG0003061	KAK9865037.1, KAK9867920.1	KAK9840320.1
OG0003062	KAK9865041.1, KAK9867914.1	KAK9840189.1
OG0003063	KAK9865059.1	KAK9831014.1, KAK9839009.1
OG0003064	KAK9865070.1	KAK9834546.1, KAK9834547.1
OG0003065	KAK9865083.1, KAK9865084.1	KAK9845060.1
OG0003066	KAK9865094.1, KAK9865095.1	KAK9817327.1
OG0003067	KAK9865101.1, KAK9865298.1	KAK9822124.1
OG0003068	KAK9865108.1, KAK9866445.1	KAK9840254.1
OG0003069	KAK9865121.1	KAK9832381.1, KAK9833943.1
OG0003070	KAK9865131.1, KAK9867070.1	KAK9844724.1
OG0003071	KAK9865132.1, KAK9867076.1	KAK9844378.1
OG0003072	KAK9865134.1, KAK9867083.1	KAK9844526.1
OG0003073	KAK9865136.1, KAK9865137.1	KAK9834653.1
OG0003074	KAK9865139.1	KAK9834671.1, KAK9834672.1
OG0003075	KAK9865147.1, KAK9866139.1	KAK9844324.1
OG0003076	KAK9865154.1, KAK9865155.1	KAK9832445.1
OG0003077	KAK9865156.1	KAK9832302.1, KAK9832303.1
OG0003078	KAK9865167.1, KAK9865168.1	KAK9837671.1
OG0003079	KAK9865169.1, KAK9865170.1	KAK9839114.1
OG0003080	KAK9865173.1, KAK9868490.1	KAK9838015.1
OG0003081	KAK9865174.1	KAK9818941.1, KAK9830796.1
OG0003082	KAK9865177.1	KAK9820929.1, KAK9825723.1
OG0003083	KAK9865181.1, KAK9865378.1	KAK9832351.1
OG0003084	KAK9865184.1, KAK9865372.1	KAK9832137.1
OG0003085	KAK9865196.1, KAK9865197.1	KAK9821074.1
OG0003086	KAK9865198.1, KAK9865199.1	KAK9821015.1
OG0003087	KAK9865206.1	KAK9843121.1, KAK9843122.1
OG0003088	KAK9865209.1	KAK9842795.1, KAK9842796.1
OG0003089	KAK9865211.1, KAK9867371.1	KAK9817559.1
OG0003090	KAK9865217.1	KAK9836546.1, KAK9836547.1
OG0003091	KAK9865230.1	KAK9831099.1, KAK9831100.1
OG0003092	KAK9865258.1	KAK9844364.1, KAK9844365.1
OG0003093	KAK9865290.1	KAK9822068.1, KAK9822069.1
OG0003094	KAK9865294.1, KAK9865295.1	KAK9822120.1
OG0003095	KAK9865297.1, KAK9867422.1	KAK9822129.1
OG0003096	KAK9865320.1, KAK9865321.1	KAK9834411.1
OG0003097	KAK9865330.1, KAK9865333.1	KAK9838709.1
OG0003098	KAK9865357.1, KAK9867193.1	KAK9818484.1
OG0003099	KAK9865365.1, KAK9868723.1	KAK9835891.1
OG0003100	KAK9865366.1	KAK9826264.1, KAK9830788.1
OG0003101	KAK9865373.1, KAK9865418.1	KAK9825776.1
OG0003102	KAK9865374.1	KAK9825729.1, KAK9825730.1
OG0003103	KAK9865384.1	KAK9835679.1, KAK9835680.1
OG0003104	KAK9865392.1	KAK9832405.1, KAK9832406.1
OG0003105	KAK9865401.1	KAK9838991.1, KAK9839073.1
OG0003106	KAK9865402.1, KAK9865403.1	KAK9838625.1
OG0003107	KAK9865406.1	KAK9821166.1, KAK9821680.1
OG0003108	KAK9865413.1	KAK9821203.1, KAK9821204.1
OG0003109	KAK9865427.1	KAK9818583.1, KAK9818806.1
OG0003110	KAK9865431.1, KAK9865432.1	KAK9820827.1
OG0003111	KAK9865433.1, KAK9865434.1	KAK9840179.1
OG0003112	KAK9865442.1	KAK9844664.1, KAK9844665.1
OG0003113	KAK9865443.1, KAK9865797.1	KAK9844460.1
OG0003114	KAK9865446.1	KAK9835862.1, KAK9844663.1
OG0003115	KAK9865447.1, KAK9868368.1	KAK9844424.1
OG0003116	KAK9865461.1, KAK9865462.1	KAK9836610.1
OG0003117	KAK9865464.1	KAK9826687.1, KAK9826688.1
OG0003118	KAK9865480.1, KAK9868133.1	KAK9844613.1
OG0003119	KAK9865483.1, KAK9868142.1	KAK9844321.1
OG0003120	KAK9865487.1	KAK9818881.1, KAK9818882.1
OG0003121	KAK9865488.1, KAK9867205.1	KAK9821198.1
OG0003122	KAK9865493.1	KAK9821174.1, KAK9830867.1
OG0003123	KAK9865498.1, KAK9865499.1	KAK9830765.1
OG0003124	KAK9865507.1, KAK9868437.1	KAK9837788.1
OG0003125	KAK9865522.1, KAK9865679.1	KAK9844521.1
OG0003126	KAK9865530.1, KAK9866137.1	KAK9842770.1
OG0003127	KAK9865545.1	KAK9818580.1, KAK9818581.1
OG0003128	KAK9865562.1, KAK9867536.1	KAK9833961.1
OG0003129	KAK9865567.1, KAK9865568.1, KAK9865569.1	
OG0003130	KAK9865570.1, KAK9865774.1	KAK9840479.1
OG0003131	KAK9865571.1, KAK9865772.1	KAK9840377.1
OG0003132	KAK9865575.1, KAK9865576.1	KAK9840020.1
OG0003133	KAK9865578.1	KAK9835542.1, KAK9835670.1
OG0003134	KAK9865606.1, KAK9867862.1, KAK9868854.1	
OG0003135	KAK9865619.1, KAK9867550.1	KAK9821071.1
OG0003136	KAK9865622.1, KAK9865623.1	KAK9817488.1
OG0003137	KAK9865664.1	KAK9819112.1, KAK9824767.1
OG0003138	KAK9865677.1, KAK9865678.1	KAK9844392.1
OG0003139	KAK9865681.1	KAK9844631.1, KAK9844632.1
OG0003140	KAK9865684.1	KAK9832368.1, KAK9832369.1
OG0003141	KAK9865695.1, KAK9865696.1	KAK9832180.1
OG0003142	KAK9865701.1, KAK9865702.1	KAK9821822.1
OG0003143	KAK9865706.1, KAK9868699.1	KAK9841504.1
OG0003144	KAK9865707.1, KAK9868717.1	KAK9841494.1
OG0003145	KAK9865709.1, KAK9868702.1	KAK9841356.1
OG0003146	KAK9865713.1, KAK9868695.1	KAK9841601.1
OG0003147	KAK9865714.1, KAK9868712.1	KAK9841699.1
OG0003148	KAK9865715.1, KAK9865716.1	KAK9841143.1
OG0003149	KAK9865718.1, KAK9868707.1	KAK9841404.1
OG0003150	KAK9865719.1, KAK9868716.1	KAK9841233.1
OG0003151	KAK9865723.1	KAK9832873.1, KAK9838692.1
OG0003152	KAK9865729.1, KAK9867447.1	KAK9838650.1
OG0003153	KAK9865731.1, KAK9866591.1	KAK9838859.1
OG0003154	KAK9865740.1, KAK9865741.1, KAK9865742.1	
OG0003155	KAK9865769.1, KAK9867843.1	KAK9838897.1
OG0003156	KAK9865781.1	KAK9821365.1, KAK9831211.1
OG0003157	KAK9865787.1, KAK9868395.1	KAK9844843.1
OG0003158	KAK9865795.1, KAK9865799.1, KAK9865805.1	
OG0003159	KAK9865813.1, KAK9865814.1	KAK9837946.1
OG0003160	KAK9865825.1, KAK9865826.1	KAK9844638.1
OG0003161	KAK9865864.1, KAK9868011.1	KAK9818862.1
OG0003162	KAK9865869.1, KAK9865870.1, KAK9865871.1	
OG0003163	KAK9865872.1, KAK9865873.1	KAK9818869.1
OG0003164	KAK9865879.1	KAK9828347.1, KAK9828348.1
OG0003165	KAK9865901.1	KAK9841467.1, KAK9841468.1
OG0003166	KAK9865906.1	KAK9817581.1, KAK9841162.1
OG0003167	KAK9865920.1, KAK9866090.1, KAK9866091.1	
OG0003168	KAK9865929.1	KAK9822437.1, KAK9839130.1
OG0003169	KAK9865934.1	KAK9833096.1, KAK9833097.1
OG0003170	KAK9865946.1, KAK9867810.1	KAK9826347.1
OG0003171	KAK9865947.1, KAK9867801.1	KAK9826301.1
OG0003172	KAK9865949.1, KAK9867809.1	KAK9826333.1
OG0003173	KAK9865960.1, KAK9866454.1	KAK9822892.1
OG0003174	KAK9865973.1	KAK9820738.1, KAK9820739.1
OG0003175	KAK9865974.1	KAK9819197.1, KAK9819223.1
OG0003176	KAK9866005.1	KAK9833081.1, KAK9833082.1
OG0003177	KAK9866010.1, KAK9867815.1	KAK9832882.1
OG0003178	KAK9866013.1, KAK9867313.1	KAK9824928.1
OG0003179	KAK9866017.1, KAK9867312.1	KAK9824931.1
OG0003180	KAK9866018.1, KAK9867308.1	KAK9824867.1
OG0003181	KAK9866020.1	KAK9824861.1, KAK9824958.1
OG0003182	KAK9866023.1	KAK9825071.1, KAK9825072.1
OG0003183	KAK9866034.1	KAK9839959.1, KAK9839960.1
OG0003184	KAK9866049.1, KAK9866050.1	KAK9838036.1
OG0003185	KAK9866059.1	KAK9841376.1, KAK9841377.1
OG0003186	KAK9866065.1, KAK9866066.1	KAK9825244.1
OG0003187	KAK9866068.1, KAK9866822.1	KAK9836905.1
OG0003188	KAK9866071.1, KAK9866072.1	KAK9820898.1
OG0003189	KAK9866120.1	KAK9818725.1, KAK9836497.1
OG0003190	KAK9866142.1, KAK9866143.1	KAK9844966.1
OG0003191	KAK9866174.1, KAK9868242.1	KAK9844640.1
OG0003192	KAK9866182.1	KAK9839928.1, KAK9839929.1
OG0003193	KAK9866185.1	KAK9822514.1, KAK9844463.1
OG0003194	KAK9866195.1	KAK9822596.1, KAK9844268.1
OG0003195	KAK9866200.1, KAK9866201.1	KAK9836536.1
OG0003196	KAK9866203.1, KAK9866204.1	KAK9836473.1
OG0003197	KAK9866207.1, KAK9866208.1	KAK9836705.1
OG0003198	KAK9866209.1, KAK9866210.1, KAK9866211.1	
OG0003199	KAK9866225.1	KAK9818615.1, KAK9819213.1
OG0003200	KAK9866226.1, KAK9867625.1	KAK9818653.1
OG0003201	KAK9866235.1	KAK9834714.1, KAK9834715.1
OG0003202	KAK9866237.1, KAK9867385.1	KAK9834414.1
OG0003203	KAK9866242.1, KAK9867392.1	KAK9834590.1
OG0003204	KAK9866255.1	KAK9831609.1, KAK9831610.1
OG0003205	KAK9866271.1, KAK9868678.1	KAK9842721.1
OG0003206	KAK9866287.1	KAK9819438.1, KAK9821863.1
OG0003207	KAK9866306.1, KAK9866307.1, KAK9866308.1	
OG0003208	KAK9866310.1	KAK9831256.1, KAK9834642.1
OG0003209	KAK9866318.1, KAK9866322.1	KAK9817408.1
OG0003210	KAK9866321.1, KAK9866323.1	KAK9817421.1
OG0003211	KAK9866324.1	KAK9817399.1, KAK9840158.1
OG0003212	KAK9866328.1, KAK9867608.1	KAK9842918.1
OG0003213	KAK9866331.1, KAK9866332.1	KAK9842925.1
OG0003214	KAK9866349.1	KAK9833659.1, KAK9839054.1
OG0003215	KAK9866350.1	KAK9835530.1, KAK9835531.1
OG0003216	KAK9866367.1	KAK9827864.1, KAK9833727.1
OG0003217	KAK9866373.1	KAK9844419.1, KAK9844420.1
OG0003218	KAK9866379.1, KAK9866380.1	KAK9825771.1
OG0003219	KAK9866390.1	KAK9835724.1, KAK9835725.1
OG0003220	KAK9866395.1	KAK9835632.1, KAK9835803.1
OG0003221	KAK9866396.1, KAK9866397.1	KAK9835735.1
OG0003222	KAK9866398.1	KAK9835748.1, KAK9835749.1
OG0003223	KAK9866403.1	KAK9824925.1, KAK9830833.1
OG0003224	KAK9866415.1	KAK9819096.1, KAK9819117.1
OG0003225	KAK9866435.1, KAK9866436.1	KAK9836487.1
OG0003226	KAK9866437.1	KAK9840336.1, KAK9840337.1
OG0003227	KAK9866438.1, KAK9866439.1	KAK9836604.1
OG0003228	KAK9866446.1	KAK9836701.1, KAK9836702.1
OG0003229	KAK9866471.1	KAK9836616.1, KAK9836617.1
OG0003230	KAK9866472.1	KAK9836611.1, KAK9836612.1
OG0003231	KAK9866492.1	KAK9819133.1, KAK9845008.1
OG0003232	KAK9866502.1, KAK9867006.1	KAK9837732.1
OG0003233	KAK9866508.1, KAK9866509.1	KAK9842726.1
OG0003234	KAK9866530.1, KAK9866531.1, KAK9866532.1	
OG0003235	KAK9866552.1, KAK9866553.1, KAK9866554.1	
OG0003236	KAK9866565.1, KAK9866566.1	KAK9835739.1
OG0003237	KAK9866570.1	KAK9835518.1, KAK9835519.1
OG0003238	KAK9866593.1, KAK9866594.1	KAK9839143.1
OG0003239	KAK9866597.1	KAK9839019.1, KAK9839020.1
OG0003240	KAK9866598.1	KAK9827452.1, KAK9841373.1
OG0003241	KAK9866610.1, KAK9866611.1	KAK9836556.1
OG0003242	KAK9866615.1	KAK9836832.1, KAK9836833.1
OG0003243	KAK9866626.1	KAK9835667.1, KAK9835914.1
OG0003244	KAK9866633.1	KAK9830681.1, KAK9830682.1
OG0003245	KAK9866635.1, KAK9866636.1	KAK9830732.1
OG0003246	KAK9866642.1	KAK9832459.1, KAK9840325.1
OG0003247	KAK9866645.1, KAK9866646.1	KAK9832439.1
OG0003248	KAK9866650.1	KAK9842784.1, KAK9842785.1
OG0003249	KAK9866657.1	KAK9821639.1, KAK9842787.1
OG0003250	KAK9866681.1, KAK9866682.1	KAK9833808.1
OG0003251	KAK9866683.1, KAK9866684.1	KAK9833695.1
OG0003252	KAK9866688.1, KAK9866689.1	KAK9822031.1
OG0003253	KAK9866691.1	KAK9822121.1, KAK9844293.1
OG0003254	KAK9866709.1, KAK9866710.1	KAK9840478.1
OG0003255	KAK9866729.1, KAK9866730.1	KAK9828209.1
OG0003256	KAK9866740.1	KAK9828335.1, KAK9828336.1
OG0003257	KAK9866744.1	KAK9831095.1, KAK9831096.1
OG0003258	KAK9866752.1	KAK9831033.1, KAK9831034.1
OG0003259	KAK9866770.1, KAK9866771.1	KAK9827793.1
OG0003260	KAK9866776.1	KAK9827423.1, KAK9827424.1
OG0003261	KAK9866783.1, KAK9866784.1	KAK9827409.1
OG0003262	KAK9866794.1	KAK9835892.1, KAK9835893.1
OG0003263	KAK9866799.1	KAK9819005.1, KAK9835827.1
OG0003264	KAK9866806.1	KAK9821522.1, KAK9821523.1
OG0003265	KAK9866811.1, KAK9866812.1	KAK9840215.1
OG0003266	KAK9866818.1, KAK9867918.1	KAK9840171.1
OG0003267	KAK9866827.1, KAK9867919.1	KAK9840073.1
OG0003268	KAK9866829.1, KAK9868353.1	KAK9827477.1
OG0003269	KAK9866830.1	KAK9838006.1, KAK9839111.1
OG0003270	KAK9866858.1	KAK9835718.1, KAK9844795.1
OG0003271	KAK9866889.1, KAK9866890.1	KAK9831734.1
OG0003272	KAK9866925.1	KAK9817470.1, KAK9818572.1
OG0003273	KAK9866948.1	KAK9825608.1, KAK9825609.1
OG0003274	KAK9867013.1, KAK9867014.1	KAK9840241.1
OG0003275	KAK9867028.1	KAK9822733.1, KAK9828334.1
OG0003276	KAK9867030.1	KAK9833895.1, KAK9833896.1
OG0003277	KAK9867033.1, KAK9867034.1	KAK9833601.1
OG0003278	KAK9867048.1	KAK9822775.1, KAK9822776.1
OG0003279	KAK9867051.1, KAK9867052.1	KAK9822757.1
OG0003280	KAK9867060.1, KAK9867061.1	KAK9816374.1
OG0003281	KAK9867073.1, KAK9867074.1	KAK9844899.1
OG0003282	KAK9867087.1, KAK9867088.1	KAK9826294.1
OG0003283	KAK9867105.1	KAK9843132.1, KAK9843133.1
OG0003284	KAK9867141.1	KAK9816393.1, KAK9821667.1
OG0003285	KAK9867160.1	KAK9825746.1, KAK9825747.1
OG0003286	KAK9867176.1	KAK9820930.1, KAK9842859.1
OG0003287	KAK9867206.1, KAK9867207.1	KAK9844620.1
OG0003288	KAK9867208.1	KAK9833861.1, KAK9833862.1
OG0003289	KAK9867220.1, KAK9867631.1	KAK9842691.1
OG0003290	KAK9867222.1, KAK9867626.1	KAK9842892.1
OG0003291	KAK9867226.1, KAK9868658.1	KAK9837835.1
OG0003292	KAK9867227.1, KAK9868662.1	KAK9837962.1
OG0003293	KAK9867230.1, KAK9868540.1	KAK9825743.1
OG0003294	KAK9867231.1, KAK9868655.1	KAK9837675.1
OG0003295	KAK9867234.1, KAK9868657.1	KAK9837880.1
OG0003296	KAK9867235.1	KAK9837706.1, KAK9844574.1
OG0003297	KAK9867236.1, KAK9868661.1	KAK9837602.1
OG0003298	KAK9867249.1	KAK9825210.1, KAK9830797.1
OG0003299	KAK9867262.1, KAK9867263.1	KAK9827912.1
OG0003300	KAK9867272.1	KAK9827887.1, KAK9827890.1
OG0003301	KAK9867294.1, KAK9867295.1	KAK9822038.1
OG0003302	KAK9867298.1	KAK9825241.1, KAK9825242.1
OG0003303	KAK9867305.1, KAK9867306.1	KAK9824950.1
OG0003304	KAK9867311.1	KAK9824886.1, KAK9841158.1
OG0003305	KAK9867327.1	KAK9842732.1, KAK9842733.1
OG0003306	KAK9867328.1, KAK9868686.1	KAK9843165.1
OG0003307	KAK9867338.1, KAK9867339.1	KAK9818861.1
OG0003308	KAK9867340.1, KAK9867341.1	KAK9826706.1
OG0003309	KAK9867343.1, KAK9867344.1	KAK9818866.1
OG0003310	KAK9867384.1, KAK9868271.1	KAK9818483.1
OG0003311	KAK9867421.1	KAK9822042.1, KAK9822043.1
OG0003312	KAK9867435.1, KAK9867436.1, KAK9867437.1	
OG0003313	KAK9867442.1, KAK9867443.1	KAK9834787.1
OG0003314	KAK9867450.1, KAK9867451.1	KAK9827094.1
OG0003315	KAK9867461.1	KAK9820666.1, KAK9841313.1
OG0003316	KAK9867483.1, KAK9868369.1	KAK9845072.1
OG0003317	KAK9867489.1, KAK9867490.1	KAK9844559.1
OG0003318	KAK9867495.1	KAK9834627.1, KAK9834628.1
OG0003319	KAK9867497.1, KAK9867498.1	KAK9834675.1
OG0003320	KAK9867502.1	KAK9834764.1, KAK9834765.1
OG0003321	KAK9867528.1	KAK9821638.1, KAK9832905.1
OG0003322	KAK9867530.1	KAK9833655.1, KAK9833656.1
OG0003323	KAK9867539.1	KAK9843371.1, KAK9843372.1
OG0003324	KAK9867542.1	KAK9842651.1, KAK9843368.1
OG0003325	KAK9867543.1	KAK9842953.1, KAK9842954.1
OG0003326	KAK9867558.1	KAK9815984.1, KAK9821009.1
OG0003327	KAK9867562.1	KAK9833599.1, KAK9833600.1
OG0003328	KAK9867573.1	KAK9833823.1, KAK9833824.1
OG0003329	KAK9867586.1, KAK9867587.1	KAK9822012.1
OG0003330	KAK9867598.1	KAK9838687.1, KAK9838745.1
OG0003331	KAK9867613.1, KAK9868143.1	KAK9843043.1
OG0003332	KAK9867616.1, KAK9868145.1	KAK9842802.1
OG0003333	KAK9867620.1, KAK9868134.1	KAK9843092.1
OG0003334	KAK9867621.1, KAK9868135.1	KAK9842672.1
OG0003335	KAK9867628.1, KAK9867629.1	KAK9843287.1
OG0003336	KAK9867630.1	KAK9818620.1, KAK9818621.1
OG0003337	KAK9867651.1, KAK9867652.1	KAK9818558.1
OG0003338	KAK9867653.1, KAK9867654.1	KAK9818544.1
OG0003339	KAK9867682.1, KAK9868919.1	KAK9841229.1
OG0003340	KAK9867683.1, KAK9868922.1	KAK9841322.1
OG0003341	KAK9867689.1, KAK9868904.1	KAK9841283.1
OG0003342	KAK9867693.1, KAK9867694.1	KAK9841526.1
OG0003343	KAK9867699.1	KAK9841685.1, KAK9844695.1
OG0003344	KAK9867701.1, KAK9868907.1	KAK9841620.1
OG0003345	KAK9867707.1	KAK9840287.1, KAK9840288.1
OG0003346	KAK9867716.1	KAK9826987.1, KAK9841214.1
OG0003347	KAK9867718.1, KAK9868673.1	KAK9843358.1
OG0003348	KAK9867721.1, KAK9868676.1	KAK9843082.1
OG0003349	KAK9867723.1	KAK9843242.1, KAK9843243.1
OG0003350	KAK9867724.1, KAK9868669.1	KAK9842653.1
OG0003351	KAK9867728.1, KAK9868683.1	KAK9843056.1
OG0003352	KAK9867731.1, KAK9868689.1	KAK9842706.1
OG0003353	KAK9867734.1	KAK9833050.1, KAK9833051.1
OG0003354	KAK9867737.1, KAK9867738.1	KAK9833049.1
OG0003355	KAK9867741.1	KAK9833157.1, KAK9833158.1
OG0003356	KAK9867756.1	KAK9837684.1, KAK9837940.1
OG0003357	KAK9867773.1	KAK9835794.1, KAK9835795.1
OG0003358	KAK9867779.1, KAK9867780.1	KAK9835613.1
OG0003359	KAK9867786.1	KAK9822921.1, KAK9841422.1
OG0003360	KAK9867795.1	KAK9841130.1, KAK9841602.1
OG0003361	KAK9867812.1, KAK9867813.1	KAK9832902.1
OG0003362	KAK9867824.1	KAK9831289.1, KAK9833129.1
OG0003363	KAK9867840.1	KAK9826324.1, KAK9838773.1
OG0003364	KAK9867864.1, KAK9867865.1	KAK9821195.1
OG0003365	KAK9867880.1, KAK9868264.1	KAK9827220.1
OG0003366	KAK9867884.1	KAK9815974.1, KAK9836461.1
OG0003367	KAK9867889.1, KAK9867890.1	KAK9836495.1
OG0003368	KAK9867896.1	KAK9836761.1, KAK9836762.1
OG0003369	KAK9867897.1, KAK9867898.1	KAK9836488.1
OG0003370	KAK9867899.1	KAK9836685.1, KAK9836686.1
OG0003371	KAK9867902.1, KAK9867903.1	KAK9836898.1
OG0003372	KAK9867907.1	KAK9836734.1, KAK9836735.1
OG0003373	KAK9867924.1	KAK9840263.1, KAK9840264.1
OG0003374	KAK9867929.1	KAK9845066.1, KAK9845067.1
OG0003375	KAK9867932.1	KAK9825065.1, KAK9842652.1
OG0003376	KAK9867937.1, KAK9867938.1	KAK9818724.1
OG0003377	KAK9867947.1	KAK9818759.1, KAK9818760.1
OG0003378	KAK9868017.1, KAK9868018.1	KAK9837953.1
OG0003379	KAK9868040.1	KAK9831110.1, KAK9832452.1
OG0003380	KAK9868041.1, KAK9868042.1	KAK9832252.1
OG0003381	KAK9868048.1, KAK9868049.1	KAK9841630.1
OG0003382	KAK9868051.1	KAK9841478.1, KAK9841479.1
OG0003383	KAK9868057.1	KAK9838849.1, KAK9841616.1
OG0003384	KAK9868072.1	KAK9825788.1, KAK9835758.1
OG0003385	KAK9868077.1	KAK9835874.1, KAK9835875.1
OG0003386	KAK9868082.1	KAK9820665.1, KAK9820690.1
OG0003387	KAK9868088.1	KAK9815992.1, KAK9820662.1
OG0003388	KAK9868093.1	KAK9820679.1, KAK9833702.1
OG0003389	KAK9868112.1, KAK9868113.1	KAK9816067.1
OG0003390	KAK9868120.1	KAK9818490.1, KAK9818491.1
OG0003391	KAK9868123.1, KAK9868124.1	KAK9836747.1
OG0003392	KAK9868140.1	KAK9843153.1, KAK9843154.1
OG0003393	KAK9868151.1, KAK9868152.1	KAK9842716.1
OG0003394	KAK9868155.1	KAK9828193.1, KAK9833790.1
OG0003395	KAK9868159.1	KAK9821519.1, KAK9828183.1
OG0003396	KAK9868163.1	KAK9828356.1, KAK9828357.1
OG0003397	KAK9868174.1	KAK9828205.1, KAK9828206.1
OG0003398	KAK9868183.1	KAK9844343.1, KAK9844344.1
OG0003399	KAK9868192.1, KAK9868193.1	KAK9833872.1
OG0003400	KAK9868199.1	KAK9833931.1, KAK9833932.1
OG0003401	KAK9868210.1	KAK9833710.1, KAK9833711.1
OG0003402	KAK9868213.1, KAK9868214.1	KAK9833762.1
OG0003403	KAK9868227.1	KAK9838666.1, KAK9838667.1
OG0003404	KAK9868231.1	KAK9833121.1, KAK9833122.1
OG0003405	KAK9868258.1	KAK9825258.1, KAK9825259.1
OG0003406	KAK9868269.1, KAK9868270.1	KAK9825296.1
OG0003407	KAK9868277.1, KAK9868924.1	KAK9841154.1
OG0003408	KAK9868278.1, KAK9868279.1, KAK9868280.1	
OG0003409	KAK9868284.1, KAK9868921.1	KAK9841690.1
OG0003410	KAK9868286.1, KAK9868906.1	KAK9841277.1
OG0003411	KAK9868287.1, KAK9868908.1	KAK9841665.1
OG0003412	KAK9868300.1, KAK9868905.1	KAK9841694.1
OG0003413	KAK9868322.1	KAK9825998.1, KAK9831239.1
OG0003414	KAK9868323.1, KAK9868324.1	KAK9844515.1
OG0003415	KAK9868325.1	KAK9822799.1, KAK9845023.1
OG0003416	KAK9868330.1, KAK9868331.1	KAK9844500.1
OG0003417	KAK9868340.1	KAK9835629.1, KAK9844723.1
OG0003418	KAK9868341.1	KAK9832350.1, KAK9844742.1
OG0003419	KAK9868354.1	KAK9838790.1, KAK9839132.1
OG0003420	KAK9868379.1, KAK9868380.1	KAK9830779.1
OG0003421	KAK9868413.1, KAK9868414.1	KAK9833118.1
OG0003422	KAK9868416.1, KAK9868417.1, KAK9868418.1	
OG0003423	KAK9868421.1	KAK9833124.1, KAK9844755.1
OG0003424	KAK9868422.1	KAK9832914.1, KAK9832915.1
OG0003425	KAK9868429.1	KAK9834452.1, KAK9834453.1
OG0003426	KAK9868436.1	KAK9834654.1, KAK9834655.1
OG0003427	KAK9868456.1, KAK9868789.1	KAK9822975.1
OG0003428	KAK9868475.1, KAK9868476.1	KAK9832428.1
OG0003429	KAK9868477.1, KAK9868478.1	KAK9825055.1
OG0003430	KAK9868496.1, KAK9868497.1	KAK9838944.1
OG0003431	KAK9868513.1	KAK9818470.1, KAK9818471.1
OG0003432	KAK9868515.1, KAK9868621.1	KAK9844513.1
OG0003433	KAK9868529.1	KAK9818443.1, KAK9818444.1
OG0003434	KAK9868564.1, KAK9868565.1	KAK9832263.1
OG0003435	KAK9868568.1	KAK9817472.1, KAK9817473.1
OG0003436	KAK9868573.1, KAK9868574.1	KAK9839154.1
OG0003437	KAK9868589.1	KAK9822614.1, KAK9827570.1
OG0003438	KAK9868594.1, KAK9868595.1	KAK9831202.1
OG0003439	KAK9868603.1	KAK9841560.1, KAK9841561.1
OG0003440	KAK9868605.1	KAK9831231.1, KAK9832365.1
OG0003441	KAK9868610.1, KAK9868611.1	KAK9816048.1
OG0003442	KAK9868618.1	KAK9816265.1, KAK9822099.1
OG0003443	KAK9868620.1	KAK9816045.1, KAK9819442.1
OG0003444	KAK9868632.1	KAK9819341.1, KAK9819348.1
OG0003445	KAK9868637.1	KAK9815957.1, KAK9826520.1
OG0003446	KAK9868640.1	KAK9821246.1, KAK9825958.1
OG0003447	KAK9868730.1	KAK9835812.1, KAK9842649.1
OG0003448	KAK9868767.1	KAK9822289.1, KAK9834760.1
OG0003449	KAK9868770.1	KAK9835660.1, KAK9835661.1
OG0003450	KAK9868794.1, KAK9868795.1, KAK9868796.1	
OG0003451	KAK9868798.1	KAK9822917.1, KAK9822961.1
OG0003452	KAK9868802.1	KAK9828214.1, KAK9828215.1
OG0003453	KAK9868804.1, KAK9868913.1	KAK9828226.1
OG0003454	KAK9868885.1	KAK9835910.1, KAK9836757.1
OG0003455	KAK9868896.1, KAK9868897.1	KAK9831272.1
OG0003456	KAK9868911.1, KAK9868914.1	KAK9836587.1
OG0003457	KAK9868930.1, KAK9868931.1	KAK9828294.1
OG0003458	KAK9868959.1	KAK9837697.1, KAK9837773.1
OG0003459	KAK9868960.1	KAK9833178.1, KAK9833179.1
OG0003460	KAK9868962.1, KAK9868963.1	KAK9832877.1
OG0003461	KAK9868970.1, KAK9868974.1	KAK9841536.1
OG0003462	KAK9868982.1, KAK9868983.1	KAK9837927.1
OG0003463	KAK9868987.1, KAK9868988.1	KAK9837682.1
OG0003464	KAK9868995.1, KAK9868996.1	KAK9826288.1
OG0003465	KAK9869001.1	KAK9820797.1, KAK9837813.1
OG0003466	KAK9869015.1	KAK9840177.1, KAK9840178.1
OG0003467	KAK9869043.1	KAK9840458.1, KAK9840459.1
OG0003468	KAK9869078.1	KAK9818815.1, KAK9818816.1
OG0003469	KAK9869085.1	KAK9824756.1, KAK9824757.1
OG0003470	KAK9869088.1	KAK9818801.1, KAK9821057.1
OG0003471	KAK9869090.1	KAK9819012.1, KAK9819013.1
OG0003472	Null	KAK9815207.1, KAK9817323.1, KAK9817324.1
OG0003473	Null	KAK9815989.1, KAK9818651.1, KAK9836781.1
OG0003474	Null	KAK9815990.1, KAK9815991.1, KAK9843215.1
OG0003475	Null	KAK9816084.1, KAK9816164.1, KAK9827133.1
OG0003476	Null	KAK9816086.1, KAK9827118.1, KAK9827189.1
OG0003477	Null	KAK9816109.1, KAK9844374.1, KAK9845140.1
OG0003478	Null	KAK9816113.1, KAK9826977.1, KAK9827184.1
OG0003479	Null	KAK9816124.1, KAK9816139.1, KAK9827059.1
OG0003480	Null	KAK9816183.1, KAK9816184.1, KAK9816188.1
OG0003481	Null	KAK9816239.1, KAK9825561.1, KAK9825562.1
OG0003482	Null	KAK9816242.1, KAK9820809.1, KAK9821367.1
OG0003483	Null	KAK9816275.1, KAK9840360.1, KAK9844432.1
OG0003484	Null	KAK9817366.1, KAK9817367.1, KAK9831104.1
OG0003485	Null	KAK9817379.1, KAK9817380.1, KAK9817381.1
OG0003486	Null	KAK9817383.1, KAK9833798.1, KAK9833799.1
OG0003487	Null	KAK9817557.1, KAK9821525.1, KAK9821526.1
OG0003488	Null	KAK9818669.1, KAK9818670.1, KAK9818778.1
OG0003489	Null	KAK9818676.1, KAK9818677.1, KAK9818678.1
OG0003490	Null	KAK9818730.1, KAK9818732.1, KAK9819119.1
OG0003491	Null	KAK9818739.1, KAK9827753.1, KAK9836777.1
OG0003492	Null	KAK9818765.1, KAK9839091.1, KAK9839092.1
OG0003493	Null	KAK9818788.1, KAK9822415.1, KAK9834745.1
OG0003494	Null	KAK9818920.1, KAK9836682.1, KAK9836683.1
OG0003495	Null	KAK9818934.1, KAK9831205.1, KAK9831206.1
OG0003496	Null	KAK9818936.1, KAK9818937.1, KAK9818938.1
OG0003497	Null	KAK9818960.1, KAK9834538.1, KAK9844617.1
OG0003498	Null	KAK9819191.1, KAK9819226.1, KAK9819227.1
OG0003499	Null	KAK9819525.1, KAK9825309.1, KAK9834493.1
OG0003500	Null	KAK9820775.1, KAK9820789.1, KAK9820810.1
OG0003501	Null	KAK9820777.1, KAK9820778.1, KAK9838873.1
OG0003502	Null	KAK9820816.1, KAK9820817.1, KAK9841159.1
OG0003503	Null	KAK9820919.1, KAK9822528.1, KAK9838853.1
OG0003504	Null	KAK9820920.1, KAK9842686.1, KAK9843373.1
OG0003505	Null	KAK9820933.1, KAK9820934.1, KAK9822409.1
OG0003506	Null	KAK9821156.1, KAK9825248.1, KAK9825249.1
OG0003507	Null	KAK9821345.1, KAK9827765.1, KAK9827819.1
OG0003508	Null	KAK9821354.1, KAK9821363.1, KAK9821400.1
OG0003509	Null	KAK9821662.1, KAK9831124.1, KAK9842662.1
OG0003510	Null	KAK9822144.1, KAK9822145.1, KAK9836668.1
OG0003511	Null	KAK9822264.1, KAK9841135.1, KAK9844270.1
OG0003512	Null	KAK9822290.1, KAK9822291.1, KAK9822292.1
OG0003513	Null	KAK9822611.1, KAK9822612.1, KAK9822613.1
OG0003514	Null	KAK9822758.1, KAK9831732.1, KAK9831733.1
OG0003515	Null	KAK9822877.1, KAK9822878.1, KAK9822879.1
OG0003516	Null	KAK9822925.1, KAK9827916.1, KAK9827917.1
OG0003517	Null	KAK9824714.1, KAK9824735.1, KAK9824768.1
OG0003518	Null	KAK9824716.1, KAK9824717.1, KAK9827798.1
OG0003519	Null	KAK9824775.1, KAK9824778.1, KAK9824779.1
OG0003520	Null	KAK9825115.1, KAK9832993.1, KAK9832994.1
OG0003521	Null	KAK9825295.1, KAK9827472.1, KAK9832323.1
OG0003522	Null	KAK9825539.1, KAK9825540.1, KAK9841521.1
OG0003523	Null	KAK9825801.1, KAK9842654.1, KAK9843083.1
OG0003524	Null	KAK9826258.1, KAK9826259.1, KAK9826260.1
OG0003525	Null	KAK9826268.1, KAK9826287.1, KAK9826345.1
OG0003526	Null	KAK9826272.1, KAK9826273.1, KAK9826274.1
OG0003527	Null	KAK9826705.1, KAK9827456.1, KAK9843089.1
OG0003528	Null	KAK9826996.1, KAK9826997.1, KAK9826998.1
OG0003529	Null	KAK9827004.1, KAK9827135.1, KAK9844616.1
OG0003530	Null	KAK9827008.1, KAK9827009.1, KAK9827010.1
OG0003531	Null	KAK9827038.1, KAK9827109.1, KAK9831045.1
OG0003532	Null	KAK9827060.1, KAK9827233.1, KAK9831030.1
OG0003533	Null	KAK9827534.1, KAK9827535.1, KAK9827536.1
OG0003534	Null	KAK9827550.1, KAK9827551.1, KAK9827552.1
OG0003535	Null	KAK9827791.1, KAK9834532.1, KAK9836728.1
OG0003536	Null	KAK9827943.1, KAK9827944.1, KAK9827945.1
OG0003537	Null	KAK9828198.1, KAK9828248.1, KAK9828360.1
OG0003538	Null	KAK9830739.1, KAK9830868.1, KAK9830869.1
OG0003539	Null	KAK9830783.1, KAK9830784.1, KAK9830785.1
OG0003540	Null	KAK9831692.1, KAK9831766.1, KAK9841320.1
OG0003541	Null	KAK9831744.1, KAK9831745.1, KAK9831746.1
OG0003542	Null	KAK9832168.1, KAK9837820.1, KAK9838026.1
OG0003543	Null	KAK9833629.1, KAK9833630.1, KAK9833631.1
OG0003544	Null	KAK9833739.1, KAK9836654.1, KAK9836655.1
OG0003545	Null	KAK9833759.1, KAK9835520.1, KAK9835824.1
OG0003546	Null	KAK9833779.1, KAK9833780.1, KAK9833781.1
OG0003547	Null	KAK9834386.1, KAK9834583.1, KAK9834584.1
OG0003548	Null	KAK9834528.1, KAK9834788.1, KAK9834789.1
OG0003549	Null	KAK9834560.1, KAK9834561.1, KAK9834562.1
OG0003550	Null	KAK9834571.1, KAK9834572.1, KAK9834689.1
OG0003551	Null	KAK9834629.1, KAK9838702.1, KAK9839049.1
OG0003552	Null	KAK9835485.1, KAK9835486.1, KAK9835487.1
OG0003553	Null	KAK9835590.1, KAK9835591.1, KAK9835592.1
OG0003554	Null	KAK9836661.1, KAK9836662.1, KAK9836663.1
OG0003555	Null	KAK9836691.1, KAK9836894.1, KAK9836895.1
OG0003556	Null	KAK9836743.1, KAK9836744.1, KAK9836745.1
OG0003557	Null	KAK9836810.1, KAK9836811.1, KAK9836812.1
OG0003558	Null	KAK9836838.1, KAK9836839.1, KAK9836840.1
OG0003559	Null	KAK9837702.1, KAK9837703.1, KAK9837704.1
OG0003560	Null	KAK9837765.1, KAK9837766.1, KAK9837767.1
OG0003561	Null	KAK9838045.1, KAK9838046.1, KAK9838047.1
OG0003562	Null	KAK9838630.1, KAK9838992.1, KAK9839164.1
OG0003563	Null	KAK9838632.1, KAK9838703.1, KAK9838704.1
OG0003564	Null	KAK9838865.1, KAK9838936.1, KAK9839045.1
OG0003565	Null	KAK9838968.1, KAK9838969.1, KAK9838970.1
OG0003566	Null	KAK9838994.1, KAK9838995.1, KAK9839066.1
OG0003567	Null	KAK9839002.1, KAK9840068.1, KAK9840110.1
OG0003568	Null	KAK9840147.1, KAK9840148.1, KAK9840149.1
OG0003569	Null	KAK9840397.1, KAK9840398.1, KAK9840399.1
OG0003570	Null	KAK9841174.1, KAK9841175.1, KAK9841176.1
OG0003571	Null	KAK9841224.1, KAK9841225.1, KAK9841226.1
OG0003572	Null	KAK9841304.1, KAK9841520.1, KAK9841623.1
OG0003573	Null	KAK9841385.1, KAK9841531.1, KAK9841670.1
OG0003574	Null	KAK9841586.1, KAK9841587.1, KAK9842869.1
OG0003575	Null	KAK9842666.1, KAK9842667.1, KAK9842668.1
OG0003576	Null	KAK9842669.1, KAK9843344.1, KAK9843345.1
OG0003577	Null	KAK9842738.1, KAK9842739.1, KAK9842740.1
OG0003578	Null	KAK9842864.1, KAK9843084.1, KAK9843085.1
OG0003579	Null	KAK9842964.1, KAK9842965.1, KAK9842966.1
OG0003580	Null	KAK9844311.1, KAK9844800.1, KAK9844984.1
OG0003581	Null	KAK9844338.1, KAK9844339.1, KAK9844340.1
OG0003582	Null	KAK9844504.1, KAK9844505.1, KAK9844506.1
OG0003583	Null	KAK9844918.1, KAK9844919.1, KAK9844920.1
OG0003584	Null	KAK9845135.1, KAK9845136.1, KAK9845137.1
OG0003585	KAK9831551.1	KAK9827567.1
OG0003586	KAK9831832.1	KAK9821069.1
OG0003587	KAK9831913.1	KAK9831640.1
OG0003588	KAK9831914.1	KAK9836444.1
OG0003589	KAK9831915.1	KAK9818703.1
OG0003590	KAK9831918.1	KAK9831617.1
OG0003591	KAK9831924.1	KAK9843188.1
OG0003592	KAK9832013.1	KAK9821410.1
OG0003593	KAK9832014.1	KAK9831573.1
OG0003594	KAK9832018.1	KAK9844763.1
OG0003595	KAK9832019.1	KAK9816032.1
OG0003596	KAK9832022.1	KAK9816040.1
OG0003597	KAK9832025.1	KAK9844449.1
OG0003598	KAK9832026.1	KAK9816407.1
OG0003599	KAK9832027.1	KAK9816388.1
OG0003600	KAK9832029.1	KAK9839952.1
OG0003601	KAK9832117.1	KAK9831781.1
OG0003602	KAK9832118.1	KAK9831662.1
OG0003603	KAK9832124.1	KAK9824875.1
OG0003604	KAK9832558.1	KAK9843217.1
OG0003605	KAK9832560.1	KAK9831748.1
OG0003606	KAK9832561.1	KAK9831595.1
OG0003607	KAK9832569.1	KAK9836820.1
OG0003608	KAK9832570.1	KAK9832255.1
OG0003609	KAK9832572.1, KAK9842119.1	
OG0003610	KAK9832573.1	KAK9843104.1
OG0003611	KAK9832664.1, KAK9833968.1	
OG0003612	KAK9832667.1	KAK9822947.1
OG0003613	KAK9832668.1	KAK9832935.1
OG0003614	KAK9832670.1	KAK9840239.1
OG0003615	KAK9832671.1	KAK9844819.1
OG0003616	KAK9832676.1	KAK9819043.1
OG0003617	KAK9832678.1	KAK9818839.1
OG0003618	KAK9832679.1	KAK9818824.1
OG0003619	KAK9832686.1	KAK9837622.1
OG0003620	KAK9832755.1	KAK9818604.1
OG0003621	KAK9832756.1	KAK9818582.1
OG0003622	KAK9832763.1	KAK9837968.1
OG0003623	KAK9832766.1	KAK9837900.1
OG0003624	KAK9832775.1	KAK9837923.1
OG0003625	KAK9833241.1	KAK9824918.1
OG0003626	KAK9833242.1	KAK9824904.1
OG0003627	KAK9833247.1	KAK9839988.1
OG0003628	KAK9833250.1	KAK9845013.1
OG0003629	KAK9833252.1	KAK9835583.1
OG0003630	KAK9833253.1	KAK9817583.1
OG0003631	KAK9833351.1	KAK9831742.1
OG0003632	KAK9833355.1	KAK9843097.1
OG0003633	KAK9833359.1	KAK9839090.1
OG0003634	KAK9833360.1, KAK9846096.1	
OG0003635	KAK9833369.1	KAK9844970.1
OG0003636	KAK9833370.1	KAK9844480.1
OG0003637	KAK9833371.1	KAK9817634.1
OG0003638	KAK9833375.1	KAK9843224.1
OG0003639	KAK9833482.1	KAK9820698.1
OG0003640	KAK9833487.1	KAK9817459.1
OG0003641	KAK9833489.1	KAK9832960.1
OG0003642	KAK9833492.1	KAK9817536.1
OG0003643	KAK9833502.1	KAK9826077.1
OG0003644	KAK9833503.1	KAK9826070.1
OG0003645	KAK9833504.1	KAK9826003.1
OG0003646	KAK9833507.1	KAK9821643.1
OG0003647	KAK9833508.1	KAK9821696.1
OG0003648	KAK9833510.1	KAK9817442.1
OG0003649	KAK9833511.1	KAK9817432.1
OG0003650	KAK9833590.1	KAK9841153.1
OG0003651	KAK9833593.1	KAK9837756.1
OG0003652	KAK9833595.1, KAK9833596.1	
OG0003653	KAK9833597.1	KAK9826966.1
OG0003654	KAK9833962.1	KAK9822136.1
OG0003655	KAK9833965.1	KAK9831807.1
OG0003656	KAK9833967.1	KAK9817562.1
OG0003657	KAK9833969.1	KAK9840251.1
OG0003658	KAK9833970.1	KAK9839990.1
OG0003659	KAK9834081.1	KAK9833620.1
OG0003660	KAK9834082.1	KAK9833912.1
OG0003661	KAK9834088.1, KAK9834099.1	
OG0003662	KAK9834089.1, KAK9834090.1	
OG0003663	KAK9834094.1	KAK9822916.1
OG0003664	KAK9834095.1	KAK9822901.1
OG0003665	KAK9834097.1	KAK9833167.1
OG0003666	KAK9834106.1, KAK9834107.1	
OG0003667	KAK9834108.1	KAK9826990.1
OG0003668	KAK9834116.1	KAK9825234.1
OG0003669	KAK9834212.1	KAK9842872.1
OG0003670	KAK9834223.1	KAK9821151.1
OG0003671	KAK9834226.1	KAK9822615.1
OG0003672	KAK9834227.1, KAK9834228.1	
OG0003673	KAK9834239.1	KAK9835570.1
OG0003674	KAK9834240.1	KAK9835543.1
OG0003675	KAK9834242.1, KAK9867643.1	
OG0003676	KAK9834243.1, KAK9834244.1	
OG0003677	KAK9834248.1	KAK9838684.1
OG0003678	KAK9834340.1	KAK9828260.1
OG0003679	KAK9834342.1	KAK9828145.1
OG0003680	KAK9834343.1	KAK9828340.1
OG0003681	KAK9834344.1	KAK9822788.1
OG0003682	KAK9834345.1	KAK9822795.1
OG0003683	KAK9834349.1	KAK9825804.1
OG0003684	KAK9834350.1	KAK9825734.1
OG0003685	KAK9834351.1	KAK9825811.1
OG0003686	KAK9834352.1	KAK9818465.1
OG0003687	KAK9834356.1	KAK9834784.1
OG0003688	KAK9834357.1	KAK9845055.1
OG0003689	KAK9834362.1	KAK9844642.1
OG0003690	KAK9834363.1	KAK9837821.1
OG0003691	KAK9834364.1	KAK9837950.1
OG0003692	KAK9834365.1	KAK9836590.1
OG0003693	KAK9834366.1, KAK9834367.1	
OG0003694	KAK9834371.1	KAK9841152.1
OG0003695	KAK9834805.1	KAK9825939.1
OG0003696	KAK9834916.1	KAK9841145.1
OG0003697	KAK9834918.1	KAK9841489.1
OG0003698	KAK9834919.1	KAK9841314.1
OG0003699	KAK9834920.1	KAK9841187.1
OG0003700	KAK9834921.1	KAK9837858.1
OG0003701	KAK9834931.1, KAK9834932.1	
OG0003702	KAK9834934.1, KAK9862918.1	
OG0003703	KAK9834935.1	KAK9841151.1
OG0003704	KAK9834944.1	KAK9825028.1
OG0003705	KAK9834945.1	KAK9825083.1
OG0003706	KAK9834950.1	KAK9837630.1
OG0003707	KAK9834952.1	KAK9817572.1
OG0003708	KAK9834955.1	KAK9835919.1
OG0003709	KAK9834957.1	KAK9825568.1
OG0003710	KAK9834958.1	KAK9825624.1
OG0003711	KAK9835079.1, KAK9835080.1	
OG0003712	KAK9835085.1, KAK9856480.1	
OG0003713	KAK9835092.1	KAK9840217.1
OG0003714	KAK9835093.1	KAK9840494.1
OG0003715	KAK9835094.1	KAK9839946.1
OG0003716	KAK9835098.1	KAK9819449.1
OG0003717	KAK9835099.1	KAK9819453.1
OG0003718	KAK9835108.1	KAK9818451.1
OG0003719	KAK9835112.1, KAK9866430.1	
OG0003720	KAK9835114.1	KAK9839158.1
OG0003721	KAK9835115.1	KAK9838769.1
OG0003722	KAK9835117.1	KAK9843327.1
OG0003723	KAK9835122.1	KAK9815961.1
OG0003724	KAK9835248.1	KAK9836873.1
OG0003725	KAK9835251.1	KAK9818738.1
OG0003726	KAK9835254.1	KAK9818714.1
OG0003727	KAK9835269.1	KAK9845090.1
OG0003728	KAK9835270.1	KAK9844887.1
OG0003729	KAK9835275.1	KAK9818584.1
OG0003730	KAK9835276.1	KAK9818590.1
OG0003731	KAK9835277.1	KAK9818468.1
OG0003732	KAK9835281.1, KAK9835282.1	
OG0003733	KAK9835283.1	KAK9837984.1
OG0003734	KAK9835284.1	KAK9830773.1
OG0003735	KAK9835287.1	KAK9818865.1
OG0003736	KAK9835292.1, KAK9858410.1	
OG0003737	KAK9835293.1	KAK9840329.1
OG0003738	KAK9835294.1	KAK9840066.1
OG0003739	KAK9835426.1	KAK9825763.1
OG0003740	KAK9835427.1	KAK9825823.1
OG0003741	KAK9835922.1, KAK9848663.1	
OG0003742	KAK9835923.1	KAK9825334.1
OG0003743	KAK9835925.1, KAK9838619.1	
OG0003744	KAK9835927.1	KAK9821646.1
OG0003745	KAK9835930.1, KAK9835931.1	
OG0003746	KAK9835936.1	KAK9819009.1
OG0003747	KAK9835937.1	KAK9818999.1
OG0003748	KAK9835943.1	KAK9840403.1
OG0003749	KAK9836047.1	KAK9820913.1
OG0003750	KAK9836049.1	KAK9820909.1
OG0003751	KAK9836050.1	KAK9820886.1
OG0003752	KAK9836052.1	KAK9836641.1
OG0003753	KAK9836055.1	KAK9817431.1
OG0003754	KAK9836060.1, KAK9864891.1	
OG0003755	KAK9836061.1	KAK9841430.1
OG0003756	KAK9836066.1	KAK9822890.1
OG0003757	KAK9836067.1	KAK9841110.1
OG0003758	KAK9836069.1	KAK9841465.1
OG0003759	KAK9836077.1	KAK9820772.1
OG0003760	KAK9836079.1	KAK9820791.1
OG0003761	KAK9836081.1, KAK9861853.1	
OG0003762	KAK9836084.1	KAK9835572.1
OG0003763	KAK9836209.1	KAK9837601.1
OG0003764	KAK9836211.1	KAK9837832.1
OG0003765	KAK9836217.1	KAK9824934.1
OG0003766	KAK9836222.1	KAK9824726.1
OG0003767	KAK9836223.1	KAK9817475.1
OG0003768	KAK9836224.1	KAK9817491.1
OG0003769	KAK9836229.1	KAK9826566.1
OG0003770	KAK9836230.1, KAK9836231.1	
OG0003771	KAK9836234.1	KAK9822793.1
OG0003772	KAK9836236.1	KAK9842986.1
OG0003773	KAK9836238.1	KAK9843230.1
OG0003774	KAK9836239.1	KAK9831654.1
OG0003775	KAK9836240.1	KAK9831709.1
OG0003776	KAK9836241.1	KAK9831822.1
OG0003777	KAK9836242.1	KAK9841390.1
OG0003778	KAK9836250.1	KAK9817576.1
OG0003779	KAK9836253.1	KAK9841550.1
OG0003780	KAK9836255.1	KAK9824897.1
OG0003781	KAK9836363.1, KAK9861607.1	
OG0003782	KAK9836366.1	KAK9819342.1
OG0003783	KAK9836367.1	KAK9816325.1
OG0003784	KAK9836369.1	KAK9816317.1
OG0003785	KAK9836371.1	KAK9816329.1
OG0003786	KAK9836372.1	KAK9841343.1
OG0003787	KAK9836373.1	KAK9841493.1
OG0003788	KAK9836374.1	KAK9841279.1
OG0003789	KAK9836375.1, KAK9858798.1	
OG0003790	KAK9836377.1	KAK9819186.1
OG0003791	KAK9836379.1	KAK9821541.1
OG0003792	KAK9836381.1	KAK9840223.1
OG0003793	KAK9836387.1	KAK9819218.1
OG0003794	KAK9836388.1	KAK9835532.1
OG0003795	KAK9836389.1	KAK9821879.1
OG0003796	KAK9836390.1	KAK9821862.1
OG0003797	KAK9836391.1	KAK9821880.1
OG0003798	KAK9836392.1	KAK9835865.1
OG0003799	KAK9836393.1	KAK9835920.1
OG0003800	KAK9836394.1	KAK9835648.1
OG0003801	KAK9836399.1	KAK9824718.1
OG0003802	KAK9836403.1	KAK9824728.1
OG0003803	KAK9836408.1	KAK9821817.1
OG0003804	KAK9836409.1	KAK9821832.1
OG0003805	KAK9836411.1	KAK9819514.1
OG0003806	KAK9836412.1	KAK9819510.1
OG0003807	KAK9836413.1	KAK9819542.1
OG0003808	KAK9836414.1	KAK9824800.1
OG0003809	KAK9836415.1	KAK9824777.1
OG0003810	KAK9836925.1	KAK9822562.1
OG0003811	KAK9837038.1	KAK9818940.1
OG0003812	KAK9837039.1	KAK9818919.1
OG0003813	KAK9837043.1	KAK9840013.1
OG0003814	KAK9837045.1	KAK9828266.1
OG0003815	KAK9837053.1, KAK9837054.1	
OG0003816	KAK9837060.1	KAK9844384.1
OG0003817	KAK9837063.1	KAK9840025.1
OG0003818	KAK9837178.1	KAK9833036.1
OG0003819	KAK9837179.1	KAK9833060.1
OG0003820	KAK9837180.1	KAK9821661.1
OG0003821	KAK9837181.1	KAK9820781.1
OG0003822	KAK9837183.1	KAK9820793.1
OG0003823	KAK9837186.1	KAK9835501.1
OG0003824	KAK9837187.1	KAK9818810.1
OG0003825	KAK9837188.1	KAK9818796.1
OG0003826	KAK9837189.1	KAK9818828.1
OG0003827	KAK9837190.1	KAK9830789.1
OG0003828	KAK9837194.1	KAK9830804.1
OG0003829	KAK9837197.1	KAK9834564.1
OG0003830	KAK9837199.1	KAK9831611.1
OG0003831	KAK9837200.1	KAK9831658.1
OG0003832	KAK9837203.1	KAK9838993.1
OG0003833	KAK9837205.1	KAK9831714.1
OG0003834	KAK9837206.1	KAK9831601.1
OG0003835	KAK9837207.1	KAK9831773.1
OG0003836	KAK9837208.1	KAK9831679.1
OG0003837	KAK9837211.1	KAK9817579.1
OG0003838	KAK9837217.1	KAK9816226.1
OG0003839	KAK9837218.1	KAK9820732.1
OG0003840	KAK9837219.1	KAK9820727.1
OG0003841	KAK9837220.1	KAK9822900.1
OG0003842	KAK9837355.1	KAK9818719.1
OG0003843	KAK9837361.1	KAK9835478.1
OG0003844	KAK9837363.1	KAK9839008.1
OG0003845	KAK9837364.1	KAK9839055.1
OG0003846	KAK9837365.1, KAK9837366.1	
OG0003847	KAK9837370.1	KAK9830818.1
OG0003848	KAK9837375.1	KAK9840273.1
OG0003849	KAK9837376.1	KAK9839927.1
OG0003850	KAK9837377.1	KAK9833717.1
OG0003851	KAK9837378.1	KAK9833721.1
OG0003852	KAK9837379.1	KAK9817494.1
OG0003853	KAK9837383.1	KAK9844494.1
OG0003854	KAK9837387.1	KAK9830774.1
OG0003855	KAK9837391.1	KAK9820769.1
OG0003856	KAK9837398.1	KAK9821254.1
OG0003857	KAK9837399.1	KAK9821264.1
OG0003858	KAK9837401.1	KAK9835853.1
OG0003859	KAK9837406.1	KAK9836697.1
OG0003860	KAK9837524.1	KAK9831275.1
OG0003861	KAK9837529.1, KAK9837530.1	
OG0003862	KAK9837534.1	KAK9826939.1
OG0003863	KAK9837535.1	KAK9827137.1
OG0003864	KAK9837536.1	KAK9819413.1
OG0003865	KAK9837540.1	KAK9835864.1
OG0003866	KAK9837543.1	KAK9835609.1
OG0003867	KAK9837547.1	KAK9844890.1
OG0003868	KAK9837552.1	KAK9817609.1
OG0003869	KAK9838074.1	KAK9832232.1
OG0003870	KAK9838075.1	KAK9832382.1
OG0003871	KAK9838079.1	KAK9841260.1
OG0003872	KAK9838081.1	KAK9841454.1
OG0003873	KAK9838083.1	KAK9841382.1
OG0003874	KAK9838203.1	KAK9843012.1
OG0003875	KAK9838207.1	KAK9838716.1
OG0003876	KAK9838208.1	KAK9842808.1
OG0003877	KAK9838212.1	KAK9818805.1
OG0003878	KAK9838213.1	KAK9818793.1
OG0003879	KAK9838215.1	KAK9831602.1
OG0003880	KAK9838219.1	KAK9818689.1
OG0003881	KAK9838223.1	KAK9840380.1
OG0003882	KAK9838224.1	KAK9840077.1
OG0003883	KAK9838225.1	KAK9843100.1
OG0003884	KAK9838229.1	KAK9826588.1
OG0003885	KAK9838233.1	KAK9822324.1
OG0003886	KAK9838235.1	KAK9841419.1
OG0003887	KAK9838242.1	KAK9833181.1
OG0003888	KAK9838244.1	KAK9834643.1
OG0003889	KAK9838386.1	KAK9831792.1
OG0003890	KAK9838388.1	KAK9824795.1
OG0003891	KAK9838389.1	KAK9824807.1
OG0003892	KAK9838390.1	KAK9824736.1
OG0003893	KAK9838391.1	KAK9824747.1
OG0003894	KAK9838393.1	KAK9826670.1
OG0003895	KAK9838394.1	KAK9826584.1
OG0003896	KAK9838395.1	KAK9826636.1
OG0003897	KAK9838397.1	KAK9836652.1
OG0003898	KAK9838398.1	KAK9838847.1
OG0003899	KAK9838403.1	KAK9832300.1
OG0003900	KAK9838405.1	KAK9840016.1
OG0003901	KAK9838411.1	KAK9840209.1
OG0003902	KAK9838413.1	KAK9840376.1
OG0003903	KAK9838414.1	KAK9840345.1
OG0003904	KAK9838419.1	KAK9826972.1
OG0003905	KAK9838425.1	KAK9817535.1
OG0003906	KAK9838429.1	KAK9841177.1
OG0003907	KAK9838430.1	KAK9836899.1
OG0003908	KAK9838431.1	KAK9836646.1
OG0003909	KAK9838433.1	KAK9836624.1
OG0003910	KAK9838434.1	KAK9836831.1
OG0003911	KAK9838435.1	KAK9833598.1
OG0003912	KAK9838440.1	KAK9819436.1
OG0003913	KAK9838578.1	KAK9821022.1
OG0003914	KAK9838579.1	KAK9821067.1
OG0003915	KAK9838581.1	KAK9834621.1
OG0003916	KAK9838582.1	KAK9834638.1
OG0003917	KAK9838585.1	KAK9825230.1
OG0003918	KAK9838588.1	KAK9821058.1
OG0003919	KAK9838592.1	KAK9821901.1
OG0003920	KAK9838593.1	KAK9821840.1
OG0003921	KAK9838595.1	KAK9821872.1
OG0003922	KAK9838598.1, KAK9838599.1	
OG0003923	KAK9838600.1	KAK9837976.1
OG0003924	KAK9838602.1	KAK9837803.1
OG0003925	KAK9838603.1	KAK9835655.1
OG0003926	KAK9838606.1	KAK9840118.1
OG0003927	KAK9838607.1	KAK9840304.1
OG0003928	KAK9838610.1	KAK9841228.1
OG0003929	KAK9838611.1	KAK9841590.1
OG0003930	KAK9838613.1	KAK9833217.1
OG0003931	KAK9838616.1	KAK9840042.1
OG0003932	KAK9838617.1	KAK9840279.1
OG0003933	KAK9838618.1	KAK9840108.1
OG0003934	KAK9838620.1	KAK9825272.1
OG0003935	KAK9839182.1	KAK9841527.1
OG0003936	KAK9839185.1	KAK9841396.1
OG0003937	KAK9839331.1	KAK9840306.1
OG0003938	KAK9839332.1, KAK9839333.1	
OG0003939	KAK9839335.1	KAK9839945.1
OG0003940	KAK9839336.1	KAK9840036.1
OG0003941	KAK9839344.1	KAK9820782.1
OG0003942	KAK9839345.1	KAK9820823.1
OG0003943	KAK9839346.1	KAK9843270.1
OG0003944	KAK9839349.1	KAK9828310.1
OG0003945	KAK9839350.1, KAK9839351.1	
OG0003946	KAK9839352.1	KAK9839028.1
OG0003947	KAK9839353.1	KAK9838899.1
OG0003948	KAK9839355.1	KAK9838724.1
OG0003949	KAK9839359.1	KAK9844982.1
OG0003950	KAK9839360.1	KAK9844845.1
OG0003951	KAK9839364.1	KAK9830839.1
OG0003952	KAK9839366.1	KAK9831719.1
OG0003953	KAK9839367.1, KAK9839368.1	
OG0003954	KAK9839384.1	KAK9821377.1
OG0003955	KAK9839388.1	KAK9833751.1
OG0003956	KAK9839390.1	KAK9827814.1
OG0003957	KAK9839392.1	KAK9831291.1
OG0003958	KAK9839393.1	KAK9831085.1
OG0003959	KAK9839395.1	KAK9831073.1
OG0003960	KAK9839548.1	KAK9838895.1
OG0003961	KAK9839550.1	KAK9835521.1
OG0003962	KAK9839551.1	KAK9835832.1
OG0003963	KAK9839556.1, KAK9839557.1	
OG0003964	KAK9839558.1	KAK9822919.1
OG0003965	KAK9839570.1	KAK9821248.1
OG0003966	KAK9839571.1	KAK9821260.1
OG0003967	KAK9839575.1	KAK9839978.1
OG0003968	KAK9839576.1	KAK9840406.1
OG0003969	KAK9839584.1	KAK9831123.1
OG0003970	KAK9839585.1	KAK9831242.1
OG0003971	KAK9839586.1	KAK9831277.1
OG0003972	KAK9839590.1	KAK9817530.1
OG0003973	KAK9839593.1	KAK9837742.1
OG0003974	KAK9839601.1	KAK9825528.1
OG0003975	KAK9839721.1	KAK9822338.1
OG0003976	KAK9839727.1, KAK9839728.1	
OG0003977	KAK9839729.1	KAK9833845.1
OG0003978	KAK9839731.1	KAK9837750.1
OG0003979	KAK9839733.1	KAK9822527.1
OG0003980	KAK9839737.1, KAK9839738.1	
OG0003981	KAK9839741.1	KAK9840354.1
OG0003982	KAK9839742.1	KAK9833800.1
OG0003983	KAK9839745.1	KAK9832179.1
OG0003984	KAK9839746.1	KAK9832447.1
OG0003985	KAK9839747.1	KAK9832134.1
OG0003986	KAK9839748.1	KAK9836893.1
OG0003987	KAK9839751.1	KAK9818952.1
OG0003988	KAK9839753.1	KAK9827764.1
OG0003989	KAK9839756.1	KAK9827825.1
OG0003990	KAK9839759.1	KAK9840433.1
OG0003991	KAK9839761.1	KAK9840203.1
OG0003992	KAK9839762.1	KAK9840367.1
OG0003993	KAK9839765.1, KAK9845202.1	
OG0003994	KAK9839889.1	KAK9844981.1
OG0003995	KAK9839890.1	KAK9844391.1
OG0003996	KAK9840519.1	KAK9821360.1
OG0003997	KAK9840520.1, KAK9840521.1	
OG0003998	KAK9840524.1	KAK9821391.1
OG0003999	KAK9840527.1	KAK9841507.1
OG0004000	KAK9840673.1	KAK9818554.1
OG0004001	KAK9840683.1	KAK9826629.1
OG0004002	KAK9840684.1, KAK9841071.1	
OG0004003	KAK9840699.1	KAK9844841.1
OG0004004	KAK9840701.1, KAK9840702.1	
OG0004005	KAK9840708.1	KAK9822604.1
OG0004006	KAK9840710.1	KAK9833626.1
OG0004007	KAK9840713.1	KAK9833841.1
OG0004008	KAK9840718.1	KAK9844735.1
OG0004009	KAK9840851.1	KAK9831587.1
OG0004010	KAK9840852.1, KAK9840853.1	
OG0004011	KAK9840856.1, KAK9840857.1	
OG0004012	KAK9840861.1	KAK9821347.1
OG0004013	KAK9840862.1	KAK9821153.1
OG0004014	KAK9840863.1	KAK9821159.1
OG0004015	KAK9840864.1	KAK9821184.1
OG0004016	KAK9840865.1	KAK9821202.1
OG0004017	KAK9840868.1	KAK9844829.1
OG0004018	KAK9840873.1	KAK9817592.1
OG0004019	KAK9840875.1	KAK9817578.1
OG0004020	KAK9840876.1	KAK9817577.1
OG0004021	KAK9840882.1	KAK9822107.1
OG0004022	KAK9840883.1	KAK9833753.1
OG0004023	KAK9840886.1	KAK9833921.1
OG0004024	KAK9840902.1	KAK9841389.1
OG0004025	KAK9840906.1	KAK9816335.1
OG0004026	KAK9840909.1	KAK9830865.1
OG0004027	KAK9841063.1	KAK9816322.1
OG0004028	KAK9841068.1	KAK9838896.1
OG0004029	KAK9841080.1, KAK9849957.1	
OG0004030	KAK9841087.1	KAK9835868.1
OG0004031	KAK9841089.1	KAK9835904.1
OG0004032	KAK9841096.1	KAK9834633.1
OG0004033	KAK9841098.1	KAK9834520.1
OG0004034	KAK9841101.1	KAK9821366.1
OG0004035	KAK9841102.1	KAK9821396.1
OG0004036	KAK9841738.1, KAK9841739.1	
OG0004037	KAK9841878.1	KAK9837777.1
OG0004038	KAK9841881.1	KAK9821283.1
OG0004039	KAK9841883.1	KAK9822132.1
OG0004040	KAK9841884.1	KAK9822021.1
OG0004041	KAK9841885.1	KAK9822078.1
OG0004042	KAK9841890.1	KAK9838661.1
OG0004043	KAK9841891.1	KAK9839169.1
OG0004044	KAK9841892.1	KAK9838979.1
OG0004045	KAK9841897.1	KAK9820780.1
OG0004046	KAK9841905.1	KAK9842959.1
OG0004047	KAK9841906.1	KAK9842709.1
OG0004048	KAK9841907.1	KAK9843087.1
OG0004049	KAK9841909.1	KAK9843030.1
OG0004050	KAK9841919.1	KAK9826049.1
OG0004051	KAK9841926.1	KAK9844697.1
OG0004052	KAK9841928.1	KAK9844322.1
OG0004053	KAK9841929.1	KAK9825529.1
OG0004054	KAK9841935.1	KAK9834379.1
OG0004055	KAK9841936.1	KAK9831176.1
OG0004056	KAK9841937.1	KAK9831079.1
OG0004057	KAK9842108.1	KAK9825339.1
OG0004058	KAK9842109.1	KAK9825284.1
OG0004059	KAK9842110.1	KAK9825246.1
OG0004060	KAK9842111.1, KAK9842112.1	
OG0004061	KAK9842113.1	KAK9825231.1
OG0004062	KAK9842115.1	KAK9825206.1
OG0004063	KAK9842116.1	KAK9838844.1
OG0004064	KAK9842117.1	KAK9838627.1
OG0004065	KAK9842118.1	KAK9838940.1
OG0004066	KAK9842120.1	KAK9839032.1
OG0004067	KAK9842123.1	KAK9835685.1
OG0004068	KAK9842125.1	KAK9842679.1
OG0004069	KAK9842128.1	KAK9838822.1
OG0004070	KAK9842137.1	KAK9822800.1
OG0004071	KAK9842143.1	KAK9840095.1
OG0004072	KAK9842144.1	KAK9839973.1
OG0004073	KAK9842150.1	KAK9826018.1
OG0004074	KAK9842152.1	KAK9826057.1
OG0004075	KAK9842154.1, KAK9842156.1	
OG0004076	KAK9842155.1	KAK9821704.1
OG0004077	KAK9842157.1	KAK9821653.1
OG0004078	KAK9842161.1	KAK9841688.1
OG0004079	KAK9842163.1, KAK9842164.1	
OG0004080	KAK9842166.1	KAK9832923.1
OG0004081	KAK9842168.1	KAK9832893.1
OG0004082	KAK9842172.1	KAK9822555.1
OG0004083	KAK9842173.1	KAK9822600.1
OG0004084	KAK9842180.1	KAK9833233.1
OG0004085	KAK9842185.1	KAK9817448.1
OG0004086	KAK9842186.1	KAK9835491.1
OG0004087	KAK9842187.1	KAK9835884.1
OG0004088	KAK9842189.1	KAK9816168.1
OG0004089	KAK9842191.1	KAK9816170.1
OG0004090	KAK9842192.1	KAK9816173.1
OG0004091	KAK9842193.1	KAK9816174.1
OG0004092	KAK9842376.1	KAK9820726.1
OG0004093	KAK9842380.1, KAK9856830.1	
OG0004094	KAK9842381.1	KAK9840462.1
OG0004095	KAK9842382.1	KAK9830771.1
OG0004096	KAK9842383.1	KAK9830872.1
OG0004097	KAK9842384.1	KAK9830666.1
OG0004098	KAK9842387.1	KAK9839899.1
OG0004099	KAK9842392.1	KAK9835535.1
OG0004100	KAK9842393.1	KAK9825116.1
OG0004101	KAK9842394.1	KAK9825026.1
OG0004102	KAK9842401.1	KAK9838926.1
OG0004103	KAK9842402.1	KAK9838771.1
OG0004104	KAK9842403.1, KAK9866841.1	
OG0004105	KAK9842408.1	KAK9816369.1
OG0004106	KAK9842410.1, KAK9842411.1	
OG0004107	KAK9842415.1	KAK9838770.1
OG0004108	KAK9842417.1	KAK9838001.1
OG0004109	KAK9842418.1	KAK9837713.1
OG0004110	KAK9842419.1	KAK9837701.1
OG0004111	KAK9842420.1	KAK9837933.1
OG0004112	KAK9842422.1	KAK9838016.1
OG0004113	KAK9842423.1	KAK9839105.1
OG0004114	KAK9842424.1, KAK9846126.1	
OG0004115	KAK9842425.1	KAK9838783.1
OG0004116	KAK9842427.1	KAK9822110.1
OG0004117	KAK9842428.1, KAK9854488.1	
OG0004118	KAK9842429.1	KAK9817543.1
OG0004119	KAK9842433.1	KAK9817568.1
OG0004120	KAK9842607.1	KAK9825507.1
OG0004121	KAK9842608.1	KAK9825567.1
OG0004122	KAK9842612.1	KAK9842758.1
OG0004123	KAK9842614.1	KAK9830704.1
OG0004124	KAK9842615.1	KAK9830647.1
OG0004125	KAK9842616.1	KAK9841131.1
OG0004126	KAK9842617.1	KAK9841132.1
OG0004127	KAK9842618.1	KAK9841575.1
OG0004128	KAK9842619.1	KAK9841482.1
OG0004129	KAK9842621.1	KAK9824865.1
OG0004130	KAK9842622.1	KAK9824955.1
OG0004131	KAK9842623.1	KAK9818548.1
OG0004132	KAK9842625.1	KAK9818562.1
OG0004133	KAK9842626.1	KAK9824905.1
OG0004134	KAK9842627.1	KAK9833844.1
OG0004135	KAK9842631.1	KAK9818825.1
OG0004136	KAK9842632.1, KAK9842633.1	
OG0004137	KAK9842635.1	KAK9818818.1
OG0004138	KAK9842637.1	KAK9834702.1
OG0004139	KAK9843388.1, KAK9843389.1	
OG0004140	KAK9843558.1	KAK9819422.1
OG0004141	KAK9843560.1	KAK9826979.1
OG0004142	KAK9843561.1	KAK9827115.1
OG0004143	KAK9843567.1	KAK9833658.1
OG0004144	KAK9843573.1, KAK9847959.1	
OG0004145	KAK9843575.1, KAK9864639.1	
OG0004146	KAK9843578.1	KAK9819001.1
OG0004147	KAK9843579.1	KAK9825040.1
OG0004148	KAK9843580.1	KAK9819022.1
OG0004149	KAK9843581.1	KAK9842671.1
OG0004150	KAK9843584.1	KAK9819473.1
OG0004151	KAK9843586.1	KAK9842673.1
OG0004152	KAK9843591.1, KAK9843592.1	
OG0004153	KAK9843594.1	KAK9825081.1
OG0004154	KAK9843601.1	KAK9838990.1
OG0004155	KAK9843605.1	KAK9837626.1
OG0004156	KAK9843608.1	KAK9836669.1
OG0004157	KAK9843609.1	KAK9836854.1
OG0004158	KAK9843610.1, KAK9843611.1	
OG0004159	KAK9843612.1	KAK9836465.1
OG0004160	KAK9843616.1	KAK9825237.1
OG0004161	KAK9843617.1	KAK9817547.1
OG0004162	KAK9843618.1	KAK9833904.1
OG0004163	KAK9843622.1	KAK9841353.1
OG0004164	KAK9843624.1	KAK9841244.1
OG0004165	KAK9843850.1, KAK9843851.1	
OG0004166	KAK9843859.1, KAK9843860.1	
OG0004167	KAK9843865.1	KAK9843053.1
OG0004168	KAK9843867.1	KAK9842663.1
OG0004169	KAK9843870.1	KAK9819303.1
OG0004170	KAK9843871.1, KAK9849252.1	
OG0004171	KAK9843875.1	KAK9841716.1
OG0004172	KAK9843879.1	KAK9831267.1
OG0004173	KAK9843880.1	KAK9831025.1
OG0004174	KAK9843882.1	KAK9830722.1
OG0004175	KAK9843883.1	KAK9830794.1
OG0004176	KAK9843893.1	KAK9834385.1
OG0004177	KAK9843894.1	KAK9834647.1
OG0004178	KAK9843897.1	KAK9843332.1
OG0004179	KAK9843901.1	KAK9842790.1
OG0004180	KAK9843902.1	KAK9843036.1
OG0004181	KAK9843904.1	KAK9816293.1
OG0004182	KAK9843908.1	KAK9837854.1
OG0004183	KAK9843909.1	KAK9837607.1
OG0004184	KAK9843910.1	KAK9831581.1
OG0004185	KAK9843920.1	KAK9817466.1
OG0004186	KAK9843925.1	KAK9827829.1
OG0004187	KAK9843931.1	KAK9820656.1
OG0004188	KAK9843932.1	KAK9841340.1
OG0004189	KAK9843933.1, KAK9843934.1	
OG0004190	KAK9843935.1	KAK9841429.1
OG0004191	KAK9843936.1	KAK9841571.1
OG0004192	KAK9843937.1	KAK9841200.1
OG0004193	KAK9843939.1	KAK9835783.1
OG0004194	KAK9843940.1	KAK9835500.1
OG0004195	KAK9843942.1	KAK9835437.1
OG0004196	KAK9843944.1	KAK9835429.1
OG0004197	KAK9844224.1, KAK9863987.1	
OG0004198	KAK9844229.1	KAK9826536.1
OG0004199	KAK9844233.1	KAK9820701.1
OG0004200	KAK9844237.1, KAK9844238.1	
OG0004201	KAK9844239.1	KAK9821270.1
OG0004202	KAK9844245.1	KAK9825760.1
OG0004203	KAK9844247.1	KAK9825709.1
OG0004204	KAK9844250.1	KAK9837637.1
OG0004205	KAK9844251.1	KAK9825976.1
OG0004206	KAK9845144.1	KAK9844827.1
OG0004207	KAK9845147.1	KAK9844439.1
OG0004208	KAK9845149.1	KAK9845138.1
OG0004209	KAK9845150.1	KAK9844796.1
OG0004210	KAK9845151.1, KAK9845152.1	
OG0004211	KAK9845153.1	KAK9842996.1
OG0004212	KAK9845154.1	KAK9842895.1
OG0004213	KAK9845155.1	KAK9842835.1
OG0004214	KAK9845156.1	KAK9843329.1
OG0004215	KAK9845157.1	KAK9842772.1
OG0004216	KAK9845158.1	KAK9843032.1
OG0004217	KAK9845159.1	KAK9843098.1
OG0004218	KAK9845160.1	KAK9843314.1
OG0004219	KAK9845162.1	KAK9831254.1
OG0004220	KAK9845163.1	KAK9831292.1
OG0004221	KAK9845164.1	KAK9843357.1
OG0004222	KAK9845165.1	KAK9843208.1
OG0004223	KAK9845169.1	KAK9817378.1
OG0004224	KAK9845175.1	KAK9833066.1
OG0004225	KAK9845176.1	KAK9844684.1
OG0004226	KAK9845180.1	KAK9844333.1
OG0004227	KAK9845183.1	KAK9834656.1
OG0004228	KAK9845187.1	KAK9826676.1
OG0004229	KAK9845188.1	KAK9826699.1
OG0004230	KAK9845189.1	KAK9826677.1
OG0004231	KAK9845191.1	KAK9822428.1
OG0004232	KAK9845192.1, KAK9867367.1	
OG0004233	KAK9845193.1	KAK9822397.1
OG0004234	KAK9845194.1	KAK9843156.1
OG0004235	KAK9845199.1	KAK9824862.1
OG0004236	KAK9845203.1	KAK9824941.1
OG0004237	KAK9845530.1	KAK9833056.1
OG0004238	KAK9845537.1	KAK9832340.1
OG0004239	KAK9845538.1	KAK9827459.1
OG0004240	KAK9845539.1	KAK9827454.1
OG0004241	KAK9845540.1	KAK9827571.1
OG0004242	KAK9845541.1, KAK9845542.1	
OG0004243	KAK9845543.1	KAK9825310.1
OG0004244	KAK9845545.1	KAK9841349.1
OG0004245	KAK9845557.1, KAK9845558.1	
OG0004246	KAK9845563.1	KAK9821358.1
OG0004247	KAK9845564.1	KAK9821380.1
OG0004248	KAK9845566.1	KAK9818553.1
OG0004249	KAK9845571.1	KAK9840132.1
OG0004250	KAK9845572.1	KAK9818501.1
OG0004251	KAK9845574.1	KAK9840453.1
OG0004252	KAK9845576.1	KAK9822796.1
OG0004253	KAK9845579.1	KAK9817485.1
OG0004254	KAK9845593.1	KAK9837877.1
OG0004255	KAK9845600.1	KAK9838705.1
OG0004256	KAK9845602.1	KAK9835634.1
OG0004257	KAK9845604.1	KAK9835587.1
OG0004258	KAK9845605.1	KAK9832987.1
OG0004259	KAK9845608.1	KAK9833009.1
OG0004260	KAK9845611.1	KAK9845086.1
OG0004261	KAK9845627.1	KAK9818812.1
OG0004262	KAK9845629.1	KAK9818826.1
OG0004263	KAK9845630.1	KAK9837688.1
OG0004264	KAK9845631.1	KAK9837892.1
OG0004265	KAK9845632.1	KAK9837870.1
OG0004266	KAK9845633.1	KAK9838759.1
OG0004267	KAK9845634.1	KAK9838777.1
OG0004268	KAK9845637.1	KAK9818971.1
OG0004269	KAK9845652.1	KAK9836727.1
OG0004270	KAK9845654.1	KAK9821044.1
OG0004271	KAK9845655.1	KAK9821055.1
OG0004272	KAK9845657.1	KAK9821023.1
OG0004273	KAK9845660.1	KAK9835840.1
OG0004274	KAK9845662.1, KAK9845663.1	
OG0004275	KAK9845671.1	KAK9833735.1
OG0004276	KAK9845672.1	KAK9833742.1
OG0004277	KAK9845673.1, KAK9849006.1	
OG0004278	KAK9845675.1	KAK9817484.1
OG0004279	KAK9845676.1	KAK9836446.1
OG0004280	KAK9845677.1	KAK9836741.1
OG0004281	KAK9845683.1	KAK9837934.1
OG0004282	KAK9845688.1	KAK9833134.1
OG0004283	KAK9845690.1	KAK9827898.1
OG0004284	KAK9845692.1	KAK9816313.1
OG0004285	KAK9845693.1	KAK9816296.1
OG0004286	KAK9845700.1	KAK9831818.1
OG0004287	KAK9846028.1	KAK9831141.1
OG0004288	KAK9846029.1	KAK9831015.1
OG0004289	KAK9846032.1	KAK9838008.1
OG0004290	KAK9846033.1	KAK9837758.1
OG0004291	KAK9846036.1	KAK9841503.1
OG0004292	KAK9846041.1	KAK9841259.1
OG0004293	KAK9846046.1	KAK9836424.1
OG0004294	KAK9846047.1	KAK9836712.1
OG0004295	KAK9846049.1	KAK9836799.1
OG0004296	KAK9846055.1	KAK9821177.1
OG0004297	KAK9846056.1	KAK9824750.1
OG0004298	KAK9846057.1	KAK9832427.1
OG0004299	KAK9846062.1	KAK9831185.1
OG0004300	KAK9846065.1	KAK9830735.1
OG0004301	KAK9846069.1	KAK9830840.1
OG0004302	KAK9846075.1	KAK9831576.1
OG0004303	KAK9846083.1, KAK9862617.1	
OG0004304	KAK9846088.1	KAK9833698.1
OG0004305	KAK9846091.1	KAK9821895.1
OG0004306	KAK9846094.1	KAK9838891.1
OG0004307	KAK9846095.1	KAK9839139.1
OG0004308	KAK9846099.1	KAK9822339.1
OG0004309	KAK9846100.1	KAK9822301.1
OG0004310	KAK9846101.1	KAK9822293.1
OG0004311	KAK9846102.1	KAK9822333.1
OG0004312	KAK9846106.1	KAK9840240.1
OG0004313	KAK9846114.1	KAK9839144.1
OG0004314	KAK9846120.1	KAK9821900.1
OG0004315	KAK9846127.1	KAK9838956.1
OG0004316	KAK9846132.1, KAK9865150.1	
OG0004317	KAK9846133.1	KAK9832139.1
OG0004318	KAK9846141.1	KAK9824806.1
OG0004319	KAK9846142.1	KAK9824769.1
OG0004320	KAK9846143.1	KAK9824759.1
OG0004321	KAK9846162.1	KAK9836531.1
OG0004322	KAK9846166.1, KAK9846167.1	
OG0004323	KAK9846190.1	KAK9843164.1
OG0004324	KAK9846202.1	KAK9816246.1
OG0004325	KAK9846209.1, KAK9846210.1	
OG0004326	KAK9846211.1	KAK9839176.1
OG0004327	KAK9846216.1	KAK9825810.1
OG0004328	KAK9846220.1	KAK9844639.1
OG0004329	KAK9846223.1	KAK9844493.1
OG0004330	KAK9846226.1	KAK9837781.1
OG0004331	KAK9846228.1	KAK9838030.1
OG0004332	KAK9846229.1	KAK9837719.1
OG0004333	KAK9846233.1	KAK9841539.1
OG0004334	KAK9846237.1	KAK9841149.1
OG0004335	KAK9846242.1	KAK9817503.1
OG0004336	KAK9846666.1	KAK9831208.1
OG0004337	KAK9846667.1	KAK9831149.1
OG0004338	KAK9846668.1	KAK9831028.1
OG0004339	KAK9846679.1	KAK9834676.1
OG0004340	KAK9846680.1	KAK9834568.1
OG0004341	KAK9846692.1	KAK9819195.1
OG0004342	KAK9846703.1	KAK9827529.1
OG0004343	KAK9846706.1	KAK9827434.1
OG0004344	KAK9846713.1	KAK9821495.1
OG0004345	KAK9846725.1	KAK9834792.1
OG0004346	KAK9846728.1	KAK9834744.1
OG0004347	KAK9846732.1	KAK9825538.1
OG0004348	KAK9846741.1	KAK9826293.1
OG0004349	KAK9846748.1	KAK9832325.1
OG0004350	KAK9846749.1	KAK9832288.1
OG0004351	KAK9846766.1	KAK9830731.1
OG0004352	KAK9846775.1	KAK9840394.1
OG0004353	KAK9846785.1	KAK9833819.1
OG0004354	KAK9846800.1	KAK9825479.1
OG0004355	KAK9846803.1, KAK9861968.1	
OG0004356	KAK9846817.1	KAK9827872.1
OG0004357	KAK9846818.1	KAK9827941.1
OG0004358	KAK9846820.1	KAK9827828.1
OG0004359	KAK9846826.1	KAK9840250.1
OG0004360	KAK9846837.1	KAK9844396.1
OG0004361	KAK9846875.1	KAK9832213.1
OG0004362	KAK9846892.1	KAK9834533.1
OG0004363	KAK9846893.1	KAK9834735.1
OG0004364	KAK9846911.1	KAK9831821.1
OG0004365	KAK9846917.1, KAK9846918.1	
OG0004366	KAK9846927.1	KAK9830690.1
OG0004367	KAK9846936.1	KAK9822318.1
OG0004368	KAK9846940.1	KAK9822888.1
OG0004369	KAK9846950.1	KAK9842868.1
OG0004370	KAK9846951.1	KAK9843266.1
OG0004371	KAK9846963.1	KAK9844811.1
OG0004372	KAK9846965.1	KAK9844531.1
OG0004373	KAK9846987.1	KAK9835829.1
OG0004374	KAK9847001.1	KAK9836660.1
OG0004375	KAK9847002.1	KAK9820752.1
OG0004376	KAK9847003.1	KAK9820720.1
OG0004377	KAK9847022.1	KAK9827557.1
OG0004378	KAK9847027.1	KAK9830823.1
OG0004379	KAK9847028.1, KAK9847029.1	
OG0004380	KAK9847051.1	KAK9830830.1
OG0004381	KAK9847067.1	KAK9837598.1
OG0004382	KAK9847077.1	KAK9839000.1
OG0004383	KAK9847078.1	KAK9839095.1
OG0004384	KAK9847079.1	KAK9838635.1
OG0004385	KAK9847089.1, KAK9854460.1	
OG0004386	KAK9847094.1	KAK9827933.1
OG0004387	KAK9847095.1	KAK9827913.1
OG0004388	KAK9847106.1	KAK9844826.1
OG0004389	KAK9847107.1	KAK9844530.1
OG0004390	KAK9847113.1	KAK9837567.1
OG0004391	KAK9847135.1	KAK9818737.1
OG0004392	KAK9847149.1	KAK9821666.1
OG0004393	KAK9847162.1	KAK9837948.1
OG0004394	KAK9847163.1	KAK9837789.1
OG0004395	KAK9847175.1	KAK9825283.1
OG0004396	KAK9847176.1	KAK9825331.1
OG0004397	KAK9847177.1	KAK9825337.1
OG0004398	KAK9847178.1, KAK9847179.1	
OG0004399	KAK9847180.1	KAK9825275.1
OG0004400	KAK9847181.1	KAK9825250.1
OG0004401	KAK9847196.1	KAK9840184.1
OG0004402	KAK9847198.1	KAK9840307.1
OG0004403	KAK9847199.1	KAK9840244.1
OG0004404	KAK9847200.1	KAK9840379.1
OG0004405	KAK9847201.1	KAK9840144.1
OG0004406	KAK9847215.1	KAK9838660.1
OG0004407	KAK9847216.1	KAK9831020.1
OG0004408	KAK9847230.1	KAK9827911.1
OG0004409	KAK9847231.1	KAK9827948.1
OG0004410	KAK9847234.1	KAK9827938.1
OG0004411	KAK9847252.1	KAK9833870.1
OG0004412	KAK9847272.1	KAK9825728.1
OG0004413	KAK9847290.1	KAK9837558.1
OG0004414	KAK9847293.1	KAK9843197.1
OG0004415	KAK9847308.1	KAK9817628.1
OG0004416	KAK9847309.1	KAK9817615.1
OG0004417	KAK9847310.1	KAK9817613.1
OG0004418	KAK9847328.1	KAK9827809.1
OG0004419	KAK9847329.1	KAK9827904.1
OG0004420	KAK9847358.1	KAK9822334.1
OG0004421	KAK9847359.1	KAK9822327.1
OG0004422	KAK9847375.1	KAK9845088.1
OG0004423	KAK9847376.1	KAK9844317.1
OG0004424	KAK9847379.1	KAK9844315.1
OG0004425	KAK9847401.1	KAK9837969.1
OG0004426	KAK9847402.1	KAK9837647.1
OG0004427	KAK9847403.1	KAK9837716.1
OG0004428	KAK9847404.1	KAK9837823.1
OG0004429	KAK9847424.1	KAK9833196.1
OG0004430	KAK9847425.1	KAK9833069.1
OG0004431	KAK9847426.1	KAK9832886.1
OG0004432	KAK9847427.1	KAK9832874.1
OG0004433	KAK9847429.1	KAK9827505.1
OG0004434	KAK9847431.1	KAK9827430.1
OG0004435	KAK9847452.1	KAK9836732.1
OG0004436	KAK9847456.1	KAK9822408.1
OG0004437	KAK9847457.1	KAK9822424.1
OG0004438	KAK9847458.1	KAK9822421.1
OG0004439	KAK9847481.1	KAK9827425.1
OG0004440	KAK9847516.1	KAK9826948.1
OG0004441	KAK9847545.1	KAK9819147.1
OG0004442	KAK9847546.1	KAK9843286.1
OG0004443	KAK9847549.1	KAK9840275.1
OG0004444	KAK9847550.1	KAK9840411.1
OG0004445	KAK9847552.1	KAK9828196.1
OG0004446	KAK9847554.1	KAK9828237.1
OG0004447	KAK9847555.1	KAK9828173.1
OG0004448	KAK9847556.1	KAK9828297.1
OG0004449	KAK9847557.1	KAK9828161.1
OG0004450	KAK9847558.1	KAK9828318.1
OG0004451	KAK9847596.1	KAK9831753.1
OG0004452	KAK9847602.1, KAK9847603.1	
OG0004453	KAK9847605.1	KAK9819102.1
OG0004454	KAK9847606.1	KAK9824966.1
OG0004455	KAK9847609.1	KAK9824948.1
OG0004456	KAK9847611.1	KAK9824901.1
OG0004457	KAK9847642.1	KAK9818591.1
OG0004458	KAK9847644.1	KAK9818589.1
OG0004459	KAK9847646.1	KAK9835777.1
OG0004460	KAK9847649.1	KAK9830686.1
OG0004461	KAK9847650.1	KAK9830817.1
OG0004462	KAK9847688.1	KAK9818973.1
OG0004463	KAK9847689.1	KAK9818961.1
OG0004464	KAK9847690.1	KAK9818949.1
OG0004465	KAK9847691.1	KAK9818954.1
OG0004466	KAK9847692.1	KAK9818932.1
OG0004467	KAK9847694.1	KAK9841556.1
OG0004468	KAK9847744.1	KAK9827522.1
OG0004469	KAK9847745.1	KAK9816072.1
OG0004470	KAK9847784.1	KAK9835883.1
OG0004471	KAK9847789.1	KAK9816334.1
OG0004472	KAK9847790.1	KAK9816323.1
OG0004473	KAK9847795.1	KAK9830845.1
OG0004474	KAK9847844.1	KAK9833642.1
OG0004475	KAK9847845.1	KAK9833953.1
OG0004476	KAK9847846.1	KAK9833641.1
OG0004477	KAK9847847.1	KAK9833846.1
OG0004478	KAK9847848.1	KAK9834721.1
OG0004479	KAK9847849.1	KAK9834505.1
OG0004480	KAK9847853.1	KAK9834680.1
OG0004481	KAK9847854.1	KAK9834607.1
OG0004482	KAK9847855.1	KAK9831116.1
OG0004483	KAK9847859.1	KAK9831036.1
OG0004484	KAK9847860.1	KAK9831192.1
OG0004485	KAK9847904.1	KAK9816286.1
OG0004486	KAK9847905.1	KAK9821548.1
OG0004487	KAK9847907.1	KAK9821514.1
OG0004488	KAK9847910.1	KAK9834471.1
OG0004489	KAK9847911.1, KAK9856449.1	
OG0004490	KAK9847949.1	KAK9822577.1
OG0004491	KAK9847951.1, KAK9864006.1	
OG0004492	KAK9847954.1	KAK9831569.1
OG0004493	KAK9847955.1	KAK9831623.1
OG0004494	KAK9847957.1	KAK9831708.1
OG0004495	KAK9847964.1	KAK9816230.1
OG0004496	KAK9847970.1	KAK9838930.1
OG0004497	KAK9848025.1	KAK9831584.1
OG0004498	KAK9848026.1	KAK9844769.1
OG0004499	KAK9848027.1	KAK9844291.1
OG0004500	KAK9848029.1	KAK9844407.1
OG0004501	KAK9848088.1	KAK9842809.1
OG0004502	KAK9848093.1, KAK9861765.1	
OG0004503	KAK9848097.1	KAK9831639.1
OG0004504	KAK9848098.1	KAK9831663.1
OG0004505	KAK9848099.1	KAK9831763.1
OG0004506	KAK9848100.1	KAK9831724.1
OG0004507	KAK9848101.1	KAK9833621.1
OG0004508	KAK9848102.1	KAK9821276.1
OG0004509	KAK9848106.1	KAK9822730.1
OG0004510	KAK9848162.1	KAK9845022.1
OG0004511	KAK9848163.1	KAK9844839.1
OG0004512	KAK9848164.1	KAK9845112.1
OG0004513	KAK9848165.1, KAK9848166.1	
OG0004514	KAK9848169.1	KAK9844604.1
OG0004515	KAK9848170.1	KAK9844969.1
OG0004516	KAK9848172.1	KAK9822270.1
OG0004517	KAK9848174.1	KAK9832952.1
OG0004518	KAK9848230.1	KAK9834459.1
OG0004519	KAK9848234.1	KAK9834658.1
OG0004520	KAK9848249.1, KAK9848250.1	
OG0004521	KAK9848252.1	KAK9838751.1
OG0004522	KAK9848255.1	KAK9839113.1
OG0004523	KAK9848324.1	KAK9844820.1
OG0004524	KAK9848326.1	KAK9844269.1
OG0004525	KAK9848327.1	KAK9844428.1
OG0004526	KAK9848328.1	KAK9835733.1
OG0004527	KAK9848330.1	KAK9835668.1
OG0004528	KAK9848332.1	KAK9833226.1
OG0004529	KAK9848339.1	KAK9837925.1
OG0004530	KAK9848340.1	KAK9826225.1
OG0004531	KAK9848389.1	KAK9844879.1
OG0004532	KAK9848390.1	KAK9841604.1
OG0004533	KAK9848393.1	KAK9841364.1
OG0004534	KAK9848400.1	KAK9833200.1
OG0004535	KAK9848401.1	KAK9831661.1
OG0004536	KAK9848402.1	KAK9831791.1
OG0004537	KAK9848403.1	KAK9831670.1
OG0004538	KAK9848406.1	KAK9831752.1
OG0004539	KAK9848407.1	KAK9831696.1
OG0004540	KAK9848408.1	KAK9831783.1
OG0004541	KAK9848480.1, KAK9864452.1	
OG0004542	KAK9848482.1	KAK9828272.1
OG0004543	KAK9848483.1	KAK9828203.1
OG0004544	KAK9848484.1	KAK9828140.1
OG0004545	KAK9848490.1	KAK9825274.1
OG0004546	KAK9848493.1	KAK9831068.1
OG0004547	KAK9848496.1	KAK9831016.1
OG0004548	KAK9848553.1	KAK9844756.1
OG0004549	KAK9848554.1	KAK9844896.1
OG0004550	KAK9848556.1	KAK9820882.1
OG0004551	KAK9848558.1	KAK9820915.1
OG0004552	KAK9848560.1	KAK9820928.1
OG0004553	KAK9848564.1	KAK9845098.1
OG0004554	KAK9848565.1	KAK9844650.1
OG0004555	KAK9848566.1	KAK9844501.1
OG0004556	KAK9848567.1, KAK9848568.1	
OG0004557	KAK9848661.1	KAK9825301.1
OG0004558	KAK9848668.1, KAK9848669.1	
OG0004559	KAK9848677.1	KAK9833042.1
OG0004560	KAK9848746.1	KAK9817384.1
OG0004561	KAK9848747.1	KAK9817376.1
OG0004562	KAK9848751.1	KAK9819432.1
OG0004563	KAK9848753.1	KAK9844991.1
OG0004564	KAK9848754.1	KAK9845021.1
OG0004565	KAK9848758.1	KAK9833773.1
OG0004566	KAK9848759.1	KAK9833775.1
OG0004567	KAK9848830.1	KAK9826680.1
OG0004568	KAK9848832.1	KAK9826592.1
OG0004569	KAK9848837.1, KAK9848838.1	
OG0004570	KAK9848850.1	KAK9841603.1
OG0004571	KAK9848851.1	KAK9841166.1
OG0004572	KAK9848858.1	KAK9840199.1
OG0004573	KAK9848928.1	KAK9827029.1
OG0004574	KAK9848929.1	KAK9826929.1
OG0004575	KAK9848932.1	KAK9822054.1
OG0004576	KAK9848940.1	KAK9825103.1
OG0004577	KAK9849000.1	KAK9833100.1
OG0004578	KAK9849001.1	KAK9833001.1
OG0004579	KAK9849002.1	KAK9833067.1
OG0004580	KAK9849003.1	KAK9833175.1
OG0004581	KAK9849004.1	KAK9833043.1
OG0004582	KAK9849007.1	KAK9817497.1
OG0004583	KAK9849011.1	KAK9841553.1
OG0004584	KAK9849013.1	KAK9841109.1
OG0004585	KAK9849015.1	KAK9835769.1
OG0004586	KAK9849018.1	KAK9835495.1
OG0004587	KAK9849108.1	KAK9841545.1
OG0004588	KAK9849112.1	KAK9835880.1
OG0004589	KAK9849116.1	KAK9825587.1
OG0004590	KAK9849119.1	KAK9825551.1
OG0004591	KAK9849120.1	KAK9827471.1
OG0004592	KAK9849123.1	KAK9827410.1
OG0004593	KAK9849124.1	KAK9827503.1
OG0004594	KAK9849126.1	KAK9827569.1
OG0004595	KAK9849128.1	KAK9843040.1
OG0004596	KAK9849133.1	KAK9830708.1
OG0004597	KAK9849134.1	KAK9830744.1
OG0004598	KAK9849136.1	KAK9842714.1
OG0004599	KAK9849137.1	KAK9843120.1
OG0004600	KAK9849138.1	KAK9842920.1
OG0004601	KAK9849139.1	KAK9840358.1
OG0004602	KAK9849141.1	KAK9824930.1
OG0004603	KAK9849237.1	KAK9834424.1
OG0004604	KAK9849238.1, KAK9849239.1	
OG0004605	KAK9849250.1	KAK9833227.1
OG0004606	KAK9849254.1	KAK9827476.1
OG0004607	KAK9849255.1	KAK9827439.1
OG0004608	KAK9849257.1	KAK9827515.1
OG0004609	KAK9849258.1	KAK9827427.1
OG0004610	KAK9849259.1	KAK9833882.1
OG0004611	KAK9849260.1	KAK9833830.1
OG0004612	KAK9849366.1	KAK9838932.1
OG0004613	KAK9849369.1	KAK9838653.1
OG0004614	KAK9849370.1	KAK9839161.1
OG0004615	KAK9849371.1	KAK9839160.1
OG0004616	KAK9849374.1	KAK9834637.1
OG0004617	KAK9849375.1	KAK9834502.1
OG0004618	KAK9849376.1	KAK9827474.1
OG0004619	KAK9849378.1	KAK9827537.1
OG0004620	KAK9849379.1	KAK9827565.1
OG0004621	KAK9849381.1	KAK9827449.1
OG0004622	KAK9849393.1	KAK9816052.1
OG0004623	KAK9849395.1	KAK9840470.1
OG0004624	KAK9849396.1	KAK9816056.1
OG0004625	KAK9849397.1	KAK9816051.1
OG0004626	KAK9849492.1	KAK9834667.1
OG0004627	KAK9849494.1	KAK9834394.1
OG0004628	KAK9849502.1	KAK9840138.1
OG0004629	KAK9849503.1	KAK9840029.1
OG0004630	KAK9849510.1	KAK9837830.1
OG0004631	KAK9849516.1	KAK9835446.1
OG0004632	KAK9849526.1	KAK9832291.1
OG0004633	KAK9849527.1	KAK9832394.1
OG0004634	KAK9849528.1	KAK9841715.1
OG0004635	KAK9849529.1	KAK9841645.1
OG0004636	KAK9849530.1	KAK9841192.1
OG0004637	KAK9849638.1	KAK9831797.1
OG0004638	KAK9849643.1	KAK9831741.1
OG0004639	KAK9849648.1	KAK9825067.1
OG0004640	KAK9849649.1	KAK9835674.1
OG0004641	KAK9849650.1	KAK9835459.1
OG0004642	KAK9849652.1	KAK9835909.1
OG0004643	KAK9849653.1	KAK9835734.1
OG0004644	KAK9849656.1	KAK9831810.1
OG0004645	KAK9849657.1	KAK9831693.1
OG0004646	KAK9849661.1	KAK9825959.1
OG0004647	KAK9849664.1, KAK9863870.1	
OG0004648	KAK9849665.1	KAK9827771.1
OG0004649	KAK9849668.1	KAK9840252.1
OG0004650	KAK9849773.1	KAK9828267.1
OG0004651	KAK9849776.1	KAK9828181.1
OG0004652	KAK9849778.1	KAK9828219.1
OG0004653	KAK9849779.1	KAK9828349.1
OG0004654	KAK9849794.1	KAK9821698.1
OG0004655	KAK9849795.1	KAK9821654.1
OG0004656	KAK9849796.1	KAK9832241.1
OG0004657	KAK9849803.1	KAK9837828.1
OG0004658	KAK9849806.1	KAK9843067.1
OG0004659	KAK9849807.1	KAK9842712.1
OG0004660	KAK9849924.1	KAK9822053.1
OG0004661	KAK9849931.1	KAK9834649.1
OG0004662	KAK9849932.1	KAK9833789.1
OG0004663	KAK9849935.1	KAK9833831.1
OG0004664	KAK9849940.1	KAK9832947.1
OG0004665	KAK9849942.1	KAK9833159.1
OG0004666	KAK9849952.1	KAK9832160.1
OG0004667	KAK9849953.1	KAK9816193.1
OG0004668	KAK9849954.1	KAK9816194.1
OG0004669	KAK9849958.1	KAK9831572.1
OG0004670	KAK9849959.1	KAK9844909.1
OG0004671	KAK9850075.1	KAK9825228.1
OG0004672	KAK9850087.1	KAK9841242.1
OG0004673	KAK9850097.1	KAK9839991.1
OG0004674	KAK9850100.1	KAK9844787.1
OG0004675	KAK9850114.1	KAK9824923.1
OG0004676	KAK9850115.1	KAK9824902.1
OG0004677	KAK9850118.1	KAK9817582.1
OG0004678	KAK9850119.1	KAK9817590.1
OG0004679	KAK9850120.1	KAK9817593.1
OG0004680	KAK9850257.1, KAK9862850.1	
OG0004681	KAK9850259.1	KAK9844564.1
OG0004682	KAK9850264.1	KAK9835614.1
OG0004683	KAK9850266.1	KAK9835477.1
OG0004684	KAK9850267.1	KAK9820705.1
OG0004685	KAK9850269.1	KAK9820688.1
OG0004686	KAK9850271.1	KAK9820654.1
OG0004687	KAK9850273.1	KAK9825564.1
OG0004688	KAK9850280.1	KAK9831133.1
OG0004689	KAK9850281.1	KAK9831022.1
OG0004690	KAK9850283.1	KAK9831226.1
OG0004691	KAK9850429.1	KAK9837794.1
OG0004692	KAK9850435.1	KAK9832417.1
OG0004693	KAK9850443.1	KAK9832297.1
OG0004694	KAK9850444.1	KAK9834696.1
OG0004695	KAK9850449.1	KAK9834708.1
OG0004696	KAK9850450.1, KAK9850452.1	
OG0004697	KAK9850455.1, KAK9854806.1	
OG0004698	KAK9850456.1	KAK9838787.1
OG0004699	KAK9850457.1	KAK9838646.1
OG0004700	KAK9850458.1	KAK9839168.1
OG0004701	KAK9850460.1	KAK9839100.1
OG0004702	KAK9850461.1, KAK9850462.1	
OG0004703	KAK9850463.1	KAK9836755.1
OG0004704	KAK9850464.1	KAK9840466.1
OG0004705	KAK9850467.1	KAK9838808.1
OG0004706	KAK9850597.1, KAK9850598.1	
OG0004707	KAK9850600.1	KAK9832220.1
OG0004708	KAK9850602.1	KAK9832424.1
OG0004709	KAK9850603.1, KAK9850604.1	
OG0004710	KAK9850606.1	KAK9835672.1
OG0004711	KAK9850607.1	KAK9835513.1
OG0004712	KAK9850608.1	KAK9835451.1
OG0004713	KAK9850609.1	KAK9835765.1
OG0004714	KAK9850611.1	KAK9822321.1
OG0004715	KAK9850622.1	KAK9818488.1
OG0004716	KAK9850627.1	KAK9837583.1
OG0004717	KAK9850768.1	KAK9826942.1
OG0004718	KAK9850770.1	KAK9826941.1
OG0004719	KAK9850775.1, KAK9868141.1	
OG0004720	KAK9850780.1, KAK9865195.1	
OG0004721	KAK9850782.1	KAK9841559.1
OG0004722	KAK9850783.1	KAK9841361.1
OG0004723	KAK9850784.1	KAK9841117.1
OG0004724	KAK9850788.1	KAK9833604.1
OG0004725	KAK9850793.1, KAK9850794.1	
OG0004726	KAK9850796.1	KAK9827218.1
OG0004727	KAK9850800.1	KAK9826951.1
OG0004728	KAK9850804.1	KAK9821033.1
OG0004729	KAK9850809.1	KAK9816073.1
OG0004730	KAK9850810.1	KAK9827487.1
OG0004731	KAK9850812.1	KAK9816066.1
OG0004732	KAK9850813.1	KAK9835755.1
OG0004733	KAK9850815.1	KAK9835545.1
OG0004734	KAK9850945.1, KAK9850946.1	
OG0004735	KAK9850949.1	KAK9828304.1
OG0004736	KAK9850954.1	KAK9831607.1
OG0004737	KAK9850958.1	KAK9831636.1
OG0004738	KAK9850962.1	KAK9820682.1
OG0004739	KAK9850964.1	KAK9820683.1
OG0004740	KAK9850965.1	KAK9831819.1
OG0004741	KAK9850972.1, KAK9850973.1	
OG0004742	KAK9850974.1	KAK9841471.1
OG0004743	KAK9850975.1	KAK9841450.1
OG0004744	KAK9850976.1	KAK9841363.1
OG0004745	KAK9850977.1	KAK9841449.1
OG0004746	KAK9850978.1	KAK9841108.1
OG0004747	KAK9850982.1	KAK9843370.1
OG0004748	KAK9851119.1	KAK9841693.1
OG0004749	KAK9851122.1	KAK9821697.1
OG0004750	KAK9851123.1	KAK9821483.1
OG0004751	KAK9851127.1	KAK9821627.1
OG0004752	KAK9851128.1	KAK9821528.1
OG0004753	KAK9851129.1	KAK9821690.1
OG0004754	KAK9851132.1	KAK9818635.1
OG0004755	KAK9851143.1	KAK9831063.1
OG0004756	KAK9851144.1	KAK9831191.1
OG0004757	KAK9851145.1, KAK9851146.1	
OG0004758	KAK9851149.1	KAK9826553.1
OG0004759	KAK9851150.1	KAK9826617.1
OG0004760	KAK9851151.1	KAK9826664.1
OG0004761	KAK9851152.1	KAK9826621.1
OG0004762	KAK9851154.1	KAK9826580.1
OG0004763	KAK9851160.1	KAK9831649.1
OG0004764	KAK9851163.1	KAK9844883.1
OG0004765	KAK9851316.1	KAK9840303.1
OG0004766	KAK9851319.1	KAK9840014.1
OG0004767	KAK9851324.1	KAK9836436.1
OG0004768	KAK9851327.1	KAK9822523.1
OG0004769	KAK9851329.1	KAK9822526.1
OG0004770	KAK9851330.1	KAK9822610.1
OG0004771	KAK9851334.1	KAK9831675.1
OG0004772	KAK9851337.1	KAK9840365.1
OG0004773	KAK9851338.1	KAK9840503.1
OG0004774	KAK9851342.1	KAK9840031.1
OG0004775	KAK9851348.1	KAK9822907.1
OG0004776	KAK9851350.1	KAK9837633.1
OG0004777	KAK9851351.1	KAK9821255.1
OG0004778	KAK9851357.1	KAK9835811.1
OG0004779	KAK9851358.1	KAK9835457.1
OG0004780	KAK9851359.1	KAK9835639.1
OG0004781	KAK9851360.1	KAK9835830.1
OG0004782	KAK9851362.1	KAK9819538.1
OG0004783	KAK9851364.1	KAK9819507.1
OG0004784	KAK9851366.1, KAK9851367.1	
OG0004785	KAK9851368.1, KAK9851369.1	
OG0004786	KAK9851370.1	KAK9828156.1
OG0004787	KAK9851372.1	KAK9828216.1
OG0004788	KAK9851374.1	KAK9828234.1
OG0004789	KAK9851529.1	KAK9826303.1
OG0004790	KAK9851530.1, KAK9851531.1	
OG0004791	KAK9851532.1	KAK9825739.1
OG0004792	KAK9851533.1	KAK9827018.1
OG0004793	KAK9851542.1	KAK9821637.1
OG0004794	KAK9851543.1	KAK9821642.1
OG0004795	KAK9851544.1	KAK9821692.1
OG0004796	KAK9851545.1	KAK9821676.1
OG0004797	KAK9851546.1	KAK9832306.1
OG0004798	KAK9851547.1	KAK9832192.1
OG0004799	KAK9851548.1	KAK9832268.1
OG0004800	KAK9851553.1	KAK9832245.1
OG0004801	KAK9851556.1	KAK9837728.1
OG0004802	KAK9851558.1	KAK9837815.1
OG0004803	KAK9851657.1	KAK9821675.1
OG0004804	KAK9851659.1	KAK9821620.1
OG0004805	KAK9851661.1	KAK9821684.1
OG0004806	KAK9851663.1	KAK9821628.1
OG0004807	KAK9851669.1	KAK9832908.1
OG0004808	KAK9851671.1	KAK9835896.1
OG0004809	KAK9851672.1	KAK9835801.1
OG0004810	KAK9851673.1	KAK9835563.1
OG0004811	KAK9851675.1	KAK9835848.1
OG0004812	KAK9851678.1	KAK9825751.1
OG0004813	KAK9851682.1	KAK9819194.1
OG0004814	KAK9851685.1	KAK9844794.1
OG0004815	KAK9851693.1	KAK9825593.1
OG0004816	KAK9851697.1	KAK9825080.1
OG0004817	KAK9851853.1	KAK9842897.1
OG0004818	KAK9851854.1	KAK9843356.1
OG0004819	KAK9851856.1	KAK9842760.1
OG0004820	KAK9851858.1	KAK9824781.1
OG0004821	KAK9851859.1	KAK9824711.1
OG0004822	KAK9851860.1	KAK9824805.1
OG0004823	KAK9851862.1, KAK9851863.1	
OG0004824	KAK9851869.1	KAK9843179.1
OG0004825	KAK9851872.1	KAK9843249.1
OG0004826	KAK9851873.1	KAK9830699.1
OG0004827	KAK9851875.1	KAK9830810.1
OG0004828	KAK9851876.1	KAK9830675.1
OG0004829	KAK9851880.1	KAK9833054.1
OG0004830	KAK9851881.1	KAK9832995.1
OG0004831	KAK9851886.1	KAK9833021.1
OG0004832	KAK9851890.1	KAK9836472.1
OG0004833	KAK9851891.1	KAK9836681.1
OG0004834	KAK9851900.1	KAK9822791.1
OG0004835	KAK9851901.1	KAK9822784.1
OG0004836	KAK9851903.1	KAK9822752.1
OG0004837	KAK9851905.1	KAK9845064.1
OG0004838	KAK9851906.1	KAK9844655.1
OG0004839	KAK9851907.1	KAK9844387.1
OG0004840	KAK9852090.1	KAK9820657.1
OG0004841	KAK9852091.1	KAK9820674.1
OG0004842	KAK9852092.1	KAK9820712.1
OG0004843	KAK9852095.1	KAK9822954.1
OG0004844	KAK9852099.1	KAK9844417.1
OG0004845	KAK9852100.1	KAK9844707.1
OG0004846	KAK9852101.1	KAK9844548.1
OG0004847	KAK9852107.1	KAK9844433.1
OG0004848	KAK9852114.1	KAK9839021.1
OG0004849	KAK9852115.1, KAK9852116.1	
OG0004850	KAK9852124.1	KAK9833777.1
OG0004851	KAK9852129.1	KAK9833903.1
OG0004852	KAK9852131.1	KAK9832171.1
OG0004853	KAK9852133.1	KAK9832414.1
OG0004854	KAK9852134.1	KAK9833768.1
OG0004855	KAK9852137.1	KAK9818728.1
OG0004856	KAK9852138.1	KAK9818721.1
OG0004857	KAK9852140.1	KAK9818743.1
OG0004858	KAK9852141.1	KAK9832357.1
OG0004859	KAK9852312.1	KAK9822060.1
OG0004860	KAK9852315.1	KAK9822046.1
OG0004861	KAK9852317.1	KAK9822937.1
OG0004862	KAK9852318.1	KAK9822981.1
OG0004863	KAK9852325.1	KAK9830791.1
OG0004864	KAK9852327.1	KAK9830813.1
OG0004865	KAK9852329.1	KAK9830685.1
OG0004866	KAK9852330.1	KAK9830849.1
OG0004867	KAK9852331.1	KAK9830749.1
OG0004868	KAK9852334.1	KAK9834555.1
OG0004869	KAK9852336.1	KAK9834587.1
OG0004870	KAK9852338.1	KAK9822928.1
OG0004871	KAK9852339.1	KAK9822948.1
OG0004872	KAK9852340.1	KAK9822971.1
OG0004873	KAK9852342.1	KAK9843349.1
OG0004874	KAK9852348.1	KAK9842700.1
OG0004875	KAK9852351.1	KAK9843331.1
OG0004876	KAK9852352.1	KAK9842779.1
OG0004877	KAK9852353.1	KAK9842980.1
OG0004878	KAK9852364.1	KAK9840111.1
OG0004879	KAK9852552.1, KAK9852553.1	
OG0004880	KAK9852564.1	KAK9834755.1
OG0004881	KAK9852567.1, KAK9852568.1	
OG0004882	KAK9852570.1	KAK9841213.1
OG0004883	KAK9852573.1	KAK9825769.1
OG0004884	KAK9852575.1	KAK9825722.1
OG0004885	KAK9852577.1	KAK9832279.1
OG0004886	KAK9852579.1	KAK9832173.1
OG0004887	KAK9852581.1	KAK9838951.1
OG0004888	KAK9852585.1	KAK9839059.1
OG0004889	KAK9852586.1	KAK9841609.1
OG0004890	KAK9852587.1	KAK9841488.1
OG0004891	KAK9852588.1	KAK9841446.1
OG0004892	KAK9852589.1	KAK9841405.1
OG0004893	KAK9852596.1	KAK9832159.1
OG0004894	KAK9852598.1	KAK9834445.1
OG0004895	KAK9852599.1	KAK9834742.1
OG0004896	KAK9852601.1	KAK9834707.1
OG0004897	KAK9852602.1	KAK9834698.1
OG0004898	KAK9852603.1	KAK9834652.1
OG0004899	KAK9852604.1	KAK9834552.1
OG0004900	KAK9852607.1	KAK9821847.1
OG0004901	KAK9852616.1	KAK9822533.1
OG0004902	KAK9852806.1	KAK9833954.1
OG0004903	KAK9852807.1	KAK9833628.1
OG0004904	KAK9852808.1	KAK9833761.1
OG0004905	KAK9852809.1	KAK9833795.1
OG0004906	KAK9852810.1	KAK9819361.1
OG0004907	KAK9852811.1	KAK9819359.1
OG0004908	KAK9852813.1	KAK9825981.1
OG0004909	KAK9852817.1	KAK9826009.1
OG0004910	KAK9852826.1	KAK9821882.1
OG0004911	KAK9852853.1	KAK9842717.1
OG0004912	KAK9852855.1	KAK9838051.1
OG0004913	KAK9852857.1	KAK9837753.1
OG0004914	KAK9852858.1	KAK9837573.1
OG0004915	KAK9852861.1	KAK9821497.1
OG0004916	KAK9852869.1	KAK9828200.1
OG0004917	KAK9853079.1	KAK9827215.1
OG0004918	KAK9853080.1	KAK9832186.1
OG0004919	KAK9853086.1	KAK9818628.1
OG0004920	KAK9853092.1	KAK9818637.1
OG0004921	KAK9853094.1	KAK9839063.1
OG0004922	KAK9853095.1	KAK9838868.1
OG0004923	KAK9853097.1	KAK9818599.1
OG0004924	KAK9853098.1	KAK9818576.1
OG0004925	KAK9853100.1	KAK9818592.1
OG0004926	KAK9853101.1	KAK9833769.1
OG0004927	KAK9853103.1, KAK9853104.1	
OG0004928	KAK9853108.1, KAK9853109.1	
OG0004929	KAK9853110.1	KAK9839145.1
OG0004930	KAK9853122.1	KAK9838935.1
OG0004931	KAK9853349.1, KAK9853350.1	
OG0004932	KAK9853352.1	KAK9835800.1
OG0004933	KAK9853361.1	KAK9834661.1
OG0004934	KAK9853362.1	KAK9834454.1
OG0004935	KAK9853365.1	KAK9824755.1
OG0004936	KAK9853368.1	KAK9824765.1
OG0004937	KAK9853371.1	KAK9825220.1
OG0004938	KAK9853372.1	KAK9825281.1
OG0004939	KAK9853378.1	KAK9841647.1
OG0004940	KAK9853389.1	KAK9844783.1
OG0004941	KAK9853390.1	KAK9843181.1
OG0004942	KAK9853391.1	KAK9843063.1
OG0004943	KAK9853392.1	KAK9843359.1
OG0004944	KAK9853398.1	KAK9842855.1
OG0004945	KAK9853595.1	KAK9831586.1
OG0004946	KAK9853603.1	KAK9833171.1
OG0004947	KAK9853608.1	KAK9834511.1
OG0004948	KAK9853609.1	KAK9834389.1
OG0004949	KAK9853610.1, KAK9853611.1	
OG0004950	KAK9853614.1	KAK9821072.1
OG0004951	KAK9853621.1	KAK9825715.1
OG0004952	KAK9853623.1	KAK9841464.1
OG0004953	KAK9853624.1	KAK9841254.1
OG0004954	KAK9853628.1	KAK9841116.1
OG0004955	KAK9853630.1, KAK9853631.1	
OG0004956	KAK9853638.1	KAK9840256.1
OG0004957	KAK9853642.1	KAK9817635.1
OG0004958	KAK9853644.1	KAK9843300.1
OG0004959	KAK9853646.1	KAK9842715.1
OG0004960	KAK9853859.1	KAK9826058.1
OG0004961	KAK9853862.1	KAK9818681.1
OG0004962	KAK9853866.1	KAK9818700.1
OG0004963	KAK9853870.1	KAK9838971.1
OG0004964	KAK9853872.1	KAK9838954.1
OG0004965	KAK9853875.1	KAK9838741.1
OG0004966	KAK9853876.1, KAK9853877.1	
OG0004967	KAK9853878.1	KAK9838730.1
OG0004968	KAK9853882.1	KAK9833016.1
OG0004969	KAK9853886.1	KAK9827799.1
OG0004970	KAK9853896.1	KAK9845101.1
OG0004971	KAK9853900.1	KAK9844295.1
OG0004972	KAK9853901.1	KAK9827527.1
OG0004973	KAK9853902.1	KAK9827437.1
OG0004974	KAK9853904.1	KAK9827563.1
OG0004975	KAK9853906.1	KAK9825586.1
OG0004976	KAK9853913.1	KAK9817618.1
OG0004977	KAK9853914.1	KAK9817632.1
OG0004978	KAK9853918.1	KAK9824863.1
OG0004979	KAK9853921.1	KAK9824884.1
OG0004980	KAK9853922.1	KAK9824908.1
OG0004981	KAK9853924.1	KAK9842720.1
OG0004982	KAK9853928.1	KAK9842919.1
OG0004983	KAK9854169.1	KAK9835488.1
OG0004984	KAK9854173.1	KAK9835695.1
OG0004985	KAK9854175.1	KAK9844925.1
OG0004986	KAK9854177.1	KAK9844750.1
OG0004987	KAK9854183.1	KAK9835546.1
OG0004988	KAK9854193.1	KAK9831074.1
OG0004989	KAK9854199.1	KAK9825576.1
OG0004990	KAK9854213.1	KAK9827177.1
OG0004991	KAK9854215.1	KAK9827124.1
OG0004992	KAK9854219.1	KAK9820900.1
OG0004993	KAK9854442.1	KAK9817479.1
OG0004994	KAK9854445.1	KAK9839997.1
OG0004995	KAK9854446.1	KAK9840046.1
OG0004996	KAK9854447.1	KAK9840389.1
OG0004997	KAK9854448.1	KAK9839964.1
OG0004998	KAK9854449.1	KAK9838862.1
OG0004999	KAK9854461.1, KAK9868645.1	
OG0005000	KAK9854464.1	KAK9825326.1
OG0005001	KAK9854466.1	KAK9825344.1
OG0005002	KAK9854467.1	KAK9825264.1
OG0005003	KAK9854469.1	KAK9840289.1
OG0005004	KAK9854474.1	KAK9827497.1
OG0005005	KAK9854475.1	KAK9827469.1
OG0005006	KAK9854477.1, KAK9865375.1	
OG0005007	KAK9854481.1	KAK9832396.1
OG0005008	KAK9854490.1	KAK9825940.1
OG0005009	KAK9854491.1	KAK9826078.1
OG0005010	KAK9854497.1, KAK9854498.1	
OG0005011	KAK9854499.1	KAK9819470.1
OG0005012	KAK9854500.1	KAK9819411.1
OG0005013	KAK9854758.1, KAK9854759.1	
OG0005014	KAK9854762.1, KAK9854763.1	
OG0005015	KAK9854764.1	KAK9817352.1
OG0005016	KAK9854765.1	KAK9817339.1
OG0005017	KAK9854768.1	KAK9817341.1
OG0005018	KAK9854769.1, KAK9854770.1	
OG0005019	KAK9854777.1	KAK9825987.1
OG0005020	KAK9854788.1	KAK9844283.1
OG0005021	KAK9854790.1	KAK9844533.1
OG0005022	KAK9854791.1, KAK9854792.1	
OG0005023	KAK9854793.1	KAK9844625.1
OG0005024	KAK9854795.1	KAK9845000.1
OG0005025	KAK9854796.1	KAK9834476.1
OG0005026	KAK9854803.1, KAK9854804.1	
OG0005027	KAK9854809.1	KAK9837700.1
OG0005028	KAK9854812.1	KAK9819425.1
OG0005029	KAK9854814.1	KAK9819418.1
OG0005030	KAK9854819.1	KAK9830754.1
OG0005031	KAK9854821.1	KAK9830854.1
OG0005032	KAK9854824.1	KAK9825950.1
OG0005033	KAK9854826.1	KAK9825969.1
OG0005034	KAK9855102.1	KAK9822017.1
OG0005035	KAK9855111.1	KAK9838827.1
OG0005036	KAK9855112.1	KAK9839085.1
OG0005037	KAK9855114.1	KAK9839043.1
OG0005038	KAK9855116.1	KAK9838948.1
OG0005039	KAK9855117.1	KAK9838828.1
OG0005040	KAK9855120.1	KAK9819522.1
OG0005041	KAK9855124.1	KAK9819550.1
OG0005042	KAK9855126.1	KAK9819547.1
OG0005043	KAK9855127.1	KAK9819553.1
OG0005044	KAK9855128.1	KAK9820815.1
OG0005045	KAK9855132.1	KAK9817617.1
OG0005046	KAK9855135.1, KAK9855136.1	
OG0005047	KAK9855140.1	KAK9819448.1
OG0005048	KAK9855148.1	KAK9842650.1
OG0005049	KAK9855150.1	KAK9821029.1
OG0005050	KAK9855152.1	KAK9821064.1
OG0005051	KAK9855153.1	KAK9821061.1
OG0005052	KAK9855154.1	KAK9821075.1
OG0005053	KAK9855155.1	KAK9821087.1
OG0005054	KAK9855158.1	KAK9834616.1
OG0005055	KAK9855159.1	KAK9834479.1
OG0005056	KAK9855163.1	KAK9835854.1
OG0005057	KAK9855166.1	KAK9835906.1
OG0005058	KAK9855167.1	KAK9838875.1
OG0005059	KAK9855169.1	KAK9832977.1
OG0005060	KAK9855170.1, KAK9855171.1	
OG0005061	KAK9855175.1	KAK9841562.1
OG0005062	KAK9855177.1, KAK9855181.1	
OG0005063	KAK9855180.1	KAK9841736.1
OG0005064	KAK9855183.1	KAK9833004.1
OG0005065	KAK9855184.1	KAK9832891.1
OG0005066	KAK9855186.1	KAK9833138.1
OG0005067	KAK9855188.1	KAK9833085.1
OG0005068	KAK9855444.1	KAK9835528.1
OG0005069	KAK9855448.1	KAK9835731.1
OG0005070	KAK9855450.1	KAK9826245.1
OG0005071	KAK9855451.1	KAK9826291.1
OG0005072	KAK9855453.1	KAK9826318.1
OG0005073	KAK9855460.1	KAK9836786.1
OG0005074	KAK9855461.1	KAK9836819.1
OG0005075	KAK9855463.1	KAK9838909.1
OG0005076	KAK9855464.1	KAK9838665.1
OG0005077	KAK9855465.1	KAK9838727.1
OG0005078	KAK9855466.1	KAK9838977.1
OG0005079	KAK9855469.1, KAK9855470.1	
OG0005080	KAK9855471.1	KAK9843288.1
OG0005081	KAK9855472.1	KAK9822430.1
OG0005082	KAK9855484.1	KAK9833804.1
OG0005083	KAK9855490.1	KAK9845040.1
OG0005084	KAK9855492.1	KAK9844705.1
OG0005085	KAK9855493.1	KAK9844674.1
OG0005086	KAK9855495.1	KAK9836887.1
OG0005087	KAK9855496.1	KAK9836742.1
OG0005088	KAK9855498.1	KAK9836504.1
OG0005089	KAK9855743.1	KAK9825752.1
OG0005090	KAK9855758.1	KAK9844629.1
OG0005091	KAK9855759.1	KAK9835464.1
OG0005092	KAK9855771.1	KAK9838043.1
OG0005093	KAK9855775.1	KAK9832415.1
OG0005094	KAK9855780.1	KAK9826991.1
OG0005095	KAK9855781.1	KAK9835474.1
OG0005096	KAK9855785.1	KAK9843183.1
OG0005097	KAK9855787.1	KAK9836700.1
OG0005098	KAK9855789.1	KAK9842763.1
OG0005099	KAK9855793.1	KAK9818897.1
OG0005100	KAK9855801.1	KAK9839089.1
OG0005101	KAK9855805.1, KAK9855806.1	
OG0005102	KAK9856079.1	KAK9834515.1
OG0005103	KAK9856080.1	KAK9834588.1
OG0005104	KAK9856084.1	KAK9831189.1
OG0005105	KAK9856085.1	KAK9831276.1
OG0005106	KAK9856093.1	KAK9832334.1
OG0005107	KAK9856094.1	KAK9832142.1
OG0005108	KAK9856096.1	KAK9832259.1
OG0005109	KAK9856098.1	KAK9817424.1
OG0005110	KAK9856102.1, KAK9864973.1	
OG0005111	KAK9856111.1	KAK9833909.1
OG0005112	KAK9856118.1	KAK9837888.1
OG0005113	KAK9856122.1	KAK9844667.1
OG0005114	KAK9856124.1	KAK9844265.1
OG0005115	KAK9856129.1, KAK9856130.1	
OG0005116	KAK9856131.1, KAK9856132.1	
OG0005117	KAK9856134.1	KAK9842819.1
OG0005118	KAK9856139.1	KAK9842850.1
OG0005119	KAK9856145.1	KAK9822341.1
OG0005120	KAK9856415.1	KAK9820660.1
OG0005121	KAK9856421.1	KAK9821843.1
OG0005122	KAK9856422.1	KAK9821878.1
OG0005123	KAK9856426.1	KAK9837641.1
OG0005124	KAK9856427.1	KAK9837592.1
OG0005125	KAK9856428.1	KAK9837876.1
OG0005126	KAK9856430.1	KAK9837642.1
OG0005127	KAK9856433.1, KAK9862356.1	
OG0005128	KAK9856438.1	KAK9817400.1
OG0005129	KAK9856440.1	KAK9817411.1
OG0005130	KAK9856443.1	KAK9825984.1
OG0005131	KAK9856445.1	KAK9826030.1
OG0005132	KAK9856446.1	KAK9842971.1
OG0005133	KAK9856447.1	KAK9843301.1
OG0005134	KAK9856455.1, KAK9859400.1	
OG0005135	KAK9856460.1	KAK9836880.1
OG0005136	KAK9856461.1	KAK9836600.1
OG0005137	KAK9856464.1	KAK9833198.1
OG0005138	KAK9856465.1	KAK9832925.1
OG0005139	KAK9856466.1	KAK9827103.1
OG0005140	KAK9856470.1	KAK9826919.1
OG0005141	KAK9856472.1	KAK9841418.1
OG0005142	KAK9856473.1	KAK9841509.1
OG0005143	KAK9856474.1, KAK9856475.1	
OG0005144	KAK9856766.1	KAK9841431.1
OG0005145	KAK9856768.1	KAK9841238.1
OG0005146	KAK9856769.1	KAK9841698.1
OG0005147	KAK9856771.1	KAK9819529.1
OG0005148	KAK9856775.1	KAK9832890.1
OG0005149	KAK9856778.1	KAK9822740.1
OG0005150	KAK9856780.1	KAK9822774.1
OG0005151	KAK9856782.1	KAK9816366.1
OG0005152	KAK9856783.1	KAK9816363.1
OG0005153	KAK9856786.1	KAK9816373.1
OG0005154	KAK9856787.1	KAK9820897.1
OG0005155	KAK9856789.1	KAK9820908.1
OG0005156	KAK9856790.1	KAK9820942.1
OG0005157	KAK9856793.1	KAK9820906.1
OG0005158	KAK9856794.1	KAK9842912.1
OG0005159	KAK9856795.1	KAK9843143.1
OG0005160	KAK9856797.1	KAK9843066.1
OG0005161	KAK9856803.1	KAK9826647.1
OG0005162	KAK9856806.1	KAK9826630.1
OG0005163	KAK9856807.1	KAK9826640.1
OG0005164	KAK9856813.1	KAK9835878.1
OG0005165	KAK9856816.1	KAK9835665.1
OG0005166	KAK9856819.1	KAK9832311.1
OG0005167	KAK9856820.1	KAK9832315.1
OG0005168	KAK9856828.1	KAK9839925.1
OG0005169	KAK9856829.1	KAK9840140.1
OG0005170	KAK9856834.1	KAK9837683.1
OG0005171	KAK9856836.1	KAK9837999.1
OG0005172	KAK9856840.1	KAK9837625.1
OG0005173	KAK9856846.1	KAK9817412.1
OG0005174	KAK9856847.1	KAK9817420.1
OG0005175	KAK9856848.1	KAK9817403.1
OG0005176	KAK9856851.1	KAK9826338.1
OG0005177	KAK9856852.1	KAK9826254.1
OG0005178	KAK9856853.1	KAK9826328.1
OG0005179	KAK9856857.1	KAK9836785.1
OG0005180	KAK9856860.1	KAK9826544.1
OG0005181	KAK9856861.1	KAK9826565.1
OG0005182	KAK9857159.1	KAK9827860.1
OG0005183	KAK9857163.1, KAK9867009.1	
OG0005184	KAK9857164.1	KAK9840112.1
OG0005185	KAK9857167.1	KAK9833132.1
OG0005186	KAK9857168.1	KAK9833143.1
OG0005187	KAK9857171.1	KAK9832870.1
OG0005188	KAK9857173.1	KAK9841672.1
OG0005189	KAK9857174.1	KAK9841311.1
OG0005190	KAK9857175.1	KAK9841734.1
OG0005191	KAK9857176.1	KAK9841578.1
OG0005192	KAK9857182.1	KAK9836835.1
OG0005193	KAK9857187.1	KAK9838742.1
OG0005194	KAK9857188.1	KAK9838774.1
OG0005195	KAK9857190.1	KAK9821820.1
OG0005196	KAK9857192.1	KAK9821861.1
OG0005197	KAK9857193.1	KAK9821858.1
OG0005198	KAK9857194.1	KAK9817468.1
OG0005199	KAK9857210.1	KAK9838986.1
OG0005200	KAK9857211.1	KAK9838634.1
OG0005201	KAK9857213.1	KAK9838823.1
OG0005202	KAK9857221.1	KAK9815994.1
OG0005203	KAK9857222.1	KAK9815997.1
OG0005204	KAK9857223.1	KAK9837843.1
OG0005205	KAK9857225.1	KAK9838066.1
OG0005206	KAK9857229.1	KAK9837612.1
OG0005207	KAK9857235.1	KAK9833667.1
OG0005208	KAK9857237.1	KAK9820912.1
OG0005209	KAK9857238.1	KAK9840353.1
OG0005210	KAK9857243.1	KAK9827502.1
OG0005211	KAK9857245.1	KAK9827408.1
OG0005212	KAK9857255.1	KAK9844382.1
OG0005213	KAK9857555.1	KAK9824741.1
OG0005214	KAK9857556.1	KAK9824801.1
OG0005215	KAK9857558.1	KAK9818685.1
OG0005216	KAK9857563.1	KAK9818697.1
OG0005217	KAK9857564.1	KAK9822935.1
OG0005218	KAK9857569.1	KAK9827792.1
OG0005219	KAK9857571.1	KAK9841700.1
OG0005220	KAK9857573.1	KAK9841201.1
OG0005221	KAK9857574.1	KAK9841500.1
OG0005222	KAK9857575.1	KAK9841572.1
OG0005223	KAK9857581.1, KAK9857582.1	
OG0005224	KAK9857585.1	KAK9840186.1
OG0005225	KAK9857586.1	KAK9840362.1
OG0005226	KAK9857589.1	KAK9838800.1
OG0005227	KAK9857591.1	KAK9835780.1
OG0005228	KAK9857593.1	KAK9835538.1
OG0005229	KAK9857600.1	KAK9835849.1
OG0005230	KAK9857602.1	KAK9835737.1
OG0005231	KAK9857604.1	KAK9844278.1
OG0005232	KAK9857606.1	KAK9844801.1
OG0005233	KAK9857607.1	KAK9844468.1
OG0005234	KAK9857608.1	KAK9828224.1
OG0005235	KAK9857609.1	KAK9828286.1
OG0005236	KAK9857614.1	KAK9841529.1
OG0005237	KAK9857615.1	KAK9841161.1
OG0005238	KAK9857616.1	KAK9841261.1
OG0005239	KAK9857621.1	KAK9819420.1
OG0005240	KAK9857623.1	KAK9827498.1
OG0005241	KAK9857624.1	KAK9827490.1
OG0005242	KAK9857626.1, KAK9857627.1	
OG0005243	KAK9857628.1	KAK9827931.1
OG0005244	KAK9857631.1	KAK9820804.1
OG0005245	KAK9857632.1	KAK9826918.1
OG0005246	KAK9857634.1, KAK9857635.1	
OG0005247	KAK9857929.1	KAK9832260.1
OG0005248	KAK9857932.1	KAK9832183.1
OG0005249	KAK9857933.1	KAK9832413.1
OG0005250	KAK9857939.1	KAK9836872.1
OG0005251	KAK9857942.1	KAK9818966.1
OG0005252	KAK9857943.1	KAK9818945.1
OG0005253	KAK9857948.1	KAK9835441.1
OG0005254	KAK9857949.1	KAK9835496.1
OG0005255	KAK9857953.1	KAK9835633.1
OG0005256	KAK9857955.1	KAK9835786.1
OG0005257	KAK9857956.1	KAK9835436.1
OG0005258	KAK9857958.1	KAK9818514.1
OG0005259	KAK9857963.1, KAK9857964.1	
OG0005260	KAK9857965.1	KAK9818503.1
OG0005261	KAK9857966.1	KAK9818500.1
OG0005262	KAK9857967.1	KAK9816229.1
OG0005263	KAK9857969.1	KAK9816218.1
OG0005264	KAK9857970.1	KAK9816224.1
OG0005265	KAK9857978.1	KAK9835766.1
OG0005266	KAK9857979.1	KAK9827857.1
OG0005267	KAK9857981.1	KAK9827763.1
OG0005268	KAK9857983.1	KAK9827947.1
OG0005269	KAK9857984.1	KAK9831570.1
OG0005270	KAK9857987.1	KAK9832451.1
OG0005271	KAK9857989.1	KAK9832324.1
OG0005272	KAK9857990.1	KAK9832310.1
OG0005273	KAK9857992.1	KAK9832167.1
OG0005274	KAK9857997.1	KAK9821059.1
OG0005275	KAK9857998.1	KAK9821020.1
OG0005276	KAK9857999.1	KAK9821054.1
OG0005277	KAK9858000.1	KAK9821077.1
OG0005278	KAK9858001.1	KAK9839134.1
OG0005279	KAK9858002.1	KAK9838867.1
OG0005280	KAK9858005.1, KAK9867634.1	
OG0005281	KAK9858009.1	KAK9826661.1
OG0005282	KAK9858010.1	KAK9826643.1
OG0005283	KAK9858014.1	KAK9826573.1
OG0005284	KAK9858015.1	KAK9826684.1
OG0005285	KAK9858016.1	KAK9826638.1
OG0005286	KAK9858019.1	KAK9840170.1
OG0005287	KAK9858020.1, KAK9863002.1	
OG0005288	KAK9858022.1	KAK9840255.1
OG0005289	KAK9858033.1	KAK9836896.1
OG0005290	KAK9858035.1	KAK9836724.1
OG0005291	KAK9858379.1, KAK9867297.1	
OG0005292	KAK9858388.1	KAK9834727.1
OG0005293	KAK9858391.1	KAK9833172.1
OG0005294	KAK9858396.1	KAK9841692.1
OG0005295	KAK9858397.1	KAK9841215.1
OG0005296	KAK9858401.1	KAK9841409.1
OG0005297	KAK9858414.1	KAK9840130.1
OG0005298	KAK9858415.1	KAK9840371.1
OG0005299	KAK9858418.1	KAK9831700.1
OG0005300	KAK9858420.1	KAK9831737.1
OG0005301	KAK9858422.1	KAK9831588.1
OG0005302	KAK9858423.1	KAK9831563.1
OG0005303	KAK9858425.1	KAK9832938.1
OG0005304	KAK9858426.1	KAK9833221.1
OG0005305	KAK9858428.1	KAK9832963.1
OG0005306	KAK9858430.1	KAK9837818.1
OG0005307	KAK9858433.1	KAK9842774.1
OG0005308	KAK9858434.1	KAK9843258.1
OG0005309	KAK9858436.1	KAK9842822.1
OG0005310	KAK9858437.1	KAK9843199.1
OG0005311	KAK9858443.1	KAK9836684.1
OG0005312	KAK9858446.1	KAK9836656.1
OG0005313	KAK9858448.1	KAK9836529.1
OG0005314	KAK9858466.1	KAK9837786.1
OG0005315	KAK9858475.1	KAK9840405.1
OG0005316	KAK9858793.1	KAK9834390.1
OG0005317	KAK9858797.1	KAK9834611.1
OG0005318	KAK9858799.1	KAK9841126.1
OG0005319	KAK9858802.1	KAK9841496.1
OG0005320	KAK9858803.1	KAK9841710.1
OG0005321	KAK9858813.1	KAK9842719.1
OG0005322	KAK9858820.1	KAK9822780.1
OG0005323	KAK9858825.1	KAK9822771.1
OG0005324	KAK9858826.1	KAK9820901.1
OG0005325	KAK9858834.1	KAK9836737.1
OG0005326	KAK9858835.1	KAK9836736.1
OG0005327	KAK9858836.1	KAK9836837.1
OG0005328	KAK9858837.1	KAK9836917.1
OG0005329	KAK9858841.1	KAK9837668.1
OG0005330	KAK9858842.1	KAK9838929.1
OG0005331	KAK9858851.1	KAK9818809.1
OG0005332	KAK9858854.1	KAK9818531.1
OG0005333	KAK9858856.1	KAK9817469.1
OG0005334	KAK9858857.1	KAK9817454.1
OG0005335	KAK9858858.1	KAK9817458.1
OG0005336	KAK9858862.1	KAK9816261.1
OG0005337	KAK9858863.1	KAK9816250.1
OG0005338	KAK9858869.1	KAK9828243.1
OG0005339	KAK9858871.1	KAK9818789.1
OG0005340	KAK9858872.1	KAK9818777.1
OG0005341	KAK9858874.1	KAK9834771.1
OG0005342	KAK9858875.1	KAK9834657.1
OG0005343	KAK9858876.1	KAK9834710.1
OG0005344	KAK9858879.1	KAK9826646.1
OG0005345	KAK9858880.1	KAK9826543.1
OG0005346	KAK9858882.1	KAK9826518.1
OG0005347	KAK9858883.1	KAK9842745.1
OG0005348	KAK9858884.1	KAK9842910.1
OG0005349	KAK9858888.1	KAK9834444.1
OG0005350	KAK9858890.1	KAK9822066.1
OG0005351	KAK9858891.1	KAK9822118.1
OG0005352	KAK9859290.1	KAK9826040.1
OG0005353	KAK9859291.1	KAK9826060.1
OG0005354	KAK9859292.1, KAK9859293.1	
OG0005355	KAK9859296.1	KAK9826008.1
OG0005356	KAK9859297.1	KAK9826006.1
OG0005357	KAK9859302.1	KAK9826079.1
OG0005358	KAK9859303.1	KAK9822275.1
OG0005359	KAK9859307.1	KAK9834783.1
OG0005360	KAK9859308.1	KAK9834593.1
OG0005361	KAK9859311.1	KAK9833234.1
OG0005362	KAK9859313.1	KAK9833161.1
OG0005363	KAK9859314.1	KAK9840194.1
OG0005364	KAK9859320.1	KAK9835584.1
OG0005365	KAK9859321.1	KAK9835861.1
OG0005366	KAK9859322.1	KAK9835533.1
OG0005367	KAK9859325.1, KAK9859326.1	
OG0005368	KAK9859327.1	KAK9841165.1
OG0005369	KAK9859328.1	KAK9841321.1
OG0005370	KAK9859329.1	KAK9841294.1
OG0005371	KAK9859330.1	KAK9841347.1
OG0005372	KAK9859331.1	KAK9841227.1
OG0005373	KAK9859332.1	KAK9841631.1
OG0005374	KAK9859336.1	KAK9837841.1
OG0005375	KAK9859341.1	KAK9835916.1
OG0005376	KAK9859342.1	KAK9835863.1
OG0005377	KAK9859345.1	KAK9837994.1
OG0005378	KAK9859347.1	KAK9844479.1
OG0005379	KAK9859348.1, KAK9859349.1	
OG0005380	KAK9859355.1	KAK9842981.1
OG0005381	KAK9859358.1	KAK9827923.1
OG0005382	KAK9859363.1	KAK9827891.1
OG0005383	KAK9859365.1	KAK9841302.1
OG0005384	KAK9859367.1	KAK9841517.1
OG0005385	KAK9859369.1	KAK9841671.1
OG0005386	KAK9859370.1	KAK9841541.1
OG0005387	KAK9859371.1	KAK9826001.1
OG0005388	KAK9859372.1	KAK9825989.1
OG0005389	KAK9859373.1	KAK9825942.1
OG0005390	KAK9859374.1	KAK9825953.1
OG0005391	KAK9859378.1, KAK9859379.1	
OG0005392	KAK9859392.1	KAK9844602.1
OG0005393	KAK9859395.1	KAK9844272.1
OG0005394	KAK9859396.1	KAK9844550.1
OG0005395	KAK9859398.1	KAK9845107.1
OG0005396	KAK9859774.1, KAK9859775.1	
OG0005397	KAK9859782.1, KAK9861215.1	
OG0005398	KAK9859784.1	KAK9828146.1
OG0005399	KAK9859785.1	KAK9828187.1
OG0005400	KAK9859788.1	KAK9822972.1
OG0005401	KAK9859789.1	KAK9822955.1
OG0005402	KAK9859793.1	KAK9822578.1
OG0005403	KAK9859798.1	KAK9821841.1
OG0005404	KAK9859801.1	KAK9821887.1
OG0005405	KAK9859802.1	KAK9821903.1
OG0005406	KAK9859804.1	KAK9821825.1
OG0005407	KAK9859809.1, KAK9868840.1	
OG0005408	KAK9859810.1	KAK9827846.1
OG0005409	KAK9859811.1	KAK9827749.1
OG0005410	KAK9859812.1	KAK9827830.1
OG0005411	KAK9859821.1, KAK9859822.1	
OG0005412	KAK9859828.1	KAK9832221.1
OG0005413	KAK9859834.1, KAK9859835.1	
OG0005414	KAK9859836.1	KAK9818770.1
OG0005415	KAK9859840.1	KAK9832207.1
OG0005416	KAK9859846.1	KAK9833070.1
OG0005417	KAK9859847.1	KAK9833027.1
OG0005418	KAK9859848.1	KAK9833095.1
OG0005419	KAK9859849.1	KAK9832869.1
OG0005420	KAK9859850.1	KAK9840485.1
OG0005421	KAK9859851.1	KAK9840103.1
OG0005422	KAK9859852.1	KAK9840154.1
OG0005423	KAK9859853.1	KAK9840352.1
OG0005424	KAK9859856.1	KAK9840009.1
OG0005425	KAK9859861.1	KAK9821030.1
OG0005426	KAK9859865.1	KAK9833087.1
OG0005427	KAK9859870.1, KAK9859871.1	
OG0005428	KAK9859872.1, KAK9859873.1	
OG0005429	KAK9860322.1	KAK9822912.1
OG0005430	KAK9860328.1	KAK9830713.1
OG0005431	KAK9860333.1	KAK9836467.1
OG0005432	KAK9860335.1	KAK9836871.1
OG0005433	KAK9860336.1	KAK9836688.1
OG0005434	KAK9860341.1	KAK9837643.1
OG0005435	KAK9860343.1	KAK9838021.1
OG0005436	KAK9860344.1	KAK9837947.1
OG0005437	KAK9860346.1	KAK9841684.1
OG0005438	KAK9860350.1, KAK9860351.1	
OG0005439	KAK9860361.1	KAK9828263.1
OG0005440	KAK9860362.1	KAK9828170.1
OG0005441	KAK9860364.1	KAK9822744.1
OG0005442	KAK9860365.1	KAK9822745.1
OG0005443	KAK9860366.1	KAK9822762.1
OG0005444	KAK9860369.1	KAK9825042.1
OG0005445	KAK9860372.1	KAK9825085.1
OG0005446	KAK9860375.1	KAK9840187.1
OG0005447	KAK9860377.1	KAK9840190.1
OG0005448	KAK9860378.1	KAK9840334.1
OG0005449	KAK9860379.1	KAK9840423.1
OG0005450	KAK9860381.1	KAK9821152.1
OG0005451	KAK9860383.1	KAK9821160.1
OG0005452	KAK9860384.1	KAK9831556.1
OG0005453	KAK9860386.1	KAK9821183.1
OG0005454	KAK9860387.1	KAK9821201.1
OG0005455	KAK9860389.1	KAK9822320.1
OG0005456	KAK9860390.1	KAK9822309.1
OG0005457	KAK9860392.1	KAK9822337.1
OG0005458	KAK9860400.1	KAK9844303.1
OG0005459	KAK9860403.1	KAK9844767.1
OG0005460	KAK9860404.1, KAK9866015.1	
OG0005461	KAK9860407.1	KAK9820800.1
OG0005462	KAK9860409.1, KAK9866101.1	
OG0005463	KAK9860410.1	KAK9820803.1
OG0005464	KAK9860424.1	KAK9838973.1
OG0005465	KAK9860428.1	KAK9844558.1
OG0005466	KAK9860443.1	KAK9841663.1
OG0005467	KAK9860444.1	KAK9841469.1
OG0005468	KAK9860449.1	KAK9832466.1
OG0005469	KAK9860454.1, KAK9868197.1	
OG0005470	KAK9860456.1	KAK9832885.1
OG0005471	KAK9860996.1, KAK9860997.1	
OG0005472	KAK9861000.1	KAK9837980.1
OG0005473	KAK9861002.1	KAK9837795.1
OG0005474	KAK9861005.1, KAK9861006.1	
OG0005475	KAK9861007.1	KAK9833760.1
OG0005476	KAK9861008.1, KAK9862736.1	
OG0005477	KAK9861013.1	KAK9844390.1
OG0005478	KAK9861014.1, KAK9861015.1	
OG0005479	KAK9861027.1	KAK9816304.1
OG0005480	KAK9861032.1	KAK9818696.1
OG0005481	KAK9861033.1	KAK9818699.1
OG0005482	KAK9861034.1	KAK9818682.1
OG0005483	KAK9861036.1	KAK9827516.1
OG0005484	KAK9861039.1	KAK9838906.1
OG0005485	KAK9861040.1	KAK9838721.1
OG0005486	KAK9861041.1	KAK9838835.1
OG0005487	KAK9861042.1	KAK9838904.1
OG0005488	KAK9861044.1	KAK9839106.1
OG0005489	KAK9861050.1	KAK9831271.1
OG0005490	KAK9861053.1	KAK9831299.1
OG0005491	KAK9861056.1	KAK9831209.1
OG0005492	KAK9861065.1	KAK9840164.1
OG0005493	KAK9861066.1	KAK9845117.1
OG0005494	KAK9861070.1	KAK9844900.1
OG0005495	KAK9861073.1	KAK9834717.1
OG0005496	KAK9861082.1	KAK9843180.1
OG0005497	KAK9861083.1	KAK9843252.1
OG0005498	KAK9861088.1	KAK9821279.1
OG0005499	KAK9861091.1	KAK9821274.1
OG0005500	KAK9861092.1	KAK9822419.1
OG0005501	KAK9861093.1	KAK9822436.1
OG0005502	KAK9861094.1	KAK9822434.1
OG0005503	KAK9861099.1	KAK9833091.1
OG0005504	KAK9861100.1	KAK9832875.1
OG0005505	KAK9861106.1	KAK9839101.1
OG0005506	KAK9861108.1	KAK9834790.1
OG0005507	KAK9861110.1	KAK9834719.1
OG0005508	KAK9861111.1	KAK9834499.1
OG0005509	KAK9861120.1	KAK9833000.1
OG0005510	KAK9861126.1	KAK9841427.1
OG0005511	KAK9861127.1	KAK9841267.1
OG0005512	KAK9861128.1	KAK9817337.1
OG0005513	KAK9861129.1	KAK9817346.1
OG0005514	KAK9861130.1	KAK9817347.1
OG0005515	KAK9861131.1	KAK9837908.1
OG0005516	KAK9861139.1	KAK9841285.1
OG0005517	KAK9861141.1	KAK9841411.1
OG0005518	KAK9861142.1, KAK9868976.1	
OG0005519	KAK9861144.1	KAK9836919.1
OG0005520	KAK9861145.1	KAK9836526.1
OG0005521	KAK9861151.1	KAK9825566.1
OG0005522	KAK9861155.1	KAK9825592.1
OG0005523	KAK9861156.1	KAK9838975.1
OG0005524	KAK9861158.1	KAK9838864.1
OG0005525	KAK9861160.1	KAK9839057.1
OG0005526	KAK9861162.1	KAK9838830.1
OG0005527	KAK9861174.1	KAK9844568.1
OG0005528	KAK9861179.1, KAK9864835.1	
OG0005529	KAK9861180.1, KAK9861181.1	
OG0005530	KAK9861187.1	KAK9840074.1
OG0005531	KAK9861192.1	KAK9841421.1
OG0005532	KAK9861196.1	KAK9824721.1
OG0005533	KAK9861197.1	KAK9824722.1
OG0005534	KAK9861200.1	KAK9817358.1
OG0005535	KAK9861201.1	KAK9818889.1
OG0005536	KAK9861202.1	KAK9818854.1
OG0005537	KAK9861204.1	KAK9818858.1
OG0005538	KAK9861206.1	KAK9818880.1
OG0005539	KAK9861207.1	KAK9816015.1
OG0005540	KAK9861208.1	KAK9836909.1
OG0005541	KAK9861213.1	KAK9836565.1
OG0005542	KAK9861214.1	KAK9828136.1
OG0005543	KAK9861216.1	KAK9828271.1
OG0005544	KAK9861218.1	KAK9842736.1
OG0005545	KAK9861219.1	KAK9842761.1
OG0005546	KAK9861220.1	KAK9843317.1
OG0005547	KAK9861222.1	KAK9842914.1
OG0005548	KAK9861227.1	KAK9836500.1
OG0005549	KAK9861228.1	KAK9836618.1
OG0005550	KAK9861229.1	KAK9836457.1
OG0005551	KAK9861232.1	KAK9835729.1
OG0005552	KAK9861234.1	KAK9835562.1
OG0005553	KAK9861237.1	KAK9830693.1
OG0005554	KAK9861241.1	KAK9821013.1
OG0005555	KAK9861242.1	KAK9844520.1
OG0005556	KAK9861243.1	KAK9845027.1
OG0005557	KAK9861246.1	KAK9844507.1
OG0005558	KAK9861249.1	KAK9836671.1
OG0005559	KAK9861250.1	KAK9836861.1
OG0005560	KAK9861251.1	KAK9836659.1
OG0005561	KAK9861252.1	KAK9836889.1
OG0005562	KAK9861257.1	KAK9837628.1
OG0005563	KAK9861262.1	KAK9817409.1
OG0005564	KAK9861264.1	KAK9835526.1
OG0005565	KAK9861265.1	KAK9817415.1
OG0005566	KAK9861266.1, KAK9861267.1	
OG0005567	KAK9861274.1	KAK9837579.1
OG0005568	KAK9861275.1	KAK9837996.1
OG0005569	KAK9861277.1, KAK9861278.1	
OG0005570	KAK9861279.1	KAK9837827.1
OG0005571	KAK9861280.1	KAK9837992.1
OG0005572	KAK9861282.1	KAK9817561.1
OG0005573	KAK9861283.1	KAK9817539.1
OG0005574	KAK9861284.1	KAK9817558.1
OG0005575	KAK9861285.1	KAK9831181.1
OG0005576	KAK9861288.1	KAK9826701.1
OG0005577	KAK9861290.1, KAK9861291.1	
OG0005578	KAK9861297.1	KAK9844822.1
OG0005579	KAK9861301.1	KAK9817598.1
OG0005580	KAK9861302.1	KAK9817586.1
OG0005581	KAK9861304.1	KAK9817588.1
OG0005582	KAK9861307.1	KAK9817606.1
OG0005583	KAK9861308.1, KAK9861309.1	
OG0005584	KAK9861316.1	KAK9840012.1
OG0005585	KAK9861318.1	KAK9840417.1
OG0005586	KAK9861319.1	KAK9840260.1
OG0005587	KAK9861320.1	KAK9840488.1
OG0005588	KAK9861321.1	KAK9840097.1
OG0005589	KAK9861322.1	KAK9839901.1
OG0005590	KAK9861323.1	KAK9840180.1
OG0005591	KAK9861328.1, KAK9861329.1	
OG0005592	KAK9861330.1	KAK9841179.1
OG0005593	KAK9861332.1	KAK9841384.1
OG0005594	KAK9861334.1	KAK9841667.1
OG0005595	KAK9861335.1	KAK9841727.1
OG0005596	KAK9861340.1	KAK9835678.1
OG0005597	KAK9861341.1	KAK9835489.1
OG0005598	KAK9861342.1	KAK9835504.1
OG0005599	KAK9861343.1	KAK9826045.1
OG0005600	KAK9861344.1	KAK9825990.1
OG0005601	KAK9861353.1, KAK9868875.1	
OG0005602	KAK9861362.1	KAK9818871.1
OG0005603	KAK9861365.1	KAK9844436.1
OG0005604	KAK9861370.1, KAK9861371.1	
OG0005605	KAK9861375.1	KAK9845129.1
OG0005606	KAK9861376.1	KAK9844312.1
OG0005607	KAK9861378.1, KAK9864422.1	
OG0005608	KAK9861382.1	KAK9819360.1
OG0005609	KAK9861384.1	KAK9819340.1
OG0005610	KAK9861386.1	KAK9819291.1
OG0005611	KAK9861387.1, KAK9866442.1	
OG0005612	KAK9861388.1	KAK9819305.1
OG0005613	KAK9861389.1	KAK9822013.1
OG0005614	KAK9861396.1	KAK9838863.1
OG0005615	KAK9861401.1	KAK9826548.1
OG0005616	KAK9861402.1	KAK9825941.1
OG0005617	KAK9861403.1	KAK9826620.1
OG0005618	KAK9861404.1, KAK9864939.1	
OG0005619	KAK9861405.1	KAK9832189.1
OG0005620	KAK9861408.1	KAK9832178.1
OG0005621	KAK9861411.1	KAK9827460.1
OG0005622	KAK9861415.1	KAK9822721.1
OG0005623	KAK9861416.1	KAK9822727.1
OG0005624	KAK9861418.1	KAK9822797.1
OG0005625	KAK9861419.1	KAK9822769.1
OG0005626	KAK9861420.1	KAK9841381.1
OG0005627	KAK9861421.1	KAK9841588.1
OG0005628	KAK9861422.1	KAK9841577.1
OG0005629	KAK9861430.1	KAK9834586.1
OG0005630	KAK9861432.1	KAK9843338.1
OG0005631	KAK9861433.1	KAK9842924.1
OG0005632	KAK9861437.1	KAK9819338.1
OG0005633	KAK9861439.1	KAK9819328.1
OG0005634	KAK9861442.1	KAK9819285.1
OG0005635	KAK9861444.1	KAK9819289.1
OG0005636	KAK9861445.1	KAK9819355.1
OG0005637	KAK9861447.1	KAK9840499.1
OG0005638	KAK9861449.1	KAK9844389.1
OG0005639	KAK9861451.1	KAK9844815.1
OG0005640	KAK9861452.1	KAK9844898.1
OG0005641	KAK9861464.1	KAK9828302.1
OG0005642	KAK9861466.1	KAK9841669.1
OG0005643	KAK9861469.1	KAK9841230.1
OG0005644	KAK9861470.1	KAK9825588.1
OG0005645	KAK9861473.1	KAK9844611.1
OG0005646	KAK9861474.1	KAK9844309.1
OG0005647	KAK9861478.1	KAK9831757.1
OG0005648	KAK9861483.1, KAK9861484.1	
OG0005649	KAK9861492.1	KAK9818716.1
OG0005650	KAK9861523.1	KAK9818679.1
OG0005651	KAK9861524.1	KAK9818698.1
OG0005652	KAK9861525.1	KAK9827874.1
OG0005653	KAK9861529.1	KAK9827935.1
OG0005654	KAK9861531.1, KAK9861532.1	
OG0005655	KAK9861533.1	KAK9841510.1
OG0005656	KAK9861538.1	KAK9840166.1
OG0005657	KAK9861543.1	KAK9839985.1
OG0005658	KAK9861550.1	KAK9815993.1
OG0005659	KAK9861554.1	KAK9826962.1
OG0005660	KAK9861555.1	KAK9827108.1
OG0005661	KAK9861563.1	KAK9828179.1
OG0005662	KAK9861565.1	KAK9828255.1
OG0005663	KAK9861568.1	KAK9825534.1
OG0005664	KAK9861571.1	KAK9825516.1
OG0005665	KAK9861573.1	KAK9825509.1
OG0005666	KAK9861576.1	KAK9834625.1
OG0005667	KAK9861577.1	KAK9834613.1
OG0005668	KAK9861581.1	KAK9825957.1
OG0005669	KAK9861582.1	KAK9826523.1
OG0005670	KAK9861585.1	KAK9826696.1
OG0005671	KAK9861590.1	KAK9816395.1
OG0005672	KAK9861592.1	KAK9816386.1
OG0005673	KAK9861598.1	KAK9821833.1
OG0005674	KAK9861600.1	KAK9821845.1
OG0005675	KAK9861601.1	KAK9821892.1
OG0005676	KAK9861605.1, KAK9861647.1	
OG0005677	KAK9861610.1	KAK9821491.1
OG0005678	KAK9861619.1	KAK9844575.1
OG0005679	KAK9861620.1	KAK9845078.1
OG0005680	KAK9861629.1	KAK9836482.1
OG0005681	KAK9861631.1	KAK9844566.1
OG0005682	KAK9861637.1	KAK9836649.1
OG0005683	KAK9861638.1	KAK9836874.1
OG0005684	KAK9861640.1	KAK9836511.1
OG0005685	KAK9861641.1	KAK9836875.1
OG0005686	KAK9861643.1	KAK9836601.1
OG0005687	KAK9861645.1	KAK9836418.1
OG0005688	KAK9861646.1	KAK9820903.1
OG0005689	KAK9861650.1	KAK9820936.1
OG0005690	KAK9861657.1	KAK9831751.1
OG0005691	KAK9861660.1	KAK9819308.1
OG0005692	KAK9861661.1	KAK9819297.1
OG0005693	KAK9861663.1	KAK9819296.1
OG0005694	KAK9861664.1	KAK9841548.1
OG0005695	KAK9861667.1	KAK9841296.1
OG0005696	KAK9861670.1	KAK9825599.1
OG0005697	KAK9861673.1	KAK9825610.1
OG0005698	KAK9861674.1	KAK9825493.1
OG0005699	KAK9861676.1	KAK9825547.1
OG0005700	KAK9861677.1	KAK9816049.1
OG0005701	KAK9861678.1	KAK9817342.1
OG0005702	KAK9861681.1	KAK9816053.1
OG0005703	KAK9861683.1	KAK9816057.1
OG0005704	KAK9861685.1	KAK9844306.1
OG0005705	KAK9861695.1	KAK9843238.1
OG0005706	KAK9861699.1	KAK9840361.1
OG0005707	KAK9861700.1	KAK9840483.1
OG0005708	KAK9861702.1	KAK9840126.1
OG0005709	KAK9861703.1	KAK9840146.1
OG0005710	KAK9861714.1	KAK9843275.1
OG0005711	KAK9861716.1	KAK9842840.1
OG0005712	KAK9861717.1	KAK9843192.1
OG0005713	KAK9861729.1	KAK9839064.1
OG0005714	KAK9861730.1	KAK9839080.1
OG0005715	KAK9861732.1	KAK9825101.1
OG0005716	KAK9861733.1	KAK9825022.1
OG0005717	KAK9861735.1	KAK9825049.1
OG0005718	KAK9861736.1	KAK9825108.1
OG0005719	KAK9861737.1	KAK9825050.1
OG0005720	KAK9861740.1	KAK9833606.1
OG0005721	KAK9861743.1	KAK9833816.1
OG0005722	KAK9861748.1	KAK9841512.1
OG0005723	KAK9861753.1, KAK9861754.1	
OG0005724	KAK9861755.1, KAK9861756.1	
OG0005725	KAK9861770.1	KAK9826075.1
OG0005726	KAK9861772.1	KAK9825980.1
OG0005727	KAK9861781.1	KAK9819210.1
OG0005728	KAK9861784.1, KAK9861785.1	
OG0005729	KAK9861787.1	KAK9833654.1
OG0005730	KAK9861789.1	KAK9818931.1
OG0005731	KAK9861790.1	KAK9818946.1
OG0005732	KAK9861792.1	KAK9825224.1
OG0005733	KAK9861793.1	KAK9825213.1
OG0005734	KAK9861797.1	KAK9842942.1
OG0005735	KAK9861800.1	KAK9819129.1
OG0005736	KAK9861807.1	KAK9834718.1
OG0005737	KAK9861809.1	KAK9834678.1
OG0005738	KAK9861810.1	KAK9817401.1
OG0005739	KAK9861812.1	KAK9817407.1
OG0005740	KAK9861817.1	KAK9838972.1
OG0005741	KAK9861818.1	KAK9838750.1
OG0005742	KAK9861819.1	KAK9838638.1
OG0005743	KAK9861821.1	KAK9838963.1
OG0005744	KAK9861822.1	KAK9838887.1
OG0005745	KAK9861824.1	KAK9838928.1
OG0005746	KAK9861828.1	KAK9838857.1
OG0005747	KAK9861829.1	KAK9839122.1
OG0005748	KAK9861832.1	KAK9838984.1
OG0005749	KAK9861833.1	KAK9838883.1
OG0005750	KAK9861834.1	KAK9835796.1
OG0005751	KAK9861837.1	KAK9832328.1
OG0005752	KAK9861838.1	KAK9832233.1
OG0005753	KAK9861839.1, KAK9861840.1	
OG0005754	KAK9861845.1	KAK9833669.1
OG0005755	KAK9861848.1	KAK9833716.1
OG0005756	KAK9861859.1, KAK9863042.1	
OG0005757	KAK9861865.1, KAK9864084.1	
OG0005758	KAK9861868.1	KAK9841661.1
OG0005759	KAK9861869.1	KAK9841339.1
OG0005760	KAK9861874.1	KAK9821395.1
OG0005761	KAK9861877.1	KAK9844860.1
OG0005762	KAK9861879.1	KAK9821372.1
OG0005763	KAK9861883.1	KAK9825545.1
OG0005764	KAK9861886.1	KAK9825604.1
OG0005765	KAK9861888.1	KAK9827930.1
OG0005766	KAK9861891.1	KAK9827905.1
OG0005767	KAK9861898.1	KAK9844603.1
OG0005768	KAK9861903.1	KAK9844323.1
OG0005769	KAK9861904.1, KAK9861905.1	
OG0005770	KAK9861910.1	KAK9835890.1
OG0005771	KAK9861920.1	KAK9836523.1
OG0005772	KAK9861923.1	KAK9836883.1
OG0005773	KAK9861932.1	KAK9824734.1
OG0005774	KAK9861934.1	KAK9824789.1
OG0005775	KAK9861937.1	KAK9815963.1
OG0005776	KAK9861939.1	KAK9831075.1
OG0005777	KAK9861945.1	KAK9827936.1
OG0005778	KAK9861947.1	KAK9835568.1
OG0005779	KAK9861948.1	KAK9835507.1
OG0005780	KAK9861949.1	KAK9835907.1
OG0005781	KAK9861951.1	KAK9835435.1
OG0005782	KAK9861952.1	KAK9835705.1
OG0005783	KAK9861954.1	KAK9835443.1
OG0005784	KAK9861964.1	KAK9840159.1
OG0005785	KAK9861969.1	KAK9822032.1
OG0005786	KAK9861971.1	KAK9821503.1
OG0005787	KAK9861973.1	KAK9819351.1
OG0005788	KAK9861974.1	KAK9822094.1
OG0005789	KAK9861977.1	KAK9841406.1
OG0005790	KAK9861984.1	KAK9825010.1
OG0005791	KAK9861985.1	KAK9825092.1
OG0005792	KAK9861986.1	KAK9825020.1
OG0005793	KAK9861987.1	KAK9825111.1
OG0005794	KAK9861989.1	KAK9836494.1
OG0005795	KAK9861999.1, KAK9866039.1	
OG0005796	KAK9862002.1	KAK9828363.1
OG0005797	KAK9862003.1	KAK9828261.1
OG0005798	KAK9862004.1	KAK9828195.1
OG0005799	KAK9862005.1	KAK9828239.1
OG0005800	KAK9862010.1	KAK9828180.1
OG0005801	KAK9862019.1	KAK9840327.1
OG0005802	KAK9862022.1	KAK9839913.1
OG0005803	KAK9862024.1	KAK9840402.1
OG0005804	KAK9862027.1	KAK9840387.1
OG0005805	KAK9862030.1	KAK9827126.1
OG0005806	KAK9862034.1	KAK9827092.1
OG0005807	KAK9862035.1, KAK9862036.1	
OG0005808	KAK9862045.1	KAK9825590.1
OG0005809	KAK9862047.1	KAK9842737.1
OG0005810	KAK9862048.1	KAK9843041.1
OG0005811	KAK9862050.1	KAK9841403.1
OG0005812	KAK9862052.1	KAK9841270.1
OG0005813	KAK9862054.1	KAK9841679.1
OG0005814	KAK9862055.1	KAK9841211.1
OG0005815	KAK9862058.1	KAK9818543.1
OG0005816	KAK9862066.1	KAK9820926.1
OG0005817	KAK9862067.1	KAK9820905.1
OG0005818	KAK9862071.1	KAK9830776.1
OG0005819	KAK9862072.1	KAK9830861.1
OG0005820	KAK9862074.1	KAK9837995.1
OG0005821	KAK9862075.1	KAK9837881.1
OG0005822	KAK9862077.1	KAK9844946.1
OG0005823	KAK9862085.1, KAK9862991.1	
OG0005824	KAK9862104.1	KAK9832969.1
OG0005825	KAK9862109.1	KAK9833025.1
OG0005826	KAK9862116.1	KAK9838683.1
OG0005827	KAK9862117.1	KAK9838664.1
OG0005828	KAK9862118.1	KAK9838884.1
OG0005829	KAK9862121.1	KAK9844274.1
OG0005830	KAK9862123.1	KAK9844591.1
OG0005831	KAK9862124.1, KAK9862125.1	
OG0005832	KAK9862136.1	KAK9822726.1
OG0005833	KAK9862138.1	KAK9835820.1
OG0005834	KAK9862142.1	KAK9835746.1
OG0005835	KAK9862144.1	KAK9825100.1
OG0005836	KAK9862145.1	KAK9825121.1
OG0005837	KAK9862161.1	KAK9845094.1
OG0005838	KAK9862164.1	KAK9844623.1
OG0005839	KAK9862167.1	KAK9836450.1
OG0005840	KAK9862171.1	KAK9836867.1
OG0005841	KAK9862178.1	KAK9838910.1
OG0005842	KAK9862179.1	KAK9839071.1
OG0005843	KAK9862183.1	KAK9828300.1
OG0005844	KAK9862188.1	KAK9825074.1
OG0005845	KAK9862191.1	KAK9840055.1
OG0005846	KAK9862211.1	KAK9831283.1
OG0005847	KAK9862215.1	KAK9831026.1
OG0005848	KAK9862225.1	KAK9840098.1
OG0005849	KAK9862235.1	KAK9832423.1
OG0005850	KAK9862239.1	KAK9825260.1
OG0005851	KAK9862240.1	KAK9817427.1
OG0005852	KAK9862243.1, KAK9862244.1	
OG0005853	KAK9862246.1	KAK9825227.1
OG0005854	KAK9862247.1	KAK9817446.1
OG0005855	KAK9862248.1	KAK9830655.1
OG0005856	KAK9862249.1, KAK9863760.1	
OG0005857	KAK9862254.1	KAK9831077.1
OG0005858	KAK9862259.1	KAK9824929.1
OG0005859	KAK9862260.1	KAK9824953.1
OG0005860	KAK9862262.1	KAK9824911.1
OG0005861	KAK9862265.1	KAK9840064.1
OG0005862	KAK9862266.1	KAK9840116.1
OG0005863	KAK9862268.1	KAK9839949.1
OG0005864	KAK9862269.1	KAK9840311.1
OG0005865	KAK9862270.1	KAK9840053.1
OG0005866	KAK9862274.1	KAK9837801.1
OG0005867	KAK9862277.1	KAK9837757.1
OG0005868	KAK9862278.1	KAK9837993.1
OG0005869	KAK9862279.1	KAK9837814.1
OG0005870	KAK9862280.1	KAK9837660.1
OG0005871	KAK9862281.1	KAK9837733.1
OG0005872	KAK9862282.1	KAK9837745.1
OG0005873	KAK9862287.1	KAK9831618.1
OG0005874	KAK9862292.1, KAK9868450.1	
OG0005875	KAK9862297.1	KAK9842656.1
OG0005876	KAK9862311.1	KAK9833603.1
OG0005877	KAK9862312.1	KAK9827207.1
OG0005878	KAK9862320.1	KAK9844673.1
OG0005879	KAK9862321.1	KAK9845070.1
OG0005880	KAK9862323.1	KAK9845106.1
OG0005881	KAK9862324.1	KAK9844863.1
OG0005882	KAK9862325.1	KAK9844518.1
OG0005883	KAK9862326.1	KAK9844792.1
OG0005884	KAK9862329.1	KAK9840468.1
OG0005885	KAK9862330.1	KAK9833619.1
OG0005886	KAK9862331.1	KAK9833625.1
OG0005887	KAK9862332.1	KAK9833613.1
OG0005888	KAK9862335.1	KAK9833690.1
OG0005889	KAK9862337.1	KAK9833723.1
OG0005890	KAK9862340.1	KAK9837975.1
OG0005891	KAK9862342.1	KAK9838041.1
OG0005892	KAK9862348.1	KAK9831707.1
OG0005893	KAK9862349.1	KAK9831784.1
OG0005894	KAK9862350.1	KAK9831726.1
OG0005895	KAK9862351.1	KAK9831622.1
OG0005896	KAK9862353.1	KAK9816005.1
OG0005897	KAK9862354.1	KAK9816349.1
OG0005898	KAK9862355.1	KAK9816337.1
OG0005899	KAK9862358.1	KAK9835821.1
OG0005900	KAK9862359.1	KAK9835547.1
OG0005901	KAK9862361.1	KAK9837606.1
OG0005902	KAK9862363.1	KAK9837670.1
OG0005903	KAK9862366.1	KAK9837958.1
OG0005904	KAK9862367.1	KAK9837914.1
OG0005905	KAK9862368.1	KAK9831237.1
OG0005906	KAK9862369.1	KAK9831037.1
OG0005907	KAK9862374.1	KAK9831160.1
OG0005908	KAK9862375.1	KAK9831285.1
OG0005909	KAK9862376.1	KAK9832906.1
OG0005910	KAK9862377.1	KAK9833077.1
OG0005911	KAK9862378.1	KAK9844612.1
OG0005912	KAK9862379.1	KAK9844776.1
OG0005913	KAK9862380.1	KAK9844398.1
OG0005914	KAK9862381.1	KAK9844512.1
OG0005915	KAK9862383.1	KAK9819468.1
OG0005916	KAK9862386.1, KAK9862387.1	
OG0005917	KAK9862388.1	KAK9819415.1
OG0005918	KAK9862401.1	KAK9826537.1
OG0005919	KAK9862405.1, KAK9862406.1	
OG0005920	KAK9862408.1	KAK9831184.1
OG0005921	KAK9862409.1	KAK9831293.1
OG0005922	KAK9862410.1	KAK9833691.1
OG0005923	KAK9862412.1	KAK9833787.1
OG0005924	KAK9862415.1	KAK9833794.1
OG0005925	KAK9862418.1	KAK9836856.1
OG0005926	KAK9862425.1	KAK9833920.1
OG0005927	KAK9862426.1	KAK9833712.1
OG0005928	KAK9862428.1	KAK9833609.1
OG0005929	KAK9862429.1	KAK9833752.1
OG0005930	KAK9862432.1, KAK9862433.1	
OG0005931	KAK9862435.1	KAK9836731.1
OG0005932	KAK9862439.1	KAK9836687.1
OG0005933	KAK9862445.1, KAK9862446.1	
OG0005934	KAK9862449.1	KAK9836798.1
OG0005935	KAK9862455.1	KAK9842823.1
OG0005936	KAK9862461.1	KAK9827558.1
OG0005937	KAK9862468.1, KAK9862469.1	
OG0005938	KAK9862472.1	KAK9826599.1
OG0005939	KAK9862474.1	KAK9840035.1
OG0005940	KAK9862482.1, KAK9862483.1	
OG0005941	KAK9862488.1, KAK9862489.1	
OG0005942	KAK9862491.1	KAK9841147.1
OG0005943	KAK9862493.1	KAK9841186.1
OG0005944	KAK9862494.1	KAK9841610.1
OG0005945	KAK9862499.1	KAK9833169.1
OG0005946	KAK9862500.1	KAK9842962.1
OG0005947	KAK9862507.1	KAK9819000.1
OG0005948	KAK9862515.1, KAK9862516.1	
OG0005949	KAK9862519.1	KAK9842833.1
OG0005950	KAK9862524.1	KAK9821050.1
OG0005951	KAK9862525.1	KAK9821024.1
OG0005952	KAK9862531.1	KAK9844330.1
OG0005953	KAK9862534.1	KAK9828213.1
OG0005954	KAK9862535.1	KAK9828339.1
OG0005955	KAK9862539.1	KAK9828344.1
OG0005956	KAK9862551.1	KAK9826538.1
OG0005957	KAK9862553.1	KAK9826575.1
OG0005958	KAK9862557.1	KAK9825311.1
OG0005959	KAK9862559.1	KAK9825243.1
OG0005960	KAK9862560.1	KAK9825319.1
OG0005961	KAK9862561.1	KAK9825323.1
OG0005962	KAK9862563.1	KAK9825252.1
OG0005963	KAK9862568.1	KAK9838761.1
OG0005964	KAK9862579.1, KAK9865959.1	
OG0005965	KAK9862584.1	KAK9843134.1
OG0005966	KAK9862588.1	KAK9832209.1
OG0005967	KAK9862589.1	KAK9832157.1
OG0005968	KAK9862594.1	KAK9843261.1
OG0005969	KAK9862598.1	KAK9842906.1
OG0005970	KAK9862610.1	KAK9833951.1
OG0005971	KAK9862616.1	KAK9839996.1
OG0005972	KAK9862625.1	KAK9822530.1
OG0005973	KAK9862627.1	KAK9822579.1
OG0005974	KAK9862630.1	KAK9822537.1
OG0005975	KAK9862638.1	KAK9819136.1
OG0005976	KAK9862642.1	KAK9844352.1
OG0005977	KAK9862643.1	KAK9844728.1
OG0005978	KAK9862645.1	KAK9836695.1
OG0005979	KAK9862646.1	KAK9836475.1
OG0005980	KAK9862647.1	KAK9836586.1
OG0005981	KAK9862649.1	KAK9824872.1
OG0005982	KAK9862651.1	KAK9824858.1
OG0005983	KAK9862653.1	KAK9824933.1
OG0005984	KAK9862661.1	KAK9827116.1
OG0005985	KAK9862665.1	KAK9822131.1
OG0005986	KAK9862668.1	KAK9822093.1
OG0005987	KAK9862669.1	KAK9820829.1
OG0005988	KAK9862670.1	KAK9820799.1
OG0005989	KAK9862683.1	KAK9822438.1
OG0005990	KAK9862684.1	KAK9831094.1
OG0005991	KAK9862685.1	KAK9822403.1
OG0005992	KAK9862686.1	KAK9831255.1
OG0005993	KAK9862687.1	KAK9833207.1
OG0005994	KAK9862691.1	KAK9832907.1
OG0005995	KAK9862692.1	KAK9832868.1
OG0005996	KAK9862696.1	KAK9841374.1
OG0005997	KAK9862698.1	KAK9841452.1
OG0005998	KAK9862702.1	KAK9835771.1
OG0005999	KAK9862707.1	KAK9835772.1
OG0006000	KAK9862708.1	KAK9835814.1
OG0006001	KAK9862709.1	KAK9835872.1
OG0006002	KAK9862710.1	KAK9842783.1
OG0006003	KAK9862711.1	KAK9842913.1
OG0006004	KAK9862714.1	KAK9842817.1
OG0006005	KAK9862717.1	KAK9843348.1
OG0006006	KAK9862720.1	KAK9828296.1
OG0006007	KAK9862726.1	KAK9841325.1
OG0006008	KAK9862730.1	KAK9841447.1
OG0006009	KAK9862733.1	KAK9841264.1
OG0006010	KAK9862737.1	KAK9836807.1
OG0006011	KAK9862740.1	KAK9836452.1
OG0006012	KAK9862741.1	KAK9836789.1
OG0006013	KAK9862742.1	KAK9836427.1
OG0006014	KAK9862743.1	KAK9842751.1
OG0006015	KAK9862745.1	KAK9843144.1
OG0006016	KAK9862746.1	KAK9842891.1
OG0006017	KAK9862750.1	KAK9842659.1
OG0006018	KAK9862752.1	KAK9825093.1
OG0006019	KAK9862755.1	KAK9825097.1
OG0006020	KAK9862759.1	KAK9833907.1
OG0006021	KAK9862761.1	KAK9833842.1
OG0006022	KAK9862765.1	KAK9824943.1
OG0006023	KAK9862766.1	KAK9824906.1
OG0006024	KAK9862767.1	KAK9824952.1
OG0006025	KAK9862771.1	KAK9824924.1
OG0006026	KAK9862772.1	KAK9824889.1
OG0006027	KAK9862776.1	KAK9818731.1
OG0006028	KAK9862777.1	KAK9818749.1
OG0006029	KAK9862782.1	KAK9818734.1
OG0006030	KAK9862785.1	KAK9821521.1
OG0006031	KAK9862786.1	KAK9821476.1
OG0006032	KAK9862788.1	KAK9821502.1
OG0006033	KAK9862791.1	KAK9821532.1
OG0006034	KAK9862795.1	KAK9839104.1
OG0006035	KAK9862800.1	KAK9838725.1
OG0006036	KAK9862803.1	KAK9827942.1
OG0006037	KAK9862805.1	KAK9827759.1
OG0006038	KAK9862807.1	KAK9827881.1
OG0006039	KAK9862812.1	KAK9835825.1
OG0006040	KAK9862816.1	KAK9826541.1
OG0006041	KAK9862817.1	KAK9826649.1
OG0006042	KAK9862818.1	KAK9826678.1
OG0006043	KAK9862826.1	KAK9833218.1
OG0006044	KAK9862831.1	KAK9820786.1
OG0006045	KAK9862832.1	KAK9818885.1
OG0006046	KAK9862833.1	KAK9820796.1
OG0006047	KAK9862834.1	KAK9820768.1
OG0006048	KAK9862836.1	KAK9820826.1
OG0006049	KAK9862837.1	KAK9820807.1
OG0006050	KAK9862839.1	KAK9838766.1
OG0006051	KAK9862840.1	KAK9838925.1
OG0006052	KAK9862845.1	KAK9839167.1
OG0006053	KAK9862847.1	KAK9838656.1
OG0006054	KAK9862856.1	KAK9842695.1
OG0006055	KAK9862859.1	KAK9843090.1
OG0006056	KAK9862863.1	KAK9842905.1
OG0006057	KAK9862865.1	KAK9831295.1
OG0006058	KAK9862868.1	KAK9831228.1
OG0006059	KAK9862869.1	KAK9831076.1
OG0006060	KAK9862873.1	KAK9843281.1
OG0006061	KAK9862875.1	KAK9843131.1
OG0006062	KAK9862887.1	KAK9819509.1
OG0006063	KAK9862894.1	KAK9827843.1
OG0006064	KAK9862899.1, KAK9862900.1	
OG0006065	KAK9862902.1	KAK9827835.1
OG0006066	KAK9862903.1	KAK9840300.1
OG0006067	KAK9862904.1	KAK9840381.1
OG0006068	KAK9862906.1	KAK9830669.1
OG0006069	KAK9862910.1	KAK9840357.1
OG0006070	KAK9862919.1	KAK9842769.1
OG0006071	KAK9862920.1	KAK9843071.1
OG0006072	KAK9862925.1	KAK9840102.1
OG0006073	KAK9862927.1	KAK9840173.1
OG0006074	KAK9862930.1, KAK9862931.1	
OG0006075	KAK9862932.1	KAK9840410.1
OG0006076	KAK9862933.1	KAK9840407.1
OG0006077	KAK9862938.1	KAK9830819.1
OG0006078	KAK9862941.1	KAK9830718.1
OG0006079	KAK9862947.1	KAK9837673.1
OG0006080	KAK9862948.1	KAK9837738.1
OG0006081	KAK9862954.1	KAK9836901.1
OG0006082	KAK9862957.1	KAK9836679.1
OG0006083	KAK9862965.1	KAK9841451.1
OG0006084	KAK9862966.1	KAK9841612.1
OG0006085	KAK9862967.1	KAK9841157.1
OG0006086	KAK9862968.1	KAK9841112.1
OG0006087	KAK9862969.1	KAK9841317.1
OG0006088	KAK9862972.1	KAK9841375.1
OG0006089	KAK9862976.1	KAK9840292.1
OG0006090	KAK9862985.1	KAK9832234.1
OG0006091	KAK9862990.1	KAK9832336.1
OG0006092	KAK9862996.1	KAK9818944.1
OG0006093	KAK9862999.1, KAK9863000.1	
OG0006094	KAK9863001.1	KAK9818965.1
OG0006095	KAK9863003.1	KAK9840249.1
OG0006096	KAK9863010.1	KAK9837872.1
OG0006097	KAK9863012.1	KAK9837554.1
OG0006098	KAK9863014.1	KAK9837692.1
OG0006099	KAK9863017.1, KAK9863018.1	
OG0006100	KAK9863022.1	KAK9819019.1
OG0006101	KAK9863027.1	KAK9827468.1
OG0006102	KAK9863028.1	KAK9819032.1
OG0006103	KAK9863034.1	KAK9827521.1
OG0006104	KAK9863038.1	KAK9838812.1
OG0006105	KAK9863047.1	KAK9841635.1
OG0006106	KAK9863048.1	KAK9841357.1
OG0006107	KAK9863050.1	KAK9841272.1
OG0006108	KAK9863055.1	KAK9820785.1
OG0006109	KAK9863065.1	KAK9837836.1
OG0006110	KAK9863067.1	KAK9838055.1
OG0006111	KAK9863071.1	KAK9816274.1
OG0006112	KAK9863072.1	KAK9816273.1
OG0006113	KAK9863074.1	KAK9816276.1
OG0006114	KAK9863075.1	KAK9831813.1
OG0006115	KAK9863077.1	KAK9836780.1
OG0006116	KAK9863081.1	KAK9836469.1
OG0006117	KAK9863085.1	KAK9840272.1
OG0006118	KAK9863088.1	KAK9840054.1
OG0006119	KAK9863095.1	KAK9816398.1
OG0006120	KAK9863096.1	KAK9838998.1
OG0006121	KAK9863098.1	KAK9838815.1
OG0006122	KAK9863103.1	KAK9825293.1
OG0006123	KAK9863106.1	KAK9830717.1
OG0006124	KAK9863107.1	KAK9818967.1
OG0006125	KAK9863112.1, KAK9868889.1	
OG0006126	KAK9863121.1	KAK9832262.1
OG0006127	KAK9863123.1	KAK9832371.1
OG0006128	KAK9863125.1	KAK9843295.1
OG0006129	KAK9863128.1	KAK9842775.1
OG0006130	KAK9863130.1	KAK9843029.1
OG0006131	KAK9863135.1	KAK9827844.1
OG0006132	KAK9863140.1, KAK9863141.1	
OG0006133	KAK9863144.1	KAK9834506.1
OG0006134	KAK9863145.1	KAK9834738.1
OG0006135	KAK9863152.1	KAK9827766.1
OG0006136	KAK9863153.1	KAK9843035.1
OG0006137	KAK9863156.1	KAK9843076.1
OG0006138	KAK9863157.1	KAK9842644.1
OG0006139	KAK9863161.1	KAK9836447.1
OG0006140	KAK9863167.1	KAK9844821.1
OG0006141	KAK9863168.1	KAK9818525.1
OG0006142	KAK9863169.1	KAK9844399.1
OG0006143	KAK9863173.1	KAK9818513.1
OG0006144	KAK9863174.1	KAK9818499.1
OG0006145	KAK9863175.1	KAK9840347.1
OG0006146	KAK9863176.1	KAK9840218.1
OG0006147	KAK9863178.1	KAK9815999.1
OG0006148	KAK9863183.1	KAK9831604.1
OG0006149	KAK9863189.1, KAK9863190.1	
OG0006150	KAK9863191.1	KAK9844361.1
OG0006151	KAK9863193.1, KAK9868248.1	
OG0006152	KAK9863196.1	KAK9817492.1
OG0006153	KAK9863198.1, KAK9863199.1	
OG0006154	KAK9863207.1	KAK9822520.1
OG0006155	KAK9863219.1	KAK9842762.1
OG0006156	KAK9863224.1	KAK9831264.1
OG0006157	KAK9863225.1	KAK9831247.1
OG0006158	KAK9863226.1	KAK9831043.1
OG0006159	KAK9863227.1	KAK9831282.1
OG0006160	KAK9863230.1	KAK9818792.1
OG0006161	KAK9863231.1	KAK9818835.1
OG0006162	KAK9863232.1	KAK9818834.1
OG0006163	KAK9863233.1	KAK9816195.1
OG0006164	KAK9863235.1, KAK9863236.1	
OG0006165	KAK9863242.1	KAK9844951.1
OG0006166	KAK9863245.1	KAK9822410.1
OG0006167	KAK9863247.1	KAK9844565.1
OG0006168	KAK9863250.1	KAK9833061.1
OG0006169	KAK9863251.1	KAK9832901.1
OG0006170	KAK9863256.1	KAK9832933.1
OG0006171	KAK9863257.1	KAK9817537.1
OG0006172	KAK9863260.1	KAK9822044.1
OG0006173	KAK9863261.1	KAK9817567.1
OG0006174	KAK9863263.1, KAK9863264.1	
OG0006175	KAK9863274.1	KAK9836530.1
OG0006176	KAK9863275.1	KAK9836657.1
OG0006177	KAK9863276.1	KAK9836801.1
OG0006178	KAK9863277.1	KAK9836505.1
OG0006179	KAK9863279.1	KAK9836881.1
OG0006180	KAK9863280.1	KAK9836528.1
OG0006181	KAK9863281.1	KAK9818598.1
OG0006182	KAK9863284.1	KAK9818575.1
OG0006183	KAK9863285.1	KAK9818579.1
OG0006184	KAK9863286.1	KAK9818596.1
OG0006185	KAK9863287.1	KAK9826339.1
OG0006186	KAK9863288.1	KAK9826280.1
OG0006187	KAK9863289.1	KAK9826241.1
OG0006188	KAK9863290.1	KAK9826229.1
OG0006189	KAK9863291.1	KAK9826340.1
OG0006190	KAK9863292.1	KAK9826315.1
OG0006191	KAK9863293.1	KAK9826278.1
OG0006192	KAK9863296.1, KAK9866857.1	
OG0006193	KAK9863297.1	KAK9844316.1
OG0006194	KAK9863298.1	KAK9844932.1
OG0006195	KAK9863303.1	KAK9831630.1
OG0006196	KAK9863305.1	KAK9831591.1
OG0006197	KAK9863307.1	KAK9833843.1
OG0006198	KAK9863309.1	KAK9833681.1
OG0006199	KAK9863310.1	KAK9833873.1
OG0006200	KAK9863311.1	KAK9833874.1
OG0006201	KAK9863315.1	KAK9819232.1
OG0006202	KAK9863317.1	KAK9819229.1
OG0006203	KAK9863320.1	KAK9819196.1
OG0006204	KAK9863322.1	KAK9819206.1
OG0006205	KAK9863324.1	KAK9838958.1
OG0006206	KAK9863325.1	KAK9838881.1
OG0006207	KAK9863327.1	KAK9838701.1
OG0006208	KAK9863329.1	KAK9836750.1
OG0006209	KAK9863336.1, KAK9867971.1	
OG0006210	KAK9863338.1	KAK9835628.1
OG0006211	KAK9863340.1	KAK9835620.1
OG0006212	KAK9863341.1	KAK9835449.1
OG0006213	KAK9863343.1	KAK9835915.1
OG0006214	KAK9863354.1	KAK9817428.1
OG0006215	KAK9863356.1	KAK9817438.1
OG0006216	KAK9863361.1	KAK9840281.1
OG0006217	KAK9863367.1	KAK9816187.1
OG0006218	KAK9863369.1	KAK9816181.1
OG0006219	KAK9863374.1	KAK9818492.1
OG0006220	KAK9863384.1	KAK9843037.1
OG0006221	KAK9863386.1, KAK9863387.1	
OG0006222	KAK9863391.1	KAK9840232.1
OG0006223	KAK9863392.1	KAK9840495.1
OG0006224	KAK9863393.1	KAK9839955.1
OG0006225	KAK9863394.1	KAK9839956.1
OG0006226	KAK9863406.1	KAK9837748.1
OG0006227	KAK9863407.1	KAK9837882.1
OG0006228	KAK9863409.1	KAK9837649.1
OG0006229	KAK9863410.1	KAK9837743.1
OG0006230	KAK9863411.1	KAK9837585.1
OG0006231	KAK9863416.1	KAK9822886.1
OG0006232	KAK9863418.1	KAK9822944.1
OG0006233	KAK9863419.1	KAK9822920.1
OG0006234	KAK9863422.1	KAK9822934.1
OG0006235	KAK9863423.1	KAK9822915.1
OG0006236	KAK9863424.1	KAK9822942.1
OG0006237	KAK9863427.1	KAK9827507.1
OG0006238	KAK9863428.1	KAK9827467.1
OG0006239	KAK9863436.1	KAK9824796.1
OG0006240	KAK9863442.1	KAK9838898.1
OG0006241	KAK9863450.1	KAK9842857.1
OG0006242	KAK9863455.1	KAK9844990.1
OG0006243	KAK9863464.1	KAK9827455.1
OG0006244	KAK9863474.1	KAK9839912.1
OG0006245	KAK9863486.1	KAK9841414.1
OG0006246	KAK9863490.1	KAK9837678.1
OG0006247	KAK9863491.1	KAK9837618.1
OG0006248	KAK9863493.1	KAK9837954.1
OG0006249	KAK9863495.1	KAK9837907.1
OG0006250	KAK9863496.1, KAK9863869.1	
OG0006251	KAK9863497.1	KAK9827919.1
OG0006252	KAK9863501.1	KAK9827786.1
OG0006253	KAK9863504.1	KAK9819108.1
OG0006254	KAK9863506.1	KAK9819113.1
OG0006255	KAK9863507.1	KAK9836613.1
OG0006256	KAK9863508.1	KAK9832465.1
OG0006257	KAK9863510.1	KAK9832130.1
OG0006258	KAK9863511.1	KAK9832462.1
OG0006259	KAK9863514.1	KAK9836501.1
OG0006260	KAK9863520.1	KAK9834618.1
OG0006261	KAK9863522.1	KAK9834396.1
OG0006262	KAK9863523.1	KAK9824713.1
OG0006263	KAK9863525.1	KAK9818817.1
OG0006264	KAK9863530.1	KAK9832129.1
OG0006265	KAK9863535.1	KAK9832402.1
OG0006266	KAK9863537.1	KAK9832219.1
OG0006267	KAK9863539.1	KAK9832257.1
OG0006268	KAK9863543.1, KAK9863544.1	
OG0006269	KAK9863545.1	KAK9842886.1
OG0006270	KAK9863547.1	KAK9843055.1
OG0006271	KAK9863549.1	KAK9821658.1
OG0006272	KAK9863550.1, KAK9863551.1	
OG0006273	KAK9863552.1	KAK9822014.1
OG0006274	KAK9863553.1	KAK9821618.1
OG0006275	KAK9863556.1, KAK9863557.1	
OG0006276	KAK9863560.1	KAK9832184.1
OG0006277	KAK9863563.1	KAK9832246.1
OG0006278	KAK9863564.1	KAK9832430.1
OG0006279	KAK9863565.1	KAK9843091.1
OG0006280	KAK9863566.1	KAK9842744.1
OG0006281	KAK9863572.1	KAK9833652.1
OG0006282	KAK9863577.1	KAK9833637.1
OG0006283	KAK9863581.1	KAK9833692.1
OG0006284	KAK9863583.1	KAK9842890.1
OG0006285	KAK9863584.1	KAK9842995.1
OG0006286	KAK9863585.1	KAK9842799.1
OG0006287	KAK9863588.1	KAK9843234.1
OG0006288	KAK9863591.1	KAK9827035.1
OG0006289	KAK9863593.1	KAK9827089.1
OG0006290	KAK9863596.1	KAK9819189.1
OG0006291	KAK9863597.1, KAK9863598.1	
OG0006292	KAK9863600.1	KAK9819214.1
OG0006293	KAK9863601.1, KAK9865976.1	
OG0006294	KAK9863618.1	KAK9836804.1
OG0006295	KAK9863619.1	KAK9836765.1
OG0006296	KAK9863622.1	KAK9836675.1
OG0006297	KAK9863623.1	KAK9836477.1
OG0006298	KAK9863626.1	KAK9833791.1
OG0006299	KAK9863627.1	KAK9833829.1
OG0006300	KAK9863630.1	KAK9822435.1
OG0006301	KAK9863632.1	KAK9833670.1
OG0006302	KAK9863635.1	KAK9836690.1
OG0006303	KAK9863637.1	KAK9836485.1
OG0006304	KAK9863638.1	KAK9836486.1
OG0006305	KAK9863639.1	KAK9836440.1
OG0006306	KAK9863642.1	KAK9818888.1
OG0006307	KAK9863643.1, KAK9863644.1	
OG0006308	KAK9863648.1	KAK9828204.1
OG0006309	KAK9863652.1	KAK9828281.1
OG0006310	KAK9863653.1	KAK9822272.1
OG0006311	KAK9863654.1	KAK9822277.1
OG0006312	KAK9863655.1	KAK9822322.1
OG0006313	KAK9863657.1	KAK9822310.1
OG0006314	KAK9863658.1	KAK9822284.1
OG0006315	KAK9863666.1, KAK9863667.1	
OG0006316	KAK9863672.1	KAK9822022.1
OG0006317	KAK9863676.1	KAK9819208.1
OG0006318	KAK9863678.1	KAK9833644.1
OG0006319	KAK9863679.1	KAK9833803.1
OG0006320	KAK9863680.1	KAK9833708.1
OG0006321	KAK9863681.1	KAK9842688.1
OG0006322	KAK9863684.1	KAK9843101.1
OG0006323	KAK9863694.1	KAK9826047.1
OG0006324	KAK9863697.1	KAK9825968.1
OG0006325	KAK9863699.1	KAK9841497.1
OG0006326	KAK9863700.1	KAK9833764.1
OG0006327	KAK9863701.1	KAK9835447.1
OG0006328	KAK9863709.1	KAK9833917.1
OG0006329	KAK9863718.1	KAK9837856.1
OG0006330	KAK9863719.1	KAK9837920.1
OG0006331	KAK9863720.1	KAK9837860.1
OG0006332	KAK9863721.1	KAK9837557.1
OG0006333	KAK9863723.1	KAK9838060.1
OG0006334	KAK9863724.1	KAK9837690.1
OG0006335	KAK9863726.1	KAK9828154.1
OG0006336	KAK9863727.1	KAK9828326.1
OG0006337	KAK9863729.1	KAK9828246.1
OG0006338	KAK9863731.1	KAK9828231.1
OG0006339	KAK9863733.1	KAK9833661.1
OG0006340	KAK9863734.1, KAK9863735.1	
OG0006341	KAK9863737.1	KAK9833607.1
OG0006342	KAK9863751.1	KAK9830721.1
OG0006343	KAK9863752.1	KAK9830859.1
OG0006344	KAK9863757.1	KAK9830748.1
OG0006345	KAK9863759.1	KAK9830689.1
OG0006346	KAK9863765.1	KAK9842789.1
OG0006347	KAK9863766.1	KAK9843221.1
OG0006348	KAK9863769.1	KAK9818622.1
OG0006349	KAK9863771.1	KAK9837553.1
OG0006350	KAK9863776.1	KAK9827026.1
OG0006351	KAK9863780.1	KAK9818479.1
OG0006352	KAK9863784.1	KAK9826981.1
OG0006353	KAK9863785.1	KAK9818459.1
OG0006354	KAK9863787.1	KAK9818458.1
OG0006355	KAK9863790.1	KAK9835475.1
OG0006356	KAK9863791.1	KAK9835692.1
OG0006357	KAK9863793.1	KAK9835656.1
OG0006358	KAK9863795.1	KAK9835671.1
OG0006359	KAK9863804.1	KAK9838882.1
OG0006360	KAK9863806.1	KAK9839074.1
OG0006361	KAK9863809.1	KAK9843065.1
OG0006362	KAK9863811.1	KAK9842927.1
OG0006363	KAK9863812.1	KAK9843146.1
OG0006364	KAK9863815.1	KAK9842804.1
OG0006365	KAK9863819.1	KAK9842747.1
OG0006366	KAK9863821.1	KAK9827112.1
OG0006367	KAK9863828.1, KAK9863829.1	
OG0006368	KAK9863845.1	KAK9834743.1
OG0006369	KAK9863847.1	KAK9834381.1
OG0006370	KAK9863853.1	KAK9819467.1
OG0006371	KAK9863857.1	KAK9837574.1
OG0006372	KAK9863865.1	KAK9827823.1
OG0006373	KAK9863866.1	KAK9827794.1
OG0006374	KAK9863868.1	KAK9827756.1
OG0006375	KAK9863879.1, KAK9863880.1	
OG0006376	KAK9863882.1, KAK9863883.1	
OG0006377	KAK9863886.1	KAK9827183.1
OG0006378	KAK9863890.1	KAK9826999.1
OG0006379	KAK9863892.1	KAK9827875.1
OG0006380	KAK9863897.1	KAK9827824.1
OG0006381	KAK9863899.1	KAK9827918.1
OG0006382	KAK9863904.1	KAK9838833.1
OG0006383	KAK9863905.1	KAK9838643.1
OG0006384	KAK9863906.1	KAK9839140.1
OG0006385	KAK9863907.1	KAK9838988.1
OG0006386	KAK9863910.1	KAK9838888.1
OG0006387	KAK9863911.1	KAK9838903.1
OG0006388	KAK9863912.1	KAK9831624.1
OG0006389	KAK9863913.1	KAK9831600.1
OG0006390	KAK9863915.1	KAK9831716.1
OG0006391	KAK9863919.1	KAK9821065.1
OG0006392	KAK9863928.1	KAK9825559.1
OG0006393	KAK9863931.1	KAK9825521.1
OG0006394	KAK9863934.1	KAK9825508.1
OG0006395	KAK9863936.1	KAK9825581.1
OG0006396	KAK9863949.1	KAK9840257.1
OG0006397	KAK9863952.1	KAK9843330.1
OG0006398	KAK9863957.1	KAK9822959.1
OG0006399	KAK9863961.1	KAK9842944.1
OG0006400	KAK9863962.1	KAK9843078.1
OG0006401	KAK9863966.1	KAK9839135.1
OG0006402	KAK9863968.1	KAK9839094.1
OG0006403	KAK9863969.1	KAK9838688.1
OG0006404	KAK9863974.1	KAK9819106.1
OG0006405	KAK9863978.1	KAK9817392.1
OG0006406	KAK9863983.1, KAK9863984.1	
OG0006407	KAK9863986.1	KAK9844656.1
OG0006408	KAK9863989.1, KAK9866429.1	
OG0006409	KAK9863990.1, KAK9869047.1	
OG0006410	KAK9863995.1	KAK9844615.1
OG0006411	KAK9863996.1	KAK9845018.1
OG0006412	KAK9863997.1	KAK9844347.1
OG0006413	KAK9863998.1	KAK9818519.1
OG0006414	KAK9864003.1	KAK9822515.1
OG0006415	KAK9864005.1	KAK9822516.1
OG0006416	KAK9864010.1	KAK9822581.1
OG0006417	KAK9864014.1	KAK9837911.1
OG0006418	KAK9864015.1	KAK9837694.1
OG0006419	KAK9864016.1	KAK9837918.1
OG0006420	KAK9864024.1, KAK9864025.1	
OG0006421	KAK9864032.1	KAK9843000.1
OG0006422	KAK9864033.1	KAK9842976.1
OG0006423	KAK9864034.1	KAK9843023.1
OG0006424	KAK9864035.1	KAK9843119.1
OG0006425	KAK9864037.1	KAK9842827.1
OG0006426	KAK9864040.1	KAK9844923.1
OG0006427	KAK9864044.1	KAK9844422.1
OG0006428	KAK9864046.1	KAK9844348.1
OG0006429	KAK9864047.1	KAK9845046.1
OG0006430	KAK9864048.1	KAK9845019.1
OG0006431	KAK9864050.1	KAK9844921.1
OG0006432	KAK9864051.1	KAK9844832.1
OG0006433	KAK9864055.1	KAK9840302.1
OG0006434	KAK9864056.1	KAK9840390.1
OG0006435	KAK9864064.1	KAK9825802.1
OG0006436	KAK9864065.1	KAK9825742.1
OG0006437	KAK9864069.1	KAK9844296.1
OG0006438	KAK9864082.1	KAK9841341.1
OG0006439	KAK9864086.1	KAK9834392.1
OG0006440	KAK9864088.1	KAK9834732.1
OG0006441	KAK9864089.1	KAK9834603.1
OG0006442	KAK9864091.1	KAK9834670.1
OG0006443	KAK9864094.1	KAK9844405.1
OG0006444	KAK9864097.1, KAK9864098.1	
OG0006445	KAK9864099.1	KAK9845128.1
OG0006446	KAK9864104.1	KAK9825321.1
OG0006447	KAK9864106.1	KAK9825332.1
OG0006448	KAK9864109.1	KAK9825263.1
OG0006449	KAK9864111.1	KAK9827129.1
OG0006450	KAK9864115.1, KAK9868367.1	
OG0006451	KAK9864117.1	KAK9827003.1
OG0006452	KAK9864119.1	KAK9827015.1
OG0006453	KAK9864121.1	KAK9827042.1
OG0006454	KAK9864122.1	KAK9827151.1
OG0006455	KAK9864127.1	KAK9843108.1
OG0006456	KAK9864132.1	KAK9825515.1
OG0006457	KAK9864136.1	KAK9821529.1
OG0006458	KAK9864138.1	KAK9821512.1
OG0006459	KAK9864139.1	KAK9821500.1
OG0006460	KAK9864142.1	KAK9821485.1
OG0006461	KAK9864143.1	KAK9821492.1
OG0006462	KAK9864144.1	KAK9821499.1
OG0006463	KAK9864152.1	KAK9840221.1
OG0006464	KAK9864155.1	KAK9831253.1
OG0006465	KAK9864166.1, KAK9864167.1	
OG0006466	KAK9864168.1	KAK9836886.1
OG0006467	KAK9864173.1	KAK9836479.1
OG0006468	KAK9864174.1	KAK9836562.1
OG0006469	KAK9864176.1	KAK9831608.1
OG0006470	KAK9864177.1	KAK9831764.1
OG0006471	KAK9864178.1	KAK9831585.1
OG0006472	KAK9864180.1	KAK9831682.1
OG0006473	KAK9864184.1	KAK9831727.1
OG0006474	KAK9864187.1	KAK9841107.1
OG0006475	KAK9864190.1	KAK9841499.1
OG0006476	KAK9864191.1	KAK9841530.1
OG0006477	KAK9864193.1	KAK9841558.1
OG0006478	KAK9864194.1	KAK9841195.1
OG0006479	KAK9864195.1	KAK9841729.1
OG0006480	KAK9864196.1	KAK9841365.1
OG0006481	KAK9864199.1	KAK9841252.1
OG0006482	KAK9864200.1	KAK9841253.1
OG0006483	KAK9864201.1	KAK9825963.1
OG0006484	KAK9864202.1	KAK9826015.1
OG0006485	KAK9864203.1	KAK9826068.1
OG0006486	KAK9864207.1	KAK9826074.1
OG0006487	KAK9864210.1	KAK9820676.1
OG0006488	KAK9864211.1	KAK9820702.1
OG0006489	KAK9864213.1, KAK9864214.1	
OG0006490	KAK9864217.1	KAK9826529.1
OG0006491	KAK9864220.1	KAK9826586.1
OG0006492	KAK9864222.1	KAK9826639.1
OG0006493	KAK9864224.1, KAK9864225.1	
OG0006494	KAK9864229.1, KAK9864230.1	
OG0006495	KAK9864237.1	KAK9833898.1
OG0006496	KAK9864242.1	KAK9833744.1
OG0006497	KAK9864247.1	KAK9836519.1
OG0006498	KAK9864248.1	KAK9836548.1
OG0006499	KAK9864249.1	KAK9836876.1
OG0006500	KAK9864252.1	KAK9836878.1
OG0006501	KAK9864254.1	KAK9836599.1
OG0006502	KAK9864258.1	KAK9836858.1
OG0006503	KAK9864259.1	KAK9835448.1
OG0006504	KAK9864262.1	KAK9835713.1
OG0006505	KAK9864264.1, KAK9864265.1	
OG0006506	KAK9864271.1	KAK9835869.1
OG0006507	KAK9864272.1	KAK9835508.1
OG0006508	KAK9864273.1	KAK9822595.1
OG0006509	KAK9864275.1	KAK9822584.1
OG0006510	KAK9864280.1	KAK9822541.1
OG0006511	KAK9864285.1, KAK9864286.1	
OG0006512	KAK9864287.1	KAK9844849.1
OG0006513	KAK9864291.1	KAK9818695.1
OG0006514	KAK9864293.1	KAK9818672.1
OG0006515	KAK9864294.1	KAK9818691.1
OG0006516	KAK9864296.1	KAK9818704.1
OG0006517	KAK9864297.1	KAK9818687.1
OG0006518	KAK9864299.1	KAK9831574.1
OG0006519	KAK9864300.1	KAK9831802.1
OG0006520	KAK9864301.1	KAK9831800.1
OG0006521	KAK9864302.1	KAK9831648.1
OG0006522	KAK9864304.1	KAK9835676.1
OG0006523	KAK9864305.1	KAK9835813.1
OG0006524	KAK9864307.1	KAK9835654.1
OG0006525	KAK9864308.1	KAK9835608.1
OG0006526	KAK9864311.1	KAK9822092.1
OG0006527	KAK9864312.1	KAK9822085.1
OG0006528	KAK9864314.1, KAK9867414.1	
OG0006529	KAK9864316.1	KAK9822027.1
OG0006530	KAK9864321.1	KAK9826631.1
OG0006531	KAK9864322.1	KAK9826658.1
OG0006532	KAK9864323.1	KAK9826581.1
OG0006533	KAK9864325.1	KAK9826532.1
OG0006534	KAK9864327.1	KAK9826666.1
OG0006535	KAK9864328.1	KAK9844540.1
OG0006536	KAK9864333.1	KAK9844908.1
OG0006537	KAK9864337.1	KAK9844846.1
OG0006538	KAK9864338.1	KAK9844726.1
OG0006539	KAK9864339.1	KAK9844434.1
OG0006540	KAK9864341.1, KAK9864342.1	
OG0006541	KAK9864343.1	KAK9831119.1
OG0006542	KAK9864345.1	KAK9831236.1
OG0006543	KAK9864350.1	KAK9838000.1
OG0006544	KAK9864354.1	KAK9838067.1
OG0006545	KAK9864358.1	KAK9821650.1
OG0006546	KAK9864359.1, KAK9868776.1	
OG0006547	KAK9864364.1	KAK9821634.1
OG0006548	KAK9864367.1, KAK9864368.1	
OG0006549	KAK9864376.1	KAK9839148.1
OG0006550	KAK9864379.1	KAK9838781.1
OG0006551	KAK9864384.1	KAK9836865.1
OG0006552	KAK9864389.1	KAK9836658.1
OG0006553	KAK9864399.1	KAK9841309.1
OG0006554	KAK9864401.1	KAK9841367.1
OG0006555	KAK9864404.1	KAK9841391.1
OG0006556	KAK9864405.1	KAK9841589.1
OG0006557	KAK9864407.1	KAK9841491.1
OG0006558	KAK9864409.1, KAK9864410.1	
OG0006559	KAK9864411.1	KAK9821344.1
OG0006560	KAK9864415.1	KAK9821402.1
OG0006561	KAK9864418.1	KAK9842898.1
OG0006562	KAK9864426.1	KAK9844606.1
OG0006563	KAK9864428.1	KAK9819524.1
OG0006564	KAK9864430.1	KAK9819543.1
OG0006565	KAK9864433.1	KAK9819517.1
OG0006566	KAK9864434.1	KAK9819534.1
OG0006567	KAK9864437.1	KAK9831759.1
OG0006568	KAK9864453.1	KAK9844572.1
OG0006569	KAK9864455.1	KAK9844345.1
OG0006570	KAK9864458.1	KAK9844441.1
OG0006571	KAK9864459.1	KAK9844712.1
OG0006572	KAK9864460.1	KAK9825977.1
OG0006573	KAK9864464.1	KAK9821375.1
OG0006574	KAK9864465.1	KAK9821343.1
OG0006575	KAK9864466.1	KAK9821409.1
OG0006576	KAK9864467.1	KAK9821348.1
OG0006577	KAK9864469.1	KAK9830709.1
OG0006578	KAK9864474.1	KAK9830663.1
OG0006579	KAK9864479.1	KAK9845074.1
OG0006580	KAK9864480.1	KAK9844943.1
OG0006581	KAK9864482.1	KAK9844659.1
OG0006582	KAK9864484.1	KAK9844482.1
OG0006583	KAK9864489.1	KAK9824733.1
OG0006584	KAK9864490.1	KAK9831183.1
OG0006585	KAK9864492.1	KAK9831106.1
OG0006586	KAK9864499.1	KAK9840070.1
OG0006587	KAK9864502.1	KAK9840434.1
OG0006588	KAK9864505.1	KAK9839979.1
OG0006589	KAK9864507.1	KAK9839921.1
OG0006590	KAK9864511.1	KAK9842983.1
OG0006591	KAK9864515.1	KAK9843310.1
OG0006592	KAK9864521.1	KAK9833005.1
OG0006593	KAK9864527.1	KAK9827173.1
OG0006594	KAK9864528.1	KAK9827063.1
OG0006595	KAK9864534.1	KAK9830863.1
OG0006596	KAK9864535.1	KAK9830753.1
OG0006597	KAK9864536.1	KAK9830768.1
OG0006598	KAK9864540.1	KAK9830764.1
OG0006599	KAK9864542.1	KAK9835793.1
OG0006600	KAK9864543.1	KAK9831593.1
OG0006601	KAK9864544.1	KAK9827438.1
OG0006602	KAK9864545.1	KAK9835722.1
OG0006603	KAK9864546.1	KAK9835617.1
OG0006604	KAK9864547.1	KAK9827484.1
OG0006605	KAK9864548.1	KAK9827491.1
OG0006606	KAK9864549.1	KAK9835456.1
OG0006607	KAK9864550.1	KAK9827530.1
OG0006608	KAK9864551.1	KAK9827509.1
OG0006609	KAK9864556.1	KAK9835510.1
OG0006610	KAK9864560.1	KAK9839970.1
OG0006611	KAK9864567.1	KAK9821477.1
OG0006612	KAK9864568.1	KAK9821509.1
OG0006613	KAK9864569.1	KAK9837578.1
OG0006614	KAK9864570.1	KAK9837775.1
OG0006615	KAK9864577.1	KAK9837710.1
OG0006616	KAK9864578.1, KAK9864579.1	
OG0006617	KAK9864580.1, KAK9864581.1	
OG0006618	KAK9864582.1	KAK9825553.1
OG0006619	KAK9864583.1	KAK9825491.1
OG0006620	KAK9864584.1	KAK9825548.1
OG0006621	KAK9864587.1	KAK9825504.1
OG0006622	KAK9864590.1	KAK9819474.1
OG0006623	KAK9864591.1	KAK9826039.1
OG0006624	KAK9864594.1	KAK9817513.1
OG0006625	KAK9864596.1	KAK9817525.1
OG0006626	KAK9864603.1	KAK9826533.1
OG0006627	KAK9864607.1, KAK9864608.1	
OG0006628	KAK9864614.1	KAK9820750.1
OG0006629	KAK9864615.1	KAK9820729.1
OG0006630	KAK9864616.1	KAK9820722.1
OG0006631	KAK9864617.1	KAK9834543.1
OG0006632	KAK9864619.1	KAK9820725.1
OG0006633	KAK9864620.1	KAK9816213.1
OG0006634	KAK9864621.1	KAK9831589.1
OG0006635	KAK9864622.1	KAK9831826.1
OG0006636	KAK9864624.1	KAK9816211.1
OG0006637	KAK9864627.1	KAK9833216.1
OG0006638	KAK9864635.1	KAK9832981.1
OG0006639	KAK9864638.1	KAK9844888.1
OG0006640	KAK9864640.1, KAK9864641.1	
OG0006641	KAK9864645.1	KAK9844546.1
OG0006642	KAK9864646.1, KAK9864647.1	
OG0006643	KAK9864648.1, KAK9864649.1	
OG0006644	KAK9864650.1	KAK9836826.1
OG0006645	KAK9864652.1	KAK9836814.1
OG0006646	KAK9864661.1	KAK9843312.1
OG0006647	KAK9864673.1	KAK9837621.1
OG0006648	KAK9864678.1	KAK9825099.1
OG0006649	KAK9864683.1	KAK9825014.1
OG0006650	KAK9864685.1	KAK9825044.1
OG0006651	KAK9864687.1, KAK9864688.1	
OG0006652	KAK9864690.1	KAK9826571.1
OG0006653	KAK9864693.1	KAK9826668.1
OG0006654	KAK9864694.1	KAK9826628.1
OG0006655	KAK9864697.1	KAK9826672.1
OG0006656	KAK9864698.1	KAK9833699.1
OG0006657	KAK9864717.1	KAK9827204.1
OG0006658	KAK9864719.1, KAK9865344.1	
OG0006659	KAK9864720.1	KAK9842949.1
OG0006660	KAK9864721.1	KAK9843088.1
OG0006661	KAK9864723.1, KAK9864724.1	
OG0006662	KAK9864729.1	KAK9824856.1
OG0006663	KAK9864732.1, KAK9864733.1	
OG0006664	KAK9864734.1	KAK9824915.1
OG0006665	KAK9864735.1, KAK9864736.1	
OG0006666	KAK9864745.1	KAK9836699.1
OG0006667	KAK9864747.1, KAK9864748.1	
OG0006668	KAK9864750.1	KAK9832986.1
OG0006669	KAK9864755.1	KAK9816254.1
OG0006670	KAK9864757.1	KAK9816249.1
OG0006671	KAK9864762.1	KAK9834430.1
OG0006672	KAK9864763.1	KAK9834609.1
OG0006673	KAK9864764.1	KAK9834580.1
OG0006674	KAK9864765.1, KAK9864766.1	
OG0006675	KAK9864767.1	KAK9834591.1
OG0006676	KAK9864768.1	KAK9834774.1
OG0006677	KAK9864771.1	KAK9840192.1
OG0006678	KAK9864778.1	KAK9840385.1
OG0006679	KAK9864779.1, KAK9864780.1	
OG0006680	KAK9864782.1, KAK9864783.1	
OG0006681	KAK9864793.1	KAK9831695.1
OG0006682	KAK9864796.1	KAK9831765.1
OG0006683	KAK9864799.1	KAK9831812.1
OG0006684	KAK9864800.1	KAK9831666.1
OG0006685	KAK9864805.1	KAK9845061.1
OG0006686	KAK9864807.1	KAK9844477.1
OG0006687	KAK9864816.1	KAK9821681.1
OG0006688	KAK9864818.1	KAK9821644.1
OG0006689	KAK9864819.1	KAK9821699.1
OG0006690	KAK9864820.1	KAK9826249.1
OG0006691	KAK9864828.1, KAK9864829.1	
OG0006692	KAK9864830.1	KAK9831055.1
OG0006693	KAK9864834.1	KAK9844554.1
OG0006694	KAK9864836.1	KAK9844928.1
OG0006695	KAK9864838.1, KAK9867390.1	
OG0006696	KAK9864841.1	KAK9845076.1
OG0006697	KAK9864849.1	KAK9821173.1
OG0006698	KAK9864853.1	KAK9821149.1
OG0006699	KAK9864855.1	KAK9816142.1
OG0006700	KAK9864858.1	KAK9817490.1
OG0006701	KAK9864866.1	KAK9821185.1
OG0006702	KAK9864867.1	KAK9831301.1
OG0006703	KAK9864868.1	KAK9827134.1
OG0006704	KAK9864869.1	KAK9817480.1
OG0006705	KAK9864874.1	KAK9833062.1
OG0006706	KAK9864877.1	KAK9833130.1
OG0006707	KAK9864879.1	KAK9832950.1
OG0006708	KAK9864880.1	KAK9841394.1
OG0006709	KAK9864887.1	KAK9841681.1
OG0006710	KAK9864890.1	KAK9841490.1
OG0006711	KAK9864892.1	KAK9826683.1
OG0006712	KAK9864895.1	KAK9826554.1
OG0006713	KAK9864896.1	KAK9826698.1
OG0006714	KAK9864898.1	KAK9826574.1
OG0006715	KAK9864900.1	KAK9826550.1
OG0006716	KAK9864901.1	KAK9826614.1
OG0006717	KAK9864914.1	KAK9833090.1
OG0006718	KAK9864915.1	KAK9832878.1
OG0006719	KAK9864918.1, KAK9864919.1	
OG0006720	KAK9864920.1	KAK9832876.1
OG0006721	KAK9864925.1, KAK9864926.1	
OG0006722	KAK9864927.1	KAK9833083.1
OG0006723	KAK9864928.1	KAK9833092.1
OG0006724	KAK9864930.1	KAK9825098.1
OG0006725	KAK9864931.1	KAK9825113.1
OG0006726	KAK9864937.1	KAK9818736.1
OG0006727	KAK9864945.1	KAK9835621.1
OG0006728	KAK9864947.1	KAK9835761.1
OG0006729	KAK9864950.1	KAK9835578.1
OG0006730	KAK9864952.1	KAK9837937.1
OG0006731	KAK9864953.1	KAK9837910.1
OG0006732	KAK9864955.1	KAK9837893.1
OG0006733	KAK9864957.1	KAK9837638.1
OG0006734	KAK9864961.1	KAK9837563.1
OG0006735	KAK9864962.1	KAK9837979.1
OG0006736	KAK9864963.1	KAK9842991.1
OG0006737	KAK9864964.1	KAK9843021.1
OG0006738	KAK9864965.1	KAK9843022.1
OG0006739	KAK9864966.1	KAK9843204.1
OG0006740	KAK9864967.1	KAK9842777.1
OG0006741	KAK9864968.1	KAK9842776.1
OG0006742	KAK9864969.1	KAK9842973.1
OG0006743	KAK9864971.1	KAK9843216.1
OG0006744	KAK9864974.1	KAK9822411.1
OG0006745	KAK9864982.1	KAK9842765.1
OG0006746	KAK9864984.1	KAK9821280.1
OG0006747	KAK9864985.1	KAK9818632.1
OG0006748	KAK9864986.1	KAK9821277.1
OG0006749	KAK9864987.1	KAK9842990.1
OG0006750	KAK9864988.1	KAK9821257.1
OG0006751	KAK9864990.1	KAK9821282.1
OG0006752	KAK9864992.1	KAK9837730.1
OG0006753	KAK9864994.1	KAK9837837.1
OG0006754	KAK9864996.1	KAK9837774.1
OG0006755	KAK9864997.1	KAK9837584.1
OG0006756	KAK9864998.1	KAK9835886.1
OG0006757	KAK9864999.1	KAK9835726.1
OG0006758	KAK9865001.1	KAK9835652.1
OG0006759	KAK9865002.1	KAK9835623.1
OG0006760	KAK9865003.1	KAK9835877.1
OG0006761	KAK9865005.1	KAK9835741.1
OG0006762	KAK9865006.1	KAK9835673.1
OG0006763	KAK9865009.1	KAK9834648.1
OG0006764	KAK9865010.1, KAK9865015.1	
OG0006765	KAK9865011.1	KAK9834775.1
OG0006766	KAK9865013.1	KAK9834704.1
OG0006767	KAK9865014.1	KAK9834585.1
OG0006768	KAK9865017.1	KAK9826549.1
OG0006769	KAK9865026.1	KAK9835625.1
OG0006770	KAK9865030.1	KAK9844719.1
OG0006771	KAK9865031.1	KAK9844720.1
OG0006772	KAK9865033.1	KAK9844608.1
OG0006773	KAK9865034.1	KAK9844758.1
OG0006774	KAK9865047.1	KAK9840067.1
OG0006775	KAK9865048.1	KAK9842786.1
OG0006776	KAK9865049.1	KAK9842843.1
OG0006777	KAK9865052.1	KAK9842792.1
OG0006778	KAK9865053.1	KAK9843109.1
OG0006779	KAK9865054.1	KAK9843062.1
OG0006780	KAK9865055.1	KAK9831175.1
OG0006781	KAK9865077.1	KAK9840435.1
OG0006782	KAK9865078.1	KAK9840349.1
OG0006783	KAK9865082.1	KAK9844703.1
OG0006784	KAK9865086.1	KAK9845103.1
OG0006785	KAK9865088.1	KAK9844334.1
OG0006786	KAK9865091.1	KAK9844257.1
OG0006787	KAK9865092.1	KAK9817319.1
OG0006788	KAK9865096.1	KAK9817329.1
OG0006789	KAK9865097.1	KAK9817330.1
OG0006790	KAK9865104.1, KAK9865105.1	
OG0006791	KAK9865109.1	KAK9840413.1
OG0006792	KAK9865111.1, KAK9865112.1	
OG0006793	KAK9865114.1	KAK9840409.1
OG0006794	KAK9865122.1	KAK9833888.1
OG0006795	KAK9865123.1	KAK9833689.1
OG0006796	KAK9865124.1	KAK9818663.1
OG0006797	KAK9865125.1	KAK9833729.1
OG0006798	KAK9865126.1	KAK9833663.1
OG0006799	KAK9865128.1	KAK9833930.1
OG0006800	KAK9865135.1	KAK9834440.1
OG0006801	KAK9865142.1	KAK9844607.1
OG0006802	KAK9865143.1	KAK9844993.1
OG0006803	KAK9865144.1	KAK9844797.1
OG0006804	KAK9865145.1	KAK9844702.1
OG0006805	KAK9865151.1	KAK9832455.1
OG0006806	KAK9865152.1, KAK9868204.1	
OG0006807	KAK9865158.1	KAK9832346.1
OG0006808	KAK9865178.1	KAK9830857.1
OG0006809	KAK9865179.1	KAK9830651.1
OG0006810	KAK9865180.1	KAK9832453.1
OG0006811	KAK9865182.1	KAK9832295.1
OG0006812	KAK9865183.1	KAK9832426.1
OG0006813	KAK9865185.1	KAK9832267.1
OG0006814	KAK9865186.1	KAK9832242.1
OG0006815	KAK9865190.1	KAK9821080.1
OG0006816	KAK9865192.1	KAK9821066.1
OG0006817	KAK9865193.1	KAK9821068.1
OG0006818	KAK9865194.1	KAK9821049.1
OG0006819	KAK9865201.1	KAK9821081.1
OG0006820	KAK9865205.1	KAK9843051.1
OG0006821	KAK9865207.1	KAK9843276.1
OG0006822	KAK9865208.1	KAK9842875.1
OG0006823	KAK9865210.1	KAK9817554.1
OG0006824	KAK9865212.1	KAK9817542.1
OG0006825	KAK9865214.1	KAK9817569.1
OG0006826	KAK9865218.1	KAK9836471.1
OG0006827	KAK9865219.1	KAK9836639.1
OG0006828	KAK9865220.1	KAK9836433.1
OG0006829	KAK9865221.1	KAK9836869.1
OG0006830	KAK9865222.1	KAK9836823.1
OG0006831	KAK9865223.1	KAK9836756.1
OG0006832	KAK9865226.1	KAK9831065.1
OG0006833	KAK9865227.1	KAK9831128.1
OG0006834	KAK9865229.1	KAK9831195.1
OG0006835	KAK9865231.1	KAK9831148.1
OG0006836	KAK9865232.1	KAK9831252.1
OG0006837	KAK9865235.1	KAK9831023.1
OG0006838	KAK9865236.1	KAK9831013.1
OG0006839	KAK9865237.1	KAK9817587.1
OG0006840	KAK9865240.1	KAK9817602.1
OG0006841	KAK9865241.1	KAK9817599.1
OG0006842	KAK9865249.1	KAK9824873.1
OG0006843	KAK9865252.1	KAK9824916.1
OG0006844	KAK9865254.1, KAK9865255.1	
OG0006845	KAK9865256.1	KAK9824874.1
OG0006846	KAK9865263.1	KAK9844825.1
OG0006847	KAK9865265.1	KAK9844628.1
OG0006848	KAK9865266.1	KAK9844710.1
OG0006849	KAK9865267.1	KAK9844464.1
OG0006850	KAK9865268.1	KAK9844972.1
OG0006851	KAK9865269.1	KAK9837842.1
OG0006852	KAK9865274.1	KAK9837752.1
OG0006853	KAK9865275.1	KAK9837875.1
OG0006854	KAK9865276.1	KAK9837869.1
OG0006855	KAK9865277.1	KAK9837589.1
OG0006856	KAK9865280.1	KAK9841346.1
OG0006857	KAK9865283.1	KAK9841641.1
OG0006858	KAK9865284.1	KAK9841417.1
OG0006859	KAK9865286.1	KAK9841284.1
OG0006860	KAK9865288.1	KAK9841395.1
OG0006861	KAK9865306.1	KAK9822075.1
OG0006862	KAK9865310.1	KAK9822103.1
OG0006863	KAK9865314.1	KAK9838858.1
OG0006864	KAK9865316.1	KAK9839159.1
OG0006865	KAK9865317.1, KAK9865322.1	
OG0006866	KAK9865319.1	KAK9817335.1
OG0006867	KAK9865325.1	KAK9839911.1
OG0006868	KAK9865326.1	KAK9839131.1
OG0006869	KAK9865328.1	KAK9838799.1
OG0006870	KAK9865340.1	KAK9826940.1
OG0006871	KAK9865343.1	KAK9826988.1
OG0006872	KAK9865350.1	KAK9827171.1
OG0006873	KAK9865352.1	KAK9818441.1
OG0006874	KAK9865353.1	KAK9818480.1
OG0006875	KAK9865354.1	KAK9818446.1
OG0006876	KAK9865355.1	KAK9818445.1
OG0006877	KAK9865356.1	KAK9818457.1
OG0006878	KAK9865361.1	KAK9818439.1
OG0006879	KAK9865362.1	KAK9818485.1
OG0006880	KAK9865363.1	KAK9818467.1
OG0006881	KAK9865368.1	KAK9830673.1
OG0006882	KAK9865370.1	KAK9830825.1
OG0006883	KAK9865371.1	KAK9835728.1
OG0006884	KAK9865379.1	KAK9825813.1
OG0006885	KAK9865381.1	KAK9825803.1
OG0006886	KAK9865382.1	KAK9835879.1
OG0006887	KAK9865383.1	KAK9835742.1
OG0006888	KAK9865386.1	KAK9835469.1
OG0006889	KAK9865387.1	KAK9835524.1
OG0006890	KAK9865388.1	KAK9835473.1
OG0006891	KAK9865389.1	KAK9817460.1
OG0006892	KAK9865393.1	KAK9831579.1
OG0006893	KAK9865397.1	KAK9839129.1
OG0006894	KAK9865398.1	KAK9838700.1
OG0006895	KAK9865399.1	KAK9839023.1
OG0006896	KAK9865405.1	KAK9838874.1
OG0006897	KAK9865407.1	KAK9821186.1
OG0006898	KAK9865408.1	KAK9821145.1
OG0006899	KAK9865409.1	KAK9821206.1
OG0006900	KAK9865414.1	KAK9821155.1
OG0006901	KAK9865416.1	KAK9821176.1
OG0006902	KAK9865425.1	KAK9834391.1
OG0006903	KAK9865429.1	KAK9834534.1
OG0006904	KAK9865436.1	KAK9834801.1
OG0006905	KAK9865437.1	KAK9840262.1
OG0006906	KAK9865438.1	KAK9834799.1
OG0006907	KAK9865440.1	KAK9840342.1
OG0006908	KAK9865441.1	KAK9844696.1
OG0006909	KAK9865445.1	KAK9844654.1
OG0006910	KAK9865449.1	KAK9844297.1
OG0006911	KAK9865452.1	KAK9836882.1
OG0006912	KAK9865457.1	KAK9836830.1
OG0006913	KAK9865458.1	KAK9836558.1
OG0006914	KAK9865460.1	KAK9822316.1
OG0006915	KAK9865463.1	KAK9826587.1
OG0006916	KAK9865468.1	KAK9826561.1
OG0006917	KAK9865473.1	KAK9826663.1
OG0006918	KAK9865477.1	KAK9826669.1
OG0006919	KAK9865484.1	KAK9844585.1
OG0006920	KAK9865485.1	KAK9821165.1
OG0006921	KAK9865491.1	KAK9818879.1
OG0006922	KAK9865492.1	KAK9818853.1
OG0006923	KAK9865495.1	KAK9830814.1
OG0006924	KAK9865505.1	KAK9838039.1
OG0006925	KAK9865506.1	KAK9837708.1
OG0006926	KAK9865508.1	KAK9837556.1
OG0006927	KAK9865509.1	KAK9837956.1
OG0006928	KAK9865511.1	KAK9838031.1
OG0006929	KAK9865513.1	KAK9844935.1
OG0006930	KAK9865514.1	KAK9844414.1
OG0006931	KAK9865515.1, KAK9865516.1	
OG0006932	KAK9865517.1	KAK9844431.1
OG0006933	KAK9865518.1	KAK9844579.1
OG0006934	KAK9865519.1	KAK9844511.1
OG0006935	KAK9865521.1	KAK9844675.1
OG0006936	KAK9865525.1	KAK9842909.1
OG0006937	KAK9865532.1	KAK9842707.1
OG0006938	KAK9865535.1	KAK9842689.1
OG0006939	KAK9865538.1	KAK9839994.1
OG0006940	KAK9865546.1	KAK9818794.1
OG0006941	KAK9865547.1	KAK9818585.1
OG0006942	KAK9865552.1	KAK9818823.1
OG0006943	KAK9865554.1	KAK9824749.1
OG0006944	KAK9865555.1	KAK9833805.1
OG0006945	KAK9865558.1	KAK9833941.1
OG0006946	KAK9865559.1	KAK9833853.1
OG0006947	KAK9865561.1	KAK9833646.1
OG0006948	KAK9865564.1	KAK9833680.1
OG0006949	KAK9865565.1	KAK9833639.1
OG0006950	KAK9865572.1	KAK9840299.1
OG0006951	KAK9865573.1	KAK9840220.1
OG0006952	KAK9865577.1	KAK9839932.1
OG0006953	KAK9865579.1	KAK9835873.1
OG0006954	KAK9865580.1	KAK9835706.1
OG0006955	KAK9865583.1	KAK9835806.1
OG0006956	KAK9865587.1	KAK9835782.1
OG0006957	KAK9865589.1	KAK9835499.1
OG0006958	KAK9865595.1	KAK9830805.1
OG0006959	KAK9865596.1	KAK9830679.1
OG0006960	KAK9865600.1	KAK9830724.1
OG0006961	KAK9865601.1	KAK9830712.1
OG0006962	KAK9865602.1	KAK9830671.1
OG0006963	KAK9865605.1	KAK9844314.1
OG0006964	KAK9865607.1	KAK9844698.1
OG0006965	KAK9865608.1	KAK9844426.1
OG0006966	KAK9865609.1	KAK9844633.1
OG0006967	KAK9865611.1, KAK9867872.1	
OG0006968	KAK9865612.1	KAK9844809.1
OG0006969	KAK9865626.1	KAK9818857.1
OG0006970	KAK9865627.1	KAK9817495.1
OG0006971	KAK9865628.1	KAK9818625.1
OG0006972	KAK9865632.1	KAK9818633.1
OG0006973	KAK9865633.1	KAK9818646.1
OG0006974	KAK9865634.1, KAK9865635.1	
OG0006975	KAK9865636.1, KAK9865637.1	
OG0006976	KAK9865638.1	KAK9818642.1
OG0006977	KAK9865639.1	KAK9818627.1
OG0006978	KAK9865640.1	KAK9818644.1
OG0006979	KAK9865642.1	KAK9818636.1
OG0006980	KAK9865647.1	KAK9821508.1
OG0006981	KAK9865652.1	KAK9821518.1
OG0006982	KAK9865653.1	KAK9821520.1
OG0006983	KAK9865658.1	KAK9832454.1
OG0006984	KAK9865662.1	KAK9819121.1
OG0006985	KAK9865663.1	KAK9842675.1
OG0006986	KAK9865666.1	KAK9842861.1
OG0006987	KAK9865671.1	KAK9843193.1
OG0006988	KAK9865672.1	KAK9842831.1
OG0006989	KAK9865673.1	KAK9843237.1
OG0006990	KAK9865674.1	KAK9844700.1
OG0006991	KAK9865675.1	KAK9845085.1
OG0006992	KAK9865680.1	KAK9844342.1
OG0006993	KAK9865682.1	KAK9832261.1
OG0006994	KAK9865686.1	KAK9832214.1
OG0006995	KAK9865691.1	KAK9832469.1
OG0006996	KAK9865692.1	KAK9832195.1
OG0006997	KAK9865703.1	KAK9821859.1
OG0006998	KAK9865704.1	KAK9821857.1
OG0006999	KAK9865708.1, KAK9868706.1	
OG0007000	KAK9865720.1	KAK9833006.1
OG0007001	KAK9865725.1	KAK9833203.1
OG0007002	KAK9865727.1	KAK9841428.1
OG0007003	KAK9865728.1	KAK9832892.1
OG0007004	KAK9865730.1	KAK9838720.1
OG0007005	KAK9865732.1	KAK9839166.1
OG0007006	KAK9865733.1	KAK9838960.1
OG0007007	KAK9865735.1	KAK9838648.1
OG0007008	KAK9865736.1	KAK9838889.1
OG0007009	KAK9865737.1	KAK9838679.1
OG0007010	KAK9865739.1	KAK9838942.1
OG0007011	KAK9865745.1	KAK9837824.1
OG0007012	KAK9865746.1	KAK9837685.1
OG0007013	KAK9865750.1	KAK9837654.1
OG0007014	KAK9865754.1	KAK9837986.1
OG0007015	KAK9865760.1	KAK9826238.1
OG0007016	KAK9865762.1	KAK9826317.1
OG0007017	KAK9865763.1	KAK9826242.1
OG0007018	KAK9865764.1	KAK9826295.1
OG0007019	KAK9865767.1	KAK9838856.1
OG0007020	KAK9865771.1	KAK9839108.1
OG0007021	KAK9865773.1	KAK9839170.1
OG0007022	KAK9865775.1, KAK9865776.1	
OG0007023	KAK9865778.1	KAK9844327.1
OG0007024	KAK9865779.1	KAK9844284.1
OG0007025	KAK9865780.1	KAK9831280.1
OG0007026	KAK9865782.1	KAK9831046.1
OG0007027	KAK9865785.1	KAK9844770.1
OG0007028	KAK9865786.1	KAK9831259.1
OG0007029	KAK9865791.1	KAK9844590.1
OG0007030	KAK9865792.1	KAK9845124.1
OG0007031	KAK9865793.1	KAK9844610.1
OG0007032	KAK9865794.1	KAK9844722.1
OG0007033	KAK9865796.1	KAK9844609.1
OG0007034	KAK9865800.1	KAK9844965.1
OG0007035	KAK9865803.1	KAK9844337.1
OG0007036	KAK9865804.1	KAK9845110.1
OG0007037	KAK9865806.1	KAK9844487.1
OG0007038	KAK9865809.1	KAK9837565.1
OG0007039	KAK9865811.1	KAK9832170.1
OG0007040	KAK9865812.1	KAK9837723.1
OG0007041	KAK9865817.1	KAK9844766.1
OG0007042	KAK9865819.1	KAK9845007.1
OG0007043	KAK9865820.1	KAK9845005.1
OG0007044	KAK9865821.1	KAK9844806.1
OG0007045	KAK9865827.1	KAK9844325.1
OG0007046	KAK9865828.1	KAK9844261.1
OG0007047	KAK9865833.1	KAK9844945.1
OG0007048	KAK9865838.1	KAK9825342.1
OG0007049	KAK9865847.1	KAK9817573.1
OG0007050	KAK9865849.1	KAK9821524.1
OG0007051	KAK9865857.1	KAK9817396.1
OG0007052	KAK9865862.1	KAK9828305.1
OG0007053	KAK9865865.1	KAK9828291.1
OG0007054	KAK9865868.1	KAK9818877.1
OG0007055	KAK9865878.1	KAK9836524.1
OG0007056	KAK9865880.1	KAK9836499.1
OG0007057	KAK9865883.1	KAK9836421.1
OG0007058	KAK9865884.1	KAK9828244.1
OG0007059	KAK9865890.1, KAK9865891.1	
OG0007060	KAK9865898.1	KAK9841202.1
OG0007061	KAK9865899.1	KAK9841463.1
OG0007062	KAK9865903.1	KAK9841649.1
OG0007063	KAK9865908.1, KAK9865909.1	
OG0007064	KAK9865917.1	KAK9833647.1
OG0007065	KAK9865919.1	KAK9843289.1
OG0007066	KAK9865927.1	KAK9841719.1
OG0007067	KAK9865936.1	KAK9832958.1
OG0007068	KAK9865939.1	KAK9832900.1
OG0007069	KAK9865940.1	KAK9832936.1
OG0007070	KAK9865941.1	KAK9833110.1
OG0007071	KAK9865944.1	KAK9826271.1
OG0007072	KAK9865948.1	KAK9826227.1
OG0007073	KAK9865958.1	KAK9831027.1
OG0007074	KAK9865961.1	KAK9818675.1
OG0007075	KAK9865963.1	KAK9818688.1
OG0007076	KAK9865964.1	KAK9822950.1
OG0007077	KAK9865977.1	KAK9827117.1
OG0007078	KAK9865979.1	KAK9815970.1
OG0007079	KAK9865980.1	KAK9820724.1
OG0007080	KAK9865985.1	KAK9826211.1
OG0007081	KAK9865989.1	KAK9826231.1
OG0007082	KAK9865990.1, KAK9865991.1	
OG0007083	KAK9865993.1	KAK9826296.1
OG0007084	KAK9865994.1	KAK9826300.1
OG0007085	KAK9866004.1	KAK9833015.1
OG0007086	KAK9866006.1	KAK9833123.1
OG0007087	KAK9866008.1	KAK9833211.1
OG0007088	KAK9866012.1	KAK9824922.1
OG0007089	KAK9866014.1	KAK9824883.1
OG0007090	KAK9866016.1	KAK9819551.1
OG0007091	KAK9866028.1	KAK9840424.1
OG0007092	KAK9866030.1	KAK9825114.1
OG0007093	KAK9866031.1	KAK9840321.1
OG0007094	KAK9866032.1	KAK9825036.1
OG0007095	KAK9866037.1	KAK9840502.1
OG0007096	KAK9866045.1	KAK9837646.1
OG0007097	KAK9866051.1	KAK9841591.1
OG0007098	KAK9866053.1	KAK9841388.1
OG0007099	KAK9866074.1	KAK9816295.1
OG0007100	KAK9866075.1	KAK9820921.1
OG0007101	KAK9866076.1	KAK9816308.1
OG0007102	KAK9866080.1	KAK9841393.1
OG0007103	KAK9866082.1	KAK9841248.1
OG0007104	KAK9866086.1	KAK9841453.1
OG0007105	KAK9866088.1	KAK9841534.1
OG0007106	KAK9866089.1	KAK9841127.1
OG0007107	KAK9866098.1	KAK9838931.1
OG0007108	KAK9866099.1	KAK9839151.1
OG0007109	KAK9866104.1, KAK9866105.1	
OG0007110	KAK9866107.1	KAK9835756.1
OG0007111	KAK9866127.1	KAK9827072.1
OG0007112	KAK9866131.1, KAK9866132.1	
OG0007113	KAK9866135.1	KAK9845024.1
OG0007114	KAK9866140.1, KAK9866141.1	
OG0007115	KAK9866144.1	KAK9824890.1
OG0007116	KAK9866146.1	KAK9844425.1
OG0007117	KAK9866148.1	KAK9818873.1
OG0007118	KAK9866152.1	KAK9828343.1
OG0007119	KAK9866153.1	KAK9818900.1
OG0007120	KAK9866154.1	KAK9818886.1
OG0007121	KAK9866156.1	KAK9827433.1
OG0007122	KAK9866157.1	KAK9843271.1
OG0007123	KAK9866161.1	KAK9842806.1
OG0007124	KAK9866163.1	KAK9842883.1
OG0007125	KAK9866165.1	KAK9842932.1
OG0007126	KAK9866166.1	KAK9827525.1
OG0007127	KAK9866169.1	KAK9845020.1
OG0007128	KAK9866171.1	KAK9842852.1
OG0007129	KAK9866172.1	KAK9844481.1
OG0007130	KAK9866173.1	KAK9843367.1
OG0007131	KAK9866175.1	KAK9843260.1
OG0007132	KAK9866176.1	KAK9840455.1
OG0007133	KAK9866178.1	KAK9840137.1
OG0007134	KAK9866179.1	KAK9845038.1
OG0007135	KAK9866180.1	KAK9845039.1
OG0007136	KAK9866183.1	KAK9822620.1
OG0007137	KAK9866191.1	KAK9822543.1
OG0007138	KAK9866192.1	KAK9822576.1
OG0007139	KAK9866196.1	KAK9821865.1
OG0007140	KAK9866206.1	KAK9836527.1
OG0007141	KAK9866214.1	KAK9822794.1
OG0007142	KAK9866219.1	KAK9818613.1
OG0007143	KAK9866221.1	KAK9818650.1
OG0007144	KAK9866222.1	KAK9818662.1
OG0007145	KAK9866224.1	KAK9818638.1
OG0007146	KAK9866227.1	KAK9818645.1
OG0007147	KAK9866228.1	KAK9818623.1
OG0007148	KAK9866229.1	KAK9834574.1
OG0007149	KAK9866230.1	KAK9834731.1
OG0007150	KAK9866231.1	KAK9834486.1
OG0007151	KAK9866233.1	KAK9834412.1
OG0007152	KAK9866239.1	KAK9834763.1
OG0007153	KAK9866240.1	KAK9834529.1
OG0007154	KAK9866241.1	KAK9834752.1
OG0007155	KAK9866246.1	KAK9831731.1
OG0007156	KAK9866256.1	KAK9831615.1
OG0007157	KAK9866258.1, KAK9866259.1	
OG0007158	KAK9866269.1, KAK9866270.1	
OG0007159	KAK9866276.1	KAK9835627.1
OG0007160	KAK9866278.1	KAK9835897.1
OG0007161	KAK9866279.1	KAK9835847.1
OG0007162	KAK9866281.1	KAK9835699.1
OG0007163	KAK9866283.1	KAK9819430.1
OG0007164	KAK9866285.1	KAK9819463.1
OG0007165	KAK9866286.1	KAK9819437.1
OG0007166	KAK9866289.1	KAK9819464.1
OG0007167	KAK9866291.1	KAK9819472.1
OG0007168	KAK9866292.1	KAK9819475.1
OG0007169	KAK9866296.1	KAK9831138.1
OG0007170	KAK9866297.1	KAK9831248.1
OG0007171	KAK9866302.1, KAK9866303.1	
OG0007172	KAK9866319.1, KAK9866320.1	
OG0007173	KAK9866325.1	KAK9843052.1
OG0007174	KAK9866333.1	KAK9843049.1
OG0007175	KAK9866336.1	KAK9842807.1
OG0007176	KAK9866338.1	KAK9843196.1
OG0007177	KAK9866342.1	KAK9833877.1
OG0007178	KAK9866343.1	KAK9833876.1
OG0007179	KAK9866344.1	KAK9833878.1
OG0007180	KAK9866346.1	KAK9833825.1
OG0007181	KAK9866347.1	KAK9833666.1
OG0007182	KAK9866351.1	KAK9835918.1
OG0007183	KAK9866352.1	KAK9835569.1
OG0007184	KAK9866353.1	KAK9827057.1
OG0007185	KAK9866358.1	KAK9827167.1
OG0007186	KAK9866360.1	KAK9835789.1
OG0007187	KAK9866362.1	KAK9835430.1
OG0007188	KAK9866366.1	KAK9844798.1
OG0007189	KAK9866368.1, KAK9866369.1	
OG0007190	KAK9866370.1	KAK9833676.1
OG0007191	KAK9866372.1	KAK9833782.1
OG0007192	KAK9866384.1	KAK9825758.1
OG0007193	KAK9866385.1	KAK9825787.1
OG0007194	KAK9866399.1	KAK9835826.1
OG0007195	KAK9866400.1	KAK9835555.1
OG0007196	KAK9866401.1, KAK9866402.1	
OG0007197	KAK9866404.1	KAK9819144.1
OG0007198	KAK9866410.1	KAK9819132.1
OG0007199	KAK9866411.1, KAK9866412.1	
OG0007200	KAK9866414.1	KAK9819131.1
OG0007201	KAK9866419.1	KAK9819284.1
OG0007202	KAK9866422.1, KAK9866423.1	
OG0007203	KAK9866432.1	KAK9819314.1
OG0007204	KAK9866434.1	KAK9817498.1
OG0007205	KAK9866440.1	KAK9836877.1
OG0007206	KAK9866443.1	KAK9836677.1
OG0007207	KAK9866444.1	KAK9836764.1
OG0007208	KAK9866447.1	KAK9839987.1
OG0007209	KAK9866448.1	KAK9836614.1
OG0007210	KAK9866449.1	KAK9836920.1
OG0007211	KAK9866455.1	KAK9822098.1
OG0007212	KAK9866456.1	KAK9822102.1
OG0007213	KAK9866457.1	KAK9822096.1
OG0007214	KAK9866458.1	KAK9822041.1
OG0007215	KAK9866459.1	KAK9822011.1
OG0007216	KAK9866465.1	KAK9822025.1
OG0007217	KAK9866466.1	KAK9841408.1
OG0007218	KAK9866467.1	KAK9822089.1
OG0007219	KAK9866468.1	KAK9822088.1
OG0007220	KAK9866469.1	KAK9836897.1
OG0007221	KAK9866475.1	KAK9836648.1
OG0007222	KAK9866477.1, KAK9866478.1	
OG0007223	KAK9866487.1, KAK9866488.1	
OG0007224	KAK9866491.1	KAK9844371.1
OG0007225	KAK9866494.1	KAK9837964.1
OG0007226	KAK9866498.1	KAK9837580.1
OG0007227	KAK9866506.1	KAK9837663.1
OG0007228	KAK9866507.1	KAK9821265.1
OG0007229	KAK9866510.1	KAK9842678.1
OG0007230	KAK9866511.1	KAK9821281.1
OG0007231	KAK9866513.1	KAK9843352.1
OG0007232	KAK9866516.1	KAK9842987.1
OG0007233	KAK9866520.1, KAK9866521.1	
OG0007234	KAK9866523.1	KAK9834782.1
OG0007235	KAK9866527.1	KAK9825541.1
OG0007236	KAK9866535.1	KAK9832996.1
OG0007237	KAK9866536.1	KAK9825619.1
OG0007238	KAK9866540.1	KAK9821816.1
OG0007239	KAK9866544.1, KAK9866545.1	
OG0007240	KAK9866551.1	KAK9842841.1
OG0007241	KAK9866558.1	KAK9843039.1
OG0007242	KAK9866561.1	KAK9842741.1
OG0007243	KAK9866571.1	KAK9835833.1
OG0007244	KAK9866576.1	KAK9832444.1
OG0007245	KAK9866578.1	KAK9832287.1
OG0007246	KAK9866579.1	KAK9832342.1
OG0007247	KAK9866580.1	KAK9832390.1
OG0007248	KAK9866583.1	KAK9832321.1
OG0007249	KAK9866588.1	KAK9839001.1
OG0007250	KAK9866595.1	KAK9838718.1
OG0007251	KAK9866601.1	KAK9841383.1
OG0007252	KAK9866606.1	KAK9841258.1
OG0007253	KAK9866607.1	KAK9841330.1
OG0007254	KAK9866612.1, KAK9866613.1	
OG0007255	KAK9866614.1	KAK9818972.1
OG0007256	KAK9866617.1	KAK9836515.1
OG0007257	KAK9866623.1	KAK9827463.1
OG0007258	KAK9866625.1	KAK9816360.1
OG0007259	KAK9866627.1	KAK9835442.1
OG0007260	KAK9866629.1	KAK9816371.1
OG0007261	KAK9866631.1	KAK9835630.1
OG0007262	KAK9866632.1	KAK9835704.1
OG0007263	KAK9866639.1	KAK9830775.1
OG0007264	KAK9866641.1	KAK9832372.1
OG0007265	KAK9866644.1	KAK9832970.1
OG0007266	KAK9866647.1	KAK9832290.1
OG0007267	KAK9866649.1	KAK9832193.1
OG0007268	KAK9866651.1	KAK9843355.1
OG0007269	KAK9866653.1	KAK9842718.1
OG0007270	KAK9866656.1	KAK9843129.1
OG0007271	KAK9866659.1	KAK9830658.1
OG0007272	KAK9866660.1	KAK9841275.1
OG0007273	KAK9866664.1	KAK9841262.1
OG0007274	KAK9866665.1	KAK9841220.1
OG0007275	KAK9866666.1	KAK9841617.1
OG0007276	KAK9866669.1	KAK9841473.1
OG0007277	KAK9866670.1	KAK9841486.1
OG0007278	KAK9866671.1, KAK9866672.1	
OG0007279	KAK9866673.1	KAK9833942.1
OG0007280	KAK9866686.1	KAK9822050.1
OG0007281	KAK9866687.1	KAK9822077.1
OG0007282	KAK9866690.1	KAK9822047.1
OG0007283	KAK9866693.1	KAK9822147.1
OG0007284	KAK9866697.1	KAK9822065.1
OG0007285	KAK9866699.1	KAK9839957.1
OG0007286	KAK9866704.1	KAK9840205.1
OG0007287	KAK9866705.1	KAK9840222.1
OG0007288	KAK9866714.1	KAK9821540.1
OG0007289	KAK9866719.1	KAK9821549.1
OG0007290	KAK9866721.1, KAK9866722.1	
OG0007291	KAK9866725.1, KAK9866726.1	
OG0007292	KAK9866731.1	KAK9828245.1
OG0007293	KAK9866736.1	KAK9828242.1
OG0007294	KAK9866737.1	KAK9828353.1
OG0007295	KAK9866738.1	KAK9828185.1
OG0007296	KAK9866741.1	KAK9828317.1
OG0007297	KAK9866742.1	KAK9828147.1
OG0007298	KAK9866750.1	KAK9831161.1
OG0007299	KAK9866756.1	KAK9831186.1
OG0007300	KAK9866759.1	KAK9827852.1
OG0007301	KAK9866761.1	KAK9827946.1
OG0007302	KAK9866775.1	KAK9827847.1
OG0007303	KAK9866777.1	KAK9827510.1
OG0007304	KAK9866779.1	KAK9827493.1
OG0007305	KAK9866780.1	KAK9827518.1
OG0007306	KAK9866785.1	KAK9827478.1
OG0007307	KAK9866786.1	KAK9827413.1
OG0007308	KAK9866787.1	KAK9827500.1
OG0007309	KAK9866788.1	KAK9827462.1
OG0007310	KAK9866797.1	KAK9835658.1
OG0007311	KAK9866801.1	KAK9821545.1
OG0007312	KAK9866802.1	KAK9821645.1
OG0007313	KAK9866803.1	KAK9816282.1
OG0007314	KAK9866807.1, KAK9867452.1	
OG0007315	KAK9866808.1	KAK9821490.1
OG0007316	KAK9866809.1	KAK9821688.1
OG0007317	KAK9866819.1, KAK9866820.1	
OG0007318	KAK9866823.1, KAK9866824.1	
OG0007319	KAK9866828.1	KAK9838999.1
OG0007320	KAK9866831.1	KAK9838719.1
OG0007321	KAK9866833.1	KAK9839044.1
OG0007322	KAK9866835.1	KAK9838997.1
OG0007323	KAK9866838.1, KAK9866839.1	
OG0007324	KAK9866850.1	KAK9830645.1
OG0007325	KAK9866861.1	KAK9844409.1
OG0007326	KAK9866866.1	KAK9844701.1
OG0007327	KAK9866871.1, KAK9866872.1	
OG0007328	KAK9866877.1	KAK9837798.1
OG0007329	KAK9866878.1	KAK9827949.1
OG0007330	KAK9866881.1	KAK9833766.1
OG0007331	KAK9866883.1	KAK9827833.1
OG0007332	KAK9866891.1, KAK9866892.1	
OG0007333	KAK9866898.1	KAK9838848.1
OG0007334	KAK9866899.1	KAK9831580.1
OG0007335	KAK9866902.1	KAK9841697.1
OG0007336	KAK9866904.1	KAK9841146.1
OG0007337	KAK9866905.1	KAK9841696.1
OG0007338	KAK9866906.1, KAK9866907.1	
OG0007339	KAK9866908.1	KAK9841733.1
OG0007340	KAK9866909.1	KAK9841424.1
OG0007341	KAK9866910.1	KAK9841407.1
OG0007342	KAK9866912.1	KAK9841538.1
OG0007343	KAK9866913.1	KAK9841164.1
OG0007344	KAK9866915.1	KAK9839006.1
OG0007345	KAK9866916.1	KAK9816339.1
OG0007346	KAK9866917.1	KAK9838949.1
OG0007347	KAK9866919.1, KAK9866920.1	
OG0007348	KAK9866922.1	KAK9838686.1
OG0007349	KAK9866923.1, KAK9866924.1	
OG0007350	KAK9866926.1	KAK9838631.1
OG0007351	KAK9866928.1	KAK9838706.1
OG0007352	KAK9866930.1	KAK9816341.1
OG0007353	KAK9866934.1	KAK9844429.1
OG0007354	KAK9866939.1	KAK9844765.1
OG0007355	KAK9866945.1, KAK9866959.1	
OG0007356	KAK9866957.1	KAK9841664.1
OG0007357	KAK9866958.1	KAK9825596.1
OG0007358	KAK9866960.1	KAK9841221.1
OG0007359	KAK9866964.1	KAK9840291.1
OG0007360	KAK9866968.1, KAK9866969.1	
OG0007361	KAK9866973.1	KAK9840490.1
OG0007362	KAK9866984.1	KAK9825580.1
OG0007363	KAK9866986.1	KAK9825554.1
OG0007364	KAK9866992.1, KAK9866993.1	
OG0007365	KAK9866994.1	KAK9825620.1
OG0007366	KAK9866996.1	KAK9825501.1
OG0007367	KAK9866998.1	KAK9837997.1
OG0007368	KAK9867004.1	KAK9837867.1
OG0007369	KAK9867010.1	KAK9839934.1
OG0007370	KAK9867021.1	KAK9840060.1
OG0007371	KAK9867022.1	KAK9840168.1
OG0007372	KAK9867025.1, KAK9867925.1	
OG0007373	KAK9867026.1	KAK9828175.1
OG0007374	KAK9867027.1	KAK9828309.1
OG0007375	KAK9867032.1	KAK9840233.1
OG0007376	KAK9867035.1	KAK9833863.1
OG0007377	KAK9867038.1	KAK9833682.1
OG0007378	KAK9867041.1	KAK9833653.1
OG0007379	KAK9867044.1	KAK9822750.1
OG0007380	KAK9867047.1	KAK9822741.1
OG0007381	KAK9867054.1	KAK9822736.1
OG0007382	KAK9867058.1	KAK9816370.1
OG0007383	KAK9867059.1	KAK9816367.1
OG0007384	KAK9867069.1	KAK9831778.1
OG0007385	KAK9867075.1	KAK9844455.1
OG0007386	KAK9867079.1	KAK9845011.1
OG0007387	KAK9867084.1	KAK9831828.1
OG0007388	KAK9867089.1	KAK9826290.1
OG0007389	KAK9867090.1	KAK9826240.1
OG0007390	KAK9867097.1	KAK9828287.1
OG0007391	KAK9867098.1	KAK9828210.1
OG0007392	KAK9867100.1	KAK9828270.1
OG0007393	KAK9867101.1	KAK9826329.1
OG0007394	KAK9867107.1	KAK9842939.1
OG0007395	KAK9867108.1	KAK9843050.1
OG0007396	KAK9867109.1, KAK9867110.1	
OG0007397	KAK9867112.1	KAK9836766.1
OG0007398	KAK9867113.1	KAK9842793.1
OG0007399	KAK9867115.1	KAK9825806.1
OG0007400	KAK9867116.1	KAK9825785.1
OG0007401	KAK9867117.1	KAK9825783.1
OG0007402	KAK9867118.1	KAK9825737.1
OG0007403	KAK9867121.1	KAK9825736.1
OG0007404	KAK9867123.1	KAK9825757.1
OG0007405	KAK9867136.1	KAK9816409.1
OG0007406	KAK9867137.1	KAK9816396.1
OG0007407	KAK9867144.1	KAK9816387.1
OG0007408	KAK9867146.1, KAK9867147.1	
OG0007409	KAK9867148.1	KAK9816380.1
OG0007410	KAK9867150.1	KAK9816385.1
OG0007411	KAK9867152.1	KAK9816401.1
OG0007412	KAK9867156.1, KAK9867157.1	
OG0007413	KAK9867163.1	KAK9825791.1
OG0007414	KAK9867167.1, KAK9867168.1	
OG0007415	KAK9867184.1	KAK9816262.1
OG0007416	KAK9867186.1	KAK9818440.1
OG0007417	KAK9867188.1	KAK9816267.1
OG0007418	KAK9867189.1	KAK9816269.1
OG0007419	KAK9867194.1	KAK9816260.1
OG0007420	KAK9867195.1	KAK9816247.1
OG0007421	KAK9867202.1	KAK9833720.1
OG0007422	KAK9867203.1	KAK9833657.1
OG0007423	KAK9867210.1, KAK9867211.1	
OG0007424	KAK9867212.1, KAK9867213.1	
OG0007425	KAK9867214.1	KAK9843203.1
OG0007426	KAK9867215.1	KAK9843212.1
OG0007427	KAK9867223.1	KAK9843171.1
OG0007428	KAK9867228.1	KAK9837783.1
OG0007429	KAK9867229.1	KAK9837961.1
OG0007430	KAK9867239.1	KAK9837614.1
OG0007431	KAK9867243.1	KAK9837972.1
OG0007432	KAK9867244.1	KAK9825814.1
OG0007433	KAK9867256.1	KAK9830826.1
OG0007434	KAK9867257.1	KAK9830668.1
OG0007435	KAK9867261.1	KAK9827892.1
OG0007436	KAK9867267.1	KAK9827805.1
OG0007437	KAK9867274.1	KAK9842979.1
OG0007438	KAK9867277.1	KAK9843328.1
OG0007439	KAK9867278.1	KAK9843142.1
OG0007440	KAK9867280.1	KAK9843064.1
OG0007441	KAK9867281.1	KAK9842834.1
OG0007442	KAK9867282.1	KAK9843313.1
OG0007443	KAK9867285.1	KAK9842911.1
OG0007444	KAK9867290.1	KAK9822097.1
OG0007445	KAK9867296.1	KAK9822015.1
OG0007446	KAK9867301.1	KAK9822106.1
OG0007447	KAK9867309.1	KAK9824913.1
OG0007448	KAK9867310.1	KAK9824903.1
OG0007449	KAK9867314.1	KAK9824963.1
OG0007450	KAK9867315.1, KAK9867316.1	
OG0007451	KAK9867318.1	KAK9824802.1
OG0007452	KAK9867321.1	KAK9843213.1
OG0007453	KAK9867325.1	KAK9843145.1
OG0007454	KAK9867331.1	KAK9818870.1
OG0007455	KAK9867332.1	KAK9826642.1
OG0007456	KAK9867333.1	KAK9818905.1
OG0007457	KAK9867335.1	KAK9826585.1
OG0007458	KAK9867336.1	KAK9816223.1
OG0007459	KAK9867342.1	KAK9826662.1
OG0007460	KAK9867345.1	KAK9818878.1
OG0007461	KAK9867348.1	KAK9826539.1
OG0007462	KAK9867358.1, KAK9867359.1	
OG0007463	KAK9867360.1	KAK9830809.1
OG0007464	KAK9867361.1	KAK9830777.1
OG0007465	KAK9867363.1	KAK9830652.1
OG0007466	KAK9867364.1	KAK9831174.1
OG0007467	KAK9867369.1	KAK9821544.1
OG0007468	KAK9867372.1	KAK9821496.1
OG0007469	KAK9867374.1	KAK9821487.1
OG0007470	KAK9867375.1	KAK9816278.1
OG0007471	KAK9867376.1	KAK9821482.1
OG0007472	KAK9867377.1	KAK9821539.1
OG0007473	KAK9867379.1	KAK9821493.1
OG0007474	KAK9867381.1	KAK9821621.1
OG0007475	KAK9867391.1	KAK9834768.1
OG0007476	KAK9867401.1	KAK9836733.1
OG0007477	KAK9867404.1	KAK9840346.1
OG0007478	KAK9867427.1, KAK9867428.1	
OG0007479	KAK9867430.1	KAK9822063.1
OG0007480	KAK9867434.1	KAK9821819.1
OG0007481	KAK9867438.1	KAK9834382.1
OG0007482	KAK9867441.1	KAK9821856.1
OG0007483	KAK9867445.1	KAK9834730.1
OG0007484	KAK9867446.1	KAK9834599.1
OG0007485	KAK9867454.1	KAK9835690.1
OG0007486	KAK9867455.1	KAK9817526.1
OG0007487	KAK9867457.1	KAK9826954.1
OG0007488	KAK9867458.1	KAK9817517.1
OG0007489	KAK9867459.1	KAK9817534.1
OG0007490	KAK9867460.1	KAK9835836.1
OG0007491	KAK9867462.1	KAK9820689.1
OG0007492	KAK9867465.1	KAK9827873.1
OG0007493	KAK9867466.1	KAK9827783.1
OG0007494	KAK9867469.1	KAK9827837.1
OG0007495	KAK9867473.1	KAK9820664.1
OG0007496	KAK9867474.1	KAK9820696.1
OG0007497	KAK9867477.1	KAK9827920.1
OG0007498	KAK9867480.1	KAK9827754.1
OG0007499	KAK9867482.1	KAK9820677.1
OG0007500	KAK9867484.1	KAK9822967.1
OG0007501	KAK9867485.1	KAK9822927.1
OG0007502	KAK9867486.1	KAK9822884.1
OG0007503	KAK9867493.1	KAK9844944.1
OG0007504	KAK9867494.1	KAK9834477.1
OG0007505	KAK9867496.1	KAK9834726.1
OG0007506	KAK9867499.1	KAK9834531.1
OG0007507	KAK9867503.1	KAK9834419.1
OG0007508	KAK9867507.1	KAK9834674.1
OG0007509	KAK9867510.1	KAK9834575.1
OG0007510	KAK9867512.1	KAK9834573.1
OG0007511	KAK9867519.1	KAK9821259.1
OG0007512	KAK9867520.1	KAK9845099.1
OG0007513	KAK9867525.1	KAK9844300.1
OG0007514	KAK9867526.1	KAK9844924.1
OG0007515	KAK9867532.1	KAK9844410.1
OG0007516	KAK9867533.1	KAK9844258.1
OG0007517	KAK9867535.1	KAK9844749.1
OG0007518	KAK9867541.1	KAK9842657.1
OG0007519	KAK9867545.1	KAK9832380.1
OG0007520	KAK9867546.1	KAK9821032.1
OG0007521	KAK9867547.1	KAK9821042.1
OG0007522	KAK9867553.1	KAK9832434.1
OG0007523	KAK9867554.1	KAK9821082.1
OG0007524	KAK9867555.1, KAK9867556.1	
OG0007525	KAK9867557.1	KAK9821073.1
OG0007526	KAK9867560.1	KAK9833786.1
OG0007527	KAK9867564.1	KAK9833707.1
OG0007528	KAK9867565.1	KAK9833826.1
OG0007529	KAK9867566.1	KAK9833956.1
OG0007530	KAK9867567.1	KAK9833624.1
OG0007531	KAK9867568.1	KAK9833910.1
OG0007532	KAK9867569.1	KAK9833677.1
OG0007533	KAK9867570.1	KAK9833643.1
OG0007534	KAK9867574.1	KAK9833849.1
OG0007535	KAK9867575.1	KAK9822142.1
OG0007536	KAK9867576.1	KAK9822111.1
OG0007537	KAK9867577.1	KAK9822072.1
OG0007538	KAK9867581.1	KAK9822033.1
OG0007539	KAK9867582.1	KAK9822071.1
OG0007540	KAK9867583.1	KAK9822059.1
OG0007541	KAK9867585.1	KAK9822020.1
OG0007542	KAK9867589.1	KAK9835768.1
OG0007543	KAK9867592.1	KAK9839107.1
OG0007544	KAK9867594.1	KAK9835653.1
OG0007545	KAK9867595.1	KAK9835463.1
OG0007546	KAK9867597.1	KAK9835730.1
OG0007547	KAK9867599.1	KAK9835511.1
OG0007548	KAK9867600.1	KAK9835548.1
OG0007549	KAK9867601.1	KAK9838836.1
OG0007550	KAK9867602.1	KAK9835553.1
OG0007551	KAK9867603.1	KAK9835808.1
OG0007552	KAK9867610.1	KAK9843115.1
OG0007553	KAK9867611.1	KAK9843259.1
OG0007554	KAK9867612.1	KAK9842960.1
OG0007555	KAK9867615.1	KAK9843239.1
OG0007556	KAK9867617.1	KAK9842803.1
OG0007557	KAK9867619.1	KAK9819526.1
OG0007558	KAK9867622.1	KAK9842710.1
OG0007559	KAK9867623.1	KAK9818626.1
OG0007560	KAK9867627.1	KAK9843198.1
OG0007561	KAK9867636.1	KAK9820917.1
OG0007562	KAK9867639.1	KAK9821286.1
OG0007563	KAK9867642.1	KAK9818619.1
OG0007564	KAK9867644.1	KAK9818546.1
OG0007565	KAK9867646.1	KAK9818559.1
OG0007566	KAK9867650.1	KAK9818555.1
OG0007567	KAK9867655.1	KAK9818566.1
OG0007568	KAK9867660.1	KAK9818541.1
OG0007569	KAK9867668.1	KAK9835602.1
OG0007570	KAK9867669.1, KAK9867670.1	
OG0007571	KAK9867671.1	KAK9819293.1
OG0007572	KAK9867672.1, KAK9867673.1	
OG0007573	KAK9867675.1	KAK9819350.1
OG0007574	KAK9867678.1	KAK9835810.1
OG0007575	KAK9867681.1	KAK9819337.1
OG0007576	KAK9867688.1	KAK9841485.1
OG0007577	KAK9867695.1	KAK9841416.1
OG0007578	KAK9867700.1	KAK9832880.1
OG0007579	KAK9867703.1	KAK9839914.1
OG0007580	KAK9867706.1	KAK9840472.1
OG0007581	KAK9867708.1	KAK9838760.1
OG0007582	KAK9867709.1	KAK9840155.1
OG0007583	KAK9867710.1	KAK9840162.1
OG0007584	KAK9867712.1	KAK9840348.1
OG0007585	KAK9867717.1	KAK9840489.1
OG0007586	KAK9867730.1	KAK9842825.1
OG0007587	KAK9867732.1	KAK9832953.1
OG0007588	KAK9867733.1	KAK9833047.1
OG0007589	KAK9867736.1	KAK9833187.1
OG0007590	KAK9867739.1	KAK9832931.1
OG0007591	KAK9867740.1	KAK9833144.1
OG0007592	KAK9867742.1	KAK9832926.1
OG0007593	KAK9867743.1	KAK9831269.1
OG0007594	KAK9867744.1	KAK9832888.1
OG0007595	KAK9867745.1	KAK9833029.1
OG0007596	KAK9867746.1	KAK9832999.1
OG0007597	KAK9867747.1	KAK9833213.1
OG0007598	KAK9867748.1	KAK9832889.1
OG0007599	KAK9867749.1	KAK9837772.1
OG0007600	KAK9867750.1, KAK9867751.1	
OG0007601	KAK9867760.1	KAK9837656.1
OG0007602	KAK9867765.1	KAK9835903.1
OG0007603	KAK9867768.1	KAK9827496.1
OG0007604	KAK9867769.1	KAK9835444.1
OG0007605	KAK9867770.1	KAK9835502.1
OG0007606	KAK9867771.1, KAK9867772.1	
OG0007607	KAK9867778.1	KAK9834769.1
OG0007608	KAK9867782.1	KAK9835740.1
OG0007609	KAK9867783.1	KAK9834632.1
OG0007610	KAK9867784.1, KAK9867785.1	
OG0007611	KAK9867787.1	KAK9825519.1
OG0007612	KAK9867792.1	KAK9825582.1
OG0007613	KAK9867794.1	KAK9841331.1
OG0007614	KAK9867799.1	KAK9826302.1
OG0007615	KAK9867800.1	KAK9826314.1
OG0007616	KAK9867802.1	KAK9826277.1
OG0007617	KAK9867811.1	KAK9826252.1
OG0007618	KAK9867814.1	KAK9833222.1
OG0007619	KAK9867816.1	KAK9833131.1
OG0007620	KAK9867817.1	KAK9833026.1
OG0007621	KAK9867818.1	KAK9833037.1
OG0007622	KAK9867819.1	KAK9832912.1
OG0007623	KAK9867820.1	KAK9832973.1
OG0007624	KAK9867821.1	KAK9833117.1
OG0007625	KAK9867822.1	KAK9832866.1
OG0007626	KAK9867823.1	KAK9833063.1
OG0007627	KAK9867826.1	KAK9832924.1
OG0007628	KAK9867827.1, KAK9867828.1	
OG0007629	KAK9867829.1	KAK9832921.1
OG0007630	KAK9867833.1	KAK9833232.1
OG0007631	KAK9867834.1	KAK9841666.1
OG0007632	KAK9867835.1	KAK9838711.1
OG0007633	KAK9867836.1	KAK9831650.1
OG0007634	KAK9867837.1	KAK9838675.1
OG0007635	KAK9867842.1	KAK9831712.1
OG0007636	KAK9867844.1	KAK9839086.1
OG0007637	KAK9867846.1	KAK9839156.1
OG0007638	KAK9867847.1	KAK9838908.1
OG0007639	KAK9867848.1	KAK9839052.1
OG0007640	KAK9867851.1	KAK9831777.1
OG0007641	KAK9867852.1	KAK9831605.1
OG0007642	KAK9867855.1	KAK9831646.1
OG0007643	KAK9867856.1	KAK9827841.1
OG0007644	KAK9867857.1	KAK9827922.1
OG0007645	KAK9867858.1	KAK9827787.1
OG0007646	KAK9867863.1	KAK9821157.1
OG0007647	KAK9867866.1	KAK9821171.1
OG0007648	KAK9867869.1	KAK9821191.1
OG0007649	KAK9867873.1	KAK9821178.1
OG0007650	KAK9867875.1	KAK9821170.1
OG0007651	KAK9867878.1	KAK9826289.1
OG0007652	KAK9867879.1	KAK9819107.1
OG0007653	KAK9867881.1	KAK9834522.1
OG0007654	KAK9867883.1	KAK9821181.1
OG0007655	KAK9867885.1	KAK9836470.1
OG0007656	KAK9867886.1	KAK9836602.1
OG0007657	KAK9867887.1	KAK9836508.1
OG0007658	KAK9867888.1	KAK9836884.1
OG0007659	KAK9867891.1	KAK9836571.1
OG0007660	KAK9867895.1	KAK9836423.1
OG0007661	KAK9867900.1	KAK9836458.1
OG0007662	KAK9867901.1	KAK9836797.1
OG0007663	KAK9867921.1	KAK9839915.1
OG0007664	KAK9867923.1	KAK9840366.1
OG0007665	KAK9867926.1	KAK9840065.1
OG0007666	KAK9867933.1	KAK9818750.1
OG0007667	KAK9867934.1, KAK9867935.1	
OG0007668	KAK9867936.1	KAK9818718.1
OG0007669	KAK9867941.1	KAK9825023.1
OG0007670	KAK9867944.1	KAK9818720.1
OG0007671	KAK9867946.1	KAK9820927.1
OG0007672	KAK9867959.1	KAK9836496.1
OG0007673	KAK9867973.1	KAK9836849.1
OG0007674	KAK9867978.1	KAK9818486.1
OG0007675	KAK9867982.1	KAK9834734.1
OG0007676	KAK9867986.1	KAK9834699.1
OG0007677	KAK9867987.1	KAK9834478.1
OG0007678	KAK9867988.1	KAK9818442.1
OG0007679	KAK9867990.1	KAK9834472.1
OG0007680	KAK9867994.1	KAK9844355.1
OG0007681	KAK9868000.1	KAK9844738.1
OG0007682	KAK9868002.1	KAK9844731.1
OG0007683	KAK9868004.1	KAK9844836.1
OG0007684	KAK9868008.1	KAK9835857.1
OG0007685	KAK9868009.1, KAK9868028.1	
OG0007686	KAK9868016.1	KAK9834525.1
OG0007687	KAK9868022.1	KAK9834796.1
OG0007688	KAK9868031.1	KAK9832364.1
OG0007689	KAK9868032.1	KAK9832431.1
OG0007690	KAK9868033.1	KAK9832281.1
OG0007691	KAK9868035.1	KAK9832335.1
OG0007692	KAK9868037.1	KAK9832181.1
OG0007693	KAK9868038.1	KAK9832140.1
OG0007694	KAK9868043.1	KAK9841436.1
OG0007695	KAK9868045.1	KAK9841328.1
OG0007696	KAK9868046.1	KAK9841712.1
OG0007697	KAK9868047.1	KAK9841203.1
OG0007698	KAK9868050.1	KAK9841480.1
OG0007699	KAK9868052.1	KAK9841348.1
OG0007700	KAK9868053.1	KAK9841413.1
OG0007701	KAK9868054.1	KAK9841519.1
OG0007702	KAK9868055.1	KAK9841513.1
OG0007703	KAK9868056.1	KAK9841569.1
OG0007704	KAK9868059.1	KAK9841399.1
OG0007705	KAK9868060.1	KAK9841722.1
OG0007706	KAK9868061.1	KAK9841188.1
OG0007707	KAK9868062.1	KAK9841355.1
OG0007708	KAK9868063.1	KAK9841235.1
OG0007709	KAK9868065.1	KAK9835818.1
OG0007710	KAK9868066.1	KAK9835778.1
OG0007711	KAK9868069.1	KAK9835856.1
OG0007712	KAK9868071.1	KAK9835434.1
OG0007713	KAK9868074.1	KAK9835762.1
OG0007714	KAK9868075.1	KAK9835631.1
OG0007715	KAK9868079.1	KAK9820707.1
OG0007716	KAK9868080.1	KAK9820669.1
OG0007717	KAK9868081.1	KAK9820673.1
OG0007718	KAK9868083.1	KAK9820681.1
OG0007719	KAK9868085.1	KAK9820655.1
OG0007720	KAK9868086.1	KAK9819515.1
OG0007721	KAK9868087.1	KAK9820678.1
OG0007722	KAK9868090.1	KAK9820695.1
OG0007723	KAK9868091.1	KAK9820684.1
OG0007724	KAK9868092.1	KAK9819546.1
OG0007725	KAK9868094.1	KAK9827470.1
OG0007726	KAK9868095.1	KAK9827407.1
OG0007727	KAK9868102.1	KAK9827541.1
OG0007728	KAK9868104.1	KAK9827528.1
OG0007729	KAK9868106.1	KAK9827573.1
OG0007730	KAK9868107.1	KAK9827526.1
OG0007731	KAK9868108.1	KAK9819046.1
OG0007732	KAK9868110.1	KAK9827523.1
OG0007733	KAK9868116.1	KAK9836426.1
OG0007734	KAK9868117.1	KAK9819345.1
OG0007735	KAK9868119.1	KAK9819283.1
OG0007736	KAK9868129.1	KAK9819326.1
OG0007737	KAK9868130.1, KAK9868131.1	
OG0007738	KAK9868138.1	KAK9843274.1
OG0007739	KAK9868144.1	KAK9842729.1
OG0007740	KAK9868153.1	KAK9828362.1
OG0007741	KAK9868157.1	KAK9828143.1
OG0007742	KAK9868158.1	KAK9828221.1
OG0007743	KAK9868161.1	KAK9828333.1
OG0007744	KAK9868162.1	KAK9828174.1
OG0007745	KAK9868164.1	KAK9828137.1
OG0007746	KAK9868165.1	KAK9828150.1
OG0007747	KAK9868166.1, KAK9868167.1	
OG0007748	KAK9868169.1	KAK9828345.1
OG0007749	KAK9868170.1	KAK9828306.1
OG0007750	KAK9868173.1	KAK9828222.1
OG0007751	KAK9868180.1	KAK9825078.1
OG0007752	KAK9868181.1	KAK9822943.1
OG0007753	KAK9868190.1	KAK9844660.1
OG0007754	KAK9868191.1	KAK9844662.1
OG0007755	KAK9868200.1	KAK9833632.1
OG0007756	KAK9868206.1	KAK9833929.1
OG0007757	KAK9868208.1, KAK9868211.1	
OG0007758	KAK9868212.1	KAK9833694.1
OG0007759	KAK9868215.1	KAK9839076.1
OG0007760	KAK9868216.1	KAK9838691.1
OG0007761	KAK9868217.1, KAK9868218.1	
OG0007762	KAK9868219.1	KAK9838818.1
OG0007763	KAK9868220.1	KAK9839177.1
OG0007764	KAK9868221.1	KAK9832911.1
OG0007765	KAK9868222.1	KAK9833163.1
OG0007766	KAK9868223.1	KAK9832865.1
OG0007767	KAK9868225.1	KAK9838924.1
OG0007768	KAK9868226.1	KAK9838959.1
OG0007769	KAK9868228.1	KAK9838900.1
OG0007770	KAK9868234.1	KAK9844816.1
OG0007771	KAK9868238.1	KAK9845096.1
OG0007772	KAK9868240.1	KAK9844911.1
OG0007773	KAK9868243.1	KAK9844823.1
OG0007774	KAK9868251.1	KAK9844577.1
OG0007775	KAK9868253.1	KAK9827064.1
OG0007776	KAK9868255.1	KAK9827076.1
OG0007777	KAK9868259.1	KAK9827164.1
OG0007778	KAK9868260.1	KAK9825304.1
OG0007779	KAK9868261.1	KAK9825247.1
OG0007780	KAK9868268.1	KAK9818482.1
OG0007781	KAK9868273.1, KAK9868274.1	
OG0007782	KAK9868293.1	KAK9841476.1
OG0007783	KAK9868295.1	KAK9841172.1
OG0007784	KAK9868302.1	KAK9834443.1
OG0007785	KAK9868303.1	KAK9826032.1
OG0007786	KAK9868306.1	KAK9834450.1
OG0007787	KAK9868309.1	KAK9825955.1
OG0007788	KAK9868310.1	KAK9834650.1
OG0007789	KAK9868313.1	KAK9825943.1
OG0007790	KAK9868314.1	KAK9834480.1
OG0007791	KAK9868315.1	KAK9834519.1
OG0007792	KAK9868316.1	KAK9826065.1
OG0007793	KAK9868320.1	KAK9822079.1
OG0007794	KAK9868321.1	KAK9826029.1
OG0007795	KAK9868326.1	KAK9844379.1
OG0007796	KAK9868327.1	KAK9844922.1
OG0007797	KAK9868329.1	KAK9844902.1
OG0007798	KAK9868338.1	KAK9844536.1
OG0007799	KAK9868339.1	KAK9844741.1
OG0007800	KAK9868342.1, KAK9868343.1	
OG0007801	KAK9868345.1	KAK9844458.1
OG0007802	KAK9868347.1	KAK9839062.1
OG0007803	KAK9868348.1	KAK9838763.1
OG0007804	KAK9868357.1	KAK9838733.1
OG0007805	KAK9868359.1	KAK9838764.1
OG0007806	KAK9868361.1	KAK9839024.1
OG0007807	KAK9868362.1	KAK9838842.1
OG0007808	KAK9868363.1	KAK9844661.1
OG0007809	KAK9868366.1	KAK9844780.1
OG0007810	KAK9868371.1	KAK9828341.1
OG0007811	KAK9868373.1	KAK9844692.1
OG0007812	KAK9868375.1	KAK9844711.1
OG0007813	KAK9868376.1	KAK9845075.1
OG0007814	KAK9868384.1, KAK9868385.1	
OG0007815	KAK9868388.1	KAK9830852.1
OG0007816	KAK9868401.1, KAK9868402.1	
OG0007817	KAK9868405.1	KAK9832968.1
OG0007818	KAK9868406.1	KAK9833150.1
OG0007819	KAK9868410.1	KAK9833068.1
OG0007820	KAK9868411.1	KAK9833023.1
OG0007821	KAK9868415.1	KAK9833188.1
OG0007822	KAK9868424.1	KAK9832867.1
OG0007823	KAK9868427.1, KAK9868438.1	
OG0007824	KAK9868428.1	KAK9833746.1
OG0007825	KAK9868433.1, KAK9868434.1	
OG0007826	KAK9868442.1	KAK9822962.1
OG0007827	KAK9868445.1	KAK9822895.1
OG0007828	KAK9868446.1, KAK9868457.1	
OG0007829	KAK9868448.1	KAK9822899.1
OG0007830	KAK9868449.1	KAK9822970.1
OG0007831	KAK9868451.1	KAK9822922.1
OG0007832	KAK9868452.1	KAK9822881.1
OG0007833	KAK9868459.1	KAK9825077.1
OG0007834	KAK9868460.1, KAK9868461.1	
OG0007835	KAK9868463.1	KAK9832226.1
OG0007836	KAK9868465.1	KAK9832282.1
OG0007837	KAK9868467.1, KAK9868468.1	
OG0007838	KAK9868470.1	KAK9832425.1
OG0007839	KAK9868471.1	KAK9825119.1
OG0007840	KAK9868474.1	KAK9832272.1
OG0007841	KAK9868489.1	KAK9818658.1
OG0007842	KAK9868491.1	KAK9821189.1
OG0007843	KAK9868498.1	KAK9839079.1
OG0007844	KAK9868500.1	KAK9838689.1
OG0007845	KAK9868501.1	KAK9839058.1
OG0007846	KAK9868502.1	KAK9839165.1
OG0007847	KAK9868503.1	KAK9838768.1
OG0007848	KAK9868506.1	KAK9839162.1
OG0007849	KAK9868508.1	KAK9838644.1
OG0007850	KAK9868518.1	KAK9818447.1
OG0007851	KAK9868519.1, KAK9868520.1	
OG0007852	KAK9868522.1	KAK9844907.1
OG0007853	KAK9868523.1	KAK9837887.1
OG0007854	KAK9868526.1	KAK9818481.1
OG0007855	KAK9868527.1, KAK9868528.1	
OG0007856	KAK9868537.1	KAK9818474.1
OG0007857	KAK9868539.1	KAK9837989.1
OG0007858	KAK9868542.1	KAK9825753.1
OG0007859	KAK9868543.1	KAK9816327.1
OG0007860	KAK9868544.1	KAK9816324.1
OG0007861	KAK9868546.1	KAK9837686.1
OG0007862	KAK9868547.1	KAK9825735.1
OG0007863	KAK9868548.1	KAK9816319.1
OG0007864	KAK9868549.1	KAK9818466.1
OG0007865	KAK9868553.1	KAK9825759.1
OG0007866	KAK9868554.1	KAK9837945.1
OG0007867	KAK9868556.1	KAK9825815.1
OG0007868	KAK9868558.1	KAK9825812.1
OG0007869	KAK9868563.1	KAK9817455.1
OG0007870	KAK9868566.1	KAK9817463.1
OG0007871	KAK9868567.1, KAK9868578.1	
OG0007872	KAK9868569.1	KAK9832397.1
OG0007873	KAK9868570.1	KAK9838757.1
OG0007874	KAK9868572.1	KAK9817456.1
OG0007875	KAK9868576.1	KAK9838636.1
OG0007876	KAK9868580.1	KAK9839084.1
OG0007877	KAK9868585.1	KAK9831153.1
OG0007878	KAK9868587.1	KAK9827506.1
OG0007879	KAK9868588.1	KAK9841189.1
OG0007880	KAK9868590.1, KAK9868591.1	
OG0007881	KAK9868593.1	KAK9831047.1
OG0007882	KAK9868602.1	KAK9831218.1
OG0007883	KAK9868604.1	KAK9831300.1
OG0007884	KAK9868607.1	KAK9818454.1
OG0007885	KAK9868608.1	KAK9845123.1
OG0007886	KAK9868613.1	KAK9818469.1
OG0007887	KAK9868615.1	KAK9844273.1
OG0007888	KAK9868617.1	KAK9844593.1
OG0007889	KAK9868619.1	KAK9818463.1
OG0007890	KAK9868622.1	KAK9821670.1
OG0007891	KAK9868623.1	KAK9818448.1
OG0007892	KAK9868625.1	KAK9818473.1
OG0007893	KAK9868626.1	KAK9845037.1
OG0007894	KAK9868627.1	KAK9844915.1
OG0007895	KAK9868641.1	KAK9819307.1
OG0007896	KAK9868642.1	KAK9819339.1
OG0007897	KAK9868646.1	KAK9826002.1
OG0007898	KAK9868649.1	KAK9837689.1
OG0007899	KAK9868651.1	KAK9826219.1
OG0007900	KAK9868663.1	KAK9826298.1
OG0007901	KAK9868664.1	KAK9826213.1
OG0007902	KAK9868668.1	KAK9843369.1
OG0007903	KAK9868670.1	KAK9843268.1
OG0007904	KAK9868675.1	KAK9842746.1
OG0007905	KAK9868681.1	KAK9842701.1
OG0007906	KAK9868682.1	KAK9843172.1
OG0007907	KAK9868684.1	KAK9842896.1
OG0007908	KAK9868687.1	KAK9842958.1
OG0007909	KAK9868691.1	KAK9842753.1
OG0007910	KAK9868704.1	KAK9841568.1
OG0007911	KAK9868708.1	KAK9841637.1
OG0007912	KAK9868710.1	KAK9841303.1
OG0007913	KAK9868719.1	KAK9827155.1
OG0007914	KAK9868720.1	KAK9835571.1
OG0007915	KAK9868721.1	KAK9835560.1
OG0007916	KAK9868722.1	KAK9835743.1
OG0007917	KAK9868724.1	KAK9835736.1
OG0007918	KAK9868725.1, KAK9868726.1	
OG0007919	KAK9868728.1	KAK9835917.1
OG0007920	KAK9868729.1	KAK9835659.1
OG0007921	KAK9868731.1	KAK9826959.1
OG0007922	KAK9868732.1	KAK9827040.1
OG0007923	KAK9868736.1	KAK9835747.1
OG0007924	KAK9868738.1	KAK9835567.1
OG0007925	KAK9868739.1	KAK9822260.1
OG0007926	KAK9868741.1	KAK9822344.1
OG0007927	KAK9868742.1	KAK9822276.1
OG0007928	KAK9868744.1, KAK9868745.1	
OG0007929	KAK9868749.1, KAK9868750.1	
OG0007930	KAK9868753.1	KAK9822325.1
OG0007931	KAK9868754.1	KAK9822353.1
OG0007932	KAK9868756.1	KAK9822319.1
OG0007933	KAK9868757.1	KAK9822351.1
OG0007934	KAK9868758.1	KAK9816039.1
OG0007935	KAK9868759.1	KAK9822340.1
OG0007936	KAK9868765.1, KAK9868766.1	
OG0007937	KAK9868771.1, KAK9868772.1	
OG0007938	KAK9868774.1	KAK9822756.1
OG0007939	KAK9868777.1	KAK9835657.1
OG0007940	KAK9868778.1	KAK9822789.1
OG0007941	KAK9868779.1	KAK9835887.1
OG0007942	KAK9868787.1	KAK9835882.1
OG0007943	KAK9868788.1	KAK9822777.1
OG0007944	KAK9868803.1	KAK9828236.1
OG0007945	KAK9868805.1, KAK9868806.1	
OG0007946	KAK9868820.1	KAK9828197.1
OG0007947	KAK9868822.1	KAK9828319.1
OG0007948	KAK9868823.1	KAK9828352.1
OG0007949	KAK9868825.1, KAK9868826.1	
OG0007950	KAK9868827.1, KAK9868834.1	
OG0007951	KAK9868830.1	KAK9828262.1
OG0007952	KAK9868831.1	KAK9828350.1
OG0007953	KAK9868833.1	KAK9828275.1
OG0007954	KAK9868838.1	KAK9817387.1
OG0007955	KAK9868844.1	KAK9845119.1
OG0007956	KAK9868846.1	KAK9826005.1
OG0007957	KAK9868856.1	KAK9845025.1
OG0007958	KAK9868857.1	KAK9826028.1
OG0007959	KAK9868864.1	KAK9836491.1
OG0007960	KAK9868872.1	KAK9827142.1
OG0007961	KAK9868874.1	KAK9835721.1
OG0007962	KAK9868876.1	KAK9827110.1
OG0007963	KAK9868877.1	KAK9836888.1
OG0007964	KAK9868878.1	KAK9826935.1
OG0007965	KAK9868890.1	KAK9831150.1
OG0007966	KAK9868891.1	KAK9826256.1
OG0007967	KAK9868893.1	KAK9831048.1
OG0007968	KAK9868894.1	KAK9825784.1
OG0007969	KAK9868898.1	KAK9826310.1
OG0007970	KAK9868899.1	KAK9831257.1
OG0007971	KAK9868901.1	KAK9816400.1
OG0007972	KAK9868903.1	KAK9828233.1
OG0007973	KAK9868909.1	KAK9841204.1
OG0007974	KAK9868912.1	KAK9828149.1
OG0007975	KAK9868916.1, KAK9868917.1	
OG0007976	KAK9868920.1	KAK9828252.1
OG0007977	KAK9868926.1	KAK9841461.1
OG0007978	KAK9868927.1	KAK9841256.1
OG0007979	KAK9868935.1	KAK9832955.1
OG0007980	KAK9868941.1	KAK9833212.1
OG0007981	KAK9868946.1	KAK9833093.1
OG0007982	KAK9868957.1	KAK9832937.1
OG0007983	KAK9868961.1	KAK9832988.1
OG0007984	KAK9868964.1	KAK9844557.1
OG0007985	KAK9868966.1	KAK9844456.1
OG0007986	KAK9868975.1	KAK9844812.1
OG0007987	KAK9868977.1	KAK9837895.1
OG0007988	KAK9868978.1	KAK9837959.1
OG0007989	KAK9868979.1	KAK9826253.1
OG0007990	KAK9868984.1	KAK9837603.1
OG0007991	KAK9868985.1	KAK9837720.1
OG0007992	KAK9868993.1	KAK9837784.1
OG0007993	KAK9868997.1	KAK9837721.1
OG0007994	KAK9868998.1, KAK9868999.1	
OG0007995	KAK9869004.1, KAK9869005.1	
OG0007996	KAK9869010.1	KAK9838017.1
OG0007997	KAK9869011.1	KAK9837805.1
OG0007998	KAK9869014.1	KAK9840235.1
OG0007999	KAK9869018.1	KAK9840401.1
OG0008000	KAK9869019.1	KAK9840167.1
OG0008001	KAK9869021.1, KAK9869022.1	
OG0008002	KAK9869024.1, KAK9869025.1	
OG0008003	KAK9869026.1	KAK9840136.1
OG0008004	KAK9869031.1	KAK9840078.1
OG0008005	KAK9869032.1, KAK9869033.1	
OG0008006	KAK9869034.1, KAK9869035.1	
OG0008007	KAK9869038.1	KAK9839972.1
OG0008008	KAK9869040.1	KAK9840372.1
OG0008009	KAK9869041.1	KAK9840082.1
OG0008010	KAK9869042.1	KAK9839919.1
OG0008011	KAK9869045.1	KAK9840420.1
OG0008012	KAK9869046.1	KAK9840312.1
OG0008013	KAK9869049.1	KAK9840359.1
OG0008014	KAK9869050.1	KAK9840415.1
OG0008015	KAK9869051.1	KAK9840101.1
OG0008016	KAK9869052.1	KAK9840427.1
OG0008017	KAK9869053.1	KAK9840034.1
OG0008018	KAK9869055.1	KAK9840309.1
OG0008019	KAK9869059.1	KAK9840378.1
OG0008020	KAK9869062.1	KAK9840198.1
OG0008021	KAK9869063.1	KAK9819038.1
OG0008022	KAK9869067.1	KAK9824804.1
OG0008023	KAK9869068.1	KAK9819023.1
OG0008024	KAK9869070.1	KAK9825205.1
OG0008025	KAK9869075.1	KAK9824763.1
OG0008026	KAK9869076.1, KAK9869077.1	
OG0008027	KAK9869083.1	KAK9818819.1
OG0008028	KAK9869086.1	KAK9825307.1
OG0008029	KAK9869087.1	KAK9825225.1
OG0008030	KAK9869091.1	KAK9819006.1
OG0008031	KAK9869092.1	KAK9819050.1
OG0008032	KAK9869094.1	KAK9818827.1
OG0008033	KAK9869095.1	KAK9818803.1
OG0008034	KAK9869096.1	KAK9844418.1
OG0008035	Null	KAK9815962.1, KAK9818836.1
OG0008036	Null	KAK9815979.1, KAK9844657.1
OG0008037	Null	KAK9815983.1, KAK9826323.1
OG0008038	Null	KAK9816007.1, KAK9816008.1
OG0008039	Null	KAK9816016.1, KAK9816021.1
OG0008040	Null	KAK9816018.1, KAK9816019.1
OG0008041	Null	KAK9816031.1, KAK9836746.1
OG0008042	Null	KAK9816076.1, KAK9844861.1
OG0008043	Null	KAK9816079.1, KAK9826953.1
OG0008044	Null	KAK9816081.1, KAK9827123.1
OG0008045	Null	KAK9816083.1, KAK9827049.1
OG0008046	Null	KAK9816085.1, KAK9827005.1
OG0008047	Null	KAK9816087.1, KAK9826955.1
OG0008048	Null	KAK9816092.1, KAK9816129.1
OG0008049	Null	KAK9816093.1, KAK9844870.1
OG0008050	Null	KAK9816095.1, KAK9827190.1
OG0008051	Null	KAK9816105.1, KAK9826933.1
OG0008052	Null	KAK9816111.1, KAK9826985.1
OG0008053	Null	KAK9816112.1, KAK9826965.1
OG0008054	Null	KAK9816116.1, KAK9844587.1
OG0008055	Null	KAK9816118.1, KAK9844256.1
OG0008056	Null	KAK9816123.1, KAK9827017.1
OG0008057	Null	KAK9816126.1, KAK9844496.1
OG0008058	Null	KAK9816128.1, KAK9826917.1
OG0008059	Null	KAK9816131.1, KAK9844551.1
OG0008060	Null	KAK9816133.1, KAK9827175.1
OG0008061	Null	KAK9816135.1, KAK9827050.1
OG0008062	Null	KAK9816136.1, KAK9844282.1
OG0008063	Null	KAK9816137.1, KAK9827225.1
OG0008064	Null	KAK9816138.1, KAK9827223.1
OG0008065	Null	KAK9816141.1, KAK9827013.1
OG0008066	Null	KAK9816143.1, KAK9844808.1
OG0008067	Null	KAK9816146.1, KAK9844867.1
OG0008068	Null	KAK9816148.1, KAK9844979.1
OG0008069	Null	KAK9816149.1, KAK9844375.1
OG0008070	Null	KAK9816151.1, KAK9844383.1
OG0008071	Null	KAK9816154.1, KAK9827099.1
OG0008072	Null	KAK9816155.1, KAK9827227.1
OG0008073	Null	KAK9816161.1, KAK9826913.1
OG0008074	Null	KAK9816162.1, KAK9827075.1
OG0008075	Null	KAK9816163.1, KAK9827001.1
OG0008076	Null	KAK9816177.1, KAK9816178.1
OG0008077	Null	KAK9816179.1, KAK9825079.1
OG0008078	Null	KAK9816191.1, KAK9818851.1
OG0008079	Null	KAK9816197.1, KAK9816198.1
OG0008080	Null	KAK9816209.1, KAK9816210.1
OG0008081	Null	KAK9816227.1, KAK9826540.1
OG0008082	Null	KAK9816231.1, KAK9837657.1
OG0008083	Null	KAK9816257.1, KAK9820931.1
OG0008084	Null	KAK9816285.1, KAK9822785.1
OG0008085	Null	KAK9816331.1, KAK9834431.1
OG0008086	Null	KAK9816350.1, KAK9840228.1
OG0008087	Null	KAK9816353.1, KAK9816377.1
OG0008088	Null	KAK9817328.1, KAK9834537.1
OG0008089	Null	KAK9817356.1, KAK9817357.1
OG0008090	Null	KAK9817359.1, KAK9817360.1
OG0008091	Null	KAK9817368.1, KAK9817373.1
OG0008092	Null	KAK9817393.1, KAK9817395.1
OG0008093	Null	KAK9817425.1, KAK9817439.1
OG0008094	Null	KAK9817471.1, KAK9842798.1
OG0008095	Null	KAK9817514.1, KAK9817515.1
OG0008096	Null	KAK9817570.1, KAK9817571.1
OG0008097	Null	KAK9817591.1, KAK9841212.1
OG0008098	Null	KAK9817637.1, KAK9817638.1
OG0008099	Null	KAK9818475.1, KAK9819304.1
OG0008100	Null	KAK9818502.1, KAK9818504.1
OG0008101	Null	KAK9818520.1, KAK9824776.1
OG0008102	Null	KAK9818537.1, KAK9835454.1
OG0008103	Null	KAK9818610.1, KAK9818611.1
OG0008104	Null	KAK9818655.1, KAK9818656.1
OG0008105	Null	KAK9818705.1, KAK9818706.1
OG0008106	Null	KAK9818769.1, KAK9818786.1
OG0008107	Null	KAK9818855.1, KAK9818898.1
OG0008108	Null	KAK9818867.1, KAK9818868.1
OG0008109	Null	KAK9818893.1, KAK9835594.1
OG0008110	Null	KAK9818895.1, KAK9818896.1
OG0008111	Null	KAK9818927.1, KAK9818928.1
OG0008112	Null	KAK9818962.1, KAK9831178.1
OG0008113	Null	KAK9818968.1, KAK9828235.1
OG0008114	Null	KAK9819021.1, KAK9821622.1
OG0008115	Null	KAK9819027.1, KAK9819028.1
OG0008116	Null	KAK9819035.1, KAK9819036.1
OG0008117	Null	KAK9819037.1, KAK9819047.1
OG0008118	Null	KAK9819103.1, KAK9819104.1
OG0008119	Null	KAK9819139.1, KAK9819140.1
OG0008120	Null	KAK9819318.1, KAK9819319.1
OG0008121	Null	KAK9819423.1, KAK9819424.1
OG0008122	Null	KAK9819456.1, KAK9819457.1
OG0008123	Null	KAK9819511.1, KAK9819512.1
OG0008124	Null	KAK9819527.1, KAK9819528.1
OG0008125	Null	KAK9820723.1, KAK9820746.1
OG0008126	Null	KAK9820818.1, KAK9820819.1
OG0008127	Null	KAK9820824.1, KAK9820825.1
OG0008128	Null	KAK9820875.1, KAK9820876.1
OG0008129	Null	KAK9820887.1, KAK9831660.1
OG0008130	Null	KAK9821017.1, KAK9821018.1
OG0008131	Null	KAK9821026.1, KAK9821035.1
OG0008132	Null	KAK9821062.1, KAK9821063.1
OG0008133	Null	KAK9821207.1, KAK9821208.1
OG0008134	Null	KAK9821351.1, KAK9837879.1
OG0008135	Null	KAK9821355.1, KAK9821381.1
OG0008136	Null	KAK9821356.1, KAK9821357.1
OG0008137	Null	KAK9821384.1, KAK9821385.1
OG0008138	Null	KAK9821633.1, KAK9826000.1
OG0008139	Null	KAK9821647.1, KAK9836672.1
OG0008140	Null	KAK9821673.1, KAK9830793.1
OG0008141	Null	KAK9821695.1, KAK9842816.1
OG0008142	Null	KAK9821701.1, KAK9841477.1
OG0008143	Null	KAK9821705.1, KAK9834692.1
OG0008144	Null	KAK9821706.1, KAK9821707.1
OG0008145	Null	KAK9821814.1, KAK9821815.1
OG0008146	Null	KAK9821902.1, KAK9841732.1
OG0008147	Null	KAK9822274.1, KAK9822288.1
OG0008148	Null	KAK9822286.1, KAK9822287.1
OG0008149	Null	KAK9822299.1, KAK9826969.1
OG0008150	Null	KAK9822302.1, KAK9833881.1
OG0008151	Null	KAK9822331.1, KAK9833697.1
OG0008152	Null	KAK9822342.1, KAK9822343.1
OG0008153	Null	KAK9822398.1, KAK9822399.1
OG0008154	Null	KAK9822400.1, KAK9822401.1
OG0008155	Null	KAK9822429.1, KAK9841232.1
OG0008156	Null	KAK9822521.1, KAK9822522.1
OG0008157	Null	KAK9822551.1, KAK9822552.1
OG0008158	Null	KAK9822553.1, KAK9822554.1
OG0008159	Null	KAK9822566.1, KAK9822567.1
OG0008160	Null	KAK9822573.1, KAK9822574.1
OG0008161	Null	KAK9822598.1, KAK9822599.1
OG0008162	Null	KAK9822748.1, KAK9822749.1
OG0008163	Null	KAK9822893.1, KAK9822894.1
OG0008164	Null	KAK9822908.1, KAK9825047.1
OG0008165	Null	KAK9822910.1, KAK9822911.1
OG0008166	Null	KAK9822923.1, KAK9822924.1
OG0008167	Null	KAK9822926.1, KAK9825043.1
OG0008168	Null	KAK9822960.1, KAK9836752.1
OG0008169	Null	KAK9822969.1, KAK9839174.1
OG0008170	Null	KAK9824764.1, KAK9828329.1
OG0008171	Null	KAK9824787.1, KAK9841435.1
OG0008172	Null	KAK9824798.1, KAK9824799.1
OG0008173	Null	KAK9824809.1, KAK9843282.1
OG0008174	Null	KAK9824964.1, KAK9824965.1
OG0008175	Null	KAK9825035.1, KAK9845071.1
OG0008176	Null	KAK9825215.1, KAK9825216.1
OG0008177	Null	KAK9825233.1, KAK9833770.1
OG0008178	Null	KAK9825302.1, KAK9825303.1
OG0008179	Null	KAK9825492.1, KAK9825558.1
OG0008180	Null	KAK9825510.1, KAK9825511.1
OG0008181	Null	KAK9825583.1, KAK9825584.1
OG0008182	Null	KAK9825712.1, KAK9825713.1
OG0008183	Null	KAK9825726.1, KAK9825727.1
OG0008184	Null	KAK9825945.1, KAK9825946.1
OG0008185	Null	KAK9826012.1, KAK9826080.1
OG0008186	Null	KAK9826055.1, KAK9826056.1
OG0008187	Null	KAK9826214.1, KAK9826215.1
OG0008188	Null	KAK9826269.1, KAK9826330.1
OG0008189	Null	KAK9826283.1, KAK9826284.1
OG0008190	Null	KAK9826341.1, KAK9826344.1
OG0008191	Null	KAK9826572.1, KAK9826622.1
OG0008192	Null	KAK9826626.1, KAK9826627.1
OG0008193	Null	KAK9826693.1, KAK9826694.1
OG0008194	Null	KAK9826912.1, KAK9844594.1
OG0008195	Null	KAK9826921.1, KAK9844995.1
OG0008196	Null	KAK9826922.1, KAK9844734.1
OG0008197	Null	KAK9826923.1, KAK9831044.1
OG0008198	Null	KAK9826934.1, KAK9844752.1
OG0008199	Null	KAK9826970.1, KAK9844964.1
OG0008200	Null	KAK9826995.1, KAK9844263.1
OG0008201	Null	KAK9827011.1, KAK9844541.1
OG0008202	Null	KAK9827012.1, KAK9831240.1
OG0008203	Null	KAK9827037.1, KAK9831274.1
OG0008204	Null	KAK9827065.1, KAK9827086.1
OG0008205	Null	KAK9827105.1, KAK9844484.1
OG0008206	Null	KAK9827125.1, KAK9831222.1
OG0008207	Null	KAK9827150.1, KAK9844438.1
OG0008208	Null	KAK9827168.1, KAK9844974.1
OG0008209	Null	KAK9827179.1, KAK9827180.1
OG0008210	Null	KAK9827195.1, KAK9844545.1
OG0008211	Null	KAK9827210.1, KAK9831038.1
OG0008212	Null	KAK9827216.1, KAK9844368.1
OG0008213	Null	KAK9827416.1, KAK9827417.1
OG0008214	Null	KAK9827431.1, KAK9827473.1
OG0008215	Null	KAK9827432.1, KAK9837963.1
OG0008216	Null	KAK9827450.1, KAK9827451.1
OG0008217	Null	KAK9827519.1, KAK9827520.1
OG0008218	Null	KAK9827758.1, KAK9839920.1
OG0008219	Null	KAK9827760.1, KAK9827761.1
OG0008220	Null	KAK9827784.1, KAK9827785.1
OG0008221	Null	KAK9827870.1, KAK9827871.1
OG0008222	Null	KAK9827883.1, KAK9843309.1
OG0008223	Null	KAK9828256.1, KAK9828257.1
OG0008224	Null	KAK9828264.1, KAK9828265.1
OG0008225	Null	KAK9828279.1, KAK9828330.1
OG0008226	Null	KAK9828365.1, KAK9828366.1
OG0008227	Null	KAK9830716.1, KAK9845002.1
OG0008228	Null	KAK9830751.1, KAK9830752.1
OG0008229	Null	KAK9830756.1, KAK9833817.1
OG0008230	Null	KAK9830759.1, KAK9830760.1
OG0008231	Null	KAK9830766.1, KAK9830767.1
OG0008232	Null	KAK9831039.1, KAK9831040.1
OG0008233	Null	KAK9831072.1, KAK9843031.1
OG0008234	Null	KAK9831097.1, KAK9831098.1
OG0008235	Null	KAK9831101.1, KAK9831102.1
OG0008236	Null	KAK9831108.1, KAK9831109.1
OG0008237	Null	KAK9831113.1, KAK9831127.1
OG0008238	Null	KAK9831117.1, KAK9831118.1
OG0008239	Null	KAK9831224.1, KAK9831225.1
OG0008240	Null	KAK9831230.1, KAK9844465.1
OG0008241	Null	KAK9831582.1, KAK9831656.1
OG0008242	Null	KAK9831612.1, KAK9839003.1
OG0008243	Null	KAK9831703.1, KAK9831704.1
OG0008244	Null	KAK9831779.1, KAK9831780.1
OG0008245	Null	KAK9831793.1, KAK9840139.1
OG0008246	Null	KAK9832143.1, KAK9832144.1
OG0008247	Null	KAK9832163.1, KAK9832292.1
OG0008248	Null	KAK9832175.1, KAK9832273.1
OG0008249	Null	KAK9832196.1, KAK9832197.1
OG0008250	Null	KAK9832224.1, KAK9832225.1
OG0008251	Null	KAK9832239.1, KAK9832240.1
OG0008252	Null	KAK9832284.1, KAK9832285.1
OG0008253	Null	KAK9832449.1, KAK9832450.1
OG0008254	Null	KAK9832903.1, KAK9832904.1
OG0008255	Null	KAK9833044.1, KAK9833045.1
OG0008256	Null	KAK9833057.1, KAK9833058.1
OG0008257	Null	KAK9833074.1, KAK9833075.1
OG0008258	Null	KAK9833098.1, KAK9835445.1
OG0008259	Null	KAK9833107.1, KAK9838980.1
OG0008260	Null	KAK9833153.1, KAK9833210.1
OG0008261	Null	KAK9833182.1, KAK9833183.1
OG0008262	Null	KAK9833214.1, KAK9833215.1
OG0008263	Null	KAK9833230.1, KAK9833231.1
OG0008264	Null	KAK9833771.1, KAK9833772.1
OG0008265	Null	KAK9833813.1, KAK9833814.1
OG0008266	Null	KAK9833827.1, KAK9833828.1
OG0008267	Null	KAK9833847.1, KAK9833848.1
OG0008268	Null	KAK9833925.1, KAK9833926.1
OG0008269	Null	KAK9834416.1, KAK9834417.1
OG0008270	Null	KAK9834426.1, KAK9834427.1
OG0008271	Null	KAK9834481.1, KAK9834482.1
OG0008272	Null	KAK9834503.1, KAK9834504.1
OG0008273	Null	KAK9834516.1, KAK9834517.1
OG0008274	Null	KAK9834549.1, KAK9834711.1
OG0008275	Null	KAK9834576.1, KAK9834577.1
OG0008276	Null	KAK9834581.1, KAK9834644.1
OG0008277	Null	KAK9834582.1, KAK9834751.1
OG0008278	Null	KAK9834589.1, KAK9834639.1
OG0008279	Null	KAK9834682.1, KAK9834683.1
OG0008280	Null	KAK9834690.1, KAK9834691.1
OG0008281	Null	KAK9834712.1, KAK9834713.1
OG0008282	Null	KAK9834747.1, KAK9834748.1
OG0008283	Null	KAK9835492.1, KAK9835493.1
OG0008284	Null	KAK9835565.1, KAK9835566.1
OG0008285	Null	KAK9835618.1, KAK9842750.1
OG0008286	Null	KAK9835643.1, KAK9835823.1
OG0008287	Null	KAK9835707.1, KAK9845036.1
OG0008288	Null	KAK9835711.1, KAK9835712.1
OG0008289	Null	KAK9835744.1, KAK9835745.1
OG0008290	Null	KAK9836420.1, KAK9836827.1
OG0008291	Null	KAK9836434.1, KAK9836435.1
OG0008292	Null	KAK9836462.1, KAK9836463.1
OG0008293	Null	KAK9836483.1, KAK9836862.1
OG0008294	Null	KAK9836512.1, KAK9836513.1
OG0008295	Null	KAK9836538.1, KAK9836539.1
OG0008296	Null	KAK9836621.1, KAK9836622.1
OG0008297	Null	KAK9836650.1, KAK9836651.1
OG0008298	Null	KAK9836714.1, KAK9836715.1
OG0008299	Null	KAK9836753.1, KAK9836754.1
OG0008300	Null	KAK9836824.1, KAK9836825.1
OG0008301	Null	KAK9837568.1, KAK9837886.1
OG0008302	Null	KAK9837674.1, KAK9837973.1
OG0008303	Null	KAK9837711.1, KAK9837712.1
OG0008304	Null	KAK9837791.1, KAK9837792.1
OG0008305	Null	KAK9837896.1, KAK9837897.1
OG0008306	Null	KAK9837965.1, KAK9837966.1
OG0008307	Null	KAK9838012.1, KAK9838013.1
OG0008308	Null	KAK9838658.1, KAK9840026.1
OG0008309	Null	KAK9838694.1, KAK9838695.1
OG0008310	Null	KAK9838697.1, KAK9838698.1
OG0008311	Null	KAK9838715.1, KAK9844476.1
OG0008312	Null	KAK9838804.1, KAK9838805.1
OG0008313	Null	KAK9838846.1, KAK9838955.1
OG0008314	Null	KAK9838866.1, KAK9839149.1
OG0008315	Null	KAK9839016.1, KAK9839069.1
OG0008316	Null	KAK9839992.1, KAK9839993.1
OG0008317	Null	KAK9840032.1, KAK9840033.1
OG0008318	Null	KAK9840044.1, KAK9840045.1
OG0008319	Null	KAK9840075.1, KAK9840076.1
OG0008320	Null	KAK9840091.1, KAK9840092.1
OG0008321	Null	KAK9840444.1, KAK9840445.1
OG0008322	Null	KAK9840450.1, KAK9840451.1
OG0008323	Null	KAK9840496.1, KAK9840497.1
OG0008324	Null	KAK9840505.1, KAK9840506.1
OG0008325	Null	KAK9841111.1, KAK9843343.1
OG0008326	Null	KAK9841113.1, KAK9841662.1
OG0008327	Null	KAK9841246.1, KAK9841247.1
OG0008328	Null	KAK9841268.1, KAK9841638.1
OG0008329	Null	KAK9841333.1, KAK9841334.1
OG0008330	Null	KAK9841371.1, KAK9841723.1
OG0008331	Null	KAK9841410.1, KAK9841691.1
OG0008332	Null	KAK9841524.1, KAK9841525.1
OG0008333	Null	KAK9841532.1, KAK9841533.1
OG0008334	Null	KAK9841543.1, KAK9841544.1
OG0008335	Null	KAK9841554.1, KAK9842647.1
OG0008336	Null	KAK9842640.1, KAK9842641.1
OG0008337	Null	KAK9842681.1, KAK9842870.1
OG0008338	Null	KAK9842697.1, KAK9842698.1
OG0008339	Null	KAK9842699.1, KAK9842994.1
OG0008340	Null	KAK9842748.1, KAK9842749.1
OG0008341	Null	KAK9842780.1, KAK9842781.1
OG0008342	Null	KAK9842893.1, KAK9842894.1
OG0008343	Null	KAK9842900.1, KAK9842901.1
OG0008344	Null	KAK9842929.1, KAK9842930.1
OG0008345	Null	KAK9842934.1, KAK9842935.1
OG0008346	Null	KAK9843047.1, KAK9843048.1
OG0008347	Null	KAK9843124.1, KAK9843125.1
OG0008348	Null	KAK9843166.1, KAK9843167.1
OG0008349	Null	KAK9843169.1, KAK9843170.1
OG0008350	Null	KAK9843178.1, KAK9844549.1
OG0008351	Null	KAK9843240.1, KAK9843241.1
OG0008352	Null	KAK9843350.1, KAK9843351.1
OG0008353	Null	KAK9844304.1, KAK9844305.1
OG0008354	Null	KAK9844307.1, KAK9844308.1
OG0008355	Null	KAK9844475.1, KAK9844963.1
OG0008356	Null	KAK9844570.1, KAK9844571.1
OG0008357	Null	KAK9844582.1, KAK9844978.1
OG0008358	Null	KAK9844595.1, KAK9844596.1
OG0008359	Null	KAK9844597.1, KAK9844598.1
OG0008360	Null	KAK9844651.1, KAK9844652.1
OG0008361	Null	KAK9844681.1, KAK9844682.1
OG0008362	Null	KAK9844856.1, KAK9844857.1
OG0008363	Null	KAK9844952.1, KAK9844953.1
OG0008364	Null	KAK9844960.1, KAK9844961.1
OG0008365	Null	KAK9845044.1, KAK9845045.1
OG0008366	Null	KAK9845068.1, KAK9845069.1
OG0008367	Null	KAK9845130.1, KAK9845131.1
