Orthogroup	Balanophora_fungosa-Santalales-Balanophoraceae-Balanophora.prot	Balanophora_subcupularis-Santalales-Balanophoraceae-Balanophora.prot
OG0000000	GWHPDONJ000062, GWHPDONJ000104, GWHPDONJ000157, GWHPDONJ000190, GWHPDONJ000224, GWHPDONJ000232, GWHPDONJ000250, GWHPDONJ000302, GWHPDONJ000458, GWHPDONJ000460, GWHPDONJ000461, GWHPDONJ000463, GWHPDONJ000501, GWHPDONJ000505, GWHPDONJ000525, GWHPDONJ000527, GWHPDONJ000528, GWHPDONJ000547, GWHPDONJ000548, GWHPDONJ000557, GWHPDONJ000558, GWHPDONJ000599, GWHPDONJ000613, GWHPDONJ000625, GWHPDONJ000660, GWHPDONJ000661, GWHPDONJ000667, GWHPDONJ000698, GWHPDONJ000699, GWHPDONJ000716, GWHPDONJ000752, GWHPDONJ000759, GWHPDONJ000761, GWHPDONJ000851, GWHPDONJ000863, GWHPDONJ000867, GWHPDONJ000992, GWHPDONJ000993, GWHPDONJ001042, GWHPDONJ001071, GWHPDONJ001116, GWHPDONJ001224, GWHPDONJ001289, GWHPDONJ001380, GWHPDONJ001440, GWHPDONJ001446, GWHPDONJ001450, GWHPDONJ001487, GWHPDONJ001504, GWHPDONJ001569, GWHPDONJ001626, GWHPDONJ001643, GWHPDONJ001664, GWHPDONJ001706, GWHPDONJ001743, GWHPDONJ001759, GWHPDONJ001796, GWHPDONJ001837, GWHPDONJ001859, GWHPDONJ001918, GWHPDONJ001929, GWHPDONJ002006, GWHPDONJ002040, GWHPDONJ002062, GWHPDONJ002114, GWHPDONJ002119, GWHPDONJ002137, GWHPDONJ002146, GWHPDONJ002176, GWHPDONJ002183, GWHPDONJ002272, GWHPDONJ002305, GWHPDONJ002357, GWHPDONJ002365, GWHPDONJ002368, GWHPDONJ002407, GWHPDONJ002455, GWHPDONJ002507, GWHPDONJ002542, GWHPDONJ002549, GWHPDONJ002566, GWHPDONJ002742, GWHPDONJ002743, GWHPDONJ002767, GWHPDONJ002816, GWHPDONJ002878, GWHPDONJ002969, GWHPDONJ003000, GWHPDONJ003021, GWHPDONJ003077, GWHPDONJ003085, GWHPDONJ003091, GWHPDONJ003143, GWHPDONJ003171, GWHPDONJ003260, GWHPDONJ003277, GWHPDONJ003313, GWHPDONJ003322, GWHPDONJ003347, GWHPDONJ003375, GWHPDONJ003409, GWHPDONJ003449, GWHPDONJ003478, GWHPDONJ003578, GWHPDONJ003600, GWHPDONJ003636, GWHPDONJ003713, GWHPDONJ003759, GWHPDONJ003762, GWHPDONJ003795, GWHPDONJ003796, GWHPDONJ003961, GWHPDONJ004266, GWHPDONJ004304, GWHPDONJ004503, GWHPDONJ004542, GWHPDONJ004739, GWHPDONJ004744, GWHPDONJ004796, GWHPDONJ004805, GWHPDONJ004853, GWHPDONJ004996, GWHPDONJ004997, GWHPDONJ005156, GWHPDONJ005232, GWHPDONJ005492, GWHPDONJ005548, GWHPDONJ005753, GWHPDONJ005767, GWHPDONJ006109, GWHPDONJ006733, GWHPDONJ006734, GWHPDONJ006936, GWHPDONJ007032, GWHPDONJ007051, GWHPDONJ007066, GWHPDONJ007075, GWHPDONJ007090, GWHPDONJ007128, GWHPDONJ007243, GWHPDONJ007319, GWHPDONJ007370, GWHPDONJ007516, GWHPDONJ007814, GWHPDONJ007865, GWHPDONJ007954, GWHPDONJ007957, GWHPDONJ007986, GWHPDONJ008002, GWHPDONJ008024, GWHPDONJ008037, GWHPDONJ008093, GWHPDONJ008383, GWHPDONJ008395, GWHPDONJ008424, GWHPDONJ008647, GWHPDONJ008648, GWHPDONJ008939, GWHPDONJ008963, GWHPDONJ008987, GWHPDONJ008999, GWHPDONJ009011, GWHPDONJ009162, GWHPDONJ009305, GWHPDONJ009341, GWHPDONJ009396, GWHPDONJ009429, GWHPDONJ009453, GWHPDONJ009685, GWHPDONJ009824, GWHPDONJ009874, GWHPDONJ009888, GWHPDONJ009892, GWHPDONJ009901, GWHPDONJ009923, GWHPDONJ010062, GWHPDONJ010209, GWHPDONJ010513, GWHPDONJ010536, GWHPDONJ010799, GWHPDONJ010893	
OG0000001	GWHPDONJ000012, GWHPDONJ000019, GWHPDONJ000158, GWHPDONJ000166, GWHPDONJ000195, GWHPDONJ000276, GWHPDONJ000293, GWHPDONJ000300, GWHPDONJ000394, GWHPDONJ000405, GWHPDONJ000480, GWHPDONJ000491, GWHPDONJ000496, GWHPDONJ000511, GWHPDONJ000637, GWHPDONJ000654, GWHPDONJ000670, GWHPDONJ000671, GWHPDONJ000675, GWHPDONJ000690, GWHPDONJ000715, GWHPDONJ000721, GWHPDONJ000722, GWHPDONJ000735, GWHPDONJ000785, GWHPDONJ000786, GWHPDONJ000796, GWHPDONJ000875, GWHPDONJ000893, GWHPDONJ000901, GWHPDONJ000902, GWHPDONJ000915, GWHPDONJ000926, GWHPDONJ000957, GWHPDONJ000960, GWHPDONJ000999, GWHPDONJ001010, GWHPDONJ001011, GWHPDONJ001019, GWHPDONJ001040, GWHPDONJ001053, GWHPDONJ001073, GWHPDONJ001078, GWHPDONJ001158, GWHPDONJ001163, GWHPDONJ001165, GWHPDONJ001166, GWHPDONJ001167, GWHPDONJ001213, GWHPDONJ001233, GWHPDONJ001295, GWHPDONJ001297, GWHPDONJ001341, GWHPDONJ001366, GWHPDONJ001407, GWHPDONJ001416, GWHPDONJ001465, GWHPDONJ001474, GWHPDONJ001476, GWHPDONJ001477, GWHPDONJ001494, GWHPDONJ001501, GWHPDONJ001523, GWHPDONJ001531, GWHPDONJ001638, GWHPDONJ001655, GWHPDONJ001657, GWHPDONJ001676, GWHPDONJ001683, GWHPDONJ001685, GWHPDONJ001692, GWHPDONJ001739, GWHPDONJ001787, GWHPDONJ001801, GWHPDONJ001803, GWHPDONJ001851, GWHPDONJ001885, GWHPDONJ001904, GWHPDONJ001923, GWHPDONJ001924, GWHPDONJ001933, GWHPDONJ001942, GWHPDONJ001983, GWHPDONJ001987, GWHPDONJ001988, GWHPDONJ002010, GWHPDONJ002011, GWHPDONJ002045, GWHPDONJ002071, GWHPDONJ002076, GWHPDONJ002087, GWHPDONJ002096, GWHPDONJ002107, GWHPDONJ002143, GWHPDONJ002164, GWHPDONJ002165, GWHPDONJ002294, GWHPDONJ002323, GWHPDONJ002332, GWHPDONJ002358, GWHPDONJ002393, GWHPDONJ002466, GWHPDONJ002487, GWHPDONJ002489, GWHPDONJ002493, GWHPDONJ002496, GWHPDONJ002500, GWHPDONJ002528, GWHPDONJ002533, GWHPDONJ002538, GWHPDONJ002555, GWHPDONJ002568, GWHPDONJ002582, GWHPDONJ002647, GWHPDONJ002665, GWHPDONJ002792, GWHPDONJ002794, GWHPDONJ002795, GWHPDONJ002796, GWHPDONJ002811, GWHPDONJ002834, GWHPDONJ002841, GWHPDONJ002861, GWHPDONJ002863, GWHPDONJ002865, GWHPDONJ002890, GWHPDONJ002894, GWHPDONJ002950, GWHPDONJ002977, GWHPDONJ002985, GWHPDONJ002995, GWHPDONJ003058, GWHPDONJ003074, GWHPDONJ003092, GWHPDONJ003095, GWHPDONJ003166, GWHPDONJ003177, GWHPDONJ003389, GWHPDONJ003434, GWHPDONJ003483, GWHPDONJ003488, GWHPDONJ003491, GWHPDONJ003504, GWHPDONJ003518, GWHPDONJ003525, GWHPDONJ003537, GWHPDONJ003550, GWHPDONJ003564, GWHPDONJ003597, GWHPDONJ003617, GWHPDONJ003634, GWHPDONJ003643, GWHPDONJ003645, GWHPDONJ003675, GWHPDONJ003686, GWHPDONJ003691, GWHPDONJ003714, GWHPDONJ003722, GWHPDONJ003750, GWHPDONJ003758, GWHPDONJ003802, GWHPDONJ004589, GWHPDONJ008378	
OG0000002	GWHPDONJ000095, GWHPDONJ000176, GWHPDONJ000183, GWHPDONJ000230, GWHPDONJ000233, GWHPDONJ000237, GWHPDONJ000277, GWHPDONJ000294, GWHPDONJ000299, GWHPDONJ000334, GWHPDONJ000335, GWHPDONJ000384, GWHPDONJ000385, GWHPDONJ000393, GWHPDONJ000395, GWHPDONJ000396, GWHPDONJ000397, GWHPDONJ000450, GWHPDONJ000474, GWHPDONJ000497, GWHPDONJ000508, GWHPDONJ000517, GWHPDONJ000549, GWHPDONJ000560, GWHPDONJ000575, GWHPDONJ000576, GWHPDONJ000579, GWHPDONJ000584, GWHPDONJ000635, GWHPDONJ000642, GWHPDONJ000672, GWHPDONJ000681, GWHPDONJ000686, GWHPDONJ000710, GWHPDONJ000713, GWHPDONJ000724, GWHPDONJ000751, GWHPDONJ000755, GWHPDONJ000817, GWHPDONJ000880, GWHPDONJ000882, GWHPDONJ000916, GWHPDONJ000918, GWHPDONJ000919, GWHPDONJ000952, GWHPDONJ000961, GWHPDONJ001023, GWHPDONJ001030, GWHPDONJ001037, GWHPDONJ001190, GWHPDONJ001206, GWHPDONJ001221, GWHPDONJ001231, GWHPDONJ001325, GWHPDONJ001326, GWHPDONJ001328, GWHPDONJ001338, GWHPDONJ001403, GWHPDONJ001428, GWHPDONJ001486, GWHPDONJ001613, GWHPDONJ001621, GWHPDONJ001652, GWHPDONJ001670, GWHPDONJ001677, GWHPDONJ001680, GWHPDONJ001684, GWHPDONJ001720, GWHPDONJ001723, GWHPDONJ001808, GWHPDONJ001846, GWHPDONJ001860, GWHPDONJ001878, GWHPDONJ001884, GWHPDONJ001886, GWHPDONJ001976, GWHPDONJ002024, GWHPDONJ002059, GWHPDONJ002069, GWHPDONJ002095, GWHPDONJ002147, GWHPDONJ002154, GWHPDONJ002198, GWHPDONJ002203, GWHPDONJ002213, GWHPDONJ002268, GWHPDONJ002289, GWHPDONJ002392, GWHPDONJ002394, GWHPDONJ002465, GWHPDONJ002513, GWHPDONJ002526, GWHPDONJ002545, GWHPDONJ002546, GWHPDONJ002550, GWHPDONJ002554, GWHPDONJ002572, GWHPDONJ002660, GWHPDONJ002661, GWHPDONJ002668, GWHPDONJ002757, GWHPDONJ002789, GWHPDONJ002855, GWHPDONJ002947, GWHPDONJ002986, GWHPDONJ002989, GWHPDONJ002994, GWHPDONJ003063, GWHPDONJ003097, GWHPDONJ003121, GWHPDONJ003136, GWHPDONJ003187, GWHPDONJ003231, GWHPDONJ003288, GWHPDONJ003318, GWHPDONJ003343, GWHPDONJ003352, GWHPDONJ003367, GWHPDONJ003393, GWHPDONJ003396, GWHPDONJ003399, GWHPDONJ003407, GWHPDONJ003458, GWHPDONJ003476, GWHPDONJ003513, GWHPDONJ003517, GWHPDONJ003526, GWHPDONJ003547, GWHPDONJ003553, GWHPDONJ003575, GWHPDONJ003583, GWHPDONJ003661, GWHPDONJ003674, GWHPDONJ003676, GWHPDONJ003697, GWHPDONJ003771, GWHPDONJ004856, GWHPDONJ007523, GWHPDONJ008085, GWHPDONJ008089, GWHPDONJ008183, GWHPDONJ008886, GWHPDONJ008946, GWHPDONJ009921, GWHPDONJ010549, GWHPDONJ010897	
OG0000003	GWHPDONJ000009, GWHPDONJ000018, GWHPDONJ000022, GWHPDONJ000023, GWHPDONJ000041, GWHPDONJ000102, GWHPDONJ000111, GWHPDONJ000131, GWHPDONJ000150, GWHPDONJ000169, GWHPDONJ000175, GWHPDONJ000198, GWHPDONJ000214, GWHPDONJ000216, GWHPDONJ000236, GWHPDONJ000248, GWHPDONJ000285, GWHPDONJ000303, GWHPDONJ000314, GWHPDONJ000333, GWHPDONJ000403, GWHPDONJ000407, GWHPDONJ000412, GWHPDONJ000433, GWHPDONJ000454, GWHPDONJ000455, GWHPDONJ000477, GWHPDONJ000518, GWHPDONJ000568, GWHPDONJ000577, GWHPDONJ000578, GWHPDONJ000626, GWHPDONJ000649, GWHPDONJ000689, GWHPDONJ000700, GWHPDONJ000747, GWHPDONJ000797, GWHPDONJ000807, GWHPDONJ000819, GWHPDONJ000930, GWHPDONJ000932, GWHPDONJ001017, GWHPDONJ001061, GWHPDONJ001074, GWHPDONJ001079, GWHPDONJ001089, GWHPDONJ001162, GWHPDONJ001168, GWHPDONJ001192, GWHPDONJ001193, GWHPDONJ001273, GWHPDONJ001275, GWHPDONJ001308, GWHPDONJ001322, GWHPDONJ001333, GWHPDONJ001337, GWHPDONJ001339, GWHPDONJ001340, GWHPDONJ001356, GWHPDONJ001382, GWHPDONJ001413, GWHPDONJ001493, GWHPDONJ001558, GWHPDONJ001785, GWHPDONJ001786, GWHPDONJ001797, GWHPDONJ001799, GWHPDONJ001847, GWHPDONJ001861, GWHPDONJ001894, GWHPDONJ001934, GWHPDONJ001969, GWHPDONJ001989, GWHPDONJ002028, GWHPDONJ002042, GWHPDONJ002060, GWHPDONJ002121, GWHPDONJ002163, GWHPDONJ002214, GWHPDONJ002216, GWHPDONJ002233, GWHPDONJ002270, GWHPDONJ002330, GWHPDONJ002476, GWHPDONJ002499, GWHPDONJ002505, GWHPDONJ002535, GWHPDONJ002562, GWHPDONJ002673, GWHPDONJ002761, GWHPDONJ002764, GWHPDONJ002790, GWHPDONJ002791, GWHPDONJ002802, GWHPDONJ002818, GWHPDONJ002854, GWHPDONJ002872, GWHPDONJ002896, GWHPDONJ002935, GWHPDONJ002957, GWHPDONJ002976, GWHPDONJ003018, GWHPDONJ003055, GWHPDONJ003096, GWHPDONJ003195, GWHPDONJ003338, GWHPDONJ003370, GWHPDONJ003378, GWHPDONJ003386, GWHPDONJ003438, GWHPDONJ003472, GWHPDONJ003486, GWHPDONJ003492, GWHPDONJ003506, GWHPDONJ003557, GWHPDONJ003558, GWHPDONJ003592, GWHPDONJ003628, GWHPDONJ003682, GWHPDONJ003724, GWHPDONJ003755, GWHPDONJ003760, GWHPDONJ003772, GWHPDONJ003811, GWHPDONJ004855, GWHPDONJ005898, GWHPDONJ006725, GWHPDONJ008394, GWHPDONJ008951	GWHPDONL004585
OG0000004	GWHPDONJ000076, GWHPDONJ000165, GWHPDONJ000211, GWHPDONJ000249, GWHPDONJ000305, GWHPDONJ000411, GWHPDONJ000468, GWHPDONJ000470, GWHPDONJ000493, GWHPDONJ000569, GWHPDONJ000592, GWHPDONJ000600, GWHPDONJ000644, GWHPDONJ000746, GWHPDONJ000767, GWHPDONJ000777, GWHPDONJ000798, GWHPDONJ000804, GWHPDONJ000805, GWHPDONJ000871, GWHPDONJ000924, GWHPDONJ000936, GWHPDONJ000967, GWHPDONJ000994, GWHPDONJ001054, GWHPDONJ001080, GWHPDONJ001101, GWHPDONJ001103, GWHPDONJ001142, GWHPDONJ001147, GWHPDONJ001152, GWHPDONJ001184, GWHPDONJ001207, GWHPDONJ001240, GWHPDONJ001241, GWHPDONJ001276, GWHPDONJ001288, GWHPDONJ001294, GWHPDONJ001306, GWHPDONJ001313, GWHPDONJ001315, GWHPDONJ001324, GWHPDONJ001350, GWHPDONJ001357, GWHPDONJ001362, GWHPDONJ001442, GWHPDONJ001445, GWHPDONJ001456, GWHPDONJ001472, GWHPDONJ001489, GWHPDONJ001490, GWHPDONJ001505, GWHPDONJ001637, GWHPDONJ001649, GWHPDONJ001712, GWHPDONJ001713, GWHPDONJ001737, GWHPDONJ001772, GWHPDONJ001778, GWHPDONJ001907, GWHPDONJ001950, GWHPDONJ002005, GWHPDONJ002014, GWHPDONJ002075, GWHPDONJ002128, GWHPDONJ002138, GWHPDONJ002145, GWHPDONJ002173, GWHPDONJ002179, GWHPDONJ002234, GWHPDONJ002236, GWHPDONJ002265, GWHPDONJ002295, GWHPDONJ002296, GWHPDONJ002372, GWHPDONJ002464, GWHPDONJ002502, GWHPDONJ002525, GWHPDONJ002530, GWHPDONJ002575, GWHPDONJ002594, GWHPDONJ002599, GWHPDONJ002655, GWHPDONJ002657, GWHPDONJ002662, GWHPDONJ002821, GWHPDONJ002851, GWHPDONJ002871, GWHPDONJ002910, GWHPDONJ002943, GWHPDONJ002960, GWHPDONJ002974, GWHPDONJ002999, GWHPDONJ003128, GWHPDONJ003358, GWHPDONJ003411, GWHPDONJ003487, GWHPDONJ003539, GWHPDONJ003590, GWHPDONJ003591, GWHPDONJ003611, GWHPDONJ003792, GWHPDONJ003859, GWHPDONJ004264, GWHPDONJ005121, GWHPDONJ005541, GWHPDONJ005665, GWHPDONJ005677, GWHPDONJ006136, GWHPDONJ006930, GWHPDONJ007867, GWHPDONJ008863, GWHPDONJ009261, GWHPDONJ009795, GWHPDONJ010041, GWHPDONJ010130, GWHPDONJ010134, GWHPDONJ010658, GWHPDONJ010803, GWHPDONJ010892	GWHPDONL008850, GWHPDONL010975
OG0000005	GWHPDONJ000010, GWHPDONJ000028, GWHPDONJ000103, GWHPDONJ000139, GWHPDONJ000151, GWHPDONJ000160, GWHPDONJ000172, GWHPDONJ000179, GWHPDONJ000203, GWHPDONJ000225, GWHPDONJ000254, GWHPDONJ000275, GWHPDONJ000280, GWHPDONJ000298, GWHPDONJ000323, GWHPDONJ000389, GWHPDONJ000482, GWHPDONJ000492, GWHPDONJ000597, GWHPDONJ000614, GWHPDONJ000619, GWHPDONJ000624, GWHPDONJ000631, GWHPDONJ000653, GWHPDONJ000657, GWHPDONJ000676, GWHPDONJ000725, GWHPDONJ000726, GWHPDONJ000728, GWHPDONJ000734, GWHPDONJ000739, GWHPDONJ000740, GWHPDONJ000753, GWHPDONJ000771, GWHPDONJ000806, GWHPDONJ001008, GWHPDONJ001045, GWHPDONJ001048, GWHPDONJ001051, GWHPDONJ001052, GWHPDONJ001109, GWHPDONJ001110, GWHPDONJ001186, GWHPDONJ001274, GWHPDONJ001299, GWHPDONJ001314, GWHPDONJ001318, GWHPDONJ001320, GWHPDONJ001384, GWHPDONJ001388, GWHPDONJ001409, GWHPDONJ001519, GWHPDONJ001536, GWHPDONJ001623, GWHPDONJ001736, GWHPDONJ001740, GWHPDONJ001741, GWHPDONJ001742, GWHPDONJ001745, GWHPDONJ001774, GWHPDONJ001793, GWHPDONJ001804, GWHPDONJ001935, GWHPDONJ001952, GWHPDONJ001963, GWHPDONJ001980, GWHPDONJ002008, GWHPDONJ002034, GWHPDONJ002149, GWHPDONJ002193, GWHPDONJ002284, GWHPDONJ002285, GWHPDONJ002321, GWHPDONJ002326, GWHPDONJ002447, GWHPDONJ002462, GWHPDONJ002492, GWHPDONJ002504, GWHPDONJ002540, GWHPDONJ002573, GWHPDONJ002583, GWHPDONJ002590, GWHPDONJ002595, GWHPDONJ002609, GWHPDONJ002648, GWHPDONJ002649, GWHPDONJ002784, GWHPDONJ002813, GWHPDONJ002869, GWHPDONJ002895, GWHPDONJ002938, GWHPDONJ002966, GWHPDONJ002973, GWHPDONJ003007, GWHPDONJ003017, GWHPDONJ003101, GWHPDONJ003102, GWHPDONJ003118, GWHPDONJ003132, GWHPDONJ003133, GWHPDONJ003167, GWHPDONJ003194, GWHPDONJ003204, GWHPDONJ003215, GWHPDONJ003365, GWHPDONJ003374, GWHPDONJ003410, GWHPDONJ003469, GWHPDONJ003516, GWHPDONJ003523, GWHPDONJ003589, GWHPDONJ003627, GWHPDONJ003629, GWHPDONJ003721, GWHPDONJ003726, GWHPDONJ003728, GWHPDONJ003746, GWHPDONJ003818, GWHPDONJ006681, GWHPDONJ008889	GWHPDONL009691
OG0000006	GWHPDONJ000021, GWHPDONJ000090, GWHPDONJ000092, GWHPDONJ000093, GWHPDONJ000094, GWHPDONJ000108, GWHPDONJ000109, GWHPDONJ000110, GWHPDONJ000155, GWHPDONJ000163, GWHPDONJ000196, GWHPDONJ000197, GWHPDONJ000199, GWHPDONJ000262, GWHPDONJ000263, GWHPDONJ000324, GWHPDONJ000404, GWHPDONJ000447, GWHPDONJ000512, GWHPDONJ000573, GWHPDONJ000574, GWHPDONJ000582, GWHPDONJ000596, GWHPDONJ000608, GWHPDONJ000628, GWHPDONJ000687, GWHPDONJ000718, GWHPDONJ000748, GWHPDONJ000809, GWHPDONJ000878, GWHPDONJ000972, GWHPDONJ001001, GWHPDONJ001029, GWHPDONJ001034, GWHPDONJ001039, GWHPDONJ001076, GWHPDONJ001093, GWHPDONJ001105, GWHPDONJ001169, GWHPDONJ001191, GWHPDONJ001278, GWHPDONJ001285, GWHPDONJ001286, GWHPDONJ001287, GWHPDONJ001321, GWHPDONJ001427, GWHPDONJ001539, GWHPDONJ001660, GWHPDONJ001693, GWHPDONJ001704, GWHPDONJ001783, GWHPDONJ001800, GWHPDONJ001951, GWHPDONJ001959, GWHPDONJ001964, GWHPDONJ002012, GWHPDONJ002055, GWHPDONJ002078, GWHPDONJ002105, GWHPDONJ002133, GWHPDONJ002134, GWHPDONJ002161, GWHPDONJ002166, GWHPDONJ002178, GWHPDONJ002271, GWHPDONJ002277, GWHPDONJ002286, GWHPDONJ002303, GWHPDONJ002386, GWHPDONJ002468, GWHPDONJ002474, GWHPDONJ002506, GWHPDONJ002524, GWHPDONJ002539, GWHPDONJ002581, GWHPDONJ002585, GWHPDONJ002612, GWHPDONJ002664, GWHPDONJ002817, GWHPDONJ002843, GWHPDONJ002866, GWHPDONJ002898, GWHPDONJ002939, GWHPDONJ002940, GWHPDONJ002951, GWHPDONJ003044, GWHPDONJ003046, GWHPDONJ003048, GWHPDONJ003064, GWHPDONJ003117, GWHPDONJ003193, GWHPDONJ003237, GWHPDONJ003272, GWHPDONJ003330, GWHPDONJ003447, GWHPDONJ003482, GWHPDONJ003514, GWHPDONJ003522, GWHPDONJ003606, GWHPDONJ003635, GWHPDONJ003646, GWHPDONJ003688, GWHPDONJ003690, GWHPDONJ003699, GWHPDONJ003704, GWHPDONJ003736, GWHPDONJ003805, GWHPDONJ003819, GWHPDONJ004282, GWHPDONJ004724, GWHPDONJ004835, GWHPDONJ008888, GWHPDONJ009781	GWHPDONL012255
OG0000007	GWHPDONJ000006, GWHPDONJ000069, GWHPDONJ000084, GWHPDONJ000099, GWHPDONJ000115, GWHPDONJ000194, GWHPDONJ000226, GWHPDONJ000255, GWHPDONJ000346, GWHPDONJ000415, GWHPDONJ000416, GWHPDONJ000469, GWHPDONJ000521, GWHPDONJ000795, GWHPDONJ000845, GWHPDONJ000883, GWHPDONJ000905, GWHPDONJ000923, GWHPDONJ000945, GWHPDONJ001055, GWHPDONJ001112, GWHPDONJ001120, GWHPDONJ001283, GWHPDONJ001400, GWHPDONJ001425, GWHPDONJ001444, GWHPDONJ001491, GWHPDONJ001506, GWHPDONJ001515, GWHPDONJ001562, GWHPDONJ001601, GWHPDONJ001622, GWHPDONJ001627, GWHPDONJ001822, GWHPDONJ001876, GWHPDONJ001940, GWHPDONJ002101, GWHPDONJ002356, GWHPDONJ002366, GWHPDONJ002427, GWHPDONJ002442, GWHPDONJ002607, GWHPDONJ002745, GWHPDONJ002752, GWHPDONJ002785, GWHPDONJ002786, GWHPDONJ002820, GWHPDONJ002832, GWHPDONJ002846, GWHPDONJ002853, GWHPDONJ002907, GWHPDONJ002953, GWHPDONJ003006, GWHPDONJ003083, GWHPDONJ003160, GWHPDONJ003192, GWHPDONJ003271, GWHPDONJ003283, GWHPDONJ003284, GWHPDONJ003353, GWHPDONJ003463, GWHPDONJ003495, GWHPDONJ003528, GWHPDONJ003549, GWHPDONJ003587, GWHPDONJ003612, GWHPDONJ003672, GWHPDONJ003673, GWHPDONJ003797, GWHPDONJ003804, GWHPDONJ003832, GWHPDONJ004383, GWHPDONJ004745, GWHPDONJ004748, GWHPDONJ004762, GWHPDONJ004802, GWHPDONJ005014, GWHPDONJ005778, GWHPDONJ005897, GWHPDONJ006104, GWHPDONJ006323, GWHPDONJ006981, GWHPDONJ007286, GWHPDONJ007474, GWHPDONJ007505, GWHPDONJ007514, GWHPDONJ007599, GWHPDONJ007836, GWHPDONJ008052, GWHPDONJ008071, GWHPDONJ008075, GWHPDONJ008094, GWHPDONJ008158, GWHPDONJ008385, GWHPDONJ008441, GWHPDONJ008731, GWHPDONJ008841, GWHPDONJ008932, GWHPDONJ008956, GWHPDONJ009015, GWHPDONJ009181, GWHPDONJ009431, GWHPDONJ009448, GWHPDONJ009576, GWHPDONJ009808, GWHPDONJ010069, GWHPDONJ010665, GWHPDONJ010781	GWHPDONL000085, GWHPDONL000162
OG0000008	GWHPDONJ000014, GWHPDONJ000057, GWHPDONJ000132, GWHPDONJ000140, GWHPDONJ000210, GWHPDONJ000221, GWHPDONJ000229, GWHPDONJ000247, GWHPDONJ000266, GWHPDONJ000331, GWHPDONJ000399, GWHPDONJ000664, GWHPDONJ000749, GWHPDONJ000750, GWHPDONJ000763, GWHPDONJ000787, GWHPDONJ000825, GWHPDONJ000848, GWHPDONJ000853, GWHPDONJ000886, GWHPDONJ000907, GWHPDONJ000962, GWHPDONJ000963, GWHPDONJ001004, GWHPDONJ001012, GWHPDONJ001035, GWHPDONJ001097, GWHPDONJ001194, GWHPDONJ001215, GWHPDONJ001327, GWHPDONJ001355, GWHPDONJ001374, GWHPDONJ001390, GWHPDONJ001395, GWHPDONJ001406, GWHPDONJ001411, GWHPDONJ001419, GWHPDONJ001422, GWHPDONJ001485, GWHPDONJ001557, GWHPDONJ001575, GWHPDONJ001634, GWHPDONJ001651, GWHPDONJ001661, GWHPDONJ001698, GWHPDONJ001735, GWHPDONJ001744, GWHPDONJ001762, GWHPDONJ001764, GWHPDONJ001814, GWHPDONJ001872, GWHPDONJ001896, GWHPDONJ001900, GWHPDONJ001901, GWHPDONJ001921, GWHPDONJ001971, GWHPDONJ002031, GWHPDONJ002074, GWHPDONJ002153, GWHPDONJ002155, GWHPDONJ002212, GWHPDONJ002275, GWHPDONJ002341, GWHPDONJ002347, GWHPDONJ002610, GWHPDONJ002749, GWHPDONJ002770, GWHPDONJ002788, GWHPDONJ002822, GWHPDONJ002835, GWHPDONJ002844, GWHPDONJ002848, GWHPDONJ002897, GWHPDONJ002934, GWHPDONJ003019, GWHPDONJ003041, GWHPDONJ003042, GWHPDONJ003073, GWHPDONJ003087, GWHPDONJ003123, GWHPDONJ003124, GWHPDONJ003223, GWHPDONJ003258, GWHPDONJ003259, GWHPDONJ003273, GWHPDONJ003328, GWHPDONJ003361, GWHPDONJ003362, GWHPDONJ003412, GWHPDONJ003425, GWHPDONJ003609, GWHPDONJ003640, GWHPDONJ003642, GWHPDONJ003680, GWHPDONJ003800, GWHPDONJ003806, GWHPDONJ005338, GWHPDONJ007964, GWHPDONJ007980, GWHPDONJ008947, GWHPDONJ008948, GWHPDONJ010545, GWHPDONJ010882	GWHPDONL009034
OG0000009	Null	GWHPDONL000870, GWHPDONL001450, GWHPDONL001451, GWHPDONL001452, GWHPDONL001948, GWHPDONL001949, GWHPDONL003866, GWHPDONL003867, GWHPDONL003938, GWHPDONL004905, GWHPDONL004917, GWHPDONL005281, GWHPDONL005751, GWHPDONL005965, GWHPDONL005966, GWHPDONL006129, GWHPDONL006464, GWHPDONL006465, GWHPDONL006489, GWHPDONL006674, GWHPDONL006751, GWHPDONL006779, GWHPDONL007054, GWHPDONL007155, GWHPDONL007193, GWHPDONL007194, GWHPDONL007611, GWHPDONL007643, GWHPDONL007669, GWHPDONL007704, GWHPDONL007787, GWHPDONL007816, GWHPDONL007817, GWHPDONL007818, GWHPDONL007882, GWHPDONL007914, GWHPDONL008007, GWHPDONL008008, GWHPDONL008152, GWHPDONL008254, GWHPDONL008255, GWHPDONL008369, GWHPDONL008403, GWHPDONL008451, GWHPDONL008564, GWHPDONL008565, GWHPDONL008581, GWHPDONL008611, GWHPDONL008612, GWHPDONL008652, GWHPDONL008703, GWHPDONL008802, GWHPDONL008859, GWHPDONL008903, GWHPDONL008932, GWHPDONL008962, GWHPDONL008963, GWHPDONL009059, GWHPDONL009062, GWHPDONL009163, GWHPDONL009321, GWHPDONL009388, GWHPDONL009514, GWHPDONL009676, GWHPDONL009950, GWHPDONL009972, GWHPDONL009973, GWHPDONL010460, GWHPDONL010850, GWHPDONL010911, GWHPDONL011042, GWHPDONL011196, GWHPDONL011352, GWHPDONL013346, GWHPDONL013347, GWHPDONL013348, GWHPDONL013349, GWHPDONL013350, GWHPDONL013568, GWHPDONL013760, GWHPDONL013761, GWHPDONL014107, GWHPDONL014108, GWHPDONL014196, GWHPDONL014197, GWHPDONL014198, GWHPDONL014200, GWHPDONL014231, GWHPDONL014232
OG0000010	GWHPDONJ000002, GWHPDONJ000272, GWHPDONJ000310, GWHPDONJ000330, GWHPDONJ000391, GWHPDONJ000420, GWHPDONJ000495, GWHPDONJ000522, GWHPDONJ000526, GWHPDONJ000570, GWHPDONJ000595, GWHPDONJ000677, GWHPDONJ000782, GWHPDONJ000784, GWHPDONJ000812, GWHPDONJ000904, GWHPDONJ000988, GWHPDONJ001009, GWHPDONJ001049, GWHPDONJ001057, GWHPDONJ001095, GWHPDONJ001099, GWHPDONJ001102, GWHPDONJ001159, GWHPDONJ001173, GWHPDONJ001199, GWHPDONJ001222, GWHPDONJ001249, GWHPDONJ001251, GWHPDONJ001282, GWHPDONJ001329, GWHPDONJ001336, GWHPDONJ001399, GWHPDONJ001402, GWHPDONJ001554, GWHPDONJ001619, GWHPDONJ001633, GWHPDONJ001690, GWHPDONJ001724, GWHPDONJ001768, GWHPDONJ001771, GWHPDONJ001775, GWHPDONJ001807, GWHPDONJ001890, GWHPDONJ001937, GWHPDONJ001960, GWHPDONJ002039, GWHPDONJ002070, GWHPDONJ002084, GWHPDONJ002167, GWHPDONJ002169, GWHPDONJ002227, GWHPDONJ002242, GWHPDONJ002402, GWHPDONJ002605, GWHPDONJ002750, GWHPDONJ002776, GWHPDONJ002809, GWHPDONJ002868, GWHPDONJ003047, GWHPDONJ003067, GWHPDONJ003075, GWHPDONJ003100, GWHPDONJ003153, GWHPDONJ003184, GWHPDONJ003263, GWHPDONJ003270, GWHPDONJ003312, GWHPDONJ003319, GWHPDONJ003356, GWHPDONJ003373, GWHPDONJ003400, GWHPDONJ003429, GWHPDONJ003435, GWHPDONJ003467, GWHPDONJ003511, GWHPDONJ003613, GWHPDONJ003618, GWHPDONJ003644, GWHPDONJ003692, GWHPDONJ003751, GWHPDONJ003814, GWHPDONJ006682	
OG0000011	GWHPDONJ000818, GWHPDONJ003371, GWHPDONJ005582, GWHPDONJ005958, GWHPDONJ006646, GWHPDONJ007763	GWHPDONL000048, GWHPDONL000065, GWHPDONL000076, GWHPDONL000077, GWHPDONL000106, GWHPDONL000411, GWHPDONL000968, GWHPDONL003318, GWHPDONL003319, GWHPDONL003654, GWHPDONL004018, GWHPDONL004076, GWHPDONL004103, GWHPDONL004104, GWHPDONL004126, GWHPDONL004620, GWHPDONL004904, GWHPDONL005234, GWHPDONL005252, GWHPDONL006060, GWHPDONL006131, GWHPDONL006205, GWHPDONL006322, GWHPDONL006350, GWHPDONL006488, GWHPDONL007564, GWHPDONL007662, GWHPDONL007684, GWHPDONL007685, GWHPDONL007698, GWHPDONL007755, GWHPDONL007910, GWHPDONL007951, GWHPDONL007953, GWHPDONL007955, GWHPDONL007985, GWHPDONL008042, GWHPDONL008104, GWHPDONL008242, GWHPDONL008245, GWHPDONL008486, GWHPDONL008541, GWHPDONL008542, GWHPDONL008625, GWHPDONL008633, GWHPDONL008838, GWHPDONL008839, GWHPDONL008899, GWHPDONL009071, GWHPDONL009072, GWHPDONL009073, GWHPDONL009074, GWHPDONL009213, GWHPDONL009484, GWHPDONL009588, GWHPDONL009751, GWHPDONL010174, GWHPDONL010175, GWHPDONL010334, GWHPDONL010500, GWHPDONL010507, GWHPDONL010643, GWHPDONL011377, GWHPDONL011865, GWHPDONL011866, GWHPDONL011955, GWHPDONL013032, GWHPDONL013056, GWHPDONL013298, GWHPDONL013444, GWHPDONL013498, GWHPDONL013938, GWHPDONL013939, GWHPDONL014125, GWHPDONL014228
OG0000012	GWHPDONJ000008, GWHPDONJ000270, GWHPDONJ000273, GWHPDONJ000308, GWHPDONJ000488, GWHPDONJ000510, GWHPDONJ000516, GWHPDONJ000583, GWHPDONJ000881, GWHPDONJ000931, GWHPDONJ000947, GWHPDONJ000959, GWHPDONJ001032, GWHPDONJ001140, GWHPDONJ001227, GWHPDONJ001248, GWHPDONJ001372, GWHPDONJ001375, GWHPDONJ001396, GWHPDONJ001421, GWHPDONJ001441, GWHPDONJ001451, GWHPDONJ001509, GWHPDONJ001527, GWHPDONJ001543, GWHPDONJ001695, GWHPDONJ001697, GWHPDONJ001700, GWHPDONJ001701, GWHPDONJ001702, GWHPDONJ001722, GWHPDONJ001765, GWHPDONJ001794, GWHPDONJ001840, GWHPDONJ001881, GWHPDONJ001916, GWHPDONJ001953, GWHPDONJ002036, GWHPDONJ002054, GWHPDONJ002112, GWHPDONJ002170, GWHPDONJ002201, GWHPDONJ002204, GWHPDONJ002217, GWHPDONJ002218, GWHPDONJ002219, GWHPDONJ002229, GWHPDONJ002230, GWHPDONJ002235, GWHPDONJ002246, GWHPDONJ002288, GWHPDONJ002310, GWHPDONJ002322, GWHPDONJ002439, GWHPDONJ002459, GWHPDONJ002663, GWHPDONJ002669, GWHPDONJ002675, GWHPDONJ002797, GWHPDONJ002899, GWHPDONJ002936, GWHPDONJ002958, GWHPDONJ002983, GWHPDONJ003008, GWHPDONJ003059, GWHPDONJ003165, GWHPDONJ003173, GWHPDONJ003376, GWHPDONJ003380, GWHPDONJ003404, GWHPDONJ003512, GWHPDONJ003561, GWHPDONJ003734, GWHPDONJ003757, GWHPDONJ007958, GWHPDONJ007960, GWHPDONJ008090	
OG0000013	GWHPDONJ000026, GWHPDONJ000098, GWHPDONJ000120, GWHPDONJ000257, GWHPDONJ000274, GWHPDONJ000439, GWHPDONJ000440, GWHPDONJ000446, GWHPDONJ000459, GWHPDONJ000487, GWHPDONJ000650, GWHPDONJ000651, GWHPDONJ000720, GWHPDONJ000813, GWHPDONJ000987, GWHPDONJ001172, GWHPDONJ001180, GWHPDONJ001323, GWHPDONJ001348, GWHPDONJ001381, GWHPDONJ001389, GWHPDONJ001391, GWHPDONJ001420, GWHPDONJ001467, GWHPDONJ001535, GWHPDONJ001574, GWHPDONJ001617, GWHPDONJ001666, GWHPDONJ001782, GWHPDONJ001795, GWHPDONJ001855, GWHPDONJ001911, GWHPDONJ001975, GWHPDONJ001979, GWHPDONJ002000, GWHPDONJ002030, GWHPDONJ002190, GWHPDONJ002222, GWHPDONJ002249, GWHPDONJ002276, GWHPDONJ002282, GWHPDONJ002291, GWHPDONJ002299, GWHPDONJ002360, GWHPDONJ002450, GWHPDONJ002481, GWHPDONJ002488, GWHPDONJ002517, GWHPDONJ002760, GWHPDONJ002762, GWHPDONJ002836, GWHPDONJ002923, GWHPDONJ002937, GWHPDONJ003080, GWHPDONJ003105, GWHPDONJ003137, GWHPDONJ003138, GWHPDONJ003222, GWHPDONJ003229, GWHPDONJ003236, GWHPDONJ003261, GWHPDONJ003311, GWHPDONJ003327, GWHPDONJ003385, GWHPDONJ003408, GWHPDONJ003413, GWHPDONJ003418, GWHPDONJ003541, GWHPDONJ003544, GWHPDONJ003567, GWHPDONJ003679, GWHPDONJ003718, GWHPDONJ003737, GWHPDONJ007880	
OG0000014	GWHPDONJ000051, GWHPDONJ000128, GWHPDONJ000170, GWHPDONJ000171, GWHPDONJ000193, GWHPDONJ000264, GWHPDONJ000282, GWHPDONJ000392, GWHPDONJ000434, GWHPDONJ000623, GWHPDONJ000627, GWHPDONJ000632, GWHPDONJ000756, GWHPDONJ000790, GWHPDONJ000814, GWHPDONJ000891, GWHPDONJ000892, GWHPDONJ000900, GWHPDONJ000969, GWHPDONJ001020, GWHPDONJ001106, GWHPDONJ001107, GWHPDONJ001115, GWHPDONJ001150, GWHPDONJ001204, GWHPDONJ001235, GWHPDONJ001368, GWHPDONJ001369, GWHPDONJ001417, GWHPDONJ001517, GWHPDONJ001522, GWHPDONJ001553, GWHPDONJ001618, GWHPDONJ001669, GWHPDONJ001689, GWHPDONJ001696, GWHPDONJ001738, GWHPDONJ001817, GWHPDONJ001834, GWHPDONJ001850, GWHPDONJ001945, GWHPDONJ002035, GWHPDONJ002037, GWHPDONJ002245, GWHPDONJ002336, GWHPDONJ002337, GWHPDONJ002338, GWHPDONJ002491, GWHPDONJ002497, GWHPDONJ002547, GWHPDONJ002574, GWHPDONJ002658, GWHPDONJ002773, GWHPDONJ002829, GWHPDONJ002933, GWHPDONJ002952, GWHPDONJ003089, GWHPDONJ003111, GWHPDONJ003323, GWHPDONJ003335, GWHPDONJ003459, GWHPDONJ003521, GWHPDONJ003559, GWHPDONJ003614, GWHPDONJ003632, GWHPDONJ003678, GWHPDONJ003689, GWHPDONJ003717, GWHPDONJ003768, GWHPDONJ003769, GWHPDONJ003809, GWHPDONJ008887	
OG0000015	Null	GWHPDONL000082, GWHPDONL000115, GWHPDONL000886, GWHPDONL001508, GWHPDONL001982, GWHPDONL005648, GWHPDONL006309, GWHPDONL006321, GWHPDONL007057, GWHPDONL007120, GWHPDONL007158, GWHPDONL007292, GWHPDONL007425, GWHPDONL007491, GWHPDONL007493, GWHPDONL007494, GWHPDONL007539, GWHPDONL007666, GWHPDONL007701, GWHPDONL007803, GWHPDONL007942, GWHPDONL007943, GWHPDONL008015, GWHPDONL008043, GWHPDONL008044, GWHPDONL008061, GWHPDONL008068, GWHPDONL008266, GWHPDONL008453, GWHPDONL008656, GWHPDONL008699, GWHPDONL008702, GWHPDONL008712, GWHPDONL008713, GWHPDONL008714, GWHPDONL008715, GWHPDONL009140, GWHPDONL009148, GWHPDONL009158, GWHPDONL009374, GWHPDONL009582, GWHPDONL009632, GWHPDONL009759, GWHPDONL009799, GWHPDONL009925, GWHPDONL010496, GWHPDONL010724, GWHPDONL010725, GWHPDONL010825, GWHPDONL010826, GWHPDONL011043, GWHPDONL011343, GWHPDONL011344, GWHPDONL011356, GWHPDONL011450, GWHPDONL011493, GWHPDONL011536, GWHPDONL011802, GWHPDONL011803, GWHPDONL011854, GWHPDONL011855, GWHPDONL011921, GWHPDONL012389, GWHPDONL013019, GWHPDONL013497, GWHPDONL013997, GWHPDONL014030
OG0000016	GWHPDONJ000119, GWHPDONJ000240, GWHPDONJ000494, GWHPDONJ000535, GWHPDONJ000581, GWHPDONJ000772, GWHPDONJ000841, GWHPDONJ000874, GWHPDONJ001077, GWHPDONJ001203, GWHPDONJ001279, GWHPDONJ001281, GWHPDONJ001293, GWHPDONJ001296, GWHPDONJ001370, GWHPDONJ001410, GWHPDONJ001473, GWHPDONJ001475, GWHPDONJ001538, GWHPDONJ001555, GWHPDONJ001573, GWHPDONJ001656, GWHPDONJ001686, GWHPDONJ001694, GWHPDONJ001721, GWHPDONJ001891, GWHPDONJ001895, GWHPDONJ001922, GWHPDONJ001982, GWHPDONJ002140, GWHPDONJ002141, GWHPDONJ002440, GWHPDONJ002486, GWHPDONJ002586, GWHPDONJ002587, GWHPDONJ002591, GWHPDONJ002810, GWHPDONJ002867, GWHPDONJ002981, GWHPDONJ002987, GWHPDONJ003045, GWHPDONJ003070, GWHPDONJ003115, GWHPDONJ003269, GWHPDONJ003320, GWHPDONJ003406, GWHPDONJ003416, GWHPDONJ003417, GWHPDONJ003440, GWHPDONJ003441, GWHPDONJ003442, GWHPDONJ003443, GWHPDONJ003444, GWHPDONJ003507, GWHPDONJ003524, GWHPDONJ003543, GWHPDONJ003546, GWHPDONJ003566, GWHPDONJ003595, GWHPDONJ003615, GWHPDONJ003641, GWHPDONJ003657, GWHPDONJ003694, GWHPDONJ004281, GWHPDONJ009782	
OG0000017	GWHPDONJ000774	GWHPDONL000088, GWHPDONL000163, GWHPDONL000221, GWHPDONL000534, GWHPDONL000760, GWHPDONL001121, GWHPDONL001265, GWHPDONL001627, GWHPDONL001937, GWHPDONL002896, GWHPDONL003677, GWHPDONL003736, GWHPDONL004413, GWHPDONL004486, GWHPDONL004777, GWHPDONL004811, GWHPDONL005036, GWHPDONL005536, GWHPDONL005716, GWHPDONL006269, GWHPDONL006698, GWHPDONL006736, GWHPDONL006763, GWHPDONL007634, GWHPDONL008127, GWHPDONL008132, GWHPDONL008310, GWHPDONL008513, GWHPDONL008753, GWHPDONL008953, GWHPDONL009195, GWHPDONL009530, GWHPDONL009679, GWHPDONL009715, GWHPDONL009845, GWHPDONL009872, GWHPDONL009958, GWHPDONL010215, GWHPDONL010264, GWHPDONL010886, GWHPDONL010957, GWHPDONL011785, GWHPDONL011793, GWHPDONL012012, GWHPDONL012016, GWHPDONL012052, GWHPDONL012086, GWHPDONL012246, GWHPDONL012378, GWHPDONL012622, GWHPDONL012716, GWHPDONL012805, GWHPDONL012873, GWHPDONL013105, GWHPDONL013271, GWHPDONL013462, GWHPDONL013471, GWHPDONL013519, GWHPDONL014080, GWHPDONL014095
OG0000018	GWHPDONJ000027, GWHPDONJ000074, GWHPDONJ000332, GWHPDONJ000445, GWHPDONJ000564, GWHPDONJ000567, GWHPDONJ000633, GWHPDONJ000647, GWHPDONJ000966, GWHPDONJ001018, GWHPDONJ001050, GWHPDONJ001211, GWHPDONJ001300, GWHPDONJ001383, GWHPDONJ001518, GWHPDONJ001614, GWHPDONJ001659, GWHPDONJ001863, GWHPDONJ001882, GWHPDONJ001917, GWHPDONJ001955, GWHPDONJ002086, GWHPDONJ002092, GWHPDONJ002104, GWHPDONJ002456, GWHPDONJ002516, GWHPDONJ002589, GWHPDONJ002615, GWHPDONJ002671, GWHPDONJ002824, GWHPDONJ002837, GWHPDONJ002852, GWHPDONJ002954, GWHPDONJ003054, GWHPDONJ003060, GWHPDONJ003082, GWHPDONJ003107, GWHPDONJ003125, GWHPDONJ003163, GWHPDONJ003168, GWHPDONJ003169, GWHPDONJ003265, GWHPDONJ003266, GWHPDONJ003337, GWHPDONJ003394, GWHPDONJ003398, GWHPDONJ003415, GWHPDONJ003460, GWHPDONJ003497, GWHPDONJ003499, GWHPDONJ003505, GWHPDONJ003529, GWHPDONJ003556, GWHPDONJ003630, GWHPDONJ003677, GWHPDONJ003711, GWHPDONJ003732, GWHPDONJ003749, GWHPDONJ009201	
OG0000019	GWHPDONJ000239, GWHPDONJ000261, GWHPDONJ000329, GWHPDONJ000563, GWHPDONJ000615, GWHPDONJ000730, GWHPDONJ000738, GWHPDONJ000821, GWHPDONJ000844, GWHPDONJ000933, GWHPDONJ000995, GWHPDONJ000996, GWHPDONJ001145, GWHPDONJ001148, GWHPDONJ001155, GWHPDONJ001160, GWHPDONJ001225, GWHPDONJ001317, GWHPDONJ001331, GWHPDONJ001387, GWHPDONJ001435, GWHPDONJ001483, GWHPDONJ001551, GWHPDONJ001624, GWHPDONJ001630, GWHPDONJ001631, GWHPDONJ001703, GWHPDONJ001909, GWHPDONJ001973, GWHPDONJ002027, GWHPDONJ002061, GWHPDONJ002152, GWHPDONJ002185, GWHPDONJ002232, GWHPDONJ002383, GWHPDONJ002443, GWHPDONJ002519, GWHPDONJ002672, GWHPDONJ002677, GWHPDONJ002799, GWHPDONJ002882, GWHPDONJ003207, GWHPDONJ003225, GWHPDONJ003381, GWHPDONJ003540, GWHPDONJ003542, GWHPDONJ003620, GWHPDONJ003652, GWHPDONJ003665, GWHPDONJ003793, GWHPDONJ004686, GWHPDONJ004758, GWHPDONJ005529, GWHPDONJ005685, GWHPDONJ008088, GWHPDONJ008108, GWHPDONJ009403, GWHPDONJ009420, GWHPDONJ009780	
OG0000020	GWHPDONJ002113	GWHPDONL000029, GWHPDONL000030, GWHPDONL000105, GWHPDONL000178, GWHPDONL000179, GWHPDONL000180, GWHPDONL000181, GWHPDONL000420, GWHPDONL003097, GWHPDONL004150, GWHPDONL005750, GWHPDONL005908, GWHPDONL005909, GWHPDONL005910, GWHPDONL006128, GWHPDONL006291, GWHPDONL006778, GWHPDONL006860, GWHPDONL007027, GWHPDONL007336, GWHPDONL007525, GWHPDONL007555, GWHPDONL007610, GWHPDONL008039, GWHPDONL008084, GWHPDONL008153, GWHPDONL008372, GWHPDONL008450, GWHPDONL008455, GWHPDONL008642, GWHPDONL008643, GWHPDONL008948, GWHPDONL009130, GWHPDONL009216, GWHPDONL009580, GWHPDONL009693, GWHPDONL009993, GWHPDONL010420, GWHPDONL010543, GWHPDONL010581, GWHPDONL010582, GWHPDONL010610, GWHPDONL010611, GWHPDONL010843, GWHPDONL010860, GWHPDONL010861, GWHPDONL011125, GWHPDONL011202, GWHPDONL011378, GWHPDONL011804, GWHPDONL011887, GWHPDONL012009, GWHPDONL012254, GWHPDONL012840, GWHPDONL013131, GWHPDONL013343
OG0000021	GWHPDONJ000007, GWHPDONJ000011, GWHPDONJ000036, GWHPDONJ000046, GWHPDONJ000053, GWHPDONJ000145, GWHPDONJ000191, GWHPDONJ000306, GWHPDONJ000312, GWHPDONJ000423, GWHPDONJ000424, GWHPDONJ000425, GWHPDONJ000438, GWHPDONJ000655, GWHPDONJ000658, GWHPDONJ000736, GWHPDONJ000744, GWHPDONJ000776, GWHPDONJ000820, GWHPDONJ000954, GWHPDONJ001092, GWHPDONJ001161, GWHPDONJ001217, GWHPDONJ001291, GWHPDONJ001334, GWHPDONJ001373, GWHPDONJ001436, GWHPDONJ001688, GWHPDONJ001709, GWHPDONJ001915, GWHPDONJ002266, GWHPDONJ002324, GWHPDONJ002523, GWHPDONJ002781, GWHPDONJ002942, GWHPDONJ002955, GWHPDONJ003108, GWHPDONJ003175, GWHPDONJ003211, GWHPDONJ003285, GWHPDONJ003289, GWHPDONJ003535, GWHPDONJ003570, GWHPDONJ003571, GWHPDONJ003572, GWHPDONJ003608, GWHPDONJ003625, GWHPDONJ003639, GWHPDONJ003650, GWHPDONJ003662, GWHPDONJ003663, GWHPDONJ008668, GWHPDONJ009079	
OG0000022	GWHPDONJ000060, GWHPDONJ000129, GWHPDONJ000256, GWHPDONJ000268, GWHPDONJ000295, GWHPDONJ000451, GWHPDONJ000707, GWHPDONJ000783, GWHPDONJ001212, GWHPDONJ001216, GWHPDONJ001232, GWHPDONJ001426, GWHPDONJ001499, GWHPDONJ001570, GWHPDONJ001880, GWHPDONJ001931, GWHPDONJ001932, GWHPDONJ001938, GWHPDONJ001981, GWHPDONJ002048, GWHPDONJ002168, GWHPDONJ002199, GWHPDONJ002241, GWHPDONJ002287, GWHPDONJ002401, GWHPDONJ002451, GWHPDONJ002470, GWHPDONJ002747, GWHPDONJ002903, GWHPDONJ002904, GWHPDONJ002906, GWHPDONJ002971, GWHPDONJ002992, GWHPDONJ003016, GWHPDONJ003071, GWHPDONJ003116, GWHPDONJ003141, GWHPDONJ003205, GWHPDONJ003262, GWHPDONJ003351, GWHPDONJ003382, GWHPDONJ003390, GWHPDONJ003403, GWHPDONJ003405, GWHPDONJ003493, GWHPDONJ003536, GWHPDONJ003607, GWHPDONJ003619, GWHPDONJ003712, GWHPDONJ007962, GWHPDONJ007963	
OG0000023	GWHPDONJ000042, GWHPDONJ000173, GWHPDONJ000432, GWHPDONJ000442, GWHPDONJ000507, GWHPDONJ000531, GWHPDONJ000643, GWHPDONJ000646, GWHPDONJ000741, GWHPDONJ000770, GWHPDONJ000894, GWHPDONJ000920, GWHPDONJ000950, GWHPDONJ001210, GWHPDONJ001342, GWHPDONJ001385, GWHPDONJ001443, GWHPDONJ001635, GWHPDONJ001673, GWHPDONJ001853, GWHPDONJ001875, GWHPDONJ001920, GWHPDONJ001944, GWHPDONJ001985, GWHPDONJ002021, GWHPDONJ002022, GWHPDONJ002072, GWHPDONJ002196, GWHPDONJ002327, GWHPDONJ002334, GWHPDONJ002335, GWHPDONJ002388, GWHPDONJ002452, GWHPDONJ002522, GWHPDONJ002536, GWHPDONJ002551, GWHPDONJ002556, GWHPDONJ002608, GWHPDONJ002650, GWHPDONJ002674, GWHPDONJ002972, GWHPDONJ003020, GWHPDONJ003043, GWHPDONJ003196, GWHPDONJ003317, GWHPDONJ003402, GWHPDONJ003419, GWHPDONJ003631, GWHPDONJ003741, GWHPDONJ009563	
OG0000024	Null	GWHPDONL000010, GWHPDONL002379, GWHPDONL002920, GWHPDONL002921, GWHPDONL002922, GWHPDONL006092, GWHPDONL006433, GWHPDONL007020, GWHPDONL007527, GWHPDONL008163, GWHPDONL008164, GWHPDONL008233, GWHPDONL008412, GWHPDONL008624, GWHPDONL008793, GWHPDONL009364, GWHPDONL009939, GWHPDONL009940, GWHPDONL009941, GWHPDONL010282, GWHPDONL010283, GWHPDONL010348, GWHPDONL010440, GWHPDONL010495, GWHPDONL010694, GWHPDONL010895, GWHPDONL010896, GWHPDONL010897, GWHPDONL010898, GWHPDONL010899, GWHPDONL011035, GWHPDONL011244, GWHPDONL011406, GWHPDONL011408, GWHPDONL011651, GWHPDONL011652, GWHPDONL011653, GWHPDONL011654, GWHPDONL012485, GWHPDONL012486, GWHPDONL012496, GWHPDONL013313, GWHPDONL013577, GWHPDONL013616, GWHPDONL013617, GWHPDONL013714
OG0000025	GWHPDONJ000259, GWHPDONJ000271, GWHPDONJ000472, GWHPDONJ000530, GWHPDONJ000618, GWHPDONJ000621, GWHPDONJ000701, GWHPDONJ000702, GWHPDONJ001024, GWHPDONJ001036, GWHPDONJ001502, GWHPDONJ001516, GWHPDONJ001566, GWHPDONJ001874, GWHPDONJ002004, GWHPDONJ002091, GWHPDONJ002162, GWHPDONJ002309, GWHPDONJ002319, GWHPDONJ002325, GWHPDONJ002382, GWHPDONJ002490, GWHPDONJ002521, GWHPDONJ002676, GWHPDONJ002838, GWHPDONJ002849, GWHPDONJ002885, GWHPDONJ002982, GWHPDONJ003004, GWHPDONJ003078, GWHPDONJ003120, GWHPDONJ003164, GWHPDONJ003333, GWHPDONJ003336, GWHPDONJ003359, GWHPDONJ003448, GWHPDONJ003510, GWHPDONJ003548, GWHPDONJ003584, GWHPDONJ003638, GWHPDONJ003702, GWHPDONJ007509, GWHPDONJ007959, GWHPDONJ008943	GWHPDONL008046
OG0000026	GWHPDONJ000121, GWHPDONJ000313, GWHPDONJ000366, GWHPDONJ000428, GWHPDONJ000555, GWHPDONJ000556, GWHPDONJ000562, GWHPDONJ000620, GWHPDONJ000673, GWHPDONJ000839, GWHPDONJ000895, GWHPDONJ000921, GWHPDONJ001412, GWHPDONJ001593, GWHPDONJ001691, GWHPDONJ001830, GWHPDONJ001831, GWHPDONJ002043, GWHPDONJ002068, GWHPDONJ002292, GWHPDONJ002518, GWHPDONJ002527, GWHPDONJ002563, GWHPDONJ002652, GWHPDONJ002988, GWHPDONJ003099, GWHPDONJ003112, GWHPDONJ003114, GWHPDONJ003660, GWHPDONJ003786, GWHPDONJ004280, GWHPDONJ005681, GWHPDONJ005838, GWHPDONJ006023, GWHPDONJ006736, GWHPDONJ008527, GWHPDONJ009088, GWHPDONJ009252, GWHPDONJ009313, GWHPDONJ009493, GWHPDONJ009675, GWHPDONJ010535, GWHPDONJ010804, GWHPDONJ010889	
OG0000027	GWHPDONJ000054, GWHPDONJ000213, GWHPDONJ000311, GWHPDONJ000419, GWHPDONJ000520, GWHPDONJ000601, GWHPDONJ000602, GWHPDONJ000826, GWHPDONJ000885, GWHPDONJ001113, GWHPDONJ001335, GWHPDONJ001646, GWHPDONJ001647, GWHPDONJ001687, GWHPDONJ001707, GWHPDONJ001914, GWHPDONJ002274, GWHPDONJ002444, GWHPDONJ002544, GWHPDONJ002617, GWHPDONJ002877, GWHPDONJ002918, GWHPDONJ002941, GWHPDONJ002993, GWHPDONJ003210, GWHPDONJ003286, GWHPDONJ003315, GWHPDONJ003332, GWHPDONJ003395, GWHPDONJ003414, GWHPDONJ003437, GWHPDONJ003446, GWHPDONJ003450, GWHPDONJ003468, GWHPDONJ003500, GWHPDONJ003534, GWHPDONJ003687, GWHPDONJ003706, GWHPDONJ003739, GWHPDONJ008180, GWHPDONJ009323	GWHPDONL006030, GWHPDONL013991
OG0000028	GWHPDONJ000050, GWHPDONJ000146, GWHPDONJ000174, GWHPDONJ000309, GWHPDONJ000703, GWHPDONJ000705, GWHPDONJ000879, GWHPDONJ000909, GWHPDONJ001005, GWHPDONJ001075, GWHPDONJ001111, GWHPDONJ001178, GWHPDONJ001272, GWHPDONJ001430, GWHPDONJ001431, GWHPDONJ001534, GWHPDONJ001668, GWHPDONJ001681, GWHPDONJ001910, GWHPDONJ001968, GWHPDONJ002109, GWHPDONJ002110, GWHPDONJ002148, GWHPDONJ002197, GWHPDONJ002311, GWHPDONJ002400, GWHPDONJ002475, GWHPDONJ002778, GWHPDONJ002886, GWHPDONJ002887, GWHPDONJ002949, GWHPDONJ002970, GWHPDONJ002996, GWHPDONJ003049, GWHPDONJ003397, GWHPDONJ003647, GWHPDONJ003648, GWHPDONJ003743, GWHPDONJ003761, GWHPDONJ004687	
OG0000029	GWHPDONJ000043, GWHPDONJ000167, GWHPDONJ000168, GWHPDONJ000289, GWHPDONJ000435, GWHPDONJ000727, GWHPDONJ000823, GWHPDONJ000912, GWHPDONJ001003, GWHPDONJ001027, GWHPDONJ001028, GWHPDONJ001047, GWHPDONJ001195, GWHPDONJ001196, GWHPDONJ001208, GWHPDONJ001209, GWHPDONJ001319, GWHPDONJ001835, GWHPDONJ001972, GWHPDONJ001986, GWHPDONJ002215, GWHPDONJ002446, GWHPDONJ002514, GWHPDONJ002515, GWHPDONJ002616, GWHPDONJ002748, GWHPDONJ002759, GWHPDONJ002842, GWHPDONJ002860, GWHPDONJ002915, GWHPDONJ003003, GWHPDONJ003109, GWHPDONJ003391, GWHPDONJ003496, GWHPDONJ003498, GWHPDONJ003605, GWHPDONJ008053	
OG0000030	GWHPDONJ007470	GWHPDONL000083, GWHPDONL003373, GWHPDONL003481, GWHPDONL004149, GWHPDONL006219, GWHPDONL006579, GWHPDONL007426, GWHPDONL007567, GWHPDONL007591, GWHPDONL008278, GWHPDONL008279, GWHPDONL008294, GWHPDONL008370, GWHPDONL008500, GWHPDONL008650, GWHPDONL008711, GWHPDONL008799, GWHPDONL008894, GWHPDONL008959, GWHPDONL009135, GWHPDONL009187, GWHPDONL009253, GWHPDONL009367, GWHPDONL009368, GWHPDONL009417, GWHPDONL009461, GWHPDONL009994, GWHPDONL010144, GWHPDONL010881, GWHPDONL010913, GWHPDONL011089, GWHPDONL011355, GWHPDONL012972, GWHPDONL012973
OG0000031	GWHPDONJ000421, GWHPDONJ000478, GWHPDONJ000822, GWHPDONJ000906, GWHPDONJ001277, GWHPDONJ001307, GWHPDONJ001437, GWHPDONJ001466, GWHPDONJ001528, GWHPDONJ001667, GWHPDONJ001682, GWHPDONJ001752, GWHPDONJ001984, GWHPDONJ002025, GWHPDONJ002050, GWHPDONJ002228, GWHPDONJ002240, GWHPDONJ002389, GWHPDONJ002461, GWHPDONJ002592, GWHPDONJ002597, GWHPDONJ003069, GWHPDONJ003126, GWHPDONJ003527, GWHPDONJ003545, GWHPDONJ003610, GWHPDONJ003705, GWHPDONJ004073, GWHPDONJ007238, GWHPDONJ007455, GWHPDONJ008217, GWHPDONJ009787, GWHPDONJ010070, GWHPDONJ010175	
OG0000032	GWHPDONJ000039, GWHPDONJ000133, GWHPDONJ000452, GWHPDONJ000509, GWHPDONJ000513, GWHPDONJ000788, GWHPDONJ000850, GWHPDONJ001226, GWHPDONJ001434, GWHPDONJ001500, GWHPDONJ001563, GWHPDONJ001675, GWHPDONJ001821, GWHPDONJ001965, GWHPDONJ002127, GWHPDONJ002862, GWHPDONJ003062, GWHPDONJ003306, GWHPDONJ003308, GWHPDONJ003348, GWHPDONJ003494, GWHPDONJ003551, GWHPDONJ003622, GWHPDONJ003964, GWHPDONJ005122, GWHPDONJ006478, GWHPDONJ008656, GWHPDONJ008664, GWHPDONJ009218, GWHPDONJ009249, GWHPDONJ009449	GWHPDONL007554
OG0000033	Null	GWHPDONL000879, GWHPDONL000880, GWHPDONL002212, GWHPDONL002213, GWHPDONL002436, GWHPDONL002437, GWHPDONL002438, GWHPDONL007077, GWHPDONL007883, GWHPDONL007894, GWHPDONL008057, GWHPDONL008058, GWHPDONL008130, GWHPDONL008593, GWHPDONL008594, GWHPDONL008655, GWHPDONL008747, GWHPDONL008748, GWHPDONL009093, GWHPDONL009094, GWHPDONL009095, GWHPDONL009433, GWHPDONL010729, GWHPDONL010730, GWHPDONL010731, GWHPDONL010863, GWHPDONL011620, GWHPDONL011621, GWHPDONL011622, GWHPDONL012724, GWHPDONL012725, GWHPDONL013237
OG0000034	GWHPDONJ000013, GWHPDONJ000406, GWHPDONJ001058, GWHPDONJ001144, GWHPDONJ001174, GWHPDONJ001228, GWHPDONJ001354, GWHPDONJ001361, GWHPDONJ001469, GWHPDONJ001521, GWHPDONJ002552, GWHPDONJ002553, GWHPDONJ002593, GWHPDONJ002823, GWHPDONJ002839, GWHPDONJ003135, GWHPDONJ003452, GWHPDONJ003457, GWHPDONJ003520, GWHPDONJ003626, GWHPDONJ003698, GWHPDONJ003770, GWHPDONJ003798, GWHPDONJ003939, GWHPDONJ005579, GWHPDONJ005886, GWHPDONJ006545, GWHPDONJ007306, GWHPDONJ007417, GWHPDONJ007737, GWHPDONJ008696	
OG0000035	GWHPDONJ000065, GWHPDONJ000504, GWHPDONJ000604, GWHPDONJ000674, GWHPDONJ000803, GWHPDONJ000887, GWHPDONJ001007, GWHPDONJ001205, GWHPDONJ001358, GWHPDONJ001455, GWHPDONJ002316, GWHPDONJ002437, GWHPDONJ002602, GWHPDONJ002975, GWHPDONJ003110, GWHPDONJ003267, GWHPDONJ003671, GWHPDONJ003775, GWHPDONJ004524, GWHPDONJ004725, GWHPDONJ004917, GWHPDONJ007049, GWHPDONJ008306, GWHPDONJ008883, GWHPDONJ008894, GWHPDONJ009311, GWHPDONJ009433, GWHPDONJ010555	GWHPDONL012436
OG0000036	Null	GWHPDONL000202, GWHPDONL000203, GWHPDONL001437, GWHPDONL002814, GWHPDONL004934, GWHPDONL005434, GWHPDONL006327, GWHPDONL006393, GWHPDONL007056, GWHPDONL007403, GWHPDONL007476, GWHPDONL008174, GWHPDONL008218, GWHPDONL008281, GWHPDONL008475, GWHPDONL008504, GWHPDONL008505, GWHPDONL008506, GWHPDONL008571, GWHPDONL008610, GWHPDONL008772, GWHPDONL008773, GWHPDONL008946, GWHPDONL009340, GWHPDONL009649, GWHPDONL010038, GWHPDONL010744, GWHPDONL010989, GWHPDONL011819
OG0000037	Null	GWHPDONL005186, GWHPDONL008006, GWHPDONL008045, GWHPDONL008102, GWHPDONL008193, GWHPDONL008256, GWHPDONL008549, GWHPDONL008550, GWHPDONL008572, GWHPDONL008583, GWHPDONL008626, GWHPDONL008883, GWHPDONL008884, GWHPDONL008898, GWHPDONL010009, GWHPDONL010687, GWHPDONL010923, GWHPDONL010941, GWHPDONL011208, GWHPDONL011334, GWHPDONL011392, GWHPDONL011393, GWHPDONL011598, GWHPDONL011723, GWHPDONL011730, GWHPDONL011732, GWHPDONL011846, GWHPDONL013586, GWHPDONL013587
OG0000038	GWHPDONJ000056, GWHPDONJ000284, GWHPDONJ000288, GWHPDONJ000301, GWHPDONJ000456, GWHPDONJ000598, GWHPDONJ000731, GWHPDONJ000732, GWHPDONJ000800, GWHPDONJ000911, GWHPDONJ001114, GWHPDONJ001143, GWHPDONJ001157, GWHPDONJ001198, GWHPDONJ001280, GWHPDONJ001292, GWHPDONJ001343, GWHPDONJ001565, GWHPDONJ001658, GWHPDONJ001862, GWHPDONJ002136, GWHPDONJ002395, GWHPDONJ002596, GWHPDONJ002812, GWHPDONJ003334, GWHPDONJ003372, GWHPDONJ003430	
OG0000039	Null	GWHPDONL004502, GWHPDONL004916, GWHPDONL005471, GWHPDONL005558, GWHPDONL005631, GWHPDONL005692, GWHPDONL007088, GWHPDONL007428, GWHPDONL008117, GWHPDONL008222, GWHPDONL008265, GWHPDONL008632, GWHPDONL008658, GWHPDONL008716, GWHPDONL008887, GWHPDONL009024, GWHPDONL009317, GWHPDONL009800, GWHPDONL009851, GWHPDONL010127, GWHPDONL010177, GWHPDONL011337, GWHPDONL011338, GWHPDONL011893, GWHPDONL011894, GWHPDONL013774, GWHPDONL013797
OG0000040	GWHPDONJ001309, GWHPDONJ001394, GWHPDONJ001530, GWHPDONJ001632, GWHPDONJ001650, GWHPDONJ001770, GWHPDONJ001818, GWHPDONJ001902, GWHPDONJ001936, GWHPDONJ002171, GWHPDONJ002210, GWHPDONJ002231, GWHPDONJ002384, GWHPDONJ002457, GWHPDONJ002967, GWHPDONJ003305, GWHPDONJ003366, GWHPDONJ003475, GWHPDONJ003817, GWHPDONJ006727, GWHPDONJ007508, GWHPDONJ007888, GWHPDONJ008940, GWHPDONJ008944, GWHPDONJ008949, GWHPDONJ009465	
OG0000041	GWHPDONJ008802	GWHPDONL000128, GWHPDONL000129, GWHPDONL000130, GWHPDONL000215, GWHPDONL000219, GWHPDONL001772, GWHPDONL004166, GWHPDONL005235, GWHPDONL005236, GWHPDONL006832, GWHPDONL007429, GWHPDONL007483, GWHPDONL007523, GWHPDONL007758, GWHPDONL008474, GWHPDONL008478, GWHPDONL009454, GWHPDONL009875, GWHPDONL011247, GWHPDONL011543, GWHPDONL011636, GWHPDONL011637, GWHPDONL011914, GWHPDONL011917, GWHPDONL013885
OG0000042	GWHPDONJ000222, GWHPDONJ000443, GWHPDONJ000958, GWHPDONJ001014, GWHPDONJ001220, GWHPDONJ001401, GWHPDONJ001432, GWHPDONJ001503, GWHPDONJ001542, GWHPDONJ002192, GWHPDONJ002362, GWHPDONJ002564, GWHPDONJ002900, GWHPDONJ002919, GWHPDONJ002990, GWHPDONJ003001, GWHPDONJ003182, GWHPDONJ003230, GWHPDONJ003710, GWHPDONJ003756, GWHPDONJ005343, GWHPDONJ006738, GWHPDONJ007887, GWHPDONJ007965, GWHPDONJ008186	
OG0000043	Null	GWHPDONL000560, GWHPDONL001142, GWHPDONL004551, GWHPDONL004552, GWHPDONL004553, GWHPDONL005678, GWHPDONL005679, GWHPDONL006613, GWHPDONL006615, GWHPDONL006616, GWHPDONL007204, GWHPDONL007356, GWHPDONL008064, GWHPDONL008110, GWHPDONL008111, GWHPDONL008253, GWHPDONL008371, GWHPDONL008758, GWHPDONL008761, GWHPDONL009084, GWHPDONL009320, GWHPDONL010035, GWHPDONL011203, GWHPDONL011797
OG0000044	Null	GWHPDONL001203, GWHPDONL001730, GWHPDONL001846, GWHPDONL002078, GWHPDONL002992, GWHPDONL003480, GWHPDONL003743, GWHPDONL004192, GWHPDONL006400, GWHPDONL007312, GWHPDONL007599, GWHPDONL008311, GWHPDONL008327, GWHPDONL008416, GWHPDONL008618, GWHPDONL009126, GWHPDONL009244, GWHPDONL009348, GWHPDONL009489, GWHPDONL010539, GWHPDONL010614, GWHPDONL012765, GWHPDONL012949, GWHPDONL013378
OG0000045	GWHPDONJ000241, GWHPDONJ000400, GWHPDONJ000723, GWHPDONJ000737, GWHPDONJ001043, GWHPDONJ001171, GWHPDONJ001367, GWHPDONJ001414, GWHPDONJ001415, GWHPDONJ001423, GWHPDONJ001429, GWHPDONJ001480, GWHPDONJ001791, GWHPDONJ002106, GWHPDONJ002932, GWHPDONJ002968, GWHPDONJ003040, GWHPDONJ003127, GWHPDONJ003172, GWHPDONJ003206, GWHPDONJ003633, GWHPDONJ003667, GWHPDONJ003784	
OG0000046	GWHPDONJ000791, GWHPDONJ001046, GWHPDONJ001087, GWHPDONJ001304, GWHPDONJ001398, GWHPDONJ001508, GWHPDONJ001556, GWHPDONJ001662, GWHPDONJ001815, GWHPDONJ002108, GWHPDONJ002390, GWHPDONJ002787, GWHPDONJ002905, GWHPDONJ003081, GWHPDONJ003209, GWHPDONJ003224, GWHPDONJ003742, GWHPDONJ003782, GWHPDONJ003803, GWHPDONJ004502, GWHPDONJ006388, GWHPDONJ006990, GWHPDONJ009299	
OG0000047	GWHPDONJ003477, GWHPDONJ004190, GWHPDONJ007570, GWHPDONJ009580	GWHPDONL001924, GWHPDONL002280, GWHPDONL004017, GWHPDONL004892, GWHPDONL005121, GWHPDONL006411, GWHPDONL006915, GWHPDONL006916, GWHPDONL008675, GWHPDONL008819, GWHPDONL009099, GWHPDONL010827, GWHPDONL010828, GWHPDONL010829, GWHPDONL011144, GWHPDONL011385, GWHPDONL011386, GWHPDONL013888, GWHPDONL013889
OG0000048	Null	GWHPDONL000530, GWHPDONL001026, GWHPDONL002572, GWHPDONL003922, GWHPDONL006111, GWHPDONL006706, GWHPDONL006707, GWHPDONL006936, GWHPDONL007220, GWHPDONL008333, GWHPDONL009150, GWHPDONL009184, GWHPDONL009242, GWHPDONL009243, GWHPDONL009491, GWHPDONL010325, GWHPDONL010326, GWHPDONL011457, GWHPDONL011572, GWHPDONL011827, GWHPDONL013373, GWHPDONL013374, GWHPDONL013375
OG0000049	GWHPDONJ007620	GWHPDONL000437, GWHPDONL000605, GWHPDONL001399, GWHPDONL002199, GWHPDONL002665, GWHPDONL003509, GWHPDONL004652, GWHPDONL005462, GWHPDONL007172, GWHPDONL007173, GWHPDONL007174, GWHPDONL007175, GWHPDONL007361, GWHPDONL007727, GWHPDONL007896, GWHPDONL008012, GWHPDONL008862, GWHPDONL010015, GWHPDONL010172, GWHPDONL010173, GWHPDONL012698
OG0000050	Null	GWHPDONL001159, GWHPDONL002433, GWHPDONL002934, GWHPDONL005469, GWHPDONL005470, GWHPDONL006432, GWHPDONL006676, GWHPDONL006677, GWHPDONL007821, GWHPDONL007981, GWHPDONL008322, GWHPDONL008492, GWHPDONL008770, GWHPDONL008921, GWHPDONL009146, GWHPDONL009200, GWHPDONL009381, GWHPDONL009683, GWHPDONL009924, GWHPDONL012592, GWHPDONL013692, GWHPDONL013941
OG0000051	GWHPDONJ000058, GWHPDONJ000130, GWHPDONJ000388, GWHPDONJ000490, GWHPDONJ000648, GWHPDONJ000793, GWHPDONJ000929, GWHPDONJ001247, GWHPDONJ001371, GWHPDONJ001479, GWHPDONJ001654, GWHPDONJ001816, GWHPDONJ002029, GWHPDONJ002080, GWHPDONJ002083, GWHPDONJ002209, GWHPDONJ002396, GWHPDONJ002916, GWHPDONJ003586, GWHPDONJ003695, GWHPDONJ004501	
OG0000052	GWHPDONJ000097, GWHPDONJ000123, GWHPDONJ000296, GWHPDONJ000594, GWHPDONJ000840, GWHPDONJ001164, GWHPDONJ001454, GWHPDONJ001572, GWHPDONJ002200, GWHPDONJ002819, GWHPDONJ002845, GWHPDONJ002913, GWHPDONJ003708, GWHPDONJ004277, GWHPDONJ004496, GWHPDONJ005149, GWHPDONJ006898, GWHPDONJ008629, GWHPDONJ010554, GWHPDONJ010566, GWHPDONJ010795	
OG0000053	GWHPDONJ000188, GWHPDONJ000539, GWHPDONJ000622, GWHPDONJ000830, GWHPDONJ001059, GWHPDONJ001236, GWHPDONJ001298, GWHPDONJ001404, GWHPDONJ001699, GWHPDONJ002244, GWHPDONJ002463, GWHPDONJ002467, GWHPDONJ003481, GWHPDONJ003508, GWHPDONJ005871, GWHPDONJ007287, GWHPDONJ007297, GWHPDONJ008177, GWHPDONJ008697, GWHPDONJ009266, GWHPDONJ009484	
OG0000054	GWHPDONJ003066, GWHPDONJ003387	GWHPDONL005439, GWHPDONL005511, GWHPDONL005621, GWHPDONL006187, GWHPDONL006817, GWHPDONL007177, GWHPDONL007902, GWHPDONL008156, GWHPDONL009703, GWHPDONL009871, GWHPDONL010120, GWHPDONL010121, GWHPDONL011034, GWHPDONL011564, GWHPDONL011599, GWHPDONL011864, GWHPDONL012045, GWHPDONL012664, GWHPDONL014235
OG0000055	GWHPDONJ005702, GWHPDONJ009911	GWHPDONL000170, GWHPDONL000895, GWHPDONL001043, GWHPDONL001179, GWHPDONL003087, GWHPDONL004688, GWHPDONL004814, GWHPDONL006144, GWHPDONL006230, GWHPDONL006367, GWHPDONL007940, GWHPDONL009860, GWHPDONL010022, GWHPDONL010161, GWHPDONL010382, GWHPDONL010943, GWHPDONL011445, GWHPDONL012281, GWHPDONL013819
OG0000056	Null	GWHPDONL000335, GWHPDONL000681, GWHPDONL000685, GWHPDONL002455, GWHPDONL002456, GWHPDONL002457, GWHPDONL002609, GWHPDONL003856, GWHPDONL006127, GWHPDONL007480, GWHPDONL008219, GWHPDONL008232, GWHPDONL009141, GWHPDONL009572, GWHPDONL009573, GWHPDONL010789, GWHPDONL011019, GWHPDONL011217, GWHPDONL011998, GWHPDONL012330, GWHPDONL012941
OG0000057	GWHPDONJ000003, GWHPDONJ000204, GWHPDONJ000258, GWHPDONJ000593, GWHPDONJ000691, GWHPDONJ001418, GWHPDONJ001424, GWHPDONJ001609, GWHPDONJ001616, GWHPDONJ001798, GWHPDONJ001871, GWHPDONJ001903, GWHPDONJ002082, GWHPDONJ002449, GWHPDONJ002667, GWHPDONJ002803, GWHPDONJ002917, GWHPDONJ003072, GWHPDONJ003439, GWHPDONJ003637	
OG0000058	GWHPDONJ008649	GWHPDONL002494, GWHPDONL006208, GWHPDONL006711, GWHPDONL007122, GWHPDONL007478, GWHPDONL007544, GWHPDONL007812, GWHPDONL007813, GWHPDONL007946, GWHPDONL008002, GWHPDONL008038, GWHPDONL008113, GWHPDONL008220, GWHPDONL008258, GWHPDONL008551, GWHPDONL008796, GWHPDONL008911, GWHPDONL013827, GWHPDONL013828
OG0000059	GWHPDONJ000215, GWHPDONJ000605, GWHPDONJ000760, GWHPDONJ001100, GWHPDONJ001386, GWHPDONJ001636, GWHPDONJ002013, GWHPDONJ002046, GWHPDONJ002129, GWHPDONJ002880, GWHPDONJ002991, GWHPDONJ003208, GWHPDONJ003377, GWHPDONJ003601, GWHPDONJ005284, GWHPDONJ005367, GWHPDONJ006718, GWHPDONJ010925, GWHPDONJ010926	
OG0000060	GWHPDONJ000245, GWHPDONJ000471, GWHPDONJ000506, GWHPDONJ000616, GWHPDONJ001044, GWHPDONJ001151, GWHPDONJ001214, GWHPDONJ001250, GWHPDONJ001330, GWHPDONJ001541, GWHPDONJ001663, GWHPDONJ001678, GWHPDONJ001788, GWHPDONJ001898, GWHPDONJ002132, GWHPDONJ002921, GWHPDONJ003392, GWHPDONJ003445, GWHPDONJ004854	
OG0000061	GWHPDONJ004065	GWHPDONL004031, GWHPDONL004465, GWHPDONL005198, GWHPDONL005199, GWHPDONL005988, GWHPDONL006857, GWHPDONL009110, GWHPDONL009111, GWHPDONL009112, GWHPDONL009113, GWHPDONL009114, GWHPDONL009115, GWHPDONL010686, GWHPDONL013319, GWHPDONL013814, GWHPDONL013815, GWHPDONL014182, GWHPDONL014183
OG0000062	GWHPDONJ004829	GWHPDONL001427, GWHPDONL001468, GWHPDONL001469, GWHPDONL001470, GWHPDONL006125, GWHPDONL006527, GWHPDONL006671, GWHPDONL008000, GWHPDONL008106, GWHPDONL008603, GWHPDONL008826, GWHPDONL009177, GWHPDONL009224, GWHPDONL009276, GWHPDONL010300, GWHPDONL010655, GWHPDONL010656, GWHPDONL012510
OG0000063	Null	GWHPDONL000282, GWHPDONL001790, GWHPDONL003330, GWHPDONL003331, GWHPDONL003332, GWHPDONL003333, GWHPDONL003334, GWHPDONL003335, GWHPDONL003336, GWHPDONL003955, GWHPDONL003956, GWHPDONL004008, GWHPDONL004172, GWHPDONL005987, GWHPDONL009453, GWHPDONL011689, GWHPDONL012192, GWHPDONL013795
OG0000064	GWHPDONJ001253	GWHPDONL002377, GWHPDONL003813, GWHPDONL006316, GWHPDONL006708, GWHPDONL007430, GWHPDONL007473, GWHPDONL007899, GWHPDONL007990, GWHPDONL009124, GWHPDONL009463, GWHPDONL009497, GWHPDONL010321, GWHPDONL010461, GWHPDONL010462, GWHPDONL010538, GWHPDONL011064
OG0000065	GWHPDONJ004902	GWHPDONL000100, GWHPDONL004563, GWHPDONL005450, GWHPDONL007986, GWHPDONL010181, GWHPDONL011056, GWHPDONL011987, GWHPDONL011988, GWHPDONL011989, GWHPDONL011990, GWHPDONL011991, GWHPDONL012202, GWHPDONL012717, GWHPDONL014065, GWHPDONL014138, GWHPDONL014245
OG0000066	GWHPDONJ004973	GWHPDONL000302, GWHPDONL000303, GWHPDONL000304, GWHPDONL000766, GWHPDONL002640, GWHPDONL002942, GWHPDONL006141, GWHPDONL006830, GWHPDONL007753, GWHPDONL008199, GWHPDONL008706, GWHPDONL011787, GWHPDONL011788, GWHPDONL011789, GWHPDONL011856, GWHPDONL012051
OG0000067	GWHPDONJ000189, GWHPDONJ000431, GWHPDONJ000682, GWHPDONJ001022, GWHPDONJ001060, GWHPDONJ001179, GWHPDONJ001867, GWHPDONJ002041, GWHPDONJ002399, GWHPDONJ003324, GWHPDONJ003331, GWHPDONJ006180, GWHPDONJ008650, GWHPDONJ009564, GWHPDONJ009803, GWHPDONJ010551	
OG0000068	GWHPDONJ003934	GWHPDONL000711, GWHPDONL000712, GWHPDONL000713, GWHPDONL005841, GWHPDONL005842, GWHPDONL005843, GWHPDONL011177, GWHPDONL011178, GWHPDONL012057, GWHPDONL012058, GWHPDONL012059, GWHPDONL012201, GWHPDONL012652, GWHPDONL013851, GWHPDONL014147
OG0000069	GWHPDONJ004790, GWHPDONJ007429	GWHPDONL005134, GWHPDONL006448, GWHPDONL006484, GWHPDONL007393, GWHPDONL007394, GWHPDONL008651, GWHPDONL009066, GWHPDONL009212, GWHPDONL009373, GWHPDONL009462, GWHPDONL009932, GWHPDONL010259, GWHPDONL011169, GWHPDONL011610
OG0000070	GWHPDONJ010560	GWHPDONL000209, GWHPDONL001633, GWHPDONL002544, GWHPDONL002798, GWHPDONL004369, GWHPDONL005946, GWHPDONL006176, GWHPDONL007240, GWHPDONL008538, GWHPDONL008539, GWHPDONL008560, GWHPDONL009631, GWHPDONL009822, GWHPDONL009995, GWHPDONL010386
OG0000071	Null	GWHPDONL004383, GWHPDONL005389, GWHPDONL005390, GWHPDONL012106, GWHPDONL013112, GWHPDONL013182, GWHPDONL013634, GWHPDONL013635, GWHPDONL013636, GWHPDONL013637, GWHPDONL013638, GWHPDONL013639, GWHPDONL013640, GWHPDONL013641, GWHPDONL013642, GWHPDONL013643
OG0000072	GWHPDONJ004949	GWHPDONL001261, GWHPDONL003776, GWHPDONL006797, GWHPDONL006798, GWHPDONL006929, GWHPDONL006930, GWHPDONL008065, GWHPDONL008518, GWHPDONL008519, GWHPDONL010429, GWHPDONL010430, GWHPDONL011704, GWHPDONL012596, GWHPDONL013058
OG0000073	GWHPDONJ010125	GWHPDONL001823, GWHPDONL002174, GWHPDONL003425, GWHPDONL003528, GWHPDONL003529, GWHPDONL004475, GWHPDONL005175, GWHPDONL005475, GWHPDONL006026, GWHPDONL007453, GWHPDONL009238, GWHPDONL010418, GWHPDONL014119, GWHPDONL014225
OG0000074	GWHPDONJ000709, GWHPDONJ000743, GWHPDONJ000971, GWHPDONJ001497, GWHPDONJ001648, GWHPDONJ002373, GWHPDONJ002654, GWHPDONJ003134, GWHPDONJ003436, GWHPDONJ006330, GWHPDONJ007141, GWHPDONJ007969, GWHPDONJ008054, GWHPDONJ010815	
OG0000075	GWHPDONJ001257	GWHPDONL000405, GWHPDONL002579, GWHPDONL003716, GWHPDONL004671, GWHPDONL004862, GWHPDONL008470, GWHPDONL008607, GWHPDONL009737, GWHPDONL010369, GWHPDONL010767, GWHPDONL011306, GWHPDONL012877, GWHPDONL013846
OG0000076	GWHPDONJ004135, GWHPDONJ009045	GWHPDONL003267, GWHPDONL003268, GWHPDONL003269, GWHPDONL004158, GWHPDONL005360, GWHPDONL007723, GWHPDONL007801, GWHPDONL009513, GWHPDONL011428, GWHPDONL011584, GWHPDONL011585, GWHPDONL013009
OG0000077	GWHPDONJ005748	GWHPDONL001739, GWHPDONL002116, GWHPDONL004739, GWHPDONL005505, GWHPDONL006735, GWHPDONL007496, GWHPDONL008577, GWHPDONL009017, GWHPDONL010419, GWHPDONL011345, GWHPDONL011791, GWHPDONL011792, GWHPDONL014233
OG0000078	GWHPDONJ008297	GWHPDONL005479, GWHPDONL005660, GWHPDONL005661, GWHPDONL005666, GWHPDONL006601, GWHPDONL009269, GWHPDONL009370, GWHPDONL009535, GWHPDONL009581, GWHPDONL009944, GWHPDONL010400, GWHPDONL010401, GWHPDONL011257
OG0000079	Null	GWHPDONL000551, GWHPDONL001018, GWHPDONL001396, GWHPDONL002400, GWHPDONL003763, GWHPDONL004981, GWHPDONL005821, GWHPDONL005826, GWHPDONL006812, GWHPDONL007675, GWHPDONL007750, GWHPDONL008464, GWHPDONL009965, GWHPDONL012108
OG0000080	Null	GWHPDONL000809, GWHPDONL001835, GWHPDONL003388, GWHPDONL005229, GWHPDONL005230, GWHPDONL007614, GWHPDONL008160, GWHPDONL010066, GWHPDONL010201, GWHPDONL011037, GWHPDONL011839, GWHPDONL011840, GWHPDONL013113, GWHPDONL013712
OG0000081	GWHPDONJ000843, GWHPDONJ001013, GWHPDONJ001520, GWHPDONJ001943, GWHPDONJ001946, GWHPDONJ003161, GWHPDONJ004035, GWHPDONJ004284, GWHPDONJ004934, GWHPDONJ008274, GWHPDONJ008308, GWHPDONJ010616	GWHPDONL003794
OG0000082	GWHPDONJ001978, GWHPDONJ005030, GWHPDONJ009021	GWHPDONL004612, GWHPDONL005232, GWHPDONL006203, GWHPDONL007407, GWHPDONL007413, GWHPDONL007565, GWHPDONL007603, GWHPDONL008147, GWHPDONL008488, GWHPDONL012249
OG0000083	GWHPDONJ003940	GWHPDONL000811, GWHPDONL000812, GWHPDONL004842, GWHPDONL007802, GWHPDONL008489, GWHPDONL008604, GWHPDONL012978, GWHPDONL012979, GWHPDONL013264, GWHPDONL013559, GWHPDONL013561, GWHPDONL013562
OG0000084	GWHPDONJ005906	GWHPDONL000154, GWHPDONL008447, GWHPDONL010050, GWHPDONL010114, GWHPDONL010810, GWHPDONL010811, GWHPDONL010812, GWHPDONL010993, GWHPDONL013842, GWHPDONL013843, GWHPDONL013844, GWHPDONL013845
OG0000085	Null	GWHPDONL001392, GWHPDONL001560, GWHPDONL004962, GWHPDONL005507, GWHPDONL005508, GWHPDONL005819, GWHPDONL006023, GWHPDONL011967, GWHPDONL011968, GWHPDONL011969, GWHPDONL011970, GWHPDONL011971, GWHPDONL011972
OG0000086	Null	GWHPDONL005414, GWHPDONL007548, GWHPDONL008364, GWHPDONL008680, GWHPDONL009331, GWHPDONL009332, GWHPDONL009333, GWHPDONL009334, GWHPDONL009335, GWHPDONL009583, GWHPDONL011024, GWHPDONL012412, GWHPDONL012413
OG0000087	GWHPDONJ000265, GWHPDONJ000390, GWHPDONJ000483, GWHPDONJ001776, GWHPDONJ001780, GWHPDONJ001784, GWHPDONJ002085, GWHPDONJ003090, GWHPDONJ003094, GWHPDONJ003103, GWHPDONJ003659, GWHPDONJ003700	
OG0000088	GWHPDONJ000319, GWHPDONJ004775	GWHPDONL000884, GWHPDONL001360, GWHPDONL006320, GWHPDONL007466, GWHPDONL008288, GWHPDONL008829, GWHPDONL009602, GWHPDONL010106, GWHPDONL010626, GWHPDONL013940
OG0000089	GWHPDONJ000354, GWHPDONJ000922, GWHPDONJ001809, GWHPDONJ001956, GWHPDONJ003295, GWHPDONJ003509, GWHPDONJ004558, GWHPDONJ005072, GWHPDONJ005108, GWHPDONJ006273, GWHPDONJ006905, GWHPDONJ007323	
OG0000090	GWHPDONJ003862	GWHPDONL000111, GWHPDONL001894, GWHPDONL003043, GWHPDONL004844, GWHPDONL005463, GWHPDONL005586, GWHPDONL008627, GWHPDONL009125, GWHPDONL009266, GWHPDONL014181, GWHPDONL014190
OG0000091	GWHPDONJ005467, GWHPDONJ007308	GWHPDONL002388, GWHPDONL003417, GWHPDONL003511, GWHPDONL003513, GWHPDONL005098, GWHPDONL008606, GWHPDONL010367, GWHPDONL010859, GWHPDONL013651, GWHPDONL013699
OG0000092	GWHPDONJ005523, GWHPDONJ010063	GWHPDONL003953, GWHPDONL003954, GWHPDONL005832, GWHPDONL005833, GWHPDONL009833, GWHPDONL009882, GWHPDONL009883, GWHPDONL011307, GWHPDONL011308, GWHPDONL013410
OG0000093	GWHPDONJ006365, GWHPDONJ008521	GWHPDONL000961, GWHPDONL001509, GWHPDONL002761, GWHPDONL003122, GWHPDONL003466, GWHPDONL004946, GWHPDONL005831, GWHPDONL006068, GWHPDONL010026, GWHPDONL013300
OG0000094	GWHPDONJ007449	GWHPDONL000752, GWHPDONL001021, GWHPDONL001663, GWHPDONL002057, GWHPDONL002058, GWHPDONL005839, GWHPDONL006306, GWHPDONL011138, GWHPDONL011211, GWHPDONL011236, GWHPDONL012821
OG0000095	GWHPDONJ008906	GWHPDONL003152, GWHPDONL003153, GWHPDONL006317, GWHPDONL006318, GWHPDONL006825, GWHPDONL007807, GWHPDONL007808, GWHPDONL011026, GWHPDONL011027, GWHPDONL011028, GWHPDONL011550
OG0000096	GWHPDONJ009099	GWHPDONL000964, GWHPDONL004108, GWHPDONL004420, GWHPDONL005588, GWHPDONL007868, GWHPDONL011185, GWHPDONL011186, GWHPDONL011664, GWHPDONL012646, GWHPDONL012648, GWHPDONL012748
OG0000097	Null	GWHPDONL000261, GWHPDONL004641, GWHPDONL007385, GWHPDONL007386, GWHPDONL007387, GWHPDONL007388, GWHPDONL007771, GWHPDONL007891, GWHPDONL007950, GWHPDONL008128, GWHPDONL010572, GWHPDONL011857
OG0000098	GWHPDONJ000479, GWHPDONJ000629, GWHPDONJ001084, GWHPDONJ002345, GWHPDONJ002453, GWHPDONJ002956, GWHPDONJ003113, GWHPDONJ003350, GWHPDONJ003576, GWHPDONJ003781, GWHPDONJ010562	
OG0000099	GWHPDONJ000559, GWHPDONJ000866, GWHPDONJ001188, GWHPDONJ001345, GWHPDONJ001854, GWHPDONJ002814, GWHPDONJ006894, GWHPDONJ006916, GWHPDONJ007301, GWHPDONJ007630, GWHPDONJ008751	
OG0000100	GWHPDONJ001002, GWHPDONJ001096, GWHPDONJ001595, GWHPDONJ001777, GWHPDONJ002509, GWHPDONJ003233, GWHPDONJ004983, GWHPDONJ005597, GWHPDONJ009430, GWHPDONJ009887	GWHPDONL004473
OG0000101	GWHPDONJ005217	GWHPDONL000250, GWHPDONL001168, GWHPDONL002370, GWHPDONL004022, GWHPDONL004762, GWHPDONL005534, GWHPDONL005687, GWHPDONL005688, GWHPDONL008329, GWHPDONL009122
OG0000102	GWHPDONJ006003	GWHPDONL000355, GWHPDONL000515, GWHPDONL001726, GWHPDONL004781, GWHPDONL006693, GWHPDONL006813, GWHPDONL007492, GWHPDONL010279, GWHPDONL010562, GWHPDONL013151
OG0000103	GWHPDONJ006131	GWHPDONL001259, GWHPDONL004086, GWHPDONL004318, GWHPDONL007528, GWHPDONL007754, GWHPDONL008196, GWHPDONL008240, GWHPDONL008262, GWHPDONL009464, GWHPDONL011320
OG0000104	GWHPDONJ006891	GWHPDONL000603, GWHPDONL000912, GWHPDONL007160, GWHPDONL008009, GWHPDONL009107, GWHPDONL009108, GWHPDONL009145, GWHPDONL009452, GWHPDONL009996, GWHPDONL011407
OG0000105	GWHPDONJ006997	GWHPDONL002289, GWHPDONL003055, GWHPDONL003631, GWHPDONL003632, GWHPDONL005811, GWHPDONL007116, GWHPDONL008910, GWHPDONL010658, GWHPDONL011588, GWHPDONL012427
OG0000106	Null	GWHPDONL001006, GWHPDONL001984, GWHPDONL001985, GWHPDONL001986, GWHPDONL003150, GWHPDONL004886, GWHPDONL007415, GWHPDONL009569, GWHPDONL010576, GWHPDONL012549, GWHPDONL012551
OG0000107	Null	GWHPDONL002788, GWHPDONL002789, GWHPDONL002790, GWHPDONL003555, GWHPDONL007243, GWHPDONL007645, GWHPDONL008341, GWHPDONL008595, GWHPDONL009029, GWHPDONL011767, GWHPDONL011946
OG0000108	Null	GWHPDONL003282, GWHPDONL006021, GWHPDONL007526, GWHPDONL007987, GWHPDONL008216, GWHPDONL008418, GWHPDONL011078, GWHPDONL013026, GWHPDONL013722, GWHPDONL013723, GWHPDONL013724
OG0000109	GWHPDONJ000033, GWHPDONJ008058	GWHPDONL001970, GWHPDONL002157, GWHPDONL002963, GWHPDONL003339, GWHPDONL004245, GWHPDONL005118, GWHPDONL007438, GWHPDONL008659
OG0000110	GWHPDONJ000049, GWHPDONJ000112, GWHPDONJ000113, GWHPDONJ000429, GWHPDONJ000533, GWHPDONJ000896, GWHPDONJ006065, GWHPDONJ006118, GWHPDONJ007961, GWHPDONJ010435	
OG0000111	GWHPDONJ000144, GWHPDONJ001108, GWHPDONJ001716, GWHPDONJ001833, GWHPDONJ002346, GWHPDONJ003355, GWHPDONJ003489, GWHPDONJ003664, GWHPDONJ005101, GWHPDONJ010659	
OG0000112	GWHPDONJ000152, GWHPDONJ000231, GWHPDONJ000636, GWHPDONJ001392, GWHPDONJ001393, GWHPDONJ001790, GWHPDONJ002189, GWHPDONJ002224, GWHPDONJ002758, GWHPDONJ003733	
OG0000113	GWHPDONJ000398	GWHPDONL002412, GWHPDONL004632, GWHPDONL008291, GWHPDONL008783, GWHPDONL008784, GWHPDONL008860, GWHPDONL011849, GWHPDONL013100, GWHPDONL013994
OG0000114	GWHPDONJ002221, GWHPDONJ006845	GWHPDONL000846, GWHPDONL004373, GWHPDONL004374, GWHPDONL004375, GWHPDONL005322, GWHPDONL005323, GWHPDONL007030, GWHPDONL012775
OG0000115	GWHPDONJ006730	GWHPDONL002720, GWHPDONL002721, GWHPDONL002722, GWHPDONL002723, GWHPDONL002724, GWHPDONL002725, GWHPDONL002726, GWHPDONL007664, GWHPDONL009383
OG0000116	GWHPDONJ006822	GWHPDONL001564, GWHPDONL002883, GWHPDONL002884, GWHPDONL012594, GWHPDONL012595, GWHPDONL013041, GWHPDONL013042, GWHPDONL014166, GWHPDONL014205
OG0000117	GWHPDONJ007774	GWHPDONL000519, GWHPDONL001589, GWHPDONL001628, GWHPDONL001914, GWHPDONL002773, GWHPDONL005123, GWHPDONL005367, GWHPDONL006835, GWHPDONL013194
OG0000118	GWHPDONJ007843, GWHPDONJ008059	GWHPDONL002172, GWHPDONL005028, GWHPDONL006078, GWHPDONL006962, GWHPDONL009854, GWHPDONL010448, GWHPDONL013257, GWHPDONL013326
OG0000119	GWHPDONJ009558	GWHPDONL000422, GWHPDONL000706, GWHPDONL000707, GWHPDONL000708, GWHPDONL010232, GWHPDONL011216, GWHPDONL011453, GWHPDONL012093, GWHPDONL012529
OG0000120	GWHPDONJ009584	GWHPDONL000024, GWHPDONL000025, GWHPDONL000026, GWHPDONL007903, GWHPDONL008356, GWHPDONL008357, GWHPDONL008752, GWHPDONL010693, GWHPDONL011333
OG0000121	GWHPDONJ010239	GWHPDONL001136, GWHPDONL002047, GWHPDONL005656, GWHPDONL007081, GWHPDONL007615, GWHPDONL009915, GWHPDONL009916, GWHPDONL012942, GWHPDONL014127
OG0000122	GWHPDONJ010257	GWHPDONL001291, GWHPDONL001608, GWHPDONL005797, GWHPDONL007009, GWHPDONL007463, GWHPDONL010284, GWHPDONL011398, GWHPDONL011399, GWHPDONL012663
OG0000123	GWHPDONJ010903	GWHPDONL000155, GWHPDONL000156, GWHPDONL005587, GWHPDONL007762, GWHPDONL008721, GWHPDONL010085, GWHPDONL010684, GWHPDONL011816, GWHPDONL013217
OG0000124	Null	GWHPDONL000236, GWHPDONL000363, GWHPDONL001781, GWHPDONL001911, GWHPDONL006394, GWHPDONL007495, GWHPDONL007646, GWHPDONL008326, GWHPDONL010988, GWHPDONL012937
OG0000125	Null	GWHPDONL007280, GWHPDONL007699, GWHPDONL007886, GWHPDONL007949, GWHPDONL008365, GWHPDONL008366, GWHPDONL011655, GWHPDONL011656, GWHPDONL011711, GWHPDONL014103
OG0000126	GWHPDONJ000017, GWHPDONJ005137, GWHPDONJ009985	GWHPDONL000552, GWHPDONL001474, GWHPDONL002583, GWHPDONL005879, GWHPDONL007048, GWHPDONL009386
OG0000127	GWHPDONJ000118, GWHPDONJ000159, GWHPDONJ000292, GWHPDONJ001141, GWHPDONJ001146, GWHPDONJ001310, GWHPDONJ001705, GWHPDONJ002840, GWHPDONJ003555	
OG0000128	GWHPDONJ000413	GWHPDONL000943, GWHPDONL007005, GWHPDONL007709, GWHPDONL008415, GWHPDONL008874, GWHPDONL010855, GWHPDONL011520, GWHPDONL013159
OG0000129	GWHPDONJ000834	GWHPDONL003603, GWHPDONL004130, GWHPDONL004131, GWHPDONL004830, GWHPDONL009082, GWHPDONL010057, GWHPDONL010073, GWHPDONL011123
OG0000130	GWHPDONJ000998	GWHPDONL000488, GWHPDONL000844, GWHPDONL001930, GWHPDONL004184, GWHPDONL005208, GWHPDONL006190, GWHPDONL006909, GWHPDONL012088
OG0000131	GWHPDONJ001360, GWHPDONJ010073	GWHPDONL006442, GWHPDONL008717, GWHPDONL008847, GWHPDONL010788, GWHPDONL011685, GWHPDONL012349, GWHPDONL013202
OG0000132	GWHPDONJ001468	GWHPDONL000399, GWHPDONL005671, GWHPDONL005672, GWHPDONL005673, GWHPDONL005674, GWHPDONL009377, GWHPDONL009378, GWHPDONL009554
OG0000133	GWHPDONJ002367, GWHPDONJ002458, GWHPDONJ003142, GWHPDONJ003247, GWHPDONJ003624, GWHPDONJ003910, GWHPDONJ007460, GWHPDONJ008746	GWHPDONL008634
OG0000134	GWHPDONJ002411, GWHPDONJ010282	GWHPDONL002538, GWHPDONL005823, GWHPDONL007140, GWHPDONL007571, GWHPDONL008840, GWHPDONL009864, GWHPDONL011950
OG0000135	GWHPDONJ004055	GWHPDONL005217, GWHPDONL006942, GWHPDONL007436, GWHPDONL007437, GWHPDONL008268, GWHPDONL011013, GWHPDONL014202, GWHPDONL014203
OG0000136	GWHPDONJ004397	GWHPDONL000958, GWHPDONL001057, GWHPDONL002161, GWHPDONL002537, GWHPDONL004248, GWHPDONL005075, GWHPDONL007233, GWHPDONL008722
OG0000137	GWHPDONJ005440	GWHPDONL000922, GWHPDONL003573, GWHPDONL006973, GWHPDONL007772, GWHPDONL008563, GWHPDONL009088, GWHPDONL009089, GWHPDONL009451
OG0000138	GWHPDONJ005506	GWHPDONL000353, GWHPDONL000906, GWHPDONL001933, GWHPDONL003905, GWHPDONL003911, GWHPDONL003912, GWHPDONL003913, GWHPDONL005779
OG0000139	GWHPDONJ005512, GWHPDONJ010233	GWHPDONL001126, GWHPDONL002052, GWHPDONL002053, GWHPDONL005261, GWHPDONL006836, GWHPDONL008608, GWHPDONL009078
OG0000140	GWHPDONJ005787	GWHPDONL001416, GWHPDONL001844, GWHPDONL005090, GWHPDONL006590, GWHPDONL007218, GWHPDONL009226, GWHPDONL009290, GWHPDONL013048
OG0000141	GWHPDONJ007366	GWHPDONL002486, GWHPDONL002965, GWHPDONL004079, GWHPDONL005407, GWHPDONL006792, GWHPDONL008810, GWHPDONL012295, GWHPDONL013565
OG0000142	GWHPDONJ009635	GWHPDONL000019, GWHPDONL002589, GWHPDONL002590, GWHPDONL002591, GWHPDONL002592, GWHPDONL002593, GWHPDONL004139, GWHPDONL010319
OG0000143	GWHPDONJ010783	GWHPDONL003249, GWHPDONL007079, GWHPDONL007315, GWHPDONL009040, GWHPDONL009517, GWHPDONL013156, GWHPDONL013157, GWHPDONL013158
OG0000144	GWHPDONJ010865	GWHPDONL006312, GWHPDONL007786, GWHPDONL008112, GWHPDONL009202, GWHPDONL010425, GWHPDONL011018, GWHPDONL011481, GWHPDONL011926
OG0000145	Null	GWHPDONL000309, GWHPDONL002273, GWHPDONL002654, GWHPDONL005257, GWHPDONL006699, GWHPDONL008445, GWHPDONL009234, GWHPDONL010603, GWHPDONL011778
OG0000146	Null	GWHPDONL000406, GWHPDONL001860, GWHPDONL001861, GWHPDONL001862, GWHPDONL001863, GWHPDONL006717, GWHPDONL008059, GWHPDONL008930, GWHPDONL013976
OG0000147	Null	GWHPDONL000498, GWHPDONL002613, GWHPDONL003682, GWHPDONL006059, GWHPDONL006077, GWHPDONL007349, GWHPDONL011147, GWHPDONL012681, GWHPDONL013076
OG0000148	Null	GWHPDONL001295, GWHPDONL005378, GWHPDONL005379, GWHPDONL005380, GWHPDONL005804, GWHPDONL005805, GWHPDONL008961, GWHPDONL010814, GWHPDONL010815
OG0000149	Null	GWHPDONL001483, GWHPDONL006314, GWHPDONL008034, GWHPDONL008227, GWHPDONL008228, GWHPDONL008259, GWHPDONL009441, GWHPDONL009442, GWHPDONL011757
OG0000150	Null	GWHPDONL002301, GWHPDONL003688, GWHPDONL006980, GWHPDONL008186, GWHPDONL008576, GWHPDONL009366, GWHPDONL009816, GWHPDONL010143, GWHPDONL013679
OG0000151	Null	GWHPDONL005397, GWHPDONL005398, GWHPDONL005601, GWHPDONL005753, GWHPDONL005754, GWHPDONL006056, GWHPDONL007012, GWHPDONL013628, GWHPDONL013629
OG0000152	GWHPDONJ000001, GWHPDONJ000047, GWHPDONJ000073, GWHPDONJ000704, GWHPDONJ000706, GWHPDONJ002248, GWHPDONJ002847, GWHPDONJ003785	
OG0000153	GWHPDONJ000048, GWHPDONJ000529, GWHPDONJ000553, GWHPDONJ000991, GWHPDONJ002779, GWHPDONJ004449, GWHPDONJ008400, GWHPDONJ009295	
OG0000154	GWHPDONJ000207, GWHPDONJ007627	GWHPDONL000383, GWHPDONL001224, GWHPDONL003489, GWHPDONL007613, GWHPDONL009005, GWHPDONL010395
OG0000155	GWHPDONJ000338, GWHPDONJ001229, GWHPDONJ001769, GWHPDONJ002262, GWHPDONJ002922, GWHPDONJ003604, GWHPDONJ007532, GWHPDONJ010466	
OG0000156	GWHPDONJ001088, GWHPDONJ001090	GWHPDONL000248, GWHPDONL006113, GWHPDONL009421, GWHPDONL011264, GWHPDONL011265, GWHPDONL011442
OG0000157	GWHPDONJ001243, GWHPDONJ010131	GWHPDONL000758, GWHPDONL001703, GWHPDONL001704, GWHPDONL005435, GWHPDONL006121, GWHPDONL009566
OG0000158	GWHPDONJ001640, GWHPDONJ007459	GWHPDONL000795, GWHPDONL001024, GWHPDONL004913, GWHPDONL009155, GWHPDONL011915, GWHPDONL012742
OG0000159	GWHPDONJ002094	GWHPDONL000407, GWHPDONL004088, GWHPDONL004316, GWHPDONL005933, GWHPDONL005934, GWHPDONL010682, GWHPDONL012593
OG0000160	GWHPDONJ002640, GWHPDONJ008322	GWHPDONL005680, GWHPDONL008224, GWHPDONL009991, GWHPDONL011036, GWHPDONL011038, GWHPDONL011039
OG0000161	GWHPDONJ002870, GWHPDONJ008633, GWHPDONJ008634	GWHPDONL005791, GWHPDONL010010, GWHPDONL010011, GWHPDONL010012, GWHPDONL010013
OG0000162	GWHPDONJ003727, GWHPDONJ009300	GWHPDONL001792, GWHPDONL003762, GWHPDONL005709, GWHPDONL010841, GWHPDONL011380, GWHPDONL011905
OG0000163	GWHPDONJ004730, GWHPDONJ004834	GWHPDONL000012, GWHPDONL003967, GWHPDONL004788, GWHPDONL009249, GWHPDONL011701, GWHPDONL012769
OG0000164	GWHPDONJ004844, GWHPDONJ007457, GWHPDONJ007914	GWHPDONL002803, GWHPDONL002806, GWHPDONL003758, GWHPDONL004292, GWHPDONL013949
OG0000165	GWHPDONJ005158	GWHPDONL000904, GWHPDONL005089, GWHPDONL005094, GWHPDONL005096, GWHPDONL005097, GWHPDONL008321, GWHPDONL009874
OG0000166	GWHPDONJ005266	GWHPDONL000442, GWHPDONL003494, GWHPDONL004759, GWHPDONL005442, GWHPDONL006288, GWHPDONL008526, GWHPDONL013566
OG0000167	GWHPDONJ005392	GWHPDONL006912, GWHPDONL007578, GWHPDONL009175, GWHPDONL010428, GWHPDONL012365, GWHPDONL012970, GWHPDONL012971
OG0000168	GWHPDONJ005968	GWHPDONL003241, GWHPDONL004167, GWHPDONL010221, GWHPDONL011463, GWHPDONL011974, GWHPDONL013250, GWHPDONL013918
OG0000169	GWHPDONJ006112	GWHPDONL001923, GWHPDONL003421, GWHPDONL004649, GWHPDONL006402, GWHPDONL008362, GWHPDONL009949, GWHPDONL011888
OG0000170	GWHPDONJ006113	GWHPDONL006280, GWHPDONL006485, GWHPDONL010457, GWHPDONL011362, GWHPDONL011363, GWHPDONL011544, GWHPDONL012494
OG0000171	GWHPDONJ006147	GWHPDONL000243, GWHPDONL001125, GWHPDONL004023, GWHPDONL004063, GWHPDONL004315, GWHPDONL008927, GWHPDONL010061
OG0000172	GWHPDONJ006467	GWHPDONL000562, GWHPDONL000564, GWHPDONL001326, GWHPDONL005845, GWHPDONL010494, GWHPDONL011112, GWHPDONL011593
OG0000173	GWHPDONJ006819, GWHPDONJ006820	GWHPDONL003723, GWHPDONL007369, GWHPDONL007371, GWHPDONL008098, GWHPDONL008239, GWHPDONL009797
OG0000174	GWHPDONJ006848	GWHPDONL000508, GWHPDONL000841, GWHPDONL003636, GWHPDONL005993, GWHPDONL006889, GWHPDONL008442, GWHPDONL010465
OG0000175	GWHPDONJ006917, GWHPDONJ010449	GWHPDONL000320, GWHPDONL001714, GWHPDONL004711, GWHPDONL007878, GWHPDONL011742, GWHPDONL013874
OG0000176	GWHPDONJ007634	GWHPDONL000506, GWHPDONL000549, GWHPDONL002251, GWHPDONL003708, GWHPDONL006270, GWHPDONL006438, GWHPDONL010945
OG0000177	GWHPDONJ008358	GWHPDONL001559, GWHPDONL001874, GWHPDONL003927, GWHPDONL005303, GWHPDONL006419, GWHPDONL010207, GWHPDONL011327
OG0000178	GWHPDONJ008718, GWHPDONJ010454	GWHPDONL002699, GWHPDONL002869, GWHPDONL009696, GWHPDONL010560, GWHPDONL012480, GWHPDONL012806
OG0000179	GWHPDONJ008747	GWHPDONL000351, GWHPDONL002319, GWHPDONL002320, GWHPDONL003697, GWHPDONL006313, GWHPDONL011168, GWHPDONL011933
OG0000180	GWHPDONJ008866	GWHPDONL003750, GWHPDONL007757, GWHPDONL010733, GWHPDONL011900, GWHPDONL011901, GWHPDONL011948, GWHPDONL012021
OG0000181	GWHPDONJ010359	GWHPDONL001387, GWHPDONL002043, GWHPDONL007310, GWHPDONL008729, GWHPDONL008965, GWHPDONL009725, GWHPDONL011234
OG0000182	Null	GWHPDONL000014, GWHPDONL006167, GWHPDONL006392, GWHPDONL007683, GWHPDONL008494, GWHPDONL008797, GWHPDONL008944, GWHPDONL010254
OG0000183	Null	GWHPDONL000157, GWHPDONL000529, GWHPDONL010189, GWHPDONL011667, GWHPDONL011668, GWHPDONL013556, GWHPDONL013557, GWHPDONL013558
OG0000184	Null	GWHPDONL001060, GWHPDONL001495, GWHPDONL004941, GWHPDONL007625, GWHPDONL008701, GWHPDONL008933, GWHPDONL012897, GWHPDONL014115
OG0000185	Null	GWHPDONL002044, GWHPDONL004322, GWHPDONL005225, GWHPDONL006549, GWHPDONL010685, GWHPDONL010697, GWHPDONL011532, GWHPDONL011728
OG0000186	Null	GWHPDONL002141, GWHPDONL004301, GWHPDONL007249, GWHPDONL007580, GWHPDONL008536, GWHPDONL008537, GWHPDONL008582, GWHPDONL008640
OG0000187	Null	GWHPDONL004821, GWHPDONL006396, GWHPDONL006397, GWHPDONL006398, GWHPDONL006513, GWHPDONL012950, GWHPDONL012951, GWHPDONL013588
OG0000188	Null	GWHPDONL005538, GWHPDONL007948, GWHPDONL008067, GWHPDONL008368, GWHPDONL008419, GWHPDONL008653, GWHPDONL009012, GWHPDONL013072
OG0000189	Null	GWHPDONL007100, GWHPDONL007101, GWHPDONL007102, GWHPDONL007103, GWHPDONL007104, GWHPDONL010304, GWHPDONL012443, GWHPDONL012444
OG0000190	GWHPDONJ000178, GWHPDONJ001731, GWHPDONJ001733, GWHPDONJ004557, GWHPDONJ004876, GWHPDONJ006549, GWHPDONJ009248	
OG0000191	GWHPDONJ000181, GWHPDONJ000441, GWHPDONJ000696, GWHPDONJ001433, GWHPDONJ001459, GWHPDONJ001498, GWHPDONJ003696	
OG0000192	GWHPDONJ000234, GWHPDONJ008689	GWHPDONL000565, GWHPDONL004747, GWHPDONL005025, GWHPDONL005594, GWHPDONL009853
OG0000193	GWHPDONJ000283, GWHPDONJ000612, GWHPDONJ000975, GWHPDONJ001098, GWHPDONJ001200, GWHPDONJ003013	GWHPDONL010096
OG0000194	GWHPDONJ000369, GWHPDONJ002577	GWHPDONL001266, GWHPDONL004114, GWHPDONL004429, GWHPDONL007080, GWHPDONL011268
OG0000195	GWHPDONJ000402, GWHPDONJ000692, GWHPDONJ000908, GWHPDONJ000977, GWHPDONJ001725, GWHPDONJ003010	GWHPDONL009067
OG0000196	GWHPDONJ000641, GWHPDONJ001234, GWHPDONJ001533, GWHPDONJ001564, GWHPDONJ001958, GWHPDONJ002157, GWHPDONJ009317	
OG0000197	GWHPDONJ001081, GWHPDONJ001202, GWHPDONJ001532, GWHPDONJ001537, GWHPDONJ002363, GWHPDONJ007881, GWHPDONJ007882	
OG0000198	GWHPDONJ001730	GWHPDONL003433, GWHPDONL004241, GWHPDONL006649, GWHPDONL007626, GWHPDONL011606, GWHPDONL014178
OG0000199	GWHPDONJ002783, GWHPDONJ006286, GWHPDONJ007462	GWHPDONL004261, GWHPDONL007520, GWHPDONL009083, GWHPDONL013676
OG0000200	GWHPDONJ003585, GWHPDONJ007900	GWHPDONL003587, GWHPDONL003594, GWHPDONL003689, GWHPDONL006741, GWHPDONL011861
OG0000201	GWHPDONJ003651	GWHPDONL005033, GWHPDONL005034, GWHPDONL005035, GWHPDONL011913, GWHPDONL012915, GWHPDONL013255
OG0000202	GWHPDONJ003836	GWHPDONL000721, GWHPDONL000726, GWHPDONL002117, GWHPDONL002533, GWHPDONL012100, GWHPDONL013791
OG0000203	GWHPDONJ003905	GWHPDONL000047, GWHPDONL004782, GWHPDONL004803, GWHPDONL006405, GWHPDONL008033, GWHPDONL012266
OG0000204	GWHPDONJ003925, GWHPDONJ008846, GWHPDONJ010589	GWHPDONL000619, GWHPDONL000785, GWHPDONL002391, GWHPDONL012386
OG0000205	GWHPDONJ003953	GWHPDONL000404, GWHPDONL000709, GWHPDONL006782, GWHPDONL013363, GWHPDONL013364, GWHPDONL013365
OG0000206	GWHPDONJ004427, GWHPDONJ008624	GWHPDONL007334, GWHPDONL007335, GWHPDONL007337, GWHPDONL007338, GWHPDONL011760
OG0000207	GWHPDONJ005435	GWHPDONL000011, GWHPDONL000116, GWHPDONL001299, GWHPDONL001919, GWHPDONL009279, GWHPDONL010373
OG0000208	GWHPDONJ005546, GWHPDONJ007788	GWHPDONL004758, GWHPDONL004761, GWHPDONL005047, GWHPDONL008131, GWHPDONL011346
OG0000209	GWHPDONJ005861	GWHPDONL001181, GWHPDONL004738, GWHPDONL009032, GWHPDONL010534, GWHPDONL010575, GWHPDONL011431
OG0000210	GWHPDONJ005936	GWHPDONL001269, GWHPDONL002307, GWHPDONL006004, GWHPDONL010086, GWHPDONL013224, GWHPDONL013802
OG0000211	GWHPDONJ005975	GWHPDONL000373, GWHPDONL001587, GWHPDONL002168, GWHPDONL004050, GWHPDONL006290, GWHPDONL010501
OG0000212	GWHPDONJ006205, GWHPDONJ006983, GWHPDONJ010748	GWHPDONL001889, GWHPDONL003855, GWHPDONL005615, GWHPDONL006724
OG0000213	GWHPDONJ006310	GWHPDONL000614, GWHPDONL000730, GWHPDONL001152, GWHPDONL002787, GWHPDONL006947, GWHPDONL009189
OG0000214	GWHPDONJ006494	GWHPDONL001087, GWHPDONL001973, GWHPDONL001974, GWHPDONL001975, GWHPDONL009167, GWHPDONL012766
OG0000215	GWHPDONJ006553	GWHPDONL001188, GWHPDONL007856, GWHPDONL008710, GWHPDONL012713, GWHPDONL013191, GWHPDONL013192
OG0000216	GWHPDONJ006679	GWHPDONL003276, GWHPDONL008197, GWHPDONL009178, GWHPDONL010633, GWHPDONL011720, GWHPDONL012433
OG0000217	GWHPDONJ007027	GWHPDONL004452, GWHPDONL005499, GWHPDONL005628, GWHPDONL007747, GWHPDONL013522, GWHPDONL013878
OG0000218	GWHPDONJ007204, GWHPDONJ007454	GWHPDONL001345, GWHPDONL002169, GWHPDONL002750, GWHPDONL004257, GWHPDONL005111
OG0000219	GWHPDONJ007250	GWHPDONL001320, GWHPDONL001388, GWHPDONL001523, GWHPDONL005289, GWHPDONL006686, GWHPDONL008317
OG0000220	GWHPDONJ008406	GWHPDONL001574, GWHPDONL006982, GWHPDONL007427, GWHPDONL009835, GWHPDONL010203, GWHPDONL010219
OG0000221	GWHPDONJ008913	GWHPDONL008162, GWHPDONL009601, GWHPDONL011252, GWHPDONL011253, GWHPDONL011295, GWHPDONL011296
OG0000222	GWHPDONJ009321	GWHPDONL001762, GWHPDONL002326, GWHPDONL003426, GWHPDONL009574, GWHPDONL013200, GWHPDONL013464
OG0000223	GWHPDONJ009474	GWHPDONL002872, GWHPDONL004722, GWHPDONL007697, GWHPDONL008011, GWHPDONL008845, GWHPDONL009358
OG0000224	GWHPDONJ009577	GWHPDONL002135, GWHPDONL003132, GWHPDONL004659, GWHPDONL007307, GWHPDONL010268, GWHPDONL010644
OG0000225	GWHPDONJ009621	GWHPDONL001227, GWHPDONL004642, GWHPDONL008016, GWHPDONL012025, GWHPDONL012036, GWHPDONL012169
OG0000226	GWHPDONJ009796	GWHPDONL002820, GWHPDONL004799, GWHPDONL009211, GWHPDONL009767, GWHPDONL013000, GWHPDONL014131
OG0000227	GWHPDONJ010080	GWHPDONL003211, GWHPDONL005564, GWHPDONL008734, GWHPDONL013061, GWHPDONL013171, GWHPDONL014073
OG0000228	GWHPDONJ010132	GWHPDONL000757, GWHPDONL006407, GWHPDONL010625, GWHPDONL011707, GWHPDONL012411, GWHPDONL012542
OG0000229	GWHPDONJ010358	GWHPDONL002390, GWHPDONL003287, GWHPDONL005902, GWHPDONL005903, GWHPDONL013031, GWHPDONL013292
OG0000230	GWHPDONJ010417	GWHPDONL002465, GWHPDONL002467, GWHPDONL002468, GWHPDONL006840, GWHPDONL006841, GWHPDONL008367
OG0000231	Null	GWHPDONL000269, GWHPDONL005237, GWHPDONL006262, GWHPDONL008807, GWHPDONL010357, GWHPDONL010358, GWHPDONL010359
OG0000232	Null	GWHPDONL000615, GWHPDONL005493, GWHPDONL006256, GWHPDONL010364, GWHPDONL012484, GWHPDONL013278, GWHPDONL013601
OG0000233	Null	GWHPDONL000725, GWHPDONL001206, GWHPDONL002415, GWHPDONL003577, GWHPDONL009681, GWHPDONL013330, GWHPDONL013463
OG0000234	Null	GWHPDONL001594, GWHPDONL001662, GWHPDONL006108, GWHPDONL006109, GWHPDONL007978, GWHPDONL008813, GWHPDONL012864
OG0000235	Null	GWHPDONL001785, GWHPDONL001786, GWHPDONL005495, GWHPDONL006738, GWHPDONL008707, GWHPDONL010787, GWHPDONL014229
OG0000236	Null	GWHPDONL002192, GWHPDONL008392, GWHPDONL009598, GWHPDONL010037, GWHPDONL010840, GWHPDONL011249, GWHPDONL014046
OG0000237	Null	GWHPDONL002988, GWHPDONL008037, GWHPDONL008060, GWHPDONL008292, GWHPDONL009365, GWHPDONL011409, GWHPDONL011410
OG0000238	Null	GWHPDONL003536, GWHPDONL003643, GWHPDONL003644, GWHPDONL006897, GWHPDONL006903, GWHPDONL006904, GWHPDONL009270
OG0000239	Null	GWHPDONL003929, GWHPDONL003974, GWHPDONL003975, GWHPDONL003976, GWHPDONL008293, GWHPDONL009435, GWHPDONL013014
OG0000240	Null	GWHPDONL004290, GWHPDONL005020, GWHPDONL011387, GWHPDONL011388, GWHPDONL011389, GWHPDONL011390, GWHPDONL011899
OG0000241	Null	GWHPDONL004554, GWHPDONL005645, GWHPDONL012233, GWHPDONL012242, GWHPDONL012323, GWHPDONL013027, GWHPDONL013069
OG0000242	Null	GWHPDONL008172, GWHPDONL008173, GWHPDONL008175, GWHPDONL008176, GWHPDONL008177, GWHPDONL008178, GWHPDONL010964
OG0000243	Null	GWHPDONL009578, GWHPDONL010745, GWHPDONL011485, GWHPDONL011486, GWHPDONL011616, GWHPDONL013420, GWHPDONL013421
OG0000244	GWHPDONJ000126, GWHPDONJ000186	GWHPDONL000153, GWHPDONL005468, GWHPDONL010511, GWHPDONL013858
OG0000245	GWHPDONJ000153, GWHPDONJ000164, GWHPDONJ000652, GWHPDONJ000695, GWHPDONJ001332, GWHPDONJ008950	
OG0000246	GWHPDONJ000287, GWHPDONJ000639, GWHPDONJ000982, GWHPDONJ000983, GWHPDONJ005345, GWHPDONJ008885	
OG0000247	GWHPDONJ000317, GWHPDONJ002159, GWHPDONJ002160, GWHPDONJ002879, GWHPDONJ003363, GWHPDONJ008084	
OG0000248	GWHPDONJ000656, GWHPDONJ000684, GWHPDONJ000876, GWHPDONJ006584, GWHPDONJ008176, GWHPDONJ010888	
OG0000249	GWHPDONJ000659, GWHPDONJ009078	GWHPDONL004522, GWHPDONL005214, GWHPDONL011817, GWHPDONL012474
OG0000250	GWHPDONJ000719, GWHPDONJ003738, GWHPDONJ004662, GWHPDONJ006977, GWHPDONJ007110	GWHPDONL010634
OG0000251	GWHPDONJ000764, GWHPDONJ001870, GWHPDONJ001897, GWHPDONJ002079, GWHPDONJ003821, GWHPDONJ007889	
OG0000252	GWHPDONJ000864	GWHPDONL001339, GWHPDONL002743, GWHPDONL003969, GWHPDONL012167, GWHPDONL013787
OG0000253	GWHPDONJ000903, GWHPDONJ002403, GWHPDONJ002541, GWHPDONJ002914, GWHPDONJ003401, GWHPDONJ003715	
OG0000254	GWHPDONJ000948, GWHPDONJ001038, GWHPDONJ003130, GWHPDONJ003354, GWHPDONJ004970, GWHPDONJ008478	
OG0000255	GWHPDONJ000965, GWHPDONJ001887, GWHPDONJ003748, GWHPDONJ003752, GWHPDONJ003812, GWHPDONJ005341	
OG0000256	GWHPDONJ000978, GWHPDONJ001766, GWHPDONJ001873, GWHPDONJ001967, GWHPDONJ002529, GWHPDONJ003011	
OG0000257	GWHPDONJ000986, GWHPDONJ001189, GWHPDONJ001237, GWHPDONJ001302, GWHPDONJ001977, GWHPDONJ001991	
OG0000258	GWHPDONJ001344, GWHPDONJ001365, GWHPDONJ002370	GWHPDONL000332, GWHPDONL001547, GWHPDONL003297
OG0000259	GWHPDONJ001457	GWHPDONL001440, GWHPDONL006102, GWHPDONL007811, GWHPDONL008621, GWHPDONL013900
OG0000260	GWHPDONJ001546	GWHPDONL000289, GWHPDONL000862, GWHPDONL008324, GWHPDONL009730, GWHPDONL011458
OG0000261	GWHPDONJ001567	GWHPDONL000361, GWHPDONL004920, GWHPDONL005161, GWHPDONL007761, GWHPDONL009680
OG0000262	GWHPDONJ001779, GWHPDONJ006165	GWHPDONL000370, GWHPDONL000371, GWHPDONL000372, GWHPDONL003732
OG0000263	GWHPDONJ001819, GWHPDONJ006193	GWHPDONL002559, GWHPDONL009450, GWHPDONL013715, GWHPDONL013716
OG0000264	GWHPDONJ001826	GWHPDONL002962, GWHPDONL003958, GWHPDONL006365, GWHPDONL009287, GWHPDONL010402
OG0000265	GWHPDONJ002259, GWHPDONJ002298, GWHPDONJ004178, GWHPDONJ009991, GWHPDONJ010923	GWHPDONL011358
OG0000266	GWHPDONJ002432	GWHPDONL001940, GWHPDONL005494, GWHPDONL009147, GWHPDONL010858, GWHPDONL012672
OG0000267	GWHPDONJ002472, GWHPDONJ006314, GWHPDONJ010580	GWHPDONL006974, GWHPDONL010081, GWHPDONL010193
OG0000268	GWHPDONJ002508, GWHPDONJ005714, GWHPDONJ007175, GWHPDONJ008010	GWHPDONL001177, GWHPDONL002361
OG0000269	GWHPDONJ002570, GWHPDONJ003294	GWHPDONL002411, GWHPDONL005109, GWHPDONL008485, GWHPDONL011850
OG0000270	GWHPDONJ002620, GWHPDONJ005062	GWHPDONL000496, GWHPDONL005080, GWHPDONL006714, GWHPDONL013745
OG0000271	GWHPDONJ002623, GWHPDONJ005438, GWHPDONJ009052, GWHPDONJ009053, GWHPDONJ009054, GWHPDONJ010669	
OG0000272	GWHPDONJ002726	GWHPDONL003530, GWHPDONL003531, GWHPDONL004462, GWHPDONL004463, GWHPDONL010042
OG0000273	GWHPDONJ003965	GWHPDONL003881, GWHPDONL004623, GWHPDONL005713, GWHPDONL005714, GWHPDONL012815
OG0000274	GWHPDONJ003971, GWHPDONJ005669, GWHPDONJ007451, GWHPDONJ008288, GWHPDONJ009310, GWHPDONJ009761	
OG0000275	GWHPDONJ004071, GWHPDONJ009424	GWHPDONL003117, GWHPDONL004857, GWHPDONL010083, GWHPDONL012737
OG0000276	GWHPDONJ004076, GWHPDONJ009184	GWHPDONL002641, GWHPDONL007711, GWHPDONL011563, GWHPDONL012189
OG0000277	GWHPDONJ004157, GWHPDONJ005473	GWHPDONL004599, GWHPDONL012168, GWHPDONL012198, GWHPDONL012666
OG0000278	GWHPDONJ004336	GWHPDONL004487, GWHPDONL005928, GWHPDONL010075, GWHPDONL011951, GWHPDONL012400
OG0000279	GWHPDONJ004347	GWHPDONL000244, GWHPDONL000433, GWHPDONL004686, GWHPDONL005544, GWHPDONL012699
OG0000280	GWHPDONJ004811, GWHPDONJ010678	GWHPDONL001116, GWHPDONL001640, GWHPDONL006575, GWHPDONL006626
OG0000281	GWHPDONJ004924	GWHPDONL008267, GWHPDONL008989, GWHPDONL009811, GWHPDONL009812, GWHPDONL013116
OG0000282	GWHPDONJ004991	GWHPDONL001960, GWHPDONL005018, GWHPDONL008808, GWHPDONL009625, GWHPDONL010717
OG0000283	GWHPDONJ005004	GWHPDONL002130, GWHPDONL003544, GWHPDONL005568, GWHPDONL006202, GWHPDONL012351
OG0000284	GWHPDONJ005057	GWHPDONL001674, GWHPDONL004071, GWHPDONL004267, GWHPDONL011623, GWHPDONL011642
OG0000285	GWHPDONJ005837, GWHPDONJ006257	GWHPDONL001817, GWHPDONL005001, GWHPDONL012984, GWHPDONL013457
OG0000286	GWHPDONJ005892, GWHPDONJ006271	GWHPDONL005027, GWHPDONL006218, GWHPDONL009460, GWHPDONL013259
OG0000287	GWHPDONJ006111	GWHPDONL000669, GWHPDONL000670, GWHPDONL000671, GWHPDONL000672, GWHPDONL003261
OG0000288	GWHPDONJ006127	GWHPDONL005151, GWHPDONL011313, GWHPDONL013134, GWHPDONL013145, GWHPDONL013360
OG0000289	GWHPDONJ006159	GWHPDONL001615, GWHPDONL001616, GWHPDONL003045, GWHPDONL004789, GWHPDONL010212
OG0000290	GWHPDONJ006194	GWHPDONL000887, GWHPDONL000888, GWHPDONL000889, GWHPDONL004867, GWHPDONL006494
OG0000291	GWHPDONJ006350	GWHPDONL005059, GWHPDONL008135, GWHPDONL011395, GWHPDONL013107, GWHPDONL013320
OG0000292	GWHPDONJ006437	GWHPDONL000579, GWHPDONL010762, GWHPDONL011199, GWHPDONL011396, GWHPDONL011397
OG0000293	GWHPDONJ006866	GWHPDONL000582, GWHPDONL002829, GWHPDONL011124, GWHPDONL012843, GWHPDONL014148
OG0000294	GWHPDONJ006979	GWHPDONL001562, GWHPDONL001872, GWHPDONL002612, GWHPDONL002895, GWHPDONL004485
OG0000295	GWHPDONJ007048	GWHPDONL001272, GWHPDONL001501, GWHPDONL003349, GWHPDONL012158, GWHPDONL012159
OG0000296	GWHPDONJ007190, GWHPDONJ008575	GWHPDONL003177, GWHPDONL003593, GWHPDONL005290, GWHPDONL008566
OG0000297	GWHPDONJ007216	GWHPDONL002540, GWHPDONL007192, GWHPDONL007229, GWHPDONL007710, GWHPDONL009653
OG0000298	GWHPDONJ007365	GWHPDONL002190, GWHPDONL004618, GWHPDONL005566, GWHPDONL005711, GWHPDONL014151
OG0000299	GWHPDONJ007542, GWHPDONJ010544	GWHPDONL002254, GWHPDONL011912, GWHPDONL012975, GWHPDONL013049
OG0000300	GWHPDONJ007610	GWHPDONL002020, GWHPDONL002429, GWHPDONL003724, GWHPDONL006802, GWHPDONL011997
OG0000301	GWHPDONJ007649, GWHPDONJ007650	GWHPDONL010049, GWHPDONL012160, GWHPDONL012161, GWHPDONL012162
OG0000302	GWHPDONJ007847	GWHPDONL001784, GWHPDONL001800, GWHPDONL004068, GWHPDONL004069, GWHPDONL007586
OG0000303	GWHPDONJ008138, GWHPDONJ009517	GWHPDONL005405, GWHPDONL010597, GWHPDONL012598, GWHPDONL012599
OG0000304	GWHPDONJ008403	GWHPDONL000698, GWHPDONL001591, GWHPDONL005492, GWHPDONL006107, GWHPDONL008479
OG0000305	GWHPDONJ008794, GWHPDONJ010276	GWHPDONL000602, GWHPDONL000739, GWHPDONL005535, GWHPDONL008605
OG0000306	GWHPDONJ008843	GWHPDONL001023, GWHPDONL007931, GWHPDONL010064, GWHPDONL011135, GWHPDONL012886
OG0000307	GWHPDONJ008879, GWHPDONJ010576, GWHPDONJ010577	GWHPDONL007510, GWHPDONL007713, GWHPDONL013824
OG0000308	GWHPDONJ009394	GWHPDONL003431, GWHPDONL005251, GWHPDONL005348, GWHPDONL008179, GWHPDONL013127
OG0000309	GWHPDONJ009421	GWHPDONL000929, GWHPDONL002167, GWHPDONL006498, GWHPDONL008402, GWHPDONL013512
OG0000310	GWHPDONJ009602	GWHPDONL005540, GWHPDONL006783, GWHPDONL007163, GWHPDONL011009, GWHPDONL011010
OG0000311	GWHPDONJ009655	GWHPDONL001294, GWHPDONL007139, GWHPDONL008952, GWHPDONL009732, GWHPDONL013630
OG0000312	GWHPDONJ009762	GWHPDONL008804, GWHPDONL010055, GWHPDONL010056, GWHPDONL012010, GWHPDONL013279
OG0000313	GWHPDONJ009814	GWHPDONL005164, GWHPDONL006199, GWHPDONL012269, GWHPDONL013183, GWHPDONL013228
OG0000314	GWHPDONJ009904	GWHPDONL003344, GWHPDONL003345, GWHPDONL008646, GWHPDONL008998, GWHPDONL010182
OG0000315	GWHPDONJ009920	GWHPDONL002159, GWHPDONL002807, GWHPDONL002808, GWHPDONL002809, GWHPDONL004661
OG0000316	GWHPDONJ010128	GWHPDONL003298, GWHPDONL011044, GWHPDONL011045, GWHPDONL012397, GWHPDONL013974
OG0000317	GWHPDONJ010476	GWHPDONL005916, GWHPDONL005917, GWHPDONL008600, GWHPDONL008763, GWHPDONL013973
OG0000318	GWHPDONJ010674	GWHPDONL002302, GWHPDONL003623, GWHPDONL005752, GWHPDONL007925, GWHPDONL013220
OG0000319	Null	GWHPDONL000036, GWHPDONL000056, GWHPDONL007330, GWHPDONL010544, GWHPDONL010545, GWHPDONL011562
OG0000320	Null	GWHPDONL000270, GWHPDONL001379, GWHPDONL009637, GWHPDONL010692, GWHPDONL012597, GWHPDONL014060
OG0000321	Null	GWHPDONL000624, GWHPDONL003427, GWHPDONL004246, GWHPDONL008187, GWHPDONL008236, GWHPDONL014057
OG0000322	Null	GWHPDONL000646, GWHPDONL003174, GWHPDONL006014, GWHPDONL007536, GWHPDONL010736, GWHPDONL010737
OG0000323	Null	GWHPDONL000716, GWHPDONL003068, GWHPDONL004587, GWHPDONL008137, GWHPDONL008787, GWHPDONL009136
OG0000324	Null	GWHPDONL000834, GWHPDONL008134, GWHPDONL012182, GWHPDONL012183, GWHPDONL012544, GWHPDONL014184
OG0000325	Null	GWHPDONL000898, GWHPDONL001478, GWHPDONL007028, GWHPDONL010904, GWHPDONL011107, GWHPDONL013875
OG0000326	Null	GWHPDONL000934, GWHPDONL002234, GWHPDONL002484, GWHPDONL005086, GWHPDONL012639, GWHPDONL013624
OG0000327	Null	GWHPDONL001225, GWHPDONL001226, GWHPDONL012823, GWHPDONL012824, GWHPDONL012825, GWHPDONL013821
OG0000328	Null	GWHPDONL001235, GWHPDONL001236, GWHPDONL002472, GWHPDONL003306, GWHPDONL005015, GWHPDONL009836
OG0000329	Null	GWHPDONL001377, GWHPDONL001647, GWHPDONL006586, GWHPDONL006587, GWHPDONL008900, GWHPDONL013611
OG0000330	Null	GWHPDONL001610, GWHPDONL001611, GWHPDONL010804, GWHPDONL010805, GWHPDONL012170, GWHPDONL012171
OG0000331	Null	GWHPDONL001725, GWHPDONL001728, GWHPDONL011061, GWHPDONL011694, GWHPDONL012525, GWHPDONL013822
OG0000332	Null	GWHPDONL001941, GWHPDONL006636, GWHPDONL006637, GWHPDONL009787, GWHPDONL009788, GWHPDONL011607
OG0000333	Null	GWHPDONL002901, GWHPDONL006099, GWHPDONL006168, GWHPDONL006672, GWHPDONL007579, GWHPDONL008547
OG0000334	Null	GWHPDONL003301, GWHPDONL003302, GWHPDONL003303, GWHPDONL004470, GWHPDONL007156, GWHPDONL009448
OG0000335	Null	GWHPDONL004171, GWHPDONL010593, GWHPDONL011512, GWHPDONL011916, GWHPDONL014052, GWHPDONL014116
OG0000336	Null	GWHPDONL005787, GWHPDONL006261, GWHPDONL007826, GWHPDONL011328, GWHPDONL013552, GWHPDONL013750
OG0000337	Null	GWHPDONL005943, GWHPDONL007431, GWHPDONL009692, GWHPDONL009992, GWHPDONL010059, GWHPDONL011419
OG0000338	Null	GWHPDONL006740, GWHPDONL008814, GWHPDONL008815, GWHPDONL008816, GWHPDONL009628, GWHPDONL010124
OG0000339	Null	GWHPDONL007242, GWHPDONL009241, GWHPDONL011421, GWHPDONL011422, GWHPDONL013098, GWHPDONL013099
OG0000340	Null	GWHPDONL008205, GWHPDONL008206, GWHPDONL008207, GWHPDONL010087, GWHPDONL010679, GWHPDONL010680
OG0000341	GWHPDONJ000059, GWHPDONJ005140	GWHPDONL004314, GWHPDONL004725, GWHPDONL009410
OG0000342	GWHPDONJ000078	GWHPDONL006907, GWHPDONL009898, GWHPDONL011941, GWHPDONL012370
OG0000343	GWHPDONJ000138, GWHPDONJ003249, GWHPDONJ003503, GWHPDONJ005356, GWHPDONJ005357	
OG0000344	GWHPDONJ000209	GWHPDONL000187, GWHPDONL001106, GWHPDONL007008, GWHPDONL007470
OG0000345	GWHPDONJ000286, GWHPDONJ000640, GWHPDONJ000984, GWHPDONJ001000, GWHPDONJ002156	
OG0000346	GWHPDONJ000326, GWHPDONJ001086, GWHPDONJ001238, GWHPDONJ003119, GWHPDONJ003232	
OG0000347	GWHPDONJ000348	GWHPDONL000532, GWHPDONL002244, GWHPDONL010902, GWHPDONL012740
OG0000348	GWHPDONJ000353	GWHPDONL000172, GWHPDONL004846, GWHPDONL009103, GWHPDONL014172
OG0000349	GWHPDONJ000503, GWHPDONJ008009	GWHPDONL006303, GWHPDONL008919, GWHPDONL009562
OG0000350	GWHPDONJ000514, GWHPDONJ000617, GWHPDONJ007374	GWHPDONL000813, GWHPDONL013160
OG0000351	GWHPDONJ000666, GWHPDONJ003314	GWHPDONL002448, GWHPDONL008026, GWHPDONL008830
OG0000352	GWHPDONJ000714, GWHPDONJ000778, GWHPDONJ000779, GWHPDONJ001346, GWHPDONJ002237	
OG0000353	GWHPDONJ000754, GWHPDONJ002441, GWHPDONJ002638, GWHPDONJ003148, GWHPDONJ004414	
OG0000354	GWHPDONJ000808, GWHPDONJ002158, GWHPDONJ003432	GWHPDONL008588, GWHPDONL011060
OG0000355	GWHPDONJ000873, GWHPDONJ000917, GWHPDONJ001223, GWHPDONJ002297, GWHPDONJ002980	
OG0000356	GWHPDONJ000934, GWHPDONJ006155, GWHPDONJ009798	GWHPDONL003053, GWHPDONL006074
OG0000357	GWHPDONJ000974, GWHPDONJ003012, GWHPDONJ003039, GWHPDONJ003464, GWHPDONJ003723	
OG0000358	GWHPDONJ001069, GWHPDONJ004707, GWHPDONJ007019	GWHPDONL006546, GWHPDONL011521
OG0000359	GWHPDONJ001175, GWHPDONJ002771, GWHPDONJ002772, GWHPDONJ003052, GWHPDONJ005342	
OG0000360	GWHPDONJ001197, GWHPDONJ002984, GWHPDONJ003530, GWHPDONJ003531, GWHPDONJ003794	
OG0000361	GWHPDONJ001311, GWHPDONJ001484, GWHPDONJ002359, GWHPDONJ002387	GWHPDONL012042
OG0000362	GWHPDONJ001470	GWHPDONL001769, GWHPDONL004459, GWHPDONL004629, GWHPDONL011615
OG0000363	GWHPDONJ001495, GWHPDONJ004544	GWHPDONL000160, GWHPDONL000547, GWHPDONL006265
OG0000364	GWHPDONJ001512	GWHPDONL006718, GWHPDONL007322, GWHPDONL010704, GWHPDONL011325
OG0000365	GWHPDONJ001620, GWHPDONJ002963, GWHPDONJ007189, GWHPDONJ007300, GWHPDONJ010883	
OG0000366	GWHPDONJ001962	GWHPDONL010803, GWHPDONL011877, GWHPDONL013025, GWHPDONL013799
OG0000367	GWHPDONJ002047, GWHPDONJ003093, GWHPDONJ003316, GWHPDONJ003820, GWHPDONJ008184	
OG0000368	GWHPDONJ002053, GWHPDONJ006170	GWHPDONL001631, GWHPDONL002821, GWHPDONL004268
OG0000369	GWHPDONJ002081, GWHPDONJ009247	GWHPDONL000008, GWHPDONL000009, GWHPDONL009740
OG0000370	GWHPDONJ002261, GWHPDONJ002498, GWHPDONJ005539	GWHPDONL001775, GWHPDONL003003
OG0000371	GWHPDONJ002410	GWHPDONL007395, GWHPDONL008432, GWHPDONL011609, GWHPDONL013270
OG0000372	GWHPDONJ002421, GWHPDONJ002471, GWHPDONJ007153, GWHPDONJ007154, GWHPDONJ008877	
OG0000373	GWHPDONJ002511, GWHPDONJ005590, GWHPDONJ007661, GWHPDONJ008915	GWHPDONL012481
OG0000374	GWHPDONJ002622	GWHPDONL002853, GWHPDONL003355, GWHPDONL007170, GWHPDONL007171
OG0000375	GWHPDONJ002659	GWHPDONL003994, GWHPDONL008194, GWHPDONL009060, GWHPDONL013796
OG0000376	GWHPDONJ002703, GWHPDONJ007337, GWHPDONJ007338	GWHPDONL004000, GWHPDONL004001
OG0000377	GWHPDONJ002708	GWHPDONL000818, GWHPDONL005459, GWHPDONL005659, GWHPDONL007182
OG0000378	GWHPDONJ002774, GWHPDONJ010056	GWHPDONL000417, GWHPDONL007849, GWHPDONL009412
OG0000379	GWHPDONJ002807, GWHPDONJ008382, GWHPDONJ010571	GWHPDONL003766, GWHPDONL006346
OG0000380	GWHPDONJ002864, GWHPDONJ002964, GWHPDONJ009932, GWHPDONJ009933	GWHPDONL009877
OG0000381	GWHPDONJ002876	GWHPDONL000782, GWHPDONL001381, GWHPDONL006593, GWHPDONL009437
OG0000382	GWHPDONJ003084, GWHPDONJ003086, GWHPDONJ010140	GWHPDONL001788, GWHPDONL013435
OG0000383	GWHPDONJ003179, GWHPDONJ003815	GWHPDONL004710, GWHPDONL009185, GWHPDONL014031
OG0000384	GWHPDONJ003243, GWHPDONJ005359, GWHPDONJ005360	GWHPDONL004113, GWHPDONL004428
OG0000385	GWHPDONJ003252, GWHPDONJ005355	GWHPDONL005995, GWHPDONL005996, GWHPDONL008001
OG0000386	GWHPDONJ003274, GWHPDONJ008549	GWHPDONL002340, GWHPDONL006378, GWHPDONL014003
OG0000387	GWHPDONJ003281, GWHPDONJ008509	GWHPDONL001022, GWHPDONL010234, GWHPDONL011614
OG0000388	GWHPDONJ003344	GWHPDONL009251, GWHPDONL009345, GWHPDONL012924, GWHPDONL013247
OG0000389	GWHPDONJ003368, GWHPDONJ008209	GWHPDONL000935, GWHPDONL000936, GWHPDONL013852
OG0000390	GWHPDONJ003893	GWHPDONL007881, GWHPDONL008718, GWHPDONL008960, GWHPDONL010135
OG0000391	GWHPDONJ003936	GWHPDONL000916, GWHPDONL000918, GWHPDONL004494, GWHPDONL013564
OG0000392	GWHPDONJ003980	GWHPDONL005272, GWHPDONL007900, GWHPDONL012683, GWHPDONL012684
OG0000393	GWHPDONJ004047	GWHPDONL001275, GWHPDONL005517, GWHPDONL006170, GWHPDONL009579
OG0000394	GWHPDONJ004072	GWHPDONL000805, GWHPDONL005349, GWHPDONL007270, GWHPDONL008054
OG0000395	GWHPDONJ004099	GWHPDONL004202, GWHPDONL010972, GWHPDONL010973, GWHPDONL012621
OG0000396	GWHPDONJ004112	GWHPDONL004381, GWHPDONL005150, GWHPDONL006564, GWHPDONL014194
OG0000397	GWHPDONJ004144	GWHPDONL001010, GWHPDONL001359, GWHPDONL006009, GWHPDONL009590
OG0000398	GWHPDONJ004153	GWHPDONL009208, GWHPDONL009920, GWHPDONL009957, GWHPDONL011993
OG0000399	GWHPDONJ004233	GWHPDONL003703, GWHPDONL007628, GWHPDONL013006, GWHPDONL013746
OG0000400	GWHPDONJ004299	GWHPDONL001619, GWHPDONL003742, GWHPDONL004054, GWHPDONL011580
OG0000401	GWHPDONJ004311, GWHPDONJ008140	GWHPDONL002205, GWHPDONL002947, GWHPDONL002948
OG0000402	GWHPDONJ004382	GWHPDONL000966, GWHPDONL000967, GWHPDONL001489, GWHPDONL003477
OG0000403	GWHPDONJ004398	GWHPDONL005065, GWHPDONL006690, GWHPDONL009795, GWHPDONL010211
OG0000404	GWHPDONJ004520	GWHPDONL001312, GWHPDONL002184, GWHPDONL006965, GWHPDONL013335
OG0000405	GWHPDONJ004675	GWHPDONL000694, GWHPDONL009609, GWHPDONL012140, GWHPDONL012667
OG0000406	GWHPDONJ004763	GWHPDONL004835, GWHPDONL008283, GWHPDONL010651, GWHPDONL011069
OG0000407	GWHPDONJ004771	GWHPDONL011898, GWHPDONL011902, GWHPDONL011958, GWHPDONL011959
OG0000408	GWHPDONJ004786	GWHPDONL001738, GWHPDONL003413, GWHPDONL003414, GWHPDONL007845
OG0000409	GWHPDONJ004788, GWHPDONJ004794	GWHPDONL003346, GWHPDONL011590, GWHPDONL012449
OG0000410	GWHPDONJ004928, GWHPDONJ008134	GWHPDONL006976, GWHPDONL010546, GWHPDONL011459
OG0000411	GWHPDONJ004931	GWHPDONL005115, GWHPDONL005116, GWHPDONL005117, GWHPDONL011896
OG0000412	GWHPDONJ005005	GWHPDONL000272, GWHPDONL003140, GWHPDONL006534, GWHPDONL010265
OG0000413	GWHPDONJ005142	GWHPDONL004044, GWHPDONL004325, GWHPDONL006964, GWHPDONL013930
OG0000414	GWHPDONJ005197	GWHPDONL001472, GWHPDONL006499, GWHPDONL008289, GWHPDONL008290
OG0000415	GWHPDONJ005290	GWHPDONL006276, GWHPDONL009056, GWHPDONL009057, GWHPDONL009401
OG0000416	GWHPDONJ005331	GWHPDONL000074, GWHPDONL000466, GWHPDONL004885, GWHPDONL013584
OG0000417	GWHPDONJ005448	GWHPDONL001666, GWHPDONL004555, GWHPDONL006164, GWHPDONL010286
OG0000418	GWHPDONJ005524, GWHPDONJ009697	GWHPDONL001282, GWHPDONL001947, GWHPDONL011714
OG0000419	GWHPDONJ005545	GWHPDONL004359, GWHPDONL005248, GWHPDONL013125, GWHPDONL013232
OG0000420	GWHPDONJ005585	GWHPDONL002294, GWHPDONL005799, GWHPDONL012609, GWHPDONL014207
OG0000421	GWHPDONJ005636	GWHPDONL004874, GWHPDONL006582, GWHPDONL010648, GWHPDONL011263
OG0000422	GWHPDONJ005737	GWHPDONL001475, GWHPDONL013685, GWHPDONL013686, GWHPDONL013687
OG0000423	GWHPDONJ005764, GWHPDONJ005768, GWHPDONJ009129, GWHPDONJ009327	GWHPDONL002601
OG0000424	GWHPDONJ005784	GWHPDONL001998, GWHPDONL004902, GWHPDONL008916, GWHPDONL012541
OG0000425	GWHPDONJ005823	GWHPDONL004142, GWHPDONL004143, GWHPDONL004148, GWHPDONL004151
OG0000426	GWHPDONJ005881, GWHPDONJ007226	GWHPDONL002143, GWHPDONL005011, GWHPDONL013086
OG0000427	GWHPDONJ005893	GWHPDONL000632, GWHPDONL000633, GWHPDONL000634, GWHPDONL005202
OG0000428	GWHPDONJ006031	GWHPDONL002081, GWHPDONL009304, GWHPDONL009638, GWHPDONL010792
OG0000429	GWHPDONJ006040, GWHPDONJ008152	GWHPDONL009713, GWHPDONL011330, GWHPDONL011482
OG0000430	GWHPDONJ006088	GWHPDONL005077, GWHPDONL005078, GWHPDONL006715, GWHPDONL008238
OG0000431	GWHPDONJ006251	GWHPDONL009667, GWHPDONL011443, GWHPDONL011862, GWHPDONL014015
OG0000432	GWHPDONJ006256	GWHPDONL007176, GWHPDONL007799, GWHPDONL007904, GWHPDONL011223
OG0000433	GWHPDONJ006277	GWHPDONL009701, GWHPDONL011470, GWHPDONL011471, GWHPDONL013246
OG0000434	GWHPDONJ006399, GWHPDONJ008721	GWHPDONL004188, GWHPDONL005391, GWHPDONL011475
OG0000435	GWHPDONJ006407, GWHPDONJ008379	GWHPDONL002414, GWHPDONL005510, GWHPDONL007273
OG0000436	GWHPDONJ006425	GWHPDONL005592, GWHPDONL010677, GWHPDONL011691, GWHPDONL014237
OG0000437	GWHPDONJ006481	GWHPDONL000717, GWHPDONL001572, GWHPDONL005557, GWHPDONL010852
OG0000438	GWHPDONJ006695	GWHPDONL000324, GWHPDONL001411, GWHPDONL003700, GWHPDONL009733
OG0000439	GWHPDONJ006731, GWHPDONJ007756, GWHPDONJ009304	GWHPDONL002500, GWHPDONL011571
OG0000440	GWHPDONJ006771	GWHPDONL005195, GWHPDONL008190, GWHPDONL008191, GWHPDONL012963
OG0000441	GWHPDONJ006825	GWHPDONL000770, GWHPDONL003482, GWHPDONL011922, GWHPDONL014006
OG0000442	GWHPDONJ006860	GWHPDONL000284, GWHPDONL000511, GWHPDONL005520, GWHPDONL011534
OG0000443	GWHPDONJ006862	GWHPDONL002071, GWHPDONL005778, GWHPDONL009400, GWHPDONL013902
OG0000444	GWHPDONJ006870	GWHPDONL006173, GWHPDONL006518, GWHPDONL009840, GWHPDONL012236
OG0000445	GWHPDONJ006986	GWHPDONL001887, GWHPDONL003154, GWHPDONL003155, GWHPDONL005613
OG0000446	GWHPDONJ007056, GWHPDONJ007057	GWHPDONL006330, GWHPDONL011640, GWHPDONL013725
OG0000447	GWHPDONJ007061	GWHPDONL003324, GWHPDONL008213, GWHPDONL008385, GWHPDONL011280
OG0000448	GWHPDONJ007166	GWHPDONL000285, GWHPDONL001277, GWHPDONL005518, GWHPDONL005519
OG0000449	GWHPDONJ007333	GWHPDONL007814, GWHPDONL009533, GWHPDONL009727, GWHPDONL011258
OG0000450	GWHPDONJ007383	GWHPDONL002931, GWHPDONL004769, GWHPDONL005871, GWHPDONL010071
OG0000451	GWHPDONJ007405	GWHPDONL000849, GWHPDONL001857, GWHPDONL005895, GWHPDONL007384
OG0000452	GWHPDONJ007664	GWHPDONL000747, GWHPDONL003948, GWHPDONL005546, GWHPDONL008358
OG0000453	GWHPDONJ007667	GWHPDONL000941, GWHPDONL004497, GWHPDONL008435, GWHPDONL008436
OG0000454	GWHPDONJ007674	GWHPDONL000276, GWHPDONL004220, GWHPDONL004221, GWHPDONL012044
OG0000455	GWHPDONJ007681	GWHPDONL000229, GWHPDONL000232, GWHPDONL004879, GWHPDONL011444
OG0000456	GWHPDONJ007744	GWHPDONL004577, GWHPDONL004578, GWHPDONL004581, GWHPDONL009440
OG0000457	GWHPDONJ007745	GWHPDONL003231, GWHPDONL004583, GWHPDONL004626, GWHPDONL013294
OG0000458	GWHPDONJ007772	GWHPDONL001502, GWHPDONL002481, GWHPDONL004668, GWHPDONL010657
OG0000459	GWHPDONJ007789, GWHPDONJ009138	GWHPDONL006043, GWHPDONL010591, GWHPDONL013632
OG0000460	GWHPDONJ007878, GWHPDONJ008029	GWHPDONL002531, GWHPDONL009947, GWHPDONL010351
OG0000461	GWHPDONJ007948	GWHPDONL001794, GWHPDONL003908, GWHPDONL007848, GWHPDONL011176
OG0000462	GWHPDONJ007993	GWHPDONL001364, GWHPDONL002445, GWHPDONL003638, GWHPDONL011548
OG0000463	GWHPDONJ008118	GWHPDONL008806, GWHPDONL010379, GWHPDONL011460, GWHPDONL012919
OG0000464	GWHPDONJ008206	GWHPDONL001212, GWHPDONL001486, GWHPDONL008384, GWHPDONL012799
OG0000465	GWHPDONJ008300	GWHPDONL000041, GWHPDONL003928, GWHPDONL007060, GWHPDONL011737
OG0000466	GWHPDONJ008366	GWHPDONL007264, GWHPDONL007638, GWHPDONL012993, GWHPDONL012994
OG0000467	GWHPDONJ008409	GWHPDONL001133, GWHPDONL002062, GWHPDONL002709, GWHPDONL009784
OG0000468	GWHPDONJ008414	GWHPDONL003468, GWHPDONL004514, GWHPDONL005785, GWHPDONL005786
OG0000469	GWHPDONJ008547	GWHPDONL004611, GWHPDONL006235, GWHPDONL007457, GWHPDONL013806
OG0000470	GWHPDONJ008585	GWHPDONL002529, GWHPDONL003035, GWHPDONL010139, GWHPDONL013488
OG0000471	GWHPDONJ008603	GWHPDONL008229, GWHPDONL008449, GWHPDONL009131, GWHPDONL010291
OG0000472	GWHPDONJ008628	GWHPDONL003171, GWHPDONL005000, GWHPDONL006013, GWHPDONL010707
OG0000473	GWHPDONJ008679	GWHPDONL001774, GWHPDONL005388, GWHPDONL007304, GWHPDONL009160
OG0000474	GWHPDONJ008757	GWHPDONL003705, GWHPDONL006297, GWHPDONL010537, GWHPDONL013741
OG0000475	GWHPDONJ008958	GWHPDONL001065, GWHPDONL001888, GWHPDONL002953, GWHPDONL006335
OG0000476	GWHPDONJ008998	GWHPDONL003721, GWHPDONL008022, GWHPDONL009786, GWHPDONL012352
OG0000477	GWHPDONJ009082	GWHPDONL013020, GWHPDONL013021, GWHPDONL013022, GWHPDONL014192
OG0000478	GWHPDONJ009257	GWHPDONL003236, GWHPDONL003434, GWHPDONL007622, GWHPDONL009267
OG0000479	GWHPDONJ009372	GWHPDONL001149, GWHPDONL006845, GWHPDONL011052, GWHPDONL011224
OG0000480	GWHPDONJ009599	GWHPDONL002449, GWHPDONL008683, GWHPDONL009974, GWHPDONL012414
OG0000481	GWHPDONJ009876	GWHPDONL000233, GWHPDONL001285, GWHPDONL004721, GWHPDONL011348
OG0000482	GWHPDONJ010200	GWHPDONL002936, GWHPDONL004724, GWHPDONL009359, GWHPDONL009361
OG0000483	GWHPDONJ010249	GWHPDONL003539, GWHPDONL006999, GWHPDONL007973, GWHPDONL007974
OG0000484	GWHPDONJ010312	GWHPDONL001723, GWHPDONL003931, GWHPDONL005861, GWHPDONL013406
OG0000485	GWHPDONJ010337	GWHPDONL004382, GWHPDONL006822, GWHPDONL007587, GWHPDONL008888
OG0000486	GWHPDONJ010429, GWHPDONJ010431	GWHPDONL001449, GWHPDONL004556, GWHPDONL006165
OG0000487	GWHPDONJ010448	GWHPDONL006560, GWHPDONL008410, GWHPDONL008490, GWHPDONL013873
OG0000488	GWHPDONJ010629	GWHPDONL000362, GWHPDONL010377, GWHPDONL010484, GWHPDONL013517
OG0000489	GWHPDONJ010676	GWHPDONL002299, GWHPDONL002866, GWHPDONL004561, GWHPDONL011424
OG0000490	GWHPDONJ010754	GWHPDONL002598, GWHPDONL005336, GWHPDONL012755, GWHPDONL013673
OG0000491	GWHPDONJ010789	GWHPDONL004992, GWHPDONL005023, GWHPDONL008977, GWHPDONL013726
OG0000492	GWHPDONJ010790	GWHPDONL005736, GWHPDONL005741, GWHPDONL010768, GWHPDONL012284
OG0000493	Null	GWHPDONL000004, GWHPDONL000005, GWHPDONL004231, GWHPDONL008192, GWHPDONL009500
OG0000494	Null	GWHPDONL000262, GWHPDONL006098, GWHPDONL009204, GWHPDONL012921, GWHPDONL012967
OG0000495	Null	GWHPDONL000352, GWHPDONL008732, GWHPDONL009647, GWHPDONL010573, GWHPDONL013465
OG0000496	Null	GWHPDONL000497, GWHPDONL002614, GWHPDONL004411, GWHPDONL010318, GWHPDONL012153
OG0000497	Null	GWHPDONL000537, GWHPDONL006666, GWHPDONL007125, GWHPDONL009723, GWHPDONL011441
OG0000498	Null	GWHPDONL000594, GWHPDONL005105, GWHPDONL005106, GWHPDONL005107, GWHPDONL005108
OG0000499	Null	GWHPDONL000599, GWHPDONL002021, GWHPDONL002022, GWHPDONL003419, GWHPDONL013652
OG0000500	Null	GWHPDONL000638, GWHPDONL002840, GWHPDONL004249, GWHPDONL012501, GWHPDONL014143
OG0000501	Null	GWHPDONL000748, GWHPDONL001686, GWHPDONL005650, GWHPDONL006096, GWHPDONL009439
OG0000502	Null	GWHPDONL000882, GWHPDONL005884, GWHPDONL007402, GWHPDONL010631, GWHPDONL012437
OG0000503	Null	GWHPDONL001050, GWHPDONL001363, GWHPDONL007934, GWHPDONL012903, GWHPDONL013097
OG0000504	Null	GWHPDONL001095, GWHPDONL003615, GWHPDONL008620, GWHPDONL008704, GWHPDONL009428
OG0000505	Null	GWHPDONL001109, GWHPDONL002489, GWHPDONL007106, GWHPDONL008578, GWHPDONL013798
OG0000506	Null	GWHPDONL001254, GWHPDONL001806, GWHPDONL003077, GWHPDONL004961, GWHPDONL005820
OG0000507	Null	GWHPDONL001303, GWHPDONL003628, GWHPDONL005417, GWHPDONL006307, GWHPDONL012232
OG0000508	Null	GWHPDONL001420, GWHPDONL001421, GWHPDONL013153, GWHPDONL013703, GWHPDONL013704
OG0000509	Null	GWHPDONL001444, GWHPDONL006816, GWHPDONL011473, GWHPDONL012932, GWHPDONL012933
OG0000510	Null	GWHPDONL002030, GWHPDONL002894, GWHPDONL005444, GWHPDONL009235, GWHPDONL014010
OG0000511	Null	GWHPDONL002405, GWHPDONL003918, GWHPDONL003919, GWHPDONL003920, GWHPDONL007391
OG0000512	Null	GWHPDONL002421, GWHPDONL002422, GWHPDONL004959, GWHPDONL005961, GWHPDONL009384
OG0000513	Null	GWHPDONL002450, GWHPDONL006357, GWHPDONL006358, GWHPDONL007324, GWHPDONL008116
OG0000514	Null	GWHPDONL002459, GWHPDONL005578, GWHPDONL006075, GWHPDONL006597, GWHPDONL012731
OG0000515	Null	GWHPDONL002568, GWHPDONL006503, GWHPDONL009047, GWHPDONL010041, GWHPDONL011170
OG0000516	Null	GWHPDONL002816, GWHPDONL002817, GWHPDONL003412, GWHPDONL005949, GWHPDONL012029
OG0000517	Null	GWHPDONL003178, GWHPDONL004065, GWHPDONL007705, GWHPDONL011646, GWHPDONL013518
OG0000518	Null	GWHPDONL003263, GWHPDONL007647, GWHPDONL007648, GWHPDONL010360, GWHPDONL013197
OG0000519	Null	GWHPDONL003534, GWHPDONL003535, GWHPDONL010653, GWHPDONL012857, GWHPDONL014123
OG0000520	Null	GWHPDONL003589, GWHPDONL003590, GWHPDONL009850, GWHPDONL011744, GWHPDONL011746
OG0000521	Null	GWHPDONL003595, GWHPDONL003597, GWHPDONL006223, GWHPDONL006224, GWHPDONL013677
OG0000522	Null	GWHPDONL003605, GWHPDONL005283, GWHPDONL006831, GWHPDONL008154, GWHPDONL014195
OG0000523	Null	GWHPDONL003635, GWHPDONL005728, GWHPDONL006888, GWHPDONL013193, GWHPDONL014071
OG0000524	Null	GWHPDONL003669, GWHPDONL007072, GWHPDONL007294, GWHPDONL007295, GWHPDONL011261
OG0000525	Null	GWHPDONL003680, GWHPDONL008591, GWHPDONL008769, GWHPDONL010036, GWHPDONL012780
OG0000526	Null	GWHPDONL003857, GWHPDONL003858, GWHPDONL003859, GWHPDONL003860, GWHPDONL008895
OG0000527	Null	GWHPDONL004074, GWHPDONL011212, GWHPDONL011722, GWHPDONL011729, GWHPDONL012337
OG0000528	Null	GWHPDONL004165, GWHPDONL004203, GWHPDONL011102, GWHPDONL012119, GWHPDONL012624
OG0000529	Null	GWHPDONL004362, GWHPDONL006536, GWHPDONL012583, GWHPDONL013040, GWHPDONL013983
OG0000530	Null	GWHPDONL004409, GWHPDONL006091, GWHPDONL006638, GWHPDONL008083, GWHPDONL010315
OG0000531	Null	GWHPDONL004681, GWHPDONL008458, GWHPDONL009444, GWHPDONL013508, GWHPDONL013658
OG0000532	Null	GWHPDONL004704, GWHPDONL007588, GWHPDONL007589, GWHPDONL008195, GWHPDONL011625
OG0000533	Null	GWHPDONL005210, GWHPDONL010833, GWHPDONL011279, GWHPDONL011644, GWHPDONL012982
OG0000534	Null	GWHPDONL006225, GWHPDONL006669, GWHPDONL006670, GWHPDONL007488, GWHPDONL009889
OG0000535	Null	GWHPDONL008013, GWHPDONL008066, GWHPDONL008225, GWHPDONL008580, GWHPDONL008833
OG0000536	Null	GWHPDONL008399, GWHPDONL008400, GWHPDONL008781, GWHPDONL008782, GWHPDONL012602
OG0000537	Null	GWHPDONL010831, GWHPDONL011674, GWHPDONL012853, GWHPDONL012855, GWHPDONL013013
OG0000538	GWHPDONJ000032	GWHPDONL002158, GWHPDONL002811, GWHPDONL004243
OG0000539	GWHPDONJ000106, GWHPDONJ000156, GWHPDONJ001674, GWHPDONJ002226	
OG0000540	GWHPDONJ000117, GWHPDONJ004911	GWHPDONL001743, GWHPDONL010092
OG0000541	GWHPDONJ000124	GWHPDONL000348, GWHPDONL006132, GWHPDONL011533
OG0000542	GWHPDONJ000134, GWHPDONJ003253, GWHPDONJ008755	GWHPDONL006866
OG0000543	GWHPDONJ000148	GWHPDONL001816, GWHPDONL002296, GWHPDONL004386
OG0000544	GWHPDONJ000180	GWHPDONL013663, GWHPDONL013664, GWHPDONL014117
OG0000545	GWHPDONJ000182	GWHPDONL000902, GWHPDONL004912, GWHPDONL008230
OG0000546	GWHPDONJ000218, GWHPDONJ005325	GWHPDONL011617, GWHPDONL011618
OG0000547	GWHPDONJ000223	GWHPDONL002088, GWHPDONL006957, GWHPDONL007400
OG0000548	GWHPDONJ000235, GWHPDONJ007227	GWHPDONL007602, GWHPDONL011462
OG0000549	GWHPDONJ000238, GWHPDONJ002850, GWHPDONJ002881, GWHPDONJ002909	
OG0000550	GWHPDONJ000252, GWHPDONJ000327, GWHPDONJ000634, GWHPDONJ001481	
OG0000551	GWHPDONJ000337, GWHPDONJ010769	GWHPDONL005989, GWHPDONL009830
OG0000552	GWHPDONJ000341, GWHPDONJ010931	GWHPDONL004646, GWHPDONL005368
OG0000553	GWHPDONJ000360	GWHPDONL008401, GWHPDONL010065, GWHPDONL014047
OG0000554	GWHPDONJ000383	GWHPDONL001464, GWHPDONL003175, GWHPDONL005356
OG0000555	GWHPDONJ000437, GWHPDONJ001576	GWHPDONL008696, GWHPDONL014096
OG0000556	GWHPDONJ000444, GWHPDONJ000481, GWHPDONJ005070, GWHPDONJ009407	
OG0000557	GWHPDONJ000464	GWHPDONL000600, GWHPDONL000742, GWHPDONL010273
OG0000558	GWHPDONJ000500, GWHPDONJ004660	GWHPDONL011079, GWHPDONL011080
OG0000559	GWHPDONJ000523, GWHPDONJ001606	GWHPDONL002532, GWHPDONL003027
OG0000560	GWHPDONJ000524, GWHPDONJ001607	GWHPDONL001041, GWHPDONL010350
OG0000561	GWHPDONJ000537, GWHPDONJ001954, GWHPDONJ002777, GWHPDONJ003730	
OG0000562	GWHPDONJ000541	GWHPDONL000655, GWHPDONL001876, GWHPDONL013203
OG0000563	GWHPDONJ000546, GWHPDONJ006053	GWHPDONL003550, GWHPDONL008942
OG0000564	GWHPDONJ000586	GWHPDONL005589, GWHPDONL007860, GWHPDONL013161
OG0000565	GWHPDONJ000680, GWHPDONJ004568, GWHPDONJ004872	GWHPDONL003607
OG0000566	GWHPDONJ000683, GWHPDONJ008945	GWHPDONL011705, GWHPDONL011706
OG0000567	GWHPDONJ000693, GWHPDONJ000913, GWHPDONJ000976, GWHPDONJ003009	
OG0000568	GWHPDONJ000789, GWHPDONJ002208, GWHPDONJ003264, GWHPDONJ007618	
OG0000569	GWHPDONJ000810, GWHPDONJ000964, GWHPDONJ000980, GWHPDONJ001177	
OG0000570	GWHPDONJ000811, GWHPDONJ002344, GWHPDONJ002473, GWHPDONJ003057	
OG0000571	GWHPDONJ000816, GWHPDONJ003219, GWHPDONJ010685	GWHPDONL003835
OG0000572	GWHPDONJ000837, GWHPDONJ001879, GWHPDONJ002391, GWHPDONJ003065	
OG0000573	GWHPDONJ000842	GWHPDONL007793, GWHPDONL009629, GWHPDONL010205
OG0000574	GWHPDONJ000854	GWHPDONL000702, GWHPDONL004445, GWHPDONL012339
OG0000575	GWHPDONJ000861	GWHPDONL001354, GWHPDONL003255, GWHPDONL013475
OG0000576	GWHPDONJ000910, GWHPDONJ004194	GWHPDONL000682, GWHPDONL013952
OG0000577	GWHPDONJ000935, GWHPDONJ001016, GWHPDONJ004197	GWHPDONL010078
OG0000578	GWHPDONJ000937, GWHPDONJ002557, GWHPDONJ009938	GWHPDONL013082
OG0000579	GWHPDONJ000944, GWHPDONJ006227, GWHPDONJ009935	GWHPDONL000435
OG0000580	GWHPDONJ000973, GWHPDONJ002979, GWHPDONJ003364	GWHPDONL000343
OG0000581	GWHPDONJ000985, GWHPDONJ002126, GWHPDONJ002454, GWHPDONJ002512	
OG0000582	GWHPDONJ001066, GWHPDONJ010173, GWHPDONJ010174	GWHPDONL001839
OG0000583	GWHPDONJ001104	GWHPDONL001744, GWHPDONL002069, GWHPDONL005638
OG0000584	GWHPDONJ001138, GWHPDONJ001405, GWHPDONJ005066	GWHPDONL009971
OG0000585	GWHPDONJ001181	GWHPDONL000836, GWHPDONL000837, GWHPDONL001549
OG0000586	GWHPDONJ001260, GWHPDONJ001848	GWHPDONL007126, GWHPDONL010240
OG0000587	GWHPDONJ001363, GWHPDONJ001364, GWHPDONJ001510, GWHPDONJ003104	
OG0000588	GWHPDONJ001438, GWHPDONJ003076, GWHPDONJ003379, GWHPDONJ008761	
OG0000589	GWHPDONJ001462, GWHPDONJ003360, GWHPDONJ005754	GWHPDONL003917
OG0000590	GWHPDONJ001488, GWHPDONJ006505	GWHPDONL001129, GWHPDONL002055
OG0000591	GWHPDONJ001525	GWHPDONL007764, GWHPDONL007765, GWHPDONL009280
OG0000592	GWHPDONJ001545, GWHPDONJ004314, GWHPDONJ004335	GWHPDONL012502
OG0000593	GWHPDONJ001600, GWHPDONJ009235, GWHPDONJ009236	GWHPDONL006331
OG0000594	GWHPDONJ001608, GWHPDONJ008006	GWHPDONL010968, GWHPDONL013281
OG0000595	GWHPDONJ001611, GWHPDONJ001718, GWHPDONJ009485	GWHPDONL004881
OG0000596	GWHPDONJ001749	GWHPDONL005707, GWHPDONL008836, GWHPDONL012144
OG0000597	GWHPDONJ001767	GWHPDONL001754, GWHPDONL007154, GWHPDONL008140
OG0000598	GWHPDONJ001812	GWHPDONL007348, GWHPDONL011773, GWHPDONL014230
OG0000599	GWHPDONJ001825, GWHPDONJ007852	GWHPDONL007776, GWHPDONL009380
OG0000600	GWHPDONJ001843, GWHPDONJ009710	GWHPDONL008249, GWHPDONL009010
OG0000601	GWHPDONJ001857, GWHPDONJ004465	GWHPDONL012584, GWHPDONL012585
OG0000602	GWHPDONJ001966	GWHPDONL007032, GWHPDONL007820, GWHPDONL008312
OG0000603	GWHPDONJ001998	GWHPDONL002630, GWHPDONL007382, GWHPDONL012157
OG0000604	GWHPDONJ002007, GWHPDONJ004764	GWHPDONL002795, GWHPDONL011944
OG0000605	GWHPDONJ002099, GWHPDONJ003201, GWHPDONJ007107	GWHPDONL012532
OG0000606	GWHPDONJ002130, GWHPDONJ003140, GWHPDONJ007461	GWHPDONL013063
OG0000607	GWHPDONJ002131, GWHPDONJ003139	GWHPDONL005626, GWHPDONL010039
OG0000608	GWHPDONJ002191	GWHPDONL000126, GWHPDONL002482, GWHPDONL010227
OG0000609	GWHPDONJ002194, GWHPDONJ002195, GWHPDONJ004062	GWHPDONL005201
OG0000610	GWHPDONJ002251, GWHPDONJ002908, GWHPDONJ008497, GWHPDONJ010913	
OG0000611	GWHPDONJ002267	GWHPDONL000518, GWHPDONL002434, GWHPDONL004178
OG0000612	GWHPDONJ002283	GWHPDONL005523, GWHPDONL011324, GWHPDONL012554
OG0000613	GWHPDONJ002301, GWHPDONJ007147	GWHPDONL000584, GWHPDONL013345
OG0000614	GWHPDONJ002304, GWHPDONJ006720	GWHPDONL003239, GWHPDONL013280
OG0000615	GWHPDONJ002371	GWHPDONL000990, GWHPDONL006627, GWHPDONL011339
OG0000616	GWHPDONJ002424	GWHPDONL004756, GWHPDONL008528, GWHPDONL009469
OG0000617	GWHPDONJ002501, GWHPDONJ003433, GWHPDONJ003808	GWHPDONL000345
OG0000618	GWHPDONJ002576	GWHPDONL001034, GWHPDONL003730, GWHPDONL008544
OG0000619	GWHPDONJ002624	GWHPDONL000359, GWHPDONL006688, GWHPDONL006810
OG0000620	GWHPDONJ002690, GWHPDONJ010603, GWHPDONJ010604	GWHPDONL004727
OG0000621	GWHPDONJ002704	GWHPDONL007906, GWHPDONL008857, GWHPDONL013755
OG0000622	GWHPDONJ002710, GWHPDONJ005173	GWHPDONL002259, GWHPDONL012828
OG0000623	GWHPDONJ002714, GWHPDONJ010591	GWHPDONL001657, GWHPDONL008345
OG0000624	GWHPDONJ002724	GWHPDONL002690, GWHPDONL006869, GWHPDONL010553
OG0000625	GWHPDONJ002725	GWHPDONL000208, GWHPDONL005757, GWHPDONL010555
OG0000626	GWHPDONJ002737, GWHPDONJ008550, GWHPDONJ010852	GWHPDONL002029
OG0000627	GWHPDONJ002751	GWHPDONL009570, GWHPDONL009983, GWHPDONL010132
OG0000628	GWHPDONJ002858	GWHPDONL001267, GWHPDONL001311, GWHPDONL005514
OG0000629	GWHPDONJ002889, GWHPDONJ006138	GWHPDONL002219, GWHPDONL008765
OG0000630	GWHPDONJ002912	GWHPDONL004640, GWHPDONL005885, GWHPDONL011077
OG0000631	GWHPDONJ002925	GWHPDONL000444, GWHPDONL005278, GWHPDONL012688
OG0000632	GWHPDONJ003098	GWHPDONL001787, GWHPDONL009614, GWHPDONL013580
OG0000633	GWHPDONJ003188	GWHPDONL012112, GWHPDONL012113, GWHPDONL012114
OG0000634	GWHPDONJ003218, GWHPDONJ010355	GWHPDONL002386, GWHPDONL009522
OG0000635	GWHPDONJ003235	GWHPDONL007556, GWHPDONL009106, GWHPDONL014226
OG0000636	GWHPDONJ003296, GWHPDONJ003297, GWHPDONJ006971	GWHPDONL003188
OG0000637	GWHPDONJ003298, GWHPDONJ003918, GWHPDONJ003974	GWHPDONL005874
OG0000638	GWHPDONJ003462	GWHPDONL006272, GWHPDONL006451, GWHPDONL013769
OG0000639	GWHPDONJ003470	GWHPDONL000132, GWHPDONL008923, GWHPDONL010583
OG0000640	GWHPDONJ003725	GWHPDONL006790, GWHPDONL010431, GWHPDONL013012
OG0000641	GWHPDONJ003740, GWHPDONJ010530	GWHPDONL006767, GWHPDONL012079
OG0000642	GWHPDONJ003763, GWHPDONJ003764, GWHPDONJ003765	GWHPDONL013985
OG0000643	GWHPDONJ003767, GWHPDONJ004180, GWHPDONJ004187, GWHPDONJ004199	
OG0000644	GWHPDONJ003840, GWHPDONJ004394	GWHPDONL002526, GWHPDONL003033
OG0000645	GWHPDONJ003842	GWHPDONL003405, GWHPDONL004105, GWHPDONL010053
OG0000646	GWHPDONJ003856	GWHPDONL000043, GWHPDONL004394, GWHPDONL007058
OG0000647	GWHPDONJ003870	GWHPDONL009149, GWHPDONL010823, GWHPDONL013870
OG0000648	GWHPDONJ003883	GWHPDONL000066, GWHPDONL009379, GWHPDONL012275
OG0000649	GWHPDONJ003892	GWHPDONL004100, GWHPDONL004303, GWHPDONL008585
OG0000650	GWHPDONJ003912	GWHPDONL003738, GWHPDONL011023, GWHPDONL011576
OG0000651	GWHPDONJ004011	GWHPDONL002292, GWHPDONL002898, GWHPDONL003375
OG0000652	GWHPDONJ004016	GWHPDONL002910, GWHPDONL005460, GWHPDONL013996
OG0000653	GWHPDONJ004033	GWHPDONL004425, GWHPDONL004426, GWHPDONL010728
OG0000654	GWHPDONJ004061	GWHPDONL005203, GWHPDONL011782, GWHPDONL012782
OG0000655	GWHPDONJ004078, GWHPDONJ009950	GWHPDONL002404, GWHPDONL010774
OG0000656	GWHPDONJ004095	GWHPDONL001049, GWHPDONL004205, GWHPDONL010785
OG0000657	GWHPDONJ004106	GWHPDONL001397, GWHPDONL003475, GWHPDONL010196
OG0000658	GWHPDONJ004117	GWHPDONL003447, GWHPDONL003448, GWHPDONL003449
OG0000659	GWHPDONJ004121	GWHPDONL003926, GWHPDONL004890, GWHPDONL004891
OG0000660	GWHPDONJ004129	GWHPDONL001036, GWHPDONL003374, GWHPDONL009013
OG0000661	GWHPDONJ004213	GWHPDONL004298, GWHPDONL007275, GWHPDONL009665
OG0000662	GWHPDONJ004241	GWHPDONL009151, GWHPDONL009557, GWHPDONL009772
OG0000663	GWHPDONJ004253, GWHPDONJ005097	GWHPDONL003832, GWHPDONL013877
OG0000664	GWHPDONJ004262, GWHPDONJ007533, GWHPDONJ009630	GWHPDONL013441
OG0000665	GWHPDONJ004273	GWHPDONL000386, GWHPDONL001753, GWHPDONL010924
OG0000666	GWHPDONJ004283, GWHPDONJ007510	GWHPDONL008987, GWHPDONL011809
OG0000667	GWHPDONJ004289	GWHPDONL001353, GWHPDONL004228, GWHPDONL007956
OG0000668	GWHPDONJ004320	GWHPDONL001184, GWHPDONL002354, GWHPDONL002587
OG0000669	GWHPDONJ004321	GWHPDONL002349, GWHPDONL002350, GWHPDONL002588
OG0000670	GWHPDONJ004360	GWHPDONL004180, GWHPDONL006928, GWHPDONL008517
OG0000671	GWHPDONJ004377, GWHPDONJ007541	GWHPDONL007414, GWHPDONL010493
OG0000672	GWHPDONJ004396	GWHPDONL002536, GWHPDONL002779, GWHPDONL003021
OG0000673	GWHPDONJ004412, GWHPDONJ004793, GWHPDONJ005007	GWHPDONL006531
OG0000674	GWHPDONJ004430	GWHPDONL003455, GWHPDONL007082, GWHPDONL007083
OG0000675	GWHPDONJ004470, GWHPDONJ004473	GWHPDONL014170, GWHPDONL014171
OG0000676	GWHPDONJ004474, GWHPDONJ007891, GWHPDONJ010597	GWHPDONL010445
OG0000677	GWHPDONJ004478, GWHPDONJ004896	GWHPDONL005104, GWHPDONL013695
OG0000678	GWHPDONJ004490, GWHPDONJ004891, GWHPDONJ004892	GWHPDONL008189
OG0000679	GWHPDONJ004497	GWHPDONL005093, GWHPDONL013409, GWHPDONL013705
OG0000680	GWHPDONJ004509, GWHPDONJ004885, GWHPDONJ004886	GWHPDONL014118
OG0000681	GWHPDONJ004525, GWHPDONJ005841	GWHPDONL001822, GWHPDONL007800
OG0000682	GWHPDONJ004535	GWHPDONL000058, GWHPDONL001240, GWHPDONL009257
OG0000683	GWHPDONJ004548, GWHPDONJ004879	GWHPDONL003804, GWHPDONL006273
OG0000684	GWHPDONJ004552, GWHPDONJ004878	GWHPDONL007980, GWHPDONL009762
OG0000685	GWHPDONJ004562	GWHPDONL009466, GWHPDONL012960, GWHPDONL012962
OG0000686	GWHPDONJ004571, GWHPDONJ004573, GWHPDONJ010122	GWHPDONL009720
OG0000687	GWHPDONJ004585	GWHPDONL003315, GWHPDONL003316, GWHPDONL011717
OG0000688	GWHPDONJ004601	GWHPDONL004719, GWHPDONL009354, GWHPDONL013811
OG0000689	GWHPDONJ004620, GWHPDONJ009502	GWHPDONL000018, GWHPDONL010125
OG0000690	GWHPDONJ004648	GWHPDONL000622, GWHPDONL002392, GWHPDONL010848
OG0000691	GWHPDONJ004672, GWHPDONJ006248	GWHPDONL008992, GWHPDONL008993
OG0000692	GWHPDONJ004708	GWHPDONL001223, GWHPDONL003485, GWHPDONL008638
OG0000693	GWHPDONJ004714	GWHPDONL001479, GWHPDONL002010, GWHPDONL003123
OG0000694	GWHPDONJ004721	GWHPDONL001826, GWHPDONL002227, GWHPDONL006319
OG0000695	GWHPDONJ004726	GWHPDONL001815, GWHPDONL003092, GWHPDONL011982
OG0000696	GWHPDONJ004737	GWHPDONL004998, GWHPDONL007676, GWHPDONL012847
OG0000697	GWHPDONJ004749	GWHPDONL009337, GWHPDONL012361, GWHPDONL013398
OG0000698	GWHPDONJ004754	GWHPDONL003102, GWHPDONL003664, GWHPDONL006801
OG0000699	GWHPDONJ004784	GWHPDONL001811, GWHPDONL003081, GWHPDONL003082
OG0000700	GWHPDONJ004806	GWHPDONL001173, GWHPDONL003438, GWHPDONL007497
OG0000701	GWHPDONJ004807	GWHPDONL001635, GWHPDONL005481, GWHPDONL006681
OG0000702	GWHPDONJ004813	GWHPDONL000382, GWHPDONL006565, GWHPDONL011302
OG0000703	GWHPDONJ004832	GWHPDONL008554, GWHPDONL009429, GWHPDONL009430
OG0000704	GWHPDONJ004859, GWHPDONJ004860, GWHPDONJ010124	GWHPDONL008926
OG0000705	GWHPDONJ004864, GWHPDONJ004865, GWHPDONJ010133	GWHPDONL000744
OG0000706	GWHPDONJ004925	GWHPDONL000091, GWHPDONL002111, GWHPDONL013114
OG0000707	GWHPDONJ004932, GWHPDONJ008683	GWHPDONL000340, GWHPDONL007604
OG0000708	GWHPDONJ004935, GWHPDONJ008685	GWHPDONL005082, GWHPDONL010209
OG0000709	GWHPDONJ004976, GWHPDONJ008701	GWHPDONL001378, GWHPDONL012797
OG0000710	GWHPDONJ004977	GWHPDONL006633, GWHPDONL008644, GWHPDONL011145
OG0000711	GWHPDONJ005016, GWHPDONJ006678	GWHPDONL001550, GWHPDONL009670
OG0000712	GWHPDONJ005028	GWHPDONL003192, GWHPDONL003244, GWHPDONL003569
OG0000713	GWHPDONJ005031	GWHPDONL003583, GWHPDONL004239, GWHPDONL004740
OG0000714	GWHPDONJ005039	GWHPDONL004952, GWHPDONL004954, GWHPDONL005827
OG0000715	GWHPDONJ005058	GWHPDONL003981, GWHPDONL005849, GWHPDONL008957
OG0000716	GWHPDONJ005086, GWHPDONJ009243	GWHPDONL006454, GWHPDONL006998
OG0000717	GWHPDONJ005124	GWHPDONL004785, GWHPDONL006418, GWHPDONL012258
OG0000718	GWHPDONJ005138	GWHPDONL000863, GWHPDONL002857, GWHPDONL004305
OG0000719	GWHPDONJ005143	GWHPDONL004327, GWHPDONL011367, GWHPDONL013208
OG0000720	GWHPDONJ005150	GWHPDONL004335, GWHPDONL009884, GWHPDONL011777
OG0000721	GWHPDONJ005165	GWHPDONL006255, GWHPDONL008462, GWHPDONL011214
OG0000722	GWHPDONJ005169	GWHPDONL006244, GWHPDONL008472, GWHPDONL012452
OG0000723	GWHPDONJ005198	GWHPDONL005702, GWHPDONL011415, GWHPDONL013296
OG0000724	GWHPDONJ005204	GWHPDONL000650, GWHPDONL001375, GWHPDONL001376
OG0000725	GWHPDONJ005226	GWHPDONL001759, GWHPDONL012127, GWHPDONL012128
OG0000726	GWHPDONJ005238	GWHPDONL002668, GWHPDONL004009, GWHPDONL006241
OG0000727	GWHPDONJ005256, GWHPDONJ007642	GWHPDONL011756, GWHPDONL012404
OG0000728	GWHPDONJ005259, GWHPDONJ006791	GWHPDONL002322, GWHPDONL002403
OG0000729	GWHPDONJ005371	GWHPDONL001660, GWHPDONL006413, GWHPDONL007909
OG0000730	GWHPDONJ005377	GWHPDONL001004, GWHPDONL001005, GWHPDONL005940
OG0000731	GWHPDONJ005391	GWHPDONL006607, GWHPDONL006910, GWHPDONL012367
OG0000732	GWHPDONJ005457	GWHPDONL002287, GWHPDONL007117, GWHPDONL012588
OG0000733	GWHPDONJ005499, GWHPDONJ006547	GWHPDONL008778, GWHPDONL013917
OG0000734	GWHPDONJ005508	GWHPDONL006556, GWHPDONL007421, GWHPDONL009926
OG0000735	GWHPDONJ005532	GWHPDONL003982, GWHPDONL008955, GWHPDONL012017
OG0000736	GWHPDONJ005535	GWHPDONL005913, GWHPDONL008912, GWHPDONL013472
OG0000737	GWHPDONJ005543	GWHPDONL007124, GWHPDONL008467, GWHPDONL008468
OG0000738	GWHPDONJ005550	GWHPDONL001652, GWHPDONL005596, GWHPDONL013002
OG0000739	GWHPDONJ005566, GWHPDONJ007197	GWHPDONL009611, GWHPDONL009782
OG0000740	GWHPDONJ005571, GWHPDONJ006417	GWHPDONL005780, GWHPDONL006682
OG0000741	GWHPDONJ005572, GWHPDONJ006163, GWHPDONJ006507	GWHPDONL005783
OG0000742	GWHPDONJ005593	GWHPDONL009247, GWHPDONL012353, GWHPDONL013338
OG0000743	GWHPDONJ005713	GWHPDONL005504, GWHPDONL008984, GWHPDONL013520
OG0000744	GWHPDONJ005731	GWHPDONL000546, GWHPDONL004645, GWHPDONL005364
OG0000745	GWHPDONJ005745, GWHPDONJ010641	GWHPDONL007038, GWHPDONL012026
OG0000746	GWHPDONJ005752, GWHPDONJ006715, GWHPDONJ009127, GWHPDONJ009748	
OG0000747	GWHPDONJ005756	GWHPDONL003861, GWHPDONL010399, GWHPDONL011309
OG0000748	GWHPDONJ005763	GWHPDONL005633, GWHPDONL005634, GWHPDONL008323
OG0000749	GWHPDONJ005790	GWHPDONL003622, GWHPDONL004937, GWHPDONL004938
OG0000750	GWHPDONJ005817, GWHPDONJ005820	GWHPDONL004996, GWHPDONL008590
OG0000751	GWHPDONJ005856	GWHPDONL006992, GWHPDONL007454, GWHPDONL011003
OG0000752	GWHPDONJ005875, GWHPDONJ009809	GWHPDONL004804, GWHPDONL006403
OG0000753	GWHPDONJ005890	GWHPDONL004834, GWHPDONL004995, GWHPDONL012845
OG0000754	GWHPDONJ005969	GWHPDONL004075, GWHPDONL006253, GWHPDONL013017
OG0000755	GWHPDONJ006051	GWHPDONL007456, GWHPDONL008215, GWHPDONL008217
OG0000756	GWHPDONJ006078	GWHPDONL000571, GWHPDONL006561, GWHPDONL010702
OG0000757	GWHPDONJ006079	GWHPDONL001978, GWHPDONL001979, GWHPDONL006545
OG0000758	GWHPDONJ006085	GWHPDONL010713, GWHPDONL012457, GWHPDONL013925
OG0000759	GWHPDONJ006105	GWHPDONL000503, GWHPDONL002698, GWHPDONL002741
OG0000760	GWHPDONJ006107	GWHPDONL000297, GWHPDONL005466, GWHPDONL011751
OG0000761	GWHPDONJ006125	GWHPDONL002037, GWHPDONL009726, GWHPDONL010699
OG0000762	GWHPDONJ006135	GWHPDONL004479, GWHPDONL004731, GWHPDONL011222
OG0000763	GWHPDONJ006142, GWHPDONJ007979	GWHPDONL005512, GWHPDONL006602
OG0000764	GWHPDONJ006157	GWHPDONL002042, GWHPDONL003049, GWHPDONL003050
OG0000765	GWHPDONJ006161	GWHPDONL008090, GWHPDONL008144, GWHPDONL009315
OG0000766	GWHPDONJ006162	GWHPDONL002103, GWHPDONL009411, GWHPDONL014106
OG0000767	GWHPDONJ006182	GWHPDONL000255, GWHPDONL003683, GWHPDONL006326
OG0000768	GWHPDONJ006197	GWHPDONL009123, GWHPDONL010109, GWHPDONL013707
OG0000769	GWHPDONJ006201	GWHPDONL002181, GWHPDONL004667, GWHPDONL009168
OG0000770	GWHPDONJ006221	GWHPDONL005193, GWHPDONL005579, GWHPDONL005580
OG0000771	GWHPDONJ006265, GWHPDONJ009919	GWHPDONL000173, GWHPDONL005010
OG0000772	GWHPDONJ006269	GWHPDONL005024, GWHPDONL005169, GWHPDONL006214
OG0000773	GWHPDONJ006283	GWHPDONL000314, GWHPDONL001433, GWHPDONL001434
OG0000774	GWHPDONJ006303	GWHPDONL002646, GWHPDONL002647, GWHPDONL008088
OG0000775	GWHPDONJ006306	GWHPDONL004098, GWHPDONL004377, GWHPDONL011149
OG0000776	GWHPDONJ006406	GWHPDONL008287, GWHPDONL008997, GWHPDONL009465
OG0000777	GWHPDONJ006419	GWHPDONL002356, GWHPDONL002581, GWHPDONL002582
OG0000778	GWHPDONJ006469	GWHPDONL009308, GWHPDONL009309, GWHPDONL009310
OG0000779	GWHPDONJ006471	GWHPDONL006516, GWHPDONL012659, GWHPDONL012770
OG0000780	GWHPDONJ006482, GWHPDONJ009241	GWHPDONL000718, GWHPDONL003904
OG0000781	GWHPDONJ006488	GWHPDONL000592, GWHPDONL007667, GWHPDONL011519
OG0000782	GWHPDONJ006499	GWHPDONL001097, GWHPDONL001098, GWHPDONL012356
OG0000783	GWHPDONJ006526	GWHPDONL000403, GWHPDONL003230, GWHPDONL004283
OG0000784	GWHPDONJ006556	GWHPDONL002276, GWHPDONL003760, GWHPDONL006348
OG0000785	GWHPDONJ006568	GWHPDONL002994, GWHPDONL013653, GWHPDONL013861
OG0000786	GWHPDONJ006574, GWHPDONJ008675	GWHPDONL010790, GWHPDONL011925
OG0000787	GWHPDONJ006586	GWHPDONL000657, GWHPDONL006834, GWHPDONL008831
OG0000788	GWHPDONJ006590	GWHPDONL004519, GWHPDONL007450, GWHPDONL012473
OG0000789	GWHPDONJ006591	GWHPDONL000141, GWHPDONL012212, GWHPDONL012294
OG0000790	GWHPDONJ006599	GWHPDONL003072, GWHPDONL003538, GWHPDONL011878
OG0000791	GWHPDONJ006634	GWHPDONL001252, GWHPDONL002134, GWHPDONL003133
OG0000792	GWHPDONJ006668	GWHPDONL000107, GWHPDONL010636, GWHPDONL011067
OG0000793	GWHPDONJ006670	GWHPDONL008286, GWHPDONL008569, GWHPDONL012384
OG0000794	GWHPDONJ006675	GWHPDONL001566, GWHPDONL001880, GWHPDONL001881
OG0000795	GWHPDONJ006693, GWHPDONJ006717	GWHPDONL008250, GWHPDONL013476
OG0000796	GWHPDONJ006700	GWHPDONL004331, GWHPDONL009245, GWHPDONL009246
OG0000797	GWHPDONJ006758	GWHPDONL004141, GWHPDONL008913, GWHPDONL008914
OG0000798	GWHPDONJ006759	GWHPDONL002625, GWHPDONL006551, GWHPDONL009825
OG0000799	GWHPDONJ006790	GWHPDONL006182, GWHPDONL009587, GWHPDONL014049
OG0000800	GWHPDONJ006808	GWHPDONL001180, GWHPDONL006675, GWHPDONL006777
OG0000801	GWHPDONJ006904	GWHPDONL009945, GWHPDONL011014, GWHPDONL012142
OG0000802	GWHPDONJ006906	GWHPDONL009687, GWHPDONL011298, GWHPDONL011299
OG0000803	GWHPDONJ006907	GWHPDONL000109, GWHPDONL005406, GWHPDONL007142
OG0000804	GWHPDONJ006914	GWHPDONL000796, GWHPDONL005756, GWHPDONL009643
OG0000805	GWHPDONJ006915	GWHPDONL000436, GWHPDONL007870, GWHPDONL008223
OG0000806	GWHPDONJ006940	GWHPDONL003684, GWHPDONL008314, GWHPDONL011494
OG0000807	GWHPDONJ006969	GWHPDONL003584, GWHPDONL004743, GWHPDONL007251
OG0000808	GWHPDONJ006991, GWHPDONJ010404	GWHPDONL003422, GWHPDONL013595
OG0000809	GWHPDONJ007009	GWHPDONL001972, GWHPDONL006742, GWHPDONL013188
OG0000810	GWHPDONJ007015	GWHPDONL006062, GWHPDONL011490, GWHPDONL011812
OG0000811	GWHPDONJ007040	GWHPDONL012403, GWHPDONL013660, GWHPDONL013661
OG0000812	GWHPDONJ007113, GWHPDONJ008787	GWHPDONL011342, GWHPDONL014220
OG0000813	GWHPDONJ007117	GWHPDONL007509, GWHPDONL007714, GWHPDONL013314
OG0000814	GWHPDONJ007133	GWHPDONL001132, GWHPDONL002061, GWHPDONL008557
OG0000815	GWHPDONJ007145	GWHPDONL012841, GWHPDONL012863, GWHPDONL014159
OG0000816	GWHPDONJ007165	GWHPDONL002488, GWHPDONL011799, GWHPDONL012576
OG0000817	GWHPDONJ007171, GWHPDONJ008759, GWHPDONJ009126	GWHPDONL013740
OG0000818	GWHPDONJ007222	GWHPDONL005026, GWHPDONL009936, GWHPDONL011237
OG0000819	GWHPDONJ007232	GWHPDONL000110, GWHPDONL005013, GWHPDONL009217
OG0000820	GWHPDONJ007254	GWHPDONL002065, GWHPDONL008879, GWHPDONL011133
OG0000821	GWHPDONJ007260	GWHPDONL001992, GWHPDONL002760, GWHPDONL011719
OG0000822	GWHPDONJ007279	GWHPDONL000504, GWHPDONL005873, GWHPDONL008082
OG0000823	GWHPDONJ007298	GWHPDONL006506, GWHPDONL008664, GWHPDONL008731
OG0000824	GWHPDONJ007299, GWHPDONJ010877	GWHPDONL002676, GWHPDONL002677
OG0000825	GWHPDONJ007355, GWHPDONJ007360	GWHPDONL010548, GWHPDONL011111
OG0000826	GWHPDONJ007379, GWHPDONJ009416, GWHPDONJ010647	GWHPDONL008234
OG0000827	GWHPDONJ007398	GWHPDONL000591, GWHPDONL000928, GWHPDONL001659
OG0000828	GWHPDONJ007406	GWHPDONL002976, GWHPDONL005004, GWHPDONL013984
OG0000829	GWHPDONJ007416	GWHPDONL005142, GWHPDONL005143, GWHPDONL010586
OG0000830	GWHPDONJ007547	GWHPDONL006639, GWHPDONL008586, GWHPDONL008975
OG0000831	GWHPDONJ007565	GWHPDONL008343, GWHPDONL012540, GWHPDONL013829
OG0000832	GWHPDONJ007577	GWHPDONL002619, GWHPDONL003807, GWHPDONL013121
OG0000833	GWHPDONJ007578, GWHPDONJ007918	GWHPDONL011179, GWHPDONL012649
OG0000834	GWHPDONJ007624, GWHPDONJ008658	GWHPDONL004863, GWHPDONL004896
OG0000835	GWHPDONJ007636, GWHPDONJ008677	GWHPDONL003826, GWHPDONL008409
OG0000836	GWHPDONJ007660	GWHPDONL003600, GWHPDONL003601, GWHPDONL013290
OG0000837	GWHPDONJ007693	GWHPDONL000331, GWHPDONL007581, GWHPDONL008344
OG0000838	GWHPDONJ007703	GWHPDONL001701, GWHPDONL009090, GWHPDONL010516
OG0000839	GWHPDONJ007718	GWHPDONL002269, GWHPDONL008976, GWHPDONL010233
OG0000840	GWHPDONJ007725	GWHPDONL003196, GWHPDONL011480, GWHPDONL012393
OG0000841	GWHPDONJ007776	GWHPDONL005620, GWHPDONL006495, GWHPDONL011832
OG0000842	GWHPDONJ007799	GWHPDONL004639, GWHPDONL005886, GWHPDONL013103
OG0000843	GWHPDONJ007813	GWHPDONL000946, GWHPDONL000947, GWHPDONL009664
OG0000844	GWHPDONJ007833	GWHPDONL001935, GWHPDONL006902, GWHPDONL014132
OG0000845	GWHPDONJ007861	GWHPDONL002519, GWHPDONL011608, GWHPDONL012105
OG0000846	GWHPDONJ007925	GWHPDONL001988, GWHPDONL006137, GWHPDONL007422
OG0000847	GWHPDONJ007944	GWHPDONL003030, GWHPDONL011181, GWHPDONL012732
OG0000848	GWHPDONJ007949	GWHPDONL001577, GWHPDONL003914, GWHPDONL006031
OG0000849	GWHPDONJ007971	GWHPDONL010506, GWHPDONL011942, GWHPDONL014042
OG0000850	GWHPDONJ007990	GWHPDONL001798, GWHPDONL006360, GWHPDONL008086
OG0000851	GWHPDONJ008011	GWHPDONL008476, GWHPDONL008771, GWHPDONL008774
OG0000852	GWHPDONJ008018	GWHPDONL000737, GWHPDONL008188, GWHPDONL010781
OG0000853	GWHPDONJ008057	GWHPDONL005964, GWHPDONL009026, GWHPDONL012091
OG0000854	GWHPDONJ008091	GWHPDONL000910, GWHPDONL001837, GWHPDONL013084
OG0000855	GWHPDONJ008144	GWHPDONL006054, GWHPDONL009492, GWHPDONL010131
OG0000856	GWHPDONJ008160	GWHPDONL003755, GWHPDONL012879, GWHPDONL013492
OG0000857	GWHPDONJ008165, GWHPDONJ010568	GWHPDONL002580, GWHPDONL013510
OG0000858	GWHPDONJ008215	GWHPDONL000772, GWHPDONL000908, GWHPDONL011173
OG0000859	GWHPDONJ008216	GWHPDONL002281, GWHPDONL002283, GWHPDONL002332
OG0000860	GWHPDONJ008241	GWHPDONL001698, GWHPDONL010551, GWHPDONL011448
OG0000861	GWHPDONJ008257	GWHPDONL005935, GWHPDONL010718, GWHPDONL013142
OG0000862	GWHPDONJ008271, GWHPDONJ009516, GWHPDONJ010846	GWHPDONL001668
OG0000863	GWHPDONJ008315	GWHPDONL004601, GWHPDONL005739, GWHPDONL005740
OG0000864	GWHPDONJ008324	GWHPDONL000134, GWHPDONL002492, GWHPDONL009686
OG0000865	GWHPDONJ008343	GWHPDONL000400, GWHPDONL001884, GWHPDONL003066
OG0000866	GWHPDONJ008353, GWHPDONJ008355, GWHPDONJ008356	GWHPDONL003185
OG0000867	GWHPDONJ008446	GWHPDONL007241, GWHPDONL011516, GWHPDONL011535
OG0000868	GWHPDONJ008480	GWHPDONL008406, GWHPDONL013533, GWHPDONL013534
OG0000869	GWHPDONJ008493	GWHPDONL000326, GWHPDONL000989, GWHPDONL013311
OG0000870	GWHPDONJ008516	GWHPDONL000948, GWHPDONL007515, GWHPDONL011132
OG0000871	GWHPDONJ008530, GWHPDONJ010780	GWHPDONL002825, GWHPDONL003679
OG0000872	GWHPDONJ008619	GWHPDONL000254, GWHPDONL000876, GWHPDONL006569
OG0000873	GWHPDONJ008654	GWHPDONL002304, GWHPDONL003837, GWHPDONL007924
OG0000874	GWHPDONJ008711	GWHPDONL008854, GWHPDONL013554, GWHPDONL014045
OG0000875	GWHPDONJ008808	GWHPDONL009933, GWHPDONL010129, GWHPDONL011529
OG0000876	GWHPDONJ008849	GWHPDONL004034, GWHPDONL010960, GWHPDONL014186
OG0000877	GWHPDONJ008859	GWHPDONL002659, GWHPDONL013495, GWHPDONL014090
OG0000878	GWHPDONJ008867	GWHPDONL000393, GWHPDONL000394, GWHPDONL003309
OG0000879	GWHPDONJ008912	GWHPDONL000653, GWHPDONL000803, GWHPDONL002208
OG0000880	GWHPDONJ008917	GWHPDONL000421, GWHPDONL006162, GWHPDONL013288
OG0000881	GWHPDONJ008924	GWHPDONL002104, GWHPDONL002105, GWHPDONL009449
OG0000882	GWHPDONJ008938	GWHPDONL005372, GWHPDONL005986, GWHPDONL007033
OG0000883	GWHPDONJ008966	GWHPDONL003181, GWHPDONL004059, GWHPDONL006459
OG0000884	GWHPDONJ008980	GWHPDONL011251, GWHPDONL011439, GWHPDONL012587
OG0000885	GWHPDONJ009005	GWHPDONL004557, GWHPDONL006166, GWHPDONL009255
OG0000886	GWHPDONJ009016	GWHPDONL000830, GWHPDONL006469, GWHPDONL006886
OG0000887	GWHPDONJ009029	GWHPDONL008320, GWHPDONL012817, GWHPDONL012818
OG0000888	GWHPDONJ009032	GWHPDONL001683, GWHPDONL010940, GWHPDONL012560
OG0000889	GWHPDONJ009043	GWHPDONL000955, GWHPDONL000956, GWHPDONL009627
OG0000890	GWHPDONJ009123	GWHPDONL005923, GWHPDONL009757, GWHPDONL012613
OG0000891	GWHPDONJ009168, GWHPDONJ009169, GWHPDONJ009170	GWHPDONL011172
OG0000892	GWHPDONJ009208	GWHPDONL008949, GWHPDONL012990, GWHPDONL014099
OG0000893	GWHPDONJ009231	GWHPDONL001330, GWHPDONL001521, GWHPDONL005255
OG0000894	GWHPDONJ009255	GWHPDONL002333, GWHPDONL007911, GWHPDONL010340
OG0000895	GWHPDONJ009338	GWHPDONL004793, GWHPDONL013680, GWHPDONL013731
OG0000896	GWHPDONJ009384	GWHPDONL004717, GWHPDONL013744, GWHPDONL013807
OG0000897	GWHPDONJ009404	GWHPDONL000013, GWHPDONL007180, GWHPDONL010822
OG0000898	GWHPDONJ009415	GWHPDONL000790, GWHPDONL000791, GWHPDONL004341
OG0000899	GWHPDONJ009515	GWHPDONL001366, GWHPDONL002439, GWHPDONL002440
OG0000900	GWHPDONJ009526	GWHPDONL002984, GWHPDONL003127, GWHPDONL014058
OG0000901	GWHPDONJ009532	GWHPDONL002943, GWHPDONL003780, GWHPDONL011647
OG0000902	GWHPDONJ009568	GWHPDONL005979, GWHPDONL006150, GWHPDONL009775
OG0000903	GWHPDONJ009632	GWHPDONL007569, GWHPDONL007996, GWHPDONL008261
OG0000904	GWHPDONJ009639	GWHPDONL001201, GWHPDONL001202, GWHPDONL002575
OG0000905	GWHPDONJ009641	GWHPDONL000690, GWHPDONL002487, GWHPDONL008636
OG0000906	GWHPDONJ009669	GWHPDONL001717, GWHPDONL008628, GWHPDONL012871
OG0000907	GWHPDONJ009673	GWHPDONL004609, GWHPDONL005478, GWHPDONL012125
OG0000908	GWHPDONJ009688	GWHPDONL001241, GWHPDONL003119, GWHPDONL006544
OG0000909	GWHPDONJ009690	GWHPDONL000607, GWHPDONL000735, GWHPDONL004807
OG0000910	GWHPDONJ009720	GWHPDONL004073, GWHPDONL004512, GWHPDONL013010
OG0000911	GWHPDONJ009773, GWHPDONJ009774	GWHPDONL009512, GWHPDONL011904
OG0000912	GWHPDONJ009838	GWHPDONL000978, GWHPDONL012418, GWHPDONL013140
OG0000913	GWHPDONJ009845	GWHPDONL005152, GWHPDONL013130, GWHPDONL013132
OG0000914	GWHPDONJ009975	GWHPDONL005060, GWHPDONL007572, GWHPDONL011985
OG0000915	GWHPDONJ010006	GWHPDONL007432, GWHPDONL008023, GWHPDONL012077
OG0000916	GWHPDONJ010033	GWHPDONL000260, GWHPDONL002316, GWHPDONL005267
OG0000917	GWHPDONJ010037	GWHPDONL000428, GWHPDONL007864, GWHPDONL012704
OG0000918	GWHPDONJ010105	GWHPDONL004099, GWHPDONL004308, GWHPDONL008617
OG0000919	GWHPDONJ010110	GWHPDONL000727, GWHPDONL001338, GWHPDONL013789
OG0000920	GWHPDONJ010119, GWHPDONJ010212	GWHPDONL003109, GWHPDONL007327
OG0000921	GWHPDONJ010123	GWHPDONL000767, GWHPDONL008203, GWHPDONL014093
OG0000922	GWHPDONJ010199, GWHPDONJ010203	GWHPDONL004970, GWHPDONL012395
OG0000923	GWHPDONJ010279	GWHPDONL008263, GWHPDONL009541, GWHPDONL010169
OG0000924	GWHPDONJ010286	GWHPDONL002504, GWHPDONL006882, GWHPDONL012344
OG0000925	GWHPDONJ010316	GWHPDONL001372, GWHPDONL010937, GWHPDONL010938
OG0000926	GWHPDONJ010320	GWHPDONL004718, GWHPDONL009352, GWHPDONL013809
OG0000927	GWHPDONJ010354	GWHPDONL004170, GWHPDONL004385, GWHPDONL011318
OG0000928	GWHPDONJ010372	GWHPDONL000032, GWHPDONL010222, GWHPDONL010471
OG0000929	GWHPDONJ010419	GWHPDONL000245, GWHPDONL001987, GWHPDONL008970
OG0000930	GWHPDONJ010481	GWHPDONL001013, GWHPDONL007982, GWHPDONL011553
OG0000931	GWHPDONJ010504	GWHPDONL004746, GWHPDONL007258, GWHPDONL012989
OG0000932	GWHPDONJ010509	GWHPDONL001305, GWHPDONL007887, GWHPDONL008483
OG0000933	GWHPDONJ010558	GWHPDONL002162, GWHPDONL008501, GWHPDONL011833
OG0000934	GWHPDONJ010567	GWHPDONL003193, GWHPDONL003571, GWHPDONL011508
OG0000935	GWHPDONJ010693	GWHPDONL001455, GWHPDONL005718, GWHPDONL013910
OG0000936	GWHPDONJ010694	GWHPDONL005758, GWHPDONL007010, GWHPDONL007326
OG0000937	GWHPDONJ010717, GWHPDONJ010718	GWHPDONL000994, GWHPDONL013694
OG0000938	GWHPDONJ010762	GWHPDONL003526, GWHPDONL008891, GWHPDONL012333
OG0000939	GWHPDONJ010774	GWHPDONL005920, GWHPDONL007823, GWHPDONL014029
OG0000940	GWHPDONJ010827	GWHPDONL007690, GWHPDONL010874, GWHPDONL012116
OG0000941	GWHPDONJ010832	GWHPDONL000567, GWHPDONL002084, GWHPDONL010882
OG0000942	GWHPDONJ010833	GWHPDONL011627, GWHPDONL011658, GWHPDONL011659
OG0000943	GWHPDONJ010844	GWHPDONL001761, GWHPDONL010806, GWHPDONL010807
OG0000944	GWHPDONJ010895	GWHPDONL002935, GWHPDONL008520, GWHPDONL010880
OG0000945	GWHPDONJ010917	GWHPDONL006874, GWHPDONL010722, GWHPDONL011361
OG0000946	Null	GWHPDONL000067, GWHPDONL007630, GWHPDONL008943, GWHPDONL013003
OG0000947	Null	GWHPDONL000169, GWHPDONL004931, GWHPDONL010620, GWHPDONL014242
OG0000948	Null	GWHPDONL000207, GWHPDONL006118, GWHPDONL007043, GWHPDONL007044
OG0000949	Null	GWHPDONL000228, GWHPDONL005703, GWHPDONL005704, GWHPDONL010914
OG0000950	Null	GWHPDONL000553, GWHPDONL000554, GWHPDONL002569, GWHPDONL004655
OG0000951	Null	GWHPDONL000585, GWHPDONL002180, GWHPDONL008491, GWHPDONL012229
OG0000952	Null	GWHPDONL000666, GWHPDONL006110, GWHPDONL006462, GWHPDONL006917
OG0000953	Null	GWHPDONL000801, GWHPDONL000802, GWHPDONL004040, GWHPDONL006082
OG0000954	Null	GWHPDONL000858, GWHPDONL004909, GWHPDONL005575, GWHPDONL008687
OG0000955	Null	GWHPDONL000963, GWHPDONL001147, GWHPDONL004513, GWHPDONL009790
OG0000956	Null	GWHPDONL000974, GWHPDONL004176, GWHPDONL006298, GWHPDONL011436
OG0000957	Null	GWHPDONL001038, GWHPDONL005816, GWHPDONL005976, GWHPDONL009891
OG0000958	Null	GWHPDONL001085, GWHPDONL001290, GWHPDONL006390, GWHPDONL011786
OG0000959	Null	GWHPDONL001139, GWHPDONL002007, GWHPDONL010915, GWHPDONL012750
OG0000960	Null	GWHPDONL001174, GWHPDONL001175, GWHPDONL003104, GWHPDONL004726
OG0000961	Null	GWHPDONL001192, GWHPDONL004509, GWHPDONL009866, GWHPDONL011552
OG0000962	Null	GWHPDONL001215, GWHPDONL001488, GWHPDONL006939, GWHPDONL013649
OG0000963	Null	GWHPDONL001216, GWHPDONL009906, GWHPDONL011708, GWHPDONL013950
OG0000964	Null	GWHPDONL001232, GWHPDONL002686, GWHPDONL004134, GWHPDONL012434
OG0000965	Null	GWHPDONL001309, GWHPDONL001310, GWHPDONL004262, GWHPDONL004701
OG0000966	Null	GWHPDONL001325, GWHPDONL002408, GWHPDONL004477, GWHPDONL008631
OG0000967	Null	GWHPDONL001402, GWHPDONL001403, GWHPDONL001404, GWHPDONL014064
OG0000968	Null	GWHPDONL001407, GWHPDONL004019, GWHPDONL011847, GWHPDONL013894
OG0000969	Null	GWHPDONL001558, GWHPDONL001875, GWHPDONL005304, GWHPDONL010206
OG0000970	Null	GWHPDONL001634, GWHPDONL005483, GWHPDONL005485, GWHPDONL005486
OG0000971	Null	GWHPDONL001720, GWHPDONL002833, GWHPDONL006201, GWHPDONL012866
OG0000972	Null	GWHPDONL002001, GWHPDONL002564, GWHPDONL010410, GWHPDONL011973
OG0000973	Null	GWHPDONL002121, GWHPDONL002123, GWHPDONL004503, GWHPDONL007592
OG0000974	Null	GWHPDONL002131, GWHPDONL006541, GWHPDONL006623, GWHPDONL011161
OG0000975	Null	GWHPDONL002178, GWHPDONL010257, GWHPDONL013608, GWHPDONL013937
OG0000976	Null	GWHPDONL002223, GWHPDONL002224, GWHPDONL002225, GWHPDONL013560
OG0000977	Null	GWHPDONL002236, GWHPDONL002305, GWHPDONL004087, GWHPDONL004091
OG0000978	Null	GWHPDONL002310, GWHPDONL010224, GWHPDONL012422, GWHPDONL013911
OG0000979	Null	GWHPDONL002620, GWHPDONL004278, GWHPDONL010469, GWHPDONL012244
OG0000980	Null	GWHPDONL002636, GWHPDONL002637, GWHPDONL002638, GWHPDONL002639
OG0000981	Null	GWHPDONL002658, GWHPDONL003685, GWHPDONL003686, GWHPDONL009712
OG0000982	Null	GWHPDONL003165, GWHPDONL006186, GWHPDONL009143, GWHPDONL010029
OG0000983	Null	GWHPDONL003312, GWHPDONL003313, GWHPDONL006989, GWHPDONL012816
OG0000984	Null	GWHPDONL003327, GWHPDONL003328, GWHPDONL003329, GWHPDONL003952
OG0000985	Null	GWHPDONL003356, GWHPDONL004730, GWHPDONL005373, GWHPDONL006788
OG0000986	Null	GWHPDONL003515, GWHPDONL003516, GWHPDONL009559, GWHPDONL009911
OG0000987	Null	GWHPDONL003592, GWHPDONL008641, GWHPDONL008751, GWHPDONL013258
OG0000988	Null	GWHPDONL003709, GWHPDONL004349, GWHPDONL009852, GWHPDONL010563
OG0000989	Null	GWHPDONL003770, GWHPDONL005149, GWHPDONL006345, GWHPDONL013136
OG0000990	Null	GWHPDONL003940, GWHPDONL006491, GWHPDONL006492, GWHPDONL012483
OG0000991	Null	GWHPDONL004055, GWHPDONL004056, GWHPDONL004057, GWHPDONL004058
OG0000992	Null	GWHPDONL004089, GWHPDONL007702, GWHPDONL011254, GWHPDONL013213
OG0000993	Null	GWHPDONL004179, GWHPDONL005160, GWHPDONL007672, GWHPDONL007795
OG0000994	Null	GWHPDONL004186, GWHPDONL010517, GWHPDONL013458, GWHPDONL013459
OG0000995	Null	GWHPDONL004222, GWHPDONL004224, GWHPDONL004225, GWHPDONL010459
OG0000996	Null	GWHPDONL004372, GWHPDONL007284, GWHPDONL008198, GWHPDONL009862
OG0000997	Null	GWHPDONL004602, GWHPDONL007320, GWHPDONL013146, GWHPDONL013147
OG0000998	Null	GWHPDONL004783, GWHPDONL006130, GWHPDONL009645, GWHPDONL011660
OG0000999	Null	GWHPDONL005385, GWHPDONL005386, GWHPDONL005387, GWHPDONL013244
OG0001000	Null	GWHPDONL005533, GWHPDONL006169, GWHPDONL006282, GWHPDONL009239
OG0001001	Null	GWHPDONL005890, GWHPDONL007095, GWHPDONL010186, GWHPDONL011081
OG0001002	Null	GWHPDONL005938, GWHPDONL008893, GWHPDONL009999, GWHPDONL010000
OG0001003	Null	GWHPDONL005971, GWHPDONL005973, GWHPDONL007075, GWHPDONL013934
OG0001004	Null	GWHPDONL006040, GWHPDONL008864, GWHPDONL008865, GWHPDONL013967
OG0001005	Null	GWHPDONL006081, GWHPDONL006445, GWHPDONL012789, GWHPDONL012790
OG0001006	Null	GWHPDONL006112, GWHPDONL006712, GWHPDONL007895, GWHPDONL011011
OG0001007	Null	GWHPDONL006515, GWHPDONL007633, GWHPDONL012997, GWHPDONL013240
OG0001008	Null	GWHPDONL007015, GWHPDONL010018, GWHPDONL013571, GWHPDONL013830
OG0001009	Null	GWHPDONL007016, GWHPDONL007354, GWHPDONL010255, GWHPDONL010853
OG0001010	Null	GWHPDONL007063, GWHPDONL008835, GWHPDONL011581, GWHPDONL011713
OG0001011	Null	GWHPDONL007127, GWHPDONL007404, GWHPDONL009207, GWHPDONL010786
OG0001012	Null	GWHPDONL007221, GWHPDONL007222, GWHPDONL007223, GWHPDONL007224
OG0001013	Null	GWHPDONL007316, GWHPDONL009080, GWHPDONL011012, GWHPDONL011575
OG0001014	Null	GWHPDONL007637, GWHPDONL007775, GWHPDONL010681, GWHPDONL011650
OG0001015	Null	GWHPDONL008596, GWHPDONL011483, GWHPDONL013397, GWHPDONL014199
OG0001016	Null	GWHPDONL008878, GWHPDONL009154, GWHPDONL009934, GWHPDONL010239
OG0001017	Null	GWHPDONL009755, GWHPDONL010337, GWHPDONL011197, GWHPDONL012152
OG0001018	Null	GWHPDONL009793, GWHPDONL012109, GWHPDONL013252, GWHPDONL014130
OG0001019	GWHPDONJ000004	GWHPDONL006971, GWHPDONL013438
OG0001020	GWHPDONJ000015, GWHPDONJ008380	GWHPDONL003519
OG0001021	GWHPDONJ000016, GWHPDONJ010058	GWHPDONL006468
OG0001022	GWHPDONJ000025, GWHPDONJ010556	GWHPDONL012165
OG0001023	GWHPDONJ000037, GWHPDONJ009059	GWHPDONL009445
OG0001024	GWHPDONJ000064, GWHPDONJ008467	GWHPDONL003873
OG0001025	GWHPDONJ000066	GWHPDONL004196, GWHPDONL006550
OG0001026	GWHPDONJ000070	GWHPDONL004218, GWHPDONL012637
OG0001027	GWHPDONJ000085	GWHPDONL004077, GWHPDONL011986
OG0001028	GWHPDONJ000086, GWHPDONJ000279	GWHPDONL004488
OG0001029	GWHPDONJ000088, GWHPDONJ000278, GWHPDONJ001349	
OG0001030	GWHPDONJ000089	GWHPDONL010715, GWHPDONL010910
OG0001031	GWHPDONJ000101	GWHPDONL006796, GWHPDONL013263
OG0001032	GWHPDONJ000127, GWHPDONJ000185	GWHPDONL002996
OG0001033	GWHPDONJ000136	GWHPDONL001316, GWHPDONL005506
OG0001034	GWHPDONJ000142, GWHPDONJ009324	GWHPDONL001920
OG0001035	GWHPDONJ000205, GWHPDONJ007626	GWHPDONL013218
OG0001036	GWHPDONJ000206, GWHPDONJ008659	GWHPDONL013219
OG0001037	GWHPDONJ000208, GWHPDONJ008660	GWHPDONL013225
OG0001038	GWHPDONJ000212, GWHPDONJ009821, GWHPDONJ009822	
OG0001039	GWHPDONJ000219	GWHPDONL004983, GWHPDONL013972
OG0001040	GWHPDONJ000243, GWHPDONJ006853	GWHPDONL000831
OG0001041	GWHPDONJ000251, GWHPDONJ000638, GWHPDONJ003015	
OG0001042	GWHPDONJ000269, GWHPDONJ007039	GWHPDONL009470
OG0001043	GWHPDONJ000281, GWHPDONJ001448, GWHPDONJ002243	
OG0001044	GWHPDONJ000315	GWHPDONL002777, GWHPDONL005245
OG0001045	GWHPDONJ000336, GWHPDONJ009277, GWHPDONJ010770	
OG0001046	GWHPDONJ000339, GWHPDONJ005637, GWHPDONJ007933	
OG0001047	GWHPDONJ000340	GWHPDONL000161, GWHPDONL004647
OG0001048	GWHPDONJ000342, GWHPDONJ010929	GWHPDONL012747
OG0001049	GWHPDONJ000351, GWHPDONJ007172	GWHPDONL004858
OG0001050	GWHPDONJ000356, GWHPDONJ007170	GWHPDONL011274
OG0001051	GWHPDONJ000357	GWHPDONL005219, GWHPDONL011275
OG0001052	GWHPDONJ000364	GWHPDONL009843, GWHPDONL011294
OG0001053	GWHPDONJ000387, GWHPDONJ008695	GWHPDONL013961
OG0001054	GWHPDONJ000462, GWHPDONJ004333, GWHPDONJ004787	
OG0001055	GWHPDONJ000465	GWHPDONL009927, GWHPDONL014165
OG0001056	GWHPDONJ000484	GWHPDONL001542, GWHPDONL009065
OG0001057	GWHPDONJ000486	GWHPDONL000983, GWHPDONL012453
OG0001058	GWHPDONJ000489	GWHPDONL007971, GWHPDONL009414
OG0001059	GWHPDONJ000499, GWHPDONJ004661	GWHPDONL003614
OG0001060	GWHPDONJ000502, GWHPDONJ004658	GWHPDONL003621
OG0001061	GWHPDONJ000519, GWHPDONJ001015, GWHPDONJ002445	
OG0001062	GWHPDONJ000532	GWHPDONL004412, GWHPDONL006652
OG0001063	GWHPDONJ000540	GWHPDONL008200, GWHPDONL011206
OG0001064	GWHPDONJ000542, GWHPDONJ009098	GWHPDONL012744
OG0001065	GWHPDONJ000561, GWHPDONJ001928, GWHPDONJ005511	
OG0001066	GWHPDONJ000606, GWHPDONJ004683	GWHPDONL004676
OG0001067	GWHPDONJ000609	GWHPDONL007078, GWHPDONL007941
OG0001068	GWHPDONJ000645, GWHPDONJ001056, GWHPDONJ002307	
OG0001069	GWHPDONJ000678, GWHPDONJ010026	GWHPDONL005242
OG0001070	GWHPDONJ000711, GWHPDONJ004384, GWHPDONJ008227	
OG0001071	GWHPDONJ000712, GWHPDONJ004438	GWHPDONL005646
OG0001072	GWHPDONJ000729	GWHPDONL000349, GWHPDONL002950
OG0001073	GWHPDONJ000733, GWHPDONJ004025, GWHPDONJ008698	
OG0001074	GWHPDONJ000742, GWHPDONJ006098	GWHPDONL008779
OG0001075	GWHPDONJ000765	GWHPDONL005371, GWHPDONL013329
OG0001076	GWHPDONJ000831	GWHPDONL012206, GWHPDONL013124
OG0001077	GWHPDONJ000847, GWHPDONJ005192	GWHPDONL000218
OG0001078	GWHPDONJ000849	GWHPDONL010123, GWHPDONL012867
OG0001079	GWHPDONJ000852, GWHPDONJ008911	GWHPDONL010585
OG0001080	GWHPDONJ000856	GWHPDONL003769, GWHPDONL007074
OG0001081	GWHPDONJ000869	GWHPDONL001620, GWHPDONL010949
OG0001082	GWHPDONJ000898	GWHPDONL004211, GWHPDONL007656
OG0001083	GWHPDONJ000938, GWHPDONJ009937	GWHPDONL006122
OG0001084	GWHPDONJ000990	GWHPDONL012317, GWHPDONL012321
OG0001085	GWHPDONJ001064, GWHPDONJ010176	GWHPDONL011430
OG0001086	GWHPDONJ001091, GWHPDONJ004909	GWHPDONL008677
OG0001087	GWHPDONJ001123, GWHPDONJ008398	GWHPDONL003234
OG0001088	GWHPDONJ001124	GWHPDONL004692, GWHPDONL013384
OG0001089	GWHPDONJ001125, GWHPDONJ007898	GWHPDONL003020
OG0001090	GWHPDONJ001126	GWHPDONL003580, GWHPDONL007246
OG0001091	GWHPDONJ001130, GWHPDONJ006899, GWHPDONJ007895	
OG0001092	GWHPDONJ001136, GWHPDONJ007896	GWHPDONL005394
OG0001093	GWHPDONJ001137, GWHPDONJ007897	GWHPDONL003214
OG0001094	GWHPDONJ001156	GWHPDONL000366, GWHPDONL010394
OG0001095	GWHPDONJ001187, GWHPDONJ002293, GWHPDONJ009779	
OG0001096	GWHPDONJ001244, GWHPDONJ004867	GWHPDONL000749
OG0001097	GWHPDONJ001245, GWHPDONJ010118	GWHPDONL006159
OG0001098	GWHPDONJ001246, GWHPDONJ010117	GWHPDONL006157
OG0001099	GWHPDONJ001262	GWHPDONL006963, GWHPDONL013115
OG0001100	GWHPDONJ001263, GWHPDONJ009536	GWHPDONL005183
OG0001101	GWHPDONJ001264, GWHPDONJ009535	GWHPDONL009081
OG0001102	GWHPDONJ001305, GWHPDONJ007395	GWHPDONL003278
OG0001103	GWHPDONJ001351, GWHPDONJ002125	GWHPDONL011753
OG0001104	GWHPDONJ001376, GWHPDONJ002600, GWHPDONJ007304	
OG0001105	GWHPDONJ001439, GWHPDONJ006949	GWHPDONL003441
OG0001106	GWHPDONJ001447	GWHPDONL008493, GWHPDONL011106
OG0001107	GWHPDONJ001492	GWHPDONL000329, GWHPDONL000330
OG0001108	GWHPDONJ001511, GWHPDONJ008129	GWHPDONL010999
OG0001109	GWHPDONJ001513, GWHPDONJ007234, GWHPDONJ008760	
OG0001110	GWHPDONJ001547	GWHPDONL012575, GWHPDONL013118
OG0001111	GWHPDONJ001548	GWHPDONL007601, GWHPDONL013119
OG0001112	GWHPDONJ001559, GWHPDONJ009446	GWHPDONL011282
OG0001113	GWHPDONJ001561, GWHPDONJ009447	GWHPDONL005220
OG0001114	GWHPDONJ001578, GWHPDONJ009245	GWHPDONL014083
OG0001115	GWHPDONJ001579	GWHPDONL009100, GWHPDONL014082
OG0001116	GWHPDONJ001580, GWHPDONJ009244	GWHPDONL002136
OG0001117	GWHPDONJ001583, GWHPDONJ009240	GWHPDONL003907
OG0001118	GWHPDONJ001590, GWHPDONJ009238	GWHPDONL008295
OG0001119	GWHPDONJ001610, GWHPDONJ001719	GWHPDONL002655
OG0001120	GWHPDONJ001612, GWHPDONJ001717	GWHPDONL002656
OG0001121	GWHPDONJ001629, GWHPDONJ005346	GWHPDONL012514
OG0001122	GWHPDONJ001653, GWHPDONJ003479, GWHPDONJ008957	
OG0001123	GWHPDONJ001672, GWHPDONJ010921	GWHPDONL008592
OG0001124	GWHPDONJ001710	GWHPDONL009747, GWHPDONL013424
OG0001125	GWHPDONJ001729	GWHPDONL002004, GWHPDONL005670
OG0001126	GWHPDONJ001734, GWHPDONJ006548	GWHPDONL005598
OG0001127	GWHPDONJ001748	GWHPDONL001770, GWHPDONL014122
OG0001128	GWHPDONJ001750	GWHPDONL011927, GWHPDONL013665
OG0001129	GWHPDONJ001756, GWHPDONJ001856, GWHPDONJ002653	
OG0001130	GWHPDONJ001761	GWHPDONL004307, GWHPDONL012355
OG0001131	GWHPDONJ001792, GWHPDONJ004443	GWHPDONL012322
OG0001132	GWHPDONJ001805, GWHPDONJ009783	GWHPDONL005573
OG0001133	GWHPDONJ001810	GWHPDONL004320, GWHPDONL012959
OG0001134	GWHPDONJ001813, GWHPDONJ001899, GWHPDONJ002571	
OG0001135	GWHPDONJ001827, GWHPDONJ009285	GWHPDONL002382
OG0001136	GWHPDONJ001828, GWHPDONJ009286	GWHPDONL009919
OG0001137	GWHPDONJ001868	GWHPDONL005037, GWHPDONL010727
OG0001138	GWHPDONJ001908, GWHPDONJ008123	GWHPDONL014022
OG0001139	GWHPDONJ001926, GWHPDONJ001927	GWHPDONL004183
OG0001140	GWHPDONJ001930, GWHPDONJ002073	GWHPDONL000064
OG0001141	GWHPDONJ001970	GWHPDONL000242, GWHPDONL001219
OG0001142	GWHPDONJ001995	GWHPDONL002622, GWHPDONL011466
OG0001143	GWHPDONJ001999, GWHPDONJ009642	GWHPDONL002628
OG0001144	GWHPDONJ002002, GWHPDONJ002003, GWHPDONJ004901	
OG0001145	GWHPDONJ002016, GWHPDONJ003131	GWHPDONL006605
OG0001146	GWHPDONJ002017	GWHPDONL006952, GWHPDONL010047
OG0001147	GWHPDONJ002023, GWHPDONJ002142, GWHPDONJ002763	
OG0001148	GWHPDONJ002064	GWHPDONL008146, GWHPDONL014211
OG0001149	GWHPDONJ002065	GWHPDONL002153, GWHPDONL014214
OG0001150	GWHPDONJ002111	GWHPDONL003010, GWHPDONL006775
OG0001151	GWHPDONJ002123, GWHPDONJ002124	GWHPDONL011750
OG0001152	GWHPDONJ002150	GWHPDONL007179, GWHPDONL007835
OG0001153	GWHPDONJ002151	GWHPDONL001649, GWHPDONL007352
OG0001154	GWHPDONJ002187, GWHPDONJ010655	GWHPDONL011317
OG0001155	GWHPDONJ002188, GWHPDONJ010653	GWHPDONL005430
OG0001156	GWHPDONJ002205, GWHPDONJ009325	GWHPDONL004774
OG0001157	GWHPDONJ002220, GWHPDONJ003554	GWHPDONL008271
OG0001158	GWHPDONJ002250, GWHPDONJ005821	GWHPDONL004792
OG0001159	GWHPDONJ002252	GWHPDONL001779, GWHPDONL003011
OG0001160	GWHPDONJ002253	GWHPDONL005046, GWHPDONL005795
OG0001161	GWHPDONJ002263, GWHPDONJ002884, GWHPDONJ009939	
OG0001162	GWHPDONJ002278, GWHPDONJ003424	GWHPDONL005073
OG0001163	GWHPDONJ002308	GWHPDONL002233, GWHPDONL002975
OG0001164	GWHPDONJ002313	GWHPDONL003280, GWHPDONL006850
OG0001165	GWHPDONJ002315	GWHPDONL001072, GWHPDONL011557
OG0001166	GWHPDONJ002318	GWHPDONL001080, GWHPDONL005954
OG0001167	GWHPDONJ002320, GWHPDONJ009071	GWHPDONL008142
OG0001168	GWHPDONJ002329	GWHPDONL001280, GWHPDONL009509
OG0001169	GWHPDONJ002340, GWHPDONJ002712, GWHPDONJ003773	
OG0001170	GWHPDONJ002349	GWHPDONL009615, GWHPDONL009618
OG0001171	GWHPDONJ002354	GWHPDONL009419, GWHPDONL014112
OG0001172	GWHPDONJ002414	GWHPDONL002871, GWHPDONL011139
OG0001173	GWHPDONJ002415	GWHPDONL000317, GWHPDONL011929
OG0001174	GWHPDONJ002417, GWHPDONJ002436	GWHPDONL001000
OG0001175	GWHPDONJ002425, GWHPDONJ007151	GWHPDONL010503
OG0001176	GWHPDONJ002428	GWHPDONL010094, GWHPDONL014145
OG0001177	GWHPDONJ002433, GWHPDONJ007142	GWHPDONL002109
OG0001178	GWHPDONJ002469, GWHPDONJ003189	GWHPDONL012107
OG0001179	GWHPDONJ002482	GWHPDONL005144, GWHPDONL011232
OG0001180	GWHPDONJ002494, GWHPDONJ002495	GWHPDONL008029
OG0001181	GWHPDONJ002510, GWHPDONJ006108	GWHPDONL002653
OG0001182	GWHPDONJ002532, GWHPDONJ003967	GWHPDONL005342
OG0001183	GWHPDONJ002561	GWHPDONL005637, GWHPDONL008852
OG0001184	GWHPDONJ002565, GWHPDONJ002693	GWHPDONL000754
OG0001185	GWHPDONJ002567, GWHPDONJ009924	GWHPDONL006210
OG0001186	GWHPDONJ002569, GWHPDONJ003293	GWHPDONL013589
OG0001187	GWHPDONJ002601, GWHPDONJ004863	GWHPDONL001154
OG0001188	GWHPDONJ002621, GWHPDONJ005061	GWHPDONL012647
OG0001189	GWHPDONJ002626	GWHPDONL005551, GWHPDONL006704
OG0001190	GWHPDONJ002628, GWHPDONJ005452	GWHPDONL006702
OG0001191	GWHPDONJ002632, GWHPDONJ005453	GWHPDONL002317
OG0001192	GWHPDONJ002633	GWHPDONL002312, GWHPDONL010228
OG0001193	GWHPDONJ002639	GWHPDONL002293, GWHPDONL007508
OG0001194	GWHPDONJ002642, GWHPDONJ005460	GWHPDONL004822
OG0001195	GWHPDONJ002681, GWHPDONJ010702	GWHPDONL010256
OG0001196	GWHPDONJ002686, GWHPDONJ002687, GWHPDONJ010606	
OG0001197	GWHPDONJ002700, GWHPDONJ002701	GWHPDONL002261
OG0001198	GWHPDONJ002705, GWHPDONJ002732	GWHPDONL001526
OG0001199	GWHPDONJ002722	GWHPDONL006864, GWHPDONL008726
OG0001200	GWHPDONJ002741, GWHPDONJ010855	GWHPDONL002506
OG0001201	GWHPDONJ002765	GWHPDONL005231, GWHPDONL006827
OG0001202	GWHPDONJ002769, GWHPDONJ010760	GWHPDONL005896
OG0001203	GWHPDONJ002775, GWHPDONJ010055	GWHPDONL006517
OG0001204	GWHPDONJ002800, GWHPDONJ004755	GWHPDONL004840
OG0001205	GWHPDONJ002815, GWHPDONJ003602, GWHPDONJ003684	
OG0001206	GWHPDONJ002827, GWHPDONJ005668	GWHPDONL002604
OG0001207	GWHPDONJ002873	GWHPDONL000933, GWHPDONL005341
OG0001208	GWHPDONJ002891, GWHPDONJ007052, GWHPDONJ010361	
OG0001209	GWHPDONJ002911	GWHPDONL000524, GWHPDONL008332
OG0001210	GWHPDONJ002920, GWHPDONJ006058, GWHPDONJ008620	
OG0001211	GWHPDONJ002928	GWHPDONL012670, GWHPDONL014157
OG0001212	GWHPDONJ002929	GWHPDONL001176, GWHPDONL004764
OG0001213	GWHPDONJ002930	GWHPDONL008071, GWHPDONL008078
OG0001214	GWHPDONJ002931, GWHPDONJ004858	GWHPDONL009132
OG0001215	GWHPDONJ002944, GWHPDONJ004889	GWHPDONL008125
OG0001216	GWHPDONJ002959, GWHPDONJ010112	GWHPDONL005865
OG0001217	GWHPDONJ002962, GWHPDONJ009110	GWHPDONL002887
OG0001218	GWHPDONJ003002, GWHPDONJ003268, GWHPDONJ006654	
OG0001219	GWHPDONJ003026, GWHPDONJ010265	GWHPDONL002364
OG0001220	GWHPDONJ003029, GWHPDONJ010264	GWHPDONL002685
OG0001221	GWHPDONJ003068, GWHPDONJ006320	GWHPDONL011479
OG0001222	GWHPDONJ003106, GWHPDONJ005069	GWHPDONL004656
OG0001223	GWHPDONJ003129, GWHPDONJ003197	GWHPDONL003039
OG0001224	GWHPDONJ003145	GWHPDONL007958, GWHPDONL009904
OG0001225	GWHPDONJ003146	GWHPDONL006645, GWHPDONL007047
OG0001226	GWHPDONJ003147, GWHPDONJ010201	GWHPDONL002681
OG0001227	GWHPDONJ003150, GWHPDONJ006704	GWHPDONL009138
OG0001228	GWHPDONJ003154	GWHPDONL006837, GWHPDONL012296
OG0001229	GWHPDONJ003178, GWHPDONJ003816	GWHPDONL014032
OG0001230	GWHPDONJ003198, GWHPDONJ009797	GWHPDONL003051
OG0001231	GWHPDONJ003202, GWHPDONJ004462	GWHPDONL002734
OG0001232	GWHPDONJ003214, GWHPDONJ007714	GWHPDONL010074
OG0001233	GWHPDONJ003220, GWHPDONJ008289	GWHPDONL010404
OG0001234	GWHPDONJ003238, GWHPDONJ003239	GWHPDONL000976
OG0001235	GWHPDONJ003241, GWHPDONJ005361	GWHPDONL003520
OG0001236	GWHPDONJ003246	GWHPDONL006500, GWHPDONL009121
OG0001237	GWHPDONJ003254, GWHPDONJ008756	GWHPDONL007716
OG0001238	GWHPDONJ003255, GWHPDONJ003655, GWHPDONJ004880	
OG0001239	GWHPDONJ003300	GWHPDONL000521, GWHPDONL009349
OG0001240	GWHPDONJ003302, GWHPDONJ007281	GWHPDONL009350
OG0001241	GWHPDONJ003307	GWHPDONL004534, GWHPDONL008433
OG0001242	GWHPDONJ003341	GWHPDONL005032, GWHPDONL013256
OG0001243	GWHPDONJ003349	GWHPDONL001442, GWHPDONL008790
OG0001244	GWHPDONJ003383, GWHPDONJ009004	GWHPDONL007693
OG0001245	GWHPDONJ003422	GWHPDONL006466, GWHPDONL012798
OG0001246	GWHPDONJ003451, GWHPDONJ009345	GWHPDONL013929
OG0001247	GWHPDONJ003456, GWHPDONJ010384	GWHPDONL004971
OG0001248	GWHPDONJ003466, GWHPDONJ004570	GWHPDONL013092
OG0001249	GWHPDONJ003484, GWHPDONJ003485, GWHPDONJ008444	
OG0001250	GWHPDONJ003490, GWHPDONJ006770	GWHPDONL011220
OG0001251	GWHPDONJ003565, GWHPDONJ007904	GWHPDONL007274
OG0001252	GWHPDONJ003580	GWHPDONL005180, GWHPDONL013448
OG0001253	GWHPDONJ003588, GWHPDONJ004133	GWHPDONL010262
OG0001254	GWHPDONJ003594, GWHPDONJ004364, GWHPDONJ005084	
OG0001255	GWHPDONJ003598	GWHPDONL002983, GWHPDONL004493
OG0001256	GWHPDONJ003658, GWHPDONJ004868, GWHPDONJ010129	
OG0001257	GWHPDONJ003668, GWHPDONJ006989	GWHPDONL012151
OG0001258	GWHPDONJ003716, GWHPDONJ003719	GWHPDONL014002
OG0001259	GWHPDONJ003745, GWHPDONJ004668	GWHPDONL009827
OG0001260	GWHPDONJ003766, GWHPDONJ005992, GWHPDONJ010531	
OG0001261	GWHPDONJ003777	GWHPDONL002155, GWHPDONL012224
OG0001262	GWHPDONJ003780, GWHPDONJ005350	GWHPDONL003833
OG0001263	GWHPDONJ003789	GWHPDONL000438, GWHPDONL007919
OG0001264	GWHPDONJ003791	GWHPDONL005710, GWHPDONL011427
OG0001265	GWHPDONJ003826	GWHPDONL006758, GWHPDONL007213
OG0001266	GWHPDONJ003828	GWHPDONL007227, GWHPDONL007228
OG0001267	GWHPDONJ003831	GWHPDONL007232, GWHPDONL014104
OG0001268	GWHPDONJ003848	GWHPDONL000643, GWHPDONL009591
OG0001269	GWHPDONJ003849	GWHPDONL000642, GWHPDONL009592
OG0001270	GWHPDONJ003854	GWHPDONL000651, GWHPDONL004990
OG0001271	GWHPDONJ003857, GWHPDONJ009158	GWHPDONL004393
OG0001272	GWHPDONJ003863	GWHPDONL004402, GWHPDONL010691
OG0001273	GWHPDONJ003865	GWHPDONL009951, GWHPDONL013825
OG0001274	GWHPDONJ003878	GWHPDONL004985, GWHPDONL012856
OG0001275	GWHPDONJ003896	GWHPDONL004306, GWHPDONL013216
OG0001276	GWHPDONJ003900	GWHPDONL007590, GWHPDONL010016
OG0001277	GWHPDONJ003906	GWHPDONL004570, GWHPDONL005685
OG0001278	GWHPDONJ003914	GWHPDONL006406, GWHPDONL012265
OG0001279	GWHPDONJ003922	GWHPDONL005041, GWHPDONL007521
OG0001280	GWHPDONJ003927	GWHPDONL005581, GWHPDONL006598
OG0001281	GWHPDONJ003929	GWHPDONL005582, GWHPDONL006599
OG0001282	GWHPDONJ003930	GWHPDONL003273, GWHPDONL006600
OG0001283	GWHPDONJ003931	GWHPDONL007703, GWHPDONL010159
OG0001284	GWHPDONJ003937	GWHPDONL004579, GWHPDONL004580
OG0001285	GWHPDONJ003955	GWHPDONL000055, GWHPDONL008241
OG0001286	GWHPDONJ003963	GWHPDONL000570, GWHPDONL005345
OG0001287	GWHPDONJ003977	GWHPDONL007873, GWHPDONL007874
OG0001288	GWHPDONJ003982	GWHPDONL008360, GWHPDONL012675
OG0001289	GWHPDONJ003993	GWHPDONL002854, GWHPDONL007363
OG0001290	GWHPDONJ004015	GWHPDONL002911, GWHPDONL012902
OG0001291	GWHPDONJ004021	GWHPDONL004403, GWHPDONL009648
OG0001292	GWHPDONJ004022	GWHPDONL008872, GWHPDONL012237
OG0001293	GWHPDONJ004023	GWHPDONL004414, GWHPDONL009504
OG0001294	GWHPDONJ004036, GWHPDONJ010347	GWHPDONL004037
OG0001295	GWHPDONJ004051	GWHPDONL011291, GWHPDONL011292
OG0001296	GWHPDONJ004054	GWHPDONL000861, GWHPDONL005221
OG0001297	GWHPDONJ004057	GWHPDONL000848, GWHPDONL005213
OG0001298	GWHPDONJ004063	GWHPDONL002242, GWHPDONL012743
OG0001299	GWHPDONJ004066	GWHPDONL005844, GWHPDONL014180
OG0001300	GWHPDONJ004079	GWHPDONL004508, GWHPDONL011555
OG0001301	GWHPDONJ004082	GWHPDONL003476, GWHPDONL004517
OG0001302	GWHPDONJ004092	GWHPDONL000991, GWHPDONL009341
OG0001303	GWHPDONJ004101	GWHPDONL004111, GWHPDONL004422
OG0001304	GWHPDONJ004103	GWHPDONL002346, GWHPDONL005328
OG0001305	GWHPDONJ004113	GWHPDONL000938, GWHPDONL008393
OG0001306	GWHPDONJ004118	GWHPDONL003458, GWHPDONL010524
OG0001307	GWHPDONJ004150, GWHPDONJ005927	GWHPDONL010199
OG0001308	GWHPDONJ004158	GWHPDONL009272, GWHPDONL010514
OG0001309	GWHPDONJ004174	GWHPDONL006554, GWHPDONL011488
OG0001310	GWHPDONJ004175	GWHPDONL012430, GWHPDONL013541
OG0001311	GWHPDONJ004176	GWHPDONL003630, GWHPDONL008805
OG0001312	GWHPDONJ004179, GWHPDONJ005894	GWHPDONL005497
OG0001313	GWHPDONJ004189	GWHPDONL010388, GWHPDONL011195
OG0001314	GWHPDONJ004200	GWHPDONL000119, GWHPDONL000120
OG0001315	GWHPDONJ004203	GWHPDONL005344, GWHPDONL012558
OG0001316	GWHPDONJ004232	GWHPDONL003704, GWHPDONL013743
OG0001317	GWHPDONJ004248	GWHPDONL010192, GWHPDONL010258
OG0001318	GWHPDONJ004254	GWHPDONL010797, GWHPDONL012215
OG0001319	GWHPDONJ004258	GWHPDONL000165, GWHPDONL012298
OG0001320	GWHPDONJ004270	GWHPDONL001934, GWHPDONL006906
OG0001321	GWHPDONJ004279, GWHPDONJ008738	GWHPDONL011954
OG0001322	GWHPDONJ004291	GWHPDONL008269, GWHPDONL009548
OG0001323	GWHPDONJ004295, GWHPDONJ004296	GWHPDONL005900
OG0001324	GWHPDONJ004300, GWHPDONJ004338	GWHPDONL012644
OG0001325	GWHPDONJ004302, GWHPDONJ004337	GWHPDONL001777
OG0001326	GWHPDONJ004312	GWHPDONL002615, GWHPDONL007935
OG0001327	GWHPDONJ004323	GWHPDONL001190, GWHPDONL002348
OG0001328	GWHPDONJ004325	GWHPDONL002596, GWHPDONL012756
OG0001329	GWHPDONJ004328	GWHPDONL003391, GWHPDONL011828
OG0001330	GWHPDONJ004332	GWHPDONL001199, GWHPDONL002577
OG0001331	GWHPDONJ004340	GWHPDONL003290, GWHPDONL006591
OG0001332	GWHPDONJ004344	GWHPDONL004198, GWHPDONL004695
OG0001333	GWHPDONJ004352	GWHPDONL004415, GWHPDONL004416
OG0001334	GWHPDONJ004353	GWHPDONL003971, GWHPDONL004419
OG0001335	GWHPDONJ004357	GWHPDONL007768, GWHPDONL013469
OG0001336	GWHPDONJ004362	GWHPDONL004753, GWHPDONL006174
OG0001337	GWHPDONJ004363	GWHPDONL005528, GWHPDONL010931
OG0001338	GWHPDONJ004367, GWHPDONJ007302, GWHPDONJ010542	
OG0001339	GWHPDONJ004369	GWHPDONL001220, GWHPDONL003112
OG0001340	GWHPDONJ004374	GWHPDONL005490, GWHPDONL013775
OG0001341	GWHPDONJ004375	GWHPDONL005500, GWHPDONL005501
OG0001342	GWHPDONJ004376, GWHPDONJ004379	GWHPDONL004365
OG0001343	GWHPDONJ004390	GWHPDONL004371, GWHPDONL007196
OG0001344	GWHPDONJ004391	GWHPDONL002521, GWHPDONL003407
OG0001345	GWHPDONJ004399	GWHPDONL010297, GWHPDONL014185
OG0001346	GWHPDONJ004403	GWHPDONL000637, GWHPDONL005997
OG0001347	GWHPDONJ004416, GWHPDONJ007228, GWHPDONJ008766	
OG0001348	GWHPDONJ004458	GWHPDONL001917, GWHPDONL012574
OG0001349	GWHPDONJ004464	GWHPDONL005693, GWHPDONL009275
OG0001350	GWHPDONJ004477, GWHPDONJ004897	GWHPDONL013696
OG0001351	GWHPDONJ004479, GWHPDONJ005826	GWHPDONL000587
OG0001352	GWHPDONJ004483, GWHPDONJ004893	GWHPDONL006581
OG0001353	GWHPDONJ004487	GWHPDONL003625, GWHPDONL011596
OG0001354	GWHPDONJ004495	GWHPDONL004935, GWHPDONL008148
OG0001355	GWHPDONJ004500, GWHPDONJ004888	GWHPDONL009785
OG0001356	GWHPDONJ004507	GWHPDONL002222, GWHPDONL002378
OG0001357	GWHPDONJ004508	GWHPDONL002376, GWHPDONL004682
OG0001358	GWHPDONJ004514	GWHPDONL000905, GWHPDONL001412
OG0001359	GWHPDONJ004516, GWHPDONJ004882	GWHPDONL002198
OG0001360	GWHPDONJ004517	GWHPDONL001300, GWHPDONL002196
OG0001361	GWHPDONJ004528, GWHPDONJ004881	GWHPDONL013453
OG0001362	GWHPDONJ004530	GWHPDONL000723, GWHPDONL012075
OG0001363	GWHPDONJ004538	GWHPDONL004337, GWHPDONL005744
OG0001364	GWHPDONJ004555	GWHPDONL005937, GWHPDONL012966
OG0001365	GWHPDONJ004563	GWHPDONL000413, GWHPDONL008755
OG0001366	GWHPDONJ004564, GWHPDONJ004873	GWHPDONL002270
OG0001367	GWHPDONJ004580	GWHPDONL000252, GWHPDONL009735
OG0001368	GWHPDONJ004583	GWHPDONL003257, GWHPDONL006983
OG0001369	GWHPDONJ004597	GWHPDONL000222, GWHPDONL005355
OG0001370	GWHPDONJ004599	GWHPDONL003176, GWHPDONL005357
OG0001371	GWHPDONJ004608	GWHPDONL003007, GWHPDONL009028
OG0001372	GWHPDONJ004621	GWHPDONL004405, GWHPDONL013376
OG0001373	GWHPDONJ004627	GWHPDONL003608, GWHPDONL009505
OG0001374	GWHPDONJ004645	GWHPDONL009575, GWHPDONL009576
OG0001375	GWHPDONJ004647	GWHPDONL000231, GWHPDONL005187
OG0001376	GWHPDONJ004651	GWHPDONL003627, GWHPDONL005157
OG0001377	GWHPDONJ004652	GWHPDONL011837, GWHPDONL012896
OG0001378	GWHPDONJ004653	GWHPDONL001625, GWHPDONL004271
OG0001379	GWHPDONJ004655	GWHPDONL003624, GWHPDONL004603
OG0001380	GWHPDONJ004659, GWHPDONJ008389	GWHPDONL006446
OG0001381	GWHPDONJ004679, GWHPDONJ009533	GWHPDONL009863
OG0001382	GWHPDONJ004681	GWHPDONL010869, GWHPDONL011207
OG0001383	GWHPDONJ004743	GWHPDONL010916, GWHPDONL012521
OG0001384	GWHPDONJ004750	GWHPDONL007355, GWHPDONL007481
OG0001385	GWHPDONJ004768	GWHPDONL007260, GWHPDONL011956
OG0001386	GWHPDONJ004769	GWHPDONL002757, GWHPDONL011957
OG0001387	GWHPDONJ004780	GWHPDONL001805, GWHPDONL003076
OG0001388	GWHPDONJ004789	GWHPDONL008727, GWHPDONL010246
OG0001389	GWHPDONJ004808	GWHPDONL005480, GWHPDONL010191
OG0001390	GWHPDONJ004809	GWHPDONL000872, GWHPDONL006578
OG0001391	GWHPDONJ004810	GWHPDONL006576, GWHPDONL006577
OG0001392	GWHPDONJ004814	GWHPDONL006562, GWHPDONL012435
OG0001393	GWHPDONJ004816	GWHPDONL000883, GWHPDONL003551
OG0001394	GWHPDONJ004833	GWHPDONL003651, GWHPDONL005676
OG0001395	GWHPDONJ004836, GWHPDONJ008317	GWHPDONL011404
OG0001396	GWHPDONJ004839	GWHPDONL009610, GWHPDONL011049
OG0001397	GWHPDONJ004850	GWHPDONL000271, GWHPDONL013235
OG0001398	GWHPDONJ004905	GWHPDONL008882, GWHPDONL011772
OG0001399	GWHPDONJ004906	GWHPDONL002420, GWHPDONL007794
OG0001400	GWHPDONJ004914, GWHPDONJ008680	GWHPDONL002635
OG0001401	GWHPDONJ004919, GWHPDONJ008101	GWHPDONL007183
OG0001402	GWHPDONJ004926	GWHPDONL000096, GWHPDONL006970
OG0001403	GWHPDONJ004930	GWHPDONL005088, GWHPDONL006984
OG0001404	GWHPDONJ004939, GWHPDONJ005148, GWHPDONJ008686	
OG0001405	GWHPDONJ004942	GWHPDONL000020, GWHPDONL012392
OG0001406	GWHPDONJ004945	GWHPDONL005017, GWHPDONL010719
OG0001407	GWHPDONJ004947	GWHPDONL011032, GWHPDONL014074
OG0001408	GWHPDONJ004953, GWHPDONJ008692	GWHPDONL010416
OG0001409	GWHPDONJ004955, GWHPDONJ008693	GWHPDONL006510
OG0001410	GWHPDONJ004959, GWHPDONJ006861, GWHPDONJ007163	
OG0001411	GWHPDONJ004960	GWHPDONL005293, GWHPDONL005404
OG0001412	GWHPDONJ004971	GWHPDONL005288, GWHPDONL005447
OG0001413	GWHPDONJ004975	GWHPDONL009058, GWHPDONL010005
OG0001414	GWHPDONJ004978, GWHPDONJ008702	GWHPDONL013123
OG0001415	GWHPDONJ004994	GWHPDONL000439, GWHPDONL012693
OG0001416	GWHPDONJ004995	GWHPDONL001893, GWHPDONL013763
OG0001417	GWHPDONJ004999	GWHPDONL009404, GWHPDONL014026
OG0001418	GWHPDONJ005002	GWHPDONL002132, GWHPDONL013708
OG0001419	GWHPDONJ005011	GWHPDONL000768, GWHPDONL006539
OG0001420	GWHPDONJ005013	GWHPDONL006818, GWHPDONL013301
OG0001421	GWHPDONJ005040	GWHPDONL004948, GWHPDONL005828
OG0001422	GWHPDONJ005043, GWHPDONJ008779	GWHPDONL002239
OG0001423	GWHPDONJ005049, GWHPDONJ005220	GWHPDONL010690
OG0001424	GWHPDONJ005071, GWHPDONJ005074	GWHPDONL004653
OG0001425	GWHPDONJ005077	GWHPDONL000545, GWHPDONL004643
OG0001426	GWHPDONJ005080	GWHPDONL000538, GWHPDONL008260
OG0001427	GWHPDONJ005094	GWHPDONL006668, GWHPDONL010317
OG0001428	GWHPDONJ005095	GWHPDONL001101, GWHPDONL002563
OG0001429	GWHPDONJ005096, GWHPDONJ010216	GWHPDONL003836
OG0001430	GWHPDONJ005107	GWHPDONL001270, GWHPDONL008615
OG0001431	GWHPDONJ005109	GWHPDONL003265, GWHPDONL005749
OG0001432	GWHPDONJ005111	GWHPDONL003271, GWHPDONL013567
OG0001433	GWHPDONJ005127	GWHPDONL008335, GWHPDONL012278
OG0001434	GWHPDONJ005157	GWHPDONL003037, GWHPDONL006260
OG0001435	GWHPDONJ005174	GWHPDONL008661, GWHPDONL013968
OG0001436	GWHPDONJ005175	GWHPDONL006501, GWHPDONL013711
OG0001437	GWHPDONJ005179	GWHPDONL001297, GWHPDONL007283
OG0001438	GWHPDONJ005194	GWHPDONL006415, GWHPDONL012260
OG0001439	GWHPDONJ005205	GWHPDONL006036, GWHPDONL006079
OG0001440	GWHPDONJ005206	GWHPDONL003285, GWHPDONL007110
OG0001441	GWHPDONJ005209	GWHPDONL006913, GWHPDONL010346
OG0001442	GWHPDONJ005210	GWHPDONL005990, GWHPDONL006885
OG0001443	GWHPDONJ005213	GWHPDONL002674, GWHPDONL006355
OG0001444	GWHPDONJ005221	GWHPDONL003772, GWHPDONL004745
OG0001445	GWHPDONJ005223	GWHPDONL002018, GWHPDONL002019
OG0001446	GWHPDONJ005249	GWHPDONL011312, GWHPDONL013144
OG0001447	GWHPDONJ005253	GWHPDONL001931, GWHPDONL003210
OG0001448	GWHPDONJ005274	GWHPDONL006642, GWHPDONL012277
OG0001449	GWHPDONJ005285	GWHPDONL003160, GWHPDONL003161
OG0001450	GWHPDONJ005289	GWHPDONL004157, GWHPDONL007419
OG0001451	GWHPDONJ005294	GWHPDONL003843, GWHPDONL009834
OG0001452	GWHPDONJ005310	GWHPDONL013921, GWHPDONL014204
OG0001453	GWHPDONJ005352, GWHPDONJ009870	GWHPDONL004235
OG0001454	GWHPDONJ005353	GWHPDONL004919, GWHPDONL009020
OG0001455	GWHPDONJ005378	GWHPDONL001002, GWHPDONL007029
OG0001456	GWHPDONJ005382	GWHPDONL004648, GWHPDONL005542
OG0001457	GWHPDONJ005383	GWHPDONL003641, GWHPDONL009832
OG0001458	GWHPDONJ005387	GWHPDONL012375, GWHPDONL012376
OG0001459	GWHPDONJ005388	GWHPDONL001936, GWHPDONL012372
OG0001460	GWHPDONJ005395, GWHPDONJ006652	GWHPDONL006229
OG0001461	GWHPDONJ005396	GWHPDONL001897, GWHPDONL006231
OG0001462	GWHPDONJ005399	GWHPDONL004160, GWHPDONL004698
OG0001463	GWHPDONJ005400	GWHPDONL009651, GWHPDONL009652
OG0001464	GWHPDONJ005402	GWHPDONL000104, GWHPDONL008986
OG0001465	GWHPDONJ005409	GWHPDONL009191, GWHPDONL011227
OG0001466	GWHPDONJ005414	GWHPDONL001350, GWHPDONL013776
OG0001467	GWHPDONJ005416	GWHPDONL001348, GWHPDONL001349
OG0001468	GWHPDONJ005425, GWHPDONJ009124	GWHPDONL005922
OG0001469	GWHPDONJ005429	GWHPDONL001324, GWHPDONL005570
OG0001470	GWHPDONJ005437	GWHPDONL003354, GWHPDONL004544
OG0001471	GWHPDONJ005450	GWHPDONL004319, GWHPDONL006161
OG0001472	GWHPDONJ005461	GWHPDONL003470, GWHPDONL003472
OG0001473	GWHPDONJ005464	GWHPDONL001102, GWHPDONL012188
OG0001474	GWHPDONJ005476	GWHPDONL012757, GWHPDONL013913
OG0001475	GWHPDONJ005482	GWHPDONL009716, GWHPDONL010244
OG0001476	GWHPDONJ005489	GWHPDONL007339, GWHPDONL009019
OG0001477	GWHPDONJ005520	GWHPDONL007970, GWHPDONL009890
OG0001478	GWHPDONJ005522	GWHPDONL007975, GWHPDONL009887
OG0001479	GWHPDONJ005525	GWHPDONL000729, GWHPDONL009486
OG0001480	GWHPDONJ005526	GWHPDONL013033, GWHPDONL014001
OG0001481	GWHPDONJ005533, GWHPDONJ007161, GWHPDONJ009491	
OG0001482	GWHPDONJ005536	GWHPDONL005912, GWHPDONL011219
OG0001483	GWHPDONJ005552	GWHPDONL002298, GWHPDONL011423
OG0001484	GWHPDONJ005553	GWHPDONL001091, GWHPDONL013483
OG0001485	GWHPDONJ005554	GWHPDONL000699, GWHPDONL006106
OG0001486	GWHPDONJ005555	GWHPDONL011416, GWHPDONL011417
OG0001487	GWHPDONJ005556, GWHPDONJ007623	GWHPDONL003348
OG0001488	GWHPDONJ005560	GWHPDONL000357, GWHPDONL010136
OG0001489	GWHPDONJ005565	GWHPDONL002426, GWHPDONL004964
OG0001490	GWHPDONJ005573, GWHPDONJ005612	GWHPDONL012061
OG0001491	GWHPDONJ005584	GWHPDONL001601, GWHPDONL004592
OG0001492	GWHPDONJ005586	GWHPDONL001302, GWHPDONL005801
OG0001493	GWHPDONJ005592	GWHPDONL001067, GWHPDONL003203
OG0001494	GWHPDONJ005598	GWHPDONL001089, GWHPDONL013481
OG0001495	GWHPDONJ005607	GWHPDONL000806, GWHPDONL004853
OG0001496	GWHPDONJ005617	GWHPDONL006339, GWHPDONL012054
OG0001497	GWHPDONJ005618	GWHPDONL003915, GWHPDONL012062
OG0001498	GWHPDONJ005642	GWHPDONL012419, GWHPDONL014076
OG0001499	GWHPDONJ005644	GWHPDONL012423, GWHPDONL014097
OG0001500	GWHPDONJ005654	GWHPDONL008937, GWHPDONL009642
OG0001501	GWHPDONJ005671, GWHPDONJ010550	GWHPDONL005732
OG0001502	GWHPDONJ005680	GWHPDONL000022, GWHPDONL012565
OG0001503	GWHPDONJ005682, GWHPDONJ009060	GWHPDONL000457
OG0001504	GWHPDONJ005700	GWHPDONL009045, GWHPDONL013154
OG0001505	GWHPDONJ005717	GWHPDONL003877, GWHPDONL009654
OG0001506	GWHPDONJ005719	GWHPDONL003875, GWHPDONL004696
OG0001507	GWHPDONJ005720	GWHPDONL013050, GWHPDONL013051
OG0001508	GWHPDONJ005721	GWHPDONL003868, GWHPDONL010464
OG0001509	GWHPDONJ005722, GWHPDONJ010438	GWHPDONL003871
OG0001510	GWHPDONJ005726	GWHPDONL010922, GWHPDONL011137
OG0001511	GWHPDONJ005728	GWHPDONL001446, GWHPDONL002262
OG0001512	GWHPDONJ005730	GWHPDONL001454, GWHPDONL009133
OG0001513	GWHPDONJ005758	GWHPDONL001593, GWHPDONL011860
OG0001514	GWHPDONJ005762	GWHPDONL000659, GWHPDONL006427
OG0001515	GWHPDONJ005765, GWHPDONJ009130	GWHPDONL000779
OG0001516	GWHPDONJ005788	GWHPDONL006019, GWHPDONL010439
OG0001517	GWHPDONJ005789	GWHPDONL003620, GWHPDONL004936
OG0001518	GWHPDONJ005797	GWHPDONL005103, GWHPDONL013698
OG0001519	GWHPDONJ005801	GWHPDONL001414, GWHPDONL005377
OG0001520	GWHPDONJ005807	GWHPDONL006567, GWHPDONL010072
OG0001521	GWHPDONJ005811	GWHPDONL000901, GWHPDONL010818
OG0001522	GWHPDONJ005819	GWHPDONL009771, GWHPDONL011087
OG0001523	GWHPDONJ005825, GWHPDONJ010670	GWHPDONL002314
OG0001524	GWHPDONJ005827, GWHPDONJ006324, GWHPDONJ006325	
OG0001525	GWHPDONJ005829, GWHPDONJ009427	GWHPDONL001248
OG0001526	GWHPDONJ005834	GWHPDONL001249, GWHPDONL007780
OG0001527	GWHPDONJ005842	GWHPDONL003095, GWHPDONL010249
OG0001528	GWHPDONJ005843	GWHPDONL002156, GWHPDONL004244
OG0001529	GWHPDONJ005848	GWHPDONL003851, GWHPDONL003852
OG0001530	GWHPDONJ005854	GWHPDONL000981, GWHPDONL009467
OG0001531	GWHPDONJ005876	GWHPDONL001614, GWHPDONL003046
OG0001532	GWHPDONJ005895	GWHPDONL002066, GWHPDONL012381
OG0001533	GWHPDONJ005900	GWHPDONL003996, GWHPDONL003997
OG0001534	GWHPDONJ005907	GWHPDONL006483, GWHPDONL011072
OG0001535	GWHPDONJ005909	GWHPDONL004569, GWHPDONL010752
OG0001536	GWHPDONJ005915, GWHPDONJ007335, GWHPDONJ007521	
OG0001537	GWHPDONJ005922	GWHPDONL004095, GWHPDONL004309
OG0001538	GWHPDONJ005934	GWHPDONL002334, GWHPDONL008167
OG0001539	GWHPDONJ005937	GWHPDONL000354, GWHPDONL006692
OG0001540	GWHPDONJ005945	GWHPDONL013572, GWHPDONL013573
OG0001541	GWHPDONJ005947	GWHPDONL010492, GWHPDONL012405
OG0001542	GWHPDONJ005949	GWHPDONL004112, GWHPDONL004424
OG0001543	GWHPDONJ005950	GWHPDONL004421, GWHPDONL010115
OG0001544	GWHPDONJ005956	GWHPDONL006070, GWHPDONL006071
OG0001545	GWHPDONJ005963	GWHPDONL009847, GWHPDONL010751
OG0001546	GWHPDONJ005964	GWHPDONL005699, GWHPDONL009846
OG0001547	GWHPDONJ005972	GWHPDONL004351, GWHPDONL010540
OG0001548	GWHPDONJ005979	GWHPDONL004610, GWHPDONL011189
OG0001549	GWHPDONJ005981	GWHPDONL001655, GWHPDONL014069
OG0001550	GWHPDONJ005982, GWHPDONJ008273	GWHPDONL001654
OG0001551	GWHPDONJ005988	GWHPDONL009815, GWHPDONL011518
OG0001552	GWHPDONJ005997	GWHPDONL003456, GWHPDONL008863
OG0001553	GWHPDONJ006000	GWHPDONL001983, GWHPDONL006743
OG0001554	GWHPDONJ006019	GWHPDONL003136, GWHPDONL010266
OG0001555	GWHPDONJ006025	GWHPDONL010556, GWHPDONL010579
OG0001556	GWHPDONJ006052	GWHPDONL003547, GWHPDONL008941
OG0001557	GWHPDONJ006056	GWHPDONL001943, GWHPDONL003606
OG0001558	GWHPDONJ006066	GWHPDONL009399, GWHPDONL011683
OG0001559	GWHPDONJ006068, GWHPDONJ008196	GWHPDONL000224
OG0001560	GWHPDONJ006070, GWHPDONJ008199	GWHPDONL000226
OG0001561	GWHPDONJ006072, GWHPDONJ008192	GWHPDONL003235
OG0001562	GWHPDONJ006084	GWHPDONL004637, GWHPDONL008676
OG0001563	GWHPDONJ006097, GWHPDONJ006099	GWHPDONL000568
OG0001564	GWHPDONJ006102	GWHPDONL002710, GWHPDONL013781
OG0001565	GWHPDONJ006115	GWHPDONL006922, GWHPDONL008075
OG0001566	GWHPDONJ006122	GWHPDONL003533, GWHPDONL012338
OG0001567	GWHPDONJ006130	GWHPDONL006820, GWHPDONL013210
OG0001568	GWHPDONJ006150, GWHPDONJ006454, GWHPDONJ007853	
OG0001569	GWHPDONJ006151	GWHPDONL004798, GWHPDONL006409
OG0001570	GWHPDONJ006158	GWHPDONL004796, GWHPDONL006412
OG0001571	GWHPDONJ006160	GWHPDONL004784, GWHPDONL012257
OG0001572	GWHPDONJ006185	GWHPDONL005955, GWHPDONL012885
OG0001573	GWHPDONJ006206	GWHPDONL011414, GWHPDONL013697
OG0001574	GWHPDONJ006211	GWHPDONL000588, GWHPDONL001865
OG0001575	GWHPDONJ006213, GWHPDONJ006215	GWHPDONL001855
OG0001576	GWHPDONJ006218	GWHPDONL001842, GWHPDONL003939
OG0001577	GWHPDONJ006222	GWHPDONL005054, GWHPDONL005583
OG0001578	GWHPDONJ006228	GWHPDONL002836, GWHPDONL004567
OG0001579	GWHPDONJ006234	GWHPDONL008087, GWHPDONL011350
OG0001580	GWHPDONJ006236, GWHPDONJ006434	GWHPDONL010133
OG0001581	GWHPDONJ006243	GWHPDONL002714, GWHPDONL003787
OG0001582	GWHPDONJ006253	GWHPDONL001820, GWHPDONL003660
OG0001583	GWHPDONJ006255	GWHPDONL010048, GWHPDONL014054
OG0001584	GWHPDONJ006261	GWHPDONL001556, GWHPDONL005307
OG0001585	GWHPDONJ006272	GWHPDONL006252, GWHPDONL008465
OG0001586	GWHPDONJ006275	GWHPDONL012922, GWHPDONL013251
OG0001587	GWHPDONJ006281	GWHPDONL001426, GWHPDONL011474
OG0001588	GWHPDONJ006282	GWHPDONL009085, GWHPDONL010100
OG0001589	GWHPDONJ006285	GWHPDONL001439, GWHPDONL009558
OG0001590	GWHPDONJ006288	GWHPDONL002961, GWHPDONL003959
OG0001591	GWHPDONJ006291	GWHPDONL003964, GWHPDONL009549
OG0001592	GWHPDONJ006296	GWHPDONL003718, GWHPDONL011907
OG0001593	GWHPDONJ006300	GWHPDONL001040, GWHPDONL002651
OG0001594	GWHPDONJ006309	GWHPDONL001967, GWHPDONL006945
OG0001595	GWHPDONJ006329	GWHPDONL004029, GWHPDONL007372
OG0001596	GWHPDONJ006356	GWHPDONL000182, GWHPDONL007665
OG0001597	GWHPDONJ006359	GWHPDONL010076, GWHPDONL011016
OG0001598	GWHPDONJ006366	GWHPDONL009336, GWHPDONL013399
OG0001599	GWHPDONJ006370	GWHPDONL010260, GWHPDONL011875
OG0001600	GWHPDONJ006376	GWHPDONL010406, GWHPDONL012456
OG0001601	GWHPDONJ006385	GWHPDONL002124, GWHPDONL012094
OG0001602	GWHPDONJ006398, GWHPDONJ009629	GWHPDONL007202
OG0001603	GWHPDONJ006431	GWHPDONL004024, GWHPDONL004025
OG0001604	GWHPDONJ006444	GWHPDONL012292, GWHPDONL012293
OG0001605	GWHPDONJ006445	GWHPDONL008502, GWHPDONL012288
OG0001606	GWHPDONJ006472	GWHPDONL006334, GWHPDONL012048
OG0001607	GWHPDONJ006486	GWHPDONL001588, GWHPDONL006105
OG0001608	GWHPDONJ006510	GWHPDONL008849, GWHPDONL010150
OG0001609	GWHPDONJ006523	GWHPDONL007343, GWHPDONL008870
OG0001610	GWHPDONJ006529, GWHPDONJ007905	GWHPDONL003228
OG0001611	GWHPDONJ006531	GWHPDONL006789, GWHPDONL009540
OG0001612	GWHPDONJ006534	GWHPDONL003216, GWHPDONL013062
OG0001613	GWHPDONJ006538	GWHPDONL005058, GWHPDONL009899
OG0001614	GWHPDONJ006542	GWHPDONL003522, GWHPDONL009905
OG0001615	GWHPDONJ006543	GWHPDONL007819, GWHPDONL011497
OG0001616	GWHPDONJ006544	GWHPDONL007631, GWHPDONL012073
OG0001617	GWHPDONJ006555	GWHPDONL009633, GWHPDONL012350
OG0001618	GWHPDONJ006557	GWHPDONL007686, GWHPDONL013284
OG0001619	GWHPDONJ006564	GWHPDONL010299, GWHPDONL012408
OG0001620	GWHPDONJ006582	GWHPDONL002997, GWHPDONL012557
OG0001621	GWHPDONJ006585	GWHPDONL004216, GWHPDONL012632
OG0001622	GWHPDONJ006595	GWHPDONL005120, GWHPDONL007441
OG0001623	GWHPDONJ006608	GWHPDONL007649, GWHPDONL011725
OG0001624	GWHPDONJ006616	GWHPDONL001567, GWHPDONL001883
OG0001625	GWHPDONJ006640	GWHPDONL001962, GWHPDONL010303
OG0001626	GWHPDONJ006642	GWHPDONL006746, GWHPDONL008971
OG0001627	GWHPDONJ006649	GWHPDONL004107, GWHPDONL011226
OG0001628	GWHPDONJ006664	GWHPDONL003246, GWHPDONL003566
OG0001629	GWHPDONJ006665	GWHPDONL003563, GWHPDONL003754
OG0001630	GWHPDONJ006673	GWHPDONL001561, GWHPDONL007231
OG0001631	GWHPDONJ006677	GWHPDONL001552, GWHPDONL009671
OG0001632	GWHPDONJ006684	GWHPDONL009865, GWHPDONL012228
OG0001633	GWHPDONJ006690, GWHPDONJ007105	GWHPDONL004289
OG0001634	GWHPDONJ006692	GWHPDONL003906, GWHPDONL009998
OG0001635	GWHPDONJ006708	GWHPDONL006490, GWHPDONL006826
OG0001636	GWHPDONJ006723	GWHPDONL004311, GWHPDONL013214
OG0001637	GWHPDONJ006728	GWHPDONL011297, GWHPDONL013555
OG0001638	GWHPDONJ006729, GWHPDONJ009572, GWHPDONJ010805	
OG0001639	GWHPDONJ006750	GWHPDONL000060, GWHPDONL002428
OG0001640	GWHPDONJ006754	GWHPDONL006067, GWHPDONL010662
OG0001641	GWHPDONJ006757	GWHPDONL006188, GWHPDONL011284
OG0001642	GWHPDONJ006763	GWHPDONL000486, GWHPDONL009675
OG0001643	GWHPDONJ006777	GWHPDONL007373, GWHPDONL007374
OG0001644	GWHPDONJ006787, GWHPDONJ009699	GWHPDONL007972
OG0001645	GWHPDONJ006795	GWHPDONL002443, GWHPDONL003849
OG0001646	GWHPDONJ006814	GWHPDONL000868, GWHPDONL011285
OG0001647	GWHPDONJ006815	GWHPDONL007928, GWHPDONL009490
OG0001648	GWHPDONJ006817	GWHPDONL005951, GWHPDONL012916
OG0001649	GWHPDONJ006821	GWHPDONL006395, GWHPDONL007401
OG0001650	GWHPDONJ006823	GWHPDONL000774, GWHPDONL002891
OG0001651	GWHPDONJ006824	GWHPDONL000773, GWHPDONL002335
OG0001652	GWHPDONJ006827	GWHPDONL013039, GWHPDONL013986
OG0001653	GWHPDONJ006835	GWHPDONL000542, GWHPDONL000788
OG0001654	GWHPDONJ006842	GWHPDONL000536, GWHPDONL000794
OG0001655	GWHPDONJ006856	GWHPDONL000823, GWHPDONL004033
OG0001656	GWHPDONJ006858	GWHPDONL000815, GWHPDONL002673
OG0001657	GWHPDONJ006871	GWHPDONL003385, GWHPDONL007545
OG0001658	GWHPDONJ006873	GWHPDONL000023, GWHPDONL008735
OG0001659	GWHPDONJ006881	GWHPDONL001260, GWHPDONL011290
OG0001660	GWHPDONJ006884	GWHPDONL011288, GWHPDONL013407
OG0001661	GWHPDONJ006885	GWHPDONL002828, GWHPDONL012507
OG0001662	GWHPDONJ006887, GWHPDONJ007555	GWHPDONL001492
OG0001663	GWHPDONJ006895	GWHPDONL004988, GWHPDONL006354
OG0001664	GWHPDONJ006921	GWHPDONL000447, GWHPDONL005275
OG0001665	GWHPDONJ006942	GWHPDONL002402, GWHPDONL007834
OG0001666	GWHPDONJ006952	GWHPDONL002419, GWHPDONL004956
OG0001667	GWHPDONJ006953	GWHPDONL002416, GWHPDONL012528
OG0001668	GWHPDONJ006961	GWHPDONL003429, GWHPDONL003430
OG0001669	GWHPDONJ006978	GWHPDONL008280, GWHPDONL010632
OG0001670	GWHPDONJ006985	GWHPDONL003156, GWHPDONL005614
OG0001671	GWHPDONJ006992	GWHPDONL003141, GWHPDONL006532
OG0001672	GWHPDONJ006996	GWHPDONL006854, GWHPDONL013446
OG0001673	GWHPDONJ006999	GWHPDONL002463, GWHPDONL006846
OG0001674	GWHPDONJ007000	GWHPDONL009837, GWHPDONL010426
OG0001675	GWHPDONJ007010	GWHPDONL001976, GWHPDONL001977
OG0001676	GWHPDONJ007024	GWHPDONL002028, GWHPDONL013883
OG0001677	GWHPDONJ007028	GWHPDONL003831, GWHPDONL013876
OG0001678	GWHPDONJ007036	GWHPDONL002991, GWHPDONL003757
OG0001679	GWHPDONJ007044	GWHPDONL012147, GWHPDONL013666
OG0001680	GWHPDONJ007054	GWHPDONL012039, GWHPDONL014111
OG0001681	GWHPDONJ007058	GWHPDONL000185, GWHPDONL007551
OG0001682	GWHPDONJ007062	GWHPDONL012028, GWHPDONL012030
OG0001683	GWHPDONJ007070	GWHPDONL000734, GWHPDONL001155
OG0001684	GWHPDONJ007084	GWHPDONL001445, GWHPDONL001697
OG0001685	GWHPDONJ007088, GWHPDONJ008778	GWHPDONL006048
OG0001686	GWHPDONJ007093, GWHPDONJ008780	GWHPDONL003065
OG0001687	GWHPDONJ007096, GWHPDONJ008783	GWHPDONL002344
OG0001688	GWHPDONJ007106	GWHPDONL010355, GWHPDONL014040
OG0001689	GWHPDONJ007115, GWHPDONJ008788	GWHPDONL013318
OG0001690	GWHPDONJ007116	GWHPDONL011794, GWHPDONL013316
OG0001691	GWHPDONJ007121	GWHPDONL001675, GWHPDONL013926
OG0001692	GWHPDONJ007124, GWHPDONJ008789	GWHPDONL011895
OG0001693	GWHPDONJ007132, GWHPDONJ008791	GWHPDONL010529
OG0001694	GWHPDONJ007136, GWHPDONJ008792	GWHPDONL002600
OG0001695	GWHPDONJ007137	GWHPDONL000720, GWHPDONL002603
OG0001696	GWHPDONJ007138	GWHPDONL000213, GWHPDONL002545
OG0001697	GWHPDONJ007140	GWHPDONL000451, GWHPDONL013920
OG0001698	GWHPDONJ007164	GWHPDONL000283, GWHPDONL011017
OG0001699	GWHPDONJ007177	GWHPDONL012279, GWHPDONL012280
OG0001700	GWHPDONJ007185	GWHPDONL001205, GWHPDONL009274
OG0001701	GWHPDONJ007194	GWHPDONL002610, GWHPDONL007157
OG0001702	GWHPDONJ007198, GWHPDONJ008771	GWHPDONL011826
OG0001703	GWHPDONJ007199, GWHPDONJ008770	GWHPDONL014105
OG0001704	GWHPDONJ007206, GWHPDONJ008769	GWHPDONL008759
OG0001705	GWHPDONJ007210, GWHPDONJ008768	GWHPDONL010415
OG0001706	GWHPDONJ007229, GWHPDONJ008765	GWHPDONL007064
OG0001707	GWHPDONJ007231	GWHPDONL000112, GWHPDONL007067
OG0001708	GWHPDONJ007242	GWHPDONL009396, GWHPDONL009398
OG0001709	GWHPDONJ007271	GWHPDONL005700, GWHPDONL011413
OG0001710	GWHPDONJ007273	GWHPDONL001229, GWHPDONL008917
OG0001711	GWHPDONJ007276, GWHPDONJ008991	GWHPDONL007439
OG0001712	GWHPDONJ007278	GWHPDONL004431, GWHPDONL013275
OG0001713	GWHPDONJ007289	GWHPDONL001535, GWHPDONL004528
OG0001714	GWHPDONJ007294	GWHPDONL006439, GWHPDONL008139
OG0001715	GWHPDONJ007295, GWHPDONJ010879	GWHPDONL006440
OG0001716	GWHPDONJ007311	GWHPDONL003498, GWHPDONL005181
OG0001717	GWHPDONJ007314	GWHPDONL008905, GWHPDONL013065
OG0001718	GWHPDONJ007328	GWHPDONL007308, GWHPDONL009644
OG0001719	GWHPDONJ007331	GWHPDONL000210, GWHPDONL014053
OG0001720	GWHPDONJ007346	GWHPDONL011073, GWHPDONL012472
OG0001721	GWHPDONJ007369	GWHPDONL004495, GWHPDONL008417
OG0001722	GWHPDONJ007377	GWHPDONL001750, GWHPDONL008853
OG0001723	GWHPDONJ007391	GWHPDONL003283, GWHPDONL006596
OG0001724	GWHPDONJ007409	GWHPDONL005146, GWHPDONL011311
OG0001725	GWHPDONJ007415	GWHPDONL003829, GWHPDONL011233
OG0001726	GWHPDONJ007418	GWHPDONL004523, GWHPDONL006247
OG0001727	GWHPDONJ007422	GWHPDONL001393, GWHPDONL013836
OG0001728	GWHPDONJ007427	GWHPDONL001074, GWHPDONL012078
OG0001729	GWHPDONJ007428	GWHPDONL001071, GWHPDONL012487
OG0001730	GWHPDONJ007430, GWHPDONJ008214	GWHPDONL001836
OG0001731	GWHPDONJ007431	GWHPDONL001068, GWHPDONL012894
OG0001732	GWHPDONJ007444, GWHPDONJ007445, GWHPDONJ007446	
OG0001733	GWHPDONJ007463, GWHPDONJ010797	GWHPDONL011558
OG0001734	GWHPDONJ007464, GWHPDONJ010802	GWHPDONL000313
OG0001735	GWHPDONJ007465	GWHPDONL005898, GWHPDONL008535
OG0001736	GWHPDONJ007486, GWHPDONJ007488	GWHPDONL003392
OG0001737	GWHPDONJ007499	GWHPDONL011565, GWHPDONL012709
OG0001738	GWHPDONJ007502	GWHPDONL000430, GWHPDONL012702
OG0001739	GWHPDONJ007512	GWHPDONL008017, GWHPDONL010647
OG0001740	GWHPDONJ007513	GWHPDONL001467, GWHPDONL010908
OG0001741	GWHPDONJ007530	GWHPDONL000832, GWHPDONL009075
OG0001742	GWHPDONJ007553	GWHPDONL001105, GWHPDONL005807
OG0001743	GWHPDONJ007556	GWHPDONL001490, GWHPDONL001528
OG0001744	GWHPDONJ007569	GWHPDONL003164, GWHPDONL005604
OG0001745	GWHPDONJ007597	GWHPDONL000696, GWHPDONL009044
OG0001746	GWHPDONJ007607	GWHPDONL001340, GWHPDONL013425
OG0001747	GWHPDONJ007614	GWHPDONL008982, GWHPDONL011492
OG0001748	GWHPDONJ007617	GWHPDONL009760, GWHPDONL013223
OG0001749	GWHPDONJ007621, GWHPDONJ008655	GWHPDONL010919
OG0001750	GWHPDONJ007622, GWHPDONJ008657	GWHPDONL010491
OG0001751	GWHPDONJ007631, GWHPDONJ008665	GWHPDONL009362
OG0001752	GWHPDONJ007632, GWHPDONJ008666	GWHPDONL008867
OG0001753	GWHPDONJ007633, GWHPDONJ008670	GWHPDONL010293
OG0001754	GWHPDONJ007637, GWHPDONJ008678	GWHPDONL008408
OG0001755	GWHPDONJ007643	GWHPDONL011437, GWHPDONL012868
OG0001756	GWHPDONJ007665	GWHPDONL005567, GWHPDONL008439
OG0001757	GWHPDONJ007673	GWHPDONL006046, GWHPDONL010589
OG0001758	GWHPDONJ007698	GWHPDONL002747, GWHPDONL013784
OG0001759	GWHPDONJ007700	GWHPDONL009753, GWHPDONL012785
OG0001760	GWHPDONJ007701	GWHPDONL008988, GWHPDONL011487
OG0001761	GWHPDONJ007705	GWHPDONL004568, GWHPDONL013230
OG0001762	GWHPDONJ007708	GWHPDONL002005, GWHPDONL002006
OG0001763	GWHPDONJ007711	GWHPDONL001355, GWHPDONL007583
OG0001764	GWHPDONJ007716	GWHPDONL009677, GWHPDONL009754
OG0001765	GWHPDONJ007733	GWHPDONL002082, GWHPDONL010194
OG0001766	GWHPDONJ007740	GWHPDONL008817, GWHPDONL013440
OG0001767	GWHPDONJ007742	GWHPDONL005068, GWHPDONL009893
OG0001768	GWHPDONJ007755	GWHPDONL000517, GWHPDONL011999
OG0001769	GWHPDONJ007768	GWHPDONL012000, GWHPDONL012008
OG0001770	GWHPDONJ007779	GWHPDONL008459, GWHPDONL010408
OG0001771	GWHPDONJ007790, GWHPDONJ007796	GWHPDONL003553
OG0001772	GWHPDONJ007793	GWHPDONL003548, GWHPDONL013187
OG0001773	GWHPDONJ007801	GWHPDONL008689, GWHPDONL012890
OG0001774	GWHPDONJ007808	GWHPDONL009092, GWHPDONL014219
OG0001775	GWHPDONJ007811	GWHPDONL001808, GWHPDONL003079
OG0001776	GWHPDONJ007821	GWHPDONL001812, GWHPDONL003085
OG0001777	GWHPDONJ007823	GWHPDONL005577, GWHPDONL006727
OG0001778	GWHPDONJ007834	GWHPDONL001832, GWHPDONL008089
OG0001779	GWHPDONJ007835	GWHPDONL002642, GWHPDONL009407
OG0001780	GWHPDONJ007839	GWHPDONL013778, GWHPDONL013779
OG0001781	GWHPDONJ007846	GWHPDONL000068, GWHPDONL013461
OG0001782	GWHPDONJ007850	GWHPDONL006538, GWHPDONL007559
OG0001783	GWHPDONJ007875, GWHPDONJ007876	GWHPDONL006946
OG0001784	GWHPDONJ007877	GWHPDONL004352, GWHPDONL010352
OG0001785	GWHPDONJ007892, GWHPDONJ007893	GWHPDONL009948
OG0001786	GWHPDONJ007922	GWHPDONL006117, GWHPDONL007301
OG0001787	GWHPDONJ007975	GWHPDONL004831, GWHPDONL009888
OG0001788	GWHPDONJ007983	GWHPDONL007089, GWHPDONL007090
OG0001789	GWHPDONJ007985	GWHPDONL006611, GWHPDONL006612
OG0001790	GWHPDONJ007994	GWHPDONL005731, GWHPDONL009220
OG0001791	GWHPDONJ008004	GWHPDONL005901, GWHPDONL009457
OG0001792	GWHPDONJ008012	GWHPDONL002735, GWHPDONL003731
OG0001793	GWHPDONJ008019	GWHPDONL004772, GWHPDONL005866
OG0001794	GWHPDONJ008022	GWHPDONL009961, GWHPDONL014085
OG0001795	GWHPDONJ008034	GWHPDONL010099, GWHPDONL011192
OG0001796	GWHPDONJ008038	GWHPDONL011068, GWHPDONL011604
OG0001797	GWHPDONJ008074	GWHPDONL002692, GWHPDONL007084
OG0001798	GWHPDONJ008078	GWHPDONL005448, GWHPDONL010765
OG0001799	GWHPDONJ008112, GWHPDONJ008113	GWHPDONL004456
OG0001800	GWHPDONJ008127	GWHPDONL004454, GWHPDONL010748
OG0001801	GWHPDONJ008130	GWHPDONL011000, GWHPDONL012209
OG0001802	GWHPDONJ008131	GWHPDONL006720, GWHPDONL011002
OG0001803	GWHPDONJ008137	GWHPDONL000094, GWHPDONL008934
OG0001804	GWHPDONJ008141	GWHPDONL002712, GWHPDONL012185
OG0001805	GWHPDONJ008150	GWHPDONL003322, GWHPDONL007325
OG0001806	GWHPDONJ008155	GWHPDONL001995, GWHPDONL001996
OG0001807	GWHPDONJ008168	GWHPDONL008892, GWHPDONL009523
OG0001808	GWHPDONJ008169	GWHPDONL001913, GWHPDONL006088
OG0001809	GWHPDONJ008171	GWHPDONL007418, GWHPDONL012173
OG0001810	GWHPDONJ008173	GWHPDONL003503, GWHPDONL009511
OG0001811	GWHPDONJ008202	GWHPDONL005335, GWHPDONL007650
OG0001812	GWHPDONJ008240	GWHPDONL007137, GWHPDONL010263
OG0001813	GWHPDONJ008244	GWHPDONL001361, GWHPDONL003254
OG0001814	GWHPDONJ008263	GWHPDONL001712, GWHPDONL010442
OG0001815	GWHPDONJ008276	GWHPDONL001849, GWHPDONL006580
OG0001816	GWHPDONJ008278	GWHPDONL009981, GWHPDONL010025
OG0001817	GWHPDONJ008280	GWHPDONL001858, GWHPDONL013970
OG0001818	GWHPDONJ008290	GWHPDONL004828, GWHPDONL005610
OG0001819	GWHPDONJ008295	GWHPDONL001939, GWHPDONL006609
OG0001820	GWHPDONJ008301	GWHPDONL002960, GWHPDONL009434
OG0001821	GWHPDONJ008328, GWHPDONJ008329	GWHPDONL012834
OG0001822	GWHPDONJ008339	GWHPDONL001484, GWHPDONL008637
OG0001823	GWHPDONJ008341	GWHPDONL001870, GWHPDONL005299
OG0001824	GWHPDONJ008360	GWHPDONL001553, GWHPDONL001878
OG0001825	GWHPDONJ008370	GWHPDONL007267, GWHPDONL013001
OG0001826	GWHPDONJ008373	GWHPDONL000577, GWHPDONL009339
OG0001827	GWHPDONJ008404	GWHPDONL002063, GWHPDONL006628
OG0001828	GWHPDONJ008411	GWHPDONL002054, GWHPDONL003894
OG0001829	GWHPDONJ008421	GWHPDONL000667, GWHPDONL001083
OG0001830	GWHPDONJ008436	GWHPDONL005726, GWHPDONL012807
OG0001831	GWHPDONJ008449	GWHPDONL000931, GWHPDONL002023
OG0001832	GWHPDONJ008450	GWHPDONL008331, GWHPDONL012104
OG0001833	GWHPDONJ008459	GWHPDONL002127, GWHPDONL003107
OG0001834	GWHPDONJ008461	GWHPDONL001211, GWHPDONL001485
OG0001835	GWHPDONJ008499	GWHPDONL005194, GWHPDONL007069
OG0001836	GWHPDONJ008505	GWHPDONL001713, GWHPDONL010295
OG0001837	GWHPDONJ008512, GWHPDONJ009696	GWHPDONL000612
OG0001838	GWHPDONJ008515	GWHPDONL000756, GWHPDONL010627
OG0001839	GWHPDONJ008518	GWHPDONL001711, GWHPDONL013739
OG0001840	GWHPDONJ008524	GWHPDONL011476, GWHPDONL011477
OG0001841	GWHPDONJ008525	GWHPDONL004028, GWHPDONL006884
OG0001842	GWHPDONJ008557	GWHPDONL011531, GWHPDONL013073
OG0001843	GWHPDONJ008586	GWHPDONL000007, GWHPDONL002517
OG0001844	GWHPDONJ008594	GWHPDONL002265, GWHPDONL003114
OG0001845	GWHPDONJ008595	GWHPDONL002772, GWHPDONL010447
OG0001846	GWHPDONJ008597	GWHPDONL004966, GWHPDONL008108
OG0001847	GWHPDONJ008600	GWHPDONL004763, GWHPDONL012995
OG0001848	GWHPDONJ008611	GWHPDONL005381, GWHPDONL005489
OG0001849	GWHPDONJ008613	GWHPDONL002498, GWHPDONL011525
OG0001850	GWHPDONJ008617	GWHPDONL000874, GWHPDONL006570
OG0001851	GWHPDONJ008622	GWHPDONL006557, GWHPDONL009393
OG0001852	GWHPDONJ008632	GWHPDONL006146, GWHPDONL009326
OG0001853	GWHPDONJ008661	GWHPDONL002079, GWHPDONL002080
OG0001854	GWHPDONJ008700	GWHPDONL001167, GWHPDONL002372
OG0001855	GWHPDONJ008712	GWHPDONL010045, GWHPDONL014021
OG0001856	GWHPDONJ008713	GWHPDONL008095, GWHPDONL009485
OG0001857	GWHPDONJ008714	GWHPDONL005919, GWHPDONL014059
OG0001858	GWHPDONJ008715	GWHPDONL007810, GWHPDONL008950
OG0001859	GWHPDONJ008728	GWHPDONL009033, GWHPDONL009669
OG0001860	GWHPDONJ008729	GWHPDONL001429, GWHPDONL008785
OG0001861	GWHPDONJ008735	GWHPDONL002410, GWHPDONL005436
OG0001862	GWHPDONJ008736	GWHPDONL006523, GWHPDONL011465
OG0001863	GWHPDONJ008758, GWHPDONJ010501	GWHPDONL008077
OG0001864	GWHPDONJ008774, GWHPDONJ008775, GWHPDONJ008776	
OG0001865	GWHPDONJ008793	GWHPDONL000601, GWHPDONL000740
OG0001866	GWHPDONJ008801	GWHPDONL005339, GWHPDONL011209
OG0001867	GWHPDONJ008824	GWHPDONL002060, GWHPDONL002930
OG0001868	GWHPDONJ008853	GWHPDONL001677, GWHPDONL001678
OG0001869	GWHPDONJ008862	GWHPDONL000953, GWHPDONL011556
OG0001870	GWHPDONJ008868	GWHPDONL004893, GWHPDONL010674
OG0001871	GWHPDONJ008869, GWHPDONJ010586	GWHPDONL009552
OG0001872	GWHPDONJ008870	GWHPDONL000059, GWHPDONL006646
OG0001873	GWHPDONJ008871, GWHPDONJ010585	GWHPDONL006819
OG0001874	GWHPDONJ008880, GWHPDONJ010575	GWHPDONL011129
OG0001875	GWHPDONJ008893	GWHPDONL004006, GWHPDONL013529
OG0001876	GWHPDONJ008897	GWHPDONL004927, GWHPDONL010970
OG0001877	GWHPDONJ008909	GWHPDONL004531, GWHPDONL010588
OG0001878	GWHPDONJ008920	GWHPDONL002108, GWHPDONL010883
OG0001879	GWHPDONJ008922	GWHPDONL008411, GWHPDONL009477
OG0001880	GWHPDONJ008941	GWHPDONL009471, GWHPDONL009472
OG0001881	GWHPDONJ008953	GWHPDONL000016, GWHPDONL003169
OG0001882	GWHPDONJ008954	GWHPDONL003806, GWHPDONL010747
OG0001883	GWHPDONJ009000	GWHPDONL003729, GWHPDONL008092
OG0001884	GWHPDONJ009010	GWHPDONL002035, GWHPDONL006479
OG0001885	GWHPDONJ009013	GWHPDONL002034, GWHPDONL006476
OG0001886	GWHPDONJ009019, GWHPDONJ009928	GWHPDONL012820
OG0001887	GWHPDONJ009037	GWHPDONL000136, GWHPDONL004816
OG0001888	GWHPDONJ009040	GWHPDONL003168, GWHPDONL003380
OG0001889	GWHPDONJ009062	GWHPDONL008509, GWHPDONL012661
OG0001890	GWHPDONJ009064, GWHPDONJ009066	GWHPDONL002839
OG0001891	GWHPDONJ009065, GWHPDONJ009067	GWHPDONL011472
OG0001892	GWHPDONJ009070	GWHPDONL012495, GWHPDONL012498
OG0001893	GWHPDONJ009073	GWHPDONL001264, GWHPDONL009844
OG0001894	GWHPDONJ009081	GWHPDONL005206, GWHPDONL006526
OG0001895	GWHPDONJ009084	GWHPDONL000825, GWHPDONL009036
OG0001896	GWHPDONJ009101	GWHPDONL002917, GWHPDONL004536
OG0001897	GWHPDONJ009104	GWHPDONL005657, GWHPDONL009474
OG0001898	GWHPDONJ009117	GWHPDONL007167, GWHPDONL014048
OG0001899	GWHPDONJ009144	GWHPDONL000293, GWHPDONL005932
OG0001900	GWHPDONJ009146	GWHPDONL000312, GWHPDONL003999
OG0001901	GWHPDONJ009156	GWHPDONL005569, GWHPDONL008438
OG0001902	GWHPDONJ009159	GWHPDONL008150, GWHPDONL008151
OG0001903	GWHPDONJ009172	GWHPDONL004969, GWHPDONL007040
OG0001904	GWHPDONJ009174, GWHPDONJ010351	GWHPDONL011115
OG0001905	GWHPDONJ009176	GWHPDONL003559, GWHPDONL003752
OG0001906	GWHPDONJ009186	GWHPDONL000158, GWHPDONL003070
OG0001907	GWHPDONJ009195	GWHPDONL000356, GWHPDONL006691
OG0001908	GWHPDONJ009196	GWHPDONL001119, GWHPDONL006619
OG0001909	GWHPDONJ009209, GWHPDONJ009210	GWHPDONL009248
OG0001910	GWHPDONJ009211	GWHPDONL000377, GWHPDONL012363
OG0001911	GWHPDONJ009220	GWHPDONL003223, GWHPDONL010298
OG0001912	GWHPDONJ009225	GWHPDONL002458, GWHPDONL009738
OG0001913	GWHPDONJ009228	GWHPDONL001515, GWHPDONL011191
OG0001914	GWHPDONJ009253	GWHPDONL003262, GWHPDONL007323
OG0001915	GWHPDONJ009307	GWHPDONL006934, GWHPDONL008514
OG0001916	GWHPDONJ009316	GWHPDONL005008, GWHPDONL013108
OG0001917	GWHPDONJ009320	GWHPDONL009306, GWHPDONL009307
OG0001918	GWHPDONJ009331	GWHPDONL000491, GWHPDONL007885
OG0001919	GWHPDONJ009335	GWHPDONL001169, GWHPDONL002368
OG0001920	GWHPDONJ009337	GWHPDONL001185, GWHPDONL005312
OG0001921	GWHPDONJ009340	GWHPDONL013681, GWHPDONL013733
OG0001922	GWHPDONJ009348	GWHPDONL005642, GWHPDONL011412
OG0001923	GWHPDONJ009356	GWHPDONL006900, GWHPDONL006901
OG0001924	GWHPDONJ009357	GWHPDONL005612, GWHPDONL006865
OG0001925	GWHPDONJ009387	GWHPDONL000051, GWHPDONL013808
OG0001926	GWHPDONJ009390	GWHPDONL011626, GWHPDONL012619
OG0001927	GWHPDONJ009391	GWHPDONL004700, GWHPDONL008925
OG0001928	GWHPDONJ009393	GWHPDONL000569, GWHPDONL005346
OG0001929	GWHPDONJ009408, GWHPDONJ009409, GWHPDONJ009410	
OG0001930	GWHPDONJ009418	GWHPDONL000792, GWHPDONL004340
OG0001931	GWHPDONJ009436	GWHPDONL004279, GWHPDONL009351
OG0001932	GWHPDONJ009437	GWHPDONL000840, GWHPDONL011784
OG0001933	GWHPDONJ009443	GWHPDONL000102, GWHPDONL004635
OG0001934	GWHPDONJ009451	GWHPDONL008107, GWHPDONL008257
OG0001935	GWHPDONJ009454	GWHPDONL012500, GWHPDONL014142
OG0001936	GWHPDONJ009459	GWHPDONL012504, GWHPDONL014146
OG0001937	GWHPDONJ009467	GWHPDONL002707, GWHPDONL009796
OG0001938	GWHPDONJ009470	GWHPDONL007901, GWHPDONL008282
OG0001939	GWHPDONJ009477	GWHPDONL009182, GWHPDONL012842
OG0001940	GWHPDONJ009480	GWHPDONL001651, GWHPDONL005531
OG0001941	GWHPDONJ009498	GWHPDONL010604, GWHPDONL011213
OG0001942	GWHPDONJ009509	GWHPDONL000431, GWHPDONL007865
OG0001943	GWHPDONJ009514, GWHPDONJ010845	GWHPDONL009493
OG0001944	GWHPDONJ009520	GWHPDONL006878, GWHPDONL012342
OG0001945	GWHPDONJ009524	GWHPDONL006160, GWHPDONL013756
OG0001946	GWHPDONJ009527	GWHPDONL002151, GWHPDONL009639
OG0001947	GWHPDONJ009534	GWHPDONL000192, GWHPDONL006768
OG0001948	GWHPDONJ009553	GWHPDONL001210, GWHPDONL008639
OG0001949	GWHPDONJ009560	GWHPDONL006124, GWHPDONL008654
OG0001950	GWHPDONJ009567	GWHPDONL006148, GWHPDONL009778
OG0001951	GWHPDONJ009581	GWHPDONL010146, GWHPDONL014100
OG0001952	GWHPDONJ009582	GWHPDONL004947, GWHPDONL007366
OG0001953	GWHPDONJ009588	GWHPDONL003543, GWHPDONL010322
OG0001954	GWHPDONJ009597	GWHPDONL003069, GWHPDONL003541
OG0001955	GWHPDONJ009598	GWHPDONL008684, GWHPDONL012415
OG0001956	GWHPDONJ009609, GWHPDONJ009969	GWHPDONL013606
OG0001957	GWHPDONJ009615	GWHPDONL003001, GWHPDONL011374
OG0001958	GWHPDONJ009634, GWHPDONJ009917	GWHPDONL010475
OG0001959	GWHPDONJ009657	GWHPDONL003170, GWHPDONL005196
OG0001960	GWHPDONJ009661	GWHPDONL000528, GWHPDONL004274
OG0001961	GWHPDONJ009664	GWHPDONL003250, GWHPDONL007517
OG0001962	GWHPDONJ009674	GWHPDONL001015, GWHPDONL003256
OG0001963	GWHPDONJ009676	GWHPDONL000540, GWHPDONL000541
OG0001964	GWHPDONJ009679	GWHPDONL008076, GWHPDONL008452
OG0001965	GWHPDONJ009681, GWHPDONJ009682	GWHPDONL007099
OG0001966	GWHPDONJ009694	GWHPDONL000609, GWHPDONL008725
OG0001967	GWHPDONJ009709	GWHPDONL008824, GWHPDONL009942
OG0001968	GWHPDONJ009716	GWHPDONL007963, GWHPDONL008546
OG0001969	GWHPDONJ009721	GWHPDONL000960, GWHPDONL004510
OG0001970	GWHPDONJ009726	GWHPDONL000945, GWHPDONL007708
OG0001971	GWHPDONJ009728	GWHPDONL007512, GWHPDONL007712
OG0001972	GWHPDONJ009731	GWHPDONL007720, GWHPDONL007721
OG0001973	GWHPDONJ009757	GWHPDONL000118, GWHPDONL010387
OG0001974	GWHPDONJ009759	GWHPDONL000759, GWHPDONL010515
OG0001975	GWHPDONJ009789	GWHPDONL003270, GWHPDONL004501
OG0001976	GWHPDONJ009800	GWHPDONL003057, GWHPDONL003790
OG0001977	GWHPDONJ009823	GWHPDONL005960, GWHPDONL012460
OG0001978	GWHPDONJ009827	GWHPDONL013574, GWHPDONL013832
OG0001979	GWHPDONJ009837	GWHPDONL004345, GWHPDONL012455
OG0001980	GWHPDONJ009839	GWHPDONL013139, GWHPDONL013359
OG0001981	GWHPDONJ009844	GWHPDONL004483, GWHPDONL005154
OG0001982	GWHPDONJ009861	GWHPDONL010141, GWHPDONL010782
OG0001983	GWHPDONJ009871	GWHPDONL000892, GWHPDONL001315
OG0001984	GWHPDONJ009899	GWHPDONL003665, GWHPDONL006192
OG0001985	GWHPDONJ009902	GWHPDONL006514, GWHPDONL011160
OG0001986	GWHPDONJ009903	GWHPDONL007396, GWHPDONL008999
OG0001987	GWHPDONJ009910	GWHPDONL010894, GWHPDONL012844
OG0001988	GWHPDONJ009914	GWHPDONL003578, GWHPDONL011768
OG0001989	GWHPDONJ009946	GWHPDONL005725, GWHPDONL013416
OG0001990	GWHPDONJ009951	GWHPDONL004398, GWHPDONL005179
OG0001991	GWHPDONJ009954	GWHPDONL005176, GWHPDONL011724
OG0001992	GWHPDONJ009957	GWHPDONL008027, GWHPDONL013067
OG0001993	GWHPDONJ009970	GWHPDONL004418, GWHPDONL010028
OG0001994	GWHPDONJ009974	GWHPDONL003604, GWHPDONL010912
OG0001995	GWHPDONJ009980, GWHPDONJ009981, GWHPDONJ009982	
OG0001996	GWHPDONJ009988	GWHPDONL002986, GWHPDONL010888
OG0001997	GWHPDONJ010003	GWHPDONL001901, GWHPDONL001902
OG0001998	GWHPDONJ010010, GWHPDONJ010453	GWHPDONL012221
OG0001999	GWHPDONJ010018	GWHPDONL000909, GWHPDONL001838
OG0002000	GWHPDONJ010021	GWHPDONL005256, GWHPDONL014162
OG0002001	GWHPDONJ010025	GWHPDONL009791, GWHPDONL009792
OG0002002	GWHPDONJ010031	GWHPDONL005263, GWHPDONL011731
OG0002003	GWHPDONJ010035	GWHPDONL005273, GWHPDONL012685
OG0002004	GWHPDONJ010044	GWHPDONL007861, GWHPDONL012705
OG0002005	GWHPDONJ010046	GWHPDONL006664, GWHPDONL007839
OG0002006	GWHPDONJ010049	GWHPDONL003457, GWHPDONL009819
OG0002007	GWHPDONJ010051	GWHPDONL002634, GWHPDONL007129
OG0002008	GWHPDONJ010052	GWHPDONL000369, GWHPDONL011845
OG0002009	GWHPDONJ010072	GWHPDONL006472, GWHPDONL013068
OG0002010	GWHPDONJ010074	GWHPDONL001150, GWHPDONL004123
OG0002011	GWHPDONJ010092	GWHPDONL000926, GWHPDONL013260
OG0002012	GWHPDONJ010094	GWHPDONL003596, GWHPDONL013286
OG0002013	GWHPDONJ010095	GWHPDONL009886, GWHPDONL013618
OG0002014	GWHPDONJ010121, GWHPDONJ010214	GWHPDONL008431
OG0002015	GWHPDONJ010135	GWHPDONL012692, GWHPDONL013165
OG0002016	GWHPDONJ010137	GWHPDONL000143, GWHPDONL004101
OG0002017	GWHPDONJ010145	GWHPDONL003233, GWHPDONL008300
OG0002018	GWHPDONJ010146	GWHPDONL008629, GWHPDONL013893
OG0002019	GWHPDONJ010152	GWHPDONL004543, GWHPDONL004868
OG0002020	GWHPDONJ010166	GWHPDONL004206, GWHPDONL012628
OG0002021	GWHPDONJ010197	GWHPDONL005794, GWHPDONL012181
OG0002022	GWHPDONJ010202	GWHPDONL013951, GWHPDONL014072
OG0002023	GWHPDONJ010213, GWHPDONJ010661	GWHPDONL010102
OG0002024	GWHPDONJ010218	GWHPDONL003777, GWHPDONL010735
OG0002025	GWHPDONJ010227	GWHPDONL001114, GWHPDONL001204
OG0002026	GWHPDONJ010238	GWHPDONL001135, GWHPDONL002064
OG0002027	GWHPDONJ010271	GWHPDONL010646, GWHPDONL013337
OG0002028	GWHPDONJ010281	GWHPDONL007107, GWHPDONL009542
OG0002029	GWHPDONJ010291	GWHPDONL000240, GWHPDONL002505
OG0002030	GWHPDONJ010301	GWHPDONL004489, GWHPDONL013195
OG0002031	GWHPDONJ010307	GWHPDONL002384, GWHPDONL002435
OG0002032	GWHPDONJ010315	GWHPDONL010872, GWHPDONL010873
OG0002033	GWHPDONJ010323	GWHPDONL008231, GWHPDONL013093
OG0002034	GWHPDONJ010324	GWHPDONL005950, GWHPDONL010759
OG0002035	GWHPDONJ010328	GWHPDONL007288, GWHPDONL009697
OG0002036	GWHPDONJ010333	GWHPDONL006918, GWHPDONL006919
OG0002037	GWHPDONJ010340, GWHPDONJ010341	GWHPDONL014061
OG0002038	GWHPDONJ010343	GWHPDONL005351, GWHPDONL013008
OG0002039	GWHPDONJ010349	GWHPDONL006340, GWHPDONL012056
OG0002040	GWHPDONJ010350	GWHPDONL002466, GWHPDONL010952
OG0002041	GWHPDONJ010375	GWHPDONL003063, GWHPDONL014089
OG0002042	GWHPDONJ010379	GWHPDONL003397, GWHPDONL005062
OG0002043	GWHPDONJ010382	GWHPDONL005147, GWHPDONL013138
OG0002044	GWHPDONJ010385, GWHPDONJ010388	GWHPDONL005555
OG0002045	GWHPDONJ010399	GWHPDONL006927, GWHPDONL007153
OG0002046	GWHPDONJ010400	GWHPDONL003157, GWHPDONL005617
OG0002047	GWHPDONJ010408	GWHPDONL006849, GWHPDONL007668
OG0002048	GWHPDONJ010418	GWHPDONL005738, GWHPDONL012253
OG0002049	GWHPDONJ010427	GWHPDONL001456, GWHPDONL008020
OG0002050	GWHPDONJ010437	GWHPDONL003869, GWHPDONL005708
OG0002051	GWHPDONJ010439	GWHPDONL003292, GWHPDONL010777
OG0002052	GWHPDONJ010465	GWHPDONL000184, GWHPDONL012031
OG0002053	GWHPDONJ010489	GWHPDONL002993, GWHPDONL013862
OG0002054	GWHPDONJ010490	GWHPDONL005789, GWHPDONL011541
OG0002055	GWHPDONJ010514, GWHPDONJ010516	GWHPDONL005171
OG0002056	GWHPDONJ010522	GWHPDONL002374, GWHPDONL010434
OG0002057	GWHPDONJ010523	GWHPDONL011371, GWHPDONL011747
OG0002058	GWHPDONJ010525	GWHPDONL008811, GWHPDONL009144
OG0002059	GWHPDONJ010537	GWHPDONL004906, GWHPDONL008531
OG0002060	GWHPDONJ010539	GWHPDONL002327, GWHPDONL009922
OG0002061	GWHPDONJ010546	GWHPDONL007115, GWHPDONL010963
OG0002062	GWHPDONJ010557	GWHPDONL006473, GWHPDONL013655
OG0002063	GWHPDONJ010563	GWHPDONL000299, GWHPDONL003746
OG0002064	GWHPDONJ010581	GWHPDONL007502, GWHPDONL007719
OG0002065	GWHPDONJ010600	GWHPDONL000410, GWHPDONL006753
OG0002066	GWHPDONJ010608	GWHPDONL011255, GWHPDONL013163
OG0002067	GWHPDONJ010611	GWHPDONL001971, GWHPDONL011455
OG0002068	GWHPDONJ010612	GWHPDONL001548, GWHPDONL004728
OG0002069	GWHPDONJ010619	GWHPDONL005877, GWHPDONL009385
OG0002070	GWHPDONJ010625	GWHPDONL005893, GWHPDONL011086
OG0002071	GWHPDONJ010626	GWHPDONL005891, GWHPDONL011083
OG0002072	GWHPDONJ010627	GWHPDONL005894, GWHPDONL011085
OG0002073	GWHPDONJ010638	GWHPDONL007805, GWHPDONL011365
OG0002074	GWHPDONJ010648	GWHPDONL005130, GWHPDONL008361
OG0002075	GWHPDONJ010649	GWHPDONL003524, GWHPDONL012328
OG0002076	GWHPDONJ010667	GWHPDONL006689, GWHPDONL006811
OG0002077	GWHPDONJ010695	GWHPDONL003258, GWHPDONL007321
OG0002078	GWHPDONJ010707	GWHPDONL013903, GWHPDONL013904
OG0002079	GWHPDONJ010724	GWHPDONL004163, GWHPDONL007966
OG0002080	GWHPDONJ010729	GWHPDONL001182, GWHPDONL002586
OG0002081	GWHPDONJ010733	GWHPDONL001926, GWHPDONL012969
OG0002082	GWHPDONJ010736	GWHPDONL003634, GWHPDONL005991
OG0002083	GWHPDONJ010737	GWHPDONL005630, GWHPDONL006890
OG0002084	GWHPDONJ010740	GWHPDONL004137, GWHPDONL005595
OG0002085	GWHPDONJ010744	GWHPDONL009117, GWHPDONL009718
OG0002086	GWHPDONJ010745	GWHPDONL003479, GWHPDONL010383
OG0002087	GWHPDONJ010752	GWHPDONL002670, GWHPDONL010333
OG0002088	GWHPDONJ010759	GWHPDONL004808, GWHPDONL007760
OG0002089	GWHPDONJ010766	GWHPDONL001443, GWHPDONL009198
OG0002090	GWHPDONJ010776	GWHPDONL003658, GWHPDONL007932
OG0002091	GWHPDONJ010778	GWHPDONL003844, GWHPDONL004845
OG0002092	GWHPDONJ010779	GWHPDONL001231, GWHPDONL003840
OG0002093	GWHPDONJ010782	GWHPDONL002826, GWHPDONL003495
OG0002094	GWHPDONJ010788	GWHPDONL000053, GWHPDONL012641
OG0002095	GWHPDONJ010798	GWHPDONL001077, GWHPDONL012888
OG0002096	GWHPDONJ010817	GWHPDONL008424, GWHPDONL013380
OG0002097	GWHPDONJ010838	GWHPDONL003518, GWHPDONL009910
OG0002098	GWHPDONJ010858	GWHPDONL006654, GWHPDONL013915
OG0002099	GWHPDONJ010860	GWHPDONL011770, GWHPDONL012838
OG0002100	GWHPDONJ010870	GWHPDONL003656, GWHPDONL013916
OG0002101	Null	GWHPDONL000031, GWHPDONL006145, GWHPDONL006700
OG0002102	Null	GWHPDONL000073, GWHPDONL004361, GWHPDONL011403
OG0002103	Null	GWHPDONL000171, GWHPDONL006585, GWHPDONL009231
OG0002104	Null	GWHPDONL000175, GWHPDONL002926, GWHPDONL011140
OG0002105	Null	GWHPDONL000198, GWHPDONL005153, GWHPDONL009116
OG0002106	Null	GWHPDONL000200, GWHPDONL001546, GWHPDONL008297
OG0002107	Null	GWHPDONL000241, GWHPDONL007791, GWHPDONL013671
OG0002108	Null	GWHPDONL000258, GWHPDONL005136, GWHPDONL006512
OG0002109	Null	GWHPDONL000274, GWHPDONL000640, GWHPDONL011420
OG0002110	Null	GWHPDONL000295, GWHPDONL008040, GWHPDONL010800
OG0002111	Null	GWHPDONL000328, GWHPDONL002802, GWHPDONL010229
OG0002112	Null	GWHPDONL000346, GWHPDONL000347, GWHPDONL005727
OG0002113	Null	GWHPDONL000364, GWHPDONL006574, GWHPDONL013648
OG0002114	Null	GWHPDONL000384, GWHPDONL004619, GWHPDONL008352
OG0002115	Null	GWHPDONL000396, GWHPDONL005812, GWHPDONL011400
OG0002116	Null	GWHPDONL000408, GWHPDONL006663, GWHPDONL006968
OG0002117	Null	GWHPDONL000499, GWHPDONL005867, GWHPDONL013075
OG0002118	Null	GWHPDONL000520, GWHPDONL010368, GWHPDONL012738
OG0002119	Null	GWHPDONL000561, GWHPDONL000563, GWHPDONL007905
OG0002120	Null	GWHPDONL000572, GWHPDONL006152, GWHPDONL010703
OG0002121	Null	GWHPDONL000578, GWHPDONL012071, GWHPDONL012072
OG0002122	Null	GWHPDONL000590, GWHPDONL002166, GWHPDONL002813
OG0002123	Null	GWHPDONL000595, GWHPDONL008041, GWHPDONL010119
OG0002124	Null	GWHPDONL000627, GWHPDONL009536, GWHPDONL009537
OG0002125	Null	GWHPDONL000636, GWHPDONL002451, GWHPDONL008349
OG0002126	Null	GWHPDONL000673, GWHPDONL006274, GWHPDONL008705
OG0002127	Null	GWHPDONL000695, GWHPDONL001687, GWHPDONL012259
OG0002128	Null	GWHPDONL000724, GWHPDONL011631, GWHPDONL013792
OG0002129	Null	GWHPDONL000776, GWHPDONL002886, GWHPDONL007235
OG0002130	Null	GWHPDONL000778, GWHPDONL004627, GWHPDONL010292
OG0002131	Null	GWHPDONL000826, GWHPDONL001898, GWHPDONL010959
OG0002132	Null	GWHPDONL000877, GWHPDONL001767, GWHPDONL012508
OG0002133	Null	GWHPDONL000914, GWHPDONL011020, GWHPDONL011591
OG0002134	Null	GWHPDONL000919, GWHPDONL001830, GWHPDONL002783
OG0002135	Null	GWHPDONL000971, GWHPDONL004520, GWHPDONL004521
OG0002136	Null	GWHPDONL001011, GWHPDONL001357, GWHPDONL009338
OG0002137	Null	GWHPDONL001075, GWHPDONL008789, GWHPDONL009209
OG0002138	Null	GWHPDONL001156, GWHPDONL008018, GWHPDONL009342
OG0002139	Null	GWHPDONL001200, GWHPDONL008851, GWHPDONL010726
OG0002140	Null	GWHPDONL001230, GWHPDONL006824, GWHPDONL013549
OG0002141	Null	GWHPDONL001246, GWHPDONL001247, GWHPDONL011270
OG0002142	Null	GWHPDONL001273, GWHPDONL005734, GWHPDONL013445
OG0002143	Null	GWHPDONL001344, GWHPDONL011143, GWHPDONL012401
OG0002144	Null	GWHPDONL001383, GWHPDONL010336, GWHPDONL013607
OG0002145	Null	GWHPDONL001410, GWHPDONL009564, GWHPDONL012524
OG0002146	Null	GWHPDONL001512, GWHPDONL006066, GWHPDONL009717
OG0002147	Null	GWHPDONL001518, GWHPDONL001605, GWHPDONL008692
OG0002148	Null	GWHPDONL001565, GWHPDONL006347, GWHPDONL008396
OG0002149	Null	GWHPDONL001585, GWHPDONL001586, GWHPDONL013059
OG0002150	Null	GWHPDONL001606, GWHPDONL002774, GWHPDONL003028
OG0002151	Null	GWHPDONL001624, GWHPDONL004273, GWHPDONL010098
OG0002152	Null	GWHPDONL001661, GWHPDONL003272, GWHPDONL009544
OG0002153	Null	GWHPDONL001682, GWHPDONL010830, GWHPDONL012778
OG0002154	Null	GWHPDONL001747, GWHPDONL003103, GWHPDONL013532
OG0002155	Null	GWHPDONL001773, GWHPDONL006228, GWHPDONL012635
OG0002156	Null	GWHPDONL001778, GWHPDONL002114, GWHPDONL003008
OG0002157	Null	GWHPDONL001847, GWHPDONL007547, GWHPDONL013633
OG0002158	Null	GWHPDONL001864, GWHPDONL004260, GWHPDONL010437
OG0002159	Null	GWHPDONL002036, GWHPDONL009603, GWHPDONL009604
OG0002160	Null	GWHPDONL002090, GWHPDONL009008, GWHPDONL009009
OG0002161	Null	GWHPDONL002144, GWHPDONL002799, GWHPDONL004299
OG0002162	Null	GWHPDONL002195, GWHPDONL005127, GWHPDONL010780
OG0002163	Null	GWHPDONL002221, GWHPDONL002381, GWHPDONL009413
OG0002164	Null	GWHPDONL002253, GWHPDONL002342, GWHPDONL010944
OG0002165	Null	GWHPDONL002279, GWHPDONL005140, GWHPDONL013368
OG0002166	Null	GWHPDONL002339, GWHPDONL002899, GWHPDONL013094
OG0002167	Null	GWHPDONL002353, GWHPDONL003979, GWHPDONL012018
OG0002168	Null	GWHPDONL002417, GWHPDONL002418, GWHPDONL004955
OG0002169	Null	GWHPDONL002425, GWHPDONL003321, GWHPDONL005818
OG0002170	Null	GWHPDONL002464, GWHPDONL006843, GWHPDONL006844
OG0002171	Null	GWHPDONL002507, GWHPDONL004864, GWHPDONL007553
OG0002172	Null	GWHPDONL002524, GWHPDONL003410, GWHPDONL004106
OG0002173	Null	GWHPDONL002527, GWHPDONL002528, GWHPDONL011540
OG0002174	Null	GWHPDONL002675, GWHPDONL005641, GWHPDONL006356
OG0002175	Null	GWHPDONL002706, GWHPDONL008243, GWHPDONL008427
OG0002176	Null	GWHPDONL002755, GWHPDONL013070, GWHPDONL013071
OG0002177	Null	GWHPDONL002769, GWHPDONL009037, GWHPDONL010519
OG0002178	Null	GWHPDONL002843, GWHPDONL007162, GWHPDONL008375
OG0002179	Null	GWHPDONL002860, GWHPDONL010031, GWHPDONL010598
OG0002180	Null	GWHPDONL002915, GWHPDONL012531, GWHPDONL013993
OG0002181	Null	GWHPDONL002981, GWHPDONL005627, GWHPDONL006250
OG0002182	Null	GWHPDONL003048, GWHPDONL006875, GWHPDONL009181
OG0002183	Null	GWHPDONL003099, GWHPDONL004978, GWHPDONL012341
OG0002184	Null	GWHPDONL003120, GWHPDONL007550, GWHPDONL010216
OG0002185	Null	GWHPDONL003138, GWHPDONL009070, GWHPDONL011688
OG0002186	Null	GWHPDONL003294, GWHPDONL006300, GWHPDONL011666
OG0002187	Null	GWHPDONL003325, GWHPDONL003949, GWHPDONL013675
OG0002188	Null	GWHPDONL003469, GWHPDONL003471, GWHPDONL012601
OG0002189	Null	GWHPDONL003505, GWHPDONL005488, GWHPDONL009101
OG0002190	Null	GWHPDONL003560, GWHPDONL004908, GWHPDONL005087
OG0002191	Null	GWHPDONL003639, GWHPDONL004030, GWHPDONL006477
OG0002192	Null	GWHPDONL003663, GWHPDONL004980, GWHPDONL011661
OG0002193	Null	GWHPDONL003667, GWHPDONL003668, GWHPDONL003670
OG0002194	Null	GWHPDONL003694, GWHPDONL008929, GWHPDONL013749
OG0002195	Null	GWHPDONL003701, GWHPDONL012875, GWHPDONL012876
OG0002196	Null	GWHPDONL003741, GWHPDONL011021, GWHPDONL011579
OG0002197	Null	GWHPDONL003745, GWHPDONL009487, GWHPDONL009630
OG0002198	Null	GWHPDONL003747, GWHPDONL004565, GWHPDONL004847
OG0002199	Null	GWHPDONL003796, GWHPDONL005433, GWHPDONL007486
OG0002200	Null	GWHPDONL003800, GWHPDONL007289, GWHPDONL007743
OG0002201	Null	GWHPDONL003834, GWHPDONL005502, GWHPDONL013879
OG0002202	Null	GWHPDONL004041, GWHPDONL004559, GWHPDONL011354
OG0002203	Null	GWHPDONL004121, GWHPDONL004434, GWHPDONL004435
OG0002204	Null	GWHPDONL004265, GWHPDONL010930, GWHPDONL014081
OG0002205	Null	GWHPDONL004338, GWHPDONL005730, GWHPDONL007582
OG0002206	Null	GWHPDONL004430, GWHPDONL004689, GWHPDONL014025
OG0002207	Null	GWHPDONL004575, GWHPDONL009139, GWHPDONL012931
OG0002208	Null	GWHPDONL004613, GWHPDONL009389, GWHPDONL010280
OG0002209	Null	GWHPDONL004670, GWHPDONL011911, GWHPDONL012917
OG0002210	Null	GWHPDONL004690, GWHPDONL008425, GWHPDONL013382
OG0002211	Null	GWHPDONL004691, GWHPDONL008426, GWHPDONL013383
OG0002212	Null	GWHPDONL004703, GWHPDONL006990, GWHPDONL013391
OG0002213	Null	GWHPDONL004736, GWHPDONL007997, GWHPDONL010983
OG0002214	Null	GWHPDONL004775, GWHPDONL011630, GWHPDONL014004
OG0002215	Null	GWHPDONL004795, GWHPDONL005268, GWHPDONL010014
OG0002216	Null	GWHPDONL004806, GWHPDONL011889, GWHPDONL014000
OG0002217	Null	GWHPDONL004882, GWHPDONL008354, GWHPDONL010393
OG0002218	Null	GWHPDONL005029, GWHPDONL008908, GWHPDONL009856
OG0002219	Null	GWHPDONL005053, GWHPDONL009901, GWHPDONL012964
OG0002220	Null	GWHPDONL005158, GWHPDONL006949, GWHPDONL007561
OG0002221	Null	GWHPDONL005162, GWHPDONL006772, GWHPDONL006773
OG0002222	Null	GWHPDONL005163, GWHPDONL006227, GWHPDONL007314
OG0002223	Null	GWHPDONL005262, GWHPDONL013046, GWHPDONL013331
OG0002224	Null	GWHPDONL005329, GWHPDONL010002, GWHPDONL013528
OG0002225	Null	GWHPDONL005358, GWHPDONL007507, GWHPDONL007715
OG0002226	Null	GWHPDONL005403, GWHPDONL005998, GWHPDONL013719
OG0002227	Null	GWHPDONL005411, GWHPDONL007136, GWHPDONL012735
OG0002228	Null	GWHPDONL005593, GWHPDONL009152, GWHPDONL009876
OG0002229	Null	GWHPDONL005658, GWHPDONL012379, GWHPDONL013728
OG0002230	Null	GWHPDONL005835, GWHPDONL008454, GWHPDONL013656
OG0002231	Null	GWHPDONL005925, GWHPDONL008786, GWHPDONL010637
OG0002232	Null	GWHPDONL006090, GWHPDONL007945, GWHPDONL010021
OG0002233	Null	GWHPDONL006193, GWHPDONL006486, GWHPDONL009193
OG0002234	Null	GWHPDONL006194, GWHPDONL007961, GWHPDONL009704
OG0002235	Null	GWHPDONL006206, GWHPDONL007797, GWHPDONL010976
OG0002236	Null	GWHPDONL006289, GWHPDONL010927, GWHPDONL011440
OG0002237	Null	GWHPDONL006336, GWHPDONL012049, GWHPDONL012658
OG0002238	Null	GWHPDONL006529, GWHPDONL006993, GWHPDONL009985
OG0002239	Null	GWHPDONL006622, GWHPDONL008567, GWHPDONL011088
OG0002240	Null	GWHPDONL006643, GWHPDONL011507, GWHPDONL012076
OG0002241	Null	GWHPDONL006871, GWHPDONL009395, GWHPDONL009397
OG0002242	Null	GWHPDONL007026, GWHPDONL007134, GWHPDONL011515
OG0002243	Null	GWHPDONL007198, GWHPDONL011825, GWHPDONL012090
OG0002244	Null	GWHPDONL007424, GWHPDONL008665, GWHPDONL010128
OG0002245	Null	GWHPDONL007474, GWHPDONL009931, GWHPDONL010392
OG0002246	Null	GWHPDONL007756, GWHPDONL008991, GWHPDONL010157
OG0002247	Null	GWHPDONL007783, GWHPDONL007785, GWHPDONL008056
OG0002248	Null	GWHPDONL007798, GWHPDONL008548, GWHPDONL008775
OG0002249	Null	GWHPDONL007854, GWHPDONL007855, GWHPDONL013627
OG0002250	Null	GWHPDONL008235, GWHPDONL010891, GWHPDONL013727
OG0002251	Null	GWHPDONL008275, GWHPDONL012068, GWHPDONL013768
OG0002252	Null	GWHPDONL008749, GWHPDONL008750, GWHPDONL012697
OG0002253	Null	GWHPDONL008985, GWHPDONL009262, GWHPDONL010171
OG0002254	Null	GWHPDONL008994, GWHPDONL010580, GWHPDONL012477
OG0002255	Null	GWHPDONL009157, GWHPDONL011537, GWHPDONL011538
OG0002256	Null	GWHPDONL009240, GWHPDONL010505, GWHPDONL011245
OG0002257	Null	GWHPDONL009268, GWHPDONL011811, GWHPDONL013467
OG0002258	Null	GWHPDONL009423, GWHPDONL010969, GWHPDONL012083
OG0002259	Null	GWHPDONL009695, GWHPDONL010118, GWHPDONL014036
OG0002260	Null	GWHPDONL010145, GWHPDONL011930, GWHPDONL012084
OG0002261	Null	GWHPDONL010875, GWHPDONL012200, GWHPDONL013321
OG0002262	Null	GWHPDONL011679, GWHPDONL011680, GWHPDONL011681
OG0002263	Null	GWHPDONL012582, GWHPDONL013241, GWHPDONL013547
OG0002264	Null	GWHPDONL014066, GWHPDONL014067, GWHPDONL014068
OG0002265	GWHPDONJ000024	GWHPDONL007792
OG0002266	GWHPDONJ000030	GWHPDONL004263
OG0002267	GWHPDONJ000031	GWHPDONL004474
OG0002268	GWHPDONJ000035	GWHPDONL004287
OG0002269	GWHPDONJ000038	GWHPDONL003029
OG0002270	GWHPDONJ000044, GWHPDONJ003701	
OG0002271	GWHPDONJ000052	GWHPDONL001693
OG0002272	GWHPDONJ000063	GWHPDONL003727
OG0002273	GWHPDONJ000071	GWHPDONL010001
OG0002274	GWHPDONJ000072, GWHPDONJ006001	
OG0002275	GWHPDONJ000075	GWHPDONL009459
OG0002276	GWHPDONJ000077	GWHPDONL004480
OG0002277	GWHPDONJ000079	GWHPDONL011939
OG0002278	GWHPDONJ000080	GWHPDONL012928
OG0002279	GWHPDONJ000082	GWHPDONL009196
OG0002280	GWHPDONJ000083	GWHPDONL001099
OG0002281	GWHPDONJ000087	GWHPDONL010714
OG0002282	GWHPDONJ000091, GWHPDONJ000515	
OG0002283	GWHPDONJ000096	GWHPDONL001020
OG0002284	GWHPDONJ000125	GWHPDONL012369
OG0002285	GWHPDONJ000135	GWHPDONL006207
OG0002286	GWHPDONJ000137	GWHPDONL009194
OG0002287	GWHPDONJ000141	GWHPDONL001763
OG0002288	GWHPDONJ000149	GWHPDONL002837
OG0002289	GWHPDONJ000154, GWHPDONJ001072	
OG0002290	GWHPDONJ000161, GWHPDONJ005193	
OG0002291	GWHPDONJ000162	GWHPDONL000586
OG0002292	GWHPDONJ000177, GWHPDONJ008201	
OG0002293	GWHPDONJ000184	GWHPDONL002998
OG0002294	GWHPDONJ000187	GWHPDONL002990
OG0002295	GWHPDONJ000192, GWHPDONJ004145	
OG0002296	GWHPDONJ000201, GWHPDONJ009204	
OG0002297	GWHPDONJ000202	GWHPDONL000325
OG0002298	GWHPDONJ000220	GWHPDONL004094
OG0002299	GWHPDONJ000242	GWHPDONL014187
OG0002300	GWHPDONJ000244	GWHPDONL002129
OG0002301	GWHPDONJ000246	GWHPDONL007653
OG0002302	GWHPDONJ000267	GWHPDONL009529
OG0002303	GWHPDONJ000290, GWHPDONJ003301	
OG0002304	GWHPDONJ000297	GWHPDONL007880
OG0002305	GWHPDONJ000304	GWHPDONL005114
OG0002306	GWHPDONJ000316, GWHPDONJ000320	
OG0002307	GWHPDONJ000318	GWHPDONL013592
OG0002308	GWHPDONJ000321	GWHPDONL006954
OG0002309	GWHPDONJ000322, GWHPDONJ010260	
OG0002310	GWHPDONJ000325, GWHPDONJ001025	
OG0002311	GWHPDONJ000328	GWHPDONL012889
OG0002312	GWHPDONJ000343	GWHPDONL006450
OG0002313	GWHPDONJ000344	GWHPDONL006452
OG0002314	GWHPDONJ000345	GWHPDONL006458
OG0002315	GWHPDONJ000349, GWHPDONJ007174	
OG0002316	GWHPDONJ000350	GWHPDONL004860
OG0002317	GWHPDONJ000355	GWHPDONL010740
OG0002318	GWHPDONJ000359	GWHPDONL011283
OG0002319	GWHPDONJ000361	GWHPDONL011289
OG0002320	GWHPDONJ000363	GWHPDONL008521
OG0002321	GWHPDONJ000365	GWHPDONL005978
OG0002322	GWHPDONJ000367	GWHPDONL010862
OG0002323	GWHPDONJ000368	GWHPDONL011266
OG0002324	GWHPDONJ000370	GWHPDONL011269
OG0002325	GWHPDONJ000371	GWHPDONL008896
OG0002326	GWHPDONJ000372	GWHPDONL000286
OG0002327	GWHPDONJ000373	GWHPDONL010608
OG0002328	GWHPDONJ000374	GWHPDONL008527
OG0002329	GWHPDONJ000375	GWHPDONL010607
OG0002330	GWHPDONJ000376	GWHPDONL008524
OG0002331	GWHPDONJ000377, GWHPDONJ007162	
OG0002332	GWHPDONJ000380	GWHPDONL008515
OG0002333	GWHPDONJ000381, GWHPDONJ010786	
OG0002334	GWHPDONJ000408	GWHPDONL012939
OG0002335	GWHPDONJ000409	GWHPDONL009499
OG0002336	GWHPDONJ000410	GWHPDONL009531
OG0002337	GWHPDONJ000414	GWHPDONL010523
OG0002338	GWHPDONJ000417	GWHPDONL003376
OG0002339	GWHPDONJ000418	GWHPDONL000015
OG0002340	GWHPDONJ000422	GWHPDONL012034
OG0002341	GWHPDONJ000430, GWHPDONJ009151	
OG0002342	GWHPDONJ000436	GWHPDONL002959
OG0002343	GWHPDONJ000449	GWHPDONL005815
OG0002344	GWHPDONJ000457	GWHPDONL012580
OG0002345	GWHPDONJ000467	GWHPDONL001710
OG0002346	GWHPDONJ000476, GWHPDONJ000802	
OG0002347	GWHPDONJ000498, GWHPDONJ010266	
OG0002348	GWHPDONJ000536	GWHPDONL010170
OG0002349	GWHPDONJ000538	GWHPDONL006470
OG0002350	GWHPDONJ000544	GWHPDONL006305
OG0002351	GWHPDONJ000545	GWHPDONL006951
OG0002352	GWHPDONJ000552	GWHPDONL013272
OG0002353	GWHPDONJ000565	GWHPDONL001090
OG0002354	GWHPDONJ000572	GWHPDONL013737
OG0002355	GWHPDONJ000585, GWHPDONJ001781	
OG0002356	GWHPDONJ000589	GWHPDONL003646
OG0002357	GWHPDONJ000590	GWHPDONL012309
OG0002358	GWHPDONJ000591	GWHPDONL012310
OG0002359	GWHPDONJ000603, GWHPDONJ010177	
OG0002360	GWHPDONJ000607, GWHPDONJ005771	
OG0002361	GWHPDONJ000610	GWHPDONL013923
OG0002362	GWHPDONJ000611	GWHPDONL014234
OG0002363	GWHPDONJ000630	GWHPDONL010226
OG0002364	GWHPDONJ000665	GWHPDONL013291
OG0002365	GWHPDONJ000668	GWHPDONL012519
OG0002366	GWHPDONJ000669, GWHPDONJ008784	
OG0002367	GWHPDONJ000679	GWHPDONL011122
OG0002368	GWHPDONJ000685	GWHPDONL006781
OG0002369	GWHPDONJ000694	GWHPDONL009129
OG0002370	GWHPDONJ000708	GWHPDONL000090
OG0002371	GWHPDONJ000757	GWHPDONL004038
OG0002372	GWHPDONJ000758	GWHPDONL004042
OG0002373	GWHPDONJ000766	GWHPDONL005980
OG0002374	GWHPDONJ000768	GWHPDONL011113
OG0002375	GWHPDONJ000775, GWHPDONJ001594	
OG0002376	GWHPDONJ000780, GWHPDONJ002238	
OG0002377	GWHPDONJ000781, GWHPDONJ001026	
OG0002378	GWHPDONJ000792	GWHPDONL009988
OG0002379	GWHPDONJ000794, GWHPDONJ010902	
OG0002380	GWHPDONJ000799	GWHPDONL012177
OG0002381	GWHPDONJ000824, GWHPDONJ002260	
OG0002382	GWHPDONJ000827	GWHPDONL009023
OG0002383	GWHPDONJ000828, GWHPDONJ002174	
OG0002384	GWHPDONJ000829	GWHPDONL011863
OG0002385	GWHPDONJ000832	GWHPDONL001351
OG0002386	GWHPDONJ000833	GWHPDONL011820
OG0002387	GWHPDONJ000835	GWHPDONL008561
OG0002388	GWHPDONJ000836	GWHPDONL009458
OG0002389	GWHPDONJ000846, GWHPDONJ008081	
OG0002390	GWHPDONJ000855	GWHPDONL005972
OG0002391	GWHPDONJ000858	GWHPDONL000188
OG0002392	GWHPDONJ000860	GWHPDONL004918
OG0002393	GWHPDONJ000862	GWHPDONL009823
OG0002394	GWHPDONJ000865	GWHPDONL003968
OG0002395	GWHPDONJ000870, GWHPDONJ010847	
OG0002396	GWHPDONJ000877	GWHPDONL000505
OG0002397	GWHPDONJ000884, GWHPDONJ006925	
OG0002398	GWHPDONJ000889	GWHPDONL000630
OG0002399	GWHPDONJ000890	GWHPDONL005859
OG0002400	GWHPDONJ000897	GWHPDONL002832
OG0002401	GWHPDONJ000899, GWHPDONJ001849	
OG0002402	GWHPDONJ000927, GWHPDONJ000928	
OG0002403	GWHPDONJ000939	GWHPDONL013935
OG0002404	GWHPDONJ000940	GWHPDONL010405
OG0002405	GWHPDONJ000942	GWHPDONL006304
OG0002406	GWHPDONJ000943, GWHPDONJ009936	
OG0002407	GWHPDONJ000946	GWHPDONL000434
OG0002408	GWHPDONJ000949	GWHPDONL007342
OG0002409	GWHPDONJ000953	GWHPDONL000453
OG0002410	GWHPDONJ000955	GWHPDONL009634
OG0002411	GWHPDONJ000981, GWHPDONJ001176	
OG0002412	GWHPDONJ001006, GWHPDONJ009154	
OG0002413	GWHPDONJ001033	GWHPDONL011569
OG0002414	GWHPDONJ001062, GWHPDONJ001170	
OG0002415	GWHPDONJ001065	GWHPDONL001799
OG0002416	GWHPDONJ001067	GWHPDONL006793
OG0002417	GWHPDONJ001070, GWHPDONJ010170	
OG0002418	GWHPDONJ001083	GWHPDONL009892
OG0002419	GWHPDONJ001094	GWHPDONL003802
OG0002420	GWHPDONJ001117	GWHPDONL006038
OG0002421	GWHPDONJ001118	GWHPDONL011451
OG0002422	GWHPDONJ001127	GWHPDONL012324
OG0002423	GWHPDONJ001128	GWHPDONL010672
OG0002424	GWHPDONJ001129, GWHPDONJ007894	
OG0002425	GWHPDONJ001131	GWHPDONL003565
OG0002426	GWHPDONJ001132	GWHPDONL005395
OG0002427	GWHPDONJ001133	GWHPDONL004975
OG0002428	GWHPDONJ001134	GWHPDONL009885
OG0002429	GWHPDONJ001135	GWHPDONL005399
OG0002430	GWHPDONJ001149, GWHPDONJ003465	
OG0002431	GWHPDONJ001182	GWHPDONL009672
OG0002432	GWHPDONJ001183	GWHPDONL011868
OG0002433	GWHPDONJ001219	GWHPDONL012359
OG0002434	GWHPDONJ001230, GWHPDONJ001947	
OG0002435	GWHPDONJ001242	GWHPDONL000764
OG0002436	GWHPDONJ001254	GWHPDONL000257
OG0002437	GWHPDONJ001255	GWHPDONL001810
OG0002438	GWHPDONJ001256	GWHPDONL001732
OG0002439	GWHPDONJ001259	GWHPDONL006953
OG0002440	GWHPDONJ001265	GWHPDONL003781
OG0002441	GWHPDONJ001266	GWHPDONL002705
OG0002442	GWHPDONJ001268	GWHPDONL005456
OG0002443	GWHPDONJ001269	GWHPDONL005927
OG0002444	GWHPDONJ001270	GWHPDONL005457
OG0002445	GWHPDONJ001301, GWHPDONJ002997	
OG0002446	GWHPDONJ001303, GWHPDONJ002534	
OG0002447	GWHPDONJ001378	GWHPDONL001017
OG0002448	GWHPDONJ001408	GWHPDONL000719
OG0002449	GWHPDONJ001449	GWHPDONL012248
OG0002450	GWHPDONJ001453	GWHPDONL005432
OG0002451	GWHPDONJ001458, GWHPDONJ009644	
OG0002452	GWHPDONJ001460	GWHPDONL011776
OG0002453	GWHPDONJ001461	GWHPDONL006634
OG0002454	GWHPDONJ001463	GWHPDONL001292
OG0002455	GWHPDONJ001471	GWHPDONL004460
OG0002456	GWHPDONJ001482	GWHPDONL012033
OG0002457	GWHPDONJ001514	GWHPDONL008440
OG0002458	GWHPDONJ001540	GWHPDONL012833
OG0002459	GWHPDONJ001549	GWHPDONL009443
OG0002460	GWHPDONJ001550, GWHPDONJ006826	
OG0002461	GWHPDONJ001552	GWHPDONL012779
OG0002462	GWHPDONJ001560	GWHPDONL011293
OG0002463	GWHPDONJ001571	GWHPDONL003734
OG0002464	GWHPDONJ001577	GWHPDONL014098
OG0002465	GWHPDONJ001581	GWHPDONL014078
OG0002466	GWHPDONJ001585	GWHPDONL010311
OG0002467	GWHPDONJ001586	GWHPDONL010309
OG0002468	GWHPDONJ001587	GWHPDONL006094
OG0002469	GWHPDONJ001588, GWHPDONJ009239	
OG0002470	GWHPDONJ001589	GWHPDONL011798
OG0002471	GWHPDONJ001596	GWHPDONL009858
OG0002472	GWHPDONJ001598	GWHPDONL006762
OG0002473	GWHPDONJ001599	GWHPDONL006759
OG0002474	GWHPDONJ001603, GWHPDONJ009234	
OG0002475	GWHPDONJ001604, GWHPDONJ009233	
OG0002476	GWHPDONJ001605	GWHPDONL002775
OG0002477	GWHPDONJ001615	GWHPDONL005729
OG0002478	GWHPDONJ001625	GWHPDONL009698
OG0002479	GWHPDONJ001628	GWHPDONL011669
OG0002480	GWHPDONJ001639	GWHPDONL004832
OG0002481	GWHPDONJ001641, GWHPDONJ008070	
OG0002482	GWHPDONJ001642	GWHPDONL007679
OG0002483	GWHPDONJ001671	GWHPDONL001419
OG0002484	GWHPDONJ001679, GWHPDONJ008082	
OG0002485	GWHPDONJ001714	GWHPDONL005880
OG0002486	GWHPDONJ001728	GWHPDONL009561
OG0002487	GWHPDONJ001746	GWHPDONL003916
OG0002488	GWHPDONJ001747	GWHPDONL000050
OG0002489	GWHPDONJ001751	GWHPDONL003880
OG0002490	GWHPDONJ001755	GWHPDONL005755
OG0002491	GWHPDONJ001758	GWHPDONL012038
OG0002492	GWHPDONJ001760	GWHPDONL012040
OG0002493	GWHPDONJ001806	GWHPDONL003284
OG0002494	GWHPDONJ001811	GWHPDONL004321
OG0002495	GWHPDONJ001820, GWHPDONJ003357	
OG0002496	GWHPDONJ001823	GWHPDONL003125
OG0002497	GWHPDONJ001829, GWHPDONJ001832	
OG0002498	GWHPDONJ001839	GWHPDONL012943
OG0002499	GWHPDONJ001841	GWHPDONL010550
OG0002500	GWHPDONJ001842	GWHPDONL003067
OG0002501	GWHPDONJ001844	GWHPDONL004715
OG0002502	GWHPDONJ001852	GWHPDONL005962
OG0002503	GWHPDONJ001858, GWHPDONJ002290	
OG0002504	GWHPDONJ001864, GWHPDONJ010849	
OG0002505	GWHPDONJ001865	GWHPDONL000300
OG0002506	GWHPDONJ001906	GWHPDONL010376
OG0002507	GWHPDONJ001912, GWHPDONJ002097	
OG0002508	GWHPDONJ001913	GWHPDONL012166
OG0002509	GWHPDONJ001939	GWHPDONL011075
OG0002510	GWHPDONJ001949	GWHPDONL006361
OG0002511	GWHPDONJ001974	GWHPDONL006020
OG0002512	GWHPDONJ001994	GWHPDONL010541
OG0002513	GWHPDONJ002001	GWHPDONL001956
OG0002514	GWHPDONJ002009, GWHPDONJ003325	
OG0002515	GWHPDONJ002019	GWHPDONL005669
OG0002516	GWHPDONJ002033, GWHPDONJ002144	
OG0002517	GWHPDONJ002038, GWHPDONJ003480	
OG0002518	GWHPDONJ002044	GWHPDONL004849
OG0002519	GWHPDONJ002052	GWHPDONL005139
OG0002520	GWHPDONJ002058	GWHPDONL008673
OG0002521	GWHPDONJ002066, GWHPDONJ008754	
OG0002522	GWHPDONJ002089	GWHPDONL001298
OG0002523	GWHPDONJ002093	GWHPDONL011906
OG0002524	GWHPDONJ002098	GWHPDONL012536
OG0002525	GWHPDONJ002100, GWHPDONJ003200	
OG0002526	GWHPDONJ002115	GWHPDONL003009
OG0002527	GWHPDONJ002117	GWHPDONL011795
OG0002528	GWHPDONJ002122	GWHPDONL010520
OG0002529	GWHPDONJ002135	GWHPDONL000069
OG0002530	GWHPDONJ002175, GWHPDONJ010660	
OG0002531	GWHPDONJ002177	GWHPDONL003720
OG0002532	GWHPDONJ002184	GWHPDONL011897
OG0002533	GWHPDONJ002186	GWHPDONL005440
OG0002534	GWHPDONJ002206	GWHPDONL004768
OG0002535	GWHPDONJ002207	GWHPDONL004102
OG0002536	GWHPDONJ002211	GWHPDONL004173
OG0002537	GWHPDONJ002223	GWHPDONL005767
OG0002538	GWHPDONJ002239	GWHPDONL000873
OG0002539	GWHPDONJ002257	GWHPDONL004872
OG0002540	GWHPDONJ002264	GWHPDONL004294
OG0002541	GWHPDONJ002273	GWHPDONL005647
OG0002542	GWHPDONJ002279	GWHPDONL008613
OG0002543	GWHPDONJ002280, GWHPDONJ010553	
OG0002544	GWHPDONJ002302, GWHPDONJ007146	
OG0002545	GWHPDONJ002306	GWHPDONL012690
OG0002546	GWHPDONJ002312, GWHPDONJ008989	
OG0002547	GWHPDONJ002317	GWHPDONL001078
OG0002548	GWHPDONJ002331	GWHPDONL012689
OG0002549	GWHPDONJ002333	GWHPDONL010801
OG0002550	GWHPDONJ002343, GWHPDONJ003291	
OG0002551	GWHPDONJ002350	GWHPDONL006277
OG0002552	GWHPDONJ002351	GWHPDONL006487
OG0002553	GWHPDONJ002353	GWHPDONL000468
OG0002554	GWHPDONJ002355	GWHPDONL014113
OG0002555	GWHPDONJ002364	GWHPDONL004525
OG0002556	GWHPDONJ002369	GWHPDONL000333
OG0002557	GWHPDONJ002374	GWHPDONL000006
OG0002558	GWHPDONJ002375, GWHPDONJ009712	
OG0002559	GWHPDONJ002377, GWHPDONJ009713	
OG0002560	GWHPDONJ002378	GWHPDONL004530
OG0002561	GWHPDONJ002379, GWHPDONJ003474	
OG0002562	GWHPDONJ002380	GWHPDONL012538
OG0002563	GWHPDONJ002398	GWHPDONL007359
OG0002564	GWHPDONJ002406	GWHPDONL014014
OG0002565	GWHPDONJ002408, GWHPDONJ010890	
OG0002566	GWHPDONJ002409, GWHPDONJ009503	
OG0002567	GWHPDONJ002413	GWHPDONL008843
OG0002568	GWHPDONJ002419	GWHPDONL014135
OG0002569	GWHPDONJ002420, GWHPDONJ002435	
OG0002570	GWHPDONJ002422	GWHPDONL010547
OG0002571	GWHPDONJ002423	GWHPDONL014136
OG0002572	GWHPDONJ002426	GWHPDONL010116
OG0002573	GWHPDONJ002429	GWHPDONL014153
OG0002574	GWHPDONJ002430	GWHPDONL008574
OG0002575	GWHPDONJ002431	GWHPDONL004914
OG0002576	GWHPDONJ002434	GWHPDONL009011
OG0002577	GWHPDONJ002460, GWHPDONJ010081	
OG0002578	GWHPDONJ002479, GWHPDONJ008777	
OG0002579	GWHPDONJ002480	GWHPDONL002214
OG0002580	GWHPDONJ002483	GWHPDONL010565
OG0002581	GWHPDONJ002485	GWHPDONL002878
OG0002582	GWHPDONJ002531	GWHPDONL013530
OG0002583	GWHPDONJ002537	GWHPDONL005191
OG0002584	GWHPDONJ002548	GWHPDONL009798
OG0002585	GWHPDONJ002558	GWHPDONL004694
OG0002586	GWHPDONJ002580	GWHPDONL011739
OG0002587	GWHPDONJ002584	GWHPDONL007353
OG0002588	GWHPDONJ002588	GWHPDONL006985
OG0002589	GWHPDONJ002604	GWHPDONL001019
OG0002590	GWHPDONJ002606	GWHPDONL009700
OG0002591	GWHPDONJ002611	GWHPDONL003725
OG0002592	GWHPDONJ002618	GWHPDONL000193
OG0002593	GWHPDONJ002619	GWHPDONL012714
OG0002594	GWHPDONJ002625	GWHPDONL008495
OG0002595	GWHPDONJ002627	GWHPDONL006703
OG0002596	GWHPDONJ002629	GWHPDONL006697
OG0002597	GWHPDONJ002630	GWHPDONL006696
OG0002598	GWHPDONJ002631	GWHPDONL006694
OG0002599	GWHPDONJ002641	GWHPDONL007166
OG0002600	GWHPDONJ002643	GWHPDONL004824
OG0002601	GWHPDONJ002644, GWHPDONJ002645	
OG0002602	GWHPDONJ002651	GWHPDONL006376
OG0002603	GWHPDONJ002666, GWHPDONJ003423	
OG0002604	GWHPDONJ002679	GWHPDONL004353
OG0002605	GWHPDONJ002680	GWHPDONL012911
OG0002606	GWHPDONJ002682	GWHPDONL005776
OG0002607	GWHPDONJ002683	GWHPDONL013379
OG0002608	GWHPDONJ002685	GWHPDONL004732
OG0002609	GWHPDONJ002688, GWHPDONJ010605	
OG0002610	GWHPDONJ002689	GWHPDONL012912
OG0002611	GWHPDONJ002691	GWHPDONL003818
OG0002612	GWHPDONJ002692	GWHPDONL009203
OG0002613	GWHPDONJ002695	GWHPDONL004350
OG0002614	GWHPDONJ002702	GWHPDONL004346
OG0002615	GWHPDONJ002707	GWHPDONL012835
OG0002616	GWHPDONJ002709	GWHPDONL002258
OG0002617	GWHPDONJ002711	GWHPDONL002260
OG0002618	GWHPDONJ002715	GWHPDONL009635
OG0002619	GWHPDONJ002717	GWHPDONL006364
OG0002620	GWHPDONJ002718	GWHPDONL006370
OG0002621	GWHPDONJ002719	GWHPDONL010574
OG0002622	GWHPDONJ002720	GWHPDONL008730
OG0002623	GWHPDONJ002721	GWHPDONL001482
OG0002624	GWHPDONJ002728	GWHPDONL010044
OG0002625	GWHPDONJ002730	GWHPDONL006061
OG0002626	GWHPDONJ002734	GWHPDONL004439
OG0002627	GWHPDONJ002736	GWHPDONL004441
OG0002628	GWHPDONJ002738	GWHPDONL004443
OG0002629	GWHPDONJ002740	GWHPDONL008792
OG0002630	GWHPDONJ002744	GWHPDONL002980
OG0002631	GWHPDONJ002746	GWHPDONL002914
OG0002632	GWHPDONJ002753, GWHPDONJ009842	
OG0002633	GWHPDONJ002754	GWHPDONL012305
OG0002634	GWHPDONJ002755	GWHPDONL012315
OG0002635	GWHPDONJ002756, GWHPDONJ007466	
OG0002636	GWHPDONJ002766	GWHPDONL011239
OG0002637	GWHPDONJ002768	GWHPDONL013537
OG0002638	GWHPDONJ002780	GWHPDONL012954
OG0002639	GWHPDONJ002804	GWHPDONL010698
OG0002640	GWHPDONJ002806, GWHPDONJ008381	
OG0002641	GWHPDONJ002808	GWHPDONL007380
OG0002642	GWHPDONJ002826	GWHPDONL005746
OG0002643	GWHPDONJ002828, GWHPDONJ005667	
OG0002644	GWHPDONJ002830	GWHPDONL001064
OG0002645	GWHPDONJ002831, GWHPDONJ005114	
OG0002646	GWHPDONJ002857	GWHPDONL011554
OG0002647	GWHPDONJ002874, GWHPDONJ010885	
OG0002648	GWHPDONJ002875	GWHPDONL012956
OG0002649	GWHPDONJ002888, GWHPDONJ006137	
OG0002650	GWHPDONJ002892, GWHPDONJ003061	
OG0002651	GWHPDONJ002902	GWHPDONL003645
OG0002652	GWHPDONJ002926	GWHPDONL012671
OG0002653	GWHPDONJ002927	GWHPDONL008386
OG0002654	GWHPDONJ002945	GWHPDONL003793
OG0002655	GWHPDONJ002946	GWHPDONL008126
OG0002656	GWHPDONJ002948	GWHPDONL009068
OG0002657	GWHPDONJ002961	GWHPDONL007608
OG0002658	GWHPDONJ002965, GWHPDONJ003573	
OG0002659	GWHPDONJ003005	GWHPDONL003074
OG0002660	GWHPDONJ003014, GWHPDONJ003053	
OG0002661	GWHPDONJ003024	GWHPDONL002578
OG0002662	GWHPDONJ003025	GWHPDONL002362
OG0002663	GWHPDONJ003027	GWHPDONL002365
OG0002664	GWHPDONJ003028	GWHPDONL002355
OG0002665	GWHPDONJ003031	GWHPDONL013506
OG0002666	GWHPDONJ003032	GWHPDONL003491
OG0002667	GWHPDONJ003033	GWHPDONL003483
OG0002668	GWHPDONJ003034, GWHPDONJ007659	
OG0002669	GWHPDONJ003035	GWHPDONL004469
OG0002670	GWHPDONJ003036	GWHPDONL002822
OG0002671	GWHPDONJ003038	GWHPDONL003493
OG0002672	GWHPDONJ003050	GWHPDONL011276
OG0002673	GWHPDONJ003144, GWHPDONJ010839	
OG0002674	GWHPDONJ003151, GWHPDONJ005775	
OG0002675	GWHPDONJ003152, GWHPDONJ008977	
OG0002676	GWHPDONJ003156, GWHPDONJ010843	
OG0002677	GWHPDONJ003157	GWHPDONL003674
OG0002678	GWHPDONJ003159	GWHPDONL010345
OG0002679	GWHPDONJ003162	GWHPDONL010302
OG0002680	GWHPDONJ003176, GWHPDONJ009785	
OG0002681	GWHPDONJ003180	GWHPDONL014033
OG0002682	GWHPDONJ003181	GWHPDONL010095
OG0002683	GWHPDONJ003183	GWHPDONL014039
OG0002684	GWHPDONJ003185	GWHPDONL005892
OG0002685	GWHPDONJ003190	GWHPDONL004582
OG0002686	GWHPDONJ003191	GWHPDONL002561
OG0002687	GWHPDONJ003213	GWHPDONL006695
OG0002688	GWHPDONJ003216, GWHPDONJ010353	
OG0002689	GWHPDONJ003217, GWHPDONJ003774	
OG0002690	GWHPDONJ003221	GWHPDONL002648
OG0002691	GWHPDONJ003226, GWHPDONJ006874	
OG0002692	GWHPDONJ003227, GWHPDONJ005921	
OG0002693	GWHPDONJ003228	GWHPDONL002744
OG0002694	GWHPDONJ003244	GWHPDONL000952
OG0002695	GWHPDONJ003245, GWHPDONJ005358	
OG0002696	GWHPDONJ003248	GWHPDONL005904
OG0002697	GWHPDONJ003256	GWHPDONL012773
OG0002698	GWHPDONJ003257	GWHPDONL012448
OG0002699	GWHPDONJ003282	GWHPDONL009214
OG0002700	GWHPDONJ003287	GWHPDONL006143
OG0002701	GWHPDONJ003292	GWHPDONL011256
OG0002702	GWHPDONJ003299	GWHPDONL010846
OG0002703	GWHPDONJ003303	GWHPDONL007111
OG0002704	GWHPDONJ003309	GWHPDONL005064
OG0002705	GWHPDONJ003326	GWHPDONL011065
OG0002706	GWHPDONJ003329	GWHPDONL008543
OG0002707	GWHPDONJ003339	GWHPDONL013253
OG0002708	GWHPDONJ003340	GWHPDONL013254
OG0002709	GWHPDONJ003342	GWHPDONL013248
OG0002710	GWHPDONJ003345	GWHPDONL001428
OG0002711	GWHPDONJ003346	GWHPDONL001430
OG0002712	GWHPDONJ003369	GWHPDONL008080
OG0002713	GWHPDONJ003384	GWHPDONL009923
OG0002714	GWHPDONJ003388	GWHPDONL006662
OG0002715	GWHPDONJ003420	GWHPDONL003557
OG0002716	GWHPDONJ003421	GWHPDONL013004
OG0002717	GWHPDONJ003426	GWHPDONL004929
OG0002718	GWHPDONJ003428	GWHPDONL011155
OG0002719	GWHPDONJ003454	GWHPDONL013932
OG0002720	GWHPDONJ003455	GWHPDONL010743
OG0002721	GWHPDONJ003461	GWHPDONL005654
OG0002722	GWHPDONJ003473	GWHPDONL011712
OG0002723	GWHPDONJ003538	GWHPDONL000856
OG0002724	GWHPDONJ003560	GWHPDONL004491
OG0002725	GWHPDONJ003563	GWHPDONL001250
OG0002726	GWHPDONJ003568	GWHPDONL009278
OG0002727	GWHPDONJ003569	GWHPDONL008678
OG0002728	GWHPDONJ003577	GWHPDONL003947
OG0002729	GWHPDONJ003579	GWHPDONL013615
OG0002730	GWHPDONJ003582	GWHPDONL013590
OG0002731	GWHPDONJ003593	GWHPDONL002557
OG0002732	GWHPDONJ003669	GWHPDONL003960
OG0002733	GWHPDONJ003681	GWHPDONL008456
OG0002734	GWHPDONJ003685, GWHPDONJ010848	
OG0002735	GWHPDONJ003693	GWHPDONL009371
OG0002736	GWHPDONJ003703	GWHPDONL014056
OG0002737	GWHPDONJ003744	GWHPDONL010247
OG0002738	GWHPDONJ003753	GWHPDONL004284
OG0002739	GWHPDONJ003776	GWHPDONL012230
OG0002740	GWHPDONJ003779	GWHPDONL012223
OG0002741	GWHPDONJ003783	GWHPDONL011351
OG0002742	GWHPDONJ003787	GWHPDONL000463
OG0002743	GWHPDONJ003788	GWHPDONL002152
OG0002744	GWHPDONJ003813, GWHPDONJ010904	
OG0002745	GWHPDONJ003822	GWHPDONL012908
OG0002746	GWHPDONJ003823	GWHPDONL007225
OG0002747	GWHPDONJ003824	GWHPDONL008159
OG0002748	GWHPDONJ003825	GWHPDONL007210
OG0002749	GWHPDONJ003827	GWHPDONL007215
OG0002750	GWHPDONJ003829	GWHPDONL007230
OG0002751	GWHPDONJ003830	GWHPDONL002495
OG0002752	GWHPDONJ003834	GWHPDONL011336
OG0002753	GWHPDONJ003835	GWHPDONL003025
OG0002754	GWHPDONJ003837, GWHPDONJ007720	
OG0002755	GWHPDONJ003839	GWHPDONL007200
OG0002756	GWHPDONJ003841	GWHPDONL003411
OG0002757	GWHPDONJ003843	GWHPDONL000649
OG0002758	GWHPDONJ003844	GWHPDONL014155
OG0002759	GWHPDONJ003846	GWHPDONL000645
OG0002760	GWHPDONJ003847	GWHPDONL007277
OG0002761	GWHPDONJ003850	GWHPDONL000639
OG0002762	GWHPDONJ003860	GWHPDONL009390
OG0002763	GWHPDONJ003861	GWHPDONL007041
OG0002764	GWHPDONJ003867	GWHPDONL013102
OG0002765	GWHPDONJ003868	GWHPDONL012441
OG0002766	GWHPDONJ003869	GWHPDONL012439
OG0002767	GWHPDONJ003871	GWHPDONL010824
OG0002768	GWHPDONJ003872	GWHPDONL008788
OG0002769	GWHPDONJ003873	GWHPDONL012530
OG0002770	GWHPDONJ003874	GWHPDONL001630
OG0002771	GWHPDONJ003876	GWHPDONL002147
OG0002772	GWHPDONJ003877	GWHPDONL002140
OG0002773	GWHPDONJ003882	GWHPDONL013120
OG0002774	GWHPDONJ003884	GWHPDONL010758
OG0002775	GWHPDONJ003886	GWHPDONL007313
OG0002776	GWHPDONJ003888	GWHPDONL003396
OG0002777	GWHPDONJ003889	GWHPDONL009524
OG0002778	GWHPDONJ003890	GWHPDONL008463
OG0002779	GWHPDONJ003891	GWHPDONL008466
OG0002780	GWHPDONJ003894	GWHPDONL013209
OG0002781	GWHPDONJ003895	GWHPDONL008430
OG0002782	GWHPDONJ003898	GWHPDONL001607
OG0002783	GWHPDONJ003901	GWHPDONL013963
OG0002784	GWHPDONJ003904	GWHPDONL001599
OG0002785	GWHPDONJ003907	GWHPDONL008165
OG0002786	GWHPDONJ003908	GWHPDONL005174
OG0002787	GWHPDONJ003909	GWHPDONL003370
OG0002788	GWHPDONJ003915	GWHPDONL013199
OG0002789	GWHPDONJ003916	GWHPDONL001602
OG0002790	GWHPDONJ003919	GWHPDONL006572
OG0002791	GWHPDONJ003920	GWHPDONL002122
OG0002792	GWHPDONJ003921	GWHPDONL007293
OG0002793	GWHPDONJ003926	GWHPDONL000623
OG0002794	GWHPDONJ003928, GWHPDONJ008096	
OG0002795	GWHPDONJ003932	GWHPDONL009357
OG0002796	GWHPDONJ003933	GWHPDONL012733
OG0002797	GWHPDONJ003935	GWHPDONL012711
OG0002798	GWHPDONJ003938	GWHPDONL009673
OG0002799	GWHPDONJ003941	GWHPDONL002226
OG0002800	GWHPDONJ003942	GWHPDONL002231
OG0002801	GWHPDONJ003943	GWHPDONL002230
OG0002802	GWHPDONJ003944	GWHPDONL002978
OG0002803	GWHPDONJ003945	GWHPDONL002229
OG0002804	GWHPDONJ003946	GWHPDONL002982
OG0002805	GWHPDONJ003947	GWHPDONL002228
OG0002806	GWHPDONJ003949	GWHPDONL012679
OG0002807	GWHPDONJ003950	GWHPDONL011316
OG0002808	GWHPDONJ003951	GWHPDONL011315
OG0002809	GWHPDONJ003952	GWHPDONL013362
OG0002810	GWHPDONJ003954	GWHPDONL006461
OG0002811	GWHPDONJ003957	GWHPDONL010110
OG0002812	GWHPDONJ003958	GWHPDONL010105
OG0002813	GWHPDONJ003960	GWHPDONL006195
OG0002814	GWHPDONJ003962	GWHPDONL011663
OG0002815	GWHPDONJ003966	GWHPDONL004706
OG0002816	GWHPDONJ003970	GWHPDONL004702
OG0002817	GWHPDONJ003972	GWHPDONL004697
OG0002818	GWHPDONJ003973	GWHPDONL004693
OG0002819	GWHPDONJ003976	GWHPDONL012694
OG0002820	GWHPDONJ003981	GWHPDONL012682
OG0002821	GWHPDONJ003983	GWHPDONL012680
OG0002822	GWHPDONJ003984	GWHPDONL006537
OG0002823	GWHPDONJ003985	GWHPDONL005250
OG0002824	GWHPDONJ003986	GWHPDONL012673
OG0002825	GWHPDONJ003987	GWHPDONL012662
OG0002826	GWHPDONJ003989	GWHPDONL012391
OG0002827	GWHPDONJ003991	GWHPDONL002848
OG0002828	GWHPDONJ003992	GWHPDONL002852
OG0002829	GWHPDONJ003994	GWHPDONL002855
OG0002830	GWHPDONJ003996	GWHPDONL002858
OG0002831	GWHPDONJ003997	GWHPDONL002859
OG0002832	GWHPDONJ003998	GWHPDONL002864
OG0002833	GWHPDONJ003999	GWHPDONL002867
OG0002834	GWHPDONJ004000	GWHPDONL002868
OG0002835	GWHPDONJ004002	GWHPDONL002879
OG0002836	GWHPDONJ004003	GWHPDONL002880
OG0002837	GWHPDONJ004004	GWHPDONL002885
OG0002838	GWHPDONJ004005	GWHPDONL002888
OG0002839	GWHPDONJ004006	GWHPDONL002889
OG0002840	GWHPDONJ004007	GWHPDONL006774
OG0002841	GWHPDONJ004008	GWHPDONL002890
OG0002842	GWHPDONJ004009	GWHPDONL002892
OG0002843	GWHPDONJ004010	GWHPDONL002893
OG0002844	GWHPDONJ004013	GWHPDONL002913
OG0002845	GWHPDONJ004014	GWHPDONL002912
OG0002846	GWHPDONJ004017	GWHPDONL013096
OG0002847	GWHPDONJ004018	GWHPDONL002904
OG0002848	GWHPDONJ004019	GWHPDONL012746
OG0002849	GWHPDONJ004020	GWHPDONL004687
OG0002850	GWHPDONJ004024, GWHPDONJ008513	
OG0002851	GWHPDONJ004026	GWHPDONL012014
OG0002852	GWHPDONJ004027	GWHPDONL012013
OG0002853	GWHPDONJ004028	GWHPDONL013473
OG0002854	GWHPDONJ004029	GWHPDONL002827
OG0002855	GWHPDONJ004030	GWHPDONL013470
OG0002856	GWHPDONJ004031	GWHPDONL011677
OG0002857	GWHPDONJ004034	GWHPDONL004181
OG0002858	GWHPDONJ004038	GWHPDONL006178
OG0002859	GWHPDONJ004039	GWHPDONL006177
OG0002860	GWHPDONJ004040	GWHPDONL008668
OG0002861	GWHPDONJ004041	GWHPDONL006175
OG0002862	GWHPDONJ004045	GWHPDONL005522
OG0002863	GWHPDONJ004046	GWHPDONL005524
OG0002864	GWHPDONJ004048	GWHPDONL005516
OG0002865	GWHPDONJ004050	GWHPDONL008328
OG0002866	GWHPDONJ004053	GWHPDONL009807
OG0002867	GWHPDONJ004056	GWHPDONL005215
OG0002868	GWHPDONJ004058	GWHPDONL005212
OG0002869	GWHPDONJ004067	GWHPDONL014179
OG0002870	GWHPDONJ004068	GWHPDONL007250
OG0002871	GWHPDONJ004074	GWHPDONL005173
OG0002872	GWHPDONJ004081	GWHPDONL004507
OG0002873	GWHPDONJ004083	GWHPDONL004527
OG0002874	GWHPDONJ004085	GWHPDONL000151
OG0002875	GWHPDONJ004086	GWHPDONL014144
OG0002876	GWHPDONJ004087	GWHPDONL011391
OG0002877	GWHPDONJ004088	GWHPDONL000979
OG0002878	GWHPDONJ004089	GWHPDONL000152
OG0002879	GWHPDONJ004091	GWHPDONL000995
OG0002880	GWHPDONJ004093	GWHPDONL000327
OG0002881	GWHPDONJ004097	GWHPDONL011104
OG0002882	GWHPDONJ004102	GWHPDONL005331
OG0002883	GWHPDONJ004104	GWHPDONL005324
OG0002884	GWHPDONJ004107	GWHPDONL000223
OG0002885	GWHPDONJ004108	GWHPDONL007655
OG0002886	GWHPDONJ004110	GWHPDONL012787
OG0002887	GWHPDONJ004111	GWHPDONL012795
OG0002888	GWHPDONJ004114	GWHPDONL000625
OG0002889	GWHPDONJ004115	GWHPDONL005317
OG0002890	GWHPDONJ004116	GWHPDONL012800
OG0002891	GWHPDONJ004119	GWHPDONL003454
OG0002892	GWHPDONJ004120	GWHPDONL003452
OG0002893	GWHPDONJ004123, GWHPDONJ004222	
OG0002894	GWHPDONJ004124	GWHPDONL009674
OG0002895	GWHPDONJ004125	GWHPDONL000746
OG0002896	GWHPDONJ004126	GWHPDONL010156
OG0002897	GWHPDONJ004127	GWHPDONL010152
OG0002898	GWHPDONJ004128	GWHPDONL006142
OG0002899	GWHPDONJ004130	GWHPDONL007585
OG0002900	GWHPDONJ004131	GWHPDONL010251
OG0002901	GWHPDONJ004134, GWHPDONJ008239	
OG0002902	GWHPDONJ004136	GWHPDONL013431
OG0002903	GWHPDONJ004138	GWHPDONL008136
OG0002904	GWHPDONJ004139	GWHPDONL003465
OG0002905	GWHPDONJ004141	GWHPDONL010962
OG0002906	GWHPDONJ004142	GWHPDONL003461
OG0002907	GWHPDONJ004143, GWHPDONJ007362	
OG0002908	GWHPDONJ004146	GWHPDONL009318
OG0002909	GWHPDONJ004147	GWHPDONL009568
OG0002910	GWHPDONJ004148	GWHPDONL009567
OG0002911	GWHPDONJ004149	GWHPDONL003248
OG0002912	GWHPDONJ004151, GWHPDONJ005926	
OG0002913	GWHPDONJ004152, GWHPDONJ008252	
OG0002914	GWHPDONJ004155	GWHPDONL013959
OG0002915	GWHPDONJ004156	GWHPDONL004185
OG0002916	GWHPDONJ004159	GWHPDONL003675
OG0002917	GWHPDONJ004162	GWHPDONL001706
OG0002918	GWHPDONJ004166	GWHPDONL002041
OG0002919	GWHPDONJ004167	GWHPDONL010622
OG0002920	GWHPDONJ004168	GWHPDONL009970
OG0002921	GWHPDONJ004170	GWHPDONL006384
OG0002922	GWHPDONJ004172	GWHPDONL003208
OG0002923	GWHPDONJ004173	GWHPDONL012429
OG0002924	GWHPDONJ004177, GWHPDONJ004182	
OG0002925	GWHPDONJ004181	GWHPDONL012642
OG0002926	GWHPDONJ004183, GWHPDONJ007675	
OG0002927	GWHPDONJ004184	GWHPDONL006815
OG0002928	GWHPDONJ004185	GWHPDONL009600
OG0002929	GWHPDONJ004186	GWHPDONL002015
OG0002930	GWHPDONJ004191	GWHPDONL007086
OG0002931	GWHPDONJ004192	GWHPDONL001840
OG0002932	GWHPDONJ004193	GWHPDONL004923
OG0002933	GWHPDONJ004195	GWHPDONL010411
OG0002934	GWHPDONJ004201	GWHPDONL011031
OG0002935	GWHPDONJ004202	GWHPDONL012250
OG0002936	GWHPDONJ004204	GWHPDONL002201
OG0002937	GWHPDONJ004205	GWHPDONL011738
OG0002938	GWHPDONJ004206, GWHPDONJ008205	
OG0002939	GWHPDONJ004207	GWHPDONL006281
OG0002940	GWHPDONJ004208	GWHPDONL007094
OG0002941	GWHPDONJ004209	GWHPDONL002689
OG0002942	GWHPDONJ004210	GWHPDONL011761
OG0002943	GWHPDONJ004211	GWHPDONL001829
OG0002944	GWHPDONJ004212	GWHPDONL013354
OG0002945	GWHPDONJ004215	GWHPDONL013575
OG0002946	GWHPDONJ004216	GWHPDONL010991
OG0002947	GWHPDONJ004217	GWHPDONL013267
OG0002948	GWHPDONJ004218	GWHPDONL005383
OG0002949	GWHPDONJ004219	GWHPDONL002014
OG0002950	GWHPDONJ004223	GWHPDONL008394
OG0002951	GWHPDONJ004225	GWHPDONL013682
OG0002952	GWHPDONJ004227	GWHPDONL013689
OG0002953	GWHPDONJ004228	GWHPDONL005423
OG0002954	GWHPDONJ004229	GWHPDONL013691
OG0002955	GWHPDONJ004230	GWHPDONL013690
OG0002956	GWHPDONJ004234	GWHPDONL012261
OG0002957	GWHPDONJ004235, GWHPDONJ007340	
OG0002958	GWHPDONJ004236	GWHPDONL003698
OG0002959	GWHPDONJ004239	GWHPDONL009774
OG0002960	GWHPDONJ004240	GWHPDONL009773
OG0002961	GWHPDONJ004245	GWHPDONL010187
OG0002962	GWHPDONJ004249	GWHPDONL009303
OG0002963	GWHPDONJ004250	GWHPDONL011194
OG0002964	GWHPDONJ004251	GWHPDONL010794
OG0002965	GWHPDONJ004252	GWHPDONL010795
OG0002966	GWHPDONJ004255	GWHPDONL010981
OG0002967	GWHPDONJ004256	GWHPDONL007449
OG0002968	GWHPDONJ004259	GWHPDONL012252
OG0002969	GWHPDONJ004260	GWHPDONL009814
OG0002970	GWHPDONJ004261	GWHPDONL013443
OG0002971	GWHPDONJ004265	GWHPDONL010784
OG0002972	GWHPDONJ004267	GWHPDONL006752
OG0002973	GWHPDONJ004268	GWHPDONL012758
OG0002974	GWHPDONJ004269	GWHPDONL001932
OG0002975	GWHPDONJ004271	GWHPDONL006039
OG0002976	GWHPDONJ004272	GWHPDONL001612
OG0002977	GWHPDONJ004274	GWHPDONL001752
OG0002978	GWHPDONJ004278	GWHPDONL000509
OG0002979	GWHPDONJ004287	GWHPDONL005309
OG0002980	GWHPDONJ004288	GWHPDONL008397
OG0002981	GWHPDONJ004290	GWHPDONL007976
OG0002982	GWHPDONJ004292	GWHPDONL004889
OG0002983	GWHPDONJ004293	GWHPDONL006338
OG0002984	GWHPDONJ004298	GWHPDONL003473
OG0002985	GWHPDONJ004301	GWHPDONL007485
OG0002986	GWHPDONJ004303	GWHPDONL004866
OG0002987	GWHPDONJ004306	GWHPDONL005167
OG0002988	GWHPDONJ004307	GWHPDONL000942
OG0002989	GWHPDONJ004308, GWHPDONJ007538	
OG0002990	GWHPDONJ004316	GWHPDONL002369
OG0002991	GWHPDONJ004318	GWHPDONL012831
OG0002992	GWHPDONJ004319	GWHPDONL001183
OG0002993	GWHPDONJ004322	GWHPDONL001187
OG0002994	GWHPDONJ004324	GWHPDONL001193
OG0002995	GWHPDONJ004326	GWHPDONL003124
OG0002996	GWHPDONJ004327	GWHPDONL001195
OG0002997	GWHPDONJ004330	GWHPDONL003116
OG0002998	GWHPDONJ004331	GWHPDONL011769
OG0002999	GWHPDONJ004334	GWHPDONL012095
OG0003000	GWHPDONJ004341	GWHPDONL006595
OG0003001	GWHPDONJ004342	GWHPDONL007518
OG0003002	GWHPDONJ004348	GWHPDONL004685
OG0003003	GWHPDONJ004349	GWHPDONL006239
OG0003004	GWHPDONJ004351	GWHPDONL004407
OG0003005	GWHPDONJ004356	GWHPDONL013474
OG0003006	GWHPDONJ004358	GWHPDONL013468
OG0003007	GWHPDONJ004361	GWHPDONL006180
OG0003008	GWHPDONJ004365	GWHPDONL000492
OG0003009	GWHPDONJ004366	GWHPDONL009734
OG0003010	GWHPDONJ004368	GWHPDONL004545
OG0003011	GWHPDONJ004370	GWHPDONL003115
OG0003012	GWHPDONJ004371	GWHPDONL007529
OG0003013	GWHPDONJ004372	GWHPDONL012082
OG0003014	GWHPDONJ004373	GWHPDONL005605
OG0003015	GWHPDONJ004380	GWHPDONL004366
OG0003016	GWHPDONJ004386	GWHPDONL009488
OG0003017	GWHPDONJ004387	GWHPDONL012101
OG0003018	GWHPDONJ004388	GWHPDONL012096
OG0003019	GWHPDONJ004389	GWHPDONL008936
OG0003020	GWHPDONJ004393	GWHPDONL002525
OG0003021	GWHPDONJ004395	GWHPDONL011657
OG0003022	GWHPDONJ004400	GWHPDONL002499
OG0003023	GWHPDONJ004401	GWHPDONL004144
OG0003024	GWHPDONJ004404	GWHPDONL005426
OG0003025	GWHPDONJ004405	GWHPDONL005999
OG0003026	GWHPDONJ004406	GWHPDONL006000
OG0003027	GWHPDONJ004407	GWHPDONL006003
OG0003028	GWHPDONJ004408	GWHPDONL006007
OG0003029	GWHPDONJ004409	GWHPDONL006008
OG0003030	GWHPDONJ004410	GWHPDONL006010
OG0003031	GWHPDONJ004411	GWHPDONL000462
OG0003032	GWHPDONJ004417	GWHPDONL000042
OG0003033	GWHPDONJ004418	GWHPDONL000039
OG0003034	GWHPDONJ004419	GWHPDONL000040
OG0003035	GWHPDONJ004421	GWHPDONL001955
OG0003036	GWHPDONJ004422	GWHPDONL000037
OG0003037	GWHPDONJ004424	GWHPDONL012461
OG0003038	GWHPDONJ004426	GWHPDONL003387
OG0003039	GWHPDONJ004428	GWHPDONL001276
OG0003040	GWHPDONJ004431	GWHPDONL007351
OG0003041	GWHPDONJ004432	GWHPDONL010998
OG0003042	GWHPDONJ004434	GWHPDONL011405
OG0003043	GWHPDONJ004436	GWHPDONL005668
OG0003044	GWHPDONJ004437, GWHPDONJ008631	
OG0003045	GWHPDONJ004439	GWHPDONL012314
OG0003046	GWHPDONJ004440	GWHPDONL012312
OG0003047	GWHPDONJ004441	GWHPDONL011526
OG0003048	GWHPDONJ004444	GWHPDONL012331
OG0003049	GWHPDONJ004445	GWHPDONL012329
OG0003050	GWHPDONJ004446	GWHPDONL003525
OG0003051	GWHPDONJ004447	GWHPDONL013526
OG0003052	GWHPDONJ004448, GWHPDONJ008551	
OG0003053	GWHPDONJ004450	GWHPDONL001768
OG0003054	GWHPDONJ004451	GWHPDONL001765
OG0003055	GWHPDONJ004453	GWHPDONL007749
OG0003056	GWHPDONJ004454, GWHPDONJ010167	
OG0003057	GWHPDONJ004455	GWHPDONL000237
OG0003058	GWHPDONJ004456	GWHPDONL007740
OG0003059	GWHPDONJ004457	GWHPDONL009959
OG0003060	GWHPDONJ004460	GWHPDONL002730
OG0003061	GWHPDONJ004461	GWHPDONL005043
OG0003062	GWHPDONJ004463	GWHPDONL013958
OG0003063	GWHPDONJ004466, GWHPDONJ004900	
OG0003064	GWHPDONJ004467	GWHPDONL011936
OG0003065	GWHPDONJ004468	GWHPDONL011935
OG0003066	GWHPDONJ004469	GWHPDONL011934
OG0003067	GWHPDONJ004476	GWHPDONL010450
OG0003068	GWHPDONJ004481	GWHPDONL011594
OG0003069	GWHPDONJ004482	GWHPDONL000626
OG0003070	GWHPDONJ004485	GWHPDONL014092
OG0003071	GWHPDONJ004493	GWHPDONL009283
OG0003072	GWHPDONJ004494, GWHPDONJ004890	
OG0003073	GWHPDONJ004498	GWHPDONL008512
OG0003074	GWHPDONJ004504	GWHPDONL002211
OG0003075	GWHPDONJ004506	GWHPDONL002220
OG0003076	GWHPDONJ004510, GWHPDONJ004884	
OG0003077	GWHPDONJ004511	GWHPDONL007767
OG0003078	GWHPDONJ004512	GWHPDONL005375
OG0003079	GWHPDONJ004513	GWHPDONL005376
OG0003080	GWHPDONJ004515	GWHPDONL010817
OG0003081	GWHPDONJ004518	GWHPDONL002194
OG0003082	GWHPDONJ004519	GWHPDONL002187
OG0003083	GWHPDONJ004521	GWHPDONL002182
OG0003084	GWHPDONJ004522	GWHPDONL004977
OG0003085	GWHPDONJ004523	GWHPDONL004976
OG0003086	GWHPDONJ004526	GWHPDONL013456
OG0003087	GWHPDONJ004527	GWHPDONL013454
OG0003088	GWHPDONJ004529	GWHPDONL013447
OG0003089	GWHPDONJ004531	GWHPDONL003390
OG0003090	GWHPDONJ004532	GWHPDONL011903
OG0003091	GWHPDONJ004533	GWHPDONL011146
OG0003092	GWHPDONJ004534	GWHPDONL001389
OG0003093	GWHPDONJ004537	GWHPDONL005745
OG0003094	GWHPDONJ004541	GWHPDONL006713
OG0003095	GWHPDONJ004545	GWHPDONL013752
OG0003096	GWHPDONJ004546	GWHPDONL006657
OG0003097	GWHPDONJ004547	GWHPDONL006268
OG0003098	GWHPDONJ004553	GWHPDONL001253
OG0003099	GWHPDONJ004554	GWHPDONL008304
OG0003100	GWHPDONJ004559	GWHPDONL002272
OG0003101	GWHPDONJ004560, GWHPDONJ004875	
OG0003102	GWHPDONJ004561	GWHPDONL005091
OG0003103	GWHPDONJ004565	GWHPDONL013015
OG0003104	GWHPDONJ004567	GWHPDONL003737
OG0003105	GWHPDONJ004572, GWHPDONJ010569	
OG0003106	GWHPDONJ004574	GWHPDONL007092
OG0003107	GWHPDONJ004576	GWHPDONL002932
OG0003108	GWHPDONJ004577	GWHPDONL010034
OG0003109	GWHPDONJ004578	GWHPDONL003016
OG0003110	GWHPDONJ004581	GWHPDONL011790
OG0003111	GWHPDONJ004586	GWHPDONL005606
OG0003112	GWHPDONJ004587	GWHPDONL004684
OG0003113	GWHPDONJ004588	GWHPDONL008623
OG0003114	GWHPDONJ004591, GWHPDONJ007746	
OG0003115	GWHPDONJ004592	GWHPDONL012686
OG0003116	GWHPDONJ004593	GWHPDONL002657
OG0003117	GWHPDONJ004595	GWHPDONL006158
OG0003118	GWHPDONJ004596	GWHPDONL010436
OG0003119	GWHPDONJ004598	GWHPDONL006524
OG0003120	GWHPDONJ004600, GWHPDONJ005185	
OG0003121	GWHPDONJ004602	GWHPDONL000390
OG0003122	GWHPDONJ004604	GWHPDONL010979
OG0003123	GWHPDONJ004605, GWHPDONJ004609	
OG0003124	GWHPDONJ004610	GWHPDONL011235
OG0003125	GWHPDONJ004611	GWHPDONL013394
OG0003126	GWHPDONJ004612	GWHPDONL013395
OG0003127	GWHPDONJ004614	GWHPDONL013392
OG0003128	GWHPDONJ004615	GWHPDONL013393
OG0003129	GWHPDONJ004616	GWHPDONL013390
OG0003130	GWHPDONJ004617	GWHPDONL013386
OG0003131	GWHPDONJ004618	GWHPDONL013385
OG0003132	GWHPDONJ004619	GWHPDONL013381
OG0003133	GWHPDONJ004623	GWHPDONL005717
OG0003134	GWHPDONJ004625	GWHPDONL001804
OG0003135	GWHPDONJ004628	GWHPDONL004600
OG0003136	GWHPDONJ004629	GWHPDONL003985
OG0003137	GWHPDONJ004630	GWHPDONL003986
OG0003138	GWHPDONJ004631	GWHPDONL004043
OG0003139	GWHPDONJ004633	GWHPDONL004901
OG0003140	GWHPDONJ004634	GWHPDONL011221
OG0003141	GWHPDONJ004637	GWHPDONL014121
OG0003142	GWHPDONJ004638	GWHPDONL008587
OG0003143	GWHPDONJ004639	GWHPDONL004280
OG0003144	GWHPDONJ004640	GWHPDONL011545
OG0003145	GWHPDONJ004641	GWHPDONL013387
OG0003146	GWHPDONJ004642	GWHPDONL013325
OG0003147	GWHPDONJ004644	GWHPDONL013323
OG0003148	GWHPDONJ004646	GWHPDONL007035
OG0003149	GWHPDONJ004649	GWHPDONL002393
OG0003150	GWHPDONJ004650	GWHPDONL007006
OG0003151	GWHPDONJ004656	GWHPDONL006093
OG0003152	GWHPDONJ004657	GWHPDONL000793
OG0003153	GWHPDONJ004663	GWHPDONL004907
OG0003154	GWHPDONJ004664	GWHPDONL012243
OG0003155	GWHPDONJ004666	GWHPDONL004911
OG0003156	GWHPDONJ004667	GWHPDONL002501
OG0003157	GWHPDONJ004669	GWHPDONL012123
OG0003158	GWHPDONJ004670	GWHPDONL000127
OG0003159	GWHPDONJ004674	GWHPDONL013229
OG0003160	GWHPDONJ004676	GWHPDONL002446
OG0003161	GWHPDONJ004677	GWHPDONL010473
OG0003162	GWHPDONJ004678	GWHPDONL013856
OG0003163	GWHPDONJ004680	GWHPDONL010867
OG0003164	GWHPDONJ004682	GWHPDONL010871
OG0003165	GWHPDONJ004688, GWHPDONJ007212	
OG0003166	GWHPDONJ004689	GWHPDONL000473
OG0003167	GWHPDONJ004690, GWHPDONJ005100	
OG0003168	GWHPDONJ004691	GWHPDONL013436
OG0003169	GWHPDONJ004692	GWHPDONL005045
OG0003170	GWHPDONJ004693	GWHPDONL000472
OG0003171	GWHPDONJ004694	GWHPDONL007390
OG0003172	GWHPDONJ004695	GWHPDONL000480
OG0003173	GWHPDONJ004696	GWHPDONL003340
OG0003174	GWHPDONJ004697	GWHPDONL005632
OG0003175	GWHPDONJ004698	GWHPDONL010760
OG0003176	GWHPDONJ004699	GWHPDONL003363
OG0003177	GWHPDONJ004700, GWHPDONJ004701	
OG0003178	GWHPDONJ004702	GWHPDONL003365
OG0003179	GWHPDONJ004703	GWHPDONL001527
OG0003180	GWHPDONJ004705	GWHPDONL013581
OG0003181	GWHPDONJ004710	GWHPDONL007907
OG0003182	GWHPDONJ004711	GWHPDONL009817
OG0003183	GWHPDONJ004713	GWHPDONL001477
OG0003184	GWHPDONJ004715	GWHPDONL000478
OG0003185	GWHPDONJ004716	GWHPDONL006881
OG0003186	GWHPDONJ004719	GWHPDONL006134
OG0003187	GWHPDONJ004722	GWHPDONL002359
OG0003188	GWHPDONJ004727	GWHPDONL006721
OG0003189	GWHPDONJ004729	GWHPDONL003093
OG0003190	GWHPDONJ004731	GWHPDONL003101
OG0003191	GWHPDONJ004732	GWHPDONL004605
OG0003192	GWHPDONJ004733	GWHPDONL004606
OG0003193	GWHPDONJ004734	GWHPDONL004607
OG0003194	GWHPDONJ004735	GWHPDONL010671
OG0003195	GWHPDONJ004736	GWHPDONL010670
OG0003196	GWHPDONJ004738	GWHPDONL001112
OG0003197	GWHPDONJ004741	GWHPDONL007678
OG0003198	GWHPDONJ004742	GWHPDONL004997
OG0003199	GWHPDONJ004746	GWHPDONL004833
OG0003200	GWHPDONJ004747	GWHPDONL011432
OG0003201	GWHPDONJ004752	GWHPDONL011433
OG0003202	GWHPDONJ004756	GWHPDONL010004
OG0003203	GWHPDONJ004761	GWHPDONL004836
OG0003204	GWHPDONJ004766	GWHPDONL011949
OG0003205	GWHPDONJ004767	GWHPDONL011952
OG0003206	GWHPDONJ004772	GWHPDONL011965
OG0003207	GWHPDONJ004773	GWHPDONL011964
OG0003208	GWHPDONJ004774	GWHPDONL011963
OG0003209	GWHPDONJ004777	GWHPDONL008319
OG0003210	GWHPDONJ004778	GWHPDONL004809
OG0003211	GWHPDONJ004779	GWHPDONL011980
OG0003212	GWHPDONJ004782	GWHPDONL001813
OG0003213	GWHPDONJ004783	GWHPDONL009053
OG0003214	GWHPDONJ004785	GWHPDONL009153
OG0003215	GWHPDONJ004791, GWHPDONJ006245	
OG0003216	GWHPDONJ004792	GWHPDONL002565
OG0003217	GWHPDONJ004795	GWHPDONL000033
OG0003218	GWHPDONJ004798	GWHPDONL004390
OG0003219	GWHPDONJ004800	GWHPDONL004237
OG0003220	GWHPDONJ004801	GWHPDONL000089
OG0003221	GWHPDONJ004803	GWHPDONL007594
OG0003222	GWHPDONJ004817	GWHPDONL004066
OG0003223	GWHPDONJ004819	GWHPDONL006553
OG0003224	GWHPDONJ004820	GWHPDONL007596
OG0003225	GWHPDONJ004822	GWHPDONL011418
OG0003226	GWHPDONJ004823	GWHPDONL009021
OG0003227	GWHPDONJ004824	GWHPDONL010845
OG0003228	GWHPDONJ004831	GWHPDONL014038
OG0003229	GWHPDONJ004837, GWHPDONJ010068	
OG0003230	GWHPDONJ004841	GWHPDONL013539
OG0003231	GWHPDONJ004843	GWHPDONL011040
OG0003232	GWHPDONJ004845	GWHPDONL013523
OG0003233	GWHPDONJ004846	GWHPDONL007732
OG0003234	GWHPDONJ004847	GWHPDONL002209
OG0003235	GWHPDONJ004848	GWHPDONL002217
OG0003236	GWHPDONJ004851	GWHPDONL002011
OG0003237	GWHPDONJ004852	GWHPDONL001670
OG0003238	GWHPDONJ004861	GWHPDONL008301
OG0003239	GWHPDONJ004862	GWHPDONL012865
OG0003240	GWHPDONJ004866, GWHPDONJ009770	
OG0003241	GWHPDONJ004871, GWHPDONJ010708	
OG0003242	GWHPDONJ004898	GWHPDONL001791
OG0003243	GWHPDONJ004899	GWHPDONL012722
OG0003244	GWHPDONJ004903	GWHPDONL002627
OG0003245	GWHPDONJ004904	GWHPDONL002631
OG0003246	GWHPDONJ004907	GWHPDONL010542
OG0003247	GWHPDONJ004915	GWHPDONL005039
OG0003248	GWHPDONJ004918	GWHPDONL001618
OG0003249	GWHPDONJ004921	GWHPDONL009343
OG0003250	GWHPDONJ004922	GWHPDONL007191
OG0003251	GWHPDONJ004923	GWHPDONL000375
OG0003252	GWHPDONJ004927, GWHPDONJ008682	
OG0003253	GWHPDONJ004929	GWHPDONL006979
OG0003254	GWHPDONJ004933	GWHPDONL005085
OG0003255	GWHPDONJ004936	GWHPDONL005081
OG0003256	GWHPDONJ004937	GWHPDONL012548
OG0003257	GWHPDONJ004940	GWHPDONL011007
OG0003258	GWHPDONJ004941	GWHPDONL011005
OG0003259	GWHPDONJ004944	GWHPDONL006383
OG0003260	GWHPDONJ004948, GWHPDONJ006656	
OG0003261	GWHPDONJ004951	GWHPDONL009179
OG0003262	GWHPDONJ004952	GWHPDONL003786
OG0003263	GWHPDONJ004956	GWHPDONL012134
OG0003264	GWHPDONJ004961, GWHPDONJ007731	
OG0003265	GWHPDONJ004962	GWHPDONL009102
OG0003266	GWHPDONJ004963	GWHPDONL009261
OG0003267	GWHPDONJ004965	GWHPDONL003337
OG0003268	GWHPDONJ004966	GWHPDONL000279
OG0003269	GWHPDONJ004967	GWHPDONL005449
OG0003270	GWHPDONJ004968	GWHPDONL013036
OG0003271	GWHPDONJ004969, GWHPDONJ008285	
OG0003272	GWHPDONJ004980	GWHPDONL011718
OG0003273	GWHPDONJ004982	GWHPDONL013810
OG0003274	GWHPDONJ004984	GWHPDONL009420
OG0003275	GWHPDONJ004985	GWHPDONL009550
OG0003276	GWHPDONJ004986	GWHPDONL011130
OG0003277	GWHPDONJ004987	GWHPDONL009547
OG0003278	GWHPDONJ004988	GWHPDONL002477
OG0003279	GWHPDONJ004990	GWHPDONL010306
OG0003280	GWHPDONJ004993	GWHPDONL013764
OG0003281	GWHPDONJ005001	GWHPDONL002133
OG0003282	GWHPDONJ005008	GWHPDONL009323
OG0003283	GWHPDONJ005010	GWHPDONL001890
OG0003284	GWHPDONJ005015	GWHPDONL001551
OG0003285	GWHPDONJ005018	GWHPDONL011919
OG0003286	GWHPDONJ005020	GWHPDONL003748
OG0003287	GWHPDONJ005021	GWHPDONL003751
OG0003288	GWHPDONJ005022	GWHPDONL002678
OG0003289	GWHPDONJ005023, GWHPDONJ009689	
OG0003290	GWHPDONJ005025	GWHPDONL003014
OG0003291	GWHPDONJ005027	GWHPDONL003753
OG0003292	GWHPDONJ005029	GWHPDONL007513
OG0003293	GWHPDONJ005033	GWHPDONL010451
OG0003294	GWHPDONJ005034	GWHPDONL005878
OG0003295	GWHPDONJ005036	GWHPDONL004663
OG0003296	GWHPDONJ005037	GWHPDONL004669
OG0003297	GWHPDONJ005038	GWHPDONL008709
OG0003298	GWHPDONJ005044	GWHPDONL009739
OG0003299	GWHPDONJ005045	GWHPDONL003823
OG0003300	GWHPDONJ005046	GWHPDONL003820
OG0003301	GWHPDONJ005047	GWHPDONL009556
OG0003302	GWHPDONJ005048	GWHPDONL010688
OG0003303	GWHPDONJ005050	GWHPDONL011188
OG0003304	GWHPDONJ005051	GWHPDONL011187
OG0003305	GWHPDONJ005052	GWHPDONL012858
OG0003306	GWHPDONJ005053	GWHPDONL012859
OG0003307	GWHPDONJ005055	GWHPDONL001953
OG0003308	GWHPDONJ005059	GWHPDONL012053
OG0003309	GWHPDONJ005063	GWHPDONL013369
OG0003310	GWHPDONJ005064	GWHPDONL001575
OG0003311	GWHPDONJ005065	GWHPDONL001578
OG0003312	GWHPDONJ005067	GWHPDONL001590
OG0003313	GWHPDONJ005073	GWHPDONL002250
OG0003314	GWHPDONJ005075	GWHPDONL006659
OG0003315	GWHPDONJ005076	GWHPDONL005361
OG0003316	GWHPDONJ005078	GWHPDONL011710
OG0003317	GWHPDONJ005079	GWHPDONL010180
OG0003318	GWHPDONJ005081	GWHPDONL001595
OG0003319	GWHPDONJ005083	GWHPDONL006386
OG0003320	GWHPDONJ005085	GWHPDONL006453
OG0003321	GWHPDONJ005087	GWHPDONL011183
OG0003322	GWHPDONJ005088	GWHPDONL007829
OG0003323	GWHPDONJ005089	GWHPDONL012491
OG0003324	GWHPDONJ005090	GWHPDONL003359
OG0003325	GWHPDONJ005106	GWHPDONL002973
OG0003326	GWHPDONJ005112	GWHPDONL001070
OG0003327	GWHPDONJ005113	GWHPDONL001069
OG0003328	GWHPDONJ005115	GWHPDONL001062
OG0003329	GWHPDONJ005116	GWHPDONL005172
OG0003330	GWHPDONJ005117	GWHPDONL012906
OG0003331	GWHPDONJ005118	GWHPDONL012272
OG0003332	GWHPDONJ005119	GWHPDONL012271
OG0003333	GWHPDONJ005123	GWHPDONL012264
OG0003334	GWHPDONJ005125	GWHPDONL001760
OG0003335	GWHPDONJ005128	GWHPDONL003056
OG0003336	GWHPDONJ005129	GWHPDONL006084
OG0003337	GWHPDONJ005130	GWHPDONL006080
OG0003338	GWHPDONJ005131	GWHPDONL004256
OG0003339	GWHPDONJ005133	GWHPDONL008063
OG0003340	GWHPDONJ005134	GWHPDONL004286
OG0003341	GWHPDONJ005136	GWHPDONL004291
OG0003342	GWHPDONJ005139	GWHPDONL004300
OG0003343	GWHPDONJ005141	GWHPDONL004324
OG0003344	GWHPDONJ005145	GWHPDONL009233
OG0003345	GWHPDONJ005146	GWHPDONL009236
OG0003346	GWHPDONJ005147	GWHPDONL009237
OG0003347	GWHPDONJ005151	GWHPDONL007584
OG0003348	GWHPDONJ005152	GWHPDONL004333
OG0003349	GWHPDONJ005153	GWHPDONL006233
OG0003350	GWHPDONJ005154	GWHPDONL009079
OG0003351	GWHPDONJ005155	GWHPDONL001035
OG0003352	GWHPDONJ005160	GWHPDONL010683
OG0003353	GWHPDONJ005161	GWHPDONL005051
OG0003354	GWHPDONJ005163	GWHPDONL010363
OG0003355	GWHPDONJ005164	GWHPDONL008158
OG0003356	GWHPDONJ005166	GWHPDONL008388
OG0003357	GWHPDONJ005167	GWHPDONL006254
OG0003358	GWHPDONJ005168	GWHPDONL006248
OG0003359	GWHPDONJ005170	GWHPDONL008647
OG0003360	GWHPDONJ005172	GWHPDONL013835
OG0003361	GWHPDONJ005176	GWHPDONL006876
OG0003362	GWHPDONJ005177	GWHPDONL001317
OG0003363	GWHPDONJ005180	GWHPDONL001307
OG0003364	GWHPDONJ005181	GWHPDONL001301
OG0003365	GWHPDONJ005186	GWHPDONL003463
OG0003366	GWHPDONJ005187	GWHPDONL004766
OG0003367	GWHPDONJ005188	GWHPDONL006497
OG0003368	GWHPDONJ005189	GWHPDONL001417
OG0003369	GWHPDONJ005190	GWHPDONL001418
OG0003370	GWHPDONJ005191	GWHPDONL000593
OG0003371	GWHPDONJ005195	GWHPDONL006838
OG0003372	GWHPDONJ005196	GWHPDONL003293
OG0003373	GWHPDONJ005199	GWHPDONL007573
OG0003374	GWHPDONJ005201	GWHPDONL006914
OG0003375	GWHPDONJ005203	GWHPDONL004773
OG0003376	GWHPDONJ005207	GWHPDONL008901
OG0003377	GWHPDONJ005208	GWHPDONL002315
OG0003378	GWHPDONJ005211	GWHPDONL006994
OG0003379	GWHPDONJ005215	GWHPDONL007096
OG0003380	GWHPDONJ005219	GWHPDONL006873
OG0003381	GWHPDONJ005222	GWHPDONL007087
OG0003382	GWHPDONJ005224	GWHPDONL001480
OG0003383	GWHPDONJ005225	GWHPDONL001415
OG0003384	GWHPDONJ005227	GWHPDONL012986
OG0003385	GWHPDONJ005228	GWHPDONL011517
OG0003386	GWHPDONJ005230	GWHPDONL000522
OG0003387	GWHPDONJ005231	GWHPDONL004288
OG0003388	GWHPDONJ005233	GWHPDONL001413
OG0003389	GWHPDONJ005234	GWHPDONL010338
OG0003390	GWHPDONJ005235	GWHPDONL008273
OG0003391	GWHPDONJ005236	GWHPDONL003768
OG0003392	GWHPDONJ005239	GWHPDONL001727
OG0003393	GWHPDONJ005240	GWHPDONL000140
OG0003394	GWHPDONJ005245	GWHPDONL007889
OG0003395	GWHPDONJ005246	GWHPDONL014034
OG0003396	GWHPDONJ005247	GWHPDONL012458
OG0003397	GWHPDONJ005248	GWHPDONL011743
OG0003398	GWHPDONJ005251	GWHPDONL011752
OG0003399	GWHPDONJ005252	GWHPDONL006095
OG0003400	GWHPDONJ005254	GWHPDONL011755
OG0003401	GWHPDONJ005258	GWHPDONL010832
OG0003402	GWHPDONJ005260	GWHPDONL006603
OG0003403	GWHPDONJ005262	GWHPDONL000419
OG0003404	GWHPDONJ005263	GWHPDONL001734
OG0003405	GWHPDONJ005264	GWHPDONL009913
OG0003406	GWHPDONJ005265	GWHPDONL013104
OG0003407	GWHPDONJ005267	GWHPDONL011741
OG0003408	GWHPDONJ005268	GWHPDONL014044
OG0003409	GWHPDONJ005269	GWHPDONL001904
OG0003410	GWHPDONJ005270	GWHPDONL003764
OG0003411	GWHPDONJ005271	GWHPDONL006766
OG0003412	GWHPDONJ005273	GWHPDONL010946
OG0003413	GWHPDONJ005275	GWHPDONL010761
OG0003414	GWHPDONJ005276	GWHPDONL000483
OG0003415	GWHPDONJ005277	GWHPDONL006653
OG0003416	GWHPDONJ005278	GWHPDONL008168
OG0003417	GWHPDONJ005279	GWHPDONL007237
OG0003418	GWHPDONJ005280	GWHPDONL007770
OG0003419	GWHPDONJ005283	GWHPDONL006436
OG0003420	GWHPDONJ005286	GWHPDONL003259
OG0003421	GWHPDONJ005291	GWHPDONL011692
OG0003422	GWHPDONJ005292	GWHPDONL011693
OG0003423	GWHPDONJ005297	GWHPDONL011696
OG0003424	GWHPDONJ005299	GWHPDONL013604
OG0003425	GWHPDONJ005300	GWHPDONL011698
OG0003426	GWHPDONJ005301	GWHPDONL000490
OG0003427	GWHPDONJ005302, GWHPDONJ006424	
OG0003428	GWHPDONJ005303	GWHPDONL008448
OG0003429	GWHPDONJ005305	GWHPDONL010344
OG0003430	GWHPDONJ005307	GWHPDONL003671
OG0003431	GWHPDONJ005308	GWHPDONL003672
OG0003432	GWHPDONJ005309	GWHPDONL012776
OG0003433	GWHPDONJ005311	GWHPDONL013919
OG0003434	GWHPDONJ005313	GWHPDONL014208
OG0003435	GWHPDONJ005314	GWHPDONL014209
OG0003436	GWHPDONJ005315	GWHPDONL014210
OG0003437	GWHPDONJ005316	GWHPDONL011071
OG0003438	GWHPDONJ005317	GWHPDONL011070
OG0003439	GWHPDONJ005318	GWHPDONL005851
OG0003440	GWHPDONJ005319, GWHPDONJ005321	
OG0003441	GWHPDONJ005322	GWHPDONL012822
OG0003442	GWHPDONJ005323	GWHPDONL002629
OG0003443	GWHPDONJ005326	GWHPDONL007411
OG0003444	GWHPDONJ005327	GWHPDONL010980
OG0003445	GWHPDONJ005328	GWHPDONL007409
OG0003446	GWHPDONJ005329	GWHPDONL004515
OG0003447	GWHPDONJ005330	GWHPDONL010521
OG0003448	GWHPDONJ005332	GWHPDONL000465
OG0003449	GWHPDONJ005336	GWHPDONL001658
OG0003450	GWHPDONJ005337	GWHPDONL001669
OG0003451	GWHPDONJ005339	GWHPDONL007070
OG0003452	GWHPDONJ005340	GWHPDONL011780
OG0003453	GWHPDONJ005349	GWHPDONL009051
OG0003454	GWHPDONJ005351	GWHPDONL000753
OG0003455	GWHPDONJ005354	GWHPDONL012977
OG0003456	GWHPDONJ005363	GWHPDONL000975
OG0003457	GWHPDONJ005364	GWHPDONL000962
OG0003458	GWHPDONJ005365	GWHPDONL012633
OG0003459	GWHPDONJ005368	GWHPDONL003307
OG0003460	GWHPDONJ005369	GWHPDONL012623
OG0003461	GWHPDONJ005370	GWHPDONL002908
OG0003462	GWHPDONJ005372	GWHPDONL012630
OG0003463	GWHPDONJ005373	GWHPDONL012631
OG0003464	GWHPDONJ005374	GWHPDONL002618
OG0003465	GWHPDONJ005375	GWHPDONL010948
OG0003466	GWHPDONJ005376	GWHPDONL002345
OG0003467	GWHPDONJ005379	GWHPDONL004481
OG0003468	GWHPDONJ005380	GWHPDONL000998
OG0003469	GWHPDONJ005381	GWHPDONL005333
OG0003470	GWHPDONJ005384	GWHPDONL002396
OG0003471	GWHPDONJ005385	GWHPDONL000391
OG0003472	GWHPDONJ005386	GWHPDONL006101
OG0003473	GWHPDONJ005393	GWHPDONL009223
OG0003474	GWHPDONJ005394	GWHPDONL006226
OG0003475	GWHPDONJ005397	GWHPDONL009375
OG0003476	GWHPDONJ005398	GWHPDONL004164
OG0003477	GWHPDONJ005401	GWHPDONL009650
OG0003478	GWHPDONJ005403	GWHPDONL010857
OG0003479	GWHPDONJ005405	GWHPDONL010391
OG0003480	GWHPDONJ005406	GWHPDONL011498
OG0003481	GWHPDONJ005407	GWHPDONL004540
OG0003482	GWHPDONJ005408	GWHPDONL012300
OG0003483	GWHPDONJ005411	GWHPDONL007959
OG0003484	GWHPDONJ005412	GWHPDONL012983
OG0003485	GWHPDONJ005415	GWHPDONL008353
OG0003486	GWHPDONJ005417	GWHPDONL001346
OG0003487	GWHPDONJ005418	GWHPDONL007781
OG0003488	GWHPDONJ005419	GWHPDONL001337
OG0003489	GWHPDONJ005420	GWHPDONL003042
OG0003490	GWHPDONJ005421	GWHPDONL005926
OG0003491	GWHPDONJ005422	GWHPDONL012589
OG0003492	GWHPDONJ005424, GWHPDONJ009125	
OG0003493	GWHPDONJ005428	GWHPDONL009313
OG0003494	GWHPDONJ005431	GWHPDONL013619
OG0003495	GWHPDONJ005432	GWHPDONL011242
OG0003496	GWHPDONJ005434	GWHPDONL011567
OG0003497	GWHPDONJ005439	GWHPDONL008555
OG0003498	GWHPDONJ005441	GWHPDONL013297
OG0003499	GWHPDONJ005442	GWHPDONL010452
OG0003500	GWHPDONJ005443	GWHPDONL010104
OG0003501	GWHPDONJ005444	GWHPDONL010103
OG0003502	GWHPDONJ005449	GWHPDONL002957
OG0003503	GWHPDONJ005451, GWHPDONJ010116	
OG0003504	GWHPDONJ005455	GWHPDONL002291
OG0003505	GWHPDONJ005456	GWHPDONL002288
OG0003506	GWHPDONJ005458	GWHPDONL002286
OG0003507	GWHPDONJ005459	GWHPDONL013404
OG0003508	GWHPDONJ005463	GWHPDONL012178
OG0003509	GWHPDONJ005465	GWHPDONL012191
OG0003510	GWHPDONJ005466	GWHPDONL010595
OG0003511	GWHPDONJ005468	GWHPDONL010947
OG0003512	GWHPDONJ005469	GWHPDONL011774
OG0003513	GWHPDONJ005472	GWHPDONL012196
OG0003514	GWHPDONJ005474	GWHPDONL013908
OG0003515	GWHPDONJ005475	GWHPDONL002503
OG0003516	GWHPDONJ005477	GWHPDONL012759
OG0003517	GWHPDONJ005481	GWHPDONL007238
OG0003518	GWHPDONJ005484	GWHPDONL010353
OG0003519	GWHPDONJ005486	GWHPDONL004045
OG0003520	GWHPDONJ005487	GWHPDONL013906
OG0003521	GWHPDONJ005488	GWHPDONL003893
OG0003522	GWHPDONJ005491	GWHPDONL013899
OG0003523	GWHPDONJ005496	GWHPDONL011050
OG0003524	GWHPDONJ005497	GWHPDONL005655
OG0003525	GWHPDONJ005498	GWHPDONL010007
OG0003526	GWHPDONJ005500	GWHPDONL012004
OG0003527	GWHPDONJ005501	GWHPDONL007319
OG0003528	GWHPDONJ005502	GWHPDONL010080
OG0003529	GWHPDONJ005503, GWHPDONJ009703	
OG0003530	GWHPDONJ005507	GWHPDONL004778
OG0003531	GWHPDONJ005513	GWHPDONL007957
OG0003532	GWHPDONJ005514	GWHPDONL007960
OG0003533	GWHPDONJ005515	GWHPDONL005992
OG0003534	GWHPDONJ005518	GWHPDONL007968
OG0003535	GWHPDONJ005519	GWHPDONL007969
OG0003536	GWHPDONJ005527	GWHPDONL013999
OG0003537	GWHPDONJ005530	GWHPDONL003609
OG0003538	GWHPDONJ005531	GWHPDONL003611
OG0003539	GWHPDONJ005534	GWHPDONL008507
OG0003540	GWHPDONJ005538	GWHPDONL002793
OG0003541	GWHPDONJ005542	GWHPDONL003147
OG0003542	GWHPDONJ005549	GWHPDONL013234
OG0003543	GWHPDONJ005551	GWHPDONL012999
OG0003544	GWHPDONJ005557	GWHPDONL005623
OG0003545	GWHPDONJ005558	GWHPDONL005300
OG0003546	GWHPDONJ005562	GWHPDONL013005
OG0003547	GWHPDONJ005564	GWHPDONL002149
OG0003548	GWHPDONJ005567	GWHPDONL005775
OG0003549	GWHPDONJ005569	GWHPDONL002460
OG0003550	GWHPDONJ005570	GWHPDONL005777
OG0003551	GWHPDONJ005575	GWHPDONL004153
OG0003552	GWHPDONJ005576	GWHPDONL012360
OG0003553	GWHPDONJ005577	GWHPDONL012362
OG0003554	GWHPDONJ005578	GWHPDONL011148
OG0003555	GWHPDONJ005581	GWHPDONL005810
OG0003556	GWHPDONJ005583	GWHPDONL005808
OG0003557	GWHPDONJ005591	GWHPDONL005792
OG0003558	GWHPDONJ005595	GWHPDONL000556
OG0003559	GWHPDONJ005599	GWHPDONL004588
OG0003560	GWHPDONJ005600	GWHPDONL010097
OG0003561	GWHPDONJ005602	GWHPDONL000689
OG0003562	GWHPDONJ005604, GWHPDONJ005620	
OG0003563	GWHPDONJ005606	GWHPDONL011879
OG0003564	GWHPDONJ005608	GWHPDONL000703
OG0003565	GWHPDONJ005609	GWHPDONL005599
OG0003566	GWHPDONJ005610	GWHPDONL012063
OG0003567	GWHPDONJ005613	GWHPDONL012060
OG0003568	GWHPDONJ005614	GWHPDONL000714
OG0003569	GWHPDONJ005615	GWHPDONL011182
OG0003570	GWHPDONJ005616	GWHPDONL011180
OG0003571	GWHPDONJ005621	GWHPDONL012046
OG0003572	GWHPDONJ005623	GWHPDONL005848
OG0003573	GWHPDONJ005626	GWHPDONL009096
OG0003574	GWHPDONJ005627	GWHPDONL005838
OG0003575	GWHPDONJ005628	GWHPDONL005837
OG0003576	GWHPDONJ005629	GWHPDONL005836
OG0003577	GWHPDONJ005630	GWHPDONL006220
OG0003578	GWHPDONJ005632	GWHPDONL013850
OG0003579	GWHPDONJ005633	GWHPDONL013848
OG0003580	GWHPDONJ005634	GWHPDONL013847
OG0003581	GWHPDONJ005635	GWHPDONL011305
OG0003582	GWHPDONJ005639	GWHPDONL011260
OG0003583	GWHPDONJ005640	GWHPDONL007306
OG0003584	GWHPDONJ005641	GWHPDONL012416
OG0003585	GWHPDONJ005645	GWHPDONL007568
OG0003586	GWHPDONJ005647	GWHPDONL009989
OG0003587	GWHPDONJ005648	GWHPDONL000458
OG0003588	GWHPDONJ005650	GWHPDONL000781
OG0003589	GWHPDONJ005651	GWHPDONL013936
OG0003590	GWHPDONJ005652	GWHPDONL009565
OG0003591	GWHPDONJ005653	GWHPDONL006739
OG0003592	GWHPDONJ005656	GWHPDONL013623
OG0003593	GWHPDONJ005657	GWHPDONL000388
OG0003594	GWHPDONJ005658	GWHPDONL000387
OG0003595	GWHPDONJ005659	GWHPDONL001323
OG0003596	GWHPDONJ005660	GWHPDONL009964
OG0003597	GWHPDONJ005661	GWHPDONL009968
OG0003598	GWHPDONJ005662	GWHPDONL001473
OG0003599	GWHPDONJ005664	GWHPDONL007921
OG0003600	GWHPDONJ005666	GWHPDONL003215
OG0003601	GWHPDONJ005670	GWHPDONL010455
OG0003602	GWHPDONJ005673	GWHPDONL013095
OG0003603	GWHPDONJ005674	GWHPDONL009252
OG0003604	GWHPDONJ005675	GWHPDONL005076
OG0003605	GWHPDONJ005676	GWHPDONL011259
OG0003606	GWHPDONJ005678	GWHPDONL012768
OG0003607	GWHPDONJ005679	GWHPDONL010974
OG0003608	GWHPDONJ005684	GWHPDONL005038
OG0003609	GWHPDONJ005686	GWHPDONL011167
OG0003610	GWHPDONJ005687	GWHPDONL011962
OG0003611	GWHPDONJ005688	GWHPDONL009918
OG0003612	GWHPDONJ005691	GWHPDONL002566
OG0003613	GWHPDONJ005692	GWHPDONL000583
OG0003614	GWHPDONJ005693	GWHPDONL005343
OG0003615	GWHPDONJ005694	GWHPDONL013355
OG0003616	GWHPDONJ005695	GWHPDONL007376
OG0003617	GWHPDONJ005697	GWHPDONL005982
OG0003618	GWHPDONJ005698	GWHPDONL009041
OG0003619	GWHPDONJ005699	GWHPDONL013684
OG0003620	GWHPDONJ005703	GWHPDONL014188
OG0003621	GWHPDONJ005705	GWHPDONL013341
OG0003622	GWHPDONJ005706	GWHPDONL013340
OG0003623	GWHPDONJ005707	GWHPDONL011156
OG0003624	GWHPDONJ005708	GWHPDONL011162
OG0003625	GWHPDONJ005709	GWHPDONL011165
OG0003626	GWHPDONJ005712	GWHPDONL004400
OG0003627	GWHPDONJ005715	GWHPDONL008330
OG0003628	GWHPDONJ005718	GWHPDONL003876
OG0003629	GWHPDONJ005725	GWHPDONL003602
OG0003630	GWHPDONJ005729	GWHPDONL001447
OG0003631	GWHPDONJ005732	GWHPDONL005370
OG0003632	GWHPDONJ005733	GWHPDONL000548
OG0003633	GWHPDONJ005734	GWHPDONL006737
OG0003634	GWHPDONJ005736	GWHPDONL006729
OG0003635	GWHPDONJ005738	GWHPDONL012539
OG0003636	GWHPDONJ005739	GWHPDONL001465
OG0003637	GWHPDONJ005740, GWHPDONJ005932	
OG0003638	GWHPDONJ005742	GWHPDONL002038
OG0003639	GWHPDONJ005743	GWHPDONL011163
OG0003640	GWHPDONJ005744	GWHPDONL000531
OG0003641	GWHPDONJ005749, GWHPDONJ006075	
OG0003642	GWHPDONJ005751	GWHPDONL003810
OG0003643	GWHPDONJ005755	GWHPDONL009376
OG0003644	GWHPDONJ005760	GWHPDONL000665
OG0003645	GWHPDONJ005761	GWHPDONL000664
OG0003646	GWHPDONJ005766	GWHPDONL013236
OG0003647	GWHPDONJ005774	GWHPDONL003036
OG0003648	GWHPDONJ005776	GWHPDONL009722
OG0003649	GWHPDONJ005777	GWHPDONL001401
OG0003650	GWHPDONJ005779	GWHPDONL001650
OG0003651	GWHPDONJ005780	GWHPDONL003034
OG0003652	GWHPDONJ005781	GWHPDONL003026
OG0003653	GWHPDONJ005782	GWHPDONL003024
OG0003654	GWHPDONJ005783	GWHPDONL011818
OG0003655	GWHPDONJ005785	GWHPDONL003393
OG0003656	GWHPDONJ005786	GWHPDONL009937
OG0003657	GWHPDONJ005791	GWHPDONL011595
OG0003658	GWHPDONJ005795	GWHPDONL010147
OG0003659	GWHPDONJ005796	GWHPDONL003395
OG0003660	GWHPDONJ005798	GWHPDONL013430
OG0003661	GWHPDONJ005799	GWHPDONL013702
OG0003662	GWHPDONJ005802	GWHPDONL013106
OG0003663	GWHPDONJ005803	GWHPDONL012445
OG0003664	GWHPDONJ005805	GWHPDONL004169
OG0003665	GWHPDONJ005808	GWHPDONL002185
OG0003666	GWHPDONJ005809	GWHPDONL005802
OG0003667	GWHPDONJ005810	GWHPDONL002193
OG0003668	GWHPDONJ005812	GWHPDONL008443
OG0003669	GWHPDONJ005813	GWHPDONL008996
OG0003670	GWHPDONJ005814	GWHPDONL013358
OG0003671	GWHPDONJ005816	GWHPDONL000108
OG0003672	GWHPDONJ005818	GWHPDONL009391
OG0003673	GWHPDONJ005822	GWHPDONL000635
OG0003674	GWHPDONJ005824	GWHPDONL007212
OG0003675	GWHPDONJ005828	GWHPDONL000062
OG0003676	GWHPDONJ005830	GWHPDONL001243
OG0003677	GWHPDONJ005831	GWHPDONL013979
OG0003678	GWHPDONJ005835, GWHPDONJ005953	
OG0003679	GWHPDONJ005839	GWHPDONL004984
OG0003680	GWHPDONJ005840	GWHPDONL007635
OG0003681	GWHPDONJ005844	GWHPDONL007516
OG0003682	GWHPDONJ005845	GWHPDONL006509
OG0003683	GWHPDONJ005846	GWHPDONL013927
OG0003684	GWHPDONJ005850	GWHPDONL012074
OG0003685	GWHPDONJ005851	GWHPDONL007487
OG0003686	GWHPDONJ005853	GWHPDONL013205
OG0003687	GWHPDONJ005857	GWHPDONL002138
OG0003688	GWHPDONJ005858	GWHPDONL001951
OG0003689	GWHPDONJ005859	GWHPDONL013011
OG0003690	GWHPDONJ005860	GWHPDONL001957
OG0003691	GWHPDONJ005863	GWHPDONL002139
OG0003692	GWHPDONJ005864	GWHPDONL002394
OG0003693	GWHPDONJ005865	GWHPDONL001944
OG0003694	GWHPDONJ005866	GWHPDONL001942
OG0003695	GWHPDONJ005867	GWHPDONL012515
OG0003696	GWHPDONJ005869	GWHPDONL010328
OG0003697	GWHPDONJ005872	GWHPDONL001613
OG0003698	GWHPDONJ005874	GWHPDONL001598
OG0003699	GWHPDONJ005877	GWHPDONL001629
OG0003700	GWHPDONJ005878	GWHPDONL006416
OG0003701	GWHPDONJ005879	GWHPDONL003006
OG0003702	GWHPDONJ005880	GWHPDONL005958
OG0003703	GWHPDONJ005883	GWHPDONL012918
OG0003704	GWHPDONJ005884	GWHPDONL006414
OG0003705	GWHPDONJ005885	GWHPDONL009064
OG0003706	GWHPDONJ005887	GWHPDONL005472
OG0003707	GWHPDONJ005889	GWHPDONL006399
OG0003708	GWHPDONJ005891	GWHPDONL006184
OG0003709	GWHPDONJ005896	GWHPDONL004155
OG0003710	GWHPDONJ005899	GWHPDONL005930
OG0003711	GWHPDONJ005901	GWHPDONL004232
OG0003712	GWHPDONJ005903	GWHPDONL013670
OG0003713	GWHPDONJ005904	GWHPDONL007514
OG0003714	GWHPDONJ005905	GWHPDONL002949
OG0003715	GWHPDONJ005908	GWHPDONL005686
OG0003716	GWHPDONJ005910	GWHPDONL004903
OG0003717	GWHPDONJ005911, GWHPDONJ005912	
OG0003718	GWHPDONJ005913	GWHPDONL004550
OG0003719	GWHPDONJ005914	GWHPDONL004549
OG0003720	GWHPDONJ005916	GWHPDONL004542
OG0003721	GWHPDONJ005917	GWHPDONL004539
OG0003722	GWHPDONJ005918	GWHPDONL004538
OG0003723	GWHPDONJ005919	GWHPDONL004535
OG0003724	GWHPDONJ005923	GWHPDONL002748
OG0003725	GWHPDONJ005924	GWHPDONL002751
OG0003726	GWHPDONJ005925	GWHPDONL002753
OG0003727	GWHPDONJ005928	GWHPDONL003314
OG0003728	GWHPDONJ005929	GWHPDONL008602
OG0003729	GWHPDONJ005931	GWHPDONL003304
OG0003730	GWHPDONJ005933	GWHPDONL007612
OG0003731	GWHPDONJ005938	GWHPDONL006808
OG0003732	GWHPDONJ005939	GWHPDONL006807
OG0003733	GWHPDONJ005940	GWHPDONL009943
OG0003734	GWHPDONJ005943	GWHPDONL004572
OG0003735	GWHPDONJ005944	GWHPDONL004571
OG0003736	GWHPDONJ005948	GWHPDONL011076
OG0003737	GWHPDONJ005951	GWHPDONL010054
OG0003738	GWHPDONJ005952	GWHPDONL009097
OG0003739	GWHPDONJ005954	GWHPDONL006204
OG0003740	GWHPDONJ005955	GWHPDONL006072
OG0003741	GWHPDONJ005957	GWHPDONL006057
OG0003742	GWHPDONJ005960, GWHPDONJ007309	
OG0003743	GWHPDONJ005961	GWHPDONL001581
OG0003744	GWHPDONJ005962	GWHPDONL013162
OG0003745	GWHPDONJ005965	GWHPDONL005396
OG0003746	GWHPDONJ005966	GWHPDONL007059
OG0003747	GWHPDONJ005970	GWHPDONL011376
OG0003748	GWHPDONJ005974	GWHPDONL006754
OG0003749	GWHPDONJ005976	GWHPDONL002202
OG0003750	GWHPDONJ005977	GWHPDONL002257
OG0003751	GWHPDONJ005978	GWHPDONL002252
OG0003752	GWHPDONJ005983	GWHPDONL005461
OG0003753	GWHPDONJ005984	GWHPDONL008733
OG0003754	GWHPDONJ005985	GWHPDONL005319
OG0003755	GWHPDONJ005986	GWHPDONL002695
OG0003756	GWHPDONJ005987	GWHPDONL012570
OG0003757	GWHPDONJ005989	GWHPDONL007346
OG0003758	GWHPDONJ005990	GWHPDONL003492
OG0003759	GWHPDONJ005993	GWHPDONL008966
OG0003760	GWHPDONJ005996	GWHPDONL010003
OG0003761	GWHPDONJ005999	GWHPDONL005354
OG0003762	GWHPDONJ006007	GWHPDONL013662
OG0003763	GWHPDONJ006008	GWHPDONL006263
OG0003764	GWHPDONJ006009	GWHPDONL005429
OG0003765	GWHPDONJ006010	GWHPDONL005428
OG0003766	GWHPDONJ006011	GWHPDONL006308
OG0003767	GWHPDONJ006012	GWHPDONL005424
OG0003768	GWHPDONJ006014	GWHPDONL012015
OG0003769	GWHPDONJ006015	GWHPDONL005419
OG0003770	GWHPDONJ006017	GWHPDONL005437
OG0003771	GWHPDONJ006018	GWHPDONL009173
OG0003772	GWHPDONJ006020, GWHPDONJ006021	
OG0003773	GWHPDONJ006022	GWHPDONL011940
OG0003774	GWHPDONJ006026	GWHPDONL010557
OG0003775	GWHPDONJ006027	GWHPDONL011456
OG0003776	GWHPDONJ006030	GWHPDONL000137
OG0003777	GWHPDONJ006032	GWHPDONL003702
OG0003778	GWHPDONJ006033	GWHPDONL003921
OG0003779	GWHPDONJ006035	GWHPDONL003585
OG0003780	GWHPDONJ006038	GWHPDONL003061
OG0003781	GWHPDONJ006039	GWHPDONL004440
OG0003782	GWHPDONJ006041, GWHPDONJ006044	
OG0003783	GWHPDONJ006042	GWHPDONL013167
OG0003784	GWHPDONJ006045	GWHPDONL007002
OG0003785	GWHPDONJ006046	GWHPDONL005416
OG0003786	GWHPDONJ006047	GWHPDONL009165
OG0003787	GWHPDONJ006049	GWHPDONL005681
OG0003788	GWHPDONJ006050	GWHPDONL012245
OG0003789	GWHPDONJ006054	GWHPDONL009660
OG0003790	GWHPDONJ006055	GWHPDONL010432
OG0003791	GWHPDONJ006059	GWHPDONL009956
OG0003792	GWHPDONJ006062	GWHPDONL011030
OG0003793	GWHPDONJ006063, GWHPDONJ006064	
OG0003794	GWHPDONJ006080	GWHPDONL004449
OG0003795	GWHPDONJ006081	GWHPDONL012410
OG0003796	GWHPDONJ006082	GWHPDONL010371
OG0003797	GWHPDONJ006086	GWHPDONL013831
OG0003798	GWHPDONJ006087	GWHPDONL001406
OG0003799	GWHPDONJ006089	GWHPDONL003512
OG0003800	GWHPDONJ006091	GWHPDONL003507
OG0003801	GWHPDONJ006093	GWHPDONL003508
OG0003802	GWHPDONJ006094	GWHPDONL009838
OG0003803	GWHPDONJ006095	GWHPDONL007168
OG0003804	GWHPDONJ006101	GWHPDONL002717
OG0003805	GWHPDONJ006103	GWHPDONL002708
OG0003806	GWHPDONJ006106	GWHPDONL002697
OG0003807	GWHPDONJ006110	GWHPDONL009678
OG0003808	GWHPDONJ006114	GWHPDONL005644
OG0003809	GWHPDONJ006119	GWHPDONL012327
OG0003810	GWHPDONJ006121	GWHPDONL004466
OG0003811	GWHPDONJ006123	GWHPDONL003532
OG0003812	GWHPDONJ006124	GWHPDONL013955
OG0003813	GWHPDONJ006126	GWHPDONL004471
OG0003814	GWHPDONJ006128	GWHPDONL011193
OG0003815	GWHPDONJ006129	GWHPDONL004090
OG0003816	GWHPDONJ006132	GWHPDONL013143
OG0003817	GWHPDONJ006133	GWHPDONL011559
OG0003818	GWHPDONJ006134	GWHPDONL005643
OG0003819	GWHPDONJ006139, GWHPDONJ006140	
OG0003820	GWHPDONJ006141	GWHPDONL008767
OG0003821	GWHPDONJ006143	GWHPDONL009589
OG0003822	GWHPDONJ006145	GWHPDONL009481
OG0003823	GWHPDONJ006146	GWHPDONL007929
OG0003824	GWHPDONJ006148	GWHPDONL010320
OG0003825	GWHPDONJ006152	GWHPDONL011153
OG0003826	GWHPDONJ006154	GWHPDONL004786
OG0003827	GWHPDONJ006156	GWHPDONL006085
OG0003828	GWHPDONJ006164	GWHPDONL005148
OG0003829	GWHPDONJ006166	GWHPDONL000613
OG0003830	GWHPDONJ006167	GWHPDONL011844
OG0003831	GWHPDONJ006168	GWHPDONL008248
OG0003832	GWHPDONJ006171	GWHPDONL006325
OG0003833	GWHPDONJ006175	GWHPDONL012905
OG0003834	GWHPDONJ006176	GWHPDONL001048
OG0003835	GWHPDONJ006177	GWHPDONL012898
OG0003836	GWHPDONJ006178	GWHPDONL004597
OG0003837	GWHPDONJ006179	GWHPDONL012813
OG0003838	GWHPDONJ006181	GWHPDONL012895
OG0003839	GWHPDONJ006183	GWHPDONL012893
OG0003840	GWHPDONJ006184	GWHPDONL012891
OG0003841	GWHPDONJ006186	GWHPDONL012884
OG0003842	GWHPDONJ006187	GWHPDONL012882
OG0003843	GWHPDONJ006188	GWHPDONL005959
OG0003844	GWHPDONJ006191	GWHPDONL000199
OG0003845	GWHPDONJ006192	GWHPDONL013713
OG0003846	GWHPDONJ006195	GWHPDONL013710
OG0003847	GWHPDONJ006196	GWHPDONL013709
OG0003848	GWHPDONJ006198	GWHPDONL000890
OG0003849	GWHPDONJ006200	GWHPDONL000891
OG0003850	GWHPDONJ006202	GWHPDONL000903
OG0003851	GWHPDONJ006207	GWHPDONL005099
OG0003852	GWHPDONJ006210	GWHPDONL008121
OG0003853	GWHPDONJ006214	GWHPDONL009046
OG0003854	GWHPDONJ006216	GWHPDONL001852
OG0003855	GWHPDONJ006217	GWHPDONL001845
OG0003856	GWHPDONJ006219	GWHPDONL005572
OG0003857	GWHPDONJ006220	GWHPDONL005574
OG0003858	GWHPDONJ006223	GWHPDONL000598
OG0003859	GWHPDONJ006224	GWHPDONL004498
OG0003860	GWHPDONJ006225	GWHPDONL004499
OG0003861	GWHPDONJ006229	GWHPDONL012976
OG0003862	GWHPDONJ006230	GWHPDONL012974
OG0003863	GWHPDONJ006231	GWHPDONL002937
OG0003864	GWHPDONJ006232	GWHPDONL011684
OG0003865	GWHPDONJ006235	GWHPDONL001063
OG0003866	GWHPDONJ006237	GWHPDONL012235
OG0003867	GWHPDONJ006239	GWHPDONL008719
OG0003868	GWHPDONJ006240	GWHPDONL003159
OG0003869	GWHPDONJ006241	GWHPDONL013801
OG0003870	GWHPDONJ006244	GWHPDONL010324
OG0003871	GWHPDONJ006254	GWHPDONL001821
OG0003872	GWHPDONJ006258	GWHPDONL000174
OG0003873	GWHPDONJ006259	GWHPDONL010163
OG0003874	GWHPDONJ006260	GWHPDONL000177
OG0003875	GWHPDONJ006266	GWHPDONL000485
OG0003876	GWHPDONJ006267	GWHPDONL007779
OG0003877	GWHPDONJ006268	GWHPDONL006213
OG0003878	GWHPDONJ006276	GWHPDONL012955
OG0003879	GWHPDONJ006279	GWHPDONL001423
OG0003880	GWHPDONJ006280	GWHPDONL013173
OG0003881	GWHPDONJ006284	GWHPDONL001436
OG0003882	GWHPDONJ006287	GWHPDONL003951
OG0003883	GWHPDONJ006289	GWHPDONL003961
OG0003884	GWHPDONJ006290	GWHPDONL003963
OG0003885	GWHPDONJ006293	GWHPDONL003126
OG0003886	GWHPDONJ006294	GWHPDONL002554
OG0003887	GWHPDONJ006295	GWHPDONL002548
OG0003888	GWHPDONJ006297	GWHPDONL004438
OG0003889	GWHPDONJ006299	GWHPDONL002652
OG0003890	GWHPDONJ006301	GWHPDONL002650
OG0003891	GWHPDONJ006302	GWHPDONL002649
OG0003892	GWHPDONJ006304	GWHPDONL011499
OG0003893	GWHPDONJ006305	GWHPDONL002643
OG0003894	GWHPDONJ006308	GWHPDONL004380
OG0003895	GWHPDONJ006311	GWHPDONL006950
OG0003896	GWHPDONJ006312	GWHPDONL006967
OG0003897	GWHPDONJ006315	GWHPDONL012251
OG0003898	GWHPDONJ006317	GWHPDONL000206
OG0003899	GWHPDONJ006318	GWHPDONL007654
OG0003900	GWHPDONJ006322	GWHPDONL014120
OG0003901	GWHPDONJ006326	GWHPDONL010712
OG0003902	GWHPDONJ006327	GWHPDONL013650
OG0003903	GWHPDONJ006328	GWHPDONL003655
OG0003904	GWHPDONJ006331	GWHPDONL010033
OG0003905	GWHPDONJ006332	GWHPDONL008742
OG0003906	GWHPDONJ006334	GWHPDONL008155
OG0003907	GWHPDONJ006335	GWHPDONL005189
OG0003908	GWHPDONJ006336	GWHPDONL006198
OG0003909	GWHPDONJ006337	GWHPDONL005050
OG0003910	GWHPDONJ006338	GWHPDONL010314
OG0003911	GWHPDONJ006339	GWHPDONL011349
OG0003912	GWHPDONJ006342	GWHPDONL005048
OG0003913	GWHPDONJ006343	GWHPDONL013897
OG0003914	GWHPDONJ006344	GWHPDONL006584
OG0003915	GWHPDONJ006345	GWHPDONL009030
OG0003916	GWHPDONJ006346	GWHPDONL008737
OG0003917	GWHPDONJ006347	GWHPDONL002485
OG0003918	GWHPDONJ006348	GWHPDONL010188
OG0003919	GWHPDONJ006353	GWHPDONL002785
OG0003920	GWHPDONJ006354	GWHPDONL012203
OG0003921	GWHPDONJ006355	GWHPDONL012719
OG0003922	GWHPDONJ006357	GWHPDONL013524
OG0003923	GWHPDONJ006360	GWHPDONL013053
OG0003924	GWHPDONJ006362	GWHPDONL002762
OG0003925	GWHPDONJ006367	GWHPDONL013400
OG0003926	GWHPDONJ006369	GWHPDONL000319
OG0003927	GWHPDONJ006371	GWHPDONL013516
OG0003928	GWHPDONJ006372	GWHPDONL001903
OG0003929	GWHPDONJ006373	GWHPDONL006024
OG0003930	GWHPDONJ006374	GWHPDONL010403
OG0003931	GWHPDONJ006375	GWHPDONL004596
OG0003932	GWHPDONJ006377	GWHPDONL005800
OG0003933	GWHPDONJ006378	GWHPDONL001915
OG0003934	GWHPDONJ006379	GWHPDONL004189
OG0003935	GWHPDONJ006380	GWHPDONL010769
OG0003936	GWHPDONJ006381	GWHPDONL004819
OG0003937	GWHPDONJ006384	GWHPDONL002125
OG0003938	GWHPDONJ006386	GWHPDONL004818
OG0003939	GWHPDONJ006387	GWHPDONL001906
OG0003940	GWHPDONJ006389	GWHPDONL012678
OG0003941	GWHPDONJ006390	GWHPDONL005541
OG0003942	GWHPDONJ006391	GWHPDONL007477
OG0003943	GWHPDONJ006392	GWHPDONL011373
OG0003944	GWHPDONJ006393	GWHPDONL011766
OG0003945	GWHPDONJ006395	GWHPDONL005022
OG0003946	GWHPDONJ006396	GWHPDONL013515
OG0003947	GWHPDONJ006397	GWHPDONL007199
OG0003948	GWHPDONJ006400	GWHPDONL010568
OG0003949	GWHPDONJ006401	GWHPDONL005682
OG0003950	GWHPDONJ006402	GWHPDONL005690
OG0003951	GWHPDONJ006404	GWHPDONL002120
OG0003952	GWHPDONJ006405	GWHPDONL002764
OG0003953	GWHPDONJ006408	GWHPDONL001910
OG0003954	GWHPDONJ006409	GWHPDONL009314
OG0003955	GWHPDONJ006410	GWHPDONL008880
OG0003956	GWHPDONJ006411	GWHPDONL004870
OG0003957	GWHPDONJ006412	GWHPDONL013525
OG0003958	GWHPDONJ006414	GWHPDONL001938
OG0003959	GWHPDONJ006420	GWHPDONL009527
OG0003960	GWHPDONJ006421	GWHPDONL011678
OG0003961	GWHPDONJ006422	GWHPDONL011600
OG0003962	GWHPDONJ006427	GWHPDONL001284
OG0003963	GWHPDONJ006428	GWHPDONL003693
OG0003964	GWHPDONJ006430	GWHPDONL004026
OG0003965	GWHPDONJ006432	GWHPDONL006716
OG0003966	GWHPDONJ006433	GWHPDONL004297
OG0003967	GWHPDONJ006435	GWHPDONL012764
OG0003968	GWHPDONJ006439	GWHPDONL000581
OG0003969	GWHPDONJ006440	GWHPDONL005600
OG0003970	GWHPDONJ006442	GWHPDONL012291
OG0003971	GWHPDONJ006451	GWHPDONL009752
OG0003972	GWHPDONJ006455	GWHPDONL003825
OG0003973	GWHPDONJ006456	GWHPDONL003817
OG0003974	GWHPDONJ006457	GWHPDONL003816
OG0003975	GWHPDONJ006460	GWHPDONL010689
OG0003976	GWHPDONJ006461	GWHPDONL011190
OG0003977	GWHPDONJ006463	GWHPDONL001329
OG0003978	GWHPDONJ006464	GWHPDONL005846
OG0003979	GWHPDONJ006465	GWHPDONL001332
OG0003980	GWHPDONJ006470	GWHPDONL011638
OG0003981	GWHPDONJ006473	GWHPDONL012656
OG0003982	GWHPDONJ006474	GWHPDONL012655
OG0003983	GWHPDONJ006476	GWHPDONL012653
OG0003984	GWHPDONJ006479	GWHPDONL012645
OG0003985	GWHPDONJ006483	GWHPDONL007623
OG0003986	GWHPDONJ006484	GWHPDONL001580
OG0003987	GWHPDONJ006487	GWHPDONL006420
OG0003988	GWHPDONJ006489	GWHPDONL006423
OG0003989	GWHPDONJ006491	GWHPDONL006426
OG0003990	GWHPDONJ006492	GWHPDONL006431
OG0003991	GWHPDONJ006493	GWHPDONL012996
OG0003992	GWHPDONJ006495	GWHPDONL002497
OG0003993	GWHPDONJ006496	GWHPDONL003205
OG0003994	GWHPDONJ006497	GWHPDONL001094
OG0003995	GWHPDONJ006501	GWHPDONL001103
OG0003996	GWHPDONJ006502	GWHPDONL001111
OG0003997	GWHPDONJ006503	GWHPDONL001138
OG0003998	GWHPDONJ006504	GWHPDONL001131
OG0003999	GWHPDONJ006511	GWHPDONL013591
OG0004000	GWHPDONJ006513	GWHPDONL005888
OG0004001	GWHPDONJ006514	GWHPDONL005400
OG0004002	GWHPDONJ006515, GWHPDONJ007802	
OG0004003	GWHPDONJ006517	GWHPDONL010772
OG0004004	GWHPDONJ006518	GWHPDONL003206
OG0004005	GWHPDONJ006519	GWHPDONL007345
OG0004006	GWHPDONJ006520	GWHPDONL003207
OG0004007	GWHPDONJ006522	GWHPDONL001751
OG0004008	GWHPDONJ006524	GWHPDONL003221
OG0004009	GWHPDONJ006527	GWHPDONL010663
OG0004010	GWHPDONJ006532	GWHPDONL003219
OG0004011	GWHPDONJ006533	GWHPDONL003220
OG0004012	GWHPDONJ006535	GWHPDONL010734
OG0004013	GWHPDONJ006536	GWHPDONL007333
OG0004014	GWHPDONJ006537	GWHPDONL006791
OG0004015	GWHPDONJ006539	GWHPDONL005069
OG0004016	GWHPDONJ006540	GWHPDONL005071
OG0004017	GWHPDONJ006541	GWHPDONL012081
OG0004018	GWHPDONJ006546	GWHPDONL006667
OG0004019	GWHPDONJ006551	GWHPDONL002680
OG0004020	GWHPDONJ006552	GWHPDONL003774
OG0004021	GWHPDONJ006558	GWHPDONL004757
OG0004022	GWHPDONJ006559	GWHPDONL006352
OG0004023	GWHPDONJ006560	GWHPDONL007777
OG0004024	GWHPDONJ006561	GWHPDONL001233
OG0004025	GWHPDONJ006565	GWHPDONL000629
OG0004026	GWHPDONJ006566	GWHPDONL000866
OG0004027	GWHPDONJ006567	GWHPDONL011734
OG0004028	GWHPDONJ006569	GWHPDONL008780
OG0004029	GWHPDONJ006570	GWHPDONL001886
OG0004030	GWHPDONJ006571	GWHPDONL000824
OG0004031	GWHPDONJ006572	GWHPDONL007247
OG0004032	GWHPDONJ006573, GWHPDONJ009744	
OG0004033	GWHPDONJ006577	GWHPDONL003828
OG0004034	GWHPDONJ006578	GWHPDONL008081
OG0004035	GWHPDONJ006579	GWHPDONL003830
OG0004036	GWHPDONJ006580	GWHPDONL000186
OG0004037	GWHPDONJ006581	GWHPDONL005441
OG0004038	GWHPDONJ006588	GWHPDONL010793
OG0004039	GWHPDONJ006592	GWHPDONL009612
OG0004040	GWHPDONJ006593	GWHPDONL007445
OG0004041	GWHPDONJ006594	GWHPDONL008346
OG0004042	GWHPDONJ006596	GWHPDONL010710
OG0004043	GWHPDONJ006600	GWHPDONL003540
OG0004044	GWHPDONJ006601	GWHPDONL003059
OG0004045	GWHPDONJ006604	GWHPDONL007468
OG0004046	GWHPDONJ006606	GWHPDONL004939
OG0004047	GWHPDONJ006607	GWHPDONL004482
OG0004048	GWHPDONJ006609	GWHPDONL011810
OG0004049	GWHPDONJ006610	GWHPDONL011735
OG0004050	GWHPDONJ006611	GWHPDONL011736
OG0004051	GWHPDONJ006612	GWHPDONL001721
OG0004052	GWHPDONJ006613	GWHPDONL007636
OG0004053	GWHPDONJ006614	GWHPDONL010578
OG0004054	GWHPDONJ006615	GWHPDONL013706
OG0004055	GWHPDONJ006617	GWHPDONL001568
OG0004056	GWHPDONJ006618	GWHPDONL001891
OG0004057	GWHPDONJ006619	GWHPDONL003692
OG0004058	GWHPDONJ006620	GWHPDONL009690
OG0004059	GWHPDONJ006621	GWHPDONL009322
OG0004060	GWHPDONJ006623	GWHPDONL009003
OG0004061	GWHPDONJ006624	GWHPDONL006780
OG0004062	GWHPDONJ006626	GWHPDONL005608
OG0004063	GWHPDONJ006627	GWHPDONL006530
OG0004064	GWHPDONJ006628	GWHPDONL006535
OG0004065	GWHPDONJ006629	GWHPDONL002128
OG0004066	GWHPDONJ006630	GWHPDONL013767
OG0004067	GWHPDONJ006631	GWHPDONL012222
OG0004068	GWHPDONJ006633	GWHPDONL013762
OG0004069	GWHPDONJ006635	GWHPDONL002469
OG0004070	GWHPDONJ006637	GWHPDONL009626
OG0004071	GWHPDONJ006638	GWHPDONL010305
OG0004072	GWHPDONJ006641	GWHPDONL010967
OG0004073	GWHPDONJ006643	GWHPDONL011613
OG0004074	GWHPDONJ006644	GWHPDONL009551
OG0004075	GWHPDONJ006645	GWHPDONL008866
OG0004076	GWHPDONJ006647	GWHPDONL008869
OG0004077	GWHPDONJ006648	GWHPDONL011716
OG0004078	GWHPDONJ006651	GWHPDONL007076
OG0004079	GWHPDONJ006657	GWHPDONL007641
OG0004080	GWHPDONJ006658	GWHPDONL007642
OG0004081	GWHPDONJ006659	GWHPDONL004741
OG0004082	GWHPDONJ006660	GWHPDONL007930
OG0004083	GWHPDONJ006661	GWHPDONL003242
OG0004084	GWHPDONJ006662	GWHPDONL003572
OG0004085	GWHPDONJ006663	GWHPDONL003189
OG0004086	GWHPDONJ006666	GWHPDONL005860
OG0004087	GWHPDONJ006667	GWHPDONL001991
OG0004088	GWHPDONJ006669	GWHPDONL003442
OG0004089	GWHPDONJ006676	GWHPDONL001554
OG0004090	GWHPDONJ006680	GWHPDONL000426
OG0004091	GWHPDONJ006685	GWHPDONL007691
OG0004092	GWHPDONJ006686	GWHPDONL007692
OG0004093	GWHPDONJ006688	GWHPDONL008069
OG0004094	GWHPDONJ006689	GWHPDONL009229
OG0004095	GWHPDONJ006691	GWHPDONL007469
OG0004096	GWHPDONJ006697	GWHPDONL010190
OG0004097	GWHPDONJ006698	GWHPDONL010140
OG0004098	GWHPDONJ006699	GWHPDONL009955
OG0004099	GWHPDONJ006702	GWHPDONL012608
OG0004100	GWHPDONJ006703	GWHPDONL000663
OG0004101	GWHPDONJ006705	GWHPDONL004051
OG0004102	GWHPDONJ006706	GWHPDONL006342
OG0004103	GWHPDONJ006707	GWHPDONL001592
OG0004104	GWHPDONJ006710	GWHPDONL008876
OG0004105	GWHPDONJ006711	GWHPDONL006267
OG0004106	GWHPDONJ006712	GWHPDONL012087
OG0004107	GWHPDONJ006713	GWHPDONL009468
OG0004108	GWHPDONJ006716	GWHPDONL003910
OG0004109	GWHPDONJ006726	GWHPDONL008744
OG0004110	GWHPDONJ006735	GWHPDONL011287
OG0004111	GWHPDONJ006737	GWHPDONL009004
OG0004112	GWHPDONJ006739	GWHPDONL012913
OG0004113	GWHPDONJ006740	GWHPDONL008918
OG0004114	GWHPDONJ006742	GWHPDONL007862
OG0004115	GWHPDONJ006743	GWHPDONL006429
OG0004116	GWHPDONJ006744	GWHPDONL008085
OG0004117	GWHPDONJ006745	GWHPDONL008315
OG0004118	GWHPDONJ006747	GWHPDONL007381
OG0004119	GWHPDONJ006751	GWHPDONL009880
OG0004120	GWHPDONJ006752	GWHPDONL002432
OG0004121	GWHPDONJ006753	GWHPDONL005247
OG0004122	GWHPDONJ006755	GWHPDONL013342
OG0004123	GWHPDONJ006756	GWHPDONL000249
OG0004124	GWHPDONJ006760	GWHPDONL003695
OG0004125	GWHPDONJ006762	GWHPDONL007365
OG0004126	GWHPDONJ006765	GWHPDONL007161
OG0004127	GWHPDONJ006766	GWHPDONL004576
OG0004128	GWHPDONJ006767	GWHPDONL008473
OG0004129	GWHPDONJ006768	GWHPDONL008743
OG0004130	GWHPDONJ006769	GWHPDONL007392
OG0004131	GWHPDONJ006773	GWHPDONL004388
OG0004132	GWHPDONJ006775	GWHPDONL004387
OG0004133	GWHPDONJ006776	GWHPDONL004752
OG0004134	GWHPDONJ006778	GWHPDONL009142
OG0004135	GWHPDONJ006779	GWHPDONL007379
OG0004136	GWHPDONJ006780	GWHPDONL005825
OG0004137	GWHPDONJ006781, GWHPDONJ006782	
OG0004138	GWHPDONJ006784	GWHPDONL007673
OG0004139	GWHPDONJ006789	GWHPDONL011758
OG0004140	GWHPDONJ006792	GWHPDONL000204
OG0004141	GWHPDONJ006794	GWHPDONL007399
OG0004142	GWHPDONJ006796	GWHPDONL012944
OG0004143	GWHPDONJ006798	GWHPDONL000808
OG0004144	GWHPDONJ006799	GWHPDONL000810
OG0004145	GWHPDONJ006800	GWHPDONL006924
OG0004146	GWHPDONJ006801	GWHPDONL006925
OG0004147	GWHPDONJ006802	GWHPDONL006926
OG0004148	GWHPDONJ006804	GWHPDONL005254
OG0004149	GWHPDONJ006805	GWHPDONL005253
OG0004150	GWHPDONJ006806	GWHPDONL005249
OG0004151	GWHPDONJ006807	GWHPDONL002995
OG0004152	GWHPDONJ006809	GWHPDONL004227
OG0004153	GWHPDONJ006810	GWHPDONL005243
OG0004154	GWHPDONJ006811	GWHPDONL005239
OG0004155	GWHPDONJ006812	GWHPDONL005238
OG0004156	GWHPDONJ006828	GWHPDONL013038
OG0004157	GWHPDONJ006829	GWHPDONL013037
OG0004158	GWHPDONJ006830, GWHPDONJ006831	
OG0004159	GWHPDONJ006832	GWHPDONL002719
OG0004160	GWHPDONJ006833	GWHPDONL013035
OG0004161	GWHPDONJ006836	GWHPDONL000789
OG0004162	GWHPDONJ006838	GWHPDONL000855
OG0004163	GWHPDONJ006839	GWHPDONL000854
OG0004164	GWHPDONJ006841	GWHPDONL013980
OG0004165	GWHPDONJ006843	GWHPDONL000852
OG0004166	GWHPDONJ006846	GWHPDONL010060
OG0004167	GWHPDONJ006847	GWHPDONL000842
OG0004168	GWHPDONJ006850	GWHPDONL000944
OG0004169	GWHPDONJ006852	GWHPDONL000838
OG0004170	GWHPDONJ006857	GWHPDONL000820
OG0004171	GWHPDONJ006859	GWHPDONL001274
OG0004172	GWHPDONJ006863	GWHPDONL007039
OG0004173	GWHPDONJ006864	GWHPDONL009508
OG0004174	GWHPDONJ006865	GWHPDONL001055
OG0004175	GWHPDONJ006867	GWHPDONL007131
OG0004176	GWHPDONJ006868	GWHPDONL001268
OG0004177	GWHPDONJ006872	GWHPDONL012238
OG0004178	GWHPDONJ006878	GWHPDONL001262
OG0004179	GWHPDONJ006880	GWHPDONL011574
OG0004180	GWHPDONJ006882	GWHPDONL001258
OG0004181	GWHPDONJ006883	GWHPDONL001257
OG0004182	GWHPDONJ006886	GWHPDONL012503
OG0004183	GWHPDONJ006890	GWHPDONL005128
OG0004184	GWHPDONJ006892	GWHPDONL000526
OG0004185	GWHPDONJ006893	GWHPDONL005129
OG0004186	GWHPDONJ006896	GWHPDONL009480
OG0004187	GWHPDONJ006897	GWHPDONL005133
OG0004188	GWHPDONJ006900	GWHPDONL005137
OG0004189	GWHPDONJ006901	GWHPDONL005135
OG0004190	GWHPDONJ006903	GWHPDONL007148
OG0004191	GWHPDONJ006908	GWHPDONL007141
OG0004192	GWHPDONJ006912	GWHPDONL007135
OG0004193	GWHPDONJ006918	GWHPDONL005282
OG0004194	GWHPDONJ006920	GWHPDONL005276
OG0004195	GWHPDONJ006923	GWHPDONL007851
OG0004196	GWHPDONJ006924	GWHPDONL007847
OG0004197	GWHPDONJ006927	GWHPDONL012718
OG0004198	GWHPDONJ006928	GWHPDONL007841
OG0004199	GWHPDONJ006931	GWHPDONL011310
OG0004200	GWHPDONJ006933	GWHPDONL009438
OG0004201	GWHPDONJ006934	GWHPDONL001636
OG0004202	GWHPDONJ006935	GWHPDONL001997
OG0004203	GWHPDONJ006937, GWHPDONJ007270	
OG0004204	GWHPDONJ006938	GWHPDONL007824
OG0004205	GWHPDONJ006939	GWHPDONL002407
OG0004206	GWHPDONJ006941	GWHPDONL007833
OG0004207	GWHPDONJ006943	GWHPDONL012727
OG0004208	GWHPDONJ006944	GWHPDONL007837
OG0004209	GWHPDONJ006945	GWHPDONL012023
OG0004210	GWHPDONJ006946	GWHPDONL012297
OG0004211	GWHPDONJ006948	GWHPDONL009284
OG0004212	GWHPDONJ006951	GWHPDONL003443
OG0004213	GWHPDONJ006954	GWHPDONL002413
OG0004214	GWHPDONJ006955	GWHPDONL007434
OG0004215	GWHPDONJ006956	GWHPDONL004949
OG0004216	GWHPDONJ006958	GWHPDONL005830
OG0004217	GWHPDONJ006959	GWHPDONL004945
OG0004218	GWHPDONJ006960	GWHPDONL003432
OG0004219	GWHPDONJ006962	GWHPDONL007266
OG0004220	GWHPDONJ006963	GWHPDONL007259
OG0004221	GWHPDONJ006964	GWHPDONL013990
OG0004222	GWHPDONJ006965	GWHPDONL008094
OG0004223	GWHPDONJ006966	GWHPDONL007256
OG0004224	GWHPDONJ006970	GWHPDONL003202
OG0004225	GWHPDONJ006972	GWHPDONL003186
OG0004226	GWHPDONJ006975	GWHPDONL008498
OG0004227	GWHPDONJ006980	GWHPDONL001869
OG0004228	GWHPDONJ006984	GWHPDONL001749
OG0004229	GWHPDONJ006987	GWHPDONL003151
OG0004230	GWHPDONJ006993	GWHPDONL003139
OG0004231	GWHPDONJ006995	GWHPDONL009014
OG0004232	GWHPDONJ006998	GWHPDONL006851
OG0004233	GWHPDONJ007001	GWHPDONL003497
OG0004234	GWHPDONJ007002	GWHPDONL001961
OG0004235	GWHPDONJ007003	GWHPDONL004595
OG0004236	GWHPDONJ007004	GWHPDONL001963
OG0004237	GWHPDONJ007006	GWHPDONL001964
OG0004238	GWHPDONJ007007	GWHPDONL001968
OG0004239	GWHPDONJ007011	GWHPDONL010208
OG0004240	GWHPDONJ007013	GWHPDONL001989
OG0004241	GWHPDONJ007014	GWHPDONL008738
OG0004242	GWHPDONJ007016	GWHPDONL012527
OG0004243	GWHPDONJ007017	GWHPDONL000131
OG0004244	GWHPDONJ007020	GWHPDONL012220
OG0004245	GWHPDONJ007021	GWHPDONL012210
OG0004246	GWHPDONJ007022	GWHPDONL013887
OG0004247	GWHPDONJ007023	GWHPDONL008529
OG0004248	GWHPDONJ007026	GWHPDONL013881
OG0004249	GWHPDONJ007029	GWHPDONL011924
OG0004250	GWHPDONJ007030	GWHPDONL013869
OG0004251	GWHPDONJ007031	GWHPDONL013872
OG0004252	GWHPDONJ007034	GWHPDONL013865
OG0004253	GWHPDONJ007035	GWHPDONL005487
OG0004254	GWHPDONJ007037	GWHPDONL013860
OG0004255	GWHPDONJ007038	GWHPDONL008336
OG0004256	GWHPDONJ007041	GWHPDONL001499
OG0004257	GWHPDONJ007043	GWHPDONL012146
OG0004258	GWHPDONJ007045	GWHPDONL012150
OG0004259	GWHPDONJ007047	GWHPDONL012155
OG0004260	GWHPDONJ007050	GWHPDONL012164
OG0004261	GWHPDONJ007053	GWHPDONL011094
OG0004262	GWHPDONJ007055	GWHPDONL012035
OG0004263	GWHPDONJ007060	GWHPDONL007309
OG0004264	GWHPDONJ007063	GWHPDONL012027
OG0004265	GWHPDONJ007064	GWHPDONL009289
OG0004266	GWHPDONJ007067	GWHPDONL009297
OG0004267	GWHPDONJ007068	GWHPDONL009299
OG0004268	GWHPDONJ007071	GWHPDONL009300
OG0004269	GWHPDONJ007073	GWHPDONL007658
OG0004270	GWHPDONJ007074	GWHPDONL007652
OG0004271	GWHPDONJ007077	GWHPDONL005768
OG0004272	GWHPDONJ007078	GWHPDONL005764
OG0004273	GWHPDONJ007079	GWHPDONL005761
OG0004274	GWHPDONJ007080, GWHPDONJ007081	
OG0004275	GWHPDONJ007082	GWHPDONL002032
OG0004276	GWHPDONJ007089	GWHPDONL011502
OG0004277	GWHPDONJ007092	GWHPDONL003073
OG0004278	GWHPDONJ007094	GWHPDONL013045
OG0004279	GWHPDONJ007097	GWHPDONL000475
OG0004280	GWHPDONJ007098	GWHPDONL008308
OG0004281	GWHPDONJ007099	GWHPDONL008309
OG0004282	GWHPDONJ007100	GWHPDONL010666
OG0004283	GWHPDONJ007101	GWHPDONL010665
OG0004284	GWHPDONJ007103	GWHPDONL005742
OG0004285	GWHPDONJ007104	GWHPDONL009810
OG0004286	GWHPDONJ007108, GWHPDONJ008786	
OG0004287	GWHPDONJ007111	GWHPDONL001825
OG0004288	GWHPDONJ007112	GWHPDONL013892
OG0004289	GWHPDONJ007114	GWHPDONL014218
OG0004290	GWHPDONJ007118	GWHPDONL001583
OG0004291	GWHPDONJ007119	GWHPDONL008074
OG0004292	GWHPDONJ007120	GWHPDONL008073
OG0004293	GWHPDONJ007122	GWHPDONL008070
OG0004294	GWHPDONJ007123	GWHPDONL003879
OG0004295	GWHPDONJ007126	GWHPDONL000122
OG0004296	GWHPDONJ007127	GWHPDONL010137
OG0004297	GWHPDONJ007129	GWHPDONL007687
OG0004298	GWHPDONJ007130	GWHPDONL007689
OG0004299	GWHPDONJ007131	GWHPDONL005421
OG0004300	GWHPDONJ007134	GWHPDONL010195
OG0004301	GWHPDONJ007135	GWHPDONL006135
OG0004302	GWHPDONJ007143	GWHPDONL014163
OG0004303	GWHPDONJ007157	GWHPDONL014016
OG0004304	GWHPDONJ007159	GWHPDONL013988
OG0004305	GWHPDONJ007160	GWHPDONL013987
OG0004306	GWHPDONJ007168	GWHPDONL011054
OG0004307	GWHPDONJ007173	GWHPDONL004859
OG0004308	GWHPDONJ007178	GWHPDONL012961
OG0004309	GWHPDONJ007180	GWHPDONL013077
OG0004310	GWHPDONJ007181	GWHPDONL013079
OG0004311	GWHPDONJ007182	GWHPDONL013080
OG0004312	GWHPDONJ007183	GWHPDONL013081
OG0004313	GWHPDONJ007184	GWHPDONL011062
OG0004314	GWHPDONJ007186, GWHPDONJ008772	
OG0004315	GWHPDONJ007188	GWHPDONL007992
OG0004316	GWHPDONJ007191	GWHPDONL010310
OG0004317	GWHPDONJ007193	GWHPDONL009743
OG0004318	GWHPDONJ007195	GWHPDONL009608
OG0004319	GWHPDONJ007196	GWHPDONL000596
OG0004320	GWHPDONJ007200	GWHPDONL000385
OG0004321	GWHPDONJ007201	GWHPDONL005689
OG0004322	GWHPDONJ007202	GWHPDONL008740
OG0004323	GWHPDONJ007203	GWHPDONL005735
OG0004324	GWHPDONJ007205	GWHPDONL012808
OG0004325	GWHPDONJ007207	GWHPDONL011198
OG0004326	GWHPDONJ007211	GWHPDONL002778
OG0004327	GWHPDONJ007213	GWHPDONL010236
OG0004328	GWHPDONJ007214	GWHPDONL005019
OG0004329	GWHPDONJ007215	GWHPDONL005340
OG0004330	GWHPDONJ007219	GWHPDONL007217
OG0004331	GWHPDONJ007223	GWHPDONL000648
OG0004332	GWHPDONJ007224	GWHPDONL006015
OG0004333	GWHPDONJ007230	GWHPDONL007065
OG0004334	GWHPDONJ007233	GWHPDONL006678
OG0004335	GWHPDONJ007235	GWHPDONL000878
OG0004336	GWHPDONJ007236	GWHPDONL000885
OG0004337	GWHPDONJ007237	GWHPDONL009392
OG0004338	GWHPDONJ007240	GWHPDONL009394
OG0004339	GWHPDONJ007244	GWHPDONL007562
OG0004340	GWHPDONJ007245	GWHPDONL006680
OG0004341	GWHPDONJ007246	GWHPDONL006683
OG0004342	GWHPDONJ007247	GWHPDONL006765
OG0004343	GWHPDONJ007249	GWHPDONL002027
OG0004344	GWHPDONJ007251	GWHPDONL001742
OG0004345	GWHPDONJ007252	GWHPDONL001741
OG0004346	GWHPDONJ007253	GWHPDONL002077
OG0004347	GWHPDONJ007256	GWHPDONL002794
OG0004348	GWHPDONJ007258	GWHPDONL013403
OG0004349	GWHPDONJ007259	GWHPDONL001994
OG0004350	GWHPDONJ007261	GWHPDONL012289
OG0004351	GWHPDONJ007262	GWHPDONL004472
OG0004352	GWHPDONJ007263	GWHPDONL005876
OG0004353	GWHPDONJ007265	GWHPDONL001688
OG0004354	GWHPDONJ007267	GWHPDONL007566
OG0004355	GWHPDONJ007268	GWHPDONL005875
OG0004356	GWHPDONJ007272	GWHPDONL013265
OG0004357	GWHPDONJ007274	GWHPDONL005869
OG0004358	GWHPDONJ007275	GWHPDONL008801
OG0004359	GWHPDONJ007277	GWHPDONL013273
OG0004360	GWHPDONJ007282	GWHPDONL000401
OG0004361	GWHPDONJ007284	GWHPDONL001689
OG0004362	GWHPDONJ007288	GWHPDONL000392
OG0004363	GWHPDONJ007291	GWHPDONL006443
OG0004364	GWHPDONJ007292	GWHPDONL003874
OG0004365	GWHPDONJ007293	GWHPDONL006401
OG0004366	GWHPDONJ007296	GWHPDONL004109
OG0004367	GWHPDONJ007303	GWHPDONL010720
OG0004368	GWHPDONJ007307	GWHPDONL013647
OG0004369	GWHPDONJ007310	GWHPDONL013060
OG0004370	GWHPDONJ007317	GWHPDONL010397
OG0004371	GWHPDONJ007320	GWHPDONL002925
OG0004372	GWHPDONJ007322	GWHPDONL008123
OG0004373	GWHPDONJ007325	GWHPDONL001622
OG0004374	GWHPDONJ007327	GWHPDONL006805
OG0004375	GWHPDONJ007330	GWHPDONL007995
OG0004376	GWHPDONJ007339	GWHPDONL003699
OG0004377	GWHPDONJ007347	GWHPDONL012467
OG0004378	GWHPDONJ007348	GWHPDONL012464
OG0004379	GWHPDONJ007349	GWHPDONL006879
OG0004380	GWHPDONJ007350	GWHPDONL004589
OG0004381	GWHPDONJ007351	GWHPDONL007190
OG0004382	GWHPDONJ007352	GWHPDONL004737
OG0004383	GWHPDONJ007353	GWHPDONL005393
OG0004384	GWHPDONJ007354	GWHPDONL005813
OG0004385	GWHPDONJ007356	GWHPDONL011335
OG0004386	GWHPDONJ007357	GWHPDONL009166
OG0004387	GWHPDONJ007359	GWHPDONL003733
OG0004388	GWHPDONJ007361	GWHPDONL001828
OG0004389	GWHPDONJ007364	GWHPDONL004614
OG0004390	GWHPDONJ007367	GWHPDONL004779
OG0004391	GWHPDONJ007371	GWHPDONL001012
OG0004392	GWHPDONJ007373	GWHPDONL012002
OG0004393	GWHPDONJ007375	GWHPDONL009105
OG0004394	GWHPDONJ007376	GWHPDONL011570
OG0004395	GWHPDONJ007378	GWHPDONL012802
OG0004396	GWHPDONJ007380	GWHPDONL003554
OG0004397	GWHPDONJ007381	GWHPDONL013785
OG0004398	GWHPDONJ007384	GWHPDONL006641
OG0004399	GWHPDONJ007385	GWHPDONL011231
OG0004400	GWHPDONJ007386	GWHPDONL007538
OG0004401	GWHPDONJ007388	GWHPDONL003264
OG0004402	GWHPDONJ007390	GWHPDONL003274
OG0004403	GWHPDONJ007392	GWHPDONL003281
OG0004404	GWHPDONJ007393	GWHPDONL000358
OG0004405	GWHPDONJ007394	GWHPDONL005597
OG0004406	GWHPDONJ007396	GWHPDONL011619
OG0004407	GWHPDONJ007397	GWHPDONL003288
OG0004408	GWHPDONJ007400	GWHPDONL013804
OG0004409	GWHPDONJ007401	GWHPDONL006896
OG0004410	GWHPDONJ007403	GWHPDONL013428
OG0004411	GWHPDONJ007404	GWHPDONL002347
OG0004412	GWHPDONJ007407	GWHPDONL010046
OG0004413	GWHPDONJ007408	GWHPDONL002969
OG0004414	GWHPDONJ007410	GWHPDONL003317
OG0004415	GWHPDONJ007411	GWHPDONL002966
OG0004416	GWHPDONJ007413	GWHPDONL005156
OG0004417	GWHPDONJ007414	GWHPDONL005155
OG0004418	GWHPDONJ007419	GWHPDONL006245
OG0004419	GWHPDONJ007421	GWHPDONL013838
OG0004420	GWHPDONJ007423	GWHPDONL013834
OG0004421	GWHPDONJ007424	GWHPDONL013833
OG0004422	GWHPDONJ007426	GWHPDONL001076
OG0004423	GWHPDONJ007432	GWHPDONL001066
OG0004424	GWHPDONJ007433	GWHPDONL001058
OG0004425	GWHPDONJ007434	GWHPDONL001056
OG0004426	GWHPDONJ007435	GWHPDONL001053
OG0004427	GWHPDONJ007436	GWHPDONL001052
OG0004428	GWHPDONJ007437	GWHPDONL012276
OG0004429	GWHPDONJ007438	GWHPDONL003588
OG0004430	GWHPDONJ007440	GWHPDONL012268
OG0004431	GWHPDONJ007441	GWHPDONL012267
OG0004432	GWHPDONJ007443	GWHPDONL005941
OG0004433	GWHPDONJ007447	GWHPDONL001600
OG0004434	GWHPDONJ007448	GWHPDONL006076
OG0004435	GWHPDONJ007453	GWHPDONL004264
OG0004436	GWHPDONJ007458	GWHPDONL004293
OG0004437	GWHPDONJ007467	GWHPDONL009707
OG0004438	GWHPDONJ007469, GWHPDONJ008566	
OG0004439	GWHPDONJ007471	GWHPDONL008285
OG0004440	GWHPDONJ007473	GWHPDONL006391
OG0004441	GWHPDONJ007475	GWHPDONL007916
OG0004442	GWHPDONJ007477	GWHPDONL010528
OG0004443	GWHPDONJ007478	GWHPDONL007979
OG0004444	GWHPDONJ007479	GWHPDONL003650
OG0004445	GWHPDONJ007481	GWHPDONL006375
OG0004446	GWHPDONJ007482	GWHPDONL003842
OG0004447	GWHPDONJ007483	GWHPDONL007838
OG0004448	GWHPDONJ007487	GWHPDONL012520
OG0004449	GWHPDONJ007489	GWHPDONL002876
OG0004450	GWHPDONJ007491, GWHPDONJ007901	
OG0004451	GWHPDONJ007497	GWHPDONL006126
OG0004452	GWHPDONJ007501	GWHPDONL012700
OG0004453	GWHPDONJ007503	GWHPDONL012701
OG0004454	GWHPDONJ007506	GWHPDONL001157
OG0004455	GWHPDONJ007515	GWHPDONL007149
OG0004456	GWHPDONJ007517	GWHPDONL001435
OG0004457	GWHPDONJ007518	GWHPDONL007133
OG0004458	GWHPDONJ007520	GWHPDONL005413
OG0004459	GWHPDONJ007522	GWHPDONL011074
OG0004460	GWHPDONJ007525	GWHPDONL004827
OG0004461	GWHPDONJ007526	GWHPDONL009038
OG0004462	GWHPDONJ007527	GWHPDONL012506
OG0004463	GWHPDONJ007531	GWHPDONL003903
OG0004464	GWHPDONJ007534	GWHPDONL003896
OG0004465	GWHPDONJ007535	GWHPDONL001459
OG0004466	GWHPDONJ007536	GWHPDONL006618
OG0004467	GWHPDONJ007537	GWHPDONL006625
OG0004468	GWHPDONJ007540	GWHPDONL006635
OG0004469	GWHPDONJ007543	GWHPDONL013543
OG0004470	GWHPDONJ007544	GWHPDONL011225
OG0004471	GWHPDONJ007546	GWHPDONL000146
OG0004472	GWHPDONJ007548	GWHPDONL000147
OG0004473	GWHPDONJ007550	GWHPDONL012804
OG0004474	GWHPDONJ007552	GWHPDONL012809
OG0004475	GWHPDONJ007557	GWHPDONL011869
OG0004476	GWHPDONJ007558	GWHPDONL009215
OG0004477	GWHPDONJ007560	GWHPDONL008048
OG0004478	GWHPDONJ007562	GWHPDONL008050
OG0004479	GWHPDONJ007563	GWHPDONL004061
OG0004480	GWHPDONJ007564	GWHPDONL004060
OG0004481	GWHPDONJ007566	GWHPDONL002941
OG0004482	GWHPDONJ007568	GWHPDONL003167
OG0004483	GWHPDONJ007571	GWHPDONL003163
OG0004484	GWHPDONJ007573	GWHPDONL012499
OG0004485	GWHPDONJ007574	GWHPDONL012497
OG0004486	GWHPDONJ007576	GWHPDONL003652
OG0004487	GWHPDONJ007580	GWHPDONL009809
OG0004488	GWHPDONJ007581	GWHPDONL001160
OG0004489	GWHPDONJ007582	GWHPDONL001162
OG0004490	GWHPDONJ007583	GWHPDONL001164
OG0004491	GWHPDONJ007584	GWHPDONL001166
OG0004492	GWHPDONJ007585	GWHPDONL001165
OG0004493	GWHPDONJ007588	GWHPDONL011166
OG0004494	GWHPDONJ007589	GWHPDONL003936
OG0004495	GWHPDONJ007590	GWHPDONL011159
OG0004496	GWHPDONJ007591	GWHPDONL011164
OG0004497	GWHPDONJ007592	GWHPDONL011158
OG0004498	GWHPDONJ007593	GWHPDONL000412
OG0004499	GWHPDONJ007595	GWHPDONL004391
OG0004500	GWHPDONJ007596	GWHPDONL009048
OG0004501	GWHPDONJ007598	GWHPDONL010678
OG0004502	GWHPDONJ007600	GWHPDONL005889
OG0004503	GWHPDONJ007601	GWHPDONL013357
OG0004504	GWHPDONJ007602	GWHPDONL013352
OG0004505	GWHPDONJ007604	GWHPDONL011321
OG0004506	GWHPDONJ007608	GWHPDONL009749
OG0004507	GWHPDONJ007609	GWHPDONL004397
OG0004508	GWHPDONJ007612	GWHPDONL013052
OG0004509	GWHPDONJ007613	GWHPDONL010158
OG0004510	GWHPDONJ007615	GWHPDONL011489
OG0004511	GWHPDONJ007616	GWHPDONL004313
OG0004512	GWHPDONJ007628	GWHPDONL003382
OG0004513	GWHPDONJ007635, GWHPDONJ008673	
OG0004514	GWHPDONJ007638	GWHPDONL008407
OG0004515	GWHPDONJ007639	GWHPDONL013654
OG0004516	GWHPDONJ007645	GWHPDONL012145
OG0004517	GWHPDONJ007647	GWHPDONL013667
OG0004518	GWHPDONJ007648	GWHPDONL000038
OG0004519	GWHPDONJ007651	GWHPDONL011097
OG0004520	GWHPDONJ007652	GWHPDONL011093
OG0004521	GWHPDONJ007653	GWHPDONL011091
OG0004522	GWHPDONJ007654	GWHPDONL009813
OG0004523	GWHPDONJ007656	GWHPDONL003310
OG0004524	GWHPDONJ007657	GWHPDONL003300
OG0004525	GWHPDONJ007658	GWHPDONL007455
OG0004526	GWHPDONJ007663	GWHPDONL003212
OG0004527	GWHPDONJ007668, GWHPDONJ007670	
OG0004528	GWHPDONJ007669	GWHPDONL000277
OG0004529	GWHPDONJ007671	GWHPDONL008434
OG0004530	GWHPDONJ007676	GWHPDONL003217
OG0004531	GWHPDONJ007677	GWHPDONL000003
OG0004532	GWHPDONJ007679	GWHPDONL004389
OG0004533	GWHPDONJ007680	GWHPDONL008244
OG0004534	GWHPDONJ007682	GWHPDONL000234
OG0004535	GWHPDONJ007684	GWHPDONL004233
OG0004536	GWHPDONJ007685	GWHPDONL004007
OG0004537	GWHPDONJ007686	GWHPDONL002605
OG0004538	GWHPDONJ007687	GWHPDONL004002
OG0004539	GWHPDONJ007688	GWHPDONL004013
OG0004540	GWHPDONJ007689	GWHPDONL005420
OG0004541	GWHPDONJ007690	GWHPDONL004015
OG0004542	GWHPDONJ007691	GWHPDONL001912
OG0004543	GWHPDONJ007692	GWHPDONL004546
OG0004544	GWHPDONJ007694	GWHPDONL011484
OG0004545	GWHPDONJ007695	GWHPDONL010230
OG0004546	GWHPDONJ007696	GWHPDONL008969
OG0004547	GWHPDONJ007697	GWHPDONL000027
OG0004548	GWHPDONJ007699	GWHPDONL004586
OG0004549	GWHPDONJ007702	GWHPDONL002749
OG0004550	GWHPDONJ007704	GWHPDONL013777
OG0004551	GWHPDONJ007706	GWHPDONL002746
OG0004552	GWHPDONJ007707	GWHPDONL007318
OG0004553	GWHPDONJ007709	GWHPDONL008809
OG0004554	GWHPDONJ007710	GWHPDONL013034
OG0004555	GWHPDONJ007717	GWHPDONL006809
OG0004556	GWHPDONJ007719	GWHPDONL010525
OG0004557	GWHPDONJ007721	GWHPDONL008902
OG0004558	GWHPDONJ007722	GWHPDONL009510
OG0004559	GWHPDONJ007723	GWHPDONL008978
OG0004560	GWHPDONJ007726	GWHPDONL011643
OG0004561	GWHPDONJ007727	GWHPDONL009169
OG0004562	GWHPDONJ007728	GWHPDONL009161
OG0004563	GWHPDONJ007729	GWHPDONL010165
OG0004564	GWHPDONJ007730	GWHPDONL002473
OG0004565	GWHPDONJ007732	GWHPDONL008143
OG0004566	GWHPDONJ007735	GWHPDONL002480
OG0004567	GWHPDONJ007736	GWHPDONL000923
OG0004568	GWHPDONJ007739	GWHPDONL008821
OG0004569	GWHPDONJ007743	GWHPDONL010934
OG0004570	GWHPDONJ007747	GWHPDONL002478
OG0004571	GWHPDONJ007748	GWHPDONL004396
OG0004572	GWHPDONJ007750	GWHPDONL008212
OG0004573	GWHPDONJ007752	GWHPDONL004636
OG0004574	GWHPDONJ007753	GWHPDONL007460
OG0004575	GWHPDONJ007754	GWHPDONL005446
OG0004576	GWHPDONJ007757	GWHPDONL007011
OG0004577	GWHPDONJ007758	GWHPDONL008211
OG0004578	GWHPDONJ007759	GWHPDONL010821
OG0004579	GWHPDONJ007760	GWHPDONL000191
OG0004580	GWHPDONJ007761	GWHPDONL005042
OG0004581	GWHPDONJ007762	GWHPDONL002691
OG0004582	GWHPDONJ007764	GWHPDONL001318
OG0004583	GWHPDONJ007765	GWHPDONL009305
OG0004584	GWHPDONJ007766	GWHPDONL012003
OG0004585	GWHPDONJ007769	GWHPDONL007014
OG0004586	GWHPDONJ007770	GWHPDONL004780
OG0004587	GWHPDONJ007771	GWHPDONL004624
OG0004588	GWHPDONJ007775	GWHPDONL010423
OG0004589	GWHPDONJ007778	GWHPDONL004617
OG0004590	GWHPDONJ007780	GWHPDONL014241
OG0004591	GWHPDONJ007781	GWHPDONL007897
OG0004592	GWHPDONJ007782	GWHPDONL000705
OG0004593	GWHPDONJ007783	GWHPDONL001380
OG0004594	GWHPDONJ007784	GWHPDONL013178
OG0004595	GWHPDONJ007785	GWHPDONL013238
OG0004596	GWHPDONJ007786	GWHPDONL003574
OG0004597	GWHPDONJ007787	GWHPDONL013631
OG0004598	GWHPDONJ007794	GWHPDONL005548
OG0004599	GWHPDONJ007797	GWHPDONL012462
OG0004600	GWHPDONJ007798	GWHPDONL006606
OG0004601	GWHPDONJ007800	GWHPDONL013688
OG0004602	GWHPDONJ007803	GWHPDONL012470
OG0004603	GWHPDONJ007806	GWHPDONL012468
OG0004604	GWHPDONJ007809	GWHPDONL008109
OG0004605	GWHPDONJ007810	GWHPDONL001809
OG0004606	GWHPDONJ007812	GWHPDONL001803
OG0004607	GWHPDONJ007815	GWHPDONL001801
OG0004608	GWHPDONJ007816	GWHPDONL009506
OG0004609	GWHPDONJ007817	GWHPDONL002266
OG0004610	GWHPDONJ007818	GWHPDONL002264
OG0004611	GWHPDONJ007819	GWHPDONL013164
OG0004612	GWHPDONJ007820	GWHPDONL003118
OG0004613	GWHPDONJ007822	GWHPDONL001692
OG0004614	GWHPDONJ007826	GWHPDONL009259
OG0004615	GWHPDONJ007827	GWHPDONL009258
OG0004616	GWHPDONJ007828	GWHPDONL011601
OG0004617	GWHPDONJ007829	GWHPDONL000220
OG0004618	GWHPDONJ007830	GWHPDONL008099
OG0004619	GWHPDONJ007831	GWHPDONL008096
OG0004620	GWHPDONJ007832	GWHPDONL008093
OG0004621	GWHPDONJ007837	GWHPDONL004376
OG0004622	GWHPDONJ007840	GWHPDONL002696
OG0004623	GWHPDONJ007841	GWHPDONL010453
OG0004624	GWHPDONJ007842	GWHPDONL002702
OG0004625	GWHPDONJ007845	GWHPDONL012006
OG0004626	GWHPDONJ007848	GWHPDONL009597
OG0004627	GWHPDONJ007849	GWHPDONL009596
OG0004628	GWHPDONJ007851	GWHPDONL013128
OG0004629	GWHPDONJ007855	GWHPDONL010238
OG0004630	GWHPDONJ007856	GWHPDONL003446
OG0004631	GWHPDONJ007859	GWHPDONL005465
OG0004632	GWHPDONJ007860	GWHPDONL005464
OG0004633	GWHPDONJ007862	GWHPDONL003791
OG0004634	GWHPDONJ007863	GWHPDONL003788
OG0004635	GWHPDONJ007866	GWHPDONL003501
OG0004636	GWHPDONJ007869	GWHPDONL007700
OG0004637	GWHPDONJ007870	GWHPDONL006938
OG0004638	GWHPDONJ007871	GWHPDONL006941
OG0004639	GWHPDONJ007872	GWHPDONL014027
OG0004640	GWHPDONJ007874	GWHPDONL005748
OG0004641	GWHPDONJ007879	GWHPDONL002551
OG0004642	GWHPDONJ007883	GWHPDONL002780
OG0004643	GWHPDONJ007884	GWHPDONL002781
OG0004644	GWHPDONJ007885	GWHPDONL007828
OG0004645	GWHPDONJ007886	GWHPDONL005315
OG0004646	GWHPDONJ007899	GWHPDONL012992
OG0004647	GWHPDONJ007902	GWHPDONL012578
OG0004648	GWHPDONJ007903	GWHPDONL013007
OG0004649	GWHPDONJ007909	GWHPDONL013945
OG0004650	GWHPDONJ007910	GWHPDONL005747
OG0004651	GWHPDONJ007911, GWHPDONJ010596	
OG0004652	GWHPDONJ007912	GWHPDONL001516
OG0004653	GWHPDONJ007915	GWHPDONL005854
OG0004654	GWHPDONJ007916	GWHPDONL001100
OG0004655	GWHPDONJ007917	GWHPDONL007908
OG0004656	GWHPDONJ007919	GWHPDONL013857
OG0004657	GWHPDONJ007920	GWHPDONL012055
OG0004658	GWHPDONJ007921	GWHPDONL012399
OG0004659	GWHPDONJ007923	GWHPDONL013948
OG0004660	GWHPDONJ007924	GWHPDONL006138
OG0004661	GWHPDONJ007927	GWHPDONL003582
OG0004662	GWHPDONJ007928	GWHPDONL007254
OG0004663	GWHPDONJ007929	GWHPDONL004310
OG0004664	GWHPDONJ007930	GWHPDONL008350
OG0004665	GWHPDONJ007931	GWHPDONL007299
OG0004666	GWHPDONJ007932	GWHPDONL012417
OG0004667	GWHPDONJ007934	GWHPDONL013849
OG0004668	GWHPDONJ007937	GWHPDONL013212
OG0004669	GWHPDONJ007938	GWHPDONL012066
OG0004670	GWHPDONJ007940	GWHPDONL011184
OG0004671	GWHPDONJ007941	GWHPDONL012064
OG0004672	GWHPDONJ007942	GWHPDONL012065
OG0004673	GWHPDONJ007945	GWHPDONL012424
OG0004674	GWHPDONJ007946	GWHPDONL006353
OG0004675	GWHPDONJ007947	GWHPDONL000715
OG0004676	GWHPDONJ007950	GWHPDONL000259
OG0004677	GWHPDONJ007951	GWHPDONL009584
OG0004678	GWHPDONJ007952	GWHPDONL009789
OG0004679	GWHPDONJ007953	GWHPDONL009781
OG0004680	GWHPDONJ007955	GWHPDONL010278
OG0004681	GWHPDONJ007956	GWHPDONL000684
OG0004682	GWHPDONJ007966	GWHPDONL012930
OG0004683	GWHPDONJ007967	GWHPDONL014156
OG0004684	GWHPDONJ007968	GWHPDONL012926
OG0004685	GWHPDONJ007970	GWHPDONL006828
OG0004686	GWHPDONJ007972	GWHPDONL001907
OG0004687	GWHPDONJ007976	GWHPDONL008764
OG0004688	GWHPDONJ007977	GWHPDONL008766
OG0004689	GWHPDONJ007978	GWHPDONL008768
OG0004690	GWHPDONJ007981	GWHPDONL009586
OG0004691	GWHPDONJ007982	GWHPDONL004236
OG0004692	GWHPDONJ007984	GWHPDONL008414
OG0004693	GWHPDONJ007987	GWHPDONL004120
OG0004694	GWHPDONJ007988	GWHPDONL005571
OG0004695	GWHPDONJ007989	GWHPDONL010971
OG0004696	GWHPDONJ007995	GWHPDONL002249
OG0004697	GWHPDONJ007997	GWHPDONL012550
OG0004698	GWHPDONJ007998	GWHPDONL012547
OG0004699	GWHPDONJ008000	GWHPDONL002732
OG0004700	GWHPDONJ008001	GWHPDONL012552
OG0004701	GWHPDONJ008003	GWHPDONL001386
OG0004702	GWHPDONJ008005	GWHPDONL005905
OG0004703	GWHPDONJ008008, GWHPDONJ009222	
OG0004704	GWHPDONJ008013	GWHPDONL002727
OG0004705	GWHPDONJ008016	GWHPDONL000896
OG0004706	GWHPDONJ008017	GWHPDONL000893
OG0004707	GWHPDONJ008020	GWHPDONL012374
OG0004708	GWHPDONJ008023	GWHPDONL009960
OG0004709	GWHPDONJ008025	GWHPDONL009593
OG0004710	GWHPDONJ008026	GWHPDONL010375
OG0004711	GWHPDONJ008027	GWHPDONL000239
OG0004712	GWHPDONJ008028	GWHPDONL007739
OG0004713	GWHPDONJ008031	GWHPDONL007746
OG0004714	GWHPDONJ008033	GWHPDONL006522
OG0004715	GWHPDONJ008035	GWHPDONL003351
OG0004716	GWHPDONJ008040	GWHPDONL003091
OG0004717	GWHPDONJ008041	GWHPDONL000138
OG0004718	GWHPDONJ008042	GWHPDONL003218
OG0004719	GWHPDONJ008044	GWHPDONL010446
OG0004720	GWHPDONJ008045	GWHPDONL000139
OG0004721	GWHPDONJ008046	GWHPDONL001859
OG0004722	GWHPDONJ008047	GWHPDONL014091
OG0004723	GWHPDONJ008048	GWHPDONL008340
OG0004724	GWHPDONJ008050	GWHPDONL010513
OG0004725	GWHPDONJ008051	GWHPDONL012092
OG0004726	GWHPDONJ008055	GWHPDONL009699
OG0004727	GWHPDONJ008056	GWHPDONL011469
OG0004728	GWHPDONJ008060	GWHPDONL008947
OG0004729	GWHPDONJ008061	GWHPDONL005002
OG0004730	GWHPDONJ008064	GWHPDONL010757
OG0004731	GWHPDONJ008065	GWHPDONL005585
OG0004732	GWHPDONJ008067	GWHPDONL001656
OG0004733	GWHPDONJ008068	GWHPDONL004187
OG0004734	GWHPDONJ008069	GWHPDONL010716
OG0004735	GWHPDONJ008072	GWHPDONL002474
OG0004736	GWHPDONJ008073	GWHPDONL009218
OG0004737	GWHPDONJ008076	GWHPDONL009539
OG0004738	GWHPDONJ008077	GWHPDONL014023
OG0004739	GWHPDONJ008079	GWHPDONL011127
OG0004740	GWHPDONJ008080	GWHPDONL013645
OG0004741	GWHPDONJ008092	GWHPDONL000907
OG0004742	GWHPDONJ008095	GWHPDONL005553
OG0004743	GWHPDONJ008098	GWHPDONL000092
OG0004744	GWHPDONJ008099	GWHPDONL007187
OG0004745	GWHPDONJ008100	GWHPDONL007186
OG0004746	GWHPDONJ008102	GWHPDONL001335
OG0004747	GWHPDONJ008103	GWHPDONL012347
OG0004748	GWHPDONJ008104	GWHPDONL012348
OG0004749	GWHPDONJ008109	GWHPDONL010696
OG0004750	GWHPDONJ008110	GWHPDONL009765
OG0004751	GWHPDONJ008111	GWHPDONL005412
OG0004752	GWHPDONJ008114	GWHPDONL004451
OG0004753	GWHPDONJ008115	GWHPDONL009928
OG0004754	GWHPDONJ008116	GWHPDONL004450
OG0004755	GWHPDONJ008119	GWHPDONL010385
OG0004756	GWHPDONJ008120	GWHPDONL010381
OG0004757	GWHPDONJ008121	GWHPDONL010374
OG0004758	GWHPDONJ008122	GWHPDONL012110
OG0004759	GWHPDONJ008125	GWHPDONL000589
OG0004760	GWHPDONJ008128	GWHPDONL005083
OG0004761	GWHPDONJ008132	GWHPDONL011001
OG0004762	GWHPDONJ008133	GWHPDONL005084
OG0004763	GWHPDONJ008135	GWHPDONL010424
OG0004764	GWHPDONJ008136	GWHPDONL011568
OG0004765	GWHPDONJ008139	GWHPDONL002944
OG0004766	GWHPDONJ008142	GWHPDONL002715
OG0004767	GWHPDONJ008143	GWHPDONL002716
OG0004768	GWHPDONJ008145	GWHPDONL009495
OG0004769	GWHPDONJ008146	GWHPDONL003499
OG0004770	GWHPDONJ008147	GWHPDONL003500
OG0004771	GWHPDONJ008149	GWHPDONL006018
OG0004772	GWHPDONJ008151	GWHPDONL009503
OG0004773	GWHPDONJ008153	GWHPDONL011063
OG0004774	GWHPDONJ008154	GWHPDONL008875
OG0004775	GWHPDONJ008156	GWHPDONL010921
OG0004776	GWHPDONJ008157	GWHPDONL002000
OG0004777	GWHPDONJ008159	GWHPDONL010615
OG0004778	GWHPDONJ008161	GWHPDONL002068
OG0004779	GWHPDONJ008162	GWHPDONL002074
OG0004780	GWHPDONJ008163	GWHPDONL002075
OG0004781	GWHPDONJ008164	GWHPDONL002076
OG0004782	GWHPDONJ008166	GWHPDONL010569
OG0004783	GWHPDONJ008170	GWHPDONL005515
OG0004784	GWHPDONJ008172	GWHPDONL003504
OG0004785	GWHPDONJ008174	GWHPDONL009447
OG0004786	GWHPDONJ008175	GWHPDONL009164
OG0004787	GWHPDONJ008178	GWHPDONL007062
OG0004788	GWHPDONJ008181	GWHPDONL000513
OG0004789	GWHPDONJ008185	GWHPDONL007007
OG0004790	GWHPDONJ008187	GWHPDONL005320
OG0004791	GWHPDONJ008188	GWHPDONL005325
OG0004792	GWHPDONJ008189	GWHPDONL005332
OG0004793	GWHPDONJ008190	GWHPDONL012793
OG0004794	GWHPDONJ008195	GWHPDONL008708
OG0004795	GWHPDONJ008197	GWHPDONL011103
OG0004796	GWHPDONJ008198	GWHPDONL011101
OG0004797	GWHPDONJ008203	GWHPDONL012794
OG0004798	GWHPDONJ008204	GWHPDONL012796
OG0004799	GWHPDONJ008208	GWHPDONL000937
OG0004800	GWHPDONJ008211	GWHPDONL000924
OG0004801	GWHPDONJ008212	GWHPDONL000913
OG0004802	GWHPDONJ008213	GWHPDONL000915
OG0004803	GWHPDONJ008218	GWHPDONL003453
OG0004804	GWHPDONJ008219	GWHPDONL002512
OG0004805	GWHPDONJ008220	GWHPDONL003460
OG0004806	GWHPDONJ008223	GWHPDONL006493
OG0004807	GWHPDONJ008224	GWHPDONL010526
OG0004808	GWHPDONJ008225	GWHPDONL009869
OG0004809	GWHPDONJ008226	GWHPDONL006292
OG0004810	GWHPDONJ008228	GWHPDONL006293
OG0004811	GWHPDONJ008230	GWHPDONL006296
OG0004812	GWHPDONJ008232	GWHPDONL010185
OG0004813	GWHPDONJ008233	GWHPDONL008313
OG0004814	GWHPDONJ008234	GWHPDONL006299
OG0004815	GWHPDONJ008236	GWHPDONL010341
OG0004816	GWHPDONJ008238	GWHPDONL013551
OG0004817	GWHPDONJ008242	GWHPDONL005233
OG0004818	GWHPDONJ008243	GWHPDONL012432
OG0004819	GWHPDONJ008247	GWHPDONL009758
OG0004820	GWHPDONJ008249	GWHPDONL009347
OG0004821	GWHPDONJ008250	GWHPDONL003162
OG0004822	GWHPDONJ008253	GWHPDONL011323
OG0004823	GWHPDONJ008254	GWHPDONL006329
OG0004824	GWHPDONJ008256	GWHPDONL003478
OG0004825	GWHPDONJ008259	GWHPDONL007025
OG0004826	GWHPDONJ008261	GWHPDONL007863
OG0004827	GWHPDONJ008262	GWHPDONL007988
OG0004828	GWHPDONJ008264	GWHPDONL010296
OG0004829	GWHPDONJ008265	GWHPDONL013089
OG0004830	GWHPDONJ008267	GWHPDONL006991
OG0004831	GWHPDONJ008268	GWHPDONL013490
OG0004832	GWHPDONJ008269, GWHPDONJ010208	
OG0004833	GWHPDONJ008272	GWHPDONL001843
OG0004834	GWHPDONJ008275	GWHPDONL001850
OG0004835	GWHPDONJ008279	GWHPDONL006604
OG0004836	GWHPDONJ008281	GWHPDONL013309
OG0004837	GWHPDONJ008283	GWHPDONL003098
OG0004838	GWHPDONJ008286	GWHPDONL012509
OG0004839	GWHPDONJ008287	GWHPDONL012098
OG0004840	GWHPDONJ008291	GWHPDONL002399
OG0004841	GWHPDONJ008292	GWHPDONL012643
OG0004842	GWHPDONJ008293	GWHPDONL005667
OG0004843	GWHPDONJ008294	GWHPDONL005677
OG0004844	GWHPDONJ008298	GWHPDONL002206
OG0004845	GWHPDONJ008299	GWHPDONL005467
OG0004846	GWHPDONJ008302	GWHPDONL000315
OG0004847	GWHPDONJ008303	GWHPDONL009930
OG0004848	GWHPDONJ008305	GWHPDONL009766
OG0004849	GWHPDONJ008307	GWHPDONL009768
OG0004850	GWHPDONJ008309	GWHPDONL012340
OG0004851	GWHPDONJ008311	GWHPDONL012325
OG0004852	GWHPDONJ008313	GWHPDONL012319
OG0004853	GWHPDONJ008314	GWHPDONL012316
OG0004854	GWHPDONJ008316	GWHPDONL012313
OG0004855	GWHPDONJ008319	GWHPDONL009254
OG0004856	GWHPDONJ008320	GWHPDONL006474
OG0004857	GWHPDONJ008321	GWHPDONL007522
OG0004858	GWHPDONJ008325	GWHPDONL000189
OG0004859	GWHPDONJ008326	GWHPDONL013933
OG0004860	GWHPDONJ008330	GWHPDONL006032
OG0004861	GWHPDONJ008331	GWHPDONL003378
OG0004862	GWHPDONJ008332	GWHPDONL003377
OG0004863	GWHPDONJ008333	GWHPDONL003108
OG0004864	GWHPDONJ008334	GWHPDONL012121
OG0004865	GWHPDONJ008335	GWHPDONL012122
OG0004866	GWHPDONJ008336	GWHPDONL003291
OG0004867	GWHPDONJ008337	GWHPDONL005563
OG0004868	GWHPDONJ008338	GWHPDONL003383
OG0004869	GWHPDONJ008340	GWHPDONL007278
OG0004870	GWHPDONJ008342	GWHPDONL001879
OG0004871	GWHPDONJ008344	GWHPDONL003182
OG0004872	GWHPDONJ008345	GWHPDONL003561
OG0004873	GWHPDONJ008346	GWHPDONL003556
OG0004874	GWHPDONJ008347	GWHPDONL003183
OG0004875	GWHPDONJ008349	GWHPDONL003199
OG0004876	GWHPDONJ008350	GWHPDONL007245
OG0004877	GWHPDONJ008351	GWHPDONL003198
OG0004878	GWHPDONJ008352	GWHPDONL003194
OG0004879	GWHPDONJ008354	GWHPDONL003988
OG0004880	GWHPDONJ008357	GWHPDONL002240
OG0004881	GWHPDONJ008359	GWHPDONL001877
OG0004882	GWHPDONJ008362	GWHPDONL007257
OG0004883	GWHPDONJ008364	GWHPDONL007262
OG0004884	GWHPDONJ008365	GWHPDONL007263
OG0004885	GWHPDONJ008368	GWHPDONL007271
OG0004886	GWHPDONJ008369	GWHPDONL000829
OG0004887	GWHPDONJ008371	GWHPDONL007265
OG0004888	GWHPDONJ008372	GWHPDONL006519
OG0004889	GWHPDONJ008375	GWHPDONL007255
OG0004890	GWHPDONJ008377	GWHPDONL002424
OG0004891	GWHPDONJ008384, GWHPDONJ010573	
OG0004892	GWHPDONJ008387	GWHPDONL005591
OG0004893	GWHPDONJ008388	GWHPDONL007511
OG0004894	GWHPDONJ008390	GWHPDONL004122
OG0004895	GWHPDONJ008391, GWHPDONJ008392	
OG0004896	GWHPDONJ008397	GWHPDONL000692
OG0004897	GWHPDONJ008399	GWHPDONL000693
OG0004898	GWHPDONJ008407	GWHPDONL000688
OG0004899	GWHPDONJ008408	GWHPDONL000687
OG0004900	GWHPDONJ008410	GWHPDONL002059
OG0004901	GWHPDONJ008412	GWHPDONL002051
OG0004902	GWHPDONJ008415	GWHPDONL009663
OG0004903	GWHPDONJ008416	GWHPDONL005798
OG0004904	GWHPDONJ008417	GWHPDONL005793
OG0004905	GWHPDONJ008419	GWHPDONL013485
OG0004906	GWHPDONJ008422	GWHPDONL000674
OG0004907	GWHPDONJ008423	GWHPDONL000676
OG0004908	GWHPDONJ008425	GWHPDONL006424
OG0004909	GWHPDONJ008426	GWHPDONL012354
OG0004910	GWHPDONJ008427	GWHPDONL012357
OG0004911	GWHPDONJ008428	GWHPDONL005809
OG0004912	GWHPDONJ008429	GWHPDONL005803
OG0004913	GWHPDONJ008430	GWHPDONL001827
OG0004914	GWHPDONJ008432	GWHPDONL012836
OG0004915	GWHPDONJ008433	GWHPDONL002602
OG0004916	GWHPDONJ008434	GWHPDONL004999
OG0004917	GWHPDONJ008435	GWHPDONL001582
OG0004918	GWHPDONJ008437	GWHPDONL003232
OG0004919	GWHPDONJ008438	GWHPDONL002336
OG0004920	GWHPDONJ008439	GWHPDONL001373
OG0004921	GWHPDONJ008442	GWHPDONL005722
OG0004922	GWHPDONJ008445	GWHPDONL011514
OG0004923	GWHPDONJ008448	GWHPDONL011727
OG0004924	GWHPDONJ008451	GWHPDONL005311
OG0004925	GWHPDONJ008452	GWHPDONL007397
OG0004926	GWHPDONJ008453	GWHPDONL011835
OG0004927	GWHPDONJ008454	GWHPDONL008169
OG0004928	GWHPDONJ008455	GWHPDONL005302
OG0004929	GWHPDONJ008456	GWHPDONL007688
OG0004930	GWHPDONJ008457	GWHPDONL007570
OG0004931	GWHPDONJ008458	GWHPDONL009515
OG0004932	GWHPDONJ008460	GWHPDONL010267
OG0004933	GWHPDONJ008463	GWHPDONL005609
OG0004934	GWHPDONJ008464	GWHPDONL005611
OG0004935	GWHPDONJ008465	GWHPDONL005622
OG0004936	GWHPDONJ008468	GWHPDONL004209
OG0004937	GWHPDONJ008471	GWHPDONL004943
OG0004938	GWHPDONJ008475	GWHPDONL005947
OG0004939	GWHPDONJ008476	GWHPDONL005948
OG0004940	GWHPDONJ008477, GWHPDONJ008479	
OG0004941	GWHPDONJ008481	GWHPDONL009879
OG0004942	GWHPDONJ008483	GWHPDONL007034
OG0004943	GWHPDONJ008484	GWHPDONL010082
OG0004944	GWHPDONJ008485	GWHPDONL008383
OG0004945	GWHPDONJ008486	GWHPDONL008380
OG0004946	GWHPDONJ008487	GWHPDONL008379
OG0004947	GWHPDONJ008488	GWHPDONL008374
OG0004948	GWHPDONJ008489	GWHPDONL008373
OG0004949	GWHPDONJ008490	GWHPDONL013412
OG0004950	GWHPDONJ008491	GWHPDONL013308
OG0004951	GWHPDONJ008492	GWHPDONL013310
OG0004952	GWHPDONJ008495	GWHPDONL001544
OG0004953	GWHPDONJ008496	GWHPDONL001540
OG0004954	GWHPDONJ008500	GWHPDONL001214
OG0004955	GWHPDONJ008501	GWHPDONL001667
OG0004956	GWHPDONJ008502	GWHPDONL007505
OG0004957	GWHPDONJ008503	GWHPDONL000101
OG0004958	GWHPDONJ008504	GWHPDONL009222
OG0004959	GWHPDONJ008507	GWHPDONL003369
OG0004960	GWHPDONJ008511	GWHPDONL002045
OG0004961	GWHPDONJ008514	GWHPDONL010920
OG0004962	GWHPDONJ008517	GWHPDONL009221
OG0004963	GWHPDONJ008519	GWHPDONL001709
OG0004964	GWHPDONJ008520	GWHPDONL009076
OG0004965	GWHPDONJ008522	GWHPDONL009025
OG0004966	GWHPDONJ008523	GWHPDONL001690
OG0004967	GWHPDONJ008526	GWHPDONL004036
OG0004968	GWHPDONJ008531	GWHPDONL003678
OG0004969	GWHPDONJ008532	GWHPDONL003773
OG0004970	GWHPDONJ008533	GWHPDONL012774
OG0004971	GWHPDONJ008534	GWHPDONL012767
OG0004972	GWHPDONJ008536	GWHPDONL004081
OG0004973	GWHPDONJ008537	GWHPDONL001283
OG0004974	GWHPDONJ008538	GWHPDONL011910
OG0004975	GWHPDONJ008539	GWHPDONL001281
OG0004976	GWHPDONJ008540	GWHPDONL002442
OG0004977	GWHPDONJ008541	GWHPDONL012447
OG0004978	GWHPDONJ008542	GWHPDONL008798
OG0004979	GWHPDONJ008543	GWHPDONL013276
OG0004980	GWHPDONJ008548	GWHPDONL009137
OG0004981	GWHPDONJ008552	GWHPDONL002033
OG0004982	GWHPDONJ008553	GWHPDONL010253
OG0004983	GWHPDONJ008554, GWHPDONJ008555	
OG0004984	GWHPDONJ008558	GWHPDONL006434
OG0004985	GWHPDONJ008559	GWHPDONL008303
OG0004986	GWHPDONJ008560	GWHPDONL004027
OG0004987	GWHPDONJ008561	GWHPDONL000084
OG0004988	GWHPDONJ008562	GWHPDONL003749
OG0004989	GWHPDONJ008564	GWHPDONL009585
OG0004990	GWHPDONJ008565	GWHPDONL010600
OG0004991	GWHPDONJ008567	GWHPDONL009997
OG0004992	GWHPDONJ008568	GWHPDONL009606
OG0004993	GWHPDONJ008569	GWHPDONL010245
OG0004994	GWHPDONJ008572	GWHPDONL003078
OG0004995	GWHPDONJ008573	GWHPDONL005983
OG0004996	GWHPDONJ008576	GWHPDONL008471
OG0004997	GWHPDONJ008577	GWHPDONL002733
OG0004998	GWHPDONJ008578	GWHPDONL009355
OG0004999	GWHPDONJ008579	GWHPDONL003992
OG0005000	GWHPDONJ008580	GWHPDONL000054
OG0005001	GWHPDONJ008582	GWHPDONL003299
OG0005002	GWHPDONJ008583	GWHPDONL006374
OG0005003	GWHPDONJ008584	GWHPDONL002539
OG0005004	GWHPDONJ008587	GWHPDONL009908
OG0005005	GWHPDONJ008588	GWHPDONL013418
OG0005006	GWHPDONJ008590	GWHPDONL002523
OG0005007	GWHPDONJ008591	GWHPDONL002510
OG0005008	GWHPDONJ008592	GWHPDONL002509
OG0005009	GWHPDONJ008593	GWHPDONL002508
OG0005010	GWHPDONJ008596	GWHPDONL003111
OG0005011	GWHPDONJ008598	GWHPDONL003084
OG0005012	GWHPDONJ008599	GWHPDONL005977
OG0005013	GWHPDONJ008601	GWHPDONL011994
OG0005014	GWHPDONJ008602	GWHPDONL007593
OG0005015	GWHPDONJ008604	GWHPDONL000086
OG0005016	GWHPDONJ008605	GWHPDONL004146
OG0005017	GWHPDONJ008606	GWHPDONL004152
OG0005018	GWHPDONJ008607	GWHPDONL001507
OG0005019	GWHPDONJ008608	GWHPDONL002542
OG0005020	GWHPDONJ008610	GWHPDONL005496
OG0005021	GWHPDONJ008616	GWHPDONL002271
OG0005022	GWHPDONJ008618	GWHPDONL006573
OG0005023	GWHPDONJ008623	GWHPDONL006555
OG0005024	GWHPDONJ008625	GWHPDONL001981
OG0005025	GWHPDONJ008627	GWHPDONL000046
OG0005026	GWHPDONJ008635	GWHPDONL005675
OG0005027	GWHPDONJ008636	GWHPDONL009329
OG0005028	GWHPDONJ008637	GWHPDONL000316
OG0005029	GWHPDONJ008641	GWHPDONL011976
OG0005030	GWHPDONJ008642	GWHPDONL000512
OG0005031	GWHPDONJ008643	GWHPDONL004672
OG0005032	GWHPDONJ008651	GWHPDONL006114
OG0005033	GWHPDONJ008653	GWHPDONL013083
OG0005034	GWHPDONJ008662	GWHPDONL007045
OG0005035	GWHPDONJ008669	GWHPDONL003715
OG0005036	GWHPDONJ008671	GWHPDONL003811
OG0005037	GWHPDONJ008672	GWHPDONL001304
OG0005038	GWHPDONJ008674	GWHPDONL011066
OG0005039	GWHPDONJ008703	GWHPDONL008856
OG0005040	GWHPDONJ008704	GWHPDONL000440
OG0005041	GWHPDONJ008705	GWHPDONL008270
OG0005042	GWHPDONJ008706	GWHPDONL004573
OG0005043	GWHPDONJ008707	GWHPDONL009426
OG0005044	GWHPDONJ008708	GWHPDONL006899
OG0005045	GWHPDONJ008709	GWHPDONL009346
OG0005046	GWHPDONJ008710	GWHPDONL000142
OG0005047	GWHPDONJ008716	GWHPDONL005974
OG0005048	GWHPDONJ008717	GWHPDONL010463
OG0005049	GWHPDONJ008719	GWHPDONL005061
OG0005050	GWHPDONJ008720	GWHPDONL008274
OG0005051	GWHPDONJ008722	GWHPDONL013928
OG0005052	GWHPDONJ008723	GWHPDONL006139
OG0005053	GWHPDONJ008724	GWHPDONL010498
OG0005054	GWHPDONJ008725	GWHPDONL009328
OG0005055	GWHPDONJ008726	GWHPDONL010499
OG0005056	GWHPDONJ008732	GWHPDONL001127
OG0005057	GWHPDONJ008733	GWHPDONL007181
OG0005058	GWHPDONJ008734	GWHPDONL013751
OG0005059	GWHPDONJ008737	GWHPDONL008597
OG0005060	GWHPDONJ008740	GWHPDONL004135
OG0005061	GWHPDONJ008741	GWHPDONL010019
OG0005062	GWHPDONJ008742	GWHPDONL003089
OG0005063	GWHPDONJ008743	GWHPDONL012523
OG0005064	GWHPDONJ008745	GWHPDONL005639
OG0005065	GWHPDONJ008748	GWHPDONL010183
OG0005066	GWHPDONJ008749	GWHPDONL002235
OG0005067	GWHPDONJ008752	GWHPDONL004080
OG0005068	GWHPDONJ008753	GWHPDONL011763
OG0005069	GWHPDONJ008763	GWHPDONL007558
OG0005070	GWHPDONJ008767	GWHPDONL003173
OG0005071	GWHPDONJ008781	GWHPDONL003064
OG0005072	GWHPDONJ008796	GWHPDONL000736
OG0005073	GWHPDONJ008797	GWHPDONL000732
OG0005074	GWHPDONJ008798	GWHPDONL011909
OG0005075	GWHPDONJ008799	GWHPDONL003145
OG0005076	GWHPDONJ008800	GWHPDONL002737
OG0005077	GWHPDONJ008803	GWHPDONL013201
OG0005078	GWHPDONJ008810	GWHPDONL011960
OG0005079	GWHPDONJ008811	GWHPDONL001042
OG0005080	GWHPDONJ008812	GWHPDONL002188
OG0005081	GWHPDONJ008813	GWHPDONL001046
OG0005082	GWHPDONJ008814	GWHPDONL011359
OG0005083	GWHPDONJ008815	GWHPDONL005285
OG0005084	GWHPDONJ008816	GWHPDONL007098
OG0005085	GWHPDONJ008817	GWHPDONL007105
OG0005086	GWHPDONJ008818	GWHPDONL010868
OG0005087	GWHPDONJ008819	GWHPDONL010502
OG0005088	GWHPDONJ008820	GWHPDONL007093
OG0005089	GWHPDONJ008821	GWHPDONL001031
OG0005090	GWHPDONJ008822	GWHPDONL002191
OG0005091	GWHPDONJ008823	GWHPDONL003371
OG0005092	GWHPDONJ008825	GWHPDONL005222
OG0005093	GWHPDONJ008826	GWHPDONL013550
OG0005094	GWHPDONJ008827	GWHPDONL010289
OG0005095	GWHPDONJ008828	GWHPDONL001530
OG0005096	GWHPDONJ008829	GWHPDONL011834
OG0005097	GWHPDONJ008830	GWHPDONL013546
OG0005098	GWHPDONJ008831	GWHPDONL004974
OG0005099	GWHPDONJ008832	GWHPDONL011715
OG0005100	GWHPDONJ008834	GWHPDONL012581
OG0005101	GWHPDONJ008836	GWHPDONL012878
OG0005102	GWHPDONJ008837	GWHPDONL007091
OG0005103	GWHPDONJ008838	GWHPDONL007097
OG0005104	GWHPDONJ008839	GWHPDONL002823
OG0005105	GWHPDONJ008840	GWHPDONL009225
OG0005106	GWHPDONJ008842	GWHPDONL002562
OG0005107	GWHPDONJ008845	GWHPDONL007022
OG0005108	GWHPDONJ008847	GWHPDONL002024
OG0005109	GWHPDONJ008850	GWHPDONL001885
OG0005110	GWHPDONJ008851	GWHPDONL012194
OG0005111	GWHPDONJ008854	GWHPDONL013496
OG0005112	GWHPDONJ008855	GWHPDONL010849
OG0005113	GWHPDONJ008857	GWHPDONL004705
OG0005114	GWHPDONJ008858	GWHPDONL009605
OG0005115	GWHPDONJ008860	GWHPDONL001030
OG0005116	GWHPDONJ008861	GWHPDONL003814
OG0005117	GWHPDONJ008864	GWHPDONL011109
OG0005118	GWHPDONJ008865, GWHPDONJ008942	
OG0005119	GWHPDONJ008872	GWHPDONL004871
OG0005120	GWHPDONJ008873	GWHPDONL004876
OG0005121	GWHPDONJ008874	GWHPDONL003018
OG0005122	GWHPDONJ008876	GWHPDONL004950
OG0005123	GWHPDONJ008878, GWHPDONJ010579	
OG0005124	GWHPDONJ008890	GWHPDONL004010
OG0005125	GWHPDONJ008891	GWHPDONL004011
OG0005126	GWHPDONJ008895	GWHPDONL004004
OG0005127	GWHPDONJ008896	GWHPDONL004003
OG0005128	GWHPDONJ008898	GWHPDONL003998
OG0005129	GWHPDONJ008901	GWHPDONL000686
OG0005130	GWHPDONJ008902	GWHPDONL007695
OG0005131	GWHPDONJ008903	GWHPDONL000722
OG0005132	GWHPDONJ008905	GWHPDONL013644
OG0005133	GWHPDONJ008910	GWHPDONL003341
OG0005134	GWHPDONJ008914	GWHPDONL011250
OG0005135	GWHPDONJ008919	GWHPDONL008115
OG0005136	GWHPDONJ008921	GWHPDONL002106
OG0005137	GWHPDONJ008923	GWHPDONL011200
OG0005138	GWHPDONJ008926	GWHPDONL002099
OG0005139	GWHPDONJ008927	GWHPDONL002098
OG0005140	GWHPDONJ008929	GWHPDONL002091
OG0005141	GWHPDONJ008930	GWHPDONL003714
OG0005142	GWHPDONJ008933	GWHPDONL003717
OG0005143	GWHPDONJ008935	GWHPDONL004442
OG0005144	GWHPDONJ008937	GWHPDONL002682
OG0005145	GWHPDONJ008952	GWHPDONL003384
OG0005146	GWHPDONJ008955	GWHPDONL003805
OG0005147	GWHPDONJ008959	GWHPDONL004651
OG0005148	GWHPDONJ008960	GWHPDONL008877
OG0005149	GWHPDONJ008961	GWHPDONL008049
OG0005150	GWHPDONJ008962	GWHPDONL008051
OG0005151	GWHPDONJ008964	GWHPDONL004062
OG0005152	GWHPDONJ008967	GWHPDONL004049
OG0005153	GWHPDONJ008968	GWHPDONL010490
OG0005154	GWHPDONJ008969	GWHPDONL012810
OG0005155	GWHPDONJ008973	GWHPDONL010210
OG0005156	GWHPDONJ008974	GWHPDONL009878
OG0005157	GWHPDONJ008976	GWHPDONL006630
OG0005158	GWHPDONJ008979	GWHPDONL011762
OG0005159	GWHPDONJ008982	GWHPDONL008533
OG0005160	GWHPDONJ008983	GWHPDONL011676
OG0005161	GWHPDONJ008984	GWHPDONL013282
OG0005162	GWHPDONJ008985	GWHPDONL004328
OG0005163	GWHPDONJ008986	GWHPDONL005422
OG0005164	GWHPDONJ008988	GWHPDONL008446
OG0005165	GWHPDONJ008990	GWHPDONL013773
OG0005166	GWHPDONJ008992	GWHPDONL011549
OG0005167	GWHPDONJ008993	GWHPDONL011805
OG0005168	GWHPDONJ008995	GWHPDONL008032
OG0005169	GWHPDONJ008996	GWHPDONL005640
OG0005170	GWHPDONJ008997	GWHPDONL008025
OG0005171	GWHPDONJ009002	GWHPDONL001584
OG0005172	GWHPDONJ009003	GWHPDONL003740
OG0005173	GWHPDONJ009007	GWHPDONL012287
OG0005174	GWHPDONJ009008	GWHPDONL004115
OG0005175	GWHPDONJ009009	GWHPDONL012880
OG0005176	GWHPDONJ009014	GWHPDONL003973
OG0005177	GWHPDONJ009017	GWHPDONL006467
OG0005178	GWHPDONJ009023	GWHPDONL012566
OG0005179	GWHPDONJ009025	GWHPDONL005474
OG0005180	GWHPDONJ009027	GWHPDONL012563
OG0005181	GWHPDONJ009028	GWHPDONL012561
OG0005182	GWHPDONJ009030	GWHPDONL012562
OG0005183	GWHPDONJ009033	GWHPDONL012559
OG0005184	GWHPDONJ009034	GWHPDONL012556
OG0005185	GWHPDONJ009036	GWHPDONL011830
OG0005186	GWHPDONJ009044	GWHPDONL002490
OG0005187	GWHPDONJ009047	GWHPDONL010839
OG0005188	GWHPDONJ009049	GWHPDONL005984
OG0005189	GWHPDONJ009051	GWHPDONL007952
OG0005190	GWHPDONJ009055	GWHPDONL003179
OG0005191	GWHPDONJ009063	GWHPDONL001108
OG0005192	GWHPDONJ009069	GWHPDONL011953
OG0005193	GWHPDONJ009072	GWHPDONL009808
OG0005194	GWHPDONJ009074	GWHPDONL009803
OG0005195	GWHPDONJ009076	GWHPDONL005218
OG0005196	GWHPDONJ009080	GWHPDONL002479
OG0005197	GWHPDONJ009086	GWHPDONL014173
OG0005198	GWHPDONJ009089	GWHPDONL009711
OG0005199	GWHPDONJ009091	GWHPDONL008575
OG0005200	GWHPDONJ009093	GWHPDONL008055
OG0005201	GWHPDONJ009095	GWHPDONL012736
OG0005202	GWHPDONJ009096	GWHPDONL006140
OG0005203	GWHPDONJ009097	GWHPDONL012741
OG0005204	GWHPDONJ009100	GWHPDONL002919
OG0005205	GWHPDONJ009103	GWHPDONL002902
OG0005206	GWHPDONJ009105	GWHPDONL010231
OG0005207	GWHPDONJ009106	GWHPDONL004174
OG0005208	GWHPDONJ009108	GWHPDONL010997
OG0005209	GWHPDONJ009111	GWHPDONL002882
OG0005210	GWHPDONJ009113	GWHPDONL002873
OG0005211	GWHPDONJ009114	GWHPDONL002865
OG0005212	GWHPDONJ009115	GWHPDONL002846
OG0005213	GWHPDONJ009116	GWHPDONL002851
OG0005214	GWHPDONJ009118	GWHPDONL007165
OG0005215	GWHPDONJ009119	GWHPDONL002844
OG0005216	GWHPDONJ009120	GWHPDONL005527
OG0005217	GWHPDONJ009121	GWHPDONL005525
OG0005218	GWHPDONJ009122	GWHPDONL007206
OG0005219	GWHPDONJ009131	GWHPDONL000001
OG0005220	GWHPDONJ009132	GWHPDONL013101
OG0005221	GWHPDONJ009133	GWHPDONL011891
OG0005222	GWHPDONJ009134	GWHPDONL008614
OG0005223	GWHPDONJ009135	GWHPDONL011892
OG0005224	GWHPDONJ009136	GWHPDONL000817
OG0005225	GWHPDONJ009139	GWHPDONL006047
OG0005226	GWHPDONJ009140	GWHPDONL012047
OG0005227	GWHPDONJ009141	GWHPDONL006051
OG0005228	GWHPDONJ009142	GWHPDONL009621
OG0005229	GWHPDONJ009143	GWHPDONL004608
OG0005230	GWHPDONJ009145	GWHPDONL000628
OG0005231	GWHPDONJ009149	GWHPDONL005929
OG0005232	GWHPDONJ009150	GWHPDONL012005
OG0005233	GWHPDONJ009153	GWHPDONL010069
OG0005234	GWHPDONJ009155	GWHPDONL011821
OG0005235	GWHPDONJ009157	GWHPDONL003240
OG0005236	GWHPDONJ009160	GWHPDONL008201
OG0005237	GWHPDONJ009161	GWHPDONL003808
OG0005238	GWHPDONJ009163	GWHPDONL013242
OG0005239	GWHPDONJ009164	GWHPDONL012301
OG0005240	GWHPDONJ009165	GWHPDONL011228
OG0005241	GWHPDONJ009167	GWHPDONL005712
OG0005242	GWHPDONJ009173	GWHPDONL003778
OG0005243	GWHPDONJ009175	GWHPDONL008858
OG0005244	GWHPDONJ009177	GWHPDONL003564
OG0005245	GWHPDONJ009178	GWHPDONL002897
OG0005246	GWHPDONJ009180	GWHPDONL014128
OG0005247	GWHPDONJ009183	GWHPDONL002745
OG0005248	GWHPDONJ009185	GWHPDONL013782
OG0005249	GWHPDONJ009187	GWHPDONL001347
OG0005250	GWHPDONJ009189	GWHPDONL013793
OG0005251	GWHPDONJ009190	GWHPDONL002599
OG0005252	GWHPDONJ009191	GWHPDONL013494
OG0005253	GWHPDONJ009192	GWHPDONL004926
OG0005254	GWHPDONJ009193	GWHPDONL006629
OG0005255	GWHPDONJ009194	GWHPDONL006624
OG0005256	GWHPDONJ009197	GWHPDONL006617
OG0005257	GWHPDONJ009199	GWHPDONL003890
OG0005258	GWHPDONJ009200	GWHPDONL002556
OG0005259	GWHPDONJ009202	GWHPDONL003899
OG0005260	GWHPDONJ009206	GWHPDONL003350
OG0005261	GWHPDONJ009207	GWHPDONL009007
OG0005262	GWHPDONJ009212	GWHPDONL010567
OG0005263	GWHPDONJ009213	GWHPDONL001431
OG0005264	GWHPDONJ009214	GWHPDONL000376
OG0005265	GWHPDONJ009216	GWHPDONL012610
OG0005266	GWHPDONJ009217	GWHPDONL012612
OG0005267	GWHPDONJ009219	GWHPDONL014101
OG0005268	GWHPDONJ009221	GWHPDONL014102
OG0005269	GWHPDONJ009230	GWHPDONL001520
OG0005270	GWHPDONJ009232	GWHPDONL001524
OG0005271	GWHPDONJ009242	GWHPDONL011672
OG0005272	GWHPDONJ009246	GWHPDONL006444
OG0005273	GWHPDONJ009250	GWHPDONL002383
OG0005274	GWHPDONJ009251	GWHPDONL006034
OG0005275	GWHPDONJ009258	GWHPDONL002073
OG0005276	GWHPDONJ009259	GWHPDONL001745
OG0005277	GWHPDONJ009260	GWHPDONL001746
OG0005278	GWHPDONJ009265	GWHPDONL002770
OG0005279	GWHPDONJ009267	GWHPDONL002767
OG0005280	GWHPDONJ009268	GWHPDONL002766
OG0005281	GWHPDONJ009269	GWHPDONL002039
OG0005282	GWHPDONJ009271	GWHPDONL011372
OG0005283	GWHPDONJ009272	GWHPDONL011369
OG0005284	GWHPDONJ009274	GWHPDONL009532
OG0005285	GWHPDONJ009275	GWHPDONL003711
OG0005286	GWHPDONJ009276	GWHPDONL002046
OG0005287	GWHPDONJ009278	GWHPDONL010842
OG0005288	GWHPDONJ009279	GWHPDONL005347
OG0005289	GWHPDONJ009280	GWHPDONL003040
OG0005290	GWHPDONJ009281	GWHPDONL012784
OG0005291	GWHPDONJ009282	GWHPDONL013339
OG0005292	GWHPDONJ009284	GWHPDONL005862
OG0005293	GWHPDONJ009288	GWHPDONL006709
OG0005294	GWHPDONJ009289	GWHPDONL008184
OG0005295	GWHPDONJ009290	GWHPDONL007827
OG0005296	GWHPDONJ009292	GWHPDONL007332
OG0005297	GWHPDONJ009294	GWHPDONL005384
OG0005298	GWHPDONJ009296	GWHPDONL004734
OG0005299	GWHPDONJ009297	GWHPDONL006804
OG0005300	GWHPDONJ009298	GWHPDONL008170
OG0005301	GWHPDONJ009302	GWHPDONL010378
OG0005302	GWHPDONJ009303	GWHPDONL006784
OG0005303	GWHPDONJ009306	GWHPDONL010990
OG0005304	GWHPDONJ009308	GWHPDONL008736
OG0005305	GWHPDONJ009309	GWHPDONL002688
OG0005306	GWHPDONJ009312	GWHPDONL006377
OG0005307	GWHPDONJ009314	GWHPDONL012172
OG0005308	GWHPDONJ009319	GWHPDONL009422
OG0005309	GWHPDONJ009326	GWHPDONL004085
OG0005310	GWHPDONJ009328	GWHPDONL002838
OG0005311	GWHPDONJ009329	GWHPDONL000510
OG0005312	GWHPDONJ009330	GWHPDONL013419
OG0005313	GWHPDONJ009332	GWHPDONL000514
OG0005314	GWHPDONJ009334	GWHPDONL009050
OG0005315	GWHPDONJ009339	GWHPDONL013732
OG0005316	GWHPDONJ009342	GWHPDONL013742
OG0005317	GWHPDONJ009343	GWHPDONL012543
OG0005318	GWHPDONJ009344	GWHPDONL007272
OG0005319	GWHPDONJ009346	GWHPDONL001736
OG0005320	GWHPDONJ009347	GWHPDONL003943
OG0005321	GWHPDONJ009349	GWHPDONL011353
OG0005322	GWHPDONJ009350	GWHPDONL010776
OG0005323	GWHPDONJ009352	GWHPDONL005824
OG0005324	GWHPDONJ009353	GWHPDONL011592
OG0005325	GWHPDONJ009354	GWHPDONL003850
OG0005326	GWHPDONJ009358	GWHPDONL000123
OG0005327	GWHPDONJ009361	GWHPDONL007169
OG0005328	GWHPDONJ009362	GWHPDONL008803
OG0005329	GWHPDONJ009363	GWHPDONL004168
OG0005330	GWHPDONJ009364	GWHPDONL006119
OG0005331	GWHPDONJ009365	GWHPDONL000338
OG0005332	GWHPDONJ009368	GWHPDONL006103
OG0005333	GWHPDONJ009369	GWHPDONL005228
OG0005334	GWHPDONJ009370	GWHPDONL007597
OG0005335	GWHPDONJ009373	GWHPDONL009839
OG0005336	GWHPDONJ009374	GWHPDONL000409
OG0005337	GWHPDONJ009376	GWHPDONL013816
OG0005338	GWHPDONJ009377	GWHPDONL009986
OG0005339	GWHPDONJ009378	GWHPDONL008145
OG0005340	GWHPDONJ009379	GWHPDONL003047
OG0005341	GWHPDONJ009381	GWHPDONL000159
OG0005342	GWHPDONJ009385	GWHPDONL010701
OG0005343	GWHPDONJ009386	GWHPDONL005056
OG0005344	GWHPDONJ009388	GWHPDONL011435
OG0005345	GWHPDONJ009392	GWHPDONL006770
OG0005346	GWHPDONJ009395	GWHPDONL009002
OG0005347	GWHPDONJ009398	GWHPDONL014133
OG0005348	GWHPDONJ009399	GWHPDONL005590
OG0005349	GWHPDONJ009401	GWHPDONL013981
OG0005350	GWHPDONJ009402	GWHPDONL005353
OG0005351	GWHPDONJ009405	GWHPDONL014193
OG0005352	GWHPDONJ009412	GWHPDONL004344
OG0005353	GWHPDONJ009413	GWHPDONL011635
OG0005354	GWHPDONJ009414	GWHPDONL004342
OG0005355	GWHPDONJ009419	GWHPDONL012346
OG0005356	GWHPDONJ009422	GWHPDONL004861
OG0005357	GWHPDONJ009425	GWHPDONL004854
OG0005358	GWHPDONJ009426	GWHPDONL004851
OG0005359	GWHPDONJ009434	GWHPDONL010742
OG0005360	GWHPDONJ009435	GWHPDONL001672
OG0005361	GWHPDONJ009438	GWHPDONL011783
OG0005362	GWHPDONJ009442	GWHPDONL001895
OG0005363	GWHPDONJ009444	GWHPDONL009662
OG0005364	GWHPDONJ009445	GWHPDONL009802
OG0005365	GWHPDONJ009450	GWHPDONL014160
OG0005366	GWHPDONJ009452	GWHPDONL014139
OG0005367	GWHPDONJ009455	GWHPDONL007606
OG0005368	GWHPDONJ009456	GWHPDONL009742
OG0005369	GWHPDONJ009458	GWHPDONL014149
OG0005370	GWHPDONJ009461	GWHPDONL014154
OG0005371	GWHPDONJ009466	GWHPDONL006948
OG0005372	GWHPDONJ009468	GWHPDONL011928
OG0005373	GWHPDONJ009469	GWHPDONL011931
OG0005374	GWHPDONJ009473	GWHPDONL008841
OG0005375	GWHPDONJ009475	GWHPDONL008846
OG0005376	GWHPDONJ009476	GWHPDONL000278
OG0005377	GWHPDONJ009478	GWHPDONL009183
OG0005378	GWHPDONJ009479	GWHPDONL000275
OG0005379	GWHPDONJ009483	GWHPDONL014222
OG0005380	GWHPDONJ009486	GWHPDONL008525
OG0005381	GWHPDONJ009487	GWHPDONL008516
OG0005382	GWHPDONJ009489	GWHPDONL010602
OG0005383	GWHPDONJ009490	GWHPDONL003610
OG0005384	GWHPDONJ009492	GWHPDONL013989
OG0005385	GWHPDONJ009494	GWHPDONL005733
OG0005386	GWHPDONJ009495	GWHPDONL010613
OG0005387	GWHPDONJ009496	GWHPDONL014008
OG0005388	GWHPDONJ009497	GWHPDONL014012
OG0005389	GWHPDONJ009500	GWHPDONL000456
OG0005390	GWHPDONJ009501	GWHPDONL010985
OG0005391	GWHPDONJ009504	GWHPDONL014017
OG0005392	GWHPDONJ009505	GWHPDONL012754
OG0005393	GWHPDONJ009506	GWHPDONL000446
OG0005394	GWHPDONJ009507	GWHPDONL000443
OG0005395	GWHPDONJ009508	GWHPDONL000432
OG0005396	GWHPDONJ009510	GWHPDONL000424
OG0005397	GWHPDONJ009511	GWHPDONL012715
OG0005398	GWHPDONJ009513	GWHPDONL000416
OG0005399	GWHPDONJ009518	GWHPDONL014019
OG0005400	GWHPDONJ009519	GWHPDONL002801
OG0005401	GWHPDONJ009521, GWHPDONJ009523	
OG0005402	GWHPDONJ009525	GWHPDONL003343
OG0005403	GWHPDONJ009528	GWHPDONL014020
OG0005404	GWHPDONJ009529	GWHPDONL000216
OG0005405	GWHPDONJ009531	GWHPDONL006341
OG0005406	GWHPDONJ009537, GWHPDONJ009836	
OG0005407	GWHPDONJ009539	GWHPDONL010361
OG0005408	GWHPDONJ009540	GWHPDONL004084
OG0005409	GWHPDONJ009541	GWHPDONL006961
OG0005410	GWHPDONJ009542	GWHPDONL008745
OG0005411	GWHPDONJ009543	GWHPDONL013753
OG0005412	GWHPDONJ009544	GWHPDONL010433
OG0005413	GWHPDONJ009545	GWHPDONL002401
OG0005414	GWHPDONJ009546	GWHPDONL000474
OG0005415	GWHPDONJ009547	GWHPDONL001819
OG0005416	GWHPDONJ009548	GWHPDONL001814
OG0005417	GWHPDONJ009550	GWHPDONL002232
OG0005418	GWHPDONJ009552	GWHPDONL013018
OG0005419	GWHPDONJ009554	GWHPDONL004492
OG0005420	GWHPDONJ009559	GWHPDONL004021
OG0005421	GWHPDONJ009561	GWHPDONL005618
OG0005422	GWHPDONJ009562	GWHPDONL005126
OG0005423	GWHPDONJ009565	GWHPDONL012537
OG0005424	GWHPDONJ009570	GWHPDONL005883
OG0005425	GWHPDONJ009571	GWHPDONL005887
OG0005426	GWHPDONJ009573	GWHPDONL013622
OG0005427	GWHPDONJ009574	GWHPDONL003795
OG0005428	GWHPDONJ009579	GWHPDONL008679
OG0005429	GWHPDONJ009586	GWHPDONL007287
OG0005430	GWHPDONJ009587	GWHPDONL008682
OG0005431	GWHPDONJ009589	GWHPDONL003542
OG0005432	GWHPDONJ009590	GWHPDONL003546
OG0005433	GWHPDONJ009592	GWHPDONL013614
OG0005434	GWHPDONJ009594	GWHPDONL006932
OG0005435	GWHPDONJ009595	GWHPDONL008695
OG0005436	GWHPDONJ009596	GWHPDONL008907
OG0005437	GWHPDONJ009600	GWHPDONL007188
OG0005438	GWHPDONJ009605	GWHPDONL008404
OG0005439	GWHPDONJ009606	GWHPDONL007435
OG0005440	GWHPDONJ009607	GWHPDONL009613
OG0005441	GWHPDONJ009608	GWHPDONL013613
OG0005442	GWHPDONJ009611	GWHPDONL013610
OG0005443	GWHPDONJ009612	GWHPDONL013612
OG0005444	GWHPDONJ009613	GWHPDONL007446
OG0005445	GWHPDONJ009614	GWHPDONL011874
OG0005446	GWHPDONJ009616	GWHPDONL007644
OG0005447	GWHPDONJ009619	GWHPDONL013602
OG0005448	GWHPDONJ009622	GWHPDONL008316
OG0005449	GWHPDONJ009624	GWHPDONL013599
OG0005450	GWHPDONJ009625	GWHPDONL003822
OG0005451	GWHPDONJ009626	GWHPDONL011726
OG0005452	GWHPDONJ009627	GWHPDONL002516
OG0005453	GWHPDONJ009628	GWHPDONL011808
OG0005454	GWHPDONJ009636	GWHPDONL013507
OG0005455	GWHPDONJ009637	GWHPDONL002585
OG0005456	GWHPDONJ009640	GWHPDONL002574
OG0005457	GWHPDONJ009643	GWHPDONL013505
OG0005458	GWHPDONJ009645	GWHPDONL009534
OG0005459	GWHPDONJ009646	GWHPDONL013504
OG0005460	GWHPDONJ009647	GWHPDONL013503
OG0005461	GWHPDONJ009648	GWHPDONL013502
OG0005462	GWHPDONJ009649	GWHPDONL013501
OG0005463	GWHPDONJ009650	GWHPDONL010942
OG0005464	GWHPDONJ009651	GWHPDONL010987
OG0005465	GWHPDONJ009653	GWHPDONL002672
OG0005466	GWHPDONJ009656	GWHPDONL007050
OG0005467	GWHPDONJ009658	GWHPDONL010978
OG0005468	GWHPDONJ009659, GWHPDONJ009660	
OG0005469	GWHPDONJ009662	GWHPDONL003253
OG0005470	GWHPDONJ009663	GWHPDONL003251
OG0005471	GWHPDONJ009665	GWHPDONL012442
OG0005472	GWHPDONJ009666	GWHPDONL012478
OG0005473	GWHPDONJ009667	GWHPDONL004266
OG0005474	GWHPDONJ009668	GWHPDONL007214
OG0005475	GWHPDONJ009671	GWHPDONL001716
OG0005476	GWHPDONJ009677	GWHPDONL004210
OG0005477	GWHPDONJ009684	GWHPDONL010531
OG0005478	GWHPDONJ009686	GWHPDONL010532
OG0005479	GWHPDONJ009687	GWHPDONL011829
OG0005480	GWHPDONJ009691	GWHPDONL011848
OG0005481	GWHPDONJ009693	GWHPDONL000608
OG0005482	GWHPDONJ009695	GWHPDONL000610
OG0005483	GWHPDONJ009702	GWHPDONL005781
OG0005484	GWHPDONJ009705	GWHPDONL008079
OG0005485	GWHPDONJ009707	GWHPDONL013029
OG0005486	GWHPDONJ009711	GWHPDONL010142
OG0005487	GWHPDONJ009715	GWHPDONL005763
OG0005488	GWHPDONJ009717	GWHPDONL004524
OG0005489	GWHPDONJ009718	GWHPDONL004518
OG0005490	GWHPDONJ009719	GWHPDONL004516
OG0005491	GWHPDONJ009722	GWHPDONL004505
OG0005492	GWHPDONJ009723	GWHPDONL000949
OG0005493	GWHPDONJ009724	GWHPDONL000950
OG0005494	GWHPDONJ009725	GWHPDONL011131
OG0005495	GWHPDONJ009729	GWHPDONL000940
OG0005496	GWHPDONJ009730	GWHPDONL007717
OG0005497	GWHPDONJ009733	GWHPDONL007725
OG0005498	GWHPDONJ009734	GWHPDONL007726
OG0005499	GWHPDONJ009736	GWHPDONL012118
OG0005500	GWHPDONJ009737	GWHPDONL012120
OG0005501	GWHPDONJ009739	GWHPDONL011246
OG0005502	GWHPDONJ009741	GWHPDONL004958
OG0005503	GWHPDONJ009743	GWHPDONL005698
OG0005504	GWHPDONJ009746	GWHPDONL001531
OG0005505	GWHPDONJ009747	GWHPDONL008700
OG0005506	GWHPDONJ009749	GWHPDONL001980
OG0005507	GWHPDONJ009750	GWHPDONL010051
OG0005508	GWHPDONJ009753	GWHPDONL008945
OG0005509	GWHPDONJ009754	GWHPDONL000761
OG0005510	GWHPDONJ009755	GWHPDONL002956
OG0005511	GWHPDONJ009756	GWHPDONL002955
OG0005512	GWHPDONJ009758	GWHPDONL001369
OG0005513	GWHPDONJ009763	GWHPDONL000751
OG0005514	GWHPDONJ009765	GWHPDONL000750
OG0005515	GWHPDONJ009766	GWHPDONL012988
OG0005516	GWHPDONJ009767	GWHPDONL009042
OG0005517	GWHPDONJ009771	GWHPDONL008210
OG0005518	GWHPDONJ009772	GWHPDONL002570
OG0005519	GWHPDONJ009775	GWHPDONL013553
OG0005520	GWHPDONJ009776	GWHPDONL000743
OG0005521	GWHPDONJ009777	GWHPDONL000741
OG0005522	GWHPDONJ009778	GWHPDONL006757
OG0005523	GWHPDONJ009784	GWHPDONL013317
OG0005524	GWHPDONJ009788	GWHPDONL005445
OG0005525	GWHPDONJ009792	GWHPDONL002150
OG0005526	GWHPDONJ009793	GWHPDONL002810
OG0005527	GWHPDONJ009794	GWHPDONL002815
OG0005528	GWHPDONJ009799	GWHPDONL003054
OG0005529	GWHPDONJ009801	GWHPDONL012900
OG0005530	GWHPDONJ009804	GWHPDONL012904
OG0005531	GWHPDONJ009805	GWHPDONL010754
OG0005532	GWHPDONJ009806	GWHPDONL005168
OG0005533	GWHPDONJ009807	GWHPDONL010753
OG0005534	GWHPDONJ009810	GWHPDONL004802
OG0005535	GWHPDONJ009812	GWHPDONL004797
OG0005536	GWHPDONJ009813	GWHPDONL004794
OG0005537	GWHPDONJ009817	GWHPDONL012881
OG0005538	GWHPDONJ009818	GWHPDONL012883
OG0005539	GWHPDONJ009829	GWHPDONL010370
OG0005540	GWHPDONJ009832	GWHPDONL006251
OG0005541	GWHPDONJ009834	GWHPDONL010518
OG0005542	GWHPDONJ009841	GWHPDONL013135
OG0005543	GWHPDONJ009843	GWHPDONL013148
OG0005544	GWHPDONJ009846	GWHPDONL011522
OG0005545	GWHPDONJ009849	GWHPDONL008822
OG0005546	GWHPDONJ009851	GWHPDONL001733
OG0005547	GWHPDONJ009852	GWHPDONL004093
OG0005548	GWHPDONJ009853	GWHPDONL004097
OG0005549	GWHPDONJ009854	GWHPDONL013141
OG0005550	GWHPDONJ009855	GWHPDONL007216
OG0005551	GWHPDONJ009857	GWHPDONL004092
OG0005552	GWHPDONJ009858	GWHPDONL011368
OG0005553	GWHPDONJ009859	GWHPDONL004083
OG0005554	GWHPDONJ009862	GWHPDONL010783
OG0005555	GWHPDONJ009864	GWHPDONL003887
OG0005556	GWHPDONJ009865	GWHPDONL005906
OG0005557	GWHPDONJ009867	GWHPDONL014094
OG0005558	GWHPDONJ009868	GWHPDONL000755
OG0005559	GWHPDONJ009869	GWHPDONL004238
OG0005560	GWHPDONJ009872	GWHPDONL003889
OG0005561	GWHPDONJ009875	GWHPDONL011347
OG0005562	GWHPDONJ009877	GWHPDONL009982
OG0005563	GWHPDONJ009882	GWHPDONL002567
OG0005564	GWHPDONJ009885	GWHPDONL011602
OG0005565	GWHPDONJ009889	GWHPDONL009424
OG0005566	GWHPDONJ009894	GWHPDONL009764
OG0005567	GWHPDONJ009895	GWHPDONL003096
OG0005568	GWHPDONJ009896	GWHPDONL000894
OG0005569	GWHPDONJ009897	GWHPDONL003661
OG0005570	GWHPDONJ009898	GWHPDONL003662
OG0005571	GWHPDONJ009905	GWHPDONL012854
OG0005572	GWHPDONJ009907	GWHPDONL012849
OG0005573	GWHPDONJ009912	GWHPDONL010162
OG0005574	GWHPDONJ009913	GWHPDONL010705
OG0005575	GWHPDONJ009916	GWHPDONL005005
OG0005576	GWHPDONJ009922	GWHPDONL010398
OG0005577	GWHPDONJ009925	GWHPDONL006215
OG0005578	GWHPDONJ009926	GWHPDONL006216
OG0005579	GWHPDONJ009927	GWHPDONL006217
OG0005580	GWHPDONJ009942	GWHPDONL010909
OG0005581	GWHPDONJ009944	GWHPDONL013426
OG0005582	GWHPDONJ009945	GWHPDONL012024
OG0005583	GWHPDONJ009947	GWHPDONL013414
OG0005584	GWHPDONJ009948	GWHPDONL013411
OG0005585	GWHPDONJ009952	GWHPDONL005178
OG0005586	GWHPDONJ009953	GWHPDONL005177
OG0005587	GWHPDONJ009956	GWHPDONL013175
OG0005588	GWHPDONJ009958	GWHPDONL001391
OG0005589	GWHPDONJ009960	GWHPDONL010396
OG0005590	GWHPDONJ009961	GWHPDONL000402
OG0005591	GWHPDONJ009965	GWHPDONL011611
OG0005592	GWHPDONJ009966	GWHPDONL012947
OG0005593	GWHPDONJ009967	GWHPDONL009277
OG0005594	GWHPDONJ009968	GWHPDONL008834
OG0005595	GWHPDONJ009971	GWHPDONL012199
OG0005596	GWHPDONJ009973	GWHPDONL009330
OG0005597	GWHPDONJ009976	GWHPDONL007574
OG0005598	GWHPDONJ009977	GWHPDONL007575
OG0005599	GWHPDONJ009979	GWHPDONL010510
OG0005600	GWHPDONJ009984	GWHPDONL007998
OG0005601	GWHPDONJ009987	GWHPDONL002987
OG0005602	GWHPDONJ009989	GWHPDONL007576
OG0005603	GWHPDONJ009992	GWHPDONL010890
OG0005604	GWHPDONJ009993	GWHPDONL009728
OG0005605	GWHPDONJ009994	GWHPDONL013678
OG0005606	GWHPDONJ009996	GWHPDONL000398
OG0005607	GWHPDONJ009997	GWHPDONL009859
OG0005608	GWHPDONJ010000	GWHPDONL000828
OG0005609	GWHPDONJ010001	GWHPDONL007261
OG0005610	GWHPDONJ010002	GWHPDONL000816
OG0005611	GWHPDONJ010005	GWHPDONL000308
OG0005612	GWHPDONJ010007	GWHPDONL000850
OG0005613	GWHPDONJ010008	GWHPDONL000859
OG0005614	GWHPDONJ010009	GWHPDONL003633
OG0005615	GWHPDONJ010012	GWHPDONL011530
OG0005616	GWHPDONJ010013	GWHPDONL000847
OG0005617	GWHPDONJ010014	GWHPDONL000833
OG0005618	GWHPDONJ010015	GWHPDONL000481
OG0005619	GWHPDONJ010016	GWHPDONL000845
OG0005620	GWHPDONJ010017	GWHPDONL000843
OG0005621	GWHPDONJ010019	GWHPDONL007459
OG0005622	GWHPDONJ010020	GWHPDONL005246
OG0005623	GWHPDONJ010022	GWHPDONL005258
OG0005624	GWHPDONJ010023	GWHPDONL006279
OG0005625	GWHPDONJ010024	GWHPDONL000871
OG0005626	GWHPDONJ010027	GWHPDONL005241
OG0005627	GWHPDONJ010028	GWHPDONL005240
OG0005628	GWHPDONJ010029	GWHPDONL004634
OG0005629	GWHPDONJ010030	GWHPDONL012870
OG0005630	GWHPDONJ010032	GWHPDONL005264
OG0005631	GWHPDONJ010034	GWHPDONL005269
OG0005632	GWHPDONJ010036	GWHPDONL005277
OG0005633	GWHPDONJ010038	GWHPDONL012703
OG0005634	GWHPDONJ010040	GWHPDONL007866
OG0005635	GWHPDONJ010042	GWHPDONL007877
OG0005636	GWHPDONJ010043	GWHPDONL005280
OG0005637	GWHPDONJ010045	GWHPDONL007858
OG0005638	GWHPDONJ010048	GWHPDONL007822
OG0005639	GWHPDONJ010054	GWHPDONL002173
OG0005640	GWHPDONJ010057	GWHPDONL007853
OG0005641	GWHPDONJ010059	GWHPDONL009360
OG0005642	GWHPDONJ010060	GWHPDONL012043
OG0005643	GWHPDONJ010064	GWHPDONL012555
OG0005644	GWHPDONJ010066	GWHPDONL008724
OG0005645	GWHPDONJ010067	GWHPDONL011578
OG0005646	GWHPDONJ010071	GWHPDONL004048
OG0005647	GWHPDONJ010075	GWHPDONL004118
OG0005648	GWHPDONJ010076	GWHPDONL004117
OG0005649	GWHPDONJ010078	GWHPDONL006872
OG0005650	GWHPDONJ010082	GWHPDONL014070
OG0005651	GWHPDONJ010083	GWHPDONL014217
OG0005652	GWHPDONJ010084	GWHPDONL003415
OG0005653	GWHPDONJ010085	GWHPDONL003416
OG0005654	GWHPDONJ010087	GWHPDONL006363
OG0005655	GWHPDONJ010088	GWHPDONL006366
OG0005656	GWHPDONJ010089	GWHPDONL002515
OG0005657	GWHPDONJ010090	GWHPDONL002256
OG0005658	GWHPDONJ010093	GWHPDONL003598
OG0005659	GWHPDONJ010096	GWHPDONL011649
OG0005660	GWHPDONJ010097	GWHPDONL011838
OG0005661	GWHPDONJ010098	GWHPDONL009319
OG0005662	GWHPDONJ010100	GWHPDONL012591
OG0005663	GWHPDONJ010101	GWHPDONL012590
OG0005664	GWHPDONJ010104	GWHPDONL000294
OG0005665	GWHPDONJ010107	GWHPDONL001424
OG0005666	GWHPDONJ010109	GWHPDONL001336
OG0005667	GWHPDONJ010114	GWHPDONL000367
OG0005668	GWHPDONJ010115	GWHPDONL003358
OG0005669	GWHPDONJ010126	GWHPDONL005942
OG0005670	GWHPDONJ010127	GWHPDONL007846
OG0005671	GWHPDONJ010138	GWHPDONL000731
OG0005672	GWHPDONJ010141	GWHPDONL013477
OG0005673	GWHPDONJ010143	GWHPDONL002341
OG0005674	GWHPDONJ010148	GWHPDONL009655
OG0005675	GWHPDONJ010149	GWHPDONL012262
OG0005676	GWHPDONJ010150	GWHPDONL013047
OG0005677	GWHPDONJ010154	GWHPDONL003901
OG0005678	GWHPDONJ010156	GWHPDONL008157
OG0005679	GWHPDONJ010157	GWHPDONL006568
OG0005680	GWHPDONJ010161	GWHPDONL013942
OG0005681	GWHPDONJ010162	GWHPDONL002667
OG0005682	GWHPDONJ010163	GWHPDONL009344
OG0005683	GWHPDONJ010165	GWHPDONL012626
OG0005684	GWHPDONJ010168	GWHPDONL004197
OG0005685	GWHPDONJ010171	GWHPDONL004714
OG0005686	GWHPDONJ010179	GWHPDONL001368
OG0005687	GWHPDONJ010181	GWHPDONL013701
OG0005688	GWHPDONJ010183	GWHPDONL004723
OG0005689	GWHPDONJ010184	GWHPDONL004683
OG0005690	GWHPDONJ010185	GWHPDONL013766
OG0005691	GWHPDONJ010188	GWHPDONL014129
OG0005692	GWHPDONJ010189	GWHPDONL000580
OG0005693	GWHPDONJ010192	GWHPDONL000821
OG0005694	GWHPDONJ010193	GWHPDONL000301
OG0005695	GWHPDONJ010194	GWHPDONL000381
OG0005696	GWHPDONJ010195	GWHPDONL002126
OG0005697	GWHPDONJ010196	GWHPDONL007964
OG0005698	GWHPDONJ010198	GWHPDONL003838
OG0005699	GWHPDONJ010204	GWHPDONL010756
OG0005700	GWHPDONJ010205	GWHPDONL006183
OG0005701	GWHPDONJ010206	GWHPDONL010695
OG0005702	GWHPDONJ010207	GWHPDONL013597
OG0005703	GWHPDONJ010215	GWHPDONL010101
OG0005704	GWHPDONJ010217	GWHPDONL008861
OG0005705	GWHPDONJ010220	GWHPDONL005684
OG0005706	GWHPDONJ010222	GWHPDONL001107
OG0005707	GWHPDONJ010223	GWHPDONL001462
OG0005708	GWHPDONJ010224	GWHPDONL002958
OG0005709	GWHPDONJ010225	GWHPDONL001110
OG0005710	GWHPDONJ010226	GWHPDONL001115
OG0005711	GWHPDONJ010228	GWHPDONL001117
OG0005712	GWHPDONJ010229	GWHPDONL005774
OG0005713	GWHPDONJ010230	GWHPDONL001122
OG0005714	GWHPDONJ010232	GWHPDONL001124
OG0005715	GWHPDONJ010235	GWHPDONL001128
OG0005716	GWHPDONJ010237	GWHPDONL001134
OG0005717	GWHPDONJ010240	GWHPDONL001137
OG0005718	GWHPDONJ010241	GWHPDONL001140
OG0005719	GWHPDONJ010242	GWHPDONL001146
OG0005720	GWHPDONJ010243	GWHPDONL001148
OG0005721	GWHPDONJ010244	GWHPDONL003568
OG0005722	GWHPDONJ010247	GWHPDONL007804
OG0005723	GWHPDONJ010248	GWHPDONL008348
OG0005724	GWHPDONJ010251	GWHPDONL007471
OG0005725	GWHPDONJ010253	GWHPDONL007465
OG0005726	GWHPDONJ010255	GWHPDONL013841
OG0005727	GWHPDONJ010256	GWHPDONL005765
OG0005728	GWHPDONJ010258	GWHPDONL001722
OG0005729	GWHPDONJ010259	GWHPDONL011733
OG0005730	GWHPDONJ010261	GWHPDONL002597
OG0005731	GWHPDONJ010267	GWHPDONL007927
OG0005732	GWHPDONJ010269	GWHPDONL011303
OG0005733	GWHPDONJ010270	GWHPDONL003527
OG0005734	GWHPDONJ010273	GWHPDONL002040
OG0005735	GWHPDONJ010274	GWHPDONL001834
OG0005736	GWHPDONJ010275	GWHPDONL003984
OG0005737	GWHPDONJ010277	GWHPDONL013324
OG0005738	GWHPDONJ010278	GWHPDONL011527
OG0005739	GWHPDONJ010280	GWHPDONL010167
OG0005740	GWHPDONJ010284	GWHPDONL005967
OG0005741	GWHPDONJ010285	GWHPDONL001222
OG0005742	GWHPDONJ010288	GWHPDONL010335
OG0005743	GWHPDONJ010289	GWHPDONL009197
OG0005744	GWHPDONJ010290	GWHPDONL013531
OG0005745	GWHPDONJ010292	GWHPDONL006986
OG0005746	GWHPDONJ010294	GWHPDONL010070
OG0005747	GWHPDONJ010296	GWHPDONL000507
OG0005748	GWHPDONJ010297	GWHPDONL010343
OG0005749	GWHPDONJ010298	GWHPDONL002096
OG0005750	GWHPDONJ010299	GWHPDONL013087
OG0005751	GWHPDONJ010300	GWHPDONL004240
OG0005752	GWHPDONJ010302	GWHPDONL010032
OG0005753	GWHPDONJ010303	GWHPDONL012938
OG0005754	GWHPDONJ010305	GWHPDONL006258
OG0005755	GWHPDONJ010306	GWHPDONL014239
OG0005756	GWHPDONJ010308	GWHPDONL010444
OG0005757	GWHPDONJ010309	GWHPDONL013820
OG0005758	GWHPDONJ010310	GWHPDONL010866
OG0005759	GWHPDONJ010311	GWHPDONL007119
OG0005760	GWHPDONJ010314	GWHPDONL006935
OG0005761	GWHPDONJ010317	GWHPDONL010905
OG0005762	GWHPDONJ010318	GWHPDONL010906
OG0005763	GWHPDONJ010319	GWHPDONL009069
OG0005764	GWHPDONJ010326	GWHPDONL004713
OG0005765	GWHPDONJ010329	GWHPDONL010312
OG0005766	GWHPDONJ010330	GWHPDONL006723
OG0005767	GWHPDONJ010331	GWHPDONL006661
OG0005768	GWHPDONJ010334	GWHPDONL010763
OG0005769	GWHPDONJ010335	GWHPDONL002085
OG0005770	GWHPDONJ010336	GWHPDONL003308
OG0005771	GWHPDONJ010338	GWHPDONL012940
OG0005772	GWHPDONJ010342	GWHPDONL004708
OG0005773	GWHPDONJ010344	GWHPDONL001517
OG0005774	GWHPDONJ010348	GWHPDONL003990
OG0005775	GWHPDONJ010352	GWHPDONL003649
OG0005776	GWHPDONJ010356	GWHPDONL002387
OG0005777	GWHPDONJ010362	GWHPDONL008685
OG0005778	GWHPDONJ010363	GWHPDONL010770
OG0005779	GWHPDONJ010364	GWHPDONL004910
OG0005780	GWHPDONJ010365	GWHPDONL009402
OG0005781	GWHPDONJ010367	GWHPDONL010220
OG0005782	GWHPDONJ010368	GWHPDONL014077
OG0005783	GWHPDONJ010369	GWHPDONL014088
OG0005784	GWHPDONJ010370	GWHPDONL009705
OG0005785	GWHPDONJ010371	GWHPDONL013266
OG0005786	GWHPDONJ010378	GWHPDONL007024
OG0005787	GWHPDONJ010380	GWHPDONL005326
OG0005788	GWHPDONJ010381	GWHPDONL000647
OG0005789	GWHPDONJ010386	GWHPDONL000114
OG0005790	GWHPDONJ010387	GWHPDONL010571
OG0005791	GWHPDONJ010389	GWHPDONL004973
OG0005792	GWHPDONJ010391	GWHPDONL011272
OG0005793	GWHPDONJ010392	GWHPDONL000558
OG0005794	GWHPDONJ010393	GWHPDONL000539
OG0005795	GWHPDONJ010395	GWHPDONL006733
OG0005796	GWHPDONJ010396	GWHPDONL006734
OG0005797	GWHPDONJ010397	GWHPDONL006730
OG0005798	GWHPDONJ010398	GWHPDONL003878
OG0005799	GWHPDONJ010402	GWHPDONL003148
OG0005800	GWHPDONJ010403	GWHPDONL003146
OG0005801	GWHPDONJ010407	GWHPDONL006852
OG0005802	GWHPDONJ010409	GWHPDONL006848
OG0005803	GWHPDONJ010411	GWHPDONL009659
OG0005804	GWHPDONJ010412	GWHPDONL013960
OG0005805	GWHPDONJ010413	GWHPDONL009746
OG0005806	GWHPDONJ010416	GWHPDONL006839
OG0005807	GWHPDONJ010420	GWHPDONL001965
OG0005808	GWHPDONJ010421	GWHPDONL001966
OG0005809	GWHPDONJ010423	GWHPDONL011800
OG0005810	GWHPDONJ010424	GWHPDONL001463
OG0005811	GWHPDONJ010428	GWHPDONL001458
OG0005812	GWHPDONJ010430	GWHPDONL001453
OG0005813	GWHPDONJ010432	GWHPDONL003864
OG0005814	GWHPDONJ010433	GWHPDONL004673
OG0005815	GWHPDONJ010434	GWHPDONL003865
OG0005816	GWHPDONJ010440	GWHPDONL010778
OG0005817	GWHPDONJ010441	GWHPDONL010779
OG0005818	GWHPDONJ010442	GWHPDONL008264
OG0005819	GWHPDONJ010443	GWHPDONL008990
OG0005820	GWHPDONJ010445	GWHPDONL000133
OG0005821	GWHPDONJ010446	GWHPDONL012479
OG0005822	GWHPDONJ010447	GWHPDONL013871
OG0005823	GWHPDONJ010450	GWHPDONL012208
OG0005824	GWHPDONJ010451	GWHPDONL012213
OG0005825	GWHPDONJ010452	GWHPDONL012218
OG0005826	GWHPDONJ010455	GWHPDONL013868
OG0005827	GWHPDONJ010456	GWHPDONL013864
OG0005828	GWHPDONJ010457	GWHPDONL013863
OG0005829	GWHPDONJ010458	GWHPDONL007651
OG0005830	GWHPDONJ010459	GWHPDONL007657
OG0005831	GWHPDONJ010460	GWHPDONL007660
OG0005832	GWHPDONJ010462	GWHPDONL003930
OG0005833	GWHPDONJ010463	GWHPDONL009292
OG0005834	GWHPDONJ010464	GWHPDONL009295
OG0005835	GWHPDONJ010468	GWHPDONL012156
OG0005836	GWHPDONJ010470	GWHPDONL006104
OG0005837	GWHPDONJ010471	GWHPDONL002502
OG0005838	GWHPDONJ010472	GWHPDONL000658
OG0005839	GWHPDONJ010473	GWHPDONL002207
OG0005840	GWHPDONJ010475	GWHPDONL000360
OG0005841	GWHPDONJ010478	GWHPDONL014216
OG0005842	GWHPDONJ010482	GWHPDONL007983
OG0005843	GWHPDONJ010483	GWHPDONL010667
OG0005844	GWHPDONJ010484	GWHPDONL010601
OG0005845	GWHPDONJ010485	GWHPDONL013585
OG0005846	GWHPDONJ010486	GWHPDONL010661
OG0005847	GWHPDONJ010487	GWHPDONL010659
OG0005848	GWHPDONJ010488	GWHPDONL004616
OG0005849	GWHPDONJ010492	GWHPDONL001498
OG0005850	GWHPDONJ010493	GWHPDONL005985
OG0005851	GWHPDONJ010494	GWHPDONL011506
OG0005852	GWHPDONJ010495	GWHPDONL003105
OG0005853	GWHPDONJ010497	GWHPDONL005766
OG0005854	GWHPDONJ010499	GWHPDONL011505
OG0005855	GWHPDONJ010500	GWHPDONL013730
OG0005856	GWHPDONJ010505	GWHPDONL009382
OG0005857	GWHPDONJ010506	GWHPDONL000253
OG0005858	GWHPDONJ010507	GWHPDONL012615
OG0005859	GWHPDONJ010508	GWHPDONL008482
OG0005860	GWHPDONJ010511	GWHPDONL014158
OG0005861	GWHPDONJ010512	GWHPDONL003946
OG0005862	GWHPDONJ010518	GWHPDONL003937
OG0005863	GWHPDONJ010519	GWHPDONL007501
OG0005864	GWHPDONJ010520	GWHPDONL003933
OG0005865	GWHPDONJ010521	GWHPDONL011852
OG0005866	GWHPDONJ010524	GWHPDONL012175
OG0005867	GWHPDONJ010526	GWHPDONL011366
OG0005868	GWHPDONJ010529	GWHPDONL006351
OG0005869	GWHPDONJ010532	GWHPDONL005560
OG0005870	GWHPDONJ010533	GWHPDONL008756
OG0005871	GWHPDONJ010534	GWHPDONL013186
OG0005872	GWHPDONJ010538	GWHPDONL011341
OG0005873	GWHPDONJ010541	GWHPDONL000986
OG0005874	GWHPDONJ010543	GWHPDONL007164
OG0005875	GWHPDONJ010547	GWHPDONL005409
OG0005876	GWHPDONJ010548	GWHPDONL012402
OG0005877	GWHPDONJ010552	GWHPDONL003558
OG0005878	GWHPDONJ010565	GWHPDONL003071
OG0005879	GWHPDONJ010574	GWHPDONL007019
OG0005880	GWHPDONJ010583	GWHPDONL001776
OG0005881	GWHPDONJ010609	GWHPDONL013166
OG0005882	GWHPDONJ010610	GWHPDONL013168
OG0005883	GWHPDONJ010614	GWHPDONL013184
OG0005884	GWHPDONJ010615	GWHPDONL013185
OG0005885	GWHPDONJ010618	GWHPDONL005359
OG0005886	GWHPDONJ010621	GWHPDONL012469
OG0005887	GWHPDONJ010622	GWHPDONL005882
OG0005888	GWHPDONJ010628	GWHPDONL010489
OG0005889	GWHPDONJ010630	GWHPDONL010485
OG0005890	GWHPDONJ010631	GWHPDONL010486
OG0005891	GWHPDONJ010632	GWHPDONL010488
OG0005892	GWHPDONJ010633	GWHPDONL010483
OG0005893	GWHPDONJ010634	GWHPDONL010480
OG0005894	GWHPDONJ010636	GWHPDONL010584
OG0005895	GWHPDONJ010637	GWHPDONL008616
OG0005896	GWHPDONJ010639	GWHPDONL013839
OG0005897	GWHPDONJ010640	GWHPDONL010596
OG0005898	GWHPDONJ010642	GWHPDONL001783
OG0005899	GWHPDONJ010643	GWHPDONL011447
OG0005900	GWHPDONJ010644	GWHPDONL008754
OG0005901	GWHPDONJ010645	GWHPDONL009750
OG0005902	GWHPDONJ010646	GWHPDONL011867
OG0005903	GWHPDONJ010650	GWHPDONL001471
OG0005904	GWHPDONJ010652	GWHPDONL013353
OG0005905	GWHPDONJ010664	GWHPDONL013295
OG0005906	GWHPDONJ010668	GWHPDONL006701
OG0005907	GWHPDONJ010671	GWHPDONL002313
OG0005908	GWHPDONJ010675	GWHPDONL002300
OG0005909	GWHPDONJ010677	GWHPDONL002297
OG0005910	GWHPDONJ010679	GWHPDONL012958
OG0005911	GWHPDONJ010680	GWHPDONL004820
OG0005912	GWHPDONJ010681	GWHPDONL004826
OG0005913	GWHPDONJ010682	GWHPDONL012180
OG0005914	GWHPDONJ010684	GWHPDONL011807
OG0005915	GWHPDONJ010686	GWHPDONL010084
OG0005916	GWHPDONJ010689	GWHPDONL012195
OG0005917	GWHPDONJ010690	GWHPDONL012193
OG0005918	GWHPDONJ010692	GWHPDONL013909
OG0005919	GWHPDONJ010696	GWHPDONL007933
OG0005920	GWHPDONJ010697	GWHPDONL001001
OG0005921	GWHPDONJ010699	GWHPDONL000168
OG0005922	GWHPDONJ010700	GWHPDONL000166
OG0005923	GWHPDONJ010703	GWHPDONL012625
OG0005924	GWHPDONJ010704	GWHPDONL013328
OG0005925	GWHPDONJ010706	GWHPDONL007118
OG0005926	GWHPDONJ010711	GWHPDONL013896
OG0005927	GWHPDONJ010712	GWHPDONL013907
OG0005928	GWHPDONJ010715	GWHPDONL000997
OG0005929	GWHPDONJ010716	GWHPDONL000996
OG0005930	GWHPDONJ010719	GWHPDONL000970
OG0005931	GWHPDONJ010721	GWHPDONL007962
OG0005932	GWHPDONJ010722	GWHPDONL009897
OG0005933	GWHPDONJ010723	GWHPDONL007965
OG0005934	GWHPDONJ010725	GWHPDONL003935
OG0005935	GWHPDONJ010726	GWHPDONL000305
OG0005936	GWHPDONJ010727	GWHPDONL012695
OG0005937	GWHPDONJ010728	GWHPDONL002584
OG0005938	GWHPDONJ010730	GWHPDONL009273
OG0005939	GWHPDONJ010731	GWHPDONL002576
OG0005940	GWHPDONJ010732	GWHPDONL012366
OG0005941	GWHPDONJ010734	GWHPDONL012290
OG0005942	GWHPDONJ010738	GWHPDONL005994
OG0005943	GWHPDONJ010741	GWHPDONL013840
OG0005944	GWHPDONJ010742	GWHPDONL000201
OG0005945	GWHPDONJ010743	GWHPDONL006684
OG0005946	GWHPDONJ010747	GWHPDONL011547
OG0005947	GWHPDONJ010751	GWHPDONL007741
OG0005948	GWHPDONJ010753	GWHPDONL004250
OG0005949	GWHPDONJ010755	GWHPDONL010844
OG0005950	GWHPDONJ010756	GWHPDONL012282
OG0005951	GWHPDONJ010758	GWHPDONL013511
OG0005952	GWHPDONJ010763	GWHPDONL003579
OG0005953	GWHPDONJ010764	GWHPDONL011116
OG0005954	GWHPDONJ010767	GWHPDONL003846
OG0005955	GWHPDONJ010768	GWHPDONL003845
OG0005956	GWHPDONJ010772	GWHPDONL005683
OG0005957	GWHPDONJ010773	GWHPDONL010552
OG0005958	GWHPDONJ010775	GWHPDONL001637
OG0005959	GWHPDONJ010777	GWHPDONL010796
OG0005960	GWHPDONJ010784	GWHPDONL010561
OG0005961	GWHPDONJ010787	GWHPDONL005953
OG0005962	GWHPDONJ010792	GWHPDONL011495
OG0005963	GWHPDONJ010793	GWHPDONL007464
OG0005964	GWHPDONJ010794	GWHPDONL010294
OG0005965	GWHPDONJ010801	GWHPDONL013499
OG0005966	GWHPDONJ010807	GWHPDONL008444
OG0005967	GWHPDONJ010808	GWHPDONL004358
OG0005968	GWHPDONJ010809	GWHPDONL013594
OG0005969	GWHPDONJ010812	GWHPDONL013312
OG0005970	GWHPDONJ010816	GWHPDONL008423
OG0005971	GWHPDONJ010818	GWHPDONL013946
OG0005972	GWHPDONJ010819	GWHPDONL004628
OG0005973	GWHPDONJ010821	GWHPDONL010750
OG0005974	GWHPDONJ010824	GWHPDONL008276
OG0005975	GWHPDONJ010825	GWHPDONL000441
OG0005976	GWHPDONJ010828	GWHPDONL007530
OG0005977	GWHPDONJ010829	GWHPDONL003166
OG0005978	GWHPDONJ010830	GWHPDONL011633
OG0005979	GWHPDONJ010834	GWHPDONL000395
OG0005980	GWHPDONJ010836	GWHPDONL002671
OG0005981	GWHPDONJ010850	GWHPDONL004437
OG0005982	GWHPDONJ010854	GWHPDONL004444
OG0005983	GWHPDONJ010857	GWHPDONL013078
OG0005984	GWHPDONJ010864	GWHPDONL007560
OG0005985	GWHPDONJ010866	GWHPDONL013563
OG0005986	GWHPDONJ010868	GWHPDONL003659
OG0005987	GWHPDONJ010869	GWHPDONL003657
OG0005988	GWHPDONJ010871	GWHPDONL000079
OG0005989	GWHPDONJ010872	GWHPDONL001641
OG0005990	GWHPDONJ010873	GWHPDONL001644
OG0005991	GWHPDONJ010874	GWHPDONL007211
OG0005992	GWHPDONJ010875	GWHPDONL011699
OG0005993	GWHPDONJ010880	GWHPDONL001993
OG0005994	GWHPDONJ010881	GWHPDONL000954
OG0005995	GWHPDONJ010886	GWHPDONL002095
OG0005996	GWHPDONJ010891	GWHPDONL006988
OG0005997	GWHPDONJ010894	GWHPDONL005049
OG0005998	GWHPDONJ010896	GWHPDONL013126
OG0005999	GWHPDONJ010899	GWHPDONL001362
OG0006000	GWHPDONJ010900	GWHPDONL006995
OG0006001	GWHPDONJ010901	GWHPDONL006728
OG0006002	GWHPDONJ010906	GWHPDONL011022
OG0006003	GWHPDONJ010907	GWHPDONL003993
OG0006004	GWHPDONJ010908	GWHPDONL004880
OG0006005	GWHPDONJ010909	GWHPDONL003398
OG0006006	GWHPDONJ010910	GWHPDONL003401
OG0006007	GWHPDONJ010911	GWHPDONL003402
OG0006008	GWHPDONJ010912	GWHPDONL003404
OG0006009	GWHPDONJ010915	GWHPDONL011360
OG0006010	GWHPDONJ010919	GWHPDONL000298
OG0006011	GWHPDONJ010920	GWHPDONL014152
OG0006012	GWHPDONJ010922	GWHPDONL001153
OG0006013	Null	GWHPDONL000002, GWHPDONL000227
OG0006014	Null	GWHPDONL000017, GWHPDONL007451
OG0006015	Null	GWHPDONL000071, GWHPDONL011402
OG0006016	Null	GWHPDONL000080, GWHPDONL007890
OG0006017	Null	GWHPDONL000148, GWHPDONL011331
OG0006018	Null	GWHPDONL000149, GWHPDONL009543
OG0006019	Null	GWHPDONL000190, GWHPDONL008420
OG0006020	Null	GWHPDONL000195, GWHPDONL003110
OG0006021	Null	GWHPDONL000205, GWHPDONL007999
OG0006022	Null	GWHPDONL000217, GWHPDONL002553
OG0006023	Null	GWHPDONL000225, GWHPDONL002713
OG0006024	Null	GWHPDONL000247, GWHPDONL011981
OG0006025	Null	GWHPDONL000263, GWHPDONL010645
OG0006026	Null	GWHPDONL000266, GWHPDONL004039
OG0006027	Null	GWHPDONL000268, GWHPDONL005138
OG0006028	Null	GWHPDONL000292, GWHPDONL010721
OG0006029	Null	GWHPDONL000334, GWHPDONL000987
OG0006030	Null	GWHPDONL000339, GWHPDONL007605
OG0006031	Null	GWHPDONL000379, GWHPDONL006647
OG0006032	Null	GWHPDONL000389, GWHPDONL011675
OG0006033	Null	GWHPDONL000397, GWHPDONL007994
OG0006034	Null	GWHPDONL000414, GWHPDONL000525
OG0006035	Null	GWHPDONL000418, GWHPDONL007850
OG0006036	Null	GWHPDONL000423, GWHPDONL012707
OG0006037	Null	GWHPDONL000459, GWHPDONL012219
OG0006038	Null	GWHPDONL000461, GWHPDONL012227
OG0006039	Null	GWHPDONL000467, GWHPDONL002070
OG0006040	Null	GWHPDONL000470, GWHPDONL007632
OG0006041	Null	GWHPDONL000471, GWHPDONL006833
OG0006042	Null	GWHPDONL000476, GWHPDONL013898
OG0006043	Null	GWHPDONL000479, GWHPDONL003739
OG0006044	Null	GWHPDONL000487, GWHPDONL001172
OG0006045	Null	GWHPDONL000493, GWHPDONL013882
OG0006046	Null	GWHPDONL000494, GWHPDONL002644
OG0006047	Null	GWHPDONL000495, GWHPDONL011204
OG0006048	Null	GWHPDONL000557, GWHPDONL002248
OG0006049	Null	GWHPDONL000604, GWHPDONL010723
OG0006050	Null	GWHPDONL000606, GWHPDONL009622
OG0006051	Null	GWHPDONL000617, GWHPDONL003690
OG0006052	Null	GWHPDONL000620, GWHPDONL014013
OG0006053	Null	GWHPDONL000631, GWHPDONL008674
OG0006054	Null	GWHPDONL000652, GWHPDONL007789
OG0006055	Null	GWHPDONL000654, GWHPDONL002337
OG0006056	Null	GWHPDONL000656, GWHPDONL011314
OG0006057	Null	GWHPDONL000678, GWHPDONL002939
OG0006058	Null	GWHPDONL000710, GWHPDONL012998
OG0006059	Null	GWHPDONL000738, GWHPDONL014114
OG0006060	Null	GWHPDONL000783, GWHPDONL014086
OG0006061	Null	GWHPDONL000798, GWHPDONL011670
OG0006062	Null	GWHPDONL000814, GWHPDONL014175
OG0006063	Null	GWHPDONL000865, GWHPDONL011281
OG0006064	Null	GWHPDONL000869, GWHPDONL009804
OG0006065	Null	GWHPDONL000881, GWHPDONL007535
OG0006066	Null	GWHPDONL000899, GWHPDONL002197
OG0006067	Null	GWHPDONL000900, GWHPDONL002284
OG0006068	Null	GWHPDONL000920, GWHPDONL001831
OG0006069	Null	GWHPDONL000927, GWHPDONL008909
OG0006070	Null	GWHPDONL000930, GWHPDONL002977
OG0006071	Null	GWHPDONL000932, GWHPDONL006540
OG0006072	Null	GWHPDONL000973, GWHPDONL006542
OG0006073	Null	GWHPDONL000980, GWHPDONL005226
OG0006074	Null	GWHPDONL000982, GWHPDONL001922
OG0006075	Null	GWHPDONL000985, GWHPDONL001545
OG0006076	Null	GWHPDONL001008, GWHPDONL007018
OG0006077	Null	GWHPDONL001027, GWHPDONL003372
OG0006078	Null	GWHPDONL001028, GWHPDONL010261
OG0006079	Null	GWHPDONL001029, GWHPDONL005294
OG0006080	Null	GWHPDONL001051, GWHPDONL013117
OG0006081	Null	GWHPDONL001079, GWHPDONL010995
OG0006082	Null	GWHPDONL001082, GWHPDONL014168
OG0006083	Null	GWHPDONL001092, GWHPDONL007423
OG0006084	Null	GWHPDONL001104, GWHPDONL011671
OG0006085	Null	GWHPDONL001123, GWHPDONL007788
OG0006086	Null	GWHPDONL001143, GWHPDONL010535
OG0006087	Null	GWHPDONL001170, GWHPDONL002367
OG0006088	Null	GWHPDONL001171, GWHPDONL002366
OG0006089	Null	GWHPDONL001186, GWHPDONL002351
OG0006090	Null	GWHPDONL001189, GWHPDONL004370
OG0006091	Null	GWHPDONL001209, GWHPDONL012488
OG0006092	Null	GWHPDONL001213, GWHPDONL001487
OG0006093	Null	GWHPDONL001218, GWHPDONL006115
OG0006094	Null	GWHPDONL001228, GWHPDONL004408
OG0006095	Null	GWHPDONL001238, GWHPDONL002268
OG0006096	Null	GWHPDONL001239, GWHPDONL006381
OG0006097	Null	GWHPDONL001245, GWHPDONL001626
OG0006098	Null	GWHPDONL001279, GWHPDONL011628
OG0006099	Null	GWHPDONL001286, GWHPDONL007552
OG0006100	Null	GWHPDONL001287, GWHPDONL003128
OG0006101	Null	GWHPDONL001293, GWHPDONL009731
OG0006102	Null	GWHPDONL001331, GWHPDONL009498
OG0006103	Null	GWHPDONL001333, GWHPDONL001334
OG0006104	Null	GWHPDONL001367, GWHPDONL009356
OG0006105	Null	GWHPDONL001385, GWHPDONL008481
OG0006106	Null	GWHPDONL001400, GWHPDONL007926
OG0006107	Null	GWHPDONL001425, GWHPDONL007362
OG0006108	Null	GWHPDONL001441, GWHPDONL009501
OG0006109	Null	GWHPDONL001466, GWHPDONL009171
OG0006110	Null	GWHPDONL001493, GWHPDONL013965
OG0006111	Null	GWHPDONL001533, GWHPDONL004526
OG0006112	Null	GWHPDONL001534, GWHPDONL012085
OG0006113	Null	GWHPDONL001541, GWHPDONL008568
OG0006114	Null	GWHPDONL001543, GWHPDONL006359
OG0006115	Null	GWHPDONL001555, GWHPDONL005308
OG0006116	Null	GWHPDONL001563, GWHPDONL001871
OG0006117	Null	GWHPDONL001569, GWHPDONL004574
OG0006118	Null	GWHPDONL001638, GWHPDONL006136
OG0006119	Null	GWHPDONL001643, GWHPDONL002683
OG0006120	Null	GWHPDONL001648, GWHPDONL005012
OG0006121	Null	GWHPDONL001665, GWHPDONL004657
OG0006122	Null	GWHPDONL001696, GWHPDONL012431
OG0006123	Null	GWHPDONL001700, GWHPDONL010624
OG0006124	Null	GWHPDONL001737, GWHPDONL003945
OG0006125	Null	GWHPDONL001755, GWHPDONL012409
OG0006126	Null	GWHPDONL001766, GWHPDONL001959
OG0006127	Null	GWHPDONL001841, GWHPDONL006856
OG0006128	Null	GWHPDONL001854, GWHPDONL003295
OG0006129	Null	GWHPDONL001866, GWHPDONL008510
OG0006130	Null	GWHPDONL001873, GWHPDONL005301
OG0006131	Null	GWHPDONL001896, GWHPDONL014189
OG0006132	Null	GWHPDONL001928, GWHPDONL006911
OG0006133	Null	GWHPDONL001929, GWHPDONL012368
OG0006134	Null	GWHPDONL001952, GWHPDONL010903
OG0006135	Null	GWHPDONL001958, GWHPDONL009049
OG0006136	Null	GWHPDONL002002, GWHPDONL002594
OG0006137	Null	GWHPDONL002003, GWHPDONL012492
OG0006138	Null	GWHPDONL002016, GWHPDONL010329
OG0006139	Null	GWHPDONL002031, GWHPDONL003428
OG0006140	Null	GWHPDONL002048, GWHPDONL009912
OG0006141	Null	GWHPDONL002049, GWHPDONL002050
OG0006142	Null	GWHPDONL002093, GWHPDONL007577
OG0006143	Null	GWHPDONL002119, GWHPDONL012099
OG0006144	Null	GWHPDONL002164, GWHPDONL002165
OG0006145	Null	GWHPDONL002200, GWHPDONL012373
OG0006146	Null	GWHPDONL002204, GWHPDONL009022
OG0006147	Null	GWHPDONL002210, GWHPDONL008848
OG0006148	Null	GWHPDONL002278, GWHPDONL007734
OG0006149	Null	GWHPDONL002306, GWHPDONL007918
OG0006150	Null	GWHPDONL002328, GWHPDONL002877
OG0006151	Null	GWHPDONL002329, GWHPDONL008868
OG0006152	Null	GWHPDONL002352, GWHPDONL013693
OG0006153	Null	GWHPDONL002358, GWHPDONL010630
OG0006154	Null	GWHPDONL002373, GWHPDONL004604
OG0006155	Null	GWHPDONL002375, GWHPDONL010870
OG0006156	Null	GWHPDONL002389, GWHPDONL009526
OG0006157	Null	GWHPDONL002395, GWHPDONL007143
OG0006158	Null	GWHPDONL002406, GWHPDONL007831
OG0006159	Null	GWHPDONL002430, GWHPDONL004116
OG0006160	Null	GWHPDONL002447, GWHPDONL003854
OG0006161	Null	GWHPDONL002453, GWHPDONL013853
OG0006162	Null	GWHPDONL002462, GWHPDONL011084
OG0006163	Null	GWHPDONL002483, GWHPDONL012965
OG0006164	Null	GWHPDONL002547, GWHPDONL008670
OG0006165	Null	GWHPDONL002555, GWHPDONL008931
OG0006166	Null	GWHPDONL002560, GWHPDONL009219
OG0006167	Null	GWHPDONL002607, GWHPDONL004012
OG0006168	Null	GWHPDONL002621, GWHPDONL006404
OG0006169	Null	GWHPDONL002626, GWHPDONL006049
OG0006170	Null	GWHPDONL002632, GWHPDONL006548
OG0006171	Null	GWHPDONL002679, GWHPDONL010218
OG0006172	Null	GWHPDONL002687, GWHPDONL002824
OG0006173	Null	GWHPDONL002758, GWHPDONL011945
OG0006174	Null	GWHPDONL002765, GWHPDONL012380
OG0006175	Null	GWHPDONL002776, GWHPDONL003023
OG0006176	Null	GWHPDONL002782, GWHPDONL007185
OG0006177	Null	GWHPDONL002784, GWHPDONL005856
OG0006178	Null	GWHPDONL002792, GWHPDONL003201
OG0006179	Null	GWHPDONL002804, GWHPDONL010241
OG0006180	Null	GWHPDONL002841, GWHPDONL014140
OG0006181	Null	GWHPDONL002842, GWHPDONL008741
OG0006182	Null	GWHPDONL002849, GWHPDONL002850
OG0006183	Null	GWHPDONL002861, GWHPDONL007367
OG0006184	Null	GWHPDONL002862, GWHPDONL002863
OG0006185	Null	GWHPDONL002903, GWHPDONL005663
OG0006186	Null	GWHPDONL002916, GWHPDONL013992
OG0006187	Null	GWHPDONL002923, GWHPDONL002924
OG0006188	Null	GWHPDONL002940, GWHPDONL006278
OG0006189	Null	GWHPDONL002945, GWHPDONL005296
OG0006190	Null	GWHPDONL002951, GWHPDONL013405
OG0006191	Null	GWHPDONL002964, GWHPDONL003338
OG0006192	Null	GWHPDONL002989, GWHPDONL005952
OG0006193	Null	GWHPDONL003012, GWHPDONL006380
OG0006194	Null	GWHPDONL003013, GWHPDONL013333
OG0006195	Null	GWHPDONL003017, GWHPDONL010308
OG0006196	Null	GWHPDONL003060, GWHPDONL009761
OG0006197	Null	GWHPDONL003130, GWHPDONL010269
OG0006198	Null	GWHPDONL003190, GWHPDONL003567
OG0006199	Null	GWHPDONL003197, GWHPDONL011759
OG0006200	Null	GWHPDONL003222, GWHPDONL013066
OG0006201	Null	GWHPDONL003226, GWHPDONL003227
OG0006202	Null	GWHPDONL003229, GWHPDONL013434
OG0006203	Null	GWHPDONL003266, GWHPDONL004500
OG0006204	Null	GWHPDONL003277, GWHPDONL005584
OG0006205	Null	GWHPDONL003289, GWHPDONL003366
OG0006206	Null	GWHPDONL003305, GWHPDONL010887
OG0006207	Null	GWHPDONL003352, GWHPDONL004547
OG0006208	Null	GWHPDONL003381, GWHPDONL011528
OG0006209	Null	GWHPDONL003386, GWHPDONL010093
OG0006210	Null	GWHPDONL003435, GWHPDONL012614
OG0006211	Null	GWHPDONL003484, GWHPDONL011745
OG0006212	Null	GWHPDONL003486, GWHPDONL003487
OG0006213	Null	GWHPDONL003523, GWHPDONL009903
OG0006214	Null	GWHPDONL003537, GWHPDONL009418
OG0006215	Null	GWHPDONL003591, GWHPDONL011873
OG0006216	Null	GWHPDONL003619, GWHPDONL010773
OG0006217	Null	GWHPDONL003640, GWHPDONL006893
OG0006218	Null	GWHPDONL003642, GWHPDONL010274
OG0006219	Null	GWHPDONL003696, GWHPDONL011326
OG0006220	Null	GWHPDONL003728, GWHPDONL004972
OG0006221	Null	GWHPDONL003735, GWHPDONL009870
OG0006222	Null	GWHPDONL003744, GWHPDONL009180
OG0006223	Null	GWHPDONL003767, GWHPDONL009794
OG0006224	Null	GWHPDONL003848, GWHPDONL010217
OG0006225	Null	GWHPDONL003886, GWHPDONL013683
OG0006226	Null	GWHPDONL003898, GWHPDONL006806
OG0006227	Null	GWHPDONL003900, GWHPDONL012708
OG0006228	Null	GWHPDONL003909, GWHPDONL011175
OG0006229	Null	GWHPDONL003950, GWHPDONL005715
OG0006230	Null	GWHPDONL003962, GWHPDONL010771
OG0006231	Null	GWHPDONL003972, GWHPDONL004312
OG0006232	Null	GWHPDONL003980, GWHPDONL008958
OG0006233	Null	GWHPDONL004020, GWHPDONL007383
OG0006234	Null	GWHPDONL004035, GWHPDONL005204
OG0006235	Null	GWHPDONL004124, GWHPDONL004125
OG0006236	Null	GWHPDONL004132, GWHPDONL010043
OG0006237	Null	GWHPDONL004145, GWHPDONL013672
OG0006238	Null	GWHPDONL004175, GWHPDONL011603
OG0006239	Null	GWHPDONL004190, GWHPDONL011634
OG0006240	Null	GWHPDONL004191, GWHPDONL011961
OG0006241	Null	GWHPDONL004200, GWHPDONL004201
OG0006242	Null	GWHPDONL004213, GWHPDONL004214
OG0006243	Null	GWHPDONL004215, GWHPDONL007184
OG0006244	Null	GWHPDONL004223, GWHPDONL004226
OG0006245	Null	GWHPDONL004251, GWHPDONL010365
OG0006246	Null	GWHPDONL004252, GWHPDONL014018
OG0006247	Null	GWHPDONL004253, GWHPDONL004254
OG0006248	Null	GWHPDONL004269, GWHPDONL004270
OG0006249	Null	GWHPDONL004285, GWHPDONL009777
OG0006250	Null	GWHPDONL004296, GWHPDONL005482
OG0006251	Null	GWHPDONL004317, GWHPDONL010612
OG0006252	Null	GWHPDONL004339, GWHPDONL012745
OG0006253	Null	GWHPDONL004354, GWHPDONL005857
OG0006254	Null	GWHPDONL004357, GWHPDONL009709
OG0006255	Null	GWHPDONL004378, GWHPDONL005392
OG0006256	Null	GWHPDONL004384, GWHPDONL009415
OG0006257	Null	GWHPDONL004427, GWHPDONL013389
OG0006258	Null	GWHPDONL004458, GWHPDONL007939
OG0006259	Null	GWHPDONL004464, GWHPDONL013867
OG0006260	Null	GWHPDONL004504, GWHPDONL008559
OG0006261	Null	GWHPDONL004511, GWHPDONL011551
OG0006262	Null	GWHPDONL004533, GWHPDONL009027
OG0006263	Null	GWHPDONL004541, GWHPDONL010380
OG0006264	Null	GWHPDONL004564, GWHPDONL007627
OG0006265	Null	GWHPDONL004591, GWHPDONL007537
OG0006266	Null	GWHPDONL004598, GWHPDONL007736
OG0006267	Null	GWHPDONL004625, GWHPDONL013110
OG0006268	Null	GWHPDONL004630, GWHPDONL005554
OG0006269	Null	GWHPDONL004650, GWHPDONL012650
OG0006270	Null	GWHPDONL004674, GWHPDONL008024
OG0006271	Null	GWHPDONL004680, GWHPDONL006747
OG0006272	Null	GWHPDONL004712, GWHPDONL009987
OG0006273	Null	GWHPDONL004751, GWHPDONL006171
OG0006274	Null	GWHPDONL004755, GWHPDONL010606
OG0006275	Null	GWHPDONL004760, GWHPDONL008523
OG0006276	Null	GWHPDONL004771, GWHPDONL010243
OG0006277	Null	GWHPDONL004790, GWHPDONL004791
OG0006278	Null	GWHPDONL004812, GWHPDONL007467
OG0006279	Null	GWHPDONL004838, GWHPDONL004993
OG0006280	Null	GWHPDONL004841, GWHPDONL012850
OG0006281	Null	GWHPDONL004848, GWHPDONL014167
OG0006282	Null	GWHPDONL004873, GWHPDONL012567
OG0006283	Null	GWHPDONL004894, GWHPDONL010058
OG0006284	Null	GWHPDONL004898, GWHPDONL013754
OG0006285	Null	GWHPDONL004899, GWHPDONL004900
OG0006286	Null	GWHPDONL004942, GWHPDONL007624
OG0006287	Null	GWHPDONL004944, GWHPDONL007620
OG0006288	Null	GWHPDONL004967, GWHPDONL013227
OG0006289	Null	GWHPDONL004987, GWHPDONL012851
OG0006290	Null	GWHPDONL004991, GWHPDONL012848
OG0006291	Null	GWHPDONL005006, GWHPDONL007378
OG0006292	Null	GWHPDONL005016, GWHPDONL007778
OG0006293	Null	GWHPDONL005070, GWHPDONL005271
OG0006294	Null	GWHPDONL005079, GWHPDONL009086
OG0006295	Null	GWHPDONL005119, GWHPDONL007440
OG0006296	Null	GWHPDONL005132, GWHPDONL007448
OG0006297	Null	GWHPDONL005185, GWHPDONL006310
OG0006298	Null	GWHPDONL005197, GWHPDONL007677
OG0006299	Null	GWHPDONL005211, GWHPDONL010739
OG0006300	Null	GWHPDONL005224, GWHPDONL007037
OG0006301	Null	GWHPDONL005265, GWHPDONL010476
OG0006302	Null	GWHPDONL005286, GWHPDONL005452
OG0006303	Null	GWHPDONL005287, GWHPDONL005451
OG0006304	Null	GWHPDONL005291, GWHPDONL008204
OG0006305	Null	GWHPDONL005305, GWHPDONL013152
OG0006306	Null	GWHPDONL005318, GWHPDONL010851
OG0006307	Null	GWHPDONL005337, GWHPDONL005338
OG0006308	Null	GWHPDONL005350, GWHPDONL011851
OG0006309	Null	GWHPDONL005352, GWHPDONL009425
OG0006310	Null	GWHPDONL005365, GWHPDONL005366
OG0006311	Null	GWHPDONL005401, GWHPDONL005817
OG0006312	Null	GWHPDONL005402, GWHPDONL006283
OG0006313	Null	GWHPDONL005418, GWHPDONL012640
OG0006314	Null	GWHPDONL005498, GWHPDONL008922
OG0006315	Null	GWHPDONL005526, GWHPDONL012839
OG0006316	Null	GWHPDONL005529, GWHPDONL005530
OG0006317	Null	GWHPDONL005539, GWHPDONL010184
OG0006318	Null	GWHPDONL005547, GWHPDONL008161
OG0006319	Null	GWHPDONL005576, GWHPDONL012968
OG0006320	Null	GWHPDONL005603, GWHPDONL008920
OG0006321	Null	GWHPDONL005619, GWHPDONL006543
OG0006322	Null	GWHPDONL005624, GWHPDONL009829
OG0006323	Null	GWHPDONL005625, GWHPDONL010040
OG0006324	Null	GWHPDONL005635, GWHPDONL005636
OG0006325	Null	GWHPDONL005695, GWHPDONL009369
OG0006326	Null	GWHPDONL005705, GWHPDONL013880
OG0006327	Null	GWHPDONL005719, GWHPDONL010813
OG0006328	Null	GWHPDONL005723, GWHPDONL009745
OG0006329	Null	GWHPDONL005724, GWHPDONL013417
OG0006330	Null	GWHPDONL005743, GWHPDONL013054
OG0006331	Null	GWHPDONL005759, GWHPDONL005760
OG0006332	Null	GWHPDONL005771, GWHPDONL009408
OG0006333	Null	GWHPDONL005784, GWHPDONL006621
OG0006334	Null	GWHPDONL005806, GWHPDONL009119
OG0006335	Null	GWHPDONL005855, GWHPDONL005968
OG0006336	Null	GWHPDONL005872, GWHPDONL011383
OG0006337	Null	GWHPDONL005899, GWHPDONL007796
OG0006338	Null	GWHPDONL005956, GWHPDONL007114
OG0006339	Null	GWHPDONL005981, GWHPDONL007066
OG0006340	Null	GWHPDONL006028, GWHPDONL008795
OG0006341	Null	GWHPDONL006035, GWHPDONL011697
OG0006342	Null	GWHPDONL006044, GWHPDONL010590
OG0006343	Null	GWHPDONL006045, GWHPDONL011218
OG0006344	Null	GWHPDONL006052, GWHPDONL012406
OG0006345	Null	GWHPDONL006063, GWHPDONL006064
OG0006346	Null	GWHPDONL006073, GWHPDONL006083
OG0006347	Null	GWHPDONL006086, GWHPDONL007408
OG0006348	Null	GWHPDONL006100, GWHPDONL009607
OG0006349	Null	GWHPDONL006120, GWHPDONL007303
OG0006350	Null	GWHPDONL006133, GWHPDONL010178
OG0006351	Null	GWHPDONL006209, GWHPDONL012132
OG0006352	Null	GWHPDONL006249, GWHPDONL008469
OG0006353	Null	GWHPDONL006301, GWHPDONL010091
OG0006354	Null	GWHPDONL006343, GWHPDONL007524
OG0006355	Null	GWHPDONL006435, GWHPDONL010008
OG0006356	Null	GWHPDONL006475, GWHPDONL008530
OG0006357	Null	GWHPDONL006504, GWHPDONL009256
OG0006358	Null	GWHPDONL006632, GWHPDONL012751
OG0006359	Null	GWHPDONL006749, GWHPDONL006776
OG0006360	Null	GWHPDONL006750, GWHPDONL014028
OG0006361	Null	GWHPDONL006764, GWHPDONL013620
OG0006362	Null	GWHPDONL006771, GWHPDONL010986
OG0006363	Null	GWHPDONL006795, GWHPDONL010427
OG0006364	Null	GWHPDONL006823, GWHPDONL008812
OG0006365	Null	GWHPDONL006847, GWHPDONL010928
OG0006366	Null	GWHPDONL006870, GWHPDONL013954
OG0006367	Null	GWHPDONL006880, GWHPDONL012343
OG0006368	Null	GWHPDONL006891, GWHPDONL006892
OG0006369	Null	GWHPDONL006920, GWHPDONL008202
OG0006370	Null	GWHPDONL006944, GWHPDONL009190
OG0006371	Null	GWHPDONL006955, GWHPDONL010111
OG0006372	Null	GWHPDONL006977, GWHPDONL014075
OG0006373	Null	GWHPDONL007000, GWHPDONL007178
OG0006374	Null	GWHPDONL007003, GWHPDONL008221
OG0006375	Null	GWHPDONL007004, GWHPDONL014169
OG0006376	Null	GWHPDONL007042, GWHPDONL008570
OG0006377	Null	GWHPDONL007123, GWHPDONL010809
OG0006378	Null	GWHPDONL007130, GWHPDONL013111
OG0006379	Null	GWHPDONL007132, GWHPDONL008589
OG0006380	Null	GWHPDONL007152, GWHPDONL013466
OG0006381	Null	GWHPDONL007189, GWHPDONL007311
OG0006382	Null	GWHPDONL007201, GWHPDONL009431
OG0006383	Null	GWHPDONL007219, GWHPDONL007504
OG0006384	Null	GWHPDONL007234, GWHPDONL010024
OG0006385	Null	GWHPDONL007239, GWHPDONL010052
OG0006386	Null	GWHPDONL007297, GWHPDONL007298
OG0006387	Null	GWHPDONL007331, GWHPDONL012987
OG0006388	Null	GWHPDONL007370, GWHPDONL013747
OG0006389	Null	GWHPDONL007433, GWHPDONL010918
OG0006390	Null	GWHPDONL007442, GWHPDONL007444
OG0006391	Null	GWHPDONL007542, GWHPDONL010512
OG0006392	Null	GWHPDONL007546, GWHPDONL008209
OG0006393	Null	GWHPDONL007557, GWHPDONL008251
OG0006394	Null	GWHPDONL007595, GWHPDONL008935
OG0006395	Null	GWHPDONL007607, GWHPDONL008698
OG0006396	Null	GWHPDONL007661, GWHPDONL013783
OG0006397	Null	GWHPDONL007670, GWHPDONL013535
OG0006398	Null	GWHPDONL007674, GWHPDONL012307
OG0006399	Null	GWHPDONL007681, GWHPDONL007730
OG0006400	Null	GWHPDONL007682, GWHPDONL009708
OG0006401	Null	GWHPDONL007728, GWHPDONL008762
OG0006402	Null	GWHPDONL007729, GWHPDONL010481
OG0006403	Null	GWHPDONL007763, GWHPDONL013578
OG0006404	Null	GWHPDONL007766, GWHPDONL010067
OG0006405	Null	GWHPDONL007815, GWHPDONL010354
OG0006406	Null	GWHPDONL007859, GWHPDONL012710
OG0006407	Null	GWHPDONL007875, GWHPDONL007876
OG0006408	Null	GWHPDONL007892, GWHPDONL012308
OG0006409	Null	GWHPDONL007912, GWHPDONL010339
OG0006410	Null	GWHPDONL007947, GWHPDONL014215
OG0006411	Null	GWHPDONL007954, GWHPDONL010649
OG0006412	Null	GWHPDONL007984, GWHPDONL009120
OG0006413	Null	GWHPDONL008004, GWHPDONL010617
OG0006414	Null	GWHPDONL008036, GWHPDONL009946
OG0006415	Null	GWHPDONL008097, GWHPDONL009990
OG0006416	Null	GWHPDONL008105, GWHPDONL009018
OG0006417	Null	GWHPDONL008122, GWHPDONL013024
OG0006418	Null	GWHPDONL008129, GWHPDONL009061
OG0006419	Null	GWHPDONL008138, GWHPDONL008351
OG0006420	Null	GWHPDONL008149, GWHPDONL008437
OG0006421	Null	GWHPDONL008166, GWHPDONL013790
OG0006422	Null	GWHPDONL008180, GWHPDONL011340
OG0006423	Null	GWHPDONL008181, GWHPDONL008622
OG0006424	Null	GWHPDONL008208, GWHPDONL010088
OG0006425	Null	GWHPDONL008298, GWHPDONL008299
OG0006426	Null	GWHPDONL008307, GWHPDONL008347
OG0006427	Null	GWHPDONL008334, GWHPDONL008413
OG0006428	Null	GWHPDONL008355, GWHPDONL010441
OG0006429	Null	GWHPDONL008359, GWHPDONL012674
OG0006430	Null	GWHPDONL008381, GWHPDONL010533
OG0006431	Null	GWHPDONL008382, GWHPDONL009291
OG0006432	Null	GWHPDONL008387, GWHPDONL012801
OG0006433	Null	GWHPDONL008390, GWHPDONL008391
OG0006434	Null	GWHPDONL008573, GWHPDONL012668
OG0006435	Null	GWHPDONL008649, GWHPDONL010176
OG0006436	Null	GWHPDONL008669, GWHPDONL013408
OG0006437	Null	GWHPDONL008681, GWHPDONL013957
OG0006438	Null	GWHPDONL008691, GWHPDONL010288
OG0006439	Null	GWHPDONL008794, GWHPDONL011700
OG0006440	Null	GWHPDONL008828, GWHPDONL011858
OG0006441	Null	GWHPDONL008871, GWHPDONL012382
OG0006442	Null	GWHPDONL008889, GWHPDONL008890
OG0006443	Null	GWHPDONL008938, GWHPDONL008939
OG0006444	Null	GWHPDONL008951, GWHPDONL011053
OG0006445	Null	GWHPDONL009109, GWHPDONL010347
OG0006446	Null	GWHPDONL009118, GWHPDONL013718
OG0006447	Null	GWHPDONL009159, GWHPDONL012772
OG0006448	Null	GWHPDONL009174, GWHPDONL012459
OG0006449	Null	GWHPDONL009250, GWHPDONL012311
OG0006450	Null	GWHPDONL009281, GWHPDONL012131
OG0006451	Null	GWHPDONL009409, GWHPDONL011150
OG0006452	Null	GWHPDONL009432, GWHPDONL013023
OG0006453	Null	GWHPDONL009475, GWHPDONL012450
OG0006454	Null	GWHPDONL009518, GWHPDONL009519
OG0006455	Null	GWHPDONL009623, GWHPDONL012579
OG0006456	Null	GWHPDONL009657, GWHPDONL009658
OG0006457	Null	GWHPDONL009666, GWHPDONL013129
OG0006458	Null	GWHPDONL009688, GWHPDONL012607
OG0006459	Null	GWHPDONL009694, GWHPDONL010117
OG0006460	Null	GWHPDONL009741, GWHPDONL013854
OG0006461	Null	GWHPDONL009744, GWHPDONL012214
OG0006462	Null	GWHPDONL009857, GWHPDONL013402
OG0006463	Null	GWHPDONL009868, GWHPDONL010527
OG0006464	Null	GWHPDONL009909, GWHPDONL012518
OG0006465	Null	GWHPDONL009929, GWHPDONL013509
OG0006466	Null	GWHPDONL009978, GWHPDONL009979
OG0006467	Null	GWHPDONL010027, GWHPDONL011262
OG0006468	Null	GWHPDONL010089, GWHPDONL010090
OG0006469	Null	GWHPDONL010107, GWHPDONL011496
OG0006470	Null	GWHPDONL010108, GWHPDONL011277
OG0006471	Null	GWHPDONL010122, GWHPDONL013372
OG0006472	Null	GWHPDONL010276, GWHPDONL010277
OG0006473	Null	GWHPDONL010307, GWHPDONL010708
OG0006474	Null	GWHPDONL010323, GWHPDONL013442
OG0006475	Null	GWHPDONL010330, GWHPDONL010331
OG0006476	Null	GWHPDONL010342, GWHPDONL013924
OG0006477	Null	GWHPDONL010417, GWHPDONL012446
OG0006478	Null	GWHPDONL010456, GWHPDONL013303
OG0006479	Null	GWHPDONL010479, GWHPDONL013964
OG0006480	Null	GWHPDONL010570, GWHPDONL010951
OG0006481	Null	GWHPDONL010629, GWHPDONL012907
OG0006482	Null	GWHPDONL010640, GWHPDONL012604
OG0006483	Null	GWHPDONL010664, GWHPDONL013788
OG0006484	Null	GWHPDONL010808, GWHPDONL013962
OG0006485	Null	GWHPDONL010834, GWHPDONL010835
OG0006486	Null	GWHPDONL010836, GWHPDONL010837
OG0006487	Null	GWHPDONL010847, GWHPDONL012089
OG0006488	Null	GWHPDONL010876, GWHPDONL010877
OG0006489	Null	GWHPDONL010892, GWHPDONL010893
OG0006490	Null	GWHPDONL010917, GWHPDONL012117
OG0006491	Null	GWHPDONL010936, GWHPDONL013371
OG0006492	Null	GWHPDONL011041, GWHPDONL011100
OG0006493	Null	GWHPDONL011098, GWHPDONL014110
OG0006494	Null	GWHPDONL011099, GWHPDONL012041
OG0006495	Null	GWHPDONL011114, GWHPDONL012111
OG0006496	Null	GWHPDONL011117, GWHPDONL011118
OG0006497	Null	GWHPDONL011241, GWHPDONL011923
OG0006498	Null	GWHPDONL011500, GWHPDONL012910
OG0006499	Null	GWHPDONL011513, GWHPDONL012946
OG0006500	Null	GWHPDONL011542, GWHPDONL014087
OG0006501	Null	GWHPDONL011560, GWHPDONL012535
OG0006502	Null	GWHPDONL011573, GWHPDONL013245
OG0006503	Null	GWHPDONL011586, GWHPDONL011587
OG0006504	Null	GWHPDONL011612, GWHPDONL014176
OG0006505	Null	GWHPDONL011801, GWHPDONL013370
OG0006506	Null	GWHPDONL011813, GWHPDONL014050
OG0006507	Null	GWHPDONL011823, GWHPDONL012240
OG0006508	Null	GWHPDONL011885, GWHPDONL011886
OG0006509	Null	GWHPDONL011995, GWHPDONL012872
OG0006510	Null	GWHPDONL012050, GWHPDONL012654
OG0006511	Null	GWHPDONL012137, GWHPDONL012138
OG0006512	Null	GWHPDONL012241, GWHPDONL012730
OG0006513	Null	GWHPDONL012303, GWHPDONL012304
OG0006514	Null	GWHPDONL012475, GWHPDONL012476
OG0006515	Null	GWHPDONL012512, GWHPDONL012513
OG0006516	Null	GWHPDONL012516, GWHPDONL013043
OG0006517	Null	GWHPDONL012723, GWHPDONL012726
OG0006518	Null	GWHPDONL012753, GWHPDONL013721
OG0006519	Null	GWHPDONL012762, GWHPDONL012763
OG0006520	Null	GWHPDONL012830, GWHPDONL013803
OG0006521	Null	GWHPDONL012920, GWHPDONL014084
OG0006522	Null	GWHPDONL012923, GWHPDONL013249
OG0006523	Null	GWHPDONL013122, GWHPDONL013998
OG0006524	Null	GWHPDONL013451, GWHPDONL013452
OG0006525	Null	GWHPDONL013603, GWHPDONL013947
OG0006526	Null	GWHPDONL013609, GWHPDONL013943
