Orthogroup	Sanguina_aurantia-Ranunculales-Chlamydomonadaceae-Sanguina-1.prot	Sanguina_aurantia-Ranunculales-Chlamydomonadaceae-Sanguina-2.prot
OG0000000	MEW5309097.1, MEW5309291.1, MEW5310341.1, MEW5310888.1, MEW5313169.1, MEW5314126.1, MEW5314127.1, MEW5314128.1, MEW5314129.1, MEW5314130.1, MEW5314479.1, MEW5316403.1, MEW5316404.1, MEW5316757.1, MEW5316969.1, MEW5317441.1, MEW5317896.1, MEW5318134.1, MEW5318475.1, MEW5318476.1, MEW5318477.1, MEW5318902.1, MEW5319223.1, MEW5319495.1, MEW5319548.1	MEW5303557.1, MEW5303668.1, MEW5304947.1, MEW5305312.1, MEW5305313.1, MEW5306205.1, MEW5306731.1, MEW5306921.1
OG0000001	MEW5308545.1, MEW5308550.1, MEW5308588.1, MEW5312458.1, MEW5312478.1, MEW5312490.1, MEW5312771.1, MEW5312780.1, MEW5312963.1, MEW5312975.1, MEW5313730.1, MEW5313738.1, MEW5313752.1	MEW5298723.1, MEW5298760.1, MEW5298764.1, MEW5299374.1, MEW5299409.1, MEW5299422.1, MEW5299573.1, MEW5299579.1, MEW5300778.1, MEW5300785.1, MEW5300800.1, MEW5300805.1, MEW5301697.1, MEW5302766.1, MEW5302775.1, MEW5302799.1, MEW5306811.1, MEW5306841.1, MEW5306845.1
OG0000002	MEW5308546.1, MEW5308587.1, MEW5312457.1, MEW5312479.1, MEW5312489.1, MEW5312772.1, MEW5312779.1, MEW5312964.1, MEW5312976.1, MEW5313731.1, MEW5313739.1, MEW5313753.1	MEW5298724.1, MEW5298765.1, MEW5299375.1, MEW5299408.1, MEW5299421.1, MEW5299574.1, MEW5299578.1, MEW5300779.1, MEW5300784.1, MEW5300799.1, MEW5300804.1, MEW5301698.1, MEW5302767.1, MEW5302774.1, MEW5302800.1, MEW5305303.1, MEW5306810.1, MEW5306840.1, MEW5306846.1
OG0000003	MEW5313870.1, MEW5313871.1, MEW5313872.1, MEW5313873.1, MEW5313874.1, MEW5313875.1, MEW5313876.1, MEW5313877.1, MEW5313878.1, MEW5313879.1, MEW5313880.1, MEW5313881.1, MEW5313882.1, MEW5313883.1, MEW5313884.1, MEW5313885.1, MEW5313886.1, MEW5313887.1, MEW5313888.1, MEW5313889.1, MEW5313890.1, MEW5313891.1, MEW5313892.1, MEW5313893.1, MEW5313894.1, MEW5313895.1, MEW5313896.1, MEW5313898.1, MEW5313899.1	MEW5306093.1
OG0000004	MEW5311525.1, MEW5311526.1, MEW5311527.1, MEW5311528.1, MEW5311529.1, MEW5311531.1, MEW5311532.1, MEW5311533.1, MEW5311535.1, MEW5311536.1, MEW5311538.1, MEW5311540.1, MEW5311541.1, MEW5311543.1, MEW5311544.1, MEW5311545.1, MEW5311546.1, MEW5311547.1, MEW5311548.1, MEW5311549.1, MEW5311551.1, MEW5311552.1, MEW5311553.1, MEW5311721.1	
OG0000005	MEW5308544.1, MEW5308547.1, MEW5308586.1, MEW5312957.1, MEW5313750.1, MEW5313758.1, MEW5315368.1, MEW5315380.1	MEW5297627.1, MEW5297638.1, MEW5298763.1, MEW5298766.1, MEW5299407.1, MEW5299427.1, MEW5300776.1, MEW5300787.1, MEW5305602.1, MEW5306812.1, MEW5306816.1, MEW5306835.1, MEW5306839.1, MEW5306842.1
OG0000006	MEW5308543.1, MEW5308548.1, MEW5308585.1, MEW5312956.1, MEW5313751.1, MEW5313757.1, MEW5315369.1, MEW5315379.1	MEW5297628.1, MEW5297637.1, MEW5298762.1, MEW5298767.1, MEW5299406.1, MEW5299428.1, MEW5300777.1, MEW5300786.1, MEW5306813.1, MEW5306815.1, MEW5306834.1, MEW5306838.1, MEW5306843.1
OG0000007	MEW5316323.1, MEW5316324.1, MEW5316325.1, MEW5316326.1, MEW5316327.1, MEW5316328.1, MEW5316329.1, MEW5316330.1, MEW5316331.1, MEW5316332.1, MEW5316333.1, MEW5316334.1, MEW5316335.1, MEW5316336.1, MEW5316337.1, MEW5316338.1, MEW5316339.1, MEW5316340.1, MEW5316341.1	
OG0000008	MEW5308226.1, MEW5308231.1, MEW5308667.1, MEW5308672.1, MEW5308673.1, MEW5308674.1, MEW5308675.1, MEW5308676.1, MEW5308677.1, MEW5308681.1, MEW5308682.1, MEW5309268.1, MEW5309271.1, MEW5309272.1, MEW5309273.1, MEW5309276.1	MEW5297467.1
OG0000009	MEW5314698.1, MEW5314699.1, MEW5318385.1, MEW5319256.1	MEW5297341.1, MEW5301395.1, MEW5302179.1, MEW5305554.1, MEW5305777.1, MEW5307517.1, MEW5307519.1, MEW5307533.1, MEW5307534.1, MEW5307539.1, MEW5307540.1, MEW5307599.1
OG0000010	MEW5308987.1, MEW5313903.1, MEW5313905.1, MEW5313906.1, MEW5313998.1, MEW5314000.1, MEW5314022.1, MEW5314023.1, MEW5314024.1, MEW5317509.1, MEW5317517.1, MEW5317596.1	MEW5298366.1, MEW5298805.1, MEW5307398.1
OG0000011	MEW5318114.1, MEW5318115.1, MEW5318116.1, MEW5318117.1	MEW5307813.1, MEW5307814.1, MEW5307815.1, MEW5307816.1, MEW5307817.1, MEW5307818.1, MEW5307819.1, MEW5307820.1, MEW5307821.1
OG0000012	MEW5310202.1, MEW5313862.1, MEW5315945.1, MEW5315946.1, MEW5315948.1, MEW5315949.1, MEW5315959.1, MEW5315966.1, MEW5315968.1, MEW5315969.1, MEW5318336.1, MEW5319004.1	
OG0000013	MEW5310203.1	MEW5306716.1, MEW5306719.1, MEW5306720.1, MEW5306722.1, MEW5306724.1, MEW5306726.1, MEW5306728.1, MEW5306730.1, MEW5306735.1, MEW5306736.1, MEW5306737.1
OG0000014	MEW5308266.1, MEW5310822.1, MEW5313783.1, MEW5314988.1, MEW5315068.1, MEW5315090.1, MEW5318497.1	MEW5297337.1, MEW5304272.1, MEW5304273.1, MEW5307681.1
OG0000015	MEW5308944.1, MEW5308946.1, MEW5308947.1, MEW5308950.1, MEW5308951.1	MEW5298397.1, MEW5298398.1, MEW5298399.1, MEW5298400.1, MEW5298402.1, MEW5298403.1
OG0000016	MEW5309049.1, MEW5310216.1, MEW5311912.1, MEW5317742.1, MEW5317835.1, MEW5317862.1, MEW5317902.1, MEW5317903.1, MEW5320001.1, MEW5320002.1	MEW5305374.1
OG0000017	MEW5312929.1, MEW5314759.1, MEW5316043.1, MEW5316044.1, MEW5316045.1, MEW5316273.1, MEW5316774.1, MEW5319181.1, MEW5319189.1	MEW5304502.1, MEW5306827.1
OG0000018	MEW5319988.1	MEW5301721.1, MEW5301723.1, MEW5301725.1, MEW5301726.1, MEW5301727.1, MEW5307822.1, MEW5307823.1, MEW5307825.1, MEW5307827.1, MEW5307851.1
OG0000019	Null	MEW5300662.1, MEW5305529.1, MEW5306404.1, MEW5306405.1, MEW5306408.1, MEW5306409.1, MEW5306419.1, MEW5306427.1, MEW5306428.1, MEW5306429.1, MEW5306430.1
OG0000020	MEW5308112.1, MEW5308113.1, MEW5312187.1, MEW5316106.1, MEW5316488.1	MEW5300416.1, MEW5300417.1, MEW5300418.1, MEW5300419.1, MEW5306562.1
OG0000021	MEW5308806.1, MEW5309162.1, MEW5309163.1, MEW5314716.1, MEW5314717.1	MEW5297356.1, MEW5297357.1, MEW5298205.1, MEW5298206.1, MEW5298526.1
OG0000022	MEW5310057.1, MEW5310732.1	MEW5303550.1, MEW5306795.1, MEW5306796.1, MEW5306797.1, MEW5306798.1, MEW5306799.1, MEW5306800.1, MEW5306801.1
OG0000023	MEW5312028.1, MEW5312029.1, MEW5312034.1, MEW5312035.1, MEW5314603.1, MEW5314604.1, MEW5316263.1	MEW5297261.1, MEW5298011.1, MEW5298017.1
OG0000024	MEW5312075.1, MEW5317284.1, MEW5317977.1, MEW5317984.1, MEW5317985.1, MEW5317986.1, MEW5319111.1, MEW5319112.1, MEW5319114.1	MEW5301548.1
OG0000025	MEW5314905.1, MEW5314906.1, MEW5314907.1, MEW5314916.1, MEW5314917.1, MEW5314978.1, MEW5314996.1, MEW5315213.1, MEW5315240.1, MEW5315241.1	
OG0000026	MEW5309956.1, MEW5310358.1, MEW5311212.1, MEW5311888.1, MEW5314398.1, MEW5314652.1, MEW5316186.1, MEW5317712.1	MEW5307094.1
OG0000027	MEW5310642.1, MEW5312318.1, MEW5312319.1, MEW5312320.1, MEW5313575.1, MEW5313744.1, MEW5313764.1, MEW5319516.1	MEW5302930.1
OG0000028	MEW5314060.1, MEW5314061.1, MEW5314062.1, MEW5317024.1, MEW5318974.1, MEW5319801.1, MEW5319802.1	MEW5301729.1, MEW5305755.1
OG0000029	Null	MEW5296786.1, MEW5298898.1, MEW5299734.1, MEW5301867.1, MEW5303858.1, MEW5304038.1, MEW5305494.1, MEW5306669.1, MEW5307716.1
OG0000030	MEW5308108.1, MEW5314747.1, MEW5316837.1, MEW5316883.1, MEW5318877.1, MEW5319666.1	MEW5297777.1, MEW5303473.1
OG0000031	MEW5308380.1, MEW5312256.1	MEW5302325.1, MEW5302982.1, MEW5302983.1, MEW5302984.1, MEW5302985.1, MEW5302986.1
OG0000032	MEW5308659.1, MEW5308661.1, MEW5308662.1	MEW5298652.1, MEW5298653.1, MEW5298654.1, MEW5298655.1, MEW5298656.1
OG0000033	MEW5309079.1, MEW5309638.1, MEW5319838.1, MEW5319963.1, MEW5319964.1	MEW5302168.1, MEW5304289.1, MEW5304290.1
OG0000034	MEW5310745.1, MEW5310746.1, MEW5310783.1, MEW5316009.1, MEW5319231.1, MEW5319232.1	MEW5307240.1, MEW5307246.1
OG0000035	MEW5312889.1, MEW5316126.1, MEW5317082.1, MEW5319036.1, MEW5320033.1	MEW5300509.1, MEW5301478.1, MEW5304512.1
OG0000036	MEW5314028.1, MEW5314876.1, MEW5314877.1, MEW5315989.1, MEW5318750.1	MEW5297509.1, MEW5306010.1, MEW5306443.1
OG0000037	MEW5315888.1	MEW5306327.1, MEW5306347.1, MEW5306348.1, MEW5306349.1, MEW5306350.1, MEW5306351.1, MEW5306352.1
OG0000038	MEW5308142.1, MEW5308978.1, MEW5308980.1, MEW5309749.1, MEW5311985.1, MEW5319992.1	MEW5298374.1
OG0000039	MEW5308205.1, MEW5309752.1, MEW5311429.1, MEW5313765.1, MEW5319000.1, MEW5319620.1	MEW5303289.1
OG0000040	MEW5308219.1, MEW5313980.1, MEW5313981.1, MEW5317626.1	MEW5303781.1, MEW5305326.1, MEW5305813.1
OG0000041	MEW5308275.1, MEW5308753.1, MEW5308754.1, MEW5312295.1, MEW5314913.1, MEW5319228.1	MEW5302952.1
OG0000042	MEW5308411.1, MEW5309566.1, MEW5310843.1, MEW5312220.1, MEW5312223.1	MEW5296867.1, MEW5307277.1
OG0000043	MEW5308549.1, MEW5308584.1	MEW5298725.1, MEW5298761.1, MEW5306814.1, MEW5306837.1, MEW5306844.1
OG0000044	MEW5308833.1, MEW5314300.1, MEW5317552.1, MEW5317557.1, MEW5317566.1	MEW5298505.1, MEW5306922.1
OG0000045	MEW5308862.1, MEW5308863.1, MEW5308864.1, MEW5310081.1	MEW5298474.1, MEW5298475.1, MEW5298476.1
OG0000046	MEW5308970.1, MEW5309019.1, MEW5318904.1	MEW5296912.1, MEW5296914.1, MEW5298334.1, MEW5298380.1
OG0000047	MEW5309359.1, MEW5319272.1, MEW5319273.1, MEW5319277.1	MEW5305896.1, MEW5305901.1, MEW5307361.1
OG0000048	MEW5309506.1, MEW5309507.1, MEW5312481.1, MEW5312824.1, MEW5317453.1, MEW5317522.1	MEW5302129.1
OG0000049	MEW5309518.1, MEW5309519.1, MEW5313864.1, MEW5315786.1, MEW5315787.1, MEW5315789.1	MEW5300661.1
OG0000050	MEW5309686.1, MEW5309687.1, MEW5309688.1, MEW5309689.1	MEW5303235.1, MEW5303236.1, MEW5303237.1
OG0000051	MEW5310183.1, MEW5310187.1, MEW5313052.1, MEW5315868.1, MEW5316243.1, MEW5316244.1	MEW5305124.1
OG0000052	MEW5310222.1, MEW5314725.1, MEW5317428.1, MEW5317430.1, MEW5317431.1, MEW5319364.1	MEW5307779.1
OG0000053	MEW5311419.1	MEW5299743.1, MEW5299765.1, MEW5304050.1, MEW5304052.1, MEW5304053.1, MEW5304054.1
OG0000054	MEW5311826.1, MEW5311827.1, MEW5311828.1, MEW5311829.1, MEW5311830.1, MEW5311831.1, MEW5311832.1	
OG0000055	MEW5312031.1	MEW5298012.1, MEW5298014.1, MEW5303737.1, MEW5303738.1, MEW5303740.1, MEW5303741.1
OG0000056	MEW5312832.1, MEW5313944.1, MEW5315780.1, MEW5316362.1, MEW5317697.1, MEW5317698.1	MEW5304449.1
OG0000057	MEW5312914.1, MEW5312916.1, MEW5313309.1, MEW5313318.1, MEW5318887.1	MEW5298978.1, MEW5298979.1
OG0000058	MEW5313581.1	MEW5300949.1, MEW5300950.1, MEW5307522.1, MEW5307545.1, MEW5307546.1, MEW5307547.1
OG0000059	MEW5314052.1, MEW5316873.1, MEW5316874.1, MEW5316875.1, MEW5316876.1	MEW5300347.1, MEW5302263.1
OG0000060	MEW5314925.1, MEW5314926.1, MEW5314933.1, MEW5314942.1, MEW5314967.1, MEW5314968.1, MEW5315201.1	
OG0000061	MEW5315299.1, MEW5315300.1, MEW5317291.1, MEW5318751.1	MEW5297567.1, MEW5297568.1, MEW5306011.1
OG0000062	MEW5315376.1, MEW5315377.1, MEW5315378.1	MEW5297634.1, MEW5297635.1, MEW5297636.1, MEW5298785.1
OG0000063	MEW5315572.1	MEW5297808.1, MEW5297809.1, MEW5297810.1, MEW5297813.1, MEW5297814.1, MEW5297815.1
OG0000064	MEW5320183.1, MEW5320315.1, MEW5320316.1, MEW5320317.1	MEW5301123.1, MEW5307638.1, MEW5307639.1
OG0000065	Null	MEW5298817.1, MEW5298818.1, MEW5300035.1, MEW5300167.1, MEW5303789.1, MEW5304522.1, MEW5306502.1
OG0000066	MEW5308090.1, MEW5308091.1, MEW5308092.1, MEW5308093.1, MEW5308094.1, MEW5316309.1	
OG0000067	MEW5308180.1, MEW5308184.1, MEW5308220.1, MEW5308221.1, MEW5315867.1	MEW5305840.1
OG0000068	MEW5308324.1, MEW5308477.1	MEW5298830.1, MEW5298833.1, MEW5298834.1, MEW5301154.1
OG0000069	MEW5308338.1, MEW5316064.1, MEW5317133.1, MEW5319684.1, MEW5319685.1	MEW5299841.1
OG0000070	MEW5308413.1, MEW5308414.1, MEW5308415.1, MEW5314735.1, MEW5316814.1, MEW5316815.1	
OG0000071	MEW5308483.1, MEW5308484.1, MEW5308491.1, MEW5308492.1, MEW5309011.1	MEW5298811.1
OG0000072	MEW5308736.1	MEW5298599.1, MEW5302097.1, MEW5302191.1, MEW5303396.1, MEW5307527.1
OG0000073	MEW5308875.1, MEW5315979.1, MEW5315988.1	MEW5298466.1, MEW5306437.1, MEW5306442.1
OG0000074	MEW5309269.1, MEW5317017.1, MEW5317018.1, MEW5320253.1	MEW5303771.1, MEW5307768.1
OG0000075	MEW5309437.1, MEW5309442.1	MEW5307283.1, MEW5307290.1, MEW5307293.1, MEW5307559.1
OG0000076	MEW5309554.1, MEW5309555.1, MEW5309556.1, MEW5313962.1	MEW5302094.1, MEW5303109.1
OG0000077	MEW5309725.1, MEW5309726.1, MEW5315035.1	MEW5303265.1, MEW5303266.1, MEW5304993.1
OG0000078	MEW5309892.1, MEW5309894.1, MEW5309895.1	MEW5303413.1, MEW5303414.1, MEW5303415.1
OG0000079	MEW5310400.1, MEW5310402.1, MEW5310403.1, MEW5310404.1	MEW5307133.1, MEW5307134.1
OG0000080	MEW5310409.1, MEW5310410.1, MEW5315105.1, MEW5315106.1, MEW5318773.1	MEW5307138.1
OG0000081	MEW5310539.1, MEW5310540.1, MEW5311585.1, MEW5317638.1	MEW5302514.1, MEW5302515.1
OG0000082	MEW5310708.1, MEW5310709.1	MEW5302171.1, MEW5302268.1, MEW5302360.1, MEW5302361.1
OG0000083	MEW5310912.1, MEW5318928.1, MEW5318929.1, MEW5318930.1	MEW5305465.1, MEW5305466.1
OG0000084	MEW5311073.1, MEW5311076.1, MEW5313972.1	MEW5299990.1, MEW5300492.1, MEW5304542.1
OG0000085	MEW5311116.1, MEW5311117.1	MEW5298819.1, MEW5298820.1, MEW5300028.1, MEW5300029.1
OG0000086	MEW5311252.1, MEW5311253.1, MEW5311256.1, MEW5311258.1	MEW5300147.1, MEW5302205.1
OG0000087	MEW5311416.1, MEW5311417.1	MEW5299740.1, MEW5299741.1, MEW5299742.1, MEW5306752.1
OG0000088	MEW5311530.1, MEW5311534.1, MEW5311537.1, MEW5311539.1, MEW5311542.1, MEW5311550.1	
OG0000089	MEW5312015.1, MEW5312555.1, MEW5313333.1, MEW5314740.1, MEW5318131.1	MEW5302708.1
OG0000090	MEW5312067.1, MEW5312069.1, MEW5312070.1	MEW5297974.1, MEW5297975.1, MEW5297977.1
OG0000091	MEW5312287.1, MEW5312289.1	MEW5302958.1, MEW5302960.1, MEW5302962.1, MEW5302963.1
OG0000092	MEW5313262.1, MEW5316724.1, MEW5318855.1, MEW5318856.1, MEW5318864.1	MEW5305592.1
OG0000093	MEW5313838.1, MEW5313847.1, MEW5316103.1	MEW5300684.1, MEW5300692.1, MEW5300693.1
OG0000094	MEW5314003.1, MEW5316903.1, MEW5316904.1, MEW5319818.1	MEW5300323.1, MEW5300324.1
OG0000095	MEW5314433.1	MEW5303641.1, MEW5303642.1, MEW5303857.1, MEW5304051.1, MEW5305703.1
OG0000096	MEW5314553.1, MEW5314554.1, MEW5314555.1, MEW5319796.1, MEW5320349.1	MEW5297211.1
OG0000097	MEW5315150.1, MEW5315654.1, MEW5315656.1, MEW5315659.1	MEW5297877.1, MEW5297878.1
OG0000098	MEW5315214.1, MEW5317545.1	MEW5300715.1, MEW5303643.1, MEW5304443.1, MEW5306248.1
OG0000099	MEW5315732.1, MEW5318863.1, MEW5319199.1, MEW5319251.1, MEW5319253.1	MEW5306296.1
OG0000100	MEW5315751.1	MEW5300478.1, MEW5302313.1, MEW5302906.1, MEW5306317.1, MEW5306318.1
OG0000101	MEW5315760.1, MEW5315766.1, MEW5316170.1, MEW5320053.1	MEW5304532.1, MEW5306329.1
OG0000102	MEW5315837.1, MEW5315838.1, MEW5315839.1, MEW5315840.1	MEW5296991.1, MEW5296992.1
OG0000103	MEW5316073.1, MEW5316074.1, MEW5316669.1	MEW5300387.1, MEW5300388.1, MEW5304204.1
OG0000104	MEW5316372.1, MEW5316373.1, MEW5316374.1, MEW5316375.1, MEW5316376.1	MEW5307879.1
OG0000105	MEW5316494.1, MEW5316496.1, MEW5316498.1, MEW5316499.1, MEW5316507.1	MEW5306568.1
OG0000106	MEW5316593.1, MEW5317144.1, MEW5319972.1, MEW5320340.1	MEW5301839.1, MEW5307525.1
OG0000107	MEW5316722.1, MEW5317629.1	MEW5305590.1, MEW5305591.1, MEW5306739.1, MEW5306818.1
OG0000108	MEW5316729.1, MEW5316730.1	MEW5302124.1, MEW5305596.1, MEW5305597.1, MEW5305865.1
OG0000109	MEW5316920.1, MEW5318043.1, MEW5319233.1	MEW5300305.1, MEW5304448.1, MEW5304571.1
OG0000110	MEW5317187.1, MEW5317188.1, MEW5319137.1, MEW5319138.1	MEW5301888.1, MEW5301889.1
OG0000111	MEW5317833.1	MEW5306246.1, MEW5306249.1, MEW5306250.1, MEW5306251.1, MEW5306252.1
OG0000112	MEW5318319.1, MEW5318320.1, MEW5320161.1, MEW5320181.1	MEW5301340.1, MEW5307023.1
OG0000113	MEW5319513.1, MEW5319515.1, MEW5319517.1, MEW5319518.1	MEW5303944.1, MEW5303945.1
OG0000114	MEW5320008.1, MEW5320009.1, MEW5320010.1, MEW5320011.1, MEW5320012.1	MEW5307842.1
OG0000115	MEW5320423.1, MEW5320499.1	MEW5305018.1, MEW5305019.1, MEW5305693.1, MEW5305694.1
OG0000116	Null	MEW5298583.1, MEW5298584.1, MEW5302115.1, MEW5302116.1, MEW5306523.1, MEW5306535.1
OG0000117	MEW5308015.1, MEW5308016.1, MEW5308017.1	MEW5303927.1, MEW5303928.1
OG0000118	MEW5308153.1, MEW5317660.1, MEW5317691.1, MEW5317692.1	MEW5305867.1
OG0000119	MEW5308165.1, MEW5313554.1	MEW5299229.1, MEW5305856.1, MEW5307008.1
OG0000120	MEW5308257.1, MEW5312007.1, MEW5312008.1	MEW5298039.1, MEW5298040.1
OG0000121	MEW5308273.1, MEW5313858.1, MEW5315321.1	MEW5300665.1, MEW5302117.1
OG0000122	MEW5308282.1, MEW5308283.1, MEW5308284.1, MEW5308285.1	MEW5305748.1
OG0000123	MEW5308388.1, MEW5308389.1, MEW5314948.1, MEW5315198.1	MEW5302337.1
OG0000124	MEW5308434.1, MEW5308435.1	MEW5298867.1, MEW5298868.1, MEW5306694.1
OG0000125	MEW5308478.1	MEW5298828.1, MEW5298829.1, MEW5298831.1, MEW5302199.1
OG0000126	MEW5308505.1, MEW5308506.1, MEW5313969.1, MEW5316666.1	MEW5298797.1
OG0000127	MEW5308518.1, MEW5309652.1, MEW5309653.1	MEW5303200.1, MEW5303201.1
OG0000128	MEW5308614.1, MEW5308615.1, MEW5308616.1	MEW5298696.1, MEW5298697.1
OG0000129	MEW5308651.1, MEW5308652.1, MEW5308653.1, MEW5315092.1	MEW5298662.1
OG0000130	MEW5308679.1, MEW5309621.1, MEW5309622.1	MEW5303117.1, MEW5303173.1
OG0000131	MEW5308926.1, MEW5311914.1, MEW5318615.1	MEW5300149.1, MEW5304619.1
OG0000132	MEW5308934.1, MEW5309044.1, MEW5315513.1, MEW5316185.1	MEW5298311.1
OG0000133	MEW5309135.1, MEW5309136.1	MEW5298227.1, MEW5298228.1, MEW5298229.1
OG0000134	MEW5309302.1, MEW5317432.1	MEW5300000.1, MEW5300653.1, MEW5302882.1
OG0000135	MEW5309440.1, MEW5309805.1, MEW5315828.1, MEW5317471.1	MEW5297001.1
OG0000136	MEW5309449.1, MEW5309450.1, MEW5316149.1, MEW5319452.1, MEW5320004.1	
OG0000137	MEW5309624.1, MEW5309625.1	MEW5303175.1, MEW5303176.1, MEW5303177.1
OG0000138	MEW5309665.1, MEW5313941.1	MEW5303214.1, MEW5303215.1, MEW5303216.1
OG0000139	MEW5309701.1, MEW5309704.1, MEW5309837.1	MEW5303248.1, MEW5303363.1
OG0000140	MEW5309785.1, MEW5309786.1, MEW5309787.1	MEW5303305.1, MEW5303323.1
OG0000141	MEW5309930.1, MEW5309931.1	MEW5303445.1, MEW5303446.1, MEW5303447.1
OG0000142	MEW5310192.1, MEW5310193.1	MEW5305129.1, MEW5305130.1, MEW5305131.1
OG0000143	MEW5310196.1, MEW5310197.1, MEW5310198.1	MEW5297185.1, MEW5305132.1
OG0000144	MEW5310274.1, MEW5310275.1, MEW5310276.1	MEW5305193.1, MEW5305194.1
OG0000145	MEW5310343.1, MEW5310344.1, MEW5310345.1, MEW5313082.1	MEW5307083.1
OG0000146	MEW5310431.1, MEW5313915.1	MEW5301136.1, MEW5307162.1, MEW5307548.1
OG0000147	MEW5310467.1, MEW5317523.1	MEW5298168.1, MEW5300394.1, MEW5302586.1
OG0000148	MEW5310482.1, MEW5310483.1, MEW5310484.1	MEW5302574.1, MEW5302575.1
OG0000149	MEW5310835.1, MEW5312308.1, MEW5312309.1, MEW5316839.1	MEW5300372.1
OG0000150	MEW5310850.1, MEW5312317.1, MEW5316741.1	MEW5301606.1, MEW5305609.1
OG0000151	MEW5310868.1, MEW5310869.1, MEW5310870.1, MEW5310871.1	MEW5301621.1
OG0000152	MEW5311068.1, MEW5312486.1	MEW5302772.1, MEW5306786.1, MEW5307127.1
OG0000153	MEW5311232.1, MEW5319315.1	MEW5305449.1, MEW5305451.1, MEW5305452.1
OG0000154	MEW5311269.1, MEW5311270.1, MEW5311271.1	MEW5300160.1, MEW5300161.1
OG0000155	MEW5311337.1, MEW5311339.1, MEW5311340.1	MEW5300227.1, MEW5300228.1
OG0000156	MEW5311430.1, MEW5311431.1, MEW5313921.1	MEW5299754.1, MEW5299755.1
OG0000157	MEW5311718.1, MEW5316633.1, MEW5316634.1	MEW5304800.1, MEW5304801.1
OG0000158	MEW5311735.1	MEW5301266.1, MEW5304081.1, MEW5304085.1, MEW5306672.1
OG0000159	MEW5311782.1	MEW5302091.1, MEW5302096.1, MEW5304110.1, MEW5305439.1
OG0000160	MEW5311868.1, MEW5311869.1, MEW5311870.1	MEW5304180.1, MEW5304181.1
OG0000161	MEW5311995.1, MEW5311996.1, MEW5316945.1	MEW5298051.1, MEW5298052.1
OG0000162	MEW5312121.1, MEW5312122.1, MEW5312123.1	MEW5297932.1, MEW5297933.1
OG0000163	MEW5312160.1, MEW5316318.1, MEW5316319.1	MEW5296813.1, MEW5296814.1
OG0000164	MEW5312164.1, MEW5313321.1, MEW5318788.1, MEW5318789.1	MEW5306038.1
OG0000165	MEW5312241.1, MEW5318222.1, MEW5318223.1	MEW5301250.1, MEW5303010.1
OG0000166	MEW5312251.1, MEW5317730.1, MEW5317731.1	MEW5303602.1, MEW5303603.1
OG0000167	MEW5312277.1, MEW5316459.1, MEW5316477.1, MEW5319840.1	MEW5302974.1
OG0000168	MEW5312329.1, MEW5316908.1, MEW5316909.1, MEW5316910.1	MEW5300316.1
OG0000169	MEW5312364.1, MEW5312365.1, MEW5319860.1, MEW5319861.1	MEW5302889.1
OG0000170	MEW5312529.1, MEW5312536.1, MEW5312816.1, MEW5315776.1	MEW5302724.1
OG0000171	MEW5312573.1, MEW5312574.1	MEW5302687.1, MEW5302688.1, MEW5302689.1
OG0000172	MEW5312582.1	MEW5302676.1, MEW5302677.1, MEW5302678.1, MEW5306689.1
OG0000173	MEW5312592.1, MEW5313663.1, MEW5317210.1, MEW5319786.1	MEW5302665.1
OG0000174	MEW5312702.1, MEW5312703.1	MEW5298027.1, MEW5299633.1, MEW5299634.1
OG0000175	MEW5312710.1, MEW5319578.1, MEW5319579.1	MEW5304944.1, MEW5304945.1
OG0000176	MEW5312733.1, MEW5314049.1, MEW5314050.1, MEW5314159.1, MEW5319984.1	
OG0000177	MEW5312744.1, MEW5312745.1	MEW5299601.1, MEW5299602.1, MEW5299603.1
OG0000178	MEW5312759.1, MEW5312760.1, MEW5314054.1	MEW5299588.1, MEW5299589.1
OG0000179	MEW5312835.1, MEW5312836.1	MEW5299518.1, MEW5299519.1, MEW5299520.1
OG0000180	MEW5312873.1, MEW5312874.1, MEW5312875.1, MEW5312876.1	MEW5299490.1
OG0000181	MEW5312877.1, MEW5312878.1, MEW5312879.1, MEW5312881.1	MEW5299489.1
OG0000182	MEW5313028.1, MEW5313029.1, MEW5317520.1	MEW5299351.1, MEW5299352.1
OG0000183	MEW5313107.1, MEW5313108.1, MEW5314954.1, MEW5315083.1, MEW5315084.1	
OG0000184	MEW5313153.1, MEW5315142.1	MEW5300480.1, MEW5300482.1, MEW5302907.1
OG0000185	MEW5313504.1, MEW5313505.1	MEW5299181.1, MEW5299182.1, MEW5304836.1
OG0000186	MEW5313531.1, MEW5313532.1	MEW5299206.1, MEW5299207.1, MEW5303578.1
OG0000187	MEW5313664.1, MEW5317075.1	MEW5301772.1, MEW5303754.1, MEW5304850.1
OG0000188	MEW5313837.1	MEW5298310.1, MEW5299657.1, MEW5300694.1, MEW5300703.1
OG0000189	MEW5313936.1, MEW5314299.1	MEW5297710.1, MEW5306919.1, MEW5306920.1
OG0000190	MEW5314237.1, MEW5314238.1, MEW5318895.1	MEW5306863.1, MEW5306864.1
OG0000191	MEW5314280.1, MEW5314281.1	MEW5306900.1, MEW5306901.1, MEW5306902.1
OG0000192	MEW5314510.1, MEW5314511.1, MEW5314512.1	MEW5297180.1, MEW5297181.1
OG0000193	MEW5314756.1	MEW5297398.1, MEW5297399.1, MEW5297400.1, MEW5297401.1
OG0000194	MEW5314886.1, MEW5318782.1	MEW5297517.1, MEW5306034.1, MEW5306853.1
OG0000195	MEW5315161.1, MEW5317980.1, MEW5317981.1	MEW5300538.1, MEW5300539.1
OG0000196	MEW5315186.1, MEW5320235.1, MEW5320236.1	MEW5305401.1, MEW5305402.1
OG0000197	MEW5315616.1, MEW5315623.1, MEW5315627.1, MEW5315628.1, MEW5315629.1	
OG0000198	MEW5315718.1	MEW5302161.1, MEW5302162.1, MEW5306313.1, MEW5306314.1
OG0000199	MEW5315750.1, MEW5319842.1, MEW5319855.1	MEW5303768.1, MEW5306345.1
OG0000200	MEW5315769.1, MEW5315781.1	MEW5297053.1, MEW5297054.1, MEW5297069.1
OG0000201	MEW5315928.1, MEW5316810.1, MEW5317528.1, MEW5317543.1	MEW5305677.1
OG0000202	MEW5315990.1, MEW5316308.1, MEW5317688.1, MEW5317690.1, MEW5319983.1	
OG0000203	MEW5316264.1	MEW5303748.1, MEW5306769.1, MEW5306771.1, MEW5306772.1
OG0000204	MEW5316370.1	MEW5306774.1, MEW5306775.1, MEW5306776.1, MEW5307881.1
OG0000205	MEW5316516.1, MEW5316517.1, MEW5316519.1, MEW5318714.1	MEW5302063.1
OG0000206	MEW5316537.1, MEW5318317.1	MEW5301338.1, MEW5306587.1, MEW5306598.1
OG0000207	MEW5316584.1, MEW5316585.1, MEW5316586.1, MEW5318538.1	MEW5304834.1
OG0000208	MEW5316605.1, MEW5316606.1	MEW5304175.1, MEW5304822.1, MEW5304823.1
OG0000209	MEW5316733.1, MEW5318934.1	MEW5304640.1, MEW5305600.1, MEW5307224.1
OG0000210	MEW5317090.1, MEW5317091.1, MEW5317092.1	MEW5301790.1, MEW5303798.1
OG0000211	MEW5317294.1, MEW5317306.1	MEW5301974.1, MEW5301975.1, MEW5301984.1
OG0000212	MEW5317376.1, MEW5317377.1, MEW5317378.1	MEW5302047.1, MEW5302048.1
OG0000213	MEW5317395.1, MEW5317396.1	MEW5305013.1, MEW5307501.1, MEW5307502.1
OG0000214	MEW5317655.1, MEW5317656.1, MEW5317657.1, MEW5317658.1, MEW5318869.1	
OG0000215	MEW5317916.1, MEW5317917.1, MEW5317918.1	MEW5300601.1, MEW5306854.1
OG0000216	MEW5317961.1	MEW5300558.1, MEW5300559.1, MEW5300560.1, MEW5300561.1
OG0000217	MEW5318182.1, MEW5318183.1	MEW5301002.1, MEW5301003.1, MEW5301004.1
OG0000218	MEW5318357.1, MEW5318358.1	MEW5301374.1, MEW5301375.1, MEW5301376.1
OG0000219	MEW5318413.1, MEW5319398.1, MEW5319399.1	MEW5304205.1, MEW5304286.1
OG0000220	MEW5318494.1, MEW5318495.1	MEW5303790.1, MEW5304732.1, MEW5304733.1
OG0000221	MEW5318600.1, MEW5318601.1, MEW5318602.1	MEW5304633.1, MEW5304634.1
OG0000222	MEW5318675.1, MEW5318676.1, MEW5318677.1	MEW5305947.1, MEW5305948.1
OG0000223	MEW5318827.1	MEW5302176.1, MEW5303775.1, MEW5305584.1, MEW5306075.1
OG0000224	MEW5319258.1	MEW5307593.1, MEW5307594.1, MEW5307595.1, MEW5307596.1
OG0000225	MEW5319332.1	MEW5307809.1, MEW5307810.1, MEW5307811.1, MEW5307812.1
OG0000226	MEW5319663.1, MEW5319664.1	MEW5299857.1, MEW5299858.1, MEW5304879.1
OG0000227	MEW5319848.1, MEW5319849.1, MEW5319850.1, MEW5319851.1, MEW5320145.1	
OG0000228	MEW5319882.1, MEW5319883.1, MEW5319884.1	MEW5304360.1, MEW5304361.1
OG0000229	MEW5319997.1, MEW5319998.1, MEW5319999.1	MEW5307836.1, MEW5307837.1
OG0000230	MEW5320058.1, MEW5320059.1	MEW5301121.1, MEW5304526.1, MEW5304527.1
OG0000231	MEW5320155.1, MEW5320156.1, MEW5320157.1	MEW5307012.1, MEW5307013.1
OG0000232	MEW5320239.1, MEW5320240.1, MEW5320241.1	MEW5305396.1, MEW5305397.1
OG0000233	MEW5320257.1, MEW5320258.1	MEW5305384.1, MEW5305385.1, MEW5305386.1
OG0000234	MEW5320422.1	MEW5298285.1, MEW5300923.1, MEW5307086.1, MEW5307925.1
OG0000235	MEW5320456.1, MEW5320457.1	MEW5301704.1, MEW5301705.1, MEW5304474.1
OG0000236	MEW5320511.1	MEW5296738.1, MEW5296739.1, MEW5296740.1, MEW5296741.1
OG0000237	MEW5308024.1, MEW5308025.1	MEW5303920.1, MEW5303921.1
OG0000238	MEW5308053.1, MEW5308054.1	MEW5303895.1, MEW5303896.1
OG0000239	MEW5308065.1, MEW5308080.1, MEW5308081.1	MEW5303874.1
OG0000240	MEW5308110.1, MEW5308111.1	MEW5302100.1, MEW5303851.1
OG0000241	MEW5308114.1, MEW5308115.1	MEW5303849.1, MEW5303850.1
OG0000242	MEW5308146.1, MEW5308147.1, MEW5317644.1	MEW5305871.1
OG0000243	MEW5308181.1, MEW5308183.1	MEW5305839.1, MEW5305846.1
OG0000244	MEW5308193.1, MEW5311164.1, MEW5312596.1	MEW5305828.1
OG0000245	MEW5308206.1, MEW5308207.1	MEW5305822.1, MEW5305823.1
OG0000246	MEW5308225.1, MEW5308458.1, MEW5320434.1, MEW5320435.1	
OG0000247	MEW5308234.1	MEW5305805.1, MEW5305806.1, MEW5307541.1
OG0000248	MEW5308246.1, MEW5308247.1, MEW5308248.1	MEW5305790.1
OG0000249	MEW5308299.1, MEW5308304.1, MEW5308305.1	MEW5305740.1
OG0000250	MEW5308321.1, MEW5308322.1	MEW5305721.1, MEW5305722.1
OG0000251	MEW5308381.1, MEW5308382.1	MEW5302326.1, MEW5302327.1
OG0000252	MEW5308387.1, MEW5312752.1, MEW5313032.1	MEW5299596.1
OG0000253	MEW5308403.1	MEW5302353.1, MEW5305195.1, MEW5305196.1
OG0000254	MEW5308441.1, MEW5308442.1	MEW5298862.1, MEW5298863.1
OG0000255	MEW5308468.1, MEW5308469.1, MEW5308470.1	MEW5298841.1
OG0000256	MEW5308480.1, MEW5308481.1	MEW5298825.1, MEW5298826.1
OG0000257	MEW5308489.1, MEW5310241.1, MEW5310242.1	MEW5298814.1
OG0000258	MEW5308498.1, MEW5315217.1	MEW5298804.1, MEW5298806.1
OG0000259	MEW5308541.1, MEW5308542.1	MEW5298768.1, MEW5298769.1
OG0000260	MEW5308569.1	MEW5298737.1, MEW5298738.1, MEW5303806.1
OG0000261	MEW5308602.1, MEW5308603.1	MEW5298707.1, MEW5298708.1
OG0000262	MEW5308620.1, MEW5308621.1	MEW5298693.1, MEW5302247.1
OG0000263	MEW5308622.1, MEW5312736.1	MEW5298692.1, MEW5302622.1
OG0000264	MEW5308643.1, MEW5308644.1	MEW5298670.1, MEW5298671.1
OG0000265	MEW5308722.1, MEW5308723.1	MEW5298613.1, MEW5298614.1
OG0000266	MEW5308743.1, MEW5308744.1	MEW5298592.1, MEW5298593.1
OG0000267	MEW5308769.1, MEW5308770.1	MEW5298564.1, MEW5298565.1
OG0000268	MEW5308775.1, MEW5308776.1	MEW5298556.1, MEW5298557.1
OG0000269	MEW5308799.1, MEW5319787.1	MEW5298532.1, MEW5305811.1
OG0000270	MEW5308850.1, MEW5308851.1	MEW5298485.1, MEW5298486.1
OG0000271	MEW5308869.1, MEW5308870.1	MEW5298470.1, MEW5298471.1
OG0000272	MEW5308878.1, MEW5315185.1	MEW5298460.1, MEW5298461.1
OG0000273	MEW5308881.1, MEW5308882.1	MEW5298457.1, MEW5298458.1
OG0000274	MEW5308923.1, MEW5308924.1	MEW5298418.1, MEW5298419.1
OG0000275	MEW5308925.1	MEW5298416.1, MEW5298417.1, MEW5306715.1
OG0000276	MEW5308935.1, MEW5308937.1, MEW5316784.1, MEW5318611.1	
OG0000277	MEW5308941.1, MEW5308942.1	MEW5298405.1, MEW5298406.1
OG0000278	MEW5308961.1, MEW5314484.1, MEW5316677.1, MEW5318991.1	
OG0000279	MEW5308979.1, MEW5319991.1	MEW5298372.1, MEW5298373.1
OG0000280	MEW5309000.1, MEW5309001.1	MEW5298351.1, MEW5298352.1
OG0000281	MEW5309004.1, MEW5309005.1	MEW5298346.1, MEW5298347.1
OG0000282	MEW5309046.1, MEW5309056.1, MEW5311433.1	MEW5307379.1
OG0000283	MEW5309052.1	MEW5298306.1, MEW5300447.1, MEW5305364.1
OG0000284	MEW5309089.1, MEW5309090.1	MEW5298266.1, MEW5298267.1
OG0000285	MEW5309150.1, MEW5309151.1	MEW5298217.1, MEW5298218.1
OG0000286	MEW5309176.1, MEW5316879.1	MEW5296788.1, MEW5303631.1
OG0000287	MEW5309202.1, MEW5309203.1	MEW5298156.1, MEW5298157.1
OG0000288	MEW5309226.1	MEW5298134.1, MEW5298135.1, MEW5303785.1
OG0000289	MEW5309235.1, MEW5309236.1	MEW5298127.1, MEW5298128.1
OG0000290	MEW5309240.1, MEW5309241.1	MEW5298123.1, MEW5298124.1
OG0000291	MEW5309262.1, MEW5309263.1	MEW5298104.1, MEW5298105.1
OG0000292	MEW5309266.1, MEW5309381.1, MEW5309385.1, MEW5320526.1	
OG0000293	MEW5309270.1	MEW5296903.1, MEW5304215.1, MEW5305899.1
OG0000294	MEW5309274.1, MEW5312653.1, MEW5315194.1	MEW5299676.1
OG0000295	MEW5309375.1, MEW5317838.1	MEW5306247.1, MEW5306253.1
OG0000296	MEW5309399.1, MEW5309400.1	MEW5307327.1, MEW5307328.1
OG0000297	MEW5309412.1, MEW5309413.1	MEW5307314.1, MEW5307315.1
OG0000298	MEW5309484.1, MEW5309485.1	MEW5303056.1, MEW5303057.1
OG0000299	MEW5309495.1, MEW5309496.1	MEW5303066.1, MEW5303067.1
OG0000300	MEW5309500.1, MEW5311345.1, MEW5314715.1	MEW5297355.1
OG0000301	MEW5309512.1, MEW5309513.1	MEW5303079.1, MEW5303080.1
OG0000302	MEW5309551.1, MEW5309552.1	MEW5303106.1, MEW5303107.1
OG0000303	MEW5309583.1, MEW5309584.1	MEW5303140.1, MEW5303141.1
OG0000304	MEW5309596.1	MEW5303151.1, MEW5304851.1, MEW5307508.1
OG0000305	MEW5309598.1, MEW5309599.1	MEW5303153.1, MEW5303154.1
OG0000306	MEW5309629.1, MEW5320361.1	MEW5300849.1, MEW5303181.1
OG0000307	MEW5309631.1, MEW5309632.1	MEW5303184.1, MEW5303185.1
OG0000308	MEW5309640.1, MEW5309641.1	MEW5303190.1, MEW5303191.1
OG0000309	MEW5309646.1, MEW5309647.1, MEW5317684.1	MEW5303195.1
OG0000310	MEW5309650.1, MEW5309651.1	MEW5303198.1, MEW5303199.1
OG0000311	MEW5309658.1, MEW5309659.1	MEW5303205.1, MEW5303206.1
OG0000312	MEW5309693.1, MEW5309694.1	MEW5303241.1, MEW5305258.1
OG0000313	MEW5309702.1, MEW5309703.1, MEW5309705.1	MEW5303247.1
OG0000314	MEW5309777.1, MEW5309778.1	MEW5303315.1, MEW5303316.1
OG0000315	MEW5309798.1, MEW5309799.1	MEW5303331.1, MEW5303332.1
OG0000316	MEW5309811.1, MEW5309812.1, MEW5309813.1	MEW5303340.1
OG0000317	MEW5309820.1, MEW5309821.1	MEW5303347.1, MEW5303348.1
OG0000318	MEW5309832.1, MEW5320363.1, MEW5320364.1	MEW5303359.1
OG0000319	MEW5309859.1, MEW5309860.1	MEW5303381.1, MEW5303382.1
OG0000320	MEW5309882.1, MEW5309883.1	MEW5303404.1, MEW5303405.1
OG0000321	MEW5309919.1, MEW5309920.1	MEW5303436.1, MEW5303437.1
OG0000322	MEW5309924.1, MEW5316238.1	MEW5303440.1, MEW5303441.1
OG0000323	MEW5309993.1, MEW5309994.1, MEW5314829.1	MEW5297468.1
OG0000324	MEW5310009.1, MEW5310010.1	MEW5303512.1, MEW5303513.1
OG0000325	MEW5310049.1, MEW5315224.1	MEW5302393.1, MEW5303541.1
OG0000326	MEW5310058.1, MEW5318616.1	MEW5304617.1, MEW5304618.1
OG0000327	MEW5310080.1, MEW5312492.1, MEW5313410.1	MEW5299084.1
OG0000328	MEW5310095.1	MEW5305056.1, MEW5305057.1, MEW5306742.1
OG0000329	MEW5310116.1, MEW5310117.1	MEW5305038.1, MEW5305039.1
OG0000330	MEW5310125.1, MEW5310425.1, MEW5316116.1	MEW5307153.1
OG0000331	MEW5310146.1, MEW5310147.1	MEW5305094.1, MEW5305095.1
OG0000332	MEW5310162.1, MEW5310163.1, MEW5310164.1	MEW5305106.1
OG0000333	MEW5310167.1, MEW5310168.1	MEW5303730.1, MEW5305107.1
OG0000334	MEW5310169.1, MEW5310170.1	MEW5302127.1, MEW5305108.1
OG0000335	MEW5310188.1, MEW5310190.1, MEW5317646.1	MEW5305127.1
OG0000336	MEW5310209.1, MEW5314413.1	MEW5297102.1, MEW5297103.1
OG0000337	MEW5310250.1, MEW5310255.1, MEW5310256.1, MEW5310257.1	
OG0000338	MEW5310265.1	MEW5305184.1, MEW5305185.1, MEW5305186.1
OG0000339	MEW5310286.1	MEW5305205.1, MEW5307033.1, MEW5307565.1
OG0000340	MEW5310287.1, MEW5310389.1	MEW5307036.1, MEW5307119.1
OG0000341	MEW5310299.1, MEW5319451.1, MEW5319455.1	MEW5307949.1
OG0000342	MEW5310376.1	MEW5302212.1, MEW5307107.1, MEW5307108.1
OG0000343	MEW5310381.1, MEW5310382.1, MEW5310383.1	MEW5307113.1
OG0000344	MEW5310386.1, MEW5310387.1	MEW5307116.1, MEW5307117.1
OG0000345	MEW5310406.1, MEW5310407.1	MEW5307135.1, MEW5307136.1
OG0000346	MEW5310412.1	MEW5304647.1, MEW5307141.1, MEW5307142.1
OG0000347	MEW5310449.1, MEW5310450.1	MEW5302601.1, MEW5302602.1
OG0000348	MEW5310475.1, MEW5318537.1, MEW5318798.1	MEW5302579.1
OG0000349	MEW5310476.1, MEW5314140.1	MEW5305299.1, MEW5305300.1
OG0000350	MEW5310497.1, MEW5310498.1	MEW5302561.1, MEW5302562.1
OG0000351	MEW5310504.1	MEW5302556.1, MEW5302557.1, MEW5306830.1
OG0000352	MEW5310506.1, MEW5310507.1	MEW5302553.1, MEW5302554.1
OG0000353	MEW5310516.1, MEW5310517.1	MEW5302541.1, MEW5302542.1
OG0000354	MEW5310518.1, MEW5310519.1	MEW5302539.1, MEW5302540.1
OG0000355	MEW5310589.1, MEW5310590.1	MEW5302467.1, MEW5302468.1
OG0000356	MEW5310607.1, MEW5310608.1	MEW5302453.1, MEW5302454.1
OG0000357	MEW5310609.1, MEW5310610.1	MEW5302451.1, MEW5302452.1
OG0000358	MEW5310620.1, MEW5310621.1	MEW5302441.1, MEW5302442.1
OG0000359	MEW5310647.1, MEW5310648.1	MEW5302421.1, MEW5302422.1
OG0000360	MEW5310677.1, MEW5310678.1, MEW5310679.1	MEW5302392.1
OG0000361	MEW5310707.1	MEW5302362.1, MEW5302363.1, MEW5306833.1
OG0000362	MEW5310724.1, MEW5310725.1	MEW5307263.1, MEW5307264.1
OG0000363	MEW5310763.1, MEW5320382.1, MEW5320383.1	MEW5307232.1
OG0000364	MEW5310778.1, MEW5310780.1	MEW5307216.1, MEW5307219.1
OG0000365	MEW5310899.1, MEW5310900.1, MEW5317640.1	MEW5301644.1
OG0000366	MEW5310913.1, MEW5310914.1	MEW5301656.1, MEW5301657.1
OG0000367	MEW5310937.1, MEW5310938.1, MEW5310939.1	MEW5301673.1
OG0000368	MEW5310950.1	MEW5301681.1, MEW5301682.1, MEW5301683.1
OG0000369	MEW5310964.1, MEW5310965.1, MEW5310966.1	MEW5299892.1
OG0000370	MEW5310967.1, MEW5310968.1	MEW5299893.1, MEW5299894.1
OG0000371	MEW5310986.1	MEW5297835.1, MEW5299915.1, MEW5306671.1
OG0000372	MEW5311002.1, MEW5311003.1	MEW5299929.1, MEW5299930.1
OG0000373	MEW5311058.1, MEW5311059.1	MEW5299973.1, MEW5299974.1
OG0000374	MEW5311075.1, MEW5318209.1, MEW5318211.1	MEW5300975.1
OG0000375	MEW5311124.1	MEW5300037.1, MEW5300038.1, MEW5303820.1
OG0000376	MEW5311150.1, MEW5311151.1	MEW5300058.1, MEW5300059.1
OG0000377	MEW5311158.1, MEW5311159.1, MEW5311160.1	MEW5300064.1
OG0000378	MEW5311169.1, MEW5320114.1	MEW5300070.1, MEW5300071.1
OG0000379	MEW5311183.1, MEW5311184.1	MEW5300082.1, MEW5300083.1
OG0000380	MEW5311226.1, MEW5311227.1	MEW5300121.1, MEW5300122.1
OG0000381	MEW5311296.1, MEW5311297.1	MEW5300185.1, MEW5300186.1
OG0000382	MEW5311303.1, MEW5318648.1	MEW5300191.1, MEW5300192.1
OG0000383	MEW5311342.1, MEW5311343.1	MEW5300230.1, MEW5300231.1
OG0000384	MEW5311386.1, MEW5318421.1, MEW5318997.1, MEW5318998.1	
OG0000385	MEW5311412.1, MEW5311413.1	MEW5299735.1, MEW5299736.1
OG0000386	MEW5311456.1, MEW5312900.1	MEW5299471.1, MEW5304035.1
OG0000387	MEW5311471.1, MEW5311472.1	MEW5304022.1, MEW5304023.1
OG0000388	MEW5311478.1, MEW5311479.1	MEW5304012.1, MEW5304013.1
OG0000389	MEW5311486.1	MEW5298167.1, MEW5303629.1, MEW5304004.1
OG0000390	MEW5311514.1	MEW5302178.1, MEW5303720.1, MEW5303981.1
OG0000391	MEW5311565.1, MEW5311566.1	MEW5306117.1, MEW5306118.1
OG0000392	MEW5311581.1, MEW5311582.1	MEW5306132.1, MEW5306133.1
OG0000393	MEW5311586.1, MEW5311587.1, MEW5311588.1	MEW5306135.1
OG0000394	MEW5311633.1, MEW5311634.1	MEW5299237.1, MEW5299238.1
OG0000395	MEW5311644.1, MEW5311645.1	MEW5299245.1, MEW5299246.1
OG0000396	MEW5311695.1	MEW5299298.1, MEW5299299.1, MEW5302112.1
OG0000397	MEW5311700.1, MEW5311701.1	MEW5299304.1, MEW5299305.1
OG0000398	MEW5311707.1, MEW5311708.1	MEW5299312.1, MEW5299313.1
OG0000399	MEW5311710.1, MEW5311711.1, MEW5311712.1	MEW5299315.1
OG0000400	MEW5311775.1, MEW5317635.1, MEW5317901.1	MEW5304103.1
OG0000401	MEW5311804.1	MEW5304126.1, MEW5304127.1, MEW5306755.1
OG0000402	MEW5311843.1, MEW5311844.1	MEW5304153.1, MEW5304154.1
OG0000403	MEW5311852.1, MEW5312344.1, MEW5314042.1	MEW5304169.1
OG0000404	MEW5311865.1	MEW5304178.1, MEW5304853.1, MEW5307543.1
OG0000405	MEW5311917.1, MEW5319978.1	MEW5304222.1, MEW5304223.1
OG0000406	MEW5311948.1, MEW5311949.1, MEW5311950.1, MEW5311951.1	
OG0000407	MEW5311955.1, MEW5311956.1	MEW5298086.1, MEW5298087.1
OG0000408	MEW5311975.1, MEW5311976.1, MEW5311977.1	MEW5298069.1
OG0000409	MEW5311988.1, MEW5312012.1	MEW5298035.1, MEW5298057.1
OG0000410	MEW5312014.1, MEW5315645.1, MEW5317687.1	MEW5298034.1
OG0000411	MEW5312043.1	MEW5298005.1, MEW5302136.1, MEW5302138.1
OG0000412	MEW5312047.1, MEW5312048.1	MEW5298000.1, MEW5298001.1
OG0000413	MEW5312098.1, MEW5312099.1, MEW5312473.1	MEW5302780.1
OG0000414	MEW5312242.1, MEW5318221.1	MEW5301249.1, MEW5303009.1
OG0000415	MEW5312264.1, MEW5312293.1	MEW5302954.1, MEW5302956.1
OG0000416	MEW5312275.1, MEW5312276.1	MEW5302975.1, MEW5302976.1
OG0000417	MEW5312278.1, MEW5312279.1	MEW5302972.1, MEW5302973.1
OG0000418	MEW5312282.1, MEW5312283.1	MEW5302967.1, MEW5302968.1
OG0000419	MEW5312288.1, MEW5312294.1	MEW5302953.1, MEW5302955.1
OG0000420	MEW5312292.1	MEW5302957.1, MEW5302959.1, MEW5302961.1
OG0000421	MEW5312296.1, MEW5312297.1	MEW5302950.1, MEW5302951.1
OG0000422	MEW5312371.1, MEW5312372.1	MEW5302881.1, MEW5302883.1
OG0000423	MEW5312401.1, MEW5312402.1	MEW5302852.1, MEW5302853.1
OG0000424	MEW5312429.1, MEW5312430.1	MEW5302822.1, MEW5302823.1
OG0000425	MEW5312436.1, MEW5312437.1	MEW5302815.1, MEW5302816.1
OG0000426	MEW5312444.1	MEW5302059.1, MEW5302810.1, MEW5302811.1
OG0000427	MEW5312525.1, MEW5312526.1	MEW5302734.1, MEW5302735.1
OG0000428	MEW5312540.1, MEW5312541.1	MEW5302720.1, MEW5302721.1
OG0000429	MEW5312577.1, MEW5312578.1	MEW5302682.1, MEW5302683.1
OG0000430	MEW5312609.1, MEW5312610.1	MEW5299712.1, MEW5299713.1
OG0000431	MEW5312619.1, MEW5312620.1, MEW5312621.1	MEW5299703.1
OG0000432	MEW5312650.1, MEW5312651.1	MEW5299678.1, MEW5299679.1
OG0000433	MEW5312660.1	MEW5299536.1, MEW5299668.1, MEW5299669.1
OG0000434	MEW5312661.1, MEW5318743.1, MEW5318744.1	MEW5306003.1
OG0000435	MEW5312676.1, MEW5312677.1	MEW5299655.1, MEW5299656.1
OG0000436	MEW5312682.1, MEW5312683.1	MEW5299649.1, MEW5299650.1
OG0000437	MEW5312714.1, MEW5312715.1	MEW5299624.1, MEW5299625.1
OG0000438	MEW5312742.1, MEW5312743.1	MEW5299604.1, MEW5299605.1
OG0000439	MEW5312808.1, MEW5312809.1	MEW5299543.1, MEW5299544.1
OG0000440	MEW5312857.1, MEW5312858.1	MEW5299504.1, MEW5299505.1
OG0000441	MEW5312880.1, MEW5318481.1, MEW5318483.1	MEW5304741.1
OG0000442	MEW5312887.1, MEW5318399.1, MEW5319136.1	MEW5301409.1
OG0000443	MEW5312917.1, MEW5312918.1, MEW5313197.1	MEW5299459.1
OG0000444	MEW5312941.1, MEW5312943.1, MEW5319350.1	MEW5307793.1
OG0000445	MEW5312960.1, MEW5318807.1, MEW5318865.1	MEW5296883.1
OG0000446	MEW5312973.1	MEW5299411.1, MEW5299412.1, MEW5306745.1
OG0000447	MEW5313062.1	MEW5301125.1, MEW5301126.1, MEW5306586.1
OG0000448	MEW5313089.1, MEW5313090.1, MEW5313094.1	MEW5301146.1
OG0000449	MEW5313097.1	MEW5301150.1, MEW5301151.1, MEW5306778.1
OG0000450	MEW5313099.1	MEW5301152.1, MEW5301153.1, MEW5302156.1
OG0000451	MEW5313105.1, MEW5313106.1	MEW5301159.1, MEW5301160.1
OG0000452	MEW5313110.1, MEW5313111.1	MEW5301162.1, MEW5301163.1
OG0000453	MEW5313123.1, MEW5313869.1, MEW5317630.1	MEW5301176.1
OG0000454	MEW5313142.1, MEW5313143.1	MEW5301193.1, MEW5301194.1
OG0000455	MEW5313174.1, MEW5313175.1	MEW5301213.1, MEW5301214.1
OG0000456	MEW5313182.1, MEW5313183.1	MEW5301220.1, MEW5301221.1
OG0000457	MEW5313239.1, MEW5313240.1	MEW5298901.1, MEW5298902.1
OG0000458	MEW5313274.1, MEW5313533.1	MEW5298938.1, MEW5299208.1
OG0000459	MEW5313297.1	MEW5298962.1, MEW5298963.1, MEW5303750.1
OG0000460	MEW5313298.1, MEW5313299.1	MEW5298964.1, MEW5298965.1
OG0000461	MEW5313305.1	MEW5298970.1, MEW5300435.1, MEW5302462.1
OG0000462	MEW5313314.1, MEW5313315.1, MEW5313316.1	MEW5298977.1
OG0000463	MEW5313326.1	MEW5298983.1, MEW5298984.1, MEW5303782.1
OG0000464	MEW5313332.1, MEW5315056.1, MEW5319856.1	MEW5298993.1
OG0000465	MEW5313340.1, MEW5313341.1	MEW5299003.1, MEW5299004.1
OG0000466	MEW5313344.1, MEW5313345.1	MEW5299006.1, MEW5299007.1
OG0000467	MEW5313347.1, MEW5313348.1	MEW5299009.1, MEW5299010.1
OG0000468	MEW5313350.1	MEW5299012.1, MEW5299013.1, MEW5299014.1
OG0000469	MEW5313415.1, MEW5319775.1	MEW5299088.1, MEW5299089.1
OG0000470	MEW5313482.1, MEW5313483.1	MEW5299159.1, MEW5299160.1
OG0000471	MEW5313492.1, MEW5313493.1	MEW5299169.1, MEW5299170.1
OG0000472	MEW5313519.1, MEW5313520.1	MEW5299193.1, MEW5299194.1
OG0000473	MEW5313572.1, MEW5317989.1	MEW5300532.1, MEW5300533.1
OG0000474	MEW5313578.1, MEW5313579.1	MEW5300952.1, MEW5300953.1
OG0000475	MEW5313589.1, MEW5313590.1	MEW5300943.1, MEW5300944.1
OG0000476	MEW5313650.1, MEW5313651.1, MEW5313652.1	MEW5300883.1
OG0000477	MEW5313665.1	MEW5300871.1, MEW5300872.1, MEW5300873.1
OG0000478	MEW5313673.1, MEW5313674.1	MEW5300863.1, MEW5300864.1
OG0000479	MEW5313701.1, MEW5313702.1, MEW5313703.1	MEW5300832.1
OG0000480	MEW5313717.1	MEW5300819.1, MEW5300820.1, MEW5300821.1
OG0000481	MEW5313724.1, MEW5318109.1, MEW5320431.1	MEW5300811.1
OG0000482	MEW5313748.1, MEW5313749.1	MEW5300788.1, MEW5300789.1
OG0000483	MEW5313754.1	MEW5300775.1, MEW5300780.1, MEW5300783.1
OG0000484	MEW5313768.1, MEW5316301.1	MEW5300765.1, MEW5300766.1
OG0000485	MEW5313776.1, MEW5313777.1	MEW5300755.1, MEW5300756.1
OG0000486	MEW5313821.1	MEW5300709.1, MEW5306765.1, MEW5306859.1
OG0000487	MEW5313827.1, MEW5313828.1	MEW5300705.1, MEW5300706.1
OG0000488	MEW5313839.1, MEW5313840.1	MEW5300685.1, MEW5300686.1
OG0000489	MEW5313932.1, MEW5313933.1, MEW5318083.1	MEW5301091.1
OG0000490	MEW5313953.1, MEW5316356.1, MEW5319808.1	MEW5307894.1
OG0000491	MEW5313960.1, MEW5320203.1, MEW5320204.1	MEW5304275.1
OG0000492	MEW5313961.1, MEW5319551.1	MEW5304974.1, MEW5304975.1
OG0000493	MEW5314081.1, MEW5314082.1	MEW5305358.1, MEW5305359.1
OG0000494	MEW5314088.1, MEW5314089.1	MEW5305350.1, MEW5305351.1
OG0000495	MEW5314090.1, MEW5314091.1	MEW5305348.1, MEW5305349.1
OG0000496	MEW5314143.1, MEW5314144.1	MEW5305295.1, MEW5305296.1
OG0000497	MEW5314165.1	MEW5305274.1, MEW5305275.1, MEW5307776.1
OG0000498	MEW5314211.1	MEW5304866.1, MEW5305232.1, MEW5305233.1
OG0000499	MEW5314224.1, MEW5314225.1, MEW5315101.1	MEW5305221.1
OG0000500	MEW5314271.1, MEW5314272.1, MEW5320357.1	MEW5306894.1
OG0000501	MEW5314313.1, MEW5316728.1	MEW5305595.1, MEW5306935.1
OG0000502	MEW5314353.1, MEW5314354.1	MEW5306980.1, MEW5306981.1
OG0000503	MEW5314375.1, MEW5314376.1	MEW5297072.1, MEW5297073.1
OG0000504	MEW5314395.1, MEW5318387.1, MEW5320377.1	MEW5301397.1
OG0000505	MEW5314405.1, MEW5314406.1, MEW5314407.1	MEW5297097.1
OG0000506	MEW5314414.1	MEW5297104.1, MEW5297105.1, MEW5304136.1
OG0000507	MEW5314434.1, MEW5318888.1	MEW5296899.1, MEW5296900.1
OG0000508	MEW5314436.1, MEW5314437.1, MEW5314438.1	MEW5297123.1
OG0000509	MEW5314459.1, MEW5314460.1	MEW5297136.1, MEW5297137.1
OG0000510	MEW5314497.1, MEW5316531.1	MEW5305784.1, MEW5307130.1
OG0000511	MEW5314502.1, MEW5314503.1, MEW5314504.1	MEW5297176.1
OG0000512	MEW5314529.1, MEW5314530.1	MEW5297195.1, MEW5297196.1
OG0000513	MEW5314595.1	MEW5297251.1, MEW5297252.1, MEW5307652.1
OG0000514	MEW5314606.1, MEW5314607.1	MEW5297264.1, MEW5297265.1
OG0000515	MEW5314608.1, MEW5314609.1	MEW5297266.1, MEW5297267.1
OG0000516	MEW5314613.1, MEW5314614.1	MEW5297270.1, MEW5297271.1
OG0000517	MEW5314640.1, MEW5314641.1, MEW5315024.1	MEW5297295.1
OG0000518	MEW5314683.1, MEW5314684.1, MEW5314685.1	MEW5297332.1
OG0000519	MEW5314731.1	MEW5297365.1, MEW5297371.1, MEW5297372.1
OG0000520	MEW5314758.1, MEW5316119.1, MEW5319180.1	MEW5300442.1
OG0000521	MEW5314792.1, MEW5314793.1, MEW5315699.1	MEW5297433.1
OG0000522	MEW5314811.1	MEW5297449.1, MEW5297450.1, MEW5297451.1
OG0000523	MEW5314834.1, MEW5317560.1	MEW5297471.1, MEW5307339.1
OG0000524	MEW5314843.1, MEW5314844.1, MEW5314845.1	MEW5297478.1
OG0000525	MEW5314847.1, MEW5314848.1, MEW5319204.1	MEW5297480.1
OG0000526	MEW5314864.1, MEW5314865.1, MEW5315533.1	MEW5297491.1
OG0000527	MEW5314873.1, MEW5314874.1	MEW5297506.1, MEW5297507.1
OG0000528	MEW5314919.1, MEW5314920.1, MEW5315225.1, MEW5315226.1	
OG0000529	MEW5314935.1, MEW5314939.1, MEW5315216.1, MEW5318047.1	
OG0000530	MEW5315077.1, MEW5315503.1, MEW5319237.1	MEW5297744.1
OG0000531	MEW5315263.1, MEW5315268.1	MEW5297534.1, MEW5303650.1
OG0000532	MEW5315324.1	MEW5301094.1, MEW5303854.1, MEW5305756.1
OG0000533	MEW5315338.1, MEW5315339.1	MEW5297603.1, MEW5297604.1
OG0000534	MEW5315350.1	MEW5297613.1, MEW5297614.1, MEW5297615.1
OG0000535	MEW5315360.1, MEW5315361.1, MEW5315362.1, MEW5315391.1	
OG0000536	MEW5315387.1, MEW5315388.1	MEW5297647.1, MEW5303652.1
OG0000537	MEW5315401.1, MEW5315402.1	MEW5297658.1, MEW5297659.1
OG0000538	MEW5315410.1, MEW5315411.1	MEW5297666.1, MEW5297667.1
OG0000539	MEW5315416.1, MEW5317239.1	MEW5297675.1, MEW5303758.1
OG0000540	MEW5315422.1, MEW5315423.1	MEW5297681.1, MEW5297682.1
OG0000541	MEW5315427.1, MEW5315428.1, MEW5315992.1, MEW5316002.1	
OG0000542	MEW5315436.1, MEW5315437.1	MEW5297690.1, MEW5297691.1
OG0000543	MEW5315460.1, MEW5315461.1	MEW5297708.1, MEW5297709.1
OG0000544	MEW5315492.1, MEW5315493.1	MEW5297737.1, MEW5306543.1
OG0000545	MEW5315495.1, MEW5318724.1, MEW5319198.1	MEW5304479.1
OG0000546	MEW5315530.1, MEW5315531.1	MEW5297769.1, MEW5297770.1
OG0000547	MEW5315568.1	MEW5297802.1, MEW5297803.1, MEW5307569.1
OG0000548	MEW5315573.1, MEW5315574.1, MEW5317542.1	MEW5297816.1
OG0000549	MEW5315588.1, MEW5315589.1	MEW5297825.1, MEW5297826.1
OG0000550	MEW5315602.1, MEW5315603.1	MEW5297840.1, MEW5297841.1
OG0000551	MEW5315664.1, MEW5315665.1	MEW5297884.1, MEW5297885.1
OG0000552	MEW5315670.1, MEW5315671.1	MEW5297879.1, MEW5297889.1
OG0000553	MEW5315676.1, MEW5315677.1, MEW5315678.1, MEW5315679.1	
OG0000554	MEW5315704.1, MEW5315705.1	MEW5306371.1, MEW5306372.1
OG0000555	MEW5315734.1	MEW5304377.1, MEW5306332.1, MEW5306333.1
OG0000556	MEW5315741.1, MEW5315742.1, MEW5320355.1	MEW5306339.1
OG0000557	MEW5315814.1	MEW5297017.1, MEW5297021.1, MEW5304884.1
OG0000558	MEW5315827.1, MEW5315841.1	MEW5297002.1, MEW5297003.1
OG0000559	MEW5315925.1, MEW5315926.1	MEW5308005.1, MEW5308006.1
OG0000560	MEW5315942.1, MEW5315943.1	MEW5306401.1, MEW5306402.1
OG0000561	MEW5316013.1, MEW5316014.1	MEW5306463.1, MEW5306464.1
OG0000562	MEW5316031.1	MEW5306479.1, MEW5306480.1, MEW5306481.1
OG0000563	MEW5316048.1, MEW5316049.1, MEW5316050.1	MEW5304505.1
OG0000564	MEW5316057.1, MEW5316061.1	MEW5304511.1, MEW5304515.1
OG0000565	MEW5316076.1, MEW5316077.1	MEW5300389.1, MEW5300390.1
OG0000566	MEW5316092.1	MEW5300407.1, MEW5300408.1, MEW5300409.1
OG0000567	MEW5316122.1, MEW5316123.1, MEW5316124.1	MEW5300445.1
OG0000568	MEW5316146.1, MEW5319167.1	MEW5300470.1, MEW5301590.1
OG0000569	MEW5316195.1, MEW5316196.1	MEW5296779.1, MEW5296780.1
OG0000570	MEW5316201.1, MEW5316202.1	MEW5296774.1, MEW5296775.1
OG0000571	MEW5316203.1, MEW5316204.1	MEW5296772.1, MEW5296773.1
OG0000572	MEW5316230.1	MEW5296745.1, MEW5296746.1, MEW5296747.1
OG0000573	MEW5316245.1, MEW5316246.1, MEW5317115.1	MEW5301812.1
OG0000574	MEW5316363.1, MEW5316364.1	MEW5307888.1, MEW5307889.1
OG0000575	MEW5316384.1, MEW5316385.1	MEW5307869.1, MEW5307870.1
OG0000576	MEW5316435.1, MEW5316436.1	MEW5306515.1, MEW5306516.1
OG0000577	MEW5316487.1, MEW5316489.1	MEW5296839.1, MEW5306563.1
OG0000578	MEW5316520.1, MEW5316521.1, MEW5316522.1	MEW5306584.1
OG0000579	MEW5316591.1, MEW5316592.1	MEW5304882.1, MEW5304883.1
OG0000580	MEW5316637.1, MEW5316638.1	MEW5304794.1, MEW5304795.1
OG0000581	MEW5316702.1, MEW5316703.1	MEW5302649.1, MEW5302650.1
OG0000582	MEW5316754.1, MEW5316760.1, MEW5316761.1, MEW5318220.1	
OG0000583	MEW5316812.1, MEW5316813.1	MEW5305679.1, MEW5305680.1
OG0000584	MEW5316825.1, MEW5316826.1	MEW5300381.1, MEW5300382.1
OG0000585	MEW5316933.1, MEW5316934.1	MEW5300290.1, MEW5300291.1
OG0000586	MEW5316951.1, MEW5316954.1, MEW5316955.1	MEW5307706.1
OG0000587	MEW5316965.1	MEW5307715.1, MEW5307717.1, MEW5307718.1
OG0000588	MEW5316988.1	MEW5302182.1, MEW5307738.1, MEW5307739.1
OG0000589	MEW5317116.1	MEW5301813.1, MEW5301814.1, MEW5302260.1
OG0000590	MEW5317211.1, MEW5317212.1	MEW5301903.1, MEW5301904.1
OG0000591	MEW5317250.1, MEW5317442.1, MEW5319497.1	MEW5301943.1
OG0000592	MEW5317300.1, MEW5319058.1	MEW5301503.1, MEW5306676.1
OG0000593	MEW5317321.1, MEW5317322.1	MEW5301997.1, MEW5301998.1
OG0000594	MEW5317339.1, MEW5317340.1	MEW5302014.1, MEW5302015.1
OG0000595	MEW5317346.1, MEW5317347.1	MEW5302021.1, MEW5302022.1
OG0000596	MEW5317387.1, MEW5317388.1	MEW5300836.1, MEW5307282.1
OG0000597	MEW5317406.1	MEW5307485.1, MEW5307486.1, MEW5307487.1
OG0000598	MEW5317436.1, MEW5317437.1, MEW5317438.1	MEW5307456.1
OG0000599	MEW5317443.1, MEW5317444.1, MEW5317445.1	MEW5307454.1
OG0000600	MEW5317456.1, MEW5317457.1	MEW5307444.1, MEW5307445.1
OG0000601	MEW5317489.1, MEW5317490.1, MEW5317491.1	MEW5307416.1
OG0000602	MEW5317650.1, MEW5317936.1	MEW5300589.1, MEW5300590.1
OG0000603	MEW5317672.1, MEW5320480.1	MEW5306649.1, MEW5306650.1
OG0000604	MEW5317709.1, MEW5317710.1	MEW5303615.1, MEW5303616.1
OG0000605	MEW5317726.1, MEW5317727.1, MEW5317728.1	MEW5303605.1
OG0000606	MEW5317762.1, MEW5317763.1	MEW5306171.1, MEW5306172.1
OG0000607	MEW5317778.1, MEW5317779.1, MEW5317780.1	MEW5306189.1
OG0000608	MEW5317786.1, MEW5317788.1	MEW5306196.1, MEW5306198.1
OG0000609	MEW5317791.1	MEW5301450.1, MEW5306201.1, MEW5306202.1
OG0000610	MEW5317814.1, MEW5317815.1	MEW5306226.1, MEW5306227.1
OG0000611	MEW5317819.1, MEW5317820.1	MEW5306233.1, MEW5306234.1
OG0000612	MEW5317842.1, MEW5317843.1	MEW5297182.1, MEW5306260.1
OG0000613	MEW5317873.1, MEW5319485.1, MEW5319486.1, MEW5319487.1	
OG0000614	MEW5317890.1	MEW5300619.1, MEW5300620.1, MEW5303649.1
OG0000615	MEW5317891.1, MEW5317892.1	MEW5300617.1, MEW5300618.1
OG0000616	MEW5317915.1, MEW5319423.1, MEW5319448.1, MEW5319449.1	
OG0000617	MEW5317996.1, MEW5318873.1	MEW5300441.1, MEW5300525.1
OG0000618	MEW5318001.1, MEW5319200.1, MEW5319201.1, MEW5319519.1	
OG0000619	MEW5318079.1	MEW5301093.1, MEW5301096.1, MEW5301097.1
OG0000620	MEW5318161.1, MEW5318162.1	MEW5301024.1, MEW5301025.1
OG0000621	MEW5318228.1, MEW5318321.1	MEW5301255.1, MEW5301341.1
OG0000622	MEW5318258.1, MEW5318259.1	MEW5301281.1, MEW5301282.1
OG0000623	MEW5318290.1	MEW5301317.1, MEW5307523.1, MEW5307590.1
OG0000624	MEW5318306.1, MEW5318307.1, MEW5318308.1	MEW5301330.1
OG0000625	MEW5318329.1	MEW5301350.1, MEW5302257.1, MEW5306762.1
OG0000626	MEW5318405.1, MEW5318407.1	MEW5301414.1, MEW5301415.1
OG0000627	MEW5318514.1, MEW5318521.1	MEW5304707.1, MEW5304712.1
OG0000628	MEW5318564.1	MEW5297523.1, MEW5304669.1, MEW5304670.1
OG0000629	MEW5318577.1	MEW5304659.1, MEW5304660.1, MEW5304661.1
OG0000630	MEW5318595.1, MEW5318596.1	MEW5304638.1, MEW5304639.1
OG0000631	MEW5318701.1, MEW5318702.1	MEW5305972.1, MEW5305973.1
OG0000632	MEW5318710.1, MEW5318711.1	MEW5305978.1, MEW5305979.1
OG0000633	MEW5318754.1, MEW5318755.1	MEW5306013.1, MEW5306014.1
OG0000634	MEW5318760.1, MEW5318761.1	MEW5306017.1, MEW5306018.1
OG0000635	MEW5318780.1, MEW5318781.1	MEW5306032.1, MEW5306033.1
OG0000636	MEW5318819.1, MEW5318828.1	MEW5306065.1, MEW5306076.1
OG0000637	MEW5318822.1, MEW5318823.1	MEW5306070.1, MEW5306071.1
OG0000638	MEW5318922.1, MEW5318924.1, MEW5318925.1, MEW5318926.1	
OG0000639	MEW5318951.1, MEW5318953.1	MEW5305485.1, MEW5305486.1
OG0000640	MEW5318975.1, MEW5319048.1	MEW5301491.1, MEW5305507.1
OG0000641	MEW5319010.1	MEW5305533.1, MEW5305542.1, MEW5305553.1
OG0000642	MEW5319033.1, MEW5319034.1	MEW5301474.1, MEW5301475.1
OG0000643	MEW5319039.1	MEW5301481.1, MEW5302198.1, MEW5307529.1
OG0000644	MEW5319088.1, MEW5319089.1	MEW5301527.1, MEW5301528.1
OG0000645	MEW5319121.1	MEW5301551.1, MEW5301552.1, MEW5301553.1
OG0000646	MEW5319125.1, MEW5319126.1	MEW5301555.1, MEW5302536.1
OG0000647	MEW5319143.1, MEW5319144.1, MEW5320369.1	MEW5301568.1
OG0000648	MEW5319196.1, MEW5319197.1	MEW5302256.1, MEW5304480.1
OG0000649	MEW5319220.1	MEW5304463.1, MEW5304464.1, MEW5304465.1
OG0000650	MEW5319242.1, MEW5319243.1	MEW5307611.1, MEW5307612.1
OG0000651	MEW5319248.1, MEW5319249.1	MEW5307604.1, MEW5307605.1
OG0000652	MEW5319318.1	MEW5300128.1, MEW5305450.1, MEW5305453.1
OG0000653	MEW5319335.1	MEW5307806.1, MEW5307807.1, MEW5307808.1
OG0000654	MEW5319343.1, MEW5319344.1	MEW5307799.1, MEW5307800.1
OG0000655	MEW5319440.1, MEW5319441.1	MEW5307943.1, MEW5307944.1
OG0000656	MEW5319467.1, MEW5319468.1	MEW5303788.1, MEW5307960.1
OG0000657	MEW5319657.1, MEW5319658.1	MEW5299861.1, MEW5299862.1
OG0000658	MEW5319700.1	MEW5299827.1, MEW5300841.1, MEW5303659.1
OG0000659	MEW5319717.1, MEW5319718.1	MEW5299811.1, MEW5299812.1
OG0000660	MEW5319727.1, MEW5319728.1, MEW5319729.1	MEW5299801.1
OG0000661	MEW5319743.1, MEW5319744.1	MEW5299786.1, MEW5299787.1
OG0000662	MEW5319762.1, MEW5319763.1	MEW5299771.1, MEW5304858.1
OG0000663	MEW5319891.1	MEW5304355.1, MEW5304356.1, MEW5304357.1
OG0000664	MEW5319903.1, MEW5319904.1	MEW5304344.1, MEW5304345.1
OG0000665	MEW5319995.1, MEW5319996.1	MEW5307832.1, MEW5307833.1
OG0000666	MEW5320163.1, MEW5320179.1, MEW5320180.1	MEW5307022.1
OG0000667	MEW5320177.1, MEW5320178.1	MEW5307031.1, MEW5307032.1
OG0000668	MEW5320201.1, MEW5320202.1	MEW5304271.1, MEW5304274.1
OG0000669	MEW5320206.1, MEW5320207.1	MEW5304277.1, MEW5304278.1
OG0000670	MEW5320421.1	MEW5301181.1, MEW5305698.1, MEW5305699.1
OG0000671	MEW5320442.1, MEW5320443.1	MEW5301716.1, MEW5301717.1
OG0000672	MEW5320481.1, MEW5320482.1	MEW5306651.1, MEW5306652.1
OG0000673	Null	MEW5296848.1, MEW5299075.1, MEW5306610.1, MEW5306611.1
OG0000674	Null	MEW5299031.1, MEW5299032.1, MEW5299033.1, MEW5299034.1
OG0000675	Null	MEW5301841.1, MEW5301842.1, MEW5306692.1, MEW5306693.1
OG0000676	Null	MEW5302981.1, MEW5303777.1, MEW5303778.1, MEW5306781.1
OG0000677	Null	MEW5304196.1, MEW5304197.1, MEW5304198.1, MEW5304835.1
OG0000678	Null	MEW5306721.1, MEW5306725.1, MEW5306727.1, MEW5306729.1
OG0000679	MEW5308033.1, MEW5308036.1	MEW5303914.1
OG0000680	MEW5308039.1	MEW5303908.1, MEW5303909.1
OG0000681	MEW5308040.1, MEW5308041.1	MEW5303907.1
OG0000682	MEW5308044.1	MEW5303905.1, MEW5303906.1
OG0000683	MEW5308050.1	MEW5303899.1, MEW5303900.1
OG0000684	MEW5308057.1	MEW5303891.1, MEW5303892.1
OG0000685	MEW5308068.1	MEW5303883.1, MEW5303884.1
OG0000686	MEW5308082.1, MEW5311913.1	MEW5304219.1
OG0000687	MEW5308097.1	MEW5303861.1, MEW5306675.1
OG0000688	MEW5308109.1, MEW5320362.1	MEW5303853.1
OG0000689	MEW5308117.1, MEW5314932.1	MEW5303847.1
OG0000690	MEW5308119.1, MEW5308120.1	MEW5303845.1
OG0000691	MEW5308121.1, MEW5308122.1	MEW5303844.1
OG0000692	MEW5308124.1, MEW5315171.1	MEW5303843.1
OG0000693	MEW5308135.1	MEW5302087.1, MEW5305886.1
OG0000694	MEW5308139.1	MEW5305879.1, MEW5305880.1
OG0000695	MEW5308143.1, MEW5308144.1	MEW5305877.1
OG0000696	MEW5308151.1, MEW5319275.1	MEW5305868.1
OG0000697	MEW5308169.1, MEW5308170.1	MEW5305852.1
OG0000698	MEW5308185.1, MEW5308191.1	MEW5305837.1
OG0000699	MEW5308187.1	MEW5305833.1, MEW5305834.1
OG0000700	MEW5308195.1, MEW5308201.1	MEW5302099.1
OG0000701	MEW5308196.1, MEW5308202.1	MEW5305826.1
OG0000702	MEW5308197.1, MEW5309288.1	MEW5301444.1
OG0000703	MEW5308199.1, MEW5315608.1	MEW5297846.1
OG0000704	MEW5308200.1, MEW5311457.1	MEW5304032.1
OG0000705	MEW5308228.1, MEW5312735.1	MEW5299610.1
OG0000706	MEW5308230.1, MEW5318770.1	MEW5306027.1
OG0000707	MEW5308236.1	MEW5305802.1, MEW5305803.1
OG0000708	MEW5308256.1, MEW5312009.1	MEW5298038.1
OG0000709	MEW5308258.1, MEW5312006.1	MEW5298041.1
OG0000710	MEW5308264.1	MEW5305769.1, MEW5305770.1
OG0000711	MEW5308278.1, MEW5308279.1	MEW5305757.1
OG0000712	MEW5308300.1, MEW5308306.1, MEW5314386.1	
OG0000713	MEW5308309.1, MEW5308359.1	MEW5305736.1
OG0000714	MEW5308314.1, MEW5308315.1	MEW5305730.1
OG0000715	MEW5308320.1	MEW5305723.1, MEW5305724.1
OG0000716	MEW5308339.1, MEW5316144.1	MEW5302291.1
OG0000717	MEW5308340.1, MEW5319804.1	MEW5302293.1
OG0000718	MEW5308345.1, MEW5308346.1	MEW5302296.1
OG0000719	MEW5308348.1, MEW5308349.1	MEW5302300.1
OG0000720	MEW5308366.1, MEW5309488.1	MEW5303060.1
OG0000721	MEW5308373.1, MEW5316237.1	MEW5302320.1
OG0000722	MEW5308376.1, MEW5318179.1	MEW5302322.1
OG0000723	MEW5308393.1	MEW5302341.1, MEW5302342.1
OG0000724	MEW5308394.1	MEW5302343.1, MEW5302344.1
OG0000725	MEW5308406.1	MEW5302357.1, MEW5302358.1
OG0000726	MEW5308419.1	MEW5307989.1, MEW5307990.1
OG0000727	MEW5308420.1	MEW5303709.1, MEW5307991.1
OG0000728	MEW5308422.1, MEW5308423.1	MEW5307994.1
OG0000729	MEW5308428.1, MEW5310821.1	MEW5298876.1
OG0000730	MEW5308433.1	MEW5298869.1, MEW5298870.1
OG0000731	MEW5308444.1, MEW5308445.1	MEW5298860.1
OG0000732	MEW5308448.1, MEW5312262.1	MEW5298857.1
OG0000733	MEW5308452.1, MEW5315302.1	MEW5298853.1
OG0000734	MEW5308463.1	MEW5298845.1, MEW5298846.1
OG0000735	MEW5308467.1, MEW5313356.1	MEW5299019.1
OG0000736	MEW5308475.1	MEW5298835.1, MEW5298836.1
OG0000737	MEW5308488.1, MEW5317526.1	MEW5298815.1
OG0000738	MEW5308493.1	MEW5298809.1, MEW5307554.1
OG0000739	MEW5308497.1	MEW5298807.1, MEW5303772.1
OG0000740	MEW5308499.1	MEW5298802.1, MEW5303534.1
OG0000741	MEW5308510.1, MEW5308511.1	MEW5298794.1
OG0000742	MEW5308522.1	MEW5298782.1, MEW5307516.1
OG0000743	MEW5308525.1, MEW5308526.1	MEW5298780.1
OG0000744	MEW5308537.1, MEW5308538.1	MEW5298771.1
OG0000745	MEW5308552.1, MEW5318808.1	MEW5306055.1
OG0000746	MEW5308563.1, MEW5308564.1	MEW5298745.1
OG0000747	MEW5308566.1	MEW5298743.1, MEW5307526.1
OG0000748	MEW5308575.1, MEW5308576.1, MEW5308577.1	
OG0000749	MEW5308581.1, MEW5308582.1	MEW5298727.1
OG0000750	MEW5308591.1, MEW5313937.1	MEW5298720.1
OG0000751	MEW5308594.1	MEW5298716.1, MEW5298717.1
OG0000752	MEW5308597.1	MEW5298712.1, MEW5302218.1
OG0000753	MEW5308608.1	MEW5298702.1, MEW5298703.1
OG0000754	MEW5308637.1, MEW5310992.1	MEW5298676.1
OG0000755	MEW5308654.1, MEW5308655.1	MEW5298661.1
OG0000756	MEW5308658.1	MEW5298657.1, MEW5298658.1
OG0000757	MEW5308695.1, MEW5317559.1	MEW5298638.1
OG0000758	MEW5308699.1, MEW5308700.1	MEW5298634.1
OG0000759	MEW5308703.1	MEW5298633.1, MEW5302246.1
OG0000760	MEW5308710.1	MEW5298625.1, MEW5298626.1
OG0000761	MEW5308712.1, MEW5308713.1	MEW5298622.1
OG0000762	MEW5308717.1	MEW5298617.1, MEW5298618.1
OG0000763	MEW5308725.1	MEW5298611.1, MEW5298612.1
OG0000764	MEW5308730.1	MEW5298606.1, MEW5298607.1
OG0000765	MEW5308732.1	MEW5298603.1, MEW5298604.1
OG0000766	MEW5308745.1, MEW5308746.1	MEW5298591.1
OG0000767	MEW5308759.1	MEW5298578.1, MEW5298579.1
OG0000768	MEW5308761.1, MEW5308762.1	MEW5298576.1
OG0000769	MEW5308766.1	MEW5298570.1, MEW5298571.1
OG0000770	MEW5308772.1	MEW5298560.1, MEW5298561.1
OG0000771	MEW5308780.1	MEW5298552.1, MEW5298554.1
OG0000772	MEW5308783.1, MEW5308784.1	MEW5298549.1
OG0000773	MEW5308790.1	MEW5298543.1, MEW5298544.1
OG0000774	MEW5308793.1	MEW5298539.1, MEW5298540.1
OG0000775	MEW5308798.1	MEW5298533.1, MEW5298534.1
OG0000776	MEW5308808.1, MEW5317810.1	MEW5306223.1
OG0000777	MEW5308809.1, MEW5314066.1	MEW5298524.1
OG0000778	MEW5308813.1, MEW5317668.1	MEW5298520.1
OG0000779	MEW5308816.1, MEW5308817.1	MEW5298517.1
OG0000780	MEW5308818.1, MEW5320219.1	MEW5298516.1
OG0000781	MEW5308828.1, MEW5308829.1	MEW5298508.1
OG0000782	MEW5308830.1, MEW5308846.1	MEW5298507.1
OG0000783	MEW5308841.1	MEW5298497.1, MEW5298498.1
OG0000784	MEW5308849.1	MEW5298487.1, MEW5298488.1
OG0000785	MEW5308854.1, MEW5308855.1	MEW5298482.1
OG0000786	MEW5308859.1, MEW5309851.1	MEW5298479.1
OG0000787	MEW5308874.1	MEW5298467.1, MEW5307520.1
OG0000788	MEW5308889.1, MEW5308890.1	MEW5298450.1
OG0000789	MEW5308922.1	MEW5298420.1, MEW5298421.1
OG0000790	MEW5308931.1	MEW5298411.1, MEW5298412.1
OG0000791	MEW5308939.1, MEW5319864.1	MEW5298409.1
OG0000792	MEW5308940.1	MEW5298407.1, MEW5298408.1
OG0000793	MEW5308954.1, MEW5308955.1	MEW5298394.1
OG0000794	MEW5308959.1	MEW5298389.1, MEW5302090.1
OG0000795	MEW5308965.1	MEW5298384.1, MEW5298385.1
OG0000796	MEW5308974.1, MEW5308975.1	MEW5298378.1
OG0000797	MEW5308977.1	MEW5298375.1, MEW5298376.1
OG0000798	MEW5308989.1	MEW5298365.1, MEW5307567.1
OG0000799	MEW5308998.1	MEW5298355.1, MEW5298356.1
OG0000800	MEW5309002.1	MEW5298349.1, MEW5298350.1
OG0000801	MEW5309006.1, MEW5309007.1	MEW5298345.1
OG0000802	MEW5309009.1	MEW5298341.1, MEW5298342.1
OG0000803	MEW5309015.1	MEW5298336.1, MEW5298337.1
OG0000804	MEW5309020.1, MEW5319976.1	MEW5298333.1
OG0000805	MEW5309023.1	MEW5298329.1, MEW5298330.1
OG0000806	MEW5309028.1	MEW5298324.1, MEW5298325.1
OG0000807	MEW5309036.1, MEW5309037.1, MEW5309038.1	
OG0000808	MEW5309050.1	MEW5303390.1, MEW5305375.1
OG0000809	MEW5309065.1, MEW5309066.1	MEW5298297.1
OG0000810	MEW5309067.1, MEW5315089.1	MEW5298296.1
OG0000811	MEW5309068.1	MEW5298295.1, MEW5306685.1
OG0000812	MEW5309070.1	MEW5298292.1, MEW5298293.1
OG0000813	MEW5309073.1	MEW5298288.1, MEW5306406.1
OG0000814	MEW5309075.1	MEW5298283.1, MEW5298284.1
OG0000815	MEW5309083.1	MEW5298273.1, MEW5298274.1
OG0000816	MEW5309099.1, MEW5309100.1	MEW5298259.1
OG0000817	MEW5309106.1, MEW5315680.1	MEW5298254.1
OG0000818	MEW5309108.1, MEW5318839.1	MEW5298252.1
OG0000819	MEW5309117.1, MEW5313966.1	MEW5298246.1
OG0000820	MEW5309133.1, MEW5309134.1	MEW5298230.1
OG0000821	MEW5309138.1, MEW5309139.1	MEW5298225.1
OG0000822	MEW5309146.1	MEW5298221.1, MEW5298222.1
OG0000823	MEW5309157.1	MEW5298210.1, MEW5298211.1
OG0000824	MEW5309159.1, MEW5309160.1	MEW5298208.1
OG0000825	MEW5309167.1	MEW5298200.1, MEW5298201.1
OG0000826	MEW5309185.1	MEW5298179.1, MEW5298180.1
OG0000827	MEW5309197.1	MEW5298162.1, MEW5298163.1
OG0000828	MEW5309204.1, MEW5309205.1	MEW5298155.1
OG0000829	MEW5309224.1, MEW5309225.1	MEW5298136.1
OG0000830	MEW5309228.1, MEW5309229.1	MEW5298133.1
OG0000831	MEW5309230.1, MEW5315316.1	MEW5297586.1
OG0000832	MEW5309253.1, MEW5309254.1	MEW5298112.1
OG0000833	MEW5309260.1, MEW5309261.1	MEW5298106.1
OG0000834	MEW5309294.1, MEW5309295.1	MEW5301440.1
OG0000835	MEW5309296.1, MEW5309297.1	MEW5301439.1
OG0000836	MEW5309310.1, MEW5315155.1	MEW5300645.1
OG0000837	MEW5309311.1	MEW5300644.1, MEW5303664.1
OG0000838	MEW5309315.1	MEW5300639.1, MEW5300640.1
OG0000839	MEW5309324.1	MEW5307391.1, MEW5307392.1
OG0000840	MEW5309326.1, MEW5320379.1	MEW5307394.1
OG0000841	MEW5309334.1, MEW5309335.1	MEW5307366.1
OG0000842	MEW5309338.1	MEW5307370.1, MEW5307371.1
OG0000843	MEW5309346.1, MEW5320044.1, MEW5320045.1	
OG0000844	MEW5309370.1, MEW5317152.1	MEW5307350.1
OG0000845	MEW5309382.1	MEW5307341.1, MEW5307342.1
OG0000846	MEW5309402.1, MEW5309403.1	MEW5307325.1
OG0000847	MEW5309407.1	MEW5307320.1, MEW5307321.1
OG0000848	MEW5309409.1, MEW5309410.1	MEW5307318.1
OG0000849	MEW5309429.1	MEW5307304.1, MEW5307566.1
OG0000850	MEW5309432.1, MEW5319677.1	MEW5307298.1
OG0000851	MEW5309441.1	MEW5307558.1, MEW5307562.1
OG0000852	MEW5309458.1, MEW5314796.1	MEW5297434.1
OG0000853	MEW5309465.1	MEW5299216.1, MEW5303036.1
OG0000854	MEW5309470.1	MEW5303041.1, MEW5303042.1
OG0000855	MEW5309480.1	MEW5303051.1, MEW5303052.1
OG0000856	MEW5309482.1	MEW5298213.1, MEW5303054.1
OG0000857	MEW5309498.1, MEW5312888.1	MEW5299483.1
OG0000858	MEW5309515.1	MEW5303081.1, MEW5307553.1
OG0000859	MEW5309517.1, MEW5312211.1, MEW5312212.1	
OG0000860	MEW5309540.1, MEW5309541.1	MEW5303099.1
OG0000861	MEW5309545.1, MEW5315594.1	MEW5297832.1
OG0000862	MEW5309546.1	MEW5303101.1, MEW5303102.1
OG0000863	MEW5309550.1	MEW5303104.1, MEW5303105.1
OG0000864	MEW5309558.1	MEW5303111.1, MEW5303112.1
OG0000865	MEW5309564.1	MEW5303120.1, MEW5303121.1
OG0000866	MEW5309582.1, MEW5317611.1	MEW5303139.1
OG0000867	MEW5309590.1, MEW5309591.1	MEW5303146.1
OG0000868	MEW5309595.1	MEW5303149.1, MEW5303150.1
OG0000869	MEW5309603.1, MEW5313737.1	MEW5303156.1
OG0000870	MEW5309615.1, MEW5315153.1	MEW5303166.1
OG0000871	MEW5309620.1	MEW5303171.1, MEW5303172.1
OG0000872	MEW5309623.1, MEW5313268.1	MEW5303174.1
OG0000873	MEW5309645.1, MEW5313991.1	MEW5303194.1
OG0000874	MEW5309648.1	MEW5298463.1, MEW5303196.1
OG0000875	MEW5309654.1, MEW5309655.1	MEW5303202.1
OG0000876	MEW5309662.1	MEW5303209.1, MEW5303210.1
OG0000877	MEW5309664.1	MEW5303212.1, MEW5303213.1
OG0000878	MEW5309666.1	MEW5303217.1, MEW5303822.1
OG0000879	MEW5309667.1, MEW5309668.1	MEW5303219.1
OG0000880	MEW5309678.1, MEW5320352.1	MEW5303228.1
OG0000881	MEW5309714.1, MEW5309715.1	MEW5303255.1
OG0000882	MEW5309718.1	MEW5303258.1, MEW5303808.1
OG0000883	MEW5309719.1, MEW5311777.1	MEW5303259.1
OG0000884	MEW5309727.1	MEW5303267.1, MEW5307956.1
OG0000885	MEW5309729.1	MEW5303269.1, MEW5305002.1
OG0000886	MEW5309743.1	MEW5303282.1, MEW5303283.1
OG0000887	MEW5309755.1	MEW5303291.1, MEW5303292.1
OG0000888	MEW5309760.1, MEW5309761.1	MEW5303297.1
OG0000889	MEW5309763.1, MEW5309764.1	MEW5303299.1
OG0000890	MEW5309773.1	MEW5303309.1, MEW5303310.1
OG0000891	MEW5309795.1, MEW5309796.1	MEW5304092.1
OG0000892	MEW5309800.1	MEW5303333.1, MEW5303334.1
OG0000893	MEW5309806.1	MEW5303337.1, MEW5306747.1
OG0000894	MEW5309823.1, MEW5317679.1	MEW5303350.1
OG0000895	MEW5309833.1, MEW5309834.1	MEW5303360.1
OG0000896	MEW5309838.1, MEW5309839.1	MEW5303364.1
OG0000897	MEW5309841.1, MEW5311803.1	MEW5303366.1
OG0000898	MEW5309850.1	MEW5303375.1, MEW5303376.1
OG0000899	MEW5309857.1, MEW5309858.1	MEW5303380.1
OG0000900	MEW5309863.1, MEW5309864.1	MEW5303385.1
OG0000901	MEW5309869.1, MEW5317568.1	MEW5303391.1
OG0000902	MEW5309871.1, MEW5309872.1	MEW5303392.1
OG0000903	MEW5309878.1	MEW5303400.1, MEW5303401.1
OG0000904	MEW5309880.1, MEW5309881.1	MEW5303403.1
OG0000905	MEW5309898.1	MEW5303417.1, MEW5303418.1
OG0000906	MEW5309899.1, MEW5309900.1, MEW5309901.1	
OG0000907	MEW5309905.1	MEW5302152.1, MEW5303424.1
OG0000908	MEW5309912.1	MEW5303430.1, MEW5303431.1
OG0000909	MEW5309913.1, MEW5311114.1, MEW5314979.1	
OG0000910	MEW5309915.1, MEW5309916.1	MEW5303433.1
OG0000911	MEW5309925.1, MEW5309926.1	MEW5303442.1
OG0000912	MEW5309928.1, MEW5309932.1	MEW5303444.1
OG0000913	MEW5309957.1, MEW5309958.1	MEW5303468.1
OG0000914	MEW5309962.1	MEW5301110.1, MEW5303470.1
OG0000915	MEW5309968.1, MEW5313963.1	MEW5303476.1
OG0000916	MEW5309972.1	MEW5303479.1, MEW5303480.1
OG0000917	MEW5309980.1, MEW5309981.1	MEW5303487.1
OG0000918	MEW5309999.1, MEW5310000.1	MEW5303503.1
OG0000919	MEW5310001.1	MEW5303504.1, MEW5303505.1
OG0000920	MEW5310016.1	MEW5303519.1, MEW5303520.1
OG0000921	MEW5310042.1	MEW5303536.1, MEW5303537.1
OG0000922	MEW5310055.1, MEW5320392.1	MEW5303548.1
OG0000923	MEW5310060.1	MEW5303553.1, MEW5303554.1
OG0000924	MEW5310068.1, MEW5310069.1	MEW5303562.1
OG0000925	MEW5310071.1	MEW5303564.1, MEW5303565.1
OG0000926	MEW5310072.1	MEW5303566.1, MEW5307570.1
OG0000927	MEW5310098.1	MEW5305052.1, MEW5305053.1
OG0000928	MEW5310101.1	MEW5305048.1, MEW5305049.1
OG0000929	MEW5310102.1, MEW5310103.1	MEW5305047.1
OG0000930	MEW5310123.1, MEW5310124.1	MEW5305032.1
OG0000931	MEW5310128.1	MEW5300542.1, MEW5305074.1
OG0000932	MEW5310136.1, MEW5317758.1	MEW5306167.1
OG0000933	MEW5310142.1, MEW5314017.1	MEW5305088.1
OG0000934	MEW5310158.1, MEW5310159.1	MEW5305104.1
OG0000935	MEW5310173.1	MEW5305111.1, MEW5305112.1
OG0000936	MEW5310176.1	MEW5305086.1, MEW5305116.1
OG0000937	MEW5310185.1, MEW5310186.1	MEW5305125.1
OG0000938	MEW5310204.1, MEW5310205.1	MEW5305136.1
OG0000939	MEW5310239.1, MEW5310240.1	MEW5305167.1
OG0000940	MEW5310263.1, MEW5310264.1	MEW5305183.1
OG0000941	MEW5310303.1	MEW5307047.1, MEW5307048.1
OG0000942	MEW5310309.1	MEW5307053.1, MEW5307054.1
OG0000943	MEW5310322.1, MEW5310323.1	MEW5307066.1
OG0000944	MEW5310347.1, MEW5310348.1	MEW5307085.1
OG0000945	MEW5310353.1, MEW5310354.1	MEW5307090.1
OG0000946	MEW5310359.1, MEW5310360.1	MEW5307095.1
OG0000947	MEW5310365.1, MEW5310366.1	MEW5307100.1
OG0000948	MEW5310371.1, MEW5317140.1	MEW5301837.1
OG0000949	MEW5310394.1, MEW5310395.1	MEW5307123.1
OG0000950	MEW5310401.1	MEW5307131.1, MEW5307132.1
OG0000951	MEW5310416.1, MEW5319797.1	MEW5307145.1
OG0000952	MEW5310487.1, MEW5310565.1	MEW5302571.1
OG0000953	MEW5310490.1, MEW5317128.1	MEW5301824.1
OG0000954	MEW5310494.1	MEW5302565.1, MEW5302566.1
OG0000955	MEW5310501.1, MEW5310502.1	MEW5302559.1
OG0000956	MEW5310505.1	MEW5302555.1, MEW5306826.1
OG0000957	MEW5310527.1	MEW5302527.1, MEW5302528.1
OG0000958	MEW5310531.1, MEW5317625.1	MEW5302523.1
OG0000959	MEW5310538.1	MEW5302516.1, MEW5302517.1
OG0000960	MEW5310544.1, MEW5310546.1	MEW5302508.1
OG0000961	MEW5310549.1	MEW5302506.1, MEW5304852.1
OG0000962	MEW5310556.1, MEW5310557.1	MEW5302499.1
OG0000963	MEW5310561.1, MEW5310562.1	MEW5302494.1
OG0000964	MEW5310568.1	MEW5302489.1, MEW5302490.1
OG0000965	MEW5310577.1, MEW5318254.1	MEW5302480.1
OG0000966	MEW5310579.1	MEW5302478.1, MEW5306699.1
OG0000967	MEW5310591.1, MEW5310592.1	MEW5302465.1
OG0000968	MEW5310597.1, MEW5310598.1	MEW5302460.1
OG0000969	MEW5310604.1	MEW5302455.1, MEW5302456.1
OG0000970	MEW5310612.1	MEW5302449.1, MEW5302450.1
OG0000971	MEW5310615.1, MEW5310616.1	MEW5302446.1
OG0000972	MEW5310644.1, MEW5310645.1	MEW5302425.1
OG0000973	MEW5310646.1	MEW5302423.1, MEW5302424.1
OG0000974	MEW5310653.1	MEW5302416.1, MEW5302417.1
OG0000975	MEW5310657.1, MEW5310658.1	MEW5302414.1
OG0000976	MEW5310661.1	MEW5302410.1, MEW5302411.1
OG0000977	MEW5310662.1, MEW5315009.1	MEW5302409.1
OG0000978	MEW5310668.1	MEW5302401.1, MEW5302402.1
OG0000979	MEW5310671.1, MEW5310672.1	MEW5302397.1
OG0000980	MEW5310686.1, MEW5310687.1	MEW5302387.1
OG0000981	MEW5310690.1	MEW5302383.1, MEW5302384.1
OG0000982	MEW5310703.1	MEW5302369.1, MEW5302370.1
OG0000983	MEW5310721.1, MEW5310722.1	MEW5307266.1
OG0000984	MEW5310738.1, MEW5319235.1	MEW5304446.1
OG0000985	MEW5310740.1, MEW5310741.1	MEW5307249.1
OG0000986	MEW5310764.1, MEW5310765.1	MEW5307231.1
OG0000987	MEW5310779.1, MEW5316211.1	MEW5296766.1
OG0000988	MEW5310781.1	MEW5298212.1, MEW5307215.1
OG0000989	MEW5310784.1, MEW5310785.1	MEW5307212.1
OG0000990	MEW5310797.1, MEW5310798.1	MEW5307200.1
OG0000991	MEW5310799.1, MEW5310800.1	MEW5307199.1
OG0000992	MEW5310834.1	MEW5307178.1, MEW5307179.1
OG0000993	MEW5310836.1	MEW5307176.1, MEW5307177.1
OG0000994	MEW5310842.1	MEW5307170.1, MEW5307171.1
OG0000995	MEW5310847.1	MEW5301603.1, MEW5301604.1
OG0000996	MEW5310852.1	MEW5301609.1, MEW5302114.1
OG0000997	MEW5310876.1, MEW5310877.1	MEW5301624.1
OG0000998	MEW5310891.1	MEW5301636.1, MEW5301637.1
OG0000999	MEW5310894.1, MEW5310895.1	MEW5301641.1
OG0001000	MEW5310923.1, MEW5317027.1	MEW5301662.1
OG0001001	MEW5310930.1	MEW5301666.1, MEW5301667.1
OG0001002	MEW5310962.1	MEW5299889.1, MEW5302172.1
OG0001003	MEW5310984.1, MEW5314006.1	MEW5299913.1
OG0001004	MEW5311000.1, MEW5311001.1	MEW5299928.1
OG0001005	MEW5311013.1	MEW5299995.1, MEW5299996.1
OG0001006	MEW5311019.1, MEW5311020.1	MEW5299945.1
OG0001007	MEW5311022.1	MEW5299947.1, MEW5299948.1
OG0001008	MEW5311031.1, MEW5317605.1	MEW5299955.1
OG0001009	MEW5311040.1, MEW5311044.1	MEW5299960.1
OG0001010	MEW5311050.1	MEW5299965.1, MEW5299966.1
OG0001011	MEW5311052.1, MEW5311053.1	MEW5299968.1
OG0001012	MEW5311061.1	MEW5299976.1, MEW5306415.1
OG0001013	MEW5311064.1	MEW5299978.1, MEW5305754.1
OG0001014	MEW5311065.1, MEW5317617.1	MEW5299979.1
OG0001015	MEW5311066.1	MEW5299980.1, MEW5299981.1
OG0001016	MEW5311070.1, MEW5315537.1	MEW5297773.1
OG0001017	MEW5311097.1	MEW5300011.1, MEW5306607.1
OG0001018	MEW5311100.1, MEW5311101.1	MEW5300014.1
OG0001019	MEW5311102.1	MEW5300015.1, MEW5300016.1
OG0001020	MEW5311119.1	MEW5298821.1, MEW5300031.1
OG0001021	MEW5311121.1	MEW5300032.1, MEW5300033.1
OG0001022	MEW5311122.1	MEW5300034.1, MEW5306508.1
OG0001023	MEW5311145.1, MEW5311146.1	MEW5300054.1
OG0001024	MEW5311152.1	MEW5300060.1, MEW5300061.1
OG0001025	MEW5311191.1	MEW5300090.1, MEW5305143.1
OG0001026	MEW5311194.1	MEW5300093.1, MEW5300094.1
OG0001027	MEW5311204.1	MEW5300105.1, MEW5300106.1
OG0001028	MEW5311205.1, MEW5311206.1	MEW5300107.1
OG0001029	MEW5311219.1, MEW5311220.1	MEW5300116.1
OG0001030	MEW5311222.1, MEW5311223.1	MEW5300118.1
OG0001031	MEW5311231.1	MEW5298816.1, MEW5300126.1
OG0001032	MEW5311246.1	MEW5300141.1, MEW5300142.1
OG0001033	MEW5311262.1	MEW5300151.1, MEW5300152.1
OG0001034	MEW5311264.1, MEW5316523.1	MEW5306588.1
OG0001035	MEW5311275.1, MEW5316254.1	MEW5300168.1
OG0001036	MEW5311282.1, MEW5319573.1	MEW5304952.1
OG0001037	MEW5311287.1	MEW5300177.1, MEW5300178.1
OG0001038	MEW5311304.1, MEW5311305.1	MEW5300193.1
OG0001039	MEW5311307.1	MEW5300194.1, MEW5302252.1
OG0001040	MEW5311311.1, MEW5315761.1	MEW5300199.1
OG0001041	MEW5311314.1, MEW5315151.1	MEW5300202.1
OG0001042	MEW5311335.1	MEW5297495.1, MEW5300225.1
OG0001043	MEW5311336.1, MEW5311338.1	MEW5300226.1
OG0001044	MEW5311368.1, MEW5315069.1	MEW5300674.1
OG0001045	MEW5311378.1	MEW5300260.1, MEW5300261.1
OG0001046	MEW5311394.1, MEW5311395.1	MEW5300275.1
OG0001047	MEW5311396.1, MEW5311397.1	MEW5300276.1
OG0001048	MEW5311400.1	MEW5299721.1, MEW5299722.1
OG0001049	MEW5311408.1	MEW5299728.1, MEW5306822.1
OG0001050	MEW5311409.1	MEW5299729.1, MEW5299730.1
OG0001051	MEW5311414.1, MEW5311415.1	MEW5299737.1
OG0001052	MEW5311418.1, MEW5311440.1, MEW5311441.1	
OG0001053	MEW5311420.1	MEW5299744.1, MEW5299745.1
OG0001054	MEW5311421.1	MEW5299747.1, MEW5306790.1
OG0001055	MEW5311432.1	MEW5299756.1, MEW5304652.1
OG0001056	MEW5311445.1, MEW5315019.1	MEW5304046.1
OG0001057	MEW5311453.1, MEW5311454.1	MEW5304036.1
OG0001058	MEW5311473.1	MEW5304020.1, MEW5304021.1
OG0001059	MEW5311475.1	MEW5304017.1, MEW5304018.1
OG0001060	MEW5311476.1	MEW5304015.1, MEW5304016.1
OG0001061	MEW5311481.1	MEW5304010.1, MEW5304011.1
OG0001062	MEW5311484.1	MEW5304006.1, MEW5304007.1
OG0001063	MEW5311493.1, MEW5313660.1	MEW5304000.1
OG0001064	MEW5311498.1, MEW5313267.1	MEW5303995.1
OG0001065	MEW5311503.1, MEW5311504.1	MEW5303989.1
OG0001066	MEW5311510.1, MEW5312927.1	MEW5303984.1
OG0001067	MEW5311517.1, MEW5316311.1	MEW5303978.1
OG0001068	MEW5311518.1	MEW5303977.1, MEW5304996.1
OG0001069	MEW5311554.1	MEW5306105.1, MEW5306106.1
OG0001070	MEW5311559.1	MEW5306109.1, MEW5306110.1
OG0001071	MEW5311570.1	MEW5306122.1, MEW5306123.1
OG0001072	MEW5311575.1, MEW5315811.1	MEW5297020.1
OG0001073	MEW5311576.1	MEW5303692.1, MEW5306128.1
OG0001074	MEW5311579.1, MEW5311580.1	MEW5306131.1
OG0001075	MEW5311590.1, MEW5311591.1	MEW5306137.1
OG0001076	MEW5311593.1, MEW5311594.1	MEW5306139.1
OG0001077	MEW5311595.1, MEW5311596.1	MEW5306140.1
OG0001078	MEW5311602.1	MEW5306144.1, MEW5306145.1
OG0001079	MEW5311604.1	MEW5306146.1, MEW5306147.1
OG0001080	MEW5311635.1	MEW5299239.1, MEW5303710.1
OG0001081	MEW5311642.1, MEW5317737.1	MEW5299243.1
OG0001082	MEW5311652.1, MEW5311653.1	MEW5299252.1
OG0001083	MEW5311669.1	MEW5299268.1, MEW5299269.1
OG0001084	MEW5311678.1	MEW5299277.1, MEW5299278.1
OG0001085	MEW5311685.1, MEW5317632.1	MEW5299287.1
OG0001086	MEW5311687.1	MEW5299289.1, MEW5299290.1
OG0001087	MEW5311705.1, MEW5311706.1	MEW5299311.1
OG0001088	MEW5311719.1	MEW5299319.1, MEW5302237.1
OG0001089	MEW5311722.1, MEW5313461.1	MEW5299133.1
OG0001090	MEW5311734.1, MEW5314955.1	MEW5304082.1
OG0001091	MEW5311745.1	MEW5304069.1, MEW5304070.1
OG0001092	MEW5311750.1, MEW5314937.1, MEW5315231.1	
OG0001093	MEW5311751.1	MEW5305083.1, MEW5305084.1
OG0001094	MEW5311762.1, MEW5311763.1	MEW5304058.1
OG0001095	MEW5311773.1	MEW5304101.1, MEW5304838.1
OG0001096	MEW5311784.1	MEW5304112.1, MEW5304113.1
OG0001097	MEW5311791.1, MEW5311792.1	MEW5304119.1
OG0001098	MEW5311797.1, MEW5311798.1	MEW5304123.1
OG0001099	MEW5311807.1, MEW5314051.1	MEW5304130.1
OG0001100	MEW5311815.1, MEW5313909.1	MEW5304139.1
OG0001101	MEW5311823.1	MEW5304147.1, MEW5304148.1
OG0001102	MEW5311838.1	MEW5302192.1, MEW5304159.1
OG0001103	MEW5311866.1, MEW5311867.1	MEW5304179.1
OG0001104	MEW5311873.1	MEW5302241.1, MEW5304184.1
OG0001105	MEW5311881.1, MEW5311882.1	MEW5304190.1
OG0001106	MEW5311883.1, MEW5311884.1	MEW5304191.1
OG0001107	MEW5311885.1, MEW5317429.1	MEW5304192.1
OG0001108	MEW5311889.1, MEW5311890.1, MEW5311891.1	
OG0001109	MEW5311895.1	MEW5304202.1, MEW5304203.1
OG0001110	MEW5311897.1	MEW5304207.1, MEW5306670.1
OG0001111	MEW5311898.1, MEW5311899.1	MEW5304208.1
OG0001112	MEW5311900.1, MEW5311901.1	MEW5304209.1
OG0001113	MEW5311915.1, MEW5311916.1	MEW5304221.1
OG0001114	MEW5311920.1, MEW5311921.1	MEW5304226.1
OG0001115	MEW5311932.1, MEW5311933.1	MEW5304236.1
OG0001116	MEW5311959.1, MEW5311960.1	MEW5298084.1
OG0001117	MEW5311969.1	MEW5298078.1, MEW5298079.1
OG0001118	MEW5311971.1	MEW5298075.1, MEW5298076.1
OG0001119	MEW5311974.1	MEW5298071.1, MEW5298072.1
OG0001120	MEW5311981.1, MEW5317631.1	MEW5298065.1
OG0001121	MEW5311989.1, MEW5311990.1	MEW5298056.1
OG0001122	MEW5312000.1	MEW5298047.1, MEW5298048.1
OG0001123	MEW5312001.1, MEW5316946.1	MEW5298046.1
OG0001124	MEW5312002.1, MEW5312003.1	MEW5298045.1
OG0001125	MEW5312020.1, MEW5317251.1	MEW5298029.1
OG0001126	MEW5312026.1, MEW5312027.1	MEW5298018.1
OG0001127	MEW5312040.1, MEW5312041.1	MEW5298006.1
OG0001128	MEW5312044.1, MEW5312045.1, MEW5312046.1	
OG0001129	MEW5312053.1	MEW5297988.1, MEW5297989.1
OG0001130	MEW5312054.1, MEW5312055.1	MEW5297987.1
OG0001131	MEW5312061.1, MEW5317507.1	MEW5307400.1
OG0001132	MEW5312062.1	MEW5297980.1, MEW5297981.1
OG0001133	MEW5312065.1, MEW5314020.1	MEW5297979.1
OG0001134	MEW5312076.1, MEW5312079.1, MEW5319107.1	
OG0001135	MEW5312081.1, MEW5312082.1	MEW5297968.1
OG0001136	MEW5312086.1, MEW5312087.1	MEW5297962.1
OG0001137	MEW5312089.1	MEW5297958.1, MEW5297959.1
OG0001138	MEW5312096.1, MEW5312097.1	MEW5297954.1
OG0001139	MEW5312102.1, MEW5312103.1	MEW5297953.1
OG0001140	MEW5312106.1	MEW5297949.1, MEW5297950.1
OG0001141	MEW5312117.1	MEW5297937.1, MEW5297938.1
OG0001142	MEW5312126.1	MEW5297929.1, MEW5306787.1
OG0001143	MEW5312141.1, MEW5312142.1	MEW5297912.1
OG0001144	MEW5312149.1, MEW5312150.1	MEW5297905.1
OG0001145	MEW5312158.1, MEW5312159.1	MEW5297898.1
OG0001146	MEW5312169.1, MEW5312170.1	MEW5296823.1
OG0001147	MEW5312176.1, MEW5318536.1	MEW5304693.1
OG0001148	MEW5312178.1, MEW5312516.1	MEW5302745.1
OG0001149	MEW5312182.1	MEW5296835.1, MEW5296836.1
OG0001150	MEW5312183.1	MEW5296837.1, MEW5304867.1
OG0001151	MEW5312189.1	MEW5296841.1, MEW5303749.1
OG0001152	MEW5312201.1	MEW5296849.1, MEW5296850.1
OG0001153	MEW5312207.1	MEW5296856.1, MEW5303761.1
OG0001154	MEW5312213.1	MEW5296861.1, MEW5296862.1
OG0001155	MEW5312221.1	MEW5296868.1, MEW5296869.1
OG0001156	MEW5312231.1	MEW5303021.1, MEW5303022.1
OG0001157	MEW5312259.1, MEW5312260.1, MEW5312261.1	
OG0001158	MEW5312268.1, MEW5312272.1, MEW5312273.1	
OG0001159	MEW5312269.1, MEW5312270.1, MEW5314914.1	
OG0001160	MEW5312285.1, MEW5312291.1	MEW5302965.1
OG0001161	MEW5312286.1, MEW5312290.1	MEW5302964.1
OG0001162	MEW5312300.1, MEW5312301.1	MEW5302947.1
OG0001163	MEW5312324.1, MEW5312325.1	MEW5302926.1
OG0001164	MEW5312333.1, MEW5312334.1	MEW5302918.1
OG0001165	MEW5312335.1	MEW5302916.1, MEW5302917.1
OG0001166	MEW5312336.1	MEW5302914.1, MEW5302915.1
OG0001167	MEW5312345.1, MEW5317529.1	MEW5302908.1
OG0001168	MEW5312352.1	MEW5302898.1, MEW5302899.1
OG0001169	MEW5312363.1, MEW5320427.1	MEW5305686.1
OG0001170	MEW5312366.1, MEW5312367.1	MEW5302888.1
OG0001171	MEW5312375.1	MEW5302879.1, MEW5306855.1
OG0001172	MEW5312381.1	MEW5302872.1, MEW5302873.1
OG0001173	MEW5312387.1, MEW5320046.1	MEW5302866.1
OG0001174	MEW5312393.1, MEW5315079.1	MEW5302860.1
OG0001175	MEW5312404.1	MEW5302849.1, MEW5302850.1
OG0001176	MEW5312409.1, MEW5312410.1	MEW5302844.1
OG0001177	MEW5312426.1	MEW5302826.1, MEW5302827.1
OG0001178	MEW5312434.1, MEW5319407.1	MEW5307912.1
OG0001179	MEW5312438.1, MEW5312439.1	MEW5302814.1
OG0001180	MEW5312452.1, MEW5312453.1	MEW5302802.1
OG0001181	MEW5312462.1	MEW5302792.1, MEW5302793.1
OG0001182	MEW5312476.1, MEW5312477.1	MEW5302776.1
OG0001183	MEW5312487.1, MEW5312488.1	MEW5302773.1
OG0001184	MEW5312491.1	MEW5302764.1, MEW5302765.1
OG0001185	MEW5312508.1	MEW5302750.1, MEW5302751.1
OG0001186	MEW5312510.1, MEW5312511.1	MEW5302748.1
OG0001187	MEW5312517.1, MEW5315695.1	MEW5306379.1
OG0001188	MEW5312522.1	MEW5302738.1, MEW5302739.1
OG0001189	MEW5312543.1, MEW5312544.1	MEW5302718.1
OG0001190	MEW5312552.1, MEW5312726.1	MEW5299616.1
OG0001191	MEW5312554.1, MEW5317637.1	MEW5302709.1
OG0001192	MEW5312561.1, MEW5313930.1	MEW5302702.1
OG0001193	MEW5312570.1, MEW5312571.1	MEW5302692.1
OG0001194	MEW5312575.1	MEW5302685.1, MEW5302686.1
OG0001195	MEW5312589.1	MEW5302670.1, MEW5304753.1
OG0001196	MEW5312593.1, MEW5319470.1	MEW5302664.1
OG0001197	MEW5312599.1, MEW5318208.1	MEW5300976.1
OG0001198	MEW5312626.1, MEW5312627.1	MEW5299698.1
OG0001199	MEW5312628.1, MEW5317576.1	MEW5299697.1
OG0001200	MEW5312632.1, MEW5316473.1	MEW5299694.1
OG0001201	MEW5312647.1, MEW5312648.1	MEW5299681.1
OG0001202	MEW5312655.1	MEW5298454.1, MEW5299674.1
OG0001203	MEW5312688.1, MEW5312691.1	MEW5299644.1
OG0001204	MEW5312700.1, MEW5316291.1	MEW5299637.1
OG0001205	MEW5312704.1	MEW5299632.1, MEW5306101.1
OG0001206	MEW5312722.1, MEW5312723.1	MEW5299618.1
OG0001207	MEW5312729.1, MEW5312730.1	MEW5299612.1
OG0001208	MEW5312770.1	MEW5299580.1, MEW5299581.1
OG0001209	MEW5312783.1	MEW5299569.1, MEW5299570.1
OG0001210	MEW5312788.1	MEW5299563.1, MEW5299564.1
OG0001211	MEW5312806.1	MEW5299547.1, MEW5299548.1
OG0001212	MEW5312811.1, MEW5312812.1, MEW5312819.1	
OG0001213	MEW5312813.1, MEW5315125.1	MEW5299541.1
OG0001214	MEW5312814.1	MEW5299539.1, MEW5299540.1
OG0001215	MEW5312815.1	MEW5299537.1, MEW5299538.1
OG0001216	MEW5312817.1, MEW5312818.1	MEW5299534.1
OG0001217	MEW5312822.1, MEW5312823.1	MEW5299532.1
OG0001218	MEW5312826.1	MEW5301416.1, MEW5307997.1
OG0001219	MEW5312829.1	MEW5299527.1, MEW5299528.1
OG0001220	MEW5312840.1, MEW5312841.1	MEW5299517.1
OG0001221	MEW5312842.1, MEW5312843.1	MEW5299516.1
OG0001222	MEW5312859.1	MEW5299502.1, MEW5299503.1
OG0001223	MEW5312869.1, MEW5312870.1, MEW5312871.1	
OG0001224	MEW5312894.1	MEW5299478.1, MEW5299479.1
OG0001225	MEW5312896.1, MEW5315232.1	MEW5299475.1
OG0001226	MEW5312919.1	MEW5299457.1, MEW5299458.1
OG0001227	MEW5312920.1	MEW5299455.1, MEW5299456.1
OG0001228	MEW5312922.1, MEW5320483.1	MEW5299453.1
OG0001229	MEW5312923.1, MEW5312925.1	MEW5299452.1
OG0001230	MEW5312924.1, MEW5312926.1	MEW5299451.1
OG0001231	MEW5312930.1	MEW5299447.1, MEW5299448.1
OG0001232	MEW5312939.1	MEW5297570.1, MEW5299438.1
OG0001233	MEW5312945.1, MEW5312946.1	MEW5299436.1
OG0001234	MEW5312951.1	MEW5299433.1, MEW5305864.1
OG0001235	MEW5312970.1, MEW5312971.1	MEW5299415.1
OG0001236	MEW5312981.1, MEW5315847.1	MEW5299402.1
OG0001237	MEW5312985.1	MEW5299398.1, MEW5299399.1
OG0001238	MEW5312998.1	MEW5299380.1, MEW5299381.1
OG0001239	MEW5313022.1	MEW5299358.1, MEW5299359.1
OG0001240	MEW5313045.1, MEW5317969.1	MEW5300548.1
OG0001241	MEW5313051.1, MEW5317126.1	MEW5301822.1
OG0001242	MEW5313057.1, MEW5317648.1	MEW5299326.1
OG0001243	MEW5313065.1, MEW5313067.1	MEW5301128.1
OG0001244	MEW5313088.1, MEW5313091.1	MEW5301147.1
OG0001245	MEW5313093.1, MEW5315319.1	MEW5301148.1
OG0001246	MEW5313103.1, MEW5315405.1	MEW5297662.1
OG0001247	MEW5313104.1	MEW5301158.1, MEW5303001.1
OG0001248	MEW5313109.1, MEW5317615.1	MEW5301161.1
OG0001249	MEW5313131.1	MEW5301185.1, MEW5301186.1
OG0001250	MEW5313150.1	MEW5301199.1, MEW5306688.1
OG0001251	MEW5313157.1, MEW5314676.1	MEW5301203.1
OG0001252	MEW5313164.1, MEW5319422.1, MEW5319453.1	
OG0001253	MEW5313171.1	MEW5301211.1, MEW5307766.1
OG0001254	MEW5313180.1, MEW5313181.1	MEW5301219.1
OG0001255	MEW5313204.1	MEW5301234.1, MEW5303937.1
OG0001256	MEW5313205.1	MEW5301235.1, MEW5301236.1
OG0001257	MEW5313210.1, MEW5313214.1	MEW5301240.1
OG0001258	MEW5313216.1, MEW5314004.1	MEW5301243.1
OG0001259	MEW5313228.1	MEW5298890.1, MEW5298891.1
OG0001260	MEW5313234.1, MEW5313235.1	MEW5298895.1
OG0001261	MEW5313236.1, MEW5314046.1	MEW5298896.1
OG0001262	MEW5313243.1	MEW5298904.1, MEW5298905.1
OG0001263	MEW5313250.1	MEW5298911.1, MEW5298912.1
OG0001264	MEW5313257.1, MEW5313260.1	MEW5298918.1
OG0001265	MEW5313259.1	MEW5306706.1, MEW5306707.1
OG0001266	MEW5313264.1	MEW5298927.1, MEW5298928.1
OG0001267	MEW5313280.1, MEW5313281.1	MEW5298941.1
OG0001268	MEW5313284.1, MEW5317621.1	MEW5298946.1
OG0001269	MEW5313288.1, MEW5313289.1	MEW5298950.1
OG0001270	MEW5313291.1	MEW5298952.1, MEW5298953.1
OG0001271	MEW5313308.1, MEW5313317.1, MEW5313322.1	
OG0001272	MEW5313312.1	MEW5298974.1, MEW5298976.1
OG0001273	MEW5313327.1	MEW5298985.1, MEW5298986.1
OG0001274	MEW5313334.1, MEW5313335.1	MEW5298995.1
OG0001275	MEW5313339.1	MEW5298999.1, MEW5299000.1
OG0001276	MEW5313363.1, MEW5313364.1	MEW5299027.1
OG0001277	MEW5313373.1	MEW5299040.1, MEW5299041.1
OG0001278	MEW5313385.1, MEW5317721.1	MEW5299052.1
OG0001279	MEW5313387.1	MEW5299054.1, MEW5299055.1
OG0001280	MEW5313402.1, MEW5316597.1	MEW5299076.1
OG0001281	MEW5313404.1, MEW5317516.1	MEW5299078.1
OG0001282	MEW5313421.1	MEW5299093.1, MEW5299094.1
OG0001283	MEW5313422.1	MEW5299095.1, MEW5299097.1
OG0001284	MEW5313429.1, MEW5313430.1	MEW5299100.1
OG0001285	MEW5313433.1	MEW5299102.1, MEW5299103.1
OG0001286	MEW5313444.1, MEW5315178.1	MEW5299114.1
OG0001287	MEW5313445.1, MEW5313446.1	MEW5299115.1
OG0001288	MEW5313448.1, MEW5313449.1	MEW5299117.1
OG0001289	MEW5313450.1	MEW5299118.1, MEW5299119.1
OG0001290	MEW5313452.1	MEW5299122.1, MEW5299123.1
OG0001291	MEW5313460.1, MEW5317569.1	MEW5299132.1
OG0001292	MEW5313468.1	MEW5299141.1, MEW5299142.1
OG0001293	MEW5313473.1	MEW5299147.1, MEW5299148.1
OG0001294	MEW5313494.1, MEW5314011.1	MEW5299171.1
OG0001295	MEW5313521.1, MEW5313522.1	MEW5299195.1
OG0001296	MEW5313526.1	MEW5299199.1, MEW5299200.1
OG0001297	MEW5313530.1	MEW5299204.1, MEW5299205.1
OG0001298	MEW5313548.1, MEW5313549.1	MEW5299224.1
OG0001299	MEW5313552.1, MEW5314204.1	MEW5299227.1
OG0001300	MEW5313555.1	MEW5299230.1, MEW5302121.1
OG0001301	MEW5313556.1, MEW5313557.1	MEW5300973.1
OG0001302	MEW5313565.1	MEW5300963.1, MEW5300964.1
OG0001303	MEW5313574.1	MEW5300956.1, MEW5307549.1
OG0001304	MEW5313587.1, MEW5313588.1	MEW5300945.1
OG0001305	MEW5313593.1	MEW5300941.1, MEW5300942.1
OG0001306	MEW5313594.1	MEW5300940.1, MEW5303676.1
OG0001307	MEW5313605.1	MEW5300930.1, MEW5303632.1
OG0001308	MEW5313614.1	MEW5300920.1, MEW5300921.1
OG0001309	MEW5313618.1	MEW5300915.1, MEW5300916.1
OG0001310	MEW5313621.1, MEW5313622.1	MEW5300910.1
OG0001311	MEW5313626.1	MEW5300904.1, MEW5300905.1
OG0001312	MEW5313644.1, MEW5313645.1	MEW5300891.1
OG0001313	MEW5313654.1, MEW5313655.1	MEW5300881.1
OG0001314	MEW5313658.1, MEW5313659.1	MEW5300877.1
OG0001315	MEW5313669.1, MEW5313670.1	MEW5300867.1
OG0001316	MEW5313682.1, MEW5320405.1	MEW5305843.1
OG0001317	MEW5313683.1	MEW5300855.1, MEW5300856.1
OG0001318	MEW5313704.1	MEW5300831.1, MEW5302207.1
OG0001319	MEW5313711.1	MEW5300825.1, MEW5300826.1
OG0001320	MEW5313714.1, MEW5313715.1	MEW5300822.1
OG0001321	MEW5313723.1	MEW5300812.1, MEW5300813.1
OG0001322	MEW5313732.1	MEW5300803.1, MEW5301699.1
OG0001323	MEW5313756.1	MEW5300781.1, MEW5303673.1
OG0001324	MEW5313766.1, MEW5317565.1	MEW5300768.1
OG0001325	MEW5313770.1	MEW5300762.1, MEW5300763.1
OG0001326	MEW5313771.1, MEW5313772.1	MEW5300761.1
OG0001327	MEW5313773.1	MEW5300759.1, MEW5300760.1
OG0001328	MEW5313794.1	MEW5300741.1, MEW5300742.1
OG0001329	MEW5313812.1, MEW5317612.1	MEW5300722.1
OG0001330	MEW5313825.1, MEW5313826.1	MEW5300707.1
OG0001331	MEW5313832.1	MEW5300699.1, MEW5300700.1
OG0001332	MEW5313843.1	MEW5297052.1, MEW5300690.1
OG0001333	MEW5313855.1	MEW5300668.1, MEW5306832.1
OG0001334	MEW5313859.1, MEW5313860.1	MEW5300664.1
OG0001335	MEW5313900.1, MEW5318502.1	MEW5304726.1
OG0001336	MEW5313911.1, MEW5313912.1, MEW5313914.1	
OG0001337	MEW5313916.1, MEW5314139.1	MEW5305301.1
OG0001338	MEW5313917.1, MEW5317121.1	MEW5301817.1
OG0001339	MEW5313943.1, MEW5317167.1	MEW5301868.1
OG0001340	MEW5313967.1	MEW5303704.1, MEW5303705.1
OG0001341	MEW5313987.1, MEW5319325.1	MEW5305457.1
OG0001342	MEW5313996.1, MEW5315287.1	MEW5297552.1
OG0001343	MEW5314005.1, MEW5315501.1	MEW5297742.1
OG0001344	MEW5314008.1, MEW5320187.1	MEW5304258.1
OG0001345	MEW5314036.1, MEW5317003.1	MEW5307750.1
OG0001346	MEW5314056.1, MEW5315832.1	MEW5296997.1
OG0001347	MEW5314063.1, MEW5318395.1	MEW5301406.1
OG0001348	MEW5314064.1, MEW5317125.1	MEW5301821.1
OG0001349	MEW5314070.1	MEW5302088.1, MEW5305372.1
OG0001350	MEW5314074.1, MEW5314075.1	MEW5305368.1
OG0001351	MEW5314086.1, MEW5316571.1	MEW5305353.1
OG0001352	MEW5314109.1	MEW5305330.1, MEW5305331.1
OG0001353	MEW5314112.1, MEW5314915.1	MEW5305327.1
OG0001354	MEW5314117.1	MEW5305321.1, MEW5305322.1
OG0001355	MEW5314133.1	MEW5305306.1, MEW5305307.1
OG0001356	MEW5314134.1, MEW5314135.1	MEW5305305.1
OG0001357	MEW5314149.1, MEW5314150.1	MEW5305291.1
OG0001358	MEW5314154.1, MEW5314155.1	MEW5305287.1
OG0001359	MEW5314163.1	MEW5302173.1, MEW5305278.1
OG0001360	MEW5314176.1	MEW5305267.1, MEW5305268.1
OG0001361	MEW5314177.1, MEW5314178.1, MEW5314182.1	
OG0001362	MEW5314185.1	MEW5305263.1, MEW5305264.1
OG0001363	MEW5314202.1, MEW5314203.1	MEW5305239.1
OG0001364	MEW5314213.1	MEW5305230.1, MEW5306836.1
OG0001365	MEW5314215.1, MEW5314216.1	MEW5305228.1
OG0001366	MEW5314220.1	MEW5305224.1, MEW5305260.1
OG0001367	MEW5314221.1	MEW5305223.1, MEW5305261.1
OG0001368	MEW5314231.1	MEW5305214.1, MEW5305215.1
OG0001369	MEW5314268.1	MEW5306891.1, MEW5307591.1
OG0001370	MEW5314290.1	MEW5302209.1, MEW5306908.1
OG0001371	MEW5314291.1	MEW5306909.1, MEW5306910.1
OG0001372	MEW5314294.1	MEW5306913.1, MEW5306914.1
OG0001373	MEW5314302.1	MEW5306925.1, MEW5306926.1
OG0001374	MEW5314312.1	MEW5306933.1, MEW5306934.1
OG0001375	MEW5314314.1	MEW5306936.1, MEW5306937.1
OG0001376	MEW5314318.1	MEW5301308.1, MEW5306942.1
OG0001377	MEW5314323.1	MEW5298921.1, MEW5306946.1
OG0001378	MEW5314324.1	MEW5306947.1, MEW5306948.1
OG0001379	MEW5314349.1	MEW5306973.1, MEW5306974.1
OG0001380	MEW5314350.1	MEW5306975.1, MEW5306976.1
OG0001381	MEW5314351.1	MEW5306977.1, MEW5306978.1
OG0001382	MEW5314357.1, MEW5319811.1	MEW5306984.1
OG0001383	MEW5314372.1	MEW5306994.1, MEW5306995.1
OG0001384	MEW5314381.1, MEW5319852.1, MEW5319853.1	
OG0001385	MEW5314383.1	MEW5297080.1, MEW5304890.1
OG0001386	MEW5314387.1	MEW5297084.1, MEW5297085.1
OG0001387	MEW5314396.1	MEW5297091.1, MEW5297435.1
OG0001388	MEW5314397.1, MEW5314446.1	MEW5297092.1
OG0001389	MEW5314401.1, MEW5314402.1	MEW5297095.1
OG0001390	MEW5314403.1, MEW5314404.1	MEW5297096.1
OG0001391	MEW5314409.1, MEW5314410.1	MEW5297099.1
OG0001392	MEW5314422.1	MEW5297112.1, MEW5297113.1
OG0001393	MEW5314426.1	MEW5297116.1, MEW5301861.1
OG0001394	MEW5314432.1, MEW5319564.1	MEW5304960.1
OG0001395	MEW5314439.1, MEW5314440.1	MEW5297124.1
OG0001396	MEW5314451.1, MEW5314452.1	MEW5297132.1
OG0001397	MEW5314468.1, MEW5314469.1	MEW5297144.1
OG0001398	MEW5314474.1, MEW5314475.1	MEW5297149.1
OG0001399	MEW5314495.1, MEW5314496.1	MEW5297171.1
OG0001400	MEW5314507.1, MEW5314508.1	MEW5297178.1
OG0001401	MEW5314527.1, MEW5314528.1	MEW5297194.1
OG0001402	MEW5314544.1, MEW5314552.1	MEW5297207.1
OG0001403	MEW5314545.1	MEW5297208.1, MEW5307902.1
OG0001404	MEW5314550.1, MEW5315154.1	MEW5297209.1
OG0001405	MEW5314557.1, MEW5314558.1	MEW5297220.1
OG0001406	MEW5314563.1, MEW5318854.1	MEW5296880.1
OG0001407	MEW5314565.1, MEW5314566.1	MEW5297227.1
OG0001408	MEW5314568.1	MEW5297229.1, MEW5300672.1
OG0001409	MEW5314577.1, MEW5319859.1	MEW5297237.1
OG0001410	MEW5314588.1, MEW5314589.1	MEW5297246.1
OG0001411	MEW5314611.1, MEW5314612.1	MEW5297269.1
OG0001412	MEW5314616.1, MEW5314997.1	MEW5297273.1
OG0001413	MEW5314617.1	MEW5297274.1, MEW5297275.1
OG0001414	MEW5314621.1	MEW5297279.1, MEW5297280.1
OG0001415	MEW5314633.1, MEW5314634.1	MEW5297290.1
OG0001416	MEW5314650.1, MEW5314651.1	MEW5297301.1
OG0001417	MEW5314661.1, MEW5316258.1	MEW5297310.1
OG0001418	MEW5314665.1	MEW5297313.1, MEW5307568.1
OG0001419	MEW5314666.1, MEW5314667.1	MEW5297314.1
OG0001420	MEW5314686.1, MEW5317740.1	MEW5307535.1
OG0001421	MEW5314697.1	MEW5297338.1, MEW5297339.1
OG0001422	MEW5314706.1	MEW5297345.1, MEW5297346.1
OG0001423	MEW5314722.1, MEW5319784.1	MEW5297361.1
OG0001424	MEW5314724.1	MEW5297363.1, MEW5297373.1
OG0001425	MEW5314726.1, MEW5314727.1, MEW5314729.1	
OG0001426	MEW5314728.1, MEW5314730.1	MEW5297364.1
OG0001427	MEW5314733.1	MEW5297366.1, MEW5297369.1
OG0001428	MEW5314734.1	MEW5297367.1, MEW5297368.1
OG0001429	MEW5314749.1	MEW5297388.1, MEW5297389.1
OG0001430	MEW5314754.1, MEW5314755.1	MEW5297397.1
OG0001431	MEW5314762.1, MEW5314763.1	MEW5297405.1
OG0001432	MEW5314778.1	MEW5297418.1, MEW5303819.1
OG0001433	MEW5314783.1	MEW5297421.1, MEW5297422.1
OG0001434	MEW5314790.1	MEW5297430.1, MEW5297431.1
OG0001435	MEW5314817.1, MEW5319287.1	MEW5297458.1
OG0001436	MEW5314835.1, MEW5316433.1	MEW5297472.1
OG0001437	MEW5314841.1, MEW5314842.1	MEW5297477.1
OG0001438	MEW5314880.1, MEW5314881.1	MEW5297513.1
OG0001439	MEW5314887.1, MEW5316056.1	MEW5297518.1
OG0001440	MEW5314889.1, MEW5315191.1	MEW5297520.1
OG0001441	MEW5314891.1, MEW5315121.1	MEW5297522.1
OG0001442	MEW5314896.1, MEW5315248.1, MEW5315249.1	
OG0001443	MEW5314897.1, MEW5314898.1, MEW5315247.1	
OG0001444	MEW5314901.1, MEW5314902.1, MEW5315244.1	
OG0001445	MEW5314980.1, MEW5318542.1	MEW5304688.1
OG0001446	MEW5315040.1, MEW5319027.1	MEW5301469.1
OG0001447	MEW5315050.1	MEW5297323.1, MEW5305629.1
OG0001448	MEW5315066.1	MEW5300391.1, MEW5300392.1
OG0001449	MEW5315112.1, MEW5320485.1	MEW5306656.1
OG0001450	MEW5315143.1, MEW5315144.1	MEW5299983.1
OG0001451	MEW5315187.1, MEW5319161.1	MEW5301584.1
OG0001452	MEW5315193.1, MEW5318634.1	MEW5305912.1
OG0001453	MEW5315208.1, MEW5317801.1	MEW5306215.1
OG0001454	MEW5315254.1, MEW5315255.1	MEW5297529.1
OG0001455	MEW5315261.1, MEW5315262.1	MEW5297533.1
OG0001456	MEW5315272.1, MEW5315273.1	MEW5297541.1
OG0001457	MEW5315294.1	MEW5297562.1, MEW5297563.1
OG0001458	MEW5315328.1	MEW5297593.1, MEW5297594.1
OG0001459	MEW5315340.1, MEW5316261.1	MEW5297605.1
OG0001460	MEW5315345.1, MEW5315346.1	MEW5297610.1
OG0001461	MEW5315348.1, MEW5315349.1	MEW5297612.1
OG0001462	MEW5315354.1	MEW5297618.1, MEW5303939.1
OG0001463	MEW5315372.1	MEW5304189.1, MEW5304872.1
OG0001464	MEW5315397.1	MEW5297654.1, MEW5300153.1
OG0001465	MEW5315421.1	MEW5297679.1, MEW5297680.1
OG0001466	MEW5315425.1, MEW5315426.1	MEW5297684.1
OG0001467	MEW5315430.1	MEW5297685.1, MEW5297686.1
OG0001468	MEW5315446.1, MEW5315447.1	MEW5297697.1
OG0001469	MEW5315455.1, MEW5315456.1	MEW5297705.1
OG0001470	MEW5315481.1	MEW5297726.1, MEW5304075.1
OG0001471	MEW5315496.1, MEW5315498.1	MEW5297739.1
OG0001472	MEW5315499.1, MEW5315500.1	MEW5297741.1
OG0001473	MEW5315502.1	MEW5297743.1, MEW5304842.1
OG0001474	MEW5315505.1	MEW5297745.1, MEW5297746.1
OG0001475	MEW5315506.1, MEW5315507.1	MEW5297747.1
OG0001476	MEW5315522.1, MEW5315523.1	MEW5297761.1
OG0001477	MEW5315526.1	MEW5297060.1, MEW5297764.1
OG0001478	MEW5315528.1, MEW5316819.1	MEW5297766.1
OG0001479	MEW5315535.1	MEW5297772.1, MEW5306884.1
OG0001480	MEW5315541.1	MEW5297778.1, MEW5300530.1
OG0001481	MEW5315545.1, MEW5319722.1	MEW5299810.1
OG0001482	MEW5315553.1, MEW5315554.1	MEW5297790.1
OG0001483	MEW5315581.1, MEW5315582.1	MEW5297819.1
OG0001484	MEW5315613.1, MEW5316631.1	MEW5304804.1
OG0001485	MEW5315642.1, MEW5315643.1	MEW5297864.1
OG0001486	MEW5315652.1	MEW5297875.1, MEW5302122.1
OG0001487	MEW5315657.1, MEW5316054.1	MEW5304510.1
OG0001488	MEW5315674.1, MEW5315675.1	MEW5297891.1
OG0001489	MEW5315681.1	MEW5297892.1, MEW5305192.1
OG0001490	MEW5315696.1	MEW5302165.1, MEW5306378.1
OG0001491	MEW5315711.1, MEW5315712.1	MEW5306363.1
OG0001492	MEW5315723.1, MEW5315724.1	MEW5306305.1
OG0001493	MEW5315746.1, MEW5315748.1	MEW5306344.1
OG0001494	MEW5315747.1, MEW5315749.1, MEW5317535.1	
OG0001495	MEW5315773.1, MEW5316242.1	MEW5297064.1
OG0001496	MEW5315777.1, MEW5315778.1	MEW5297061.1
OG0001497	MEW5315793.1	MEW5297042.1, MEW5297043.1
OG0001498	MEW5315799.1	MEW5297035.1, MEW5297036.1
OG0001499	MEW5315808.1	MEW5297026.1, MEW5297027.1
OG0001500	MEW5315812.1, MEW5315813.1	MEW5297019.1
OG0001501	MEW5315821.1, MEW5315822.1	MEW5306825.1
OG0001502	MEW5315824.1	MEW5297010.1, MEW5297011.1
OG0001503	MEW5315851.1	MEW5296983.1, MEW5296984.1
OG0001504	MEW5315871.1, MEW5315872.1	MEW5296969.1
OG0001505	MEW5315875.1, MEW5315876.1	MEW5296965.1
OG0001506	MEW5315877.1	MEW5296963.1, MEW5296964.1
OG0001507	MEW5315884.1, MEW5315885.1	MEW5296957.1
OG0001508	MEW5315896.1	MEW5296947.1, MEW5296948.1
OG0001509	MEW5315899.1	MEW5306346.1, MEW5306353.1
OG0001510	MEW5315908.1	MEW5296939.1, MEW5296940.1
OG0001511	MEW5315913.1	MEW5296937.1, MEW5296938.1
OG0001512	MEW5315924.1	MEW5308007.1, MEW5308008.1
OG0001513	MEW5315929.1, MEW5315930.1, MEW5315932.1	
OG0001514	MEW5315937.1	MEW5306395.1, MEW5306396.1
OG0001515	MEW5315952.1	MEW5306414.1, MEW5306823.1
OG0001516	MEW5315956.1	MEW5306411.1, MEW5306412.1
OG0001517	MEW5315975.1	MEW5306433.1, MEW5306434.1
OG0001518	MEW5315985.1, MEW5315986.1	MEW5306440.1
OG0001519	MEW5316004.1, MEW5316005.1	MEW5306457.1
OG0001520	MEW5316034.1	MEW5304495.1, MEW5304497.1
OG0001521	MEW5316035.1	MEW5304496.1, MEW5304498.1
OG0001522	MEW5316036.1, MEW5316037.1	MEW5304499.1
OG0001523	MEW5316042.1	MEW5302160.1, MEW5304501.1
OG0001524	MEW5316052.1	MEW5304507.1, MEW5304508.1
OG0001525	MEW5316058.1	MEW5304513.1, MEW5304514.1
OG0001526	MEW5316068.1, MEW5316070.1	MEW5304520.1
OG0001527	MEW5316088.1, MEW5316089.1	MEW5300402.1
OG0001528	MEW5316111.1	MEW5300427.1, MEW5300428.1
OG0001529	MEW5316135.1	MEW5300462.1, MEW5300476.1
OG0001530	MEW5316157.1	MEW5300488.1, MEW5302195.1
OG0001531	MEW5316173.1, MEW5320052.1	MEW5296802.1
OG0001532	MEW5316175.1	MEW5296799.1, MEW5296800.1
OG0001533	MEW5316176.1, MEW5316835.1	MEW5300375.1
OG0001534	MEW5316180.1	MEW5296794.1, MEW5296795.1
OG0001535	MEW5316206.1	MEW5296768.1, MEW5296803.1
OG0001536	MEW5316219.1, MEW5316220.1	MEW5296760.1
OG0001537	MEW5316226.1	MEW5296753.1, MEW5296754.1
OG0001538	MEW5316235.1, MEW5316838.1	MEW5300373.1
OG0001539	MEW5316279.1, MEW5316280.1, MEW5316282.1	
OG0001540	MEW5316285.1	MEW5299525.1, MEW5302232.1
OG0001541	MEW5316293.1, MEW5317410.1	MEW5307484.1
OG0001542	MEW5316314.1, MEW5318074.1	MEW5301102.1
OG0001543	MEW5316350.1	MEW5307899.1, MEW5307900.1
OG0001544	MEW5316369.1	MEW5307882.1, MEW5307883.1
OG0001545	MEW5316381.1	MEW5307872.1, MEW5307873.1
OG0001546	MEW5316392.1	MEW5301988.1, MEW5307864.1
OG0001547	MEW5316402.1	MEW5306484.1, MEW5306485.1
OG0001548	MEW5316407.1, MEW5317010.1	MEW5307761.1
OG0001549	MEW5316429.1, MEW5316430.1	MEW5306507.1
OG0001550	MEW5316442.1, MEW5316443.1	MEW5306522.1
OG0001551	MEW5316444.1, MEW5318129.1	MEW5301053.1
OG0001552	MEW5316457.1	MEW5306525.1, MEW5306536.1
OG0001553	MEW5316458.1	MEW5302074.1, MEW5306537.1
OG0001554	MEW5316462.1	MEW5306540.1, MEW5306541.1
OG0001555	MEW5316474.1	MEW5306553.1, MEW5306751.1
OG0001556	MEW5316478.1, MEW5316509.1	MEW5306555.1
OG0001557	MEW5316483.1, MEW5316484.1	MEW5306560.1
OG0001558	MEW5316503.1	MEW5303596.1, MEW5306573.1
OG0001559	MEW5316505.1, MEW5317540.1	MEW5306575.1
OG0001560	MEW5316506.1	MEW5306577.1, MEW5306578.1
OG0001561	MEW5316528.1, MEW5317374.1	MEW5302045.1
OG0001562	MEW5316539.1, MEW5318318.1, MEW5320162.1	
OG0001563	MEW5316549.1, MEW5316550.1	MEW5306612.1
OG0001564	MEW5316573.1, MEW5316574.1	MEW5306630.1
OG0001565	MEW5316581.1	MEW5305540.1, MEW5307884.1
OG0001566	MEW5316599.1, MEW5316600.1	MEW5304831.1
OG0001567	MEW5316607.1	MEW5304821.1, MEW5306270.1
OG0001568	MEW5316611.1	MEW5304819.1, MEW5304820.1
OG0001569	MEW5316622.1, MEW5316623.1	MEW5304811.1
OG0001570	MEW5316636.1	MEW5304797.1, MEW5304798.1
OG0001571	MEW5316643.1, MEW5316644.1	MEW5304788.1
OG0001572	MEW5316648.1	MEW5303638.1, MEW5304784.1
OG0001573	MEW5316655.1	MEW5302610.1, MEW5302611.1
OG0001574	MEW5316661.1, MEW5316662.1	MEW5302616.1
OG0001575	MEW5316674.1, MEW5316675.1	MEW5302620.1
OG0001576	MEW5316680.1	MEW5302625.1, MEW5305557.1
OG0001577	MEW5316686.1	MEW5302629.1, MEW5306713.1
OG0001578	MEW5316693.1	MEW5302637.1, MEW5302638.1
OG0001579	MEW5316694.1	MEW5302639.1, MEW5302640.1
OG0001580	MEW5316700.1	MEW5302647.1, MEW5306943.1
OG0001581	MEW5316716.1, MEW5316717.1	MEW5305586.1
OG0001582	MEW5316719.1, MEW5316720.1	MEW5305588.1
OG0001583	MEW5316737.1, MEW5316738.1	MEW5305605.1
OG0001584	MEW5316739.1	MEW5305606.1, MEW5305607.1
OG0001585	MEW5316764.1	MEW5305627.1, MEW5305628.1
OG0001586	MEW5316766.1	MEW5305631.1, MEW5305632.1
OG0001587	MEW5316770.1, MEW5317592.1	MEW5305639.1
OG0001588	MEW5316777.1	MEW5305644.1, MEW5305645.1
OG0001589	MEW5316805.1, MEW5318219.1	MEW5305669.1
OG0001590	MEW5316817.1, MEW5316818.1	MEW5297375.1
OG0001591	MEW5316821.1, MEW5316822.1	MEW5300385.1
OG0001592	MEW5316836.1	MEW5300374.1, MEW5301114.1
OG0001593	MEW5316856.1, MEW5316857.1	MEW5307532.1
OG0001594	MEW5316880.1	MEW5300343.1, MEW5300344.1
OG0001595	MEW5316891.1, MEW5316892.1	MEW5300335.1
OG0001596	MEW5316907.1	MEW5300319.1, MEW5304881.1
OG0001597	MEW5316912.1	MEW5300313.1, MEW5300314.1
OG0001598	MEW5316916.1	MEW5299984.1, MEW5300310.1
OG0001599	MEW5316918.1	MEW5300307.1, MEW5300308.1
OG0001600	MEW5316940.1, MEW5316941.1	MEW5300285.1
OG0001601	MEW5316942.1	MEW5300284.1, MEW5306691.1
OG0001602	MEW5316953.1	MEW5307704.1, MEW5307705.1
OG0001603	MEW5316967.1, MEW5316968.1	MEW5307720.1
OG0001604	MEW5316975.1, MEW5316976.1	MEW5307729.1
OG0001605	MEW5316978.1, MEW5316979.1	MEW5307731.1
OG0001606	MEW5316998.1, MEW5316999.1	MEW5307748.1
OG0001607	MEW5317013.1, MEW5317549.1	MEW5307764.1
OG0001608	MEW5317035.1	MEW5297326.1, MEW5301739.1
OG0001609	MEW5317045.1	MEW5301748.1, MEW5302259.1
OG0001610	MEW5317107.1	MEW5301801.1, MEW5301802.1
OG0001611	MEW5317108.1	MEW5301803.1, MEW5301804.1
OG0001612	MEW5317119.1, MEW5317120.1	MEW5301816.1
OG0001613	MEW5317130.1	MEW5301826.1, MEW5302139.1
OG0001614	MEW5317137.1	MEW5301833.1, MEW5301834.1
OG0001615	MEW5317151.1	MEW5301847.1, MEW5303092.1
OG0001616	MEW5317153.1	MEW5299746.1, MEW5301848.1
OG0001617	MEW5317154.1	MEW5301849.1, MEW5301850.1
OG0001618	MEW5317165.1	MEW5301863.1, MEW5301864.1
OG0001619	MEW5317169.1	MEW5301870.1, MEW5301871.1
OG0001620	MEW5317171.1	MEW5301873.1, MEW5306359.1
OG0001621	MEW5317173.1, MEW5317174.1	MEW5301875.1
OG0001622	MEW5317177.1	MEW5301878.1, MEW5301879.1
OG0001623	MEW5317194.1	MEW5301118.1, MEW5301897.1
OG0001624	MEW5317196.1, MEW5317197.1	MEW5301899.1
OG0001625	MEW5317216.1, MEW5317217.1	MEW5301914.1
OG0001626	MEW5317221.1, MEW5317222.1	MEW5301920.1
OG0001627	MEW5317223.1, MEW5319823.1	MEW5301921.1
OG0001628	MEW5317225.1, MEW5317226.1	MEW5301923.1
OG0001629	MEW5317229.1	MEW5301927.1, MEW5303805.1
OG0001630	MEW5317230.1	MEW5301928.1, MEW5301929.1
OG0001631	MEW5317234.1	MEW5301932.1, MEW5307536.1
OG0001632	MEW5317244.1, MEW5317245.1	MEW5301939.1
OG0001633	MEW5317256.1	MEW5301946.1, MEW5301947.1
OG0001634	MEW5317259.1, MEW5317260.1	MEW5301949.1
OG0001635	MEW5317261.1, MEW5317262.1	MEW5301950.1
OG0001636	MEW5317280.1	MEW5300298.1, MEW5301965.1
OG0001637	MEW5317301.1	MEW5301980.1, MEW5301981.1
OG0001638	MEW5317304.1	MEW5301982.1, MEW5301983.1
OG0001639	MEW5317308.1	MEW5301986.1, MEW5301987.1
OG0001640	MEW5317318.1, MEW5319854.1	MEW5301993.1
OG0001641	MEW5317319.1	MEW5301994.1, MEW5301995.1
OG0001642	MEW5317325.1	MEW5302000.1, MEW5302001.1
OG0001643	MEW5317328.1	MEW5302004.1, MEW5302005.1
OG0001644	MEW5317329.1, MEW5317330.1	MEW5302006.1
OG0001645	MEW5317335.1, MEW5317336.1	MEW5302011.1
OG0001646	MEW5317337.1, MEW5317338.1	MEW5302012.1
OG0001647	MEW5317355.1, MEW5317356.1	MEW5302030.1
OG0001648	MEW5317361.1, MEW5317362.1	MEW5302035.1
OG0001649	MEW5317402.1	MEW5307493.1, MEW5307494.1
OG0001650	MEW5317424.1	MEW5303776.1, MEW5307468.1
OG0001651	MEW5317451.1, MEW5317452.1	MEW5307448.1
OG0001652	MEW5317465.1	MEW5307436.1, MEW5307437.1
OG0001653	MEW5317476.1	MEW5307428.1, MEW5307429.1
OG0001654	MEW5317479.1, MEW5317480.1	MEW5307426.1
OG0001655	MEW5317486.1	MEW5307419.1, MEW5307420.1
OG0001656	MEW5317492.1	MEW5307412.1, MEW5307413.1
OG0001657	MEW5317504.1	MEW5307403.1, MEW5307404.1
OG0001658	MEW5317518.1, MEW5317519.1, MEW5318732.1	
OG0001659	MEW5317579.1, MEW5317581.1, MEW5319792.1	
OG0001660	MEW5317651.1, MEW5317846.1	MEW5306264.1
OG0001661	MEW5317674.1, MEW5318850.1	MEW5296877.1
OG0001662	MEW5317680.1	MEW5302146.1, MEW5302148.1
OG0001663	MEW5317695.1, MEW5318990.1	MEW5305520.1
OG0001664	MEW5317707.1	MEW5303617.1, MEW5303618.1
OG0001665	MEW5317713.1, MEW5317714.1	MEW5303613.1
OG0001666	MEW5317715.1	MEW5303611.1, MEW5303612.1
OG0001667	MEW5317735.1, MEW5317738.1	MEW5303598.1
OG0001668	MEW5317743.1	MEW5303591.1, MEW5303592.1
OG0001669	MEW5317744.1, MEW5317745.1	MEW5303590.1
OG0001670	MEW5317773.1, MEW5317774.1	MEW5306183.1
OG0001671	MEW5317775.1	MEW5306184.1, MEW5306185.1
OG0001672	MEW5317776.1	MEW5306186.1, MEW5306187.1
OG0001673	MEW5317782.1, MEW5317783.1	MEW5306191.1
OG0001674	MEW5317799.1	MEW5306212.1, MEW5306213.1
OG0001675	MEW5317828.1, MEW5317829.1, MEW5317830.1	
OG0001676	MEW5317839.1	MEW5306255.1, MEW5306256.1
OG0001677	MEW5317841.1	MEW5306258.1, MEW5306259.1
OG0001678	MEW5317845.1	MEW5306262.1, MEW5306263.1
OG0001679	MEW5317850.1	MEW5306268.1, MEW5306269.1
OG0001680	MEW5317865.1	MEW5306283.1, MEW5306284.1
OG0001681	MEW5317868.1	MEW5306230.1, MEW5306231.1
OG0001682	MEW5317878.1	MEW5306294.1, MEW5306295.1
OG0001683	MEW5317894.1	MEW5300615.1, MEW5300616.1
OG0001684	MEW5317919.1, MEW5317920.1	MEW5300600.1
OG0001685	MEW5317930.1, MEW5317931.1	MEW5300596.1
OG0001686	MEW5317940.1, MEW5317941.1	MEW5300582.1
OG0001687	MEW5317947.1	MEW5300577.1, MEW5306743.1
OG0001688	MEW5317948.1, MEW5317949.1	MEW5300576.1
OG0001689	MEW5317955.1	MEW5300571.1, MEW5300572.1
OG0001690	MEW5317958.1	MEW5300567.1, MEW5300568.1
OG0001691	MEW5317960.1	MEW5300564.1, MEW5300565.1
OG0001692	MEW5317963.1	MEW5300555.1, MEW5305675.1
OG0001693	MEW5317974.1	MEW5300544.1, MEW5300545.1
OG0001694	MEW5318013.1	MEW5304539.1, MEW5304540.1
OG0001695	MEW5318025.1	MEW5304553.1, MEW5304554.1
OG0001696	MEW5318033.1, MEW5318034.1	MEW5304563.1
OG0001697	MEW5318035.1, MEW5318036.1	MEW5304564.1
OG0001698	MEW5318040.1	MEW5304568.1, MEW5304569.1
OG0001699	MEW5318042.1	MEW5303634.1, MEW5304570.1
OG0001700	MEW5318046.1	MEW5298493.1, MEW5304575.1
OG0001701	MEW5318054.1	MEW5304582.1, MEW5304583.1
OG0001702	MEW5318056.1	MEW5304586.1, MEW5304587.1
OG0001703	MEW5318077.1	MEW5301099.1, MEW5301100.1
OG0001704	MEW5318080.1, MEW5318081.1	MEW5301095.1
OG0001705	MEW5318086.1, MEW5318087.1	MEW5301090.1
OG0001706	MEW5318089.1, MEW5318090.1	MEW5301087.1
OG0001707	MEW5318101.1	MEW5301075.1, MEW5301076.1
OG0001708	MEW5318103.1, MEW5318104.1, MEW5318105.1	
OG0001709	MEW5318110.1, MEW5318111.1	MEW5301071.1
OG0001710	MEW5318119.1	MEW5301065.1, MEW5301066.1
OG0001711	MEW5318122.1, MEW5318123.1	MEW5301059.1
OG0001712	MEW5318142.1	MEW5301041.1, MEW5303719.1
OG0001713	MEW5318148.1, MEW5318149.1	MEW5301036.1
OG0001714	MEW5318170.1, MEW5318180.1, MEW5318181.1	
OG0001715	MEW5318174.1	MEW5301011.1, MEW5307976.1
OG0001716	MEW5318194.1, MEW5318195.1	MEW5300987.1
OG0001717	MEW5318196.1, MEW5318197.1	MEW5300985.1
OG0001718	MEW5318198.1, MEW5318199.1	MEW5300984.1
OG0001719	MEW5318217.1, MEW5318218.1	MEW5301248.1
OG0001720	MEW5318230.1	MEW5301256.1, MEW5302175.1
OG0001721	MEW5318231.1	MEW5301257.1, MEW5301258.1
OG0001722	MEW5318236.1	MEW5301263.1, MEW5301264.1
OG0001723	MEW5318244.1, MEW5318245.1	MEW5301273.1
OG0001724	MEW5318250.1, MEW5318251.1	MEW5301276.1
OG0001725	MEW5318255.1	MEW5301278.1, MEW5301279.1
OG0001726	MEW5318264.1, MEW5318265.1	MEW5301287.1
OG0001727	MEW5318277.1	MEW5301302.1, MEW5301303.1
OG0001728	MEW5318281.1	MEW5301310.1, MEW5303793.1
OG0001729	MEW5318299.1	MEW5301323.1, MEW5304213.1
OG0001730	MEW5318311.1, MEW5318312.1	MEW5301332.1
OG0001731	MEW5318325.1	MEW5301346.1, MEW5301347.1
OG0001732	MEW5318344.1, MEW5318345.1	MEW5301365.1
OG0001733	MEW5318349.1, MEW5318350.1	MEW5301368.1
OG0001734	MEW5318367.1	MEW5301381.1, MEW5301382.1
OG0001735	MEW5318372.1, MEW5319153.1	MEW5302880.1
OG0001736	MEW5318382.1, MEW5318393.1	MEW5301392.1
OG0001737	MEW5318391.1	MEW5301401.1, MEW5301402.1
OG0001738	MEW5318398.1	MEW5301408.1, MEW5307223.1
OG0001739	MEW5318408.1, MEW5318409.1	MEW5301421.1
OG0001740	MEW5318418.1, MEW5318419.1	MEW5301424.1
OG0001741	MEW5318450.1	MEW5304770.1, MEW5304771.1
OG0001742	MEW5318451.1, MEW5318453.1	MEW5304769.1
OG0001743	MEW5318454.1	MEW5304766.1, MEW5304767.1
OG0001744	MEW5318462.1	MEW5304756.1, MEW5304757.1
OG0001745	MEW5318478.1, MEW5318479.1	MEW5304744.1
OG0001746	MEW5318482.1	MEW5301371.1, MEW5304742.1
OG0001747	MEW5318485.1, MEW5318486.1	MEW5304739.1
OG0001748	MEW5318487.1	MEW5304738.1, MEW5307169.1
OG0001749	MEW5318490.1, MEW5318491.1	MEW5304735.1
OG0001750	MEW5318524.1	MEW5304705.1, MEW5304706.1
OG0001751	MEW5318531.1, MEW5318532.1	MEW5304696.1
OG0001752	MEW5318539.1	MEW5304691.1, MEW5304692.1
OG0001753	MEW5318548.1	MEW5304681.1, MEW5304682.1
OG0001754	MEW5318551.1, MEW5318552.1	MEW5304679.1
OG0001755	MEW5318565.1, MEW5318566.1	MEW5304671.1
OG0001756	MEW5318586.1, MEW5318590.1	MEW5304648.1
OG0001757	MEW5318613.1, MEW5318614.1	MEW5304620.1
OG0001758	MEW5318618.1	MEW5303410.1, MEW5304616.1
OG0001759	MEW5318620.1, MEW5318621.1	MEW5304614.1
OG0001760	MEW5318632.1	MEW5304603.1, MEW5304604.1
OG0001761	MEW5318650.1, MEW5318651.1	MEW5305926.1
OG0001762	MEW5318654.1, MEW5318655.1	MEW5305930.1
OG0001763	MEW5318673.1, MEW5318674.1	MEW5305946.1
OG0001764	MEW5318691.1	MEW5302335.1, MEW5305961.1
OG0001765	MEW5318692.1, MEW5318693.1	MEW5305963.1
OG0001766	MEW5318696.1	MEW5305967.1, MEW5305968.1
OG0001767	MEW5318697.1, MEW5318698.1	MEW5305969.1
OG0001768	MEW5318717.1	MEW5302943.1, MEW5305984.1
OG0001769	MEW5318728.1	MEW5301106.1, MEW5305992.1
OG0001770	MEW5318729.1, MEW5318730.1	MEW5305993.1
OG0001771	MEW5318763.1	MEW5306020.1, MEW5306021.1
OG0001772	MEW5318775.1, MEW5318776.1	MEW5306851.1
OG0001773	MEW5318777.1, MEW5318778.1	MEW5306030.1
OG0001774	MEW5318779.1	MEW5306031.1, MEW5306820.1
OG0001775	MEW5318790.1	MEW5306039.1, MEW5307564.1
OG0001776	MEW5318792.1, MEW5318793.1	MEW5306041.1
OG0001777	MEW5318801.1	MEW5306049.1, MEW5306050.1
OG0001778	MEW5318803.1, MEW5318804.1	MEW5306052.1
OG0001779	MEW5318810.1	MEW5306057.1, MEW5306058.1
OG0001780	MEW5318820.1	MEW5306066.1, MEW5306067.1
OG0001781	MEW5318824.1	MEW5306072.1, MEW5306073.1
OG0001782	MEW5318832.1	MEW5304824.1, MEW5306081.1
OG0001783	MEW5318842.1	MEW5306090.1, MEW5306091.1
OG0001784	MEW5318843.1, MEW5318844.1	MEW5306092.1
OG0001785	MEW5318866.1, MEW5318867.1	MEW5296884.1
OG0001786	MEW5318868.1	MEW5296885.1, MEW5303766.1
OG0001787	MEW5318890.1, MEW5318901.1	MEW5296909.1
OG0001788	MEW5318932.1	MEW5300359.1, MEW5305468.1
OG0001789	MEW5318940.1, MEW5318941.1, MEW5318942.1	
OG0001790	MEW5318961.1, MEW5318962.1	MEW5305490.1
OG0001791	MEW5319016.1	MEW5305532.1, MEW5305543.1
OG0001792	MEW5319038.1	MEW5304891.1, MEW5304892.1
OG0001793	MEW5319041.1	MEW5301483.1, MEW5301484.1
OG0001794	MEW5319055.1, MEW5319057.1	MEW5301501.1
OG0001795	MEW5319061.1, MEW5319062.1, MEW5319063.1	
OG0001796	MEW5319068.1, MEW5319069.1	MEW5301509.1
OG0001797	MEW5319071.1, MEW5319072.1	MEW5301512.1
OG0001798	MEW5319082.1	MEW5301518.1, MEW5301519.1
OG0001799	MEW5319102.1	MEW5301540.1, MEW5301541.1
OG0001800	MEW5319110.1	MEW5301547.1, MEW5303827.1
OG0001801	MEW5319113.1, MEW5320092.1	MEW5304416.1
OG0001802	MEW5319128.1	MEW5301557.1, MEW5305898.1
OG0001803	MEW5319132.1, MEW5319716.1	MEW5299813.1
OG0001804	MEW5319151.1	MEW5301572.1, MEW5301573.1
OG0001805	MEW5319160.1	MEW5301582.1, MEW5301583.1
OG0001806	MEW5319165.1, MEW5319166.1	MEW5301589.1
OG0001807	MEW5319168.1, MEW5319169.1	MEW5301591.1
OG0001808	MEW5319185.1	MEW5304486.1, MEW5304487.1
OG0001809	MEW5319218.1, MEW5319219.1	MEW5304466.1
OG0001810	MEW5319222.1	MEW5303767.1, MEW5304460.1
OG0001811	MEW5319250.1	MEW5307602.1, MEW5307603.1
OG0001812	MEW5319257.1	MEW5307597.1, MEW5307598.1
OG0001813	MEW5319263.1	MEW5307586.1, MEW5307587.1
OG0001814	MEW5319271.1	MEW5305902.1, MEW5305903.1
OG0001815	MEW5319279.1	MEW5303735.1, MEW5305894.1
OG0001816	MEW5319284.1	MEW5305889.1, MEW5305890.1
OG0001817	MEW5319285.1	MEW5305887.1, MEW5305888.1
OG0001818	MEW5319288.1, MEW5319303.1	MEW5305434.1
OG0001819	MEW5319290.1, MEW5319291.1	MEW5305423.1
OG0001820	MEW5319295.1, MEW5319296.1	MEW5305428.1
OG0001821	MEW5319299.1, MEW5319300.1	MEW5305431.1
OG0001822	MEW5319305.1	MEW5303223.1, MEW5305435.1
OG0001823	MEW5319310.1	MEW5305441.1, MEW5305442.1
OG0001824	MEW5319323.1, MEW5319324.1	MEW5305456.1
OG0001825	MEW5319330.1	MEW5305462.1, MEW5305463.1
OG0001826	MEW5319359.1, MEW5319360.1	MEW5307785.1
OG0001827	MEW5319389.1, MEW5319390.1	MEW5307680.1
OG0001828	MEW5319394.1	MEW5297996.1, MEW5297997.1
OG0001829	MEW5319405.1, MEW5319406.1	MEW5307911.1
OG0001830	MEW5319416.1, MEW5319417.1	MEW5307921.1
OG0001831	MEW5319433.1, MEW5319434.1	MEW5307936.1
OG0001832	MEW5319439.1	MEW5307524.1, MEW5307942.1
OG0001833	MEW5319457.1	MEW5303774.1, MEW5307951.1
OG0001834	MEW5319475.1	MEW5307964.1, MEW5307965.1
OG0001835	MEW5319480.1	MEW5304422.1, MEW5306099.1
OG0001836	MEW5319492.1	MEW5303961.1, MEW5303962.1
OG0001837	MEW5319498.1, MEW5319499.1	MEW5303957.1
OG0001838	MEW5319501.1, MEW5319502.1	MEW5303955.1
OG0001839	MEW5319503.1, MEW5319504.1	MEW5303954.1
OG0001840	MEW5319511.1	MEW5303948.1, MEW5303949.1
OG0001841	MEW5319583.1, MEW5319584.1	MEW5304940.1
OG0001842	MEW5319598.1	MEW5304928.1, MEW5304929.1
OG0001843	MEW5319604.1	MEW5304923.1, MEW5304924.1
OG0001844	MEW5319605.1	MEW5304776.1, MEW5304922.1
OG0001845	MEW5319645.1	MEW5299878.1, MEW5299879.1
OG0001846	MEW5319651.1, MEW5319652.1	MEW5299868.1
OG0001847	MEW5319660.1, MEW5319661.1	MEW5299859.1
OG0001848	MEW5319680.1, MEW5319681.1	MEW5299844.1
OG0001849	MEW5319688.1	MEW5299838.1, MEW5299839.1
OG0001850	MEW5319709.1	MEW5299817.1, MEW5299818.1
OG0001851	MEW5319726.1	MEW5299802.1, MEW5299803.1
OG0001852	MEW5319748.1, MEW5319749.1	MEW5299782.1
OG0001853	MEW5319756.1, MEW5319757.1	MEW5299776.1
OG0001854	MEW5319760.1	MEW5299773.1, MEW5306760.1
OG0001855	MEW5319765.1	MEW5299769.1, MEW5299770.1
OG0001856	MEW5319766.1, MEW5319767.1	MEW5299768.1
OG0001857	MEW5319777.1, MEW5320117.1	MEW5304396.1
OG0001858	MEW5319832.1, MEW5320007.1	MEW5307841.1
OG0001859	MEW5319875.1	MEW5302188.1, MEW5304366.1
OG0001860	MEW5319879.1, MEW5319880.1	MEW5304363.1
OG0001861	MEW5319893.1	MEW5297496.1, MEW5304353.1
OG0001862	MEW5319932.1, MEW5319933.1	MEW5304315.1
OG0001863	MEW5319934.1, MEW5319935.1	MEW5304314.1
OG0001864	MEW5319942.1	MEW5304308.1, MEW5304309.1
OG0001865	MEW5319961.1	MEW5302177.1, MEW5304292.1
OG0001866	MEW5319968.1, MEW5319969.1, MEW5319971.1	
OG0001867	MEW5319987.1	MEW5307824.1, MEW5307826.1
OG0001868	MEW5320029.1	MEW5300503.1, MEW5300504.1
OG0001869	MEW5320032.1	MEW5300507.1, MEW5305695.1
OG0001870	MEW5320042.1	MEW5300516.1, MEW5301067.1
OG0001871	MEW5320055.1	MEW5304529.1, MEW5304530.1
OG0001872	MEW5320072.1	MEW5304433.1, MEW5304434.1
OG0001873	MEW5320075.1, MEW5320076.1	MEW5304430.1
OG0001874	MEW5320077.1, MEW5320078.1	MEW5304429.1
OG0001875	MEW5320085.1	MEW5303686.1, MEW5304425.1
OG0001876	MEW5320090.1, MEW5320091.1	MEW5304417.1
OG0001877	MEW5320093.1, MEW5320094.1	MEW5304415.1
OG0001878	MEW5320101.1	MEW5303708.1, MEW5304408.1
OG0001879	MEW5320105.1	MEW5300673.1, MEW5304404.1
OG0001880	MEW5320109.1, MEW5320110.1	MEW5304401.1
OG0001881	MEW5320118.1	MEW5304395.1, MEW5307971.1
OG0001882	MEW5320120.1, MEW5320121.1	MEW5304393.1
OG0001883	MEW5320122.1	MEW5304392.1, MEW5306802.1
OG0001884	MEW5320124.1	MEW5302211.1, MEW5304389.1
OG0001885	MEW5320129.1	MEW5304384.1, MEW5307513.1
OG0001886	MEW5320132.1	MEW5304379.1, MEW5304380.1
OG0001887	MEW5320135.1	MEW5304375.1, MEW5304376.1
OG0001888	MEW5320151.1	MEW5304828.1, MEW5307007.1
OG0001889	MEW5320167.1, MEW5320168.1	MEW5307017.1
OG0001890	MEW5320175.1	MEW5302157.1, MEW5302158.1
OG0001891	MEW5320194.1	MEW5302140.1, MEW5304264.1
OG0001892	MEW5320198.1, MEW5320199.1	MEW5304269.1
OG0001893	MEW5320220.1	MEW5302071.1, MEW5305413.1
OG0001894	MEW5320228.1, MEW5320229.1, MEW5320230.1	
OG0001895	MEW5320231.1, MEW5320232.1	MEW5305406.1
OG0001896	MEW5320238.1	MEW5305398.1, MEW5305399.1
OG0001897	MEW5320261.1	MEW5305380.1, MEW5305381.1
OG0001898	MEW5320267.1, MEW5320268.1	MEW5305904.1
OG0001899	MEW5320299.1	MEW5307658.1, MEW5307659.1
OG0001900	MEW5320309.1, MEW5320310.1	MEW5307644.1
OG0001901	MEW5320319.1	MEW5303852.1, MEW5307636.1
OG0001902	MEW5320325.1	MEW5303828.1, MEW5307629.1
OG0001903	MEW5320328.1, MEW5320329.1	MEW5307625.1
OG0001904	MEW5320390.1, MEW5320514.1	MEW5298091.1
OG0001905	MEW5320418.1	MEW5305704.1, MEW5306741.1
OG0001906	MEW5320420.1	MEW5305700.1, MEW5305701.1
OG0001907	MEW5320436.1, MEW5320437.1	MEW5305683.1
OG0001908	MEW5320452.1, MEW5320453.1	MEW5301708.1
OG0001909	MEW5320460.1, MEW5320461.1	MEW5301696.1
OG0001910	MEW5320465.1, MEW5320466.1	MEW5301692.1
OG0001911	MEW5320475.1	MEW5306643.1, MEW5306644.1
OG0001912	MEW5320494.1, MEW5320495.1	MEW5305017.1
OG0001913	MEW5320524.1	MEW5298098.1, MEW5298099.1
OG0001914	MEW5320532.1	MEW5305069.1, MEW5305070.1
OG0001915	MEW5320533.1	MEW5305068.1, MEW5306680.1
OG0001916	Null	MEW5296979.1, MEW5307980.1, MEW5307981.1
OG0001917	Null	MEW5297078.1, MEW5307414.1, MEW5307415.1
OG0001918	Null	MEW5297668.1, MEW5297669.1, MEW5297670.1
OG0001919	Null	MEW5298002.1, MEW5298003.1, MEW5298004.1
OG0001920	Null	MEW5298090.1, MEW5304057.1, MEW5305475.1
OG0001921	Null	MEW5298731.1, MEW5298732.1, MEW5298733.1
OG0001922	Null	MEW5298991.1, MEW5298992.1, MEW5306514.1
OG0001923	Null	MEW5299383.1, MEW5299384.1, MEW5299385.1
OG0001924	Null	MEW5299535.1, MEW5299670.1, MEW5299671.1
OG0001925	Null	MEW5300166.1, MEW5303799.1, MEW5306503.1
OG0001926	Null	MEW5300196.1, MEW5301737.1, MEW5301738.1
OG0001927	Null	MEW5300886.1, MEW5300887.1, MEW5300888.1
OG0001928	Null	MEW5301851.1, MEW5301852.1, MEW5301853.1
OG0001929	Null	MEW5305476.1, MEW5305477.1, MEW5305478.1
OG0001930	MEW5308011.1	MEW5303932.1
OG0001931	MEW5308012.1	MEW5303931.1
OG0001932	MEW5308013.1	MEW5303930.1
OG0001933	MEW5308014.1	MEW5303929.1
OG0001934	MEW5308018.1	MEW5303926.1
OG0001935	MEW5308019.1	MEW5303925.1
OG0001936	MEW5308021.1	MEW5303924.1
OG0001937	MEW5308022.1	MEW5303923.1
OG0001938	MEW5308026.1	MEW5303919.1
OG0001939	MEW5308027.1	MEW5303918.1
OG0001940	MEW5308028.1, MEW5308029.1	
OG0001941	MEW5308031.1	MEW5303915.1
OG0001942	MEW5308035.1	MEW5303912.1
OG0001943	MEW5308037.1	MEW5303911.1
OG0001944	MEW5308038.1	MEW5303910.1
OG0001945	MEW5308045.1	MEW5303904.1
OG0001946	MEW5308047.1	MEW5297059.1
OG0001947	MEW5308049.1	MEW5303903.1
OG0001948	MEW5308051.1	MEW5303897.1
OG0001949	MEW5308055.1	MEW5303894.1
OG0001950	MEW5308056.1	MEW5303893.1
OG0001951	MEW5308059.1	MEW5303890.1
OG0001952	MEW5308060.1	MEW5303888.1
OG0001953	MEW5308061.1	MEW5303887.1
OG0001954	MEW5308063.1	MEW5303885.1
OG0001955	MEW5308070.1	MEW5303882.1
OG0001956	MEW5308071.1	MEW5303881.1
OG0001957	MEW5308072.1	MEW5303880.1
OG0001958	MEW5308073.1	MEW5303879.1
OG0001959	MEW5308074.1	MEW5303878.1
OG0001960	MEW5308075.1, MEW5308076.1	
OG0001961	MEW5308077.1	MEW5303877.1
OG0001962	MEW5308078.1	MEW5303876.1
OG0001963	MEW5308079.1	MEW5303875.1
OG0001964	MEW5308083.1	MEW5303873.1
OG0001965	MEW5308084.1	MEW5303872.1
OG0001966	MEW5308086.1	MEW5303871.1
OG0001967	MEW5308088.1	MEW5303869.1
OG0001968	MEW5308089.1	MEW5303868.1
OG0001969	MEW5308095.1	MEW5303864.1
OG0001970	MEW5308098.1	MEW5303860.1
OG0001971	MEW5308099.1, MEW5308100.1	
OG0001972	MEW5308101.1	MEW5303859.1
OG0001973	MEW5308103.1	MEW5303856.1
OG0001974	MEW5308105.1	MEW5303855.1
OG0001975	MEW5308107.1, MEW5308134.1	
OG0001976	MEW5308116.1	MEW5303848.1
OG0001977	MEW5308118.1	MEW5303846.1
OG0001978	MEW5308125.1	MEW5303842.1
OG0001979	MEW5308126.1	MEW5303840.1
OG0001980	MEW5308127.1	MEW5303839.1
OG0001981	MEW5308128.1	MEW5303838.1
OG0001982	MEW5308129.1	MEW5303836.1
OG0001983	MEW5308130.1	MEW5303835.1
OG0001984	MEW5308132.1	MEW5303834.1
OG0001985	MEW5308133.1	MEW5303833.1
OG0001986	MEW5308136.1	MEW5305885.1
OG0001987	MEW5308137.1	MEW5305883.1
OG0001988	MEW5308138.1	MEW5305881.1
OG0001989	MEW5308145.1	MEW5305875.1
OG0001990	MEW5308148.1, MEW5308149.1	
OG0001991	MEW5308150.1	MEW5305869.1
OG0001992	MEW5308154.1	MEW5305866.1
OG0001993	MEW5308155.1	MEW5306300.1
OG0001994	MEW5308156.1	MEW5305863.1
OG0001995	MEW5308159.1	MEW5305862.1
OG0001996	MEW5308160.1	MEW5305861.1
OG0001997	MEW5308162.1	MEW5305859.1
OG0001998	MEW5308163.1	MEW5305858.1
OG0001999	MEW5308164.1	MEW5305857.1
OG0002000	MEW5308166.1	MEW5305855.1
OG0002001	MEW5308167.1	MEW5305854.1
OG0002002	MEW5308168.1	MEW5305853.1
OG0002003	MEW5308171.1	MEW5305851.1
OG0002004	MEW5308172.1	MEW5305850.1
OG0002005	MEW5308173.1	MEW5305849.1
OG0002006	MEW5308174.1	MEW5305848.1
OG0002007	MEW5308175.1	MEW5305847.1
OG0002008	MEW5308176.1	MEW5305845.1
OG0002009	MEW5308178.1	MEW5305844.1
OG0002010	MEW5308182.1	MEW5305838.1
OG0002011	MEW5308186.1	MEW5305835.1
OG0002012	MEW5308188.1	MEW5305832.1
OG0002013	MEW5308189.1	MEW5305831.1
OG0002014	MEW5308190.1	MEW5305830.1
OG0002015	MEW5308192.1	MEW5305829.1
OG0002016	MEW5308194.1	MEW5305827.1
OG0002017	MEW5308203.1	MEW5305825.1
OG0002018	MEW5308204.1	MEW5305824.1
OG0002019	MEW5308208.1, MEW5308210.1	
OG0002020	MEW5308211.1	MEW5305820.1
OG0002021	MEW5308212.1	MEW5305819.1
OG0002022	MEW5308213.1	MEW5305818.1
OG0002023	MEW5308214.1, MEW5308215.1	
OG0002024	MEW5308216.1	MEW5305816.1
OG0002025	MEW5308217.1	MEW5305815.1
OG0002026	MEW5308218.1	MEW5305814.1
OG0002027	MEW5308223.1	MEW5305812.1
OG0002028	MEW5308224.1	MEW5305810.1
OG0002029	MEW5308227.1	MEW5303721.1
OG0002030	MEW5308232.1	MEW5305809.1
OG0002031	MEW5308233.1	MEW5305808.1
OG0002032	MEW5308237.1	MEW5305801.1
OG0002033	MEW5308238.1	MEW5305798.1
OG0002034	MEW5308239.1	MEW5305797.1
OG0002035	MEW5308240.1	MEW5305796.1
OG0002036	MEW5308241.1	MEW5305795.1
OG0002037	MEW5308243.1	MEW5305794.1
OG0002038	MEW5308244.1	MEW5305792.1
OG0002039	MEW5308245.1	MEW5305791.1
OG0002040	MEW5308249.1	MEW5305789.1
OG0002041	MEW5308250.1	MEW5305788.1
OG0002042	MEW5308254.1	MEW5305787.1
OG0002043	MEW5308255.1	MEW5305786.1
OG0002044	MEW5308259.1	MEW5305785.1
OG0002045	MEW5308260.1	MEW5305775.1
OG0002046	MEW5308261.1	MEW5305771.1
OG0002047	MEW5308263.1	MEW5297882.1
OG0002048	MEW5308265.1, MEW5308269.1	
OG0002049	MEW5308267.1	MEW5305768.1
OG0002050	MEW5308268.1	MEW5305767.1
OG0002051	MEW5308270.1	MEW5305766.1
OG0002052	MEW5308271.1	MEW5305765.1
OG0002053	MEW5308272.1	MEW5305764.1
OG0002054	MEW5308274.1	MEW5305759.1
OG0002055	MEW5308277.1	MEW5305758.1
OG0002056	MEW5308280.1	MEW5305750.1
OG0002057	MEW5308281.1	MEW5305749.1
OG0002058	MEW5308286.1	MEW5305747.1
OG0002059	MEW5308289.1	MEW5305746.1
OG0002060	MEW5308290.1	MEW5305745.1
OG0002061	MEW5308291.1	MEW5305744.1
OG0002062	MEW5308292.1	MEW5305743.1
OG0002063	MEW5308293.1	MEW5305742.1
OG0002064	MEW5308294.1	MEW5305741.1
OG0002065	MEW5308296.1	MEW5300738.1
OG0002066	MEW5308298.1	MEW5301013.1
OG0002067	MEW5308303.1, MEW5316075.1	
OG0002068	MEW5308307.1	MEW5305738.1
OG0002069	MEW5308308.1	MEW5305737.1
OG0002070	MEW5308310.1	MEW5305734.1
OG0002071	MEW5308311.1	MEW5305733.1
OG0002072	MEW5308312.1	MEW5305732.1
OG0002073	MEW5308313.1	MEW5305731.1
OG0002074	MEW5308316.1	MEW5305729.1
OG0002075	MEW5308317.1	MEW5305728.1
OG0002076	MEW5308318.1	MEW5305726.1
OG0002077	MEW5308325.1	MEW5302277.1
OG0002078	MEW5308328.1	MEW5302278.1
OG0002079	MEW5308329.1	MEW5302279.1
OG0002080	MEW5308330.1	MEW5302280.1
OG0002081	MEW5308331.1	MEW5302281.1
OG0002082	MEW5308332.1	MEW5302282.1
OG0002083	MEW5308333.1	MEW5302283.1
OG0002084	MEW5308334.1	MEW5302284.1
OG0002085	MEW5308335.1	MEW5302285.1
OG0002086	MEW5308336.1	MEW5302286.1
OG0002087	MEW5308337.1	MEW5302290.1
OG0002088	MEW5308341.1	MEW5302294.1
OG0002089	MEW5308342.1	MEW5302295.1
OG0002090	MEW5308347.1	MEW5302297.1
OG0002091	MEW5308350.1	MEW5302301.1
OG0002092	MEW5308351.1	MEW5302302.1
OG0002093	MEW5308352.1	MEW5302303.1
OG0002094	MEW5308353.1	MEW5302304.1
OG0002095	MEW5308354.1	MEW5302305.1
OG0002096	MEW5308355.1	MEW5302307.1
OG0002097	MEW5308357.1	MEW5302308.1
OG0002098	MEW5308361.1	MEW5302309.1
OG0002099	MEW5308362.1	MEW5302310.1
OG0002100	MEW5308363.1	MEW5302314.1
OG0002101	MEW5308365.1	MEW5306852.1
OG0002102	MEW5308370.1	MEW5302318.1
OG0002103	MEW5308372.1	MEW5302319.1
OG0002104	MEW5308374.1	MEW5302321.1
OG0002105	MEW5308378.1	MEW5302323.1
OG0002106	MEW5308379.1	MEW5302324.1
OG0002107	MEW5308384.1	MEW5302332.1
OG0002108	MEW5308385.1	MEW5302333.1
OG0002109	MEW5308386.1	MEW5302336.1
OG0002110	MEW5308390.1	MEW5302338.1
OG0002111	MEW5308391.1	MEW5302339.1
OG0002112	MEW5308395.1	MEW5302345.1
OG0002113	MEW5308396.1	MEW5302346.1
OG0002114	MEW5308397.1	MEW5302347.1
OG0002115	MEW5308398.1	MEW5302348.1
OG0002116	MEW5308400.1	MEW5302349.1
OG0002117	MEW5308401.1	MEW5302351.1
OG0002118	MEW5308402.1	MEW5302352.1
OG0002119	MEW5308404.1	MEW5302354.1
OG0002120	MEW5308405.1	MEW5302355.1
OG0002121	MEW5308408.1, MEW5316820.1	
OG0002122	MEW5308409.1	MEW5307279.1
OG0002123	MEW5308410.1	MEW5307278.1
OG0002124	MEW5308412.1	MEW5307276.1
OG0002125	MEW5308416.1	MEW5307983.1
OG0002126	MEW5308417.1	MEW5307985.1
OG0002127	MEW5308418.1	MEW5307987.1
OG0002128	MEW5308421.1	MEW5307992.1
OG0002129	MEW5308424.1	MEW5298880.1
OG0002130	MEW5308426.1	MEW5298879.1
OG0002131	MEW5308427.1	MEW5298877.1
OG0002132	MEW5308429.1	MEW5298875.1
OG0002133	MEW5308430.1	MEW5298873.1
OG0002134	MEW5308431.1	MEW5298872.1
OG0002135	MEW5308432.1	MEW5298871.1
OG0002136	MEW5308437.1	MEW5298866.1
OG0002137	MEW5308438.1	MEW5298865.1
OG0002138	MEW5308440.1	MEW5298864.1
OG0002139	MEW5308443.1	MEW5298861.1
OG0002140	MEW5308446.1	MEW5298859.1
OG0002141	MEW5308447.1	MEW5298858.1
OG0002142	MEW5308449.1	MEW5298856.1
OG0002143	MEW5308450.1	MEW5298854.1
OG0002144	MEW5308453.1	MEW5298852.1
OG0002145	MEW5308455.1	MEW5298851.1
OG0002146	MEW5308457.1	MEW5298850.1
OG0002147	MEW5308460.1	MEW5298849.1
OG0002148	MEW5308461.1	MEW5298848.1
OG0002149	MEW5308462.1	MEW5298847.1
OG0002150	MEW5308464.1	MEW5298844.1
OG0002151	MEW5308465.1	MEW5298843.1
OG0002152	MEW5308466.1	MEW5298842.1
OG0002153	MEW5308471.1	MEW5298840.1
OG0002154	MEW5308472.1	MEW5298839.1
OG0002155	MEW5308473.1	MEW5298838.1
OG0002156	MEW5308474.1	MEW5298837.1
OG0002157	MEW5308479.1	MEW5298827.1
OG0002158	MEW5308482.1	MEW5298824.1
OG0002159	MEW5308485.1	MEW5298823.1
OG0002160	MEW5308487.1	MEW5298822.1
OG0002161	MEW5308490.1	MEW5298812.1
OG0002162	MEW5308496.1	MEW5298808.1
OG0002163	MEW5308500.1	MEW5298801.1
OG0002164	MEW5308502.1	MEW5298800.1
OG0002165	MEW5308503.1	MEW5298799.1
OG0002166	MEW5308504.1	MEW5298798.1
OG0002167	MEW5308507.1	MEW5298796.1
OG0002168	MEW5308508.1, MEW5318094.1	
OG0002169	MEW5308509.1	MEW5298795.1
OG0002170	MEW5308512.1	MEW5298792.1
OG0002171	MEW5308513.1	MEW5298791.1
OG0002172	MEW5308514.1	MEW5298790.1
OG0002173	MEW5308515.1	MEW5298789.1
OG0002174	MEW5308516.1	MEW5298787.1
OG0002175	MEW5308517.1	MEW5298786.1
OG0002176	MEW5308519.1	MEW5298784.1
OG0002177	MEW5308521.1	MEW5298783.1
OG0002178	MEW5308524.1	MEW5298781.1
OG0002179	MEW5308527.1	MEW5298779.1
OG0002180	MEW5308528.1	MEW5298778.1
OG0002181	MEW5308529.1	MEW5298777.1
OG0002182	MEW5308530.1	MEW5298776.1
OG0002183	MEW5308532.1	MEW5298775.1
OG0002184	MEW5308533.1	MEW5304796.1
OG0002185	MEW5308534.1	MEW5298774.1
OG0002186	MEW5308535.1	MEW5298773.1
OG0002187	MEW5308540.1	MEW5298770.1
OG0002188	MEW5308551.1	MEW5298759.1
OG0002189	MEW5308553.1	MEW5298753.1
OG0002190	MEW5308555.1	MEW5298752.1
OG0002191	MEW5308556.1	MEW5298751.1
OG0002192	MEW5308557.1	MEW5298750.1
OG0002193	MEW5308558.1	MEW5298749.1
OG0002194	MEW5308559.1	MEW5298748.1
OG0002195	MEW5308560.1	MEW5298747.1
OG0002196	MEW5308561.1	MEW5298746.1
OG0002197	MEW5308565.1	MEW5298744.1
OG0002198	MEW5308567.1	MEW5298741.1
OG0002199	MEW5308568.1	MEW5298739.1
OG0002200	MEW5308571.1	MEW5298736.1
OG0002201	MEW5308572.1	MEW5298735.1
OG0002202	MEW5308574.1	MEW5298734.1
OG0002203	MEW5308578.1	MEW5298730.1
OG0002204	MEW5308579.1	MEW5298729.1
OG0002205	MEW5308580.1	MEW5298728.1
OG0002206	MEW5308583.1	MEW5298726.1
OG0002207	MEW5308589.1	MEW5298722.1
OG0002208	MEW5308590.1	MEW5298721.1
OG0002209	MEW5308592.1	MEW5298719.1
OG0002210	MEW5308593.1	MEW5298718.1
OG0002211	MEW5308595.1	MEW5298714.1
OG0002212	MEW5308596.1	MEW5298713.1
OG0002213	MEW5308598.1	MEW5298711.1
OG0002214	MEW5308599.1	MEW5298710.1
OG0002215	MEW5308600.1	MEW5298709.1
OG0002216	MEW5308605.1	MEW5298706.1
OG0002217	MEW5308606.1	MEW5298705.1
OG0002218	MEW5308607.1	MEW5298704.1
OG0002219	MEW5308609.1	MEW5298701.1
OG0002220	MEW5308611.1, MEW5318906.1	
OG0002221	MEW5308612.1	MEW5298699.1
OG0002222	MEW5308613.1	MEW5298698.1
OG0002223	MEW5308617.1	MEW5298695.1
OG0002224	MEW5308619.1	MEW5298694.1
OG0002225	MEW5308623.1	MEW5298691.1
OG0002226	MEW5308624.1	MEW5298690.1
OG0002227	MEW5308625.1	MEW5298689.1
OG0002228	MEW5308626.1	MEW5298688.1
OG0002229	MEW5308627.1	MEW5298687.1
OG0002230	MEW5308628.1	MEW5298686.1
OG0002231	MEW5308629.1	MEW5298685.1
OG0002232	MEW5308630.1	MEW5298684.1
OG0002233	MEW5308631.1	MEW5298682.1
OG0002234	MEW5308632.1	MEW5298681.1
OG0002235	MEW5308633.1	MEW5298680.1
OG0002236	MEW5308634.1	MEW5298679.1
OG0002237	MEW5308635.1	MEW5298678.1
OG0002238	MEW5308636.1	MEW5298677.1
OG0002239	MEW5308638.1	MEW5298675.1
OG0002240	MEW5308639.1	MEW5298674.1
OG0002241	MEW5308641.1	MEW5298673.1
OG0002242	MEW5308642.1	MEW5298672.1
OG0002243	MEW5308645.1	MEW5298669.1
OG0002244	MEW5308646.1	MEW5298667.1
OG0002245	MEW5308647.1	MEW5298666.1
OG0002246	MEW5308648.1	MEW5298665.1
OG0002247	MEW5308649.1	MEW5298664.1
OG0002248	MEW5308650.1	MEW5298663.1
OG0002249	MEW5308656.1	MEW5298660.1
OG0002250	MEW5308657.1	MEW5298659.1
OG0002251	MEW5308663.1	MEW5298651.1
OG0002252	MEW5308664.1	MEW5298650.1
OG0002253	MEW5308666.1	MEW5298649.1
OG0002254	MEW5308683.1	MEW5298648.1
OG0002255	MEW5308688.1	MEW5298647.1
OG0002256	MEW5308689.1	MEW5298646.1
OG0002257	MEW5308690.1	MEW5298644.1
OG0002258	MEW5308691.1	MEW5298643.1
OG0002259	MEW5308692.1	MEW5298641.1
OG0002260	MEW5308693.1	MEW5298640.1
OG0002261	MEW5308694.1	MEW5298639.1
OG0002262	MEW5308696.1	MEW5298637.1
OG0002263	MEW5308697.1	MEW5298636.1
OG0002264	MEW5308704.1	MEW5298632.1
OG0002265	MEW5308705.1	MEW5298631.1
OG0002266	MEW5308706.1	MEW5298630.1
OG0002267	MEW5308707.1	MEW5298629.1
OG0002268	MEW5308708.1	MEW5298628.1
OG0002269	MEW5308709.1	MEW5298627.1
OG0002270	MEW5308711.1	MEW5298624.1
OG0002271	MEW5308715.1	MEW5298621.1
OG0002272	MEW5308716.1	MEW5298620.1
OG0002273	MEW5308718.1	MEW5298619.1
OG0002274	MEW5308719.1	MEW5298616.1
OG0002275	MEW5308720.1	MEW5298615.1
OG0002276	MEW5308726.1	MEW5298610.1
OG0002277	MEW5308728.1	MEW5298609.1
OG0002278	MEW5308729.1	MEW5298608.1
OG0002279	MEW5308731.1	MEW5298605.1
OG0002280	MEW5308733.1	MEW5298602.1
OG0002281	MEW5308734.1	MEW5298601.1
OG0002282	MEW5308735.1	MEW5298600.1
OG0002283	MEW5308737.1	MEW5298598.1
OG0002284	MEW5308738.1	MEW5298597.1
OG0002285	MEW5308740.1	MEW5298596.1
OG0002286	MEW5308741.1	MEW5298595.1
OG0002287	MEW5308742.1	MEW5298594.1
OG0002288	MEW5308747.1	MEW5298590.1
OG0002289	MEW5308748.1	MEW5298589.1
OG0002290	MEW5308749.1	MEW5298588.1
OG0002291	MEW5308750.1	MEW5298587.1
OG0002292	MEW5308751.1	MEW5298586.1
OG0002293	MEW5308752.1	MEW5298585.1
OG0002294	MEW5308755.1	MEW5298581.1
OG0002295	MEW5308758.1	MEW5298580.1
OG0002296	MEW5308760.1	MEW5298577.1
OG0002297	MEW5308763.1	MEW5298574.1
OG0002298	MEW5308764.1	MEW5298573.1
OG0002299	MEW5308765.1	MEW5298572.1
OG0002300	MEW5308767.1	MEW5298569.1
OG0002301	MEW5308768.1	MEW5298568.1
OG0002302	MEW5308771.1	MEW5298563.1
OG0002303	MEW5308773.1	MEW5298562.1
OG0002304	MEW5308774.1	MEW5298558.1
OG0002305	MEW5308777.1	MEW5298555.1
OG0002306	MEW5308779.1	MEW5298553.1
OG0002307	MEW5308781.1	MEW5298551.1
OG0002308	MEW5308782.1	MEW5298550.1
OG0002309	MEW5308785.1	MEW5298548.1
OG0002310	MEW5308786.1	MEW5298547.1
OG0002311	MEW5308788.1	MEW5298546.1
OG0002312	MEW5308789.1	MEW5298545.1
OG0002313	MEW5308791.1	MEW5298542.1
OG0002314	MEW5308792.1	MEW5298541.1
OG0002315	MEW5308794.1	MEW5298538.1
OG0002316	MEW5308795.1	MEW5298537.1
OG0002317	MEW5308796.1	MEW5298536.1
OG0002318	MEW5308797.1	MEW5298535.1
OG0002319	MEW5308800.1	MEW5298531.1
OG0002320	MEW5308801.1	MEW5298530.1
OG0002321	MEW5308803.1	MEW5298529.1
OG0002322	MEW5308804.1	MEW5298528.1
OG0002323	MEW5308805.1	MEW5298527.1
OG0002324	MEW5308807.1	MEW5298525.1
OG0002325	MEW5308810.1	MEW5298523.1
OG0002326	MEW5308811.1	MEW5298522.1
OG0002327	MEW5308812.1	MEW5298521.1
OG0002328	MEW5308814.1	MEW5298519.1
OG0002329	MEW5308815.1	MEW5298518.1
OG0002330	MEW5308819.1	MEW5298515.1
OG0002331	MEW5308820.1	MEW5298514.1
OG0002332	MEW5308822.1	MEW5298513.1
OG0002333	MEW5308823.1	MEW5298512.1
OG0002334	MEW5308824.1	MEW5298511.1
OG0002335	MEW5308826.1	MEW5298510.1
OG0002336	MEW5308827.1	MEW5298509.1
OG0002337	MEW5308832.1	MEW5298506.1
OG0002338	MEW5308834.1	MEW5298504.1
OG0002339	MEW5308835.1	MEW5298503.1
OG0002340	MEW5308836.1	MEW5298502.1
OG0002341	MEW5308837.1	MEW5298501.1
OG0002342	MEW5308839.1	MEW5298500.1
OG0002343	MEW5308840.1	MEW5298499.1
OG0002344	MEW5308843.1	MEW5298496.1
OG0002345	MEW5308844.1	MEW5298495.1
OG0002346	MEW5308845.1	MEW5298494.1
OG0002347	MEW5308847.1	MEW5298490.1
OG0002348	MEW5308848.1	MEW5298489.1
OG0002349	MEW5308852.1	MEW5298484.1
OG0002350	MEW5308853.1	MEW5298483.1
OG0002351	MEW5308857.1	MEW5298481.1
OG0002352	MEW5308858.1	MEW5298480.1
OG0002353	MEW5308860.1	MEW5298478.1
OG0002354	MEW5308861.1	MEW5298477.1
OG0002355	MEW5308865.1	MEW5298473.1
OG0002356	MEW5308868.1	MEW5298472.1
OG0002357	MEW5308871.1	MEW5298469.1
OG0002358	MEW5308872.1	MEW5298468.1
OG0002359	MEW5308876.1	MEW5298465.1
OG0002360	MEW5308877.1	MEW5298462.1
OG0002361	MEW5308879.1, MEW5308938.1	
OG0002362	MEW5308880.1	MEW5298459.1
OG0002363	MEW5308884.1	MEW5298456.1
OG0002364	MEW5308885.1	MEW5298455.1
OG0002365	MEW5308888.1	MEW5298452.1
OG0002366	MEW5308891.1	MEW5298449.1
OG0002367	MEW5308892.1	MEW5298448.1
OG0002368	MEW5308893.1	MEW5298447.1
OG0002369	MEW5308895.1	MEW5298446.1
OG0002370	MEW5308896.1	MEW5298445.1
OG0002371	MEW5308897.1	MEW5298444.1
OG0002372	MEW5308898.1	MEW5298443.1
OG0002373	MEW5308899.1	MEW5298442.1
OG0002374	MEW5308901.1	MEW5298441.1
OG0002375	MEW5308902.1	MEW5298440.1
OG0002376	MEW5308903.1	MEW5298439.1
OG0002377	MEW5308904.1	MEW5298438.1
OG0002378	MEW5308905.1	MEW5298437.1
OG0002379	MEW5308906.1	MEW5298436.1
OG0002380	MEW5308907.1	MEW5298435.1
OG0002381	MEW5308908.1	MEW5298434.1
OG0002382	MEW5308911.1	MEW5298432.1
OG0002383	MEW5308912.1	MEW5298431.1
OG0002384	MEW5308913.1	MEW5298430.1
OG0002385	MEW5308915.1	MEW5298429.1
OG0002386	MEW5308916.1	MEW5298428.1
OG0002387	MEW5308917.1	MEW5298427.1
OG0002388	MEW5308918.1	MEW5298426.1
OG0002389	MEW5308919.1	MEW5298425.1
OG0002390	MEW5308920.1	MEW5298424.1
OG0002391	MEW5308921.1	MEW5298422.1
OG0002392	MEW5308927.1	MEW5298415.1
OG0002393	MEW5308929.1	MEW5298414.1
OG0002394	MEW5308930.1	MEW5298413.1
OG0002395	MEW5308933.1	MEW5298410.1
OG0002396	MEW5308943.1	MEW5298404.1
OG0002397	MEW5308945.1	MEW5298401.1
OG0002398	MEW5308952.1	MEW5298396.1
OG0002399	MEW5308953.1	MEW5298395.1
OG0002400	MEW5308956.1	MEW5298392.1
OG0002401	MEW5308957.1	MEW5298391.1
OG0002402	MEW5308958.1	MEW5298390.1
OG0002403	MEW5308960.1	MEW5298388.1
OG0002404	MEW5308962.1	MEW5298387.1
OG0002405	MEW5308964.1	MEW5298386.1
OG0002406	MEW5308966.1	MEW5298383.1
OG0002407	MEW5308967.1	MEW5298382.1
OG0002408	MEW5308969.1	MEW5298381.1
OG0002409	MEW5308973.1	MEW5298379.1
OG0002410	MEW5308976.1	MEW5298377.1
OG0002411	MEW5308981.1	MEW5298371.1
OG0002412	MEW5308982.1	MEW5298370.1
OG0002413	MEW5308984.1	MEW5298369.1
OG0002414	MEW5308985.1	MEW5298368.1
OG0002415	MEW5308986.1	MEW5298367.1
OG0002416	MEW5308991.1	MEW5298364.1
OG0002417	MEW5308992.1	MEW5298363.1
OG0002418	MEW5308993.1	MEW5298362.1
OG0002419	MEW5308994.1	MEW5298360.1
OG0002420	MEW5308995.1	MEW5298359.1
OG0002421	MEW5308996.1	MEW5298358.1
OG0002422	MEW5308997.1	MEW5298357.1
OG0002423	MEW5308999.1	MEW5298354.1
OG0002424	MEW5309003.1	MEW5298348.1
OG0002425	MEW5309008.1	MEW5298343.1
OG0002426	MEW5309010.1	MEW5298340.1
OG0002427	MEW5309012.1	MEW5298339.1
OG0002428	MEW5309014.1	MEW5298338.1
OG0002429	MEW5309016.1	MEW5298335.1
OG0002430	MEW5309017.1, MEW5309018.1	
OG0002431	MEW5309021.1	MEW5298332.1
OG0002432	MEW5309022.1	MEW5298331.1
OG0002433	MEW5309024.1	MEW5298328.1
OG0002434	MEW5309025.1	MEW5298327.1
OG0002435	MEW5309026.1	MEW5298326.1
OG0002436	MEW5309029.1	MEW5298323.1
OG0002437	MEW5309030.1	MEW5298322.1
OG0002438	MEW5309031.1	MEW5298321.1
OG0002439	MEW5309032.1	MEW5298320.1
OG0002440	MEW5309033.1	MEW5298318.1
OG0002441	MEW5309035.1	MEW5298317.1
OG0002442	MEW5309039.1	MEW5298315.1
OG0002443	MEW5309040.1	MEW5298316.1
OG0002444	MEW5309041.1	MEW5298313.1
OG0002445	MEW5309042.1	MEW5298314.1
OG0002446	MEW5309043.1	MEW5298312.1
OG0002447	MEW5309045.1	MEW5298309.1
OG0002448	MEW5309047.1	MEW5298303.1
OG0002449	MEW5309051.1	MEW5298305.1
OG0002450	MEW5309053.1	MEW5298307.1
OG0002451	MEW5309054.1	MEW5298308.1
OG0002452	MEW5309061.1	MEW5298302.1
OG0002453	MEW5309062.1	MEW5298300.1
OG0002454	MEW5309063.1	MEW5298299.1
OG0002455	MEW5309064.1	MEW5298298.1
OG0002456	MEW5309069.1	MEW5298294.1
OG0002457	MEW5309071.1	MEW5298290.1
OG0002458	MEW5309072.1	MEW5298289.1
OG0002459	MEW5309074.1	MEW5298287.1
OG0002460	MEW5309076.1	MEW5298282.1
OG0002461	MEW5309077.1	MEW5298281.1
OG0002462	MEW5309078.1	MEW5298280.1
OG0002463	MEW5309080.1	MEW5298279.1
OG0002464	MEW5309081.1	MEW5298276.1
OG0002465	MEW5309082.1	MEW5298275.1
OG0002466	MEW5309084.1	MEW5298272.1
OG0002467	MEW5309085.1	MEW5298271.1
OG0002468	MEW5309086.1	MEW5298270.1
OG0002469	MEW5309087.1	MEW5298269.1
OG0002470	MEW5309088.1	MEW5298268.1
OG0002471	MEW5309091.1	MEW5298265.1
OG0002472	MEW5309092.1	MEW5298264.1
OG0002473	MEW5309093.1	MEW5298262.1
OG0002474	MEW5309094.1	MEW5298261.1
OG0002475	MEW5309095.1	MEW5298260.1
OG0002476	MEW5309101.1	MEW5298258.1
OG0002477	MEW5309102.1	MEW5298257.1
OG0002478	MEW5309104.1	MEW5298256.1
OG0002479	MEW5309105.1	MEW5298255.1
OG0002480	MEW5309107.1	MEW5298253.1
OG0002481	MEW5309110.1	MEW5298251.1
OG0002482	MEW5309112.1	MEW5298250.1
OG0002483	MEW5309114.1	MEW5298249.1
OG0002484	MEW5309115.1	MEW5298248.1
OG0002485	MEW5309116.1	MEW5298247.1
OG0002486	MEW5309118.1	MEW5298245.1
OG0002487	MEW5309119.1	MEW5298244.1
OG0002488	MEW5309120.1	MEW5298243.1
OG0002489	MEW5309121.1	MEW5298241.1
OG0002490	MEW5309122.1	MEW5298240.1
OG0002491	MEW5309123.1	MEW5298239.1
OG0002492	MEW5309124.1	MEW5298238.1
OG0002493	MEW5309125.1	MEW5298237.1
OG0002494	MEW5309126.1	MEW5298236.1
OG0002495	MEW5309128.1	MEW5298234.1
OG0002496	MEW5309129.1	MEW5298233.1
OG0002497	MEW5309132.1	MEW5298232.1
OG0002498	MEW5309137.1	MEW5298226.1
OG0002499	MEW5309140.1	MEW5303551.1
OG0002500	MEW5309141.1	MEW5306653.1
OG0002501	MEW5309142.1	MEW5306654.1
OG0002502	MEW5309144.1	MEW5298224.1
OG0002503	MEW5309145.1	MEW5298223.1
OG0002504	MEW5309147.1	MEW5298220.1
OG0002505	MEW5309149.1	MEW5298219.1
OG0002506	MEW5309152.1	MEW5298216.1
OG0002507	MEW5309153.1	MEW5298215.1
OG0002508	MEW5309156.1	MEW5298214.1
OG0002509	MEW5309158.1	MEW5298209.1
OG0002510	MEW5309161.1	MEW5298207.1
OG0002511	MEW5309164.1	MEW5298204.1
OG0002512	MEW5309165.1	MEW5298203.1
OG0002513	MEW5309166.1	MEW5298202.1
OG0002514	MEW5309168.1	MEW5298199.1
OG0002515	MEW5309169.1	MEW5298198.1
OG0002516	MEW5309170.1	MEW5298197.1
OG0002517	MEW5309171.1	MEW5298196.1
OG0002518	MEW5309172.1	MEW5298195.1
OG0002519	MEW5309173.1	MEW5303678.1
OG0002520	MEW5309174.1	MEW5298192.1
OG0002521	MEW5309175.1	MEW5298191.1
OG0002522	MEW5309177.1	MEW5298189.1
OG0002523	MEW5309178.1	MEW5298188.1
OG0002524	MEW5309179.1	MEW5298186.1
OG0002525	MEW5309180.1	MEW5298185.1
OG0002526	MEW5309181.1	MEW5298184.1
OG0002527	MEW5309182.1	MEW5298183.1
OG0002528	MEW5309183.1	MEW5298182.1
OG0002529	MEW5309184.1	MEW5298181.1
OG0002530	MEW5309186.1	MEW5298178.1
OG0002531	MEW5309187.1	MEW5298177.1
OG0002532	MEW5309188.1	MEW5298176.1
OG0002533	MEW5309189.1	MEW5298175.1
OG0002534	MEW5309190.1	MEW5298174.1
OG0002535	MEW5309191.1	MEW5298173.1
OG0002536	MEW5309192.1	MEW5298172.1
OG0002537	MEW5309193.1	MEW5298169.1
OG0002538	MEW5309195.1	MEW5298165.1
OG0002539	MEW5309196.1	MEW5298164.1
OG0002540	MEW5309199.1	MEW5298161.1
OG0002541	MEW5309200.1	MEW5298159.1
OG0002542	MEW5309201.1	MEW5298158.1
OG0002543	MEW5309206.1	MEW5298154.1
OG0002544	MEW5309207.1	MEW5298153.1
OG0002545	MEW5309209.1	MEW5305715.1
OG0002546	MEW5309211.1	MEW5298151.1
OG0002547	MEW5309212.1	MEW5298150.1
OG0002548	MEW5309213.1	MEW5298149.1
OG0002549	MEW5309214.1	MEW5298148.1
OG0002550	MEW5309215.1	MEW5298147.1
OG0002551	MEW5309216.1	MEW5298146.1
OG0002552	MEW5309217.1	MEW5298145.1
OG0002553	MEW5309218.1	MEW5298144.1
OG0002554	MEW5309219.1	MEW5298141.1
OG0002555	MEW5309221.1	MEW5298140.1
OG0002556	MEW5309222.1	MEW5298139.1
OG0002557	MEW5309223.1	MEW5298137.1
OG0002558	MEW5309231.1	MEW5298132.1
OG0002559	MEW5309232.1	MEW5298131.1
OG0002560	MEW5309233.1	MEW5298130.1
OG0002561	MEW5309234.1	MEW5298129.1
OG0002562	MEW5309237.1	MEW5298126.1
OG0002563	MEW5309238.1	MEW5298125.1
OG0002564	MEW5309242.1	MEW5298122.1
OG0002565	MEW5309243.1	MEW5298121.1
OG0002566	MEW5309244.1	MEW5298120.1
OG0002567	MEW5309245.1	MEW5298119.1
OG0002568	MEW5309246.1	MEW5298118.1
OG0002569	MEW5309247.1	MEW5298117.1
OG0002570	MEW5309248.1	MEW5298116.1
OG0002571	MEW5309249.1	MEW5298115.1
OG0002572	MEW5309250.1	MEW5298114.1
OG0002573	MEW5309252.1	MEW5298113.1
OG0002574	MEW5309255.1	MEW5298111.1
OG0002575	MEW5309256.1	MEW5298110.1
OG0002576	MEW5309257.1	MEW5298109.1
OG0002577	MEW5309258.1	MEW5298108.1
OG0002578	MEW5309259.1	MEW5298107.1
OG0002579	MEW5309264.1	MEW5298103.1
OG0002580	MEW5309265.1	MEW5298101.1
OG0002581	MEW5309275.1	MEW5301918.1
OG0002582	MEW5309278.1	MEW5301461.1
OG0002583	MEW5309279.1	MEW5301458.1
OG0002584	MEW5309280.1	MEW5301455.1
OG0002585	MEW5309281.1	MEW5301454.1
OG0002586	MEW5309282.1	MEW5301452.1
OG0002587	MEW5309283.1	MEW5301449.1
OG0002588	MEW5309284.1	MEW5301448.1
OG0002589	MEW5309285.1	MEW5301447.1
OG0002590	MEW5309286.1	MEW5301446.1
OG0002591	MEW5309287.1	MEW5301445.1
OG0002592	MEW5309289.1	MEW5301443.1
OG0002593	MEW5309290.1	MEW5301442.1
OG0002594	MEW5309292.1	MEW5301441.1
OG0002595	MEW5309298.1	MEW5301438.1
OG0002596	MEW5309299.1	MEW5301437.1
OG0002597	MEW5309303.1	MEW5300652.1
OG0002598	MEW5309304.1	MEW5300651.1
OG0002599	MEW5309306.1	MEW5300649.1
OG0002600	MEW5309308.1	MEW5300648.1
OG0002601	MEW5309309.1	MEW5300647.1
OG0002602	MEW5309312.1	MEW5300643.1
OG0002603	MEW5309313.1	MEW5300642.1
OG0002604	MEW5309314.1	MEW5300641.1
OG0002605	MEW5309316.1	MEW5300638.1
OG0002606	MEW5309317.1	MEW5307395.1
OG0002607	MEW5309319.1	MEW5300637.1
OG0002608	MEW5309321.1	MEW5307388.1
OG0002609	MEW5309323.1	MEW5307390.1
OG0002610	MEW5309325.1	MEW5307393.1
OG0002611	MEW5309327.1	MEW5300636.1
OG0002612	MEW5309328.1	MEW5300635.1
OG0002613	MEW5309329.1	MEW5300633.1
OG0002614	MEW5309330.1	MEW5300632.1
OG0002615	MEW5309331.1	MEW5300631.1
OG0002616	MEW5309332.1	MEW5300630.1
OG0002617	MEW5309333.1	MEW5307365.1
OG0002618	MEW5309336.1	MEW5307368.1
OG0002619	MEW5309337.1	MEW5307369.1
OG0002620	MEW5309339.1	MEW5307372.1
OG0002621	MEW5309341.1	MEW5307376.1
OG0002622	MEW5309342.1	MEW5307377.1
OG0002623	MEW5309343.1	MEW5296882.1
OG0002624	MEW5309345.1	MEW5307378.1
OG0002625	MEW5309350.1	MEW5307380.1
OG0002626	MEW5309351.1	MEW5307381.1
OG0002627	MEW5309352.1	MEW5307383.1
OG0002628	MEW5309353.1	MEW5307384.1
OG0002629	MEW5309354.1	MEW5307385.1
OG0002630	MEW5309355.1	MEW5307386.1
OG0002631	MEW5309356.1	MEW5307387.1
OG0002632	MEW5309357.1, MEW5318923.1	
OG0002633	MEW5309358.1	MEW5307362.1
OG0002634	MEW5309360.1	MEW5307359.1
OG0002635	MEW5309361.1	MEW5307358.1
OG0002636	MEW5309362.1	MEW5307357.1
OG0002637	MEW5309363.1	MEW5307356.1
OG0002638	MEW5309365.1	MEW5307355.1
OG0002639	MEW5309366.1	MEW5307354.1
OG0002640	MEW5309367.1	MEW5307353.1
OG0002641	MEW5309368.1	MEW5307352.1
OG0002642	MEW5309369.1	MEW5307351.1
OG0002643	MEW5309371.1	MEW5307349.1
OG0002644	MEW5309372.1	MEW5307348.1
OG0002645	MEW5309373.1	MEW5307347.1
OG0002646	MEW5309374.1	MEW5307346.1
OG0002647	MEW5309376.1	MEW5307345.1
OG0002648	MEW5309378.1	MEW5307344.1
OG0002649	MEW5309379.1	MEW5307343.1
OG0002650	MEW5309383.1	MEW5307340.1
OG0002651	MEW5309384.1	MEW5302334.1
OG0002652	MEW5309386.1	MEW5307338.1
OG0002653	MEW5309387.1	MEW5307337.1
OG0002654	MEW5309388.1	MEW5307336.1
OG0002655	MEW5309389.1	MEW5307335.1
OG0002656	MEW5309390.1	MEW5307334.1
OG0002657	MEW5309391.1	MEW5307333.1
OG0002658	MEW5309392.1, MEW5309393.1	
OG0002659	MEW5309394.1	MEW5307332.1
OG0002660	MEW5309395.1	MEW5307331.1
OG0002661	MEW5309396.1	MEW5307330.1
OG0002662	MEW5309398.1	MEW5307329.1
OG0002663	MEW5309401.1	MEW5307326.1
OG0002664	MEW5309405.1	MEW5307324.1
OG0002665	MEW5309406.1	MEW5307322.1
OG0002666	MEW5309408.1	MEW5307319.1
OG0002667	MEW5309411.1	MEW5307317.1
OG0002668	MEW5309414.1	MEW5307313.1
OG0002669	MEW5309415.1	MEW5307312.1
OG0002670	MEW5309419.1	MEW5307311.1
OG0002671	MEW5309420.1	MEW5307310.1
OG0002672	MEW5309421.1	MEW5307309.1
OG0002673	MEW5309423.1	MEW5307307.1
OG0002674	MEW5309424.1	MEW5307306.1
OG0002675	MEW5309425.1	MEW5307305.1
OG0002676	MEW5309426.1	MEW5307301.1
OG0002677	MEW5309427.1	MEW5307302.1
OG0002678	MEW5309428.1	MEW5307303.1
OG0002679	MEW5309430.1	MEW5307300.1
OG0002680	MEW5309431.1	MEW5307299.1
OG0002681	MEW5309433.1	MEW5307297.1
OG0002682	MEW5309434.1	MEW5307296.1
OG0002683	MEW5309435.1	MEW5307295.1
OG0002684	MEW5309436.1	MEW5307294.1
OG0002685	MEW5309438.1	MEW5307292.1
OG0002686	MEW5309439.1	MEW5307291.1
OG0002687	MEW5309445.1	MEW5307289.1
OG0002688	MEW5309446.1	MEW5307287.1
OG0002689	MEW5309447.1	MEW5307286.1
OG0002690	MEW5309448.1	MEW5307285.1
OG0002691	MEW5309451.1, MEW5309452.1	
OG0002692	MEW5309455.1	MEW5303027.1
OG0002693	MEW5309456.1	MEW5303028.1
OG0002694	MEW5309457.1	MEW5303029.1
OG0002695	MEW5309459.1	MEW5303030.1
OG0002696	MEW5309460.1	MEW5303031.1
OG0002697	MEW5309461.1	MEW5303033.1
OG0002698	MEW5309462.1	MEW5303034.1
OG0002699	MEW5309464.1	MEW5303035.1
OG0002700	MEW5309466.1	MEW5303037.1
OG0002701	MEW5309467.1	MEW5303039.1
OG0002702	MEW5309469.1	MEW5303040.1
OG0002703	MEW5309471.1	MEW5303043.1
OG0002704	MEW5309472.1	MEW5303044.1
OG0002705	MEW5309473.1	MEW5303045.1
OG0002706	MEW5309474.1	MEW5303046.1
OG0002707	MEW5309476.1	MEW5303047.1
OG0002708	MEW5309477.1	MEW5303048.1
OG0002709	MEW5309478.1	MEW5303049.1
OG0002710	MEW5309479.1	MEW5303050.1
OG0002711	MEW5309481.1	MEW5303053.1
OG0002712	MEW5309483.1	MEW5303055.1
OG0002713	MEW5309486.1	MEW5303058.1
OG0002714	MEW5309487.1	MEW5303059.1
OG0002715	MEW5309489.1	MEW5303061.1
OG0002716	MEW5309490.1	MEW5303062.1
OG0002717	MEW5309491.1	MEW5303063.1
OG0002718	MEW5309492.1	MEW5303064.1
OG0002719	MEW5309494.1	MEW5303065.1
OG0002720	MEW5309497.1	MEW5303068.1
OG0002721	MEW5309499.1	MEW5303069.1
OG0002722	MEW5309501.1	MEW5303070.1
OG0002723	MEW5309502.1	MEW5303071.1
OG0002724	MEW5309503.1	MEW5303073.1
OG0002725	MEW5309508.1	MEW5303074.1
OG0002726	MEW5309509.1	MEW5303075.1
OG0002727	MEW5309510.1	MEW5303076.1
OG0002728	MEW5309511.1	MEW5303077.1
OG0002729	MEW5309524.1	MEW5303084.1
OG0002730	MEW5309525.1	MEW5303086.1
OG0002731	MEW5309526.1	MEW5303087.1
OG0002732	MEW5309527.1	MEW5303088.1
OG0002733	MEW5309528.1	MEW5303089.1
OG0002734	MEW5309529.1	MEW5303090.1
OG0002735	MEW5309530.1	MEW5303091.1
OG0002736	MEW5309531.1	MEW5303093.1
OG0002737	MEW5309532.1	MEW5303094.1
OG0002738	MEW5309533.1	MEW5303095.1
OG0002739	MEW5309534.1	MEW5307726.1
OG0002740	MEW5309535.1	MEW5303096.1
OG0002741	MEW5309536.1	MEW5303097.1
OG0002742	MEW5309537.1	MEW5303098.1
OG0002743	MEW5309538.1, MEW5309539.1	
OG0002744	MEW5309543.1	MEW5303100.1
OG0002745	MEW5309547.1	MEW5303103.1
OG0002746	MEW5309553.1	MEW5303108.1
OG0002747	MEW5309557.1	MEW5303110.1
OG0002748	MEW5309559.1	MEW5303113.1
OG0002749	MEW5309560.1	MEW5303114.1
OG0002750	MEW5309561.1	MEW5303115.1
OG0002751	MEW5309562.1	MEW5303116.1
OG0002752	MEW5309563.1	MEW5303118.1
OG0002753	MEW5309567.1	MEW5303122.1
OG0002754	MEW5309568.1	MEW5303123.1
OG0002755	MEW5309570.1	MEW5303124.1
OG0002756	MEW5309571.1	MEW5303125.1
OG0002757	MEW5309572.1	MEW5303126.1
OG0002758	MEW5309574.1	MEW5303127.1
OG0002759	MEW5309575.1	MEW5303130.1
OG0002760	MEW5309576.1	MEW5303132.1
OG0002761	MEW5309577.1	MEW5303133.1
OG0002762	MEW5309578.1	MEW5303134.1
OG0002763	MEW5309579.1	MEW5303135.1
OG0002764	MEW5309580.1	MEW5303137.1
OG0002765	MEW5309581.1	MEW5303138.1
OG0002766	MEW5309585.1	MEW5303142.1
OG0002767	MEW5309586.1	MEW5303143.1
OG0002768	MEW5309587.1	MEW5303144.1
OG0002769	MEW5309589.1	MEW5303145.1
OG0002770	MEW5309593.1	MEW5303147.1
OG0002771	MEW5309594.1	MEW5303148.1
OG0002772	MEW5309597.1	MEW5303152.1
OG0002773	MEW5309600.1	MEW5303155.1
OG0002774	MEW5309601.1	MEW5306664.1
OG0002775	MEW5309607.1	MEW5303157.1
OG0002776	MEW5309608.1	MEW5303158.1
OG0002777	MEW5309609.1	MEW5303159.1
OG0002778	MEW5309610.1	MEW5303160.1
OG0002779	MEW5309611.1	MEW5303161.1
OG0002780	MEW5309612.1	MEW5303162.1
OG0002781	MEW5309613.1	MEW5303163.1
OG0002782	MEW5309614.1	MEW5303164.1
OG0002783	MEW5309616.1	MEW5303167.1
OG0002784	MEW5309617.1	MEW5303168.1
OG0002785	MEW5309618.1	MEW5303169.1
OG0002786	MEW5309619.1	MEW5303170.1
OG0002787	MEW5309627.1	MEW5303178.1
OG0002788	MEW5309628.1	MEW5303180.1
OG0002789	MEW5309630.1	MEW5303183.1
OG0002790	MEW5309633.1	MEW5303186.1
OG0002791	MEW5309634.1	MEW5303187.1
OG0002792	MEW5309635.1	MEW5303188.1
OG0002793	MEW5309636.1	MEW5303189.1
OG0002794	MEW5309643.1	MEW5303192.1
OG0002795	MEW5309644.1	MEW5303193.1
OG0002796	MEW5309649.1	MEW5303197.1
OG0002797	MEW5309656.1	MEW5303203.1
OG0002798	MEW5309657.1	MEW5303204.1
OG0002799	MEW5309660.1	MEW5303207.1
OG0002800	MEW5309661.1	MEW5303208.1
OG0002801	MEW5309663.1	MEW5303211.1
OG0002802	MEW5309669.1	MEW5303220.1
OG0002803	MEW5309670.1	MEW5303221.1
OG0002804	MEW5309672.1	MEW5303222.1
OG0002805	MEW5309673.1	MEW5303224.1
OG0002806	MEW5309674.1	MEW5303225.1
OG0002807	MEW5309675.1	MEW5303226.1
OG0002808	MEW5309676.1	MEW5303227.1
OG0002809	MEW5309679.1	MEW5303229.1
OG0002810	MEW5309680.1	MEW5303230.1
OG0002811	MEW5309681.1	MEW5303231.1
OG0002812	MEW5309682.1	MEW5303232.1
OG0002813	MEW5309683.1	MEW5303233.1
OG0002814	MEW5309685.1	MEW5303234.1
OG0002815	MEW5309690.1	MEW5303238.1
OG0002816	MEW5309691.1	MEW5303239.1
OG0002817	MEW5309692.1	MEW5303240.1
OG0002818	MEW5309695.1	MEW5303242.1
OG0002819	MEW5309696.1	MEW5303243.1
OG0002820	MEW5309698.1	MEW5303244.1
OG0002821	MEW5309699.1	MEW5303245.1
OG0002822	MEW5309700.1	MEW5303246.1
OG0002823	MEW5309707.1	MEW5303249.1
OG0002824	MEW5309709.1	MEW5303250.1
OG0002825	MEW5309710.1	MEW5303251.1
OG0002826	MEW5309711.1	MEW5303252.1
OG0002827	MEW5309712.1	MEW5303253.1
OG0002828	MEW5309713.1	MEW5303254.1
OG0002829	MEW5309716.1	MEW5303256.1
OG0002830	MEW5309717.1	MEW5303257.1
OG0002831	MEW5309720.1	MEW5303260.1
OG0002832	MEW5309721.1	MEW5303261.1
OG0002833	MEW5309723.1	MEW5303263.1
OG0002834	MEW5309724.1	MEW5303264.1
OG0002835	MEW5309728.1	MEW5303268.1
OG0002836	MEW5309730.1	MEW5303271.1
OG0002837	MEW5309731.1	MEW5303272.1
OG0002838	MEW5309732.1	MEW5303273.1
OG0002839	MEW5309733.1	MEW5303274.1
OG0002840	MEW5309734.1	MEW5303275.1
OG0002841	MEW5309735.1	MEW5303276.1
OG0002842	MEW5309736.1	MEW5303277.1
OG0002843	MEW5309737.1	MEW5303278.1
OG0002844	MEW5309738.1	MEW5303279.1
OG0002845	MEW5309739.1	MEW5303280.1
OG0002846	MEW5309741.1	MEW5303281.1
OG0002847	MEW5309744.1	MEW5303284.1
OG0002848	MEW5309745.1	MEW5303285.1
OG0002849	MEW5309748.1	MEW5303286.1
OG0002850	MEW5309751.1	MEW5303287.1
OG0002851	MEW5309754.1	MEW5303290.1
OG0002852	MEW5309756.1	MEW5303293.1
OG0002853	MEW5309757.1	MEW5303294.1
OG0002854	MEW5309758.1	MEW5303295.1
OG0002855	MEW5309759.1	MEW5303296.1
OG0002856	MEW5309762.1	MEW5303298.1
OG0002857	MEW5309766.1	MEW5303300.1
OG0002858	MEW5309767.1	MEW5303301.1
OG0002859	MEW5309768.1	MEW5303302.1
OG0002860	MEW5309770.1	MEW5303303.1
OG0002861	MEW5309771.1	MEW5303306.1
OG0002862	MEW5309772.1	MEW5303307.1
OG0002863	MEW5309774.1	MEW5303312.1
OG0002864	MEW5309775.1	MEW5303313.1
OG0002865	MEW5309779.1	MEW5303318.1
OG0002866	MEW5309780.1	MEW5303319.1
OG0002867	MEW5309781.1	MEW5303320.1
OG0002868	MEW5309782.1	MEW5303321.1
OG0002869	MEW5309784.1	MEW5303322.1
OG0002870	MEW5309788.1	MEW5303325.1
OG0002871	MEW5309789.1	MEW5303326.1
OG0002872	MEW5309791.1	MEW5303327.1
OG0002873	MEW5309792.1	MEW5303328.1
OG0002874	MEW5309793.1	MEW5303329.1
OG0002875	MEW5309794.1	MEW5303330.1
OG0002876	MEW5309801.1	MEW5303335.1
OG0002877	MEW5309802.1	MEW5303336.1
OG0002878	MEW5309803.1, MEW5317914.1	
OG0002879	MEW5309807.1	MEW5303338.1
OG0002880	MEW5309808.1, MEW5309809.1	
OG0002881	MEW5309810.1	MEW5303339.1
OG0002882	MEW5309814.1	MEW5303341.1
OG0002883	MEW5309815.1	MEW5303342.1
OG0002884	MEW5309816.1	MEW5303343.1
OG0002885	MEW5309817.1	MEW5303344.1
OG0002886	MEW5309818.1	MEW5303345.1
OG0002887	MEW5309819.1	MEW5303346.1
OG0002888	MEW5309822.1	MEW5303349.1
OG0002889	MEW5309824.1	MEW5303351.1
OG0002890	MEW5309825.1	MEW5303352.1
OG0002891	MEW5309826.1	MEW5303354.1
OG0002892	MEW5309827.1	MEW5303355.1
OG0002893	MEW5309828.1	MEW5303356.1
OG0002894	MEW5309829.1	MEW5303357.1
OG0002895	MEW5309831.1	MEW5303358.1
OG0002896	MEW5309835.1	MEW5303361.1
OG0002897	MEW5309836.1	MEW5303362.1
OG0002898	MEW5309840.1	MEW5303365.1
OG0002899	MEW5309842.1	MEW5303367.1
OG0002900	MEW5309843.1	MEW5303368.1
OG0002901	MEW5309844.1	MEW5303369.1
OG0002902	MEW5309845.1	MEW5303370.1
OG0002903	MEW5309846.1	MEW5303371.1
OG0002904	MEW5309847.1	MEW5303372.1
OG0002905	MEW5309848.1	MEW5303373.1
OG0002906	MEW5309849.1	MEW5303374.1
OG0002907	MEW5309853.1	MEW5303377.1
OG0002908	MEW5309854.1	MEW5303378.1
OG0002909	MEW5309855.1	MEW5303379.1
OG0002910	MEW5309861.1	MEW5303383.1
OG0002911	MEW5309862.1	MEW5303384.1
OG0002912	MEW5309867.1	MEW5303386.1
OG0002913	MEW5309868.1	MEW5303387.1
OG0002914	MEW5309873.1	MEW5303393.1
OG0002915	MEW5309874.1	MEW5303394.1
OG0002916	MEW5309875.1	MEW5303397.1
OG0002917	MEW5309876.1	MEW5303398.1
OG0002918	MEW5309877.1	MEW5303399.1
OG0002919	MEW5309879.1	MEW5303402.1
OG0002920	MEW5309884.1	MEW5303406.1
OG0002921	MEW5309885.1	MEW5303408.1
OG0002922	MEW5309886.1	MEW5303409.1
OG0002923	MEW5309887.1	MEW5303411.1
OG0002924	MEW5309888.1	MEW5303412.1
OG0002925	MEW5309890.1, MEW5309891.1	
OG0002926	MEW5309897.1	MEW5303416.1
OG0002927	MEW5309903.1	MEW5303422.1
OG0002928	MEW5309904.1	MEW5303423.1
OG0002929	MEW5309906.1	MEW5303425.1
OG0002930	MEW5309907.1	MEW5303426.1
OG0002931	MEW5309909.1	MEW5303427.1
OG0002932	MEW5309910.1	MEW5303428.1
OG0002933	MEW5309911.1	MEW5303429.1
OG0002934	MEW5309914.1	MEW5303432.1
OG0002935	MEW5309917.1	MEW5303434.1
OG0002936	MEW5309918.1	MEW5303435.1
OG0002937	MEW5309922.1	MEW5303438.1
OG0002938	MEW5309927.1	MEW5303443.1
OG0002939	MEW5309933.1	MEW5303448.1
OG0002940	MEW5309934.1	MEW5303449.1
OG0002941	MEW5309935.1	MEW5303450.1
OG0002942	MEW5309936.1	MEW5303451.1
OG0002943	MEW5309937.1	MEW5303452.1
OG0002944	MEW5309938.1	MEW5303454.1
OG0002945	MEW5309939.1	MEW5303455.1
OG0002946	MEW5309940.1	MEW5303456.1
OG0002947	MEW5309941.1	MEW5303457.1
OG0002948	MEW5309942.1	MEW5303458.1
OG0002949	MEW5309943.1	MEW5303459.1
OG0002950	MEW5309944.1	MEW5303460.1
OG0002951	MEW5309946.1	MEW5303461.1
OG0002952	MEW5309947.1	MEW5303462.1
OG0002953	MEW5309948.1	MEW5303463.1
OG0002954	MEW5309949.1	MEW5303464.1
OG0002955	MEW5309950.1	MEW5303465.1
OG0002956	MEW5309951.1	MEW5303466.1
OG0002957	MEW5309952.1	MEW5303467.1
OG0002958	MEW5309961.1	MEW5303469.1
OG0002959	MEW5309963.1	MEW5303471.1
OG0002960	MEW5309964.1	MEW5303472.1
OG0002961	MEW5309970.1	MEW5303477.1
OG0002962	MEW5309971.1	MEW5303478.1
OG0002963	MEW5309975.1	MEW5303482.1
OG0002964	MEW5309976.1	MEW5303483.1
OG0002965	MEW5309977.1	MEW5303485.1
OG0002966	MEW5309978.1	MEW5303486.1
OG0002967	MEW5309984.1	MEW5303488.1
OG0002968	MEW5309985.1	MEW5303489.1
OG0002969	MEW5309986.1	MEW5303490.1
OG0002970	MEW5309987.1	MEW5303491.1
OG0002971	MEW5309988.1	MEW5303492.1
OG0002972	MEW5309989.1	MEW5303493.1
OG0002973	MEW5309990.1	MEW5303494.1
OG0002974	MEW5309991.1	MEW5303495.1
OG0002975	MEW5309992.1	MEW5303496.1
OG0002976	MEW5309995.1	MEW5303497.1
OG0002977	MEW5309996.1	MEW5303499.1
OG0002978	MEW5309997.1	MEW5303500.1
OG0002979	MEW5309998.1	MEW5303502.1
OG0002980	MEW5310002.1	MEW5303506.1
OG0002981	MEW5310004.1	MEW5303507.1
OG0002982	MEW5310006.1	MEW5303508.1
OG0002983	MEW5310007.1	MEW5303510.1
OG0002984	MEW5310008.1	MEW5303511.1
OG0002985	MEW5310011.1	MEW5303514.1
OG0002986	MEW5310012.1	MEW5303515.1
OG0002987	MEW5310013.1	MEW5303516.1
OG0002988	MEW5310014.1	MEW5303517.1
OG0002989	MEW5310015.1	MEW5303518.1
OG0002990	MEW5310020.1	MEW5303521.1
OG0002991	MEW5310021.1	MEW5303522.1
OG0002992	MEW5310022.1	MEW5303523.1
OG0002993	MEW5310023.1, MEW5310024.1	
OG0002994	MEW5310025.1, MEW5310026.1	
OG0002995	MEW5310030.1	MEW5303524.1
OG0002996	MEW5310031.1	MEW5303525.1
OG0002997	MEW5310032.1	MEW5303526.1
OG0002998	MEW5310033.1	MEW5303527.1
OG0002999	MEW5310034.1	MEW5303529.1
OG0003000	MEW5310035.1	MEW5303530.1
OG0003001	MEW5310036.1	MEW5303531.1
OG0003002	MEW5310037.1	MEW5303532.1
OG0003003	MEW5310038.1	MEW5303533.1
OG0003004	MEW5310039.1	MEW5303535.1
OG0003005	MEW5310040.1, MEW5310041.1	
OG0003006	MEW5310043.1	MEW5303538.1
OG0003007	MEW5310044.1	MEW5303540.1
OG0003008	MEW5310046.1	MEW5304624.1
OG0003009	MEW5310047.1	MEW5304623.1
OG0003010	MEW5310050.1	MEW5303543.1
OG0003011	MEW5310051.1	MEW5303544.1
OG0003012	MEW5310052.1	MEW5303545.1
OG0003013	MEW5310053.1	MEW5303546.1
OG0003014	MEW5310054.1	MEW5303547.1
OG0003015	MEW5310056.1	MEW5303549.1
OG0003016	MEW5310059.1	MEW5303552.1
OG0003017	MEW5310062.1	MEW5303555.1
OG0003018	MEW5310064.1	MEW5303558.1
OG0003019	MEW5310065.1	MEW5303559.1
OG0003020	MEW5310066.1	MEW5303560.1
OG0003021	MEW5310067.1	MEW5303561.1
OG0003022	MEW5310070.1	MEW5303563.1
OG0003023	MEW5310073.1	MEW5303567.1
OG0003024	MEW5310074.1	MEW5303568.1
OG0003025	MEW5310076.1	MEW5303569.1
OG0003026	MEW5310078.1	MEW5303570.1
OG0003027	MEW5310079.1	MEW5303571.1
OG0003028	MEW5310082.1	MEW5303572.1
OG0003029	MEW5310083.1	MEW5303573.1
OG0003030	MEW5310084.1	MEW5303574.1
OG0003031	MEW5310085.1, MEW5310086.1	
OG0003032	MEW5310087.1	MEW5305063.1
OG0003033	MEW5310088.1	MEW5305062.1
OG0003034	MEW5310089.1	MEW5305061.1
OG0003035	MEW5310090.1	MEW5305060.1
OG0003036	MEW5310091.1	MEW5305059.1
OG0003037	MEW5310094.1	MEW5305058.1
OG0003038	MEW5310096.1	MEW5305055.1
OG0003039	MEW5310097.1	MEW5305054.1
OG0003040	MEW5310099.1	MEW5305051.1
OG0003041	MEW5310100.1	MEW5305050.1
OG0003042	MEW5310106.1	MEW5305046.1
OG0003043	MEW5310107.1	MEW5305045.1
OG0003044	MEW5310108.1	MEW5305044.1
OG0003045	MEW5310110.1	MEW5305043.1
OG0003046	MEW5310112.1	MEW5305042.1
OG0003047	MEW5310114.1	MEW5305041.1
OG0003048	MEW5310115.1	MEW5305040.1
OG0003049	MEW5310118.1	MEW5305037.1
OG0003050	MEW5310119.1	MEW5305036.1
OG0003051	MEW5310120.1	MEW5305035.1
OG0003052	MEW5310121.1	MEW5305034.1
OG0003053	MEW5310122.1	MEW5305033.1
OG0003054	MEW5310126.1	MEW5305072.1
OG0003055	MEW5310127.1	MEW5305073.1
OG0003056	MEW5310130.1	MEW5305075.1
OG0003057	MEW5310131.1	MEW5305076.1
OG0003058	MEW5310132.1	MEW5305077.1
OG0003059	MEW5310134.1	MEW5305078.1
OG0003060	MEW5310135.1	MEW5305079.1
OG0003061	MEW5310137.1	MEW5305080.1
OG0003062	MEW5310139.1	MEW5305081.1
OG0003063	MEW5310140.1	MEW5305082.1
OG0003064	MEW5310144.1	MEW5305089.1
OG0003065	MEW5310145.1	MEW5305090.1
OG0003066	MEW5310149.1	MEW5305096.1
OG0003067	MEW5310150.1	MEW5305097.1
OG0003068	MEW5310151.1	MEW5305098.1
OG0003069	MEW5310153.1	MEW5305099.1
OG0003070	MEW5310154.1	MEW5305100.1
OG0003071	MEW5310155.1	MEW5305101.1
OG0003072	MEW5310156.1	MEW5305102.1
OG0003073	MEW5310157.1	MEW5305103.1
OG0003074	MEW5310160.1	MEW5305105.1
OG0003075	MEW5310171.1	MEW5305109.1
OG0003076	MEW5310172.1	MEW5305110.1
OG0003077	MEW5310174.1	MEW5305113.1
OG0003078	MEW5310175.1	MEW5305114.1
OG0003079	MEW5310177.1	MEW5305117.1
OG0003080	MEW5310179.1	MEW5305120.1
OG0003081	MEW5310180.1	MEW5305121.1
OG0003082	MEW5310181.1	MEW5305122.1
OG0003083	MEW5310182.1	MEW5305123.1
OG0003084	MEW5310189.1	MEW5305126.1
OG0003085	MEW5310191.1	MEW5305128.1
OG0003086	MEW5310199.1	MEW5305133.1
OG0003087	MEW5310200.1	MEW5305134.1
OG0003088	MEW5310201.1	MEW5305135.1
OG0003089	MEW5310207.1, MEW5310280.1	
OG0003090	MEW5310211.1	MEW5305137.1
OG0003091	MEW5310213.1	MEW5305140.1
OG0003092	MEW5310214.1	MEW5305141.1
OG0003093	MEW5310215.1	MEW5305142.1
OG0003094	MEW5310217.1	MEW5305144.1
OG0003095	MEW5310218.1	MEW5305145.1
OG0003096	MEW5310219.1	MEW5305146.1
OG0003097	MEW5310220.1	MEW5305147.1
OG0003098	MEW5310221.1	MEW5305149.1
OG0003099	MEW5310223.1	MEW5305150.1
OG0003100	MEW5310224.1	MEW5305151.1
OG0003101	MEW5310225.1	MEW5305154.1
OG0003102	MEW5310226.1	MEW5305155.1
OG0003103	MEW5310228.1	MEW5305156.1
OG0003104	MEW5310229.1	MEW5305157.1
OG0003105	MEW5310230.1	MEW5305158.1
OG0003106	MEW5310231.1	MEW5305159.1
OG0003107	MEW5310232.1	MEW5305160.1
OG0003108	MEW5310233.1	MEW5305161.1
OG0003109	MEW5310234.1	MEW5305162.1
OG0003110	MEW5310235.1	MEW5305163.1
OG0003111	MEW5310236.1	MEW5305164.1
OG0003112	MEW5310237.1	MEW5305165.1
OG0003113	MEW5310238.1	MEW5305166.1
OG0003114	MEW5310243.1	MEW5305168.1
OG0003115	MEW5310244.1	MEW5305169.1
OG0003116	MEW5310245.1	MEW5305171.1
OG0003117	MEW5310246.1	MEW5305172.1
OG0003118	MEW5310247.1	MEW5305173.1
OG0003119	MEW5310248.1	MEW5305174.1
OG0003120	MEW5310249.1	MEW5305175.1
OG0003121	MEW5310251.1	MEW5305176.1
OG0003122	MEW5310253.1	MEW5305177.1
OG0003123	MEW5310254.1	MEW5305178.1
OG0003124	MEW5310258.1	MEW5305179.1
OG0003125	MEW5310259.1	MEW5305180.1
OG0003126	MEW5310260.1	MEW5305181.1
OG0003127	MEW5310261.1	MEW5305182.1
OG0003128	MEW5310267.1	MEW5305187.1
OG0003129	MEW5310268.1	MEW5305188.1
OG0003130	MEW5310270.1	MEW5305189.1
OG0003131	MEW5310271.1	MEW5305190.1
OG0003132	MEW5310273.1	MEW5305191.1
OG0003133	MEW5310278.1	MEW5305197.1
OG0003134	MEW5310279.1	MEW5305199.1
OG0003135	MEW5310281.1	MEW5305200.1
OG0003136	MEW5310282.1	MEW5305201.1
OG0003137	MEW5310283.1	MEW5305202.1
OG0003138	MEW5310284.1	MEW5305203.1
OG0003139	MEW5310285.1	MEW5305204.1
OG0003140	MEW5310289.1	MEW5307037.1
OG0003141	MEW5310290.1	MEW5307038.1
OG0003142	MEW5310291.1	MEW5307039.1
OG0003143	MEW5310292.1	MEW5307040.1
OG0003144	MEW5310294.1	MEW5307041.1
OG0003145	MEW5310297.1	MEW5307042.1
OG0003146	MEW5310298.1	MEW5307043.1
OG0003147	MEW5310300.1	MEW5307044.1
OG0003148	MEW5310302.1	MEW5307046.1
OG0003149	MEW5310304.1	MEW5307049.1
OG0003150	MEW5310307.1	MEW5307051.1
OG0003151	MEW5310308.1	MEW5307052.1
OG0003152	MEW5310310.1	MEW5307055.1
OG0003153	MEW5310311.1	MEW5307056.1
OG0003154	MEW5310312.1	MEW5307057.1
OG0003155	MEW5310313.1	MEW5307059.1
OG0003156	MEW5310314.1	MEW5307060.1
OG0003157	MEW5310316.1	MEW5307061.1
OG0003158	MEW5310318.1	MEW5296906.1
OG0003159	MEW5310319.1	MEW5307062.1
OG0003160	MEW5310321.1	MEW5307063.1
OG0003161	MEW5310324.1	MEW5307067.1
OG0003162	MEW5310326.1	MEW5307071.1
OG0003163	MEW5310329.1	MEW5307072.1
OG0003164	MEW5310330.1	MEW5307073.1
OG0003165	MEW5310331.1	MEW5307074.1
OG0003166	MEW5310332.1, MEW5310333.1	
OG0003167	MEW5310335.1	MEW5307075.1
OG0003168	MEW5310336.1	MEW5307076.1
OG0003169	MEW5310337.1, MEW5310338.1	
OG0003170	MEW5310339.1	MEW5307079.1
OG0003171	MEW5310340.1	MEW5307080.1
OG0003172	MEW5310342.1	MEW5307082.1
OG0003173	MEW5310346.1	MEW5307084.1
OG0003174	MEW5310349.1	MEW5307087.1
OG0003175	MEW5310350.1	MEW5307088.1
OG0003176	MEW5310351.1	MEW5307089.1
OG0003177	MEW5310355.1	MEW5307091.1
OG0003178	MEW5310356.1	MEW5307092.1
OG0003179	MEW5310357.1	MEW5307093.1
OG0003180	MEW5310361.1	MEW5307097.1
OG0003181	MEW5310363.1	MEW5307098.1
OG0003182	MEW5310367.1	MEW5307101.1
OG0003183	MEW5310369.1	MEW5307102.1
OG0003184	MEW5310370.1	MEW5307103.1
OG0003185	MEW5310372.1	MEW5307104.1
OG0003186	MEW5310373.1	MEW5307105.1
OG0003187	MEW5310377.1	MEW5307109.1
OG0003188	MEW5310379.1	MEW5307110.1
OG0003189	MEW5310380.1	MEW5307112.1
OG0003190	MEW5310384.1	MEW5307114.1
OG0003191	MEW5310385.1	MEW5307115.1
OG0003192	MEW5310388.1	MEW5307118.1
OG0003193	MEW5310390.1	MEW5307120.1
OG0003194	MEW5310391.1	MEW5307121.1
OG0003195	MEW5310392.1	MEW5307122.1
OG0003196	MEW5310396.1	MEW5307124.1
OG0003197	MEW5310397.1	MEW5307125.1
OG0003198	MEW5310398.1	MEW5296853.1
OG0003199	MEW5310399.1	MEW5307128.1
OG0003200	MEW5310408.1	MEW5307137.1
OG0003201	MEW5310411.1	MEW5307139.1
OG0003202	MEW5310413.1	MEW5307143.1
OG0003203	MEW5310414.1	MEW5307144.1
OG0003204	MEW5310417.1	MEW5307146.1
OG0003205	MEW5310419.1	MEW5307147.1
OG0003206	MEW5310420.1	MEW5307148.1
OG0003207	MEW5310421.1	MEW5307149.1
OG0003208	MEW5310422.1	MEW5307150.1
OG0003209	MEW5310423.1	MEW5307151.1
OG0003210	MEW5310424.1	MEW5307152.1
OG0003211	MEW5310426.1	MEW5307154.1
OG0003212	MEW5310427.1	MEW5307156.1
OG0003213	MEW5310428.1	MEW5307157.1
OG0003214	MEW5310429.1	MEW5307158.1
OG0003215	MEW5310430.1	MEW5307161.1
OG0003216	MEW5310432.1	MEW5307163.1
OG0003217	MEW5310433.1	MEW5307164.1
OG0003218	MEW5310435.1	MEW5307165.1
OG0003219	MEW5310436.1	MEW5307166.1
OG0003220	MEW5310437.1	MEW5307167.1
OG0003221	MEW5310438.1, MEW5310439.1	
OG0003222	MEW5310440.1	MEW5307168.1
OG0003223	MEW5310441.1	MEW5302607.1
OG0003224	MEW5310442.1	MEW5302606.1
OG0003225	MEW5310443.1	MEW5302605.1
OG0003226	MEW5310447.1	MEW5302604.1
OG0003227	MEW5310448.1	MEW5302603.1
OG0003228	MEW5310451.1	MEW5302600.1
OG0003229	MEW5310452.1	MEW5302599.1
OG0003230	MEW5310453.1	MEW5302598.1
OG0003231	MEW5310454.1, MEW5310455.1	
OG0003232	MEW5310456.1	MEW5302596.1
OG0003233	MEW5310457.1	MEW5302595.1
OG0003234	MEW5310458.1	MEW5302594.1
OG0003235	MEW5310459.1	MEW5302593.1
OG0003236	MEW5310461.1	MEW5302592.1
OG0003237	MEW5310462.1	MEW5302591.1
OG0003238	MEW5310463.1	MEW5302590.1
OG0003239	MEW5310464.1	MEW5302589.1
OG0003240	MEW5310465.1	MEW5302588.1
OG0003241	MEW5310466.1	MEW5302587.1
OG0003242	MEW5310468.1	MEW5302585.1
OG0003243	MEW5310470.1	MEW5302584.1
OG0003244	MEW5310471.1	MEW5302582.1
OG0003245	MEW5310472.1	MEW5302581.1
OG0003246	MEW5310473.1	MEW5302580.1
OG0003247	MEW5310479.1	MEW5302578.1
OG0003248	MEW5310480.1	MEW5302577.1
OG0003249	MEW5310481.1	MEW5302576.1
OG0003250	MEW5310485.1	MEW5302573.1
OG0003251	MEW5310486.1	MEW5302572.1
OG0003252	MEW5310489.1	MEW5302570.1
OG0003253	MEW5310491.1	MEW5302569.1
OG0003254	MEW5310492.1	MEW5302568.1
OG0003255	MEW5310493.1	MEW5302567.1
OG0003256	MEW5310495.1	MEW5302564.1
OG0003257	MEW5310496.1	MEW5302563.1
OG0003258	MEW5310499.1	MEW5302560.1
OG0003259	MEW5310503.1	MEW5302558.1
OG0003260	MEW5310508.1	MEW5302551.1
OG0003261	MEW5310509.1	MEW5302552.1
OG0003262	MEW5310510.1	MEW5302550.1
OG0003263	MEW5310511.1	MEW5302547.1
OG0003264	MEW5310512.1	MEW5302546.1
OG0003265	MEW5310513.1	MEW5302545.1
OG0003266	MEW5310514.1	MEW5302544.1
OG0003267	MEW5310515.1	MEW5302543.1
OG0003268	MEW5310520.1	MEW5302538.1
OG0003269	MEW5310521.1	MEW5302537.1
OG0003270	MEW5310522.1	MEW5302535.1
OG0003271	MEW5310523.1	MEW5302534.1
OG0003272	MEW5310525.1	MEW5302530.1
OG0003273	MEW5310526.1	MEW5302529.1
OG0003274	MEW5310528.1	MEW5302526.1
OG0003275	MEW5310529.1	MEW5302525.1
OG0003276	MEW5310530.1	MEW5302524.1
OG0003277	MEW5310532.1	MEW5302522.1
OG0003278	MEW5310533.1	MEW5302521.1
OG0003279	MEW5310534.1	MEW5302520.1
OG0003280	MEW5310535.1	MEW5302519.1
OG0003281	MEW5310537.1	MEW5302518.1
OG0003282	MEW5310541.1	MEW5302513.1
OG0003283	MEW5310542.1	MEW5302512.1
OG0003284	MEW5310543.1	MEW5302511.1
OG0003285	MEW5310550.1	MEW5302505.1
OG0003286	MEW5310551.1	MEW5302504.1
OG0003287	MEW5310552.1	MEW5302503.1
OG0003288	MEW5310553.1	MEW5302502.1
OG0003289	MEW5310554.1	MEW5302501.1
OG0003290	MEW5310555.1	MEW5302500.1
OG0003291	MEW5310559.1	MEW5302498.1
OG0003292	MEW5310560.1	MEW5302497.1
OG0003293	MEW5310564.1	MEW5302493.1
OG0003294	MEW5310566.1	MEW5302492.1
OG0003295	MEW5310567.1	MEW5302491.1
OG0003296	MEW5310569.1	MEW5302488.1
OG0003297	MEW5310570.1	MEW5302487.1
OG0003298	MEW5310571.1	MEW5302486.1
OG0003299	MEW5310572.1	MEW5302485.1
OG0003300	MEW5310573.1	MEW5302484.1
OG0003301	MEW5310574.1	MEW5302483.1
OG0003302	MEW5310575.1	MEW5302482.1
OG0003303	MEW5310576.1	MEW5302481.1
OG0003304	MEW5310578.1	MEW5302479.1
OG0003305	MEW5310580.1	MEW5302477.1
OG0003306	MEW5310581.1	MEW5302476.1
OG0003307	MEW5310582.1	MEW5302475.1
OG0003308	MEW5310583.1	MEW5302474.1
OG0003309	MEW5310584.1	MEW5302473.1
OG0003310	MEW5310586.1	MEW5302472.1
OG0003311	MEW5310588.1	MEW5302470.1
OG0003312	MEW5310594.1	MEW5302464.1
OG0003313	MEW5310596.1	MEW5302461.1
OG0003314	MEW5310599.1	MEW5302459.1
OG0003315	MEW5310602.1	MEW5302458.1
OG0003316	MEW5310603.1	MEW5302457.1
OG0003317	MEW5310613.1	MEW5302448.1
OG0003318	MEW5310614.1	MEW5302447.1
OG0003319	MEW5310617.1	MEW5302445.1
OG0003320	MEW5310618.1	MEW5302444.1
OG0003321	MEW5310619.1	MEW5302443.1
OG0003322	MEW5310622.1	MEW5302440.1
OG0003323	MEW5310623.1	MEW5302439.1
OG0003324	MEW5310624.1	MEW5302438.1
OG0003325	MEW5310625.1	MEW5302437.1
OG0003326	MEW5310627.1	MEW5302436.1
OG0003327	MEW5310630.1	MEW5302435.1
OG0003328	MEW5310631.1	MEW5302434.1
OG0003329	MEW5310632.1	MEW5302433.1
OG0003330	MEW5310634.1	MEW5302432.1
OG0003331	MEW5310635.1	MEW5302430.1
OG0003332	MEW5310637.1	MEW5302429.1
OG0003333	MEW5310639.1	MEW5302428.1
OG0003334	MEW5310641.1	MEW5302427.1
OG0003335	MEW5310643.1	MEW5302426.1
OG0003336	MEW5310649.1	MEW5302420.1
OG0003337	MEW5310650.1	MEW5302419.1
OG0003338	MEW5310651.1	MEW5302418.1
OG0003339	MEW5310652.1, MEW5310654.1	
OG0003340	MEW5310655.1	MEW5302415.1
OG0003341	MEW5310659.1	MEW5302413.1
OG0003342	MEW5310660.1	MEW5302412.1
OG0003343	MEW5310663.1	MEW5302408.1
OG0003344	MEW5310664.1	MEW5302407.1
OG0003345	MEW5310665.1	MEW5302406.1
OG0003346	MEW5310667.1	MEW5302403.1
OG0003347	MEW5310669.1	MEW5302400.1
OG0003348	MEW5310670.1	MEW5302398.1
OG0003349	MEW5310673.1	MEW5302396.1
OG0003350	MEW5310674.1	MEW5302395.1
OG0003351	MEW5310676.1	MEW5302394.1
OG0003352	MEW5310680.1	MEW5302391.1
OG0003353	MEW5310682.1	MEW5302390.1
OG0003354	MEW5310684.1	MEW5302389.1
OG0003355	MEW5310685.1	MEW5302388.1
OG0003356	MEW5310688.1	MEW5302386.1
OG0003357	MEW5310689.1	MEW5302385.1
OG0003358	MEW5310691.1	MEW5302382.1
OG0003359	MEW5310692.1	MEW5302381.1
OG0003360	MEW5310693.1	MEW5302380.1
OG0003361	MEW5310694.1	MEW5302379.1
OG0003362	MEW5310695.1	MEW5302378.1
OG0003363	MEW5310696.1	MEW5302377.1
OG0003364	MEW5310697.1	MEW5302376.1
OG0003365	MEW5310698.1	MEW5302375.1
OG0003366	MEW5310699.1	MEW5302374.1
OG0003367	MEW5310700.1	MEW5302373.1
OG0003368	MEW5310701.1	MEW5302372.1
OG0003369	MEW5310702.1	MEW5302371.1
OG0003370	MEW5310704.1	MEW5302368.1
OG0003371	MEW5310705.1	MEW5302367.1
OG0003372	MEW5310706.1	MEW5302365.1
OG0003373	MEW5310710.1	MEW5302359.1
OG0003374	MEW5310712.1	MEW5307275.1
OG0003375	MEW5310713.1	MEW5307274.1
OG0003376	MEW5310715.1	MEW5307272.1
OG0003377	MEW5310716.1	MEW5307271.1
OG0003378	MEW5310717.1	MEW5307270.1
OG0003379	MEW5310718.1	MEW5307269.1
OG0003380	MEW5310719.1	MEW5307268.1
OG0003381	MEW5310720.1	MEW5307267.1
OG0003382	MEW5310723.1	MEW5307265.1
OG0003383	MEW5310726.1	MEW5307262.1
OG0003384	MEW5310727.1	MEW5307261.1
OG0003385	MEW5310728.1	MEW5307260.1
OG0003386	MEW5310729.1	MEW5307259.1
OG0003387	MEW5310730.1	MEW5307257.1
OG0003388	MEW5310733.1	MEW5307256.1
OG0003389	MEW5310734.1	MEW5307255.1
OG0003390	MEW5310735.1	MEW5307253.1
OG0003391	MEW5310736.1	MEW5307252.1
OG0003392	MEW5310737.1	MEW5307251.1
OG0003393	MEW5310739.1	MEW5307250.1
OG0003394	MEW5310742.1	MEW5305567.1
OG0003395	MEW5310743.1	MEW5307248.1
OG0003396	MEW5310744.1	MEW5307247.1
OG0003397	MEW5310747.1	MEW5307245.1
OG0003398	MEW5310748.1	MEW5307244.1
OG0003399	MEW5310749.1	MEW5307243.1
OG0003400	MEW5310752.1	MEW5307242.1
OG0003401	MEW5310753.1	MEW5307241.1
OG0003402	MEW5310754.1	MEW5307239.1
OG0003403	MEW5310755.1	MEW5307238.1
OG0003404	MEW5310756.1, MEW5310757.1	
OG0003405	MEW5310758.1	MEW5307237.1
OG0003406	MEW5310760.1	MEW5307236.1
OG0003407	MEW5310761.1	MEW5307235.1
OG0003408	MEW5310762.1	MEW5307234.1
OG0003409	MEW5310766.1	MEW5307230.1
OG0003410	MEW5310767.1	MEW5307229.1
OG0003411	MEW5310769.1	MEW5307228.1
OG0003412	MEW5310770.1	MEW5307227.1
OG0003413	MEW5310771.1	MEW5307226.1
OG0003414	MEW5310772.1	MEW5307225.1
OG0003415	MEW5310774.1	MEW5307222.1
OG0003416	MEW5310777.1	MEW5307221.1
OG0003417	MEW5310782.1	MEW5307214.1
OG0003418	MEW5310786.1	MEW5307211.1
OG0003419	MEW5310787.1	MEW5307210.1
OG0003420	MEW5310789.1	MEW5307209.1
OG0003421	MEW5310790.1	MEW5307207.1
OG0003422	MEW5310791.1	MEW5307206.1
OG0003423	MEW5310792.1	MEW5307205.1
OG0003424	MEW5310793.1	MEW5307204.1
OG0003425	MEW5310794.1	MEW5307203.1
OG0003426	MEW5310795.1	MEW5307202.1
OG0003427	MEW5310796.1	MEW5307201.1
OG0003428	MEW5310802.1	MEW5305422.1
OG0003429	MEW5310803.1	MEW5305421.1
OG0003430	MEW5310804.1	MEW5307198.1
OG0003431	MEW5310806.1	MEW5307197.1
OG0003432	MEW5310807.1	MEW5307196.1
OG0003433	MEW5310808.1	MEW5307195.1
OG0003434	MEW5310809.1	MEW5307194.1
OG0003435	MEW5310810.1	MEW5307193.1
OG0003436	MEW5310811.1	MEW5307192.1
OG0003437	MEW5310814.1	MEW5307191.1
OG0003438	MEW5310816.1	MEW5307190.1
OG0003439	MEW5310817.1	MEW5307189.1
OG0003440	MEW5310818.1	MEW5307188.1
OG0003441	MEW5310819.1	MEW5307187.1
OG0003442	MEW5310820.1	MEW5307186.1
OG0003443	MEW5310823.1	MEW5302101.1
OG0003444	MEW5310826.1, MEW5316163.1	
OG0003445	MEW5310828.1	MEW5307184.1
OG0003446	MEW5310829.1	MEW5307183.1
OG0003447	MEW5310830.1	MEW5307182.1
OG0003448	MEW5310831.1	MEW5307181.1
OG0003449	MEW5310833.1	MEW5307180.1
OG0003450	MEW5310837.1	MEW5307175.1
OG0003451	MEW5310838.1	MEW5307174.1
OG0003452	MEW5310840.1	MEW5307173.1
OG0003453	MEW5310841.1	MEW5307172.1
OG0003454	MEW5310844.1	MEW5301598.1
OG0003455	MEW5310845.1	MEW5301599.1
OG0003456	MEW5310846.1	MEW5301602.1
OG0003457	MEW5310849.1	MEW5301605.1
OG0003458	MEW5310853.1	MEW5301611.1
OG0003459	MEW5310854.1	MEW5301612.1
OG0003460	MEW5310855.1	MEW5301613.1
OG0003461	MEW5310857.1	MEW5301614.1
OG0003462	MEW5310858.1, MEW5310859.1	
OG0003463	MEW5310860.1	MEW5301617.1
OG0003464	MEW5310861.1	MEW5301618.1
OG0003465	MEW5310862.1	MEW5301808.1
OG0003466	MEW5310864.1	MEW5301619.1
OG0003467	MEW5310867.1	MEW5301620.1
OG0003468	MEW5310874.1	MEW5301622.1
OG0003469	MEW5310875.1	MEW5301623.1
OG0003470	MEW5310878.1	MEW5301625.1
OG0003471	MEW5310879.1	MEW5301627.1
OG0003472	MEW5310883.1	MEW5301629.1
OG0003473	MEW5310884.1	MEW5301630.1
OG0003474	MEW5310885.1	MEW5301631.1
OG0003475	MEW5310886.1	MEW5301632.1
OG0003476	MEW5310887.1	MEW5301633.1
OG0003477	MEW5310889.1	MEW5301634.1
OG0003478	MEW5310890.1	MEW5301635.1
OG0003479	MEW5310892.1	MEW5301639.1
OG0003480	MEW5310893.1	MEW5301640.1
OG0003481	MEW5310897.1	MEW5301642.1
OG0003482	MEW5310898.1	MEW5301643.1
OG0003483	MEW5310901.1	MEW5301645.1
OG0003484	MEW5310902.1	MEW5301646.1
OG0003485	MEW5310903.1	MEW5301648.1
OG0003486	MEW5310904.1	MEW5301649.1
OG0003487	MEW5310905.1	MEW5301650.1
OG0003488	MEW5310906.1	MEW5301651.1
OG0003489	MEW5310908.1	MEW5301652.1
OG0003490	MEW5310909.1	MEW5301653.1
OG0003491	MEW5310910.1	MEW5301654.1
OG0003492	MEW5310911.1	MEW5301655.1
OG0003493	MEW5310915.1	MEW5301658.1
OG0003494	MEW5310917.1	MEW5301659.1
OG0003495	MEW5310920.1	MEW5301660.1
OG0003496	MEW5310922.1	MEW5301661.1
OG0003497	MEW5310925.1	MEW5301663.1
OG0003498	MEW5310926.1	MEW5301664.1
OG0003499	MEW5310927.1	MEW5301665.1
OG0003500	MEW5310928.1, MEW5312690.1	
OG0003501	MEW5310931.1	MEW5301668.1
OG0003502	MEW5310933.1	MEW5301669.1
OG0003503	MEW5310934.1	MEW5301670.1
OG0003504	MEW5310935.1	MEW5301671.1
OG0003505	MEW5310936.1	MEW5301672.1
OG0003506	MEW5310940.1	MEW5301674.1
OG0003507	MEW5310941.1	MEW5301675.1
OG0003508	MEW5310942.1	MEW5301676.1
OG0003509	MEW5310943.1	MEW5301677.1
OG0003510	MEW5310946.1	MEW5301678.1
OG0003511	MEW5310947.1	MEW5301679.1
OG0003512	MEW5310949.1	MEW5301680.1
OG0003513	MEW5310951.1	MEW5301684.1
OG0003514	MEW5310953.1	MEW5301685.1
OG0003515	MEW5310955.1	MEW5302240.1
OG0003516	MEW5310956.1	MEW5301687.1
OG0003517	MEW5310957.1	MEW5301688.1
OG0003518	MEW5310958.1	MEW5301689.1
OG0003519	MEW5310959.1	MEW5301690.1
OG0003520	MEW5310960.1	MEW5299888.1
OG0003521	MEW5310963.1	MEW5299891.1
OG0003522	MEW5310969.1	MEW5299895.1
OG0003523	MEW5310970.1	MEW5299896.1
OG0003524	MEW5310971.1	MEW5299897.1
OG0003525	MEW5310973.1	MEW5299901.1
OG0003526	MEW5310974.1	MEW5299902.1
OG0003527	MEW5310975.1	MEW5299903.1
OG0003528	MEW5310977.1	MEW5299904.1
OG0003529	MEW5310978.1	MEW5299905.1
OG0003530	MEW5310979.1	MEW5299906.1
OG0003531	MEW5310980.1	MEW5299907.1
OG0003532	MEW5310981.1	MEW5299908.1
OG0003533	MEW5310982.1	MEW5299910.1
OG0003534	MEW5310983.1	MEW5299912.1
OG0003535	MEW5310985.1	MEW5299914.1
OG0003536	MEW5310987.1	MEW5299916.1
OG0003537	MEW5310988.1	MEW5299917.1
OG0003538	MEW5310989.1	MEW5299918.1
OG0003539	MEW5310990.1	MEW5299920.1
OG0003540	MEW5310991.1, MEW5313792.1	
OG0003541	MEW5310993.1	MEW5299921.1
OG0003542	MEW5310994.1	MEW5299923.1
OG0003543	MEW5310995.1	MEW5299924.1
OG0003544	MEW5310996.1	MEW5299925.1
OG0003545	MEW5310998.1	MEW5299926.1
OG0003546	MEW5310999.1	MEW5299927.1
OG0003547	MEW5311004.1	MEW5299931.1
OG0003548	MEW5311005.1	MEW5299932.1
OG0003549	MEW5311006.1	MEW5299933.1
OG0003550	MEW5311008.1	MEW5299934.1
OG0003551	MEW5311009.1	MEW5299935.1
OG0003552	MEW5311010.1	MEW5299936.1
OG0003553	MEW5311011.1	MEW5299937.1
OG0003554	MEW5311012.1	MEW5299939.1
OG0003555	MEW5311015.1	MEW5299940.1
OG0003556	MEW5311016.1	MEW5299942.1
OG0003557	MEW5311017.1	MEW5299943.1
OG0003558	MEW5311018.1	MEW5299944.1
OG0003559	MEW5311021.1	MEW5299946.1
OG0003560	MEW5311024.1	MEW5299950.1
OG0003561	MEW5311025.1	MEW5299951.1
OG0003562	MEW5311027.1	MEW5299952.1
OG0003563	MEW5311028.1	MEW5299953.1
OG0003564	MEW5311029.1	MEW5299954.1
OG0003565	MEW5311032.1	MEW5299956.1
OG0003566	MEW5311034.1, MEW5311035.1	
OG0003567	MEW5311036.1	MEW5299957.1
OG0003568	MEW5311038.1	MEW5299958.1
OG0003569	MEW5311039.1	MEW5299959.1
OG0003570	MEW5311045.1	MEW5299961.1
OG0003571	MEW5311047.1	MEW5299962.1
OG0003572	MEW5311048.1	MEW5299963.1
OG0003573	MEW5311049.1	MEW5299964.1
OG0003574	MEW5311051.1	MEW5299967.1
OG0003575	MEW5311054.1	MEW5299969.1
OG0003576	MEW5311055.1	MEW5299970.1
OG0003577	MEW5311056.1	MEW5299971.1
OG0003578	MEW5311057.1	MEW5299972.1
OG0003579	MEW5311060.1	MEW5299975.1
OG0003580	MEW5311063.1	MEW5299977.1
OG0003581	MEW5311067.1	MEW5299982.1
OG0003582	MEW5311071.1	MEW5299985.1
OG0003583	MEW5311072.1	MEW5299987.1
OG0003584	MEW5311078.1	MEW5299997.1
OG0003585	MEW5311081.1	MEW5299998.1
OG0003586	MEW5311083.1	MEW5299999.1
OG0003587	MEW5311085.1	MEW5300001.1
OG0003588	MEW5311087.1	MEW5300002.1
OG0003589	MEW5311088.1	MEW5300003.1
OG0003590	MEW5311091.1	MEW5300004.1
OG0003591	MEW5311092.1	MEW5300005.1
OG0003592	MEW5311093.1	MEW5300006.1
OG0003593	MEW5311094.1	MEW5300007.1
OG0003594	MEW5311095.1	MEW5300008.1
OG0003595	MEW5311096.1	MEW5300009.1
OG0003596	MEW5311098.1	MEW5300012.1
OG0003597	MEW5311099.1	MEW5300013.1
OG0003598	MEW5311103.1	MEW5300017.1
OG0003599	MEW5311104.1	MEW5300018.1
OG0003600	MEW5311105.1	MEW5300019.1
OG0003601	MEW5311106.1	MEW5300020.1
OG0003602	MEW5311107.1, MEW5311108.1	
OG0003603	MEW5311109.1	MEW5300021.1
OG0003604	MEW5311110.1	MEW5300022.1
OG0003605	MEW5311111.1	MEW5300023.1
OG0003606	MEW5311112.1	MEW5300024.1
OG0003607	MEW5311113.1	MEW5300025.1
OG0003608	MEW5311115.1	MEW5300027.1
OG0003609	MEW5311118.1	MEW5300030.1
OG0003610	MEW5311123.1	MEW5300036.1
OG0003611	MEW5311125.1	MEW5300039.1
OG0003612	MEW5311126.1	MEW5300040.1
OG0003613	MEW5311127.1	MEW5300041.1
OG0003614	MEW5311128.1	MEW5300042.1
OG0003615	MEW5311129.1	MEW5300043.1
OG0003616	MEW5311130.1	MEW5300045.1
OG0003617	MEW5311131.1	MEW5300046.1
OG0003618	MEW5311133.1	MEW5300047.1
OG0003619	MEW5311134.1	MEW5300048.1
OG0003620	MEW5311135.1	MEW5300049.1
OG0003621	MEW5311136.1	MEW5306806.1
OG0003622	MEW5311137.1	MEW5306807.1
OG0003623	MEW5311140.1	MEW5300050.1
OG0003624	MEW5311142.1	MEW5300051.1
OG0003625	MEW5311143.1	MEW5300052.1
OG0003626	MEW5311144.1	MEW5300053.1
OG0003627	MEW5311149.1	MEW5300057.1
OG0003628	MEW5311154.1	MEW5300062.1
OG0003629	MEW5311155.1	MEW5300063.1
OG0003630	MEW5311161.1	MEW5302107.1
OG0003631	MEW5311162.1, MEW5320496.1	
OG0003632	MEW5311163.1	MEW5300065.1
OG0003633	MEW5311165.1	MEW5300067.1
OG0003634	MEW5311167.1	MEW5300068.1
OG0003635	MEW5311168.1	MEW5300069.1
OG0003636	MEW5311171.1	MEW5300072.1
OG0003637	MEW5311172.1	MEW5300073.1
OG0003638	MEW5311173.1	MEW5300074.1
OG0003639	MEW5311175.1	MEW5300075.1
OG0003640	MEW5311176.1	MEW5300076.1
OG0003641	MEW5311177.1	MEW5300077.1
OG0003642	MEW5311178.1	MEW5300078.1
OG0003643	MEW5311179.1	MEW5300079.1
OG0003644	MEW5311181.1	MEW5300080.1
OG0003645	MEW5311182.1	MEW5300081.1
OG0003646	MEW5311185.1	MEW5300084.1
OG0003647	MEW5311186.1	MEW5300085.1
OG0003648	MEW5311187.1	MEW5300086.1
OG0003649	MEW5311188.1	MEW5300087.1
OG0003650	MEW5311189.1	MEW5300088.1
OG0003651	MEW5311190.1	MEW5300089.1
OG0003652	MEW5311192.1	MEW5300091.1
OG0003653	MEW5311193.1	MEW5300092.1
OG0003654	MEW5311195.1	MEW5300095.1
OG0003655	MEW5311196.1	MEW5300096.1
OG0003656	MEW5311197.1	MEW5300097.1
OG0003657	MEW5311198.1	MEW5300101.1
OG0003658	MEW5311199.1	MEW5300102.1
OG0003659	MEW5311200.1	MEW5300103.1
OG0003660	MEW5311201.1	MEW5300104.1
OG0003661	MEW5311209.1	MEW5300108.1
OG0003662	MEW5311210.1	MEW5300109.1
OG0003663	MEW5311213.1	MEW5300110.1
OG0003664	MEW5311214.1	MEW5300111.1
OG0003665	MEW5311215.1	MEW5300112.1
OG0003666	MEW5311216.1	MEW5300113.1
OG0003667	MEW5311217.1	MEW5300114.1
OG0003668	MEW5311218.1	MEW5300115.1
OG0003669	MEW5311221.1	MEW5300117.1
OG0003670	MEW5311224.1	MEW5300119.1
OG0003671	MEW5311225.1	MEW5300120.1
OG0003672	MEW5311228.1	MEW5300123.1
OG0003673	MEW5311229.1	MEW5300124.1
OG0003674	MEW5311230.1	MEW5300125.1
OG0003675	MEW5311233.1	MEW5300129.1
OG0003676	MEW5311234.1	MEW5300130.1
OG0003677	MEW5311236.1	MEW5300131.1
OG0003678	MEW5311238.1	MEW5300135.1
OG0003679	MEW5311239.1	MEW5300136.1
OG0003680	MEW5311240.1	MEW5300137.1
OG0003681	MEW5311242.1	MEW5300139.1
OG0003682	MEW5311245.1	MEW5300140.1
OG0003683	MEW5311247.1	MEW5300143.1
OG0003684	MEW5311249.1	MEW5300144.1
OG0003685	MEW5311250.1	MEW5300145.1
OG0003686	MEW5311251.1	MEW5300146.1
OG0003687	MEW5311255.1	MEW5300148.1
OG0003688	MEW5311259.1	MEW5300150.1
OG0003689	MEW5311263.1	MEW5300154.1
OG0003690	MEW5311265.1	MEW5300156.1
OG0003691	MEW5311266.1	MEW5300157.1
OG0003692	MEW5311267.1	MEW5300158.1
OG0003693	MEW5311268.1	MEW5300159.1
OG0003694	MEW5311272.1	MEW5300163.1
OG0003695	MEW5311273.1	MEW5300164.1
OG0003696	MEW5311274.1	MEW5300165.1
OG0003697	MEW5311276.1	MEW5300169.1
OG0003698	MEW5311277.1	MEW5300170.1
OG0003699	MEW5311278.1	MEW5300171.1
OG0003700	MEW5311280.1	MEW5300172.1
OG0003701	MEW5311281.1	MEW5300173.1
OG0003702	MEW5311284.1	MEW5300174.1
OG0003703	MEW5311285.1	MEW5300175.1
OG0003704	MEW5311286.1	MEW5300176.1
OG0003705	MEW5311288.1	MEW5302202.1
OG0003706	MEW5311289.1	MEW5300180.1
OG0003707	MEW5311290.1	MEW5300181.1
OG0003708	MEW5311292.1	MEW5300182.1
OG0003709	MEW5311294.1	MEW5300183.1
OG0003710	MEW5311295.1	MEW5300184.1
OG0003711	MEW5311298.1	MEW5300187.1
OG0003712	MEW5311299.1	MEW5300188.1
OG0003713	MEW5311301.1	MEW5300189.1
OG0003714	MEW5311302.1	MEW5300190.1
OG0003715	MEW5311308.1	MEW5300195.1
OG0003716	MEW5311310.1	MEW5300197.1
OG0003717	MEW5311312.1	MEW5300200.1
OG0003718	MEW5311313.1	MEW5300201.1
OG0003719	MEW5311315.1	MEW5300203.1
OG0003720	MEW5311316.1	MEW5300204.1
OG0003721	MEW5311317.1	MEW5300205.1
OG0003722	MEW5311318.1	MEW5300206.1
OG0003723	MEW5311319.1	MEW5300207.1
OG0003724	MEW5311320.1	MEW5300208.1
OG0003725	MEW5311321.1	MEW5300209.1
OG0003726	MEW5311322.1	MEW5300210.1
OG0003727	MEW5311323.1	MEW5300211.1
OG0003728	MEW5311324.1	MEW5300212.1
OG0003729	MEW5311325.1	MEW5300213.1
OG0003730	MEW5311326.1	MEW5300215.1
OG0003731	MEW5311327.1	MEW5300216.1
OG0003732	MEW5311328.1	MEW5300218.1
OG0003733	MEW5311329.1	MEW5300220.1
OG0003734	MEW5311330.1	MEW5300221.1
OG0003735	MEW5311331.1	MEW5300222.1
OG0003736	MEW5311333.1	MEW5300223.1
OG0003737	MEW5311334.1	MEW5300224.1
OG0003738	MEW5311341.1	MEW5300229.1
OG0003739	MEW5311344.1	MEW5300232.1
OG0003740	MEW5311346.1	MEW5300233.1
OG0003741	MEW5311347.1	MEW5300234.1
OG0003742	MEW5311348.1	MEW5300235.1
OG0003743	MEW5311349.1	MEW5300236.1
OG0003744	MEW5311350.1	MEW5300237.1
OG0003745	MEW5311351.1	MEW5300238.1
OG0003746	MEW5311352.1	MEW5300240.1
OG0003747	MEW5311353.1	MEW5300241.1
OG0003748	MEW5311355.1	MEW5300242.1
OG0003749	MEW5311356.1	MEW5300243.1
OG0003750	MEW5311357.1	MEW5300244.1
OG0003751	MEW5311358.1	MEW5300245.1
OG0003752	MEW5311359.1	MEW5300246.1
OG0003753	MEW5311360.1	MEW5300247.1
OG0003754	MEW5311361.1	MEW5300248.1
OG0003755	MEW5311362.1	MEW5300249.1
OG0003756	MEW5311363.1	MEW5300250.1
OG0003757	MEW5311364.1	MEW5300251.1
OG0003758	MEW5311365.1	MEW5300252.1
OG0003759	MEW5311366.1	MEW5300253.1
OG0003760	MEW5311367.1	MEW5300254.1
OG0003761	MEW5311369.1	MEW5300675.1
OG0003762	MEW5311370.1	MEW5300676.1
OG0003763	MEW5311371.1	MEW5300677.1
OG0003764	MEW5311373.1	MEW5300256.1
OG0003765	MEW5311374.1	MEW5300257.1
OG0003766	MEW5311375.1	MEW5300258.1
OG0003767	MEW5311377.1	MEW5300259.1
OG0003768	MEW5311379.1	MEW5300262.1
OG0003769	MEW5311380.1	MEW5300263.1
OG0003770	MEW5311381.1	MEW5300264.1
OG0003771	MEW5311382.1	MEW5300265.1
OG0003772	MEW5311383.1	MEW5300266.1
OG0003773	MEW5311384.1	MEW5300267.1
OG0003774	MEW5311385.1	MEW5300268.1
OG0003775	MEW5311387.1	MEW5300269.1
OG0003776	MEW5311388.1	MEW5300270.1
OG0003777	MEW5311389.1	MEW5300271.1
OG0003778	MEW5311390.1	MEW5300272.1
OG0003779	MEW5311391.1	MEW5300274.1
OG0003780	MEW5311398.1	MEW5299718.1
OG0003781	MEW5311399.1	MEW5299719.1
OG0003782	MEW5311401.1	MEW5299723.1
OG0003783	MEW5311403.1	MEW5299724.1
OG0003784	MEW5311405.1	MEW5299725.1
OG0003785	MEW5311406.1	MEW5299726.1
OG0003786	MEW5311407.1	MEW5299727.1
OG0003787	MEW5311410.1	MEW5299731.1
OG0003788	MEW5311411.1	MEW5299732.1
OG0003789	MEW5311422.1	MEW5299748.1
OG0003790	MEW5311423.1	MEW5299749.1
OG0003791	MEW5311424.1	MEW5299750.1
OG0003792	MEW5311425.1	MEW5299751.1
OG0003793	MEW5311426.1	MEW5299752.1
OG0003794	MEW5311427.1	MEW5299753.1
OG0003795	MEW5311434.1	MEW5299757.1
OG0003796	MEW5311435.1	MEW5299758.1
OG0003797	MEW5311436.1	MEW5299760.1
OG0003798	MEW5311437.1	MEW5299761.1
OG0003799	MEW5311438.1	MEW5299762.1
OG0003800	MEW5311439.1	MEW5299764.1
OG0003801	MEW5311442.1	MEW5304049.1
OG0003802	MEW5311443.1	MEW5304048.1
OG0003803	MEW5311444.1	MEW5304047.1
OG0003804	MEW5311446.1	MEW5304045.1
OG0003805	MEW5311447.1	MEW5304043.1
OG0003806	MEW5311448.1	MEW5304042.1
OG0003807	MEW5311449.1	MEW5304041.1
OG0003808	MEW5311450.1	MEW5304040.1
OG0003809	MEW5311451.1	MEW5304039.1
OG0003810	MEW5311452.1	MEW5304037.1
OG0003811	MEW5311458.1	MEW5304031.1
OG0003812	MEW5311459.1	MEW5304030.1
OG0003813	MEW5311461.1	MEW5304029.1
OG0003814	MEW5311462.1	MEW5304028.1
OG0003815	MEW5311463.1	MEW5304027.1
OG0003816	MEW5311467.1	MEW5304026.1
OG0003817	MEW5311469.1	MEW5304025.1
OG0003818	MEW5311470.1	MEW5304024.1
OG0003819	MEW5311474.1	MEW5304019.1
OG0003820	MEW5311477.1	MEW5304014.1
OG0003821	MEW5311482.1	MEW5304009.1
OG0003822	MEW5311483.1	MEW5304008.1
OG0003823	MEW5311485.1	MEW5304005.1
OG0003824	MEW5311487.1	MEW5304003.1
OG0003825	MEW5311488.1, MEW5311490.1	
OG0003826	MEW5311491.1	MEW5304002.1
OG0003827	MEW5311492.1	MEW5304001.1
OG0003828	MEW5311494.1	MEW5303999.1
OG0003829	MEW5311495.1	MEW5303998.1
OG0003830	MEW5311496.1	MEW5303997.1
OG0003831	MEW5311497.1	MEW5303996.1
OG0003832	MEW5311500.1	MEW5303993.1
OG0003833	MEW5311501.1	MEW5303991.1
OG0003834	MEW5311502.1	MEW5303990.1
OG0003835	MEW5311505.1	MEW5303988.1
OG0003836	MEW5311506.1	MEW5303987.1
OG0003837	MEW5311507.1	MEW5303986.1
OG0003838	MEW5311509.1	MEW5303985.1
OG0003839	MEW5311511.1	MEW5303983.1
OG0003840	MEW5311513.1	MEW5303982.1
OG0003841	MEW5311515.1	MEW5303980.1
OG0003842	MEW5311516.1	MEW5303979.1
OG0003843	MEW5311519.1	MEW5303976.1
OG0003844	MEW5311520.1	MEW5303975.1
OG0003845	MEW5311521.1	MEW5303974.1
OG0003846	MEW5311522.1	MEW5303973.1
OG0003847	MEW5311523.1	MEW5303972.1
OG0003848	MEW5311524.1	MEW5303971.1
OG0003849	MEW5311555.1	MEW5306107.1
OG0003850	MEW5311556.1	MEW5306108.1
OG0003851	MEW5311560.1	MEW5306111.1
OG0003852	MEW5311561.1	MEW5306112.1
OG0003853	MEW5311562.1	MEW5306114.1
OG0003854	MEW5311563.1	MEW5306115.1
OG0003855	MEW5311564.1	MEW5306116.1
OG0003856	MEW5311567.1	MEW5306119.1
OG0003857	MEW5311568.1	MEW5306120.1
OG0003858	MEW5311571.1	MEW5306124.1
OG0003859	MEW5311572.1	MEW5306125.1
OG0003860	MEW5311573.1	MEW5306127.1
OG0003861	MEW5311574.1	MEW5306126.1
OG0003862	MEW5311577.1	MEW5306129.1
OG0003863	MEW5311578.1	MEW5306130.1
OG0003864	MEW5311583.1	MEW5306134.1
OG0003865	MEW5311589.1	MEW5306136.1
OG0003866	MEW5311592.1	MEW5306138.1
OG0003867	MEW5311597.1	MEW5306141.1
OG0003868	MEW5311598.1	MEW5306142.1
OG0003869	MEW5311600.1	MEW5306143.1
OG0003870	MEW5311605.1	MEW5306148.1
OG0003871	MEW5311606.1	MEW5306149.1
OG0003872	MEW5311607.1	MEW5306150.1
OG0003873	MEW5311609.1	MEW5307028.1
OG0003874	MEW5311610.1	MEW5306151.1
OG0003875	MEW5311611.1, MEW5311612.1	
OG0003876	MEW5311614.1	MEW5306154.1
OG0003877	MEW5311616.1	MEW5300099.1
OG0003878	MEW5311617.1	MEW5300098.1
OG0003879	MEW5311618.1	MEW5306155.1
OG0003880	MEW5311619.1	MEW5306156.1
OG0003881	MEW5311620.1	MEW5306157.1
OG0003882	MEW5311621.1	MEW5306161.1
OG0003883	MEW5311622.1	MEW5306163.1
OG0003884	MEW5311623.1	MEW5306164.1
OG0003885	MEW5311625.1	MEW5306165.1
OG0003886	MEW5311626.1	MEW5306166.1
OG0003887	MEW5311628.1	MEW5299231.1
OG0003888	MEW5311629.1	MEW5299232.1
OG0003889	MEW5311630.1	MEW5299234.1
OG0003890	MEW5311631.1	MEW5299235.1
OG0003891	MEW5311632.1	MEW5299236.1
OG0003892	MEW5311636.1	MEW5299240.1
OG0003893	MEW5311638.1	MEW5299241.1
OG0003894	MEW5311639.1, MEW5311640.1	
OG0003895	MEW5311641.1	MEW5299242.1
OG0003896	MEW5311643.1	MEW5299244.1
OG0003897	MEW5311646.1	MEW5299247.1
OG0003898	MEW5311647.1	MEW5299248.1
OG0003899	MEW5311648.1	MEW5299249.1
OG0003900	MEW5311649.1	MEW5299250.1
OG0003901	MEW5311650.1	MEW5299251.1
OG0003902	MEW5311654.1	MEW5299253.1
OG0003903	MEW5311655.1	MEW5299254.1
OG0003904	MEW5311656.1	MEW5299255.1
OG0003905	MEW5311657.1	MEW5299256.1
OG0003906	MEW5311659.1	MEW5299257.1
OG0003907	MEW5311660.1	MEW5299258.1
OG0003908	MEW5311661.1	MEW5299261.1
OG0003909	MEW5311662.1	MEW5299262.1
OG0003910	MEW5311663.1	MEW5299263.1
OG0003911	MEW5311664.1	MEW5299264.1
OG0003912	MEW5311667.1	MEW5299265.1
OG0003913	MEW5311668.1	MEW5299266.1
OG0003914	MEW5311670.1	MEW5299270.1
OG0003915	MEW5311671.1	MEW5299271.1
OG0003916	MEW5311672.1	MEW5299272.1
OG0003917	MEW5311673.1	MEW5299273.1
OG0003918	MEW5311674.1	MEW5299274.1
OG0003919	MEW5311675.1	MEW5299275.1
OG0003920	MEW5311676.1	MEW5299276.1
OG0003921	MEW5311680.1	MEW5299279.1
OG0003922	MEW5311681.1	MEW5299280.1
OG0003923	MEW5311682.1	MEW5299281.1
OG0003924	MEW5311683.1	MEW5299282.1
OG0003925	MEW5311684.1	MEW5299286.1
OG0003926	MEW5311686.1	MEW5299288.1
OG0003927	MEW5311688.1	MEW5299291.1
OG0003928	MEW5311689.1	MEW5299292.1
OG0003929	MEW5311690.1	MEW5299293.1
OG0003930	MEW5311691.1	MEW5299294.1
OG0003931	MEW5311692.1	MEW5299295.1
OG0003932	MEW5311693.1	MEW5299296.1
OG0003933	MEW5311694.1	MEW5299297.1
OG0003934	MEW5311696.1	MEW5299300.1
OG0003935	MEW5311697.1	MEW5299301.1
OG0003936	MEW5311698.1	MEW5299302.1
OG0003937	MEW5311699.1	MEW5299303.1
OG0003938	MEW5311702.1	MEW5299308.1
OG0003939	MEW5311703.1	MEW5299309.1
OG0003940	MEW5311704.1	MEW5299310.1
OG0003941	MEW5311709.1	MEW5299314.1
OG0003942	MEW5311713.1	MEW5299316.1
OG0003943	MEW5311714.1	MEW5299317.1
OG0003944	MEW5311715.1, MEW5311716.1	
OG0003945	MEW5311717.1	MEW5299318.1
OG0003946	MEW5311720.1	MEW5299320.1
OG0003947	MEW5311723.1	MEW5304094.1
OG0003948	MEW5311724.1	MEW5304091.1
OG0003949	MEW5311725.1	MEW5304090.1
OG0003950	MEW5311726.1	MEW5304089.1
OG0003951	MEW5311727.1	MEW5304088.1
OG0003952	MEW5311729.1	MEW5304087.1
OG0003953	MEW5311730.1	MEW5304086.1
OG0003954	MEW5311732.1	MEW5304084.1
OG0003955	MEW5311733.1	MEW5304083.1
OG0003956	MEW5311736.1	MEW5304080.1
OG0003957	MEW5311737.1	MEW5304079.1
OG0003958	MEW5311738.1	MEW5304078.1
OG0003959	MEW5311739.1	MEW5304077.1
OG0003960	MEW5311740.1	MEW5304076.1
OG0003961	MEW5311741.1	MEW5304074.1
OG0003962	MEW5311742.1	MEW5304073.1
OG0003963	MEW5311743.1	MEW5304072.1
OG0003964	MEW5311747.1	MEW5304067.1
OG0003965	MEW5311748.1	MEW5304066.1
OG0003966	MEW5311749.1	MEW5304065.1
OG0003967	MEW5311753.1	MEW5304064.1
OG0003968	MEW5311754.1	MEW5304063.1
OG0003969	MEW5311756.1	MEW5304062.1
OG0003970	MEW5311757.1	MEW5304061.1
OG0003971	MEW5311758.1	MEW5304060.1
OG0003972	MEW5311761.1	MEW5304059.1
OG0003973	MEW5311764.1	MEW5304056.1
OG0003974	MEW5311765.1	MEW5304055.1
OG0003975	MEW5311766.1	MEW5304095.1
OG0003976	MEW5311767.1	MEW5304096.1
OG0003977	MEW5311768.1	MEW5304097.1
OG0003978	MEW5311769.1	MEW5304098.1
OG0003979	MEW5311770.1	MEW5304099.1
OG0003980	MEW5311771.1	MEW5304100.1
OG0003981	MEW5311774.1	MEW5304102.1
OG0003982	MEW5311776.1	MEW5304104.1
OG0003983	MEW5311778.1	MEW5304106.1
OG0003984	MEW5311779.1	MEW5304107.1
OG0003985	MEW5311780.1	MEW5304108.1
OG0003986	MEW5311781.1	MEW5304109.1
OG0003987	MEW5311783.1	MEW5304111.1
OG0003988	MEW5311785.1	MEW5304114.1
OG0003989	MEW5311786.1	MEW5304115.1
OG0003990	MEW5311788.1	MEW5304116.1
OG0003991	MEW5311789.1	MEW5304117.1
OG0003992	MEW5311790.1	MEW5304118.1
OG0003993	MEW5311793.1	MEW5304120.1
OG0003994	MEW5311794.1	MEW5304121.1
OG0003995	MEW5311795.1	MEW5304122.1
OG0003996	MEW5311799.1	MEW5304125.1
OG0003997	MEW5311802.1	MEW5300508.1
OG0003998	MEW5311805.1	MEW5304128.1
OG0003999	MEW5311806.1	MEW5304129.1
OG0004000	MEW5311808.1	MEW5304131.1
OG0004001	MEW5311809.1	MEW5304132.1
OG0004002	MEW5311810.1	MEW5304133.1
OG0004003	MEW5311811.1	MEW5304134.1
OG0004004	MEW5311812.1	MEW5304137.1
OG0004005	MEW5311814.1	MEW5304138.1
OG0004006	MEW5311816.1	MEW5304140.1
OG0004007	MEW5311817.1	MEW5304141.1
OG0004008	MEW5311818.1	MEW5304142.1
OG0004009	MEW5311819.1	MEW5304143.1
OG0004010	MEW5311820.1	MEW5304144.1
OG0004011	MEW5311821.1	MEW5304145.1
OG0004012	MEW5311822.1	MEW5304146.1
OG0004013	MEW5311824.1	MEW5304149.1
OG0004014	MEW5311825.1	MEW5304150.1
OG0004015	MEW5311833.1	MEW5304165.1
OG0004016	MEW5311834.1	MEW5304164.1
OG0004017	MEW5311835.1	MEW5304163.1
OG0004018	MEW5311836.1	MEW5304161.1
OG0004019	MEW5311837.1	MEW5304160.1
OG0004020	MEW5311840.1	MEW5304158.1
OG0004021	MEW5311841.1	MEW5304156.1
OG0004022	MEW5311842.1	MEW5304155.1
OG0004023	MEW5311846.1	MEW5304152.1
OG0004024	MEW5311847.1	MEW5304151.1
OG0004025	MEW5311848.1	MEW5304166.1
OG0004026	MEW5311849.1	MEW5304167.1
OG0004027	MEW5311850.1	MEW5304168.1
OG0004028	MEW5311853.1	MEW5304170.1
OG0004029	MEW5311854.1	MEW5304171.1
OG0004030	MEW5311855.1	MEW5304172.1
OG0004031	MEW5311856.1	MEW5304173.1
OG0004032	MEW5311857.1	MEW5304174.1
OG0004033	MEW5311862.1	MEW5304176.1
OG0004034	MEW5311863.1	MEW5304177.1
OG0004035	MEW5311872.1	MEW5304182.1
OG0004036	MEW5311875.1	MEW5304185.1
OG0004037	MEW5311876.1	MEW5304186.1
OG0004038	MEW5311877.1, MEW5311878.1	
OG0004039	MEW5311886.1	MEW5304193.1
OG0004040	MEW5311887.1	MEW5304194.1
OG0004041	MEW5311892.1	MEW5304199.1
OG0004042	MEW5311893.1	MEW5304200.1
OG0004043	MEW5311894.1	MEW5304201.1
OG0004044	MEW5311896.1	MEW5304206.1
OG0004045	MEW5311902.1	MEW5304210.1
OG0004046	MEW5311904.1	MEW5304211.1
OG0004047	MEW5311906.1	MEW5304212.1
OG0004048	MEW5311908.1	MEW5304218.1
OG0004049	MEW5311909.1, MEW5317659.1	
OG0004050	MEW5311911.1, MEW5317741.1	
OG0004051	MEW5311918.1	MEW5304224.1
OG0004052	MEW5311919.1	MEW5304225.1
OG0004053	MEW5311922.1	MEW5304227.1
OG0004054	MEW5311923.1	MEW5304228.1
OG0004055	MEW5311924.1	MEW5304229.1
OG0004056	MEW5311926.1	MEW5304230.1
OG0004057	MEW5311928.1	MEW5304231.1
OG0004058	MEW5311929.1	MEW5304232.1
OG0004059	MEW5311930.1	MEW5304235.1
OG0004060	MEW5311934.1	MEW5304237.1
OG0004061	MEW5311935.1	MEW5304238.1
OG0004062	MEW5311936.1	MEW5304240.1
OG0004063	MEW5311937.1	MEW5304241.1
OG0004064	MEW5311938.1	MEW5304242.1
OG0004065	MEW5311939.1	MEW5304243.1
OG0004066	MEW5311940.1	MEW5304244.1
OG0004067	MEW5311941.1	MEW5304245.1
OG0004068	MEW5311942.1	MEW5304246.1
OG0004069	MEW5311945.1	MEW5304247.1
OG0004070	MEW5311952.1	MEW5304251.1
OG0004071	MEW5311954.1	MEW5298088.1
OG0004072	MEW5311957.1	MEW5298085.1
OG0004073	MEW5311961.1	MEW5298083.1
OG0004074	MEW5311962.1	MEW5298082.1
OG0004075	MEW5311963.1	MEW5298081.1
OG0004076	MEW5311964.1	MEW5298080.1
OG0004077	MEW5311970.1	MEW5298077.1
OG0004078	MEW5311973.1	MEW5298074.1
OG0004079	MEW5311978.1	MEW5298068.1
OG0004080	MEW5311979.1	MEW5298067.1
OG0004081	MEW5311980.1	MEW5298066.1
OG0004082	MEW5311982.1	MEW5298064.1
OG0004083	MEW5311983.1	MEW5298063.1
OG0004084	MEW5311984.1	MEW5298062.1
OG0004085	MEW5311986.1	MEW5298059.1
OG0004086	MEW5311991.1	MEW5298055.1
OG0004087	MEW5311992.1	MEW5298054.1
OG0004088	MEW5311993.1	MEW5298053.1
OG0004089	MEW5311997.1	MEW5298050.1
OG0004090	MEW5311999.1	MEW5298049.1
OG0004091	MEW5312005.1	MEW5298044.1
OG0004092	MEW5312010.1	MEW5298037.1
OG0004093	MEW5312011.1	MEW5298036.1
OG0004094	MEW5312016.1	MEW5298033.1
OG0004095	MEW5312017.1	MEW5298032.1
OG0004096	MEW5312018.1	MEW5298031.1
OG0004097	MEW5312019.1	MEW5298030.1
OG0004098	MEW5312021.1	MEW5298026.1
OG0004099	MEW5312022.1	MEW5298022.1
OG0004100	MEW5312023.1	MEW5298021.1
OG0004101	MEW5312024.1	MEW5298020.1
OG0004102	MEW5312025.1	MEW5298019.1
OG0004103	MEW5312030.1	MEW5298015.1
OG0004104	MEW5312032.1	MEW5298013.1
OG0004105	MEW5312036.1	MEW5298010.1
OG0004106	MEW5312037.1	MEW5298009.1
OG0004107	MEW5312038.1	MEW5298008.1
OG0004108	MEW5312039.1	MEW5298007.1
OG0004109	MEW5312049.1	MEW5297999.1
OG0004110	MEW5312050.1	MEW5297992.1
OG0004111	MEW5312051.1	MEW5297990.1
OG0004112	MEW5312056.1	MEW5297986.1
OG0004113	MEW5312057.1	MEW5297985.1
OG0004114	MEW5312058.1	MEW5297984.1
OG0004115	MEW5312059.1	MEW5297983.1
OG0004116	MEW5312060.1	MEW5297982.1
OG0004117	MEW5312066.1	MEW5297978.1
OG0004118	MEW5312068.1	MEW5297976.1
OG0004119	MEW5312071.1	MEW5297973.1
OG0004120	MEW5312072.1	MEW5297972.1
OG0004121	MEW5312073.1	MEW5297971.1
OG0004122	MEW5312074.1	MEW5297970.1
OG0004123	MEW5312080.1	MEW5297969.1
OG0004124	MEW5312084.1	MEW5297963.1
OG0004125	MEW5312088.1	MEW5297960.1
OG0004126	MEW5312090.1	MEW5297957.1
OG0004127	MEW5312091.1	MEW5297956.1
OG0004128	MEW5312092.1	MEW5297955.1
OG0004129	MEW5312104.1	MEW5297952.1
OG0004130	MEW5312105.1	MEW5297951.1
OG0004131	MEW5312107.1	MEW5297948.1
OG0004132	MEW5312108.1	MEW5297947.1
OG0004133	MEW5312109.1	MEW5297946.1
OG0004134	MEW5312111.1	MEW5297943.1
OG0004135	MEW5312112.1	MEW5297942.1
OG0004136	MEW5312113.1	MEW5297941.1
OG0004137	MEW5312115.1	MEW5297940.1
OG0004138	MEW5312116.1	MEW5297939.1
OG0004139	MEW5312118.1	MEW5297936.1
OG0004140	MEW5312119.1	MEW5297935.1
OG0004141	MEW5312120.1	MEW5297934.1
OG0004142	MEW5312124.1	MEW5297931.1
OG0004143	MEW5312125.1	MEW5297930.1
OG0004144	MEW5312127.1	MEW5297928.1
OG0004145	MEW5312129.1	MEW5297925.1
OG0004146	MEW5312130.1	MEW5297924.1
OG0004147	MEW5312131.1	MEW5297922.1
OG0004148	MEW5312132.1	MEW5297921.1
OG0004149	MEW5312134.1	MEW5297920.1
OG0004150	MEW5312135.1	MEW5297919.1
OG0004151	MEW5312136.1	MEW5297918.1
OG0004152	MEW5312137.1	MEW5297917.1
OG0004153	MEW5312138.1	MEW5297916.1
OG0004154	MEW5312139.1	MEW5297915.1
OG0004155	MEW5312140.1	MEW5297914.1
OG0004156	MEW5312143.1	MEW5297911.1
OG0004157	MEW5312144.1	MEW5297910.1
OG0004158	MEW5312145.1	MEW5297909.1
OG0004159	MEW5312146.1	MEW5297908.1
OG0004160	MEW5312147.1	MEW5297907.1
OG0004161	MEW5312148.1	MEW5297906.1
OG0004162	MEW5312151.1	MEW5297904.1
OG0004163	MEW5312152.1	MEW5297903.1
OG0004164	MEW5312154.1	MEW5297902.1
OG0004165	MEW5312155.1	MEW5297901.1
OG0004166	MEW5312156.1	MEW5297900.1
OG0004167	MEW5312157.1	MEW5297899.1
OG0004168	MEW5312161.1	MEW5296815.1
OG0004169	MEW5312162.1	MEW5296816.1
OG0004170	MEW5312163.1	MEW5296818.1
OG0004171	MEW5312165.1	MEW5296819.1
OG0004172	MEW5312166.1	MEW5296820.1
OG0004173	MEW5312167.1	MEW5296821.1
OG0004174	MEW5312168.1	MEW5302204.1
OG0004175	MEW5312171.1	MEW5296824.1
OG0004176	MEW5312172.1	MEW5296825.1
OG0004177	MEW5312173.1	MEW5296826.1
OG0004178	MEW5312174.1	MEW5296828.1
OG0004179	MEW5312175.1	MEW5296830.1
OG0004180	MEW5312179.1	MEW5296831.1
OG0004181	MEW5312180.1	MEW5296832.1
OG0004182	MEW5312181.1	MEW5296833.1
OG0004183	MEW5312185.1, MEW5312190.1	
OG0004184	MEW5312186.1	MEW5296838.1
OG0004185	MEW5312188.1	MEW5296840.1
OG0004186	MEW5312191.1	MEW5296842.1
OG0004187	MEW5312192.1	MEW5296843.1
OG0004188	MEW5312193.1	MEW5296844.1
OG0004189	MEW5312194.1	MEW5296845.1
OG0004190	MEW5312196.1	MEW5296846.1
OG0004191	MEW5312199.1	MEW5296847.1
OG0004192	MEW5312202.1	MEW5296852.1
OG0004193	MEW5312203.1	MEW5296854.1
OG0004194	MEW5312205.1	MEW5296855.1
OG0004195	MEW5312210.1	MEW5304875.1
OG0004196	MEW5312214.1	MEW5296863.1
OG0004197	MEW5312215.1	MEW5296864.1
OG0004198	MEW5312217.1	MEW5296865.1
OG0004199	MEW5312218.1	MEW5296866.1
OG0004200	MEW5312225.1	MEW5296872.1
OG0004201	MEW5312226.1	MEW5303026.1
OG0004202	MEW5312227.1	MEW5303025.1
OG0004203	MEW5312228.1	MEW5303024.1
OG0004204	MEW5312229.1	MEW5303023.1
OG0004205	MEW5312232.1	MEW5303020.1
OG0004206	MEW5312233.1	MEW5303019.1
OG0004207	MEW5312234.1	MEW5303017.1
OG0004208	MEW5312235.1	MEW5303016.1
OG0004209	MEW5312236.1	MEW5303015.1
OG0004210	MEW5312237.1	MEW5303014.1
OG0004211	MEW5312238.1	MEW5303013.1
OG0004212	MEW5312239.1	MEW5303012.1
OG0004213	MEW5312240.1	MEW5303011.1
OG0004214	MEW5312243.1	MEW5303008.1
OG0004215	MEW5312244.1	MEW5303007.1
OG0004216	MEW5312245.1	MEW5303006.1
OG0004217	MEW5312246.1	MEW5303005.1
OG0004218	MEW5312247.1	MEW5303004.1
OG0004219	MEW5312248.1	MEW5303002.1
OG0004220	MEW5312249.1	MEW5302996.1
OG0004221	MEW5312250.1	MEW5302991.1
OG0004222	MEW5312252.1	MEW5302990.1
OG0004223	MEW5312253.1	MEW5302989.1
OG0004224	MEW5312254.1	MEW5302988.1
OG0004225	MEW5312255.1	MEW5302987.1
OG0004226	MEW5312258.1	MEW5302980.1
OG0004227	MEW5312263.1	MEW5302977.1
OG0004228	MEW5312266.1, MEW5312274.1	
OG0004229	MEW5312267.1, MEW5312271.1	
OG0004230	MEW5312280.1	MEW5302971.1
OG0004231	MEW5312281.1	MEW5302969.1
OG0004232	MEW5312284.1	MEW5302966.1
OG0004233	MEW5312298.1	MEW5302949.1
OG0004234	MEW5312299.1	MEW5302948.1
OG0004235	MEW5312302.1	MEW5302944.1
OG0004236	MEW5312304.1	MEW5302942.1
OG0004237	MEW5312305.1	MEW5302939.1
OG0004238	MEW5312306.1	MEW5302938.1
OG0004239	MEW5312307.1	MEW5302937.1
OG0004240	MEW5312310.1	MEW5302936.1
OG0004241	MEW5312311.1	MEW5302935.1
OG0004242	MEW5312312.1	MEW5302932.1
OG0004243	MEW5312314.1, MEW5312315.1	
OG0004244	MEW5312316.1	MEW5302931.1
OG0004245	MEW5312321.1	MEW5302929.1
OG0004246	MEW5312322.1	MEW5302928.1
OG0004247	MEW5312323.1	MEW5302927.1
OG0004248	MEW5312326.1	MEW5302925.1
OG0004249	MEW5312327.1	MEW5302924.1
OG0004250	MEW5312328.1	MEW5302922.1
OG0004251	MEW5312330.1	MEW5302921.1
OG0004252	MEW5312331.1	MEW5302920.1
OG0004253	MEW5312332.1	MEW5302919.1
OG0004254	MEW5312338.1	MEW5302913.1
OG0004255	MEW5312339.1	MEW5302912.1
OG0004256	MEW5312341.1	MEW5302911.1
OG0004257	MEW5312342.1	MEW5302910.1
OG0004258	MEW5312343.1	MEW5302909.1
OG0004259	MEW5312347.1	MEW5302904.1
OG0004260	MEW5312348.1	MEW5302903.1
OG0004261	MEW5312349.1	MEW5302902.1
OG0004262	MEW5312350.1	MEW5302901.1
OG0004263	MEW5312351.1	MEW5302900.1
OG0004264	MEW5312353.1	MEW5306094.1
OG0004265	MEW5312354.1	MEW5302897.1
OG0004266	MEW5312355.1	MEW5302896.1
OG0004267	MEW5312356.1	MEW5302895.1
OG0004268	MEW5312357.1	MEW5302894.1
OG0004269	MEW5312358.1	MEW5302893.1
OG0004270	MEW5312359.1	MEW5302892.1
OG0004271	MEW5312360.1	MEW5302891.1
OG0004272	MEW5312361.1	MEW5302890.1
OG0004273	MEW5312368.1	MEW5302887.1
OG0004274	MEW5312369.1	MEW5302885.1
OG0004275	MEW5312370.1	MEW5302884.1
OG0004276	MEW5312376.1	MEW5302878.1
OG0004277	MEW5312377.1	MEW5302877.1
OG0004278	MEW5312378.1	MEW5302876.1
OG0004279	MEW5312379.1, MEW5314852.1	
OG0004280	MEW5312380.1	MEW5302874.1
OG0004281	MEW5312382.1	MEW5302871.1
OG0004282	MEW5312383.1	MEW5302870.1
OG0004283	MEW5312384.1	MEW5302869.1
OG0004284	MEW5312385.1	MEW5302868.1
OG0004285	MEW5312386.1	MEW5302867.1
OG0004286	MEW5312388.1	MEW5302865.1
OG0004287	MEW5312389.1	MEW5302864.1
OG0004288	MEW5312390.1	MEW5302863.1
OG0004289	MEW5312391.1	MEW5302862.1
OG0004290	MEW5312392.1	MEW5302861.1
OG0004291	MEW5312395.1	MEW5302859.1
OG0004292	MEW5312396.1	MEW5302858.1
OG0004293	MEW5312397.1	MEW5302857.1
OG0004294	MEW5312399.1	MEW5302856.1
OG0004295	MEW5312400.1	MEW5302854.1
OG0004296	MEW5312403.1	MEW5302851.1
OG0004297	MEW5312405.1	MEW5302848.1
OG0004298	MEW5312406.1	MEW5302847.1
OG0004299	MEW5312407.1	MEW5302846.1
OG0004300	MEW5312408.1	MEW5302845.1
OG0004301	MEW5312411.1	MEW5302843.1
OG0004302	MEW5312412.1	MEW5302841.1
OG0004303	MEW5312414.1	MEW5302839.1
OG0004304	MEW5312415.1	MEW5302838.1
OG0004305	MEW5312416.1	MEW5302837.1
OG0004306	MEW5312417.1	MEW5302836.1
OG0004307	MEW5312418.1	MEW5302835.1
OG0004308	MEW5312419.1	MEW5302834.1
OG0004309	MEW5312420.1	MEW5302833.1
OG0004310	MEW5312421.1	MEW5302832.1
OG0004311	MEW5312422.1	MEW5302831.1
OG0004312	MEW5312423.1	MEW5302830.1
OG0004313	MEW5312424.1	MEW5302829.1
OG0004314	MEW5312425.1	MEW5302828.1
OG0004315	MEW5312427.1	MEW5302825.1
OG0004316	MEW5312428.1	MEW5302824.1
OG0004317	MEW5312431.1	MEW5302821.1
OG0004318	MEW5312432.1	MEW5302820.1
OG0004319	MEW5312433.1	MEW5302819.1
OG0004320	MEW5312435.1	MEW5302817.1
OG0004321	MEW5312441.1	MEW5302813.1
OG0004322	MEW5312442.1	MEW5302812.1
OG0004323	MEW5312443.1, MEW5314546.1	
OG0004324	MEW5312445.1	MEW5302809.1
OG0004325	MEW5312446.1	MEW5302808.1
OG0004326	MEW5312447.1	MEW5302807.1
OG0004327	MEW5312448.1	MEW5302806.1
OG0004328	MEW5312449.1	MEW5302805.1
OG0004329	MEW5312450.1	MEW5302804.1
OG0004330	MEW5312451.1	MEW5302803.1
OG0004331	MEW5312454.1	MEW5302801.1
OG0004332	MEW5312455.1, MEW5312456.1	
OG0004333	MEW5312459.1	MEW5302798.1
OG0004334	MEW5312460.1	MEW5302796.1
OG0004335	MEW5312461.1	MEW5302795.1
OG0004336	MEW5312464.1	MEW5302791.1
OG0004337	MEW5312465.1	MEW5302790.1
OG0004338	MEW5312466.1	MEW5302789.1
OG0004339	MEW5312469.1	MEW5302787.1
OG0004340	MEW5312470.1	MEW5302785.1
OG0004341	MEW5312471.1	MEW5302784.1
OG0004342	MEW5312472.1	MEW5302781.1
OG0004343	MEW5312474.1	MEW5302779.1
OG0004344	MEW5312475.1	MEW5302778.1
OG0004345	MEW5312482.1	MEW5302768.1
OG0004346	MEW5312483.1	MEW5302769.1
OG0004347	MEW5312484.1	MEW5302770.1
OG0004348	MEW5312485.1	MEW5302771.1
OG0004349	MEW5312495.1	MEW5302763.1
OG0004350	MEW5312496.1	MEW5302762.1
OG0004351	MEW5312497.1	MEW5302761.1
OG0004352	MEW5312498.1	MEW5302760.1
OG0004353	MEW5312499.1	MEW5302759.1
OG0004354	MEW5312501.1	MEW5302756.1
OG0004355	MEW5312504.1	MEW5302755.1
OG0004356	MEW5312506.1	MEW5302754.1
OG0004357	MEW5312507.1	MEW5302753.1
OG0004358	MEW5312509.1	MEW5302749.1
OG0004359	MEW5312512.1	MEW5302747.1
OG0004360	MEW5312515.1	MEW5302746.1
OG0004361	MEW5312518.1	MEW5302744.1
OG0004362	MEW5312519.1	MEW5302743.1
OG0004363	MEW5312521.1	MEW5302740.1
OG0004364	MEW5312523.1	MEW5302737.1
OG0004365	MEW5312524.1	MEW5302736.1
OG0004366	MEW5312527.1	MEW5302733.1
OG0004367	MEW5312528.1	MEW5302732.1
OG0004368	MEW5312530.1	MEW5302731.1
OG0004369	MEW5312531.1	MEW5302730.1
OG0004370	MEW5312533.1	MEW5302727.1
OG0004371	MEW5312534.1	MEW5302726.1
OG0004372	MEW5312535.1	MEW5302725.1
OG0004373	MEW5312537.1	MEW5302723.1
OG0004374	MEW5312538.1	MEW5302722.1
OG0004375	MEW5312542.1	MEW5302719.1
OG0004376	MEW5312545.1	MEW5302717.1
OG0004377	MEW5312546.1	MEW5302716.1
OG0004378	MEW5312547.1	MEW5302714.1
OG0004379	MEW5312548.1	MEW5302713.1
OG0004380	MEW5312549.1	MEW5302712.1
OG0004381	MEW5312551.1	MEW5302711.1
OG0004382	MEW5312553.1	MEW5302710.1
OG0004383	MEW5312556.1	MEW5302706.1
OG0004384	MEW5312558.1	MEW5302705.1
OG0004385	MEW5312559.1	MEW5302704.1
OG0004386	MEW5312562.1	MEW5302701.1
OG0004387	MEW5312563.1	MEW5302700.1
OG0004388	MEW5312564.1	MEW5302698.1
OG0004389	MEW5312565.1	MEW5302697.1
OG0004390	MEW5312566.1	MEW5302696.1
OG0004391	MEW5312567.1	MEW5302695.1
OG0004392	MEW5312568.1	MEW5302694.1
OG0004393	MEW5312569.1	MEW5302693.1
OG0004394	MEW5312572.1	MEW5302691.1
OG0004395	MEW5312576.1	MEW5302684.1
OG0004396	MEW5312579.1	MEW5302681.1
OG0004397	MEW5312580.1	MEW5302680.1
OG0004398	MEW5312581.1	MEW5302679.1
OG0004399	MEW5312584.1	MEW5302675.1
OG0004400	MEW5312585.1	MEW5302674.1
OG0004401	MEW5312586.1	MEW5302673.1
OG0004402	MEW5312588.1	MEW5302672.1
OG0004403	MEW5312590.1	MEW5302666.1
OG0004404	MEW5312594.1	MEW5302663.1
OG0004405	MEW5312597.1	MEW5302662.1
OG0004406	MEW5312601.1	MEW5302661.1
OG0004407	MEW5312602.1	MEW5302660.1
OG0004408	MEW5312603.1	MEW5302659.1
OG0004409	MEW5312604.1	MEW5302658.1
OG0004410	MEW5312605.1	MEW5299717.1
OG0004411	MEW5312606.1	MEW5299716.1
OG0004412	MEW5312607.1	MEW5299715.1
OG0004413	MEW5312608.1	MEW5299714.1
OG0004414	MEW5312611.1	MEW5299711.1
OG0004415	MEW5312612.1	MEW5299710.1
OG0004416	MEW5312613.1	MEW5299709.1
OG0004417	MEW5312614.1	MEW5299708.1
OG0004418	MEW5312615.1	MEW5299707.1
OG0004419	MEW5312616.1	MEW5299706.1
OG0004420	MEW5312617.1	MEW5299705.1
OG0004421	MEW5312618.1	MEW5299704.1
OG0004422	MEW5312622.1	MEW5299702.1
OG0004423	MEW5312623.1	MEW5299701.1
OG0004424	MEW5312624.1	MEW5299700.1
OG0004425	MEW5312625.1	MEW5299699.1
OG0004426	MEW5312630.1	MEW5299696.1
OG0004427	MEW5312631.1	MEW5299695.1
OG0004428	MEW5312633.1	MEW5299693.1
OG0004429	MEW5312634.1, MEW5312635.1	
OG0004430	MEW5312636.1	MEW5299691.1
OG0004431	MEW5312638.1	MEW5299690.1
OG0004432	MEW5312639.1	MEW5299689.1
OG0004433	MEW5312640.1	MEW5299688.1
OG0004434	MEW5312641.1	MEW5299687.1
OG0004435	MEW5312642.1	MEW5299686.1
OG0004436	MEW5312643.1	MEW5299685.1
OG0004437	MEW5312644.1	MEW5299684.1
OG0004438	MEW5312645.1	MEW5299683.1
OG0004439	MEW5312646.1	MEW5299682.1
OG0004440	MEW5312649.1	MEW5299680.1
OG0004441	MEW5312652.1	MEW5299677.1
OG0004442	MEW5312654.1	MEW5299675.1
OG0004443	MEW5312656.1	MEW5299673.1
OG0004444	MEW5312657.1	MEW5299672.1
OG0004445	MEW5312658.1, MEW5312659.1	
OG0004446	MEW5312662.1	MEW5299667.1
OG0004447	MEW5312663.1	MEW5299666.1
OG0004448	MEW5312664.1	MEW5299665.1
OG0004449	MEW5312665.1	MEW5299664.1
OG0004450	MEW5312667.1	MEW5299663.1
OG0004451	MEW5312670.1	MEW5299662.1
OG0004452	MEW5312671.1	MEW5299661.1
OG0004453	MEW5312672.1	MEW5299660.1
OG0004454	MEW5312674.1	MEW5299658.1
OG0004455	MEW5312678.1	MEW5299654.1
OG0004456	MEW5312679.1	MEW5299653.1
OG0004457	MEW5312680.1	MEW5299652.1
OG0004458	MEW5312681.1	MEW5299651.1
OG0004459	MEW5312684.1	MEW5299648.1
OG0004460	MEW5312685.1	MEW5299647.1
OG0004461	MEW5312686.1	MEW5299646.1
OG0004462	MEW5312687.1	MEW5299645.1
OG0004463	MEW5312692.1	MEW5299643.1
OG0004464	MEW5312694.1	MEW5299642.1
OG0004465	MEW5312695.1	MEW5299641.1
OG0004466	MEW5312696.1	MEW5299640.1
OG0004467	MEW5312697.1	MEW5299639.1
OG0004468	MEW5312698.1	MEW5299638.1
OG0004469	MEW5312701.1	MEW5299636.1
OG0004470	MEW5312705.1	MEW5299631.1
OG0004471	MEW5312706.1	MEW5299630.1
OG0004472	MEW5312708.1	MEW5299629.1
OG0004473	MEW5312711.1	MEW5299628.1
OG0004474	MEW5312712.1	MEW5299627.1
OG0004475	MEW5312713.1	MEW5299626.1
OG0004476	MEW5312716.1	MEW5299623.1
OG0004477	MEW5312717.1	MEW5299622.1
OG0004478	MEW5312718.1	MEW5299621.1
OG0004479	MEW5312720.1	MEW5299620.1
OG0004480	MEW5312725.1	MEW5299617.1
OG0004481	MEW5312727.1	MEW5299615.1
OG0004482	MEW5312728.1	MEW5299613.1
OG0004483	MEW5312732.1	MEW5299611.1
OG0004484	MEW5312734.1	MEW5306746.1
OG0004485	MEW5312737.1	MEW5299609.1
OG0004486	MEW5312739.1	MEW5299608.1
OG0004487	MEW5312740.1	MEW5299607.1
OG0004488	MEW5312741.1	MEW5299606.1
OG0004489	MEW5312748.1	MEW5299600.1
OG0004490	MEW5312749.1	MEW5299599.1
OG0004491	MEW5312750.1	MEW5299598.1
OG0004492	MEW5312751.1	MEW5299597.1
OG0004493	MEW5312753.1	MEW5299595.1
OG0004494	MEW5312754.1	MEW5299594.1
OG0004495	MEW5312755.1	MEW5299593.1
OG0004496	MEW5312756.1	MEW5299592.1
OG0004497	MEW5312757.1	MEW5299591.1
OG0004498	MEW5312758.1	MEW5299590.1
OG0004499	MEW5312761.1	MEW5299587.1
OG0004500	MEW5312762.1	MEW5299586.1
OG0004501	MEW5312763.1	MEW5299585.1
OG0004502	MEW5312765.1	MEW5299584.1
OG0004503	MEW5312766.1, MEW5312767.1	
OG0004504	MEW5312768.1	MEW5299583.1
OG0004505	MEW5312769.1	MEW5299582.1
OG0004506	MEW5312774.1	MEW5299575.1
OG0004507	MEW5312778.1	MEW5299576.1
OG0004508	MEW5312781.1	MEW5299572.1
OG0004509	MEW5312782.1	MEW5299571.1
OG0004510	MEW5312784.1	MEW5299568.1
OG0004511	MEW5312785.1	MEW5299567.1
OG0004512	MEW5312786.1	MEW5299566.1
OG0004513	MEW5312787.1	MEW5299565.1
OG0004514	MEW5312789.1	MEW5299562.1
OG0004515	MEW5312790.1	MEW5299561.1
OG0004516	MEW5312791.1	MEW5299560.1
OG0004517	MEW5312792.1	MEW5299559.1
OG0004518	MEW5312793.1	MEW5299558.1
OG0004519	MEW5312795.1	MEW5299557.1
OG0004520	MEW5312796.1	MEW5299555.1
OG0004521	MEW5312797.1	MEW5299554.1
OG0004522	MEW5312801.1	MEW5299553.1
OG0004523	MEW5312802.1	MEW5299552.1
OG0004524	MEW5312804.1	MEW5299551.1
OG0004525	MEW5312805.1	MEW5299550.1
OG0004526	MEW5312807.1	MEW5299546.1
OG0004527	MEW5312810.1	MEW5299542.1
OG0004528	MEW5312825.1	MEW5299530.1
OG0004529	MEW5312828.1	MEW5299529.1
OG0004530	MEW5312830.1	MEW5299523.1
OG0004531	MEW5312831.1	MEW5299522.1
OG0004532	MEW5312833.1	MEW5299521.1
OG0004533	MEW5312844.1	MEW5299515.1
OG0004534	MEW5312845.1	MEW5299514.1
OG0004535	MEW5312846.1, MEW5312847.1	
OG0004536	MEW5312848.1	MEW5299513.1
OG0004537	MEW5312849.1	MEW5299512.1
OG0004538	MEW5312850.1	MEW5299511.1
OG0004539	MEW5312851.1	MEW5299510.1
OG0004540	MEW5312852.1	MEW5299507.1
OG0004541	MEW5312856.1	MEW5299506.1
OG0004542	MEW5312860.1	MEW5299501.1
OG0004543	MEW5312861.1	MEW5299500.1
OG0004544	MEW5312862.1	MEW5299498.1
OG0004545	MEW5312863.1	MEW5299496.1
OG0004546	MEW5312864.1	MEW5299495.1
OG0004547	MEW5312865.1	MEW5299494.1
OG0004548	MEW5312866.1	MEW5299493.1
OG0004549	MEW5312867.1	MEW5299492.1
OG0004550	MEW5312868.1	MEW5299491.1
OG0004551	MEW5312882.1	MEW5299488.1
OG0004552	MEW5312883.1	MEW5299487.1
OG0004553	MEW5312884.1	MEW5299486.1
OG0004554	MEW5312885.1	MEW5299485.1
OG0004555	MEW5312886.1	MEW5299484.1
OG0004556	MEW5312890.1	MEW5299482.1
OG0004557	MEW5312891.1	MEW5299481.1
OG0004558	MEW5312893.1	MEW5299480.1
OG0004559	MEW5312895.1	MEW5299476.1
OG0004560	MEW5312897.1	MEW5299474.1
OG0004561	MEW5312898.1	MEW5299473.1
OG0004562	MEW5312899.1	MEW5299472.1
OG0004563	MEW5312901.1	MEW5299469.1
OG0004564	MEW5312902.1	MEW5299468.1
OG0004565	MEW5312903.1	MEW5299467.1
OG0004566	MEW5312904.1	MEW5299466.1
OG0004567	MEW5312906.1	MEW5299465.1
OG0004568	MEW5312908.1	MEW5299464.1
OG0004569	MEW5312909.1	MEW5299463.1
OG0004570	MEW5312911.1	MEW5299462.1
OG0004571	MEW5312912.1	MEW5299460.1
OG0004572	MEW5312921.1	MEW5299454.1
OG0004573	MEW5312928.1	MEW5299450.1
OG0004574	MEW5312932.1	MEW5299446.1
OG0004575	MEW5312933.1	MEW5299445.1
OG0004576	MEW5312934.1	MEW5299444.1
OG0004577	MEW5312935.1	MEW5299442.1
OG0004578	MEW5312936.1	MEW5299441.1
OG0004579	MEW5312937.1	MEW5299440.1
OG0004580	MEW5312938.1	MEW5299439.1
OG0004581	MEW5312940.1	MEW5299437.1
OG0004582	MEW5312947.1	MEW5299435.1
OG0004583	MEW5312950.1	MEW5299434.1
OG0004584	MEW5312952.1	MEW5299432.1
OG0004585	MEW5312953.1	MEW5299431.1
OG0004586	MEW5312954.1	MEW5299430.1
OG0004587	MEW5312955.1	MEW5299429.1
OG0004588	MEW5312958.1	MEW5299426.1
OG0004589	MEW5312959.1	MEW5299425.1
OG0004590	MEW5312961.1	MEW5299424.1
OG0004591	MEW5312962.1	MEW5299423.1
OG0004592	MEW5312965.1	MEW5299420.1
OG0004593	MEW5312966.1	MEW5299419.1
OG0004594	MEW5312967.1	MEW5299418.1
OG0004595	MEW5312968.1	MEW5299417.1
OG0004596	MEW5312969.1	MEW5299416.1
OG0004597	MEW5312972.1	MEW5299413.1
OG0004598	MEW5312974.1	MEW5299410.1
OG0004599	MEW5312978.1	MEW5299405.1
OG0004600	MEW5312980.1	MEW5299404.1
OG0004601	MEW5312982.1	MEW5299401.1
OG0004602	MEW5312983.1, MEW5316288.1	
OG0004603	MEW5312984.1	MEW5299400.1
OG0004604	MEW5312986.1	MEW5299396.1
OG0004605	MEW5312987.1	MEW5299395.1
OG0004606	MEW5312989.1	MEW5299394.1
OG0004607	MEW5312990.1	MEW5299393.1
OG0004608	MEW5312992.1	MEW5299392.1
OG0004609	MEW5312993.1	MEW5299389.1
OG0004610	MEW5312994.1	MEW5299388.1
OG0004611	MEW5312996.1	MEW5299382.1
OG0004612	MEW5312999.1	MEW5299379.1
OG0004613	MEW5313000.1	MEW5299378.1
OG0004614	MEW5313001.1	MEW5299377.1
OG0004615	MEW5313002.1	MEW5299376.1
OG0004616	MEW5313004.1	MEW5299373.1
OG0004617	MEW5313005.1	MEW5299372.1
OG0004618	MEW5313006.1	MEW5299371.1
OG0004619	MEW5313007.1	MEW5299370.1
OG0004620	MEW5313008.1	MEW5299369.1
OG0004621	MEW5313010.1	MEW5299368.1
OG0004622	MEW5313012.1	MEW5299367.1
OG0004623	MEW5313013.1	MEW5299366.1
OG0004624	MEW5313014.1	MEW5299365.1
OG0004625	MEW5313015.1	MEW5299364.1
OG0004626	MEW5313017.1	MEW5299363.1
OG0004627	MEW5313018.1	MEW5299362.1
OG0004628	MEW5313019.1	MEW5299361.1
OG0004629	MEW5313021.1	MEW5299360.1
OG0004630	MEW5313023.1	MEW5299357.1
OG0004631	MEW5313024.1	MEW5299356.1
OG0004632	MEW5313025.1	MEW5299355.1
OG0004633	MEW5313026.1	MEW5299354.1
OG0004634	MEW5313027.1	MEW5299353.1
OG0004635	MEW5313030.1	MEW5299350.1
OG0004636	MEW5313031.1	MEW5299349.1
OG0004637	MEW5313033.1	MEW5299348.1
OG0004638	MEW5313034.1	MEW5299347.1
OG0004639	MEW5313035.1	MEW5299346.1
OG0004640	MEW5313036.1	MEW5299344.1
OG0004641	MEW5313037.1	MEW5299343.1
OG0004642	MEW5313038.1	MEW5299342.1
OG0004643	MEW5313039.1	MEW5299341.1
OG0004644	MEW5313040.1	MEW5299339.1
OG0004645	MEW5313041.1	MEW5299338.1
OG0004646	MEW5313043.1	MEW5299336.1
OG0004647	MEW5313044.1	MEW5299335.1
OG0004648	MEW5313047.1	MEW5299334.1
OG0004649	MEW5313048.1	MEW5299333.1
OG0004650	MEW5313049.1	MEW5299332.1
OG0004651	MEW5313050.1	MEW5299331.1
OG0004652	MEW5313053.1	MEW5299330.1
OG0004653	MEW5313054.1	MEW5299329.1
OG0004654	MEW5313055.1	MEW5299328.1
OG0004655	MEW5313059.1	MEW5299324.1
OG0004656	MEW5313060.1	MEW5299323.1
OG0004657	MEW5313061.1	MEW5299322.1
OG0004658	MEW5313066.1	MEW5301127.1
OG0004659	MEW5313068.1	MEW5301129.1
OG0004660	MEW5313069.1	MEW5301130.1
OG0004661	MEW5313070.1	MEW5301131.1
OG0004662	MEW5313071.1	MEW5301132.1
OG0004663	MEW5313072.1	MEW5301133.1
OG0004664	MEW5313073.1	MEW5301134.1
OG0004665	MEW5313076.1	MEW5301135.1
OG0004666	MEW5313077.1	MEW5301137.1
OG0004667	MEW5313078.1	MEW5301138.1
OG0004668	MEW5313079.1	MEW5301140.1
OG0004669	MEW5313080.1	MEW5301141.1
OG0004670	MEW5313083.1	MEW5301142.1
OG0004671	MEW5313085.1	MEW5301143.1
OG0004672	MEW5313086.1	MEW5301144.1
OG0004673	MEW5313087.1	MEW5301145.1
OG0004674	MEW5313096.1	MEW5301149.1
OG0004675	MEW5313100.1	MEW5301155.1
OG0004676	MEW5313101.1	MEW5301156.1
OG0004677	MEW5313102.1	MEW5301157.1
OG0004678	MEW5313112.1	MEW5301164.1
OG0004679	MEW5313113.1	MEW5301165.1
OG0004680	MEW5313114.1	MEW5301167.1
OG0004681	MEW5313115.1	MEW5301168.1
OG0004682	MEW5313116.1	MEW5301169.1
OG0004683	MEW5313117.1	MEW5301170.1
OG0004684	MEW5313118.1	MEW5301171.1
OG0004685	MEW5313119.1	MEW5301172.1
OG0004686	MEW5313120.1	MEW5301173.1
OG0004687	MEW5313126.1	MEW5301179.1
OG0004688	MEW5313130.1	MEW5301184.1
OG0004689	MEW5313132.1	MEW5301187.1
OG0004690	MEW5313133.1	MEW5301188.1
OG0004691	MEW5313135.1	MEW5301189.1
OG0004692	MEW5313136.1	MEW5301190.1
OG0004693	MEW5313138.1	MEW5301191.1
OG0004694	MEW5313141.1	MEW5301192.1
OG0004695	MEW5313144.1	MEW5301195.1
OG0004696	MEW5313145.1	MEW5301196.1
OG0004697	MEW5313146.1	MEW5301197.1
OG0004698	MEW5313147.1	MEW5301198.1
OG0004699	MEW5313148.1, MEW5313149.1	
OG0004700	MEW5313151.1	MEW5301200.1
OG0004701	MEW5313152.1	MEW5301201.1
OG0004702	MEW5313156.1	MEW5301202.1
OG0004703	MEW5313161.1	MEW5301205.1
OG0004704	MEW5313165.1	MEW5301206.1
OG0004705	MEW5313166.1	MEW5301207.1
OG0004706	MEW5313167.1	MEW5301208.1
OG0004707	MEW5313168.1	MEW5301209.1
OG0004708	MEW5313170.1	MEW5301210.1
OG0004709	MEW5313173.1	MEW5301212.1
OG0004710	MEW5313177.1	MEW5301215.1
OG0004711	MEW5313178.1	MEW5301216.1
OG0004712	MEW5313179.1	MEW5301218.1
OG0004713	MEW5313189.1	MEW5301224.1
OG0004714	MEW5313190.1	MEW5301225.1
OG0004715	MEW5313191.1	MEW5301226.1
OG0004716	MEW5313192.1	MEW5301227.1
OG0004717	MEW5313195.1	MEW5301228.1
OG0004718	MEW5313196.1	MEW5301229.1
OG0004719	MEW5313198.1	MEW5301230.1
OG0004720	MEW5313200.1	MEW5301231.1
OG0004721	MEW5313201.1	MEW5301232.1
OG0004722	MEW5313203.1	MEW5301233.1
OG0004723	MEW5313206.1	MEW5301237.1
OG0004724	MEW5313208.1	MEW5301238.1
OG0004725	MEW5313209.1	MEW5301239.1
OG0004726	MEW5313213.1	MEW5301241.1
OG0004727	MEW5313215.1	MEW5301242.1
OG0004728	MEW5313217.1	MEW5301244.1
OG0004729	MEW5313220.1	MEW5298882.1
OG0004730	MEW5313221.1	MEW5298883.1
OG0004731	MEW5313222.1	MEW5298884.1
OG0004732	MEW5313223.1	MEW5298885.1
OG0004733	MEW5313224.1	MEW5298886.1
OG0004734	MEW5313225.1	MEW5298887.1
OG0004735	MEW5313226.1	MEW5298888.1
OG0004736	MEW5313227.1	MEW5298889.1
OG0004737	MEW5313229.1	MEW5298892.1
OG0004738	MEW5313231.1	MEW5298893.1
OG0004739	MEW5313233.1	MEW5298894.1
OG0004740	MEW5313237.1	MEW5298899.1
OG0004741	MEW5313238.1	MEW5298900.1
OG0004742	MEW5313241.1	MEW5298903.1
OG0004743	MEW5313244.1	MEW5298906.1
OG0004744	MEW5313245.1	MEW5298907.1
OG0004745	MEW5313246.1	MEW5298908.1
OG0004746	MEW5313248.1	MEW5298909.1
OG0004747	MEW5313249.1	MEW5298910.1
OG0004748	MEW5313251.1	MEW5298913.1
OG0004749	MEW5313252.1	MEW5298914.1
OG0004750	MEW5313253.1	MEW5298915.1
OG0004751	MEW5313255.1	MEW5298916.1
OG0004752	MEW5313256.1	MEW5298917.1
OG0004753	MEW5313261.1	MEW5298919.1
OG0004754	MEW5313263.1	MEW5298922.1
OG0004755	MEW5313265.1	MEW5298929.1
OG0004756	MEW5313266.1	MEW5298930.1
OG0004757	MEW5313269.1	MEW5298931.1
OG0004758	MEW5313270.1	MEW5298932.1
OG0004759	MEW5313271.1	MEW5298934.1
OG0004760	MEW5313272.1	MEW5298935.1
OG0004761	MEW5313275.1	MEW5298939.1
OG0004762	MEW5313276.1	MEW5298940.1
OG0004763	MEW5313277.1, MEW5313278.1	
OG0004764	MEW5313282.1	MEW5298943.1
OG0004765	MEW5313283.1	MEW5298945.1
OG0004766	MEW5313285.1	MEW5298947.1
OG0004767	MEW5313286.1	MEW5298948.1
OG0004768	MEW5313287.1	MEW5298949.1
OG0004769	MEW5313290.1	MEW5298951.1
OG0004770	MEW5313292.1	MEW5298955.1
OG0004771	MEW5313293.1	MEW5298956.1
OG0004772	MEW5313295.1	MEW5298960.1
OG0004773	MEW5313296.1	MEW5298961.1
OG0004774	MEW5313300.1	MEW5298966.1
OG0004775	MEW5313301.1	MEW5298967.1
OG0004776	MEW5313302.1	MEW5298968.1
OG0004777	MEW5313303.1	MEW5298969.1
OG0004778	MEW5313306.1	MEW5298971.1
OG0004779	MEW5313307.1	MEW5298972.1
OG0004780	MEW5313311.1	MEW5298973.1
OG0004781	MEW5313313.1	MEW5298975.1
OG0004782	MEW5313323.1	MEW5298980.1
OG0004783	MEW5313324.1	MEW5298981.1
OG0004784	MEW5313325.1	MEW5298982.1
OG0004785	MEW5313328.1	MEW5298987.1
OG0004786	MEW5313329.1	MEW5298988.1
OG0004787	MEW5313330.1	MEW5298989.1
OG0004788	MEW5313331.1	MEW5298990.1
OG0004789	MEW5313336.1	MEW5298996.1
OG0004790	MEW5313337.1	MEW5298997.1
OG0004791	MEW5313338.1	MEW5298998.1
OG0004792	MEW5313343.1	MEW5299005.1
OG0004793	MEW5313346.1	MEW5299008.1
OG0004794	MEW5313349.1	MEW5299011.1
OG0004795	MEW5313351.1	MEW5299015.1
OG0004796	MEW5313352.1	MEW5299016.1
OG0004797	MEW5313354.1	MEW5299017.1
OG0004798	MEW5313355.1	MEW5299018.1
OG0004799	MEW5313357.1	MEW5299020.1
OG0004800	MEW5313358.1	MEW5299021.1
OG0004801	MEW5313359.1	MEW5299022.1
OG0004802	MEW5313360.1	MEW5299023.1
OG0004803	MEW5313361.1	MEW5299024.1
OG0004804	MEW5313362.1	MEW5299025.1
OG0004805	MEW5313365.1	MEW5299028.1
OG0004806	MEW5313366.1	MEW5299029.1
OG0004807	MEW5313367.1	MEW5299030.1
OG0004808	MEW5313369.1	MEW5299036.1
OG0004809	MEW5313370.1	MEW5299037.1
OG0004810	MEW5313371.1	MEW5299038.1
OG0004811	MEW5313372.1	MEW5299039.1
OG0004812	MEW5313374.1	MEW5299042.1
OG0004813	MEW5313375.1	MEW5299043.1
OG0004814	MEW5313376.1	MEW5299044.1
OG0004815	MEW5313377.1	MEW5299045.1
OG0004816	MEW5313378.1	MEW5299046.1
OG0004817	MEW5313380.1	MEW5299047.1
OG0004818	MEW5313381.1	MEW5299048.1
OG0004819	MEW5313382.1	MEW5299049.1
OG0004820	MEW5313383.1	MEW5299050.1
OG0004821	MEW5313384.1	MEW5299051.1
OG0004822	MEW5313386.1	MEW5299053.1
OG0004823	MEW5313388.1	MEW5299056.1
OG0004824	MEW5313389.1	MEW5299057.1
OG0004825	MEW5313390.1	MEW5299058.1
OG0004826	MEW5313391.1	MEW5299060.1
OG0004827	MEW5313392.1	MEW5299061.1
OG0004828	MEW5313393.1	MEW5299062.1
OG0004829	MEW5313394.1	MEW5299065.1
OG0004830	MEW5313395.1	MEW5299066.1
OG0004831	MEW5313396.1	MEW5299067.1
OG0004832	MEW5313397.1	MEW5299068.1
OG0004833	MEW5313398.1	MEW5299069.1
OG0004834	MEW5313399.1	MEW5299070.1
OG0004835	MEW5313400.1	MEW5299071.1
OG0004836	MEW5313401.1	MEW5299074.1
OG0004837	MEW5313403.1	MEW5299077.1
OG0004838	MEW5313405.1	MEW5299079.1
OG0004839	MEW5313406.1	MEW5299080.1
OG0004840	MEW5313407.1	MEW5299081.1
OG0004841	MEW5313408.1	MEW5299082.1
OG0004842	MEW5313409.1	MEW5299083.1
OG0004843	MEW5313411.1	MEW5299085.1
OG0004844	MEW5313413.1	MEW5299086.1
OG0004845	MEW5313414.1	MEW5299087.1
OG0004846	MEW5313416.1	MEW5299090.1
OG0004847	MEW5313417.1	MEW5299091.1
OG0004848	MEW5313418.1	MEW5299092.1
OG0004849	MEW5313419.1, MEW5313420.1	
OG0004850	MEW5313423.1	MEW5299096.1
OG0004851	MEW5313425.1, MEW5313428.1	
OG0004852	MEW5313427.1	MEW5299099.1
OG0004853	MEW5313431.1	MEW5299101.1
OG0004854	MEW5313434.1	MEW5299104.1
OG0004855	MEW5313435.1	MEW5299106.1
OG0004856	MEW5313437.1	MEW5299110.1
OG0004857	MEW5313438.1	MEW5299111.1
OG0004858	MEW5313440.1, MEW5313441.1	
OG0004859	MEW5313442.1	MEW5299113.1
OG0004860	MEW5313447.1	MEW5299116.1
OG0004861	MEW5313451.1	MEW5299120.1
OG0004862	MEW5313453.1	MEW5299125.1
OG0004863	MEW5313454.1	MEW5299126.1
OG0004864	MEW5313455.1	MEW5299127.1
OG0004865	MEW5313456.1	MEW5299128.1
OG0004866	MEW5313457.1	MEW5299129.1
OG0004867	MEW5313458.1	MEW5299130.1
OG0004868	MEW5313459.1	MEW5299131.1
OG0004869	MEW5313462.1	MEW5299134.1
OG0004870	MEW5313463.1	MEW5299135.1
OG0004871	MEW5313464.1	MEW5299136.1
OG0004872	MEW5313465.1	MEW5299137.1
OG0004873	MEW5313466.1	MEW5299138.1
OG0004874	MEW5313469.1	MEW5299143.1
OG0004875	MEW5313470.1	MEW5299144.1
OG0004876	MEW5313471.1	MEW5299145.1
OG0004877	MEW5313472.1	MEW5299146.1
OG0004878	MEW5313474.1	MEW5299152.1
OG0004879	MEW5313475.1	MEW5299153.1
OG0004880	MEW5313476.1	MEW5299154.1
OG0004881	MEW5313477.1	MEW5299155.1
OG0004882	MEW5313478.1	MEW5299156.1
OG0004883	MEW5313480.1	MEW5299157.1
OG0004884	MEW5313481.1	MEW5299158.1
OG0004885	MEW5313484.1	MEW5299161.1
OG0004886	MEW5313485.1	MEW5299162.1
OG0004887	MEW5313486.1	MEW5299164.1
OG0004888	MEW5313487.1	MEW5299165.1
OG0004889	MEW5313488.1	MEW5299166.1
OG0004890	MEW5313489.1	MEW5299167.1
OG0004891	MEW5313490.1	MEW5299168.1
OG0004892	MEW5313495.1	MEW5299172.1
OG0004893	MEW5313496.1	MEW5299173.1
OG0004894	MEW5313498.1	MEW5299174.1
OG0004895	MEW5313499.1	MEW5299175.1
OG0004896	MEW5313500.1	MEW5299176.1
OG0004897	MEW5313501.1	MEW5299178.1
OG0004898	MEW5313502.1	MEW5299179.1
OG0004899	MEW5313503.1	MEW5299180.1
OG0004900	MEW5313506.1	MEW5299183.1
OG0004901	MEW5313507.1	MEW5299184.1
OG0004902	MEW5313509.1	MEW5299185.1
OG0004903	MEW5313510.1	MEW5299186.1
OG0004904	MEW5313511.1	MEW5299187.1
OG0004905	MEW5313512.1	MEW5299188.1
OG0004906	MEW5313515.1	MEW5299189.1
OG0004907	MEW5313516.1	MEW5299190.1
OG0004908	MEW5313517.1	MEW5299191.1
OG0004909	MEW5313518.1	MEW5299192.1
OG0004910	MEW5313523.1	MEW5299196.1
OG0004911	MEW5313524.1	MEW5299197.1
OG0004912	MEW5313525.1	MEW5299198.1
OG0004913	MEW5313527.1	MEW5299201.1
OG0004914	MEW5313528.1	MEW5299202.1
OG0004915	MEW5313529.1	MEW5299203.1
OG0004916	MEW5313535.1	MEW5299209.1
OG0004917	MEW5313536.1	MEW5299210.1
OG0004918	MEW5313537.1	MEW5299211.1
OG0004919	MEW5313538.1	MEW5299212.1
OG0004920	MEW5313539.1	MEW5299213.1
OG0004921	MEW5313541.1	MEW5299214.1
OG0004922	MEW5313542.1	MEW5299215.1
OG0004923	MEW5313543.1	MEW5299217.1
OG0004924	MEW5313545.1	MEW5299221.1
OG0004925	MEW5313546.1	MEW5299222.1
OG0004926	MEW5313547.1	MEW5299223.1
OG0004927	MEW5313551.1	MEW5299226.1
OG0004928	MEW5313553.1	MEW5299228.1
OG0004929	MEW5313558.1	MEW5300972.1
OG0004930	MEW5313559.1	MEW5300971.1
OG0004931	MEW5313560.1	MEW5300969.1
OG0004932	MEW5313561.1	MEW5300968.1
OG0004933	MEW5313562.1	MEW5300967.1
OG0004934	MEW5313563.1	MEW5300966.1
OG0004935	MEW5313564.1	MEW5300965.1
OG0004936	MEW5313566.1	MEW5300962.1
OG0004937	MEW5313567.1	MEW5300961.1
OG0004938	MEW5313569.1	MEW5300959.1
OG0004939	MEW5313570.1	MEW5300958.1
OG0004940	MEW5313573.1	MEW5300957.1
OG0004941	MEW5313576.1	MEW5300955.1
OG0004942	MEW5313577.1	MEW5300954.1
OG0004943	MEW5313580.1	MEW5300951.1
OG0004944	MEW5313584.1	MEW5300948.1
OG0004945	MEW5313585.1	MEW5300947.1
OG0004946	MEW5313595.1	MEW5300939.1
OG0004947	MEW5313596.1	MEW5300938.1
OG0004948	MEW5313597.1	MEW5300937.1
OG0004949	MEW5313598.1	MEW5300936.1
OG0004950	MEW5313600.1	MEW5300935.1
OG0004951	MEW5313601.1	MEW5300934.1
OG0004952	MEW5313602.1	MEW5300933.1
OG0004953	MEW5313603.1	MEW5300932.1
OG0004954	MEW5313604.1	MEW5300931.1
OG0004955	MEW5313606.1	MEW5300929.1
OG0004956	MEW5313607.1, MEW5313608.1	
OG0004957	MEW5313609.1	MEW5300928.1
OG0004958	MEW5313610.1	MEW5300927.1
OG0004959	MEW5313611.1	MEW5300926.1
OG0004960	MEW5313612.1	MEW5300925.1
OG0004961	MEW5313613.1	MEW5300922.1
OG0004962	MEW5313615.1	MEW5300919.1
OG0004963	MEW5313616.1	MEW5300918.1
OG0004964	MEW5313617.1	MEW5300917.1
OG0004965	MEW5313619.1	MEW5300914.1
OG0004966	MEW5313620.1	MEW5300911.1
OG0004967	MEW5313623.1	MEW5300909.1
OG0004968	MEW5313624.1	MEW5300907.1
OG0004969	MEW5313625.1	MEW5300906.1
OG0004970	MEW5313627.1	MEW5300902.1
OG0004971	MEW5313629.1	MEW5300901.1
OG0004972	MEW5313631.1	MEW5300900.1
OG0004973	MEW5313633.1	MEW5300899.1
OG0004974	MEW5313634.1	MEW5300898.1
OG0004975	MEW5313637.1	MEW5300897.1
OG0004976	MEW5313638.1	MEW5300896.1
OG0004977	MEW5313639.1	MEW5300895.1
OG0004978	MEW5313640.1	MEW5300894.1
OG0004979	MEW5313641.1	MEW5300893.1
OG0004980	MEW5313642.1	MEW5300892.1
OG0004981	MEW5313646.1	MEW5300890.1
OG0004982	MEW5313647.1	MEW5300889.1
OG0004983	MEW5313648.1	MEW5300885.1
OG0004984	MEW5313649.1	MEW5300884.1
OG0004985	MEW5313653.1	MEW5300882.1
OG0004986	MEW5313656.1	MEW5300879.1
OG0004987	MEW5313657.1	MEW5300878.1
OG0004988	MEW5313661.1	MEW5300876.1
OG0004989	MEW5313662.1	MEW5300874.1
OG0004990	MEW5313666.1	MEW5300870.1
OG0004991	MEW5313667.1	MEW5300869.1
OG0004992	MEW5313668.1	MEW5300868.1
OG0004993	MEW5313671.1	MEW5300866.1
OG0004994	MEW5313672.1	MEW5300865.1
OG0004995	MEW5313675.1	MEW5300862.1
OG0004996	MEW5313676.1	MEW5300861.1
OG0004997	MEW5313677.1	MEW5300860.1
OG0004998	MEW5313678.1	MEW5300859.1
OG0004999	MEW5313679.1	MEW5300858.1
OG0005000	MEW5313680.1	MEW5300857.1
OG0005001	MEW5313684.1	MEW5300854.1
OG0005002	MEW5313685.1	MEW5300853.1
OG0005003	MEW5313686.1	MEW5300852.1
OG0005004	MEW5313687.1	MEW5300851.1
OG0005005	MEW5313689.1	MEW5300848.1
OG0005006	MEW5313690.1	MEW5300847.1
OG0005007	MEW5313691.1	MEW5300846.1
OG0005008	MEW5313692.1	MEW5300845.1
OG0005009	MEW5313693.1	MEW5300844.1
OG0005010	MEW5313694.1	MEW5300843.1
OG0005011	MEW5313695.1	MEW5300842.1
OG0005012	MEW5313696.1	MEW5300840.1
OG0005013	MEW5313697.1	MEW5300839.1
OG0005014	MEW5313698.1	MEW5300838.1
OG0005015	MEW5313699.1	MEW5300837.1
OG0005016	MEW5313700.1	MEW5300834.1
OG0005017	MEW5313705.1	MEW5300830.1
OG0005018	MEW5313706.1, MEW5313707.1	
OG0005019	MEW5313708.1	MEW5300829.1
OG0005020	MEW5313710.1	MEW5300827.1
OG0005021	MEW5313712.1	MEW5300824.1
OG0005022	MEW5313713.1	MEW5300823.1
OG0005023	MEW5313718.1	MEW5300818.1
OG0005024	MEW5313719.1	MEW5300817.1
OG0005025	MEW5313720.1	MEW5300816.1
OG0005026	MEW5313721.1	MEW5300815.1
OG0005027	MEW5313722.1	MEW5300814.1
OG0005028	MEW5313725.1	MEW5300810.1
OG0005029	MEW5313726.1	MEW5300809.1
OG0005030	MEW5313727.1	MEW5300808.1
OG0005031	MEW5313728.1	MEW5300807.1
OG0005032	MEW5313729.1	MEW5300806.1
OG0005033	MEW5313733.1	MEW5300802.1
OG0005034	MEW5313734.1	MEW5300801.1
OG0005035	MEW5313740.1	MEW5300798.1
OG0005036	MEW5313741.1	MEW5300797.1
OG0005037	MEW5313742.1	MEW5300796.1
OG0005038	MEW5313743.1	MEW5300795.1
OG0005039	MEW5313745.1	MEW5300794.1
OG0005040	MEW5313746.1	MEW5300792.1
OG0005041	MEW5313747.1	MEW5300790.1
OG0005042	MEW5313755.1	MEW5300782.1
OG0005043	MEW5313759.1	MEW5300774.1
OG0005044	MEW5313760.1	MEW5300773.1
OG0005045	MEW5313762.1	MEW5300771.1
OG0005046	MEW5313763.1	MEW5300770.1
OG0005047	MEW5313767.1	MEW5300767.1
OG0005048	MEW5313769.1	MEW5300764.1
OG0005049	MEW5313774.1	MEW5300758.1
OG0005050	MEW5313775.1	MEW5300757.1
OG0005051	MEW5313778.1	MEW5300754.1
OG0005052	MEW5313779.1	MEW5300753.1
OG0005053	MEW5313780.1	MEW5300752.1
OG0005054	MEW5313781.1	MEW5300750.1
OG0005055	MEW5313784.1	MEW5300748.1
OG0005056	MEW5313785.1, MEW5313786.1	
OG0005057	MEW5313787.1	MEW5300747.1
OG0005058	MEW5313788.1	MEW5300746.1
OG0005059	MEW5313790.1	MEW5300745.1
OG0005060	MEW5313791.1	MEW5300744.1
OG0005061	MEW5313793.1	MEW5300743.1
OG0005062	MEW5313795.1	MEW5300740.1
OG0005063	MEW5313797.1	MEW5300736.1
OG0005064	MEW5313798.1	MEW5300735.1
OG0005065	MEW5313799.1	MEW5300734.1
OG0005066	MEW5313800.1	MEW5300733.1
OG0005067	MEW5313801.1	MEW5300732.1
OG0005068	MEW5313802.1	MEW5300730.1
OG0005069	MEW5313803.1	MEW5300729.1
OG0005070	MEW5313804.1	MEW5300728.1
OG0005071	MEW5313806.1	MEW5300727.1
OG0005072	MEW5313807.1	MEW5300726.1
OG0005073	MEW5313808.1	MEW5300725.1
OG0005074	MEW5313810.1	MEW5300724.1
OG0005075	MEW5313811.1	MEW5300723.1
OG0005076	MEW5313813.1	MEW5300721.1
OG0005077	MEW5313814.1	MEW5300720.1
OG0005078	MEW5313815.1	MEW5300719.1
OG0005079	MEW5313816.1	MEW5300718.1
OG0005080	MEW5313817.1	MEW5300713.1
OG0005081	MEW5313818.1	MEW5300712.1
OG0005082	MEW5313819.1	MEW5300711.1
OG0005083	MEW5313820.1	MEW5300710.1
OG0005084	MEW5313823.1	MEW5300708.1
OG0005085	MEW5313829.1	MEW5300704.1
OG0005086	MEW5313830.1	MEW5300702.1
OG0005087	MEW5313831.1	MEW5300701.1
OG0005088	MEW5313833.1	MEW5300698.1
OG0005089	MEW5313834.1	MEW5300697.1
OG0005090	MEW5313835.1	MEW5300696.1
OG0005091	MEW5313836.1	MEW5300695.1
OG0005092	MEW5313841.1	MEW5300687.1
OG0005093	MEW5313842.1	MEW5300688.1
OG0005094	MEW5313844.1	MEW5300691.1
OG0005095	MEW5313845.1, MEW5313846.1	
OG0005096	MEW5313848.1	MEW5300683.1
OG0005097	MEW5313849.1	MEW5300680.1
OG0005098	MEW5313850.1	MEW5300679.1
OG0005099	MEW5313851.1	MEW5300678.1
OG0005100	MEW5313853.1	MEW5300669.1
OG0005101	MEW5313856.1	MEW5300667.1
OG0005102	MEW5313857.1	MEW5300666.1
OG0005103	MEW5313861.1	MEW5300663.1
OG0005104	MEW5313865.1	MEW5300660.1
OG0005105	MEW5313866.1	MEW5300657.1
OG0005106	MEW5313867.1	MEW5300656.1
OG0005107	MEW5313868.1	MEW5300654.1
OG0005108	MEW5313918.1, MEW5313919.1	
OG0005109	MEW5313929.1	MEW5303825.1
OG0005110	MEW5313934.1, MEW5313935.1	
OG0005111	MEW5313954.1, MEW5317653.1	
OG0005112	MEW5313965.1	MEW5296888.1
OG0005113	MEW5313992.1	MEW5307607.1
OG0005114	MEW5313993.1, MEW5313994.1	
OG0005115	MEW5314009.1, MEW5314010.1	
OG0005116	MEW5314032.1	MEW5304889.1
OG0005117	MEW5314038.1, MEW5314039.1	
OG0005118	MEW5314040.1, MEW5314041.1	
OG0005119	MEW5314044.1, MEW5314045.1	
OG0005120	MEW5314057.1, MEW5319230.1	
OG0005121	MEW5314068.1	MEW5305376.1
OG0005122	MEW5314069.1	MEW5305373.1
OG0005123	MEW5314071.1	MEW5305371.1
OG0005124	MEW5314072.1	MEW5305370.1
OG0005125	MEW5314073.1	MEW5305369.1
OG0005126	MEW5314076.1	MEW5305367.1
OG0005127	MEW5314077.1	MEW5305362.1
OG0005128	MEW5314078.1	MEW5305361.1
OG0005129	MEW5314079.1	MEW5305360.1
OG0005130	MEW5314083.1	MEW5305357.1
OG0005131	MEW5314084.1	MEW5305355.1
OG0005132	MEW5314085.1	MEW5305354.1
OG0005133	MEW5314087.1	MEW5305352.1
OG0005134	MEW5314092.1	MEW5305347.1
OG0005135	MEW5314093.1	MEW5305346.1
OG0005136	MEW5314094.1	MEW5305345.1
OG0005137	MEW5314095.1	MEW5305343.1
OG0005138	MEW5314096.1	MEW5305342.1
OG0005139	MEW5314097.1	MEW5305341.1
OG0005140	MEW5314101.1	MEW5305339.1
OG0005141	MEW5314103.1	MEW5305337.1
OG0005142	MEW5314104.1	MEW5305336.1
OG0005143	MEW5314105.1	MEW5305335.1
OG0005144	MEW5314106.1	MEW5305334.1
OG0005145	MEW5314107.1	MEW5305333.1
OG0005146	MEW5314108.1	MEW5305332.1
OG0005147	MEW5314110.1	MEW5305329.1
OG0005148	MEW5314111.1	MEW5305328.1
OG0005149	MEW5314113.1	MEW5302317.1
OG0005150	MEW5314114.1	MEW5305325.1
OG0005151	MEW5314115.1	MEW5305324.1
OG0005152	MEW5314116.1	MEW5305323.1
OG0005153	MEW5314118.1	MEW5305319.1
OG0005154	MEW5314122.1	MEW5306512.1
OG0005155	MEW5314123.1	MEW5305316.1
OG0005156	MEW5314124.1	MEW5305315.1
OG0005157	MEW5314125.1	MEW5305314.1
OG0005158	MEW5314131.1	MEW5305310.1
OG0005159	MEW5314132.1	MEW5305309.1
OG0005160	MEW5314136.1	MEW5307065.1
OG0005161	MEW5314138.1	MEW5305302.1
OG0005162	MEW5314141.1	MEW5305298.1
OG0005163	MEW5314142.1	MEW5305297.1
OG0005164	MEW5314145.1	MEW5305294.1
OG0005165	MEW5314146.1	MEW5305293.1
OG0005166	MEW5314148.1	MEW5305292.1
OG0005167	MEW5314151.1	MEW5305290.1
OG0005168	MEW5314152.1	MEW5305289.1
OG0005169	MEW5314153.1	MEW5305288.1
OG0005170	MEW5314156.1	MEW5305286.1
OG0005171	MEW5314157.1	MEW5305285.1
OG0005172	MEW5314158.1	MEW5305282.1
OG0005173	MEW5314160.1	MEW5305281.1
OG0005174	MEW5314161.1	MEW5305280.1
OG0005175	MEW5314162.1	MEW5305279.1
OG0005176	MEW5314164.1	MEW5305276.1
OG0005177	MEW5314166.1	MEW5305273.1
OG0005178	MEW5314167.1	MEW5305272.1
OG0005179	MEW5314168.1	MEW5305271.1
OG0005180	MEW5314169.1, MEW5314170.1	
OG0005181	MEW5314171.1	MEW5305270.1
OG0005182	MEW5314175.1	MEW5305269.1
OG0005183	MEW5314181.1	MEW5305266.1
OG0005184	MEW5314184.1	MEW5305265.1
OG0005185	MEW5314186.1	MEW5305262.1
OG0005186	MEW5314187.1	MEW5305255.1
OG0005187	MEW5314188.1	MEW5305254.1
OG0005188	MEW5314189.1	MEW5305253.1
OG0005189	MEW5314190.1	MEW5305252.1
OG0005190	MEW5314191.1	MEW5305251.1
OG0005191	MEW5314192.1	MEW5305250.1
OG0005192	MEW5314193.1	MEW5305248.1
OG0005193	MEW5314194.1	MEW5305247.1
OG0005194	MEW5314196.1	MEW5305244.1
OG0005195	MEW5314197.1	MEW5305243.1
OG0005196	MEW5314199.1	MEW5305242.1
OG0005197	MEW5314200.1	MEW5305241.1
OG0005198	MEW5314201.1	MEW5305240.1
OG0005199	MEW5314205.1	MEW5305238.1
OG0005200	MEW5314207.1	MEW5305237.1
OG0005201	MEW5314208.1	MEW5305236.1
OG0005202	MEW5314209.1	MEW5305235.1
OG0005203	MEW5314212.1	MEW5305231.1
OG0005204	MEW5314214.1	MEW5305229.1
OG0005205	MEW5314217.1	MEW5305227.1
OG0005206	MEW5314218.1	MEW5305226.1
OG0005207	MEW5314219.1	MEW5305225.1
OG0005208	MEW5314223.1	MEW5305222.1
OG0005209	MEW5314226.1	MEW5305220.1
OG0005210	MEW5314227.1	MEW5305219.1
OG0005211	MEW5314228.1	MEW5305218.1
OG0005212	MEW5314230.1	MEW5305217.1
OG0005213	MEW5314232.1	MEW5305211.1
OG0005214	MEW5314233.1	MEW5305210.1
OG0005215	MEW5314234.1	MEW5305209.1
OG0005216	MEW5314235.1	MEW5306861.1
OG0005217	MEW5314236.1	MEW5306862.1
OG0005218	MEW5314239.1	MEW5306865.1
OG0005219	MEW5314240.1	MEW5306866.1
OG0005220	MEW5314241.1	MEW5306867.1
OG0005221	MEW5314242.1	MEW5306868.1
OG0005222	MEW5314243.1	MEW5306869.1
OG0005223	MEW5314244.1	MEW5306870.1
OG0005224	MEW5314245.1	MEW5306871.1
OG0005225	MEW5314247.1	MEW5306872.1
OG0005226	MEW5314248.1	MEW5306873.1
OG0005227	MEW5314249.1	MEW5306874.1
OG0005228	MEW5314250.1	MEW5306875.1
OG0005229	MEW5314251.1	MEW5306876.1
OG0005230	MEW5314252.1	MEW5306877.1
OG0005231	MEW5314253.1	MEW5306878.1
OG0005232	MEW5314254.1	MEW5306879.1
OG0005233	MEW5314255.1	MEW5306880.1
OG0005234	MEW5314256.1	MEW5306881.1
OG0005235	MEW5314257.1	MEW5306882.1
OG0005236	MEW5314258.1	MEW5306883.1
OG0005237	MEW5314259.1	MEW5306885.1
OG0005238	MEW5314261.1	MEW5306886.1
OG0005239	MEW5314262.1	MEW5306887.1
OG0005240	MEW5314263.1	MEW5306888.1
OG0005241	MEW5314265.1	MEW5306889.1
OG0005242	MEW5314267.1	MEW5306890.1
OG0005243	MEW5314270.1	MEW5306893.1
OG0005244	MEW5314273.1	MEW5306895.1
OG0005245	MEW5314274.1	MEW5306896.1
OG0005246	MEW5314276.1	MEW5302185.1
OG0005247	MEW5314277.1	MEW5306897.1
OG0005248	MEW5314278.1	MEW5306898.1
OG0005249	MEW5314279.1	MEW5306899.1
OG0005250	MEW5314282.1	MEW5306903.1
OG0005251	MEW5314283.1	MEW5306904.1
OG0005252	MEW5314284.1	MEW5306905.1
OG0005253	MEW5314287.1	MEW5306906.1
OG0005254	MEW5314289.1	MEW5306907.1
OG0005255	MEW5314292.1	MEW5306911.1
OG0005256	MEW5314293.1	MEW5306912.1
OG0005257	MEW5314296.1	MEW5306916.1
OG0005258	MEW5314297.1	MEW5306917.1
OG0005259	MEW5314298.1	MEW5306918.1
OG0005260	MEW5314301.1	MEW5306924.1
OG0005261	MEW5314303.1	MEW5306927.1
OG0005262	MEW5314304.1	MEW5306929.1
OG0005263	MEW5314307.1	MEW5306930.1
OG0005264	MEW5314309.1	MEW5306931.1
OG0005265	MEW5314310.1	MEW5306932.1
OG0005266	MEW5314315.1	MEW5306938.1
OG0005267	MEW5314316.1	MEW5306939.1
OG0005268	MEW5314317.1	MEW5306940.1
OG0005269	MEW5314320.1	MEW5306944.1
OG0005270	MEW5314321.1	MEW5306945.1
OG0005271	MEW5314326.1	MEW5306949.1
OG0005272	MEW5314327.1	MEW5306950.1
OG0005273	MEW5314328.1	MEW5306951.1
OG0005274	MEW5314329.1	MEW5306952.1
OG0005275	MEW5314331.1	MEW5306953.1
OG0005276	MEW5314332.1	MEW5306954.1
OG0005277	MEW5314333.1	MEW5306955.1
OG0005278	MEW5314334.1	MEW5306956.1
OG0005279	MEW5314335.1	MEW5306957.1
OG0005280	MEW5314336.1	MEW5306958.1
OG0005281	MEW5314337.1	MEW5306959.1
OG0005282	MEW5314338.1	MEW5306960.1
OG0005283	MEW5314339.1	MEW5306961.1
OG0005284	MEW5314340.1	MEW5306962.1
OG0005285	MEW5314341.1	MEW5306963.1
OG0005286	MEW5314342.1	MEW5306964.1
OG0005287	MEW5314343.1	MEW5306966.1
OG0005288	MEW5314344.1	MEW5306967.1
OG0005289	MEW5314345.1	MEW5306968.1
OG0005290	MEW5314346.1	MEW5306969.1
OG0005291	MEW5314347.1	MEW5306971.1
OG0005292	MEW5314348.1	MEW5306972.1
OG0005293	MEW5314352.1	MEW5306979.1
OG0005294	MEW5314355.1	MEW5306982.1
OG0005295	MEW5314356.1	MEW5306983.1
OG0005296	MEW5314359.1	MEW5306985.1
OG0005297	MEW5314360.1	MEW5306986.1
OG0005298	MEW5314361.1	MEW5306987.1
OG0005299	MEW5314362.1	MEW5306988.1
OG0005300	MEW5314363.1	MEW5306989.1
OG0005301	MEW5314364.1	MEW5306990.1
OG0005302	MEW5314365.1	MEW5306991.1
OG0005303	MEW5314366.1	MEW5306992.1
OG0005304	MEW5314371.1	MEW5306993.1
OG0005305	MEW5314374.1	MEW5297071.1
OG0005306	MEW5314377.1	MEW5297074.1
OG0005307	MEW5314378.1	MEW5297075.1
OG0005308	MEW5314379.1	MEW5297076.1
OG0005309	MEW5314380.1	MEW5297077.1
OG0005310	MEW5314382.1	MEW5297079.1
OG0005311	MEW5314384.1	MEW5297082.1
OG0005312	MEW5314385.1	MEW5297083.1
OG0005313	MEW5314388.1	MEW5297086.1
OG0005314	MEW5314393.1	MEW5297088.1
OG0005315	MEW5314394.1	MEW5297089.1
OG0005316	MEW5314399.1	MEW5297093.1
OG0005317	MEW5314400.1	MEW5297094.1
OG0005318	MEW5314408.1	MEW5297098.1
OG0005319	MEW5314411.1	MEW5297100.1
OG0005320	MEW5314412.1	MEW5297101.1
OG0005321	MEW5314415.1	MEW5297106.1
OG0005322	MEW5314416.1	MEW5297107.1
OG0005323	MEW5314417.1	MEW5297108.1
OG0005324	MEW5314419.1	MEW5297109.1
OG0005325	MEW5314420.1	MEW5297110.1
OG0005326	MEW5314421.1	MEW5297111.1
OG0005327	MEW5314424.1	MEW5297114.1
OG0005328	MEW5314425.1	MEW5297115.1
OG0005329	MEW5314427.1	MEW5304390.1
OG0005330	MEW5314428.1	MEW5297118.1
OG0005331	MEW5314430.1	MEW5297119.1
OG0005332	MEW5314431.1	MEW5297120.1
OG0005333	MEW5314435.1	MEW5297122.1
OG0005334	MEW5314441.1	MEW5297125.1
OG0005335	MEW5314442.1	MEW5297126.1
OG0005336	MEW5314443.1	MEW5297127.1
OG0005337	MEW5314445.1	MEW5297128.1
OG0005338	MEW5314447.1	MEW5297130.1
OG0005339	MEW5314448.1	MEW5297131.1
OG0005340	MEW5314454.1	MEW5297133.1
OG0005341	MEW5314456.1	MEW5297134.1
OG0005342	MEW5314458.1	MEW5297135.1
OG0005343	MEW5314462.1	MEW5297138.1
OG0005344	MEW5314463.1	MEW5297139.1
OG0005345	MEW5314464.1	MEW5297140.1
OG0005346	MEW5314465.1	MEW5297141.1
OG0005347	MEW5314466.1	MEW5297142.1
OG0005348	MEW5314467.1	MEW5297143.1
OG0005349	MEW5314470.1	MEW5297145.1
OG0005350	MEW5314471.1	MEW5297146.1
OG0005351	MEW5314472.1	MEW5297147.1
OG0005352	MEW5314473.1	MEW5297148.1
OG0005353	MEW5314476.1	MEW5297150.1
OG0005354	MEW5314477.1	MEW5297151.1
OG0005355	MEW5314478.1	MEW5297152.1
OG0005356	MEW5314480.1	MEW5297156.1
OG0005357	MEW5314481.1	MEW5297159.1
OG0005358	MEW5314482.1	MEW5297161.1
OG0005359	MEW5314483.1	MEW5297162.1
OG0005360	MEW5314485.1	MEW5297163.1
OG0005361	MEW5314486.1	MEW5297164.1
OG0005362	MEW5314488.1	MEW5297165.1
OG0005363	MEW5314489.1	MEW5297166.1
OG0005364	MEW5314490.1	MEW5297167.1
OG0005365	MEW5314491.1	MEW5297168.1
OG0005366	MEW5314493.1	MEW5297169.1
OG0005367	MEW5314494.1	MEW5297170.1
OG0005368	MEW5314498.1	MEW5297174.1
OG0005369	MEW5314501.1	MEW5297175.1
OG0005370	MEW5314505.1	MEW5297177.1
OG0005371	MEW5314509.1	MEW5297179.1
OG0005372	MEW5314513.1	MEW5297008.1
OG0005373	MEW5314515.1	MEW5297186.1
OG0005374	MEW5314516.1	MEW5297187.1
OG0005375	MEW5314517.1	MEW5297188.1
OG0005376	MEW5314518.1	MEW5297189.1
OG0005377	MEW5314520.1	MEW5297190.1
OG0005378	MEW5314523.1	MEW5297191.1
OG0005379	MEW5314524.1	MEW5297192.1
OG0005380	MEW5314526.1	MEW5297193.1
OG0005381	MEW5314531.1	MEW5297197.1
OG0005382	MEW5314532.1	MEW5297198.1
OG0005383	MEW5314533.1	MEW5297199.1
OG0005384	MEW5314534.1	MEW5297200.1
OG0005385	MEW5314535.1	MEW5297201.1
OG0005386	MEW5314536.1	MEW5297202.1
OG0005387	MEW5314538.1	MEW5297203.1
OG0005388	MEW5314540.1	MEW5297204.1
OG0005389	MEW5314541.1	MEW5297205.1
OG0005390	MEW5314542.1	MEW5297206.1
OG0005391	MEW5314548.1, MEW5314549.1	
OG0005392	MEW5314551.1	MEW5297210.1
OG0005393	MEW5314556.1	MEW5297219.1
OG0005394	MEW5314560.1	MEW5297221.1
OG0005395	MEW5314561.1	MEW5297222.1
OG0005396	MEW5314562.1	MEW5297225.1
OG0005397	MEW5314567.1	MEW5297228.1
OG0005398	MEW5314570.1	MEW5297230.1
OG0005399	MEW5314571.1	MEW5297231.1
OG0005400	MEW5314572.1	MEW5297232.1
OG0005401	MEW5314573.1	MEW5297233.1
OG0005402	MEW5314574.1	MEW5297234.1
OG0005403	MEW5314575.1	MEW5297235.1
OG0005404	MEW5314576.1	MEW5297236.1
OG0005405	MEW5314579.1	MEW5297238.1
OG0005406	MEW5314580.1	MEW5297239.1
OG0005407	MEW5314581.1	MEW5297240.1
OG0005408	MEW5314582.1	MEW5297241.1
OG0005409	MEW5314583.1	MEW5297242.1
OG0005410	MEW5314584.1	MEW5297243.1
OG0005411	MEW5314586.1	MEW5297244.1
OG0005412	MEW5314587.1	MEW5297245.1
OG0005413	MEW5314590.1	MEW5297247.1
OG0005414	MEW5314591.1	MEW5297248.1
OG0005415	MEW5314592.1	MEW5297249.1
OG0005416	MEW5314594.1	MEW5297250.1
OG0005417	MEW5314596.1	MEW5297253.1
OG0005418	MEW5314597.1	MEW5297254.1
OG0005419	MEW5314598.1	MEW5297255.1
OG0005420	MEW5314599.1	MEW5297256.1
OG0005421	MEW5314600.1	MEW5297257.1
OG0005422	MEW5314601.1	MEW5297259.1
OG0005423	MEW5314602.1	MEW5297260.1
OG0005424	MEW5314605.1	MEW5297263.1
OG0005425	MEW5314610.1	MEW5297268.1
OG0005426	MEW5314615.1	MEW5297272.1
OG0005427	MEW5314618.1	MEW5297276.1
OG0005428	MEW5314620.1	MEW5297278.1
OG0005429	MEW5314622.1	MEW5297281.1
OG0005430	MEW5314623.1	MEW5297282.1
OG0005431	MEW5314625.1	MEW5297283.1
OG0005432	MEW5314627.1	MEW5297284.1
OG0005433	MEW5314629.1	MEW5297285.1
OG0005434	MEW5314631.1	MEW5297286.1
OG0005435	MEW5314632.1	MEW5297289.1
OG0005436	MEW5314635.1	MEW5297291.1
OG0005437	MEW5314636.1	MEW5297292.1
OG0005438	MEW5314637.1	MEW5297293.1
OG0005439	MEW5314638.1	MEW5297294.1
OG0005440	MEW5314642.1	MEW5297296.1
OG0005441	MEW5314644.1	MEW5297297.1
OG0005442	MEW5314645.1	MEW5297298.1
OG0005443	MEW5314647.1	MEW5297299.1
OG0005444	MEW5314649.1	MEW5297300.1
OG0005445	MEW5314653.1	MEW5297302.1
OG0005446	MEW5314655.1	MEW5297303.1
OG0005447	MEW5314656.1	MEW5297305.1
OG0005448	MEW5314657.1	MEW5297306.1
OG0005449	MEW5314658.1	MEW5297307.1
OG0005450	MEW5314662.1	MEW5297311.1
OG0005451	MEW5314664.1	MEW5297312.1
OG0005452	MEW5314668.1	MEW5297315.1
OG0005453	MEW5314669.1	MEW5297316.1
OG0005454	MEW5314670.1	MEW5297317.1
OG0005455	MEW5314671.1	MEW5297318.1
OG0005456	MEW5314672.1	MEW5297319.1
OG0005457	MEW5314674.1	MEW5306361.1
OG0005458	MEW5314677.1	MEW5297325.1
OG0005459	MEW5314678.1	MEW5306496.1
OG0005460	MEW5314680.1	MEW5297328.1
OG0005461	MEW5314681.1	MEW5297329.1
OG0005462	MEW5314682.1	MEW5297330.1
OG0005463	MEW5314689.1	MEW5297333.1
OG0005464	MEW5314692.1	MEW5297334.1
OG0005465	MEW5314695.1	MEW5297335.1
OG0005466	MEW5314696.1	MEW5297336.1
OG0005467	MEW5314701.1	MEW5297342.1
OG0005468	MEW5314702.1	MEW5297343.1
OG0005469	MEW5314703.1	MEW5297344.1
OG0005470	MEW5314707.1	MEW5297347.1
OG0005471	MEW5314708.1	MEW5297348.1
OG0005472	MEW5314709.1	MEW5297349.1
OG0005473	MEW5314710.1	MEW5297350.1
OG0005474	MEW5314711.1	MEW5297351.1
OG0005475	MEW5314712.1	MEW5297352.1
OG0005476	MEW5314713.1	MEW5297353.1
OG0005477	MEW5314714.1	MEW5297354.1
OG0005478	MEW5314718.1	MEW5297358.1
OG0005479	MEW5314720.1	MEW5297359.1
OG0005480	MEW5314721.1	MEW5297360.1
OG0005481	MEW5314723.1	MEW5297362.1
OG0005482	MEW5314732.1	MEW5297370.1
OG0005483	MEW5314736.1	MEW5297377.1
OG0005484	MEW5314737.1	MEW5297378.1
OG0005485	MEW5314738.1	MEW5297379.1
OG0005486	MEW5314739.1	MEW5297380.1
OG0005487	MEW5314741.1	MEW5297381.1
OG0005488	MEW5314742.1	MEW5297382.1
OG0005489	MEW5314743.1	MEW5297383.1
OG0005490	MEW5314744.1	MEW5297384.1
OG0005491	MEW5314745.1	MEW5297385.1
OG0005492	MEW5314746.1	MEW5297386.1
OG0005493	MEW5314748.1	MEW5297387.1
OG0005494	MEW5314750.1	MEW5297390.1
OG0005495	MEW5314751.1	MEW5297393.1
OG0005496	MEW5314752.1	MEW5297394.1
OG0005497	MEW5314753.1	MEW5297395.1
OG0005498	MEW5314757.1	MEW5297402.1
OG0005499	MEW5314760.1	MEW5297403.1
OG0005500	MEW5314761.1	MEW5297404.1
OG0005501	MEW5314764.1	MEW5297406.1
OG0005502	MEW5314765.1	MEW5297407.1
OG0005503	MEW5314767.1	MEW5297409.1
OG0005504	MEW5314768.1, MEW5318969.1	
OG0005505	MEW5314769.1	MEW5297410.1
OG0005506	MEW5314770.1	MEW5297411.1
OG0005507	MEW5314771.1	MEW5297412.1
OG0005508	MEW5314772.1	MEW5297413.1
OG0005509	MEW5314773.1	MEW5297414.1
OG0005510	MEW5314775.1	MEW5297416.1
OG0005511	MEW5314776.1	MEW5297417.1
OG0005512	MEW5314779.1	MEW5297419.1
OG0005513	MEW5314782.1	MEW5297420.1
OG0005514	MEW5314785.1	MEW5297424.1
OG0005515	MEW5314787.1	MEW5297427.1
OG0005516	MEW5314788.1	MEW5297428.1
OG0005517	MEW5314789.1	MEW5297429.1
OG0005518	MEW5314791.1	MEW5297432.1
OG0005519	MEW5314794.1, MEW5317926.1	
OG0005520	MEW5314795.1	MEW5307655.1
OG0005521	MEW5314797.1	MEW5297438.1
OG0005522	MEW5314798.1	MEW5297439.1
OG0005523	MEW5314799.1	MEW5297440.1
OG0005524	MEW5314803.1	MEW5297442.1
OG0005525	MEW5314804.1	MEW5297443.1
OG0005526	MEW5314805.1	MEW5297444.1
OG0005527	MEW5314806.1	MEW5297445.1
OG0005528	MEW5314807.1	MEW5297446.1
OG0005529	MEW5314808.1	MEW5297447.1
OG0005530	MEW5314809.1	MEW5297448.1
OG0005531	MEW5314812.1	MEW5297452.1
OG0005532	MEW5314813.1	MEW5297453.1
OG0005533	MEW5314814.1	MEW5297454.1
OG0005534	MEW5314815.1	MEW5297455.1
OG0005535	MEW5314816.1	MEW5297456.1
OG0005536	MEW5314819.1	MEW5297459.1
OG0005537	MEW5314820.1	MEW5297460.1
OG0005538	MEW5314821.1	MEW5297461.1
OG0005539	MEW5314822.1	MEW5297462.1
OG0005540	MEW5314824.1	MEW5297463.1
OG0005541	MEW5314826.1	MEW5297464.1
OG0005542	MEW5314827.1	MEW5297465.1
OG0005543	MEW5314830.1	MEW5297469.1
OG0005544	MEW5314831.1	MEW5297470.1
OG0005545	MEW5314837.1	MEW5297474.1
OG0005546	MEW5314839.1	MEW5297475.1
OG0005547	MEW5314840.1	MEW5297476.1
OG0005548	MEW5314846.1	MEW5297479.1
OG0005549	MEW5314849.1	MEW5297481.1
OG0005550	MEW5314850.1	MEW5297482.1
OG0005551	MEW5314853.1, MEW5317673.1	
OG0005552	MEW5314854.1	MEW5297483.1
OG0005553	MEW5314856.1	MEW5297484.1
OG0005554	MEW5314858.1	MEW5297485.1
OG0005555	MEW5314859.1	MEW5297486.1
OG0005556	MEW5314860.1	MEW5297487.1
OG0005557	MEW5314861.1	MEW5297488.1
OG0005558	MEW5314862.1	MEW5297489.1
OG0005559	MEW5314863.1	MEW5297490.1
OG0005560	MEW5314866.1	MEW5297492.1
OG0005561	MEW5314867.1	MEW5297493.1
OG0005562	MEW5314868.1	MEW5297498.1
OG0005563	MEW5314869.1	MEW5297500.1
OG0005564	MEW5314870.1	MEW5297502.1
OG0005565	MEW5314871.1	MEW5297503.1
OG0005566	MEW5314872.1	MEW5297505.1
OG0005567	MEW5314875.1	MEW5297508.1
OG0005568	MEW5314879.1	MEW5297512.1
OG0005569	MEW5314882.1	MEW5297514.1
OG0005570	MEW5314884.1	MEW5297515.1
OG0005571	MEW5314885.1	MEW5297516.1
OG0005572	MEW5314888.1	MEW5297519.1
OG0005573	MEW5314890.1	MEW5297521.1
OG0005574	MEW5314894.1	MEW5297524.1
OG0005575	MEW5314895.1	MEW5297525.1
OG0005576	MEW5314900.1, MEW5315245.1	
OG0005577	MEW5314903.1, MEW5315243.1	
OG0005578	MEW5314904.1, MEW5315242.1	
OG0005579	MEW5314908.1, MEW5315239.1	
OG0005580	MEW5314912.1	MEW5306681.1
OG0005581	MEW5314930.1	MEW5302818.1
OG0005582	MEW5314966.1, MEW5314994.1	
OG0005583	MEW5314972.1	MEW5304420.1
OG0005584	MEW5314977.1, MEW5317570.1	
OG0005585	MEW5314981.1, MEW5314982.1	
OG0005586	MEW5314986.1, MEW5315006.1	
OG0005587	MEW5314989.1	MEW5301008.1
OG0005588	MEW5314991.1, MEW5316290.1	
OG0005589	MEW5315002.1	MEW5304458.1
OG0005590	MEW5315004.1	MEW5306097.1
OG0005591	MEW5315005.1	MEW5306098.1
OG0005592	MEW5315008.1	MEW5307373.1
OG0005593	MEW5315031.1, MEW5315032.1	
OG0005594	MEW5315038.1, MEW5315039.1	
OG0005595	MEW5315047.1	MEW5303994.1
OG0005596	MEW5315051.1	MEW5297324.1
OG0005597	MEW5315052.1, MEW5315053.1	
OG0005598	MEW5315054.1	MEW5301784.1
OG0005599	MEW5315055.1	MEW5301785.1
OG0005600	MEW5315057.1, MEW5315058.1	
OG0005601	MEW5315061.1, MEW5315062.1	
OG0005602	MEW5315063.1	MEW5305836.1
OG0005603	MEW5315064.1	MEW5299830.1
OG0005604	MEW5315065.1, MEW5317141.1	
OG0005605	MEW5315067.1	MEW5302840.1
OG0005606	MEW5315076.1	MEW5300449.1
OG0005607	MEW5315116.1, MEW5315117.1	
OG0005608	MEW5315127.1, MEW5315128.1	
OG0005609	MEW5315129.1	MEW5306791.1
OG0005610	MEW5315133.1, MEW5315134.1	
OG0005611	MEW5315145.1	MEW5304845.1
OG0005612	MEW5315158.1, MEW5315159.1	
OG0005613	MEW5315163.1, MEW5315700.1	
OG0005614	MEW5315168.1, MEW5315169.1	
OG0005615	MEW5315175.1	MEW5305538.1
OG0005616	MEW5315176.1	MEW5305537.1
OG0005617	MEW5315177.1	MEW5305536.1
OG0005618	MEW5315183.1	MEW5303814.1
OG0005619	MEW5315233.1	MEW5304426.1
OG0005620	MEW5315252.1	MEW5297526.1
OG0005621	MEW5315253.1	MEW5297527.1
OG0005622	MEW5315256.1	MEW5297530.1
OG0005623	MEW5315258.1	MEW5297531.1
OG0005624	MEW5315260.1	MEW5297532.1
OG0005625	MEW5315264.1	MEW5297535.1
OG0005626	MEW5315265.1	MEW5297536.1
OG0005627	MEW5315266.1	MEW5297537.1
OG0005628	MEW5315267.1	MEW5297538.1
OG0005629	MEW5315269.1	MEW5297539.1
OG0005630	MEW5315271.1	MEW5297540.1
OG0005631	MEW5315274.1	MEW5297542.1
OG0005632	MEW5315275.1	MEW5297543.1
OG0005633	MEW5315276.1	MEW5297544.1
OG0005634	MEW5315277.1	MEW5297545.1
OG0005635	MEW5315278.1	MEW5297546.1
OG0005636	MEW5315279.1	MEW5297547.1
OG0005637	MEW5315281.1	MEW5297548.1
OG0005638	MEW5315282.1	MEW5297549.1
OG0005639	MEW5315283.1, MEW5315284.1	
OG0005640	MEW5315285.1	MEW5297550.1
OG0005641	MEW5315286.1	MEW5297551.1
OG0005642	MEW5315288.1	MEW5297553.1
OG0005643	MEW5315289.1	MEW5297554.1
OG0005644	MEW5315290.1	MEW5297559.1
OG0005645	MEW5315291.1	MEW5297555.1
OG0005646	MEW5315293.1	MEW5297561.1
OG0005647	MEW5315295.1	MEW5297564.1
OG0005648	MEW5315296.1	MEW5297565.1
OG0005649	MEW5315298.1	MEW5297566.1
OG0005650	MEW5315301.1	MEW5297569.1
OG0005651	MEW5315303.1	MEW5297571.1
OG0005652	MEW5315304.1	MEW5297572.1
OG0005653	MEW5315305.1	MEW5297573.1
OG0005654	MEW5315306.1	MEW5297574.1
OG0005655	MEW5315307.1	MEW5297575.1
OG0005656	MEW5315308.1	MEW5297576.1
OG0005657	MEW5315310.1	MEW5297579.1
OG0005658	MEW5315311.1	MEW5297581.1
OG0005659	MEW5315312.1	MEW5297582.1
OG0005660	MEW5315313.1	MEW5297583.1
OG0005661	MEW5315314.1	MEW5297584.1
OG0005662	MEW5315315.1	MEW5297585.1
OG0005663	MEW5315317.1	MEW5297587.1
OG0005664	MEW5315320.1	MEW5297588.1
OG0005665	MEW5315325.1	MEW5297589.1
OG0005666	MEW5315326.1	MEW5297590.1
OG0005667	MEW5315327.1	MEW5297591.1
OG0005668	MEW5315329.1	MEW5297595.1
OG0005669	MEW5315330.1	MEW5297596.1
OG0005670	MEW5315331.1	MEW5297597.1
OG0005671	MEW5315332.1	MEW5297598.1
OG0005672	MEW5315333.1, MEW5317603.1	
OG0005673	MEW5315334.1	MEW5297599.1
OG0005674	MEW5315335.1	MEW5297600.1
OG0005675	MEW5315336.1	MEW5297601.1
OG0005676	MEW5315337.1	MEW5297602.1
OG0005677	MEW5315341.1	MEW5297606.1
OG0005678	MEW5315342.1	MEW5297607.1
OG0005679	MEW5315343.1	MEW5297608.1
OG0005680	MEW5315344.1	MEW5297609.1
OG0005681	MEW5315347.1	MEW5297611.1
OG0005682	MEW5315351.1	MEW5297616.1
OG0005683	MEW5315352.1	MEW5297617.1
OG0005684	MEW5315355.1	MEW5297619.1
OG0005685	MEW5315357.1	MEW5297620.1
OG0005686	MEW5315358.1	MEW5297621.1
OG0005687	MEW5315359.1	MEW5297622.1
OG0005688	MEW5315363.1	MEW5297623.1
OG0005689	MEW5315364.1	MEW5297624.1
OG0005690	MEW5315367.1	MEW5297626.1
OG0005691	MEW5315370.1	MEW5297629.1
OG0005692	MEW5315373.1	MEW5297631.1
OG0005693	MEW5315375.1	MEW5297633.1
OG0005694	MEW5315381.1	MEW5297639.1
OG0005695	MEW5315382.1	MEW5297640.1
OG0005696	MEW5315383.1	MEW5297641.1
OG0005697	MEW5315384.1	MEW5297643.1
OG0005698	MEW5315385.1	MEW5297645.1
OG0005699	MEW5315386.1	MEW5297646.1
OG0005700	MEW5315389.1	MEW5297648.1
OG0005701	MEW5315390.1	MEW5297649.1
OG0005702	MEW5315392.1	MEW5297650.1
OG0005703	MEW5315394.1	MEW5297651.1
OG0005704	MEW5315395.1	MEW5297652.1
OG0005705	MEW5315396.1	MEW5297653.1
OG0005706	MEW5315398.1	MEW5297655.1
OG0005707	MEW5315399.1	MEW5297656.1
OG0005708	MEW5315400.1	MEW5297657.1
OG0005709	MEW5315403.1	MEW5297660.1
OG0005710	MEW5315404.1	MEW5297661.1
OG0005711	MEW5315406.1	MEW5297663.1
OG0005712	MEW5315408.1	MEW5297664.1
OG0005713	MEW5315409.1	MEW5297665.1
OG0005714	MEW5315413.1	MEW5297671.1
OG0005715	MEW5315414.1	MEW5297673.1
OG0005716	MEW5315415.1	MEW5297674.1
OG0005717	MEW5315417.1	MEW5297676.1
OG0005718	MEW5315418.1	MEW5297677.1
OG0005719	MEW5315420.1	MEW5297678.1
OG0005720	MEW5315424.1	MEW5297683.1
OG0005721	MEW5315431.1	MEW5297688.1
OG0005722	MEW5315435.1	MEW5297689.1
OG0005723	MEW5315439.1	MEW5300912.1
OG0005724	MEW5315440.1	MEW5300913.1
OG0005725	MEW5315441.1	MEW5297692.1
OG0005726	MEW5315442.1	MEW5297693.1
OG0005727	MEW5315444.1	MEW5297695.1
OG0005728	MEW5315445.1	MEW5297696.1
OG0005729	MEW5315448.1	MEW5297698.1
OG0005730	MEW5315449.1	MEW5297699.1
OG0005731	MEW5315450.1	MEW5297700.1
OG0005732	MEW5315451.1	MEW5297701.1
OG0005733	MEW5315452.1	MEW5297702.1
OG0005734	MEW5315453.1	MEW5297703.1
OG0005735	MEW5315454.1	MEW5297704.1
OG0005736	MEW5315457.1	MEW5297706.1
OG0005737	MEW5315459.1	MEW5297707.1
OG0005738	MEW5315462.1	MEW5297711.1
OG0005739	MEW5315463.1	MEW5297712.1
OG0005740	MEW5315464.1	MEW5297713.1
OG0005741	MEW5315467.1	MEW5297714.1
OG0005742	MEW5315468.1	MEW5297715.1
OG0005743	MEW5315469.1	MEW5297716.1
OG0005744	MEW5315470.1	MEW5297717.1
OG0005745	MEW5315471.1	MEW5297718.1
OG0005746	MEW5315472.1	MEW5297719.1
OG0005747	MEW5315473.1	MEW5297720.1
OG0005748	MEW5315476.1	MEW5297721.1
OG0005749	MEW5315477.1	MEW5297722.1
OG0005750	MEW5315478.1	MEW5297723.1
OG0005751	MEW5315479.1	MEW5297724.1
OG0005752	MEW5315480.1	MEW5297725.1
OG0005753	MEW5315482.1	MEW5297727.1
OG0005754	MEW5315483.1	MEW5297728.1
OG0005755	MEW5315484.1	MEW5297729.1
OG0005756	MEW5315485.1	MEW5297730.1
OG0005757	MEW5315486.1	MEW5297731.1
OG0005758	MEW5315487.1	MEW5297732.1
OG0005759	MEW5315488.1	MEW5297733.1
OG0005760	MEW5315489.1	MEW5297734.1
OG0005761	MEW5315490.1	MEW5297735.1
OG0005762	MEW5315491.1	MEW5297736.1
OG0005763	MEW5315494.1	MEW5297738.1
OG0005764	MEW5315508.1	MEW5297748.1
OG0005765	MEW5315509.1	MEW5297749.1
OG0005766	MEW5315510.1	MEW5297750.1
OG0005767	MEW5315511.1	MEW5297751.1
OG0005768	MEW5315512.1	MEW5297752.1
OG0005769	MEW5315514.1	MEW5297753.1
OG0005770	MEW5315515.1	MEW5297754.1
OG0005771	MEW5315516.1	MEW5297755.1
OG0005772	MEW5315518.1	MEW5297756.1
OG0005773	MEW5315519.1	MEW5297757.1
OG0005774	MEW5315520.1	MEW5297759.1
OG0005775	MEW5315521.1	MEW5297760.1
OG0005776	MEW5315524.1	MEW5297762.1
OG0005777	MEW5315525.1	MEW5297763.1
OG0005778	MEW5315527.1	MEW5297765.1
OG0005779	MEW5315529.1	MEW5297768.1
OG0005780	MEW5315534.1	MEW5297771.1
OG0005781	MEW5315538.1	MEW5297774.1
OG0005782	MEW5315539.1	MEW5297775.1
OG0005783	MEW5315540.1	MEW5297776.1
OG0005784	MEW5315542.1	MEW5297779.1
OG0005785	MEW5315543.1	MEW5297780.1
OG0005786	MEW5315544.1	MEW5297781.1
OG0005787	MEW5315546.1	MEW5297782.1
OG0005788	MEW5315547.1	MEW5297784.1
OG0005789	MEW5315548.1	MEW5297785.1
OG0005790	MEW5315549.1	MEW5297786.1
OG0005791	MEW5315550.1	MEW5297787.1
OG0005792	MEW5315551.1	MEW5297788.1
OG0005793	MEW5315552.1	MEW5297789.1
OG0005794	MEW5315555.1	MEW5297791.1
OG0005795	MEW5315556.1	MEW5297792.1
OG0005796	MEW5315557.1	MEW5297793.1
OG0005797	MEW5315558.1	MEW5297794.1
OG0005798	MEW5315559.1	MEW5297795.1
OG0005799	MEW5315560.1	MEW5297796.1
OG0005800	MEW5315561.1	MEW5297797.1
OG0005801	MEW5315562.1	MEW5297798.1
OG0005802	MEW5315563.1	MEW5297799.1
OG0005803	MEW5315566.1	MEW5297800.1
OG0005804	MEW5315567.1	MEW5297801.1
OG0005805	MEW5315569.1	MEW5297804.1
OG0005806	MEW5315570.1	MEW5297806.1
OG0005807	MEW5315571.1	MEW5297807.1
OG0005808	MEW5315576.1	MEW5303901.1
OG0005809	MEW5315579.1	MEW5297817.1
OG0005810	MEW5315580.1	MEW5297818.1
OG0005811	MEW5315583.1	MEW5297820.1
OG0005812	MEW5315584.1	MEW5297821.1
OG0005813	MEW5315585.1	MEW5297822.1
OG0005814	MEW5315586.1	MEW5297823.1
OG0005815	MEW5315587.1	MEW5297824.1
OG0005816	MEW5315590.1	MEW5297827.1
OG0005817	MEW5315591.1	MEW5297829.1
OG0005818	MEW5315592.1	MEW5297830.1
OG0005819	MEW5315593.1	MEW5297831.1
OG0005820	MEW5315596.1	MEW5297833.1
OG0005821	MEW5315597.1	MEW5297834.1
OG0005822	MEW5315598.1	MEW5297836.1
OG0005823	MEW5315599.1	MEW5297837.1
OG0005824	MEW5315600.1	MEW5297838.1
OG0005825	MEW5315601.1	MEW5297839.1
OG0005826	MEW5315604.1	MEW5297842.1
OG0005827	MEW5315605.1	MEW5297843.1
OG0005828	MEW5315607.1	MEW5297845.1
OG0005829	MEW5315609.1	MEW5297847.1
OG0005830	MEW5315610.1	MEW5297848.1
OG0005831	MEW5315611.1	MEW5297849.1
OG0005832	MEW5315612.1	MEW5297850.1
OG0005833	MEW5315614.1	MEW5297851.1
OG0005834	MEW5315615.1	MEW5297852.1
OG0005835	MEW5315617.1	MEW5300423.1
OG0005836	MEW5315618.1	MEW5300422.1
OG0005837	MEW5315619.1	MEW5300421.1
OG0005838	MEW5315626.1	MEW5297853.1
OG0005839	MEW5315630.1, MEW5315631.1	
OG0005840	MEW5315632.1	MEW5297854.1
OG0005841	MEW5315634.1	MEW5297856.1
OG0005842	MEW5315635.1	MEW5297857.1
OG0005843	MEW5315636.1	MEW5297858.1
OG0005844	MEW5315637.1	MEW5297859.1
OG0005845	MEW5315638.1	MEW5297860.1
OG0005846	MEW5315639.1	MEW5297861.1
OG0005847	MEW5315641.1	MEW5297863.1
OG0005848	MEW5315644.1	MEW5297865.1
OG0005849	MEW5315646.1	MEW5297867.1
OG0005850	MEW5315647.1	MEW5297868.1
OG0005851	MEW5315648.1	MEW5297871.1
OG0005852	MEW5315649.1	MEW5297872.1
OG0005853	MEW5315650.1	MEW5297873.1
OG0005854	MEW5315651.1	MEW5297874.1
OG0005855	MEW5315653.1	MEW5297876.1
OG0005856	MEW5315660.1	MEW5297888.1
OG0005857	MEW5315661.1	MEW5297887.1
OG0005858	MEW5315662.1	MEW5297886.1
OG0005859	MEW5315667.1	MEW5297883.1
OG0005860	MEW5315668.1	MEW5297881.1
OG0005861	MEW5315669.1	MEW5297880.1
OG0005862	MEW5315673.1	MEW5297890.1
OG0005863	MEW5315682.1	MEW5297893.1
OG0005864	MEW5315683.1	MEW5297894.1
OG0005865	MEW5315684.1	MEW5297895.1
OG0005866	MEW5315685.1	MEW5297896.1
OG0005867	MEW5315686.1	MEW5306390.1
OG0005868	MEW5315687.1	MEW5306389.1
OG0005869	MEW5315688.1	MEW5306388.1
OG0005870	MEW5315689.1	MEW5306385.1
OG0005871	MEW5315690.1	MEW5306384.1
OG0005872	MEW5315691.1	MEW5306383.1
OG0005873	MEW5315692.1	MEW5306382.1
OG0005874	MEW5315693.1	MEW5306381.1
OG0005875	MEW5315694.1	MEW5306380.1
OG0005876	MEW5315697.1	MEW5306377.1
OG0005877	MEW5315698.1	MEW5306376.1
OG0005878	MEW5315702.1	MEW5306374.1
OG0005879	MEW5315703.1	MEW5306373.1
OG0005880	MEW5315706.1	MEW5306370.1
OG0005881	MEW5315707.1	MEW5306369.1
OG0005882	MEW5315708.1	MEW5306368.1
OG0005883	MEW5315709.1	MEW5306365.1
OG0005884	MEW5315710.1	MEW5306364.1
OG0005885	MEW5315714.1	MEW5306362.1
OG0005886	MEW5315715.1	MEW5306354.1
OG0005887	MEW5315716.1	MEW5306316.1
OG0005888	MEW5315717.1	MEW5306315.1
OG0005889	MEW5315719.1	MEW5306312.1
OG0005890	MEW5315720.1	MEW5306311.1
OG0005891	MEW5315721.1	MEW5306308.1
OG0005892	MEW5315722.1	MEW5306307.1
OG0005893	MEW5315725.1	MEW5306304.1
OG0005894	MEW5315726.1	MEW5306303.1
OG0005895	MEW5315727.1	MEW5306302.1
OG0005896	MEW5315728.1	MEW5306301.1
OG0005897	MEW5315729.1	MEW5306298.1
OG0005898	MEW5315730.1	MEW5306297.1
OG0005899	MEW5315733.1	MEW5306331.1
OG0005900	MEW5315735.1	MEW5306334.1
OG0005901	MEW5315736.1	MEW5306335.1
OG0005902	MEW5315737.1	MEW5306336.1
OG0005903	MEW5315739.1	MEW5306337.1
OG0005904	MEW5315743.1	MEW5306340.1
OG0005905	MEW5315744.1	MEW5306342.1
OG0005906	MEW5315745.1	MEW5306343.1
OG0005907	MEW5315754.1	MEW5306319.1
OG0005908	MEW5315755.1	MEW5306320.1
OG0005909	MEW5315757.1	MEW5306321.1
OG0005910	MEW5315758.1	MEW5306322.1
OG0005911	MEW5315762.1	MEW5306323.1
OG0005912	MEW5315763.1	MEW5306326.1
OG0005913	MEW5315765.1	MEW5306328.1
OG0005914	MEW5315767.1	MEW5306330.1
OG0005915	MEW5315768.1	MEW5297070.1
OG0005916	MEW5315770.1	MEW5297067.1
OG0005917	MEW5315771.1	MEW5297066.1
OG0005918	MEW5315772.1	MEW5297065.1
OG0005919	MEW5315774.1	MEW5297063.1
OG0005920	MEW5315775.1	MEW5297062.1
OG0005921	MEW5315779.1	MEW5297057.1
OG0005922	MEW5315782.1	MEW5297050.1
OG0005923	MEW5315783.1	MEW5297049.1
OG0005924	MEW5315784.1	MEW5297048.1
OG0005925	MEW5315785.1	MEW5297047.1
OG0005926	MEW5315790.1	MEW5297046.1
OG0005927	MEW5315791.1	MEW5297045.1
OG0005928	MEW5315792.1	MEW5297044.1
OG0005929	MEW5315794.1	MEW5297041.1
OG0005930	MEW5315795.1	MEW5297040.1
OG0005931	MEW5315796.1	MEW5297039.1
OG0005932	MEW5315800.1	MEW5297034.1
OG0005933	MEW5315801.1	MEW5297033.1
OG0005934	MEW5315802.1	MEW5297032.1
OG0005935	MEW5315803.1	MEW5297031.1
OG0005936	MEW5315804.1	MEW5297030.1
OG0005937	MEW5315805.1	MEW5297029.1
OG0005938	MEW5315807.1	MEW5297028.1
OG0005939	MEW5315809.1	MEW5297025.1
OG0005940	MEW5315810.1	MEW5297024.1
OG0005941	MEW5315815.1	MEW5297016.1
OG0005942	MEW5315816.1	MEW5297015.1
OG0005943	MEW5315818.1	MEW5297014.1
OG0005944	MEW5315820.1	MEW5297013.1
OG0005945	MEW5315823.1	MEW5297012.1
OG0005946	MEW5315825.1	MEW5297006.1
OG0005947	MEW5315826.1	MEW5297005.1
OG0005948	MEW5315829.1	MEW5297000.1
OG0005949	MEW5315830.1	MEW5296999.1
OG0005950	MEW5315831.1	MEW5296998.1
OG0005951	MEW5315833.1	MEW5296996.1
OG0005952	MEW5315834.1	MEW5296995.1
OG0005953	MEW5315836.1	MEW5296994.1
OG0005954	MEW5315842.1	MEW5296990.1
OG0005955	MEW5315844.1	MEW5296989.1
OG0005956	MEW5315845.1	MEW5296988.1
OG0005957	MEW5315846.1	MEW5296987.1
OG0005958	MEW5315848.1	MEW5296986.1
OG0005959	MEW5315850.1	MEW5296985.1
OG0005960	MEW5315853.1	MEW5296982.1
OG0005961	MEW5315854.1	MEW5296981.1
OG0005962	MEW5315855.1	MEW5296980.1
OG0005963	MEW5315856.1, MEW5315857.1	
OG0005964	MEW5315858.1	MEW5296978.1
OG0005965	MEW5315859.1	MEW5296977.1
OG0005966	MEW5315860.1	MEW5296976.1
OG0005967	MEW5315861.1	MEW5296975.1
OG0005968	MEW5315862.1	MEW5296974.1
OG0005969	MEW5315863.1	MEW5296973.1
OG0005970	MEW5315864.1	MEW5296972.1
OG0005971	MEW5315866.1	MEW5296971.1
OG0005972	MEW5315870.1	MEW5296970.1
OG0005973	MEW5315873.1	MEW5296967.1
OG0005974	MEW5315874.1	MEW5296966.1
OG0005975	MEW5315880.1	MEW5296962.1
OG0005976	MEW5315881.1	MEW5296961.1
OG0005977	MEW5315882.1	MEW5296960.1
OG0005978	MEW5315883.1	MEW5296958.1
OG0005979	MEW5315886.1	MEW5296956.1
OG0005980	MEW5315887.1	MEW5296955.1
OG0005981	MEW5315889.1	MEW5296954.1
OG0005982	MEW5315890.1	MEW5296953.1
OG0005983	MEW5315891.1	MEW5296952.1
OG0005984	MEW5315893.1	MEW5296951.1
OG0005985	MEW5315894.1	MEW5296950.1
OG0005986	MEW5315895.1	MEW5296949.1
OG0005987	MEW5315897.1	MEW5296946.1
OG0005988	MEW5315898.1	MEW5296945.1
OG0005989	MEW5315900.1	MEW5296944.1
OG0005990	MEW5315904.1	MEW5296943.1
OG0005991	MEW5315905.1	MEW5296942.1
OG0005992	MEW5315906.1, MEW5315907.1	
OG0005993	MEW5315915.1, MEW5315916.1	
OG0005994	MEW5315917.1	MEW5296936.1
OG0005995	MEW5315919.1	MEW5296935.1
OG0005996	MEW5315921.1	MEW5296934.1
OG0005997	MEW5315923.1	MEW5308009.1
OG0005998	MEW5315927.1	MEW5308004.1
OG0005999	MEW5315933.1	MEW5306391.1
OG0006000	MEW5315934.1	MEW5306392.1
OG0006001	MEW5315935.1	MEW5306393.1
OG0006002	MEW5315936.1	MEW5306394.1
OG0006003	MEW5315938.1	MEW5306397.1
OG0006004	MEW5315939.1	MEW5306398.1
OG0006005	MEW5315940.1	MEW5306399.1
OG0006006	MEW5315941.1	MEW5306400.1
OG0006007	MEW5315944.1	MEW5300659.1
OG0006008	MEW5315947.1	MEW5306407.1
OG0006009	MEW5315950.1	MEW5306417.1
OG0006010	MEW5315953.1	MEW5306413.1
OG0006011	MEW5315958.1	MEW5306410.1
OG0006012	MEW5315960.1	MEW5306420.1
OG0006013	MEW5315961.1	MEW5306421.1
OG0006014	MEW5315962.1	MEW5306422.1
OG0006015	MEW5315963.1	MEW5306423.1
OG0006016	MEW5315964.1	MEW5306424.1
OG0006017	MEW5315965.1	MEW5306425.1
OG0006018	MEW5315970.1	MEW5306431.1
OG0006019	MEW5315974.1	MEW5306432.1
OG0006020	MEW5315976.1	MEW5306435.1
OG0006021	MEW5315977.1	MEW5306436.1
OG0006022	MEW5315982.1	MEW5306438.1
OG0006023	MEW5315984.1	MEW5306439.1
OG0006024	MEW5315987.1	MEW5306441.1
OG0006025	MEW5315991.1	MEW5306445.1
OG0006026	MEW5315993.1	MEW5306446.1
OG0006027	MEW5315994.1	MEW5306447.1
OG0006028	MEW5315995.1	MEW5306448.1
OG0006029	MEW5315996.1	MEW5306450.1
OG0006030	MEW5315998.1	MEW5304457.1
OG0006031	MEW5315999.1	MEW5306451.1
OG0006032	MEW5316000.1	MEW5306452.1
OG0006033	MEW5316001.1	MEW5306454.1
OG0006034	MEW5316006.1	MEW5306458.1
OG0006035	MEW5316007.1	MEW5306459.1
OG0006036	MEW5316010.1	MEW5306460.1
OG0006037	MEW5316011.1	MEW5306461.1
OG0006038	MEW5316012.1	MEW5306462.1
OG0006039	MEW5316015.1	MEW5306465.1
OG0006040	MEW5316016.1	MEW5306466.1
OG0006041	MEW5316017.1	MEW5306467.1
OG0006042	MEW5316018.1	MEW5306468.1
OG0006043	MEW5316019.1	MEW5306469.1
OG0006044	MEW5316020.1	MEW5306470.1
OG0006045	MEW5316021.1	MEW5306471.1
OG0006046	MEW5316022.1	MEW5306472.1
OG0006047	MEW5316023.1	MEW5306473.1
OG0006048	MEW5316024.1	MEW5306474.1
OG0006049	MEW5316026.1	MEW5306475.1
OG0006050	MEW5316027.1	MEW5306476.1
OG0006051	MEW5316028.1	MEW5306477.1
OG0006052	MEW5316029.1	MEW5306478.1
OG0006053	MEW5316032.1	MEW5306482.1
OG0006054	MEW5316039.1, MEW5316040.1	
OG0006055	MEW5316041.1	MEW5304500.1
OG0006056	MEW5316046.1	MEW5304503.1
OG0006057	MEW5316047.1	MEW5304504.1
OG0006058	MEW5316051.1	MEW5304506.1
OG0006059	MEW5316053.1	MEW5304509.1
OG0006060	MEW5316062.1	MEW5304516.1
OG0006061	MEW5316066.1	MEW5304518.1
OG0006062	MEW5316067.1	MEW5304519.1
OG0006063	MEW5316081.1, MEW5316082.1	
OG0006064	MEW5316084.1	MEW5300399.1
OG0006065	MEW5316085.1	MEW5300400.1
OG0006066	MEW5316086.1	MEW5300401.1
OG0006067	MEW5316091.1	MEW5300406.1
OG0006068	MEW5316093.1	MEW5300410.1
OG0006069	MEW5316097.1	MEW5300411.1
OG0006070	MEW5316098.1	MEW5300413.1
OG0006071	MEW5316099.1, MEW5319565.1	
OG0006072	MEW5316104.1	MEW5300414.1
OG0006073	MEW5316105.1	MEW5300415.1
OG0006074	MEW5316107.1	MEW5300420.1
OG0006075	MEW5316108.1	MEW5300424.1
OG0006076	MEW5316109.1	MEW5300425.1
OG0006077	MEW5316110.1	MEW5300426.1
OG0006078	MEW5316112.1	MEW5300429.1
OG0006079	MEW5316113.1	MEW5300430.1
OG0006080	MEW5316115.1	MEW5300434.1
OG0006081	MEW5316117.1	MEW5300440.1
OG0006082	MEW5316121.1	MEW5300443.1
OG0006083	MEW5316125.1	MEW5300448.1
OG0006084	MEW5316132.1	MEW5300457.1
OG0006085	MEW5316134.1	MEW5300461.1
OG0006086	MEW5316137.1	MEW5300463.1
OG0006087	MEW5316138.1	MEW5300464.1
OG0006088	MEW5316139.1	MEW5300465.1
OG0006089	MEW5316140.1	MEW5300466.1
OG0006090	MEW5316141.1	MEW5300467.1
OG0006091	MEW5316142.1	MEW5306306.1
OG0006092	MEW5316145.1	MEW5300469.1
OG0006093	MEW5316147.1	MEW5300471.1
OG0006094	MEW5316148.1	MEW5300472.1
OG0006095	MEW5316150.1, MEW5320003.1	
OG0006096	MEW5316151.1	MEW5300473.1
OG0006097	MEW5316153.1	MEW5300484.1
OG0006098	MEW5316154.1	MEW5300485.1
OG0006099	MEW5316155.1	MEW5300486.1
OG0006100	MEW5316158.1	MEW5300489.1
OG0006101	MEW5316159.1	MEW5300491.1
OG0006102	MEW5316162.1	MEW5300494.1
OG0006103	MEW5316164.1	MEW5296812.1
OG0006104	MEW5316165.1	MEW5296811.1
OG0006105	MEW5316167.1	MEW5296810.1
OG0006106	MEW5316169.1	MEW5296809.1
OG0006107	MEW5316171.1	MEW5296807.1
OG0006108	MEW5316172.1	MEW5305989.1
OG0006109	MEW5316174.1	MEW5296801.1
OG0006110	MEW5316177.1	MEW5296798.1
OG0006111	MEW5316178.1	MEW5296797.1
OG0006112	MEW5316179.1	MEW5296796.1
OG0006113	MEW5316181.1	MEW5296793.1
OG0006114	MEW5316182.1	MEW5296792.1
OG0006115	MEW5316183.1	MEW5296791.1
OG0006116	MEW5316187.1	MEW5296785.1
OG0006117	MEW5316188.1	MEW5296784.1
OG0006118	MEW5316190.1	MEW5296783.1
OG0006119	MEW5316193.1	MEW5296782.1
OG0006120	MEW5316194.1	MEW5296781.1
OG0006121	MEW5316198.1	MEW5296778.1
OG0006122	MEW5316199.1	MEW5296777.1
OG0006123	MEW5316200.1	MEW5296776.1
OG0006124	MEW5316205.1	MEW5296771.1
OG0006125	MEW5316209.1	MEW5296767.1
OG0006126	MEW5316213.1	MEW5296765.1
OG0006127	MEW5316214.1	MEW5296764.1
OG0006128	MEW5316215.1	MEW5296763.1
OG0006129	MEW5316217.1	MEW5296762.1
OG0006130	MEW5316218.1	MEW5296761.1
OG0006131	MEW5316221.1	MEW5296759.1
OG0006132	MEW5316222.1	MEW5296757.1
OG0006133	MEW5316224.1	MEW5296756.1
OG0006134	MEW5316225.1	MEW5296755.1
OG0006135	MEW5316227.1	MEW5296752.1
OG0006136	MEW5316228.1	MEW5296750.1
OG0006137	MEW5316229.1	MEW5296748.1
OG0006138	MEW5316231.1	MEW5296744.1
OG0006139	MEW5316232.1	MEW5296743.1
OG0006140	MEW5316275.1, MEW5316281.1	
OG0006141	MEW5316278.1	MEW5305821.1
OG0006142	MEW5316302.1, MEW5316303.1	
OG0006143	MEW5316304.1, MEW5316305.1	
OG0006144	MEW5316307.1	MEW5301843.1
OG0006145	MEW5316320.1	MEW5297308.1
OG0006146	MEW5316342.1	MEW5305028.1
OG0006147	MEW5316343.1	MEW5307907.1
OG0006148	MEW5316344.1	MEW5307906.1
OG0006149	MEW5316345.1	MEW5307905.1
OG0006150	MEW5316346.1	MEW5307904.1
OG0006151	MEW5316347.1	MEW5307903.1
OG0006152	MEW5316349.1	MEW5307901.1
OG0006153	MEW5316351.1	MEW5307898.1
OG0006154	MEW5316352.1	MEW5307897.1
OG0006155	MEW5316354.1	MEW5307896.1
OG0006156	MEW5316355.1	MEW5307895.1
OG0006157	MEW5316357.1	MEW5307893.1
OG0006158	MEW5316359.1	MEW5307892.1
OG0006159	MEW5316360.1	MEW5307891.1
OG0006160	MEW5316361.1	MEW5307890.1
OG0006161	MEW5316365.1	MEW5307887.1
OG0006162	MEW5316366.1	MEW5307886.1
OG0006163	MEW5316367.1	MEW5307885.1
OG0006164	MEW5316371.1	MEW5307880.1
OG0006165	MEW5316377.1	MEW5307878.1
OG0006166	MEW5316379.1	MEW5307877.1
OG0006167	MEW5316380.1	MEW5307874.1
OG0006168	MEW5316383.1	MEW5307871.1
OG0006169	MEW5316386.1	MEW5307868.1
OG0006170	MEW5316387.1	MEW5307867.1
OG0006171	MEW5316388.1	MEW5307866.1
OG0006172	MEW5316389.1, MEW5316390.1	
OG0006173	MEW5316391.1	MEW5307865.1
OG0006174	MEW5316393.1	MEW5307863.1
OG0006175	MEW5316394.1	MEW5307862.1
OG0006176	MEW5316395.1	MEW5307861.1
OG0006177	MEW5316396.1	MEW5307856.1
OG0006178	MEW5316397.1	MEW5307855.1
OG0006179	MEW5316398.1, MEW5316399.1	
OG0006180	MEW5316400.1	MEW5307854.1
OG0006181	MEW5316401.1	MEW5307853.1
OG0006182	MEW5316405.1	MEW5306486.1
OG0006183	MEW5316409.1	MEW5306490.1
OG0006184	MEW5316412.1	MEW5306491.1
OG0006185	MEW5316413.1	MEW5306492.1
OG0006186	MEW5316416.1	MEW5306493.1
OG0006187	MEW5316417.1	MEW5306494.1
OG0006188	MEW5316418.1	MEW5306495.1
OG0006189	MEW5316422.1	MEW5306497.1
OG0006190	MEW5316423.1	MEW5306499.1
OG0006191	MEW5316424.1	MEW5306504.1
OG0006192	MEW5316426.1	MEW5306505.1
OG0006193	MEW5316427.1	MEW5306506.1
OG0006194	MEW5316434.1, MEW5318273.1	
OG0006195	MEW5316437.1	MEW5306517.1
OG0006196	MEW5316439.1	MEW5306519.1
OG0006197	MEW5316440.1	MEW5306520.1
OG0006198	MEW5316441.1	MEW5306521.1
OG0006199	MEW5316446.1	MEW5306526.1
OG0006200	MEW5316447.1	MEW5306527.1
OG0006201	MEW5316450.1	MEW5306528.1
OG0006202	MEW5316452.1	MEW5306529.1
OG0006203	MEW5316453.1	MEW5306530.1
OG0006204	MEW5316454.1	MEW5306531.1
OG0006205	MEW5316455.1	MEW5306532.1
OG0006206	MEW5316460.1	MEW5306538.1
OG0006207	MEW5316461.1	MEW5306539.1
OG0006208	MEW5316464.1	MEW5306544.1
OG0006209	MEW5316465.1	MEW5306545.1
OG0006210	MEW5316466.1	MEW5306547.1
OG0006211	MEW5316467.1	MEW5306548.1
OG0006212	MEW5316469.1	MEW5306549.1
OG0006213	MEW5316470.1	MEW5306550.1
OG0006214	MEW5316472.1	MEW5306552.1
OG0006215	MEW5316476.1	MEW5306554.1
OG0006216	MEW5316479.1	MEW5306556.1
OG0006217	MEW5316480.1	MEW5306557.1
OG0006218	MEW5316481.1	MEW5306558.1
OG0006219	MEW5316482.1	MEW5306559.1
OG0006220	MEW5316485.1	MEW5306561.1
OG0006221	MEW5316490.1	MEW5306564.1
OG0006222	MEW5316491.1	MEW5306565.1
OG0006223	MEW5316492.1	MEW5306566.1
OG0006224	MEW5316493.1	MEW5306567.1
OG0006225	MEW5316495.1	MEW5306569.1
OG0006226	MEW5316500.1	MEW5306570.1
OG0006227	MEW5316501.1	MEW5306571.1
OG0006228	MEW5316504.1	MEW5306574.1
OG0006229	MEW5316510.1	MEW5306579.1
OG0006230	MEW5316511.1	MEW5306580.1
OG0006231	MEW5316512.1	MEW5306581.1
OG0006232	MEW5316514.1	MEW5306582.1
OG0006233	MEW5316515.1	MEW5306583.1
OG0006234	MEW5316525.1	MEW5305753.1
OG0006235	MEW5316526.1	MEW5305752.1
OG0006236	MEW5316529.1	MEW5306589.1
OG0006237	MEW5316530.1	MEW5306590.1
OG0006238	MEW5316533.1	MEW5304998.1
OG0006239	MEW5316534.1	MEW5306592.1
OG0006240	MEW5316535.1	MEW5306595.1
OG0006241	MEW5316536.1	MEW5306596.1
OG0006242	MEW5316540.1	MEW5306597.1
OG0006243	MEW5316541.1	MEW5306600.1
OG0006244	MEW5316542.1	MEW5306601.1
OG0006245	MEW5316543.1	MEW5306603.1
OG0006246	MEW5316544.1	MEW5306604.1
OG0006247	MEW5316546.1	MEW5306605.1
OG0006248	MEW5316547.1	MEW5306606.1
OG0006249	MEW5316548.1	MEW5306609.1
OG0006250	MEW5316551.1	MEW5306613.1
OG0006251	MEW5316552.1	MEW5306614.1
OG0006252	MEW5316553.1	MEW5306615.1
OG0006253	MEW5316554.1	MEW5306616.1
OG0006254	MEW5316555.1	MEW5306617.1
OG0006255	MEW5316556.1	MEW5306618.1
OG0006256	MEW5316558.1	MEW5306619.1
OG0006257	MEW5316559.1	MEW5306620.1
OG0006258	MEW5316560.1	MEW5306621.1
OG0006259	MEW5316562.1	MEW5306622.1
OG0006260	MEW5316563.1	MEW5306623.1
OG0006261	MEW5316564.1	MEW5306624.1
OG0006262	MEW5316565.1	MEW5306625.1
OG0006263	MEW5316566.1	MEW5306626.1
OG0006264	MEW5316568.1	MEW5306627.1
OG0006265	MEW5316569.1	MEW5306629.1
OG0006266	MEW5316575.1	MEW5306631.1
OG0006267	MEW5316576.1	MEW5306632.1
OG0006268	MEW5316577.1	MEW5306633.1
OG0006269	MEW5316578.1	MEW5306634.1
OG0006270	MEW5316579.1	MEW5306635.1
OG0006271	MEW5316580.1	MEW5306636.1
OG0006272	MEW5316582.1	MEW5305539.1
OG0006273	MEW5316589.1, MEW5316590.1	
OG0006274	MEW5316594.1	MEW5304833.1
OG0006275	MEW5316595.1	MEW5302181.1
OG0006276	MEW5316598.1	MEW5304832.1
OG0006277	MEW5316601.1	MEW5304829.1
OG0006278	MEW5316602.1	MEW5304830.1
OG0006279	MEW5316603.1	MEW5304825.1
OG0006280	MEW5316604.1	MEW5304827.1
OG0006281	MEW5316608.1, MEW5316609.1	
OG0006282	MEW5316612.1	MEW5304818.1
OG0006283	MEW5316613.1	MEW5304817.1
OG0006284	MEW5316615.1	MEW5304816.1
OG0006285	MEW5316617.1	MEW5304815.1
OG0006286	MEW5316619.1	MEW5304814.1
OG0006287	MEW5316620.1	MEW5304813.1
OG0006288	MEW5316621.1	MEW5304812.1
OG0006289	MEW5316624.1	MEW5304809.1
OG0006290	MEW5316625.1	MEW5304808.1
OG0006291	MEW5316627.1	MEW5304807.1
OG0006292	MEW5316628.1	MEW5304806.1
OG0006293	MEW5316629.1	MEW5304805.1
OG0006294	MEW5316632.1	MEW5304803.1
OG0006295	MEW5316635.1	MEW5304799.1
OG0006296	MEW5316639.1	MEW5304792.1
OG0006297	MEW5316640.1	MEW5304791.1
OG0006298	MEW5316641.1	MEW5304790.1
OG0006299	MEW5316642.1	MEW5304789.1
OG0006300	MEW5316645.1	MEW5304787.1
OG0006301	MEW5316646.1	MEW5304786.1
OG0006302	MEW5316647.1	MEW5304785.1
OG0006303	MEW5316649.1	MEW5304783.1
OG0006304	MEW5316650.1	MEW5304781.1
OG0006305	MEW5316653.1	MEW5302608.1
OG0006306	MEW5316654.1	MEW5302609.1
OG0006307	MEW5316656.1	MEW5302612.1
OG0006308	MEW5316657.1	MEW5302613.1
OG0006309	MEW5316658.1	MEW5302614.1
OG0006310	MEW5316659.1	MEW5302615.1
OG0006311	MEW5316670.1	MEW5297828.1
OG0006312	MEW5316671.1	MEW5302617.1
OG0006313	MEW5316672.1	MEW5302618.1
OG0006314	MEW5316673.1	MEW5302619.1
OG0006315	MEW5316676.1	MEW5302621.1
OG0006316	MEW5316678.1	MEW5302623.1
OG0006317	MEW5316679.1	MEW5302624.1
OG0006318	MEW5316681.1	MEW5302626.1
OG0006319	MEW5316682.1	MEW5302627.1
OG0006320	MEW5316684.1	MEW5302628.1
OG0006321	MEW5316687.1	MEW5302630.1
OG0006322	MEW5316688.1	MEW5302631.1
OG0006323	MEW5316689.1	MEW5302632.1
OG0006324	MEW5316690.1	MEW5302633.1
OG0006325	MEW5316691.1	MEW5302634.1
OG0006326	MEW5316692.1	MEW5302636.1
OG0006327	MEW5316695.1	MEW5302641.1
OG0006328	MEW5316696.1	MEW5302642.1
OG0006329	MEW5316697.1	MEW5302643.1
OG0006330	MEW5316698.1	MEW5302644.1
OG0006331	MEW5316699.1	MEW5302645.1
OG0006332	MEW5316701.1	MEW5302648.1
OG0006333	MEW5316705.1	MEW5302651.1
OG0006334	MEW5316706.1	MEW5305568.1
OG0006335	MEW5316707.1	MEW5305569.1
OG0006336	MEW5316708.1	MEW5305571.1
OG0006337	MEW5316709.1	MEW5305573.1
OG0006338	MEW5316710.1	MEW5305576.1
OG0006339	MEW5316712.1	MEW5305577.1
OG0006340	MEW5316713.1	MEW5305582.1
OG0006341	MEW5316715.1	MEW5305585.1
OG0006342	MEW5316718.1	MEW5305587.1
OG0006343	MEW5316721.1	MEW5305589.1
OG0006344	MEW5316725.1	MEW5305593.1
OG0006345	MEW5316726.1	MEW5305594.1
OG0006346	MEW5316732.1	MEW5305599.1
OG0006347	MEW5316735.1	MEW5305603.1
OG0006348	MEW5316736.1	MEW5305604.1
OG0006349	MEW5316740.1	MEW5305608.1
OG0006350	MEW5316742.1	MEW5305610.1
OG0006351	MEW5316743.1	MEW5305611.1
OG0006352	MEW5316744.1	MEW5305612.1
OG0006353	MEW5316745.1	MEW5305613.1
OG0006354	MEW5316746.1	MEW5305614.1
OG0006355	MEW5316747.1	MEW5305615.1
OG0006356	MEW5316748.1	MEW5304472.1
OG0006357	MEW5316749.1	MEW5305617.1
OG0006358	MEW5316750.1, MEW5317500.1	
OG0006359	MEW5316751.1	MEW5305618.1
OG0006360	MEW5316752.1	MEW5305620.1
OG0006361	MEW5316753.1	MEW5305621.1
OG0006362	MEW5316756.1, MEW5317652.1	
OG0006363	MEW5316758.1	MEW5305622.1
OG0006364	MEW5316759.1	MEW5305623.1
OG0006365	MEW5316763.1	MEW5305626.1
OG0006366	MEW5316767.1	MEW5305633.1
OG0006367	MEW5316768.1	MEW5305637.1
OG0006368	MEW5316769.1	MEW5305638.1
OG0006369	MEW5316771.1	MEW5305640.1
OG0006370	MEW5316772.1	MEW5305641.1
OG0006371	MEW5316775.1	MEW5305642.1
OG0006372	MEW5316776.1	MEW5305643.1
OG0006373	MEW5316778.1	MEW5305646.1
OG0006374	MEW5316779.1	MEW5305647.1
OG0006375	MEW5316780.1	MEW5305648.1
OG0006376	MEW5316781.1	MEW5305649.1
OG0006377	MEW5316782.1	MEW5305650.1
OG0006378	MEW5316783.1	MEW5305651.1
OG0006379	MEW5316785.1	MEW5305652.1
OG0006380	MEW5316786.1	MEW5305653.1
OG0006381	MEW5316787.1	MEW5305654.1
OG0006382	MEW5316788.1	MEW5305655.1
OG0006383	MEW5316789.1	MEW5305656.1
OG0006384	MEW5316791.1	MEW5305657.1
OG0006385	MEW5316792.1	MEW5305658.1
OG0006386	MEW5316793.1	MEW5305659.1
OG0006387	MEW5316796.1	MEW5305660.1
OG0006388	MEW5316797.1	MEW5305661.1
OG0006389	MEW5316798.1	MEW5305663.1
OG0006390	MEW5316799.1	MEW5305664.1
OG0006391	MEW5316800.1	MEW5305665.1
OG0006392	MEW5316801.1	MEW5305666.1
OG0006393	MEW5316802.1	MEW5305667.1
OG0006394	MEW5316803.1	MEW5305668.1
OG0006395	MEW5316806.1	MEW5305670.1
OG0006396	MEW5316807.1	MEW5305672.1
OG0006397	MEW5316808.1	MEW5305673.1
OG0006398	MEW5316809.1	MEW5305676.1
OG0006399	MEW5316811.1	MEW5305678.1
OG0006400	MEW5316816.1	MEW5297376.1
OG0006401	MEW5316823.1	MEW5300384.1
OG0006402	MEW5316824.1	MEW5300383.1
OG0006403	MEW5316827.1	MEW5300380.1
OG0006404	MEW5316828.1	MEW5300379.1
OG0006405	MEW5316829.1, MEW5316830.1	
OG0006406	MEW5316832.1	MEW5300378.1
OG0006407	MEW5316833.1	MEW5300377.1
OG0006408	MEW5316834.1	MEW5300376.1
OG0006409	MEW5316840.1	MEW5300371.1
OG0006410	MEW5316841.1	MEW5300370.1
OG0006411	MEW5316842.1	MEW5300369.1
OG0006412	MEW5316843.1	MEW5300368.1
OG0006413	MEW5316844.1	MEW5300367.1
OG0006414	MEW5316845.1	MEW5300366.1
OG0006415	MEW5316846.1	MEW5300365.1
OG0006416	MEW5316847.1	MEW5300364.1
OG0006417	MEW5316850.1	MEW5300363.1
OG0006418	MEW5316851.1	MEW5300362.1
OG0006419	MEW5316852.1	MEW5300361.1
OG0006420	MEW5316853.1	MEW5300360.1
OG0006421	MEW5316858.1	MEW5300357.1
OG0006422	MEW5316859.1	MEW5300356.1
OG0006423	MEW5316864.1	MEW5300355.1
OG0006424	MEW5316866.1	MEW5300354.1
OG0006425	MEW5316867.1	MEW5300353.1
OG0006426	MEW5316868.1	MEW5300352.1
OG0006427	MEW5316870.1	MEW5300351.1
OG0006428	MEW5316871.1	MEW5300350.1
OG0006429	MEW5316877.1	MEW5300345.1
OG0006430	MEW5316878.1	MEW5296789.1
OG0006431	MEW5316881.1	MEW5300342.1
OG0006432	MEW5316882.1	MEW5300341.1
OG0006433	MEW5316885.1	MEW5300340.1
OG0006434	MEW5316886.1	MEW5300339.1
OG0006435	MEW5316887.1	MEW5300338.1
OG0006436	MEW5316889.1	MEW5306029.1
OG0006437	MEW5316890.1	MEW5300336.1
OG0006438	MEW5316893.1	MEW5300334.1
OG0006439	MEW5316894.1	MEW5300332.1
OG0006440	MEW5316895.1	MEW5300331.1
OG0006441	MEW5316896.1	MEW5300330.1
OG0006442	MEW5316897.1	MEW5300329.1
OG0006443	MEW5316898.1	MEW5300328.1
OG0006444	MEW5316900.1	MEW5300327.1
OG0006445	MEW5316901.1	MEW5300326.1
OG0006446	MEW5316902.1	MEW5300325.1
OG0006447	MEW5316905.1	MEW5300322.1
OG0006448	MEW5316906.1	MEW5300321.1
OG0006449	MEW5316911.1	MEW5300315.1
OG0006450	MEW5316913.1	MEW5300312.1
OG0006451	MEW5316915.1	MEW5300311.1
OG0006452	MEW5316917.1	MEW5300309.1
OG0006453	MEW5316919.1	MEW5300306.1
OG0006454	MEW5316921.1	MEW5300304.1
OG0006455	MEW5316922.1	MEW5300303.1
OG0006456	MEW5316923.1	MEW5300302.1
OG0006457	MEW5316924.1	MEW5300301.1
OG0006458	MEW5316925.1	MEW5300300.1
OG0006459	MEW5316927.1	MEW5300297.1
OG0006460	MEW5316928.1	MEW5300296.1
OG0006461	MEW5316929.1	MEW5300295.1
OG0006462	MEW5316931.1	MEW5300294.1
OG0006463	MEW5316932.1	MEW5300293.1
OG0006464	MEW5316935.1	MEW5300289.1
OG0006465	MEW5316938.1	MEW5300288.1
OG0006466	MEW5316939.1	MEW5300286.1
OG0006467	MEW5316943.1	MEW5300282.1
OG0006468	MEW5316947.1	MEW5307699.1
OG0006469	MEW5316948.1	MEW5307701.1
OG0006470	MEW5316949.1	MEW5307702.1
OG0006471	MEW5316950.1	MEW5307703.1
OG0006472	MEW5316957.1	MEW5307707.1
OG0006473	MEW5316958.1	MEW5307708.1
OG0006474	MEW5316959.1	MEW5307709.1
OG0006475	MEW5316960.1	MEW5307710.1
OG0006476	MEW5316961.1	MEW5307711.1
OG0006477	MEW5316962.1	MEW5307712.1
OG0006478	MEW5316963.1	MEW5307713.1
OG0006479	MEW5316964.1	MEW5307714.1
OG0006480	MEW5316966.1	MEW5307719.1
OG0006481	MEW5316970.1	MEW5307721.1
OG0006482	MEW5316971.1	MEW5307722.1
OG0006483	MEW5316972.1	MEW5307723.1
OG0006484	MEW5316973.1	MEW5307724.1
OG0006485	MEW5316974.1	MEW5307728.1
OG0006486	MEW5316977.1	MEW5307730.1
OG0006487	MEW5316981.1	MEW5307732.1
OG0006488	MEW5316983.1	MEW5307733.1
OG0006489	MEW5316985.1	MEW5307734.1
OG0006490	MEW5316986.1	MEW5307735.1
OG0006491	MEW5316987.1	MEW5307736.1
OG0006492	MEW5316989.1	MEW5307740.1
OG0006493	MEW5316990.1	MEW5307741.1
OG0006494	MEW5316991.1	MEW5307742.1
OG0006495	MEW5316992.1	MEW5307743.1
OG0006496	MEW5316994.1	MEW5307745.1
OG0006497	MEW5316996.1	MEW5307746.1
OG0006498	MEW5316997.1	MEW5307747.1
OG0006499	MEW5317000.1	MEW5307749.1
OG0006500	MEW5317004.1	MEW5307751.1
OG0006501	MEW5317005.1	MEW5307753.1
OG0006502	MEW5317006.1	MEW5307755.1
OG0006503	MEW5317007.1	MEW5307758.1
OG0006504	MEW5317008.1	MEW5307759.1
OG0006505	MEW5317009.1	MEW5307760.1
OG0006506	MEW5317011.1	MEW5307762.1
OG0006507	MEW5317012.1	MEW5307763.1
OG0006508	MEW5317014.1	MEW5307765.1
OG0006509	MEW5317020.1	MEW5307769.1
OG0006510	MEW5317021.1	MEW5307770.1
OG0006511	MEW5317022.1	MEW5307771.1
OG0006512	MEW5317023.1	MEW5301728.1
OG0006513	MEW5317025.1	MEW5301730.1
OG0006514	MEW5317028.1	MEW5301731.1
OG0006515	MEW5317029.1	MEW5301732.1
OG0006516	MEW5317030.1	MEW5301733.1
OG0006517	MEW5317031.1	MEW5301734.1
OG0006518	MEW5317032.1	MEW5301735.1
OG0006519	MEW5317034.1	MEW5301736.1
OG0006520	MEW5317036.1	MEW5301740.1
OG0006521	MEW5317037.1	MEW5301741.1
OG0006522	MEW5317038.1	MEW5301742.1
OG0006523	MEW5317039.1	MEW5301743.1
OG0006524	MEW5317040.1	MEW5301744.1
OG0006525	MEW5317042.1	MEW5301745.1
OG0006526	MEW5317043.1	MEW5301746.1
OG0006527	MEW5317044.1	MEW5301747.1
OG0006528	MEW5317046.1	MEW5301749.1
OG0006529	MEW5317048.1	MEW5301750.1
OG0006530	MEW5317049.1	MEW5301751.1
OG0006531	MEW5317050.1	MEW5301752.1
OG0006532	MEW5317051.1	MEW5301753.1
OG0006533	MEW5317052.1	MEW5301754.1
OG0006534	MEW5317053.1	MEW5301755.1
OG0006535	MEW5317054.1	MEW5301756.1
OG0006536	MEW5317055.1	MEW5301757.1
OG0006537	MEW5317056.1	MEW5301758.1
OG0006538	MEW5317057.1	MEW5301759.1
OG0006539	MEW5317059.1	MEW5301760.1
OG0006540	MEW5317060.1	MEW5301761.1
OG0006541	MEW5317061.1	MEW5301762.1
OG0006542	MEW5317062.1	MEW5301763.1
OG0006543	MEW5317063.1	MEW5301764.1
OG0006544	MEW5317064.1	MEW5301766.1
OG0006545	MEW5317065.1	MEW5301767.1
OG0006546	MEW5317067.1	MEW5301768.1
OG0006547	MEW5317068.1	MEW5301769.1
OG0006548	MEW5317071.1	MEW5301770.1
OG0006549	MEW5317074.1	MEW5301771.1
OG0006550	MEW5317076.1	MEW5301773.1
OG0006551	MEW5317077.1	MEW5301774.1
OG0006552	MEW5317078.1	MEW5301775.1
OG0006553	MEW5317079.1	MEW5301776.1
OG0006554	MEW5317080.1	MEW5301777.1
OG0006555	MEW5317081.1	MEW5301778.1
OG0006556	MEW5317083.1	MEW5301779.1
OG0006557	MEW5317084.1	MEW5301780.1
OG0006558	MEW5317085.1	MEW5301781.1
OG0006559	MEW5317086.1	MEW5301782.1
OG0006560	MEW5317087.1	MEW5301786.1
OG0006561	MEW5317088.1	MEW5301788.1
OG0006562	MEW5317089.1	MEW5301789.1
OG0006563	MEW5317093.1, MEW5317094.1	
OG0006564	MEW5317095.1	MEW5301791.1
OG0006565	MEW5317097.1	MEW5301792.1
OG0006566	MEW5317098.1	MEW5301793.1
OG0006567	MEW5317099.1	MEW5301794.1
OG0006568	MEW5317100.1	MEW5301795.1
OG0006569	MEW5317101.1	MEW5301796.1
OG0006570	MEW5317103.1	MEW5301797.1
OG0006571	MEW5317104.1	MEW5301798.1
OG0006572	MEW5317105.1	MEW5301799.1
OG0006573	MEW5317106.1	MEW5301800.1
OG0006574	MEW5317109.1	MEW5301806.1
OG0006575	MEW5317110.1	MEW5301807.1
OG0006576	MEW5317111.1	MEW5301809.1
OG0006577	MEW5317112.1	MEW5301810.1
OG0006578	MEW5317114.1	MEW5301811.1
OG0006579	MEW5317117.1	MEW5301815.1
OG0006580	MEW5317123.1	MEW5301819.1
OG0006581	MEW5317124.1	MEW5301820.1
OG0006582	MEW5317127.1	MEW5301823.1
OG0006583	MEW5317129.1	MEW5301825.1
OG0006584	MEW5317132.1	MEW5301827.1
OG0006585	MEW5317135.1	MEW5301829.1
OG0006586	MEW5317136.1	MEW5301830.1
OG0006587	MEW5317139.1	MEW5301836.1
OG0006588	MEW5317142.1	MEW5302875.1
OG0006589	MEW5317143.1	MEW5301838.1
OG0006590	MEW5317145.1	MEW5301840.1
OG0006591	MEW5317146.1	MEW5301844.1
OG0006592	MEW5317149.1	MEW5301845.1
OG0006593	MEW5317150.1	MEW5301846.1
OG0006594	MEW5317155.1, MEW5317156.1	
OG0006595	MEW5317157.1	MEW5301854.1
OG0006596	MEW5317158.1	MEW5301855.1
OG0006597	MEW5317159.1	MEW5301856.1
OG0006598	MEW5317160.1	MEW5301857.1
OG0006599	MEW5317161.1	MEW5301858.1
OG0006600	MEW5317162.1	MEW5301859.1
OG0006601	MEW5317163.1	MEW5301860.1
OG0006602	MEW5317164.1	MEW5301862.1
OG0006603	MEW5317166.1	MEW5301865.1
OG0006604	MEW5317168.1	MEW5301869.1
OG0006605	MEW5317172.1	MEW5301874.1
OG0006606	MEW5317175.1	MEW5301876.1
OG0006607	MEW5317176.1	MEW5301877.1
OG0006608	MEW5317178.1	MEW5301880.1
OG0006609	MEW5317180.1	MEW5301881.1
OG0006610	MEW5317181.1	MEW5301883.1
OG0006611	MEW5317182.1	MEW5301884.1
OG0006612	MEW5317183.1	MEW5301885.1
OG0006613	MEW5317185.1	MEW5301886.1
OG0006614	MEW5317186.1	MEW5301887.1
OG0006615	MEW5317189.1	MEW5301891.1
OG0006616	MEW5317190.1	MEW5301892.1
OG0006617	MEW5317191.1	MEW5301894.1
OG0006618	MEW5317192.1	MEW5301895.1
OG0006619	MEW5317193.1	MEW5301896.1
OG0006620	MEW5317195.1	MEW5301898.1
OG0006621	MEW5317198.1	MEW5301900.1
OG0006622	MEW5317199.1, MEW5317200.1	
OG0006623	MEW5317201.1	MEW5301901.1
OG0006624	MEW5317204.1	MEW5301910.1
OG0006625	MEW5317205.1	MEW5301909.1
OG0006626	MEW5317206.1	MEW5301908.1
OG0006627	MEW5317207.1	MEW5301907.1
OG0006628	MEW5317208.1	MEW5301906.1
OG0006629	MEW5317209.1	MEW5301905.1
OG0006630	MEW5317213.1	MEW5301902.1
OG0006631	MEW5317214.1	MEW5301912.1
OG0006632	MEW5317215.1	MEW5301913.1
OG0006633	MEW5317218.1	MEW5301915.1
OG0006634	MEW5317219.1	MEW5301917.1
OG0006635	MEW5317220.1	MEW5301919.1
OG0006636	MEW5317224.1	MEW5301922.1
OG0006637	MEW5317227.1	MEW5301924.1
OG0006638	MEW5317228.1	MEW5301926.1
OG0006639	MEW5317232.1	MEW5301930.1
OG0006640	MEW5317233.1	MEW5301931.1
OG0006641	MEW5317236.1	MEW5301933.1
OG0006642	MEW5317238.1	MEW5301934.1
OG0006643	MEW5317240.1	MEW5301935.1
OG0006644	MEW5317241.1	MEW5301936.1
OG0006645	MEW5317242.1	MEW5301937.1
OG0006646	MEW5317243.1	MEW5301938.1
OG0006647	MEW5317246.1	MEW5301941.1
OG0006648	MEW5317247.1	MEW5301942.1
OG0006649	MEW5317248.1, MEW5317249.1	
OG0006650	MEW5317254.1	MEW5301944.1
OG0006651	MEW5317255.1	MEW5301945.1
OG0006652	MEW5317257.1	MEW5301948.1
OG0006653	MEW5317263.1	MEW5301951.1
OG0006654	MEW5317264.1	MEW5301952.1
OG0006655	MEW5317265.1	MEW5301953.1
OG0006656	MEW5317267.1	MEW5301954.1
OG0006657	MEW5317268.1	MEW5301955.1
OG0006658	MEW5317269.1	MEW5301956.1
OG0006659	MEW5317270.1	MEW5301957.1
OG0006660	MEW5317271.1	MEW5301832.1
OG0006661	MEW5317272.1	MEW5301958.1
OG0006662	MEW5317273.1	MEW5301959.1
OG0006663	MEW5317274.1	MEW5301960.1
OG0006664	MEW5317276.1	MEW5301961.1
OG0006665	MEW5317277.1	MEW5301963.1
OG0006666	MEW5317279.1	MEW5301964.1
OG0006667	MEW5317281.1	MEW5301966.1
OG0006668	MEW5317282.1	MEW5301967.1
OG0006669	MEW5317285.1	MEW5301968.1
OG0006670	MEW5317286.1	MEW5301969.1
OG0006671	MEW5317287.1	MEW5301970.1
OG0006672	MEW5317288.1	MEW5301971.1
OG0006673	MEW5317289.1	MEW5301972.1
OG0006674	MEW5317293.1	MEW5301973.1
OG0006675	MEW5317296.1	MEW5301976.1
OG0006676	MEW5317297.1	MEW5301977.1
OG0006677	MEW5317299.1	MEW5301978.1
OG0006678	MEW5317302.1	MEW5301979.1
OG0006679	MEW5317305.1	MEW5300395.1
OG0006680	MEW5317307.1	MEW5301985.1
OG0006681	MEW5317309.1	MEW5300134.1
OG0006682	MEW5317310.1	MEW5300133.1
OG0006683	MEW5317311.1	MEW5300132.1
OG0006684	MEW5317314.1	MEW5301990.1
OG0006685	MEW5317315.1	MEW5301992.1
OG0006686	MEW5317320.1	MEW5301996.1
OG0006687	MEW5317323.1	MEW5301999.1
OG0006688	MEW5317326.1	MEW5302002.1
OG0006689	MEW5317327.1	MEW5302003.1
OG0006690	MEW5317331.1	MEW5302007.1
OG0006691	MEW5317332.1	MEW5302008.1
OG0006692	MEW5317333.1	MEW5302009.1
OG0006693	MEW5317341.1	MEW5302016.1
OG0006694	MEW5317342.1	MEW5302017.1
OG0006695	MEW5317343.1	MEW5302018.1
OG0006696	MEW5317344.1	MEW5302019.1
OG0006697	MEW5317345.1	MEW5302020.1
OG0006698	MEW5317348.1	MEW5302023.1
OG0006699	MEW5317349.1	MEW5302024.1
OG0006700	MEW5317350.1	MEW5302025.1
OG0006701	MEW5317351.1	MEW5302026.1
OG0006702	MEW5317352.1	MEW5302027.1
OG0006703	MEW5317353.1	MEW5302028.1
OG0006704	MEW5317354.1	MEW5302029.1
OG0006705	MEW5317357.1	MEW5302031.1
OG0006706	MEW5317358.1	MEW5302033.1
OG0006707	MEW5317360.1	MEW5302034.1
OG0006708	MEW5317363.1	MEW5302036.1
OG0006709	MEW5317364.1	MEW5302038.1
OG0006710	MEW5317365.1	MEW5302039.1
OG0006711	MEW5317367.1	MEW5302040.1
OG0006712	MEW5317368.1	MEW5302041.1
OG0006713	MEW5317371.1	MEW5302042.1
OG0006714	MEW5317372.1	MEW5302043.1
OG0006715	MEW5317373.1	MEW5302044.1
OG0006716	MEW5317375.1	MEW5302046.1
OG0006717	MEW5317379.1	MEW5302049.1
OG0006718	MEW5317380.1	MEW5302050.1
OG0006719	MEW5317381.1	MEW5302051.1
OG0006720	MEW5317383.1	MEW5302052.1
OG0006721	MEW5317384.1	MEW5302053.1
OG0006722	MEW5317385.1	MEW5302054.1
OG0006723	MEW5317386.1	MEW5298742.1
OG0006724	MEW5317389.1	MEW5307281.1
OG0006725	MEW5317390.1	MEW5307506.1
OG0006726	MEW5317391.1	MEW5307505.1
OG0006727	MEW5317392.1	MEW5307504.1
OG0006728	MEW5317394.1	MEW5307503.1
OG0006729	MEW5317397.1	MEW5307499.1
OG0006730	MEW5317398.1	MEW5307498.1
OG0006731	MEW5317399.1	MEW5307497.1
OG0006732	MEW5317401.1	MEW5307496.1
OG0006733	MEW5317403.1	MEW5307492.1
OG0006734	MEW5317404.1	MEW5307491.1
OG0006735	MEW5317405.1	MEW5307490.1
OG0006736	MEW5317407.1, MEW5317408.1	
OG0006737	MEW5317411.1	MEW5307483.1
OG0006738	MEW5317412.1	MEW5307482.1
OG0006739	MEW5317413.1	MEW5307481.1
OG0006740	MEW5317414.1	MEW5307480.1
OG0006741	MEW5317415.1	MEW5307479.1
OG0006742	MEW5317416.1	MEW5307478.1
OG0006743	MEW5317417.1	MEW5307476.1
OG0006744	MEW5317418.1	MEW5307475.1
OG0006745	MEW5317419.1	MEW5307472.1
OG0006746	MEW5317420.1	MEW5307471.1
OG0006747	MEW5317421.1	MEW5307470.1
OG0006748	MEW5317423.1	MEW5307469.1
OG0006749	MEW5317425.1	MEW5307466.1
OG0006750	MEW5317426.1	MEW5307464.1
OG0006751	MEW5317427.1	MEW5307462.1
OG0006752	MEW5317433.1	MEW5307461.1
OG0006753	MEW5317434.1	MEW5307459.1
OG0006754	MEW5317435.1	MEW5307458.1
OG0006755	MEW5317440.1	MEW5307455.1
OG0006756	MEW5317446.1	MEW5307453.1
OG0006757	MEW5317447.1	MEW5307452.1
OG0006758	MEW5317448.1	MEW5307451.1
OG0006759	MEW5317449.1	MEW5307450.1
OG0006760	MEW5317450.1	MEW5307449.1
OG0006761	MEW5317454.1	MEW5307447.1
OG0006762	MEW5317455.1	MEW5307446.1
OG0006763	MEW5317458.1	MEW5307442.1
OG0006764	MEW5317460.1	MEW5307441.1
OG0006765	MEW5317461.1	MEW5307440.1
OG0006766	MEW5317462.1	MEW5307439.1
OG0006767	MEW5317463.1	MEW5307438.1
OG0006768	MEW5317466.1	MEW5307435.1
OG0006769	MEW5317467.1	MEW5307434.1
OG0006770	MEW5317468.1	MEW5307433.1
OG0006771	MEW5317469.1	MEW5307432.1
OG0006772	MEW5317470.1, MEW5317472.1	
OG0006773	MEW5317474.1	MEW5307431.1
OG0006774	MEW5317475.1	MEW5307430.1
OG0006775	MEW5317478.1	MEW5307427.1
OG0006776	MEW5317481.1	MEW5307425.1
OG0006777	MEW5317482.1	MEW5307424.1
OG0006778	MEW5317483.1	MEW5307423.1
OG0006779	MEW5317484.1	MEW5307422.1
OG0006780	MEW5317485.1	MEW5307421.1
OG0006781	MEW5317487.1	MEW5307418.1
OG0006782	MEW5317488.1	MEW5307417.1
OG0006783	MEW5317493.1	MEW5307411.1
OG0006784	MEW5317494.1	MEW5307410.1
OG0006785	MEW5317495.1	MEW5307409.1
OG0006786	MEW5317496.1	MEW5307408.1
OG0006787	MEW5317497.1	MEW5307407.1
OG0006788	MEW5317499.1	MEW5307406.1
OG0006789	MEW5317503.1	MEW5307405.1
OG0006790	MEW5317505.1	MEW5307402.1
OG0006791	MEW5317506.1	MEW5307401.1
OG0006792	MEW5317508.1	MEW5307399.1
OG0006793	MEW5317511.1	MEW5307397.1
OG0006794	MEW5317524.1, MEW5318954.1	
OG0006795	MEW5317533.1, MEW5317534.1	
OG0006796	MEW5317536.1, MEW5320057.1	
OG0006797	MEW5317541.1	MEW5306576.1
OG0006798	MEW5317554.1, MEW5317555.1	
OG0006799	MEW5317561.1, MEW5317562.1	
OG0006800	MEW5317584.1, MEW5317585.1	
OG0006801	MEW5317601.1, MEW5317602.1	
OG0006802	MEW5317606.1, MEW5317607.1	
OG0006803	MEW5317619.1, MEW5317620.1	
OG0006804	MEW5317624.1	MEW5306788.1
OG0006805	MEW5317627.1, MEW5317628.1	
OG0006806	MEW5317671.1	MEW5296917.1
OG0006807	MEW5317693.1, MEW5317694.1	
OG0006808	MEW5317699.1	MEW5303627.1
OG0006809	MEW5317700.1	MEW5303626.1
OG0006810	MEW5317701.1	MEW5303625.1
OG0006811	MEW5317702.1	MEW5303624.1
OG0006812	MEW5317703.1	MEW5303622.1
OG0006813	MEW5317704.1	MEW5303621.1
OG0006814	MEW5317705.1	MEW5303620.1
OG0006815	MEW5317706.1	MEW5303619.1
OG0006816	MEW5317717.1	MEW5303610.1
OG0006817	MEW5317719.1	MEW5303609.1
OG0006818	MEW5317720.1	MEW5303608.1
OG0006819	MEW5317723.1	MEW5303607.1
OG0006820	MEW5317725.1	MEW5303606.1
OG0006821	MEW5317729.1	MEW5303604.1
OG0006822	MEW5317732.1	MEW5303601.1
OG0006823	MEW5317733.1	MEW5303600.1
OG0006824	MEW5317734.1	MEW5303599.1
OG0006825	MEW5317748.1	MEW5303589.1
OG0006826	MEW5317749.1	MEW5303588.1
OG0006827	MEW5317750.1	MEW5303587.1
OG0006828	MEW5317751.1	MEW5303586.1
OG0006829	MEW5317752.1	MEW5303585.1
OG0006830	MEW5317753.1	MEW5303584.1
OG0006831	MEW5317754.1	MEW5303583.1
OG0006832	MEW5317755.1	MEW5303582.1
OG0006833	MEW5317756.1	MEW5303581.1
OG0006834	MEW5317757.1	MEW5303580.1
OG0006835	MEW5317759.1	MEW5306168.1
OG0006836	MEW5317760.1	MEW5306169.1
OG0006837	MEW5317761.1	MEW5306170.1
OG0006838	MEW5317764.1	MEW5306173.1
OG0006839	MEW5317765.1	MEW5306174.1
OG0006840	MEW5317766.1	MEW5306175.1
OG0006841	MEW5317767.1	MEW5306176.1
OG0006842	MEW5317768.1	MEW5306177.1
OG0006843	MEW5317769.1	MEW5306178.1
OG0006844	MEW5317770.1	MEW5306179.1
OG0006845	MEW5317771.1	MEW5306180.1
OG0006846	MEW5317772.1	MEW5306181.1
OG0006847	MEW5317777.1	MEW5306188.1
OG0006848	MEW5317781.1	MEW5306190.1
OG0006849	MEW5317784.1	MEW5306192.1
OG0006850	MEW5317787.1	MEW5306197.1
OG0006851	MEW5317789.1	MEW5306199.1
OG0006852	MEW5317790.1	MEW5306200.1
OG0006853	MEW5317792.1	MEW5306203.1
OG0006854	MEW5317793.1	MEW5306204.1
OG0006855	MEW5317794.1	MEW5306207.1
OG0006856	MEW5317795.1	MEW5306208.1
OG0006857	MEW5317796.1	MEW5306209.1
OG0006858	MEW5317797.1	MEW5306210.1
OG0006859	MEW5317798.1	MEW5306211.1
OG0006860	MEW5317800.1	MEW5306214.1
OG0006861	MEW5317802.1	MEW5306216.1
OG0006862	MEW5317803.1	MEW5306217.1
OG0006863	MEW5317805.1	MEW5306218.1
OG0006864	MEW5317806.1	MEW5306219.1
OG0006865	MEW5317807.1	MEW5306220.1
OG0006866	MEW5317808.1	MEW5306221.1
OG0006867	MEW5317809.1	MEW5306222.1
OG0006868	MEW5317812.1	MEW5306224.1
OG0006869	MEW5317813.1	MEW5306225.1
OG0006870	MEW5317816.1	MEW5306228.1
OG0006871	MEW5317817.1	MEW5306229.1
OG0006872	MEW5317818.1	MEW5306232.1
OG0006873	MEW5317821.1	MEW5306235.1
OG0006874	MEW5317822.1	MEW5306236.1
OG0006875	MEW5317823.1	MEW5306237.1
OG0006876	MEW5317824.1	MEW5306238.1
OG0006877	MEW5317825.1	MEW5306239.1
OG0006878	MEW5317826.1	MEW5306240.1
OG0006879	MEW5317831.1	MEW5306244.1
OG0006880	MEW5317832.1	MEW5306245.1
OG0006881	MEW5317836.1, MEW5319937.1	
OG0006882	MEW5317840.1	MEW5306257.1
OG0006883	MEW5317844.1	MEW5306261.1
OG0006884	MEW5317847.1	MEW5306265.1
OG0006885	MEW5317848.1	MEW5306266.1
OG0006886	MEW5317849.1	MEW5306267.1
OG0006887	MEW5317851.1	MEW5306271.1
OG0006888	MEW5317852.1	MEW5306275.1
OG0006889	MEW5317853.1	MEW5306276.1
OG0006890	MEW5317854.1	MEW5306277.1
OG0006891	MEW5317855.1	MEW5306278.1
OG0006892	MEW5317857.1	MEW5306279.1
OG0006893	MEW5317858.1	MEW5306280.1
OG0006894	MEW5317860.1	MEW5306281.1
OG0006895	MEW5317861.1	MEW5306282.1
OG0006896	MEW5317866.1	MEW5306285.1
OG0006897	MEW5317867.1	MEW5306286.1
OG0006898	MEW5317869.1	MEW5306287.1
OG0006899	MEW5317870.1	MEW5306288.1
OG0006900	MEW5317872.1	MEW5306289.1
OG0006901	MEW5317874.1	MEW5306290.1
OG0006902	MEW5317875.1	MEW5306291.1
OG0006903	MEW5317876.1	MEW5306292.1
OG0006904	MEW5317877.1	MEW5306293.1
OG0006905	MEW5317881.1	MEW5300627.1
OG0006906	MEW5317883.1	MEW5300626.1
OG0006907	MEW5317884.1	MEW5300625.1
OG0006908	MEW5317885.1	MEW5300624.1
OG0006909	MEW5317886.1	MEW5300623.1
OG0006910	MEW5317887.1, MEW5317888.1	
OG0006911	MEW5317889.1	MEW5300621.1
OG0006912	MEW5317893.1	MEW5300614.1
OG0006913	MEW5317895.1	MEW5300613.1
OG0006914	MEW5317897.1	MEW5300612.1
OG0006915	MEW5317898.1	MEW5300611.1
OG0006916	MEW5317900.1	MEW5300610.1
OG0006917	MEW5317904.1	MEW5300609.1
OG0006918	MEW5317905.1	MEW5300608.1
OG0006919	MEW5317906.1	MEW5300607.1
OG0006920	MEW5317907.1	MEW5300606.1
OG0006921	MEW5317908.1	MEW5300605.1
OG0006922	MEW5317910.1	MEW5300604.1
OG0006923	MEW5317911.1	MEW5300603.1
OG0006924	MEW5317912.1	MEW5300602.1
OG0006925	MEW5317927.1	MEW5300599.1
OG0006926	MEW5317928.1	MEW5300598.1
OG0006927	MEW5317929.1	MEW5300597.1
OG0006928	MEW5317933.1	MEW5300593.1
OG0006929	MEW5317934.1	MEW5300592.1
OG0006930	MEW5317935.1	MEW5300591.1
OG0006931	MEW5317937.1	MEW5300585.1
OG0006932	MEW5317938.1	MEW5300584.1
OG0006933	MEW5317939.1	MEW5300583.1
OG0006934	MEW5317942.1	MEW5300581.1
OG0006935	MEW5317943.1	MEW5300580.1
OG0006936	MEW5317945.1	MEW5300579.1
OG0006937	MEW5317946.1	MEW5300578.1
OG0006938	MEW5317950.1	MEW5300574.1
OG0006939	MEW5317954.1	MEW5300573.1
OG0006940	MEW5317956.1	MEW5300570.1
OG0006941	MEW5317957.1	MEW5300569.1
OG0006942	MEW5317959.1	MEW5300566.1
OG0006943	MEW5317962.1	MEW5300557.1
OG0006944	MEW5317964.1	MEW5300550.1
OG0006945	MEW5317965.1	MEW5300549.1
OG0006946	MEW5317967.1, MEW5317968.1	
OG0006947	MEW5317972.1	MEW5300547.1
OG0006948	MEW5317973.1	MEW5300546.1
OG0006949	MEW5317975.1	MEW5300543.1
OG0006950	MEW5317978.1	MEW5300541.1
OG0006951	MEW5317979.1	MEW5300540.1
OG0006952	MEW5317982.1	MEW5300537.1
OG0006953	MEW5317983.1	MEW5300536.1
OG0006954	MEW5317987.1	MEW5300535.1
OG0006955	MEW5317988.1	MEW5300534.1
OG0006956	MEW5317990.1	MEW5300531.1
OG0006957	MEW5317991.1	MEW5300529.1
OG0006958	MEW5317992.1	MEW5300528.1
OG0006959	MEW5317993.1	MEW5300527.1
OG0006960	MEW5317997.1	MEW5300524.1
OG0006961	MEW5318002.1	MEW5300523.1
OG0006962	MEW5318003.1	MEW5300522.1
OG0006963	MEW5318004.1	MEW5300521.1
OG0006964	MEW5318005.1	MEW5300520.1
OG0006965	MEW5318006.1	MEW5304533.1
OG0006966	MEW5318009.1	MEW5304534.1
OG0006967	MEW5318010.1	MEW5304536.1
OG0006968	MEW5318011.1	MEW5304537.1
OG0006969	MEW5318012.1	MEW5304538.1
OG0006970	MEW5318014.1	MEW5304543.1
OG0006971	MEW5318016.1	MEW5304544.1
OG0006972	MEW5318017.1	MEW5304545.1
OG0006973	MEW5318018.1	MEW5304546.1
OG0006974	MEW5318019.1	MEW5304547.1
OG0006975	MEW5318020.1	MEW5304548.1
OG0006976	MEW5318021.1	MEW5304549.1
OG0006977	MEW5318022.1	MEW5304550.1
OG0006978	MEW5318023.1	MEW5304551.1
OG0006979	MEW5318024.1	MEW5304552.1
OG0006980	MEW5318026.1	MEW5304555.1
OG0006981	MEW5318028.1	MEW5304559.1
OG0006982	MEW5318029.1	MEW5304560.1
OG0006983	MEW5318030.1	MEW5304561.1
OG0006984	MEW5318031.1	MEW5304557.1
OG0006985	MEW5318032.1	MEW5304562.1
OG0006986	MEW5318037.1	MEW5304566.1
OG0006987	MEW5318044.1	MEW5304572.1
OG0006988	MEW5318045.1	MEW5304574.1
OG0006989	MEW5318048.1	MEW5304576.1
OG0006990	MEW5318049.1	MEW5304577.1
OG0006991	MEW5318050.1	MEW5304578.1
OG0006992	MEW5318051.1	MEW5304579.1
OG0006993	MEW5318052.1	MEW5304580.1
OG0006994	MEW5318053.1	MEW5304581.1
OG0006995	MEW5318055.1	MEW5304585.1
OG0006996	MEW5318057.1	MEW5304588.1
OG0006997	MEW5318058.1	MEW5304589.1
OG0006998	MEW5318059.1	MEW5304590.1
OG0006999	MEW5318061.1	MEW5304591.1
OG0007000	MEW5318062.1	MEW5304592.1
OG0007001	MEW5318063.1	MEW5304594.1
OG0007002	MEW5318064.1	MEW5304595.1
OG0007003	MEW5318065.1	MEW5304596.1
OG0007004	MEW5318066.1	MEW5304597.1
OG0007005	MEW5318067.1	MEW5304598.1
OG0007006	MEW5318068.1	MEW5304599.1
OG0007007	MEW5318069.1	MEW5304600.1
OG0007008	MEW5318070.1	MEW5304601.1
OG0007009	MEW5318071.1	MEW5304602.1
OG0007010	MEW5318072.1	MEW5301104.1
OG0007011	MEW5318073.1	MEW5301103.1
OG0007012	MEW5318076.1	MEW5301101.1
OG0007013	MEW5318082.1	MEW5301092.1
OG0007014	MEW5318084.1	MEW5301089.1
OG0007015	MEW5318088.1	MEW5301088.1
OG0007016	MEW5318091.1	MEW5301086.1
OG0007017	MEW5318092.1	MEW5301085.1
OG0007018	MEW5318093.1	MEW5301083.1
OG0007019	MEW5318095.1	MEW5301082.1
OG0007020	MEW5318096.1	MEW5301081.1
OG0007021	MEW5318097.1	MEW5301080.1
OG0007022	MEW5318098.1	MEW5301079.1
OG0007023	MEW5318099.1	MEW5301078.1
OG0007024	MEW5318100.1	MEW5301077.1
OG0007025	MEW5318102.1	MEW5301074.1
OG0007026	MEW5318106.1	MEW5301073.1
OG0007027	MEW5318108.1	MEW5301072.1
OG0007028	MEW5318112.1	MEW5301070.1
OG0007029	MEW5318113.1	MEW5301069.1
OG0007030	MEW5318118.1	MEW5301068.1
OG0007031	MEW5318120.1	MEW5301064.1
OG0007032	MEW5318121.1	MEW5301063.1
OG0007033	MEW5318124.1	MEW5301058.1
OG0007034	MEW5318125.1	MEW5301057.1
OG0007035	MEW5318126.1	MEW5301056.1
OG0007036	MEW5318127.1	MEW5301055.1
OG0007037	MEW5318128.1	MEW5301054.1
OG0007038	MEW5318130.1	MEW5301052.1
OG0007039	MEW5318132.1	MEW5301051.1
OG0007040	MEW5318135.1	MEW5301049.1
OG0007041	MEW5318136.1	MEW5301048.1
OG0007042	MEW5318137.1	MEW5301047.1
OG0007043	MEW5318138.1	MEW5301046.1
OG0007044	MEW5318139.1	MEW5301045.1
OG0007045	MEW5318140.1	MEW5301044.1
OG0007046	MEW5318141.1	MEW5301043.1
OG0007047	MEW5318143.1	MEW5301040.1
OG0007048	MEW5318145.1	MEW5301039.1
OG0007049	MEW5318146.1	MEW5301038.1
OG0007050	MEW5318147.1	MEW5301037.1
OG0007051	MEW5318150.1	MEW5301035.1
OG0007052	MEW5318153.1	MEW5301033.1
OG0007053	MEW5318154.1	MEW5301032.1
OG0007054	MEW5318155.1	MEW5301030.1
OG0007055	MEW5318156.1	MEW5301028.1
OG0007056	MEW5318157.1	MEW5301027.1
OG0007057	MEW5318158.1	MEW5301026.1
OG0007058	MEW5318163.1	MEW5301023.1
OG0007059	MEW5318164.1	MEW5301022.1
OG0007060	MEW5318165.1	MEW5301021.1
OG0007061	MEW5318166.1	MEW5301020.1
OG0007062	MEW5318168.1	MEW5301019.1
OG0007063	MEW5318169.1	MEW5301018.1
OG0007064	MEW5318171.1	MEW5301016.1
OG0007065	MEW5318173.1	MEW5301015.1
OG0007066	MEW5318175.1	MEW5301010.1
OG0007067	MEW5318177.1	MEW5301007.1
OG0007068	MEW5318178.1	MEW5301006.1
OG0007069	MEW5318184.1	MEW5301001.1
OG0007070	MEW5318185.1	MEW5301000.1
OG0007071	MEW5318186.1	MEW5300998.1
OG0007072	MEW5318187.1	MEW5300997.1
OG0007073	MEW5318188.1	MEW5300996.1
OG0007074	MEW5318189.1	MEW5300995.1
OG0007075	MEW5318190.1	MEW5300994.1
OG0007076	MEW5318191.1	MEW5300992.1
OG0007077	MEW5318192.1	MEW5300989.1
OG0007078	MEW5318193.1	MEW5300988.1
OG0007079	MEW5318203.1	MEW5300981.1
OG0007080	MEW5318204.1	MEW5300980.1
OG0007081	MEW5318205.1	MEW5300978.1
OG0007082	MEW5318206.1	MEW5300977.1
OG0007083	MEW5318210.1	MEW5300974.1
OG0007084	MEW5318212.1	MEW5301245.1
OG0007085	MEW5318213.1	MEW5301246.1
OG0007086	MEW5318216.1	MEW5301247.1
OG0007087	MEW5318224.1	MEW5301251.1
OG0007088	MEW5318225.1	MEW5301252.1
OG0007089	MEW5318226.1	MEW5301253.1
OG0007090	MEW5318227.1	MEW5301254.1
OG0007091	MEW5318232.1	MEW5301259.1
OG0007092	MEW5318233.1	MEW5301260.1
OG0007093	MEW5318235.1	MEW5301262.1
OG0007094	MEW5318237.1	MEW5301265.1
OG0007095	MEW5318238.1	MEW5301267.1
OG0007096	MEW5318240.1	MEW5301268.1
OG0007097	MEW5318241.1	MEW5301269.1
OG0007098	MEW5318242.1	MEW5301270.1
OG0007099	MEW5318243.1	MEW5301271.1
OG0007100	MEW5318247.1, MEW5318248.1	
OG0007101	MEW5318249.1	MEW5301275.1
OG0007102	MEW5318252.1	MEW5301277.1
OG0007103	MEW5318256.1	MEW5301280.1
OG0007104	MEW5318260.1	MEW5301283.1
OG0007105	MEW5318261.1	MEW5301284.1
OG0007106	MEW5318263.1	MEW5301285.1
OG0007107	MEW5318266.1	MEW5301288.1
OG0007108	MEW5318267.1	MEW5301293.1
OG0007109	MEW5318268.1	MEW5301294.1
OG0007110	MEW5318269.1	MEW5301295.1
OG0007111	MEW5318270.1	MEW5301296.1
OG0007112	MEW5318271.1	MEW5301297.1
OG0007113	MEW5318272.1	MEW5301298.1
OG0007114	MEW5318275.1	MEW5301300.1
OG0007115	MEW5318276.1	MEW5301301.1
OG0007116	MEW5318279.1	MEW5301305.1
OG0007117	MEW5318280.1	MEW5301309.1
OG0007118	MEW5318283.1	MEW5301311.1
OG0007119	MEW5318284.1	MEW5301312.1
OG0007120	MEW5318285.1	MEW5301313.1
OG0007121	MEW5318286.1	MEW5301314.1
OG0007122	MEW5318287.1	MEW5301315.1
OG0007123	MEW5318288.1	MEW5301316.1
OG0007124	MEW5318295.1	MEW5301318.1
OG0007125	MEW5318296.1	MEW5301319.1
OG0007126	MEW5318297.1	MEW5301322.1
OG0007127	MEW5318300.1	MEW5301324.1
OG0007128	MEW5318301.1	MEW5301326.1
OG0007129	MEW5318302.1	MEW5301327.1
OG0007130	MEW5318303.1	MEW5301328.1
OG0007131	MEW5318305.1	MEW5301329.1
OG0007132	MEW5318309.1	MEW5301331.1
OG0007133	MEW5318313.1	MEW5301333.1
OG0007134	MEW5318314.1	MEW5301334.1
OG0007135	MEW5318315.1	MEW5301335.1
OG0007136	MEW5318316.1	MEW5301337.1
OG0007137	MEW5318322.1	MEW5301343.1
OG0007138	MEW5318323.1	MEW5301344.1
OG0007139	MEW5318324.1	MEW5301345.1
OG0007140	MEW5318327.1	MEW5301348.1
OG0007141	MEW5318328.1	MEW5301349.1
OG0007142	MEW5318331.1	MEW5301351.1
OG0007143	MEW5318332.1	MEW5301352.1
OG0007144	MEW5318333.1	MEW5301353.1
OG0007145	MEW5318334.1	MEW5301356.1
OG0007146	MEW5318335.1	MEW5301357.1
OG0007147	MEW5318337.1	MEW5301358.1
OG0007148	MEW5318338.1	MEW5301359.1
OG0007149	MEW5318339.1	MEW5301360.1
OG0007150	MEW5318340.1	MEW5301361.1
OG0007151	MEW5318341.1	MEW5301362.1
OG0007152	MEW5318342.1	MEW5301363.1
OG0007153	MEW5318343.1	MEW5301364.1
OG0007154	MEW5318346.1	MEW5301366.1
OG0007155	MEW5318348.1	MEW5301367.1
OG0007156	MEW5318351.1	MEW5301369.1
OG0007157	MEW5318352.1	MEW5301370.1
OG0007158	MEW5318355.1	MEW5301372.1
OG0007159	MEW5318356.1	MEW5301373.1
OG0007160	MEW5318361.1	MEW5301377.1
OG0007161	MEW5318362.1	MEW5301378.1
OG0007162	MEW5318365.1	MEW5301379.1
OG0007163	MEW5318366.1	MEW5301380.1
OG0007164	MEW5318368.1	MEW5301384.1
OG0007165	MEW5318369.1	MEW5301385.1
OG0007166	MEW5318370.1	MEW5301386.1
OG0007167	MEW5318371.1	MEW5301387.1
OG0007168	MEW5318373.1	MEW5301388.1
OG0007169	MEW5318376.1	MEW5301389.1
OG0007170	MEW5318377.1	MEW5301390.1
OG0007171	MEW5318381.1	MEW5301391.1
OG0007172	MEW5318383.1	MEW5301393.1
OG0007173	MEW5318384.1	MEW5301394.1
OG0007174	MEW5318386.1	MEW5301396.1
OG0007175	MEW5318388.1	MEW5301398.1
OG0007176	MEW5318389.1	MEW5301399.1
OG0007177	MEW5318390.1	MEW5301400.1
OG0007178	MEW5318392.1	MEW5301403.1
OG0007179	MEW5318394.1	MEW5301405.1
OG0007180	MEW5318396.1	MEW5301407.1
OG0007181	MEW5318397.1, MEW5318429.1	
OG0007182	MEW5318400.1	MEW5301410.1
OG0007183	MEW5318401.1	MEW5301411.1
OG0007184	MEW5318402.1	MEW5301412.1
OG0007185	MEW5318403.1	MEW5301413.1
OG0007186	MEW5318411.1	MEW5301422.1
OG0007187	MEW5318417.1	MEW5301423.1
OG0007188	MEW5318420.1	MEW5303687.1
OG0007189	MEW5318422.1	MEW5301426.1
OG0007190	MEW5318423.1	MEW5301427.1
OG0007191	MEW5318424.1	MEW5301428.1
OG0007192	MEW5318425.1	MEW5301429.1
OG0007193	MEW5318426.1, MEW5318427.1	
OG0007194	MEW5318428.1	MEW5301430.1
OG0007195	MEW5318430.1, MEW5318431.1	
OG0007196	MEW5318432.1	MEW5301431.1
OG0007197	MEW5318433.1	MEW5301432.1
OG0007198	MEW5318434.1	MEW5301434.1
OG0007199	MEW5318435.1	MEW5301435.1
OG0007200	MEW5318437.1	MEW5301436.1
OG0007201	MEW5318438.1, MEW5318439.1	
OG0007202	MEW5318442.1	MEW5304780.1
OG0007203	MEW5318443.1	MEW5304779.1
OG0007204	MEW5318444.1	MEW5304778.1
OG0007205	MEW5318445.1	MEW5304777.1
OG0007206	MEW5318446.1	MEW5304773.1
OG0007207	MEW5318447.1	MEW5304772.1
OG0007208	MEW5318452.1	MEW5304768.1
OG0007209	MEW5318455.1	MEW5304765.1
OG0007210	MEW5318456.1	MEW5304763.1
OG0007211	MEW5318457.1	MEW5304762.1
OG0007212	MEW5318458.1	MEW5304761.1
OG0007213	MEW5318459.1	MEW5304760.1
OG0007214	MEW5318460.1	MEW5304759.1
OG0007215	MEW5318461.1	MEW5304758.1
OG0007216	MEW5318465.1	MEW5304751.1
OG0007217	MEW5318466.1	MEW5304750.1
OG0007218	MEW5318467.1	MEW5304749.1
OG0007219	MEW5318468.1, MEW5318469.1	
OG0007220	MEW5318470.1	MEW5304748.1
OG0007221	MEW5318471.1	MEW5304747.1
OG0007222	MEW5318472.1	MEW5304746.1
OG0007223	MEW5318474.1	MEW5304745.1
OG0007224	MEW5318480.1	MEW5304743.1
OG0007225	MEW5318484.1	MEW5304740.1
OG0007226	MEW5318488.1	MEW5304737.1
OG0007227	MEW5318489.1	MEW5304736.1
OG0007228	MEW5318492.1	MEW5304734.1
OG0007229	MEW5318496.1	MEW5304731.1
OG0007230	MEW5318498.1	MEW5304729.1
OG0007231	MEW5318499.1	MEW5304728.1
OG0007232	MEW5318501.1	MEW5304727.1
OG0007233	MEW5318503.1	MEW5304725.1
OG0007234	MEW5318504.1	MEW5304724.1
OG0007235	MEW5318505.1	MEW5304723.1
OG0007236	MEW5318506.1	MEW5304720.1
OG0007237	MEW5318507.1	MEW5304719.1
OG0007238	MEW5318508.1	MEW5304718.1
OG0007239	MEW5318509.1	MEW5304717.1
OG0007240	MEW5318510.1	MEW5304716.1
OG0007241	MEW5318511.1	MEW5304714.1
OG0007242	MEW5318512.1	MEW5304713.1
OG0007243	MEW5318515.1	MEW5304711.1
OG0007244	MEW5318516.1	MEW5304710.1
OG0007245	MEW5318518.1	MEW5304709.1
OG0007246	MEW5318519.1	MEW5304708.1
OG0007247	MEW5318525.1	MEW5304703.1
OG0007248	MEW5318526.1	MEW5304702.1
OG0007249	MEW5318527.1	MEW5304701.1
OG0007250	MEW5318528.1	MEW5304700.1
OG0007251	MEW5318529.1	MEW5304699.1
OG0007252	MEW5318530.1	MEW5304697.1
OG0007253	MEW5318534.1	MEW5304695.1
OG0007254	MEW5318535.1	MEW5304694.1
OG0007255	MEW5318540.1	MEW5304690.1
OG0007256	MEW5318541.1	MEW5304689.1
OG0007257	MEW5318543.1	MEW5304687.1
OG0007258	MEW5318544.1	MEW5304686.1
OG0007259	MEW5318545.1	MEW5304685.1
OG0007260	MEW5318546.1	MEW5304684.1
OG0007261	MEW5318547.1	MEW5304683.1
OG0007262	MEW5318550.1	MEW5304680.1
OG0007263	MEW5318553.1	MEW5304678.1
OG0007264	MEW5318554.1	MEW5304677.1
OG0007265	MEW5318555.1	MEW5304676.1
OG0007266	MEW5318556.1	MEW5304675.1
OG0007267	MEW5318557.1	MEW5304674.1
OG0007268	MEW5318558.1	MEW5304665.1
OG0007269	MEW5318559.1	MEW5304666.1
OG0007270	MEW5318560.1	MEW5304667.1
OG0007271	MEW5318563.1	MEW5304668.1
OG0007272	MEW5318567.1	MEW5304673.1
OG0007273	MEW5318572.1	MEW5304664.1
OG0007274	MEW5318573.1	MEW5304663.1
OG0007275	MEW5318574.1	MEW5304662.1
OG0007276	MEW5318578.1	MEW5304656.1
OG0007277	MEW5318579.1	MEW5304655.1
OG0007278	MEW5318580.1	MEW5304654.1
OG0007279	MEW5318581.1	MEW5304653.1
OG0007280	MEW5318582.1	MEW5304651.1
OG0007281	MEW5318584.1	MEW5304650.1
OG0007282	MEW5318585.1	MEW5304649.1
OG0007283	MEW5318589.1	MEW5304646.1
OG0007284	MEW5318591.1	MEW5304644.1
OG0007285	MEW5318592.1	MEW5304643.1
OG0007286	MEW5318593.1	MEW5304642.1
OG0007287	MEW5318594.1	MEW5304641.1
OG0007288	MEW5318597.1	MEW5304637.1
OG0007289	MEW5318598.1	MEW5304636.1
OG0007290	MEW5318603.1	MEW5304631.1
OG0007291	MEW5318605.1	MEW5304630.1
OG0007292	MEW5318606.1	MEW5304629.1
OG0007293	MEW5318607.1	MEW5304628.1
OG0007294	MEW5318608.1	MEW5304627.1
OG0007295	MEW5318609.1	MEW5304626.1
OG0007296	MEW5318612.1	MEW5304621.1
OG0007297	MEW5318619.1	MEW5304615.1
OG0007298	MEW5318622.1	MEW5304613.1
OG0007299	MEW5318623.1	MEW5304612.1
OG0007300	MEW5318624.1, MEW5318625.1	
OG0007301	MEW5318626.1	MEW5304611.1
OG0007302	MEW5318627.1	MEW5304610.1
OG0007303	MEW5318628.1	MEW5304609.1
OG0007304	MEW5318629.1	MEW5304608.1
OG0007305	MEW5318630.1	MEW5304606.1
OG0007306	MEW5318631.1	MEW5304605.1
OG0007307	MEW5318633.1	MEW5305911.1
OG0007308	MEW5318635.1	MEW5305913.1
OG0007309	MEW5318636.1	MEW5305914.1
OG0007310	MEW5318637.1	MEW5305915.1
OG0007311	MEW5318638.1	MEW5305916.1
OG0007312	MEW5318639.1	MEW5305917.1
OG0007313	MEW5318640.1	MEW5305918.1
OG0007314	MEW5318641.1	MEW5305919.1
OG0007315	MEW5318642.1	MEW5305920.1
OG0007316	MEW5318643.1	MEW5305921.1
OG0007317	MEW5318644.1	MEW5305922.1
OG0007318	MEW5318645.1	MEW5305923.1
OG0007319	MEW5318646.1	MEW5305924.1
OG0007320	MEW5318649.1	MEW5305925.1
OG0007321	MEW5318652.1	MEW5305927.1
OG0007322	MEW5318653.1	MEW5305928.1
OG0007323	MEW5318656.1	MEW5305931.1
OG0007324	MEW5318657.1	MEW5305932.1
OG0007325	MEW5318658.1	MEW5305933.1
OG0007326	MEW5318660.1	MEW5305935.1
OG0007327	MEW5318661.1	MEW5305936.1
OG0007328	MEW5318662.1	MEW5305937.1
OG0007329	MEW5318664.1	MEW5305938.1
OG0007330	MEW5318665.1	MEW5305939.1
OG0007331	MEW5318666.1	MEW5305940.1
OG0007332	MEW5318667.1	MEW5305941.1
OG0007333	MEW5318668.1	MEW5305942.1
OG0007334	MEW5318669.1	MEW5305943.1
OG0007335	MEW5318671.1	MEW5305944.1
OG0007336	MEW5318672.1	MEW5305945.1
OG0007337	MEW5318678.1	MEW5305950.1
OG0007338	MEW5318679.1	MEW5305951.1
OG0007339	MEW5318681.1	MEW5305952.1
OG0007340	MEW5318682.1	MEW5305953.1
OG0007341	MEW5318683.1	MEW5305954.1
OG0007342	MEW5318684.1	MEW5305955.1
OG0007343	MEW5318685.1	MEW5305956.1
OG0007344	MEW5318686.1	MEW5305957.1
OG0007345	MEW5318687.1	MEW5305958.1
OG0007346	MEW5318688.1	MEW5305959.1
OG0007347	MEW5318690.1	MEW5305960.1
OG0007348	MEW5318699.1	MEW5305970.1
OG0007349	MEW5318700.1	MEW5305971.1
OG0007350	MEW5318705.1	MEW5305974.1
OG0007351	MEW5318707.1	MEW5305975.1
OG0007352	MEW5318708.1	MEW5305976.1
OG0007353	MEW5318709.1	MEW5305977.1
OG0007354	MEW5318712.1	MEW5305980.1
OG0007355	MEW5318713.1	MEW5305981.1
OG0007356	MEW5318715.1	MEW5305982.1
OG0007357	MEW5318716.1	MEW5305983.1
OG0007358	MEW5318718.1	MEW5305985.1
OG0007359	MEW5318719.1	MEW5305986.1
OG0007360	MEW5318720.1	MEW5305987.1
OG0007361	MEW5318721.1, MEW5318722.1	
OG0007362	MEW5318723.1	MEW5305988.1
OG0007363	MEW5318725.1	MEW5305990.1
OG0007364	MEW5318726.1	MEW5305991.1
OG0007365	MEW5318731.1	MEW5305994.1
OG0007366	MEW5318733.1	MEW5305995.1
OG0007367	MEW5318735.1	MEW5305996.1
OG0007368	MEW5318736.1	MEW5305997.1
OG0007369	MEW5318737.1	MEW5305998.1
OG0007370	MEW5318739.1	MEW5305999.1
OG0007371	MEW5318740.1	MEW5306000.1
OG0007372	MEW5318741.1	MEW5306001.1
OG0007373	MEW5318742.1	MEW5306002.1
OG0007374	MEW5318747.1	MEW5306007.1
OG0007375	MEW5318748.1	MEW5306008.1
OG0007376	MEW5318749.1	MEW5306009.1
OG0007377	MEW5318752.1	MEW5306012.1
OG0007378	MEW5318758.1	MEW5306015.1
OG0007379	MEW5318759.1	MEW5306016.1
OG0007380	MEW5318762.1	MEW5306019.1
OG0007381	MEW5318765.1	MEW5306023.1
OG0007382	MEW5318766.1	MEW5306024.1
OG0007383	MEW5318767.1	MEW5306025.1
OG0007384	MEW5318769.1	MEW5306026.1
OG0007385	MEW5318774.1	MEW5306028.1
OG0007386	MEW5318783.1	MEW5306035.1
OG0007387	MEW5318784.1	MEW5306036.1
OG0007388	MEW5318785.1	MEW5306037.1
OG0007389	MEW5318786.1, MEW5318787.1	
OG0007390	MEW5318791.1	MEW5306040.1
OG0007391	MEW5318794.1	MEW5306042.1
OG0007392	MEW5318795.1	MEW5306043.1
OG0007393	MEW5318796.1	MEW5306044.1
OG0007394	MEW5318797.1	MEW5306045.1
OG0007395	MEW5318799.1	MEW5306046.1
OG0007396	MEW5318800.1	MEW5306047.1
OG0007397	MEW5318802.1	MEW5306051.1
OG0007398	MEW5318805.1	MEW5306053.1
OG0007399	MEW5318806.1	MEW5306054.1
OG0007400	MEW5318809.1	MEW5306056.1
OG0007401	MEW5318811.1	MEW5306059.1
OG0007402	MEW5318814.1	MEW5306060.1
OG0007403	MEW5318815.1	MEW5306061.1
OG0007404	MEW5318816.1	MEW5306062.1
OG0007405	MEW5318817.1	MEW5306063.1
OG0007406	MEW5318818.1	MEW5306064.1
OG0007407	MEW5318821.1	MEW5306068.1
OG0007408	MEW5318826.1	MEW5306074.1
OG0007409	MEW5318829.1	MEW5306078.1
OG0007410	MEW5318830.1	MEW5306079.1
OG0007411	MEW5318831.1	MEW5306080.1
OG0007412	MEW5318833.1	MEW5306082.1
OG0007413	MEW5318834.1	MEW5306083.1
OG0007414	MEW5318835.1	MEW5306084.1
OG0007415	MEW5318836.1	MEW5306085.1
OG0007416	MEW5318837.1	MEW5306086.1
OG0007417	MEW5318838.1	MEW5306087.1
OG0007418	MEW5318841.1	MEW5306089.1
OG0007419	MEW5318846.1	MEW5296875.1
OG0007420	MEW5318849.1	MEW5296876.1
OG0007421	MEW5318851.1	MEW5296878.1
OG0007422	MEW5318852.1	MEW5296879.1
OG0007423	MEW5318859.1	MEW5296881.1
OG0007424	MEW5318862.1	MEW5302997.1
OG0007425	MEW5318870.1	MEW5296886.1
OG0007426	MEW5318872.1	MEW5296891.1
OG0007427	MEW5318876.1	MEW5296892.1
OG0007428	MEW5318878.1	MEW5296893.1
OG0007429	MEW5318880.1	MEW5302236.1
OG0007430	MEW5318882.1	MEW5296894.1
OG0007431	MEW5318883.1	MEW5296895.1
OG0007432	MEW5318885.1	MEW5296897.1
OG0007433	MEW5318886.1	MEW5296898.1
OG0007434	MEW5318889.1	MEW5296901.1
OG0007435	MEW5318891.1	MEW5302329.1
OG0007436	MEW5318892.1	MEW5302328.1
OG0007437	MEW5318900.1	MEW5296908.1
OG0007438	MEW5318905.1	MEW5296916.1
OG0007439	MEW5318908.1	MEW5296921.1
OG0007440	MEW5318909.1	MEW5296922.1
OG0007441	MEW5318911.1	MEW5302206.1
OG0007442	MEW5318912.1	MEW5296924.1
OG0007443	MEW5318914.1	MEW5296925.1
OG0007444	MEW5318915.1	MEW5296926.1
OG0007445	MEW5318917.1	MEW5296927.1
OG0007446	MEW5318918.1	MEW5296928.1
OG0007447	MEW5318919.1	MEW5296929.1
OG0007448	MEW5318920.1	MEW5296931.1
OG0007449	MEW5318921.1	MEW5296932.1
OG0007450	MEW5318927.1	MEW5305464.1
OG0007451	MEW5318931.1	MEW5305467.1
OG0007452	MEW5318933.1	MEW5305469.1
OG0007453	MEW5318935.1	MEW5305470.1
OG0007454	MEW5318936.1	MEW5305471.1
OG0007455	MEW5318937.1	MEW5305472.1
OG0007456	MEW5318938.1	MEW5305473.1
OG0007457	MEW5318943.1	MEW5305479.1
OG0007458	MEW5318944.1	MEW5305480.1
OG0007459	MEW5318945.1	MEW5305481.1
OG0007460	MEW5318946.1	MEW5305482.1
OG0007461	MEW5318947.1	MEW5305483.1
OG0007462	MEW5318948.1	MEW5305484.1
OG0007463	MEW5318949.1, MEW5318950.1	
OG0007464	MEW5318956.1	MEW5306194.1
OG0007465	MEW5318958.1	MEW5305489.1
OG0007466	MEW5318959.1, MEW5318960.1	
OG0007467	MEW5318963.1	MEW5305491.1
OG0007468	MEW5318964.1	MEW5305492.1
OG0007469	MEW5318965.1	MEW5305493.1
OG0007470	MEW5318967.1	MEW5305496.1
OG0007471	MEW5318968.1	MEW5305497.1
OG0007472	MEW5318970.1	MEW5305498.1
OG0007473	MEW5318971.1	MEW5305499.1
OG0007474	MEW5318972.1	MEW5305500.1
OG0007475	MEW5318973.1	MEW5305505.1
OG0007476	MEW5318976.1	MEW5305508.1
OG0007477	MEW5318977.1	MEW5305510.1
OG0007478	MEW5318978.1	MEW5305511.1
OG0007479	MEW5318983.1	MEW5305512.1
OG0007480	MEW5318984.1	MEW5305513.1
OG0007481	MEW5318985.1	MEW5305514.1
OG0007482	MEW5318986.1	MEW5305516.1
OG0007483	MEW5318987.1	MEW5305517.1
OG0007484	MEW5318988.1	MEW5305518.1
OG0007485	MEW5318989.1	MEW5305519.1
OG0007486	MEW5318992.1	MEW5305522.1
OG0007487	MEW5318993.1	MEW5305523.1
OG0007488	MEW5318995.1	MEW5305524.1
OG0007489	MEW5318996.1	MEW5305526.1
OG0007490	MEW5318999.1	MEW5305527.1
OG0007491	MEW5319001.1	MEW5305528.1
OG0007492	MEW5319005.1	MEW5305530.1
OG0007493	MEW5319006.1	MEW5305531.1
OG0007494	MEW5319009.1	MEW5299284.1
OG0007495	MEW5319011.1	MEW5305535.1
OG0007496	MEW5319013.1	MEW5305541.1
OG0007497	MEW5319014.1, MEW5319015.1	
OG0007498	MEW5319017.1	MEW5301462.1
OG0007499	MEW5319018.1	MEW5301463.1
OG0007500	MEW5319019.1	MEW5301464.1
OG0007501	MEW5319021.1	MEW5301465.1
OG0007502	MEW5319024.1	MEW5301467.1
OG0007503	MEW5319026.1	MEW5301468.1
OG0007504	MEW5319029.1	MEW5301470.1
OG0007505	MEW5319031.1	MEW5301472.1
OG0007506	MEW5319035.1	MEW5301477.1
OG0007507	MEW5319037.1	MEW5301479.1
OG0007508	MEW5319040.1	MEW5301482.1
OG0007509	MEW5319042.1	MEW5301485.1
OG0007510	MEW5319043.1	MEW5301486.1
OG0007511	MEW5319044.1	MEW5301487.1
OG0007512	MEW5319045.1	MEW5301488.1
OG0007513	MEW5319046.1	MEW5301489.1
OG0007514	MEW5319047.1	MEW5301490.1
OG0007515	MEW5319049.1	MEW5301492.1
OG0007516	MEW5319050.1	MEW5301493.1
OG0007517	MEW5319051.1	MEW5301494.1
OG0007518	MEW5319052.1	MEW5301495.1
OG0007519	MEW5319054.1	MEW5301496.1
OG0007520	MEW5319059.1	MEW5301504.1
OG0007521	MEW5319060.1	MEW5301506.1
OG0007522	MEW5319065.1	MEW5301507.1
OG0007523	MEW5319066.1, MEW5319830.1	
OG0007524	MEW5319070.1	MEW5301511.1
OG0007525	MEW5319075.1	MEW5301513.1
OG0007526	MEW5319076.1	MEW5301514.1
OG0007527	MEW5319077.1	MEW5301515.1
OG0007528	MEW5319078.1	MEW5301516.1
OG0007529	MEW5319081.1	MEW5301517.1
OG0007530	MEW5319083.1	MEW5301520.1
OG0007531	MEW5319084.1	MEW5301521.1
OG0007532	MEW5319085.1	MEW5301524.1
OG0007533	MEW5319086.1	MEW5301525.1
OG0007534	MEW5319087.1	MEW5301526.1
OG0007535	MEW5319090.1	MEW5301529.1
OG0007536	MEW5319091.1	MEW5301530.1
OG0007537	MEW5319093.1	MEW5301532.1
OG0007538	MEW5319094.1	MEW5301533.1
OG0007539	MEW5319095.1	MEW5301534.1
OG0007540	MEW5319096.1	MEW5301535.1
OG0007541	MEW5319097.1	MEW5301536.1
OG0007542	MEW5319099.1	MEW5301537.1
OG0007543	MEW5319100.1	MEW5301538.1
OG0007544	MEW5319101.1	MEW5301539.1
OG0007545	MEW5319104.1	MEW5301543.1
OG0007546	MEW5319105.1	MEW5301544.1
OG0007547	MEW5319108.1	MEW5301545.1
OG0007548	MEW5319109.1	MEW5301546.1
OG0007549	MEW5319117.1	MEW5301549.1
OG0007550	MEW5319119.1	MEW5301550.1
OG0007551	MEW5319124.1	MEW5301554.1
OG0007552	MEW5319127.1	MEW5301556.1
OG0007553	MEW5319129.1	MEW5301558.1
OG0007554	MEW5319130.1	MEW5301559.1
OG0007555	MEW5319131.1	MEW5301560.1
OG0007556	MEW5319133.1	MEW5301561.1
OG0007557	MEW5319134.1	MEW5301562.1
OG0007558	MEW5319135.1	MEW5301563.1
OG0007559	MEW5319139.1	MEW5301564.1
OG0007560	MEW5319140.1	MEW5301565.1
OG0007561	MEW5319141.1	MEW5301566.1
OG0007562	MEW5319142.1	MEW5301567.1
OG0007563	MEW5319146.1	MEW5301569.1
OG0007564	MEW5319149.1	MEW5301570.1
OG0007565	MEW5319150.1	MEW5301571.1
OG0007566	MEW5319152.1	MEW5301574.1
OG0007567	MEW5319154.1	MEW5301575.1
OG0007568	MEW5319156.1	MEW5301576.1
OG0007569	MEW5319157.1	MEW5301579.1
OG0007570	MEW5319158.1	MEW5301580.1
OG0007571	MEW5319159.1	MEW5301581.1
OG0007572	MEW5319162.1	MEW5301585.1
OG0007573	MEW5319163.1	MEW5301586.1
OG0007574	MEW5319164.1	MEW5301587.1
OG0007575	MEW5319170.1	MEW5301593.1
OG0007576	MEW5319171.1	MEW5301594.1
OG0007577	MEW5319172.1	MEW5301595.1
OG0007578	MEW5319173.1	MEW5301596.1
OG0007579	MEW5319176.1	MEW5301597.1
OG0007580	MEW5319177.1	MEW5304494.1
OG0007581	MEW5319178.1	MEW5304493.1
OG0007582	MEW5319182.1	MEW5304491.1
OG0007583	MEW5319183.1	MEW5304489.1
OG0007584	MEW5319184.1	MEW5304488.1
OG0007585	MEW5319186.1	MEW5304485.1
OG0007586	MEW5319187.1	MEW5304484.1
OG0007587	MEW5319188.1	MEW5304483.1
OG0007588	MEW5319190.1, MEW5319191.1	
OG0007589	MEW5319194.1	MEW5304482.1
OG0007590	MEW5319195.1	MEW5304481.1
OG0007591	MEW5319202.1	MEW5304478.1
OG0007592	MEW5319203.1	MEW5302507.1
OG0007593	MEW5319205.1	MEW5304477.1
OG0007594	MEW5319206.1	MEW5304476.1
OG0007595	MEW5319208.1	MEW5305872.1
OG0007596	MEW5319209.1	MEW5305873.1
OG0007597	MEW5319211.1	MEW5304471.1
OG0007598	MEW5319212.1	MEW5304470.1
OG0007599	MEW5319214.1	MEW5304469.1
OG0007600	MEW5319215.1	MEW5304468.1
OG0007601	MEW5319221.1	MEW5304461.1
OG0007602	MEW5319225.1	MEW5304456.1
OG0007603	MEW5319226.1	MEW5304454.1
OG0007604	MEW5319227.1	MEW5304452.1
OG0007605	MEW5319229.1	MEW5304450.1
OG0007606	MEW5319234.1	MEW5304447.1
OG0007607	MEW5319238.1	MEW5304445.1
OG0007608	MEW5319239.1	MEW5304444.1
OG0007609	MEW5319241.1	MEW5307613.1
OG0007610	MEW5319245.1	MEW5307610.1
OG0007611	MEW5319246.1	MEW5307609.1
OG0007612	MEW5319247.1	MEW5307608.1
OG0007613	MEW5319252.1	MEW5307601.1
OG0007614	MEW5319254.1	MEW5307600.1
OG0007615	MEW5319259.1	MEW5307592.1
OG0007616	MEW5319260.1	MEW5307589.1
OG0007617	MEW5319261.1	MEW5307588.1
OG0007618	MEW5319264.1	MEW5307584.1
OG0007619	MEW5319267.1	MEW5307578.1
OG0007620	MEW5319268.1	MEW5307577.1
OG0007621	MEW5319269.1	MEW5307576.1
OG0007622	MEW5319270.1	MEW5307575.1
OG0007623	MEW5319276.1	MEW5305897.1
OG0007624	MEW5319278.1	MEW5305895.1
OG0007625	MEW5319280.1	MEW5305893.1
OG0007626	MEW5319281.1	MEW5305892.1
OG0007627	MEW5319282.1	MEW5305891.1
OG0007628	MEW5319286.1	MEW5305555.1
OG0007629	MEW5319292.1	MEW5305424.1
OG0007630	MEW5319293.1	MEW5305425.1
OG0007631	MEW5319294.1	MEW5305427.1
OG0007632	MEW5319298.1	MEW5305429.1
OG0007633	MEW5319301.1	MEW5305432.1
OG0007634	MEW5319302.1	MEW5305433.1
OG0007635	MEW5319306.1	MEW5305436.1
OG0007636	MEW5319307.1	MEW5305437.1
OG0007637	MEW5319308.1	MEW5305438.1
OG0007638	MEW5319309.1	MEW5305440.1
OG0007639	MEW5319311.1	MEW5305443.1
OG0007640	MEW5319312.1	MEW5305444.1
OG0007641	MEW5319313.1	MEW5305445.1
OG0007642	MEW5319314.1	MEW5305446.1
OG0007643	MEW5319317.1	MEW5305448.1
OG0007644	MEW5319319.1	MEW5305454.1
OG0007645	MEW5319322.1	MEW5305455.1
OG0007646	MEW5319326.1	MEW5305458.1
OG0007647	MEW5319327.1	MEW5305459.1
OG0007648	MEW5319328.1	MEW5305460.1
OG0007649	MEW5319329.1	MEW5305461.1
OG0007650	MEW5319336.1	MEW5307805.1
OG0007651	MEW5319339.1	MEW5307804.1
OG0007652	MEW5319340.1	MEW5307803.1
OG0007653	MEW5319341.1	MEW5307802.1
OG0007654	MEW5319342.1	MEW5307801.1
OG0007655	MEW5319345.1	MEW5307798.1
OG0007656	MEW5319346.1	MEW5307797.1
OG0007657	MEW5319347.1	MEW5307796.1
OG0007658	MEW5319348.1	MEW5307795.1
OG0007659	MEW5319349.1	MEW5307794.1
OG0007660	MEW5319351.1	MEW5307792.1
OG0007661	MEW5319352.1	MEW5307791.1
OG0007662	MEW5319353.1	MEW5307790.1
OG0007663	MEW5319354.1	MEW5307789.1
OG0007664	MEW5319356.1	MEW5307788.1
OG0007665	MEW5319357.1	MEW5307787.1
OG0007666	MEW5319358.1	MEW5307786.1
OG0007667	MEW5319361.1	MEW5307783.1
OG0007668	MEW5319362.1	MEW5307782.1
OG0007669	MEW5319363.1	MEW5307781.1
OG0007670	MEW5319366.1	MEW5307778.1
OG0007671	MEW5319367.1	MEW5307777.1
OG0007672	MEW5319368.1	MEW5307775.1
OG0007673	MEW5319369.1	MEW5307774.1
OG0007674	MEW5319370.1	MEW5307773.1
OG0007675	MEW5319371.1	MEW5307698.1
OG0007676	MEW5319372.1	MEW5307697.1
OG0007677	MEW5319373.1	MEW5307696.1
OG0007678	MEW5319374.1	MEW5307693.1
OG0007679	MEW5319377.1	MEW5307692.1
OG0007680	MEW5319378.1	MEW5307691.1
OG0007681	MEW5319379.1	MEW5307689.1
OG0007682	MEW5319380.1	MEW5307686.1
OG0007683	MEW5319381.1	MEW5307685.1
OG0007684	MEW5319383.1	MEW5307684.1
OG0007685	MEW5319385.1	MEW5307683.1
OG0007686	MEW5319386.1	MEW5307682.1
OG0007687	MEW5319391.1	MEW5307679.1
OG0007688	MEW5319392.1	MEW5307678.1
OG0007689	MEW5319395.1	MEW5307676.1
OG0007690	MEW5319396.1	MEW5307675.1
OG0007691	MEW5319397.1	MEW5307674.1
OG0007692	MEW5319401.1	MEW5307908.1
OG0007693	MEW5319402.1	MEW5307909.1
OG0007694	MEW5319403.1	MEW5307910.1
OG0007695	MEW5319408.1	MEW5307913.1
OG0007696	MEW5319409.1	MEW5307914.1
OG0007697	MEW5319410.1	MEW5307915.1
OG0007698	MEW5319411.1	MEW5307916.1
OG0007699	MEW5319413.1	MEW5307918.1
OG0007700	MEW5319414.1	MEW5307919.1
OG0007701	MEW5319415.1	MEW5307920.1
OG0007702	MEW5319418.1	MEW5307922.1
OG0007703	MEW5319419.1	MEW5307923.1
OG0007704	MEW5319420.1	MEW5307924.1
OG0007705	MEW5319424.1	MEW5307927.1
OG0007706	MEW5319425.1	MEW5307928.1
OG0007707	MEW5319426.1	MEW5307929.1
OG0007708	MEW5319427.1	MEW5307930.1
OG0007709	MEW5319428.1	MEW5307931.1
OG0007710	MEW5319429.1	MEW5307932.1
OG0007711	MEW5319430.1	MEW5307934.1
OG0007712	MEW5319431.1	MEW5307935.1
OG0007713	MEW5319435.1	MEW5307938.1
OG0007714	MEW5319436.1	MEW5307939.1
OG0007715	MEW5319437.1	MEW5307940.1
OG0007716	MEW5319438.1	MEW5307941.1
OG0007717	MEW5319442.1	MEW5307945.1
OG0007718	MEW5319444.1	MEW5307946.1
OG0007719	MEW5319447.1	MEW5307947.1
OG0007720	MEW5319450.1	MEW5307948.1
OG0007721	MEW5319456.1	MEW5307950.1
OG0007722	MEW5319458.1	MEW5307952.1
OG0007723	MEW5319459.1	MEW5307953.1
OG0007724	MEW5319460.1, MEW5319461.1	
OG0007725	MEW5319462.1	MEW5306456.1
OG0007726	MEW5319463.1	MEW5307954.1
OG0007727	MEW5319464.1	MEW5307957.1
OG0007728	MEW5319465.1	MEW5307958.1
OG0007729	MEW5319466.1	MEW5307959.1
OG0007730	MEW5319469.1	MEW5307961.1
OG0007731	MEW5319472.1	MEW5307962.1
OG0007732	MEW5319473.1	MEW5307963.1
OG0007733	MEW5319477.1	MEW5307966.1
OG0007734	MEW5319478.1	MEW5307967.1
OG0007735	MEW5319479.1	MEW5307968.1
OG0007736	MEW5319481.1	MEW5307969.1
OG0007737	MEW5319482.1	MEW5303969.1
OG0007738	MEW5319483.1	MEW5303968.1
OG0007739	MEW5319484.1	MEW5303967.1
OG0007740	MEW5319488.1	MEW5303966.1
OG0007741	MEW5319489.1	MEW5303965.1
OG0007742	MEW5319490.1	MEW5303964.1
OG0007743	MEW5319491.1	MEW5303963.1
OG0007744	MEW5319493.1	MEW5303959.1
OG0007745	MEW5319500.1	MEW5303956.1
OG0007746	MEW5319506.1	MEW5303953.1
OG0007747	MEW5319507.1	MEW5303952.1
OG0007748	MEW5319509.1	MEW5303950.1
OG0007749	MEW5319512.1	MEW5303947.1
OG0007750	MEW5319514.1	MEW5303946.1
OG0007751	MEW5319520.1	MEW5303943.1
OG0007752	MEW5319521.1	MEW5303942.1
OG0007753	MEW5319522.1	MEW5303941.1
OG0007754	MEW5319523.1	MEW5305118.1
OG0007755	MEW5319524.1	MEW5303936.1
OG0007756	MEW5319527.1	MEW5303935.1
OG0007757	MEW5319528.1	MEW5303934.1
OG0007758	MEW5319529.1	MEW5303933.1
OG0007759	MEW5319530.1	MEW5304995.1
OG0007760	MEW5319531.1	MEW5304992.1
OG0007761	MEW5319532.1	MEW5304991.1
OG0007762	MEW5319533.1	MEW5304988.1
OG0007763	MEW5319536.1	MEW5304987.1
OG0007764	MEW5319537.1	MEW5304986.1
OG0007765	MEW5319538.1	MEW5304985.1
OG0007766	MEW5319540.1	MEW5304984.1
OG0007767	MEW5319541.1	MEW5304983.1
OG0007768	MEW5319542.1	MEW5304982.1
OG0007769	MEW5319544.1	MEW5304981.1
OG0007770	MEW5319545.1	MEW5304980.1
OG0007771	MEW5319546.1	MEW5304979.1
OG0007772	MEW5319549.1	MEW5304978.1
OG0007773	MEW5319550.1	MEW5304977.1
OG0007774	MEW5319552.1	MEW5304973.1
OG0007775	MEW5319553.1	MEW5304972.1
OG0007776	MEW5319554.1	MEW5304971.1
OG0007777	MEW5319555.1	MEW5304970.1
OG0007778	MEW5319556.1	MEW5304969.1
OG0007779	MEW5319557.1	MEW5304968.1
OG0007780	MEW5319558.1	MEW5304967.1
OG0007781	MEW5319559.1	MEW5304966.1
OG0007782	MEW5319560.1	MEW5304965.1
OG0007783	MEW5319562.1	MEW5304964.1
OG0007784	MEW5319563.1	MEW5304963.1
OG0007785	MEW5319566.1	MEW5304959.1
OG0007786	MEW5319567.1	MEW5304958.1
OG0007787	MEW5319568.1	MEW5304957.1
OG0007788	MEW5319569.1	MEW5304956.1
OG0007789	MEW5319570.1	MEW5304955.1
OG0007790	MEW5319571.1	MEW5304954.1
OG0007791	MEW5319572.1	MEW5304953.1
OG0007792	MEW5319574.1	MEW5304951.1
OG0007793	MEW5319576.1	MEW5304949.1
OG0007794	MEW5319577.1	MEW5304948.1
OG0007795	MEW5319580.1	MEW5304943.1
OG0007796	MEW5319581.1	MEW5304942.1
OG0007797	MEW5319582.1	MEW5304941.1
OG0007798	MEW5319587.1	MEW5304939.1
OG0007799	MEW5319588.1	MEW5304938.1
OG0007800	MEW5319589.1	MEW5304937.1
OG0007801	MEW5319590.1	MEW5304936.1
OG0007802	MEW5319591.1	MEW5304935.1
OG0007803	MEW5319592.1	MEW5304934.1
OG0007804	MEW5319593.1	MEW5304933.1
OG0007805	MEW5319594.1	MEW5304931.1
OG0007806	MEW5319596.1	MEW5304930.1
OG0007807	MEW5319599.1	MEW5304927.1
OG0007808	MEW5319601.1	MEW5304926.1
OG0007809	MEW5319603.1	MEW5304925.1
OG0007810	MEW5319606.1	MEW5304921.1
OG0007811	MEW5319608.1	MEW5304920.1
OG0007812	MEW5319609.1	MEW5304919.1
OG0007813	MEW5319610.1	MEW5304918.1
OG0007814	MEW5319611.1	MEW5304916.1
OG0007815	MEW5319612.1	MEW5304915.1
OG0007816	MEW5319613.1	MEW5304913.1
OG0007817	MEW5319615.1	MEW5304912.1
OG0007818	MEW5319618.1	MEW5304911.1
OG0007819	MEW5319619.1	MEW5304910.1
OG0007820	MEW5319622.1	MEW5304909.1
OG0007821	MEW5319624.1	MEW5304908.1
OG0007822	MEW5319625.1	MEW5304907.1
OG0007823	MEW5319627.1	MEW5304906.1
OG0007824	MEW5319630.1	MEW5304905.1
OG0007825	MEW5319632.1	MEW5304904.1
OG0007826	MEW5319634.1	MEW5298924.1
OG0007827	MEW5319635.1	MEW5304895.1
OG0007828	MEW5319636.1	MEW5304896.1
OG0007829	MEW5319637.1	MEW5304897.1
OG0007830	MEW5319638.1	MEW5304899.1
OG0007831	MEW5319639.1	MEW5304900.1
OG0007832	MEW5319641.1	MEW5304901.1
OG0007833	MEW5319642.1	MEW5304902.1
OG0007834	MEW5319643.1	MEW5299881.1
OG0007835	MEW5319644.1	MEW5299880.1
OG0007836	MEW5319646.1	MEW5299877.1
OG0007837	MEW5319647.1	MEW5299876.1
OG0007838	MEW5319648.1	MEW5299875.1
OG0007839	MEW5319649.1	MEW5299874.1
OG0007840	MEW5319650.1	MEW5299872.1
OG0007841	MEW5319653.1	MEW5299867.1
OG0007842	MEW5319654.1	MEW5299866.1
OG0007843	MEW5319655.1	MEW5299865.1
OG0007844	MEW5319656.1	MEW5299864.1
OG0007845	MEW5319659.1	MEW5299860.1
OG0007846	MEW5319665.1	MEW5299856.1
OG0007847	MEW5319667.1	MEW5299855.1
OG0007848	MEW5319668.1	MEW5299852.1
OG0007849	MEW5319669.1	MEW5299851.1
OG0007850	MEW5319670.1	MEW5299850.1
OG0007851	MEW5319671.1	MEW5299849.1
OG0007852	MEW5319672.1	MEW5299848.1
OG0007853	MEW5319673.1	MEW5299847.1
OG0007854	MEW5319674.1	MEW5299846.1
OG0007855	MEW5319675.1	MEW5299845.1
OG0007856	MEW5319683.1	MEW5299842.1
OG0007857	MEW5319686.1	MEW5299840.1
OG0007858	MEW5319689.1	MEW5299837.1
OG0007859	MEW5319690.1	MEW5299836.1
OG0007860	MEW5319691.1	MEW5299835.1
OG0007861	MEW5319692.1	MEW5299834.1
OG0007862	MEW5319695.1	MEW5299833.1
OG0007863	MEW5319696.1	MEW5299832.1
OG0007864	MEW5319697.1	MEW5299831.1
OG0007865	MEW5319698.1	MEW5299829.1
OG0007866	MEW5319699.1	MEW5299828.1
OG0007867	MEW5319701.1	MEW5299826.1
OG0007868	MEW5319702.1	MEW5299825.1
OG0007869	MEW5319703.1	MEW5299824.1
OG0007870	MEW5319704.1	MEW5299823.1
OG0007871	MEW5319705.1	MEW5299822.1
OG0007872	MEW5319706.1	MEW5299821.1
OG0007873	MEW5319707.1	MEW5299820.1
OG0007874	MEW5319708.1	MEW5299819.1
OG0007875	MEW5319711.1	MEW5299815.1
OG0007876	MEW5319714.1	MEW5299814.1
OG0007877	MEW5319719.1, MEW5319720.1	
OG0007878	MEW5319723.1	MEW5299809.1
OG0007879	MEW5319724.1	MEW5299806.1
OG0007880	MEW5319725.1	MEW5299805.1
OG0007881	MEW5319730.1	MEW5299799.1
OG0007882	MEW5319731.1	MEW5299798.1
OG0007883	MEW5319732.1	MEW5299796.1
OG0007884	MEW5319733.1	MEW5299795.1
OG0007885	MEW5319734.1	MEW5299794.1
OG0007886	MEW5319737.1	MEW5299793.1
OG0007887	MEW5319738.1	MEW5299792.1
OG0007888	MEW5319739.1	MEW5299791.1
OG0007889	MEW5319740.1	MEW5299790.1
OG0007890	MEW5319741.1	MEW5299789.1
OG0007891	MEW5319742.1	MEW5299788.1
OG0007892	MEW5319745.1	MEW5299785.1
OG0007893	MEW5319746.1	MEW5299784.1
OG0007894	MEW5319747.1	MEW5299783.1
OG0007895	MEW5319750.1	MEW5299781.1
OG0007896	MEW5319751.1	MEW5299780.1
OG0007897	MEW5319752.1	MEW5299779.1
OG0007898	MEW5319753.1	MEW5299778.1
OG0007899	MEW5319755.1	MEW5299777.1
OG0007900	MEW5319758.1	MEW5299775.1
OG0007901	MEW5319759.1	MEW5299774.1
OG0007902	MEW5319761.1	MEW5299772.1
OG0007903	MEW5319768.1	MEW5299767.1
OG0007904	MEW5319769.1	MEW5299766.1
OG0007905	MEW5319779.1, MEW5319780.1	
OG0007906	MEW5319798.1, MEW5319799.1	
OG0007907	MEW5319806.1, MEW5319807.1	
OG0007908	MEW5319813.1, MEW5319814.1	
OG0007909	MEW5319820.1	MEW5303556.1
OG0007910	MEW5319821.1	MEW5298937.1
OG0007911	MEW5319831.1	MEW5301508.1
OG0007912	MEW5319845.1, MEW5319846.1	
OG0007913	MEW5319857.1	MEW5302315.1
OG0007914	MEW5319862.1, MEW5319863.1	
OG0007915	MEW5319867.1	MEW5304373.1
OG0007916	MEW5319869.1	MEW5304372.1
OG0007917	MEW5319870.1	MEW5304371.1
OG0007918	MEW5319871.1	MEW5304370.1
OG0007919	MEW5319872.1	MEW5304369.1
OG0007920	MEW5319873.1	MEW5304368.1
OG0007921	MEW5319874.1	MEW5304367.1
OG0007922	MEW5319876.1	MEW5304365.1
OG0007923	MEW5319878.1	MEW5304364.1
OG0007924	MEW5319881.1	MEW5304362.1
OG0007925	MEW5319885.1	MEW5304359.1
OG0007926	MEW5319886.1	MEW5304358.1
OG0007927	MEW5319889.1, MEW5319890.1	
OG0007928	MEW5319894.1	MEW5304352.1
OG0007929	MEW5319895.1	MEW5304351.1
OG0007930	MEW5319896.1	MEW5304350.1
OG0007931	MEW5319898.1	MEW5304349.1
OG0007932	MEW5319900.1	MEW5304348.1
OG0007933	MEW5319901.1	MEW5304347.1
OG0007934	MEW5319902.1	MEW5304346.1
OG0007935	MEW5319905.1	MEW5304343.1
OG0007936	MEW5319906.1	MEW5304342.1
OG0007937	MEW5319907.1	MEW5304339.1
OG0007938	MEW5319908.1	MEW5304337.1
OG0007939	MEW5319910.1	MEW5304336.1
OG0007940	MEW5319911.1	MEW5304335.1
OG0007941	MEW5319912.1	MEW5304334.1
OG0007942	MEW5319913.1	MEW5304333.1
OG0007943	MEW5319915.1	MEW5304332.1
OG0007944	MEW5319917.1	MEW5304331.1
OG0007945	MEW5319918.1	MEW5304330.1
OG0007946	MEW5319919.1	MEW5304329.1
OG0007947	MEW5319920.1	MEW5304328.1
OG0007948	MEW5319921.1	MEW5304327.1
OG0007949	MEW5319922.1	MEW5304326.1
OG0007950	MEW5319923.1	MEW5304325.1
OG0007951	MEW5319924.1	MEW5304324.1
OG0007952	MEW5319925.1	MEW5304322.1
OG0007953	MEW5319926.1	MEW5304321.1
OG0007954	MEW5319927.1	MEW5304320.1
OG0007955	MEW5319928.1	MEW5304319.1
OG0007956	MEW5319929.1	MEW5304318.1
OG0007957	MEW5319930.1	MEW5304316.1
OG0007958	MEW5319931.1	MEW5300458.1
OG0007959	MEW5319936.1	MEW5304313.1
OG0007960	MEW5319939.1	MEW5304312.1
OG0007961	MEW5319940.1	MEW5304311.1
OG0007962	MEW5319941.1	MEW5304310.1
OG0007963	MEW5319943.1	MEW5304307.1
OG0007964	MEW5319944.1	MEW5304306.1
OG0007965	MEW5319945.1	MEW5304305.1
OG0007966	MEW5319946.1	MEW5304304.1
OG0007967	MEW5319948.1	MEW5304303.1
OG0007968	MEW5319949.1	MEW5304302.1
OG0007969	MEW5319950.1	MEW5304301.1
OG0007970	MEW5319951.1	MEW5304300.1
OG0007971	MEW5319954.1	MEW5304299.1
OG0007972	MEW5319955.1	MEW5304298.1
OG0007973	MEW5319956.1	MEW5304297.1
OG0007974	MEW5319957.1	MEW5304295.1
OG0007975	MEW5319958.1	MEW5304294.1
OG0007976	MEW5319959.1	MEW5304293.1
OG0007977	MEW5319962.1	MEW5304291.1
OG0007978	MEW5319965.1	MEW5304288.1
OG0007979	MEW5319967.1	MEW5304287.1
OG0007980	MEW5319973.1, MEW5319974.1	
OG0007981	MEW5319989.1	MEW5307828.1
OG0007982	MEW5319990.1	MEW5307829.1
OG0007983	MEW5319993.1	MEW5307830.1
OG0007984	MEW5319994.1	MEW5307831.1
OG0007985	MEW5320000.1	MEW5307838.1
OG0007986	MEW5320005.1	MEW5307839.1
OG0007987	MEW5320006.1	MEW5307840.1
OG0007988	MEW5320013.1	MEW5307843.1
OG0007989	MEW5320014.1	MEW5307844.1
OG0007990	MEW5320015.1	MEW5307845.1
OG0007991	MEW5320016.1	MEW5307846.1
OG0007992	MEW5320017.1	MEW5307847.1
OG0007993	MEW5320018.1	MEW5307848.1
OG0007994	MEW5320019.1	MEW5307849.1
OG0007995	MEW5320020.1	MEW5307850.1
OG0007996	MEW5320021.1	MEW5300495.1
OG0007997	MEW5320023.1	MEW5300496.1
OG0007998	MEW5320024.1	MEW5300497.1
OG0007999	MEW5320025.1	MEW5300498.1
OG0008000	MEW5320026.1	MEW5300499.1
OG0008001	MEW5320027.1	MEW5300500.1
OG0008002	MEW5320028.1	MEW5300501.1
OG0008003	MEW5320030.1	MEW5300506.1
OG0008004	MEW5320038.1	MEW5299386.1
OG0008005	MEW5320040.1	MEW5300514.1
OG0008006	MEW5320041.1	MEW5300515.1
OG0008007	MEW5320043.1	MEW5300517.1
OG0008008	MEW5320049.1	MEW5300518.1
OG0008009	MEW5320054.1	MEW5304531.1
OG0008010	MEW5320056.1	MEW5304528.1
OG0008011	MEW5320061.1	MEW5304525.1
OG0008012	MEW5320062.1	MEW5304524.1
OG0008013	MEW5320063.1	MEW5304523.1
OG0008014	MEW5320064.1	MEW5304441.1
OG0008015	MEW5320065.1	MEW5304439.1
OG0008016	MEW5320066.1	MEW5304438.1
OG0008017	MEW5320067.1	MEW5304437.1
OG0008018	MEW5320070.1	MEW5304436.1
OG0008019	MEW5320071.1	MEW5304435.1
OG0008020	MEW5320073.1	MEW5304431.1
OG0008021	MEW5320079.1	MEW5304428.1
OG0008022	MEW5320080.1	MEW5304427.1
OG0008023	MEW5320086.1	MEW5304424.1
OG0008024	MEW5320087.1	MEW5304423.1
OG0008025	MEW5320089.1	MEW5304419.1
OG0008026	MEW5320095.1	MEW5304414.1
OG0008027	MEW5320096.1	MEW5304413.1
OG0008028	MEW5320097.1	MEW5304412.1
OG0008029	MEW5320098.1	MEW5304411.1
OG0008030	MEW5320099.1	MEW5304410.1
OG0008031	MEW5320100.1	MEW5304409.1
OG0008032	MEW5320102.1	MEW5304407.1
OG0008033	MEW5320103.1	MEW5304406.1
OG0008034	MEW5320104.1	MEW5304405.1
OG0008035	MEW5320107.1	MEW5304403.1
OG0008036	MEW5320108.1	MEW5304402.1
OG0008037	MEW5320111.1	MEW5304400.1
OG0008038	MEW5320112.1	MEW5304399.1
OG0008039	MEW5320113.1	MEW5304398.1
OG0008040	MEW5320116.1	MEW5304397.1
OG0008041	MEW5320119.1	MEW5304394.1
OG0008042	MEW5320123.1	MEW5304391.1
OG0008043	MEW5320125.1	MEW5304388.1
OG0008044	MEW5320126.1	MEW5304387.1
OG0008045	MEW5320127.1	MEW5304386.1
OG0008046	MEW5320128.1	MEW5304385.1
OG0008047	MEW5320130.1	MEW5304382.1
OG0008048	MEW5320131.1	MEW5304381.1
OG0008049	MEW5320136.1	MEW5304374.1
OG0008050	MEW5320137.1	MEW5306996.1
OG0008051	MEW5320138.1	MEW5306997.1
OG0008052	MEW5320139.1	MEW5306998.1
OG0008053	MEW5320140.1	MEW5306999.1
OG0008054	MEW5320141.1	MEW5307000.1
OG0008055	MEW5320142.1	MEW5307001.1
OG0008056	MEW5320143.1	MEW5307002.1
OG0008057	MEW5320144.1	MEW5307003.1
OG0008058	MEW5320146.1	MEW5307004.1
OG0008059	MEW5320149.1	MEW5307005.1
OG0008060	MEW5320150.1	MEW5307006.1
OG0008061	MEW5320152.1	MEW5307009.1
OG0008062	MEW5320153.1	MEW5307010.1
OG0008063	MEW5320154.1	MEW5307011.1
OG0008064	MEW5320158.1	MEW5307014.1
OG0008065	MEW5320160.1	MEW5307024.1
OG0008066	MEW5320164.1	MEW5307020.1
OG0008067	MEW5320165.1	MEW5307019.1
OG0008068	MEW5320166.1	MEW5307018.1
OG0008069	MEW5320169.1	MEW5307016.1
OG0008070	MEW5320170.1	MEW5307025.1
OG0008071	MEW5320171.1	MEW5307026.1
OG0008072	MEW5320173.1	MEW5307027.1
OG0008073	MEW5320182.1	MEW5297511.1
OG0008074	MEW5320184.1	MEW5304256.1
OG0008075	MEW5320185.1	MEW5304257.1
OG0008076	MEW5320188.1	MEW5304259.1
OG0008077	MEW5320190.1	MEW5304260.1
OG0008078	MEW5320191.1	MEW5304261.1
OG0008079	MEW5320192.1	MEW5304262.1
OG0008080	MEW5320193.1	MEW5304263.1
OG0008081	MEW5320195.1	MEW5304265.1
OG0008082	MEW5320196.1	MEW5304266.1
OG0008083	MEW5320197.1	MEW5304267.1
OG0008084	MEW5320200.1	MEW5304270.1
OG0008085	MEW5320205.1	MEW5304276.1
OG0008086	MEW5320208.1	MEW5304279.1
OG0008087	MEW5320209.1	MEW5304280.1
OG0008088	MEW5320210.1	MEW5304281.1
OG0008089	MEW5320211.1	MEW5304282.1
OG0008090	MEW5320212.1	MEW5304283.1
OG0008091	MEW5320213.1	MEW5304284.1
OG0008092	MEW5320214.1	MEW5304285.1
OG0008093	MEW5320216.1	MEW5305418.1
OG0008094	MEW5320217.1	MEW5305417.1
OG0008095	MEW5320218.1	MEW5305416.1
OG0008096	MEW5320222.1	MEW5305412.1
OG0008097	MEW5320223.1	MEW5305411.1
OG0008098	MEW5320224.1	MEW5305410.1
OG0008099	MEW5320225.1	MEW5305409.1
OG0008100	MEW5320226.1	MEW5305408.1
OG0008101	MEW5320227.1	MEW5305407.1
OG0008102	MEW5320233.1	MEW5305405.1
OG0008103	MEW5320234.1	MEW5305404.1
OG0008104	MEW5320237.1	MEW5305400.1
OG0008105	MEW5320243.1	MEW5305395.1
OG0008106	MEW5320244.1	MEW5305394.1
OG0008107	MEW5320245.1	MEW5305393.1
OG0008108	MEW5320246.1	MEW5305392.1
OG0008109	MEW5320247.1	MEW5305391.1
OG0008110	MEW5320248.1	MEW5305390.1
OG0008111	MEW5320250.1, MEW5320251.1	
OG0008112	MEW5320254.1	MEW5305389.1
OG0008113	MEW5320255.1	MEW5305388.1
OG0008114	MEW5320256.1	MEW5305387.1
OG0008115	MEW5320259.1	MEW5305383.1
OG0008116	MEW5320260.1	MEW5305382.1
OG0008117	MEW5320263.1	MEW5305379.1
OG0008118	MEW5320265.1	MEW5305378.1
OG0008119	MEW5320266.1	MEW5305377.1
OG0008120	MEW5320270.1	MEW5305905.1
OG0008121	MEW5320271.1	MEW5305906.1
OG0008122	MEW5320272.1, MEW5320273.1	
OG0008123	MEW5320274.1	MEW5305907.1
OG0008124	MEW5320275.1	MEW5305908.1
OG0008125	MEW5320276.1	MEW5305909.1
OG0008126	MEW5320277.1	MEW5305910.1
OG0008127	MEW5320278.1	MEW5307673.1
OG0008128	MEW5320280.1	MEW5307672.1
OG0008129	MEW5320281.1	MEW5307671.1
OG0008130	MEW5320282.1	MEW5307670.1
OG0008131	MEW5320286.1	MEW5307669.1
OG0008132	MEW5320288.1	MEW5307668.1
OG0008133	MEW5320290.1	MEW5307667.1
OG0008134	MEW5320291.1	MEW5307666.1
OG0008135	MEW5320292.1	MEW5307665.1
OG0008136	MEW5320293.1	MEW5307664.1
OG0008137	MEW5320294.1	MEW5307663.1
OG0008138	MEW5320295.1	MEW5307662.1
OG0008139	MEW5320297.1	MEW5307661.1
OG0008140	MEW5320298.1	MEW5307660.1
OG0008141	MEW5320300.1	MEW5307657.1
OG0008142	MEW5320302.1	MEW5307650.1
OG0008143	MEW5320303.1	MEW5307649.1
OG0008144	MEW5320304.1	MEW5307648.1
OG0008145	MEW5320305.1	MEW5307647.1
OG0008146	MEW5320307.1	MEW5307646.1
OG0008147	MEW5320308.1	MEW5307645.1
OG0008148	MEW5320311.1	MEW5307643.1
OG0008149	MEW5320312.1	MEW5307642.1
OG0008150	MEW5320313.1	MEW5307641.1
OG0008151	MEW5320314.1	MEW5307640.1
OG0008152	MEW5320318.1	MEW5307637.1
OG0008153	MEW5320320.1	MEW5307635.1
OG0008154	MEW5320321.1	MEW5307634.1
OG0008155	MEW5320322.1	MEW5307633.1
OG0008156	MEW5320323.1	MEW5307631.1
OG0008157	MEW5320324.1	MEW5307630.1
OG0008158	MEW5320326.1	MEW5307627.1
OG0008159	MEW5320327.1	MEW5307626.1
OG0008160	MEW5320330.1	MEW5307622.1
OG0008161	MEW5320331.1	MEW5307621.1
OG0008162	MEW5320332.1	MEW5307620.1
OG0008163	MEW5320333.1	MEW5307619.1
OG0008164	MEW5320334.1	MEW5307618.1
OG0008165	MEW5320336.1	MEW5307616.1
OG0008166	MEW5320338.1	MEW5307615.1
OG0008167	MEW5320339.1	MEW5307614.1
OG0008168	MEW5320341.1, MEW5320342.1	
OG0008169	MEW5320344.1, MEW5320345.1	
OG0008170	MEW5320350.1, MEW5320351.1	
OG0008171	MEW5320374.1, MEW5320375.1	
OG0008172	MEW5320387.1	MEW5302244.1
OG0008173	MEW5320388.1	MEW5302243.1
OG0008174	MEW5320389.1	MEW5302242.1
OG0008175	MEW5320393.1, MEW5320395.1	
OG0008176	MEW5320401.1	MEW5305720.1
OG0008177	MEW5320402.1	MEW5305719.1
OG0008178	MEW5320403.1	MEW5305718.1
OG0008179	MEW5320404.1	MEW5305717.1
OG0008180	MEW5320407.1	MEW5305714.1
OG0008181	MEW5320408.1	MEW5305713.1
OG0008182	MEW5320409.1	MEW5305712.1
OG0008183	MEW5320410.1	MEW5305711.1
OG0008184	MEW5320411.1	MEW5305710.1
OG0008185	MEW5320412.1	MEW5305709.1
OG0008186	MEW5320413.1	MEW5305708.1
OG0008187	MEW5320414.1	MEW5305707.1
OG0008188	MEW5320415.1	MEW5305706.1
OG0008189	MEW5320417.1	MEW5305705.1
OG0008190	MEW5320419.1	MEW5305702.1
OG0008191	MEW5320424.1	MEW5305692.1
OG0008192	MEW5320425.1	MEW5305688.1
OG0008193	MEW5320426.1	MEW5305687.1
OG0008194	MEW5320430.1	MEW5305685.1
OG0008195	MEW5320432.1	MEW5305739.1
OG0008196	MEW5320438.1	MEW5305681.1
OG0008197	MEW5320439.1	MEW5301720.1
OG0008198	MEW5320440.1	MEW5301719.1
OG0008199	MEW5320441.1	MEW5301718.1
OG0008200	MEW5320444.1	MEW5301715.1
OG0008201	MEW5320445.1	MEW5301714.1
OG0008202	MEW5320446.1	MEW5301713.1
OG0008203	MEW5320447.1	MEW5301712.1
OG0008204	MEW5320448.1	MEW5301711.1
OG0008205	MEW5320450.1	MEW5301710.1
OG0008206	MEW5320451.1	MEW5301709.1
OG0008207	MEW5320454.1	MEW5301707.1
OG0008208	MEW5320455.1	MEW5301706.1
OG0008209	MEW5320458.1	MEW5301702.1
OG0008210	MEW5320462.1	MEW5301695.1
OG0008211	MEW5320463.1	MEW5301694.1
OG0008212	MEW5320464.1	MEW5301693.1
OG0008213	MEW5320467.1	MEW5301691.1
OG0008214	MEW5320469.1	MEW5306637.1
OG0008215	MEW5320470.1	MEW5306638.1
OG0008216	MEW5320471.1	MEW5306639.1
OG0008217	MEW5320472.1	MEW5306640.1
OG0008218	MEW5320473.1	MEW5306641.1
OG0008219	MEW5320474.1	MEW5306642.1
OG0008220	MEW5320476.1	MEW5306645.1
OG0008221	MEW5320477.1	MEW5306646.1
OG0008222	MEW5320478.1	MEW5306647.1
OG0008223	MEW5320479.1	MEW5306648.1
OG0008224	MEW5320484.1	MEW5306655.1
OG0008225	MEW5320486.1	MEW5306657.1
OG0008226	MEW5320487.1	MEW5307998.1
OG0008227	MEW5320488.1	MEW5307999.1
OG0008228	MEW5320489.1	MEW5308000.1
OG0008229	MEW5320490.1	MEW5308001.1
OG0008230	MEW5320492.1	MEW5305015.1
OG0008231	MEW5320493.1	MEW5305016.1
OG0008232	MEW5320500.1	MEW5305020.1
OG0008233	MEW5320501.1	MEW5305021.1
OG0008234	MEW5320502.1	MEW5305022.1
OG0008235	MEW5320503.1	MEW5305023.1
OG0008236	MEW5320504.1	MEW5303640.1
OG0008237	MEW5320505.1	MEW5300281.1
OG0008238	MEW5320506.1	MEW5300280.1
OG0008239	MEW5320507.1	MEW5300279.1
OG0008240	MEW5320508.1	MEW5300277.1
OG0008241	MEW5320512.1	MEW5296742.1
OG0008242	MEW5320513.1	MEW5298089.1
OG0008243	MEW5320516.1	MEW5298092.1
OG0008244	MEW5320517.1	MEW5298093.1
OG0008245	MEW5320518.1	MEW5298094.1
OG0008246	MEW5320520.1	MEW5298095.1
OG0008247	MEW5320521.1	MEW5298096.1
OG0008248	MEW5320523.1	MEW5298097.1
OG0008249	MEW5320525.1	MEW5298100.1
OG0008250	MEW5320531.1	MEW5305071.1
OG0008251	MEW5320534.1	MEW5305067.1
OG0008252	MEW5320535.1	MEW5305066.1
OG0008253	MEW5320536.1	MEW5305065.1
OG0008254	MEW5320537.1	MEW5305064.1
OG0008255	MEW5320538.1	MEW5299882.1
OG0008256	MEW5320539.1	MEW5299883.1
OG0008257	MEW5320540.1	MEW5299884.1
OG0008258	MEW5320541.1	MEW5299885.1
OG0008259	MEW5320542.1	MEW5299887.1
OG0008260	MEW5320544.1	MEW5302654.1
OG0008261	MEW5320545.1	MEW5302655.1
OG0008262	MEW5320546.1	MEW5302656.1
OG0008263	MEW5320548.1	MEW5302657.1
OG0008264	Null	MEW5296769.1, MEW5296770.1
OG0008265	Null	MEW5296870.1, MEW5296871.1
OG0008266	Null	MEW5297018.1, MEW5307396.1
OG0008267	Null	MEW5297055.1, MEW5297056.1
OG0008268	Null	MEW5297153.1, MEW5297154.1
OG0008269	Null	MEW5297287.1, MEW5297288.1
OG0008270	Null	MEW5297320.1, MEW5297321.1
OG0008271	Null	MEW5297391.1, MEW5297392.1
OG0008272	Null	MEW5297528.1, MEW5299177.1
OG0008273	Null	MEW5297557.1, MEW5297558.1
OG0008274	Null	MEW5297897.1, MEW5307557.1
OG0008275	Null	MEW5297926.1, MEW5297927.1
OG0008276	Null	MEW5297961.1, MEW5300990.1
OG0008277	Null	MEW5297964.1, MEW5297965.1
OG0008278	Null	MEW5297966.1, MEW5297967.1
OG0008279	Null	MEW5298277.1, MEW5298278.1
OG0008280	Null	MEW5298319.1, MEW5304774.1
OG0008281	Null	MEW5298757.1, MEW5298758.1
OG0008282	Null	MEW5298957.1, MEW5298959.1
OG0008283	Null	MEW5299508.1, MEW5299509.1
OG0008284	Null	MEW5299738.1, MEW5299739.1
OG0008285	Null	MEW5299870.1, MEW5299871.1
OG0008286	Null	MEW5300386.1, MEW5305619.1
OG0008287	Null	MEW5300481.1, MEW5300483.1
OG0008288	Null	MEW5300510.1, MEW5305841.1
OG0008289	Null	MEW5300553.1, MEW5300554.1
OG0008290	Null	MEW5300628.1, MEW5300629.1
OG0008291	Null	MEW5300646.1, MEW5305474.1
OG0008292	Null	MEW5300681.1, MEW5300682.1
OG0008293	Null	MEW5301005.1, MEW5301017.1
OG0008294	Null	MEW5301115.1, MEW5302118.1
OG0008295	Null	MEW5301116.1, MEW5301117.1
OG0008296	Null	MEW5301289.1, MEW5301290.1
OG0008297	Null	MEW5301306.1, MEW5301307.1
OG0008298	Null	MEW5301456.1, MEW5302292.1
OG0008299	Null	MEW5301459.1, MEW5301460.1
OG0008300	Null	MEW5301497.1, MEW5301502.1
OG0008301	Null	MEW5301499.1, MEW5301500.1
OG0008302	Null	MEW5301615.1, MEW5301616.1
OG0008303	Null	MEW5301722.1, MEW5301724.1
OG0008304	Null	MEW5301962.1, MEW5306793.1
OG0008305	Null	MEW5302055.1, MEW5302056.1
OG0008306	Null	MEW5302093.1, MEW5307933.1
OG0008307	Null	MEW5302130.1, MEW5302131.1
OG0008308	Null	MEW5302145.1, MEW5302147.1
OG0008309	Null	MEW5302150.1, MEW5302151.1
OG0008310	Null	MEW5302196.1, MEW5302197.1
OG0008311	Null	MEW5302200.1, MEW5302201.1
OG0008312	Null	MEW5302219.1, MEW5302272.1
OG0008313	Null	MEW5302224.1, MEW5302225.1
OG0008314	Null	MEW5302227.1, MEW5302228.1
OG0008315	Null	MEW5302266.1, MEW5302267.1
OG0008316	Null	MEW5302298.1, MEW5302299.1
OG0008317	Null	MEW5302652.1, MEW5302653.1
OG0008318	Null	MEW5302668.1, MEW5302669.1
OG0008319	Null	MEW5302741.1, MEW5302742.1
OG0008320	Null	MEW5302783.1, MEW5304607.1
OG0008321	Null	MEW5303082.1, MEW5303083.1
OG0008322	Null	MEW5303388.1, MEW5303389.1
OG0008323	Null	MEW5303419.1, MEW5303420.1
OG0008324	Null	MEW5303474.1, MEW5303475.1
OG0008325	Null	MEW5303542.1, MEW5303666.1
OG0008326	Null	MEW5303595.1, MEW5306572.1
OG0008327	Null	MEW5303635.1, MEW5303636.1
OG0008328	Null	MEW5303654.1, MEW5306206.1
OG0008329	Null	MEW5303669.1, MEW5303670.1
OG0008330	Null	MEW5303680.1, MEW5303681.1
OG0008331	Null	MEW5303694.1, MEW5303699.1
OG0008332	Null	MEW5303697.1, MEW5303698.1
OG0008333	Null	MEW5303706.1, MEW5303707.1
OG0008334	Null	MEW5303713.1, MEW5303714.1
OG0008335	Null	MEW5303715.1, MEW5303716.1
OG0008336	Null	MEW5303718.1, MEW5304071.1
OG0008337	Null	MEW5303722.1, MEW5303723.1
OG0008338	Null	MEW5303725.1, MEW5303726.1
OG0008339	Null	MEW5303727.1, MEW5303728.1
OG0008340	Null	MEW5303759.1, MEW5303760.1
OG0008341	Null	MEW5303783.1, MEW5303784.1
OG0008342	Null	MEW5303794.1, MEW5303795.1
OG0008343	Null	MEW5303802.1, MEW5303803.1
OG0008344	Null	MEW5303823.1, MEW5303824.1
OG0008345	Null	MEW5303866.1, MEW5303867.1
OG0008346	Null	MEW5303916.1, MEW5303917.1
OG0008347	Null	MEW5304187.1, MEW5304188.1
OG0008348	Null	MEW5304233.1, MEW5304234.1
OG0008349	Null	MEW5304249.1, MEW5304250.1
OG0008350	Null	MEW5304253.1, MEW5304254.1
OG0008351	Null	MEW5304754.1, MEW5304755.1
OG0008352	Null	MEW5304839.1, MEW5304840.1
OG0008353	Null	MEW5304843.1, MEW5304844.1
OG0008354	Null	MEW5304868.1, MEW5304869.1
OG0008355	Null	MEW5304870.1, MEW5304871.1
OG0008356	Null	MEW5304873.1, MEW5304874.1
OG0008357	Null	MEW5304885.1, MEW5304886.1
OG0008358	Null	MEW5305006.1, MEW5305007.1
OG0008359	Null	MEW5305025.1, MEW5305026.1
OG0008360	Null	MEW5305206.1, MEW5305207.1
OG0008361	Null	MEW5305245.1, MEW5305246.1
OG0008362	Null	MEW5305317.1, MEW5305318.1
OG0008363	Null	MEW5305544.1, MEW5305545.1
OG0008364	Null	MEW5305551.1, MEW5305552.1
OG0008365	Null	MEW5305558.1, MEW5305559.1
OG0008366	Null	MEW5305560.1, MEW5305561.1
OG0008367	Null	MEW5305624.1, MEW5305625.1
OG0008368	Null	MEW5305634.1, MEW5305635.1
OG0008369	Null	MEW5305682.1, MEW5305684.1
OG0008370	Null	MEW5305725.1, MEW5307695.1
OG0008371	Null	MEW5306004.1, MEW5306005.1
OG0008372	Null	MEW5306241.1, MEW5306242.1
OG0008373	Null	MEW5306483.1, MEW5307852.1
OG0008374	Null	MEW5306500.1, MEW5306501.1
OG0008375	Null	MEW5306533.1, MEW5306534.1
OG0008376	Null	MEW5306593.1, MEW5306594.1
OG0008377	Null	MEW5306666.1, MEW5306667.1
OG0008378	Null	MEW5306683.1, MEW5306684.1
OG0008379	Null	MEW5306696.1, MEW5306697.1
OG0008380	Null	MEW5306700.1, MEW5306701.1
OG0008381	Null	MEW5306702.1, MEW5306703.1
OG0008382	Null	MEW5306733.1, MEW5306734.1
OG0008383	Null	MEW5306748.1, MEW5306749.1
OG0008384	Null	MEW5306756.1, MEW5306757.1
OG0008385	Null	MEW5306779.1, MEW5306780.1
OG0008386	Null	MEW5307159.1, MEW5307160.1
OG0008387	Null	MEW5307510.1, MEW5307511.1
OG0008388	Null	MEW5307530.1, MEW5307531.1
OG0008389	Null	MEW5307579.1, MEW5307580.1
OG0008390	Null	MEW5307972.1, MEW5307973.1
OG0008391	Null	MEW5307995.1, MEW5307996.1
