Orthogroup	Tripterygium_sp.-Celastrales-Celastraceae-Tripterygium.prot	Tripterygium_wilfordii-Celastrales-Celastraceae-Tripterygium.prot
OG0000000	GWHPDONJ000012, GWHPDONJ000019, GWHPDONJ000158, GWHPDONJ000166, GWHPDONJ000195, GWHPDONJ000276, GWHPDONJ000293, GWHPDONJ000300, GWHPDONJ000394, GWHPDONJ000405, GWHPDONJ000480, GWHPDONJ000491, GWHPDONJ000496, GWHPDONJ000511, GWHPDONJ000637, GWHPDONJ000654, GWHPDONJ000670, GWHPDONJ000671, GWHPDONJ000675, GWHPDONJ000690, GWHPDONJ000715, GWHPDONJ000721, GWHPDONJ000722, GWHPDONJ000735, GWHPDONJ000785, GWHPDONJ000786, GWHPDONJ000796, GWHPDONJ000875, GWHPDONJ000893, GWHPDONJ000901, GWHPDONJ000902, GWHPDONJ000915, GWHPDONJ000926, GWHPDONJ000957, GWHPDONJ000960, GWHPDONJ000999, GWHPDONJ001010, GWHPDONJ001011, GWHPDONJ001019, GWHPDONJ001040, GWHPDONJ001053, GWHPDONJ001073, GWHPDONJ001078, GWHPDONJ001158, GWHPDONJ001163, GWHPDONJ001165, GWHPDONJ001166, GWHPDONJ001167, GWHPDONJ001213, GWHPDONJ001233, GWHPDONJ001295, GWHPDONJ001297, GWHPDONJ001341, GWHPDONJ001366, GWHPDONJ001407, GWHPDONJ001416, GWHPDONJ001465, GWHPDONJ001474, GWHPDONJ001476, GWHPDONJ001477, GWHPDONJ001494, GWHPDONJ001501, GWHPDONJ001523, GWHPDONJ001531, GWHPDONJ001638, GWHPDONJ001655, GWHPDONJ001657, GWHPDONJ001676, GWHPDONJ001683, GWHPDONJ001685, GWHPDONJ001692, GWHPDONJ001739, GWHPDONJ001787, GWHPDONJ001801, GWHPDONJ001803, GWHPDONJ001851, GWHPDONJ001885, GWHPDONJ001904, GWHPDONJ001923, GWHPDONJ001924, GWHPDONJ001933, GWHPDONJ001942, GWHPDONJ001983, GWHPDONJ001987, GWHPDONJ001988, GWHPDONJ002010, GWHPDONJ002011, GWHPDONJ002045, GWHPDONJ002071, GWHPDONJ002076, GWHPDONJ002087, GWHPDONJ002096, GWHPDONJ002107, GWHPDONJ002143, GWHPDONJ002164, GWHPDONJ002165, GWHPDONJ002294, GWHPDONJ002323, GWHPDONJ002332, GWHPDONJ002358, GWHPDONJ002393, GWHPDONJ002466, GWHPDONJ002487, GWHPDONJ002489, GWHPDONJ002493, GWHPDONJ002496, GWHPDONJ002500, GWHPDONJ002528, GWHPDONJ002533, GWHPDONJ002538, GWHPDONJ002555, GWHPDONJ002568, GWHPDONJ002582, GWHPDONJ002647, GWHPDONJ002665, GWHPDONJ002792, GWHPDONJ002794, GWHPDONJ002795, GWHPDONJ002796, GWHPDONJ002811, GWHPDONJ002834, GWHPDONJ002841, GWHPDONJ002861, GWHPDONJ002863, GWHPDONJ002865, GWHPDONJ002890, GWHPDONJ002894, GWHPDONJ002950, GWHPDONJ002977, GWHPDONJ002985, GWHPDONJ002995, GWHPDONJ003058, GWHPDONJ003074, GWHPDONJ003092, GWHPDONJ003095, GWHPDONJ003166, GWHPDONJ003177, GWHPDONJ003389, GWHPDONJ003434, GWHPDONJ003483, GWHPDONJ003488, GWHPDONJ003491, GWHPDONJ003504, GWHPDONJ003518, GWHPDONJ003525, GWHPDONJ003537, GWHPDONJ003550, GWHPDONJ003564, GWHPDONJ003597, GWHPDONJ003617, GWHPDONJ003634, GWHPDONJ003643, GWHPDONJ003645, GWHPDONJ003675, GWHPDONJ003686, GWHPDONJ003691, GWHPDONJ003714, GWHPDONJ003722, GWHPDONJ003750, GWHPDONJ003758, GWHPDONJ003802, GWHPDONJ004589, GWHPDONJ008378	XP_038713377.1, XP_038715059.1
OG0000001	GWHPDONJ000062, GWHPDONJ000104, GWHPDONJ000157, GWHPDONJ000190, GWHPDONJ000224, GWHPDONJ000250, GWHPDONJ000458, GWHPDONJ000460, GWHPDONJ000461, GWHPDONJ000463, GWHPDONJ000501, GWHPDONJ000505, GWHPDONJ000525, GWHPDONJ000527, GWHPDONJ000528, GWHPDONJ000547, GWHPDONJ000548, GWHPDONJ000557, GWHPDONJ000599, GWHPDONJ000613, GWHPDONJ000625, GWHPDONJ000660, GWHPDONJ000661, GWHPDONJ000667, GWHPDONJ000716, GWHPDONJ000752, GWHPDONJ000759, GWHPDONJ000761, GWHPDONJ000851, GWHPDONJ000863, GWHPDONJ000867, GWHPDONJ000992, GWHPDONJ001042, GWHPDONJ001116, GWHPDONJ001224, GWHPDONJ001289, GWHPDONJ001380, GWHPDONJ001440, GWHPDONJ001450, GWHPDONJ001504, GWHPDONJ001569, GWHPDONJ001626, GWHPDONJ001706, GWHPDONJ001743, GWHPDONJ001759, GWHPDONJ001837, GWHPDONJ001859, GWHPDONJ001918, GWHPDONJ001929, GWHPDONJ002006, GWHPDONJ002040, GWHPDONJ002062, GWHPDONJ002114, GWHPDONJ002119, GWHPDONJ002146, GWHPDONJ002176, GWHPDONJ002183, GWHPDONJ002272, GWHPDONJ002305, GWHPDONJ002357, GWHPDONJ002365, GWHPDONJ002368, GWHPDONJ002407, GWHPDONJ002455, GWHPDONJ002507, GWHPDONJ002542, GWHPDONJ002549, GWHPDONJ002566, GWHPDONJ002742, GWHPDONJ002743, GWHPDONJ002767, GWHPDONJ002816, GWHPDONJ002878, GWHPDONJ002969, GWHPDONJ003000, GWHPDONJ003021, GWHPDONJ003077, GWHPDONJ003085, GWHPDONJ003143, GWHPDONJ003171, GWHPDONJ003260, GWHPDONJ003277, GWHPDONJ003313, GWHPDONJ003375, GWHPDONJ003409, GWHPDONJ003449, GWHPDONJ003478, GWHPDONJ003578, GWHPDONJ003600, GWHPDONJ003636, GWHPDONJ003713, GWHPDONJ003759, GWHPDONJ003796, GWHPDONJ003961, GWHPDONJ004266, GWHPDONJ004304, GWHPDONJ004503, GWHPDONJ004542, GWHPDONJ004739, GWHPDONJ004744, GWHPDONJ004796, GWHPDONJ004805, GWHPDONJ004853, GWHPDONJ004996, GWHPDONJ004997, GWHPDONJ005156, GWHPDONJ005548, GWHPDONJ005753, GWHPDONJ005767, GWHPDONJ006733, GWHPDONJ006936, GWHPDONJ007032, GWHPDONJ007051, GWHPDONJ007066, GWHPDONJ007075, GWHPDONJ007243, GWHPDONJ007319, GWHPDONJ007370, GWHPDONJ007516, GWHPDONJ007865, GWHPDONJ007954, GWHPDONJ007986, GWHPDONJ008002, GWHPDONJ008024, GWHPDONJ008093, GWHPDONJ008383, GWHPDONJ008395, GWHPDONJ008424, GWHPDONJ008647, GWHPDONJ008648, GWHPDONJ008939, GWHPDONJ008963, GWHPDONJ008987, GWHPDONJ008999, GWHPDONJ009011, GWHPDONJ009305, GWHPDONJ009341, GWHPDONJ009429, GWHPDONJ009453, GWHPDONJ009685, GWHPDONJ009824, GWHPDONJ009874, GWHPDONJ009888, GWHPDONJ009892, GWHPDONJ009901, GWHPDONJ009923, GWHPDONJ010062, GWHPDONJ010209, GWHPDONJ010536, GWHPDONJ010799, GWHPDONJ010893	
OG0000002	GWHPDONJ000095, GWHPDONJ000176, GWHPDONJ000183, GWHPDONJ000230, GWHPDONJ000233, GWHPDONJ000237, GWHPDONJ000277, GWHPDONJ000294, GWHPDONJ000299, GWHPDONJ000334, GWHPDONJ000335, GWHPDONJ000384, GWHPDONJ000385, GWHPDONJ000393, GWHPDONJ000395, GWHPDONJ000396, GWHPDONJ000397, GWHPDONJ000450, GWHPDONJ000474, GWHPDONJ000497, GWHPDONJ000508, GWHPDONJ000517, GWHPDONJ000549, GWHPDONJ000560, GWHPDONJ000575, GWHPDONJ000576, GWHPDONJ000579, GWHPDONJ000584, GWHPDONJ000635, GWHPDONJ000642, GWHPDONJ000672, GWHPDONJ000681, GWHPDONJ000686, GWHPDONJ000710, GWHPDONJ000713, GWHPDONJ000724, GWHPDONJ000751, GWHPDONJ000755, GWHPDONJ000817, GWHPDONJ000880, GWHPDONJ000882, GWHPDONJ000916, GWHPDONJ000918, GWHPDONJ000919, GWHPDONJ000952, GWHPDONJ000961, GWHPDONJ001023, GWHPDONJ001030, GWHPDONJ001037, GWHPDONJ001190, GWHPDONJ001206, GWHPDONJ001221, GWHPDONJ001231, GWHPDONJ001325, GWHPDONJ001326, GWHPDONJ001328, GWHPDONJ001338, GWHPDONJ001403, GWHPDONJ001428, GWHPDONJ001486, GWHPDONJ001613, GWHPDONJ001621, GWHPDONJ001652, GWHPDONJ001670, GWHPDONJ001677, GWHPDONJ001680, GWHPDONJ001684, GWHPDONJ001720, GWHPDONJ001723, GWHPDONJ001808, GWHPDONJ001846, GWHPDONJ001860, GWHPDONJ001878, GWHPDONJ001884, GWHPDONJ001886, GWHPDONJ002024, GWHPDONJ002059, GWHPDONJ002069, GWHPDONJ002095, GWHPDONJ002147, GWHPDONJ002154, GWHPDONJ002198, GWHPDONJ002203, GWHPDONJ002213, GWHPDONJ002268, GWHPDONJ002289, GWHPDONJ002392, GWHPDONJ002394, GWHPDONJ002465, GWHPDONJ002513, GWHPDONJ002526, GWHPDONJ002545, GWHPDONJ002546, GWHPDONJ002550, GWHPDONJ002554, GWHPDONJ002572, GWHPDONJ002660, GWHPDONJ002661, GWHPDONJ002668, GWHPDONJ002757, GWHPDONJ002789, GWHPDONJ002855, GWHPDONJ002947, GWHPDONJ002986, GWHPDONJ002989, GWHPDONJ002994, GWHPDONJ003063, GWHPDONJ003097, GWHPDONJ003121, GWHPDONJ003136, GWHPDONJ003187, GWHPDONJ003231, GWHPDONJ003288, GWHPDONJ003318, GWHPDONJ003343, GWHPDONJ003352, GWHPDONJ003367, GWHPDONJ003393, GWHPDONJ003396, GWHPDONJ003399, GWHPDONJ003407, GWHPDONJ003458, GWHPDONJ003476, GWHPDONJ003513, GWHPDONJ003517, GWHPDONJ003526, GWHPDONJ003547, GWHPDONJ003553, GWHPDONJ003575, GWHPDONJ003583, GWHPDONJ003661, GWHPDONJ003674, GWHPDONJ003676, GWHPDONJ003697, GWHPDONJ003771, GWHPDONJ004856, GWHPDONJ007523, GWHPDONJ008085, GWHPDONJ008089, GWHPDONJ008183, GWHPDONJ008886, GWHPDONJ008946, GWHPDONJ009921, GWHPDONJ010549, GWHPDONJ010897	
OG0000003	GWHPDONJ000009, GWHPDONJ000018, GWHPDONJ000022, GWHPDONJ000023, GWHPDONJ000041, GWHPDONJ000102, GWHPDONJ000111, GWHPDONJ000131, GWHPDONJ000150, GWHPDONJ000169, GWHPDONJ000175, GWHPDONJ000198, GWHPDONJ000214, GWHPDONJ000216, GWHPDONJ000236, GWHPDONJ000248, GWHPDONJ000285, GWHPDONJ000303, GWHPDONJ000314, GWHPDONJ000333, GWHPDONJ000403, GWHPDONJ000407, GWHPDONJ000412, GWHPDONJ000433, GWHPDONJ000454, GWHPDONJ000455, GWHPDONJ000477, GWHPDONJ000518, GWHPDONJ000568, GWHPDONJ000577, GWHPDONJ000578, GWHPDONJ000626, GWHPDONJ000649, GWHPDONJ000689, GWHPDONJ000700, GWHPDONJ000747, GWHPDONJ000797, GWHPDONJ000807, GWHPDONJ000819, GWHPDONJ000930, GWHPDONJ000932, GWHPDONJ001017, GWHPDONJ001061, GWHPDONJ001074, GWHPDONJ001079, GWHPDONJ001089, GWHPDONJ001162, GWHPDONJ001168, GWHPDONJ001192, GWHPDONJ001193, GWHPDONJ001273, GWHPDONJ001275, GWHPDONJ001308, GWHPDONJ001322, GWHPDONJ001333, GWHPDONJ001337, GWHPDONJ001339, GWHPDONJ001340, GWHPDONJ001356, GWHPDONJ001382, GWHPDONJ001413, GWHPDONJ001493, GWHPDONJ001558, GWHPDONJ001785, GWHPDONJ001786, GWHPDONJ001797, GWHPDONJ001799, GWHPDONJ001847, GWHPDONJ001861, GWHPDONJ001894, GWHPDONJ001934, GWHPDONJ001969, GWHPDONJ001989, GWHPDONJ002028, GWHPDONJ002042, GWHPDONJ002060, GWHPDONJ002121, GWHPDONJ002163, GWHPDONJ002214, GWHPDONJ002216, GWHPDONJ002233, GWHPDONJ002270, GWHPDONJ002330, GWHPDONJ002476, GWHPDONJ002499, GWHPDONJ002505, GWHPDONJ002535, GWHPDONJ002562, GWHPDONJ002673, GWHPDONJ002761, GWHPDONJ002764, GWHPDONJ002790, GWHPDONJ002791, GWHPDONJ002802, GWHPDONJ002818, GWHPDONJ002854, GWHPDONJ002872, GWHPDONJ002896, GWHPDONJ002935, GWHPDONJ002957, GWHPDONJ002976, GWHPDONJ003018, GWHPDONJ003055, GWHPDONJ003096, GWHPDONJ003195, GWHPDONJ003338, GWHPDONJ003370, GWHPDONJ003378, GWHPDONJ003386, GWHPDONJ003438, GWHPDONJ003472, GWHPDONJ003486, GWHPDONJ003492, GWHPDONJ003506, GWHPDONJ003557, GWHPDONJ003558, GWHPDONJ003592, GWHPDONJ003628, GWHPDONJ003682, GWHPDONJ003724, GWHPDONJ003755, GWHPDONJ003760, GWHPDONJ003772, GWHPDONJ003811, GWHPDONJ004855, GWHPDONJ005898, GWHPDONJ006725, GWHPDONJ008394, GWHPDONJ008951	XP_038698507.1, XP_038700144.1, XP_038702466.1
OG0000004	GWHPDONJ000010, GWHPDONJ000028, GWHPDONJ000103, GWHPDONJ000139, GWHPDONJ000151, GWHPDONJ000160, GWHPDONJ000172, GWHPDONJ000179, GWHPDONJ000203, GWHPDONJ000225, GWHPDONJ000254, GWHPDONJ000275, GWHPDONJ000280, GWHPDONJ000298, GWHPDONJ000323, GWHPDONJ000389, GWHPDONJ000482, GWHPDONJ000492, GWHPDONJ000597, GWHPDONJ000614, GWHPDONJ000619, GWHPDONJ000624, GWHPDONJ000631, GWHPDONJ000653, GWHPDONJ000657, GWHPDONJ000676, GWHPDONJ000725, GWHPDONJ000726, GWHPDONJ000728, GWHPDONJ000734, GWHPDONJ000739, GWHPDONJ000740, GWHPDONJ000753, GWHPDONJ000771, GWHPDONJ000806, GWHPDONJ001008, GWHPDONJ001045, GWHPDONJ001048, GWHPDONJ001051, GWHPDONJ001052, GWHPDONJ001109, GWHPDONJ001110, GWHPDONJ001186, GWHPDONJ001274, GWHPDONJ001299, GWHPDONJ001314, GWHPDONJ001318, GWHPDONJ001320, GWHPDONJ001384, GWHPDONJ001388, GWHPDONJ001409, GWHPDONJ001519, GWHPDONJ001536, GWHPDONJ001623, GWHPDONJ001736, GWHPDONJ001740, GWHPDONJ001741, GWHPDONJ001742, GWHPDONJ001745, GWHPDONJ001774, GWHPDONJ001793, GWHPDONJ001804, GWHPDONJ001935, GWHPDONJ001952, GWHPDONJ001963, GWHPDONJ001980, GWHPDONJ002008, GWHPDONJ002034, GWHPDONJ002149, GWHPDONJ002193, GWHPDONJ002284, GWHPDONJ002285, GWHPDONJ002321, GWHPDONJ002326, GWHPDONJ002447, GWHPDONJ002462, GWHPDONJ002492, GWHPDONJ002504, GWHPDONJ002540, GWHPDONJ002573, GWHPDONJ002583, GWHPDONJ002590, GWHPDONJ002595, GWHPDONJ002609, GWHPDONJ002648, GWHPDONJ002649, GWHPDONJ002784, GWHPDONJ002813, GWHPDONJ002869, GWHPDONJ002895, GWHPDONJ002938, GWHPDONJ002966, GWHPDONJ002973, GWHPDONJ003007, GWHPDONJ003017, GWHPDONJ003101, GWHPDONJ003102, GWHPDONJ003118, GWHPDONJ003132, GWHPDONJ003133, GWHPDONJ003167, GWHPDONJ003194, GWHPDONJ003204, GWHPDONJ003215, GWHPDONJ003365, GWHPDONJ003374, GWHPDONJ003410, GWHPDONJ003469, GWHPDONJ003516, GWHPDONJ003523, GWHPDONJ003589, GWHPDONJ003627, GWHPDONJ003629, GWHPDONJ003721, GWHPDONJ003726, GWHPDONJ003728, GWHPDONJ003746, GWHPDONJ003818, GWHPDONJ006681, GWHPDONJ008889	
OG0000005	GWHPDONJ000076, GWHPDONJ000165, GWHPDONJ000211, GWHPDONJ000249, GWHPDONJ000305, GWHPDONJ000411, GWHPDONJ000468, GWHPDONJ000470, GWHPDONJ000493, GWHPDONJ000569, GWHPDONJ000592, GWHPDONJ000600, GWHPDONJ000644, GWHPDONJ000746, GWHPDONJ000767, GWHPDONJ000777, GWHPDONJ000798, GWHPDONJ000804, GWHPDONJ000805, GWHPDONJ000871, GWHPDONJ000924, GWHPDONJ000936, GWHPDONJ000967, GWHPDONJ000994, GWHPDONJ001054, GWHPDONJ001080, GWHPDONJ001101, GWHPDONJ001103, GWHPDONJ001142, GWHPDONJ001147, GWHPDONJ001152, GWHPDONJ001184, GWHPDONJ001207, GWHPDONJ001240, GWHPDONJ001241, GWHPDONJ001276, GWHPDONJ001288, GWHPDONJ001294, GWHPDONJ001306, GWHPDONJ001313, GWHPDONJ001315, GWHPDONJ001324, GWHPDONJ001350, GWHPDONJ001357, GWHPDONJ001362, GWHPDONJ001442, GWHPDONJ001445, GWHPDONJ001456, GWHPDONJ001472, GWHPDONJ001489, GWHPDONJ001490, GWHPDONJ001505, GWHPDONJ001637, GWHPDONJ001649, GWHPDONJ001712, GWHPDONJ001713, GWHPDONJ001737, GWHPDONJ001772, GWHPDONJ001778, GWHPDONJ001907, GWHPDONJ001950, GWHPDONJ002005, GWHPDONJ002014, GWHPDONJ002075, GWHPDONJ002128, GWHPDONJ002129, GWHPDONJ002138, GWHPDONJ002145, GWHPDONJ002173, GWHPDONJ002179, GWHPDONJ002234, GWHPDONJ002236, GWHPDONJ002265, GWHPDONJ002295, GWHPDONJ002296, GWHPDONJ002464, GWHPDONJ002502, GWHPDONJ002525, GWHPDONJ002530, GWHPDONJ002575, GWHPDONJ002594, GWHPDONJ002599, GWHPDONJ002657, GWHPDONJ002662, GWHPDONJ002821, GWHPDONJ002851, GWHPDONJ002871, GWHPDONJ002910, GWHPDONJ002943, GWHPDONJ002960, GWHPDONJ002974, GWHPDONJ002999, GWHPDONJ003128, GWHPDONJ003358, GWHPDONJ003411, GWHPDONJ003487, GWHPDONJ003539, GWHPDONJ003590, GWHPDONJ003591, GWHPDONJ003611, GWHPDONJ003792, GWHPDONJ003859, GWHPDONJ004264, GWHPDONJ005121, GWHPDONJ005541, GWHPDONJ005665, GWHPDONJ005677, GWHPDONJ006136, GWHPDONJ006930, GWHPDONJ007867, GWHPDONJ008863, GWHPDONJ009261, GWHPDONJ009795, GWHPDONJ010041, GWHPDONJ010130, GWHPDONJ010134, GWHPDONJ010658, GWHPDONJ010803, GWHPDONJ010892	
OG0000006	GWHPDONJ000021, GWHPDONJ000090, GWHPDONJ000092, GWHPDONJ000093, GWHPDONJ000094, GWHPDONJ000108, GWHPDONJ000109, GWHPDONJ000110, GWHPDONJ000155, GWHPDONJ000163, GWHPDONJ000196, GWHPDONJ000197, GWHPDONJ000199, GWHPDONJ000262, GWHPDONJ000263, GWHPDONJ000324, GWHPDONJ000404, GWHPDONJ000447, GWHPDONJ000512, GWHPDONJ000573, GWHPDONJ000574, GWHPDONJ000582, GWHPDONJ000596, GWHPDONJ000608, GWHPDONJ000628, GWHPDONJ000687, GWHPDONJ000718, GWHPDONJ000748, GWHPDONJ000764, GWHPDONJ000809, GWHPDONJ000878, GWHPDONJ000972, GWHPDONJ001001, GWHPDONJ001029, GWHPDONJ001034, GWHPDONJ001039, GWHPDONJ001076, GWHPDONJ001093, GWHPDONJ001105, GWHPDONJ001169, GWHPDONJ001191, GWHPDONJ001278, GWHPDONJ001285, GWHPDONJ001286, GWHPDONJ001287, GWHPDONJ001321, GWHPDONJ001427, GWHPDONJ001539, GWHPDONJ001660, GWHPDONJ001693, GWHPDONJ001704, GWHPDONJ001783, GWHPDONJ001800, GWHPDONJ001870, GWHPDONJ001897, GWHPDONJ001951, GWHPDONJ001959, GWHPDONJ001964, GWHPDONJ002012, GWHPDONJ002055, GWHPDONJ002078, GWHPDONJ002079, GWHPDONJ002105, GWHPDONJ002133, GWHPDONJ002134, GWHPDONJ002161, GWHPDONJ002166, GWHPDONJ002178, GWHPDONJ002271, GWHPDONJ002277, GWHPDONJ002286, GWHPDONJ002303, GWHPDONJ002386, GWHPDONJ002468, GWHPDONJ002474, GWHPDONJ002506, GWHPDONJ002524, GWHPDONJ002539, GWHPDONJ002581, GWHPDONJ002585, GWHPDONJ002612, GWHPDONJ002664, GWHPDONJ002817, GWHPDONJ002843, GWHPDONJ002866, GWHPDONJ002898, GWHPDONJ002939, GWHPDONJ002940, GWHPDONJ002951, GWHPDONJ003044, GWHPDONJ003046, GWHPDONJ003048, GWHPDONJ003064, GWHPDONJ003117, GWHPDONJ003193, GWHPDONJ003237, GWHPDONJ003272, GWHPDONJ003330, GWHPDONJ003447, GWHPDONJ003482, GWHPDONJ003514, GWHPDONJ003522, GWHPDONJ003606, GWHPDONJ003635, GWHPDONJ003646, GWHPDONJ003688, GWHPDONJ003690, GWHPDONJ003699, GWHPDONJ003704, GWHPDONJ003736, GWHPDONJ003805, GWHPDONJ003819, GWHPDONJ003821, GWHPDONJ004282, GWHPDONJ004724, GWHPDONJ004835, GWHPDONJ008888, GWHPDONJ009781	
OG0000007	GWHPDONJ000014, GWHPDONJ000057, GWHPDONJ000132, GWHPDONJ000140, GWHPDONJ000210, GWHPDONJ000229, GWHPDONJ000247, GWHPDONJ000266, GWHPDONJ000331, GWHPDONJ000399, GWHPDONJ000664, GWHPDONJ000750, GWHPDONJ000763, GWHPDONJ000787, GWHPDONJ000825, GWHPDONJ000848, GWHPDONJ000853, GWHPDONJ000886, GWHPDONJ000907, GWHPDONJ000962, GWHPDONJ000963, GWHPDONJ001004, GWHPDONJ001012, GWHPDONJ001035, GWHPDONJ001097, GWHPDONJ001194, GWHPDONJ001215, GWHPDONJ001327, GWHPDONJ001355, GWHPDONJ001374, GWHPDONJ001390, GWHPDONJ001395, GWHPDONJ001406, GWHPDONJ001411, GWHPDONJ001419, GWHPDONJ001422, GWHPDONJ001485, GWHPDONJ001557, GWHPDONJ001575, GWHPDONJ001634, GWHPDONJ001651, GWHPDONJ001661, GWHPDONJ001698, GWHPDONJ001735, GWHPDONJ001744, GWHPDONJ001762, GWHPDONJ001764, GWHPDONJ001814, GWHPDONJ001872, GWHPDONJ001896, GWHPDONJ001900, GWHPDONJ001901, GWHPDONJ001971, GWHPDONJ002031, GWHPDONJ002074, GWHPDONJ002153, GWHPDONJ002155, GWHPDONJ002212, GWHPDONJ002275, GWHPDONJ002341, GWHPDONJ002347, GWHPDONJ002610, GWHPDONJ002749, GWHPDONJ002770, GWHPDONJ002788, GWHPDONJ002822, GWHPDONJ002835, GWHPDONJ002844, GWHPDONJ002848, GWHPDONJ002897, GWHPDONJ002934, GWHPDONJ003019, GWHPDONJ003041, GWHPDONJ003042, GWHPDONJ003073, GWHPDONJ003123, GWHPDONJ003124, GWHPDONJ003223, GWHPDONJ003258, GWHPDONJ003259, GWHPDONJ003273, GWHPDONJ003328, GWHPDONJ003361, GWHPDONJ003362, GWHPDONJ003412, GWHPDONJ003425, GWHPDONJ003640, GWHPDONJ003642, GWHPDONJ003680, GWHPDONJ003800, GWHPDONJ003806, GWHPDONJ005338, GWHPDONJ007964, GWHPDONJ007980, GWHPDONJ008947, GWHPDONJ008948, GWHPDONJ010545, GWHPDONJ010882	
OG0000008	GWHPDONJ001949	XP_038678360.1, XP_038678378.1, XP_038678403.1, XP_038678404.1, XP_038678420.1, XP_038678422.1, XP_038678440.1, XP_038678744.1, XP_038679416.1, XP_038679425.1, XP_038679495.1, XP_038683060.1, XP_038685713.1, XP_038685753.1, XP_038685788.1, XP_038687494.1, XP_038687537.1, XP_038688660.1, XP_038688674.1, XP_038688676.1, XP_038688727.1, XP_038688859.1, XP_038693756.1, XP_038693787.1, XP_038693799.1, XP_038693800.1, XP_038693836.1, XP_038695425.1, XP_038695440.1, XP_038695446.1, XP_038695447.1, XP_038695476.1, XP_038695481.1, XP_038695815.1, XP_038696217.1, XP_038697595.1, XP_038697880.1, XP_038697986.1, XP_038697996.1, XP_038697999.1, XP_038698000.1, XP_038698026.1, XP_038698060.1, XP_038698061.1, XP_038699066.1, XP_038699267.1, XP_038699619.1, XP_038699677.1, XP_038699687.1, XP_038700115.1, XP_038701844.1, XP_038701916.1, XP_038704662.1, XP_038704682.1, XP_038704728.1, XP_038707215.1, XP_038707252.1, XP_038707268.1, XP_038707296.1, XP_038707300.1, XP_038707305.1, XP_038707306.1, XP_038708501.1, XP_038708508.1, XP_038708565.1, XP_038708607.1, XP_038709419.1, XP_038713394.1, XP_038713417.1, XP_038713474.1, XP_038715002.1, XP_038715039.1, XP_038715079.1, XP_038715108.1, XP_038717194.1, XP_038717229.1, XP_038717230.1, XP_038717257.1, XP_038717267.1, XP_038718153.1, XP_038719863.1, XP_038719919.1, XP_038719972.1, XP_038720011.1, XP_038720046.1, XP_038721893.1, XP_038721962.1, XP_038722076.1, XP_038725609.1, XP_038726409.1
OG0000009	Null	XP_038678418.1, XP_038678460.1, XP_038678892.1, XP_038679422.1, XP_038679431.1, XP_038679472.1, XP_038680254.1, XP_038680255.1, XP_038680967.1, XP_038681042.1, XP_038681043.1, XP_038683042.1, XP_038683661.1, XP_038687444.1, XP_038687449.1, XP_038687450.1, XP_038687515.1, XP_038687544.1, XP_038688706.1, XP_038688733.1, XP_038688749.1, XP_038688751.1, XP_038688779.1, XP_038692887.1, XP_038693741.1, XP_038693779.1, XP_038693791.1, XP_038693801.1, XP_038693804.1, XP_038693805.1, XP_038695428.1, XP_038695464.1, XP_038695491.1, XP_038695510.1, XP_038695512.1, XP_038695515.1, XP_038697717.1, XP_038698020.1, XP_038698023.1, XP_038698030.1, XP_038698755.1, XP_038699631.1, XP_038701824.1, XP_038701857.1, XP_038702575.1, XP_038702578.1, XP_038704674.1, XP_038704722.1, XP_038704732.1, XP_038704733.1, XP_038704735.1, XP_038704751.1, XP_038706326.1, XP_038707173.1, XP_038707293.1, XP_038707294.1, XP_038708499.1, XP_038708576.1, XP_038708591.1, XP_038710217.1, XP_038711745.1, XP_038711764.1, XP_038711814.1, XP_038711828.1, XP_038714991.1, XP_038715060.1, XP_038715062.1, XP_038715069.1, XP_038715075.1, XP_038715088.1, XP_038717206.1, XP_038717226.1, XP_038717231.1, XP_038717232.1, XP_038717233.1, XP_038717234.1, XP_038717277.1, XP_038717284.1, XP_038717620.1, XP_038719826.1, XP_038720028.1, XP_038721967.1, XP_038721968.1, XP_038721997.1, XP_038722061.1
OG0000010	GWHPDONJ000002, GWHPDONJ000272, GWHPDONJ000310, GWHPDONJ000330, GWHPDONJ000391, GWHPDONJ000420, GWHPDONJ000495, GWHPDONJ000522, GWHPDONJ000526, GWHPDONJ000570, GWHPDONJ000595, GWHPDONJ000677, GWHPDONJ000782, GWHPDONJ000784, GWHPDONJ000812, GWHPDONJ000904, GWHPDONJ000988, GWHPDONJ001009, GWHPDONJ001049, GWHPDONJ001057, GWHPDONJ001095, GWHPDONJ001099, GWHPDONJ001102, GWHPDONJ001159, GWHPDONJ001173, GWHPDONJ001199, GWHPDONJ001222, GWHPDONJ001249, GWHPDONJ001251, GWHPDONJ001282, GWHPDONJ001329, GWHPDONJ001336, GWHPDONJ001399, GWHPDONJ001402, GWHPDONJ001554, GWHPDONJ001619, GWHPDONJ001633, GWHPDONJ001690, GWHPDONJ001724, GWHPDONJ001768, GWHPDONJ001771, GWHPDONJ001775, GWHPDONJ001807, GWHPDONJ001890, GWHPDONJ001937, GWHPDONJ001960, GWHPDONJ002039, GWHPDONJ002070, GWHPDONJ002084, GWHPDONJ002167, GWHPDONJ002169, GWHPDONJ002227, GWHPDONJ002242, GWHPDONJ002402, GWHPDONJ002605, GWHPDONJ002750, GWHPDONJ002776, GWHPDONJ002809, GWHPDONJ002868, GWHPDONJ003047, GWHPDONJ003067, GWHPDONJ003075, GWHPDONJ003100, GWHPDONJ003153, GWHPDONJ003184, GWHPDONJ003263, GWHPDONJ003270, GWHPDONJ003312, GWHPDONJ003319, GWHPDONJ003356, GWHPDONJ003373, GWHPDONJ003400, GWHPDONJ003429, GWHPDONJ003435, GWHPDONJ003467, GWHPDONJ003511, GWHPDONJ003613, GWHPDONJ003618, GWHPDONJ003644, GWHPDONJ003692, GWHPDONJ003751, GWHPDONJ003814, GWHPDONJ006682	
OG0000011	GWHPDONJ000008, GWHPDONJ000221, GWHPDONJ000270, GWHPDONJ000273, GWHPDONJ000308, GWHPDONJ000488, GWHPDONJ000510, GWHPDONJ000516, GWHPDONJ000583, GWHPDONJ000749, GWHPDONJ000881, GWHPDONJ000931, GWHPDONJ000947, GWHPDONJ001032, GWHPDONJ001140, GWHPDONJ001227, GWHPDONJ001248, GWHPDONJ001372, GWHPDONJ001375, GWHPDONJ001396, GWHPDONJ001421, GWHPDONJ001441, GWHPDONJ001451, GWHPDONJ001509, GWHPDONJ001527, GWHPDONJ001543, GWHPDONJ001695, GWHPDONJ001697, GWHPDONJ001700, GWHPDONJ001701, GWHPDONJ001702, GWHPDONJ001722, GWHPDONJ001765, GWHPDONJ001794, GWHPDONJ001840, GWHPDONJ001881, GWHPDONJ001916, GWHPDONJ001921, GWHPDONJ001953, GWHPDONJ002036, GWHPDONJ002054, GWHPDONJ002112, GWHPDONJ002170, GWHPDONJ002201, GWHPDONJ002204, GWHPDONJ002217, GWHPDONJ002218, GWHPDONJ002219, GWHPDONJ002229, GWHPDONJ002230, GWHPDONJ002235, GWHPDONJ002246, GWHPDONJ002288, GWHPDONJ002310, GWHPDONJ002322, GWHPDONJ002439, GWHPDONJ002459, GWHPDONJ002663, GWHPDONJ002669, GWHPDONJ002675, GWHPDONJ002797, GWHPDONJ002899, GWHPDONJ002936, GWHPDONJ002958, GWHPDONJ002983, GWHPDONJ003008, GWHPDONJ003059, GWHPDONJ003087, GWHPDONJ003165, GWHPDONJ003173, GWHPDONJ003376, GWHPDONJ003380, GWHPDONJ003404, GWHPDONJ003512, GWHPDONJ003561, GWHPDONJ003609, GWHPDONJ003734, GWHPDONJ003757, GWHPDONJ007958, GWHPDONJ007960, GWHPDONJ008090	XP_038693773.1, XP_038707297.1
OG0000012	Null	XP_038680227.1, XP_038681033.1, XP_038681034.1, XP_038681093.1, XP_038681094.1, XP_038681095.1, XP_038683070.1, XP_038685532.1, XP_038685715.1, XP_038685716.1, XP_038685717.1, XP_038685779.1, XP_038686666.1, XP_038686668.1, XP_038686719.1, XP_038687248.1, XP_038687385.1, XP_038687387.1, XP_038687438.1, XP_038687442.1, XP_038687443.1, XP_038687445.1, XP_038687448.1, XP_038687454.1, XP_038687455.1, XP_038687555.1, XP_038687557.1, XP_038687558.1, XP_038687560.1, XP_038687561.1, XP_038687562.1, XP_038687564.1, XP_038687565.1, XP_038687566.1, XP_038687567.1, XP_038687568.1, XP_038687569.1, XP_038688291.1, XP_038688319.1, XP_038688541.1, XP_038688553.1, XP_038688554.1, XP_038688555.1, XP_038691280.1, XP_038691800.1, XP_038698233.1, XP_038698234.1, XP_038698235.1, XP_038699522.1, XP_038699531.1, XP_038699711.1, XP_038699713.1, XP_038702557.1, XP_038707246.1, XP_038710316.1, XP_038710971.1, XP_038711852.1, XP_038711868.1, XP_038711869.1, XP_038712350.1, XP_038713458.1, XP_038713459.1, XP_038715131.1, XP_038715132.1, XP_038715133.1, XP_038716201.1, XP_038716202.1, XP_038716204.1, XP_038717012.1, XP_038717069.1, XP_038717185.1, XP_038718672.1, XP_038720006.1, XP_038720007.1, XP_038722027.1, XP_038724068.1, XP_038725604.1, XP_038725610.1, XP_038725611.1, XP_038726126.1
OG0000013	Null	XP_038678369.1, XP_038678390.1, XP_038678391.1, XP_038679500.1, XP_038681007.1, XP_038682031.1, XP_038683018.1, XP_038683025.1, XP_038683029.1, XP_038685718.1, XP_038685725.1, XP_038685750.1, XP_038687530.1, XP_038687590.1, XP_038687608.1, XP_038688372.1, XP_038688665.1, XP_038688732.1, XP_038688737.1, XP_038688755.1, XP_038688832.1, XP_038690533.1, XP_038693754.1, XP_038693776.1, XP_038693781.1, XP_038693839.1, XP_038695462.1, XP_038695490.1, XP_038697956.1, XP_038697992.1, XP_038698231.1, XP_038698571.1, XP_038699304.1, XP_038699466.1, XP_038699655.1, XP_038699671.1, XP_038699703.1, XP_038701845.1, XP_038701868.1, XP_038701919.1, XP_038701920.1, XP_038703864.1, XP_038704656.1, XP_038704679.1, XP_038704689.1, XP_038704720.1, XP_038704750.1, XP_038707330.1, XP_038708512.1, XP_038708530.1, XP_038708556.1, XP_038708558.1, XP_038708559.1, XP_038708596.1, XP_038711751.1, XP_038711791.1, XP_038713378.1, XP_038713400.1, XP_038713410.1, XP_038713412.1, XP_038713428.1, XP_038713443.1, XP_038715058.1, XP_038716359.1, XP_038716428.1, XP_038716632.1, XP_038716751.1, XP_038716828.1, XP_038717247.1, XP_038717399.1, XP_038718291.1, XP_038719812.1, XP_038719859.1, XP_038721941.1, XP_038722005.1
OG0000014	GWHPDONJ000026, GWHPDONJ000098, GWHPDONJ000120, GWHPDONJ000257, GWHPDONJ000274, GWHPDONJ000439, GWHPDONJ000440, GWHPDONJ000446, GWHPDONJ000459, GWHPDONJ000487, GWHPDONJ000650, GWHPDONJ000651, GWHPDONJ000720, GWHPDONJ000813, GWHPDONJ000987, GWHPDONJ001172, GWHPDONJ001180, GWHPDONJ001323, GWHPDONJ001348, GWHPDONJ001381, GWHPDONJ001389, GWHPDONJ001391, GWHPDONJ001420, GWHPDONJ001467, GWHPDONJ001535, GWHPDONJ001574, GWHPDONJ001617, GWHPDONJ001666, GWHPDONJ001782, GWHPDONJ001795, GWHPDONJ001855, GWHPDONJ001911, GWHPDONJ001975, GWHPDONJ001979, GWHPDONJ002000, GWHPDONJ002030, GWHPDONJ002190, GWHPDONJ002222, GWHPDONJ002249, GWHPDONJ002276, GWHPDONJ002282, GWHPDONJ002291, GWHPDONJ002299, GWHPDONJ002360, GWHPDONJ002450, GWHPDONJ002481, GWHPDONJ002488, GWHPDONJ002517, GWHPDONJ002760, GWHPDONJ002762, GWHPDONJ002836, GWHPDONJ002923, GWHPDONJ002937, GWHPDONJ003080, GWHPDONJ003105, GWHPDONJ003137, GWHPDONJ003138, GWHPDONJ003222, GWHPDONJ003229, GWHPDONJ003236, GWHPDONJ003261, GWHPDONJ003311, GWHPDONJ003327, GWHPDONJ003385, GWHPDONJ003408, GWHPDONJ003413, GWHPDONJ003418, GWHPDONJ003541, GWHPDONJ003544, GWHPDONJ003567, GWHPDONJ003679, GWHPDONJ003718, GWHPDONJ003737, GWHPDONJ007880	
OG0000015	GWHPDONJ000051, GWHPDONJ000128, GWHPDONJ000170, GWHPDONJ000171, GWHPDONJ000193, GWHPDONJ000264, GWHPDONJ000282, GWHPDONJ000392, GWHPDONJ000434, GWHPDONJ000623, GWHPDONJ000627, GWHPDONJ000632, GWHPDONJ000756, GWHPDONJ000790, GWHPDONJ000814, GWHPDONJ000891, GWHPDONJ000892, GWHPDONJ000900, GWHPDONJ000969, GWHPDONJ001020, GWHPDONJ001106, GWHPDONJ001107, GWHPDONJ001115, GWHPDONJ001150, GWHPDONJ001204, GWHPDONJ001235, GWHPDONJ001368, GWHPDONJ001369, GWHPDONJ001417, GWHPDONJ001517, GWHPDONJ001522, GWHPDONJ001553, GWHPDONJ001618, GWHPDONJ001669, GWHPDONJ001689, GWHPDONJ001696, GWHPDONJ001738, GWHPDONJ001817, GWHPDONJ001834, GWHPDONJ001850, GWHPDONJ001945, GWHPDONJ002035, GWHPDONJ002037, GWHPDONJ002245, GWHPDONJ002336, GWHPDONJ002337, GWHPDONJ002338, GWHPDONJ002491, GWHPDONJ002497, GWHPDONJ002547, GWHPDONJ002574, GWHPDONJ002658, GWHPDONJ002773, GWHPDONJ002829, GWHPDONJ002933, GWHPDONJ002952, GWHPDONJ003089, GWHPDONJ003111, GWHPDONJ003323, GWHPDONJ003335, GWHPDONJ003459, GWHPDONJ003521, GWHPDONJ003559, GWHPDONJ003614, GWHPDONJ003632, GWHPDONJ003678, GWHPDONJ003689, GWHPDONJ003717, GWHPDONJ003768, GWHPDONJ003769, GWHPDONJ003809, GWHPDONJ008887	
OG0000016	Null	XP_038678452.1, XP_038678463.1, XP_038678880.1, XP_038679405.1, XP_038679407.1, XP_038686596.1, XP_038686756.1, XP_038686940.1, XP_038687144.1, XP_038687285.1, XP_038687286.1, XP_038687287.1, XP_038687369.1, XP_038687370.1, XP_038687549.1, XP_038687550.1, XP_038687573.1, XP_038687605.1, XP_038688326.1, XP_038688876.1, XP_038689351.1, XP_038690608.1, XP_038691351.1, XP_038691352.1, XP_038691353.1, XP_038691355.1, XP_038691356.1, XP_038691398.1, XP_038691499.1, XP_038691635.1, XP_038693658.1, XP_038693659.1, XP_038693661.1, XP_038693662.1, XP_038693663.1, XP_038693664.1, XP_038693665.1, XP_038693667.1, XP_038693668.1, XP_038693669.1, XP_038693759.1, XP_038695384.1, XP_038695388.1, XP_038695391.1, XP_038695392.1, XP_038695394.1, XP_038696582.1, XP_038699562.1, XP_038704768.1, XP_038704769.1, XP_038704790.1, XP_038704791.1, XP_038704792.1, XP_038705434.1, XP_038707342.1, XP_038707511.1, XP_038708553.1, XP_038710108.1, XP_038712317.1, XP_038714283.1, XP_038715068.1, XP_038715825.1, XP_038715837.1, XP_038717199.1, XP_038717200.1, XP_038718530.1, XP_038722046.1
OG0000017	GWHPDONJ000239, GWHPDONJ000261, GWHPDONJ000329, GWHPDONJ000563, GWHPDONJ000615, GWHPDONJ000730, GWHPDONJ000738, GWHPDONJ000821, GWHPDONJ000844, GWHPDONJ000933, GWHPDONJ000995, GWHPDONJ000996, GWHPDONJ001145, GWHPDONJ001148, GWHPDONJ001155, GWHPDONJ001160, GWHPDONJ001225, GWHPDONJ001317, GWHPDONJ001331, GWHPDONJ001344, GWHPDONJ001365, GWHPDONJ001387, GWHPDONJ001435, GWHPDONJ001483, GWHPDONJ001551, GWHPDONJ001624, GWHPDONJ001630, GWHPDONJ001631, GWHPDONJ001703, GWHPDONJ001909, GWHPDONJ001973, GWHPDONJ002027, GWHPDONJ002061, GWHPDONJ002152, GWHPDONJ002185, GWHPDONJ002232, GWHPDONJ002383, GWHPDONJ002443, GWHPDONJ002519, GWHPDONJ002677, GWHPDONJ002799, GWHPDONJ002882, GWHPDONJ003225, GWHPDONJ003381, GWHPDONJ003540, GWHPDONJ003542, GWHPDONJ003620, GWHPDONJ003652, GWHPDONJ003665, GWHPDONJ003793, GWHPDONJ004686, GWHPDONJ004758, GWHPDONJ005529, GWHPDONJ005685, GWHPDONJ008088, GWHPDONJ008108, GWHPDONJ009403, GWHPDONJ009420, GWHPDONJ009780	XP_038684811.1, XP_038705881.1
OG0000018	GWHPDONJ000119, GWHPDONJ000240, GWHPDONJ000535, GWHPDONJ000581, GWHPDONJ000772, GWHPDONJ000841, GWHPDONJ000874, GWHPDONJ001077, GWHPDONJ001203, GWHPDONJ001279, GWHPDONJ001281, GWHPDONJ001293, GWHPDONJ001296, GWHPDONJ001370, GWHPDONJ001410, GWHPDONJ001473, GWHPDONJ001475, GWHPDONJ001656, GWHPDONJ001686, GWHPDONJ001694, GWHPDONJ001721, GWHPDONJ001891, GWHPDONJ001895, GWHPDONJ001922, GWHPDONJ001982, GWHPDONJ002140, GWHPDONJ002141, GWHPDONJ002440, GWHPDONJ002486, GWHPDONJ002587, GWHPDONJ002591, GWHPDONJ002810, GWHPDONJ002867, GWHPDONJ002981, GWHPDONJ002987, GWHPDONJ003045, GWHPDONJ003070, GWHPDONJ003115, GWHPDONJ003269, GWHPDONJ003320, GWHPDONJ003406, GWHPDONJ003416, GWHPDONJ003417, GWHPDONJ003440, GWHPDONJ003441, GWHPDONJ003442, GWHPDONJ003443, GWHPDONJ003444, GWHPDONJ003543, GWHPDONJ003546, GWHPDONJ003566, GWHPDONJ003595, GWHPDONJ003615, GWHPDONJ003641, GWHPDONJ003657, GWHPDONJ003694, GWHPDONJ004281, GWHPDONJ009782	XP_038683037.1, XP_038688712.1
OG0000019	Null	XP_038685709.1, XP_038685710.1, XP_038695408.1, XP_038695409.1, XP_038695410.1, XP_038695818.1, XP_038695819.1, XP_038695820.1, XP_038695822.1, XP_038695894.1, XP_038696061.1, XP_038696062.1, XP_038696063.1, XP_038696064.1, XP_038696065.1, XP_038696066.1, XP_038696067.1, XP_038696068.1, XP_038696069.1, XP_038696070.1, XP_038696071.1, XP_038696073.1, XP_038696074.1, XP_038696075.1, XP_038696076.1, XP_038696077.1, XP_038696078.1, XP_038696079.1, XP_038696080.1, XP_038696081.1, XP_038696082.1, XP_038696083.1, XP_038696084.1, XP_038696085.1, XP_038696086.1, XP_038696088.1, XP_038696089.1, XP_038696090.1, XP_038696091.1, XP_038696324.1, XP_038696325.1, XP_038696342.1, XP_038696343.1, XP_038696344.1, XP_038696345.1, XP_038696346.1, XP_038696400.1, XP_038696401.1, XP_038696978.1, XP_038696979.1, XP_038696980.1, XP_038696981.1, XP_038696982.1, XP_038696984.1, XP_038696985.1, XP_038696986.1, XP_038696987.1, XP_038696988.1, XP_038696990.1, XP_038696991.1
OG0000020	Null	XP_038690720.1, XP_038691228.1, XP_038701585.1, XP_038701586.1, XP_038701587.1, XP_038701608.1, XP_038704788.1, XP_038705141.1, XP_038705142.1, XP_038705143.1, XP_038705144.1, XP_038705145.1, XP_038709854.1, XP_038716992.1, XP_038716993.1, XP_038716994.1, XP_038716995.1, XP_038716996.1, XP_038717566.1, XP_038717567.1, XP_038717568.1, XP_038717569.1, XP_038719753.1, XP_038719754.1, XP_038719755.1, XP_038719756.1, XP_038719757.1, XP_038719758.1, XP_038719759.1, XP_038719760.1, XP_038719761.1, XP_038719763.1, XP_038719764.1, XP_038719765.1, XP_038719766.1, XP_038719767.1, XP_038719803.1, XP_038719804.1, XP_038719805.1, XP_038719864.1, XP_038719936.1, XP_038719938.1, XP_038719939.1, XP_038720073.1, XP_038720074.1, XP_038720075.1, XP_038720076.1, XP_038720254.1, XP_038720255.1, XP_038720426.1, XP_038720902.1, XP_038720904.1, XP_038720905.1, XP_038720975.1, XP_038720976.1, XP_038721239.1, XP_038721325.1, XP_038721326.1, XP_038721834.1
OG0000021	GWHPDONJ000027, GWHPDONJ000074, GWHPDONJ000332, GWHPDONJ000445, GWHPDONJ000564, GWHPDONJ000567, GWHPDONJ000633, GWHPDONJ000647, GWHPDONJ000966, GWHPDONJ001018, GWHPDONJ001050, GWHPDONJ001211, GWHPDONJ001300, GWHPDONJ001383, GWHPDONJ001518, GWHPDONJ001614, GWHPDONJ001659, GWHPDONJ001863, GWHPDONJ001882, GWHPDONJ001917, GWHPDONJ001955, GWHPDONJ002086, GWHPDONJ002092, GWHPDONJ002104, GWHPDONJ002456, GWHPDONJ002516, GWHPDONJ002589, GWHPDONJ002615, GWHPDONJ002671, GWHPDONJ002824, GWHPDONJ002837, GWHPDONJ002852, GWHPDONJ002954, GWHPDONJ003054, GWHPDONJ003060, GWHPDONJ003082, GWHPDONJ003107, GWHPDONJ003125, GWHPDONJ003163, GWHPDONJ003168, GWHPDONJ003169, GWHPDONJ003265, GWHPDONJ003266, GWHPDONJ003337, GWHPDONJ003394, GWHPDONJ003398, GWHPDONJ003415, GWHPDONJ003460, GWHPDONJ003497, GWHPDONJ003499, GWHPDONJ003505, GWHPDONJ003529, GWHPDONJ003556, GWHPDONJ003630, GWHPDONJ003677, GWHPDONJ003711, GWHPDONJ003732, GWHPDONJ003749	
OG0000022	GWHPDONJ005137	XP_038680934.1, XP_038680939.1, XP_038682383.1, XP_038682384.1, XP_038682385.1, XP_038682386.1, XP_038683008.1, XP_038683009.1, XP_038685686.1, XP_038685708.1, XP_038686652.1, XP_038688591.1, XP_038688617.1, XP_038688709.1, XP_038688770.1, XP_038693061.1, XP_038693783.1, XP_038693785.1, XP_038695330.1, XP_038695537.1, XP_038695538.1, XP_038697954.1, XP_038697959.1, XP_038698031.1, XP_038698032.1, XP_038698036.1, XP_038698037.1, XP_038698844.1, XP_038698845.1, XP_038699666.1, XP_038699667.1, XP_038701808.1, XP_038701811.1, XP_038701909.1, XP_038701913.1, XP_038702589.1, XP_038704741.1, XP_038711808.1, XP_038711809.1, XP_038711811.1, XP_038711872.1, XP_038713368.1, XP_038713384.1, XP_038713386.1, XP_038713406.1, XP_038714476.1, XP_038716546.1, XP_038717209.1, XP_038717254.1, XP_038717296.1, XP_038719808.1, XP_038719834.1, XP_038719964.1, XP_038719965.1, XP_038720048.1
OG0000023	Null	XP_038680200.1, XP_038683539.1, XP_038686588.1, XP_038687518.1, XP_038688669.1, XP_038688835.1, XP_038688843.1, XP_038689322.1, XP_038689425.1, XP_038689426.1, XP_038689427.1, XP_038689607.1, XP_038689696.1, XP_038697605.1, XP_038697618.1, XP_038697641.1, XP_038698419.1, XP_038701026.1, XP_038701625.1, XP_038701749.1, XP_038701904.1, XP_038701905.1, XP_038701906.1, XP_038701915.1, XP_038701917.1, XP_038701988.1, XP_038701990.1, XP_038701991.1, XP_038701992.1, XP_038706696.1, XP_038706697.1, XP_038706698.1, XP_038708270.1, XP_038708271.1, XP_038708273.1, XP_038708753.1, XP_038709401.1, XP_038713604.1, XP_038713605.1, XP_038713606.1, XP_038713607.1, XP_038713608.1, XP_038715070.1, XP_038717281.1, XP_038719806.1, XP_038721952.1, XP_038721953.1, XP_038721954.1, XP_038721955.1, XP_038722007.1, XP_038722008.1, XP_038722770.1, XP_038722796.1, XP_038723941.1
OG0000024	GWHPDONJ000007, GWHPDONJ000011, GWHPDONJ000036, GWHPDONJ000046, GWHPDONJ000053, GWHPDONJ000145, GWHPDONJ000191, GWHPDONJ000306, GWHPDONJ000312, GWHPDONJ000423, GWHPDONJ000424, GWHPDONJ000425, GWHPDONJ000438, GWHPDONJ000655, GWHPDONJ000658, GWHPDONJ000736, GWHPDONJ000744, GWHPDONJ000776, GWHPDONJ000820, GWHPDONJ000954, GWHPDONJ001161, GWHPDONJ001291, GWHPDONJ001334, GWHPDONJ001373, GWHPDONJ001436, GWHPDONJ001688, GWHPDONJ001709, GWHPDONJ001915, GWHPDONJ002266, GWHPDONJ002324, GWHPDONJ002523, GWHPDONJ002781, GWHPDONJ002942, GWHPDONJ002955, GWHPDONJ003108, GWHPDONJ003175, GWHPDONJ003211, GWHPDONJ003285, GWHPDONJ003289, GWHPDONJ003535, GWHPDONJ003570, GWHPDONJ003571, GWHPDONJ003572, GWHPDONJ003608, GWHPDONJ003625, GWHPDONJ003639, GWHPDONJ003650, GWHPDONJ003662, GWHPDONJ003663, GWHPDONJ008668	XP_038687510.1, XP_038695477.1, XP_038701849.1
OG0000025	Null	XP_038679490.1, XP_038681531.1, XP_038681533.1, XP_038687075.1, XP_038687076.1, XP_038687082.1, XP_038687083.1, XP_038688507.1, XP_038688508.1, XP_038688569.1, XP_038688582.1, XP_038688583.1, XP_038688585.1, XP_038688587.1, XP_038688588.1, XP_038688589.1, XP_038688590.1, XP_038689181.1, XP_038689182.1, XP_038689689.1, XP_038690149.1, XP_038690151.1, XP_038690152.1, XP_038690153.1, XP_038690455.1, XP_038691557.1, XP_038691558.1, XP_038691559.1, XP_038691560.1, XP_038691561.1, XP_038691562.1, XP_038691563.1, XP_038691564.1, XP_038691566.1, XP_038691567.1, XP_038691568.1, XP_038691569.1, XP_038691570.1, XP_038691571.1, XP_038691572.1, XP_038695161.1, XP_038695893.1, XP_038702599.1, XP_038719798.1, XP_038722055.1, XP_038722056.1, XP_038722059.1, XP_038722060.1, XP_038722661.1, XP_038723836.1, XP_038723837.1
OG0000026	GWHPDONJ000042, GWHPDONJ000173, GWHPDONJ000432, GWHPDONJ000442, GWHPDONJ000507, GWHPDONJ000531, GWHPDONJ000643, GWHPDONJ000646, GWHPDONJ000741, GWHPDONJ000770, GWHPDONJ000894, GWHPDONJ000920, GWHPDONJ000950, GWHPDONJ001210, GWHPDONJ001342, GWHPDONJ001385, GWHPDONJ001443, GWHPDONJ001635, GWHPDONJ001673, GWHPDONJ001853, GWHPDONJ001875, GWHPDONJ001920, GWHPDONJ001944, GWHPDONJ001985, GWHPDONJ002021, GWHPDONJ002022, GWHPDONJ002072, GWHPDONJ002196, GWHPDONJ002327, GWHPDONJ002334, GWHPDONJ002335, GWHPDONJ002388, GWHPDONJ002452, GWHPDONJ002522, GWHPDONJ002536, GWHPDONJ002551, GWHPDONJ002556, GWHPDONJ002608, GWHPDONJ002650, GWHPDONJ002674, GWHPDONJ002972, GWHPDONJ003020, GWHPDONJ003043, GWHPDONJ003196, GWHPDONJ003317, GWHPDONJ003402, GWHPDONJ003419, GWHPDONJ003631, GWHPDONJ003741, GWHPDONJ009563	
OG0000027	Null	XP_038678377.1, XP_038678381.1, XP_038678393.1, XP_038683016.1, XP_038684981.1, XP_038685594.1, XP_038685595.1, XP_038685597.1, XP_038685598.1, XP_038685599.1, XP_038685600.1, XP_038685601.1, XP_038685602.1, XP_038685603.1, XP_038685651.1, XP_038688696.1, XP_038691949.1, XP_038691950.1, XP_038691951.1, XP_038691952.1, XP_038691953.1, XP_038691954.1, XP_038691955.1, XP_038696651.1, XP_038696652.1, XP_038696653.1, XP_038696654.1, XP_038697819.1, XP_038699626.1, XP_038706172.1, XP_038706178.1, XP_038706186.1, XP_038706190.1, XP_038706196.1, XP_038706205.1, XP_038706212.1, XP_038706220.1, XP_038706229.1, XP_038706238.1, XP_038706246.1, XP_038706254.1, XP_038706262.1, XP_038710947.1, XP_038710948.1, XP_038710949.1, XP_038711760.1, XP_038716452.1, XP_038721806.1
OG0000028	GWHPDONJ000050, GWHPDONJ000146, GWHPDONJ000174, GWHPDONJ000309, GWHPDONJ000400, GWHPDONJ000703, GWHPDONJ000705, GWHPDONJ000879, GWHPDONJ000909, GWHPDONJ001005, GWHPDONJ001075, GWHPDONJ001111, GWHPDONJ001171, GWHPDONJ001178, GWHPDONJ001272, GWHPDONJ001367, GWHPDONJ001430, GWHPDONJ001431, GWHPDONJ001534, GWHPDONJ001668, GWHPDONJ001681, GWHPDONJ001910, GWHPDONJ001968, GWHPDONJ002109, GWHPDONJ002110, GWHPDONJ002148, GWHPDONJ002197, GWHPDONJ002311, GWHPDONJ002400, GWHPDONJ002475, GWHPDONJ002778, GWHPDONJ002886, GWHPDONJ002887, GWHPDONJ002932, GWHPDONJ002949, GWHPDONJ002970, GWHPDONJ002996, GWHPDONJ003049, GWHPDONJ003127, GWHPDONJ003172, GWHPDONJ003397, GWHPDONJ003647, GWHPDONJ003648, GWHPDONJ003667, GWHPDONJ003743, GWHPDONJ003761, GWHPDONJ004687	
OG0000029	GWHPDONJ000129, GWHPDONJ000256, GWHPDONJ000268, GWHPDONJ000295, GWHPDONJ000451, GWHPDONJ000707, GWHPDONJ001212, GWHPDONJ001216, GWHPDONJ001232, GWHPDONJ001426, GWHPDONJ001570, GWHPDONJ001880, GWHPDONJ001931, GWHPDONJ001932, GWHPDONJ001938, GWHPDONJ001981, GWHPDONJ002048, GWHPDONJ002168, GWHPDONJ002199, GWHPDONJ002241, GWHPDONJ002287, GWHPDONJ002401, GWHPDONJ002451, GWHPDONJ002470, GWHPDONJ002747, GWHPDONJ002903, GWHPDONJ002906, GWHPDONJ002971, GWHPDONJ002992, GWHPDONJ003016, GWHPDONJ003071, GWHPDONJ003116, GWHPDONJ003141, GWHPDONJ003205, GWHPDONJ003262, GWHPDONJ003351, GWHPDONJ003382, GWHPDONJ003390, GWHPDONJ003403, GWHPDONJ003405, GWHPDONJ003493, GWHPDONJ003607, GWHPDONJ003619, GWHPDONJ003712, GWHPDONJ007962, GWHPDONJ007963	XP_038680940.1
OG0000030	Null	XP_038679042.1, XP_038679151.1, XP_038680086.1, XP_038680221.1, XP_038680492.1, XP_038680493.1, XP_038688631.1, XP_038688632.1, XP_038688702.1, XP_038688703.1, XP_038689288.1, XP_038689289.1, XP_038689290.1, XP_038689593.1, XP_038689969.1, XP_038689970.1, XP_038690990.1, XP_038690991.1, XP_038691062.1, XP_038691074.1, XP_038691085.1, XP_038691386.1, XP_038691387.1, XP_038691388.1, XP_038691722.1, XP_038691859.1, XP_038691860.1, XP_038691861.1, XP_038692432.1, XP_038702272.1, XP_038708022.1, XP_038709980.1, XP_038710398.1, XP_038710400.1, XP_038710864.1, XP_038710865.1, XP_038711530.1, XP_038711531.1, XP_038711532.1, XP_038711533.1, XP_038711955.1, XP_038711956.1, XP_038712234.1, XP_038712322.1, XP_038712535.1, XP_038712536.1
OG0000031	Null	XP_038688488.1, XP_038688489.1, XP_038691008.1, XP_038691053.1, XP_038691054.1, XP_038691055.1, XP_038691056.1, XP_038691057.1, XP_038691058.1, XP_038691059.1, XP_038691060.1, XP_038691094.1, XP_038691095.1, XP_038691412.1, XP_038691413.1, XP_038691728.1, XP_038691842.1, XP_038691843.1, XP_038691844.1, XP_038691845.1, XP_038691846.1, XP_038691847.1, XP_038691848.1, XP_038691849.1, XP_038691850.1, XP_038691851.1, XP_038691852.1, XP_038691853.1, XP_038691854.1, XP_038691856.1, XP_038691857.1, XP_038691858.1, XP_038691862.1, XP_038691863.1, XP_038691865.1, XP_038691866.1, XP_038699782.1, XP_038710063.1, XP_038710064.1, XP_038710065.1, XP_038710070.1, XP_038710071.1, XP_038710072.1, XP_038710073.1, XP_038712327.1, XP_038712328.1
OG0000032	Null	XP_038680933.1, XP_038680937.1, XP_038681032.1, XP_038683068.1, XP_038683899.1, XP_038687434.1, XP_038688677.1, XP_038688746.1, XP_038688771.1, XP_038688821.1, XP_038689840.1, XP_038690691.1, XP_038693067.1, XP_038693728.1, XP_038693734.1, XP_038695539.1, XP_038696509.1, XP_038696519.1, XP_038697960.1, XP_038701809.1, XP_038701841.1, XP_038702383.1, XP_038702385.1, XP_038702386.1, XP_038702590.1, XP_038702591.1, XP_038704742.1, XP_038706983.1, XP_038707338.1, XP_038708305.1, XP_038711717.1, XP_038711878.1, XP_038712778.1, XP_038713385.1, XP_038713387.1, XP_038713389.1, XP_038713466.1, XP_038714475.1, XP_038716785.1, XP_038717177.1, XP_038717295.1, XP_038719380.1, XP_038719949.1, XP_038720264.1, XP_038721832.1
OG0000033	Null	XP_038682996.1, XP_038682998.1, XP_038682999.1, XP_038683000.1, XP_038683434.1, XP_038683435.1, XP_038683637.1, XP_038688531.1, XP_038688532.1, XP_038688533.1, XP_038689398.1, XP_038691933.1, XP_038691934.1, XP_038691935.1, XP_038695494.1, XP_038703604.1, XP_038704746.1, XP_038704747.1, XP_038714626.1, XP_038714913.1, XP_038715003.1, XP_038715005.1, XP_038715007.1, XP_038715008.1, XP_038715010.1, XP_038715011.1, XP_038715348.1, XP_038715349.1, XP_038715504.1, XP_038715824.1, XP_038716283.1, XP_038716338.1, XP_038716339.1, XP_038716340.1, XP_038716341.1, XP_038716478.1, XP_038716544.1, XP_038716545.1, XP_038716957.1, XP_038716958.1, XP_038716959.1, XP_038717279.1, XP_038717280.1, XP_038717287.1, XP_038717387.1
OG0000034	Null	XP_038681745.1, XP_038692990.1, XP_038692991.1, XP_038692992.1, XP_038692993.1, XP_038694894.1, XP_038704630.1, XP_038706137.1, XP_038706138.1, XP_038706667.1, XP_038706668.1, XP_038706670.1, XP_038706671.1, XP_038706672.1, XP_038706673.1, XP_038706674.1, XP_038706675.1, XP_038706676.1, XP_038706677.1, XP_038706678.1, XP_038706679.1, XP_038706681.1, XP_038706682.1, XP_038706683.1, XP_038706684.1, XP_038706685.1, XP_038706686.1, XP_038706687.1, XP_038706688.1, XP_038706689.1, XP_038706690.1, XP_038707229.1, XP_038707230.1, XP_038707269.1, XP_038707644.1, XP_038707646.1, XP_038707971.1, XP_038707972.1, XP_038707973.1, XP_038707974.1, XP_038708663.1, XP_038716488.1, XP_038717193.1, XP_038723271.1
OG0000035	GWHPDONJ000121, GWHPDONJ000313, GWHPDONJ000366, GWHPDONJ000428, GWHPDONJ000555, GWHPDONJ000556, GWHPDONJ000562, GWHPDONJ000620, GWHPDONJ000673, GWHPDONJ000839, GWHPDONJ000895, GWHPDONJ000921, GWHPDONJ001412, GWHPDONJ001593, GWHPDONJ001691, GWHPDONJ001830, GWHPDONJ001831, GWHPDONJ002043, GWHPDONJ002068, GWHPDONJ002292, GWHPDONJ002527, GWHPDONJ002563, GWHPDONJ002652, GWHPDONJ002988, GWHPDONJ003099, GWHPDONJ003112, GWHPDONJ003114, GWHPDONJ003660, GWHPDONJ003786, GWHPDONJ004280, GWHPDONJ005681, GWHPDONJ005838, GWHPDONJ006023, GWHPDONJ006736, GWHPDONJ008527, GWHPDONJ009088, GWHPDONJ009252, GWHPDONJ009313, GWHPDONJ009493, GWHPDONJ009675, GWHPDONJ010535, GWHPDONJ010804, GWHPDONJ010889	
OG0000036	GWHPDONJ007620	XP_038682428.1, XP_038686249.1, XP_038688764.1, XP_038688864.1, XP_038693083.1, XP_038694361.1, XP_038694603.1, XP_038694604.1, XP_038694605.1, XP_038694699.1, XP_038695021.1, XP_038695423.1, XP_038695892.1, XP_038699199.1, XP_038699538.1, XP_038700438.1, XP_038700715.1, XP_038701190.1, XP_038703599.1, XP_038705111.1, XP_038709667.1, XP_038710253.1, XP_038711383.1, XP_038711385.1, XP_038711386.1, XP_038711387.1, XP_038711388.1, XP_038711389.1, XP_038711498.1, XP_038713438.1, XP_038714360.1, XP_038714437.1, XP_038714438.1, XP_038717149.1, XP_038717674.1, XP_038717675.1, XP_038718269.1, XP_038722355.1, XP_038725256.1, XP_038725257.1, XP_038725258.1, XP_038725857.1
OG0000037	Null	XP_038678351.1, XP_038678379.1, XP_038678487.1, XP_038678496.1, XP_038678689.1, XP_038678690.1, XP_038680234.1, XP_038680632.1, XP_038680907.1, XP_038681396.1, XP_038681958.1, XP_038682736.1, XP_038683030.1, XP_038684045.1, XP_038685672.1, XP_038685724.1, XP_038687496.1, XP_038687529.1, XP_038688083.1, XP_038688530.1, XP_038688858.1, XP_038692746.1, XP_038693772.1, XP_038697746.1, XP_038698028.1, XP_038699552.1, XP_038701831.1, XP_038701861.1, XP_038707270.1, XP_038707340.1, XP_038708509.1, XP_038709418.1, XP_038711747.1, XP_038715038.1, XP_038715049.1, XP_038717223.1, XP_038717241.1, XP_038717244.1, XP_038717258.1, XP_038719833.1, XP_038722015.1, XP_038722038.1, XP_038722058.1
OG0000038	Null	XP_038685166.1, XP_038685493.1, XP_038685501.1, XP_038685502.1, XP_038685503.1, XP_038685699.1, XP_038685701.1, XP_038685702.1, XP_038686198.1, XP_038686519.1, XP_038689358.1, XP_038689359.1, XP_038689360.1, XP_038689361.1, XP_038689362.1, XP_038689363.1, XP_038689364.1, XP_038689584.1, XP_038690251.1, XP_038690423.1, XP_038690424.1, XP_038690425.1, XP_038690427.1, XP_038690428.1, XP_038690832.1, XP_038691957.1, XP_038698091.1, XP_038699133.1, XP_038699145.1, XP_038699167.1, XP_038701031.1, XP_038704252.1, XP_038704731.1, XP_038707883.1, XP_038712991.1, XP_038718854.1, XP_038720110.1, XP_038720111.1, XP_038722050.1, XP_038722551.1, XP_038723168.1, XP_038723612.1, XP_038723662.1
OG0000039	Null	XP_038679274.1, XP_038679275.1, XP_038680370.1, XP_038680371.1, XP_038680561.1, XP_038680562.1, XP_038680563.1, XP_038689765.1, XP_038693130.1, XP_038693131.1, XP_038693132.1, XP_038693133.1, XP_038693134.1, XP_038693135.1, XP_038693136.1, XP_038693137.1, XP_038693138.1, XP_038693140.1, XP_038693141.1, XP_038693142.1, XP_038701712.1, XP_038701713.1, XP_038701714.1, XP_038710603.1, XP_038710604.1, XP_038710605.1, XP_038710606.1, XP_038710607.1, XP_038710669.1, XP_038711739.1, XP_038711740.1, XP_038711857.1, XP_038711994.1, XP_038711995.1, XP_038711996.1, XP_038711997.1, XP_038711998.1, XP_038712137.1, XP_038718185.1, XP_038719552.1, XP_038719553.1, XP_038719554.1
OG0000040	Null	XP_038694777.1, XP_038702028.1, XP_038702036.1, XP_038702044.1, XP_038702052.1, XP_038702061.1, XP_038702068.1, XP_038702075.1, XP_038702084.1, XP_038702116.1, XP_038702125.1, XP_038702135.1, XP_038702143.1, XP_038707397.1, XP_038707772.1, XP_038717328.1, XP_038718040.1, XP_038718041.1, XP_038719473.1, XP_038722169.1, XP_038722170.1, XP_038722171.1, XP_038722732.1, XP_038722751.1, XP_038722801.1, XP_038722802.1, XP_038722803.1, XP_038722810.1, XP_038722811.1, XP_038722812.1, XP_038723265.1, XP_038723749.1, XP_038723750.1, XP_038723751.1, XP_038723752.1, XP_038723753.1, XP_038723754.1, XP_038723788.1, XP_038723789.1, XP_038723790.1, XP_038724017.1, XP_038724019.1
OG0000041	Null	XP_038678376.1, XP_038678395.1, XP_038681978.1, XP_038681979.1, XP_038681980.1, XP_038681981.1, XP_038681982.1, XP_038685799.1, XP_038685825.1, XP_038687481.1, XP_038690571.1, XP_038693326.1, XP_038693327.1, XP_038693328.1, XP_038693329.1, XP_038693331.1, XP_038693332.1, XP_038695498.1, XP_038697226.1, XP_038697843.1, XP_038698800.1, XP_038701878.1, XP_038706450.1, XP_038707126.1, XP_038707195.1, XP_038709423.1, XP_038709424.1, XP_038711761.1, XP_038711762.1, XP_038716065.1, XP_038716221.1, XP_038716232.1, XP_038717403.1, XP_038717404.1, XP_038717417.1, XP_038718166.1, XP_038719916.1, XP_038720003.1, XP_038720029.1, XP_038722074.1, XP_038722078.1
OG0000042	Null	XP_038678585.1, XP_038679013.1, XP_038679145.1, XP_038679486.1, XP_038685523.1, XP_038685674.1, XP_038687704.1, XP_038687705.1, XP_038687706.1, XP_038687707.1, XP_038687708.1, XP_038687709.1, XP_038687710.1, XP_038687711.1, XP_038687712.1, XP_038687713.1, XP_038687714.1, XP_038687715.1, XP_038687899.1, XP_038688357.1, XP_038688358.1, XP_038693923.1, XP_038693924.1, XP_038693925.1, XP_038697874.1, XP_038697932.1, XP_038698013.1, XP_038698153.1, XP_038703663.1, XP_038703664.1, XP_038703665.1, XP_038709958.1, XP_038709959.1, XP_038709960.1, XP_038709961.1, XP_038709963.1, XP_038711841.1, XP_038724298.1, XP_038724333.1, XP_038724334.1, XP_038726413.1
OG0000043	Null	XP_038678641.1, XP_038680874.1, XP_038680875.1, XP_038680876.1, XP_038680878.1, XP_038680879.1, XP_038680880.1, XP_038680881.1, XP_038680883.1, XP_038680885.1, XP_038680905.1, XP_038680906.1, XP_038680909.1, XP_038686598.1, XP_038688544.1, XP_038688545.1, XP_038688546.1, XP_038688564.1, XP_038688616.1, XP_038689721.1, XP_038690672.1, XP_038690684.1, XP_038690762.1, XP_038691507.1, XP_038696816.1, XP_038697911.1, XP_038697985.1, XP_038697994.1, XP_038698099.1, XP_038698852.1, XP_038705914.1, XP_038705921.1, XP_038707313.1, XP_038707654.1, XP_038708498.1, XP_038708562.1, XP_038708566.1, XP_038708567.1, XP_038708568.1, XP_038708609.1, XP_038708685.1
OG0000044	GWHPDONJ000054, GWHPDONJ000213, GWHPDONJ000311, GWHPDONJ000419, GWHPDONJ000520, GWHPDONJ000601, GWHPDONJ000602, GWHPDONJ000826, GWHPDONJ000885, GWHPDONJ001113, GWHPDONJ001335, GWHPDONJ001646, GWHPDONJ001647, GWHPDONJ001687, GWHPDONJ001707, GWHPDONJ001914, GWHPDONJ002274, GWHPDONJ002444, GWHPDONJ002544, GWHPDONJ002617, GWHPDONJ002877, GWHPDONJ002918, GWHPDONJ002941, GWHPDONJ002993, GWHPDONJ003210, GWHPDONJ003286, GWHPDONJ003315, GWHPDONJ003332, GWHPDONJ003395, GWHPDONJ003414, GWHPDONJ003437, GWHPDONJ003446, GWHPDONJ003450, GWHPDONJ003468, GWHPDONJ003500, GWHPDONJ003534, GWHPDONJ003687, GWHPDONJ003706, GWHPDONJ003739, GWHPDONJ008180	
OG0000045	Null	XP_038678540.1, XP_038678541.1, XP_038678745.1, XP_038679771.1, XP_038680211.1, XP_038680683.1, XP_038680873.1, XP_038681063.1, XP_038681125.1, XP_038681230.1, XP_038684956.1, XP_038685107.1, XP_038685822.1, XP_038687915.1, XP_038688040.1, XP_038696242.1, XP_038699635.1, XP_038699642.1, XP_038699953.1, XP_038699962.1, XP_038701665.1, XP_038704670.1, XP_038705901.1, XP_038706485.1, XP_038706834.1, XP_038707665.1, XP_038707714.1, XP_038708583.1, XP_038710478.1, XP_038711741.1, XP_038715793.1, XP_038718251.1, XP_038719869.1, XP_038719870.1, XP_038719871.1, XP_038720428.1, XP_038722483.1, XP_038725155.1, XP_038725472.1, XP_038726127.1
OG0000046	Null	XP_038680705.1, XP_038680706.1, XP_038680975.1, XP_038680977.1, XP_038680978.1, XP_038680979.1, XP_038680981.1, XP_038680982.1, XP_038680983.1, XP_038680984.1, XP_038680986.1, XP_038680987.1, XP_038680988.1, XP_038680990.1, XP_038680991.1, XP_038680992.1, XP_038680993.1, XP_038680994.1, XP_038680995.1, XP_038680996.1, XP_038680997.1, XP_038680998.1, XP_038681000.1, XP_038681001.1, XP_038681002.1, XP_038681902.1, XP_038681903.1, XP_038695530.1, XP_038695531.1, XP_038695532.1, XP_038695533.1, XP_038696791.1, XP_038696998.1, XP_038698628.1, XP_038698632.1, XP_038701086.1, XP_038710017.1, XP_038724650.1, XP_038724651.1
OG0000047	Null	XP_038682641.1, XP_038685392.1, XP_038685682.1, XP_038685683.1, XP_038688535.1, XP_038688573.1, XP_038689733.1, XP_038689817.1, XP_038691540.1, XP_038692011.1, XP_038692224.1, XP_038695439.1, XP_038696260.1, XP_038697203.1, XP_038697205.1, XP_038698075.1, XP_038698076.1, XP_038704730.1, XP_038707239.1, XP_038707380.1, XP_038707381.1, XP_038707976.1, XP_038708767.1, XP_038708768.1, XP_038708769.1, XP_038709908.1, XP_038711359.1, XP_038711371.1, XP_038717487.1, XP_038718868.1, XP_038720034.1, XP_038720039.1, XP_038720311.1, XP_038720312.1, XP_038721051.1, XP_038721979.1, XP_038721980.1, XP_038722003.1, XP_038724249.1
OG0000048	GWHPDONJ000043, GWHPDONJ000167, GWHPDONJ000168, GWHPDONJ000289, GWHPDONJ000435, GWHPDONJ000727, GWHPDONJ000823, GWHPDONJ000912, GWHPDONJ001003, GWHPDONJ001027, GWHPDONJ001028, GWHPDONJ001047, GWHPDONJ001195, GWHPDONJ001196, GWHPDONJ001208, GWHPDONJ001209, GWHPDONJ001319, GWHPDONJ001835, GWHPDONJ001972, GWHPDONJ001986, GWHPDONJ002215, GWHPDONJ002446, GWHPDONJ002514, GWHPDONJ002515, GWHPDONJ002616, GWHPDONJ002748, GWHPDONJ002759, GWHPDONJ002842, GWHPDONJ002860, GWHPDONJ002915, GWHPDONJ003003, GWHPDONJ003109, GWHPDONJ003391, GWHPDONJ003496, GWHPDONJ003498, GWHPDONJ003605, GWHPDONJ008053	XP_038708533.1
OG0000049	Null	XP_038678445.1, XP_038678446.1, XP_038683052.1, XP_038685694.1, XP_038686381.1, XP_038686619.1, XP_038686621.1, XP_038687576.1, XP_038687577.1, XP_038690824.1, XP_038691063.1, XP_038691068.1, XP_038691073.1, XP_038691252.1, XP_038691342.1, XP_038696572.1, XP_038697868.1, XP_038697961.1, XP_038699611.1, XP_038699613.1, XP_038702583.1, XP_038702584.1, XP_038702585.1, XP_038707224.1, XP_038707225.1, XP_038707226.1, XP_038707227.1, XP_038707228.1, XP_038707232.1, XP_038707234.1, XP_038707236.1, XP_038707237.1, XP_038707238.1, XP_038707241.1, XP_038711859.1, XP_038717211.1, XP_038718055.1, XP_038726434.1
OG0000050	Null	XP_038683578.1, XP_038684336.1, XP_038684337.1, XP_038695411.1, XP_038695705.1, XP_038695706.1, XP_038696237.1, XP_038696239.1, XP_038696591.1, XP_038696694.1, XP_038697100.1, XP_038698678.1, XP_038698679.1, XP_038698731.1, XP_038698732.1, XP_038698972.1, XP_038698973.1, XP_038698974.1, XP_038699652.1, XP_038699660.1, XP_038699661.1, XP_038699678.1, XP_038699720.1, XP_038699721.1, XP_038699722.1, XP_038699723.1, XP_038699725.1, XP_038699726.1, XP_038699727.1, XP_038699729.1, XP_038699733.1, XP_038699739.1, XP_038699741.1, XP_038699907.1, XP_038699911.1, XP_038700166.1, XP_038700793.1, XP_038726427.1
OG0000051	Null	XP_038678537.1, XP_038680165.1, XP_038680897.1, XP_038682132.1, XP_038682134.1, XP_038682135.1, XP_038682136.1, XP_038682138.1, XP_038682139.1, XP_038682140.1, XP_038684822.1, XP_038684823.1, XP_038684824.1, XP_038684825.1, XP_038684826.1, XP_038684828.1, XP_038684829.1, XP_038684830.1, XP_038684831.1, XP_038684832.1, XP_038684833.1, XP_038684834.1, XP_038684835.1, XP_038684836.1, XP_038684837.1, XP_038684838.1, XP_038684840.1, XP_038684841.1, XP_038684842.1, XP_038687243.1, XP_038687244.1, XP_038687245.1, XP_038690781.1, XP_038697206.1, XP_038708606.1, XP_038724277.1, XP_038724278.1
OG0000052	Null	XP_038678629.1, XP_038679426.1, XP_038680894.1, XP_038680903.1, XP_038680966.1, XP_038683031.1, XP_038683046.1, XP_038688571.1, XP_038688741.1, XP_038688791.1, XP_038688792.1, XP_038692979.1, XP_038693154.1, XP_038693155.1, XP_038693740.1, XP_038693744.1, XP_038695487.1, XP_038697736.1, XP_038701881.1, XP_038702568.1, XP_038704673.1, XP_038704693.1, XP_038707262.1, XP_038707309.1, XP_038708159.1, XP_038708612.1, XP_038708990.1, XP_038711743.1, XP_038711757.1, XP_038711810.1, XP_038711851.1, XP_038713376.1, XP_038713425.1, XP_038716011.1, XP_038716013.1, XP_038717205.1, XP_038721976.1
OG0000053	Null	XP_038679437.1, XP_038680448.1, XP_038688152.1, XP_038692244.1, XP_038693761.1, XP_038694356.1, XP_038694357.1, XP_038697535.1, XP_038697536.1, XP_038698033.1, XP_038698683.1, XP_038698820.1, XP_038701859.1, XP_038704538.1, XP_038704539.1, XP_038704540.1, XP_038704541.1, XP_038704542.1, XP_038704780.1, XP_038704786.1, XP_038704795.1, XP_038705547.1, XP_038707250.1, XP_038707261.1, XP_038707277.1, XP_038711823.1, XP_038716217.1, XP_038716218.1, XP_038716219.1, XP_038716244.1, XP_038716888.1, XP_038717495.1, XP_038719141.1, XP_038719825.1, XP_038719853.1, XP_038722040.1, XP_038723578.1
OG0000054	GWHPDONJ002262, GWHPDONJ008650	XP_038678348.1, XP_038678375.1, XP_038678772.1, XP_038679977.1, XP_038679978.1, XP_038679979.1, XP_038679980.1, XP_038679981.1, XP_038680778.1, XP_038680779.1, XP_038680780.1, XP_038681496.1, XP_038681497.1, XP_038681498.1, XP_038687505.1, XP_038701864.1, XP_038702294.1, XP_038702295.1, XP_038706051.1, XP_038706052.1, XP_038706053.1, XP_038707279.1, XP_038713301.1, XP_038714748.1, XP_038714749.1, XP_038716439.1, XP_038719300.1, XP_038719302.1, XP_038719303.1, XP_038719304.1, XP_038719305.1, XP_038719306.1, XP_038719307.1, XP_038719819.1
OG0000055	GWHPDONJ008361	XP_038679231.1, XP_038682067.1, XP_038688273.1, XP_038688824.1, XP_038688827.1, XP_038691696.1, XP_038692536.1, XP_038703768.1, XP_038704797.1, XP_038704799.1, XP_038704800.1, XP_038704801.1, XP_038704802.1, XP_038704803.1, XP_038707793.1, XP_038711603.1, XP_038711821.1, XP_038712701.1, XP_038712702.1, XP_038713087.1, XP_038713097.1, XP_038713103.1, XP_038713110.1, XP_038713114.1, XP_038714874.1, XP_038715455.1, XP_038716358.1, XP_038716614.1, XP_038716615.1, XP_038717189.1, XP_038717212.1, XP_038721928.1, XP_038722082.1, XP_038722787.1, XP_038724112.1
OG0000056	GWHPDONJ009985, GWHPDONJ010835	XP_038679489.1, XP_038679507.1, XP_038680322.1, XP_038682524.1, XP_038682525.1, XP_038682526.1, XP_038682527.1, XP_038689298.1, XP_038689299.1, XP_038689703.1, XP_038690314.1, XP_038690656.1, XP_038690657.1, XP_038690658.1, XP_038693719.1, XP_038693749.1, XP_038698042.1, XP_038698334.1, XP_038698335.1, XP_038705445.1, XP_038705459.1, XP_038705460.1, XP_038710733.1, XP_038713291.1, XP_038713473.1, XP_038715740.1, XP_038715741.1, XP_038715742.1, XP_038716827.1, XP_038717376.1, XP_038717377.1, XP_038720005.1, XP_038721136.1, XP_038723959.1
OG0000057	Null	XP_038678411.1, XP_038679464.1, XP_038680914.1, XP_038683001.1, XP_038683002.1, XP_038685704.1, XP_038685719.1, XP_038688681.1, XP_038688695.1, XP_038688801.1, XP_038695496.1, XP_038699644.1, XP_038699649.1, XP_038701797.1, XP_038702595.1, XP_038702597.1, XP_038707286.1, XP_038708560.1, XP_038711772.1, XP_038711794.1, XP_038711827.1, XP_038713436.1, XP_038713447.1, XP_038713448.1, XP_038715051.1, XP_038715053.1, XP_038715909.1, XP_038716012.1, XP_038716386.1, XP_038716504.1, XP_038716516.1, XP_038716697.1, XP_038717237.1, XP_038719856.1, XP_038719951.1, XP_038726405.1
OG0000058	Null	XP_038678397.1, XP_038683035.1, XP_038686664.1, XP_038687490.1, XP_038687546.1, XP_038687551.1, XP_038688752.1, XP_038689639.1, XP_038690366.1, XP_038690367.1, XP_038691500.1, XP_038691501.1, XP_038692505.1, XP_038693815.1, XP_038694172.1, XP_038694796.1, XP_038698534.1, XP_038698872.1, XP_038698954.1, XP_038699732.1, XP_038704635.1, XP_038708702.1, XP_038711113.1, XP_038714223.1, XP_038715073.1, XP_038715077.1, XP_038716091.1, XP_038716092.1, XP_038717136.1, XP_038717216.1, XP_038719821.1, XP_038719906.1, XP_038722052.1, XP_038722594.1, XP_038722596.1
OG0000059	Null	XP_038679365.1, XP_038681306.1, XP_038682306.1, XP_038682307.1, XP_038684905.1, XP_038685899.1, XP_038687766.1, XP_038688450.1, XP_038690792.1, XP_038693041.1, XP_038693151.1, XP_038694176.1, XP_038694574.1, XP_038702437.1, XP_038702713.1, XP_038702835.1, XP_038702916.1, XP_038702917.1, XP_038703029.1, XP_038703490.1, XP_038704631.1, XP_038705124.1, XP_038709213.1, XP_038710889.1, XP_038712428.1, XP_038712651.1, XP_038712949.1, XP_038712957.1, XP_038713600.1, XP_038714250.1, XP_038720405.1, XP_038722388.1, XP_038722532.1, XP_038723452.1, XP_038726240.1
OG0000060	Null	XP_038699490.1, XP_038699491.1, XP_038699492.1, XP_038699493.1, XP_038699494.1, XP_038699495.1, XP_038699496.1, XP_038699497.1, XP_038699498.1, XP_038725829.1, XP_038725830.1, XP_038725831.1, XP_038725833.1, XP_038725834.1, XP_038725835.1, XP_038725836.1, XP_038725837.1, XP_038725838.1, XP_038725839.1, XP_038725840.1, XP_038725841.1, XP_038725842.1, XP_038725843.1, XP_038725844.1, XP_038725845.1, XP_038725846.1, XP_038725847.1, XP_038725849.1, XP_038725850.1, XP_038725851.1, XP_038725852.1, XP_038725853.1, XP_038725854.1, XP_038725855.1, XP_038725856.1
OG0000061	GWHPDONJ000222, GWHPDONJ000443, GWHPDONJ000958, GWHPDONJ001014, GWHPDONJ001081, GWHPDONJ001202, GWHPDONJ001220, GWHPDONJ001401, GWHPDONJ001432, GWHPDONJ001503, GWHPDONJ001532, GWHPDONJ001537, GWHPDONJ001542, GWHPDONJ002192, GWHPDONJ002362, GWHPDONJ002363, GWHPDONJ002564, GWHPDONJ002900, GWHPDONJ002919, GWHPDONJ002990, GWHPDONJ003001, GWHPDONJ003182, GWHPDONJ003230, GWHPDONJ003710, GWHPDONJ003756, GWHPDONJ005343, GWHPDONJ006738, GWHPDONJ007881, GWHPDONJ007882, GWHPDONJ007887, GWHPDONJ007965, GWHPDONJ008186	XP_038697988.1
OG0000062	GWHPDONJ000421, GWHPDONJ000478, GWHPDONJ000822, GWHPDONJ000906, GWHPDONJ001277, GWHPDONJ001307, GWHPDONJ001437, GWHPDONJ001466, GWHPDONJ001528, GWHPDONJ001667, GWHPDONJ001682, GWHPDONJ001752, GWHPDONJ001984, GWHPDONJ002025, GWHPDONJ002050, GWHPDONJ002228, GWHPDONJ002240, GWHPDONJ002389, GWHPDONJ002461, GWHPDONJ002592, GWHPDONJ002597, GWHPDONJ003069, GWHPDONJ003126, GWHPDONJ003527, GWHPDONJ003545, GWHPDONJ003610, GWHPDONJ003705, GWHPDONJ004073, GWHPDONJ006718, GWHPDONJ008217, GWHPDONJ009787, GWHPDONJ010070, GWHPDONJ010175	
OG0000063	Null	XP_038682151.1, XP_038682152.1, XP_038682153.1, XP_038682154.1, XP_038682155.1, XP_038682156.1, XP_038682157.1, XP_038682158.1, XP_038682159.1, XP_038682160.1, XP_038682161.1, XP_038682162.1, XP_038683207.1, XP_038683208.1, XP_038683209.1, XP_038683210.1, XP_038683211.1, XP_038685031.1, XP_038685032.1, XP_038685033.1, XP_038685034.1, XP_038685035.1, XP_038708465.1, XP_038708466.1, XP_038708468.1, XP_038708469.1, XP_038708470.1, XP_038708471.1, XP_038708653.1, XP_038708654.1, XP_038708655.1, XP_038708656.1, XP_038708657.1
OG0000064	Null	XP_038687802.1, XP_038687803.1, XP_038687804.1, XP_038687806.1, XP_038687807.1, XP_038687808.1, XP_038687809.1, XP_038687810.1, XP_038687811.1, XP_038687812.1, XP_038687813.1, XP_038687814.1, XP_038687815.1, XP_038687817.1, XP_038687818.1, XP_038687819.1, XP_038687820.1, XP_038687821.1, XP_038687822.1, XP_038687823.1, XP_038687824.1, XP_038687825.1, XP_038687826.1, XP_038687827.1, XP_038687828.1, XP_038687829.1, XP_038687830.1, XP_038693235.1, XP_038693236.1, XP_038693237.1, XP_038693238.1, XP_038693239.1, XP_038693240.1
OG0000065	GWHPDONJ000013, GWHPDONJ000406, GWHPDONJ000991, GWHPDONJ001058, GWHPDONJ001144, GWHPDONJ001174, GWHPDONJ001228, GWHPDONJ001354, GWHPDONJ001361, GWHPDONJ001469, GWHPDONJ001521, GWHPDONJ002552, GWHPDONJ002553, GWHPDONJ002593, GWHPDONJ002823, GWHPDONJ002839, GWHPDONJ003135, GWHPDONJ003452, GWHPDONJ003457, GWHPDONJ003626, GWHPDONJ003698, GWHPDONJ003770, GWHPDONJ003798, GWHPDONJ003939, GWHPDONJ005579, GWHPDONJ005886, GWHPDONJ006545, GWHPDONJ007306, GWHPDONJ007417, GWHPDONJ007737, GWHPDONJ008696	
OG0000066	GWHPDONJ000039, GWHPDONJ000133, GWHPDONJ000452, GWHPDONJ000509, GWHPDONJ000513, GWHPDONJ000788, GWHPDONJ000850, GWHPDONJ001226, GWHPDONJ001434, GWHPDONJ001500, GWHPDONJ001563, GWHPDONJ001675, GWHPDONJ001821, GWHPDONJ001965, GWHPDONJ002127, GWHPDONJ002862, GWHPDONJ003062, GWHPDONJ003306, GWHPDONJ003308, GWHPDONJ003348, GWHPDONJ003494, GWHPDONJ003551, GWHPDONJ003622, GWHPDONJ003964, GWHPDONJ005122, GWHPDONJ006478, GWHPDONJ008656, GWHPDONJ008664, GWHPDONJ009218, GWHPDONJ009249, GWHPDONJ009449	
OG0000067	GWHPDONJ000259, GWHPDONJ000472, GWHPDONJ000618, GWHPDONJ000621, GWHPDONJ000701, GWHPDONJ000702, GWHPDONJ001024, GWHPDONJ001036, GWHPDONJ001566, GWHPDONJ002004, GWHPDONJ002091, GWHPDONJ002162, GWHPDONJ002319, GWHPDONJ002325, GWHPDONJ002521, GWHPDONJ002676, GWHPDONJ002885, GWHPDONJ002982, GWHPDONJ003004, GWHPDONJ003078, GWHPDONJ003164, GWHPDONJ003336, GWHPDONJ003448, GWHPDONJ003548, GWHPDONJ003638, GWHPDONJ003702, GWHPDONJ007509, GWHPDONJ007959, GWHPDONJ008943	XP_038697215.1, XP_038699651.1
OG0000068	GWHPDONJ004849	XP_038688736.1, XP_038688739.1, XP_038688740.1, XP_038689095.1, XP_038689096.1, XP_038690459.1, XP_038698199.1, XP_038698200.1, XP_038698575.1, XP_038698576.1, XP_038698577.1, XP_038698578.1, XP_038698579.1, XP_038698634.1, XP_038698635.1, XP_038698636.1, XP_038698637.1, XP_038698638.1, XP_038698869.1, XP_038698870.1, XP_038701060.1, XP_038711715.1, XP_038713168.1, XP_038713169.1, XP_038715891.1, XP_038715892.1, XP_038715893.1, XP_038715894.1, XP_038715895.1, XP_038715896.1
OG0000069	Null	XP_038678494.1, XP_038678543.1, XP_038678672.1, XP_038680696.1, XP_038680947.1, XP_038681027.1, XP_038681880.1, XP_038682844.1, XP_038682845.1, XP_038694406.1, XP_038694407.1, XP_038694408.1, XP_038694409.1, XP_038694410.1, XP_038694411.1, XP_038694412.1, XP_038694413.1, XP_038696814.1, XP_038696884.1, XP_038699908.1, XP_038699909.1, XP_038700888.1, XP_038701066.1, XP_038701092.1, XP_038701197.1, XP_038719659.1, XP_038720015.1, XP_038721436.1, XP_038721864.1, XP_038724506.1, XP_038726437.1
OG0000070	Null	XP_038682048.1, XP_038682548.1, XP_038682549.1, XP_038685667.1, XP_038687767.1, XP_038689814.1, XP_038691217.1, XP_038691253.1, XP_038691519.1, XP_038694135.1, XP_038697318.1, XP_038697603.1, XP_038697980.1, XP_038698118.1, XP_038700610.1, XP_038701689.1, XP_038701690.1, XP_038701691.1, XP_038701692.1, XP_038701693.1, XP_038701694.1, XP_038701695.1, XP_038701699.1, XP_038701834.1, XP_038701875.1, XP_038706427.1, XP_038708456.1, XP_038709744.1, XP_038712106.1, XP_038712108.1, XP_038721262.1
OG0000071	Null	XP_038687885.1, XP_038690733.1, XP_038692225.1, XP_038692226.1, XP_038692227.1, XP_038692994.1, XP_038693058.1, XP_038693702.1, XP_038711628.1, XP_038712289.1, XP_038712978.1, XP_038713106.1, XP_038713107.1, XP_038713513.1, XP_038713515.1, XP_038713519.1, XP_038713525.1, XP_038713526.1, XP_038713527.1, XP_038713528.1, XP_038713908.1, XP_038714043.1, XP_038714446.1, XP_038714447.1, XP_038714449.1, XP_038714496.1, XP_038714497.1, XP_038717363.1, XP_038717364.1, XP_038724635.1, XP_038724636.1
OG0000072	Null	XP_038679125.1, XP_038680787.1, XP_038681251.1, XP_038681252.1, XP_038681589.1, XP_038681590.1, XP_038681591.1, XP_038682069.1, XP_038682071.1, XP_038682518.1, XP_038682891.1, XP_038682892.1, XP_038683217.1, XP_038684077.1, XP_038684197.1, XP_038684198.1, XP_038684665.1, XP_038686007.1, XP_038702977.1, XP_038704767.1, XP_038706811.1, XP_038708589.1, XP_038709379.1, XP_038720035.1, XP_038720040.1, XP_038720041.1, XP_038720318.1, XP_038722418.1, XP_038722419.1, XP_038725589.1
OG0000073	Null	XP_038687222.1, XP_038687223.1, XP_038687224.1, XP_038687225.1, XP_038687226.1, XP_038694454.1, XP_038696382.1, XP_038698955.1, XP_038699016.1, XP_038699017.1, XP_038699018.1, XP_038699019.1, XP_038699020.1, XP_038699021.1, XP_038706024.1, XP_038706025.1, XP_038706026.1, XP_038710756.1, XP_038710757.1, XP_038710758.1, XP_038711422.1, XP_038712505.1, XP_038712512.1, XP_038723727.1, XP_038723736.1, XP_038724643.1, XP_038724644.1, XP_038724646.1, XP_038724647.1, XP_038724648.1
OG0000074	Null	XP_038678388.1, XP_038678414.1, XP_038678430.1, XP_038678431.1, XP_038678433.1, XP_038678437.1, XP_038678669.1, XP_038678670.1, XP_038693767.1, XP_038693771.1, XP_038695798.1, XP_038695799.1, XP_038695800.1, XP_038695801.1, XP_038695802.1, XP_038695803.1, XP_038695804.1, XP_038695845.1, XP_038695846.1, XP_038696520.1, XP_038699568.1, XP_038699572.1, XP_038699573.1, XP_038699574.1, XP_038701812.1, XP_038701817.1, XP_038725131.1, XP_038726300.1, XP_038726301.1
OG0000075	Null	XP_038678465.1, XP_038678466.1, XP_038679427.1, XP_038683058.1, XP_038683462.1, XP_038683463.1, XP_038684103.1, XP_038688787.1, XP_038688834.1, XP_038690412.1, XP_038690413.1, XP_038698101.1, XP_038698102.1, XP_038698830.1, XP_038704665.1, XP_038707299.1, XP_038707585.1, XP_038707587.1, XP_038708537.1, XP_038710200.1, XP_038715040.1, XP_038715098.1, XP_038715772.1, XP_038716163.1, XP_038719802.1, XP_038719941.1, XP_038723111.1, XP_038723112.1, XP_038723713.1
OG0000076	Null	XP_038679454.1, XP_038679467.1, XP_038680943.1, XP_038685730.1, XP_038687540.1, XP_038688745.1, XP_038688847.1, XP_038693750.1, XP_038695435.1, XP_038697122.1, XP_038697146.1, XP_038699648.1, XP_038701832.1, XP_038704676.1, XP_038707240.1, XP_038707263.1, XP_038707278.1, XP_038707281.1, XP_038711641.1, XP_038711770.1, XP_038714979.1, XP_038715066.1, XP_038715980.1, XP_038716082.1, XP_038716870.1, XP_038717235.1, XP_038719923.1, XP_038722036.1, XP_038725352.1
OG0000077	Null	XP_038679695.1, XP_038679696.1, XP_038679697.1, XP_038679698.1, XP_038679699.1, XP_038679700.1, XP_038679701.1, XP_038679703.1, XP_038679723.1, XP_038679726.1, XP_038679727.1, XP_038679728.1, XP_038679729.1, XP_038679730.1, XP_038679731.1, XP_038679732.1, XP_038679733.1, XP_038679734.1, XP_038679735.1, XP_038679736.1, XP_038679737.1, XP_038679738.1, XP_038679739.1, XP_038679740.1, XP_038679745.1, XP_038679746.1, XP_038679747.1, XP_038679748.1, XP_038679749.1
OG0000078	Null	XP_038680864.1, XP_038681297.1, XP_038681298.1, XP_038681299.1, XP_038681300.1, XP_038681301.1, XP_038681303.1, XP_038681304.1, XP_038681305.1, XP_038681310.1, XP_038681311.1, XP_038681312.1, XP_038681313.1, XP_038681314.1, XP_038681315.1, XP_038682352.1, XP_038682353.1, XP_038682354.1, XP_038682355.1, XP_038682504.1, XP_038691175.1, XP_038691176.1, XP_038691177.1, XP_038708951.1, XP_038710721.1, XP_038710722.1, XP_038710723.1, XP_038710724.1, XP_038714755.1
OG0000079	Null	XP_038689040.1, XP_038694888.1, XP_038697197.1, XP_038697198.1, XP_038697199.1, XP_038697200.1, XP_038697201.1, XP_038697210.1, XP_038697214.1, XP_038698021.1, XP_038698024.1, XP_038715424.1, XP_038715426.1, XP_038716745.1, XP_038717047.1, XP_038717354.1, XP_038717752.1, XP_038717753.1, XP_038717754.1, XP_038717755.1, XP_038717756.1, XP_038719130.1, XP_038719497.1, XP_038721318.1, XP_038722083.1, XP_038722915.1, XP_038722916.1, XP_038722917.1, XP_038722919.1
OG0000080	GWHPDONJ000006, GWHPDONJ000069, GWHPDONJ000115, GWHPDONJ000346, GWHPDONJ000521, GWHPDONJ000845, GWHPDONJ000883, GWHPDONJ000905, GWHPDONJ001425, GWHPDONJ001601, GWHPDONJ002427, GWHPDONJ002442, GWHPDONJ002752, GWHPDONJ002785, GWHPDONJ002820, GWHPDONJ002846, GWHPDONJ002853, GWHPDONJ003672, GWHPDONJ003832, GWHPDONJ004383, GWHPDONJ004745, GWHPDONJ005014, GWHPDONJ005897, GWHPDONJ007286, GWHPDONJ008731, GWHPDONJ009181, GWHPDONJ009808, GWHPDONJ010781	
OG0000081	GWHPDONJ000056, GWHPDONJ000284, GWHPDONJ000288, GWHPDONJ000301, GWHPDONJ000456, GWHPDONJ000598, GWHPDONJ000731, GWHPDONJ000732, GWHPDONJ000800, GWHPDONJ000911, GWHPDONJ001114, GWHPDONJ001143, GWHPDONJ001157, GWHPDONJ001198, GWHPDONJ001280, GWHPDONJ001292, GWHPDONJ001343, GWHPDONJ001565, GWHPDONJ001658, GWHPDONJ001862, GWHPDONJ002136, GWHPDONJ002395, GWHPDONJ002596, GWHPDONJ002812, GWHPDONJ003334, GWHPDONJ003372, GWHPDONJ003430	XP_038701819.1
OG0000082	GWHPDONJ004730	XP_038678358.1, XP_038679021.1, XP_038687491.1, XP_038688108.1, XP_038688116.1, XP_038688123.1, XP_038688131.1, XP_038691587.1, XP_038691588.1, XP_038696753.1, XP_038698462.1, XP_038707207.1, XP_038707327.1, XP_038707329.1, XP_038707334.1, XP_038708893.1, XP_038708894.1, XP_038712084.1, XP_038712085.1, XP_038712086.1, XP_038712087.1, XP_038712088.1, XP_038712089.1, XP_038713567.1, XP_038713576.1, XP_038715530.1, XP_038724082.1
OG0000083	GWHPDONJ005316	XP_038692619.1, XP_038692620.1, XP_038692622.1, XP_038692623.1, XP_038692624.1, XP_038692625.1, XP_038692626.1, XP_038692627.1, XP_038692628.1, XP_038692629.1, XP_038692630.1, XP_038692631.1, XP_038692633.1, XP_038692634.1, XP_038692635.1, XP_038692636.1, XP_038692637.1, XP_038692638.1, XP_038692639.1, XP_038692640.1, XP_038692641.1, XP_038692642.1, XP_038692644.1, XP_038692645.1, XP_038692646.1, XP_038692647.1, XP_038705353.1
OG0000084	Null	XP_038678529.1, XP_038678631.1, XP_038678980.1, XP_038678999.1, XP_038688782.1, XP_038698001.1, XP_038698017.1, XP_038698655.1, XP_038699627.1, XP_038699628.1, XP_038699685.1, XP_038699690.1, XP_038699719.1, XP_038700657.1, XP_038701025.1, XP_038704712.1, XP_038706379.1, XP_038706505.1, XP_038707210.1, XP_038708970.1, XP_038711749.1, XP_038713492.1, XP_038713494.1, XP_038713496.1, XP_038713499.1, XP_038715047.1, XP_038718422.1, XP_038719824.1
OG0000085	Null	XP_038678536.1, XP_038681140.1, XP_038681141.1, XP_038682531.1, XP_038682718.1, XP_038682765.1, XP_038684228.1, XP_038684381.1, XP_038684703.1, XP_038684716.1, XP_038684723.1, XP_038684733.1, XP_038690539.1, XP_038696860.1, XP_038697031.1, XP_038700569.1, XP_038700879.1, XP_038705179.1, XP_038707550.1, XP_038707645.1, XP_038707864.1, XP_038709380.1, XP_038709786.1, XP_038712513.1, XP_038714435.1, XP_038722612.1, XP_038723951.1, XP_038723968.1
OG0000086	Null	XP_038680396.1, XP_038680774.1, XP_038683557.1, XP_038686541.1, XP_038687113.1, XP_038687384.1, XP_038694908.1, XP_038695152.1, XP_038697157.1, XP_038697638.1, XP_038698131.1, XP_038701299.1, XP_038703466.1, XP_038705756.1, XP_038705757.1, XP_038705758.1, XP_038705759.1, XP_038705761.1, XP_038705762.1, XP_038709112.1, XP_038709937.1, XP_038711166.1, XP_038711175.1, XP_038711186.1, XP_038718195.1, XP_038718746.1, XP_038718783.1, XP_038719163.1
OG0000087	Null	XP_038681011.1, XP_038685014.1, XP_038685637.1, XP_038685768.1, XP_038685769.1, XP_038685771.1, XP_038685777.1, XP_038686342.1, XP_038686474.1, XP_038686633.1, XP_038686634.1, XP_038686643.1, XP_038686644.1, XP_038686645.1, XP_038686646.1, XP_038688542.1, XP_038688552.1, XP_038688602.1, XP_038688899.1, XP_038690795.1, XP_038695404.1, XP_038695405.1, XP_038696942.1, XP_038697017.1, XP_038698057.1, XP_038712568.1, XP_038713333.1, XP_038713571.1
OG0000088	GWHPDONJ003520, GWHPDONJ003790	XP_038678419.1, XP_038679418.1, XP_038683045.1, XP_038683083.1, XP_038686874.1, XP_038687179.1, XP_038687180.1, XP_038687471.1, XP_038687473.1, XP_038687500.1, XP_038691653.1, XP_038697962.1, XP_038698025.1, XP_038698058.1, XP_038698406.1, XP_038698474.1, XP_038699630.1, XP_038699701.1, XP_038711765.1, XP_038715021.1, XP_038715042.1, XP_038717271.1, XP_038717641.1, XP_038718665.1, XP_038721736.1
OG0000089	GWHPDONJ009598	XP_038683340.1, XP_038683341.1, XP_038683342.1, XP_038683343.1, XP_038683344.1, XP_038683345.1, XP_038683346.1, XP_038683347.1, XP_038683348.1, XP_038683349.1, XP_038683350.1, XP_038690121.1, XP_038700256.1, XP_038700263.1, XP_038710472.1, XP_038714726.1, XP_038714727.1, XP_038714728.1, XP_038714729.1, XP_038714730.1, XP_038716777.1, XP_038716778.1, XP_038716779.1, XP_038716780.1, XP_038718843.1, XP_038722914.1
OG0000090	Null	XP_038678401.1, XP_038685731.1, XP_038685741.1, XP_038687292.1, XP_038687293.1, XP_038687511.1, XP_038687512.1, XP_038693770.1, XP_038695467.1, XP_038695473.1, XP_038699632.1, XP_038705944.1, XP_038706986.1, XP_038706987.1, XP_038707291.1, XP_038710045.1, XP_038711390.1, XP_038711786.1, XP_038711792.1, XP_038711815.1, XP_038715043.1, XP_038716890.1, XP_038717154.1, XP_038717242.1, XP_038719910.1, XP_038722032.1, XP_038726399.1
OG0000091	Null	XP_038678742.1, XP_038683061.1, XP_038684884.1, XP_038684894.1, XP_038685827.1, XP_038688769.1, XP_038691767.1, XP_038693777.1, XP_038698027.1, XP_038698708.1, XP_038701877.1, XP_038701888.1, XP_038704554.1, XP_038704714.1, XP_038706926.1, XP_038706936.1, XP_038714366.1, XP_038714549.1, XP_038714550.1, XP_038716831.1, XP_038717207.1, XP_038719209.1, XP_038719210.1, XP_038719211.1, XP_038719920.1, XP_038723999.1, XP_038726237.1
OG0000092	GWHPDONJ001309, GWHPDONJ001394, GWHPDONJ001530, GWHPDONJ001632, GWHPDONJ001650, GWHPDONJ001770, GWHPDONJ001818, GWHPDONJ001902, GWHPDONJ001936, GWHPDONJ002171, GWHPDONJ002210, GWHPDONJ002231, GWHPDONJ002384, GWHPDONJ002457, GWHPDONJ002967, GWHPDONJ003305, GWHPDONJ003366, GWHPDONJ003475, GWHPDONJ003817, GWHPDONJ006727, GWHPDONJ007508, GWHPDONJ007888, GWHPDONJ008940, GWHPDONJ008944, GWHPDONJ008949, GWHPDONJ009465	
OG0000093	Null	XP_038679076.1, XP_038679433.1, XP_038680645.1, XP_038684580.1, XP_038684581.1, XP_038684583.1, XP_038684584.1, XP_038684585.1, XP_038684586.1, XP_038684587.1, XP_038687488.1, XP_038689563.1, XP_038698007.1, XP_038699646.1, XP_038703321.1, XP_038703322.1, XP_038703323.1, XP_038707274.1, XP_038708541.1, XP_038709722.1, XP_038713903.1, XP_038713904.1, XP_038713905.1, XP_038716211.1, XP_038716536.1, XP_038716573.1
OG0000094	Null	XP_038679131.1, XP_038679132.1, XP_038679133.1, XP_038679134.1, XP_038687061.1, XP_038687063.1, XP_038687064.1, XP_038687065.1, XP_038687066.1, XP_038687067.1, XP_038687068.1, XP_038687069.1, XP_038687070.1, XP_038687071.1, XP_038687072.1, XP_038687073.1, XP_038688436.1, XP_038688437.1, XP_038688438.1, XP_038688439.1, XP_038688440.1, XP_038688441.1, XP_038724661.1, XP_038724663.1, XP_038724664.1, XP_038724756.1
OG0000095	Null	XP_038680783.1, XP_038681840.1, XP_038682249.1, XP_038689189.1, XP_038690213.1, XP_038692506.1, XP_038692507.1, XP_038696752.1, XP_038697594.1, XP_038699624.1, XP_038700228.1, XP_038700835.1, XP_038701147.1, XP_038702252.1, XP_038706221.1, XP_038706222.1, XP_038707643.1, XP_038709834.1, XP_038710334.1, XP_038710335.1, XP_038710730.1, XP_038711730.1, XP_038712229.1, XP_038716318.1, XP_038718187.1, XP_038724275.1
OG0000096	Null	XP_038682648.1, XP_038682724.1, XP_038682803.1, XP_038682853.1, XP_038682910.1, XP_038724036.1, XP_038724037.1, XP_038724038.1, XP_038724040.1, XP_038724041.1, XP_038724042.1, XP_038724043.1, XP_038724044.1, XP_038724045.1, XP_038724046.1, XP_038724047.1, XP_038724048.1, XP_038724049.1, XP_038724050.1, XP_038724051.1, XP_038724052.1, XP_038724053.1, XP_038724054.1, XP_038724056.1, XP_038724057.1, XP_038724059.1
OG0000097	Null	XP_038694502.1, XP_038694593.1, XP_038697296.1, XP_038699112.1, XP_038703847.1, XP_038706431.1, XP_038706439.1, XP_038706454.1, XP_038706463.1, XP_038706477.1, XP_038706521.1, XP_038706545.1, XP_038706559.1, XP_038712727.1, XP_038712798.1, XP_038712836.1, XP_038712916.1, XP_038713391.1, XP_038719063.1, XP_038719064.1, XP_038719190.1, XP_038720047.1, XP_038722112.1, XP_038722230.1, XP_038722231.1, XP_038722232.1
OG0000098	GWHPDONJ009688	XP_038689035.1, XP_038689046.1, XP_038689055.1, XP_038692964.1, XP_038701429.1, XP_038701430.1, XP_038701431.1, XP_038707779.1, XP_038707780.1, XP_038707781.1, XP_038707782.1, XP_038707784.1, XP_038707785.1, XP_038710780.1, XP_038710786.1, XP_038710795.1, XP_038710802.1, XP_038710809.1, XP_038710816.1, XP_038710822.1, XP_038710829.1, XP_038710835.1, XP_038710841.1, XP_038710849.1
OG0000099	Null	XP_038680971.1, XP_038682101.1, XP_038682458.1, XP_038682812.1, XP_038688330.1, XP_038693818.1, XP_038699608.1, XP_038701807.1, XP_038702898.1, XP_038705766.1, XP_038705767.1, XP_038705768.1, XP_038707254.1, XP_038708479.1, XP_038709408.1, XP_038711064.1, XP_038719648.1, XP_038719649.1, XP_038719651.1, XP_038719652.1, XP_038719653.1, XP_038719654.1, XP_038719655.1, XP_038719656.1, XP_038722029.1
OG0000100	Null	XP_038679233.1, XP_038679234.1, XP_038680041.1, XP_038680042.1, XP_038680043.1, XP_038680044.1, XP_038680045.1, XP_038680046.1, XP_038680047.1, XP_038680049.1, XP_038685483.1, XP_038688687.1, XP_038688689.1, XP_038696029.1, XP_038696030.1, XP_038696031.1, XP_038720030.1, XP_038720031.1, XP_038720793.1, XP_038720794.1, XP_038720795.1, XP_038720797.1, XP_038720798.1, XP_038720799.1
OG0000101	Null	XP_038679382.1, XP_038679383.1, XP_038679384.1, XP_038679386.1, XP_038679387.1, XP_038679388.1, XP_038679389.1, XP_038679390.1, XP_038679392.1, XP_038679393.1, XP_038679394.1, XP_038680266.1, XP_038680268.1, XP_038680270.1, XP_038680274.1, XP_038686620.1, XP_038686623.1, XP_038686624.1, XP_038688604.1, XP_038688605.1, XP_038688606.1, XP_038688607.1, XP_038688608.1, XP_038688609.1
OG0000102	Null	XP_038679704.1, XP_038679705.1, XP_038679706.1, XP_038679707.1, XP_038679708.1, XP_038679709.1, XP_038679710.1, XP_038679711.1, XP_038679712.1, XP_038679714.1, XP_038679715.1, XP_038679716.1, XP_038679717.1, XP_038679718.1, XP_038679719.1, XP_038679720.1, XP_038679721.1, XP_038679722.1, XP_038679724.1, XP_038679725.1, XP_038679741.1, XP_038679742.1, XP_038679743.1, XP_038679750.1
OG0000103	Null	XP_038683057.1, XP_038684954.1, XP_038685230.1, XP_038686600.1, XP_038686602.1, XP_038686663.1, XP_038686803.1, XP_038686804.1, XP_038708488.1, XP_038708489.1, XP_038708490.1, XP_038708492.1, XP_038708493.1, XP_038709461.1, XP_038709462.1, XP_038709463.1, XP_038709464.1, XP_038709465.1, XP_038709466.1, XP_038709467.1, XP_038709468.1, XP_038709469.1, XP_038709470.1, XP_038709889.1
OG0000104	Null	XP_038688630.1, XP_038690504.1, XP_038690505.1, XP_038690506.1, XP_038690507.1, XP_038690508.1, XP_038690509.1, XP_038690510.1, XP_038690511.1, XP_038690513.1, XP_038690514.1, XP_038690515.1, XP_038690516.1, XP_038690517.1, XP_038690518.1, XP_038690519.1, XP_038690520.1, XP_038690521.1, XP_038690522.1, XP_038690523.1, XP_038690524.1, XP_038690525.1, XP_038690526.1, XP_038691916.1
OG0000105	Null	XP_038688710.1, XP_038700277.1, XP_038700286.1, XP_038700295.1, XP_038700308.1, XP_038700322.1, XP_038700335.1, XP_038704413.1, XP_038707251.1, XP_038707900.1, XP_038718961.1, XP_038719131.1, XP_038720096.1, XP_038720097.1, XP_038720098.1, XP_038722110.1, XP_038723127.1, XP_038723128.1, XP_038723709.1, XP_038724217.1, XP_038724218.1, XP_038725380.1, XP_038726242.1, XP_038726245.1
OG0000106	Null	XP_038689697.1, XP_038695816.1, XP_038695817.1, XP_038700314.1, XP_038700315.1, XP_038700316.1, XP_038700317.1, XP_038700318.1, XP_038709091.1, XP_038709475.1, XP_038709476.1, XP_038709477.1, XP_038710321.1, XP_038719541.1, XP_038719542.1, XP_038721224.1, XP_038721225.1, XP_038721971.1, XP_038722013.1, XP_038723731.1, XP_038723806.1, XP_038723882.1, XP_038723955.1, XP_038724023.1
OG0000107	Null	XP_038702398.1, XP_038706777.1, XP_038706778.1, XP_038706779.1, XP_038706780.1, XP_038706781.1, XP_038706783.1, XP_038706784.1, XP_038706785.1, XP_038706786.1, XP_038706787.1, XP_038706788.1, XP_038706789.1, XP_038706790.1, XP_038706791.1, XP_038706792.1, XP_038706793.1, XP_038706794.1, XP_038706795.1, XP_038706796.1, XP_038706797.1, XP_038706799.1, XP_038706800.1, XP_038706801.1
OG0000108	Null	XP_038720226.1, XP_038720227.1, XP_038720228.1, XP_038720229.1, XP_038720230.1, XP_038720231.1, XP_038720232.1, XP_038720233.1, XP_038720235.1, XP_038720236.1, XP_038720237.1, XP_038720238.1, XP_038720239.1, XP_038720240.1, XP_038720241.1, XP_038720242.1, XP_038720243.1, XP_038720244.1, XP_038720245.1, XP_038720246.1, XP_038720247.1, XP_038720248.1, XP_038720249.1, XP_038720253.1
OG0000109	Null	XP_038678396.1, XP_038683034.1, XP_038686665.1, XP_038687548.1, XP_038688707.1, XP_038688759.1, XP_038690365.1, XP_038691443.1, XP_038693742.1, XP_038693808.1, XP_038693816.1, XP_038698787.1, XP_038698871.1, XP_038699641.1, XP_038704636.1, XP_038708516.1, XP_038714981.1, XP_038715072.1, XP_038715078.1, XP_038719907.1, XP_038720129.1, XP_038722053.1, XP_038722065.1
OG0000110	Null	XP_038680630.1, XP_038682397.1, XP_038682564.1, XP_038689099.1, XP_038689509.1, XP_038689517.1, XP_038691092.1, XP_038697312.1, XP_038697313.1, XP_038705997.1, XP_038705998.1, XP_038714784.1, XP_038715006.1, XP_038715083.1, XP_038715477.1, XP_038718882.1, XP_038719705.1, XP_038719735.1, XP_038720346.1, XP_038720871.1, XP_038720872.1, XP_038720873.1, XP_038722940.1
OG0000111	Null	XP_038681367.1, XP_038681368.1, XP_038681369.1, XP_038681370.1, XP_038683264.1, XP_038683265.1, XP_038683266.1, XP_038683267.1, XP_038683268.1, XP_038706819.1, XP_038706820.1, XP_038715684.1, XP_038724583.1, XP_038724591.1, XP_038724601.1, XP_038724606.1, XP_038724614.1, XP_038724621.1, XP_038724628.1, XP_038724638.1, XP_038724645.1, XP_038724653.1, XP_038724662.1
OG0000112	GWHPDONJ004037	XP_038678666.1, XP_038679863.1, XP_038680403.1, XP_038681576.1, XP_038683668.1, XP_038688169.1, XP_038697000.1, XP_038697774.1, XP_038698562.1, XP_038702463.1, XP_038705160.1, XP_038707702.1, XP_038708875.1, XP_038709271.1, XP_038715545.1, XP_038716133.1, XP_038717357.1, XP_038719733.1, XP_038722505.1, XP_038725153.1, XP_038726360.1
OG0000113	GWHPDONJ007064	XP_038678903.1, XP_038678904.1, XP_038678905.1, XP_038678906.1, XP_038678907.1, XP_038678908.1, XP_038678909.1, XP_038678910.1, XP_038678911.1, XP_038678912.1, XP_038688245.1, XP_038688246.1, XP_038688247.1, XP_038688248.1, XP_038688249.1, XP_038688250.1, XP_038688251.1, XP_038688252.1, XP_038688253.1, XP_038688254.1, XP_038688255.1
OG0000114	GWHPDONJ008572	XP_038684574.1, XP_038684582.1, XP_038684591.1, XP_038684599.1, XP_038684607.1, XP_038684615.1, XP_038684624.1, XP_038684633.1, XP_038684641.1, XP_038684646.1, XP_038684652.1, XP_038684661.1, XP_038684669.1, XP_038684677.1, XP_038684685.1, XP_038720355.1, XP_038720356.1, XP_038720357.1, XP_038720358.1, XP_038720359.1, XP_038720360.1
OG0000115	Null	XP_038697264.1, XP_038697274.1, XP_038699527.1, XP_038705666.1, XP_038707157.1, XP_038708526.1, XP_038711406.1, XP_038714829.1, XP_038714897.1, XP_038714992.1, XP_038715045.1, XP_038715412.1, XP_038716454.1, XP_038719592.1, XP_038719665.1, XP_038719666.1, XP_038721174.1, XP_038722512.1, XP_038722762.1, XP_038723088.1, XP_038723900.1, XP_038724120.1
OG0000116	Null	XP_038710236.1, XP_038710238.1, XP_038710239.1, XP_038710240.1, XP_038710241.1, XP_038710242.1, XP_038710243.1, XP_038710244.1, XP_038710245.1, XP_038710246.1, XP_038710247.1, XP_038710248.1, XP_038710249.1, XP_038710250.1, XP_038710251.1, XP_038710252.1, XP_038710254.1, XP_038710255.1, XP_038710256.1, XP_038710257.1, XP_038711999.1, XP_038712000.1
OG0000117	GWHPDONJ006114	XP_038696199.1, XP_038696200.1, XP_038696201.1, XP_038696202.1, XP_038696203.1, XP_038696204.1, XP_038696205.1, XP_038696206.1, XP_038696207.1, XP_038696208.1, XP_038696209.1, XP_038696210.1, XP_038696211.1, XP_038699551.1, XP_038725449.1, XP_038725450.1, XP_038725451.1, XP_038725453.1, XP_038725454.1, XP_038725455.1
OG0000118	GWHPDONJ008166	XP_038680093.1, XP_038680094.1, XP_038680095.1, XP_038680096.1, XP_038682702.1, XP_038682711.1, XP_038682719.1, XP_038690900.1, XP_038690902.1, XP_038690903.1, XP_038690904.1, XP_038690905.1, XP_038690906.1, XP_038690907.1, XP_038690908.1, XP_038690909.1, XP_038690910.1, XP_038706039.1, XP_038710434.1, XP_038710435.1
OG0000119	Null	XP_038678359.1, XP_038679959.1, XP_038679960.1, XP_038679961.1, XP_038679962.1, XP_038685764.1, XP_038688096.1, XP_038688623.1, XP_038688678.1, XP_038692514.1, XP_038697770.1, XP_038698441.1, XP_038698451.1, XP_038699123.1, XP_038699682.1, XP_038709053.1, XP_038709054.1, XP_038714423.1, XP_038717250.1, XP_038721982.1, XP_038722017.1
OG0000120	Null	XP_038678383.1, XP_038678392.1, XP_038678394.1, XP_038679448.1, XP_038679465.1, XP_038679469.1, XP_038680920.1, XP_038685727.1, XP_038687053.1, XP_038687483.1, XP_038688748.1, XP_038690123.1, XP_038695503.1, XP_038699645.1, XP_038699676.1, XP_038707284.1, XP_038708528.1, XP_038713433.1, XP_038716782.1, XP_038717270.1, XP_038719772.1
OG0000121	Null	XP_038678936.1, XP_038681773.1, XP_038681783.1, XP_038681788.1, XP_038681795.1, XP_038688862.1, XP_038688863.1, XP_038688949.1, XP_038688950.1, XP_038690346.1, XP_038690347.1, XP_038690348.1, XP_038690349.1, XP_038690350.1, XP_038690351.1, XP_038690352.1, XP_038690353.1, XP_038690354.1, XP_038691629.1, XP_038691670.1, XP_038699684.1
OG0000122	Null	XP_038681593.1, XP_038681596.1, XP_038682192.1, XP_038684569.1, XP_038685090.1, XP_038685930.1, XP_038695395.1, XP_038695396.1, XP_038695599.1, XP_038695601.1, XP_038695602.1, XP_038696538.1, XP_038696859.1, XP_038697058.1, XP_038698423.1, XP_038699816.1, XP_038700208.1, XP_038708450.1, XP_038719321.1, XP_038719414.1, XP_038719544.1
OG0000123	Null	XP_038685036.1, XP_038685607.1, XP_038685608.1, XP_038685609.1, XP_038685689.1, XP_038686033.1, XP_038686406.1, XP_038686537.1, XP_038686581.1, XP_038686589.1, XP_038686640.1, XP_038686734.1, XP_038688537.1, XP_038688538.1, XP_038688575.1, XP_038688576.1, XP_038689319.1, XP_038689404.1, XP_038689433.1, XP_038689787.1, XP_038699605.1
OG0000124	Null	XP_038689454.1, XP_038689455.1, XP_038689456.1, XP_038689458.1, XP_038691027.1, XP_038691028.1, XP_038691029.1, XP_038691030.1, XP_038691031.1, XP_038691032.1, XP_038691033.1, XP_038691034.1, XP_038691036.1, XP_038691037.1, XP_038691039.1, XP_038691308.1, XP_038691309.1, XP_038691327.1, XP_038691328.1, XP_038691329.1, XP_038712339.1
OG0000125	GWHPDONJ000017, GWHPDONJ001092, GWHPDONJ001397	XP_038678349.1, XP_038679439.1, XP_038687520.1, XP_038688797.1, XP_038693687.1, XP_038693689.1, XP_038693778.1, XP_038703912.1, XP_038704649.1, XP_038713370.1, XP_038713402.1, XP_038716971.1, XP_038717213.1, XP_038717593.1, XP_038719944.1, XP_038721994.1, XP_038722085.1
OG0000126	GWHPDONJ001253	XP_038685051.1, XP_038685052.1, XP_038685053.1, XP_038685054.1, XP_038685055.1, XP_038685393.1, XP_038685517.1, XP_038685518.1, XP_038690556.1, XP_038702755.1, XP_038702756.1, XP_038710198.1, XP_038710224.1, XP_038710225.1, XP_038710226.1, XP_038711099.1, XP_038711100.1, XP_038711728.1, XP_038712753.1
OG0000127	GWHPDONJ003725	XP_038682208.1, XP_038682209.1, XP_038682210.1, XP_038683726.1, XP_038683727.1, XP_038683728.1, XP_038708967.1, XP_038708968.1, XP_038708969.1, XP_038708971.1, XP_038708972.1, XP_038708973.1, XP_038708974.1, XP_038708975.1, XP_038708976.1, XP_038708977.1, XP_038717534.1, XP_038717535.1, XP_038717536.1
OG0000128	GWHPDONJ004004	XP_038716554.1, XP_038716555.1, XP_038716556.1, XP_038717456.1, XP_038717457.1, XP_038717458.1, XP_038717459.1, XP_038717460.1, XP_038717461.1, XP_038717462.1, XP_038717463.1, XP_038717464.1, XP_038717465.1, XP_038717466.1, XP_038717467.1, XP_038717468.1, XP_038717469.1, XP_038717470.1, XP_038717471.1
OG0000129	GWHPDONJ007696	XP_038686778.1, XP_038709573.1, XP_038709574.1, XP_038709575.1, XP_038709576.1, XP_038709577.1, XP_038709578.1, XP_038709579.1, XP_038709580.1, XP_038709581.1, XP_038709582.1, XP_038709583.1, XP_038709584.1, XP_038709585.1, XP_038709586.1, XP_038709587.1, XP_038709588.1, XP_038709589.1, XP_038709590.1
OG0000130	Null	XP_038678532.1, XP_038678671.1, XP_038692385.1, XP_038693011.1, XP_038697713.1, XP_038701039.1, XP_038703878.1, XP_038705059.1, XP_038705635.1, XP_038707339.1, XP_038707777.1, XP_038708728.1, XP_038712770.1, XP_038714434.1, XP_038714854.1, XP_038716047.1, XP_038717151.1, XP_038717152.1, XP_038717153.1, XP_038718731.1
OG0000131	Null	XP_038680956.1, XP_038687506.1, XP_038688747.1, XP_038693051.1, XP_038695478.1, XP_038695492.1, XP_038697950.1, XP_038697978.1, XP_038701211.1, XP_038704708.1, XP_038704736.1, XP_038707298.1, XP_038711752.1, XP_038711759.1, XP_038713373.1, XP_038713441.1, XP_038717245.1, XP_038719830.1, XP_038722012.1, XP_038726421.1
OG0000132	Null	XP_038687852.1, XP_038693589.1, XP_038693598.1, XP_038693843.1, XP_038694946.1, XP_038697288.1, XP_038697289.1, XP_038697290.1, XP_038697291.1, XP_038697748.1, XP_038697749.1, XP_038697750.1, XP_038697771.1, XP_038698034.1, XP_038698152.1, XP_038701477.1, XP_038707750.1, XP_038707751.1, XP_038714247.1, XP_038720286.1
OG0000133	Null	XP_038692085.1, XP_038692087.1, XP_038707942.1, XP_038707943.1, XP_038707944.1, XP_038707945.1, XP_038707946.1, XP_038707947.1, XP_038707948.1, XP_038707949.1, XP_038710541.1, XP_038710549.1, XP_038710558.1, XP_038710568.1, XP_038718885.1, XP_038718893.1, XP_038718902.1, XP_038718911.1, XP_038718917.1, XP_038718919.1
OG0000134	Null	XP_038695413.1, XP_038695414.1, XP_038695416.1, XP_038696656.1, XP_038698201.1, XP_038698203.1, XP_038698204.1, XP_038698205.1, XP_038699714.1, XP_038699715.1, XP_038699716.1, XP_038699718.1, XP_038702173.1, XP_038710983.1, XP_038711927.1, XP_038711928.1, XP_038711929.1, XP_038711930.1, XP_038711931.1, XP_038711932.1
OG0000135	GWHPDONJ000003, GWHPDONJ000204, GWHPDONJ000258, GWHPDONJ000593, GWHPDONJ000691, GWHPDONJ001418, GWHPDONJ001424, GWHPDONJ001616, GWHPDONJ001798, GWHPDONJ001871, GWHPDONJ001903, GWHPDONJ002082, GWHPDONJ002449, GWHPDONJ002667, GWHPDONJ002803, GWHPDONJ002917, GWHPDONJ003072, GWHPDONJ003439, GWHPDONJ003637	
OG0000136	GWHPDONJ000058, GWHPDONJ000130, GWHPDONJ000388, GWHPDONJ000490, GWHPDONJ000648, GWHPDONJ000793, GWHPDONJ000929, GWHPDONJ001247, GWHPDONJ001371, GWHPDONJ001479, GWHPDONJ001654, GWHPDONJ001816, GWHPDONJ002029, GWHPDONJ002396, GWHPDONJ003536, GWHPDONJ003586, GWHPDONJ003695, GWHPDONJ004501, GWHPDONJ005991	
OG0000137	GWHPDONJ000245, GWHPDONJ000471, GWHPDONJ000506, GWHPDONJ000616, GWHPDONJ001044, GWHPDONJ001151, GWHPDONJ001214, GWHPDONJ001250, GWHPDONJ001330, GWHPDONJ001541, GWHPDONJ001663, GWHPDONJ001678, GWHPDONJ001788, GWHPDONJ001898, GWHPDONJ002132, GWHPDONJ002921, GWHPDONJ003392, GWHPDONJ003445, GWHPDONJ004854	
OG0000138	GWHPDONJ005816	XP_038685512.1, XP_038685670.1, XP_038685671.1, XP_038685697.1, XP_038685712.1, XP_038686282.1, XP_038686283.1, XP_038694224.1, XP_038694225.1, XP_038694226.1, XP_038694227.1, XP_038694993.1, XP_038695622.1, XP_038695633.1, XP_038695645.1, XP_038697765.1, XP_038698150.1, XP_038706378.1
OG0000139	GWHPDONJ010032	XP_038692839.1, XP_038692840.1, XP_038692841.1, XP_038692842.1, XP_038692843.1, XP_038692844.1, XP_038692845.1, XP_038692846.1, XP_038692847.1, XP_038702673.1, XP_038702674.1, XP_038702675.1, XP_038702676.1, XP_038713341.1, XP_038713342.1, XP_038713343.1, XP_038713344.1, XP_038713345.1
OG0000140	GWHPDONJ010202	XP_038685647.1, XP_038701479.1, XP_038719065.1, XP_038719066.1, XP_038719067.1, XP_038719069.1, XP_038719070.1, XP_038719071.1, XP_038719072.1, XP_038719073.1, XP_038719075.1, XP_038719076.1, XP_038719077.1, XP_038719078.1, XP_038719079.1, XP_038719080.1, XP_038719081.1, XP_038725134.1
OG0000141	Null	XP_038678382.1, XP_038680928.1, XP_038682720.1, XP_038687458.1, XP_038687493.1, XP_038687502.1, XP_038688778.1, XP_038693762.1, XP_038695452.1, XP_038698812.1, XP_038698945.1, XP_038704719.1, XP_038707276.1, XP_038711782.1, XP_038711822.1, XP_038713444.1, XP_038713445.1, XP_038715034.1, XP_038719996.1
OG0000142	Null	XP_038679325.1, XP_038679326.1, XP_038679327.1, XP_038679328.1, XP_038679330.1, XP_038688147.1, XP_038688148.1, XP_038688149.1, XP_038688150.1, XP_038697735.1, XP_038701773.1, XP_038701774.1, XP_038719935.1, XP_038725170.1, XP_038725171.1, XP_038725185.1, XP_038725186.1, XP_038725188.1, XP_038725189.1
OG0000143	Null	XP_038681229.1, XP_038681238.1, XP_038681676.1, XP_038685626.1, XP_038685629.1, XP_038685630.1, XP_038685631.1, XP_038685633.1, XP_038686629.1, XP_038687213.1, XP_038690280.1, XP_038690281.1, XP_038710778.1, XP_038712595.1, XP_038712607.1, XP_038714737.1, XP_038715755.1, XP_038722761.1, XP_038725020.1
OG0000144	Null	XP_038682438.1, XP_038686985.1, XP_038686986.1, XP_038686987.1, XP_038686988.1, XP_038686989.1, XP_038693736.1, XP_038705303.1, XP_038705304.1, XP_038705305.1, XP_038705306.1, XP_038705307.1, XP_038705309.1, XP_038705310.1, XP_038706694.1, XP_038708133.1, XP_038715135.1, XP_038723914.1, XP_038723915.1
OG0000145	Null	XP_038685091.1, XP_038695429.1, XP_038695430.1, XP_038695431.1, XP_038696679.1, XP_038696773.1, XP_038696883.1, XP_038697039.1, XP_038698266.1, XP_038698511.1, XP_038698892.1, XP_038698893.1, XP_038698894.1, XP_038698895.1, XP_038699615.1, XP_038699706.1, XP_038711582.1, XP_038712228.1, XP_038719159.1
OG0000146	Null	XP_038687984.1, XP_038687985.1, XP_038687986.1, XP_038687987.1, XP_038687988.1, XP_038687989.1, XP_038687990.1, XP_038687993.1, XP_038687994.1, XP_038710633.1, XP_038710634.1, XP_038710635.1, XP_038710636.1, XP_038710637.1, XP_038710638.1, XP_038710639.1, XP_038713220.1, XP_038713221.1, XP_038713222.1
OG0000147	Null	XP_038693089.1, XP_038693679.1, XP_038693680.1, XP_038693681.1, XP_038693695.1, XP_038694945.1, XP_038695522.1, XP_038697007.1, XP_038713292.1, XP_038714565.1, XP_038718244.1, XP_038718245.1, XP_038718806.1, XP_038719909.1, XP_038721828.1, XP_038722105.1, XP_038722379.1, XP_038722380.1, XP_038722382.1
OG0000148	Null	XP_038700447.1, XP_038703223.1, XP_038703224.1, XP_038703225.1, XP_038703226.1, XP_038703227.1, XP_038703228.1, XP_038703231.1, XP_038715917.1, XP_038715918.1, XP_038715919.1, XP_038715920.1, XP_038715922.1, XP_038715923.1, XP_038718666.1, XP_038718667.1, XP_038718668.1, XP_038718669.1, XP_038718671.1
OG0000149	Null	XP_038714065.1, XP_038714143.1, XP_038714144.1, XP_038714145.1, XP_038714146.1, XP_038714148.1, XP_038714149.1, XP_038714150.1, XP_038714151.1, XP_038714152.1, XP_038714154.1, XP_038714155.1, XP_038714156.1, XP_038714157.1, XP_038714158.1, XP_038718225.1, XP_038718226.1, XP_038718227.1, XP_038718228.1
OG0000150	Null	XP_038723362.1, XP_038723363.1, XP_038723364.1, XP_038723365.1, XP_038723366.1, XP_038723367.1, XP_038723368.1, XP_038723369.1, XP_038723370.1, XP_038723372.1, XP_038723373.1, XP_038723374.1, XP_038723375.1, XP_038723376.1, XP_038723377.1, XP_038723378.1, XP_038723379.1, XP_038723380.1, XP_038723381.1
OG0000151	GWHPDONJ000048, GWHPDONJ000529, GWHPDONJ000553, GWHPDONJ001002, GWHPDONJ001082, GWHPDONJ001096, GWHPDONJ001595, GWHPDONJ001777, GWHPDONJ002509, GWHPDONJ003233, GWHPDONJ004449, GWHPDONJ004983, GWHPDONJ005597, GWHPDONJ008400, GWHPDONJ009295, GWHPDONJ009430, GWHPDONJ009887	XP_038716453.1
OG0000152	GWHPDONJ004054	XP_038703900.1, XP_038703901.1, XP_038703902.1, XP_038703903.1, XP_038703904.1, XP_038703905.1, XP_038703906.1, XP_038703907.1, XP_038715704.1, XP_038715705.1, XP_038715706.1, XP_038715707.1, XP_038717613.1, XP_038717614.1, XP_038717615.1, XP_038717616.1, XP_038717617.1
OG0000153	GWHPDONJ004142	XP_038696118.1, XP_038696121.1, XP_038696122.1, XP_038696123.1, XP_038696124.1, XP_038696125.1, XP_038696127.1, XP_038696128.1, XP_038700355.1, XP_038700356.1, XP_038700357.1, XP_038700358.1, XP_038700359.1, XP_038700361.1, XP_038712219.1, XP_038712220.1, XP_038712221.1
OG0000154	GWHPDONJ005748	XP_038678718.1, XP_038678719.1, XP_038683024.1, XP_038698323.1, XP_038698324.1, XP_038699057.1, XP_038699284.1, XP_038699285.1, XP_038699595.1, XP_038699596.1, XP_038699597.1, XP_038700162.1, XP_038700163.1, XP_038700165.1, XP_038725125.1, XP_038725238.1, XP_038726168.1
OG0000155	GWHPDONJ006608	XP_038681441.1, XP_038681442.1, XP_038681443.1, XP_038681444.1, XP_038681445.1, XP_038681447.1, XP_038681448.1, XP_038681449.1, XP_038681450.1, XP_038681451.1, XP_038681452.1, XP_038681453.1, XP_038681454.1, XP_038681455.1, XP_038681456.1, XP_038684643.1, XP_038684790.1
OG0000156	GWHPDONJ009904	XP_038678961.1, XP_038678962.1, XP_038678963.1, XP_038678964.1, XP_038679802.1, XP_038679804.1, XP_038679805.1, XP_038679806.1, XP_038679807.1, XP_038680040.1, XP_038680243.1, XP_038691040.1, XP_038691099.1, XP_038691339.1, XP_038691362.1, XP_038710539.1, XP_038712622.1
OG0000157	Null	XP_038678361.1, XP_038678363.1, XP_038681039.1, XP_038681466.1, XP_038683636.1, XP_038687279.1, XP_038687404.1, XP_038687439.1, XP_038687451.1, XP_038687452.1, XP_038687457.1, XP_038687477.1, XP_038688874.1, XP_038688875.1, XP_038699620.1, XP_038701018.1, XP_038701043.1, XP_038711801.1
OG0000158	Null	XP_038680459.1, XP_038680460.1, XP_038680461.1, XP_038680463.1, XP_038680464.1, XP_038680465.1, XP_038680466.1, XP_038680467.1, XP_038680468.1, XP_038680469.1, XP_038685563.1, XP_038685565.1, XP_038686747.1, XP_038691602.1, XP_038691603.1, XP_038691604.1, XP_038691904.1, XP_038702032.1
OG0000159	Null	XP_038680973.1, XP_038681343.1, XP_038681344.1, XP_038683026.1, XP_038688483.1, XP_038688965.1, XP_038688973.1, XP_038693096.1, XP_038701638.1, XP_038703540.1, XP_038703548.1, XP_038711576.1, XP_038711577.1, XP_038714064.1, XP_038714147.1, XP_038717252.1, XP_038717253.1, XP_038717612.1
OG0000160	Null	XP_038682164.1, XP_038682165.1, XP_038682166.1, XP_038682167.1, XP_038682168.1, XP_038683550.1, XP_038684371.1, XP_038684372.1, XP_038684373.1, XP_038687098.1, XP_038688260.1, XP_038699939.1, XP_038703151.1, XP_038719287.1, XP_038723595.1, XP_038724535.1, XP_038724836.1, XP_038726111.1
OG0000161	Null	XP_038688225.1, XP_038697410.1, XP_038697579.1, XP_038697596.1, XP_038697622.1, XP_038697623.1, XP_038697645.1, XP_038697701.1, XP_038697720.1, XP_038697727.1, XP_038697775.1, XP_038697809.1, XP_038697817.1, XP_038697966.1, XP_038697969.1, XP_038697970.1, XP_038697972.1, XP_038697974.1
OG0000162	Null	XP_038688637.1, XP_038688638.1, XP_038688639.1, XP_038688809.1, XP_038688810.1, XP_038689414.1, XP_038689415.1, XP_038689519.1, XP_038689520.1, XP_038689521.1, XP_038689717.1, XP_038690397.1, XP_038690398.1, XP_038690399.1, XP_038690400.1, XP_038690415.1, XP_038691302.1, XP_038711026.1
OG0000163	Null	XP_038697920.1, XP_038700905.1, XP_038703277.1, XP_038703278.1, XP_038706656.1, XP_038710331.1, XP_038715362.1, XP_038715438.1, XP_038715439.1, XP_038715440.1, XP_038715441.1, XP_038715443.1, XP_038716980.1, XP_038718593.1, XP_038721265.1, XP_038725393.1, XP_038725394.1, XP_038725395.1
OG0000164	GWHPDONJ000060, GWHPDONJ000241, GWHPDONJ000723, GWHPDONJ000737, GWHPDONJ001043, GWHPDONJ001414, GWHPDONJ001415, GWHPDONJ001423, GWHPDONJ001429, GWHPDONJ001480, GWHPDONJ001791, GWHPDONJ002106, GWHPDONJ002968, GWHPDONJ003040, GWHPDONJ003206, GWHPDONJ003633, GWHPDONJ003784	
OG0000165	GWHPDONJ000271, GWHPDONJ000530, GWHPDONJ001502, GWHPDONJ001516, GWHPDONJ001874, GWHPDONJ002382, GWHPDONJ002490, GWHPDONJ002838, GWHPDONJ002849, GWHPDONJ003333, GWHPDONJ003359, GWHPDONJ003510, GWHPDONJ003584	XP_038701851.1, XP_038708551.1, XP_038713420.1, XP_038722024.1
OG0000166	GWHPDONJ001031	XP_038683802.1, XP_038683803.1, XP_038683804.1, XP_038683805.1, XP_038689905.1, XP_038700508.1, XP_038709375.1, XP_038709376.1, XP_038709381.1, XP_038709387.1, XP_038709390.1, XP_038709767.1, XP_038711735.1, XP_038718548.1, XP_038719779.1, XP_038720022.1
OG0000167	GWHPDONJ001438, GWHPDONJ003076, GWHPDONJ003379, GWHPDONJ008761	XP_038679620.1, XP_038688837.1, XP_038692043.1, XP_038692044.1, XP_038695424.1, XP_038699708.1, XP_038700959.1, XP_038704707.1, XP_038704782.1, XP_038707186.1, XP_038708584.1, XP_038712676.1, XP_038712677.1
OG0000168	GWHPDONJ003977	XP_038695103.1, XP_038695104.1, XP_038695105.1, XP_038695106.1, XP_038695107.1, XP_038695108.1, XP_038699119.1, XP_038699541.1, XP_038699543.1, XP_038704136.1, XP_038713668.1, XP_038713669.1, XP_038713670.1, XP_038725332.1, XP_038725333.1, XP_038725334.1
OG0000169	GWHPDONJ004978, GWHPDONJ008702	XP_038688026.1, XP_038688032.1, XP_038688039.1, XP_038688047.1, XP_038688054.1, XP_038688062.1, XP_038688066.1, XP_038688068.1, XP_038702469.1, XP_038702470.1, XP_038702471.1, XP_038702472.1, XP_038702473.1, XP_038702474.1, XP_038702475.1
OG0000170	GWHPDONJ005216	XP_038706310.1, XP_038706311.1, XP_038706312.1, XP_038706313.1, XP_038706314.1, XP_038706315.1, XP_038706316.1, XP_038713963.1, XP_038713964.1, XP_038713965.1, XP_038713966.1, XP_038718570.1, XP_038718571.1, XP_038718572.1, XP_038718575.1, XP_038718576.1
OG0000171	GWHPDONJ005969	XP_038691461.1, XP_038691463.1, XP_038691464.1, XP_038691465.1, XP_038691466.1, XP_038691467.1, XP_038691468.1, XP_038691469.1, XP_038691470.1, XP_038691471.1, XP_038691472.1, XP_038691473.1, XP_038691474.1, XP_038691475.1, XP_038691476.1, XP_038691477.1
OG0000172	GWHPDONJ006789	XP_038682758.1, XP_038682766.1, XP_038682775.1, XP_038682784.1, XP_038682789.1, XP_038682798.1, XP_038682807.1, XP_038682815.1, XP_038682822.1, XP_038682829.1, XP_038682836.1, XP_038682843.1, XP_038682850.1, XP_038706008.1, XP_038706009.1, XP_038706010.1
OG0000173	GWHPDONJ007254	XP_038688944.1, XP_038688946.1, XP_038688947.1, XP_038688948.1, XP_038707160.1, XP_038707161.1, XP_038707464.1, XP_038707466.1, XP_038707467.1, XP_038707468.1, XP_038710581.1, XP_038710582.1, XP_038726087.1, XP_038726094.1, XP_038726103.1, XP_038726110.1
OG0000174	GWHPDONJ008734	XP_038693964.1, XP_038693965.1, XP_038693966.1, XP_038693967.1, XP_038704059.1, XP_038704896.1, XP_038704897.1, XP_038704898.1, XP_038704899.1, XP_038704900.1, XP_038704901.1, XP_038704903.1, XP_038704904.1, XP_038714095.1, XP_038714096.1, XP_038714097.1
OG0000175	GWHPDONJ010002	XP_038694537.1, XP_038694538.1, XP_038694539.1, XP_038694540.1, XP_038694541.1, XP_038694542.1, XP_038694543.1, XP_038694544.1, XP_038694545.1, XP_038703619.1, XP_038703620.1, XP_038703621.1, XP_038703622.1, XP_038714500.1, XP_038714501.1, XP_038714502.1
OG0000176	Null	XP_038678603.1, XP_038680224.1, XP_038683510.1, XP_038683511.1, XP_038683596.1, XP_038683597.1, XP_038683613.1, XP_038683614.1, XP_038684056.1, XP_038708586.1, XP_038708610.1, XP_038711623.1, XP_038711842.1, XP_038711843.1, XP_038711845.1, XP_038725590.1, XP_038725595.1
OG0000177	Null	XP_038679032.1, XP_038682677.1, XP_038686704.1, XP_038687008.1, XP_038692464.1, XP_038694835.1, XP_038698086.1, XP_038706185.1, XP_038706887.1, XP_038707462.1, XP_038709432.1, XP_038711030.1, XP_038712035.1, XP_038718697.1, XP_038719623.1, XP_038720492.1, XP_038726088.1
OG0000178	Null	XP_038680345.1, XP_038680346.1, XP_038680347.1, XP_038680348.1, XP_038680350.1, XP_038680351.1, XP_038680352.1, XP_038689323.1, XP_038689324.1, XP_038691038.1, XP_038710401.1, XP_038710402.1, XP_038711521.1, XP_038711522.1, XP_038711523.1, XP_038711524.1, XP_038711534.1
OG0000179	Null	XP_038680655.1, XP_038680657.1, XP_038680658.1, XP_038680659.1, XP_038681409.1, XP_038681418.1, XP_038681563.1, XP_038682883.1, XP_038684472.1, XP_038684474.1, XP_038708030.1, XP_038708031.1, XP_038708258.1, XP_038708259.1, XP_038708733.1, XP_038708734.1, XP_038708763.1
OG0000180	Null	XP_038680661.1, XP_038685030.1, XP_038685498.1, XP_038685499.1, XP_038685676.1, XP_038685677.1, XP_038688826.1, XP_038689857.1, XP_038705856.1, XP_038706853.1, XP_038706854.1, XP_038715275.1, XP_038722155.1, XP_038722662.1, XP_038723414.1, XP_038723415.1, XP_038723416.1
OG0000181	Null	XP_038680677.1, XP_038682182.1, XP_038686315.1, XP_038686316.1, XP_038686317.1, XP_038686318.1, XP_038690497.1, XP_038692540.1, XP_038702290.1, XP_038702642.1, XP_038703512.1, XP_038709084.1, XP_038709126.1, XP_038711090.1, XP_038711091.1, XP_038722120.1, XP_038722124.1
OG0000182	Null	XP_038680858.1, XP_038680866.1, XP_038680872.1, XP_038680877.1, XP_038680884.1, XP_038680890.1, XP_038680895.1, XP_038680901.1, XP_038680904.1, XP_038680908.1, XP_038680915.1, XP_038680921.1, XP_038706464.1, XP_038706465.1, XP_038706466.1, XP_038706467.1, XP_038706468.1
OG0000183	Null	XP_038684223.1, XP_038685124.1, XP_038692084.1, XP_038695749.1, XP_038695750.1, XP_038698245.1, XP_038704265.1, XP_038721406.1, XP_038722071.1, XP_038725091.1, XP_038725092.1, XP_038725093.1, XP_038725094.1, XP_038725095.1, XP_038725096.1, XP_038725671.1, XP_038725672.1
OG0000184	Null	XP_038684300.1, XP_038685521.1, XP_038691137.1, XP_038697470.1, XP_038697789.1, XP_038699165.1, XP_038699166.1, XP_038699168.1, XP_038699169.1, XP_038699170.1, XP_038699171.1, XP_038699172.1, XP_038700884.1, XP_038704487.1, XP_038722329.1, XP_038724366.1, XP_038724539.1
OG0000185	Null	XP_038685161.1, XP_038685162.1, XP_038685163.1, XP_038685168.1, XP_038686200.1, XP_038686201.1, XP_038686202.1, XP_038686203.1, XP_038686241.1, XP_038686242.1, XP_038690814.1, XP_038690815.1, XP_038690816.1, XP_038690818.1, XP_038690819.1, XP_038690820.1, XP_038690821.1
OG0000186	Null	XP_038692026.1, XP_038692027.1, XP_038692028.1, XP_038692029.1, XP_038692030.1, XP_038692031.1, XP_038692032.1, XP_038692033.1, XP_038692034.1, XP_038692035.1, XP_038692036.1, XP_038692037.1, XP_038692038.1, XP_038692039.1, XP_038692040.1, XP_038692041.1, XP_038692042.1
OG0000187	Null	XP_038695500.1, XP_038703127.1, XP_038703128.1, XP_038703129.1, XP_038703130.1, XP_038703131.1, XP_038703132.1, XP_038703133.1, XP_038703134.1, XP_038703135.1, XP_038703136.1, XP_038703137.1, XP_038703138.1, XP_038703139.1, XP_038703141.1, XP_038703142.1, XP_038703143.1
OG0000188	Null	XP_038704133.1, XP_038704663.1, XP_038711972.1, XP_038711973.1, XP_038711974.1, XP_038711975.1, XP_038711976.1, XP_038711977.1, XP_038711978.1, XP_038718710.1, XP_038718711.1, XP_038718712.1, XP_038718713.1, XP_038718714.1, XP_038724122.1, XP_038724124.1, XP_038724125.1
OG0000189	Null	XP_038714997.1, XP_038715152.1, XP_038715154.1, XP_038715155.1, XP_038715512.1, XP_038715513.1, XP_038715514.1, XP_038715515.1, XP_038715516.1, XP_038715517.1, XP_038715518.1, XP_038715519.1, XP_038715521.1, XP_038715522.1, XP_038715914.1, XP_038715915.1, XP_038715916.1
OG0000190	GWHPDONJ000032	XP_038678400.1, XP_038693713.1, XP_038693714.1, XP_038693715.1, XP_038693755.1, XP_038703309.1, XP_038703317.1, XP_038707352.1, XP_038709939.1, XP_038715130.1, XP_038716185.1, XP_038722484.1, XP_038722491.1, XP_038723239.1, XP_038723960.1
OG0000191	GWHPDONJ000791, GWHPDONJ001046, GWHPDONJ001087, GWHPDONJ001304, GWHPDONJ001398, GWHPDONJ001556, GWHPDONJ001662, GWHPDONJ001815, GWHPDONJ002108, GWHPDONJ002905, GWHPDONJ003081, GWHPDONJ003224, GWHPDONJ003742, GWHPDONJ003782, GWHPDONJ003803, GWHPDONJ004502	
OG0000192	GWHPDONJ004326	XP_038689978.1, XP_038689985.1, XP_038689988.1, XP_038689994.1, XP_038690001.1, XP_038690010.1, XP_038690018.1, XP_038690024.1, XP_038690033.1, XP_038690040.1, XP_038690049.1, XP_038690058.1, XP_038690066.1, XP_038690074.1, XP_038720728.1
OG0000193	GWHPDONJ005310	XP_038692150.1, XP_038692151.1, XP_038692152.1, XP_038692153.1, XP_038696920.1, XP_038705591.1, XP_038705592.1, XP_038705593.1, XP_038705594.1, XP_038705595.1, XP_038705596.1, XP_038724949.1, XP_038724950.1, XP_038724951.1, XP_038724953.1
OG0000194	GWHPDONJ005960	XP_038679492.1, XP_038680974.1, XP_038680976.1, XP_038681226.1, XP_038681227.1, XP_038681228.1, XP_038682811.1, XP_038683049.1, XP_038683050.1, XP_038683051.1, XP_038687436.1, XP_038693000.1, XP_038703899.1, XP_038708502.1, XP_038725615.1
OG0000195	GWHPDONJ006719	XP_038678474.1, XP_038685849.1, XP_038686023.1, XP_038688214.1, XP_038698723.1, XP_038704745.1, XP_038706663.1, XP_038706978.1, XP_038707748.1, XP_038718217.1, XP_038719800.1, XP_038719963.1, XP_038721096.1, XP_038721632.1, XP_038722048.1
OG0000196	GWHPDONJ007560	XP_038704675.1, XP_038704680.1, XP_038704684.1, XP_038704688.1, XP_038721574.1, XP_038721575.1, XP_038721576.1, XP_038721577.1, XP_038721578.1, XP_038721579.1, XP_038722643.1, XP_038722644.1, XP_038722645.1, XP_038722646.1, XP_038722647.1
OG0000197	GWHPDONJ009385	XP_038687871.1, XP_038687872.1, XP_038724705.1, XP_038724706.1, XP_038724707.1, XP_038725058.1, XP_038725059.1, XP_038725060.1, XP_038725061.1, XP_038725062.1, XP_038725063.1, XP_038725064.1, XP_038725065.1, XP_038725582.1, XP_038725584.1
OG0000198	GWHPDONJ009759	XP_038694629.1, XP_038694630.1, XP_038717792.1, XP_038717793.1, XP_038717794.1, XP_038717796.1, XP_038717797.1, XP_038717798.1, XP_038717799.1, XP_038717800.1, XP_038717801.1, XP_038717802.1, XP_038717803.1, XP_038717804.1, XP_038717805.1
OG0000199	GWHPDONJ010135	XP_038694332.1, XP_038694333.1, XP_038694334.1, XP_038694335.1, XP_038694336.1, XP_038694338.1, XP_038694339.1, XP_038694340.1, XP_038694341.1, XP_038694342.1, XP_038694343.1, XP_038694344.1, XP_038694345.1, XP_038694346.1, XP_038707691.1
OG0000200	Null	XP_038678370.1, XP_038685537.1, XP_038685685.1, XP_038689394.1, XP_038695317.1, XP_038697982.1, XP_038701369.1, XP_038701848.1, XP_038701910.1, XP_038701911.1, XP_038708545.1, XP_038711871.1, XP_038713407.1, XP_038713470.1, XP_038715081.1, XP_038717208.1
OG0000201	Null	XP_038678751.1, XP_038681059.1, XP_038692921.1, XP_038694788.1, XP_038700412.1, XP_038710533.1, XP_038714687.1, XP_038716593.1, XP_038716754.1, XP_038719947.1, XP_038721315.1, XP_038721316.1, XP_038721317.1, XP_038724179.1, XP_038724181.1, XP_038724182.1
OG0000202	Null	XP_038679423.1, XP_038679443.1, XP_038679463.1, XP_038679909.1, XP_038679910.1, XP_038680968.1, XP_038687367.1, XP_038687516.1, XP_038696626.1, XP_038699654.1, XP_038699910.1, XP_038699914.1, XP_038713488.1, XP_038715080.1, XP_038718845.1, XP_038723174.1
OG0000203	Null	XP_038679776.1, XP_038679777.1, XP_038687745.1, XP_038691512.1, XP_038703682.1, XP_038703683.1, XP_038707786.1, XP_038707787.1, XP_038707788.1, XP_038711013.1, XP_038711014.1, XP_038711015.1, XP_038711016.1, XP_038715403.1, XP_038721617.1, XP_038721622.1
OG0000204	Null	XP_038679803.1, XP_038679811.1, XP_038684217.1, XP_038689270.1, XP_038689271.1, XP_038691446.1, XP_038707099.1, XP_038707101.1, XP_038707102.1, XP_038707103.1, XP_038707104.1, XP_038707105.1, XP_038707106.1, XP_038707107.1, XP_038720765.1, XP_038720766.1
OG0000205	Null	XP_038680458.1, XP_038682058.1, XP_038682816.1, XP_038684100.1, XP_038684477.1, XP_038688335.1, XP_038688344.1, XP_038698096.1, XP_038698230.1, XP_038699603.1, XP_038708574.1, XP_038716026.1, XP_038716716.1, XP_038717297.1, XP_038725021.1, XP_038726436.1
OG0000206	Null	XP_038680529.1, XP_038680530.1, XP_038680930.1, XP_038688322.1, XP_038691729.1, XP_038692503.1, XP_038696907.1, XP_038709812.1, XP_038710920.1, XP_038712515.1, XP_038716209.1, XP_038716565.1, XP_038721594.1, XP_038721600.1, XP_038725335.1, XP_038725343.1
OG0000207	Null	XP_038681049.1, XP_038681116.1, XP_038682827.1, XP_038709730.1, XP_038709731.1, XP_038709732.1, XP_038709733.1, XP_038709734.1, XP_038709735.1, XP_038709736.1, XP_038709737.1, XP_038709738.1, XP_038709739.1, XP_038709740.1, XP_038709741.1, XP_038709742.1
OG0000208	Null	XP_038685170.1, XP_038687176.1, XP_038687177.1, XP_038687832.1, XP_038687833.1, XP_038687834.1, XP_038687835.1, XP_038687836.1, XP_038687837.1, XP_038687838.1, XP_038687839.1, XP_038687841.1, XP_038687842.1, XP_038687843.1, XP_038687844.1, XP_038687845.1
OG0000209	Null	XP_038686180.1, XP_038697125.1, XP_038697127.1, XP_038697128.1, XP_038698047.1, XP_038698093.1, XP_038718382.1, XP_038718822.1, XP_038719208.1, XP_038719270.1, XP_038719742.1, XP_038720709.1, XP_038721961.1, XP_038722104.1, XP_038724222.1, XP_038724254.1
OG0000210	Null	XP_038688659.1, XP_038694242.1, XP_038697440.1, XP_038698379.1, XP_038698380.1, XP_038707166.1, XP_038708500.1, XP_038709355.1, XP_038709664.1, XP_038709859.1, XP_038716125.1, XP_038716126.1, XP_038716282.1, XP_038716336.1, XP_038716351.1, XP_038716353.1
OG0000211	Null	XP_038696179.1, XP_038696180.1, XP_038696181.1, XP_038696182.1, XP_038696183.1, XP_038696184.1, XP_038699474.1, XP_038699475.1, XP_038699476.1, XP_038699477.1, XP_038699478.1, XP_038699479.1, XP_038711017.1, XP_038711018.1, XP_038711019.1, XP_038711020.1
OG0000212	Null	XP_038696544.1, XP_038696545.1, XP_038696546.1, XP_038696547.1, XP_038725222.1, XP_038725223.1, XP_038725224.1, XP_038725225.1, XP_038725226.1, XP_038725227.1, XP_038725228.1, XP_038725229.1, XP_038725230.1, XP_038725231.1, XP_038725232.1, XP_038725233.1
OG0000213	Null	XP_038714599.1, XP_038714600.1, XP_038714601.1, XP_038714602.1, XP_038714603.1, XP_038714604.1, XP_038714605.1, XP_038714606.1, XP_038714607.1, XP_038714608.1, XP_038714609.1, XP_038714610.1, XP_038714612.1, XP_038714613.1, XP_038714614.1, XP_038714615.1
OG0000214	GWHPDONJ001108	XP_038681328.1, XP_038682193.1, XP_038682202.1, XP_038697983.1, XP_038699208.1, XP_038699209.1, XP_038699210.1, XP_038699222.1, XP_038699224.1, XP_038699623.1, XP_038701801.1, XP_038701802.1, XP_038707273.1, XP_038713467.1
OG0000215	GWHPDONJ001586	XP_038678839.1, XP_038679619.1, XP_038679621.1, XP_038679628.1, XP_038679629.1, XP_038696335.1, XP_038696336.1, XP_038696337.1, XP_038696338.1, XP_038696340.1, XP_038696341.1, XP_038699286.1, XP_038699287.1, XP_038712118.1
OG0000216	GWHPDONJ002340	XP_038686546.1, XP_038686547.1, XP_038686548.1, XP_038689391.1, XP_038689392.1, XP_038689393.1, XP_038690600.1, XP_038690601.1, XP_038690602.1, XP_038690603.1, XP_038690604.1, XP_038690605.1, XP_038690606.1, XP_038690607.1
OG0000217	GWHPDONJ006425	XP_038680097.1, XP_038680098.1, XP_038690772.1, XP_038690773.1, XP_038691494.1, XP_038691502.1, XP_038691510.1, XP_038702069.1, XP_038705568.1, XP_038705569.1, XP_038705570.1, XP_038705571.1, XP_038712496.1, XP_038720927.1
OG0000218	GWHPDONJ006750	XP_038680400.1, XP_038680401.1, XP_038687635.1, XP_038687636.1, XP_038687637.1, XP_038687639.1, XP_038687640.1, XP_038687641.1, XP_038687642.1, XP_038687643.1, XP_038687644.1, XP_038687645.1, XP_038687646.1, XP_038687647.1
OG0000219	GWHPDONJ008562	XP_038697905.1, XP_038697906.1, XP_038701597.1, XP_038701598.1, XP_038701599.1, XP_038701600.1, XP_038701601.1, XP_038721380.1, XP_038721382.1, XP_038721383.1, XP_038721384.1, XP_038721385.1, XP_038721386.1, XP_038721387.1
OG0000220	GWHPDONJ008601	XP_038700048.1, XP_038700049.1, XP_038700050.1, XP_038700051.1, XP_038700052.1, XP_038700053.1, XP_038700054.1, XP_038723404.1, XP_038723405.1, XP_038723406.1, XP_038723407.1, XP_038723408.1, XP_038723409.1, XP_038723410.1
OG0000221	GWHPDONJ009279	XP_038699787.1, XP_038699788.1, XP_038699789.1, XP_038699790.1, XP_038699791.1, XP_038699792.1, XP_038699793.1, XP_038708010.1, XP_038708011.1, XP_038708012.1, XP_038708013.1, XP_038708014.1, XP_038708015.1, XP_038708019.1
OG0000222	GWHPDONJ009856	XP_038678339.1, XP_038678386.1, XP_038678423.1, XP_038678476.1, XP_038678547.1, XP_038678623.1, XP_038678694.1, XP_038678743.1, XP_038725981.1, XP_038726057.1, XP_038726134.1, XP_038726218.1, XP_038726299.1, XP_038726378.1
OG0000223	GWHPDONJ010073	XP_038680631.1, XP_038680713.1, XP_038680796.1, XP_038681012.1, XP_038681472.1, XP_038681473.1, XP_038681702.1, XP_038684097.1, XP_038684098.1, XP_038691403.1, XP_038691674.1, XP_038691984.1, XP_038691985.1, XP_038714735.1
OG0000224	GWHPDONJ010251	XP_038680736.1, XP_038680737.1, XP_038680739.1, XP_038680740.1, XP_038680741.1, XP_038680742.1, XP_038680743.1, XP_038680744.1, XP_038680745.1, XP_038708619.1, XP_038708620.1, XP_038708621.1, XP_038708622.1, XP_038708623.1
OG0000225	Null	XP_038678499.1, XP_038679413.1, XP_038681074.1, XP_038681179.1, XP_038681247.1, XP_038684960.1, XP_038686939.1, XP_038687167.1, XP_038687314.1, XP_038687315.1, XP_038687583.1, XP_038688242.1, XP_038696881.1, XP_038700981.1, XP_038716015.1
OG0000226	Null	XP_038678523.1, XP_038678524.1, XP_038678525.1, XP_038678526.1, XP_038678527.1, XP_038696618.1, XP_038696619.1, XP_038698328.1, XP_038698329.1, XP_038700485.1, XP_038700486.1, XP_038700487.1, XP_038700488.1, XP_038725476.1, XP_038725477.1
OG0000227	Null	XP_038678752.1, XP_038678753.1, XP_038682190.1, XP_038683254.1, XP_038683255.1, XP_038683256.1, XP_038686900.1, XP_038686901.1, XP_038693655.1, XP_038715235.1, XP_038715243.1, XP_038724423.1, XP_038724424.1, XP_038724425.1, XP_038724426.1
OG0000228	Null	XP_038678786.1, XP_038681285.1, XP_038684195.1, XP_038684902.1, XP_038690331.1, XP_038695899.1, XP_038696902.1, XP_038700696.1, XP_038702417.1, XP_038709801.1, XP_038712348.1, XP_038714473.1, XP_038718690.1, XP_038720955.1, XP_038725636.1
OG0000229	Null	XP_038678898.1, XP_038682992.1, XP_038693798.1, XP_038695403.1, XP_038695493.1, XP_038698501.1, XP_038698724.1, XP_038699544.1, XP_038708505.1, XP_038713390.1, XP_038713397.1, XP_038716137.1, XP_038718208.1, XP_038719774.1, XP_038719958.1
OG0000230	Null	XP_038679123.1, XP_038680229.1, XP_038680303.1, XP_038680304.1, XP_038680305.1, XP_038680306.1, XP_038680307.1, XP_038690171.1, XP_038690172.1, XP_038690174.1, XP_038690175.1, XP_038691086.1, XP_038691087.1, XP_038691088.1, XP_038710784.1
OG0000231	Null	XP_038679329.1, XP_038679337.1, XP_038693497.1, XP_038693498.1, XP_038693499.1, XP_038693500.1, XP_038695061.1, XP_038695062.1, XP_038695063.1, XP_038706745.1, XP_038706746.1, XP_038706747.1, XP_038725758.1, XP_038725759.1, XP_038725760.1
OG0000232	Null	XP_038680406.1, XP_038687930.1, XP_038687938.1, XP_038687947.1, XP_038687953.1, XP_038687964.1, XP_038693731.1, XP_038699047.1, XP_038699048.1, XP_038699049.1, XP_038699050.1, XP_038699051.1, XP_038716581.1, XP_038721733.1, XP_038721734.1
OG0000233	Null	XP_038680670.1, XP_038680867.1, XP_038680868.1, XP_038682824.1, XP_038682876.1, XP_038682877.1, XP_038684107.1, XP_038684644.1, XP_038684645.1, XP_038684791.1, XP_038684937.1, XP_038684949.1, XP_038687495.1, XP_038709697.1, XP_038709831.1
OG0000234	Null	XP_038680797.1, XP_038683319.1, XP_038694962.1, XP_038696620.1, XP_038700427.1, XP_038700428.1, XP_038700429.1, XP_038707873.1, XP_038712169.1, XP_038712514.1, XP_038712612.1, XP_038714571.1, XP_038718787.1, XP_038724072.1, XP_038725539.1
OG0000235	Null	XP_038681041.1, XP_038682759.1, XP_038685783.1, XP_038685785.1, XP_038686267.1, XP_038686268.1, XP_038686269.1, XP_038689163.1, XP_038691754.1, XP_038691897.1, XP_038700251.1, XP_038700449.1, XP_038717274.1, XP_038718363.1, XP_038718364.1
OG0000236	Null	XP_038681279.1, XP_038684678.1, XP_038700506.1, XP_038704873.1, XP_038704874.1, XP_038709792.1, XP_038716071.1, XP_038717385.1, XP_038717386.1, XP_038717766.1, XP_038717767.1, XP_038717768.1, XP_038717769.1, XP_038722969.1, XP_038722970.1
OG0000237	Null	XP_038684875.1, XP_038684876.1, XP_038684877.1, XP_038684878.1, XP_038700032.1, XP_038704484.1, XP_038708859.1, XP_038708860.1, XP_038708861.1, XP_038708862.1, XP_038708863.1, XP_038716036.1, XP_038720659.1, XP_038722377.1, XP_038722378.1
OG0000238	Null	XP_038685001.1, XP_038688813.1, XP_038688814.1, XP_038690932.1, XP_038690933.1, XP_038691096.1, XP_038691285.1, XP_038691286.1, XP_038699783.1, XP_038710850.1, XP_038711957.1, XP_038712077.1, XP_038712078.1, XP_038712079.1, XP_038712657.1
OG0000239	Null	XP_038687721.1, XP_038687722.1, XP_038693511.1, XP_038697586.1, XP_038697587.1, XP_038702958.1, XP_038702959.1, XP_038702960.1, XP_038702961.1, XP_038702962.1, XP_038713790.1, XP_038721261.1, XP_038724739.1, XP_038724740.1, XP_038724741.1
OG0000240	Null	XP_038687848.1, XP_038687849.1, XP_038687897.1, XP_038687898.1, XP_038688346.1, XP_038688349.1, XP_038688356.1, XP_038695486.1, XP_038703060.1, XP_038703594.1, XP_038703595.1, XP_038704354.1, XP_038704754.1, XP_038723643.1, XP_038723644.1
OG0000241	Null	XP_038689440.1, XP_038691795.1, XP_038691796.1, XP_038698814.1, XP_038698815.1, XP_038708391.1, XP_038708393.1, XP_038710860.1, XP_038710861.1, XP_038710862.1, XP_038710863.1, XP_038710878.1, XP_038712121.1, XP_038712310.1, XP_038712410.1
OG0000242	Null	XP_038696701.1, XP_038700146.1, XP_038700147.1, XP_038700148.1, XP_038700149.1, XP_038700150.1, XP_038700152.1, XP_038700153.1, XP_038700154.1, XP_038700155.1, XP_038725425.1, XP_038725426.1, XP_038725427.1, XP_038725428.1, XP_038725429.1
OG0000243	Null	XP_038700552.1, XP_038700553.1, XP_038700554.1, XP_038700555.1, XP_038700556.1, XP_038712581.1, XP_038712582.1, XP_038712583.1, XP_038712584.1, XP_038712585.1, XP_038712586.1, XP_038712587.1, XP_038712588.1, XP_038712589.1, XP_038712590.1
OG0000244	Null	XP_038705619.1, XP_038705620.1, XP_038705621.1, XP_038705622.1, XP_038705623.1, XP_038712840.1, XP_038712850.1, XP_038712858.1, XP_038712867.1, XP_038712874.1, XP_038712881.1, XP_038712888.1, XP_038712895.1, XP_038712903.1, XP_038712912.1
OG0000245	Null	XP_038706711.1, XP_038706712.1, XP_038706713.1, XP_038706714.1, XP_038706715.1, XP_038706716.1, XP_038706717.1, XP_038706718.1, XP_038706719.1, XP_038706720.1, XP_038706721.1, XP_038706722.1, XP_038706723.1, XP_038706724.1, XP_038706726.1
OG0000246	Null	XP_038709493.1, XP_038709494.1, XP_038709495.1, XP_038709496.1, XP_038709497.1, XP_038709498.1, XP_038709499.1, XP_038709500.1, XP_038709501.1, XP_038709502.1, XP_038709503.1, XP_038709504.1, XP_038709505.1, XP_038709506.1, XP_038709507.1
OG0000247	GWHPDONJ000188, GWHPDONJ000622, GWHPDONJ000830, GWHPDONJ001236, GWHPDONJ002244, GWHPDONJ002463, GWHPDONJ002467, GWHPDONJ003481, GWHPDONJ003508, GWHPDONJ007287, GWHPDONJ007297, GWHPDONJ008697, GWHPDONJ009266, GWHPDONJ009484	
OG0000248	GWHPDONJ000343	XP_038694038.1, XP_038694039.1, XP_038704025.1, XP_038704026.1, XP_038704027.1, XP_038704028.1, XP_038704029.1, XP_038704030.1, XP_038704031.1, XP_038704033.1, XP_038704034.1, XP_038704035.1, XP_038704036.1
OG0000249	GWHPDONJ000942	XP_038679154.1, XP_038679155.1, XP_038679156.1, XP_038679157.1, XP_038688130.1, XP_038688132.1, XP_038688133.1, XP_038688134.1, XP_038688135.1, XP_038724713.1, XP_038724714.1, XP_038724715.1, XP_038724716.1
OG0000250	GWHPDONJ001283, GWHPDONJ001491, GWHPDONJ001940, GWHPDONJ003083, GWHPDONJ003495, GWHPDONJ003549, GWHPDONJ003797, GWHPDONJ004762, GWHPDONJ004802, GWHPDONJ006104, GWHPDONJ006323, GWHPDONJ007836, GWHPDONJ008841, GWHPDONJ008956	
OG0000251	GWHPDONJ001844	XP_038680418.1, XP_038680424.1, XP_038680432.1, XP_038680440.1, XP_038680447.1, XP_038680453.1, XP_038680462.1, XP_038680471.1, XP_038680479.1, XP_038706612.1, XP_038706613.1, XP_038706614.1, XP_038706615.1
OG0000252	GWHPDONJ002714, GWHPDONJ010591	XP_038689930.1, XP_038690975.1, XP_038690976.1, XP_038690977.1, XP_038690978.1, XP_038690979.1, XP_038710412.1, XP_038710413.1, XP_038710414.1, XP_038710415.1, XP_038710416.1, XP_038710417.1
OG0000253	GWHPDONJ003776	XP_038680295.1, XP_038680297.1, XP_038680298.1, XP_038680299.1, XP_038680300.1, XP_038680301.1, XP_038680302.1, XP_038687783.1, XP_038687784.1, XP_038726321.1, XP_038726322.1, XP_038726323.1, XP_038726324.1
OG0000254	GWHPDONJ004336	XP_038689115.1, XP_038691221.1, XP_038693150.1, XP_038693585.1, XP_038695044.1, XP_038695670.1, XP_038702608.1, XP_038702613.1, XP_038702614.1, XP_038705806.1, XP_038724030.1, XP_038724965.1, XP_038725744.1
OG0000255	GWHPDONJ005165	XP_038706635.1, XP_038706636.1, XP_038706637.1, XP_038715928.1, XP_038718093.1, XP_038718094.1, XP_038718095.1, XP_038718096.1, XP_038718097.1, XP_038718098.1, XP_038722798.1, XP_038722805.1, XP_038722813.1
OG0000256	GWHPDONJ005386	XP_038706951.1, XP_038706952.1, XP_038706953.1, XP_038706954.1, XP_038706955.1, XP_038706956.1, XP_038706957.1, XP_038706958.1, XP_038706960.1, XP_038706961.1, XP_038706962.1, XP_038706963.1, XP_038706964.1
OG0000257	GWHPDONJ005499	XP_038681616.1, XP_038681617.1, XP_038681618.1, XP_038684514.1, XP_038684515.1, XP_038684516.1, XP_038684517.1, XP_038684518.1, XP_038708241.1, XP_038708242.1, XP_038708243.1, XP_038708244.1, XP_038708245.1
OG0000258	GWHPDONJ005560	XP_038686162.1, XP_038686164.1, XP_038686165.1, XP_038686166.1, XP_038689826.1, XP_038689827.1, XP_038689828.1, XP_038689830.1, XP_038690559.1, XP_038690560.1, XP_038690561.1, XP_038690562.1, XP_038690563.1
OG0000259	GWHPDONJ005567	XP_038706970.1, XP_038720555.1, XP_038720556.1, XP_038723418.1, XP_038723419.1, XP_038723420.1, XP_038723421.1, XP_038723423.1, XP_038723424.1, XP_038723425.1, XP_038723426.1, XP_038723427.1, XP_038723428.1
OG0000260	GWHPDONJ008185	XP_038687012.1, XP_038687013.1, XP_038687014.1, XP_038687015.1, XP_038687016.1, XP_038687017.1, XP_038687018.1, XP_038687019.1, XP_038726367.1, XP_038726368.1, XP_038726369.1, XP_038726370.1, XP_038726371.1
OG0000261	GWHPDONJ008243	XP_038700064.1, XP_038700065.1, XP_038700066.1, XP_038700067.1, XP_038700068.1, XP_038700069.1, XP_038700070.1, XP_038700071.1, XP_038710970.1, XP_038711646.1, XP_038711647.1, XP_038711648.1, XP_038711649.1
OG0000262	GWHPDONJ008516	XP_038696311.1, XP_038696312.1, XP_038699183.1, XP_038699184.1, XP_038699185.1, XP_038699186.1, XP_038699187.1, XP_038699188.1, XP_038710325.1, XP_038710326.1, XP_038710327.1, XP_038710328.1, XP_038710329.1
OG0000263	GWHPDONJ008568	XP_038694611.1, XP_038694620.1, XP_038694627.1, XP_038694633.1, XP_038720602.1, XP_038720603.1, XP_038720604.1, XP_038720605.1, XP_038720606.1, XP_038720607.1, XP_038720609.1, XP_038720610.1, XP_038720611.1
OG0000264	GWHPDONJ010478	XP_038700168.1, XP_038700169.1, XP_038700170.1, XP_038700171.1, XP_038700474.1, XP_038700475.1, XP_038700476.1, XP_038700477.1, XP_038725711.1, XP_038725712.1, XP_038725713.1, XP_038725714.1, XP_038725715.1
OG0000265	GWHPDONJ010560	XP_038688528.1, XP_038688529.1, XP_038689462.1, XP_038689463.1, XP_038702918.1, XP_038702919.1, XP_038702920.1, XP_038709254.1, XP_038709255.1, XP_038718774.1, XP_038718775.1, XP_038719925.1, XP_038719927.1
OG0000266	GWHPDONJ010581	XP_038680605.1, XP_038695286.1, XP_038698712.1, XP_038698713.1, XP_038698714.1, XP_038705994.1, XP_038710287.1, XP_038710288.1, XP_038710289.1, XP_038710290.1, XP_038710292.1, XP_038710293.1, XP_038710294.1
OG0000267	Null	XP_038678354.1, XP_038680918.1, XP_038680948.1, XP_038680959.1, XP_038682662.1, XP_038682663.1, XP_038685692.1, XP_038701863.1, XP_038701867.1, XP_038708520.1, XP_038713432.1, XP_038717222.1, XP_038719816.1, XP_038721986.1
OG0000268	Null	XP_038678367.1, XP_038679442.1, XP_038688375.1, XP_038688690.1, XP_038690528.1, XP_038697948.1, XP_038699702.1, XP_038701846.1, XP_038707960.1, XP_038708511.1, XP_038713399.1, XP_038716417.1, XP_038719811.1, XP_038722019.1
OG0000269	Null	XP_038678469.1, XP_038685303.1, XP_038685304.1, XP_038685305.1, XP_038689686.1, XP_038702819.1, XP_038711833.1, XP_038713489.1, XP_038713491.1, XP_038713495.1, XP_038713497.1, XP_038713498.1, XP_038713501.1, XP_038713502.1
OG0000270	Null	XP_038678695.1, XP_038683276.1, XP_038688037.1, XP_038692823.1, XP_038693753.1, XP_038697925.1, XP_038700450.1, XP_038701527.1, XP_038701971.1, XP_038702353.1, XP_038712056.1, XP_038712057.1, XP_038717068.1, XP_038721800.1
OG0000271	Null	XP_038678838.1, XP_038678841.1, XP_038678842.1, XP_038678843.1, XP_038679615.1, XP_038679616.1, XP_038679617.1, XP_038679618.1, XP_038679622.1, XP_038679623.1, XP_038679624.1, XP_038679625.1, XP_038679626.1, XP_038679627.1
OG0000272	Null	XP_038680314.1, XP_038680315.1, XP_038680316.1, XP_038687074.1, XP_038692093.1, XP_038692599.1, XP_038694446.1, XP_038698080.1, XP_038710205.1, XP_038711877.1, XP_038711886.1, XP_038711894.1, XP_038722276.1, XP_038722277.1
OG0000273	Null	XP_038680522.1, XP_038680523.1, XP_038680524.1, XP_038680525.1, XP_038680526.1, XP_038686875.1, XP_038686876.1, XP_038686878.1, XP_038686879.1, XP_038686880.1, XP_038725814.1, XP_038725815.1, XP_038725816.1, XP_038725817.1
OG0000274	Null	XP_038680710.1, XP_038680734.1, XP_038682254.1, XP_038682255.1, XP_038682257.1, XP_038682258.1, XP_038682259.1, XP_038682260.1, XP_038682261.1, XP_038682678.1, XP_038682687.1, XP_038683538.1, XP_038684934.1, XP_038701063.1
OG0000275	Null	XP_038681621.1, XP_038683527.1, XP_038683528.1, XP_038683529.1, XP_038683530.1, XP_038684339.1, XP_038684340.1, XP_038684341.1, XP_038684342.1, XP_038684343.1, XP_038696313.1, XP_038708695.1, XP_038708835.1, XP_038725656.1
OG0000276	Null	XP_038681854.1, XP_038681855.1, XP_038681856.1, XP_038682713.1, XP_038682714.1, XP_038682715.1, XP_038684679.1, XP_038684680.1, XP_038684681.1, XP_038708792.1, XP_038708794.1, XP_038708795.1, XP_038708796.1, XP_038708797.1
OG0000277	Null	XP_038682387.1, XP_038682388.1, XP_038683242.1, XP_038708039.1, XP_038708337.1, XP_038708338.1, XP_038708578.1, XP_038708580.1, XP_038708736.1, XP_038708737.1, XP_038708740.1, XP_038708774.1, XP_038709861.1, XP_038715216.1
OG0000278	Null	XP_038683184.1, XP_038683185.1, XP_038685113.1, XP_038685114.1, XP_038695708.1, XP_038709775.1, XP_038710552.1, XP_038710553.1, XP_038719278.1, XP_038719280.1, XP_038722508.1, XP_038724407.1, XP_038724540.1, XP_038724541.1
OG0000279	Null	XP_038683357.1, XP_038684994.1, XP_038686074.1, XP_038703459.1, XP_038706990.1, XP_038709415.1, XP_038711441.1, XP_038718012.1, XP_038725382.1, XP_038725407.1, XP_038726058.1, XP_038726059.1, XP_038726412.1, XP_038726414.1
OG0000280	Null	XP_038683456.1, XP_038687204.1, XP_038687861.1, XP_038695844.1, XP_038695884.1, XP_038698929.1, XP_038701296.1, XP_038708791.1, XP_038715654.1, XP_038718451.1, XP_038721313.1, XP_038723255.1, XP_038723939.1, XP_038725269.1
OG0000281	Null	XP_038683569.1, XP_038694140.1, XP_038694771.1, XP_038694772.1, XP_038702703.1, XP_038702931.1, XP_038704471.1, XP_038707888.1, XP_038708432.1, XP_038713156.1, XP_038716503.1, XP_038722107.1, XP_038722281.1, XP_038722309.1
OG0000282	Null	XP_038684356.1, XP_038684357.1, XP_038684358.1, XP_038684359.1, XP_038684360.1, XP_038684361.1, XP_038684362.1, XP_038684363.1, XP_038684364.1, XP_038684366.1, XP_038685142.1, XP_038685143.1, XP_038685145.1, XP_038718148.1
OG0000283	Null	XP_038685821.1, XP_038685967.1, XP_038685968.1, XP_038685969.1, XP_038685970.1, XP_038685971.1, XP_038685972.1, XP_038685973.1, XP_038685975.1, XP_038685976.1, XP_038685977.1, XP_038685978.1, XP_038725309.1, XP_038725310.1
OG0000284	Null	XP_038685826.1, XP_038695249.1, XP_038695250.1, XP_038695251.1, XP_038695252.1, XP_038695253.1, XP_038695255.1, XP_038695256.1, XP_038695257.1, XP_038695258.1, XP_038695259.1, XP_038695260.1, XP_038695261.1, XP_038701125.1
OG0000285	Null	XP_038687692.1, XP_038687693.1, XP_038688433.1, XP_038694575.1, XP_038694576.1, XP_038694578.1, XP_038694579.1, XP_038694580.1, XP_038694581.1, XP_038694582.1, XP_038705437.1, XP_038705438.1, XP_038706252.1, XP_038706253.1
OG0000286	Null	XP_038687725.1, XP_038691791.1, XP_038699004.1, XP_038699043.1, XP_038699072.1, XP_038702577.1, XP_038709990.1, XP_038709991.1, XP_038712986.1, XP_038712987.1, XP_038716333.1, XP_038718602.1, XP_038725035.1, XP_038725040.1
OG0000287	Null	XP_038689038.1, XP_038689039.1, XP_038689041.1, XP_038689042.1, XP_038689043.1, XP_038689044.1, XP_038689045.1, XP_038689047.1, XP_038711570.1, XP_038711571.1, XP_038711572.1, XP_038711573.1, XP_038711574.1, XP_038711575.1
OG0000288	Null	XP_038690825.1, XP_038690826.1, XP_038690827.1, XP_038697624.1, XP_038697625.1, XP_038697626.1, XP_038697627.1, XP_038697628.1, XP_038697629.1, XP_038697631.1, XP_038697632.1, XP_038697633.1, XP_038707849.1, XP_038710893.1
OG0000289	Null	XP_038691867.1, XP_038693534.1, XP_038700530.1, XP_038701107.1, XP_038703958.1, XP_038712451.1, XP_038713307.1, XP_038713308.1, XP_038713309.1, XP_038720546.1, XP_038720547.1, XP_038720548.1, XP_038720834.1, XP_038722534.1
OG0000290	Null	XP_038692178.1, XP_038692179.1, XP_038692180.1, XP_038692388.1, XP_038692389.1, XP_038692390.1, XP_038692420.1, XP_038692421.1, XP_038692422.1, XP_038692435.1, XP_038692437.1, XP_038692438.1, XP_038692831.1, XP_038712429.1
OG0000291	Null	XP_038695835.1, XP_038699504.1, XP_038705298.1, XP_038705308.1, XP_038711942.1, XP_038712170.1, XP_038712171.1, XP_038712172.1, XP_038712173.1, XP_038712175.1, XP_038712176.1, XP_038712274.1, XP_038722209.1, XP_038723765.1
OG0000292	Null	XP_038701003.1, XP_038701012.1, XP_038701019.1, XP_038701027.1, XP_038701034.1, XP_038701288.1, XP_038701289.1, XP_038701290.1, XP_038711043.1, XP_038711044.1, XP_038711045.1, XP_038711620.1, XP_038711621.1, XP_038711622.1
OG0000293	Null	XP_038704190.1, XP_038704192.1, XP_038704193.1, XP_038704194.1, XP_038704195.1, XP_038704196.1, XP_038704197.1, XP_038704198.1, XP_038704199.1, XP_038704200.1, XP_038704201.1, XP_038704203.1, XP_038704204.1, XP_038704205.1
OG0000294	Null	XP_038704990.1, XP_038704991.1, XP_038704992.1, XP_038704993.1, XP_038715806.1, XP_038715807.1, XP_038715808.1, XP_038715809.1, XP_038715810.1, XP_038715811.1, XP_038715812.1, XP_038715813.1, XP_038715814.1, XP_038715815.1
OG0000295	Null	XP_038706256.1, XP_038706371.1, XP_038706372.1, XP_038706373.1, XP_038712473.1, XP_038712484.1, XP_038713807.1, XP_038713814.1, XP_038713827.1, XP_038713841.1, XP_038723552.1, XP_038723560.1, XP_038723573.1, XP_038723580.1
OG0000296	Null	XP_038710451.1, XP_038710452.1, XP_038710454.1, XP_038710773.1, XP_038710774.1, XP_038710775.1, XP_038711465.1, XP_038711466.1, XP_038711467.1, XP_038711468.1, XP_038712596.1, XP_038712597.1, XP_038712762.1, XP_038722049.1
OG0000297	Null	XP_038712630.1, XP_038712631.1, XP_038712632.1, XP_038712633.1, XP_038712634.1, XP_038712635.1, XP_038712636.1, XP_038712637.1, XP_038712638.1, XP_038712639.1, XP_038712640.1, XP_038712641.1, XP_038712642.1, XP_038712643.1
OG0000298	GWHPDONJ000541	XP_038681718.1, XP_038681719.1, XP_038681721.1, XP_038692613.1, XP_038704883.1, XP_038704884.1, XP_038704885.1, XP_038704886.1, XP_038705866.1, XP_038709052.1, XP_038712940.1, XP_038719035.1
OG0000299	GWHPDONJ001826	XP_038686536.1, XP_038693908.1, XP_038697444.1, XP_038702152.1, XP_038702153.1, XP_038709403.1, XP_038709410.1, XP_038715584.1, XP_038719527.1, XP_038722338.1, XP_038722339.1, XP_038722504.1
OG0000300	GWHPDONJ001833, GWHPDONJ002346	XP_038679473.1, XP_038679474.1, XP_038681044.1, XP_038686582.1, XP_038689122.1, XP_038707495.1, XP_038713392.1, XP_038717249.1, XP_038718795.1, XP_038719915.1, XP_038722047.1
OG0000301	GWHPDONJ002873	XP_038705820.1, XP_038705821.1, XP_038706862.1, XP_038709689.1, XP_038709690.1, XP_038710505.1, XP_038710506.1, XP_038710507.1, XP_038710508.1, XP_038718918.1, XP_038718988.1, XP_038719068.1
OG0000302	GWHPDONJ004548, GWHPDONJ004879	XP_038683328.1, XP_038683329.1, XP_038683330.1, XP_038683331.1, XP_038683332.1, XP_038683333.1, XP_038683334.1, XP_038683335.1, XP_038683336.1, XP_038683337.1, XP_038683338.1
OG0000303	GWHPDONJ005669, GWHPDONJ008288, GWHPDONJ009761	XP_038696478.1, XP_038696479.1, XP_038696480.1, XP_038696481.1, XP_038696482.1, XP_038711342.1, XP_038711343.1, XP_038711344.1, XP_038711345.1, XP_038711346.1
OG0000304	GWHPDONJ006875	XP_038688350.1, XP_038688352.1, XP_038688353.1, XP_038688354.1, XP_038693107.1, XP_038693112.1, XP_038693121.1, XP_038693122.1, XP_038693123.1, XP_038726343.1, XP_038726344.1, XP_038726345.1
OG0000305	GWHPDONJ007513	XP_038680107.1, XP_038680109.1, XP_038680110.1, XP_038680111.1, XP_038691129.1, XP_038691130.1, XP_038691131.1, XP_038691132.1, XP_038712205.1, XP_038712206.1, XP_038712207.1, XP_038712208.1
OG0000306	GWHPDONJ007955	XP_038684883.1, XP_038684885.1, XP_038684886.1, XP_038684887.1, XP_038684888.1, XP_038684889.1, XP_038709247.1, XP_038709248.1, XP_038709249.1, XP_038709250.1, XP_038709251.1, XP_038709252.1
OG0000307	Null	XP_038678539.1, XP_038678870.1, XP_038679221.1, XP_038695345.1, XP_038700431.1, XP_038702251.1, XP_038707649.1, XP_038707650.1, XP_038712063.1, XP_038712351.1, XP_038720502.1, XP_038721156.1, XP_038725653.1
OG0000308	Null	XP_038679069.1, XP_038692468.1, XP_038697367.1, XP_038697368.1, XP_038702820.1, XP_038706411.1, XP_038710989.1, XP_038710997.1, XP_038711005.1, XP_038711012.1, XP_038715189.1, XP_038718491.1, XP_038723169.1
OG0000309	Null	XP_038679269.1, XP_038679582.1, XP_038705878.1, XP_038707264.1, XP_038707308.1, XP_038707316.1, XP_038709286.1, XP_038711768.1, XP_038713409.1, XP_038713647.1, XP_038716317.1, XP_038717243.1, XP_038721609.1
OG0000310	Null	XP_038679432.1, XP_038680926.1, XP_038685749.1, XP_038693712.1, XP_038695432.1, XP_038699640.1, XP_038707302.1, XP_038708546.1, XP_038709357.1, XP_038711805.1, XP_038715089.1, XP_038716604.1, XP_038719946.1
OG0000311	Null	XP_038680308.1, XP_038681844.1, XP_038682503.1, XP_038686597.1, XP_038698256.1, XP_038709473.1, XP_038718471.1, XP_038719378.1, XP_038725198.1, XP_038725283.1, XP_038726252.1, XP_038726253.1, XP_038726255.1
OG0000312	Null	XP_038680365.1, XP_038680366.1, XP_038684075.1, XP_038689766.1, XP_038691781.1, XP_038691782.1, XP_038691814.1, XP_038709984.1, XP_038712262.1, XP_038712263.1, XP_038712265.1, XP_038712266.1, XP_038719006.1
OG0000313	Null	XP_038680763.1, XP_038695283.1, XP_038695525.1, XP_038696101.1, XP_038696102.1, XP_038696103.1, XP_038696104.1, XP_038696105.1, XP_038698720.1, XP_038700229.1, XP_038711474.1, XP_038720196.1, XP_038720197.1
OG0000314	Null	XP_038680888.1, XP_038680889.1, XP_038682488.1, XP_038682489.1, XP_038682512.1, XP_038682513.1, XP_038682514.1, XP_038682515.1, XP_038682826.1, XP_038695074.1, XP_038709571.1, XP_038709572.1, XP_038718402.1
OG0000315	Null	XP_038681008.1, XP_038681009.1, XP_038690927.1, XP_038694721.1, XP_038697709.1, XP_038706139.1, XP_038706140.1, XP_038706498.1, XP_038710837.1, XP_038712412.1, XP_038716067.1, XP_038720599.1, XP_038720600.1
OG0000316	Null	XP_038681045.1, XP_038681046.1, XP_038681592.1, XP_038682484.1, XP_038682485.1, XP_038682486.1, XP_038682487.1, XP_038682797.1, XP_038682873.1, XP_038683450.1, XP_038683451.1, XP_038683656.1, XP_038684238.1
OG0000317	Null	XP_038681611.1, XP_038682786.1, XP_038683407.1, XP_038689061.1, XP_038689348.1, XP_038691765.1, XP_038691962.1, XP_038701626.1, XP_038701671.1, XP_038702188.1, XP_038703745.1, XP_038704645.1, XP_038715502.1
OG0000318	Null	XP_038683078.1, XP_038685061.1, XP_038685062.1, XP_038694118.1, XP_038694119.1, XP_038703560.1, XP_038703561.1, XP_038703562.1, XP_038703563.1, XP_038703564.1, XP_038703565.1, XP_038703566.1, XP_038704628.1
OG0000319	Null	XP_038683092.1, XP_038691133.1, XP_038695443.1, XP_038695889.1, XP_038697971.1, XP_038698221.1, XP_038704723.1, XP_038711790.1, XP_038714994.1, XP_038717201.1, XP_038717248.1, XP_038719905.1, XP_038723264.1
OG0000320	Null	XP_038683692.1, XP_038683693.1, XP_038683694.1, XP_038683695.1, XP_038683696.1, XP_038709145.1, XP_038709146.1, XP_038709147.1, XP_038709148.1, XP_038709149.1, XP_038709151.1, XP_038709152.1, XP_038709153.1
OG0000321	Null	XP_038685238.1, XP_038685239.1, XP_038685240.1, XP_038685241.1, XP_038685242.1, XP_038685243.1, XP_038702257.1, XP_038710731.1, XP_038717621.1, XP_038717622.1, XP_038717623.1, XP_038717624.1, XP_038725406.1
OG0000322	Null	XP_038686179.1, XP_038705385.1, XP_038705386.1, XP_038705387.1, XP_038705388.1, XP_038725932.1, XP_038725940.1, XP_038725948.1, XP_038725957.1, XP_038725965.1, XP_038725973.1, XP_038725982.1, XP_038725990.1
OG0000323	Null	XP_038686496.1, XP_038686497.1, XP_038687487.1, XP_038688495.1, XP_038693748.1, XP_038693752.1, XP_038694953.1, XP_038707328.1, XP_038716029.1, XP_038716983.1, XP_038717607.1, XP_038722086.1, XP_038722087.1
OG0000324	Null	XP_038689029.1, XP_038689030.1, XP_038689596.1, XP_038692002.1, XP_038707114.1, XP_038707115.1, XP_038707116.1, XP_038707117.1, XP_038707118.1, XP_038707119.1, XP_038707120.1, XP_038710158.1, XP_038710159.1
OG0000325	Null	XP_038690382.1, XP_038690383.1, XP_038690384.1, XP_038690385.1, XP_038690386.1, XP_038690387.1, XP_038690388.1, XP_038690389.1, XP_038690391.1, XP_038690392.1, XP_038690393.1, XP_038690394.1, XP_038690395.1
OG0000326	Null	XP_038692699.1, XP_038692700.1, XP_038692702.1, XP_038706469.1, XP_038706470.1, XP_038706471.1, XP_038706472.1, XP_038706473.1, XP_038706474.1, XP_038706475.1, XP_038706476.1, XP_038706478.1, XP_038706479.1
OG0000327	Null	XP_038695876.1, XP_038695877.1, XP_038695878.1, XP_038698528.1, XP_038698529.1, XP_038698530.1, XP_038698531.1, XP_038698532.1, XP_038717513.1, XP_038717514.1, XP_038717515.1, XP_038717516.1, XP_038717517.1
OG0000328	Null	XP_038695908.1, XP_038695909.1, XP_038695910.1, XP_038696358.1, XP_038696359.1, XP_038696360.1, XP_038696361.1, XP_038698296.1, XP_038698298.1, XP_038698299.1, XP_038725339.1, XP_038725340.1, XP_038725341.1
OG0000329	Null	XP_038696964.1, XP_038696965.1, XP_038696966.1, XP_038696967.1, XP_038696968.1, XP_038696969.1, XP_038696970.1, XP_038696971.1, XP_038696972.1, XP_038696974.1, XP_038696975.1, XP_038696976.1, XP_038696977.1
OG0000330	Null	XP_038699985.1, XP_038700007.1, XP_038700020.1, XP_038704482.1, XP_038709384.1, XP_038715597.1, XP_038719973.1, XP_038719978.1, XP_038721166.1, XP_038722127.1, XP_038722128.1, XP_038722129.1, XP_038723277.1
OG0000331	Null	XP_038703972.1, XP_038703973.1, XP_038703975.1, XP_038707512.1, XP_038707513.1, XP_038707514.1, XP_038707515.1, XP_038714293.1, XP_038714774.1, XP_038717453.1, XP_038717454.1, XP_038717455.1, XP_038726042.1
OG0000332	Null	XP_038720769.1, XP_038720770.1, XP_038720771.1, XP_038720772.1, XP_038720774.1, XP_038720775.1, XP_038720776.1, XP_038720777.1, XP_038720778.1, XP_038720779.1, XP_038720780.1, XP_038720781.1, XP_038720782.1
OG0000333	GWHPDONJ000049, GWHPDONJ000112, GWHPDONJ000113, GWHPDONJ000429, GWHPDONJ000533, GWHPDONJ000896, GWHPDONJ002879, GWHPDONJ006065, GWHPDONJ006118, GWHPDONJ007961, GWHPDONJ010435	XP_038711753.1
OG0000334	GWHPDONJ000367	XP_038679368.1, XP_038679369.1, XP_038679370.1, XP_038679372.1, XP_038679373.1, XP_038679374.1, XP_038679375.1, XP_038679376.1, XP_038679377.1, XP_038679378.1, XP_038679379.1
OG0000335	GWHPDONJ000558, GWHPDONJ001071, GWHPDONJ001446, GWHPDONJ001664, GWHPDONJ001796, GWHPDONJ001970, GWHPDONJ003795, GWHPDONJ005232, GWHPDONJ006734, GWHPDONJ007090, GWHPDONJ007128, GWHPDONJ010513	
OG0000336	GWHPDONJ000835	XP_038692932.1, XP_038692939.1, XP_038692946.1, XP_038692955.1, XP_038692962.1, XP_038701982.1, XP_038701983.1, XP_038720420.1, XP_038720421.1, XP_038720422.1, XP_038720423.1
OG0000337	GWHPDONJ000922, GWHPDONJ001809, GWHPDONJ004558, GWHPDONJ006905	XP_038698481.1, XP_038701871.1, XP_038708506.1, XP_038708513.1, XP_038714989.1, XP_038715014.1, XP_038718059.1, XP_038719861.1
OG0000338	GWHPDONJ001546	XP_038678889.1, XP_038678890.1, XP_038685893.1, XP_038688160.1, XP_038688161.1, XP_038688162.1, XP_038688163.1, XP_038690890.1, XP_038694758.1, XP_038704715.1, XP_038713352.1
OG0000339	GWHPDONJ001966	XP_038696936.1, XP_038696946.1, XP_038696955.1, XP_038696963.1, XP_038696973.1, XP_038696983.1, XP_038701372.1, XP_038701373.1, XP_038720055.1, XP_038720056.1, XP_038720057.1
OG0000340	GWHPDONJ002113	XP_038678891.1, XP_038679027.1, XP_038679894.1, XP_038680063.1, XP_038680228.1, XP_038680404.1, XP_038680434.1, XP_038695294.1, XP_038695450.1, XP_038715867.1, XP_038716059.1
OG0000341	GWHPDONJ002659, GWHPDONJ009058	XP_038681535.1, XP_038681536.1, XP_038682952.1, XP_038708423.1, XP_038708424.1, XP_038709628.1, XP_038709629.1, XP_038709630.1, XP_038709631.1, XP_038709655.1
OG0000342	GWHPDONJ002709	XP_038713490.1, XP_038713557.1, XP_038713641.1, XP_038713717.1, XP_038713799.1, XP_038713879.1, XP_038713961.1, XP_038721865.1, XP_038724229.1, XP_038724230.1, XP_038724232.1
OG0000343	GWHPDONJ003098	XP_038681481.1, XP_038681482.1, XP_038684526.1, XP_038696037.1, XP_038699992.1, XP_038699993.1, XP_038699994.1, XP_038708876.1, XP_038708878.1, XP_038708879.1, XP_038708880.1
OG0000344	GWHPDONJ003882	XP_038695508.1, XP_038701929.1, XP_038701930.1, XP_038701931.1, XP_038701932.1, XP_038701933.1, XP_038701934.1, XP_038701935.1, XP_038701936.1, XP_038701937.1, XP_038701939.1
OG0000345	GWHPDONJ004188	XP_038694773.1, XP_038694774.1, XP_038694775.1, XP_038694776.1, XP_038695847.1, XP_038698686.1, XP_038710424.1, XP_038718403.1, XP_038718404.1, XP_038718405.1, XP_038718406.1
OG0000346	GWHPDONJ004232	XP_038692725.1, XP_038692726.1, XP_038692727.1, XP_038703282.1, XP_038703283.1, XP_038703285.1, XP_038713562.1, XP_038713563.1, XP_038719048.1, XP_038722211.1, XP_038722212.1
OG0000347	GWHPDONJ004290	XP_038682609.1, XP_038684799.1, XP_038684800.1, XP_038684801.1, XP_038684802.1, XP_038708645.1, XP_038708646.1, XP_038708647.1, XP_038708648.1, XP_038708649.1, XP_038708651.1
OG0000348	GWHPDONJ004320	XP_038697185.1, XP_038697189.1, XP_038701306.1, XP_038701307.1, XP_038701308.1, XP_038701309.1, XP_038701312.1, XP_038716181.1, XP_038718780.1, XP_038718781.1, XP_038718782.1
OG0000349	GWHPDONJ004545	XP_038693512.1, XP_038693514.1, XP_038693515.1, XP_038693516.1, XP_038702954.1, XP_038702955.1, XP_038702956.1, XP_038702957.1, XP_038713043.1, XP_038713044.1, XP_038713045.1
OG0000350	GWHPDONJ004645	XP_038693564.1, XP_038693566.1, XP_038693567.1, XP_038707415.1, XP_038707416.1, XP_038707417.1, XP_038715145.1, XP_038715153.1, XP_038715160.1, XP_038715169.1, XP_038715179.1
OG0000351	GWHPDONJ005837, GWHPDONJ006257	XP_038689074.1, XP_038694989.1, XP_038698626.1, XP_038701623.1, XP_038705916.1, XP_038706241.1, XP_038712230.1, XP_038713469.1, XP_038726294.1, XP_038726304.1
OG0000352	GWHPDONJ005895	XP_038702241.1, XP_038702242.1, XP_038702244.1, XP_038702245.1, XP_038720647.1, XP_038720648.1, XP_038720649.1, XP_038720650.1, XP_038720651.1, XP_038720652.1, XP_038720653.1
OG0000353	GWHPDONJ006088	XP_038693029.1, XP_038693036.1, XP_038693039.1, XP_038693046.1, XP_038693053.1, XP_038706512.1, XP_038706513.1, XP_038706514.1, XP_038719410.1, XP_038719411.1, XP_038721324.1
OG0000354	GWHPDONJ006731	XP_038697261.1, XP_038697262.1, XP_038697263.1, XP_038697265.1, XP_038697266.1, XP_038697267.1, XP_038697268.1, XP_038697269.1, XP_038702446.1, XP_038702447.1, XP_038702448.1
OG0000355	GWHPDONJ006813	XP_038694507.1, XP_038702814.1, XP_038702815.1, XP_038702816.1, XP_038702817.1, XP_038702818.1, XP_038702828.1, XP_038702829.1, XP_038702830.1, XP_038702831.1, XP_038702832.1
OG0000356	GWHPDONJ007716	XP_038688457.1, XP_038688458.1, XP_038691967.1, XP_038691972.1, XP_038691973.1, XP_038691978.1, XP_038691979.1, XP_038710675.1, XP_038710819.1, XP_038710820.1, XP_038710821.1
OG0000357	GWHPDONJ007781	XP_038678866.1, XP_038678867.1, XP_038690678.1, XP_038690679.1, XP_038690680.1, XP_038690681.1, XP_038690682.1, XP_038690683.1, XP_038712689.1, XP_038712690.1, XP_038712691.1
OG0000358	GWHPDONJ007903	XP_038678562.1, XP_038678563.1, XP_038678564.1, XP_038678565.1, XP_038680197.1, XP_038680198.1, XP_038684453.1, XP_038684454.1, XP_038686158.1, XP_038686159.1, XP_038688400.1
OG0000359	GWHPDONJ008003	XP_038710215.1, XP_038710216.1, XP_038710218.1, XP_038710219.1, XP_038710220.1, XP_038710221.1, XP_038711819.1, XP_038721013.1, XP_038721014.1, XP_038721015.1, XP_038721016.1
OG0000360	GWHPDONJ008757	XP_038703031.1, XP_038703032.1, XP_038703033.1, XP_038703034.1, XP_038713554.1, XP_038713555.1, XP_038713556.1, XP_038713558.1, XP_038713559.1, XP_038713560.1, XP_038713561.1
OG0000361	GWHPDONJ009173	XP_038704975.1, XP_038704976.1, XP_038704977.1, XP_038704978.1, XP_038704979.1, XP_038705049.1, XP_038705051.1, XP_038705052.1, XP_038705053.1, XP_038705054.1, XP_038705055.1
OG0000362	GWHPDONJ009709	XP_038684401.1, XP_038684402.1, XP_038695930.1, XP_038695931.1, XP_038695932.1, XP_038695933.1, XP_038699846.1, XP_038700676.1, XP_038711200.1, XP_038711201.1, XP_038711202.1
OG0000363	GWHPDONJ009728	XP_038695351.1, XP_038695352.1, XP_038695353.1, XP_038695354.1, XP_038695355.1, XP_038699160.1, XP_038699161.1, XP_038712561.1, XP_038712562.1, XP_038712563.1, XP_038712564.1
OG0000364	GWHPDONJ010052	XP_038685214.1, XP_038690457.1, XP_038690536.1, XP_038691109.1, XP_038691110.1, XP_038691111.1, XP_038691112.1, XP_038691114.1, XP_038691115.1, XP_038704476.1, XP_038713003.1
OG0000365	GWHPDONJ010854	XP_038689443.1, XP_038689444.1, XP_038689445.1, XP_038690747.1, XP_038690749.1, XP_038690750.1, XP_038690751.1, XP_038690752.1, XP_038690753.1, XP_038690754.1, XP_038690755.1
OG0000366	Null	XP_038679404.1, XP_038693844.1, XP_038705541.1, XP_038714516.1, XP_038714523.1, XP_038714531.1, XP_038714539.1, XP_038714545.1, XP_038714552.1, XP_038714560.1, XP_038714567.1, XP_038721477.1
OG0000367	Null	XP_038679525.1, XP_038697467.1, XP_038697468.1, XP_038697469.1, XP_038701573.1, XP_038701574.1, XP_038711123.1, XP_038711132.1, XP_038711142.1, XP_038716457.1, XP_038716458.1, XP_038719471.1
OG0000368	Null	XP_038679648.1, XP_038679649.1, XP_038688401.1, XP_038688402.1, XP_038697779.1, XP_038697780.1, XP_038697781.1, XP_038697782.1, XP_038718816.1, XP_038718817.1, XP_038718818.1, XP_038718820.1
OG0000369	Null	XP_038680007.1, XP_038683742.1, XP_038683743.1, XP_038683744.1, XP_038683745.1, XP_038691431.1, XP_038691432.1, XP_038691434.1, XP_038691435.1, XP_038709073.1, XP_038709075.1, XP_038723942.1
OG0000370	Null	XP_038680184.1, XP_038680185.1, XP_038687130.1, XP_038687131.1, XP_038687132.1, XP_038688300.1, XP_038688301.1, XP_038692175.1, XP_038692176.1, XP_038714184.1, XP_038714185.1, XP_038714186.1
OG0000371	Null	XP_038681057.1, XP_038685377.1, XP_038694720.1, XP_038699607.1, XP_038702791.1, XP_038702943.1, XP_038703232.1, XP_038703830.1, XP_038709457.1, XP_038709849.1, XP_038711564.1, XP_038718442.1
OG0000372	Null	XP_038681378.1, XP_038681379.1, XP_038685739.1, XP_038687522.1, XP_038687539.1, XP_038697987.1, XP_038698191.1, XP_038701821.1, XP_038713437.1, XP_038713457.1, XP_038716148.1, XP_038716647.1
OG0000373	Null	XP_038681599.1, XP_038683302.1, XP_038684925.1, XP_038684926.1, XP_038684928.1, XP_038686407.1, XP_038686742.1, XP_038688059.1, XP_038698976.1, XP_038714067.1, XP_038716619.1, XP_038724772.1
OG0000374	Null	XP_038681694.1, XP_038681696.1, XP_038681697.1, XP_038681698.1, XP_038683382.1, XP_038683383.1, XP_038683384.1, XP_038683385.1, XP_038683386.1, XP_038684757.1, XP_038684758.1, XP_038708900.1
OG0000375	Null	XP_038681784.1, XP_038681785.1, XP_038681786.1, XP_038682563.1, XP_038682934.1, XP_038684112.1, XP_038684114.1, XP_038684301.1, XP_038684602.1, XP_038684603.1, XP_038684604.1, XP_038684605.1
OG0000376	Null	XP_038682137.1, XP_038692308.1, XP_038692376.1, XP_038692394.1, XP_038693108.1, XP_038693718.1, XP_038704804.1, XP_038705384.1, XP_038706041.1, XP_038707345.1, XP_038711319.1, XP_038715480.1
OG0000377	Null	XP_038683093.1, XP_038685998.1, XP_038686000.1, XP_038686001.1, XP_038686002.1, XP_038686003.1, XP_038708931.1, XP_038708932.1, XP_038708933.1, XP_038708934.1, XP_038708936.1, XP_038714111.1
OG0000378	Null	XP_038683136.1, XP_038683137.1, XP_038683138.1, XP_038683139.1, XP_038683140.1, XP_038683141.1, XP_038683199.1, XP_038683200.1, XP_038683201.1, XP_038683202.1, XP_038683203.1, XP_038683204.1
OG0000379	Null	XP_038684594.1, XP_038684595.1, XP_038684596.1, XP_038684597.1, XP_038714938.1, XP_038714969.1, XP_038715592.1, XP_038715593.1, XP_038715966.1, XP_038716330.1, XP_038716331.1, XP_038717904.1
OG0000380	Null	XP_038685222.1, XP_038685223.1, XP_038685421.1, XP_038685431.1, XP_038685495.1, XP_038685575.1, XP_038685652.1, XP_038685653.1, XP_038686480.1, XP_038686583.1, XP_038686650.1, XP_038693716.1
OG0000381	Null	XP_038685955.1, XP_038685956.1, XP_038688461.1, XP_038688462.1, XP_038688463.1, XP_038688464.1, XP_038688465.1, XP_038709902.1, XP_038709904.1, XP_038709905.1, XP_038709906.1, XP_038709907.1
OG0000382	Null	XP_038686326.1, XP_038686327.1, XP_038686328.1, XP_038687408.1, XP_038687992.1, XP_038692314.1, XP_038695501.1, XP_038710307.1, XP_038715987.1, XP_038717220.1, XP_038721674.1, XP_038726408.1
OG0000383	Null	XP_038687507.1, XP_038697117.1, XP_038697179.1, XP_038697186.1, XP_038697187.1, XP_038697188.1, XP_038697229.1, XP_038697230.1, XP_038697231.1, XP_038698267.1, XP_038701829.1, XP_038708531.1
OG0000384	Null	XP_038690722.1, XP_038690802.1, XP_038690882.1, XP_038690966.1, XP_038691048.1, XP_038691121.1, XP_038718944.1, XP_038718945.1, XP_038718946.1, XP_038718947.1, XP_038718948.1, XP_038718949.1
OG0000385	Null	XP_038691172.1, XP_038691174.1, XP_038714673.1, XP_038714674.1, XP_038714675.1, XP_038714676.1, XP_038714677.1, XP_038714678.1, XP_038715556.1, XP_038715557.1, XP_038715558.1, XP_038715559.1
OG0000386	Null	XP_038691551.1, XP_038691552.1, XP_038691553.1, XP_038691554.1, XP_038691555.1, XP_038691556.1, XP_038691773.1, XP_038691775.1, XP_038691776.1, XP_038691777.1, XP_038691778.1, XP_038691779.1
OG0000387	Null	XP_038691770.1, XP_038694126.1, XP_038694715.1, XP_038709373.1, XP_038712623.1, XP_038712624.1, XP_038712626.1, XP_038713056.1, XP_038721566.1, XP_038724058.1, XP_038724529.1, XP_038724538.1
OG0000388	Null	XP_038694020.1, XP_038694022.1, XP_038694023.1, XP_038694024.1, XP_038714590.1, XP_038714591.1, XP_038714592.1, XP_038714593.1, XP_038714594.1, XP_038714595.1, XP_038714596.1, XP_038714597.1
OG0000389	Null	XP_038695827.1, XP_038695828.1, XP_038695829.1, XP_038695830.1, XP_038695831.1, XP_038695832.1, XP_038695833.1, XP_038700327.1, XP_038700328.1, XP_038700329.1, XP_038700330.1, XP_038700331.1
OG0000390	Null	XP_038698915.1, XP_038698916.1, XP_038698917.1, XP_038698918.1, XP_038698919.1, XP_038698920.1, XP_038698921.1, XP_038698922.1, XP_038698923.1, XP_038722203.1, XP_038722204.1, XP_038722205.1
OG0000391	Null	XP_038700919.1, XP_038700920.1, XP_038700921.1, XP_038700923.1, XP_038700924.1, XP_038700925.1, XP_038700926.1, XP_038710857.1, XP_038710858.1, XP_038710872.1, XP_038710873.1, XP_038712367.1
OG0000392	Null	XP_038705234.1, XP_038705235.1, XP_038705236.1, XP_038705237.1, XP_038713748.1, XP_038713749.1, XP_038713750.1, XP_038713751.1, XP_038713753.1, XP_038713754.1, XP_038713755.1, XP_038713756.1
OG0000393	Null	XP_038711758.1, XP_038711763.1, XP_038711769.1, XP_038711773.1, XP_038711778.1, XP_038711781.1, XP_038711784.1, XP_038720903.1, XP_038720910.1, XP_038720917.1, XP_038720922.1, XP_038720931.1
OG0000394	Null	XP_038714627.1, XP_038715423.1, XP_038715761.1, XP_038715762.1, XP_038715763.1, XP_038715764.1, XP_038716107.1, XP_038716108.1, XP_038716109.1, XP_038716314.1, XP_038716467.1, XP_038716569.1
OG0000395	Null	XP_038720103.1, XP_038723584.1, XP_038723585.1, XP_038723586.1, XP_038723587.1, XP_038723588.1, XP_038723589.1, XP_038723590.1, XP_038723591.1, XP_038723592.1, XP_038723593.1, XP_038723594.1
OG0000396	Null	XP_038721332.1, XP_038721333.1, XP_038721334.1, XP_038721335.1, XP_038721336.1, XP_038721337.1, XP_038721338.1, XP_038721339.1, XP_038721340.1, XP_038721341.1, XP_038721342.1, XP_038723537.1
OG0000397	GWHPDONJ000479, GWHPDONJ000629, GWHPDONJ000818, GWHPDONJ001084, GWHPDONJ001261, GWHPDONJ001877, GWHPDONJ002453, GWHPDONJ002956, GWHPDONJ003350, GWHPDONJ003576, GWHPDONJ003781	
OG0000398	GWHPDONJ000659	XP_038679871.1, XP_038679872.1, XP_038679873.1, XP_038684037.1, XP_038699771.1, XP_038699773.1, XP_038700836.1, XP_038718439.1, XP_038718440.1, XP_038725884.1
OG0000399	GWHPDONJ001609	XP_038679428.1, XP_038680163.1, XP_038693052.1, XP_038695509.1, XP_038696197.1, XP_038699674.1, XP_038701826.1, XP_038715024.1, XP_038715921.1, XP_038717203.1
OG0000400	GWHPDONJ002367, GWHPDONJ002570, GWHPDONJ003149, GWHPDONJ003247, GWHPDONJ003294, GWHPDONJ003371, GWHPDONJ003624, GWHPDONJ003910, GWHPDONJ007460, GWHPDONJ008746	XP_038709691.1
OG0000401	GWHPDONJ003341	XP_038680219.1, XP_038680220.1, XP_038691125.1, XP_038691127.1, XP_038692904.1, XP_038706754.1, XP_038706755.1, XP_038712044.1, XP_038712045.1, XP_038722906.1
OG0000402	GWHPDONJ003490, GWHPDONJ006770	XP_038692288.1, XP_038692289.1, XP_038692290.1, XP_038692291.1, XP_038692292.1, XP_038692293.1, XP_038706531.1, XP_038706532.1, XP_038706533.1
OG0000403	GWHPDONJ004118	XP_038695868.1, XP_038695869.1, XP_038695870.1, XP_038695871.1, XP_038695872.1, XP_038695873.1, XP_038695874.1, XP_038698551.1, XP_038698552.1, XP_038698553.1
OG0000404	GWHPDONJ004852	XP_038695213.1, XP_038695214.1, XP_038695215.1, XP_038695216.1, XP_038695217.1, XP_038695218.1, XP_038700383.1, XP_038700385.1, XP_038700386.1, XP_038700387.1
OG0000405	GWHPDONJ005253	XP_038702615.1, XP_038702620.1, XP_038720539.1, XP_038720540.1, XP_038720543.1, XP_038720544.1, XP_038720545.1, XP_038723044.1, XP_038723045.1, XP_038723046.1
OG0000406	GWHPDONJ005335	XP_038678407.1, XP_038678434.1, XP_038682390.1, XP_038682391.1, XP_038697472.1, XP_038698465.1, XP_038707256.1, XP_038713419.1, XP_038715050.1, XP_038722016.1
OG0000407	GWHPDONJ005834	XP_038678471.1, XP_038678475.1, XP_038678480.1, XP_038692089.1, XP_038692090.1, XP_038692091.1, XP_038706328.1, XP_038706329.1, XP_038706330.1, XP_038706331.1
OG0000408	GWHPDONJ006043	XP_038699570.1, XP_038723562.1, XP_038723563.1, XP_038723564.1, XP_038723565.1, XP_038723566.1, XP_038723567.1, XP_038723568.1, XP_038723569.1, XP_038723570.1
OG0000409	GWHPDONJ006185	XP_038681782.1, XP_038693353.1, XP_038693354.1, XP_038693355.1, XP_038707544.1, XP_038707545.1, XP_038707546.1, XP_038707547.1, XP_038719318.1, XP_038722693.1
OG0000410	GWHPDONJ006348	XP_038679681.1, XP_038679682.1, XP_038679683.1, XP_038710935.1, XP_038710936.1, XP_038710937.1, XP_038710938.1, XP_038710939.1, XP_038710940.1, XP_038710942.1
OG0000411	GWHPDONJ006410	XP_038693953.1, XP_038693954.1, XP_038705947.1, XP_038705948.1, XP_038705949.1, XP_038705950.1, XP_038705990.1, XP_038705991.1, XP_038705992.1, XP_038705993.1
OG0000412	GWHPDONJ006839	XP_038702991.1, XP_038702992.1, XP_038702993.1, XP_038702994.1, XP_038702995.1, XP_038702996.1, XP_038702997.1, XP_038702998.1, XP_038702999.1, XP_038703000.1
OG0000413	GWHPDONJ007378	XP_038690736.1, XP_038690737.1, XP_038690738.1, XP_038690739.1, XP_038690740.1, XP_038690741.1, XP_038690743.1, XP_038690744.1, XP_038690745.1, XP_038690746.1
OG0000414	GWHPDONJ007535	XP_038689769.1, XP_038689770.1, XP_038689772.1, XP_038689773.1, XP_038689774.1, XP_038689775.1, XP_038689776.1, XP_038689777.1, XP_038689778.1, XP_038701640.1
OG0000415	GWHPDONJ007723	XP_038683812.1, XP_038683813.1, XP_038686118.1, XP_038686119.1, XP_038686120.1, XP_038686121.1, XP_038708996.1, XP_038708997.1, XP_038708998.1, XP_038708999.1
OG0000416	GWHPDONJ007761	XP_038705514.1, XP_038705515.1, XP_038705516.1, XP_038711081.1, XP_038711082.1, XP_038711083.1, XP_038711084.1, XP_038711087.1, XP_038711088.1, XP_038711089.1
OG0000417	GWHPDONJ007833	XP_038701432.1, XP_038701433.1, XP_038701434.1, XP_038719174.1, XP_038719175.1, XP_038719176.1, XP_038719177.1, XP_038719178.1, XP_038725890.1, XP_038725898.1
OG0000418	GWHPDONJ008064	XP_038696647.1, XP_038696655.1, XP_038696661.1, XP_038696669.1, XP_038701922.1, XP_038701924.1, XP_038701925.1, XP_038701926.1, XP_038701927.1, XP_038701928.1
OG0000419	GWHPDONJ008530, GWHPDONJ010780	XP_038682234.1, XP_038682235.1, XP_038683998.1, XP_038700421.1, XP_038700422.1, XP_038700423.1, XP_038700424.1, XP_038700425.1, XP_038700426.1
OG0000420	GWHPDONJ008595	XP_038697513.1, XP_038721207.1, XP_038721209.1, XP_038721210.1, XP_038721211.1, XP_038721212.1, XP_038721213.1, XP_038721214.1, XP_038721215.1, XP_038721216.1
OG0000421	GWHPDONJ008627	XP_038697853.1, XP_038697854.1, XP_038697855.1, XP_038697856.1, XP_038697857.1, XP_038697858.1, XP_038697859.1, XP_038697860.1, XP_038697861.1, XP_038697862.1
OG0000422	GWHPDONJ008934	XP_038693323.1, XP_038693324.1, XP_038706586.1, XP_038706587.1, XP_038707033.1, XP_038717502.1, XP_038717503.1, XP_038717504.1, XP_038717505.1, XP_038717506.1
OG0000423	GWHPDONJ009156	XP_038686517.1, XP_038686518.1, XP_038689740.1, XP_038689741.1, XP_038689742.1, XP_038690104.1, XP_038690105.1, XP_038690106.1, XP_038690107.1, XP_038690108.1
OG0000424	GWHPDONJ009401	XP_038683787.1, XP_038683788.1, XP_038683789.1, XP_038683790.1, XP_038683791.1, XP_038683792.1, XP_038683793.1, XP_038683794.1, XP_038685831.1, XP_038709143.1
OG0000425	GWHPDONJ009571	XP_038714004.1, XP_038714005.1, XP_038714006.1, XP_038714007.1, XP_038714008.1, XP_038718309.1, XP_038718310.1, XP_038718311.1, XP_038718312.1, XP_038718314.1
OG0000426	GWHPDONJ009872	XP_038695069.1, XP_038695070.1, XP_038695071.1, XP_038695072.1, XP_038695073.1, XP_038699412.1, XP_038699413.1, XP_038699414.1, XP_038699415.1, XP_038699416.1
OG0000427	GWHPDONJ009961	XP_038723199.1, XP_038723200.1, XP_038723201.1, XP_038723202.1, XP_038723203.1, XP_038723219.1, XP_038723220.1, XP_038723221.1, XP_038723222.1, XP_038723223.1
OG0000428	GWHPDONJ010276	XP_038690558.1, XP_038690566.1, XP_038697582.1, XP_038697583.1, XP_038697585.1, XP_038702126.1, XP_038702127.1, XP_038702128.1, XP_038702129.1, XP_038721759.1
OG0000429	GWHPDONJ010600	XP_038690921.1, XP_038691348.1, XP_038691349.1, XP_038691350.1, XP_038691503.1, XP_038691504.1, XP_038711560.1, XP_038711561.1, XP_038711562.1, XP_038711563.1
OG0000430	Null	XP_038678364.1, XP_038679082.1, XP_038679094.1, XP_038679103.1, XP_038679111.1, XP_038699673.1, XP_038701683.1, XP_038702468.1, XP_038719468.1, XP_038719476.1, XP_038719815.1
OG0000431	Null	XP_038678611.1, XP_038678738.1, XP_038696136.1, XP_038696929.1, XP_038697008.1, XP_038725893.1, XP_038725899.1, XP_038726098.1, XP_038726241.1, XP_038726320.1, XP_038726388.1
OG0000432	Null	XP_038678784.1, XP_038693091.1, XP_038693092.1, XP_038693093.1, XP_038693095.1, XP_038702049.1, XP_038702050.1, XP_038702051.1, XP_038712699.1, XP_038719142.1, XP_038721001.1
OG0000433	Null	XP_038678871.1, XP_038678872.1, XP_038678873.1, XP_038678874.1, XP_038678875.1, XP_038678876.1, XP_038678877.1, XP_038678878.1, XP_038678879.1, XP_038691186.1, XP_038691187.1
OG0000434	Null	XP_038679101.1, XP_038689675.1, XP_038691198.1, XP_038691207.1, XP_038696448.1, XP_038696449.1, XP_038698264.1, XP_038698523.1, XP_038698524.1, XP_038702416.1, XP_038719732.1
OG0000435	Null	XP_038679197.1, XP_038681514.1, XP_038684104.1, XP_038693682.1, XP_038701275.1, XP_038708729.1, XP_038708738.1, XP_038717858.1, XP_038718448.1, XP_038719350.1, XP_038720933.1
OG0000436	Null	XP_038679521.1, XP_038679522.1, XP_038684194.1, XP_038686994.1, XP_038693128.1, XP_038713632.1, XP_038713633.1, XP_038714712.1, XP_038722664.1, XP_038725034.1, XP_038725503.1
OG0000437	Null	XP_038679570.1, XP_038680902.1, XP_038681331.1, XP_038682505.1, XP_038684843.1, XP_038684844.1, XP_038684845.1, XP_038684847.1, XP_038684848.1, XP_038708790.1, XP_038709919.1
OG0000438	Null	XP_038679590.1, XP_038681519.1, XP_038681520.1, XP_038681986.1, XP_038683973.1, XP_038688421.1, XP_038694635.1, XP_038709127.1, XP_038713984.1, XP_038718101.1, XP_038725796.1
OG0000439	Null	XP_038680422.1, XP_038687403.1, XP_038716946.1, XP_038716947.1, XP_038716948.1, XP_038716949.1, XP_038716950.1, XP_038716951.1, XP_038716952.1, XP_038716953.1, XP_038716954.1
OG0000440	Null	XP_038680477.1, XP_038680478.1, XP_038680480.1, XP_038680481.1, XP_038680482.1, XP_038680483.1, XP_038704013.1, XP_038704014.1, XP_038704015.1, XP_038704016.1, XP_038704017.1
OG0000441	Null	XP_038680616.1, XP_038680617.1, XP_038684924.1, XP_038700536.1, XP_038700537.1, XP_038700538.1, XP_038700539.1, XP_038706893.1, XP_038711816.1, XP_038721302.1, XP_038721310.1
OG0000442	Null	XP_038680646.1, XP_038688686.1, XP_038698202.1, XP_038698214.1, XP_038698224.1, XP_038698633.1, XP_038703324.1, XP_038709723.1, XP_038709724.1, XP_038713906.1, XP_038713907.1
OG0000443	Null	XP_038680675.1, XP_038682008.1, XP_038689959.1, XP_038693705.1, XP_038693707.1, XP_038693708.1, XP_038693709.1, XP_038704644.1, XP_038707907.1, XP_038718176.1, XP_038723911.1
OG0000444	Null	XP_038680882.1, XP_038681999.1, XP_038683017.1, XP_038696072.1, XP_038698484.1, XP_038701798.1, XP_038707242.1, XP_038707332.1, XP_038712449.1, XP_038712459.1, XP_038719959.1
OG0000445	Null	XP_038681211.1, XP_038681212.1, XP_038681213.1, XP_038683227.1, XP_038683228.1, XP_038683229.1, XP_038683230.1, XP_038685395.1, XP_038709180.1, XP_038709181.1, XP_038709216.1
OG0000446	Null	XP_038681288.1, XP_038681302.1, XP_038681309.1, XP_038681318.1, XP_038681326.1, XP_038681333.1, XP_038681338.1, XP_038681346.1, XP_038706103.1, XP_038706104.1, XP_038706106.1
OG0000447	Null	XP_038681290.1, XP_038681291.1, XP_038681292.1, XP_038681293.1, XP_038681294.1, XP_038717715.1, XP_038717716.1, XP_038717717.1, XP_038717718.1, XP_038717719.1, XP_038717720.1
OG0000448	Null	XP_038681415.1, XP_038683427.1, XP_038686881.1, XP_038688156.1, XP_038691807.1, XP_038702864.1, XP_038702865.1, XP_038704691.1, XP_038704692.1, XP_038712375.1, XP_038724364.1
OG0000449	Null	XP_038681975.1, XP_038701033.1, XP_038705641.1, XP_038706965.1, XP_038710127.1, XP_038710135.1, XP_038724615.1, XP_038724616.1, XP_038724617.1, XP_038725542.1, XP_038725543.1
OG0000450	Null	XP_038682039.1, XP_038684470.1, XP_038696274.1, XP_038696275.1, XP_038696276.1, XP_038696277.1, XP_038698222.1, XP_038698223.1, XP_038709327.1, XP_038709329.1, XP_038725880.1
OG0000451	Null	XP_038682064.1, XP_038683946.1, XP_038717687.1, XP_038717688.1, XP_038717689.1, XP_038717690.1, XP_038717691.1, XP_038717692.1, XP_038717693.1, XP_038717694.1, XP_038717695.1
OG0000452	Null	XP_038682633.1, XP_038682634.1, XP_038684257.1, XP_038697852.1, XP_038706276.1, XP_038706343.1, XP_038718317.1, XP_038719439.1, XP_038719512.1, XP_038725097.1, XP_038725098.1
OG0000453	Null	XP_038682806.1, XP_038682808.1, XP_038682809.1, XP_038684650.1, XP_038684651.1, XP_038708457.1, XP_038708458.1, XP_038708459.1, XP_038708460.1, XP_038708461.1, XP_038708462.1
OG0000454	Null	XP_038683005.1, XP_038685806.1, XP_038687460.1, XP_038687465.1, XP_038687523.1, XP_038697222.1, XP_038699593.1, XP_038704713.1, XP_038704727.1, XP_038717272.1, XP_038717989.1
OG0000455	Null	XP_038683176.1, XP_038683177.1, XP_038686606.1, XP_038686613.1, XP_038686616.1, XP_038686618.1, XP_038688611.1, XP_038688613.1, XP_038688614.1, XP_038688615.1, XP_038691148.1
OG0000456	Null	XP_038683877.1, XP_038686211.1, XP_038687114.1, XP_038687115.1, XP_038692237.1, XP_038692238.1, XP_038692239.1, XP_038692240.1, XP_038692241.1, XP_038709245.1, XP_038712826.1
OG0000457	Null	XP_038685224.1, XP_038717542.1, XP_038717543.1, XP_038717544.1, XP_038717545.1, XP_038717546.1, XP_038717547.1, XP_038717549.1, XP_038717550.1, XP_038717551.1, XP_038717552.1
OG0000458	Null	XP_038685244.1, XP_038685245.1, XP_038685246.1, XP_038709361.1, XP_038709362.1, XP_038709363.1, XP_038709364.1, XP_038709365.1, XP_038709367.1, XP_038709368.1, XP_038709369.1
OG0000459	Null	XP_038685634.1, XP_038685690.1, XP_038686079.1, XP_038686080.1, XP_038686082.1, XP_038686083.1, XP_038686084.1, XP_038689795.1, XP_038708529.1, XP_038722246.1, XP_038722721.1
OG0000460	Null	XP_038686889.1, XP_038698993.1, XP_038699860.1, XP_038699861.1, XP_038699862.1, XP_038702187.1, XP_038718930.1, XP_038721195.1, XP_038721197.1, XP_038722263.1, XP_038722264.1
OG0000461	Null	XP_038687390.1, XP_038687606.1, XP_038687914.1, XP_038688306.1, XP_038694641.1, XP_038701711.1, XP_038719449.1, XP_038719928.1, XP_038719930.1, XP_038720881.1, XP_038725517.1
OG0000462	Null	XP_038687459.1, XP_038687461.1, XP_038687462.1, XP_038687463.1, XP_038687466.1, XP_038687468.1, XP_038687469.1, XP_038687470.1, XP_038687474.1, XP_038688394.1, XP_038704772.1
OG0000463	Null	XP_038687578.1, XP_038687580.1, XP_038688091.1, XP_038688092.1, XP_038688093.1, XP_038688094.1, XP_038688098.1, XP_038688099.1, XP_038688100.1, XP_038688101.1, XP_038725580.1
OG0000464	Null	XP_038688982.1, XP_038695226.1, XP_038695227.1, XP_038695228.1, XP_038695229.1, XP_038698654.1, XP_038710192.1, XP_038710193.1, XP_038710194.1, XP_038710195.1, XP_038710196.1
OG0000465	Null	XP_038689251.1, XP_038689263.1, XP_038690111.1, XP_038690119.1, XP_038690128.1, XP_038690139.1, XP_038693103.1, XP_038716880.1, XP_038718963.1, XP_038718964.1, XP_038723940.1
OG0000466	Null	XP_038689554.1, XP_038689626.1, XP_038689702.1, XP_038689785.1, XP_038689849.1, XP_038689929.1, XP_038724084.1, XP_038724085.1, XP_038724086.1, XP_038724087.1, XP_038724088.1
OG0000467	Null	XP_038692453.1, XP_038692774.1, XP_038692775.1, XP_038703598.1, XP_038704877.1, XP_038704879.1, XP_038705025.1, XP_038705250.1, XP_038713005.1, XP_038713006.1, XP_038713007.1
OG0000468	Null	XP_038693054.1, XP_038709040.1, XP_038709041.1, XP_038709042.1, XP_038709530.1, XP_038709531.1, XP_038710725.1, XP_038710726.1, XP_038710727.1, XP_038710728.1, XP_038717078.1
OG0000469	Null	XP_038694198.1, XP_038703057.1, XP_038705444.1, XP_038705446.1, XP_038705447.1, XP_038705448.1, XP_038705449.1, XP_038710049.1, XP_038720402.1, XP_038722907.1, XP_038722908.1
OG0000470	Null	XP_038695427.1, XP_038700509.1, XP_038700510.1, XP_038700511.1, XP_038700512.1, XP_038700513.1, XP_038700515.1, XP_038700516.1, XP_038700517.1, XP_038700518.1, XP_038700519.1
OG0000471	Null	XP_038695654.1, XP_038695656.1, XP_038695657.1, XP_038695658.1, XP_038695659.1, XP_038695660.1, XP_038710988.1, XP_038717028.1, XP_038717029.1, XP_038717030.1, XP_038717031.1
OG0000472	Null	XP_038696221.1, XP_038696222.1, XP_038696223.1, XP_038696224.1, XP_038696225.1, XP_038696226.1, XP_038696227.1, XP_038696228.1, XP_038696229.1, XP_038700028.1, XP_038716673.1
OG0000473	Null	XP_038696559.1, XP_038696561.1, XP_038696562.1, XP_038700112.1, XP_038700114.1, XP_038707257.1, XP_038707258.1, XP_038725875.1, XP_038725876.1, XP_038725878.1, XP_038725879.1
OG0000474	Null	XP_038696584.1, XP_038696875.1, XP_038699100.1, XP_038699101.1, XP_038699102.1, XP_038699158.1, XP_038699388.1, XP_038699389.1, XP_038705379.1, XP_038711257.1, XP_038725240.1
OG0000475	Null	XP_038696958.1, XP_038697493.1, XP_038704988.1, XP_038705063.1, XP_038705064.1, XP_038705065.1, XP_038705066.1, XP_038705067.1, XP_038705068.1, XP_038705069.1, XP_038719582.1
OG0000476	Null	XP_038697055.1, XP_038698053.1, XP_038698453.1, XP_038699577.1, XP_038699578.1, XP_038699581.1, XP_038706705.1, XP_038707167.1, XP_038718689.1, XP_038718704.1, XP_038718715.1
OG0000477	Null	XP_038697445.1, XP_038697446.1, XP_038697447.1, XP_038697448.1, XP_038697449.1, XP_038697450.1, XP_038697451.1, XP_038697452.1, XP_038698064.1, XP_038719783.1, XP_038721095.1
OG0000478	Null	XP_038698418.1, XP_038698420.1, XP_038698421.1, XP_038698422.1, XP_038701397.1, XP_038701406.1, XP_038722516.1, XP_038722517.1, XP_038722518.1, XP_038724831.1, XP_038724832.1
OG0000479	Null	XP_038700230.1, XP_038713593.1, XP_038713594.1, XP_038713595.1, XP_038713596.1, XP_038713597.1, XP_038717360.1, XP_038718561.1, XP_038722340.1, XP_038723890.1, XP_038723891.1
OG0000480	Null	XP_038702654.1, XP_038702655.1, XP_038702656.1, XP_038716154.1, XP_038716155.1, XP_038716156.1, XP_038716157.1, XP_038717488.1, XP_038717489.1, XP_038717490.1, XP_038717491.1
OG0000481	Null	XP_038702848.1, XP_038702849.1, XP_038702850.1, XP_038702851.1, XP_038702852.1, XP_038702853.1, XP_038702854.1, XP_038715588.1, XP_038715589.1, XP_038717626.1, XP_038717627.1
OG0000482	Null	XP_038705395.1, XP_038705396.1, XP_038705397.1, XP_038705398.1, XP_038705399.1, XP_038724361.1, XP_038724368.1, XP_038724377.1, XP_038724386.1, XP_038724396.1, XP_038724405.1
OG0000483	Null	XP_038705799.1, XP_038705800.1, XP_038707950.1, XP_038707951.1, XP_038722622.1, XP_038722623.1, XP_038722624.1, XP_038722625.1, XP_038722626.1, XP_038722627.1, XP_038724035.1
OG0000484	Null	XP_038706523.1, XP_038706524.1, XP_038706525.1, XP_038710349.1, XP_038710357.1, XP_038710365.1, XP_038710374.1, XP_038719570.1, XP_038719577.1, XP_038719584.1, XP_038719593.1
OG0000485	Null	XP_038708038.1, XP_038708939.1, XP_038708940.1, XP_038708941.1, XP_038708943.1, XP_038709383.1, XP_038709385.1, XP_038716599.1, XP_038724159.1, XP_038724160.1, XP_038724161.1
OG0000486	Null	XP_038708074.1, XP_038708075.1, XP_038708076.1, XP_038708077.1, XP_038708078.1, XP_038708079.1, XP_038708080.1, XP_038708081.1, XP_038708082.1, XP_038708540.1, XP_038713446.1
OG0000487	Null	XP_038717292.1, XP_038717476.1, XP_038717477.1, XP_038717478.1, XP_038717479.1, XP_038717480.1, XP_038717481.1, XP_038717482.1, XP_038717483.1, XP_038717991.1, XP_038717992.1
OG0000488	Null	XP_038721474.1, XP_038721475.1, XP_038721476.1, XP_038721478.1, XP_038721479.1, XP_038721480.1, XP_038723516.1, XP_038723517.1, XP_038723518.1, XP_038723519.1, XP_038723520.1
OG0000489	Null	XP_038724492.1, XP_038724493.1, XP_038724494.1, XP_038724495.1, XP_038724496.1, XP_038724497.1, XP_038724498.1, XP_038724499.1, XP_038724500.1, XP_038724501.1, XP_038724503.1
OG0000490	Null	XP_038724525.1, XP_038724526.1, XP_038724527.1, XP_038726116.1, XP_038726117.1, XP_038726118.1, XP_038726119.1, XP_038726121.1, XP_038726122.1, XP_038726123.1, XP_038726124.1
OG0000491	GWHPDONJ000001, GWHPDONJ000047, GWHPDONJ000073, GWHPDONJ000704, GWHPDONJ000706, GWHPDONJ002083, GWHPDONJ002209, GWHPDONJ002248, GWHPDONJ002847, GWHPDONJ003785	
OG0000492	GWHPDONJ000099, GWHPDONJ000945, GWHPDONJ001515, GWHPDONJ001562, GWHPDONJ001876, GWHPDONJ002907, GWHPDONJ002953, GWHPDONJ008932, GWHPDONJ009448	XP_038680579.1
OG0000493	GWHPDONJ000136	XP_038703727.1, XP_038704466.1, XP_038706603.1, XP_038715879.1, XP_038715880.1, XP_038715881.1, XP_038715882.1, XP_038722426.1, XP_038722435.1
OG0000494	GWHPDONJ000152, GWHPDONJ000231, GWHPDONJ000636, GWHPDONJ001392, GWHPDONJ001393, GWHPDONJ001790, GWHPDONJ002189, GWHPDONJ002224, GWHPDONJ002758, GWHPDONJ003733	
OG0000495	GWHPDONJ000232, GWHPDONJ000698, GWHPDONJ000699, GWHPDONJ000993, GWHPDONJ003091, GWHPDONJ003322, GWHPDONJ003762, GWHPDONJ007957, GWHPDONJ009162, GWHPDONJ009396	
OG0000496	GWHPDONJ000358	XP_038680276.1, XP_038680277.1, XP_038680278.1, XP_038704842.1, XP_038704843.1, XP_038704844.1, XP_038716371.1, XP_038726225.1, XP_038726226.1
OG0000497	GWHPDONJ000415, GWHPDONJ001120, GWHPDONJ002607, GWHPDONJ003283, GWHPDONJ005492, GWHPDONJ006981, GWHPDONJ007474, GWHPDONJ008094, GWHPDONJ008385, GWHPDONJ008441	
OG0000498	GWHPDONJ000709, GWHPDONJ000743, GWHPDONJ000971, GWHPDONJ001648, GWHPDONJ003436, GWHPDONJ006330, GWHPDONJ007141, GWHPDONJ010815	XP_038697685.1, XP_038711744.1
OG0000499	GWHPDONJ000803, GWHPDONJ002437, GWHPDONJ003671, GWHPDONJ004524, GWHPDONJ009311	XP_038685954.1, XP_038689499.1, XP_038701842.1, XP_038709954.1, XP_038713599.1
OG0000500	GWHPDONJ000860	XP_038682238.1, XP_038682239.1, XP_038682241.1, XP_038682242.1, XP_038682243.1, XP_038682244.1, XP_038682245.1, XP_038682246.1, XP_038682247.1
OG0000501	GWHPDONJ001600, GWHPDONJ009235, GWHPDONJ009236	XP_038705046.1, XP_038705047.1, XP_038705048.1, XP_038715548.1, XP_038715549.1, XP_038715550.1, XP_038715551.1
OG0000502	GWHPDONJ001610, GWHPDONJ001719	XP_038703025.1, XP_038703028.1, XP_038703035.1, XP_038722864.1, XP_038722865.1, XP_038722866.1, XP_038722867.1, XP_038722868.1
OG0000503	GWHPDONJ002177	XP_038691605.1, XP_038711663.1, XP_038711664.1, XP_038711666.1, XP_038711667.1, XP_038711668.1, XP_038711669.1, XP_038711670.1, XP_038711671.1
OG0000504	GWHPDONJ003002, GWHPDONJ003268, GWHPDONJ006653, GWHPDONJ006654	XP_038681529.1, XP_038681530.1, XP_038684119.1, XP_038684201.1, XP_038684202.1, XP_038684203.1
OG0000505	GWHPDONJ003243, GWHPDONJ005359, GWHPDONJ005360	XP_038683361.1, XP_038683362.1, XP_038683363.1, XP_038683364.1, XP_038708175.1, XP_038708176.1, XP_038708177.1
OG0000506	GWHPDONJ003252, GWHPDONJ005355	XP_038692078.1, XP_038692079.1, XP_038692080.1, XP_038692081.1, XP_038692082.1, XP_038692083.1, XP_038705892.1, XP_038705893.1
OG0000507	GWHPDONJ003604	XP_038684464.1, XP_038684473.1, XP_038693802.1, XP_038697973.1, XP_038697976.1, XP_038697977.1, XP_038704672.1, XP_038715027.1, XP_038716676.1
OG0000508	GWHPDONJ003664	XP_038679225.1, XP_038679226.1, XP_038679227.1, XP_038699663.1, XP_038711471.1, XP_038711480.1, XP_038711489.1, XP_038711497.1, XP_038715968.1
OG0000509	GWHPDONJ003789	XP_038686247.1, XP_038686248.1, XP_038686749.1, XP_038686750.1, XP_038689824.1, XP_038691102.1, XP_038691103.1, XP_038709665.1, XP_038709666.1
OG0000510	GWHPDONJ003834	XP_038705413.1, XP_038705414.1, XP_038705415.1, XP_038705416.1, XP_038705417.1, XP_038719664.1, XP_038719673.1, XP_038719682.1, XP_038719690.1
OG0000511	GWHPDONJ003940	XP_038691530.1, XP_038692386.1, XP_038702693.1, XP_038702694.1, XP_038703508.1, XP_038707674.1, XP_038707676.1, XP_038707975.1, XP_038724363.1
OG0000512	GWHPDONJ004347	XP_038696514.1, XP_038696515.1, XP_038696516.1, XP_038696517.1, XP_038696518.1, XP_038700611.1, XP_038700612.1, XP_038700614.1, XP_038725355.1
OG0000513	GWHPDONJ004621	XP_038678533.1, XP_038678534.1, XP_038679927.1, XP_038679928.1, XP_038687291.1, XP_038697108.1, XP_038697109.1, XP_038699329.1, XP_038699565.1
OG0000514	GWHPDONJ004811	XP_038694762.1, XP_038707752.1, XP_038707753.1, XP_038707754.1, XP_038707755.1, XP_038711075.1, XP_038711086.1, XP_038711096.1, XP_038721390.1
OG0000515	GWHPDONJ004832	XP_038696212.1, XP_038696213.1, XP_038696214.1, XP_038696215.1, XP_038696216.1, XP_038699460.1, XP_038699461.1, XP_038699462.1, XP_038699463.1
OG0000516	GWHPDONJ004964	XP_038702034.1, XP_038702035.1, XP_038720591.1, XP_038720592.1, XP_038720593.1, XP_038720594.1, XP_038720595.1, XP_038720596.1, XP_038720597.1
OG0000517	GWHPDONJ005005	XP_038680139.1, XP_038682424.1, XP_038682425.1, XP_038682426.1, XP_038683831.1, XP_038684891.1, XP_038686004.1, XP_038709488.1, XP_038709489.1
OG0000518	GWHPDONJ005031	XP_038682610.1, XP_038682611.1, XP_038683884.1, XP_038683885.1, XP_038683886.1, XP_038683887.1, XP_038685509.1, XP_038685510.1, XP_038720290.1
OG0000519	GWHPDONJ005231	XP_038691232.1, XP_038691233.1, XP_038691234.1, XP_038691235.1, XP_038691237.1, XP_038691238.1, XP_038691239.1, XP_038691240.1, XP_038691241.1
OG0000520	GWHPDONJ005241	XP_038699609.1, XP_038725488.1, XP_038725489.1, XP_038725490.1, XP_038725492.1, XP_038725493.1, XP_038725494.1, XP_038725495.1, XP_038725496.1
OG0000521	GWHPDONJ005273	XP_038695975.1, XP_038695976.1, XP_038695977.1, XP_038725139.1, XP_038725140.1, XP_038725141.1, XP_038725142.1, XP_038725143.1, XP_038725144.1
OG0000522	GWHPDONJ005329	XP_038711129.1, XP_038711130.1, XP_038711131.1, XP_038711133.1, XP_038711134.1, XP_038711135.1, XP_038711136.1, XP_038711137.1, XP_038711138.1
OG0000523	GWHPDONJ005351, GWHPDONJ009868, GWHPDONJ009873	XP_038692753.1, XP_038692756.1, XP_038692757.1, XP_038692758.1, XP_038692759.1, XP_038718047.1, XP_038718048.1
OG0000524	GWHPDONJ005660	XP_038708845.1, XP_038708926.1, XP_038708983.1, XP_038709055.1, XP_038709134.1, XP_038709205.1, XP_038719461.1, XP_038719462.1, XP_038723106.1
OG0000525	GWHPDONJ005900	XP_038690843.1, XP_038690844.1, XP_038690845.1, XP_038690846.1, XP_038690847.1, XP_038710688.1, XP_038710689.1, XP_038710690.1, XP_038710691.1
OG0000526	GWHPDONJ005984	XP_038690593.1, XP_038690594.1, XP_038690595.1, XP_038690596.1, XP_038690597.1, XP_038691609.1, XP_038691611.1, XP_038691612.1, XP_038691613.1
OG0000527	GWHPDONJ006235	XP_038700158.1, XP_038700159.1, XP_038700160.1, XP_038700161.1, XP_038715171.1, XP_038715172.1, XP_038715173.1, XP_038715176.1, XP_038715177.1
OG0000528	GWHPDONJ006373	XP_038680723.1, XP_038680730.1, XP_038680738.1, XP_038680748.1, XP_038680758.1, XP_038680764.1, XP_038706215.1, XP_038706216.1, XP_038706217.1
OG0000529	GWHPDONJ006509	XP_038713195.1, XP_038713196.1, XP_038713197.1, XP_038713198.1, XP_038713199.1, XP_038713200.1, XP_038713201.1, XP_038713202.1, XP_038717003.1
OG0000530	GWHPDONJ006604	XP_038684145.1, XP_038684146.1, XP_038684147.1, XP_038684148.1, XP_038684150.1, XP_038684151.1, XP_038684152.1, XP_038684153.1, XP_038708053.1
OG0000531	GWHPDONJ006866	XP_038690550.1, XP_038690551.1, XP_038690552.1, XP_038690553.1, XP_038690554.1, XP_038690555.1, XP_038713318.1, XP_038724844.1, XP_038724845.1
OG0000532	GWHPDONJ006880	XP_038702873.1, XP_038702875.1, XP_038702876.1, XP_038702877.1, XP_038702878.1, XP_038702879.1, XP_038702880.1, XP_038702881.1, XP_038702882.1
OG0000533	GWHPDONJ006921	XP_038694737.1, XP_038694738.1, XP_038694739.1, XP_038694740.1, XP_038703821.1, XP_038703822.1, XP_038703823.1, XP_038703824.1, XP_038703826.1
OG0000534	GWHPDONJ006988	XP_038680103.1, XP_038680104.1, XP_038680105.1, XP_038688211.1, XP_038688212.1, XP_038725319.1, XP_038725320.1, XP_038725321.1, XP_038725322.1
OG0000535	GWHPDONJ007140	XP_038682313.1, XP_038682321.1, XP_038682327.1, XP_038684982.1, XP_038684983.1, XP_038693410.1, XP_038693412.1, XP_038693413.1, XP_038693414.1
OG0000536	GWHPDONJ007252	XP_038688480.1, XP_038688482.1, XP_038710710.1, XP_038710711.1, XP_038710712.1, XP_038710713.1, XP_038710714.1, XP_038710715.1, XP_038710716.1
OG0000537	GWHPDONJ007427	XP_038693909.1, XP_038693917.1, XP_038701783.1, XP_038716525.1, XP_038716526.1, XP_038716527.1, XP_038718508.1, XP_038720864.1, XP_038722383.1
OG0000538	GWHPDONJ007494	XP_038693866.1, XP_038693867.1, XP_038693868.1, XP_038693869.1, XP_038693870.1, XP_038720808.1, XP_038720820.1, XP_038720828.1, XP_038720836.1
OG0000539	GWHPDONJ007612	XP_038705186.1, XP_038705188.1, XP_038705189.1, XP_038705190.1, XP_038705191.1, XP_038715972.1, XP_038715973.1, XP_038715974.1, XP_038715975.1
OG0000540	GWHPDONJ008016	XP_038699832.1, XP_038699840.1, XP_038699848.1, XP_038699856.1, XP_038699865.1, XP_038721754.1, XP_038721755.1, XP_038722736.1, XP_038722737.1
OG0000541	GWHPDONJ008050	XP_038685782.1, XP_038685786.1, XP_038685791.1, XP_038685798.1, XP_038685805.1, XP_038685810.1, XP_038685816.1, XP_038685820.1, XP_038720825.1
OG0000542	GWHPDONJ008315	XP_038697671.1, XP_038697673.1, XP_038697674.1, XP_038697675.1, XP_038697676.1, XP_038697677.1, XP_038697678.1, XP_038697679.1, XP_038719327.1
OG0000543	GWHPDONJ008388	XP_038706883.1, XP_038706884.1, XP_038724805.1, XP_038724812.1, XP_038724821.1, XP_038724830.1, XP_038724837.1, XP_038724847.1, XP_038724856.1
OG0000544	GWHPDONJ008417	XP_038705583.1, XP_038705590.1, XP_038705600.1, XP_038721550.1, XP_038721551.1, XP_038721552.1, XP_038724143.1, XP_038724144.1, XP_038724145.1
OG0000545	GWHPDONJ008436	XP_038693432.1, XP_038693433.1, XP_038704371.1, XP_038704372.1, XP_038704373.1, XP_038704374.1, XP_038704999.1, XP_038714244.1, XP_038714245.1
OG0000546	GWHPDONJ008462	XP_038695316.1, XP_038695318.1, XP_038695319.1, XP_038695320.1, XP_038695321.1, XP_038695322.1, XP_038700045.1, XP_038700046.1, XP_038725285.1
OG0000547	GWHPDONJ008512, GWHPDONJ009696	XP_038696009.1, XP_038696010.1, XP_038699470.1, XP_038699471.1, XP_038699472.1, XP_038699473.1, XP_038711347.1, XP_038720908.1
OG0000548	GWHPDONJ008598	XP_038697278.1, XP_038697279.1, XP_038697280.1, XP_038697281.1, XP_038697282.1, XP_038697283.1, XP_038720758.1, XP_038720759.1, XP_038720760.1
OG0000549	GWHPDONJ008675	XP_038683820.1, XP_038683822.1, XP_038683823.1, XP_038683824.1, XP_038683825.1, XP_038683826.1, XP_038683827.1, XP_038683828.1, XP_038683829.1
OG0000550	GWHPDONJ008758, GWHPDONJ010501	XP_038680273.1, XP_038687078.1, XP_038687079.1, XP_038687080.1, XP_038687081.1, XP_038687084.1, XP_038687085.1, XP_038687086.1
OG0000551	GWHPDONJ008796	XP_038712188.1, XP_038713922.1, XP_038713923.1, XP_038713924.1, XP_038713925.1, XP_038718603.1, XP_038718604.1, XP_038718605.1, XP_038718745.1
OG0000552	GWHPDONJ008856	XP_038696595.1, XP_038696596.1, XP_038700222.1, XP_038700223.1, XP_038700224.1, XP_038710001.1, XP_038710002.1, XP_038710004.1, XP_038710005.1
OG0000553	GWHPDONJ008860	XP_038694651.1, XP_038700978.1, XP_038701135.1, XP_038712592.1, XP_038712593.1, XP_038712594.1, XP_038712682.1, XP_038712683.1, XP_038718546.1
OG0000554	GWHPDONJ009121	XP_038695292.1, XP_038697033.1, XP_038697034.1, XP_038698180.1, XP_038698181.1, XP_038698182.1, XP_038698183.1, XP_038724453.1, XP_038724454.1
OG0000555	GWHPDONJ009185	XP_038690949.1, XP_038690950.1, XP_038690951.1, XP_038690952.1, XP_038690953.1, XP_038690954.1, XP_038690955.1, XP_038690956.1, XP_038690958.1
OG0000556	GWHPDONJ009308	XP_038690872.1, XP_038690873.1, XP_038690874.1, XP_038690875.1, XP_038690876.1, XP_038690877.1, XP_038690879.1, XP_038690880.1, XP_038690881.1
OG0000557	GWHPDONJ009639	XP_038681402.1, XP_038681403.1, XP_038681404.1, XP_038681405.1, XP_038681406.1, XP_038681407.1, XP_038683358.1, XP_038683359.1, XP_038683360.1
OG0000558	GWHPDONJ009669	XP_038695881.1, XP_038700725.1, XP_038700726.1, XP_038700727.1, XP_038700728.1, XP_038700729.1, XP_038700730.1, XP_038700731.1, XP_038700733.1
OG0000559	GWHPDONJ009752	XP_038692562.1, XP_038692563.1, XP_038692564.1, XP_038692565.1, XP_038692566.1, XP_038692567.1, XP_038705922.1, XP_038705923.1, XP_038705924.1
OG0000560	GWHPDONJ010233	XP_038692135.1, XP_038693005.1, XP_038693006.1, XP_038696012.1, XP_038700125.1, XP_038706959.1, XP_038714376.1, XP_038718869.1, XP_038720153.1
OG0000561	GWHPDONJ010320	XP_038678679.1, XP_038678680.1, XP_038696950.1, XP_038696951.1, XP_038699005.1, XP_038699006.1, XP_038699007.1, XP_038724279.1, XP_038724285.1
OG0000562	GWHPDONJ010617	XP_038680835.1, XP_038683355.1, XP_038683356.1, XP_038695011.1, XP_038711002.1, XP_038715420.1, XP_038715421.1, XP_038717394.1, XP_038725398.1
OG0000563	GWHPDONJ010865	XP_038679553.1, XP_038679554.1, XP_038706321.1, XP_038706322.1, XP_038706869.1, XP_038707194.1, XP_038707196.1, XP_038707851.1, XP_038707852.1
OG0000564	Null	XP_038678688.1, XP_038679520.1, XP_038680949.1, XP_038688224.1, XP_038692967.1, XP_038692968.1, XP_038692969.1, XP_038692970.1, XP_038706344.1, XP_038706345.1
OG0000565	Null	XP_038678765.1, XP_038678766.1, XP_038684763.1, XP_038685311.1, XP_038687855.1, XP_038716917.1, XP_038716918.1, XP_038716919.1, XP_038716920.1, XP_038724463.1
OG0000566	Null	XP_038678864.1, XP_038680033.1, XP_038680368.1, XP_038680585.1, XP_038690220.1, XP_038690221.1, XP_038690617.1, XP_038690618.1, XP_038690619.1, XP_038690620.1
OG0000567	Null	XP_038679355.1, XP_038679356.1, XP_038679357.1, XP_038679358.1, XP_038683479.1, XP_038689296.1, XP_038689300.1, XP_038694910.1, XP_038697793.1, XP_038718136.1
OG0000568	Null	XP_038679458.1, XP_038680951.1, XP_038683033.1, XP_038687514.1, XP_038697145.1, XP_038698002.1, XP_038698006.1, XP_038698015.1, XP_038711492.1, XP_038715041.1
OG0000569	Null	XP_038679509.1, XP_038709603.1, XP_038709604.1, XP_038709605.1, XP_038713718.1, XP_038713725.1, XP_038713734.1, XP_038713743.1, XP_038713752.1, XP_038713761.1
OG0000570	Null	XP_038679563.1, XP_038687682.1, XP_038687683.1, XP_038693994.1, XP_038705374.1, XP_038711261.1, XP_038711270.1, XP_038711276.1, XP_038711281.1, XP_038711290.1
OG0000571	Null	XP_038679895.1, XP_038679896.1, XP_038679897.1, XP_038679898.1, XP_038679899.1, XP_038679900.1, XP_038679901.1, XP_038710707.1, XP_038710708.1, XP_038710709.1
OG0000572	Null	XP_038679954.1, XP_038687343.1, XP_038687350.1, XP_038694845.1, XP_038698850.1, XP_038698851.1, XP_038699257.1, XP_038701265.1, XP_038712780.1, XP_038712789.1
OG0000573	Null	XP_038680035.1, XP_038680036.1, XP_038680037.1, XP_038690854.1, XP_038690855.1, XP_038690856.1, XP_038701779.1, XP_038711050.1, XP_038720665.1, XP_038720666.1
OG0000574	Null	XP_038680230.1, XP_038686270.1, XP_038686271.1, XP_038691325.1, XP_038692530.1, XP_038698811.1, XP_038706243.1, XP_038707335.1, XP_038711063.1, XP_038718458.1
OG0000575	Null	XP_038680402.1, XP_038683186.1, XP_038689682.1, XP_038690038.1, XP_038691601.1, XP_038693588.1, XP_038704620.1, XP_038711635.1, XP_038712898.1, XP_038725413.1
OG0000576	Null	XP_038680869.1, XP_038684108.1, XP_038684113.1, XP_038708016.1, XP_038709315.1, XP_038711774.1, XP_038711775.1, XP_038711776.1, XP_038711777.1, XP_038721597.1
OG0000577	Null	XP_038680892.1, XP_038683095.1, XP_038691695.1, XP_038704677.1, XP_038707212.1, XP_038716056.1, XP_038719775.1, XP_038721181.1, XP_038721990.1, XP_038724006.1
OG0000578	Null	XP_038681187.1, XP_038681188.1, XP_038682957.1, XP_038684637.1, XP_038684638.1, XP_038684639.1, XP_038684640.1, XP_038686585.1, XP_038708917.1, XP_038708918.1
OG0000579	Null	XP_038681218.1, XP_038686539.1, XP_038705614.1, XP_038706251.1, XP_038709632.1, XP_038709633.1, XP_038714406.1, XP_038723539.1, XP_038723540.1, XP_038723541.1
OG0000580	Null	XP_038681726.1, XP_038681727.1, XP_038681728.1, XP_038681729.1, XP_038681730.1, XP_038681731.1, XP_038681732.1, XP_038681733.1, XP_038715790.1, XP_038717638.1
OG0000581	Null	XP_038681886.1, XP_038681887.1, XP_038685922.1, XP_038685929.1, XP_038701345.1, XP_038701346.1, XP_038701347.1, XP_038701348.1, XP_038720992.1, XP_038720993.1
OG0000582	Null	XP_038682022.1, XP_038687969.1, XP_038687970.1, XP_038687971.1, XP_038687972.1, XP_038696279.1, XP_038696813.1, XP_038716388.1, XP_038722051.1, XP_038722615.1
OG0000583	Null	XP_038682047.1, XP_038686558.1, XP_038686690.1, XP_038691051.1, XP_038691190.1, XP_038691756.1, XP_038691769.1, XP_038691920.1, XP_038703320.1, XP_038710380.1
OG0000584	Null	XP_038682112.1, XP_038682113.1, XP_038682114.1, XP_038682115.1, XP_038682116.1, XP_038682117.1, XP_038682118.1, XP_038721431.1, XP_038721983.1, XP_038722764.1
OG0000585	Null	XP_038682767.1, XP_038682768.1, XP_038682769.1, XP_038682770.1, XP_038682771.1, XP_038682772.1, XP_038682773.1, XP_038688667.1, XP_038691901.1, XP_038711431.1
OG0000586	Null	XP_038683056.1, XP_038689471.1, XP_038691749.1, XP_038696790.1, XP_038699689.1, XP_038711829.1, XP_038712443.1, XP_038712728.1, XP_038713398.1, XP_038713455.1
OG0000587	Null	XP_038683313.1, XP_038683662.1, XP_038684102.1, XP_038684465.1, XP_038684466.1, XP_038684564.1, XP_038684565.1, XP_038686284.1, XP_038686285.1, XP_038686287.1
OG0000588	Null	XP_038684522.1, XP_038684523.1, XP_038684524.1, XP_038684525.1, XP_038708099.1, XP_038708100.1, XP_038708102.1, XP_038708103.1, XP_038708104.1, XP_038708105.1
OG0000589	Null	XP_038684551.1, XP_038684552.1, XP_038684553.1, XP_038684554.1, XP_038684555.1, XP_038684556.1, XP_038684557.1, XP_038684558.1, XP_038684559.1, XP_038685644.1
OG0000590	Null	XP_038685132.1, XP_038699163.1, XP_038701149.1, XP_038703898.1, XP_038705148.1, XP_038710121.1, XP_038710958.1, XP_038716884.1, XP_038721045.1, XP_038723547.1
OG0000591	Null	XP_038685472.1, XP_038689815.1, XP_038691874.1, XP_038691876.1, XP_038691877.1, XP_038706067.1, XP_038714951.1, XP_038715168.1, XP_038717020.1, XP_038719018.1
OG0000592	Null	XP_038685663.1, XP_038685665.1, XP_038686672.1, XP_038686673.1, XP_038686679.1, XP_038688491.1, XP_038688595.1, XP_038688777.1, XP_038691020.1, XP_038711060.1
OG0000593	Null	XP_038685703.1, XP_038685711.1, XP_038686715.1, XP_038705378.1, XP_038707925.1, XP_038708150.1, XP_038708151.1, XP_038711824.1, XP_038719706.1, XP_038722636.1
OG0000594	Null	XP_038685913.1, XP_038685914.1, XP_038685915.1, XP_038685916.1, XP_038685917.1, XP_038685918.1, XP_038685919.1, XP_038685920.1, XP_038685921.1, XP_038686064.1
OG0000595	Null	XP_038686383.1, XP_038686384.1, XP_038686385.1, XP_038686386.1, XP_038686387.1, XP_038686388.1, XP_038691682.1, XP_038691683.1, XP_038691684.1, XP_038691685.1
OG0000596	Null	XP_038686703.1, XP_038686705.1, XP_038686706.1, XP_038691138.1, XP_038691139.1, XP_038691140.1, XP_038691141.1, XP_038691142.1, XP_038691143.1, XP_038691144.1
OG0000597	Null	XP_038686894.1, XP_038704527.1, XP_038704528.1, XP_038716297.1, XP_038716298.1, XP_038716299.1, XP_038716300.1, XP_038716301.1, XP_038716302.1, XP_038717044.1
OG0000598	Null	XP_038687307.1, XP_038687308.1, XP_038724384.1, XP_038724385.1, XP_038724387.1, XP_038724388.1, XP_038724389.1, XP_038724390.1, XP_038724391.1, XP_038724392.1
OG0000599	Null	XP_038687770.1, XP_038688822.1, XP_038692474.1, XP_038698046.1, XP_038702451.1, XP_038702453.1, XP_038702454.1, XP_038702825.1, XP_038702826.1, XP_038702827.1
OG0000600	Null	XP_038688892.1, XP_038689199.1, XP_038690624.1, XP_038690625.1, XP_038690626.1, XP_038690627.1, XP_038690628.1, XP_038690629.1, XP_038690630.1, XP_038691255.1
OG0000601	Null	XP_038689147.1, XP_038704657.1, XP_038704681.1, XP_038708813.1, XP_038709549.1, XP_038709550.1, XP_038714977.1, XP_038717102.1, XP_038722148.1, XP_038722149.1
OG0000602	Null	XP_038689402.1, XP_038689410.1, XP_038692788.1, XP_038692795.1, XP_038692802.1, XP_038692809.1, XP_038692818.1, XP_038692826.1, XP_038705164.1, XP_038714807.1
OG0000603	Null	XP_038689432.1, XP_038689437.1, XP_038707331.1, XP_038721766.1, XP_038721767.1, XP_038721768.1, XP_038721769.1, XP_038721770.1, XP_038721771.1, XP_038721772.1
OG0000604	Null	XP_038689470.1, XP_038712658.1, XP_038712659.1, XP_038712660.1, XP_038712661.1, XP_038712662.1, XP_038712663.1, XP_038712664.1, XP_038712665.1, XP_038712666.1
OG0000605	Null	XP_038689627.1, XP_038689635.1, XP_038707803.1, XP_038707804.1, XP_038718807.1, XP_038718808.1, XP_038718809.1, XP_038718810.1, XP_038718811.1, XP_038718812.1
OG0000606	Null	XP_038690931.1, XP_038695904.1, XP_038701209.1, XP_038712156.1, XP_038715833.1, XP_038715834.1, XP_038715835.1, XP_038717555.1, XP_038721595.1, XP_038724460.1
OG0000607	Null	XP_038691709.1, XP_038691710.1, XP_038691711.1, XP_038691712.1, XP_038691713.1, XP_038691714.1, XP_038691715.1, XP_038691716.1, XP_038691718.1, XP_038691719.1
OG0000608	Null	XP_038692115.1, XP_038706910.1, XP_038724759.1, XP_038724760.1, XP_038724761.1, XP_038724762.1, XP_038724763.1, XP_038724764.1, XP_038724765.1, XP_038724766.1
OG0000609	Null	XP_038692217.1, XP_038702690.1, XP_038702691.1, XP_038707406.1, XP_038707407.1, XP_038707408.1, XP_038707409.1, XP_038707410.1, XP_038712174.1, XP_038712910.1
OG0000610	Null	XP_038692311.1, XP_038696580.1, XP_038696581.1, XP_038700481.1, XP_038706885.1, XP_038713626.1, XP_038717669.1, XP_038717670.1, XP_038717671.1, XP_038717672.1
OG0000611	Null	XP_038692322.1, XP_038692400.1, XP_038692476.1, XP_038692553.1, XP_038698718.1, XP_038710228.1, XP_038717704.1, XP_038722406.1, XP_038722407.1, XP_038722408.1
OG0000612	Null	XP_038692360.1, XP_038692361.1, XP_038693113.1, XP_038693114.1, XP_038693115.1, XP_038693116.1, XP_038693117.1, XP_038693118.1, XP_038693119.1, XP_038700013.1
OG0000613	Null	XP_038692677.1, XP_038697217.1, XP_038697218.1, XP_038697219.1, XP_038697220.1, XP_038697221.1, XP_038697223.1, XP_038697224.1, XP_038697225.1, XP_038710041.1
OG0000614	Null	XP_038693069.1, XP_038693070.1, XP_038693071.1, XP_038693072.1, XP_038693074.1, XP_038693075.1, XP_038693077.1, XP_038693078.1, XP_038693079.1, XP_038693080.1
OG0000615	Null	XP_038693204.1, XP_038696187.1, XP_038704274.1, XP_038704294.1, XP_038715709.1, XP_038716887.1, XP_038725166.1, XP_038726093.1, XP_038726095.1, XP_038726096.1
OG0000616	Null	XP_038693286.1, XP_038693287.1, XP_038693288.1, XP_038713577.1, XP_038713578.1, XP_038713579.1, XP_038713580.1, XP_038713581.1, XP_038713582.1, XP_038713583.1
OG0000617	Null	XP_038693545.1, XP_038693546.1, XP_038693547.1, XP_038693548.1, XP_038693549.1, XP_038693550.1, XP_038693551.1, XP_038693552.1, XP_038693553.1, XP_038693554.1
OG0000618	Null	XP_038694066.1, XP_038702558.1, XP_038714212.1, XP_038716603.1, XP_038717046.1, XP_038717356.1, XP_038718206.1, XP_038719657.1, XP_038721648.1, XP_038722619.1
OG0000619	Null	XP_038694108.1, XP_038695612.1, XP_038698565.1, XP_038704266.1, XP_038704755.1, XP_038705549.1, XP_038710588.1, XP_038710951.1, XP_038713293.1, XP_038716068.1
OG0000620	Null	XP_038694123.1, XP_038700740.1, XP_038700745.1, XP_038706651.1, XP_038706652.1, XP_038706653.1, XP_038706654.1, XP_038719663.1, XP_038722997.1, XP_038725785.1
OG0000621	Null	XP_038694185.1, XP_038707536.1, XP_038707537.1, XP_038707538.1, XP_038707539.1, XP_038707540.1, XP_038707541.1, XP_038707542.1, XP_038707543.1, XP_038724536.1
OG0000622	Null	XP_038694675.1, XP_038694676.1, XP_038703646.1, XP_038703647.1, XP_038703648.1, XP_038715386.1, XP_038715387.1, XP_038718144.1, XP_038718145.1, XP_038718146.1
OG0000623	Null	XP_038694784.1, XP_038694785.1, XP_038694786.1, XP_038703802.1, XP_038703854.1, XP_038703855.1, XP_038703856.1, XP_038703857.1, XP_038703858.1, XP_038703859.1
OG0000624	Null	XP_038694968.1, XP_038694969.1, XP_038694970.1, XP_038694971.1, XP_038721966.1, XP_038721972.1, XP_038721977.1, XP_038721981.1, XP_038721984.1, XP_038721991.1
OG0000625	Null	XP_038695004.1, XP_038695005.1, XP_038695006.1, XP_038695007.1, XP_038695008.1, XP_038695009.1, XP_038700055.1, XP_038700056.1, XP_038700057.1, XP_038700058.1
OG0000626	Null	XP_038695085.1, XP_038695086.1, XP_038699602.1, XP_038703771.1, XP_038703772.1, XP_038709748.1, XP_038709749.1, XP_038709750.1, XP_038709751.1, XP_038715604.1
OG0000627	Null	XP_038695541.1, XP_038695542.1, XP_038695543.1, XP_038695544.1, XP_038695545.1, XP_038695546.1, XP_038695547.1, XP_038695549.1, XP_038695550.1, XP_038695551.1
OG0000628	Null	XP_038695695.1, XP_038699794.1, XP_038699795.1, XP_038699797.1, XP_038699798.1, XP_038699799.1, XP_038699800.1, XP_038699801.1, XP_038724618.1, XP_038724619.1
OG0000629	Null	XP_038696329.1, XP_038696339.1, XP_038699090.1, XP_038699091.1, XP_038702007.1, XP_038702149.1, XP_038702150.1, XP_038720291.1, XP_038720944.1, XP_038723227.1
OG0000630	Null	XP_038696606.1, XP_038696608.1, XP_038696609.1, XP_038696610.1, XP_038696611.1, XP_038696612.1, XP_038699325.1, XP_038699326.1, XP_038699327.1, XP_038699328.1
OG0000631	Null	XP_038696957.1, XP_038698566.1, XP_038701716.1, XP_038712497.1, XP_038712498.1, XP_038712499.1, XP_038712500.1, XP_038721762.1, XP_038721763.1, XP_038721764.1
OG0000632	Null	XP_038698934.1, XP_038698935.1, XP_038698936.1, XP_038698937.1, XP_038698938.1, XP_038698939.1, XP_038698940.1, XP_038698941.1, XP_038698942.1, XP_038698943.1
OG0000633	Null	XP_038699330.1, XP_038699331.1, XP_038699332.1, XP_038699333.1, XP_038699334.1, XP_038699335.1, XP_038699336.1, XP_038699338.1, XP_038724702.1, XP_038724703.1
OG0000634	Null	XP_038699938.1, XP_038699940.1, XP_038699941.1, XP_038699942.1, XP_038699943.1, XP_038699944.1, XP_038699945.1, XP_038699946.1, XP_038699947.1, XP_038699948.1
OG0000635	Null	XP_038700645.1, XP_038722722.1, XP_038722724.1, XP_038722725.1, XP_038722726.1, XP_038722727.1, XP_038722728.1, XP_038722729.1, XP_038722730.1, XP_038722731.1
OG0000636	Null	XP_038700934.1, XP_038700942.1, XP_038700948.1, XP_038700956.1, XP_038703171.1, XP_038703172.1, XP_038703173.1, XP_038719340.1, XP_038719341.1, XP_038719342.1
OG0000637	Null	XP_038701468.1, XP_038701469.1, XP_038720744.1, XP_038720745.1, XP_038720747.1, XP_038720748.1, XP_038720749.1, XP_038720750.1, XP_038720751.1, XP_038720752.1
OG0000638	Null	XP_038701721.1, XP_038701722.1, XP_038701723.1, XP_038701724.1, XP_038701725.1, XP_038703053.1, XP_038703054.1, XP_038704762.1, XP_038717110.1, XP_038717111.1
OG0000639	Null	XP_038701756.1, XP_038701757.1, XP_038701758.1, XP_038701759.1, XP_038701760.1, XP_038701761.1, XP_038701762.1, XP_038701763.1, XP_038701764.1, XP_038701765.1
OG0000640	Null	XP_038703162.1, XP_038703163.1, XP_038703164.1, XP_038703165.1, XP_038703167.1, XP_038703168.1, XP_038703169.1, XP_038703170.1, XP_038714819.1, XP_038714820.1
OG0000641	Null	XP_038703542.1, XP_038703543.1, XP_038703544.1, XP_038714825.1, XP_038714826.1, XP_038714827.1, XP_038714828.1, XP_038714830.1, XP_038714831.1, XP_038714832.1
OG0000642	Null	XP_038703869.1, XP_038703870.1, XP_038703871.1, XP_038703872.1, XP_038703873.1, XP_038703874.1, XP_038703875.1, XP_038713027.1, XP_038713028.1, XP_038713029.1
OG0000643	Null	XP_038704042.1, XP_038704043.1, XP_038704044.1, XP_038715611.1, XP_038715612.1, XP_038717133.1, XP_038717134.1, XP_038717135.1, XP_038717137.1, XP_038721663.1
OG0000644	Null	XP_038704127.1, XP_038704128.1, XP_038704129.1, XP_038704131.1, XP_038704132.1, XP_038721036.1, XP_038721037.1, XP_038721038.1, XP_038721039.1, XP_038721040.1
OG0000645	Null	XP_038706803.1, XP_038706804.1, XP_038706805.1, XP_038706806.1, XP_038723140.1, XP_038723148.1, XP_038723157.1, XP_038723167.1, XP_038723172.1, XP_038723180.1
OG0000646	Null	XP_038707489.1, XP_038721664.1, XP_038721671.1, XP_038721679.1, XP_038721688.1, XP_038721697.1, XP_038721705.1, XP_038721711.1, XP_038721720.1, XP_038721727.1
OG0000647	Null	XP_038707726.1, XP_038707727.1, XP_038707728.1, XP_038707729.1, XP_038707730.1, XP_038707731.1, XP_038707732.1, XP_038707733.1, XP_038707734.1, XP_038707735.1
OG0000648	Null	XP_038713326.1, XP_038713327.1, XP_038713328.1, XP_038713329.1, XP_038714160.1, XP_038714162.1, XP_038714163.1, XP_038714164.1, XP_038714165.1, XP_038721064.1
OG0000649	Null	XP_038714767.1, XP_038714769.1, XP_038714770.1, XP_038717872.1, XP_038717873.1, XP_038717874.1, XP_038717875.1, XP_038717876.1, XP_038717877.1, XP_038717878.1
OG0000650	Null	XP_038715465.1, XP_038715467.1, XP_038715468.1, XP_038715469.1, XP_038715470.1, XP_038715471.1, XP_038715472.1, XP_038715473.1, XP_038715474.1, XP_038717060.1
OG0000651	Null	XP_038715485.1, XP_038715486.1, XP_038715488.1, XP_038715489.1, XP_038715490.1, XP_038715491.1, XP_038715492.1, XP_038715493.1, XP_038718152.1, XP_038718154.1
OG0000652	Null	XP_038715743.1, XP_038715744.1, XP_038715745.1, XP_038715746.1, XP_038715747.1, XP_038715748.1, XP_038715749.1, XP_038715750.1, XP_038715751.1, XP_038715752.1
OG0000653	Null	XP_038719450.1, XP_038719451.1, XP_038719452.1, XP_038719453.1, XP_038719454.1, XP_038719455.1, XP_038719457.1, XP_038719458.1, XP_038719459.1, XP_038719460.1
OG0000654	Null	XP_038720669.1, XP_038720670.1, XP_038720671.1, XP_038720672.1, XP_038720673.1, XP_038723459.1, XP_038723460.1, XP_038723461.1, XP_038723462.1, XP_038723463.1
OG0000655	Null	XP_038725272.1, XP_038725273.1, XP_038725274.1, XP_038725275.1, XP_038725276.1, XP_038725277.1, XP_038725279.1, XP_038725280.1, XP_038725281.1, XP_038725282.1
OG0000656	GWHPDONJ000097, GWHPDONJ000123, GWHPDONJ000296, GWHPDONJ001164, GWHPDONJ001454, GWHPDONJ001572, GWHPDONJ002845, GWHPDONJ002913, GWHPDONJ004496	
OG0000657	GWHPDONJ000118, GWHPDONJ000159, GWHPDONJ000292, GWHPDONJ001141, GWHPDONJ001146, GWHPDONJ001310, GWHPDONJ001705, GWHPDONJ002840, GWHPDONJ003555	
OG0000658	GWHPDONJ000189, GWHPDONJ000656, GWHPDONJ000684, GWHPDONJ000876, GWHPDONJ001978, GWHPDONJ006584, GWHPDONJ008176, GWHPDONJ009021, GWHPDONJ010888	
OG0000659	GWHPDONJ000194, GWHPDONJ001506, GWHPDONJ001627, GWHPDONJ002366, GWHPDONJ002786, GWHPDONJ003673, GWHPDONJ007599, GWHPDONJ010069	XP_038695504.1
OG0000660	GWHPDONJ000410	XP_038694166.1, XP_038694174.1, XP_038694184.1, XP_038694186.1, XP_038694196.1, XP_038694204.1, XP_038694212.1, XP_038694221.1
OG0000661	GWHPDONJ000559, GWHPDONJ000866, GWHPDONJ001345, GWHPDONJ001854, GWHPDONJ006894, GWHPDONJ006916, GWHPDONJ007238, GWHPDONJ007301, GWHPDONJ007630	
OG0000662	GWHPDONJ000572	XP_038704345.1, XP_038704346.1, XP_038704347.1, XP_038704348.1, XP_038704349.1, XP_038704350.1, XP_038704351.1, XP_038704352.1
OG0000663	GWHPDONJ000843, GWHPDONJ001013, GWHPDONJ001520, GWHPDONJ001946, GWHPDONJ003161, GWHPDONJ004035, GWHPDONJ004934, GWHPDONJ008274, GWHPDONJ010616	
OG0000664	GWHPDONJ001068	XP_038679191.1, XP_038679192.1, XP_038679193.1, XP_038679194.1, XP_038679195.1, XP_038679232.1, XP_038710879.1, XP_038710880.1
OG0000665	GWHPDONJ001188	XP_038678926.1, XP_038689879.1, XP_038689880.1, XP_038697505.1, XP_038701956.1, XP_038701957.1, XP_038713637.1, XP_038713638.1
OG0000666	GWHPDONJ001615	XP_038694305.1, XP_038712381.1, XP_038712389.1, XP_038712397.1, XP_038712403.1, XP_038712411.1, XP_038712420.1, XP_038712427.1
OG0000667	GWHPDONJ002046	XP_038686229.1, XP_038686230.1, XP_038688543.1, XP_038693747.1, XP_038699598.1, XP_038706346.1, XP_038706347.1, XP_038706348.1
OG0000668	GWHPDONJ002370	XP_038701118.1, XP_038701119.1, XP_038701120.1, XP_038701122.1, XP_038706515.1, XP_038718489.1, XP_038718490.1, XP_038724550.1
OG0000669	GWHPDONJ002472, GWHPDONJ006314, GWHPDONJ010580	XP_038682380.1, XP_038700849.1, XP_038711556.1, XP_038711557.1, XP_038719885.1, XP_038721322.1
OG0000670	GWHPDONJ002728	XP_038691750.1, XP_038691751.1, XP_038711293.1, XP_038711294.1, XP_038711295.1, XP_038711296.1, XP_038711297.1, XP_038711298.1
OG0000671	GWHPDONJ003451, GWHPDONJ009345	XP_038679028.1, XP_038679037.1, XP_038679044.1, XP_038705580.1, XP_038705581.1, XP_038705582.1, XP_038705584.1
OG0000672	GWHPDONJ003827	XP_038692848.1, XP_038692849.1, XP_038692850.1, XP_038706810.1, XP_038706812.1, XP_038706813.1, XP_038706814.1, XP_038706815.1
OG0000673	GWHPDONJ003876	XP_038693469.1, XP_038693470.1, XP_038693471.1, XP_038722716.1, XP_038722723.1, XP_038722733.1, XP_038722740.1, XP_038722748.1
OG0000674	GWHPDONJ003962	XP_038684025.1, XP_038684026.1, XP_038684027.1, XP_038684029.1, XP_038684030.1, XP_038684031.1, XP_038684032.1, XP_038684033.1
OG0000675	GWHPDONJ004005	XP_038704492.1, XP_038716445.1, XP_038716446.1, XP_038716447.1, XP_038716448.1, XP_038718338.1, XP_038718339.1, XP_038718340.1
OG0000676	GWHPDONJ004144	XP_038694607.1, XP_038694608.1, XP_038694609.1, XP_038712927.1, XP_038712928.1, XP_038717854.1, XP_038717855.1, XP_038717856.1
OG0000677	GWHPDONJ004186	XP_038696252.1, XP_038696254.1, XP_038696255.1, XP_038696256.1, XP_038700282.1, XP_038711419.1, XP_038711420.1, XP_038711421.1
OG0000678	GWHPDONJ004204	XP_038700597.1, XP_038700598.1, XP_038700599.1, XP_038700600.1, XP_038700601.1, XP_038700602.1, XP_038709956.1, XP_038709957.1
OG0000679	GWHPDONJ004208	XP_038696889.1, XP_038696890.1, XP_038699401.1, XP_038699402.1, XP_038699403.1, XP_038699404.1, XP_038710482.1, XP_038710483.1
OG0000680	GWHPDONJ004560, GWHPDONJ004875	XP_038678650.1, XP_038699467.1, XP_038724547.1, XP_038725911.1, XP_038725912.1, XP_038725913.1, XP_038725914.1
OG0000681	GWHPDONJ004647	XP_038696347.1, XP_038696348.1, XP_038696349.1, XP_038696350.1, XP_038696352.1, XP_038696353.1, XP_038696354.1, XP_038702226.1
OG0000682	GWHPDONJ004761	XP_038692684.1, XP_038692692.1, XP_038692701.1, XP_038692709.1, XP_038702488.1, XP_038702489.1, XP_038702490.1, XP_038702492.1
OG0000683	GWHPDONJ004925	XP_038693612.1, XP_038693621.1, XP_038693628.1, XP_038693634.1, XP_038720612.1, XP_038720613.1, XP_038720614.1, XP_038720615.1
OG0000684	GWHPDONJ005221	XP_038704817.1, XP_038704818.1, XP_038704819.1, XP_038704820.1, XP_038704821.1, XP_038704822.1, XP_038704823.1, XP_038704824.1
OG0000685	GWHPDONJ005224	XP_038715710.1, XP_038715711.1, XP_038715712.1, XP_038715713.1, XP_038717736.1, XP_038717737.1, XP_038717738.1, XP_038717739.1
OG0000686	GWHPDONJ005440	XP_038678795.1, XP_038678805.1, XP_038680134.1, XP_038695967.1, XP_038703809.1, XP_038716387.1, XP_038716427.1, XP_038725286.1
OG0000687	GWHPDONJ005457	XP_038693590.1, XP_038693591.1, XP_038693592.1, XP_038705242.1, XP_038705243.1, XP_038714335.1, XP_038714336.1, XP_038714337.1
OG0000688	GWHPDONJ005508	XP_038699760.1, XP_038699761.1, XP_038726169.1, XP_038726170.1, XP_038726171.1, XP_038726172.1, XP_038726173.1, XP_038726174.1
OG0000689	GWHPDONJ005572, GWHPDONJ006507	XP_038696119.1, XP_038696866.1, XP_038718990.1, XP_038718991.1, XP_038722519.1, XP_038722520.1, XP_038722521.1
OG0000690	GWHPDONJ005607, GWHPDONJ009094	XP_038685413.1, XP_038703118.1, XP_038704766.1, XP_038709420.1, XP_038714396.1, XP_038714914.1, XP_038725376.1
OG0000691	GWHPDONJ005641	XP_038707700.1, XP_038707705.1, XP_038707711.1, XP_038720387.1, XP_038720388.1, XP_038720389.1, XP_038723603.1, XP_038723604.1
OG0000692	GWHPDONJ005663	XP_038707265.1, XP_038707304.1, XP_038707357.1, XP_038709422.1, XP_038709431.1, XP_038709439.1, XP_038709446.1, XP_038709455.1
OG0000693	GWHPDONJ005981	XP_038682636.1, XP_038682637.1, XP_038682638.1, XP_038683591.1, XP_038689931.1, XP_038689932.1, XP_038692412.1, XP_038724987.1
OG0000694	GWHPDONJ006329	XP_038711216.1, XP_038711217.1, XP_038711218.1, XP_038711219.1, XP_038711220.1, XP_038711221.1, XP_038711222.1, XP_038711223.1
OG0000695	GWHPDONJ006434	XP_038704831.1, XP_038704832.1, XP_038704833.1, XP_038704834.1, XP_038704835.1, XP_038704837.1, XP_038704838.1, XP_038718091.1
OG0000696	GWHPDONJ006600	XP_038682213.1, XP_038682214.1, XP_038682215.1, XP_038684347.1, XP_038709087.1, XP_038709088.1, XP_038709089.1, XP_038709090.1
OG0000697	GWHPDONJ006684	XP_038679302.1, XP_038679303.1, XP_038679304.1, XP_038687753.1, XP_038687754.1, XP_038687755.1, XP_038725079.1, XP_038725080.1
OG0000698	GWHPDONJ006956	XP_038680557.1, XP_038680558.1, XP_038680560.1, XP_038688215.1, XP_038688216.1, XP_038688217.1, XP_038688218.1, XP_038688219.1
OG0000699	GWHPDONJ007009	XP_038681332.1, XP_038681334.1, XP_038684629.1, XP_038684630.1, XP_038684631.1, XP_038708786.1, XP_038708787.1, XP_038708788.1
OG0000700	GWHPDONJ007024	XP_038687231.1, XP_038724666.1, XP_038724667.1, XP_038724668.1, XP_038724669.1, XP_038724670.1, XP_038724671.1, XP_038724672.1
OG0000701	GWHPDONJ007158, GWHPDONJ009195	XP_038686304.1, XP_038689486.1, XP_038689487.1, XP_038703731.1, XP_038703732.1, XP_038703733.1, XP_038703734.1
OG0000702	GWHPDONJ007178	XP_038696435.1, XP_038696436.1, XP_038696437.1, XP_038696438.1, XP_038696440.1, XP_038696441.1, XP_038696442.1, XP_038696443.1
OG0000703	GWHPDONJ007208	XP_038686896.1, XP_038686897.1, XP_038697392.1, XP_038701370.1, XP_038704891.1, XP_038704892.1, XP_038704893.1, XP_038704894.1
OG0000704	GWHPDONJ007348	XP_038700191.1, XP_038700200.1, XP_038700207.1, XP_038720292.1, XP_038720293.1, XP_038720302.1, XP_038720303.1, XP_038723011.1
OG0000705	GWHPDONJ007374	XP_038679574.1, XP_038690805.1, XP_038690806.1, XP_038690807.1, XP_038690808.1, XP_038690809.1, XP_038690810.1, XP_038690811.1
OG0000706	GWHPDONJ007402	XP_038686183.1, XP_038690537.1, XP_038690538.1, XP_038690915.1, XP_038690916.1, XP_038702431.1, XP_038712382.1, XP_038725594.1
OG0000707	GWHPDONJ007419	XP_038716408.1, XP_038716409.1, XP_038716410.1, XP_038716893.1, XP_038716894.1, XP_038716895.1, XP_038716896.1, XP_038716897.1
OG0000708	GWHPDONJ007674	XP_038688643.1, XP_038688644.1, XP_038690286.1, XP_038690287.1, XP_038690296.1, XP_038710350.1, XP_038710351.1, XP_038718687.1
OG0000709	GWHPDONJ007686	XP_038686225.1, XP_038686226.1, XP_038686227.1, XP_038691479.1, XP_038691480.1, XP_038691481.1, XP_038691483.1, XP_038691484.1
OG0000710	GWHPDONJ007917	XP_038704392.1, XP_038704393.1, XP_038704394.1, XP_038704395.1, XP_038704396.1, XP_038704397.1, XP_038704398.1, XP_038716074.1
OG0000711	GWHPDONJ008097	XP_038697802.1, XP_038697803.1, XP_038701438.1, XP_038701439.1, XP_038701440.1, XP_038701441.1, XP_038720198.1, XP_038720200.1
OG0000712	GWHPDONJ008373	XP_038697615.1, XP_038697616.1, XP_038697617.1, XP_038697619.1, XP_038721613.1, XP_038721614.1, XP_038721615.1, XP_038721616.1
OG0000713	GWHPDONJ008374	XP_038695125.1, XP_038695126.1, XP_038695127.1, XP_038695128.1, XP_038695129.1, XP_038698362.1, XP_038698363.1, XP_038698364.1
OG0000714	GWHPDONJ008452	XP_038704427.1, XP_038704428.1, XP_038712843.1, XP_038712844.1, XP_038712845.1, XP_038712846.1, XP_038712847.1, XP_038712848.1
OG0000715	GWHPDONJ008453	XP_038685404.1, XP_038685405.1, XP_038685406.1, XP_038685408.1, XP_038685409.1, XP_038685410.1, XP_038685411.1, XP_038685412.1
OG0000716	GWHPDONJ008485	XP_038717597.1, XP_038717598.1, XP_038717599.1, XP_038717600.1, XP_038717601.1, XP_038717603.1, XP_038717604.1, XP_038717605.1
OG0000717	GWHPDONJ008679	XP_038682519.1, XP_038682520.1, XP_038684490.1, XP_038684491.1, XP_038684492.1, XP_038684494.1, XP_038704343.1, XP_038704353.1
OG0000718	GWHPDONJ008767	XP_038679165.1, XP_038679166.1, XP_038679167.1, XP_038690325.1, XP_038690326.1, XP_038690327.1, XP_038712477.1, XP_038712478.1
OG0000719	GWHPDONJ009134	XP_038679480.1, XP_038679530.1, XP_038709532.1, XP_038709533.1, XP_038709535.1, XP_038709536.1, XP_038709537.1, XP_038709538.1
OG0000720	GWHPDONJ009188	XP_038685965.1, XP_038685966.1, XP_038690064.1, XP_038690065.1, XP_038690067.1, XP_038690190.1, XP_038690191.1, XP_038690192.1
OG0000721	GWHPDONJ009378	XP_038679288.1, XP_038686967.1, XP_038686968.1, XP_038686969.1, XP_038686970.1, XP_038686971.1, XP_038686973.1, XP_038687182.1
OG0000722	GWHPDONJ009413	XP_038724934.1, XP_038724935.1, XP_038724936.1, XP_038724937.1, XP_038724938.1, XP_038724940.1, XP_038724941.1, XP_038724942.1
OG0000723	GWHPDONJ009562	XP_038713764.1, XP_038713765.1, XP_038713766.1, XP_038713767.1, XP_038713768.1, XP_038713769.1, XP_038718480.1, XP_038718481.1
OG0000724	GWHPDONJ009666	XP_038687865.1, XP_038726007.1, XP_038726008.1, XP_038726009.1, XP_038726010.1, XP_038726011.1, XP_038726012.1, XP_038726013.1
OG0000725	GWHPDONJ009946	XP_038679996.1, XP_038679997.1, XP_038679999.1, XP_038680000.1, XP_038680001.1, XP_038680002.1, XP_038689075.1, XP_038689076.1
OG0000726	GWHPDONJ010049	XP_038695634.1, XP_038695635.1, XP_038695636.1, XP_038695637.1, XP_038698554.1, XP_038698555.1, XP_038698556.1, XP_038698557.1
OG0000727	GWHPDONJ010078	XP_038682277.1, XP_038682278.1, XP_038682279.1, XP_038684091.1, XP_038684093.1, XP_038684094.1, XP_038709065.1, XP_038709066.1
OG0000728	GWHPDONJ010150	XP_038711278.1, XP_038711279.1, XP_038711280.1, XP_038717433.1, XP_038717434.1, XP_038717435.1, XP_038717436.1, XP_038717437.1
OG0000729	GWHPDONJ010238	XP_038714440.1, XP_038714441.1, XP_038718106.1, XP_038718107.1, XP_038719347.1, XP_038719348.1, XP_038723188.1, XP_038723190.1
OG0000730	GWHPDONJ010345	XP_038702714.1, XP_038702715.1, XP_038702716.1, XP_038702717.1, XP_038702718.1, XP_038702719.1, XP_038702720.1, XP_038717041.1
OG0000731	GWHPDONJ010498	XP_038682837.1, XP_038682838.1, XP_038683764.1, XP_038687853.1, XP_038687854.1, XP_038704643.1, XP_038709552.1, XP_038725357.1
OG0000732	GWHPDONJ010504	XP_038705608.1, XP_038705609.1, XP_038705610.1, XP_038705611.1, XP_038705612.1, XP_038705613.1, XP_038705615.1, XP_038719031.1
OG0000733	GWHPDONJ010608	XP_038713993.1, XP_038713994.1, XP_038713995.1, XP_038713996.1, XP_038718074.1, XP_038718075.1, XP_038718076.1, XP_038718077.1
OG0000734	GWHPDONJ010622	XP_038694694.1, XP_038694695.1, XP_038714122.1, XP_038714123.1, XP_038714124.1, XP_038714125.1, XP_038714126.1, XP_038718162.1
OG0000735	GWHPDONJ010629	XP_038702860.1, XP_038702867.1, XP_038702874.1, XP_038702884.1, XP_038718793.1, XP_038718794.1, XP_038723511.1, XP_038723512.1
OG0000736	Null	XP_038678427.1, XP_038701637.1, XP_038702000.1, XP_038707310.1, XP_038708481.1, XP_038713434.1, XP_038719990.1, XP_038725044.1, XP_038726404.1
OG0000737	Null	XP_038678477.1, XP_038696774.1, XP_038696775.1, XP_038696776.1, XP_038696777.1, XP_038698407.1, XP_038698408.1, XP_038698409.1, XP_038698410.1
OG0000738	Null	XP_038678509.1, XP_038678510.1, XP_038678511.1, XP_038678512.1, XP_038678513.1, XP_038678514.1, XP_038678804.1, XP_038688366.1, XP_038696787.1
OG0000739	Null	XP_038678652.1, XP_038686569.1, XP_038689279.1, XP_038689280.1, XP_038689281.1, XP_038699705.1, XP_038715456.1, XP_038723571.1, XP_038723572.1
OG0000740	Null	XP_038678806.1, XP_038680292.1, XP_038687001.1, XP_038687398.1, XP_038687405.1, XP_038687740.1, XP_038687741.1, XP_038688391.1, XP_038699634.1
OG0000741	Null	XP_038678817.1, XP_038681031.1, XP_038693674.1, XP_038696852.1, XP_038696880.1, XP_038698547.1, XP_038710500.1, XP_038711411.1, XP_038717175.1
OG0000742	Null	XP_038679065.1, XP_038684428.1, XP_038684437.1, XP_038687034.1, XP_038693425.1, XP_038693426.1, XP_038695143.1, XP_038695144.1, XP_038707828.1
OG0000743	Null	XP_038679451.1, XP_038694722.1, XP_038706590.1, XP_038706591.1, XP_038706592.1, XP_038707177.1, XP_038707178.1, XP_038707179.1, XP_038707187.1
OG0000744	Null	XP_038679478.1, XP_038680189.1, XP_038684122.1, XP_038687527.1, XP_038688586.1, XP_038689952.1, XP_038707233.1, XP_038716264.1, XP_038722020.1
OG0000745	Null	XP_038679536.1, XP_038679537.1, XP_038679538.1, XP_038679539.1, XP_038679541.1, XP_038679542.1, XP_038679543.1, XP_038679545.1, XP_038726153.1
OG0000746	Null	XP_038679830.1, XP_038679831.1, XP_038679832.1, XP_038679833.1, XP_038685615.1, XP_038695865.1, XP_038695866.1, XP_038725650.1, XP_038725651.1
OG0000747	Null	XP_038680064.1, XP_038680065.1, XP_038680066.1, XP_038680067.1, XP_038680068.1, XP_038680070.1, XP_038688269.1, XP_038688270.1, XP_038688271.1
OG0000748	Null	XP_038680244.1, XP_038681479.1, XP_038681480.1, XP_038710593.1, XP_038724024.1, XP_038724025.1, XP_038724026.1, XP_038724027.1, XP_038726109.1
OG0000749	Null	XP_038680496.1, XP_038680497.1, XP_038680506.1, XP_038680507.1, XP_038680641.1, XP_038680648.1, XP_038681342.1, XP_038706084.1, XP_038715376.1
OG0000750	Null	XP_038680836.1, XP_038682598.1, XP_038683679.1, XP_038683680.1, XP_038683681.1, XP_038688230.1, XP_038693979.1, XP_038713602.1, XP_038724566.1
OG0000751	Null	XP_038680853.1, XP_038680854.1, XP_038680855.1, XP_038680856.1, XP_038680857.1, XP_038680859.1, XP_038680860.1, XP_038680861.1, XP_038680862.1
OG0000752	Null	XP_038680924.1, XP_038680929.1, XP_038685745.1, XP_038687492.1, XP_038701820.1, XP_038701827.1, XP_038704809.1, XP_038711804.1, XP_038719851.1
OG0000753	Null	XP_038681021.1, XP_038681028.1, XP_038681132.1, XP_038681133.1, XP_038681134.1, XP_038681136.1, XP_038681137.1, XP_038681138.1, XP_038719469.1
OG0000754	Null	XP_038681191.1, XP_038681193.1, XP_038683543.1, XP_038683544.1, XP_038683545.1, XP_038683546.1, XP_038683547.1, XP_038683548.1, XP_038683549.1
OG0000755	Null	XP_038681747.1, XP_038682197.1, XP_038683490.1, XP_038684699.1, XP_038685504.1, XP_038685513.1, XP_038701559.1, XP_038718293.1, XP_038718294.1
OG0000756	Null	XP_038682021.1, XP_038682061.1, XP_038682062.1, XP_038682063.1, XP_038683143.1, XP_038683144.1, XP_038683145.1, XP_038684105.1, XP_038698297.1
OG0000757	Null	XP_038682060.1, XP_038683759.1, XP_038683940.1, XP_038683941.1, XP_038683942.1, XP_038683943.1, XP_038702280.1, XP_038720586.1, XP_038722903.1
OG0000758	Null	XP_038682102.1, XP_038682103.1, XP_038682104.1, XP_038682105.1, XP_038682106.1, XP_038683619.1, XP_038683620.1, XP_038683621.1, XP_038683622.1
OG0000759	Null	XP_038682141.1, XP_038684215.1, XP_038684216.1, XP_038696013.1, XP_038696014.1, XP_038708988.1, XP_038710895.1, XP_038710897.1, XP_038717683.1
OG0000760	Null	XP_038682392.1, XP_038682393.1, XP_038684788.1, XP_038709594.1, XP_038715637.1, XP_038715638.1, XP_038715639.1, XP_038717727.1, XP_038721486.1
OG0000761	Null	XP_038682443.1, XP_038693962.1, XP_038694717.1, XP_038694718.1, XP_038698156.1, XP_038702316.1, XP_038702397.1, XP_038706377.1, XP_038709771.1
OG0000762	Null	XP_038682546.1, XP_038682547.1, XP_038682583.1, XP_038682584.1, XP_038692591.1, XP_038714959.1, XP_038714961.1, XP_038719325.1, XP_038721122.1
OG0000763	Null	XP_038682605.1, XP_038682606.1, XP_038697476.1, XP_038701523.1, XP_038701524.1, XP_038707398.1, XP_038708390.1, XP_038719337.1, XP_038723657.1
OG0000764	Null	XP_038682703.1, XP_038682704.1, XP_038682705.1, XP_038700570.1, XP_038716433.1, XP_038716434.1, XP_038716435.1, XP_038716436.1, XP_038718028.1
OG0000765	Null	XP_038682928.1, XP_038692541.1, XP_038692542.1, XP_038694872.1, XP_038694873.1, XP_038694874.1, XP_038694875.1, XP_038701282.1, XP_038701283.1
OG0000766	Null	XP_038683075.1, XP_038688828.1, XP_038688829.1, XP_038698839.1, XP_038699576.1, XP_038713314.1, XP_038713315.1, XP_038713316.1, XP_038714387.1
OG0000767	Null	XP_038684271.1, XP_038684272.1, XP_038684273.1, XP_038708882.1, XP_038708883.1, XP_038708884.1, XP_038708885.1, XP_038708886.1, XP_038708887.1
OG0000768	Null	XP_038684327.1, XP_038684329.1, XP_038684330.1, XP_038684331.1, XP_038684332.1, XP_038684333.1, XP_038684334.1, XP_038684335.1, XP_038686171.1
OG0000769	Null	XP_038684819.1, XP_038692739.1, XP_038700658.1, XP_038704594.1, XP_038704595.1, XP_038707142.1, XP_038714964.1, XP_038718772.1, XP_038722174.1
OG0000770	Null	XP_038685008.1, XP_038685009.1, XP_038685010.1, XP_038685011.1, XP_038686707.1, XP_038686708.1, XP_038686709.1, XP_038692270.1, XP_038721281.1
OG0000771	Null	XP_038685990.1, XP_038689660.1, XP_038698427.1, XP_038709985.1, XP_038712268.1, XP_038719602.1, XP_038719603.1, XP_038721780.1, XP_038721854.1
OG0000772	Null	XP_038686013.1, XP_038686014.1, XP_038686015.1, XP_038686017.1, XP_038686018.1, XP_038686019.1, XP_038689705.1, XP_038689706.1, XP_038689707.1
OG0000773	Null	XP_038686069.1, XP_038694491.1, XP_038694492.1, XP_038714792.1, XP_038714801.1, XP_038714808.1, XP_038719672.1, XP_038719674.1, XP_038719675.1
OG0000774	Null	XP_038686842.1, XP_038686843.1, XP_038686844.1, XP_038686845.1, XP_038686846.1, XP_038686847.1, XP_038686848.1, XP_038686849.1, XP_038686850.1
OG0000775	Null	XP_038687047.1, XP_038687048.1, XP_038687050.1, XP_038687051.1, XP_038695949.1, XP_038696485.1, XP_038698393.1, XP_038698925.1, XP_038726268.1
OG0000776	Null	XP_038687147.1, XP_038687148.1, XP_038687149.1, XP_038687150.1, XP_038694128.1, XP_038694129.1, XP_038694130.1, XP_038694131.1, XP_038694132.1
OG0000777	Null	XP_038687519.1, XP_038708289.1, XP_038708290.1, XP_038712813.1, XP_038717507.1, XP_038717508.1, XP_038717509.1, XP_038717510.1, XP_038717512.1
OG0000778	Null	XP_038687973.1, XP_038687974.1, XP_038687975.1, XP_038725561.1, XP_038725562.1, XP_038725563.1, XP_038725564.1, XP_038725565.1, XP_038725566.1
OG0000779	Null	XP_038688627.1, XP_038691944.1, XP_038691945.1, XP_038691946.1, XP_038691947.1, XP_038691948.1, XP_038691963.1, XP_038691964.1, XP_038722797.1
OG0000780	Null	XP_038688722.1, XP_038691011.1, XP_038698196.1, XP_038712613.1, XP_038712797.1, XP_038715091.1, XP_038723477.1, XP_038723478.1, XP_038723479.1
OG0000781	Null	XP_038688783.1, XP_038688784.1, XP_038688785.1, XP_038688786.1, XP_038689305.1, XP_038689306.1, XP_038689307.1, XP_038689308.1, XP_038689309.1
OG0000782	Null	XP_038689079.1, XP_038689109.1, XP_038691379.1, XP_038691380.1, XP_038691381.1, XP_038691382.1, XP_038691383.1, XP_038694447.1, XP_038714265.1
OG0000783	Null	XP_038689212.1, XP_038689213.1, XP_038689612.1, XP_038689613.1, XP_038689614.1, XP_038689616.1, XP_038710446.1, XP_038710447.1, XP_038710448.1
OG0000784	Null	XP_038689698.1, XP_038689699.1, XP_038689700.1, XP_038689701.1, XP_038689704.1, XP_038710298.1, XP_038710299.1, XP_038710300.1, XP_038710301.1
OG0000785	Null	XP_038689738.1, XP_038689739.1, XP_038703502.1, XP_038703503.1, XP_038710900.1, XP_038710901.1, XP_038713282.1, XP_038713283.1, XP_038713284.1
OG0000786	Null	XP_038691344.1, XP_038713665.1, XP_038713666.1, XP_038713667.1, XP_038717415.1, XP_038717416.1, XP_038720541.1, XP_038722674.1, XP_038722675.1
OG0000787	Null	XP_038692299.1, XP_038692300.1, XP_038692301.1, XP_038692302.1, XP_038692303.1, XP_038707354.1, XP_038715481.1, XP_038721250.1, XP_038721251.1
OG0000788	Null	XP_038692488.1, XP_038694907.1, XP_038705647.1, XP_038707218.1, XP_038707219.1, XP_038707220.1, XP_038707221.1, XP_038707956.1, XP_038710076.1
OG0000789	Null	XP_038692851.1, XP_038692860.1, XP_038719784.1, XP_038719785.1, XP_038719786.1, XP_038719787.1, XP_038719788.1, XP_038719790.1, XP_038719791.1
OG0000790	Null	XP_038692859.1, XP_038692861.1, XP_038693396.1, XP_038693397.1, XP_038693398.1, XP_038693399.1, XP_038693400.1, XP_038706208.1, XP_038706209.1
OG0000791	Null	XP_038692881.1, XP_038693693.1, XP_038693694.1, XP_038693697.1, XP_038694846.1, XP_038714381.1, XP_038718199.1, XP_038718202.1, XP_038718587.1
OG0000792	Null	XP_038692938.1, XP_038692940.1, XP_038703177.1, XP_038703178.1, XP_038703180.1, XP_038703181.1, XP_038703182.1, XP_038713741.1, XP_038713742.1
OG0000793	Null	XP_038693110.1, XP_038695156.1, XP_038695782.1, XP_038695783.1, XP_038700632.1, XP_038724419.1, XP_038724420.1, XP_038724421.1, XP_038726284.1
OG0000794	Null	XP_038693169.1, XP_038703537.1, XP_038703545.1, XP_038703575.1, XP_038705277.1, XP_038707312.1, XP_038713782.1, XP_038715347.1, XP_038717355.1
OG0000795	Null	XP_038693466.1, XP_038693475.1, XP_038701229.1, XP_038701230.1, XP_038701231.1, XP_038701232.1, XP_038701233.1, XP_038705652.1, XP_038705653.1
OG0000796	Null	XP_038693556.1, XP_038699203.1, XP_038699204.1, XP_038699205.1, XP_038699206.1, XP_038706175.1, XP_038706176.1, XP_038712287.1, XP_038712297.1
OG0000797	Null	XP_038693855.1, XP_038704228.1, XP_038704229.1, XP_038704230.1, XP_038704231.1, XP_038714718.1, XP_038714844.1, XP_038714845.1, XP_038715912.1
OG0000798	Null	XP_038693906.1, XP_038693987.1, XP_038704114.1, XP_038704115.1, XP_038704116.1, XP_038704117.1, XP_038704118.1, XP_038704119.1, XP_038704120.1
OG0000799	Null	XP_038694555.1, XP_038694556.1, XP_038694557.1, XP_038694558.1, XP_038694559.1, XP_038694560.1, XP_038694561.1, XP_038706234.1, XP_038706235.1
OG0000800	Null	XP_038694568.1, XP_038703254.1, XP_038703255.1, XP_038703526.1, XP_038713217.1, XP_038713218.1, XP_038713361.1, XP_038714012.1, XP_038714083.1
OG0000801	Null	XP_038694847.1, XP_038694849.1, XP_038694850.1, XP_038706077.1, XP_038706078.1, XP_038719700.1, XP_038719704.1, XP_038719712.1, XP_038719721.1
OG0000802	Null	XP_038695175.1, XP_038695176.1, XP_038695177.1, XP_038707067.1, XP_038707068.1, XP_038711813.1, XP_038711820.1, XP_038711826.1, XP_038711831.1
OG0000803	Null	XP_038695837.1, XP_038695838.1, XP_038695839.1, XP_038726213.1, XP_038726214.1, XP_038726215.1, XP_038726216.1, XP_038726217.1, XP_038726219.1
OG0000804	Null	XP_038696293.1, XP_038696294.1, XP_038696295.1, XP_038696296.1, XP_038696297.1, XP_038696298.1, XP_038696299.1, XP_038696300.1, XP_038696301.1
OG0000805	Null	XP_038696418.1, XP_038696419.1, XP_038696420.1, XP_038701008.1, XP_038701009.1, XP_038701010.1, XP_038701011.1, XP_038701013.1, XP_038701014.1
OG0000806	Null	XP_038696796.1, XP_038696797.1, XP_038696798.1, XP_038696799.1, XP_038696800.1, XP_038696801.1, XP_038696803.1, XP_038696804.1, XP_038699025.1
OG0000807	Null	XP_038696831.1, XP_038696832.1, XP_038696833.1, XP_038700549.1, XP_038725807.1, XP_038725808.1, XP_038725809.1, XP_038725810.1, XP_038725811.1
OG0000808	Null	XP_038696935.1, XP_038696937.1, XP_038696938.1, XP_038696939.1, XP_038696940.1, XP_038696941.1, XP_038700047.1, XP_038713857.1, XP_038717841.1
OG0000809	Null	XP_038697135.1, XP_038697136.1, XP_038697137.1, XP_038701291.1, XP_038701292.1, XP_038701293.1, XP_038701294.1, XP_038701333.1, XP_038701334.1
OG0000810	Null	XP_038697590.1, XP_038697591.1, XP_038697592.1, XP_038702524.1, XP_038702525.1, XP_038716790.1, XP_038716791.1, XP_038716792.1, XP_038716793.1
OG0000811	Null	XP_038698382.1, XP_038698591.1, XP_038698788.1, XP_038700156.1, XP_038710354.1, XP_038710749.1, XP_038710891.1, XP_038712033.1, XP_038722161.1
OG0000812	Null	XP_038702965.1, XP_038702971.1, XP_038702979.1, XP_038702987.1, XP_038724089.1, XP_038724090.1, XP_038724091.1, XP_038724092.1, XP_038724094.1
OG0000813	Null	XP_038703495.1, XP_038705168.1, XP_038715511.1, XP_038715859.1, XP_038715861.1, XP_038715862.1, XP_038716907.1, XP_038717362.1, XP_038721493.1
OG0000814	Null	XP_038703515.1, XP_038703516.1, XP_038703517.1, XP_038703519.1, XP_038703522.1, XP_038703523.1, XP_038703524.1, XP_038703525.1, XP_038712887.1
OG0000815	Null	XP_038703702.1, XP_038703703.1, XP_038703704.1, XP_038704005.1, XP_038704006.1, XP_038704007.1, XP_038704009.1, XP_038704010.1, XP_038704011.1
OG0000816	Null	XP_038705127.1, XP_038705128.1, XP_038705129.1, XP_038705130.1, XP_038705131.1, XP_038705132.1, XP_038705133.1, XP_038705134.1, XP_038705135.1
OG0000817	Null	XP_038705394.1, XP_038707217.1, XP_038707266.1, XP_038707757.1, XP_038707800.1, XP_038710453.1, XP_038710755.1, XP_038718334.1, XP_038718347.1
OG0000818	Null	XP_038707889.1, XP_038707890.1, XP_038714298.1, XP_038714305.1, XP_038714313.1, XP_038714321.1, XP_038714327.1, XP_038719311.1, XP_038719312.1
OG0000819	Null	XP_038710204.1, XP_038714628.1, XP_038715067.1, XP_038716376.1, XP_038716377.1, XP_038716378.1, XP_038716379.1, XP_038716380.1, XP_038716381.1
OG0000820	Null	XP_038711143.1, XP_038711144.1, XP_038711145.1, XP_038711146.1, XP_038719134.1, XP_038719135.1, XP_038719136.1, XP_038719137.1, XP_038719138.1
OG0000821	Null	XP_038714414.1, XP_038714415.1, XP_038714416.1, XP_038714417.1, XP_038714418.1, XP_038714419.1, XP_038714420.1, XP_038718266.1, XP_038718267.1
OG0000822	Null	XP_038714835.1, XP_038714836.1, XP_038714837.1, XP_038714838.1, XP_038714839.1, XP_038714840.1, XP_038714841.1, XP_038714842.1, XP_038714843.1
OG0000823	GWHPDONJ000016, GWHPDONJ010058	XP_038685865.1, XP_038691654.1, XP_038691655.1, XP_038691656.1, XP_038691657.1, XP_038691658.1
OG0000824	GWHPDONJ000138	XP_038695767.1, XP_038695842.1, XP_038720088.1, XP_038720089.1, XP_038723047.1, XP_038723048.1, XP_038723049.1
OG0000825	GWHPDONJ000215, GWHPDONJ000760, GWHPDONJ001636, GWHPDONJ005284	XP_038685754.1, XP_038688704.1, XP_038699647.1, XP_038716389.1
OG0000826	GWHPDONJ000217	XP_038680941.1, XP_038685736.1, XP_038685738.1, XP_038688715.1, XP_038711787.1, XP_038719855.1, XP_038719865.1
OG0000827	GWHPDONJ000304	XP_038719132.1, XP_038719133.1, XP_038723481.1, XP_038723482.1, XP_038723483.1, XP_038723484.1, XP_038723485.1
OG0000828	GWHPDONJ000390, GWHPDONJ001776, GWHPDONJ001780, GWHPDONJ001784, GWHPDONJ002085, GWHPDONJ003090, GWHPDONJ003103, GWHPDONJ003659	
OG0000829	GWHPDONJ000546	XP_038692498.1, XP_038692500.1, XP_038692501.1, XP_038692502.1, XP_038717085.1, XP_038717086.1, XP_038717087.1
OG0000830	GWHPDONJ000683, GWHPDONJ008945	XP_038686312.1, XP_038686313.1, XP_038686314.1, XP_038690079.1, XP_038690080.1, XP_038690081.1
OG0000831	GWHPDONJ001118, GWHPDONJ005296	XP_038723345.1, XP_038723346.1, XP_038723347.1, XP_038723349.1, XP_038723350.1, XP_038723351.1
OG0000832	GWHPDONJ001260, GWHPDONJ007290, GWHPDONJ009704	XP_038683082.1, XP_038688753.1, XP_038694302.1, XP_038704739.1, XP_038713449.1
OG0000833	GWHPDONJ001488, GWHPDONJ006505	XP_038692095.1, XP_038714451.1, XP_038718355.1, XP_038721029.1, XP_038722599.1, XP_038722600.1
OG0000834	GWHPDONJ001511, GWHPDONJ008129	XP_038697144.1, XP_038697147.1, XP_038697148.1, XP_038697149.1, XP_038697150.1, XP_038697151.1
OG0000835	GWHPDONJ002053, GWHPDONJ006170	XP_038707136.1, XP_038722781.1, XP_038722782.1, XP_038722783.1, XP_038722784.1, XP_038722786.1
OG0000836	GWHPDONJ002306	XP_038698647.1, XP_038698648.1, XP_038698649.1, XP_038698650.1, XP_038699122.1, XP_038699124.1, XP_038699125.1
OG0000837	GWHPDONJ002629	XP_038713877.1, XP_038713878.1, XP_038713880.1, XP_038713881.1, XP_038713882.1, XP_038713883.1, XP_038713884.1
OG0000838	GWHPDONJ002639	XP_038693359.1, XP_038693360.1, XP_038704232.1, XP_038704233.1, XP_038704235.1, XP_038713264.1, XP_038713265.1
OG0000839	GWHPDONJ002710, GWHPDONJ005173	XP_038686479.1, XP_038701253.1, XP_038701262.1, XP_038723327.1, XP_038723328.1, XP_038723330.1
OG0000840	GWHPDONJ003179, GWHPDONJ003815	XP_038694109.1, XP_038694110.1, XP_038704592.1, XP_038704593.1, XP_038714294.1, XP_038714295.1
OG0000841	GWHPDONJ003773	XP_038684382.1, XP_038684383.1, XP_038684384.1, XP_038684385.1, XP_038684387.1, XP_038684388.1, XP_038684389.1
OG0000842	GWHPDONJ003840	XP_038705835.1, XP_038705836.1, XP_038705838.1, XP_038709943.1, XP_038709944.1, XP_038709945.1, XP_038709952.1
OG0000843	GWHPDONJ003878	XP_038679199.1, XP_038692409.1, XP_038692410.1, XP_038706927.1, XP_038706928.1, XP_038722776.1, XP_038722785.1
OG0000844	GWHPDONJ003898	XP_038693848.1, XP_038706575.1, XP_038706576.1, XP_038706577.1, XP_038706578.1, XP_038706579.1, XP_038706580.1
OG0000845	GWHPDONJ003912	XP_038693540.1, XP_038706625.1, XP_038706626.1, XP_038723422.1, XP_038723432.1, XP_038723439.1, XP_038723445.1
OG0000846	GWHPDONJ004061	XP_038680089.1, XP_038680090.1, XP_038680091.1, XP_038680092.1, XP_038688244.1, XP_038724283.1, XP_038725607.1
OG0000847	GWHPDONJ004121	XP_038678612.1, XP_038680636.1, XP_038684377.1, XP_038684378.1, XP_038698212.1, XP_038708472.1, XP_038711334.1
OG0000848	GWHPDONJ004150, GWHPDONJ005927	XP_038691369.1, XP_038691370.1, XP_038691371.1, XP_038691372.1, XP_038710462.1, XP_038710463.1
OG0000849	GWHPDONJ004184	XP_038700503.1, XP_038700504.1, XP_038700505.1, XP_038711888.1, XP_038711889.1, XP_038711890.1, XP_038711891.1
OG0000850	GWHPDONJ004221	XP_038700413.1, XP_038700414.1, XP_038700415.1, XP_038700416.1, XP_038700418.1, XP_038700419.1, XP_038710548.1
OG0000851	GWHPDONJ004251	XP_038682013.1, XP_038682014.1, XP_038682015.1, XP_038682016.1, XP_038682017.1, XP_038708329.1, XP_038708330.1
OG0000852	GWHPDONJ004377, GWHPDONJ007541	XP_038699594.1, XP_038699599.1, XP_038699604.1, XP_038699612.1, XP_038699616.1, XP_038699621.1
OG0000853	GWHPDONJ004431	XP_038706489.1, XP_038706490.1, XP_038706491.1, XP_038706492.1, XP_038706493.1, XP_038722150.1, XP_038722156.1
OG0000854	GWHPDONJ004513	XP_038707767.1, XP_038707768.1, XP_038707769.1, XP_038707771.1, XP_038718495.1, XP_038718502.1, XP_038718509.1
OG0000855	GWHPDONJ004563	XP_038698766.1, XP_038699390.1, XP_038699964.1, XP_038699965.1, XP_038725926.1, XP_038725927.1, XP_038725928.1
OG0000856	GWHPDONJ004575	XP_038694860.1, XP_038704531.1, XP_038704532.1, XP_038704534.1, XP_038704535.1, XP_038714071.1, XP_038714072.1
OG0000857	GWHPDONJ004607	XP_038687214.1, XP_038687219.1, XP_038687227.1, XP_038687234.1, XP_038687240.1, XP_038695919.1, XP_038720915.1
OG0000858	GWHPDONJ004790, GWHPDONJ007429	XP_038714879.1, XP_038715114.1, XP_038716443.1, XP_038717982.1, XP_038717983.1, XP_038717984.1
OG0000859	GWHPDONJ004913	XP_038685845.1, XP_038685846.1, XP_038685847.1, XP_038685848.1, XP_038686053.1, XP_038686063.1, XP_038714587.1
OG0000860	GWHPDONJ005115	XP_038704021.1, XP_038704023.1, XP_038715499.1, XP_038715500.1, XP_038716761.1, XP_038716762.1, XP_038716763.1
OG0000861	GWHPDONJ005119	XP_038703586.1, XP_038703587.1, XP_038703588.1, XP_038703589.1, XP_038703590.1, XP_038703591.1, XP_038715428.1
OG0000862	GWHPDONJ005244	XP_038699880.1, XP_038699881.1, XP_038699882.1, XP_038699883.1, XP_038699884.1, XP_038712444.1, XP_038712445.1
OG0000863	GWHPDONJ005337	XP_038683834.1, XP_038683835.1, XP_038683836.1, XP_038696745.1, XP_038696746.1, XP_038696747.1, XP_038700059.1
OG0000864	GWHPDONJ005377	XP_038696033.1, XP_038696034.1, XP_038696035.1, XP_038696036.1, XP_038700332.1, XP_038712469.1, XP_038712470.1
OG0000865	GWHPDONJ005410	XP_038693217.1, XP_038693218.1, XP_038693219.1, XP_038702660.1, XP_038702661.1, XP_038702662.1, XP_038702663.1
OG0000866	GWHPDONJ005424, GWHPDONJ009125	XP_038694683.1, XP_038694684.1, XP_038694685.1, XP_038694687.1, XP_038694688.1, XP_038705002.1
OG0000867	GWHPDONJ005487	XP_038682574.1, XP_038682575.1, XP_038682576.1, XP_038684701.1, XP_038708172.1, XP_038708173.1, XP_038708174.1
OG0000868	GWHPDONJ005550	XP_038684458.1, XP_038684459.1, XP_038684460.1, XP_038684461.1, XP_038686819.1, XP_038707569.1, XP_038709898.1
OG0000869	GWHPDONJ005613	XP_038703572.1, XP_038703583.1, XP_038703592.1, XP_038703600.1, XP_038703609.1, XP_038703618.1, XP_038723665.1
OG0000870	GWHPDONJ005699	XP_038697387.1, XP_038697394.1, XP_038697402.1, XP_038719521.1, XP_038719522.1, XP_038719523.1, XP_038723393.1
OG0000871	GWHPDONJ005801	XP_038694262.1, XP_038694263.1, XP_038706604.1, XP_038706605.1, XP_038706606.1, XP_038722084.1, XP_038722089.1
OG0000872	GWHPDONJ005854	XP_038679040.1, XP_038689915.1, XP_038689916.1, XP_038689918.1, XP_038689919.1, XP_038689920.1, XP_038689921.1
OG0000873	GWHPDONJ006026	XP_038684249.1, XP_038684250.1, XP_038685560.1, XP_038685561.1, XP_038685562.1, XP_038708958.1, XP_038708959.1
OG0000874	GWHPDONJ006102	XP_038722845.1, XP_038722853.1, XP_038722861.1, XP_038722871.1, XP_038722881.1, XP_038722887.1, XP_038722895.1
OG0000875	GWHPDONJ006193	XP_038706410.1, XP_038708833.1, XP_038723003.1, XP_038723004.1, XP_038723005.1, XP_038723006.1, XP_038723007.1
OG0000876	GWHPDONJ006281	XP_038678923.1, XP_038678924.1, XP_038710455.1, XP_038710456.1, XP_038710457.1, XP_038710458.1, XP_038710459.1
OG0000877	GWHPDONJ006306	XP_038695433.1, XP_038695438.1, XP_038695442.1, XP_038695448.1, XP_038695453.1, XP_038723401.1, XP_038724073.1
OG0000878	GWHPDONJ006365	XP_038706197.1, XP_038706198.1, XP_038706199.1, XP_038706200.1, XP_038706201.1, XP_038706202.1, XP_038706203.1
OG0000879	GWHPDONJ006467	XP_038683379.1, XP_038684786.1, XP_038715251.1, XP_038716915.1, XP_038721041.1, XP_038723616.1, XP_038723969.1
OG0000880	GWHPDONJ006500	XP_038682779.1, XP_038682780.1, XP_038682781.1, XP_038682782.1, XP_038684854.1, XP_038684855.1, XP_038684856.1
OG0000881	GWHPDONJ006629	XP_038681622.1, XP_038681623.1, XP_038681624.1, XP_038683676.1, XP_038708703.1, XP_038708704.1, XP_038708705.1
OG0000882	GWHPDONJ006711	XP_038681654.1, XP_038702581.1, XP_038702587.1, XP_038721161.1, XP_038722144.1, XP_038722145.1, XP_038722146.1
OG0000883	GWHPDONJ006745	XP_038679642.1, XP_038679643.1, XP_038679644.1, XP_038687877.1, XP_038687878.1, XP_038687879.1, XP_038687880.1
OG0000884	GWHPDONJ006884	XP_038692813.1, XP_038692814.1, XP_038692815.1, XP_038692816.1, XP_038702990.1, XP_038714361.1, XP_038714362.1
OG0000885	GWHPDONJ006974	XP_038715255.1, XP_038715256.1, XP_038715257.1, XP_038715258.1, XP_038715259.1, XP_038718437.1, XP_038718438.1
OG0000886	GWHPDONJ007034	XP_038688107.1, XP_038688109.1, XP_038708197.1, XP_038708198.1, XP_038708199.1, XP_038708200.1, XP_038726210.1
OG0000887	GWHPDONJ007076	XP_038697081.1, XP_038697082.1, XP_038697083.1, XP_038710164.1, XP_038710165.1, XP_038710166.1, XP_038710167.1
OG0000888	GWHPDONJ007084	XP_038698719.1, XP_038712814.1, XP_038713336.1, XP_038713482.1, XP_038713516.1, XP_038714315.1, XP_038714467.1
OG0000889	GWHPDONJ007106	XP_038692824.1, XP_038692825.1, XP_038704105.1, XP_038713865.1, XP_038713866.1, XP_038713867.1, XP_038713868.1
OG0000890	GWHPDONJ007194	XP_038711052.1, XP_038711053.1, XP_038711054.1, XP_038711055.1, XP_038711056.1, XP_038711057.1, XP_038711058.1
OG0000891	GWHPDONJ007215	XP_038712336.1, XP_038712407.1, XP_038712472.1, XP_038712539.1, XP_038712611.1, XP_038723746.1, XP_038723747.1
OG0000892	GWHPDONJ007229, GWHPDONJ008765	XP_038689872.1, XP_038689873.1, XP_038711613.1, XP_038711614.1, XP_038711615.1, XP_038711616.1
OG0000893	GWHPDONJ007272	XP_038699058.1, XP_038699059.1, XP_038699061.1, XP_038699062.1, XP_038699063.1, XP_038699064.1, XP_038699065.1
OG0000894	GWHPDONJ007278	XP_038696821.1, XP_038696822.1, XP_038700109.1, XP_038700110.1, XP_038710546.1, XP_038712149.1, XP_038712150.1
OG0000895	GWHPDONJ007389	XP_038703492.1, XP_038703493.1, XP_038716098.1, XP_038716099.1, XP_038716100.1, XP_038716101.1, XP_038716102.1
OG0000896	GWHPDONJ007407	XP_038692482.1, XP_038692491.1, XP_038692499.1, XP_038692508.1, XP_038702105.1, XP_038702106.1, XP_038702107.1
OG0000897	GWHPDONJ007437	XP_038704967.1, XP_038704968.1, XP_038715435.1, XP_038715436.1, XP_038715437.1, XP_038717333.1, XP_038717334.1
OG0000898	GWHPDONJ007676	XP_038693279.1, XP_038693280.1, XP_038693281.1, XP_038693282.1, XP_038693283.1, XP_038718117.1, XP_038718118.1
OG0000899	GWHPDONJ007691	XP_038688725.1, XP_038688730.1, XP_038688734.1, XP_038688738.1, XP_038718913.1, XP_038718914.1, XP_038718915.1
OG0000900	GWHPDONJ007798	XP_038690971.1, XP_038690980.1, XP_038690987.1, XP_038697688.1, XP_038697689.1, XP_038697690.1, XP_038720368.1
OG0000901	GWHPDONJ007817	XP_038679314.1, XP_038679315.1, XP_038679316.1, XP_038679317.1, XP_038679318.1, XP_038691505.1, XP_038691506.1
OG0000902	GWHPDONJ007911, GWHPDONJ010596	XP_038701965.1, XP_038702039.1, XP_038719334.1, XP_038719335.1, XP_038719336.1, XP_038723764.1
OG0000903	GWHPDONJ007923	XP_038700964.1, XP_038700970.1, XP_038701055.1, XP_038720180.1, XP_038720181.1, XP_038722582.1, XP_038722583.1
OG0000904	GWHPDONJ007930	XP_038697116.1, XP_038721556.1, XP_038721557.1, XP_038721558.1, XP_038721559.1, XP_038721560.1, XP_038721561.1
OG0000905	GWHPDONJ007942	XP_038703179.1, XP_038703185.1, XP_038703190.1, XP_038720321.1, XP_038720553.1, XP_038723311.1, XP_038723312.1
OG0000906	GWHPDONJ008057	XP_038687735.1, XP_038687742.1, XP_038719707.1, XP_038719708.1, XP_038719709.1, XP_038719710.1, XP_038719711.1
OG0000907	GWHPDONJ008081	XP_038697953.1, XP_038698005.1, XP_038701862.1, XP_038701865.1, XP_038711874.1, XP_038717266.1, XP_038719931.1
OG0000908	GWHPDONJ008135	XP_038685564.1, XP_038685571.1, XP_038702507.1, XP_038702508.1, XP_038702509.1, XP_038702510.1, XP_038721323.1
OG0000909	GWHPDONJ008252	XP_038696710.1, XP_038699973.1, XP_038710020.1, XP_038710021.1, XP_038710022.1, XP_038710023.1, XP_038710024.1
OG0000910	GWHPDONJ008293	XP_038719502.1, XP_038719503.1, XP_038719504.1, XP_038719505.1, XP_038719506.1, XP_038719507.1, XP_038719508.1
OG0000911	GWHPDONJ008387	XP_038706581.1, XP_038706583.1, XP_038706584.1, XP_038706585.1, XP_038720328.1, XP_038720336.1, XP_038720340.1
OG0000912	GWHPDONJ008459	XP_038697867.1, XP_038697869.1, XP_038697870.1, XP_038697871.1, XP_038720987.1, XP_038720988.1, XP_038720990.1
OG0000913	GWHPDONJ008471	XP_038684447.1, XP_038684448.1, XP_038684449.1, XP_038686088.1, XP_038686089.1, XP_038686090.1, XP_038708807.1
OG0000914	GWHPDONJ008521	XP_038680538.1, XP_038680539.1, XP_038680540.1, XP_038697715.1, XP_038702191.1, XP_038711536.1, XP_038721702.1
OG0000915	GWHPDONJ008722	XP_038693124.1, XP_038693126.1, XP_038693127.1, XP_038703480.1, XP_038703481.1, XP_038713543.1, XP_038713544.1
OG0000916	GWHPDONJ008873	XP_038683297.1, XP_038683298.1, XP_038683299.1, XP_038708378.1, XP_038708379.1, XP_038708380.1, XP_038708381.1
OG0000917	GWHPDONJ008961	XP_038720440.1, XP_038720441.1, XP_038720443.1, XP_038720444.1, XP_038720445.1, XP_038723273.1, XP_038723274.1
OG0000918	GWHPDONJ009177	XP_038684750.1, XP_038684751.1, XP_038684752.1, XP_038686052.1, XP_038708326.1, XP_038708327.1, XP_038708328.1
OG0000919	GWHPDONJ009224	XP_038715246.1, XP_038715247.1, XP_038715248.1, XP_038715249.1, XP_038717074.1, XP_038717075.1, XP_038717076.1
OG0000920	GWHPDONJ009342	XP_038680788.1, XP_038694816.1, XP_038694817.1, XP_038703036.1, XP_038703037.1, XP_038703038.1, XP_038703039.1
OG0000921	GWHPDONJ009393	XP_038693436.1, XP_038693437.1, XP_038693438.1, XP_038711718.1, XP_038711722.1, XP_038719604.1, XP_038719611.1
OG0000922	GWHPDONJ009426	XP_038684179.1, XP_038684180.1, XP_038684181.1, XP_038686735.1, XP_038686736.1, XP_038725278.1, XP_038725284.1
OG0000923	GWHPDONJ009577	XP_038698914.1, XP_038698992.1, XP_038699060.1, XP_038699137.1, XP_038721377.1, XP_038721378.1, XP_038721379.1
OG0000924	GWHPDONJ009686	XP_038695638.1, XP_038695639.1, XP_038695640.1, XP_038695641.1, XP_038710676.1, XP_038710677.1, XP_038710678.1
OG0000925	GWHPDONJ009818	XP_038702927.1, XP_038702935.1, XP_038702941.1, XP_038723176.1, XP_038723177.1, XP_038723178.1, XP_038723179.1
OG0000926	GWHPDONJ009952	XP_038679850.1, XP_038679851.1, XP_038679852.1, XP_038679853.1, XP_038679854.1, XP_038679855.1, XP_038691390.1
OG0000927	GWHPDONJ010206	XP_038690162.1, XP_038690163.1, XP_038690164.1, XP_038690578.1, XP_038690579.1, XP_038690580.1, XP_038690581.1
OG0000928	GWHPDONJ010331	XP_038697940.1, XP_038697941.1, XP_038697942.1, XP_038697943.1, XP_038697944.1, XP_038721455.1, XP_038721456.1
OG0000929	GWHPDONJ010526	XP_038679169.1, XP_038679170.1, XP_038679272.1, XP_038679273.1, XP_038690217.1, XP_038690218.1, XP_038701514.1
OG0000930	GWHPDONJ010527	XP_038720464.1, XP_038720469.1, XP_038720475.1, XP_038720482.1, XP_038720490.1, XP_038720498.1, XP_038720506.1
OG0000931	GWHPDONJ010563	XP_038725431.1, XP_038725432.1, XP_038725433.1, XP_038725434.1, XP_038725435.1, XP_038725436.1, XP_038725437.1
OG0000932	GWHPDONJ010725	XP_038681807.1, XP_038681808.1, XP_038681810.1, XP_038681811.1, XP_038681812.1, XP_038681813.1, XP_038681814.1
OG0000933	GWHPDONJ010816	XP_038687775.1, XP_038687776.1, XP_038687777.1, XP_038725498.1, XP_038725499.1, XP_038725500.1, XP_038725501.1
OG0000934	GWHPDONJ010909	XP_038682960.1, XP_038682970.1, XP_038694829.1, XP_038694830.1, XP_038694831.1, XP_038694833.1, XP_038706539.1
OG0000935	Null	XP_038678344.1, XP_038695386.1, XP_038695398.1, XP_038695400.1, XP_038699590.1, XP_038726256.1, XP_038726339.1, XP_038726430.1
OG0000936	Null	XP_038678544.1, XP_038679450.1, XP_038679461.1, XP_038685728.1, XP_038685734.1, XP_038688714.1, XP_038693788.1, XP_038708519.1
OG0000937	Null	XP_038678633.1, XP_038678637.1, XP_038687054.1, XP_038688013.1, XP_038724979.1, XP_038725581.1, XP_038725585.1, XP_038725986.1
OG0000938	Null	XP_038678663.1, XP_038678664.1, XP_038678665.1, XP_038695735.1, XP_038698621.1, XP_038698622.1, XP_038698623.1, XP_038698624.1
OG0000939	Null	XP_038678927.1, XP_038689790.1, XP_038689798.1, XP_038689805.1, XP_038720083.1, XP_038720084.1, XP_038720085.1, XP_038720086.1
OG0000940	Null	XP_038679091.1, XP_038679092.1, XP_038679093.1, XP_038690940.1, XP_038690941.1, XP_038690942.1, XP_038690944.1, XP_038690945.1
OG0000941	Null	XP_038679138.1, XP_038679139.1, XP_038689130.1, XP_038689131.1, XP_038689132.1, XP_038693315.1, XP_038712725.1, XP_038712726.1
OG0000942	Null	XP_038679210.1, XP_038679211.1, XP_038679212.1, XP_038679213.1, XP_038679214.1, XP_038679215.1, XP_038679216.1, XP_038679217.1
OG0000943	Null	XP_038679340.1, XP_038679351.1, XP_038687342.1, XP_038688955.1, XP_038689638.1, XP_038703183.1, XP_038713090.1, XP_038713091.1
OG0000944	Null	XP_038679535.1, XP_038705786.1, XP_038706296.1, XP_038707174.1, XP_038707658.1, XP_038717259.1, XP_038718941.1, XP_038722325.1
OG0000945	Null	XP_038679550.1, XP_038689450.1, XP_038689451.1, XP_038691156.1, XP_038696198.1, XP_038700823.1, XP_038711074.1, XP_038726330.1
OG0000946	Null	XP_038679601.1, XP_038679602.1, XP_038679603.1, XP_038679604.1, XP_038679605.1, XP_038679606.1, XP_038679607.1, XP_038679608.1
OG0000947	Null	XP_038680128.1, XP_038696579.1, XP_038698630.1, XP_038698933.1, XP_038710602.1, XP_038713022.1, XP_038718297.1, XP_038721328.1
OG0000948	Null	XP_038680199.1, XP_038684052.1, XP_038702949.1, XP_038702984.1, XP_038715309.1, XP_038718758.1, XP_038723615.1, XP_038726038.1
OG0000949	Null	XP_038680242.1, XP_038691915.1, XP_038702344.1, XP_038702346.1, XP_038702983.1, XP_038714527.1, XP_038714528.1, XP_038714529.1
OG0000950	Null	XP_038680250.1, XP_038680251.1, XP_038688089.1, XP_038688090.1, XP_038693340.1, XP_038693341.1, XP_038705656.1, XP_038705657.1
OG0000951	Null	XP_038680380.1, XP_038680381.1, XP_038687654.1, XP_038687655.1, XP_038725115.1, XP_038725116.1, XP_038725117.1, XP_038725118.1
OG0000952	Null	XP_038680412.1, XP_038682110.1, XP_038682121.1, XP_038686962.1, XP_038686963.1, XP_038688064.1, XP_038706453.1, XP_038706455.1
OG0000953	Null	XP_038680444.1, XP_038680445.1, XP_038680446.1, XP_038712196.1, XP_038712197.1, XP_038712198.1, XP_038712199.1, XP_038712200.1
OG0000954	Null	XP_038680565.1, XP_038680566.1, XP_038680567.1, XP_038680568.1, XP_038687859.1, XP_038688002.1, XP_038688003.1, XP_038688004.1
OG0000955	Null	XP_038680637.1, XP_038680654.1, XP_038680697.1, XP_038680708.1, XP_038683512.1, XP_038683513.1, XP_038683514.1, XP_038683639.1
OG0000956	Null	XP_038680671.1, XP_038680672.1, XP_038680673.1, XP_038708371.1, XP_038708372.1, XP_038708373.1, XP_038708374.1, XP_038708375.1
OG0000957	Null	XP_038680755.1, XP_038684748.1, XP_038684749.1, XP_038705354.1, XP_038715677.1, XP_038717366.1, XP_038719085.1, XP_038724070.1
OG0000958	Null	XP_038680916.1, XP_038680917.1, XP_038717772.1, XP_038717795.1, XP_038717821.1, XP_038717836.1, XP_038717847.1, XP_038717871.1
OG0000959	Null	XP_038681016.1, XP_038713089.1, XP_038713092.1, XP_038713093.1, XP_038713094.1, XP_038713095.1, XP_038713096.1, XP_038714478.1
OG0000960	Null	XP_038681018.1, XP_038681019.1, XP_038683054.1, XP_038683635.1, XP_038695966.1, XP_038708256.1, XP_038708257.1, XP_038708496.1
OG0000961	Null	XP_038681161.1, XP_038700671.1, XP_038700672.1, XP_038700673.1, XP_038710561.1, XP_038710562.1, XP_038710563.1, XP_038715004.1
OG0000962	Null	XP_038681410.1, XP_038681411.1, XP_038681412.1, XP_038684654.1, XP_038684655.1, XP_038709451.1, XP_038709452.1, XP_038709453.1
OG0000963	Null	XP_038681568.1, XP_038681569.1, XP_038681570.1, XP_038681571.1, XP_038709672.1, XP_038709673.1, XP_038709674.1, XP_038709675.1
OG0000964	Null	XP_038681708.1, XP_038719513.1, XP_038726131.1, XP_038726132.1, XP_038726133.1, XP_038726156.1, XP_038726157.1, XP_038726158.1
OG0000965	Null	XP_038681763.1, XP_038684895.1, XP_038688338.1, XP_038697937.1, XP_038707891.1, XP_038714884.1, XP_038716885.1, XP_038725013.1
OG0000966	Null	XP_038681819.1, XP_038681820.1, XP_038681822.1, XP_038681823.1, XP_038681824.1, XP_038681825.1, XP_038681826.1, XP_038681827.1
OG0000967	Null	XP_038681828.1, XP_038684302.1, XP_038706725.1, XP_038706902.1, XP_038707272.1, XP_038715886.1, XP_038716609.1, XP_038723893.1
OG0000968	Null	XP_038681940.1, XP_038681941.1, XP_038681943.1, XP_038681944.1, XP_038681945.1, XP_038681946.1, XP_038684220.1, XP_038684221.1
OG0000969	Null	XP_038682025.1, XP_038682032.1, XP_038686787.1, XP_038686788.1, XP_038692494.1, XP_038700883.1, XP_038707745.1, XP_038709421.1
OG0000970	Null	XP_038682070.1, XP_038688468.1, XP_038707940.1, XP_038714130.1, XP_038714131.1, XP_038720202.1, XP_038720203.1, XP_038720204.1
OG0000971	Null	XP_038682382.1, XP_038682423.1, XP_038684294.1, XP_038708739.1, XP_038709007.1, XP_038709790.1, XP_038709830.1, XP_038709934.1
OG0000972	Null	XP_038682408.1, XP_038688888.1, XP_038689104.1, XP_038692772.1, XP_038702413.1, XP_038702414.1, XP_038702415.1, XP_038703194.1
OG0000973	Null	XP_038682655.1, XP_038683154.1, XP_038683155.1, XP_038699399.1, XP_038708477.1, XP_038708478.1, XP_038725318.1, XP_038725327.1
OG0000974	Null	XP_038683071.1, XP_038695293.1, XP_038695516.1, XP_038714031.1, XP_038714032.1, XP_038714033.1, XP_038714034.1, XP_038714035.1
OG0000975	Null	XP_038683584.1, XP_038709805.1, XP_038709806.1, XP_038709807.1, XP_038709808.1, XP_038709809.1, XP_038709810.1, XP_038709811.1
OG0000976	Null	XP_038683857.1, XP_038683858.1, XP_038683859.1, XP_038683860.1, XP_038683861.1, XP_038683862.1, XP_038683863.1, XP_038683865.1
OG0000977	Null	XP_038683971.1, XP_038683979.1, XP_038683986.1, XP_038683995.1, XP_038684002.1, XP_038684007.1, XP_038684015.1, XP_038684023.1
OG0000978	Null	XP_038684125.1, XP_038684126.1, XP_038684127.1, XP_038684129.1, XP_038684130.1, XP_038684131.1, XP_038684132.1, XP_038684134.1
OG0000979	Null	XP_038684182.1, XP_038693027.1, XP_038693028.1, XP_038693030.1, XP_038693031.1, XP_038693032.1, XP_038696126.1, XP_038723457.1
OG0000980	Null	XP_038684214.1, XP_038688808.1, XP_038689015.1, XP_038694374.1, XP_038695206.1, XP_038709634.1, XP_038720994.1, XP_038725929.1
OG0000981	Null	XP_038684286.1, XP_038684287.1, XP_038684288.1, XP_038684289.1, XP_038684290.1, XP_038700885.1, XP_038712697.1, XP_038712698.1
OG0000982	Null	XP_038684308.1, XP_038684310.1, XP_038686305.1, XP_038709093.1, XP_038709094.1, XP_038709096.1, XP_038709097.1, XP_038709098.1
OG0000983	Null	XP_038684432.1, XP_038684433.1, XP_038684434.1, XP_038684435.1, XP_038684436.1, XP_038684438.1, XP_038684439.1, XP_038686040.1
OG0000984	Null	XP_038684442.1, XP_038684443.1, XP_038709337.1, XP_038709338.1, XP_038709339.1, XP_038709340.1, XP_038714703.1, XP_038714704.1
OG0000985	Null	XP_038685089.1, XP_038691134.1, XP_038691804.1, XP_038703851.1, XP_038713916.1, XP_038713917.1, XP_038713918.1, XP_038720261.1
OG0000986	Null	XP_038685373.1, XP_038685374.1, XP_038685375.1, XP_038695655.1, XP_038696454.1, XP_038718578.1, XP_038718618.1, XP_038721915.1
OG0000987	Null	XP_038685453.1, XP_038685455.1, XP_038685456.1, XP_038685457.1, XP_038685458.1, XP_038685459.1, XP_038690572.1, XP_038690573.1
OG0000988	Null	XP_038685533.1, XP_038685621.1, XP_038686631.1, XP_038686782.1, XP_038686840.1, XP_038690092.1, XP_038690093.1, XP_038690094.1
OG0000989	Null	XP_038685693.1, XP_038704152.1, XP_038704153.1, XP_038704155.1, XP_038715109.1, XP_038716464.1, XP_038716631.1, XP_038717298.1
OG0000990	Null	XP_038686145.1, XP_038686146.1, XP_038686147.1, XP_038686148.1, XP_038686149.1, XP_038686150.1, XP_038686151.1, XP_038686152.1
OG0000991	Null	XP_038686235.1, XP_038686236.1, XP_038690650.1, XP_038690651.1, XP_038691193.1, XP_038691194.1, XP_038691195.1, XP_038691196.1
OG0000992	Null	XP_038686549.1, XP_038687629.1, XP_038690901.1, XP_038690911.1, XP_038709318.1, XP_038709321.1, XP_038722323.1, XP_038722324.1
OG0000993	Null	XP_038687136.1, XP_038687145.1, XP_038687153.1, XP_038701387.1, XP_038701388.1, XP_038701389.1, XP_038720508.1, XP_038720509.1
OG0000994	Null	XP_038687417.1, XP_038687418.1, XP_038687419.1, XP_038687420.1, XP_038687422.1, XP_038687423.1, XP_038687424.1, XP_038707130.1
OG0000995	Null	XP_038687489.1, XP_038688599.1, XP_038688601.1, XP_038690401.1, XP_038690402.1, XP_038690403.1, XP_038701731.1, XP_038721160.1
OG0000996	Null	XP_038688196.1, XP_038726143.1, XP_038726144.1, XP_038726145.1, XP_038726146.1, XP_038726148.1, XP_038726149.1, XP_038726150.1
OG0000997	Null	XP_038688381.1, XP_038688805.1, XP_038691106.1, XP_038691547.1, XP_038695853.1, XP_038711048.1, XP_038714694.1, XP_038715444.1
OG0000998	Null	XP_038688765.1, XP_038688768.1, XP_038688775.1, XP_038688780.1, XP_038688788.1, XP_038688795.1, XP_038688817.1, XP_038688825.1
OG0000999	Null	XP_038688831.1, XP_038689788.1, XP_038706247.1, XP_038711432.1, XP_038711433.1, XP_038711434.1, XP_038711435.1, XP_038712417.1
OG0001000	Null	XP_038688972.1, XP_038688974.1, XP_038688975.1, XP_038688976.1, XP_038688977.1, XP_038711674.1, XP_038711675.1, XP_038711676.1
OG0001001	Null	XP_038689884.1, XP_038689885.1, XP_038689886.1, XP_038689888.1, XP_038689889.1, XP_038689890.1, XP_038689891.1, XP_038689892.1
OG0001002	Null	XP_038689953.1, XP_038689954.1, XP_038689955.1, XP_038690408.1, XP_038690409.1, XP_038690410.1, XP_038690411.1, XP_038702319.1
OG0001003	Null	XP_038690482.1, XP_038690483.1, XP_038692430.1, XP_038692431.1, XP_038701709.1, XP_038701710.1, XP_038712479.1, XP_038712480.1
OG0001004	Null	XP_038690487.1, XP_038690488.1, XP_038690489.1, XP_038690490.1, XP_038690491.1, XP_038711213.1, XP_038711214.1, XP_038711215.1
OG0001005	Null	XP_038690576.1, XP_038690585.1, XP_038691440.1, XP_038691441.1, XP_038698306.1, XP_038702685.1, XP_038711832.1, XP_038718776.1
OG0001006	Null	XP_038690613.1, XP_038690614.1, XP_038690615.1, XP_038697708.1, XP_038701359.1, XP_038701360.1, XP_038719607.1, XP_038719608.1
OG0001007	Null	XP_038690725.1, XP_038690726.1, XP_038691097.1, XP_038691098.1, XP_038711588.1, XP_038711589.1, XP_038711590.1, XP_038711591.1
OG0001008	Null	XP_038691205.1, XP_038691206.1, XP_038691208.1, XP_038691209.1, XP_038710695.1, XP_038710696.1, XP_038710697.1, XP_038710698.1
OG0001009	Null	XP_038691396.1, XP_038702544.1, XP_038704829.1, XP_038712678.1, XP_038712679.1, XP_038712680.1, XP_038712681.1, XP_038714471.1
OG0001010	Null	XP_038691448.1, XP_038691449.1, XP_038691450.1, XP_038691451.1, XP_038691452.1, XP_038691453.1, XP_038691454.1, XP_038691456.1
OG0001011	Null	XP_038692119.1, XP_038692120.1, XP_038706144.1, XP_038706145.1, XP_038706146.1, XP_038706147.1, XP_038706148.1, XP_038706149.1
OG0001012	Null	XP_038692269.1, XP_038693271.1, XP_038693272.1, XP_038693273.1, XP_038693275.1, XP_038714018.1, XP_038714019.1, XP_038714020.1
OG0001013	Null	XP_038692378.1, XP_038717837.1, XP_038719583.1, XP_038719585.1, XP_038720323.1, XP_038720324.1, XP_038722098.1, XP_038722101.1
OG0001014	Null	XP_038692650.1, XP_038692651.1, XP_038692653.1, XP_038704278.1, XP_038704279.1, XP_038704280.1, XP_038704281.1, XP_038713950.1
OG0001015	Null	XP_038692656.1, XP_038692657.1, XP_038703415.1, XP_038703416.1, XP_038703417.1, XP_038703418.1, XP_038703420.1, XP_038703421.1
OG0001016	Null	XP_038692662.1, XP_038697886.1, XP_038698159.1, XP_038698160.1, XP_038701244.1, XP_038701245.1, XP_038701246.1, XP_038701247.1
OG0001017	Null	XP_038692853.1, XP_038692854.1, XP_038692855.1, XP_038692856.1, XP_038714506.1, XP_038721411.1, XP_038721412.1, XP_038723513.1
OG0001018	Null	XP_038693597.1, XP_038693599.1, XP_038706074.1, XP_038706075.1, XP_038726120.1, XP_038726129.1, XP_038726139.1, XP_038726147.1
OG0001019	Null	XP_038693616.1, XP_038693617.1, XP_038701473.1, XP_038714135.1, XP_038714136.1, XP_038714137.1, XP_038714138.1, XP_038714140.1
OG0001020	Null	XP_038694255.1, XP_038694256.1, XP_038694257.1, XP_038694258.1, XP_038707503.1, XP_038707504.1, XP_038707505.1, XP_038707507.1
OG0001021	Null	XP_038694365.1, XP_038694366.1, XP_038694367.1, XP_038694368.1, XP_038695552.1, XP_038695553.1, XP_038706633.1, XP_038710492.1
OG0001022	Null	XP_038694504.1, XP_038700915.1, XP_038710969.1, XP_038712941.1, XP_038716005.1, XP_038716006.1, XP_038718423.1, XP_038724287.1
OG0001023	Null	XP_038694725.1, XP_038694726.1, XP_038694728.1, XP_038694729.1, XP_038694730.1, XP_038713859.1, XP_038713860.1, XP_038713861.1
OG0001024	Null	XP_038694851.1, XP_038703597.1, XP_038705228.1, XP_038716195.1, XP_038716930.1, XP_038716931.1, XP_038716932.1, XP_038716933.1
OG0001025	Null	XP_038694949.1, XP_038694950.1, XP_038694951.1, XP_038703003.1, XP_038703977.1, XP_038713128.1, XP_038713129.1, XP_038713130.1
OG0001026	Null	XP_038695232.1, XP_038695233.1, XP_038695234.1, XP_038695235.1, XP_038695236.1, XP_038695237.1, XP_038695238.1, XP_038698987.1
OG0001027	Null	XP_038695580.1, XP_038695589.1, XP_038698090.1, XP_038719600.1, XP_038719601.1, XP_038720044.1, XP_038720045.1, XP_038722269.1
OG0001028	Null	XP_038695879.1, XP_038700274.1, XP_038700275.1, XP_038700276.1, XP_038700278.1, XP_038700279.1, XP_038700280.1, XP_038700281.1
OG0001029	Null	XP_038695923.1, XP_038695924.1, XP_038698646.1, XP_038699126.1, XP_038704143.1, XP_038714433.1, XP_038725121.1, XP_038725122.1
OG0001030	Null	XP_038697001.1, XP_038697002.1, XP_038697003.1, XP_038697004.1, XP_038697005.1, XP_038697006.1, XP_038701087.1, XP_038701088.1
OG0001031	Null	XP_038697724.1, XP_038697725.1, XP_038702542.1, XP_038702543.1, XP_038708618.1, XP_038718716.1, XP_038724191.1, XP_038724268.1
OG0001032	Null	XP_038697800.1, XP_038701435.1, XP_038701436.1, XP_038720265.1, XP_038720266.1, XP_038720267.1, XP_038720268.1, XP_038720269.1
OG0001033	Null	XP_038697801.1, XP_038701417.1, XP_038707437.1, XP_038707445.1, XP_038707453.1, XP_038719890.1, XP_038719891.1, XP_038719892.1
OG0001034	Null	XP_038697938.1, XP_038697939.1, XP_038701376.1, XP_038701377.1, XP_038701378.1, XP_038701379.1, XP_038701380.1, XP_038701381.1
OG0001035	Null	XP_038698144.1, XP_038720684.1, XP_038720685.1, XP_038720686.1, XP_038720687.1, XP_038720688.1, XP_038720690.1, XP_038720691.1
OG0001036	Null	XP_038698268.1, XP_038698269.1, XP_038698863.1, XP_038698864.1, XP_038698865.1, XP_038698867.1, XP_038712714.1, XP_038712715.1
OG0001037	Null	XP_038698341.1, XP_038698342.1, XP_038698343.1, XP_038724309.1, XP_038724310.1, XP_038724311.1, XP_038724312.1, XP_038724313.1
OG0001038	Null	XP_038698373.1, XP_038698374.1, XP_038698375.1, XP_038724435.1, XP_038724436.1, XP_038724437.1, XP_038724438.1, XP_038724439.1
OG0001039	Null	XP_038698535.1, XP_038698536.1, XP_038698537.1, XP_038698538.1, XP_038725662.1, XP_038725664.1, XP_038725665.1, XP_038725666.1
OG0001040	Null	XP_038699235.1, XP_038699236.1, XP_038699237.1, XP_038699238.1, XP_038699239.1, XP_038699240.1, XP_038699241.1, XP_038700862.1
OG0001041	Null	XP_038699250.1, XP_038699251.1, XP_038699252.1, XP_038699253.1, XP_038712746.1, XP_038712748.1, XP_038712749.1, XP_038712750.1
OG0001042	Null	XP_038699482.1, XP_038699483.1, XP_038699484.1, XP_038699485.1, XP_038699486.1, XP_038699487.1, XP_038699488.1, XP_038699489.1
OG0001043	Null	XP_038699693.1, XP_038701213.1, XP_038711330.1, XP_038716838.1, XP_038718573.1, XP_038719251.1, XP_038719257.1, XP_038721973.1
OG0001044	Null	XP_038699833.1, XP_038699834.1, XP_038699835.1, XP_038699836.1, XP_038699837.1, XP_038699838.1, XP_038699839.1, XP_038708165.1
OG0001045	Null	XP_038699888.1, XP_038699889.1, XP_038699890.1, XP_038699891.1, XP_038725251.1, XP_038725252.1, XP_038725253.1, XP_038725255.1
OG0001046	Null	XP_038700135.1, XP_038700136.1, XP_038700139.1, XP_038700140.1, XP_038726228.1, XP_038726229.1, XP_038726230.1, XP_038726401.1
OG0001047	Null	XP_038700304.1, XP_038700305.1, XP_038700306.1, XP_038700307.1, XP_038700309.1, XP_038700310.1, XP_038700311.1, XP_038700312.1
OG0001048	Null	XP_038700643.1, XP_038700644.1, XP_038700646.1, XP_038700647.1, XP_038700648.1, XP_038700649.1, XP_038700650.1, XP_038712090.1
OG0001049	Null	XP_038701234.1, XP_038701235.1, XP_038701236.1, XP_038701237.1, XP_038701239.1, XP_038701240.1, XP_038701241.1, XP_038719161.1
OG0001050	Null	XP_038701427.1, XP_038701428.1, XP_038701452.1, XP_038701453.1, XP_038702514.1, XP_038702515.1, XP_038702516.1, XP_038702517.1
OG0001051	Null	XP_038702227.1, XP_038702228.1, XP_038702229.1, XP_038702230.1, XP_038702231.1, XP_038702232.1, XP_038702233.1, XP_038702234.1
OG0001052	Null	XP_038702644.1, XP_038702645.1, XP_038702668.1, XP_038702669.1, XP_038704311.1, XP_038704312.1, XP_038705117.1, XP_038705118.1
OG0001053	Null	XP_038704221.1, XP_038704222.1, XP_038704223.1, XP_038704224.1, XP_038704225.1, XP_038704226.1, XP_038714299.1, XP_038714300.1
OG0001054	Null	XP_038705209.1, XP_038705210.1, XP_038705212.1, XP_038705213.1, XP_038705214.1, XP_038705215.1, XP_038705216.1, XP_038705217.1
OG0001055	Null	XP_038705401.1, XP_038705403.1, XP_038705404.1, XP_038705405.1, XP_038705406.1, XP_038705407.1, XP_038705409.1, XP_038705410.1
OG0001056	Null	XP_038705741.1, XP_038705742.1, XP_038705743.1, XP_038724746.1, XP_038725486.1, XP_038725497.1, XP_038725504.1, XP_038725512.1
OG0001057	Null	XP_038706188.1, XP_038706189.1, XP_038706699.1, XP_038707710.1, XP_038718326.1, XP_038718486.1, XP_038718511.1, XP_038718512.1
OG0001058	Null	XP_038706386.1, XP_038706387.1, XP_038706388.1, XP_038714619.1, XP_038714620.1, XP_038714621.1, XP_038714622.1, XP_038714625.1
OG0001059	Null	XP_038706516.1, XP_038706517.1, XP_038706518.1, XP_038706519.1, XP_038706520.1, XP_038718407.1, XP_038718408.1, XP_038719489.1
OG0001060	Null	XP_038706882.1, XP_038712326.1, XP_038715052.1, XP_038715056.1, XP_038715061.1, XP_038715924.1, XP_038715925.1, XP_038716916.1
OG0001061	Null	XP_038708474.1, XP_038708480.1, XP_038708486.1, XP_038708491.1, XP_038708497.1, XP_038708503.1, XP_038722777.1, XP_038722778.1
OG0001062	Null	XP_038708669.1, XP_038708670.1, XP_038708671.1, XP_038708672.1, XP_038708673.1, XP_038708674.1, XP_038708675.1, XP_038708676.1
OG0001063	Null	XP_038708777.1, XP_038708778.1, XP_038708779.1, XP_038708781.1, XP_038708782.1, XP_038708783.1, XP_038708784.1, XP_038708785.1
OG0001064	Null	XP_038711225.1, XP_038711226.1, XP_038711227.1, XP_038711228.1, XP_038711229.1, XP_038711230.1, XP_038711231.1, XP_038711232.1
OG0001065	Null	XP_038712012.1, XP_038712013.1, XP_038712014.1, XP_038712015.1, XP_038712016.1, XP_038712017.1, XP_038712018.1, XP_038712019.1
OG0001066	Null	XP_038712209.1, XP_038712210.1, XP_038713225.1, XP_038713226.1, XP_038713634.1, XP_038713635.1, XP_038713636.1, XP_038714469.1
OG0001067	Null	XP_038713241.1, XP_038716404.1, XP_038716405.1, XP_038716406.1, XP_038716407.1, XP_038717944.1, XP_038717945.1, XP_038717946.1
OG0001068	Null	XP_038715148.1, XP_038715149.1, XP_038717911.1, XP_038717912.1, XP_038717913.1, XP_038717914.1, XP_038717915.1, XP_038717916.1
OG0001069	Null	XP_038717949.1, XP_038717950.1, XP_038717951.1, XP_038717953.1, XP_038717954.1, XP_038717955.1, XP_038717956.1, XP_038717957.1
OG0001070	Null	XP_038721130.1, XP_038721131.1, XP_038721132.1, XP_038721133.1, XP_038721817.1, XP_038721818.1, XP_038721819.1, XP_038721820.1
OG0001071	Null	XP_038723095.1, XP_038723096.1, XP_038723097.1, XP_038723098.1, XP_038723099.1, XP_038723100.1, XP_038724148.1, XP_038724149.1
OG0001072	GWHPDONJ000181, GWHPDONJ000441, GWHPDONJ000696, GWHPDONJ001433, GWHPDONJ001459, GWHPDONJ001498, GWHPDONJ003696	
OG0001073	GWHPDONJ000226, GWHPDONJ000923, GWHPDONJ001112, GWHPDONJ003463, GWHPDONJ003612, GWHPDONJ004748, GWHPDONJ005778	
OG0001074	GWHPDONJ000265, GWHPDONJ000539, GWHPDONJ001298, GWHPDONJ003700, GWHPDONJ005871	XP_038713424.1, XP_038715063.1
OG0001075	GWHPDONJ000351, GWHPDONJ007172	XP_038708847.1, XP_038708848.1, XP_038708849.1, XP_038708850.1, XP_038708851.1
OG0001076	GWHPDONJ000374	XP_038687199.1, XP_038687200.1, XP_038687201.1, XP_038724367.1, XP_038724369.1, XP_038724370.1
OG0001077	GWHPDONJ000402, GWHPDONJ000692, GWHPDONJ000908, GWHPDONJ000977, GWHPDONJ001725, GWHPDONJ003010	XP_038705184.1
OG0001078	GWHPDONJ000494, GWHPDONJ001538, GWHPDONJ001555, GWHPDONJ001573, GWHPDONJ002586, GWHPDONJ003507, GWHPDONJ003524	
OG0001079	GWHPDONJ000955	XP_038684230.1, XP_038684231.1, XP_038686460.1, XP_038686461.1, XP_038709229.1, XP_038709230.1
OG0001080	GWHPDONJ000978, GWHPDONJ001766, GWHPDONJ001873, GWHPDONJ001967, GWHPDONJ002529, GWHPDONJ003011	XP_038705852.1
OG0001081	GWHPDONJ001100, GWHPDONJ001386, GWHPDONJ002880, GWHPDONJ002991, GWHPDONJ003601, GWHPDONJ010925, GWHPDONJ010926	
OG0001082	GWHPDONJ001156	XP_038687249.1, XP_038687250.1, XP_038687251.1, XP_038708262.1, XP_038708263.1, XP_038708264.1
OG0001083	GWHPDONJ001245, GWHPDONJ010118	XP_038694973.1, XP_038694974.1, XP_038704037.1, XP_038704038.1, XP_038704039.1
OG0001084	GWHPDONJ001254	XP_038709795.1, XP_038709796.1, XP_038709797.1, XP_038709798.1, XP_038709799.1, XP_038709800.1
OG0001085	GWHPDONJ001447	XP_038698749.1, XP_038698750.1, XP_038698751.1, XP_038714390.1, XP_038718487.1, XP_038718488.1
OG0001086	GWHPDONJ001497, GWHPDONJ002373, GWHPDONJ002654	XP_038689516.1, XP_038693794.1, XP_038708535.1, XP_038717246.1
OG0001087	GWHPDONJ002013	XP_038687027.1, XP_038687028.1, XP_038691277.1, XP_038719383.1, XP_038719384.1, XP_038721272.1
OG0001088	GWHPDONJ002051	XP_038699245.1, XP_038705155.1, XP_038707798.1, XP_038707829.1, XP_038715119.1, XP_038721738.1
OG0001089	GWHPDONJ002094	XP_038716166.1, XP_038716167.1, XP_038716168.1, XP_038716169.1, XP_038716170.1, XP_038716171.1
OG0001090	GWHPDONJ002111	XP_038695712.1, XP_038695713.1, XP_038698773.1, XP_038698774.1, XP_038712579.1, XP_038712580.1
OG0001091	GWHPDONJ002315	XP_038702776.1, XP_038702777.1, XP_038715978.1, XP_038715979.1, XP_038718505.1, XP_038718506.1
OG0001092	GWHPDONJ002318	XP_038721126.1, XP_038721135.1, XP_038721143.1, XP_038721151.1, XP_038721158.1, XP_038721165.1
OG0001093	GWHPDONJ002458, GWHPDONJ005582	XP_038714646.1, XP_038714647.1, XP_038714648.1, XP_038714649.1, XP_038714650.1
OG0001094	GWHPDONJ002641	XP_038692441.1, XP_038692442.1, XP_038703080.1, XP_038703081.1, XP_038703082.1, XP_038703083.1
OG0001095	GWHPDONJ002719	XP_038683368.1, XP_038683369.1, XP_038683370.1, XP_038683371.1, XP_038683372.1, XP_038683373.1
OG0001096	GWHPDONJ002805	XP_038692914.1, XP_038694862.1, XP_038703291.1, XP_038704685.1, XP_038718764.1, XP_038722114.1
OG0001097	GWHPDONJ003036	XP_038704063.1, XP_038704064.1, XP_038704066.1, XP_038704067.1, XP_038714771.1, XP_038716806.1
OG0001098	GWHPDONJ003220, GWHPDONJ008289	XP_038707609.1, XP_038707610.1, XP_038707611.1, XP_038721647.1, XP_038721653.1
OG0001099	GWHPDONJ003368, GWHPDONJ008209	XP_038698525.1, XP_038704401.1, XP_038711659.1, XP_038723921.1, XP_038723922.1
OG0001100	GWHPDONJ003885	XP_038707905.1, XP_038707906.1, XP_038707908.1, XP_038707909.1, XP_038707910.1, XP_038707911.1
OG0001101	GWHPDONJ003937	XP_038680935.1, XP_038694144.1, XP_038694145.1, XP_038706059.1, XP_038706060.1, XP_038706061.1
OG0001102	GWHPDONJ003997	XP_038683989.1, XP_038683990.1, XP_038686438.1, XP_038686439.1, XP_038686440.1, XP_038686441.1
OG0001103	GWHPDONJ004013	XP_038717808.1, XP_038717809.1, XP_038717810.1, XP_038717811.1, XP_038717812.1, XP_038717813.1
OG0001104	GWHPDONJ004082	XP_038699765.1, XP_038699766.1, XP_038699767.1, XP_038699768.1, XP_038710267.1, XP_038710268.1
OG0001105	GWHPDONJ004272	XP_038693209.1, XP_038693210.1, XP_038693211.1, XP_038693213.1, XP_038693214.1, XP_038721097.1
OG0001106	GWHPDONJ004342	XP_038695055.1, XP_038696106.1, XP_038696107.1, XP_038700232.1, XP_038700668.1, XP_038710692.1
OG0001107	GWHPDONJ004466, GWHPDONJ004900	XP_038710109.1, XP_038710110.1, XP_038710111.1, XP_038710112.1, XP_038710113.1
OG0001108	GWHPDONJ004468	XP_038700247.1, XP_038700248.1, XP_038700249.1, XP_038700250.1, XP_038725457.1, XP_038725458.1
OG0001109	GWHPDONJ004592	XP_038694716.1, XP_038697790.1, XP_038698652.1, XP_038700502.1, XP_038726194.1, XP_038726195.1
OG0001110	GWHPDONJ004729	XP_038695696.1, XP_038695704.1, XP_038720979.1, XP_038720980.1, XP_038720981.1, XP_038720982.1
OG0001111	GWHPDONJ004769	XP_038684927.1, XP_038684935.1, XP_038684942.1, XP_038684950.1, XP_038684959.1, XP_038719621.1
OG0001112	GWHPDONJ004991	XP_038683721.1, XP_038683722.1, XP_038708064.1, XP_038708065.1, XP_038708066.1, XP_038708067.1
OG0001113	GWHPDONJ005059	XP_038681104.1, XP_038681105.1, XP_038681106.1, XP_038683354.1, XP_038708857.1, XP_038708858.1
OG0001114	GWHPDONJ005085	XP_038680822.1, XP_038680823.1, XP_038680824.1, XP_038680825.1, XP_038680826.1, XP_038680827.1
OG0001115	GWHPDONJ005144	XP_038714777.1, XP_038714778.1, XP_038714779.1, XP_038714780.1, XP_038714781.1, XP_038714782.1
OG0001116	GWHPDONJ005157	XP_038715628.1, XP_038715629.1, XP_038715630.1, XP_038715631.1, XP_038715632.1, XP_038716696.1
OG0001117	GWHPDONJ005278	XP_038718020.1, XP_038718021.1, XP_038718022.1, XP_038718023.1, XP_038718024.1, XP_038718025.1
OG0001118	GWHPDONJ005286	XP_038681637.1, XP_038681638.1, XP_038682913.1, XP_038682914.1, XP_038682915.1, XP_038682916.1
OG0001119	GWHPDONJ005293	XP_038698946.1, XP_038698947.1, XP_038698948.1, XP_038699103.1, XP_038699104.1, XP_038699105.1
OG0001120	GWHPDONJ005303	XP_038695611.1, XP_038699108.1, XP_038699109.1, XP_038699110.1, XP_038699111.1, XP_038699113.1
OG0001121	GWHPDONJ005382	XP_038682878.1, XP_038682886.1, XP_038682893.1, XP_038693401.1, XP_038693403.1, XP_038693404.1
OG0001122	GWHPDONJ005428	XP_038704954.1, XP_038704955.1, XP_038704956.1, XP_038704957.1, XP_038704958.1, XP_038704959.1
OG0001123	GWHPDONJ005475	XP_038682217.1, XP_038682218.1, XP_038682219.1, XP_038682220.1, XP_038682221.1, XP_038682222.1
OG0001124	GWHPDONJ005496	XP_038685982.1, XP_038685999.1, XP_038686008.1, XP_038686016.1, XP_038686025.1, XP_038686032.1
OG0001125	GWHPDONJ005517	XP_038719436.1, XP_038719437.1, XP_038720753.1, XP_038720754.1, XP_038720755.1, XP_038720756.1
OG0001126	GWHPDONJ005519	XP_038681387.1, XP_038681388.1, XP_038683521.1, XP_038683522.1, XP_038708454.1, XP_038708455.1
OG0001127	GWHPDONJ005593	XP_038719369.1, XP_038719444.1, XP_038722192.1, XP_038722193.1, XP_038722194.1, XP_038722195.1
OG0001128	GWHPDONJ005610	XP_038709310.1, XP_038709320.1, XP_038709328.1, XP_038709335.1, XP_038719867.1, XP_038719868.1
OG0001129	GWHPDONJ005644	XP_038705194.1, XP_038705195.1, XP_038709045.1, XP_038709050.1, XP_038719045.1, XP_038719046.1
OG0001130	GWHPDONJ005650	XP_038704811.1, XP_038704812.1, XP_038704813.1, XP_038704814.1, XP_038705229.1, XP_038713171.1
OG0001131	GWHPDONJ005666	XP_038716813.1, XP_038716814.1, XP_038716815.1, XP_038716816.1, XP_038716817.1, XP_038716818.1
OG0001132	GWHPDONJ005720	XP_038694500.1, XP_038694501.1, XP_038714551.1, XP_038717815.1, XP_038717816.1, XP_038717817.1
OG0001133	GWHPDONJ005758	XP_038717341.1, XP_038717342.1, XP_038717343.1, XP_038717344.1, XP_038717345.1, XP_038717346.1
OG0001134	GWHPDONJ005829	XP_038693335.1, XP_038693336.1, XP_038693337.1, XP_038693338.1, XP_038706325.1, XP_038706327.1
OG0001135	GWHPDONJ005851	XP_038694040.1, XP_038694041.1, XP_038694042.1, XP_038694043.1, XP_038714859.1, XP_038714867.1
OG0001136	GWHPDONJ005891	XP_038694921.1, XP_038694922.1, XP_038694923.1, XP_038694924.1, XP_038707463.1, XP_038719099.1
OG0001137	GWHPDONJ005955	XP_038688866.1, XP_038688867.1, XP_038688868.1, XP_038688869.1, XP_038710812.1, XP_038710813.1
OG0001138	GWHPDONJ005966	XP_038700995.1, XP_038700996.1, XP_038700997.1, XP_038700998.1, XP_038700999.1, XP_038701000.1
OG0001139	GWHPDONJ006008	XP_038716248.1, XP_038716249.1, XP_038716250.1, XP_038716251.1, XP_038716252.1, XP_038716253.1
OG0001140	GWHPDONJ006059	XP_038685964.1, XP_038685974.1, XP_038701320.1, XP_038701321.1, XP_038701322.1, XP_038701323.1
OG0001141	GWHPDONJ006070, GWHPDONJ008199	XP_038700910.1, XP_038700911.1, XP_038700912.1, XP_038700913.1, XP_038700914.1
OG0001142	GWHPDONJ006122	XP_038696040.1, XP_038696112.1, XP_038700176.1, XP_038700177.1, XP_038721145.1, XP_038726355.1
OG0001143	GWHPDONJ006194	XP_038699180.1, XP_038706338.1, XP_038716025.1, XP_038719484.1, XP_038724079.1, XP_038724255.1
OG0001144	GWHPDONJ006236	XP_038693898.1, XP_038693899.1, XP_038707521.1, XP_038707522.1, XP_038707523.1, XP_038707524.1
OG0001145	GWHPDONJ006241	XP_038693183.1, XP_038693184.1, XP_038693185.1, XP_038705376.1, XP_038718652.1, XP_038718660.1
OG0001146	GWHPDONJ006287	XP_038721138.1, XP_038721139.1, XP_038721140.1, XP_038721141.1, XP_038721142.1, XP_038721144.1
OG0001147	GWHPDONJ006381	XP_038707465.1, XP_038707474.1, XP_038707482.1, XP_038723352.1, XP_038723353.1, XP_038723354.1
OG0001148	GWHPDONJ006384	XP_038692278.1, XP_038692279.1, XP_038692280.1, XP_038707015.1, XP_038707017.1, XP_038707018.1
OG0001149	GWHPDONJ006445	XP_038679692.1, XP_038679693.1, XP_038679694.1, XP_038679760.1, XP_038679761.1, XP_038679772.1
OG0001150	GWHPDONJ006462	XP_038681772.1, XP_038681774.1, XP_038681775.1, XP_038681776.1, XP_038708152.1, XP_038708153.1
OG0001151	GWHPDONJ006495	XP_038684169.1, XP_038684171.1, XP_038684172.1, XP_038684173.1, XP_038684174.1, XP_038684175.1
OG0001152	GWHPDONJ006551	XP_038705149.1, XP_038705150.1, XP_038714926.1, XP_038714927.1, XP_038714928.1, XP_038714929.1
OG0001153	GWHPDONJ006553	XP_038688672.1, XP_038688675.1, XP_038694656.1, XP_038694665.1, XP_038701284.1, XP_038718732.1
OG0001154	GWHPDONJ006586	XP_038684903.1, XP_038696003.1, XP_038701098.1, XP_038707185.1, XP_038722057.1, XP_038724721.1
OG0001155	GWHPDONJ006591	XP_038682447.1, XP_038708166.1, XP_038708167.1, XP_038708168.1, XP_038708169.1, XP_038708170.1
OG0001156	GWHPDONJ006670	XP_038682326.1, XP_038682328.1, XP_038682329.1, XP_038709683.1, XP_038709684.1, XP_038709685.1
OG0001157	GWHPDONJ006805	XP_038693535.1, XP_038693536.1, XP_038693537.1, XP_038713545.1, XP_038713546.1, XP_038713547.1
OG0001158	GWHPDONJ006848	XP_038694529.1, XP_038703004.1, XP_038703005.1, XP_038703006.1, XP_038703007.1, XP_038712931.1
OG0001159	GWHPDONJ006945	XP_038687667.1, XP_038687668.1, XP_038687669.1, XP_038687670.1, XP_038687671.1, XP_038687672.1
OG0001160	GWHPDONJ006957	XP_038695454.1, XP_038696783.1, XP_038702588.1, XP_038708555.1, XP_038713382.1, XP_038719817.1
OG0001161	GWHPDONJ007028	XP_038681802.1, XP_038681803.1, XP_038681804.1, XP_038681805.1, XP_038684060.1, XP_038708252.1
OG0001162	GWHPDONJ007077	XP_038680592.1, XP_038680593.1, XP_038687020.1, XP_038687021.1, XP_038726372.1, XP_038726373.1
OG0001163	GWHPDONJ007117	XP_038695769.1, XP_038700172.1, XP_038700478.1, XP_038725028.1, XP_038725029.1, XP_038725030.1
OG0001164	GWHPDONJ007135	XP_038706360.1, XP_038721375.1, XP_038722681.1, XP_038722682.1, XP_038722683.1, XP_038722684.1
OG0001165	GWHPDONJ007168	XP_038679560.1, XP_038687425.1, XP_038687426.1, XP_038687543.1, XP_038725295.1, XP_038725297.1
OG0001166	GWHPDONJ007176	XP_038679508.1, XP_038679513.1, XP_038693321.1, XP_038693322.1, XP_038707024.1, XP_038707025.1
OG0001167	GWHPDONJ007177	XP_038679935.1, XP_038679936.1, XP_038690085.1, XP_038690086.1, XP_038711097.1, XP_038711098.1
OG0001168	GWHPDONJ007181	XP_038697074.1, XP_038697075.1, XP_038711394.1, XP_038711395.1, XP_038711396.1, XP_038711397.1
OG0001169	GWHPDONJ007213	XP_038679652.1, XP_038690421.1, XP_038690422.1, XP_038693417.1, XP_038706283.1, XP_038710916.1
OG0001170	GWHPDONJ007216	XP_038689562.1, XP_038690761.1, XP_038693382.1, XP_038702008.1, XP_038711120.1, XP_038721804.1
OG0001171	GWHPDONJ007279	XP_038711911.1, XP_038711986.1, XP_038712068.1, XP_038712141.1, XP_038712224.1, XP_038723151.1
OG0001172	GWHPDONJ007428	XP_038682256.1, XP_038693452.1, XP_038693453.1, XP_038693455.1, XP_038706877.1, XP_038706878.1
OG0001173	GWHPDONJ007435	XP_038704459.1, XP_038704460.1, XP_038704461.1, XP_038704462.1, XP_038715445.1, XP_038716876.1
OG0001174	GWHPDONJ007526	XP_038711837.1, XP_038712222.1, XP_038712223.1, XP_038712225.1, XP_038712226.1, XP_038712227.1
OG0001175	GWHPDONJ007608	XP_038692950.1, XP_038692951.1, XP_038692952.1, XP_038692953.1, XP_038692954.1, XP_038703685.1
OG0001176	GWHPDONJ007636, GWHPDONJ008677	XP_038685225.1, XP_038685227.1, XP_038685228.1, XP_038685229.1, XP_038709191.1
OG0001177	GWHPDONJ007694	XP_038703974.1, XP_038703982.1, XP_038703990.1, XP_038703999.1, XP_038704008.1, XP_038704018.1
OG0001178	GWHPDONJ007747	XP_038684683.1, XP_038684684.1, XP_038684686.1, XP_038684687.1, XP_038686279.1, XP_038686280.1
OG0001179	GWHPDONJ007751	XP_038686399.1, XP_038686400.1, XP_038686401.1, XP_038686402.1, XP_038686403.1, XP_038686404.1
OG0001180	GWHPDONJ007756, GWHPDONJ009304	XP_038702758.1, XP_038702795.1, XP_038712179.1, XP_038712180.1, XP_038713163.1
OG0001181	GWHPDONJ007823	XP_038703711.1, XP_038715252.1, XP_038718392.1, XP_038721531.1, XP_038722909.1, XP_038724571.1
OG0001182	GWHPDONJ007832	XP_038706979.1, XP_038706980.1, XP_038706981.1, XP_038706982.1, XP_038721880.1, XP_038721881.1
OG0001183	GWHPDONJ007850	XP_038683006.1, XP_038690147.1, XP_038709267.1, XP_038710930.1, XP_038710932.1, XP_038710933.1
OG0001184	GWHPDONJ007940	XP_038717065.1, XP_038717140.1, XP_038722877.1, XP_038722878.1, XP_038722879.1, XP_038722880.1
OG0001185	GWHPDONJ008034	XP_038692146.1, XP_038692155.1, XP_038692163.1, XP_038721183.1, XP_038721184.1, XP_038721185.1
OG0001186	GWHPDONJ008133	XP_038697361.1, XP_038701328.1, XP_038701330.1, XP_038719315.1, XP_038719316.1, XP_038719317.1
OG0001187	GWHPDONJ008206	XP_038701111.1, XP_038701112.1, XP_038701113.1, XP_038701114.1, XP_038701115.1, XP_038701116.1
OG0001188	GWHPDONJ008208	XP_038696019.1, XP_038696020.1, XP_038696021.1, XP_038698517.1, XP_038709988.1, XP_038709989.1
OG0001189	GWHPDONJ008248	XP_038701049.1, XP_038701050.1, XP_038701051.1, XP_038701052.1, XP_038701053.1, XP_038701054.1
OG0001190	GWHPDONJ008268	XP_038708411.1, XP_038708419.1, XP_038708426.1, XP_038712964.1, XP_038722779.1, XP_038722780.1
OG0001191	GWHPDONJ008270	XP_038694389.1, XP_038694390.1, XP_038694391.1, XP_038703013.1, XP_038703014.1, XP_038703015.1
OG0001192	GWHPDONJ008397	XP_038702530.1, XP_038702539.1, XP_038702546.1, XP_038722305.1, XP_038722306.1, XP_038722307.1
OG0001193	GWHPDONJ008404	XP_038704254.1, XP_038704263.1, XP_038716989.1, XP_038716990.1, XP_038719179.1, XP_038722216.1
OG0001194	GWHPDONJ008430	XP_038694234.1, XP_038694235.1, XP_038717723.1, XP_038717724.1, XP_038717725.1, XP_038717726.1
OG0001195	GWHPDONJ008565	XP_038691918.1, XP_038691922.1, XP_038691930.1, XP_038691936.1, XP_038718980.1, XP_038718981.1
OG0001196	GWHPDONJ008628	XP_038679164.1, XP_038687125.1, XP_038690587.1, XP_038692168.1, XP_038692169.1, XP_038702609.1
OG0001197	GWHPDONJ008653	XP_038683282.1, XP_038709027.1, XP_038709028.1, XP_038709029.1, XP_038709030.1, XP_038709031.1
OG0001198	GWHPDONJ008676	XP_038712900.1, XP_038712901.1, XP_038712902.1, XP_038712904.1, XP_038712905.1, XP_038712906.1
OG0001199	GWHPDONJ008747	XP_038685307.1, XP_038685315.1, XP_038702071.1, XP_038702072.1, XP_038720928.1, XP_038720929.1
OG0001200	GWHPDONJ008845	XP_038697826.1, XP_038697827.1, XP_038697828.1, XP_038697829.1, XP_038697830.1, XP_038697831.1
OG0001201	GWHPDONJ008868	XP_038681717.1, XP_038683499.1, XP_038683500.1, XP_038708896.1, XP_038708898.1, XP_038708899.1
OG0001202	GWHPDONJ008923	XP_038686514.1, XP_038686515.1, XP_038686516.1, XP_038690264.1, XP_038690265.1, XP_038690266.1
OG0001203	GWHPDONJ008931	XP_038689898.1, XP_038689899.1, XP_038690884.1, XP_038690885.1, XP_038717541.1, XP_038718478.1
OG0001204	GWHPDONJ008952	XP_038686395.1, XP_038689501.1, XP_038689858.1, XP_038689859.1, XP_038689860.1, XP_038689861.1
OG0001205	GWHPDONJ008962	XP_038708727.1, XP_038709460.1, XP_038722332.1, XP_038722333.1, XP_038722334.1, XP_038722335.1
OG0001206	GWHPDONJ009005, GWHPDONJ009006	XP_038685366.1, XP_038685367.1, XP_038689649.1, XP_038689650.1, XP_038689651.1
OG0001207	GWHPDONJ009149	XP_038686753.1, XP_038686754.1, XP_038691535.1, XP_038691536.1, XP_038692045.1, XP_038704862.1
OG0001208	GWHPDONJ009402	XP_038692327.1, XP_038692328.1, XP_038692329.1, XP_038707661.1, XP_038707662.1, XP_038707663.1
OG0001209	GWHPDONJ009414	XP_038708720.1, XP_038708721.1, XP_038708722.1, XP_038708723.1, XP_038708724.1, XP_038708725.1
OG0001210	GWHPDONJ009422	XP_038685883.1, XP_038685884.1, XP_038685885.1, XP_038685886.1, XP_038685887.1, XP_038685888.1
OG0001211	GWHPDONJ009481	XP_038688191.1, XP_038688192.1, XP_038724730.1, XP_038724731.1, XP_038724732.1, XP_038724733.1
OG0001212	GWHPDONJ009498	XP_038692664.1, XP_038692665.1, XP_038692666.1, XP_038724164.1, XP_038724172.1, XP_038724180.1
OG0001213	GWHPDONJ009581	XP_038680541.1, XP_038680542.1, XP_038680543.1, XP_038680544.1, XP_038680545.1, XP_038680546.1
OG0001214	GWHPDONJ009663	XP_038696771.1, XP_038711689.1, XP_038711690.1, XP_038711691.1, XP_038711692.1, XP_038721275.1
OG0001215	GWHPDONJ009717	XP_038696709.1, XP_038699756.1, XP_038699757.1, XP_038699758.1, XP_038699759.1, XP_038710585.1
OG0001216	GWHPDONJ009806	XP_038694821.1, XP_038694822.1, XP_038710632.1, XP_038710640.1, XP_038710649.1, XP_038720067.1
OG0001217	GWHPDONJ009853	XP_038720536.1, XP_038720537.1, XP_038723446.1, XP_038723447.1, XP_038723448.1, XP_038723449.1
OG0001218	GWHPDONJ009984	XP_038723923.1, XP_038723924.1, XP_038723925.1, XP_038723926.1, XP_038723928.1, XP_038723929.1
OG0001219	GWHPDONJ010066	XP_038685529.1, XP_038685530.1, XP_038685531.1, XP_038690342.1, XP_038690343.1, XP_038690344.1
OG0001220	GWHPDONJ010108	XP_038695859.1, XP_038695860.1, XP_038695861.1, XP_038695862.1, XP_038700254.1, XP_038700255.1
OG0001221	GWHPDONJ010195	XP_038697848.1, XP_038697849.1, XP_038697850.1, XP_038697851.1, XP_038718749.1, XP_038718750.1
OG0001222	GWHPDONJ010220	XP_038680640.1, XP_038683848.1, XP_038692211.1, XP_038708110.1, XP_038722685.1, XP_038722686.1
OG0001223	GWHPDONJ010245	XP_038692748.1, XP_038716739.1, XP_038716740.1, XP_038716741.1, XP_038716742.1, XP_038716743.1
OG0001224	GWHPDONJ010343	XP_038694468.1, XP_038694469.1, XP_038694470.1, XP_038694471.1, XP_038705364.1, XP_038705365.1
OG0001225	GWHPDONJ010349	XP_038714750.1, XP_038714751.1, XP_038714753.1, XP_038714754.1, XP_038716855.1, XP_038716856.1
OG0001226	GWHPDONJ010363	XP_038697890.1, XP_038697931.1, XP_038697945.1, XP_038699629.1, XP_038699633.1, XP_038699637.1
OG0001227	GWHPDONJ010386	XP_038698668.1, XP_038698669.1, XP_038698670.1, XP_038712319.1, XP_038712320.1, XP_038712321.1
OG0001228	GWHPDONJ010444	XP_038679279.1, XP_038679280.1, XP_038679281.1, XP_038679282.1, XP_038679283.1, XP_038679284.1
OG0001229	GWHPDONJ010465	XP_038687260.1, XP_038687261.1, XP_038687262.1, XP_038725069.1, XP_038725070.1, XP_038725071.1
OG0001230	GWHPDONJ010487	XP_038699750.1, XP_038724593.1, XP_038724594.1, XP_038724595.1, XP_038724596.1, XP_038724597.1
OG0001231	GWHPDONJ010519	XP_038720764.1, XP_038720773.1, XP_038720785.1, XP_038720796.1, XP_038725452.1, XP_038725461.1
OG0001232	GWHPDONJ010562	XP_038679453.1, XP_038685732.1, XP_038687501.1, XP_038699668.1, XP_038708449.1, XP_038715031.1
OG0001233	GWHPDONJ010621	XP_038684527.1, XP_038702554.1, XP_038702555.1, XP_038720500.1, XP_038720501.1, XP_038722341.1
OG0001234	GWHPDONJ010676	XP_038685102.1, XP_038685103.1, XP_038685104.1, XP_038689553.1, XP_038691832.1, XP_038714520.1
OG0001235	GWHPDONJ010695	XP_038682301.1, XP_038682302.1, XP_038682303.1, XP_038683840.1, XP_038683841.1, XP_038683843.1
OG0001236	GWHPDONJ010784	XP_038714234.1, XP_038714241.1, XP_038714248.1, XP_038714261.1, XP_038714267.1, XP_038714275.1
OG0001237	GWHPDONJ010814	XP_038713084.1, XP_038713085.1, XP_038713086.1, XP_038713088.1, XP_038718103.1, XP_038718104.1
OG0001238	Null	XP_038678515.1, XP_038678993.1, XP_038678994.1, XP_038685811.1, XP_038688367.1, XP_038688368.1, XP_038688369.1
OG0001239	Null	XP_038678580.1, XP_038678582.1, XP_038679670.1, XP_038679671.1, XP_038679672.1, XP_038687743.1, XP_038687744.1
OG0001240	Null	XP_038678592.1, XP_038696675.1, XP_038705013.1, XP_038710323.1, XP_038714021.1, XP_038723989.1, XP_038726186.1
OG0001241	Null	XP_038678809.1, XP_038700448.1, XP_038705733.1, XP_038710615.1, XP_038710616.1, XP_038712744.1, XP_038715253.1
OG0001242	Null	XP_038678828.1, XP_038683040.1, XP_038697216.1, XP_038697833.1, XP_038698353.1, XP_038711830.1, XP_038716239.1
OG0001243	Null	XP_038678846.1, XP_038680285.1, XP_038694823.1, XP_038698070.1, XP_038707614.1, XP_038707920.1, XP_038721055.1
OG0001244	Null	XP_038678995.1, XP_038678996.1, XP_038678997.1, XP_038678998.1, XP_038679000.1, XP_038690131.1, XP_038690132.1
OG0001245	Null	XP_038679022.1, XP_038702729.1, XP_038702730.1, XP_038702731.1, XP_038702732.1, XP_038702733.1, XP_038724537.1
OG0001246	Null	XP_038679419.1, XP_038688079.1, XP_038696613.1, XP_038697401.1, XP_038702276.1, XP_038721134.1, XP_038724187.1
OG0001247	Null	XP_038679499.1, XP_038687396.1, XP_038687430.1, XP_038695387.1, XP_038695390.1, XP_038702789.1, XP_038725288.1
OG0001248	Null	XP_038679544.1, XP_038679549.1, XP_038688198.1, XP_038706132.1, XP_038725212.1, XP_038725213.1, XP_038725214.1
OG0001249	Null	XP_038679587.1, XP_038679588.1, XP_038679589.1, XP_038689608.1, XP_038689609.1, XP_038697286.1, XP_038701374.1
OG0001250	Null	XP_038679631.1, XP_038679632.1, XP_038679633.1, XP_038687664.1, XP_038687666.1, XP_038725881.1, XP_038725882.1
OG0001251	Null	XP_038679924.1, XP_038679925.1, XP_038690710.1, XP_038690711.1, XP_038693263.1, XP_038706005.1, XP_038706007.1
OG0001252	Null	XP_038680055.1, XP_038693849.1, XP_038709983.1, XP_038711107.1, XP_038711115.1, XP_038713148.1, XP_038718324.1
OG0001253	Null	XP_038680188.1, XP_038682697.1, XP_038684971.1, XP_038686071.1, XP_038688012.1, XP_038707981.1, XP_038718898.1
OG0001254	Null	XP_038680253.1, XP_038689855.1, XP_038692504.1, XP_038698085.1, XP_038701300.1, XP_038706152.1, XP_038710385.1
OG0001255	Null	XP_038680323.1, XP_038680324.1, XP_038680325.1, XP_038680326.1, XP_038680327.1, XP_038680328.1, XP_038680329.1
OG0001256	Null	XP_038680454.1, XP_038680455.1, XP_038680456.1, XP_038681525.1, XP_038686866.1, XP_038686867.1, XP_038726053.1
OG0001257	Null	XP_038680761.1, XP_038688206.1, XP_038706572.1, XP_038706573.1, XP_038706574.1, XP_038720120.1, XP_038720130.1
OG0001258	Null	XP_038680846.1, XP_038683796.1, XP_038683797.1, XP_038709370.1, XP_038709371.1, XP_038709372.1, XP_038717039.1
OG0001259	Null	XP_038680911.1, XP_038680931.1, XP_038687612.1, XP_038693764.1, XP_038707287.1, XP_038715016.1, XP_038722022.1
OG0001260	Null	XP_038680957.1, XP_038710058.1, XP_038710060.1, XP_038724031.1, XP_038724032.1, XP_038724033.1, XP_038724034.1
OG0001261	Null	XP_038680972.1, XP_038693161.1, XP_038694105.1, XP_038700483.1, XP_038700484.1, XP_038701267.1, XP_038705906.1
OG0001262	Null	XP_038681052.1, XP_038681053.1, XP_038682624.1, XP_038682625.1, XP_038682626.1, XP_038682983.1, XP_038682984.1
OG0001263	Null	XP_038681076.1, XP_038681077.1, XP_038681078.1, XP_038681079.1, XP_038681080.1, XP_038682405.1, XP_038682911.1
OG0001264	Null	XP_038681110.1, XP_038681111.1, XP_038681112.1, XP_038681113.1, XP_038681114.1, XP_038708386.1, XP_038708387.1
OG0001265	Null	XP_038681360.1, XP_038684649.1, XP_038715084.1, XP_038715092.1, XP_038715095.1, XP_038716394.1, XP_038716586.1
OG0001266	Null	XP_038681488.1, XP_038681489.1, XP_038681490.1, XP_038681491.1, XP_038681492.1, XP_038681493.1, XP_038692306.1
OG0001267	Null	XP_038681504.1, XP_038681505.1, XP_038681506.1, XP_038681507.1, XP_038708827.1, XP_038708828.1, XP_038708829.1
OG0001268	Null	XP_038681510.1, XP_038681511.1, XP_038681582.1, XP_038681583.1, XP_038681584.1, XP_038681585.1, XP_038681586.1
OG0001269	Null	XP_038681564.1, XP_038681566.1, XP_038681567.1, XP_038683044.1, XP_038683645.1, XP_038683646.1, XP_038708717.1
OG0001270	Null	XP_038681577.1, XP_038681578.1, XP_038681579.1, XP_038691733.1, XP_038719713.1, XP_038719714.1, XP_038719715.1
OG0001271	Null	XP_038681598.1, XP_038681678.1, XP_038681679.1, XP_038681680.1, XP_038681681.1, XP_038701972.1, XP_038701973.1
OG0001272	Null	XP_038681690.1, XP_038681691.1, XP_038681692.1, XP_038681693.1, XP_038682946.1, XP_038682947.1, XP_038708369.1
OG0001273	Null	XP_038681767.1, XP_038681768.1, XP_038702903.1, XP_038702904.1, XP_038702905.1, XP_038709791.1, XP_038718194.1
OG0001274	Null	XP_038681787.1, XP_038683115.1, XP_038683116.1, XP_038683117.1, XP_038683118.1, XP_038683119.1, XP_038683120.1
OG0001275	Null	XP_038681859.1, XP_038681860.1, XP_038683523.1, XP_038683524.1, XP_038689129.1, XP_038694271.1, XP_038697957.1
OG0001276	Null	XP_038681916.1, XP_038681917.1, XP_038681918.1, XP_038686938.1, XP_038720330.1, XP_038720331.1, XP_038720332.1
OG0001277	Null	XP_038681988.1, XP_038690460.1, XP_038696317.1, XP_038696318.1, XP_038696319.1, XP_038696320.1, XP_038715150.1
OG0001278	Null	XP_038681993.1, XP_038682863.1, XP_038716587.1, XP_038716588.1, XP_038716744.1, XP_038718536.1, XP_038718538.1
OG0001279	Null	XP_038682036.1, XP_038690527.1, XP_038690532.1, XP_038693243.1, XP_038709817.1, XP_038709818.1, XP_038709819.1
OG0001280	Null	XP_038682054.1, XP_038682055.1, XP_038682056.1, XP_038682057.1, XP_038683156.1, XP_038695168.1, XP_038725798.1
OG0001281	Null	XP_038682075.1, XP_038682076.1, XP_038682077.1, XP_038682079.1, XP_038692934.1, XP_038693170.1, XP_038712889.1
OG0001282	Null	XP_038682082.1, XP_038683240.1, XP_038692689.1, XP_038703404.1, XP_038703541.1, XP_038715381.1, XP_038723979.1
OG0001283	Null	XP_038682312.1, XP_038683602.1, XP_038703394.1, XP_038703395.1, XP_038703451.1, XP_038703452.1, XP_038709220.1
OG0001284	Null	XP_038682351.1, XP_038708347.1, XP_038708348.1, XP_038708349.1, XP_038708350.1, XP_038708351.1, XP_038708353.1
OG0001285	Null	XP_038682368.1, XP_038682369.1, XP_038682370.1, XP_038682371.1, XP_038683193.1, XP_038725404.1, XP_038725405.1
OG0001286	Null	XP_038682381.1, XP_038682553.1, XP_038684538.1, XP_038685882.1, XP_038707180.1, XP_038708356.1, XP_038709853.1
OG0001287	Null	XP_038682427.1, XP_038705884.1, XP_038705885.1, XP_038705886.1, XP_038709539.1, XP_038710600.1, XP_038710609.1
OG0001288	Null	XP_038682429.1, XP_038682430.1, XP_038682431.1, XP_038682432.1, XP_038682433.1, XP_038682434.1, XP_038683258.1
OG0001289	Null	XP_038682477.1, XP_038715260.1, XP_038715261.1, XP_038715262.1, XP_038715264.1, XP_038715265.1, XP_038715266.1
OG0001290	Null	XP_038683146.1, XP_038683147.1, XP_038683148.1, XP_038683149.1, XP_038683150.1, XP_038683151.1, XP_038685932.1
OG0001291	Null	XP_038683428.1, XP_038684067.1, XP_038684068.1, XP_038684069.1, XP_038686070.1, XP_038690195.1, XP_038702249.1
OG0001292	Null	XP_038683501.1, XP_038683502.1, XP_038683503.1, XP_038683504.1, XP_038683505.1, XP_038683506.1, XP_038683507.1
OG0001293	Null	XP_038683697.1, XP_038683698.1, XP_038683699.1, XP_038683700.1, XP_038683701.1, XP_038683702.1, XP_038685266.1
OG0001294	Null	XP_038683725.1, XP_038683733.1, XP_038683734.1, XP_038690454.1, XP_038690852.1, XP_038708085.1, XP_038708086.1
OG0001295	Null	XP_038683853.1, XP_038683854.1, XP_038683855.1, XP_038686009.1, XP_038686010.1, XP_038709484.1, XP_038709485.1
OG0001296	Null	XP_038683928.1, XP_038684563.1, XP_038698062.1, XP_038701225.1, XP_038701751.1, XP_038718830.1, XP_038722210.1
OG0001297	Null	XP_038684003.1, XP_038684004.1, XP_038686309.1, XP_038686310.1, XP_038686311.1, XP_038689023.1, XP_038689024.1
OG0001298	Null	XP_038684154.1, XP_038684155.1, XP_038684156.1, XP_038684157.1, XP_038686423.1, XP_038708121.1, XP_038708122.1
OG0001299	Null	XP_038684159.1, XP_038684160.1, XP_038684161.1, XP_038686420.1, XP_038686421.1, XP_038686422.1, XP_038714817.1
OG0001300	Null	XP_038684193.1, XP_038685253.1, XP_038698386.1, XP_038698849.1, XP_038709296.1, XP_038709297.1, XP_038724649.1
OG0001301	Null	XP_038684634.1, XP_038684635.1, XP_038697454.1, XP_038701368.1, XP_038708217.1, XP_038721654.1, XP_038721655.1
OG0001302	Null	XP_038684916.1, XP_038684917.1, XP_038684918.1, XP_038684919.1, XP_038684920.1, XP_038684921.1, XP_038684923.1
OG0001303	Null	XP_038685273.1, XP_038686506.1, XP_038686507.1, XP_038686587.1, XP_038690091.1, XP_038691375.1, XP_038691926.1
OG0001304	Null	XP_038685419.1, XP_038708283.1, XP_038708284.1, XP_038708285.1, XP_038708286.1, XP_038708287.1, XP_038708288.1
OG0001305	Null	XP_038685824.1, XP_038688857.1, XP_038698049.1, XP_038698050.1, XP_038701882.1, XP_038718841.1, XP_038720025.1
OG0001306	Null	XP_038685866.1, XP_038685867.1, XP_038685868.1, XP_038685869.1, XP_038685871.1, XP_038685872.1, XP_038685873.1
OG0001307	Null	XP_038685898.1, XP_038690786.1, XP_038690787.1, XP_038690788.1, XP_038690789.1, XP_038690790.1, XP_038690791.1
OG0001308	Null	XP_038686027.1, XP_038686028.1, XP_038686029.1, XP_038689802.1, XP_038689803.1, XP_038691743.1, XP_038691744.1
OG0001309	Null	XP_038686054.1, XP_038686055.1, XP_038686057.1, XP_038686058.1, XP_038686061.1, XP_038686067.1, XP_038704974.1
OG0001310	Null	XP_038686097.1, XP_038686098.1, XP_038686099.1, XP_038692866.1, XP_038694000.1, XP_038694549.1, XP_038704478.1
OG0001311	Null	XP_038686288.1, XP_038686289.1, XP_038686290.1, XP_038686291.1, XP_038686292.1, XP_038686293.1, XP_038686294.1
OG0001312	Null	XP_038686369.1, XP_038694457.1, XP_038696849.1, XP_038698360.1, XP_038698653.1, XP_038703335.1, XP_038714221.1
OG0001313	Null	XP_038686572.1, XP_038686576.1, XP_038698115.1, XP_038701420.1, XP_038720058.1, XP_038720059.1, XP_038720060.1
OG0001314	Null	XP_038686584.1, XP_038686592.1, XP_038694290.1, XP_038717577.1, XP_038719050.1, XP_038719052.1, XP_038719053.1
OG0001315	Null	XP_038686683.1, XP_038686684.1, XP_038686685.1, XP_038689240.1, XP_038689241.1, XP_038689242.1, XP_038689243.1
OG0001316	Null	XP_038686774.1, XP_038702911.1, XP_038702912.1, XP_038702913.1, XP_038709233.1, XP_038722136.1, XP_038722137.1
OG0001317	Null	XP_038686811.1, XP_038694841.1, XP_038694867.1, XP_038704485.1, XP_038705092.1, XP_038712808.1, XP_038713461.1
OG0001318	Null	XP_038687232.1, XP_038687233.1, XP_038687235.1, XP_038687256.1, XP_038687257.1, XP_038687258.1, XP_038687259.1
OG0001319	Null	XP_038687406.1, XP_038687467.1, XP_038687508.1, XP_038687545.1, XP_038692750.1, XP_038717108.1, XP_038717109.1
OG0001320	Null	XP_038687586.1, XP_038688673.1, XP_038688766.1, XP_038697995.1, XP_038699743.1, XP_038715030.1, XP_038722035.1
OG0001321	Null	XP_038687769.1, XP_038687771.1, XP_038687772.1, XP_038724994.1, XP_038724995.1, XP_038724996.1, XP_038724998.1
OG0001322	Null	XP_038688635.1, XP_038688636.1, XP_038699085.1, XP_038699086.1, XP_038699087.1, XP_038709946.1, XP_038718674.1
OG0001323	Null	XP_038689052.1, XP_038689053.1, XP_038689054.1, XP_038689056.1, XP_038689057.1, XP_038689058.1, XP_038689059.1
OG0001324	Null	XP_038689138.1, XP_038689140.1, XP_038691274.1, XP_038691275.1, XP_038691457.1, XP_038691458.1, XP_038691780.1
OG0001325	Null	XP_038689215.1, XP_038689216.1, XP_038689218.1, XP_038689219.1, XP_038691364.1, XP_038691365.1, XP_038691367.1
OG0001326	Null	XP_038689378.1, XP_038691113.1, XP_038697783.1, XP_038699643.1, XP_038714652.1, XP_038718932.1, XP_038718933.1
OG0001327	Null	XP_038689442.1, XP_038716382.1, XP_038716383.1, XP_038717224.1, XP_038718113.1, XP_038718247.1, XP_038718390.1
OG0001328	Null	XP_038689446.1, XP_038691025.1, XP_038692722.1, XP_038692723.1, XP_038702769.1, XP_038712251.1, XP_038714176.1
OG0001329	Null	XP_038689637.1, XP_038701610.1, XP_038701611.1, XP_038701613.1, XP_038721072.1, XP_038721073.1, XP_038721074.1
OG0001330	Null	XP_038689992.1, XP_038689993.1, XP_038712598.1, XP_038712599.1, XP_038712600.1, XP_038712601.1, XP_038712602.1
OG0001331	Null	XP_038690494.1, XP_038690495.1, XP_038690496.1, XP_038690499.1, XP_038711470.1, XP_038711472.1, XP_038711473.1
OG0001332	Null	XP_038690774.1, XP_038693304.1, XP_038693305.1, XP_038693306.1, XP_038693307.1, XP_038693314.1, XP_038708336.1
OG0001333	Null	XP_038690878.1, XP_038695365.1, XP_038695651.1, XP_038695664.1, XP_038719878.1, XP_038721481.1, XP_038721758.1
OG0001334	Null	XP_038691147.1, XP_038691153.1, XP_038691160.1, XP_038701681.1, XP_038711883.1, XP_038711884.1, XP_038717306.1
OG0001335	Null	XP_038691157.1, XP_038691158.1, XP_038691159.1, XP_038691161.1, XP_038700035.1, XP_038712764.1, XP_038714554.1
OG0001336	Null	XP_038691411.1, XP_038691487.1, XP_038718969.1, XP_038718970.1, XP_038718971.1, XP_038718972.1, XP_038718973.1
OG0001337	Null	XP_038692295.1, XP_038715415.1, XP_038718723.1, XP_038719736.1, XP_038720618.1, XP_038721628.1, XP_038722409.1
OG0001338	Null	XP_038692348.1, XP_038708235.1, XP_038720403.1, XP_038720404.1, XP_038723451.1, XP_038723937.1, XP_038724352.1
OG0001339	Null	XP_038692396.1, XP_038692397.1, XP_038692398.1, XP_038692399.1, XP_038692402.1, XP_038692403.1, XP_038692404.1
OG0001340	Null	XP_038692583.1, XP_038697814.1, XP_038697815.1, XP_038697816.1, XP_038701269.1, XP_038705664.1, XP_038719371.1
OG0001341	Null	XP_038692621.1, XP_038692632.1, XP_038692643.1, XP_038692652.1, XP_038692660.1, XP_038699070.1, XP_038699071.1
OG0001342	Null	XP_038692742.1, XP_038692743.1, XP_038693582.1, XP_038693826.1, XP_038720306.1, XP_038720313.1, XP_038720320.1
OG0001343	Null	XP_038692767.1, XP_038707639.1, XP_038712990.1, XP_038713000.1, XP_038713010.1, XP_038713020.1, XP_038726386.1
OG0001344	Null	XP_038693205.1, XP_038693212.1, XP_038693225.1, XP_038693234.1, XP_038695714.1, XP_038695715.1, XP_038701081.1
OG0001345	Null	XP_038693221.1, XP_038693222.1, XP_038693223.1, XP_038693224.1, XP_038713981.1, XP_038713982.1, XP_038713983.1
OG0001346	Null	XP_038693310.1, XP_038693311.1, XP_038693312.1, XP_038693313.1, XP_038706391.1, XP_038706392.1, XP_038706393.1
OG0001347	Null	XP_038693647.1, XP_038693648.1, XP_038693649.1, XP_038693650.1, XP_038713337.1, XP_038713338.1, XP_038713339.1
OG0001348	Null	XP_038693683.1, XP_038693684.1, XP_038707480.1, XP_038707481.1, XP_038707483.1, XP_038707484.1, XP_038707485.1
OG0001349	Null	XP_038694021.1, XP_038694030.1, XP_038694037.1, XP_038702043.1, XP_038702045.1, XP_038702046.1, XP_038702047.1
OG0001350	Null	XP_038694284.1, XP_038694285.1, XP_038694286.1, XP_038694287.1, XP_038695211.1, XP_038699392.1, XP_038699393.1
OG0001351	Null	XP_038694306.1, XP_038694307.1, XP_038705713.1, XP_038705715.1, XP_038705716.1, XP_038705717.1, XP_038720052.1
OG0001352	Null	XP_038694308.1, XP_038694309.1, XP_038694311.1, XP_038722637.1, XP_038722655.1, XP_038722660.1, XP_038722667.1
OG0001353	Null	XP_038694511.1, XP_038694512.1, XP_038694513.1, XP_038716677.1, XP_038716678.1, XP_038716679.1, XP_038716680.1
OG0001354	Null	XP_038695048.1, XP_038695049.1, XP_038695050.1, XP_038695051.1, XP_038695052.1, XP_038725015.1, XP_038725016.1
OG0001355	Null	XP_038695379.1, XP_038695380.1, XP_038700812.1, XP_038700813.1, XP_038700814.1, XP_038700815.1, XP_038724866.1
OG0001356	Null	XP_038695422.1, XP_038695455.1, XP_038695456.1, XP_038695459.1, XP_038695461.1, XP_038699745.1, XP_038699746.1
OG0001357	Null	XP_038695721.1, XP_038695722.1, XP_038695723.1, XP_038695725.1, XP_038695726.1, XP_038695727.1, XP_038695728.1
OG0001358	Null	XP_038695959.1, XP_038695960.1, XP_038695961.1, XP_038695962.1, XP_038695963.1, XP_038695964.1, XP_038695965.1
OG0001359	Null	XP_038696257.1, XP_038698690.1, XP_038698691.1, XP_038698692.1, XP_038698693.1, XP_038712735.1, XP_038712736.1
OG0001360	Null	XP_038696403.1, XP_038696404.1, XP_038696405.1, XP_038696406.1, XP_038700183.1, XP_038700184.1, XP_038700185.1
OG0001361	Null	XP_038696464.1, XP_038696465.1, XP_038710484.1, XP_038710485.1, XP_038710486.1, XP_038710487.1, XP_038710488.1
OG0001362	Null	XP_038696780.1, XP_038696781.1, XP_038698953.1, XP_038710912.1, XP_038710913.1, XP_038710914.1, XP_038710915.1
OG0001363	Null	XP_038697348.1, XP_038697349.1, XP_038706706.1, XP_038706707.1, XP_038706708.1, XP_038718727.1, XP_038718735.1
OG0001364	Null	XP_038697529.1, XP_038697530.1, XP_038697531.1, XP_038716121.1, XP_038716122.1, XP_038716123.1, XP_038716124.1
OG0001365	Null	XP_038697683.1, XP_038697684.1, XP_038697686.1, XP_038697687.1, XP_038702262.1, XP_038702263.1, XP_038702264.1
OG0001366	Null	XP_038697760.1, XP_038697761.1, XP_038697762.1, XP_038697763.1, XP_038697764.1, XP_038709993.1, XP_038718524.1
OG0001367	Null	XP_038698136.1, XP_038698137.1, XP_038698138.1, XP_038698139.1, XP_038698140.1, XP_038706896.1, XP_038706897.1
OG0001368	Null	XP_038698257.1, XP_038698258.1, XP_038698259.1, XP_038698260.1, XP_038698261.1, XP_038698262.1, XP_038698263.1
OG0001369	Null	XP_038698287.1, XP_038698288.1, XP_038698289.1, XP_038698290.1, XP_038698291.1, XP_038705292.1, XP_038705293.1
OG0001370	Null	XP_038698293.1, XP_038712667.1, XP_038712668.1, XP_038712669.1, XP_038712670.1, XP_038712671.1, XP_038712672.1
OG0001371	Null	XP_038698398.1, XP_038699976.1, XP_038699977.1, XP_038725311.1, XP_038725312.1, XP_038725313.1, XP_038725314.1
OG0001372	Null	XP_038698671.1, XP_038698672.1, XP_038698673.1, XP_038698674.1, XP_038698675.1, XP_038698676.1, XP_038698677.1
OG0001373	Null	XP_038698862.1, XP_038705274.1, XP_038712645.1, XP_038712646.1, XP_038712647.1, XP_038712648.1, XP_038721882.1
OG0001374	Null	XP_038699182.1, XP_038707597.1, XP_038707598.1, XP_038707599.1, XP_038707600.1, XP_038707601.1, XP_038707602.1
OG0001375	Null	XP_038699195.1, XP_038710751.1, XP_038710771.1, XP_038710772.1, XP_038711271.1, XP_038711272.1, XP_038711876.1
OG0001376	Null	XP_038699298.1, XP_038699299.1, XP_038699300.1, XP_038699301.1, XP_038699302.1, XP_038699303.1, XP_038725271.1
OG0001377	Null	XP_038699437.1, XP_038699438.1, XP_038699439.1, XP_038699440.1, XP_038699441.1, XP_038699442.1, XP_038699443.1
OG0001378	Null	XP_038699507.1, XP_038699508.1, XP_038699509.1, XP_038699510.1, XP_038725442.1, XP_038725443.1, XP_038725444.1
OG0001379	Null	XP_038699831.1, XP_038699868.1, XP_038700878.1, XP_038701727.1, XP_038724015.1, XP_038724016.1, XP_038724922.1
OG0001380	Null	XP_038700452.1, XP_038700453.1, XP_038700455.1, XP_038700456.1, XP_038700457.1, XP_038700458.1, XP_038700459.1
OG0001381	Null	XP_038700574.1, XP_038700575.1, XP_038700624.1, XP_038700626.1, XP_038700627.1, XP_038700628.1, XP_038715831.1
OG0001382	Null	XP_038700902.1, XP_038700909.1, XP_038722488.1, XP_038722489.1, XP_038722490.1, XP_038722492.1, XP_038722493.1
OG0001383	Null	XP_038702183.1, XP_038719275.1, XP_038719932.1, XP_038724469.1, XP_038724613.1, XP_038725157.1, XP_038726258.1
OG0001384	Null	XP_038702317.1, XP_038702551.1, XP_038702679.1, XP_038706632.1, XP_038711910.1, XP_038718696.1, XP_038724660.1
OG0001385	Null	XP_038702696.1, XP_038707037.1, XP_038707038.1, XP_038707039.1, XP_038722362.1, XP_038722371.1, XP_038724259.1
OG0001386	Null	XP_038703557.1, XP_038703558.1, XP_038704308.1, XP_038704309.1, XP_038704310.1, XP_038704920.1, XP_038705140.1
OG0001387	Null	XP_038703694.1, XP_038703695.1, XP_038703696.1, XP_038703697.1, XP_038703698.1, XP_038703700.1, XP_038703701.1
OG0001388	Null	XP_038703832.1, XP_038703837.1, XP_038717926.1, XP_038722949.1, XP_038722950.1, XP_038722951.1, XP_038722953.1
OG0001389	Null	XP_038703840.1, XP_038704744.1, XP_038716039.1, XP_038716040.1, XP_038716041.1, XP_038716449.1, XP_038716620.1
OG0001390	Null	XP_038703861.1, XP_038703863.1, XP_038715233.1, XP_038715234.1, XP_038717979.1, XP_038717980.1, XP_038717981.1
OG0001391	Null	XP_038703926.1, XP_038703927.1, XP_038703928.1, XP_038703929.1, XP_038703930.1, XP_038703931.1, XP_038703932.1
OG0001392	Null	XP_038704165.1, XP_038715940.1, XP_038715941.1, XP_038715942.1, XP_038715943.1, XP_038715945.1, XP_038715946.1
OG0001393	Null	XP_038704432.1, XP_038704441.1, XP_038719642.1, XP_038719643.1, XP_038719644.1, XP_038722687.1, XP_038722688.1
OG0001394	Null	XP_038704496.1, XP_038704497.1, XP_038706351.1, XP_038715955.1, XP_038715956.1, XP_038715958.1, XP_038719314.1
OG0001395	Null	XP_038704586.1, XP_038713277.1, XP_038717994.1, XP_038718200.1, XP_038718238.1, XP_038725684.1, XP_038725685.1
OG0001396	Null	XP_038704596.1, XP_038704597.1, XP_038704598.1, XP_038704599.1, XP_038704601.1, XP_038704602.1, XP_038704603.1
OG0001397	Null	XP_038705238.1, XP_038705239.1, XP_038713598.1, XP_038721235.1, XP_038721301.1, XP_038721371.1, XP_038723186.1
OG0001398	Null	XP_038705325.1, XP_038705326.1, XP_038705327.1, XP_038705328.1, XP_038705329.1, XP_038711376.1, XP_038711377.1
OG0001399	Null	XP_038705350.1, XP_038705686.1, XP_038706272.1, XP_038706273.1, XP_038706274.1, XP_038706275.1, XP_038724022.1
OG0001400	Null	XP_038705558.1, XP_038705559.1, XP_038705560.1, XP_038705561.1, XP_038705562.1, XP_038705564.1, XP_038705565.1
OG0001401	Null	XP_038705668.1, XP_038705669.1, XP_038715525.1, XP_038715533.1, XP_038715540.1, XP_038715547.1, XP_038715554.1
OG0001402	Null	XP_038705702.1, XP_038705703.1, XP_038705704.1, XP_038705705.1, XP_038716495.1, XP_038716701.1, XP_038725663.1
OG0001403	Null	XP_038705952.1, XP_038705954.1, XP_038705955.1, XP_038705956.1, XP_038705957.1, XP_038705958.1, XP_038705959.1
OG0001404	Null	XP_038706110.1, XP_038707675.1, XP_038719546.1, XP_038723232.1, XP_038723233.1, XP_038726269.1, XP_038726270.1
OG0001405	Null	XP_038706228.1, XP_038706230.1, XP_038706278.1, XP_038706279.1, XP_038707283.1, XP_038707288.1, XP_038707290.1
OG0001406	Null	XP_038706526.1, XP_038714912.1, XP_038714918.1, XP_038714925.1, XP_038714933.1, XP_038714940.1, XP_038714949.1
OG0001407	Null	XP_038706741.1, XP_038706742.1, XP_038706743.1, XP_038723975.1, XP_038723983.1, XP_038723992.1, XP_038723995.1
OG0001408	Null	XP_038707074.1, XP_038707075.1, XP_038707076.1, XP_038707078.1, XP_038707079.1, XP_038707080.1, XP_038707081.1
OG0001409	Null	XP_038707420.1, XP_038707421.1, XP_038707422.1, XP_038707423.1, XP_038707424.1, XP_038710266.1, XP_038710275.1
OG0001410	Null	XP_038708514.1, XP_038708518.1, XP_038708523.1, XP_038708527.1, XP_038708532.1, XP_038708536.1, XP_038708539.1
OG0001411	Null	XP_038710087.1, XP_038710088.1, XP_038710089.1, XP_038710090.1, XP_038710091.1, XP_038710092.1, XP_038710093.1
OG0001412	Null	XP_038710846.1, XP_038710847.1, XP_038711306.1, XP_038711308.1, XP_038711309.1, XP_038711310.1, XP_038711311.1
OG0001413	Null	XP_038710869.1, XP_038710870.1, XP_038710871.1, XP_038710874.1, XP_038710875.1, XP_038710876.1, XP_038710877.1
OG0001414	Null	XP_038711035.1, XP_038711036.1, XP_038711037.1, XP_038711039.1, XP_038711040.1, XP_038711041.1, XP_038711042.1
OG0001415	Null	XP_038711693.1, XP_038711694.1, XP_038711695.1, XP_038711696.1, XP_038711697.1, XP_038711698.1, XP_038711699.1
OG0001416	Null	XP_038713118.1, XP_038713119.1, XP_038713120.1, XP_038713121.1, XP_038713122.1, XP_038713123.1, XP_038713124.1
OG0001417	Null	XP_038713155.1, XP_038715634.1, XP_038715635.1, XP_038715636.1, XP_038718630.1, XP_038718631.1, XP_038718632.1
OG0001418	Null	XP_038713890.1, XP_038713891.1, XP_038713892.1, XP_038713893.1, XP_038713894.1, XP_038713895.1, XP_038713896.1
OG0001419	Null	XP_038713986.1, XP_038713987.1, XP_038713988.1, XP_038713989.1, XP_038718557.1, XP_038718558.1, XP_038718560.1
OG0001420	Null	XP_038714039.1, XP_038714040.1, XP_038714041.1, XP_038714042.1, XP_038718522.1, XP_038718523.1, XP_038721357.1
OG0001421	Null	XP_038714672.1, XP_038714922.1, XP_038714930.1, XP_038714931.1, XP_038714963.1, XP_038716230.1, XP_038724572.1
OG0001422	Null	XP_038714965.1, XP_038714966.1, XP_038714967.1, XP_038717335.1, XP_038717336.1, XP_038717337.1, XP_038717338.1
OG0001423	Null	XP_038715122.1, XP_038715900.1, XP_038715901.1, XP_038715902.1, XP_038717192.1, XP_038723814.1, XP_038723815.1
OG0001424	Null	XP_038715217.1, XP_038721895.1, XP_038721896.1, XP_038721898.1, XP_038721899.1, XP_038721900.1, XP_038721901.1
OG0001425	Null	XP_038719574.1, XP_038719575.1, XP_038719576.1, XP_038719578.1, XP_038719579.1, XP_038719580.1, XP_038719739.1
OG0001426	Null	XP_038719840.1, XP_038719841.1, XP_038719842.1, XP_038719843.1, XP_038719844.1, XP_038719845.1, XP_038719847.1
OG0001427	Null	XP_038719976.1, XP_038723651.1, XP_038723652.1, XP_038724693.1, XP_038724773.1, XP_038724846.1, XP_038724925.1
OG0001428	Null	XP_038720121.1, XP_038720122.1, XP_038720123.1, XP_038720124.1, XP_038723195.1, XP_038723196.1, XP_038723197.1
OG0001429	Null	XP_038724559.1, XP_038724560.1, XP_038724561.1, XP_038724562.1, XP_038724563.1, XP_038724564.1, XP_038724565.1
OG0001430	Null	XP_038726072.1, XP_038726073.1, XP_038726074.1, XP_038726075.1, XP_038726077.1, XP_038726078.1, XP_038726079.1
OG0001431	GWHPDONJ000065, GWHPDONJ000504, GWHPDONJ001007, GWHPDONJ001455, GWHPDONJ009433	XP_038709524.1
OG0001432	GWHPDONJ000078	XP_038696565.1, XP_038724980.1, XP_038724981.1, XP_038724982.1, XP_038724983.1
OG0001433	GWHPDONJ000135	XP_038681532.1, XP_038681539.1, XP_038681544.1, XP_038681551.1, XP_038681560.1
OG0001434	GWHPDONJ000205, GWHPDONJ007626	XP_038690339.1, XP_038690340.1, XP_038710039.1, XP_038710040.1
OG0001435	GWHPDONJ000283, GWHPDONJ000612, GWHPDONJ000975, GWHPDONJ001098, GWHPDONJ001200, GWHPDONJ003013	
OG0001436	GWHPDONJ000287, GWHPDONJ000639, GWHPDONJ000982, GWHPDONJ000983, GWHPDONJ005345, GWHPDONJ008885	
OG0001437	GWHPDONJ000317, GWHPDONJ002159, GWHPDONJ002160, GWHPDONJ003363, GWHPDONJ008084	XP_038679459.1
OG0001438	GWHPDONJ000341, GWHPDONJ010931	XP_038680731.1, XP_038680732.1, XP_038683708.1, XP_038683709.1
OG0001439	GWHPDONJ000379	XP_038680123.1, XP_038688053.1, XP_038697378.1, XP_038702401.1, XP_038712547.1
OG0001440	GWHPDONJ000380	XP_038678802.1, XP_038678803.1, XP_038688170.1, XP_038688171.1, XP_038688172.1
OG0001441	GWHPDONJ000469, GWHPDONJ001055, GWHPDONJ001444, GWHPDONJ002356, GWHPDONJ002832, GWHPDONJ008052	
OG0001442	GWHPDONJ000609	XP_038701455.1, XP_038701456.1, XP_038701457.1, XP_038701458.1, XP_038701460.1
OG0001443	GWHPDONJ000630	XP_038684189.1, XP_038684190.1, XP_038684191.1, XP_038684192.1, XP_038709933.1
OG0001444	GWHPDONJ000808, GWHPDONJ002158, GWHPDONJ003432	XP_038678425.1, XP_038695451.1, XP_038698519.1
OG0001445	GWHPDONJ000846	XP_038690886.1, XP_038707170.1, XP_038708473.1, XP_038716070.1, XP_038722072.1
OG0001446	GWHPDONJ000852, GWHPDONJ008911	XP_038690297.1, XP_038690298.1, XP_038710352.1, XP_038710353.1
OG0001447	GWHPDONJ000864	XP_038682988.1, XP_038709914.1, XP_038709916.1, XP_038709917.1, XP_038709918.1
OG0001448	GWHPDONJ000903, GWHPDONJ002403, GWHPDONJ002541, GWHPDONJ002914, GWHPDONJ003401, GWHPDONJ003715	
OG0001449	GWHPDONJ000965, GWHPDONJ001887, GWHPDONJ003748, GWHPDONJ003752, GWHPDONJ005341	XP_038698014.1
OG0001450	GWHPDONJ000986, GWHPDONJ001189, GWHPDONJ001237, GWHPDONJ001302, GWHPDONJ001977, GWHPDONJ001991	
OG0001451	GWHPDONJ001066, GWHPDONJ010173, GWHPDONJ010174	XP_038718615.1, XP_038718616.1, XP_038718617.1
OG0001452	GWHPDONJ001104	XP_038693495.1, XP_038693504.1, XP_038693513.1, XP_038693526.1, XP_038693533.1
OG0001453	GWHPDONJ001244, GWHPDONJ004867	XP_038696602.1, XP_038696603.1, XP_038700839.1, XP_038710114.1
OG0001454	GWHPDONJ001353	XP_038697478.1, XP_038697479.1, XP_038697480.1, XP_038702278.1, XP_038702279.1
OG0001455	GWHPDONJ001508, GWHPDONJ002787, GWHPDONJ003209, GWHPDONJ006388, GWHPDONJ006990, GWHPDONJ009299	
OG0001456	GWHPDONJ001588, GWHPDONJ009239	XP_038694167.1, XP_038694168.1, XP_038694169.1, XP_038694170.1
OG0001457	GWHPDONJ001629, GWHPDONJ005346	XP_038708818.1, XP_038708819.1, XP_038708820.1, XP_038708821.1
OG0001458	GWHPDONJ001711	XP_038718992.1, XP_038718993.1, XP_038718994.1, XP_038724198.1, XP_038724199.1
OG0001459	GWHPDONJ001751	XP_038704615.1, XP_038704616.1, XP_038704617.1, XP_038704618.1, XP_038704619.1
OG0001460	GWHPDONJ001753	XP_038702222.1, XP_038702250.1, XP_038702521.1, XP_038702522.1, XP_038702523.1
OG0001461	GWHPDONJ001806	XP_038716533.1, XP_038718651.1, XP_038720930.1, XP_038720932.1, XP_038722283.1
OG0001462	GWHPDONJ001962	XP_038695047.1, XP_038695056.1, XP_038702099.1, XP_038702100.1, XP_038702101.1
OG0001463	GWHPDONJ001976	XP_038680196.1, XP_038687497.1, XP_038689965.1, XP_038698242.1, XP_038707156.1
OG0001464	GWHPDONJ002016, GWHPDONJ003131	XP_038693171.1, XP_038693180.1, XP_038693188.1, XP_038693195.1
OG0001465	GWHPDONJ002191	XP_038685984.1, XP_038685985.1, XP_038685986.1, XP_038685987.1, XP_038690378.1
OG0001466	GWHPDONJ002333	XP_038702097.1, XP_038702098.1, XP_038719234.1, XP_038719235.1, XP_038719236.1
OG0001467	GWHPDONJ002369	XP_038695940.1, XP_038695941.1, XP_038695943.1, XP_038695944.1, XP_038695945.1
OG0001468	GWHPDONJ002637	XP_038703993.1, XP_038703994.1, XP_038703995.1, XP_038703996.1, XP_038714519.1
OG0001469	GWHPDONJ002642, GWHPDONJ005460	XP_038725600.1, XP_038725601.1, XP_038725602.1, XP_038725603.1
OG0001470	GWHPDONJ002679	XP_038693916.1, XP_038695040.1, XP_038695041.1, XP_038723125.1, XP_038725082.1
OG0001471	GWHPDONJ002694	XP_038694550.1, XP_038695644.1, XP_038701315.1, XP_038712356.1, XP_038725348.1
OG0001472	GWHPDONJ002726	XP_038690377.1, XP_038698659.1, XP_038701449.1, XP_038712256.1, XP_038719114.1
OG0001473	GWHPDONJ002769, GWHPDONJ010760	XP_038679613.1, XP_038711943.1, XP_038711944.1, XP_038711945.1
OG0001474	GWHPDONJ002775, GWHPDONJ010055	XP_038705288.1, XP_038705289.1, XP_038713609.1, XP_038713610.1
OG0001475	GWHPDONJ002807, GWHPDONJ008382, GWHPDONJ010571	XP_038704520.1, XP_038715206.1, XP_038717127.1
OG0001476	GWHPDONJ002864, GWHPDONJ002964, GWHPDONJ009932, GWHPDONJ009933	XP_038714232.1, XP_038718257.1
OG0001477	GWHPDONJ002876	XP_038701302.1, XP_038701303.1, XP_038701304.1, XP_038701305.1, XP_038721459.1
OG0001478	GWHPDONJ002891, GWHPDONJ010361	XP_038695679.1, XP_038695680.1, XP_038695681.1, XP_038695682.1
OG0001479	GWHPDONJ002912	XP_038692210.1, XP_038714180.1, XP_038717090.1, XP_038717594.1, XP_038721660.1
OG0001480	GWHPDONJ003028	XP_038702928.1, XP_038702929.1, XP_038702930.1, XP_038714731.1, XP_038714732.1
OG0001481	GWHPDONJ003093, GWHPDONJ003316	XP_038685735.1, XP_038699650.1, XP_038708534.1, XP_038716913.1
OG0001482	GWHPDONJ003191	XP_038701616.1, XP_038701634.1, XP_038708421.1, XP_038720833.1, XP_038722549.1
OG0001483	GWHPDONJ003329, GWHPDONJ005200	XP_038698145.1, XP_038698146.1, XP_038721610.1, XP_038721611.1
OG0001484	GWHPDONJ003455	XP_038693580.1, XP_038693581.1, XP_038715012.1, XP_038715015.1, XP_038715017.1
OG0001485	GWHPDONJ003538	XP_038694047.1, XP_038694048.1, XP_038694049.1, XP_038694051.1, XP_038694052.1
OG0001486	GWHPDONJ003825	XP_038692729.1, XP_038692730.1, XP_038692731.1, XP_038692732.1, XP_038705930.1
OG0001487	GWHPDONJ003849	XP_038678928.1, XP_038679128.1, XP_038679129.1, XP_038679130.1, XP_038690687.1
OG0001488	GWHPDONJ003860	XP_038705475.1, XP_038705476.1, XP_038707826.1, XP_038707827.1, XP_038726179.1
OG0001489	GWHPDONJ003907	XP_038693949.1, XP_038693950.1, XP_038693951.1, XP_038693952.1, XP_038705389.1
OG0001490	GWHPDONJ003933	XP_038684392.1, XP_038684393.1, XP_038684394.1, XP_038708801.1, XP_038708802.1
OG0001491	GWHPDONJ003941	XP_038706939.1, XP_038706940.1, XP_038721230.1, XP_038721238.1, XP_038721245.1
OG0001492	GWHPDONJ003965	XP_038678974.1, XP_038678975.1, XP_038678976.1, XP_038678977.1, XP_038678978.1
OG0001493	GWHPDONJ003966	XP_038678569.1, XP_038678570.1, XP_038678571.1, XP_038678572.1, XP_038700908.1
OG0001494	GWHPDONJ003990	XP_038706549.1, XP_038706550.1, XP_038706551.1, XP_038706552.1, XP_038706553.1
OG0001495	GWHPDONJ004027	XP_038695888.1, XP_038695890.1, XP_038695891.1, XP_038699322.1, XP_038699323.1
OG0001496	GWHPDONJ004028	XP_038695667.1, XP_038695668.1, XP_038695669.1, XP_038699026.1, XP_038725137.1
OG0001497	GWHPDONJ004031	XP_038719994.1, XP_038720213.1, XP_038720214.1, XP_038720215.1, XP_038722698.1
OG0001498	GWHPDONJ004068	XP_038679436.1, XP_038686917.1, XP_038687535.1, XP_038687538.1, XP_038724401.1
OG0001499	GWHPDONJ004138	XP_038698604.1, XP_038698605.1, XP_038710489.1, XP_038710490.1, XP_038710491.1
OG0001500	GWHPDONJ004153	XP_038699511.1, XP_038699742.1, XP_038712065.1, XP_038712066.1, XP_038712067.1
OG0001501	GWHPDONJ004167	XP_038696384.1, XP_038710149.1, XP_038710150.1, XP_038711653.1, XP_038711654.1
OG0001502	GWHPDONJ004178	XP_038699357.1, XP_038699358.1, XP_038699359.1, XP_038699360.1, XP_038699362.1
OG0001503	GWHPDONJ004191	XP_038693620.1, XP_038693622.1, XP_038714016.1, XP_038718078.1, XP_038718079.1
OG0001504	GWHPDONJ004195	XP_038699374.1, XP_038699375.1, XP_038699376.1, XP_038699377.1, XP_038699378.1
OG0001505	GWHPDONJ004243	XP_038723945.1, XP_038723947.1, XP_038723948.1, XP_038723949.1, XP_038723950.1
OG0001506	GWHPDONJ004283, GWHPDONJ007510	XP_038725204.1, XP_038725205.1, XP_038725206.1, XP_038725207.1
OG0001507	GWHPDONJ004305	XP_038679835.1, XP_038690259.1, XP_038690260.1, XP_038690261.1, XP_038690262.1
OG0001508	GWHPDONJ004370	XP_038695797.1, XP_038695808.1, XP_038718760.1, XP_038718761.1, XP_038718762.1
OG0001509	GWHPDONJ004390	XP_038701697.1, XP_038706655.1, XP_038712950.1, XP_038712959.1, XP_038720463.1
OG0001510	GWHPDONJ004400	XP_038702004.1, XP_038702005.1, XP_038702006.1, XP_038720916.1, XP_038720918.1
OG0001511	GWHPDONJ004444	XP_038683387.1, XP_038683388.1, XP_038683389.1, XP_038683390.1, XP_038683391.1
OG0001512	GWHPDONJ004447	XP_038694426.1, XP_038694435.1, XP_038701256.1, XP_038701257.1, XP_038701258.1
OG0001513	GWHPDONJ004474, GWHPDONJ007891, GWHPDONJ010597	XP_038700089.1, XP_038725952.1, XP_038725953.1
OG0001514	GWHPDONJ004476	XP_038696691.1, XP_038698278.1, XP_038698279.1, XP_038705265.1, XP_038705266.1
OG0001515	GWHPDONJ004494, GWHPDONJ004890	XP_038720132.1, XP_038720133.1, XP_038720134.1, XP_038720135.1
OG0001516	GWHPDONJ004506	XP_038684753.1, XP_038684759.1, XP_038702136.1, XP_038719125.1, XP_038719126.1
OG0001517	GWHPDONJ004600	XP_038705728.1, XP_038705729.1, XP_038705730.1, XP_038705731.1, XP_038705732.1
OG0001518	GWHPDONJ004667	XP_038697372.1, XP_038697373.1, XP_038697374.1, XP_038697376.1, XP_038697377.1
OG0001519	GWHPDONJ004674	XP_038686295.1, XP_038686296.1, XP_038686297.1, XP_038691420.1, XP_038691421.1
OG0001520	GWHPDONJ004697	XP_038708025.1, XP_038708026.1, XP_038708028.1, XP_038708029.1, XP_038714974.1
OG0001521	GWHPDONJ004718	XP_038717888.1, XP_038717889.1, XP_038717890.1, XP_038717891.1, XP_038717892.1
OG0001522	GWHPDONJ004726	XP_038697680.1, XP_038697681.1, XP_038720529.1, XP_038720530.1, XP_038720531.1
OG0001523	GWHPDONJ004728	XP_038697438.1, XP_038702027.1, XP_038702029.1, XP_038702030.1, XP_038702031.1
OG0001524	GWHPDONJ004749	XP_038697063.1, XP_038697071.1, XP_038697080.1, XP_038719398.1, XP_038719400.1
OG0001525	GWHPDONJ004751	XP_038693944.1, XP_038693945.1, XP_038705462.1, XP_038705463.1, XP_038724250.1
OG0001526	GWHPDONJ004781	XP_038720350.1, XP_038720351.1, XP_038720352.1, XP_038720353.1, XP_038720354.1
OG0001527	GWHPDONJ004922	XP_038702269.1, XP_038702270.1, XP_038702271.1, XP_038702273.1, XP_038702274.1
OG0001528	GWHPDONJ004928, GWHPDONJ008134	XP_038686122.1, XP_038690477.1, XP_038690485.1, XP_038719515.1
OG0001529	GWHPDONJ004930	XP_038723034.1, XP_038723035.1, XP_038723036.1, XP_038723037.1, XP_038723039.1
OG0001530	GWHPDONJ004953	XP_038701962.1, XP_038701963.1, XP_038701964.1, XP_038721639.1, XP_038721640.1
OG0001531	GWHPDONJ005001	XP_038681398.1, XP_038681399.1, XP_038707183.1, XP_038709646.1, XP_038709647.1
OG0001532	GWHPDONJ005016, GWHPDONJ006678	XP_038700390.1, XP_038700391.1, XP_038709025.1, XP_038709026.1
OG0001533	GWHPDONJ005089	XP_038692986.1, XP_038692987.1, XP_038705636.1, XP_038705638.1, XP_038720300.1
OG0001534	GWHPDONJ005152	XP_038706867.1, XP_038706942.1, XP_038707016.1, XP_038707091.1, XP_038723235.1
OG0001535	GWHPDONJ005195	XP_038678884.1, XP_038678885.1, XP_038678886.1, XP_038678887.1, XP_038678888.1
OG0001536	GWHPDONJ005197	XP_038702600.1, XP_038703610.1, XP_038703970.1, XP_038703971.1, XP_038715105.1
OG0001537	GWHPDONJ005206	XP_038725083.1, XP_038725084.1, XP_038725085.1, XP_038725086.1, XP_038725087.1
OG0001538	GWHPDONJ005207	XP_038683806.1, XP_038683807.1, XP_038683808.1, XP_038683809.1, XP_038683811.1
OG0001539	GWHPDONJ005218, GWHPDONJ005965	XP_038683776.1, XP_038683782.1, XP_038718802.1, XP_038718803.1
OG0001540	GWHPDONJ005249	XP_038698151.1, XP_038706840.1, XP_038706841.1, XP_038713613.1, XP_038713623.1
OG0001541	GWHPDONJ005268	XP_038696668.1, XP_038696670.1, XP_038696671.1, XP_038696672.1, XP_038696673.1
OG0001542	GWHPDONJ005376	XP_038695245.1, XP_038695246.1, XP_038700333.1, XP_038700334.1, XP_038711455.1
OG0001543	GWHPDONJ005379	XP_038700342.1, XP_038700343.1, XP_038700344.1, XP_038700345.1, XP_038712189.1
OG0001544	GWHPDONJ005554	XP_038723132.1, XP_038723133.1, XP_038723134.1, XP_038723135.1, XP_038723136.1
OG0001545	GWHPDONJ005629	XP_038723240.1, XP_038723241.1, XP_038723242.1, XP_038723243.1, XP_038723244.1
OG0001546	GWHPDONJ005645	XP_038705975.1, XP_038705976.1, XP_038705977.1, XP_038707527.1, XP_038707528.1
OG0001547	GWHPDONJ005661	XP_038694705.1, XP_038718170.1, XP_038719338.1, XP_038722565.1, XP_038723187.1
OG0001548	GWHPDONJ005717	XP_038702760.1, XP_038702761.1, XP_038702762.1, XP_038702763.1, XP_038703271.1
OG0001549	GWHPDONJ005719	XP_038692391.1, XP_038692393.1, XP_038703396.1, XP_038712968.1, XP_038712969.1
OG0001550	GWHPDONJ005774	XP_038693206.1, XP_038693207.1, XP_038705840.1, XP_038720564.1, XP_038720574.1
OG0001551	GWHPDONJ005843	XP_038693521.1, XP_038693522.1, XP_038715598.1, XP_038720036.1, XP_038720042.1
OG0001552	GWHPDONJ006014	XP_038724395.1, XP_038724397.1, XP_038724398.1, XP_038724399.1, XP_038724400.1
OG0001553	GWHPDONJ006046	XP_038713037.1, XP_038713038.1, XP_038718231.1, XP_038718232.1, XP_038718233.1
OG0001554	GWHPDONJ006105	XP_038694871.1, XP_038721273.1, XP_038722172.1, XP_038724003.1, XP_038724798.1
OG0001555	GWHPDONJ006110	XP_038692349.1, XP_038692351.1, XP_038723453.1, XP_038723454.1, XP_038723456.1
OG0001556	GWHPDONJ006144	XP_038695095.1, XP_038700491.1, XP_038700492.1, XP_038700493.1, XP_038700495.1
OG0001557	GWHPDONJ006150	XP_038696739.1, XP_038696740.1, XP_038696741.1, XP_038696742.1, XP_038696744.1
OG0001558	GWHPDONJ006160	XP_038708260.1, XP_038714644.1, XP_038714645.1, XP_038723805.1, XP_038723808.1
OG0001559	GWHPDONJ006165	XP_038685278.1, XP_038685279.1, XP_038689255.1, XP_038711338.1, XP_038712743.1
OG0001560	GWHPDONJ006177	XP_038721517.1, XP_038721519.1, XP_038723267.1, XP_038723269.1, XP_038723270.1
OG0001561	GWHPDONJ006197	XP_038709970.1, XP_038710042.1, XP_038719485.1, XP_038719487.1, XP_038719488.1
OG0001562	GWHPDONJ006199	XP_038704344.1, XP_038716023.1, XP_038716024.1, XP_038719090.1, XP_038719091.1
OG0001563	GWHPDONJ006220	XP_038710941.1, XP_038711011.1, XP_038711085.1, XP_038711165.1, XP_038722280.1
OG0001564	GWHPDONJ006271	XP_038679788.1, XP_038711963.1, XP_038711964.1, XP_038711965.1, XP_038711966.1
OG0001565	GWHPDONJ006291	XP_038704721.1, XP_038704725.1, XP_038704729.1, XP_038704734.1, XP_038704740.1
OG0001566	GWHPDONJ006293	XP_038700544.1, XP_038700551.1, XP_038700557.1, XP_038700561.1, XP_038722946.1
OG0001567	GWHPDONJ006374	XP_038680071.1, XP_038688267.1, XP_038725101.1, XP_038725102.1, XP_038725103.1
OG0001568	GWHPDONJ006393	XP_038717757.1, XP_038717758.1, XP_038717759.1, XP_038717760.1, XP_038718169.1
OG0001569	GWHPDONJ006436	XP_038716608.1, XP_038716942.1, XP_038716943.1, XP_038716944.1, XP_038716945.1
OG0001570	GWHPDONJ006473	XP_038683221.1, XP_038683222.1, XP_038683223.1, XP_038683224.1, XP_038683225.1
OG0001571	GWHPDONJ006475	XP_038683088.1, XP_038723973.1, XP_038723974.1, XP_038723976.1, XP_038723977.1
OG0001572	GWHPDONJ006497	XP_038681833.1, XP_038684232.1, XP_038684233.1, XP_038684234.1, XP_038684235.1
OG0001573	GWHPDONJ006501	XP_038681375.1, XP_038681376.1, XP_038683845.1, XP_038683846.1, XP_038683847.1
OG0001574	GWHPDONJ006569	XP_038683677.1, XP_038683678.1, XP_038708162.1, XP_038708163.1, XP_038708164.1
OG0001575	GWHPDONJ006588	XP_038682018.1, XP_038682019.1, XP_038682020.1, XP_038684241.1, XP_038684242.1
OG0001576	GWHPDONJ006606	XP_038697270.1, XP_038697271.1, XP_038702207.1, XP_038702208.1, XP_038702209.1
OG0001577	GWHPDONJ006613	XP_038682045.1, XP_038682046.1, XP_038709772.1, XP_038709773.1, XP_038709774.1
OG0001578	GWHPDONJ006617	XP_038684852.1, XP_038684853.1, XP_038709899.1, XP_038709900.1, XP_038709901.1
OG0001579	GWHPDONJ006637	XP_038683556.1, XP_038708745.1, XP_038708746.1, XP_038708747.1, XP_038708748.1
OG0001580	GWHPDONJ006640	XP_038679986.1, XP_038679987.1, XP_038679988.1, XP_038679989.1, XP_038687900.1
OG0001581	GWHPDONJ006647	XP_038682003.1, XP_038682004.1, XP_038682005.1, XP_038682006.1, XP_038682007.1
OG0001582	GWHPDONJ006648	XP_038683317.1, XP_038683318.1, XP_038708179.1, XP_038708180.1, XP_038708181.1
OG0001583	GWHPDONJ006672	XP_038692243.1, XP_038693833.1, XP_038693834.1, XP_038694912.1, XP_038706150.1
OG0001584	GWHPDONJ006730	XP_038678858.1, XP_038679295.1, XP_038696445.1, XP_038696996.1, XP_038718081.1
OG0001585	GWHPDONJ006735	XP_038682646.1, XP_038708413.1, XP_038714696.1, XP_038714697.1, XP_038717791.1
OG0001586	GWHPDONJ006812	XP_038704433.1, XP_038704434.1, XP_038704435.1, XP_038714296.1, XP_038714297.1
OG0001587	GWHPDONJ006844	XP_038694240.1, XP_038694241.1, XP_038694249.1, XP_038704483.1, XP_038713910.1
OG0001588	GWHPDONJ006923	XP_038694594.1, XP_038694595.1, XP_038704963.1, XP_038714272.1, XP_038714273.1
OG0001589	GWHPDONJ006942	XP_038703631.1, XP_038703632.1, XP_038703633.1, XP_038703634.1, XP_038713777.1
OG0001590	GWHPDONJ006946	XP_038679218.1, XP_038679219.1, XP_038679220.1, XP_038687697.1, XP_038687698.1
OG0001591	GWHPDONJ007056, GWHPDONJ007057	XP_038680256.1, XP_038680777.1, XP_038691117.1, XP_038725774.1
OG0001592	GWHPDONJ007082	XP_038682617.1, XP_038682618.1, XP_038682619.1, XP_038682620.1, XP_038682621.1
OG0001593	GWHPDONJ007093, GWHPDONJ008780	XP_038679266.1, XP_038679547.1, XP_038687178.1, XP_038725966.1
OG0001594	GWHPDONJ007130	XP_038678989.1, XP_038678990.1, XP_038688044.1, XP_038688045.1, XP_038688046.1
OG0001595	GWHPDONJ007144	XP_038685338.1, XP_038685339.1, XP_038699029.1, XP_038699030.1, XP_038699031.1
OG0001596	GWHPDONJ007231	XP_038679168.1, XP_038690765.1, XP_038690766.1, XP_038690767.1, XP_038711402.1
OG0001597	GWHPDONJ007345	XP_038694634.1, XP_038703106.1, XP_038714142.1, XP_038718332.1, XP_038722356.1
OG0001598	GWHPDONJ007365	XP_038679110.1, XP_038694157.1, XP_038703281.1, XP_038710465.1, XP_038714274.1
OG0001599	GWHPDONJ007375	XP_038691268.1, XP_038691269.1, XP_038691270.1, XP_038691271.1, XP_038691272.1
OG0001600	GWHPDONJ007381	XP_038691075.1, XP_038691076.1, XP_038691077.1, XP_038691078.1, XP_038699681.1
OG0001601	GWHPDONJ007398	XP_038704156.1, XP_038704157.1, XP_038704158.1, XP_038704159.1, XP_038715110.1
OG0001602	GWHPDONJ007403	XP_038710554.1, XP_038710555.1, XP_038710556.1, XP_038710557.1, XP_038710559.1
OG0001603	GWHPDONJ007440	XP_038704176.1, XP_038704177.1, XP_038704178.1, XP_038704179.1, XP_038716140.1
OG0001604	GWHPDONJ007479	XP_038680587.1, XP_038680588.1, XP_038680589.1, XP_038712110.1, XP_038712111.1
OG0001605	GWHPDONJ007486, GWHPDONJ007488	XP_038694623.1, XP_038694624.1, XP_038694625.1, XP_038694626.1
OG0001606	GWHPDONJ007492	XP_038721346.1, XP_038721347.1, XP_038721348.1, XP_038723208.1, XP_038723209.1
OG0001607	GWHPDONJ007568	XP_038688466.1, XP_038688565.1, XP_038688624.1, XP_038724105.1, XP_038724106.1
OG0001608	GWHPDONJ007569	XP_038724098.1, XP_038724099.1, XP_038724100.1, XP_038724101.1, XP_038724103.1
OG0001609	GWHPDONJ007666	XP_038690299.1, XP_038690300.1, XP_038691872.1, XP_038691873.1, XP_038710362.1
OG0001610	GWHPDONJ007764	XP_038715874.1, XP_038715875.1, XP_038715876.1, XP_038715877.1, XP_038715878.1
OG0001611	GWHPDONJ007772, GWHPDONJ010394	XP_038680842.1, XP_038680843.1, XP_038680844.1, XP_038680845.1
OG0001612	GWHPDONJ007778	XP_038678957.1, XP_038678959.1, XP_038679592.1, XP_038679593.1, XP_038679595.1
OG0001613	GWHPDONJ007797	XP_038723153.1, XP_038723154.1, XP_038723155.1, XP_038723156.1, XP_038723158.1
OG0001614	GWHPDONJ007820	XP_038691303.1, XP_038691304.1, XP_038691305.1, XP_038691306.1, XP_038710703.1
OG0001615	GWHPDONJ007841	XP_038718824.1, XP_038718825.1, XP_038718827.1, XP_038718828.1, XP_038718829.1
OG0001616	GWHPDONJ007851	XP_038690919.1, XP_038695524.1, XP_038712608.1, XP_038719056.1, XP_038719057.1
OG0001617	GWHPDONJ007863	XP_038709206.1, XP_038709214.1, XP_038709222.1, XP_038721919.1, XP_038721920.1
OG0001618	GWHPDONJ007909	XP_038723072.1, XP_038723073.1, XP_038723074.1, XP_038723075.1, XP_038723076.1
OG0001619	GWHPDONJ007918	XP_038682566.1, XP_038682568.1, XP_038684870.1, XP_038684871.1, XP_038684872.1
OG0001620	GWHPDONJ007934	XP_038708564.1, XP_038708569.1, XP_038721483.1, XP_038721484.1, XP_038723745.1
OG0001621	GWHPDONJ007971	XP_038695116.1, XP_038695117.1, XP_038700857.1, XP_038701068.1, XP_038725989.1
OG0001622	GWHPDONJ008008	XP_038689595.1, XP_038689603.1, XP_038720144.1, XP_038720145.1, XP_038720146.1
OG0001623	GWHPDONJ008100	XP_038697414.1, XP_038697415.1, XP_038697416.1, XP_038702058.1, XP_038721120.1
OG0001624	GWHPDONJ008159	XP_038692733.1, XP_038692735.1, XP_038693970.1, XP_038693971.1, XP_038693972.1
OG0001625	GWHPDONJ008163	XP_038689338.1, XP_038689339.1, XP_038689340.1, XP_038711243.1, XP_038711244.1
OG0001626	GWHPDONJ008167	XP_038678739.1, XP_038718950.1, XP_038718951.1, XP_038718952.1, XP_038718953.1
OG0001627	GWHPDONJ008181	XP_038716003.1, XP_038716069.1, XP_038716141.1, XP_038722890.1, XP_038722891.1
OG0001628	GWHPDONJ008223	XP_038700983.1, XP_038700984.1, XP_038700985.1, XP_038700986.1, XP_038700987.1
OG0001629	GWHPDONJ008345	XP_038683658.1, XP_038683659.1, XP_038685864.1, XP_038708914.1, XP_038708915.1
OG0001630	GWHPDONJ008353, GWHPDONJ008355, GWHPDONJ008356	XP_038679963.1, XP_038687981.1, XP_038687982.1
OG0001631	GWHPDONJ008358	XP_038683704.1, XP_038686252.1, XP_038687764.1, XP_038709018.1, XP_038725583.1
OG0001632	GWHPDONJ008410	XP_038680938.1, XP_038680962.1, XP_038681017.1, XP_038720693.1, XP_038720694.1
OG0001633	GWHPDONJ008461	XP_038696693.1, XP_038715180.1, XP_038717862.1, XP_038717863.1, XP_038717864.1
OG0001634	GWHPDONJ008468	XP_038693957.1, XP_038693958.1, XP_038693959.1, XP_038718051.1, XP_038718052.1
OG0001635	GWHPDONJ008480	XP_038698125.1, XP_038701350.1, XP_038701351.1, XP_038701615.1, XP_038701617.1
OG0001636	GWHPDONJ008526	XP_038695583.1, XP_038695584.1, XP_038695585.1, XP_038710296.1, XP_038710297.1
OG0001637	GWHPDONJ008542	XP_038695164.1, XP_038700105.1, XP_038700106.1, XP_038700107.1, XP_038700108.1
OG0001638	GWHPDONJ008584	XP_038697241.1, XP_038697242.1, XP_038697243.1, XP_038719168.1, XP_038719169.1
OG0001639	GWHPDONJ008600	XP_038684778.1, XP_038684779.1, XP_038684780.1, XP_038684781.1, XP_038685476.1
OG0001640	GWHPDONJ008621	XP_038702570.1, XP_038721401.1, XP_038721403.1, XP_038721404.1, XP_038721405.1
OG0001641	GWHPDONJ008649	XP_038697453.1, XP_038698065.1, XP_038699679.1, XP_038718860.1, XP_038719793.1
OG0001642	GWHPDONJ008671	XP_038679452.1, XP_038679455.1, XP_038679460.1, XP_038679462.1, XP_038679466.1
OG0001643	GWHPDONJ008744	XP_038696373.1, XP_038696374.1, XP_038698309.1, XP_038698310.1, XP_038698311.1
OG0001644	GWHPDONJ008773	XP_038679947.1, XP_038679948.1, XP_038679949.1, XP_038689365.1, XP_038689366.1
OG0001645	GWHPDONJ008819	XP_038696162.1, XP_038696163.1, XP_038696164.1, XP_038696166.1, XP_038698968.1
OG0001646	GWHPDONJ008843	XP_038694428.1, XP_038698367.1, XP_038712673.1, XP_038717745.1, XP_038723770.1
OG0001647	GWHPDONJ008899	XP_038691634.1, XP_038712717.1, XP_038712718.1, XP_038712719.1, XP_038712720.1
OG0001648	GWHPDONJ008972	XP_038715269.1, XP_038715270.1, XP_038715271.1, XP_038715272.1, XP_038715273.1
OG0001649	GWHPDONJ009029	XP_038685206.1, XP_038685207.1, XP_038685208.1, XP_038689123.1, XP_038689124.1
OG0001650	GWHPDONJ009031	XP_038685173.1, XP_038685175.1, XP_038691202.1, XP_038691203.1, XP_038691204.1
OG0001651	GWHPDONJ009070	XP_038704386.1, XP_038704387.1, XP_038704388.1, XP_038704389.1, XP_038704390.1
OG0001652	GWHPDONJ009133	XP_038685552.1, XP_038685554.1, XP_038685555.1, XP_038685556.1, XP_038690502.1
OG0001653	GWHPDONJ009168, GWHPDONJ009169, GWHPDONJ009170	XP_038686766.1, XP_038689207.1, XP_038690850.1
OG0001654	GWHPDONJ009221	XP_038716286.1, XP_038716287.1, XP_038716288.1, XP_038716289.1, XP_038716749.1
OG0001655	GWHPDONJ009222	XP_038683682.1, XP_038683683.1, XP_038702745.1, XP_038714870.1, XP_038714871.1
OG0001656	GWHPDONJ009243	XP_038694321.1, XP_038702950.1, XP_038706292.1, XP_038715308.1, XP_038717317.1
OG0001657	GWHPDONJ009283	XP_038686888.1, XP_038686890.1, XP_038686891.1, XP_038686892.1, XP_038686893.1
OG0001658	GWHPDONJ009298	XP_038693402.1, XP_038693411.1, XP_038693419.1, XP_038721426.1, XP_038721427.1
OG0001659	GWHPDONJ009307	XP_038688060.1, XP_038688061.1, XP_038724624.1, XP_038724625.1, XP_038724626.1
OG0001660	GWHPDONJ009356	XP_038705088.1, XP_038705089.1, XP_038715100.1, XP_038715601.1, XP_038715602.1
OG0001661	GWHPDONJ009375	XP_038680999.1, XP_038681006.1, XP_038687238.1, XP_038726135.1, XP_038726159.1
OG0001662	GWHPDONJ009437	XP_038688347.1, XP_038688348.1, XP_038703356.1, XP_038713305.1, XP_038724676.1
OG0001663	GWHPDONJ009463	XP_038681780.1, XP_038681781.1, XP_038683910.1, XP_038684258.1, XP_038685906.1
OG0001664	GWHPDONJ009470	XP_038678490.1, XP_038678491.1, XP_038678492.1, XP_038686913.1, XP_038686914.1
OG0001665	GWHPDONJ009540	XP_038697345.1, XP_038697353.1, XP_038719480.1, XP_038719481.1, XP_038719482.1
OG0001666	GWHPDONJ009547	XP_038679907.1, XP_038679908.1, XP_038690361.1, XP_038690362.1, XP_038690363.1
OG0001667	GWHPDONJ009596	XP_038681419.1, XP_038681420.1, XP_038681421.1, XP_038681422.1, XP_038681423.1
OG0001668	GWHPDONJ009637	XP_038681282.1, XP_038682868.1, XP_038682869.1, XP_038708233.1, XP_038708234.1
OG0001669	GWHPDONJ009646	XP_038682175.1, XP_038683955.1, XP_038683956.1, XP_038683957.1, XP_038708261.1
OG0001670	GWHPDONJ009662	XP_038696807.1, XP_038698931.1, XP_038712565.1, XP_038712566.1, XP_038712567.1
OG0001671	GWHPDONJ009707	XP_038681890.1, XP_038681891.1, XP_038681892.1, XP_038681893.1, XP_038681894.1
OG0001672	GWHPDONJ009746	XP_038719995.1, XP_038720002.1, XP_038720009.1, XP_038720017.1, XP_038720024.1
OG0001673	GWHPDONJ009776	XP_038712886.1, XP_038717004.1, XP_038717005.1, XP_038717006.1, XP_038717007.1
OG0001674	GWHPDONJ009807	XP_038692876.1, XP_038692945.1, XP_038693017.1, XP_038693090.1, XP_038693162.1
OG0001675	GWHPDONJ009967	XP_038699807.1, XP_038699815.1, XP_038699822.1, XP_038721731.1, XP_038722564.1
OG0001676	GWHPDONJ009977	XP_038701912.1, XP_038701918.1, XP_038701923.1, XP_038722932.1, XP_038722933.1
OG0001677	GWHPDONJ009989	XP_038698546.1, XP_038712860.1, XP_038718581.1, XP_038720577.1, XP_038722208.1
OG0001678	GWHPDONJ009997	XP_038688929.1, XP_038688938.1, XP_038688945.1, XP_038688954.1, XP_038721129.1
OG0001679	GWHPDONJ010112	XP_038689168.1, XP_038689267.1, XP_038694077.1, XP_038705172.1, XP_038712578.1
OG0001680	GWHPDONJ010125	XP_038703450.1, XP_038717145.1, XP_038717282.1, XP_038724919.1, XP_038726019.1
OG0001681	GWHPDONJ010158	XP_038692544.1, XP_038692545.1, XP_038694400.1, XP_038694401.1, XP_038694402.1
OG0001682	GWHPDONJ010261	XP_038715142.1, XP_038715143.1, XP_038717634.1, XP_038717635.1, XP_038717636.1
OG0001683	GWHPDONJ010271	XP_038689538.1, XP_038689539.1, XP_038689540.1, XP_038689541.1, XP_038689543.1
OG0001684	GWHPDONJ010288	XP_038706333.1, XP_038706334.1, XP_038706335.1, XP_038725296.1, XP_038725303.1
OG0001685	GWHPDONJ010362	XP_038714855.1, XP_038714856.1, XP_038716757.1, XP_038716758.1, XP_038716759.1
OG0001686	GWHPDONJ010371	XP_038693370.1, XP_038693371.1, XP_038693372.1, XP_038693373.1, XP_038693374.1
OG0001687	GWHPDONJ010445	XP_038688199.1, XP_038688200.1, XP_038688201.1, XP_038688202.1, XP_038688203.1
OG0001688	GWHPDONJ010483	XP_038695376.1, XP_038725694.1, XP_038725695.1, XP_038725697.1, XP_038725698.1
OG0001689	GWHPDONJ010561	XP_038679249.1, XP_038679250.1, XP_038679251.1, XP_038688264.1, XP_038726285.1
OG0001690	GWHPDONJ010635	XP_038688935.1, XP_038697665.1, XP_038702088.1, XP_038706214.1, XP_038711369.1
OG0001691	GWHPDONJ010651	XP_038684657.1, XP_038684658.1, XP_038684659.1, XP_038684660.1, XP_038684662.1
OG0001692	GWHPDONJ010670	XP_038695666.1, XP_038703652.1, XP_038709281.1, XP_038709282.1, XP_038709283.1
OG0001693	GWHPDONJ010677	XP_038693919.1, XP_038693920.1, XP_038693921.1, XP_038703997.1, XP_038713951.1
OG0001694	GWHPDONJ010776	XP_038716489.1, XP_038716490.1, XP_038716491.1, XP_038716492.1, XP_038716493.1
OG0001695	GWHPDONJ010870	XP_038695604.1, XP_038695605.1, XP_038695606.1, XP_038699785.1, XP_038699786.1
OG0001696	GWHPDONJ010900	XP_038695230.1, XP_038695310.1, XP_038695385.1, XP_038719617.1, XP_038719618.1
OG0001697	Null	XP_038678385.1, XP_038686300.1, XP_038695342.1, XP_038719514.1, XP_038719961.1, XP_038722568.1
OG0001698	Null	XP_038678412.1, XP_038679468.1, XP_038687532.1, XP_038695480.1, XP_038697759.1, XP_038699747.1
OG0001699	Null	XP_038678413.1, XP_038696931.1, XP_038696932.1, XP_038696933.1, XP_038696934.1, XP_038717308.1
OG0001700	Null	XP_038678472.1, XP_038699553.1, XP_038700111.1, XP_038725217.1, XP_038725218.1, XP_038725219.1
OG0001701	Null	XP_038678697.1, XP_038682615.1, XP_038682623.1, XP_038715627.1, XP_038722113.1, XP_038722122.1
OG0001702	Null	XP_038678724.1, XP_038691721.1, XP_038692560.1, XP_038705939.1, XP_038705940.1, XP_038705941.1
OG0001703	Null	XP_038678759.1, XP_038678760.1, XP_038726247.1, XP_038726248.1, XP_038726249.1, XP_038726250.1
OG0001704	Null	XP_038678800.1, XP_038678801.1, XP_038688853.1, XP_038694414.1, XP_038699933.1, XP_038707192.1
OG0001705	Null	XP_038678821.1, XP_038678822.1, XP_038678823.1, XP_038687791.1, XP_038725768.1, XP_038725769.1
OG0001706	Null	XP_038678947.1, XP_038678948.1, XP_038678949.1, XP_038678950.1, XP_038678951.1, XP_038678952.1
OG0001707	Null	XP_038679081.1, XP_038687239.1, XP_038697744.1, XP_038697745.1, XP_038697747.1, XP_038701212.1
OG0001708	Null	XP_038679119.1, XP_038690011.1, XP_038690012.1, XP_038690013.1, XP_038690014.1, XP_038690015.1
OG0001709	Null	XP_038679135.1, XP_038705751.1, XP_038705752.1, XP_038705753.1, XP_038705755.1, XP_038717997.1
OG0001710	Null	XP_038679238.1, XP_038679239.1, XP_038679241.1, XP_038680925.1, XP_038689407.1, XP_038718108.1
OG0001711	Null	XP_038679285.1, XP_038679286.1, XP_038713957.1, XP_038713958.1, XP_038713959.1, XP_038713960.1
OG0001712	Null	XP_038679345.1, XP_038702350.1, XP_038704945.1, XP_038713008.1, XP_038719599.1, XP_038724679.1
OG0001713	Null	XP_038679446.1, XP_038680944.1, XP_038685742.1, XP_038685763.1, XP_038697984.1, XP_038697993.1
OG0001714	Null	XP_038679457.1, XP_038693796.1, XP_038695468.1, XP_038695470.1, XP_038696665.1, XP_038713430.1
OG0001715	Null	XP_038679487.1, XP_038682163.1, XP_038688443.1, XP_038695314.1, XP_038708570.1, XP_038724911.1
OG0001716	Null	XP_038679493.1, XP_038694481.1, XP_038695646.1, XP_038695790.1, XP_038698825.1, XP_038712064.1
OG0001717	Null	XP_038679494.1, XP_038681754.1, XP_038683300.1, XP_038688370.1, XP_038716695.1, XP_038717969.1
OG0001718	Null	XP_038679515.1, XP_038679516.1, XP_038708665.1, XP_038708666.1, XP_038708667.1, XP_038708668.1
OG0001719	Null	XP_038679519.1, XP_038686143.1, XP_038705422.1, XP_038709140.1, XP_038721529.1, XP_038724957.1
OG0001720	Null	XP_038679667.1, XP_038688051.1, XP_038688052.1, XP_038707809.1, XP_038707810.1, XP_038726376.1
OG0001721	Null	XP_038679762.1, XP_038679764.1, XP_038679765.1, XP_038679766.1, XP_038679767.1, XP_038679770.1
OG0001722	Null	XP_038679783.1, XP_038688403.1, XP_038688405.1, XP_038688406.1, XP_038688407.1, XP_038726018.1
OG0001723	Null	XP_038679785.1, XP_038690198.1, XP_038694363.1, XP_038697608.1, XP_038712341.1, XP_038720338.1
OG0001724	Null	XP_038679881.1, XP_038679884.1, XP_038679885.1, XP_038679886.1, XP_038687893.1, XP_038703245.1
OG0001725	Null	XP_038679932.1, XP_038679933.1, XP_038681400.1, XP_038724517.1, XP_038724518.1, XP_038724519.1
OG0001726	Null	XP_038680051.1, XP_038680052.1, XP_038680053.1, XP_038680054.1, XP_038680158.1, XP_038711602.1
OG0001727	Null	XP_038680108.1, XP_038680122.1, XP_038680125.1, XP_038687638.1, XP_038707395.1, XP_038721751.1
OG0001728	Null	XP_038680174.1, XP_038680175.1, XP_038691887.1, XP_038691888.1, XP_038691889.1, XP_038691890.1
OG0001729	Null	XP_038680429.1, XP_038688204.1, XP_038693015.1, XP_038693901.1, XP_038694708.1, XP_038706912.1
OG0001730	Null	XP_038680430.1, XP_038683065.1, XP_038684985.1, XP_038686990.1, XP_038693720.1, XP_038720147.1
OG0001731	Null	XP_038680518.1, XP_038684367.1, XP_038697328.1, XP_038709099.1, XP_038719421.1, XP_038726411.1
OG0001732	Null	XP_038680638.1, XP_038682744.1, XP_038708412.1, XP_038708475.1, XP_038709864.1, XP_038709865.1
OG0001733	Null	XP_038680749.1, XP_038680750.1, XP_038680751.1, XP_038680752.1, XP_038680753.1, XP_038680754.1
OG0001734	Null	XP_038680769.1, XP_038704523.1, XP_038705003.1, XP_038705320.1, XP_038707805.1, XP_038715151.1
OG0001735	Null	XP_038680832.1, XP_038680833.1, XP_038680834.1, XP_038683245.1, XP_038724095.1, XP_038724096.1
OG0001736	Null	XP_038680989.1, XP_038696733.1, XP_038696873.1, XP_038696888.1, XP_038699153.1, XP_038724804.1
OG0001737	Null	XP_038681036.1, XP_038695421.1, XP_038717548.1, XP_038721200.1, XP_038722718.1, XP_038725861.1
OG0001738	Null	XP_038681040.1, XP_038694419.1, XP_038694600.1, XP_038694601.1, XP_038707765.1, XP_038707859.1
OG0001739	Null	XP_038681083.1, XP_038682932.1, XP_038683066.1, XP_038708360.1, XP_038714714.1, XP_038723656.1
OG0001740	Null	XP_038681121.1, XP_038681204.1, XP_038681275.1, XP_038721862.1, XP_038721863.1, XP_038721913.1
OG0001741	Null	XP_038681139.1, XP_038681612.1, XP_038685863.1, XP_038693001.1, XP_038705848.1, XP_038721260.1
OG0001742	Null	XP_038681239.1, XP_038681240.1, XP_038681241.1, XP_038681242.1, XP_038681477.1, XP_038681478.1
OG0001743	Null	XP_038681316.1, XP_038681317.1, XP_038681319.1, XP_038681320.1, XP_038682974.1, XP_038682975.1
OG0001744	Null	XP_038681362.1, XP_038688240.1, XP_038699665.1, XP_038704724.1, XP_038717299.1, XP_038725523.1
OG0001745	Null	XP_038681377.1, XP_038683320.1, XP_038692129.1, XP_038692130.1, XP_038692133.1, XP_038718610.1
OG0001746	Null	XP_038681424.1, XP_038686688.1, XP_038687282.1, XP_038688567.1, XP_038719420.1, XP_038719475.1
OG0001747	Null	XP_038681550.1, XP_038681552.1, XP_038681553.1, XP_038681554.1, XP_038704765.1, XP_038716610.1
OG0001748	Null	XP_038681667.1, XP_038681668.1, XP_038681669.1, XP_038681670.1, XP_038681671.1, XP_038681672.1
OG0001749	Null	XP_038681709.1, XP_038681710.1, XP_038682943.1, XP_038682944.1, XP_038682945.1, XP_038708920.1
OG0001750	Null	XP_038681720.1, XP_038707486.1, XP_038707487.1, XP_038711482.1, XP_038711483.1, XP_038711484.1
OG0001751	Null	XP_038681838.1, XP_038681847.1, XP_038681857.1, XP_038681865.1, XP_038692200.1, XP_038692201.1
OG0001752	Null	XP_038681914.1, XP_038683097.1, XP_038701879.1, XP_038707346.1, XP_038717407.1, XP_038719922.1
OG0001753	Null	XP_038681963.1, XP_038681965.1, XP_038681966.1, XP_038683604.1, XP_038683605.1, XP_038719525.1
OG0001754	Null	XP_038681996.1, XP_038683309.1, XP_038683310.1, XP_038683311.1, XP_038683312.1, XP_038684899.1
OG0001755	Null	XP_038682186.1, XP_038683130.1, XP_038683131.1, XP_038684307.1, XP_038709727.1, XP_038709728.1
OG0001756	Null	XP_038682311.1, XP_038683601.1, XP_038684589.1, XP_038686489.1, XP_038709218.1, XP_038709219.1
OG0001757	Null	XP_038682322.1, XP_038692258.1, XP_038693292.1, XP_038693293.1, XP_038719087.1, XP_038719093.1
OG0001758	Null	XP_038682335.1, XP_038703616.1, XP_038703617.1, XP_038706034.1, XP_038709291.1, XP_038712938.1
OG0001759	Null	XP_038682466.1, XP_038682467.1, XP_038682468.1, XP_038682469.1, XP_038682470.1, XP_038682471.1
OG0001760	Null	XP_038682530.1, XP_038684880.1, XP_038686768.1, XP_038708601.1, XP_038709752.1, XP_038712823.1
OG0001761	Null	XP_038682535.1, XP_038682536.1, XP_038682537.1, XP_038682539.1, XP_038709699.1, XP_038709700.1
OG0001762	Null	XP_038682604.1, XP_038684623.1, XP_038684625.1, XP_038684626.1, XP_038684627.1, XP_038684628.1
OG0001763	Null	XP_038682666.1, XP_038683455.1, XP_038684721.1, XP_038703951.1, XP_038703952.1, XP_038703953.1
OG0001764	Null	XP_038682689.1, XP_038682690.1, XP_038682692.1, XP_038682693.1, XP_038682694.1, XP_038682695.1
OG0001765	Null	XP_038682894.1, XP_038682895.1, XP_038686675.1, XP_038686676.1, XP_038686677.1, XP_038686678.1
OG0001766	Null	XP_038682961.1, XP_038708092.1, XP_038708093.1, XP_038715138.1, XP_038715139.1, XP_038715140.1
OG0001767	Null	XP_038682964.1, XP_038682965.1, XP_038682966.1, XP_038682967.1, XP_038682968.1, XP_038682969.1
OG0001768	Null	XP_038682997.1, XP_038683004.1, XP_038706727.1, XP_038706728.1, XP_038706729.1, XP_038706730.1
OG0001769	Null	XP_038683252.1, XP_038683253.1, XP_038685093.1, XP_038697171.1, XP_038697172.1, XP_038718801.1
OG0001770	Null	XP_038683439.1, XP_038683440.1, XP_038693860.1, XP_038708945.1, XP_038708947.1, XP_038708948.1
OG0001771	Null	XP_038683496.1, XP_038697067.1, XP_038697068.1, XP_038697069.1, XP_038697070.1, XP_038698805.1
OG0001772	Null	XP_038683616.1, XP_038683617.1, XP_038683618.1, XP_038685231.1, XP_038685232.1, XP_038709192.1
OG0001773	Null	XP_038683798.1, XP_038683799.1, XP_038683800.1, XP_038683801.1, XP_038685833.1, XP_038709144.1
OG0001774	Null	XP_038683896.1, XP_038709301.1, XP_038709302.1, XP_038709303.1, XP_038709304.1, XP_038709305.1
OG0001775	Null	XP_038683931.1, XP_038711900.1, XP_038711901.1, XP_038711902.1, XP_038711903.1, XP_038711904.1
OG0001776	Null	XP_038684041.1, XP_038684042.1, XP_038684043.1, XP_038685195.1, XP_038715332.1, XP_038715333.1
OG0001777	Null	XP_038684051.1, XP_038689344.1, XP_038691118.1, XP_038711907.1, XP_038711908.1, XP_038711909.1
OG0001778	Null	XP_038684143.1, XP_038684144.1, XP_038689796.1, XP_038704935.1, XP_038708024.1, XP_038710768.1
OG0001779	Null	XP_038684186.1, XP_038709188.1, XP_038709189.1, XP_038709190.1, XP_038715682.1, XP_038717643.1
OG0001780	Null	XP_038684529.1, XP_038684530.1, XP_038684531.1, XP_038709443.1, XP_038709444.1, XP_038709445.1
OG0001781	Null	XP_038684673.1, XP_038684674.1, XP_038685120.1, XP_038685121.1, XP_038690763.1, XP_038690764.1
OG0001782	Null	XP_038684694.1, XP_038684702.1, XP_038684711.1, XP_038684717.1, XP_038684725.1, XP_038684732.1
OG0001783	Null	XP_038684695.1, XP_038684696.1, XP_038684697.1, XP_038684698.1, XP_038716144.1, XP_038716145.1
OG0001784	Null	XP_038684743.1, XP_038689420.1, XP_038721682.1, XP_038721683.1, XP_038721684.1, XP_038721685.1
OG0001785	Null	XP_038685019.1, XP_038685020.1, XP_038688478.1, XP_038688479.1, XP_038691188.1, XP_038691189.1
OG0001786	Null	XP_038685048.1, XP_038698161.1, XP_038711356.1, XP_038711357.1, XP_038713603.1, XP_038717579.1
OG0001787	Null	XP_038685152.1, XP_038685154.1, XP_038685321.1, XP_038686807.1, XP_038708804.1, XP_038708806.1
OG0001788	Null	XP_038685220.1, XP_038685369.1, XP_038688493.1, XP_038688959.1, XP_038691546.1, XP_038710825.1
OG0001789	Null	XP_038685263.1, XP_038685264.1, XP_038685265.1, XP_038691821.1, XP_038691822.1, XP_038691823.1
OG0001790	Null	XP_038685292.1, XP_038685293.1, XP_038685294.1, XP_038703122.1, XP_038703123.1, XP_038712854.1
OG0001791	Null	XP_038685327.1, XP_038685328.1, XP_038685329.1, XP_038686331.1, XP_038689904.1, XP_038721123.1
OG0001792	Null	XP_038685330.1, XP_038685331.1, XP_038685332.1, XP_038685333.1, XP_038685334.1, XP_038685335.1
OG0001793	Null	XP_038685372.1, XP_038685380.1, XP_038685388.1, XP_038685396.1, XP_038687869.1, XP_038687875.1
OG0001794	Null	XP_038685428.1, XP_038697141.1, XP_038697142.1, XP_038704333.1, XP_038713046.1, XP_038713047.1
OG0001795	Null	XP_038685576.1, XP_038685577.1, XP_038685578.1, XP_038685579.1, XP_038685580.1, XP_038685581.1
OG0001796	Null	XP_038685688.1, XP_038690712.1, XP_038690713.1, XP_038708868.1, XP_038719997.1, XP_038721030.1
OG0001797	Null	XP_038685756.1, XP_038687499.1, XP_038695406.1, XP_038699638.1, XP_038699670.1, XP_038721996.1
OG0001798	Null	XP_038685878.1, XP_038685879.1, XP_038690575.1, XP_038690577.1, XP_038702211.1, XP_038702220.1
OG0001799	Null	XP_038686133.1, XP_038686134.1, XP_038686136.1, XP_038709428.1, XP_038709429.1, XP_038709430.1
OG0001800	Null	XP_038686173.1, XP_038686174.1, XP_038686175.1, XP_038686176.1, XP_038686177.1, XP_038686178.1
OG0001801	Null	XP_038686357.1, XP_038686358.1, XP_038686359.1, XP_038686360.1, XP_038686361.1, XP_038686362.1
OG0001802	Null	XP_038686380.1, XP_038686390.1, XP_038686396.1, XP_038721703.1, XP_038721704.1, XP_038721706.1
OG0001803	Null	XP_038686498.1, XP_038686509.1, XP_038686520.1, XP_038706403.1, XP_038706404.1, XP_038719993.1
OG0001804	Null	XP_038686551.1, XP_038686553.1, XP_038686554.1, XP_038686555.1, XP_038686564.1, XP_038686565.1
OG0001805	Null	XP_038686721.1, XP_038689687.1, XP_038691300.1, XP_038699535.1, XP_038700955.1, XP_038712269.1
OG0001806	Null	XP_038686758.1, XP_038702079.1, XP_038702080.1, XP_038720656.1, XP_038720657.1, XP_038720658.1
OG0001807	Null	XP_038686851.1, XP_038686852.1, XP_038686853.1, XP_038686854.1, XP_038686855.1, XP_038686857.1
OG0001808	Null	XP_038686946.1, XP_038724802.1, XP_038724803.1, XP_038724914.1, XP_038724915.1, XP_038724916.1
OG0001809	Null	XP_038687265.1, XP_038687272.1, XP_038687280.1, XP_038690621.1, XP_038695483.1, XP_038697565.1
OG0001810	Null	XP_038687298.1, XP_038687301.1, XP_038687302.1, XP_038687303.1, XP_038687304.1, XP_038687305.1
OG0001811	Null	XP_038687363.1, XP_038695851.1, XP_038698833.1, XP_038725209.1, XP_038725211.1, XP_038725307.1
OG0001812	Null	XP_038687409.1, XP_038687410.1, XP_038687411.1, XP_038687412.1, XP_038687413.1, XP_038687414.1
OG0001813	Null	XP_038687598.1, XP_038687599.1, XP_038687601.1, XP_038687602.1, XP_038688307.1, XP_038688308.1
OG0001814	Null	XP_038687756.1, XP_038687757.1, XP_038695642.1, XP_038695643.1, XP_038725347.1, XP_038725954.1
OG0001815	Null	XP_038688654.1, XP_038691104.1, XP_038693303.1, XP_038703866.1, XP_038704331.1, XP_038705029.1
OG0001816	Null	XP_038688983.1, XP_038689020.1, XP_038693003.1, XP_038703909.1, XP_038711239.1, XP_038711240.1
OG0001817	Null	XP_038689031.1, XP_038689032.1, XP_038689033.1, XP_038689034.1, XP_038690288.1, XP_038690290.1
OG0001818	Null	XP_038689066.1, XP_038697797.1, XP_038701899.1, XP_038702070.1, XP_038721868.1, XP_038721883.1
OG0001819	Null	XP_038689067.1, XP_038689068.1, XP_038689069.1, XP_038711918.1, XP_038711919.1, XP_038721399.1
OG0001820	Null	XP_038689116.1, XP_038689117.1, XP_038691222.1, XP_038691223.1, XP_038711550.1, XP_038711551.1
OG0001821	Null	XP_038689473.1, XP_038692747.1, XP_038702890.1, XP_038713242.1, XP_038713243.1, XP_038721543.1
OG0001822	Null	XP_038689478.1, XP_038689479.1, XP_038689480.1, XP_038689481.1, XP_038710144.1, XP_038710145.1
OG0001823	Null	XP_038689610.1, XP_038707289.1, XP_038709835.1, XP_038714921.1, XP_038716337.1, XP_038719516.1
OG0001824	Null	XP_038689653.1, XP_038689654.1, XP_038689655.1, XP_038689657.1, XP_038689658.1, XP_038689659.1
OG0001825	Null	XP_038689792.1, XP_038689793.1, XP_038689794.1, XP_038712463.1, XP_038712464.1, XP_038712465.1
OG0001826	Null	XP_038689804.1, XP_038694146.1, XP_038697567.1, XP_038712517.1, XP_038715128.1, XP_038721853.1
OG0001827	Null	XP_038689900.1, XP_038703570.1, XP_038704256.1, XP_038704257.1, XP_038704264.1, XP_038717931.1
OG0001828	Null	XP_038690021.1, XP_038690022.1, XP_038690023.1, XP_038690025.1, XP_038690026.1, XP_038690027.1
OG0001829	Null	XP_038690087.1, XP_038716053.1, XP_038716412.1, XP_038716413.1, XP_038716414.1, XP_038716415.1
OG0001830	Null	XP_038690842.1, XP_038702375.1, XP_038720339.1, XP_038720341.1, XP_038720342.1, XP_038720343.1
OG0001831	Null	XP_038690860.1, XP_038691024.1, XP_038691444.1, XP_038708236.1, XP_038710845.1, XP_038723846.1
OG0001832	Null	XP_038691216.1, XP_038701540.1, XP_038701541.1, XP_038701542.1, XP_038721263.1, XP_038721264.1
OG0001833	Null	XP_038691257.1, XP_038697696.1, XP_038697697.1, XP_038697698.1, XP_038710373.1, XP_038725123.1
OG0001834	Null	XP_038691335.1, XP_038691336.1, XP_038710679.1, XP_038710680.1, XP_038710683.1, XP_038710684.1
OG0001835	Null	XP_038691436.1, XP_038691437.1, XP_038710342.1, XP_038710343.1, XP_038710344.1, XP_038710345.1
OG0001836	Null	XP_038691492.1, XP_038691493.1, XP_038691495.1, XP_038712785.1, XP_038712786.1, XP_038712787.1
OG0001837	Null	XP_038692047.1, XP_038692048.1, XP_038692049.1, XP_038692050.1, XP_038692051.1, XP_038692052.1
OG0001838	Null	XP_038692156.1, XP_038696108.1, XP_038700231.1, XP_038712140.1, XP_038714259.1, XP_038717161.1
OG0001839	Null	XP_038692259.1, XP_038698709.1, XP_038698710.1, XP_038698711.1, XP_038714483.1, XP_038715413.1
OG0001840	Null	XP_038692335.1, XP_038692336.1, XP_038692338.1, XP_038692339.1, XP_038719918.1, XP_038719924.1
OG0001841	Null	XP_038692524.1, XP_038692525.1, XP_038692526.1, XP_038692527.1, XP_038692528.1, XP_038692529.1
OG0001842	Null	XP_038693251.1, XP_038693252.1, XP_038693253.1, XP_038693254.1, XP_038703791.1, XP_038703792.1
OG0001843	Null	XP_038693507.1, XP_038693508.1, XP_038693509.1, XP_038693510.1, XP_038705931.1, XP_038705932.1
OG0001844	Null	XP_038693607.1, XP_038693608.1, XP_038712865.1, XP_038712866.1, XP_038712868.1, XP_038718374.1
OG0001845	Null	XP_038693692.1, XP_038713479.1, XP_038713504.1, XP_038713505.1, XP_038713506.1, XP_038718212.1
OG0001846	Null	XP_038694003.1, XP_038694004.1, XP_038694005.1, XP_038694006.1, XP_038694007.1, XP_038703969.1
OG0001847	Null	XP_038694243.1, XP_038706916.1, XP_038706917.1, XP_038707087.1, XP_038707088.1, XP_038712799.1
OG0001848	Null	XP_038694264.1, XP_038698069.1, XP_038704383.1, XP_038712992.1, XP_038712993.1, XP_038717000.1
OG0001849	Null	XP_038694300.1, XP_038699566.1, XP_038705625.1, XP_038721837.1, XP_038721838.1, XP_038722755.1
OG0001850	Null	XP_038694348.1, XP_038694349.1, XP_038694350.1, XP_038694351.1, XP_038694352.1, XP_038694353.1
OG0001851	Null	XP_038694383.1, XP_038694392.1, XP_038694397.1, XP_038694405.1, XP_038694416.1, XP_038721032.1
OG0001852	Null	XP_038694415.1, XP_038694490.1, XP_038694572.1, XP_038723506.1, XP_038723507.1, XP_038723508.1
OG0001853	Null	XP_038694439.1, XP_038718342.1, XP_038718343.1, XP_038718344.1, XP_038718345.1, XP_038718346.1
OG0001854	Null	XP_038694472.1, XP_038706823.1, XP_038722199.1, XP_038722200.1, XP_038722201.1, XP_038722202.1
OG0001855	Null	XP_038694671.1, XP_038694672.1, XP_038696871.1, XP_038700722.1, XP_038713648.1, XP_038724343.1
OG0001856	Null	XP_038694698.1, XP_038699096.1, XP_038702015.1, XP_038704930.1, XP_038722814.1, XP_038725294.1
OG0001857	Null	XP_038694701.1, XP_038694702.1, XP_038694703.1, XP_038704148.1, XP_038704149.1, XP_038704150.1
OG0001858	Null	XP_038694714.1, XP_038695372.1, XP_038697544.1, XP_038697545.1, XP_038697546.1, XP_038700718.1
OG0001859	Null	XP_038694797.1, XP_038713845.1, XP_038713846.1, XP_038715659.1, XP_038715660.1, XP_038715663.1
OG0001860	Null	XP_038694854.1, XP_038694855.1, XP_038694856.1, XP_038694857.1, XP_038694858.1, XP_038694859.1
OG0001861	Null	XP_038694877.1, XP_038694879.1, XP_038694880.1, XP_038694881.1, XP_038694882.1, XP_038721048.1
OG0001862	Null	XP_038694947.1, XP_038714014.1, XP_038714015.1, XP_038716976.1, XP_038716977.1, XP_038716978.1
OG0001863	Null	XP_038694995.1, XP_038694996.1, XP_038694997.1, XP_038694998.1, XP_038724448.1, XP_038724449.1
OG0001864	Null	XP_038695280.1, XP_038700594.1, XP_038713771.1, XP_038713772.1, XP_038716981.1, XP_038716982.1
OG0001865	Null	XP_038695360.1, XP_038699452.1, XP_038699841.1, XP_038710673.1, XP_038710674.1, XP_038711650.1
OG0001866	Null	XP_038695621.1, XP_038699929.1, XP_038699930.1, XP_038699931.1, XP_038716960.1, XP_038716961.1
OG0001867	Null	XP_038695771.1, XP_038695772.1, XP_038695826.1, XP_038716637.1, XP_038719586.1, XP_038719587.1
OG0001868	Null	XP_038695849.1, XP_038695850.1, XP_038699548.1, XP_038712311.1, XP_038712312.1, XP_038712313.1
OG0001869	Null	XP_038695867.1, XP_038707077.1, XP_038719333.1, XP_038722243.1, XP_038722244.1, XP_038724322.1
OG0001870	Null	XP_038695896.1, XP_038695897.1, XP_038695898.1, XP_038695900.1, XP_038701163.1, XP_038701164.1
OG0001871	Null	XP_038695979.1, XP_038695980.1, XP_038695981.1, XP_038695982.1, XP_038699885.1, XP_038699886.1
OG0001872	Null	XP_038696110.1, XP_038696113.1, XP_038696114.1, XP_038711493.1, XP_038711494.1, XP_038711495.1
OG0001873	Null	XP_038696137.1, XP_038721232.1, XP_038721712.1, XP_038721713.1, XP_038721714.1, XP_038721715.1
OG0001874	Null	XP_038696218.1, XP_038696219.1, XP_038700534.1, XP_038700535.1, XP_038725249.1, XP_038725250.1
OG0001875	Null	XP_038696241.1, XP_038711835.1, XP_038712530.1, XP_038712531.1, XP_038712532.1, XP_038712533.1
OG0001876	Null	XP_038696327.1, XP_038696328.1, XP_038698192.1, XP_038698193.1, XP_038698194.1, XP_038698195.1
OG0001877	Null	XP_038696486.1, XP_038696487.1, XP_038696488.1, XP_038696489.1, XP_038696490.1, XP_038698394.1
OG0001878	Null	XP_038696577.1, XP_038697232.1, XP_038702111.1, XP_038702483.1, XP_038719097.1, XP_038720581.1
OG0001879	Null	XP_038696706.1, XP_038696707.1, XP_038696708.1, XP_038699774.1, XP_038699775.1, XP_038699776.1
OG0001880	Null	XP_038697016.1, XP_038697024.1, XP_038697032.1, XP_038697040.1, XP_038721729.1, XP_038721730.1
OG0001881	Null	XP_038697119.1, XP_038699656.1, XP_038699659.1, XP_038700641.1, XP_038708538.1, XP_038708543.1
OG0001882	Null	XP_038697204.1, XP_038697238.1, XP_038699012.1, XP_038708384.1, XP_038708392.1, XP_038724004.1
OG0001883	Null	XP_038697235.1, XP_038697236.1, XP_038697237.1, XP_038718717.1, XP_038718718.1, XP_038718719.1
OG0001884	Null	XP_038697246.1, XP_038697247.1, XP_038697248.1, XP_038697249.1, XP_038697250.1, XP_038697252.1
OG0001885	Null	XP_038697517.1, XP_038697518.1, XP_038697519.1, XP_038697520.1, XP_038697521.1, XP_038702033.1
OG0001886	Null	XP_038697766.1, XP_038698078.1, XP_038698084.1, XP_038711714.1, XP_038711836.1, XP_038717051.1
OG0001887	Null	XP_038697981.1, XP_038708554.1, XP_038716016.1, XP_038717228.1, XP_038719828.1, XP_038722026.1
OG0001888	Null	XP_038698122.1, XP_038698123.1, XP_038698124.1, XP_038702157.1, XP_038702158.1, XP_038702159.1
OG0001889	Null	XP_038698154.1, XP_038719322.1, XP_038719323.1, XP_038725622.1, XP_038725623.1, XP_038725624.1
OG0001890	Null	XP_038698166.1, XP_038698167.1, XP_038698518.1, XP_038698598.1, XP_038698599.1, XP_038700918.1
OG0001891	Null	XP_038698207.1, XP_038698208.1, XP_038698209.1, XP_038698995.1, XP_038698996.1, XP_038698997.1
OG0001892	Null	XP_038698248.1, XP_038698249.1, XP_038698250.1, XP_038698251.1, XP_038698252.1, XP_038698253.1
OG0001893	Null	XP_038698463.1, XP_038713642.1, XP_038713643.1, XP_038713644.1, XP_038717574.1, XP_038717575.1
OG0001894	Null	XP_038698767.1, XP_038698768.1, XP_038698769.1, XP_038698770.1, XP_038698771.1, XP_038698772.1
OG0001895	Null	XP_038698889.1, XP_038718128.1, XP_038720150.1, XP_038720151.1, XP_038721256.1, XP_038723690.1
OG0001896	Null	XP_038698961.1, XP_038698962.1, XP_038698963.1, XP_038698964.1, XP_038698965.1, XP_038698966.1
OG0001897	Null	XP_038699079.1, XP_038699080.1, XP_038699081.1, XP_038711287.1, XP_038711288.1, XP_038711289.1
OG0001898	Null	XP_038699138.1, XP_038699139.1, XP_038699140.1, XP_038712615.1, XP_038712616.1, XP_038712907.1
OG0001899	Null	XP_038699211.1, XP_038699212.1, XP_038699213.1, XP_038699214.1, XP_038699712.1, XP_038711933.1
OG0001900	Null	XP_038699588.1, XP_038699695.1, XP_038699735.1, XP_038699736.1, XP_038699843.1, XP_038711838.1
OG0001901	Null	XP_038699917.1, XP_038699918.1, XP_038699919.1, XP_038699920.1, XP_038712040.1, XP_038712041.1
OG0001902	Null	XP_038699970.1, XP_038725992.1, XP_038725995.1, XP_038725996.1, XP_038725997.1, XP_038725998.1
OG0001903	Null	XP_038700264.1, XP_038700265.1, XP_038700266.1, XP_038700267.1, XP_038712323.1, XP_038712324.1
OG0001904	Null	XP_038700268.1, XP_038700269.1, XP_038700270.1, XP_038700271.1, XP_038711416.1, XP_038711418.1
OG0001905	Null	XP_038700430.1, XP_038700437.1, XP_038700445.1, XP_038721018.1, XP_038721019.1, XP_038721020.1
OG0001906	Null	XP_038700585.1, XP_038700586.1, XP_038700587.1, XP_038700588.1, XP_038700590.1, XP_038700591.1
OG0001907	Null	XP_038700840.1, XP_038700841.1, XP_038703002.1, XP_038714916.1, XP_038714917.1, XP_038714919.1
OG0001908	Null	XP_038701152.1, XP_038701153.1, XP_038701154.1, XP_038701155.1, XP_038701156.1, XP_038701157.1
OG0001909	Null	XP_038701160.1, XP_038701166.1, XP_038701172.1, XP_038701178.1, XP_038701187.1, XP_038701196.1
OG0001910	Null	XP_038701202.1, XP_038701203.1, XP_038710206.1, XP_038710207.1, XP_038710208.1, XP_038710209.1
OG0001911	Null	XP_038701908.1, XP_038721692.1, XP_038721693.1, XP_038721694.1, XP_038721695.1, XP_038721696.1
OG0001912	Null	XP_038702643.1, XP_038713181.1, XP_038719293.1, XP_038719294.1, XP_038719295.1, XP_038719296.1
OG0001913	Null	XP_038703104.1, XP_038716424.1, XP_038716425.1, XP_038716426.1, XP_038717970.1, XP_038717971.1
OG0001914	Null	XP_038703105.1, XP_038703107.1, XP_038703108.1, XP_038720674.1, XP_038720681.1, XP_038720689.1
OG0001915	Null	XP_038703111.1, XP_038703112.1, XP_038703113.1, XP_038703114.1, XP_038703115.1, XP_038703117.1
OG0001916	Null	XP_038703593.1, XP_038704912.1, XP_038704913.1, XP_038715429.1, XP_038715430.1, XP_038716687.1
OG0001917	Null	XP_038703690.1, XP_038703691.1, XP_038720627.1, XP_038720628.1, XP_038720629.1, XP_038720630.1
OG0001918	Null	XP_038703780.1, XP_038703781.1, XP_038703782.1, XP_038703783.1, XP_038703784.1, XP_038703785.1
OG0001919	Null	XP_038704191.1, XP_038704202.1, XP_038704210.1, XP_038704220.1, XP_038721505.1, XP_038721506.1
OG0001920	Null	XP_038704242.1, XP_038717806.1, XP_038722223.1, XP_038722224.1, XP_038722225.1, XP_038722226.1
OG0001921	Null	XP_038704321.1, XP_038704322.1, XP_038704323.1, XP_038706288.1, XP_038718129.1, XP_038718130.1
OG0001922	Null	XP_038704357.1, XP_038704358.1, XP_038704359.1, XP_038716177.1, XP_038716178.1, XP_038716179.1
OG0001923	Null	XP_038704555.1, XP_038704556.1, XP_038704557.1, XP_038704558.1, XP_038704559.1, XP_038704560.1
OG0001924	Null	XP_038704779.1, XP_038704781.1, XP_038713792.1, XP_038713793.1, XP_038713794.1, XP_038713795.1
OG0001925	Null	XP_038704808.1, XP_038714706.1, XP_038714707.1, XP_038718122.1, XP_038718123.1, XP_038718124.1
OG0001926	Null	XP_038704848.1, XP_038704856.1, XP_038720634.1, XP_038720635.1, XP_038720636.1, XP_038720637.1
OG0001927	Null	XP_038705095.1, XP_038705096.1, XP_038705097.1, XP_038705098.1, XP_038714392.1, XP_038714393.1
OG0001928	Null	XP_038705550.1, XP_038705551.1, XP_038705553.1, XP_038722401.1, XP_038722402.1, XP_038724884.1
OG0001929	Null	XP_038705648.1, XP_038712652.1, XP_038715416.1, XP_038720274.1, XP_038723314.1, XP_038723870.1
OG0001930	Null	XP_038706011.1, XP_038707047.1, XP_038707048.1, XP_038707049.1, XP_038707050.1, XP_038707051.1
OG0001931	Null	XP_038706094.1, XP_038706096.1, XP_038706097.1, XP_038706098.1, XP_038706099.1, XP_038706100.1
OG0001932	Null	XP_038706263.1, XP_038706264.1, XP_038706265.1, XP_038706266.1, XP_038719622.1, XP_038719636.1
OG0001933	Null	XP_038706487.1, XP_038706495.1, XP_038706502.1, XP_038706508.1, XP_038723181.1, XP_038723182.1
OG0001934	Null	XP_038706607.1, XP_038706609.1, XP_038706610.1, XP_038721362.1, XP_038721372.1, XP_038721381.1
OG0001935	Null	XP_038706930.1, XP_038706931.1, XP_038706932.1, XP_038706933.1, XP_038706934.1, XP_038706935.1
OG0001936	Null	XP_038707412.1, XP_038707413.1, XP_038712138.1, XP_038712146.1, XP_038712155.1, XP_038712161.1
OG0001937	Null	XP_038707473.1, XP_038707555.1, XP_038719230.1, XP_038719231.1, XP_038723575.1, XP_038723576.1
OG0001938	Null	XP_038707653.1, XP_038707655.1, XP_038707656.1, XP_038707657.1, XP_038717389.1, XP_038717390.1
OG0001939	Null	XP_038708101.1, XP_038715116.1, XP_038717197.1, XP_038718790.1, XP_038723259.1, XP_038723993.1
OG0001940	Null	XP_038708838.1, XP_038708839.1, XP_038708840.1, XP_038708841.1, XP_038708842.1, XP_038708843.1
OG0001941	Null	XP_038709425.1, XP_038716720.1, XP_038716722.1, XP_038716911.1, XP_038717985.1, XP_038718529.1
OG0001942	Null	XP_038709616.1, XP_038709617.1, XP_038709618.1, XP_038709619.1, XP_038709620.1, XP_038709621.1
OG0001943	Null	XP_038710761.1, XP_038710762.1, XP_038710764.1, XP_038710765.1, XP_038710766.1, XP_038710767.1
OG0001944	Null	XP_038710814.1, XP_038710815.1, XP_038716812.1, XP_038717309.1, XP_038717310.1, XP_038717311.1
OG0001945	Null	XP_038711171.1, XP_038711172.1, XP_038711173.1, XP_038711174.1, XP_038711176.1, XP_038711177.1
OG0001946	Null	XP_038713625.1, XP_038717349.1, XP_038717350.1, XP_038718224.1, XP_038718376.1, XP_038718567.1
OG0001947	Null	XP_038713926.1, XP_038713927.1, XP_038713929.1, XP_038718607.1, XP_038718608.1, XP_038718609.1
OG0001948	Null	XP_038714058.1, XP_038714059.1, XP_038714060.1, XP_038714061.1, XP_038714062.1, XP_038714063.1
OG0001949	Null	XP_038714099.1, XP_038714100.1, XP_038714102.1, XP_038714103.1, XP_038714104.1, XP_038714105.1
OG0001950	Null	XP_038715621.1, XP_038715622.1, XP_038715623.1, XP_038715624.1, XP_038715625.1, XP_038715626.1
OG0001951	Null	XP_038716030.1, XP_038716031.1, XP_038716032.1, XP_038716033.1, XP_038716034.1, XP_038716035.1
OG0001952	Null	XP_038716266.1, XP_038716267.1, XP_038716268.1, XP_038716269.1, XP_038716270.1, XP_038717560.1
OG0001953	Null	XP_038716505.1, XP_038716506.1, XP_038716507.1, XP_038716508.1, XP_038717121.1, XP_038717122.1
OG0001954	Null	XP_038717649.1, XP_038717650.1, XP_038717651.1, XP_038717653.1, XP_038717654.1, XP_038717655.1
OG0001955	Null	XP_038719740.1, XP_038719741.1, XP_038721593.1, XP_038721623.1, XP_038721631.1, XP_038721658.1
OG0001956	Null	XP_038720090.1, XP_038720091.1, XP_038720092.1, XP_038720093.1, XP_038720094.1, XP_038720095.1
OG0001957	Null	XP_038720432.1, XP_038720433.1, XP_038720434.1, XP_038720435.1, XP_038720436.1, XP_038720437.1
OG0001958	Null	XP_038720473.1, XP_038720474.1, XP_038721450.1, XP_038722694.1, XP_038723331.1, XP_038723938.1
OG0001959	Null	XP_038721536.1, XP_038721537.1, XP_038721538.1, XP_038721539.1, XP_038721540.1, XP_038721541.1
OG0001960	Null	XP_038721603.1, XP_038721604.1, XP_038721605.1, XP_038721606.1, XP_038721607.1, XP_038721608.1
OG0001961	Null	XP_038722077.1, XP_038722458.1, XP_038722459.1, XP_038722460.1, XP_038722461.1, XP_038722462.1
OG0001962	Null	XP_038722432.1, XP_038722433.1, XP_038722434.1, XP_038722436.1, XP_038722437.1, XP_038723953.1
OG0001963	Null	XP_038722566.1, XP_038722567.1, XP_038722571.1, XP_038722573.1, XP_038723638.1, XP_038723639.1
OG0001964	Null	XP_038722892.1, XP_038722893.1, XP_038722894.1, XP_038722896.1, XP_038722897.1, XP_038722898.1
OG0001965	Null	XP_038723159.1, XP_038723160.1, XP_038723161.1, XP_038723162.1, XP_038723163.1, XP_038723164.1
OG0001966	Null	XP_038723530.1, XP_038723531.1, XP_038723532.1, XP_038723534.1, XP_038723535.1, XP_038723536.1
OG0001967	Null	XP_038724823.1, XP_038724824.1, XP_038724825.1, XP_038724826.1, XP_038724827.1, XP_038724828.1
OG0001968	Null	XP_038724999.1, XP_038725000.1, XP_038725001.1, XP_038725002.1, XP_038725003.1, XP_038725004.1
OG0001969	Null	XP_038726027.1, XP_038726028.1, XP_038726030.1, XP_038726031.1, XP_038726032.1, XP_038726033.1
OG0001970	GWHPDONJ000020	XP_038680374.1, XP_038680375.1, XP_038691079.1, XP_038711596.1
OG0001971	GWHPDONJ000037, GWHPDONJ009059	XP_038721428.1, XP_038721429.1, XP_038722820.1
OG0001972	GWHPDONJ000064, GWHPDONJ008467	XP_038703778.1, XP_038713250.1, XP_038713251.1
OG0001973	GWHPDONJ000142, GWHPDONJ009324	XP_038701822.1, XP_038723545.1, XP_038723546.1
OG0001974	GWHPDONJ000164, GWHPDONJ000444, GWHPDONJ002614, GWHPDONJ003693	XP_038707282.1
OG0001975	GWHPDONJ000212, GWHPDONJ009821, GWHPDONJ009822	XP_038682120.1, XP_038723624.1
OG0001976	GWHPDONJ000220	XP_038706760.1, XP_038706769.1, XP_038722369.1, XP_038722370.1
OG0001977	GWHPDONJ000286, GWHPDONJ000640, GWHPDONJ000984, GWHPDONJ001000, GWHPDONJ002156	
OG0001978	GWHPDONJ000326, GWHPDONJ001086, GWHPDONJ001238, GWHPDONJ003119, GWHPDONJ003232	
OG0001979	GWHPDONJ000328	XP_038719688.1, XP_038719689.1, XP_038723864.1, XP_038723865.1
OG0001980	GWHPDONJ000345	XP_038683626.1, XP_038683627.1, XP_038708320.1, XP_038708321.1
OG0001981	GWHPDONJ000353	XP_038687123.1, XP_038687127.1, XP_038715777.1, XP_038724886.1
OG0001982	GWHPDONJ000409	XP_038701732.1, XP_038701733.1, XP_038701734.1, XP_038701735.1
OG0001983	GWHPDONJ000449	XP_038683366.1, XP_038719686.1, XP_038721173.1, XP_038722671.1
OG0001984	GWHPDONJ000486	XP_038722300.1, XP_038722301.1, XP_038722302.1, XP_038722303.1
OG0001985	GWHPDONJ000499, GWHPDONJ004661	XP_038694141.1, XP_038706458.1, XP_038719456.1
OG0001986	GWHPDONJ000502, GWHPDONJ004658	XP_038693241.1, XP_038707364.1, XP_038725921.1
OG0001987	GWHPDONJ000503	XP_038707499.1, XP_038707500.1, XP_038707501.1, XP_038715214.1
OG0001988	GWHPDONJ000590	XP_038702305.1, XP_038702306.1, XP_038720154.1, XP_038720155.1
OG0001989	GWHPDONJ000652, GWHPDONJ001332, GWHPDONJ008950, GWHPDONJ009622	XP_038685075.1
OG0001990	GWHPDONJ000693, GWHPDONJ000913, GWHPDONJ000976, GWHPDONJ003009	XP_038693700.1
OG0001991	GWHPDONJ000714, GWHPDONJ000778, GWHPDONJ000779, GWHPDONJ001346, GWHPDONJ002237	
OG0001992	GWHPDONJ000719, GWHPDONJ003738, GWHPDONJ006977, GWHPDONJ007110	XP_038725964.1
OG0001993	GWHPDONJ000754, GWHPDONJ002441, GWHPDONJ002638, GWHPDONJ003148, GWHPDONJ004414	
OG0001994	GWHPDONJ000810, GWHPDONJ000964, GWHPDONJ000980, GWHPDONJ001177	XP_038683021.1
OG0001995	GWHPDONJ000816, GWHPDONJ003219, GWHPDONJ010685	XP_038683869.1, XP_038683870.1
OG0001996	GWHPDONJ000827	XP_038684139.1, XP_038684149.1, XP_038684158.1, XP_038719448.1
OG0001997	GWHPDONJ000856	XP_038682529.1, XP_038683663.1, XP_038683664.1, XP_038709874.1
OG0001998	GWHPDONJ000873, GWHPDONJ000917, GWHPDONJ001223, GWHPDONJ002297, GWHPDONJ002980	
OG0001999	GWHPDONJ000877	XP_038705062.1, XP_038705071.1, XP_038722656.1, XP_038722657.1
OG0002000	GWHPDONJ000887, GWHPDONJ004917	XP_038687317.1, XP_038715220.1, XP_038721054.1
OG0002001	GWHPDONJ000935, GWHPDONJ001016, GWHPDONJ004197	XP_038683169.1, XP_038708278.1
OG0002002	GWHPDONJ000941	XP_038684487.1, XP_038685890.1, XP_038685891.1, XP_038708979.1
OG0002003	GWHPDONJ000974, GWHPDONJ003012, GWHPDONJ003039, GWHPDONJ003464, GWHPDONJ003723	
OG0002004	GWHPDONJ001125, GWHPDONJ007898	XP_038694202.1, XP_038703725.1, XP_038714227.1
OG0002005	GWHPDONJ001175, GWHPDONJ002771, GWHPDONJ002772, GWHPDONJ003052, GWHPDONJ005342	
OG0002006	GWHPDONJ001376, GWHPDONJ002600, GWHPDONJ007304	XP_038700778.1, XP_038712112.1
OG0002007	GWHPDONJ001463	XP_038715475.1, XP_038715476.1, XP_038715478.1, XP_038718426.1
OG0002008	GWHPDONJ001514	XP_038690303.1, XP_038710366.1, XP_038710367.1, XP_038710368.1
OG0002009	GWHPDONJ001583, GWHPDONJ009240	XP_038702925.1, XP_038714790.1, XP_038714791.1
OG0002010	GWHPDONJ001584	XP_038711879.1, XP_038711880.1, XP_038711881.1, XP_038711882.1
OG0002011	GWHPDONJ001603, GWHPDONJ009234	XP_038716334.1, XP_038716335.1, XP_038718163.1
OG0002012	GWHPDONJ001642	XP_038697550.1, XP_038697551.1, XP_038702343.1, XP_038721121.1
OG0002013	GWHPDONJ001679, GWHPDONJ008082, GWHPDONJ009974	XP_038695449.1, XP_038722011.1
OG0002014	GWHPDONJ001710	XP_038680021.1, XP_038690800.1, XP_038713115.1, XP_038713116.1
OG0002015	GWHPDONJ001730	XP_038697837.1, XP_038699749.1, XP_038702048.1, XP_038720964.1
OG0002016	GWHPDONJ001734, GWHPDONJ006548	XP_038714713.1, XP_038715653.1, XP_038715662.1
OG0002017	GWHPDONJ001769, GWHPDONJ002922, GWHPDONJ010466	XP_038679444.1, XP_038704690.1
OG0002018	GWHPDONJ001812	XP_038700972.1, XP_038702418.1, XP_038707811.1, XP_038720177.1
OG0002019	GWHPDONJ001820, GWHPDONJ003357	XP_038706219.1, XP_038707647.1, XP_038707648.1
OG0002020	GWHPDONJ001941, GWHPDONJ005958, GWHPDONJ006409, GWHPDONJ009578	XP_038687553.1
OG0002021	GWHPDONJ002019	XP_038694975.1, XP_038694979.1, XP_038694980.1, XP_038694981.1
OG0002022	GWHPDONJ002093	XP_038685829.1, XP_038702630.1, XP_038717158.1, XP_038720535.1
OG0002023	GWHPDONJ002131, GWHPDONJ003139	XP_038679207.1, XP_038679209.1, XP_038687851.1
OG0002024	GWHPDONJ002150, GWHPDONJ004834	XP_038693795.1, XP_038723794.1, XP_038723795.1
OG0002025	GWHPDONJ002205, GWHPDONJ009325	XP_038700164.1, XP_038700173.1, XP_038700180.1
OG0002026	GWHPDONJ002252	XP_038682403.1, XP_038683898.1, XP_038709875.1, XP_038709876.1
OG0002027	GWHPDONJ002259, GWHPDONJ002298, GWHPDONJ010923	XP_038698390.1, XP_038711204.1
OG0002028	GWHPDONJ002283	XP_038685299.1, XP_038688930.1, XP_038688931.1, XP_038688932.1
OG0002029	GWHPDONJ002309, GWHPDONJ003120	XP_038683020.1, XP_038698340.1, XP_038711754.1
OG0002030	GWHPDONJ002342, GWHPDONJ008979	XP_038694156.1, XP_038703188.1, XP_038703189.1
OG0002031	GWHPDONJ002354	XP_038682825.1, XP_038684693.1, XP_038709635.1, XP_038709636.1
OG0002032	GWHPDONJ002372	XP_038680160.1, XP_038680161.1, XP_038680162.1, XP_038711152.1
OG0002033	GWHPDONJ002374	XP_038685384.1, XP_038690232.1, XP_038690234.1, XP_038690235.1
OG0002034	GWHPDONJ002409	XP_038703457.1, XP_038703458.1, XP_038713354.1, XP_038713355.1
OG0002035	GWHPDONJ002421, GWHPDONJ007153, GWHPDONJ007154	XP_038724609.1, XP_038724610.1
OG0002036	GWHPDONJ002426	XP_038679258.1, XP_038691592.1, XP_038710985.1, XP_038717843.1
OG0002037	GWHPDONJ002485	XP_038700965.1, XP_038701562.1, XP_038711548.1, XP_038711549.1
OG0002038	GWHPDONJ002494, GWHPDONJ002495	XP_038685046.1, XP_038685047.1, XP_038689195.1
OG0002039	GWHPDONJ002620, GWHPDONJ005062	XP_038680687.1, XP_038680688.1, XP_038682955.1
OG0002040	GWHPDONJ002623, GWHPDONJ005438	XP_038693013.1, XP_038705247.1, XP_038714555.1
OG0002041	GWHPDONJ002626	XP_038685559.1, XP_038703251.1, XP_038714342.1, XP_038714343.1
OG0002042	GWHPDONJ002633	XP_038701482.1, XP_038701483.1, XP_038721797.1, XP_038721798.1
OG0002043	GWHPDONJ002686, GWHPDONJ007825	XP_038707737.1, XP_038707738.1, XP_038707739.1
OG0002044	GWHPDONJ002689	XP_038697389.1, XP_038697390.1, XP_038697391.1, XP_038701921.1
OG0002045	GWHPDONJ002727	XP_038685696.1, XP_038692713.1, XP_038692714.1, XP_038713978.1
OG0002046	GWHPDONJ002737, GWHPDONJ010852	XP_038682179.1, XP_038709820.1, XP_038709821.1
OG0002047	GWHPDONJ002744	XP_038705199.1, XP_038705200.1, XP_038705202.1, XP_038714747.1
OG0002048	GWHPDONJ002753, GWHPDONJ009842	XP_038707336.1, XP_038715352.1, XP_038722833.1
OG0002049	GWHPDONJ002783, GWHPDONJ007462	XP_038694587.1, XP_038694589.1, XP_038707912.1
OG0002050	GWHPDONJ002830	XP_038703611.1, XP_038703612.1, XP_038715505.1, XP_038715506.1
OG0002051	GWHPDONJ002831	XP_038680069.1, XP_038692989.1, XP_038704937.1, XP_038716291.1
OG0002052	GWHPDONJ002875	XP_038699216.1, XP_038699217.1, XP_038724485.1, XP_038724486.1
OG0002053	GWHPDONJ003025	XP_038701687.1, XP_038702680.1, XP_038716559.1, XP_038718141.1
OG0002054	GWHPDONJ003104	XP_038693789.1, XP_038697955.1, XP_038702598.1, XP_038707260.1
OG0002055	GWHPDONJ003181	XP_038680353.1, XP_038689286.1, XP_038689287.1, XP_038712457.1
OG0002056	GWHPDONJ003202, GWHPDONJ004462	XP_038685237.1, XP_038685247.1, XP_038719357.1
OG0002057	GWHPDONJ003214, GWHPDONJ007714	XP_038695042.1, XP_038695043.1, XP_038699892.1
OG0002058	GWHPDONJ003254, GWHPDONJ008756	XP_038699274.1, XP_038699275.1, XP_038699276.1
OG0002059	GWHPDONJ003456, GWHPDONJ010384	XP_038684274.1, XP_038684275.1, XP_038708277.1
OG0002060	GWHPDONJ003470	XP_038680534.1, XP_038688010.1, XP_038688011.1, XP_038725700.1
OG0002061	GWHPDONJ003593	XP_038693784.1, XP_038701522.1, XP_038707776.1, XP_038707848.1
OG0002062	GWHPDONJ003594, GWHPDONJ004364, GWHPDONJ005084	XP_038682631.1, XP_038708431.1
OG0002063	GWHPDONJ003651	XP_038706540.1, XP_038706761.1, XP_038706762.1, XP_038723640.1
OG0002064	GWHPDONJ003745, GWHPDONJ004668	XP_038706901.1, XP_038720212.1, XP_038720220.1
OG0002065	GWHPDONJ003783	XP_038692555.1, XP_038707390.1, XP_038707392.1, XP_038707393.1
OG0002066	GWHPDONJ003813, GWHPDONJ010904	XP_038697259.1, XP_038706630.1, XP_038721330.1
OG0002067	GWHPDONJ003829	XP_038722537.1, XP_038722545.1, XP_038722553.1, XP_038722561.1
OG0002068	GWHPDONJ003842	XP_038698083.1, XP_038706500.1, XP_038711639.1, XP_038719929.1
OG0002069	GWHPDONJ003848	XP_038706569.1, XP_038710668.1, XP_038710670.1, XP_038719773.1
OG0002070	GWHPDONJ003856	XP_038694272.1, XP_038707353.1, XP_038707673.1, XP_038725832.1
OG0002071	GWHPDONJ003883	XP_038691529.1, XP_038715434.1, XP_038720152.1, XP_038723728.1
OG0002072	GWHPDONJ003906	XP_038688717.1, XP_038688718.1, XP_038688719.1, XP_038688720.1
OG0002073	GWHPDONJ003938	XP_038695854.1, XP_038695855.1, XP_038695856.1, XP_038695857.1
OG0002074	GWHPDONJ003955	XP_038696662.1, XP_038696663.1, XP_038696664.1, XP_038700080.1
OG0002075	GWHPDONJ003970	XP_038698337.1, XP_038698338.1, XP_038698339.1, XP_038700895.1
OG0002076	GWHPDONJ003973	XP_038695784.1, XP_038700670.1, XP_038724600.1, XP_038724602.1
OG0002077	GWHPDONJ004010	XP_038702753.1, XP_038702754.1, XP_038716060.1, XP_038717124.1
OG0002078	GWHPDONJ004063	XP_038723885.1, XP_038723886.1, XP_038723888.1, XP_038723889.1
OG0002079	GWHPDONJ004081	XP_038695740.1, XP_038695741.1, XP_038711250.1, XP_038711251.1
OG0002080	GWHPDONJ004091	XP_038695140.1, XP_038695141.1, XP_038700285.1, XP_038700287.1
OG0002081	GWHPDONJ004095	XP_038696018.1, XP_038700807.1, XP_038700808.1, XP_038711678.1
OG0002082	GWHPDONJ004155	XP_038700272.1, XP_038700273.1, XP_038710999.1, XP_038711000.1
OG0002083	GWHPDONJ004189	XP_038686655.1, XP_038686656.1, XP_038686657.1, XP_038686658.1
OG0002084	GWHPDONJ004192	XP_038693623.1, XP_038713694.1, XP_038713695.1, XP_038717735.1
OG0002085	GWHPDONJ004223	XP_038713716.1, XP_038717986.1, XP_038717987.1, XP_038717988.1
OG0002086	GWHPDONJ004246	XP_038721489.1, XP_038721565.1, XP_038722450.1, XP_038722451.1
OG0002087	GWHPDONJ004254	XP_038679019.1, XP_038679020.1, XP_038679503.1, XP_038687650.1
OG0002088	GWHPDONJ004262, GWHPDONJ007533, GWHPDONJ009630	XP_038682727.1, XP_038682728.1
OG0002089	GWHPDONJ004291	XP_038697239.1, XP_038720169.1, XP_038720170.1, XP_038720171.1
OG0002090	GWHPDONJ004322	XP_038701947.1, XP_038701948.1, XP_038711797.1, XP_038721840.1
OG0002091	GWHPDONJ004362	XP_038678573.1, XP_038696922.1, XP_038696924.1, XP_038701067.1
OG0002092	GWHPDONJ004372	XP_038703241.1, XP_038703242.1, XP_038703243.1, XP_038717909.1
OG0002093	GWHPDONJ004395	XP_038697425.1, XP_038701677.1, XP_038706111.1, XP_038721345.1
OG0002094	GWHPDONJ004404	XP_038697307.1, XP_038697308.1, XP_038721438.1, XP_038721439.1
OG0002095	GWHPDONJ004416, GWHPDONJ007228, GWHPDONJ008766	XP_038702083.1, XP_038720515.1
OG0002096	GWHPDONJ004425	XP_038686135.1, XP_038686144.1, XP_038686154.1, XP_038686163.1
OG0002097	GWHPDONJ004426	XP_038686505.1, XP_038691575.1, XP_038691576.1, XP_038691577.1
OG0002098	GWHPDONJ004427, GWHPDONJ008624	XP_038701660.1, XP_038701662.1, XP_038701663.1
OG0002099	GWHPDONJ004435	XP_038705440.1, XP_038705441.1, XP_038705442.1, XP_038705443.1
OG0002100	GWHPDONJ004455	XP_038685429.1, XP_038685436.1, XP_038685441.1, XP_038721002.1
OG0002101	GWHPDONJ004475	XP_038698349.1, XP_038698350.1, XP_038698351.1, XP_038698352.1
OG0002102	GWHPDONJ004479	XP_038706126.1, XP_038706127.1, XP_038706128.1, XP_038706129.1
OG0002103	GWHPDONJ004495	XP_038679842.1, XP_038687326.1, XP_038687327.1, XP_038687328.1
OG0002104	GWHPDONJ004516, GWHPDONJ004882	XP_038703091.1, XP_038707636.1, XP_038715351.1
OG0002105	GWHPDONJ004518	XP_038692107.1, XP_038705538.1, XP_038705539.1, XP_038705540.1
OG0002106	GWHPDONJ004562	XP_038690202.1, XP_038690203.1, XP_038690204.1, XP_038690206.1
OG0002107	GWHPDONJ004565	XP_038681235.1, XP_038681236.1, XP_038683429.1, XP_038683430.1
OG0002108	GWHPDONJ004574	XP_038692681.1, XP_038716963.1, XP_038716964.1, XP_038716965.1
OG0002109	GWHPDONJ004622	XP_038704533.1, XP_038704543.1, XP_038723504.1, XP_038723505.1
OG0002110	GWHPDONJ004656	XP_038712413.1, XP_038712414.1, XP_038712415.1, XP_038712416.1
OG0002111	GWHPDONJ004675	XP_038680246.1, XP_038688136.1, XP_038716592.1, XP_038718847.1
OG0002112	GWHPDONJ004692	XP_038724958.1, XP_038724959.1, XP_038724960.1, XP_038724962.1
OG0002113	GWHPDONJ004734	XP_038696874.1, XP_038696882.1, XP_038720559.1, XP_038720560.1
OG0002114	GWHPDONJ004754	XP_038691652.1, XP_038691660.1, XP_038691665.1, XP_038702201.1
OG0002115	GWHPDONJ004766	XP_038686982.1, XP_038686991.1, XP_038686999.1, XP_038687007.1
OG0002116	GWHPDONJ004767	XP_038696471.1, XP_038702217.1, XP_038702218.1, XP_038702219.1
OG0002117	GWHPDONJ004768	XP_038684972.1, XP_038684976.1, XP_038684977.1, XP_038684978.1
OG0002118	GWHPDONJ004774	XP_038692055.1, XP_038692063.1, XP_038692071.1, XP_038692073.1
OG0002119	GWHPDONJ004777	XP_038692584.1, XP_038693087.1, XP_038693088.1, XP_038694120.1
OG0002120	GWHPDONJ004784	XP_038680556.1, XP_038713300.1, XP_038713442.1, XP_038719985.1
OG0002121	GWHPDONJ004785	XP_038684120.1, XP_038684128.1, XP_038701266.1, XP_038720868.1
OG0002122	GWHPDONJ004788, GWHPDONJ004794, GWHPDONJ006786	XP_038707588.1, XP_038711348.1
OG0002123	GWHPDONJ004798	XP_038702650.1, XP_038713266.1, XP_038713267.1, XP_038713268.1
OG0002124	GWHPDONJ004864, GWHPDONJ004865, GWHPDONJ010133	XP_038692154.1, XP_038717647.1
OG0002125	GWHPDONJ004943	XP_038690375.1, XP_038690376.1, XP_038712254.1, XP_038712255.1
OG0002126	GWHPDONJ004967	XP_038698106.1, XP_038698107.1, XP_038698108.1, XP_038701789.1
OG0002127	GWHPDONJ004971	XP_038698113.1, XP_038698114.1, XP_038701558.1, XP_038719023.1
OG0002128	GWHPDONJ005041	XP_038685545.1, XP_038685553.1, XP_038701413.1, XP_038701414.1
OG0002129	GWHPDONJ005055	XP_038709668.1, XP_038709669.1, XP_038709670.1, XP_038709671.1
OG0002130	GWHPDONJ005057	XP_038681722.1, XP_038681723.1, XP_038681724.1, XP_038683930.1
OG0002131	GWHPDONJ005071, GWHPDONJ005074	XP_038681954.1, XP_038681956.1, XP_038681957.1
OG0002132	GWHPDONJ005086	XP_038683380.1, XP_038706293.1, XP_038719429.1, XP_038722618.1
OG0002133	GWHPDONJ005138	XP_038694206.1, XP_038703431.1, XP_038704493.1, XP_038715538.1
OG0002134	GWHPDONJ005143	XP_038693406.1, XP_038693407.1, XP_038693408.1, XP_038693409.1
OG0002135	GWHPDONJ005146	XP_038716366.1, XP_038716367.1, XP_038716368.1, XP_038716369.1
OG0002136	GWHPDONJ005160	XP_038688371.1, XP_038688379.1, XP_038688385.1, XP_038688392.1
OG0002137	GWHPDONJ005162	XP_038683558.1, XP_038683559.1, XP_038708440.1, XP_038708441.1
OG0002138	GWHPDONJ005164	XP_038707124.1, XP_038707125.1, XP_038710229.1, XP_038710237.1
OG0002139	GWHPDONJ005166	XP_038717081.1, XP_038717082.1, XP_038717083.1, XP_038717084.1
OG0002140	GWHPDONJ005202	XP_038721889.1, XP_038721890.1, XP_038721891.1, XP_038721892.1
OG0002141	GWHPDONJ005213	XP_038697501.1, XP_038697502.1, XP_038697503.1, XP_038697504.1
OG0002142	GWHPDONJ005225	XP_038715223.1, XP_038715224.1, XP_038715225.1, XP_038715226.1
OG0002143	GWHPDONJ005229	XP_038704758.1, XP_038715494.1, XP_038715495.1, XP_038715496.1
OG0002144	GWHPDONJ005254	XP_038713145.1, XP_038717562.1, XP_038717564.1, XP_038717565.1
OG0002145	GWHPDONJ005260	XP_038687421.1, XP_038687429.1, XP_038687437.1, XP_038719271.1
OG0002146	GWHPDONJ005298	XP_038678658.1, XP_038695382.1, XP_038695383.1, XP_038700795.1
OG0002147	GWHPDONJ005300	XP_038726302.1, XP_038726303.1, XP_038726305.1, XP_038726306.1
OG0002148	GWHPDONJ005302	XP_038693265.1, XP_038693266.1, XP_038693267.1, XP_038693270.1
OG0002149	GWHPDONJ005352, GWHPDONJ009870	XP_038692595.1, XP_038692596.1, XP_038692597.1
OG0002150	GWHPDONJ005354	XP_038680257.1, XP_038680258.1, XP_038711159.1, XP_038711160.1
OG0002151	GWHPDONJ005375	XP_038678595.1, XP_038678596.1, XP_038701058.1, XP_038701059.1
OG0002152	GWHPDONJ005387	XP_038693491.1, XP_038693492.1, XP_038693493.1, XP_038705880.1
OG0002153	GWHPDONJ005395	XP_038695224.1, XP_038700842.1, XP_038700843.1, XP_038711861.1
OG0002154	GWHPDONJ005425, GWHPDONJ009124	XP_038694689.1, XP_038694690.1, XP_038702749.1
OG0002155	GWHPDONJ005430	XP_038703287.1, XP_038703288.1, XP_038703289.1, XP_038713079.1
OG0002156	GWHPDONJ005448	XP_038689198.1, XP_038702750.1, XP_038710589.1, XP_038714537.1
OG0002157	GWHPDONJ005464	XP_038683890.1, XP_038683892.1, XP_038683893.1, XP_038683894.1
OG0002158	GWHPDONJ005466	XP_038703158.1, XP_038716670.1, XP_038716671.1, XP_038716672.1
OG0002159	GWHPDONJ005491	XP_038680650.1, XP_038680651.1, XP_038680652.1, XP_038680653.1
OG0002160	GWHPDONJ005497	XP_038682612.1, XP_038682613.1, XP_038682614.1, XP_038683303.1
OG0002161	GWHPDONJ005503, GWHPDONJ009703	XP_038683158.1, XP_038708644.1, XP_038708664.1
OG0002162	GWHPDONJ005515	XP_038683567.1, XP_038683568.1, XP_038684344.1, XP_038684345.1
OG0002163	GWHPDONJ005523	XP_038703829.1, XP_038704391.1, XP_038704472.1, XP_038704473.1
OG0002164	GWHPDONJ005536	XP_038687940.1, XP_038695457.1, XP_038725161.1, XP_038725537.1
OG0002165	GWHPDONJ005571	XP_038696540.1, XP_038696607.1, XP_038696686.1, XP_038722525.1
OG0002166	GWHPDONJ005574	XP_038681738.1, XP_038681739.1, XP_038681740.1, XP_038681741.1
OG0002167	GWHPDONJ005608	XP_038702442.1, XP_038702449.1, XP_038723317.1, XP_038723318.1
OG0002168	GWHPDONJ005618	XP_038700606.1, XP_038700613.1, XP_038722999.1, XP_038723000.1
OG0002169	GWHPDONJ005619	XP_038693349.1, XP_038693350.1, XP_038693352.1, XP_038720959.1
OG0002170	GWHPDONJ005652	XP_038698753.1, XP_038698754.1, XP_038698756.1, XP_038698757.1
OG0002171	GWHPDONJ005654	XP_038701661.1, XP_038701667.1, XP_038701673.1, XP_038701679.1
OG0002172	GWHPDONJ005657	XP_038703746.1, XP_038703755.1, XP_038720701.1, XP_038720703.1
OG0002173	GWHPDONJ005697	XP_038678588.1, XP_038678590.1, XP_038679011.1, XP_038679012.1
OG0002174	GWHPDONJ005790	XP_038691287.1, XP_038691296.1, XP_038720064.1, XP_038720065.1
OG0002175	GWHPDONJ005807	XP_038682528.1, XP_038682538.1, XP_038693009.1, XP_038706748.1
OG0002176	GWHPDONJ005812	XP_038725165.1, XP_038725173.1, XP_038725179.1, XP_038725187.1
OG0002177	GWHPDONJ005824	XP_038705598.1, XP_038722181.1, XP_038722190.1, XP_038722198.1
OG0002178	GWHPDONJ005869	XP_038696856.1, XP_038696857.1, XP_038696858.1, XP_038725156.1
OG0002179	GWHPDONJ005875	XP_038682066.1, XP_038693443.1, XP_038695407.1, XP_038707820.1
OG0002180	GWHPDONJ005910	XP_038724521.1, XP_038724522.1, XP_038724523.1, XP_038724524.1
OG0002181	GWHPDONJ005922	XP_038706749.1, XP_038720538.1, XP_038722367.1, XP_038722368.1
OG0002182	GWHPDONJ005983	XP_038689923.1, XP_038712075.1, XP_038712076.1, XP_038724989.1
OG0002183	GWHPDONJ005994	XP_038686636.1, XP_038686637.1, XP_038686638.1, XP_038686639.1
OG0002184	GWHPDONJ006006	XP_038693871.1, XP_038693880.1, XP_038693887.1, XP_038693897.1
OG0002185	GWHPDONJ006057	XP_038693120.1, XP_038706340.1, XP_038706341.1, XP_038706342.1
OG0002186	GWHPDONJ006076	XP_038698783.1, XP_038698784.1, XP_038698785.1, XP_038698786.1
OG0002187	GWHPDONJ006111	XP_038704142.1, XP_038704154.1, XP_038704163.1, XP_038716760.1
OG0002188	GWHPDONJ006113	XP_038680893.1, XP_038681594.1, XP_038681595.1, XP_038682042.1
OG0002189	GWHPDONJ006121	XP_038696843.1, XP_038696844.1, XP_038696845.1, XP_038725799.1
OG0002190	GWHPDONJ006142, GWHPDONJ007979	XP_038678653.1, XP_038695146.1, XP_038699821.1
OG0002191	GWHPDONJ006164	XP_038718461.1, XP_038718463.1, XP_038718464.1, XP_038718465.1
OG0002192	GWHPDONJ006198	XP_038692676.1, XP_038692754.1, XP_038722316.1, XP_038722317.1
OG0002193	GWHPDONJ006201	XP_038703825.1, XP_038707632.1, XP_038723024.1, XP_038725848.1
OG0002194	GWHPDONJ006237	XP_038694610.1, XP_038694612.1, XP_038707434.1, XP_038707435.1
OG0002195	GWHPDONJ006238	XP_038693934.1, XP_038693935.1, XP_038693936.1, XP_038693937.1
OG0002196	GWHPDONJ006249	XP_038707921.1, XP_038707922.1, XP_038707923.1, XP_038707924.1
OG0002197	GWHPDONJ006251	XP_038680936.1, XP_038705709.1, XP_038710391.1, XP_038710626.1
OG0002198	GWHPDONJ006327	XP_038714206.1, XP_038714207.1, XP_038714208.1, XP_038724553.1
OG0002199	GWHPDONJ006426	XP_038711398.1, XP_038711399.1, XP_038711400.1, XP_038711401.1
OG0002200	GWHPDONJ006451	XP_038680767.1, XP_038709656.1, XP_038709657.1, XP_038709658.1
OG0002201	GWHPDONJ006458	XP_038681793.1, XP_038681794.1, XP_038683377.1, XP_038683378.1
OG0002202	GWHPDONJ006488	XP_038690861.1, XP_038691026.1, XP_038704489.1, XP_038704490.1
OG0002203	GWHPDONJ006523	XP_038712264.1, XP_038714499.1, XP_038722064.1, XP_038722066.1
OG0002204	GWHPDONJ006531	XP_038705367.1, XP_038713783.1, XP_038713784.1, XP_038713785.1
OG0002205	GWHPDONJ006536	XP_038694086.1, XP_038694087.1, XP_038705502.1, XP_038705503.1
OG0002206	GWHPDONJ006542	XP_038697285.1, XP_038702210.1, XP_038716019.1, XP_038717893.1
OG0002207	GWHPDONJ006585	XP_038698376.1, XP_038698377.1, XP_038711427.1, XP_038711428.1
OG0002208	GWHPDONJ006599	XP_038682372.1, XP_038682919.1, XP_038682920.1, XP_038682921.1
OG0002209	GWHPDONJ006603	XP_038695697.1, XP_038695698.1, XP_038695699.1, XP_038699802.1
OG0002210	GWHPDONJ006612	XP_038681712.1, XP_038683961.1, XP_038683962.1, XP_038683963.1
OG0002211	GWHPDONJ006631	XP_038681864.1, XP_038681866.1, XP_038709209.1, XP_038709210.1
OG0002212	GWHPDONJ006656	XP_038704048.1, XP_038704049.1, XP_038704050.1, XP_038704051.1
OG0002213	GWHPDONJ006754	XP_038689579.1, XP_038689580.1, XP_038689581.1, XP_038710662.1
OG0002214	GWHPDONJ006757	XP_038702059.1, XP_038702476.1, XP_038702477.1, XP_038702478.1
OG0002215	GWHPDONJ006824	XP_038694518.1, XP_038704385.1, XP_038713053.1, XP_038713054.1
OG0002216	GWHPDONJ006857	XP_038694216.1, XP_038694217.1, XP_038694218.1, XP_038694219.1
OG0002217	GWHPDONJ006862	XP_038679903.1, XP_038679904.1, XP_038689230.1, XP_038689744.1
OG0002218	GWHPDONJ006870	XP_038678654.1, XP_038680288.1, XP_038680289.1, XP_038686929.1
OG0002219	GWHPDONJ006871	XP_038688514.1, XP_038688515.1, XP_038688516.1, XP_038688517.1
OG0002220	GWHPDONJ006886	XP_038703938.1, XP_038703939.1, XP_038703944.1, XP_038703945.1
OG0002221	GWHPDONJ006899	XP_038679596.1, XP_038679597.1, XP_038679598.1, XP_038679599.1
OG0002222	GWHPDONJ006929	XP_038703437.1, XP_038703439.1, XP_038703440.1, XP_038713324.1
OG0002223	GWHPDONJ006934	XP_038713319.1, XP_038713320.1, XP_038713321.1, XP_038713322.1
OG0002224	GWHPDONJ006960	XP_038703234.1, XP_038703235.1, XP_038703236.1, XP_038714958.1
OG0002225	GWHPDONJ007006	XP_038679319.1, XP_038679320.1, XP_038679321.1, XP_038679322.1
OG0002226	GWHPDONJ007037	XP_038679143.1, XP_038679144.1, XP_038679780.1, XP_038679781.1
OG0002227	GWHPDONJ007044	XP_038679007.1, XP_038688316.1, XP_038688317.1, XP_038688318.1
OG0002228	GWHPDONJ007053	XP_038686826.1, XP_038686827.1, XP_038709061.1, XP_038709063.1
OG0002229	GWHPDONJ007054	XP_038682119.1, XP_038708598.1, XP_038709887.1, XP_038709888.1
OG0002230	GWHPDONJ007059	XP_038687220.1, XP_038687221.1, XP_038725047.1, XP_038725048.1
OG0002231	GWHPDONJ007079	XP_038680317.1, XP_038680318.1, XP_038680319.1, XP_038680320.1
OG0002232	GWHPDONJ007123	XP_038703987.1, XP_038703988.1, XP_038704076.1, XP_038704077.1
OG0002233	GWHPDONJ007166	XP_038725460.1, XP_038725462.1, XP_038725463.1, XP_038725464.1
OG0002234	GWHPDONJ007179	XP_038696795.1, XP_038701175.1, XP_038712211.1, XP_038712212.1
OG0002235	GWHPDONJ007199, GWHPDONJ008770	XP_038679865.1, XP_038687355.1, XP_038687356.1
OG0002236	GWHPDONJ007223	XP_038690320.1, XP_038690321.1, XP_038690322.1, XP_038712765.1
OG0002237	GWHPDONJ007230	XP_038680594.1, XP_038691549.1, XP_038691550.1, XP_038711258.1
OG0002238	GWHPDONJ007242	XP_038712393.1, XP_038712394.1, XP_038712395.1, XP_038712396.1
OG0002239	GWHPDONJ007276, GWHPDONJ008991	XP_038691723.1, XP_038691724.1, XP_038691725.1
OG0002240	GWHPDONJ007283	XP_038682903.1, XP_038685049.1, XP_038685050.1, XP_038712731.1
OG0002241	GWHPDONJ007352	XP_038698225.1, XP_038698226.1, XP_038698227.1, XP_038726092.1
OG0002242	GWHPDONJ007376	XP_038680131.1, XP_038680132.1, XP_038680133.1, XP_038680135.1
OG0002243	GWHPDONJ007430, GWHPDONJ008214	XP_038692608.1, XP_038714307.1, XP_038714308.1
OG0002244	GWHPDONJ007436	XP_038704456.1, XP_038704457.1, XP_038704458.1, XP_038715671.1
OG0002245	GWHPDONJ007449	XP_038704285.1, XP_038704286.1, XP_038704287.1, XP_038718177.1
OG0002246	GWHPDONJ007455	XP_038702944.1, XP_038702945.1, XP_038702946.1, XP_038704648.1
OG0002247	GWHPDONJ007464, GWHPDONJ010802	XP_038685778.1, XP_038690723.1, XP_038718725.1
OG0002248	GWHPDONJ007503	XP_038678481.1, XP_038698454.1, XP_038698455.1, XP_038700721.1
OG0002249	GWHPDONJ007517	XP_038689844.1, XP_038689845.1, XP_038709997.1, XP_038709998.1
OG0002250	GWHPDONJ007522	XP_038716395.1, XP_038716396.1, XP_038716397.1, XP_038716398.1
OG0002251	GWHPDONJ007543	XP_038695718.1, XP_038695719.1, XP_038698897.1, XP_038710210.1
OG0002252	GWHPDONJ007589	XP_038706120.1, XP_038706121.1, XP_038723361.1, XP_038723371.1
OG0002253	GWHPDONJ007594	XP_038685037.1, XP_038685038.1, XP_038688793.1, XP_038688794.1
OG0002254	GWHPDONJ007597	XP_038685057.1, XP_038685058.1, XP_038685059.1, XP_038690335.1
OG0002255	GWHPDONJ007609	XP_038704438.1, XP_038704439.1, XP_038714316.1, XP_038714317.1
OG0002256	GWHPDONJ007610	XP_038678854.1, XP_038687093.1, XP_038687094.1, XP_038725687.1
OG0002257	GWHPDONJ007614	XP_038688274.1, XP_038688275.1, XP_038688276.1, XP_038724551.1
OG0002258	GWHPDONJ007698	XP_038691218.1, XP_038691219.1, XP_038691771.1, XP_038714098.1
OG0002259	GWHPDONJ007717	XP_038691968.1, XP_038691969.1, XP_038691970.1, XP_038691971.1
OG0002260	GWHPDONJ007728	XP_038690224.1, XP_038690226.1, XP_038690227.1, XP_038690228.1
OG0002261	GWHPDONJ007758	XP_038723268.1, XP_038723275.1, XP_038723278.1, XP_038723285.1
OG0002262	GWHPDONJ007770	XP_038678778.1, XP_038678779.1, XP_038678780.1, XP_038678781.1
OG0002263	GWHPDONJ007794	XP_038691615.1, XP_038691616.1, XP_038691617.1, XP_038691618.1
OG0002264	GWHPDONJ007835	XP_038686416.1, XP_038718699.1, XP_038718700.1, XP_038718701.1
OG0002265	GWHPDONJ007849	XP_038680235.1, XP_038680236.1, XP_038680237.1, XP_038680238.1
OG0002266	GWHPDONJ007855	XP_038679653.1, XP_038679654.1, XP_038712201.1, XP_038712203.1
OG0002267	GWHPDONJ007874	XP_038704239.1, XP_038704240.1, XP_038714331.1, XP_038714862.1
OG0002268	GWHPDONJ007906	XP_038685430.1, XP_038686433.1, XP_038686434.1, XP_038709569.1
OG0002269	GWHPDONJ007916	XP_038684617.1, XP_038684618.1, XP_038684619.1, XP_038684620.1
OG0002270	GWHPDONJ007919	XP_038723645.1, XP_038723646.1, XP_038723647.1, XP_038723648.1
OG0002271	GWHPDONJ007938	XP_038704282.1, XP_038704290.1, XP_038704299.1, XP_038704307.1
OG0002272	GWHPDONJ008031	XP_038696039.1, XP_038696049.1, XP_038696057.1, XP_038702206.1
OG0002273	GWHPDONJ008032	XP_038708650.1, XP_038718877.1, XP_038718878.1, XP_038718879.1
OG0002274	GWHPDONJ008077	XP_038706765.1, XP_038706766.1, XP_038706767.1, XP_038706768.1
OG0002275	GWHPDONJ008078	XP_038698109.1, XP_038698110.1, XP_038698111.1, XP_038698112.1
OG0002276	GWHPDONJ008080	XP_038701249.1, XP_038701250.1, XP_038701251.1, XP_038719432.1
OG0002277	GWHPDONJ008098	XP_038693644.1, XP_038693652.1, XP_038720616.1, XP_038720617.1
OG0002278	GWHPDONJ008120	XP_038678574.1, XP_038678575.1, XP_038678576.1, XP_038700856.1
OG0002279	GWHPDONJ008130	XP_038697143.1, XP_038702439.1, XP_038718983.1, XP_038726227.1
OG0002280	GWHPDONJ008139	XP_038697407.1, XP_038697408.1, XP_038720969.1, XP_038720970.1
OG0002281	GWHPDONJ008140	XP_038697293.1, XP_038697294.1, XP_038720973.1, XP_038720974.1
OG0002282	GWHPDONJ008160	XP_038701485.1, XP_038701493.1, XP_038720107.1, XP_038720108.1
OG0002283	GWHPDONJ008218	XP_038699149.1, XP_038699150.1, XP_038711367.1, XP_038711368.1
OG0002284	GWHPDONJ008240	XP_038699261.1, XP_038711282.1, XP_038711283.1, XP_038711284.1
OG0002285	GWHPDONJ008265	XP_038696321.1, XP_038696322.1, XP_038712119.1, XP_038712120.1
OG0002286	GWHPDONJ008271, GWHPDONJ009516, GWHPDONJ010846	XP_038700036.1, XP_038700037.1
OG0002287	GWHPDONJ008298	XP_038696191.1, XP_038701139.1, XP_038701140.1, XP_038701142.1
OG0002288	GWHPDONJ008308	XP_038685817.1, XP_038688762.1, XP_038689982.1, XP_038715009.1
OG0002289	GWHPDONJ008335	XP_038682187.1, XP_038682188.1, XP_038682189.1, XP_038684016.1
OG0002290	GWHPDONJ008344	XP_038701061.1, XP_038701062.1, XP_038702369.1, XP_038712729.1
OG0002291	GWHPDONJ008352	XP_038687622.1, XP_038687623.1, XP_038687625.1, XP_038725825.1
OG0002292	GWHPDONJ008360	XP_038680030.1, XP_038725408.1, XP_038725410.1, XP_038725411.1
OG0002293	GWHPDONJ008365	XP_038688072.1, XP_038688073.1, XP_038725466.1, XP_038725467.1
OG0002294	GWHPDONJ008438	XP_038691245.1, XP_038691246.1, XP_038691247.1, XP_038691248.1
OG0002295	GWHPDONJ008445	XP_038713832.1, XP_038713833.1, XP_038717741.1, XP_038717742.1
OG0002296	GWHPDONJ008450	XP_038688293.1, XP_038713019.1, XP_038719725.1, XP_038723436.1
OG0002297	GWHPDONJ008458	XP_038685352.1, XP_038685353.1, XP_038685354.1, XP_038685355.1
OG0002298	GWHPDONJ008470	XP_038705471.1, XP_038707901.1, XP_038719301.1, XP_038720376.1
OG0002299	GWHPDONJ008472	XP_038701016.1, XP_038701017.1, XP_038711265.1, XP_038711266.1
OG0002300	GWHPDONJ008475	XP_038693570.1, XP_038706825.1, XP_038706826.1, XP_038706827.1
OG0002301	GWHPDONJ008517	XP_038715194.1, XP_038715195.1, XP_038715196.1, XP_038718252.1
OG0002302	GWHPDONJ008532	XP_038704825.1, XP_038704826.1, XP_038716310.1, XP_038716311.1
OG0002303	GWHPDONJ008538	XP_038696058.1, XP_038696059.1, XP_038698255.1, XP_038710987.1
OG0002304	GWHPDONJ008559	XP_038706244.1, XP_038706245.1, XP_038721432.1, XP_038721440.1
OG0002305	GWHPDONJ008578	XP_038695178.1, XP_038695179.1, XP_038725389.1, XP_038725390.1
OG0002306	GWHPDONJ008619	XP_038701565.1, XP_038701566.1, XP_038718741.1, XP_038718742.1
OG0002307	GWHPDONJ008630	XP_038687357.1, XP_038726021.1, XP_038726022.1, XP_038726023.1
OG0002308	GWHPDONJ008639	XP_038711853.1, XP_038711858.1, XP_038711865.1, XP_038711870.1
OG0002309	GWHPDONJ008662	XP_038683322.1, XP_038685183.1, XP_038708303.1, XP_038708304.1
OG0002310	GWHPDONJ008718	XP_038692561.1, XP_038718082.1, XP_038724342.1, XP_038724351.1
OG0002311	GWHPDONJ008725	XP_038696326.1, XP_038699893.1, XP_038699894.1, XP_038699895.1
OG0002312	GWHPDONJ008732	XP_038714442.1, XP_038714443.1, XP_038714444.1, XP_038714445.1
OG0002313	GWHPDONJ008762	XP_038678940.1, XP_038679201.1, XP_038680590.1, XP_038705421.1
OG0002314	GWHPDONJ008781	XP_038687168.1, XP_038724378.1, XP_038724379.1, XP_038724380.1
OG0002315	GWHPDONJ008818	XP_038713912.1, XP_038713921.1, XP_038713928.1, XP_038713945.1
OG0002316	GWHPDONJ008821	XP_038692234.1, XP_038692235.1, XP_038692236.1, XP_038712984.1
OG0002317	GWHPDONJ008823	XP_038700466.1, XP_038700467.1, XP_038712421.1, XP_038712422.1
OG0002318	GWHPDONJ008855	XP_038699175.1, XP_038699176.1, XP_038699177.1, XP_038699178.1
OG0002319	GWHPDONJ008901	XP_038689678.1, XP_038689680.1, XP_038689681.1, XP_038690239.1
OG0002320	GWHPDONJ008913	XP_038688651.1, XP_038710339.1, XP_038710340.1, XP_038710341.1
OG0002321	GWHPDONJ008935	XP_038688742.1, XP_038688743.1, XP_038691021.1, XP_038691022.1
OG0002322	GWHPDONJ008953	XP_038705707.1, XP_038705714.1, XP_038705723.1, XP_038723055.1
OG0002323	GWHPDONJ009009	XP_038688519.1, XP_038690194.1, XP_038710098.1, XP_038710099.1
OG0002324	GWHPDONJ009026	XP_038702932.1, XP_038702933.1, XP_038705315.1, XP_038705316.1
OG0002325	GWHPDONJ009027	XP_038686011.1, XP_038686012.1, XP_038691680.1, XP_038691681.1
OG0002326	GWHPDONJ009040	XP_038686216.1, XP_038686217.1, XP_038686218.1, XP_038690178.1
OG0002327	GWHPDONJ009101	XP_038703465.1, XP_038716997.1, XP_038716998.1, XP_038716999.1
OG0002328	GWHPDONJ009106	XP_038720800.1, XP_038722176.1, XP_038722177.1, XP_038722310.1
OG0002329	GWHPDONJ009135	XP_038686123.1, XP_038686124.1, XP_038686125.1, XP_038689818.1
OG0002330	GWHPDONJ009138	XP_038685656.1, XP_038689011.1, XP_038689012.1, XP_038692016.1
OG0002331	GWHPDONJ009180	XP_038710029.1, XP_038710030.1, XP_038710031.1, XP_038710032.1
OG0002332	GWHPDONJ009292	XP_038694966.1, XP_038694967.1, XP_038707044.1, XP_038707045.1
OG0002333	GWHPDONJ009350	XP_038693886.1, XP_038707433.1, XP_038720589.1, XP_038720598.1
OG0002334	GWHPDONJ009372	XP_038700197.1, XP_038700198.1, XP_038700199.1, XP_038724468.1
OG0002335	GWHPDONJ009416	XP_038713662.1, XP_038713663.1, XP_038717413.1, XP_038717414.1
OG0002336	GWHPDONJ009424	XP_038683517.1, XP_038683518.1, XP_038708985.1, XP_038708986.1
OG0002337	GWHPDONJ009439	XP_038692663.1, XP_038696132.1, XP_038696133.1, XP_038696134.1
OG0002338	GWHPDONJ009443	XP_038679267.1, XP_038687289.1, XP_038687329.1, XP_038725673.1
OG0002339	GWHPDONJ009469	XP_038685390.1, XP_038685391.1, XP_038722319.1, XP_038722320.1
OG0002340	GWHPDONJ009486	XP_038679149.1, XP_038679150.1, XP_038725076.1, XP_038725077.1
OG0002341	GWHPDONJ009490	XP_038688048.1, XP_038688049.1, XP_038724374.1, XP_038724375.1
OG0002342	GWHPDONJ009548	XP_038678767.1, XP_038712755.1, XP_038712756.1, XP_038712757.1
OG0002343	GWHPDONJ009568	XP_038692913.1, XP_038717786.1, XP_038717787.1, XP_038717788.1
OG0002344	GWHPDONJ009588	XP_038680792.1, XP_038680793.1, XP_038680794.1, XP_038680795.1
OG0002345	GWHPDONJ009614	XP_038682473.1, XP_038682474.1, XP_038682475.1, XP_038682476.1
OG0002346	GWHPDONJ009624	XP_038709064.1, XP_038713587.1, XP_038713588.1, XP_038713589.1
OG0002347	GWHPDONJ009625	XP_038682793.1, XP_038682794.1, XP_038682795.1, XP_038682796.1
OG0002348	GWHPDONJ009668	XP_038712494.1, XP_038712983.1, XP_038723599.1, XP_038723608.1
OG0002349	GWHPDONJ009702	XP_038686234.1, XP_038720894.1, XP_038725039.1, XP_038725265.1
OG0002350	GWHPDONJ009722	XP_038695742.1, XP_038695743.1, XP_038695744.1, XP_038695745.1
OG0002351	GWHPDONJ009736	XP_038698173.1, XP_038698174.1, XP_038698175.1, XP_038698176.1
OG0002352	GWHPDONJ009743	XP_038713726.1, XP_038713727.1, XP_038713728.1, XP_038713729.1
OG0002353	GWHPDONJ009750	XP_038718675.1, XP_038718676.1, XP_038718677.1, XP_038718678.1
OG0002354	GWHPDONJ009758	XP_038718131.1, XP_038718132.1, XP_038718133.1, XP_038718134.1
OG0002355	GWHPDONJ009775	XP_038695576.1, XP_038695577.1, XP_038698796.1, XP_038698797.1
OG0002356	GWHPDONJ009796	XP_038707148.1, XP_038722788.1, XP_038722789.1, XP_038722790.1
OG0002357	GWHPDONJ009801	XP_038719547.1, XP_038719549.1, XP_038719550.1, XP_038719551.1
OG0002358	GWHPDONJ009817	XP_038682342.1, XP_038682414.1, XP_038721811.1, XP_038721812.1
OG0002359	GWHPDONJ009827	XP_038721434.1, XP_038721435.1, XP_038723070.1, XP_038724193.1
OG0002360	GWHPDONJ009852	XP_038722363.1, XP_038722364.1, XP_038722365.1, XP_038722366.1
OG0002361	GWHPDONJ009855	XP_038721170.1, XP_038721171.1, XP_038722629.1, XP_038722630.1
OG0002362	GWHPDONJ009857	XP_038718694.1, XP_038722238.1, XP_038722239.1, XP_038722240.1
OG0002363	GWHPDONJ009860	XP_038685567.1, XP_038709113.1, XP_038709114.1, XP_038709115.1
OG0002364	GWHPDONJ009945	XP_038706621.1, XP_038723524.1, XP_038723525.1, XP_038723526.1
OG0002365	GWHPDONJ009963	XP_038720572.1, XP_038720573.1, XP_038723145.1, XP_038723205.1
OG0002366	GWHPDONJ009994	XP_038701969.1, XP_038701977.1, XP_038721544.1, XP_038721545.1
OG0002367	GWHPDONJ010007	XP_038693300.1, XP_038693317.1, XP_038693320.1, XP_038713972.1
OG0002368	GWHPDONJ010010	XP_038680145.1, XP_038680146.1, XP_038690870.1, XP_038690871.1
OG0002369	GWHPDONJ010019	XP_038686947.1, XP_038686948.1, XP_038686950.1, XP_038725138.1
OG0002370	GWHPDONJ010020	XP_038694662.1, XP_038694663.1, XP_038705122.1, XP_038705123.1
OG0002371	GWHPDONJ010036	XP_038694735.1, XP_038703818.1, XP_038703819.1, XP_038703820.1
OG0002372	GWHPDONJ010042	XP_038694742.1, XP_038704141.1, XP_038713671.1, XP_038713672.1
OG0002373	GWHPDONJ010064	XP_038689811.1, XP_038689812.1, XP_038689813.1, XP_038691069.1
OG0002374	GWHPDONJ010090	XP_038693780.1, XP_038693835.1, XP_038721829.1, XP_038721830.1
OG0002375	GWHPDONJ010091	XP_038703351.1, XP_038703352.1, XP_038703354.1, XP_038703355.1
OG0002376	GWHPDONJ010097	XP_038688845.1, XP_038688846.1, XP_038694480.1, XP_038712809.1
OG0002377	GWHPDONJ010104	XP_038692005.1, XP_038692006.1, XP_038692007.1, XP_038692009.1
OG0002378	GWHPDONJ010119, GWHPDONJ010212	XP_038685743.1, XP_038685748.1, XP_038685752.1
OG0002379	GWHPDONJ010123	XP_038700129.1, XP_038709992.1, XP_038716222.1, XP_038718521.1
OG0002380	GWHPDONJ010127	XP_038686462.1, XP_038686463.1, XP_038709231.1, XP_038709232.1
OG0002381	GWHPDONJ010128	XP_038717895.1, XP_038717896.1, XP_038717897.1, XP_038717898.1
OG0002382	GWHPDONJ010166	XP_038696886.1, XP_038696887.1, XP_038710799.1, XP_038710800.1
OG0002383	GWHPDONJ010230	XP_038693704.1, XP_038714069.1, XP_038718054.1, XP_038718056.1
OG0002384	GWHPDONJ010242	XP_038717104.1, XP_038717105.1, XP_038717106.1, XP_038717107.1
OG0002385	GWHPDONJ010283	XP_038693926.1, XP_038693927.1, XP_038707917.1, XP_038707918.1
OG0002386	GWHPDONJ010298	XP_038684493.1, XP_038684502.1, XP_038721667.1, XP_038721668.1
OG0002387	GWHPDONJ010310	XP_038705427.1, XP_038705428.1, XP_038705429.1, XP_038705430.1
OG0002388	GWHPDONJ010332	XP_038691794.1, XP_038691801.1, XP_038701729.1, XP_038701730.1
OG0002389	GWHPDONJ010340, GWHPDONJ010341	XP_038687215.1, XP_038725377.1, XP_038725378.1
OG0002390	GWHPDONJ010391	XP_038686799.1, XP_038688506.1, XP_038694509.1, XP_038717171.1
OG0002391	GWHPDONJ010423	XP_038720104.1, XP_038722965.1, XP_038722966.1, XP_038722967.1
OG0002392	GWHPDONJ010451	XP_038680393.1, XP_038687942.1, XP_038687943.1, XP_038687944.1
OG0002393	GWHPDONJ010462	XP_038682672.1, XP_038682673.1, XP_038682674.1, XP_038682675.1
OG0002394	GWHPDONJ010477	XP_038698274.1, XP_038698502.1, XP_038707548.1, XP_038707549.1
OG0002395	GWHPDONJ010484	XP_038724838.1, XP_038724839.1, XP_038724840.1, XP_038724841.1
OG0002396	GWHPDONJ010491	XP_038686251.1, XP_038686720.1, XP_038688020.1, XP_038724848.1
OG0002397	GWHPDONJ010500	XP_038693248.1, XP_038703326.1, XP_038703327.1, XP_038713586.1
OG0002398	GWHPDONJ010503	XP_038693571.1, XP_038693572.1, XP_038693573.1, XP_038693574.1
OG0002399	GWHPDONJ010509	XP_038706640.1, XP_038706641.1, XP_038706642.1, XP_038706643.1
OG0002400	GWHPDONJ010514, GWHPDONJ010516	XP_038694473.1, XP_038694474.1, XP_038707953.1
OG0002401	GWHPDONJ010517	XP_038692785.1, XP_038692786.1, XP_038692787.1, XP_038706124.1
OG0002402	GWHPDONJ010546	XP_038707455.1, XP_038707456.1, XP_038707457.1, XP_038725363.1
OG0002403	GWHPDONJ010585	XP_038696258.1, XP_038699956.1, XP_038699957.1, XP_038711198.1
OG0002404	GWHPDONJ010619	XP_038715766.1, XP_038715767.1, XP_038715768.1, XP_038715769.1
OG0002405	GWHPDONJ010628	XP_038720459.1, XP_038720460.1, XP_038720461.1, XP_038720462.1
OG0002406	GWHPDONJ010633	XP_038710542.1, XP_038710543.1, XP_038710544.1, XP_038710545.1
OG0002407	GWHPDONJ010634	XP_038694789.1, XP_038711153.1, XP_038714106.1, XP_038714107.1
OG0002408	GWHPDONJ010717, GWHPDONJ010718	XP_038695956.1, XP_038700674.1, XP_038700675.1
OG0002409	GWHPDONJ010754	XP_038695690.1, XP_038702940.1, XP_038715141.1, XP_038717633.1
OG0002410	GWHPDONJ010755	XP_038697755.1, XP_038697824.1, XP_038721845.1, XP_038721846.1
OG0002411	GWHPDONJ010774	XP_038694983.1, XP_038694984.1, XP_038694985.1, XP_038694990.1
OG0002412	GWHPDONJ010800	XP_038695135.1, XP_038695136.1, XP_038695138.1, XP_038695139.1
OG0002413	GWHPDONJ010801	XP_038715722.1, XP_038715723.1, XP_038715724.1, XP_038715725.1
OG0002414	GWHPDONJ010827	XP_038680225.1, XP_038680226.1, XP_038714408.1, XP_038726315.1
OG0002415	GWHPDONJ010844	XP_038707990.1, XP_038707991.1, XP_038719155.1, XP_038719162.1
OG0002416	GWHPDONJ010881	XP_038695513.1, XP_038695514.1, XP_038700404.1, XP_038710644.1
OG0002417	GWHPDONJ010891	XP_038723114.1, XP_038723116.1, XP_038723117.1, XP_038723118.1
OG0002418	Null	XP_038678398.1, XP_038685757.1, XP_038711817.1, XP_038719872.1, XP_038722028.1
OG0002419	Null	XP_038678415.1, XP_038678421.1, XP_038710186.1, XP_038710302.1, XP_038724467.1
OG0002420	Null	XP_038678429.1, XP_038695662.1, XP_038695663.1, XP_038695665.1, XP_038700442.1
OG0002421	Null	XP_038678451.1, XP_038693629.1, XP_038703298.1, XP_038704185.1, XP_038713012.1
OG0002422	Null	XP_038678459.1, XP_038681989.1, XP_038684196.1, XP_038695559.1, XP_038724292.1
OG0002423	Null	XP_038678530.1, XP_038687253.1, XP_038687254.1, XP_038700186.1, XP_038700187.1
OG0002424	Null	XP_038678560.1, XP_038684079.1, XP_038699317.1, XP_038699318.1, XP_038724796.1
OG0002425	Null	XP_038678634.1, XP_038678635.1, XP_038678636.1, XP_038700091.1, XP_038700092.1
OG0002426	Null	XP_038678638.1, XP_038679172.1, XP_038687765.1, XP_038695348.1, XP_038700988.1
OG0002427	Null	XP_038678684.1, XP_038724451.1, XP_038726267.1, XP_038726313.1, XP_038726354.1
OG0002428	Null	XP_038678728.1, XP_038699546.1, XP_038724984.1, XP_038724986.1, XP_038725978.1
OG0002429	Null	XP_038678746.1, XP_038678747.1, XP_038678748.1, XP_038678749.1, XP_038678750.1
OG0002430	Null	XP_038678807.1, XP_038678808.1, XP_038680293.1, XP_038680294.1, XP_038725072.1
OG0002431	Null	XP_038679152.1, XP_038682645.1, XP_038682925.1, XP_038686823.1, XP_038688176.1
OG0002432	Null	XP_038679189.1, XP_038694900.1, XP_038694901.1, XP_038694903.1, XP_038694904.1
OG0002433	Null	XP_038679244.1, XP_038679253.1, XP_038679259.1, XP_038679265.1, XP_038707603.1
OG0002434	Null	XP_038679252.1, XP_038679254.1, XP_038679255.1, XP_038692811.1, XP_038717021.1
OG0002435	Null	XP_038679290.1, XP_038679291.1, XP_038711078.1, XP_038711079.1, XP_038711080.1
OG0002436	Null	XP_038679334.1, XP_038679335.1, XP_038679336.1, XP_038679338.1, XP_038679339.1
OG0002437	Null	XP_038679360.1, XP_038679528.1, XP_038681900.1, XP_038692312.1, XP_038717807.1
OG0002438	Null	XP_038679412.1, XP_038688265.1, XP_038688266.1, XP_038698009.1, XP_038719839.1
OG0002439	Null	XP_038679417.1, XP_038688179.1, XP_038692106.1, XP_038722106.1, XP_038725586.1
OG0002440	Null	XP_038679498.1, XP_038679502.1, XP_038679808.1, XP_038679809.1, XP_038706692.1
OG0002441	Null	XP_038679501.1, XP_038681308.1, XP_038681521.1, XP_038687187.1, XP_038725032.1
OG0002442	Null	XP_038679558.1, XP_038689422.1, XP_038689712.1, XP_038690616.1, XP_038721312.1
OG0002443	Null	XP_038679565.1, XP_038679566.1, XP_038697380.1, XP_038720984.1, XP_038725612.1
OG0002444	Null	XP_038679575.1, XP_038679576.1, XP_038679577.1, XP_038679578.1, XP_038679579.1
OG0002445	Null	XP_038679609.1, XP_038688113.1, XP_038690130.1, XP_038697426.1, XP_038706249.1
OG0002446	Null	XP_038679614.1, XP_038688836.1, XP_038714636.1, XP_038718213.1, XP_038725049.1
OG0002447	Null	XP_038679646.1, XP_038704363.1, XP_038720023.1, XP_038722160.1, XP_038723441.1
OG0002448	Null	XP_038679752.1, XP_038679753.1, XP_038679754.1, XP_038679755.1, XP_038679756.1
OG0002449	Null	XP_038679763.1, XP_038679773.1, XP_038706593.1, XP_038706594.1, XP_038706595.1
OG0002450	Null	XP_038679821.1, XP_038679822.1, XP_038679824.1, XP_038679825.1, XP_038689151.1
OG0002451	Null	XP_038679856.1, XP_038679857.1, XP_038679858.1, XP_038711072.1, XP_038711073.1
OG0002452	Null	XP_038679967.1, XP_038679976.1, XP_038679984.1, XP_038695918.1, XP_038699083.1
OG0002453	Null	XP_038680075.1, XP_038694429.1, XP_038704467.1, XP_038711443.1, XP_038713687.1
OG0002454	Null	XP_038680082.1, XP_038680137.1, XP_038700298.1, XP_038705044.1, XP_038724290.1
OG0002455	Null	XP_038680186.1, XP_038689883.1, XP_038691664.1, XP_038691818.1, XP_038713480.1
OG0002456	Null	XP_038680201.1, XP_038680210.1, XP_038682331.1, XP_038683114.1, XP_038688221.1
OG0002457	Null	XP_038680330.1, XP_038680331.1, XP_038680332.1, XP_038680333.1, XP_038680335.1
OG0002458	Null	XP_038680355.1, XP_038691584.1, XP_038712549.1, XP_038712550.1, XP_038716802.1
OG0002459	Null	XP_038680408.1, XP_038682926.1, XP_038687345.1, XP_038708157.1, XP_038724484.1
OG0002460	Null	XP_038680419.1, XP_038688233.1, XP_038701254.1, XP_038721508.1, XP_038724588.1
OG0002461	Null	XP_038680439.1, XP_038687337.1, XP_038698041.1, XP_038702440.1, XP_038705711.1
OG0002462	Null	XP_038680495.1, XP_038680505.1, XP_038680550.1, XP_038680552.1, XP_038723952.1
OG0002463	Null	XP_038680511.1, XP_038680513.1, XP_038680515.1, XP_038680516.1, XP_038680517.1
OG0002464	Null	XP_038680624.1, XP_038680625.1, XP_038708033.1, XP_038708034.1, XP_038708035.1
OG0002465	Null	XP_038680669.1, XP_038680680.1, XP_038681992.1, XP_038705370.1, XP_038705909.1
OG0002466	Null	XP_038680725.1, XP_038684957.1, XP_038684958.1, XP_038708761.1, XP_038708762.1
OG0002467	Null	XP_038680756.1, XP_038680757.1, XP_038680759.1, XP_038684746.1, XP_038684747.1
OG0002468	Null	XP_038680775.1, XP_038696589.1, XP_038696590.1, XP_038710855.1, XP_038710856.1
OG0002469	Null	XP_038680807.1, XP_038681081.1, XP_038691893.1, XP_038691894.1, XP_038709882.1
OG0002470	Null	XP_038680814.1, XP_038680815.1, XP_038684262.1, XP_038684263.1, XP_038686502.1
OG0002471	Null	XP_038680863.1, XP_038696372.1, XP_038717831.1, XP_038717910.1, XP_038725823.1
OG0002472	Null	XP_038681064.1, XP_038681065.1, XP_038681066.1, XP_038709049.1, XP_038709051.1
OG0002473	Null	XP_038681084.1, XP_038681085.1, XP_038681086.1, XP_038681088.1, XP_038683397.1
OG0002474	Null	XP_038681087.1, XP_038693348.1, XP_038707146.1, XP_038707605.1, XP_038721176.1
OG0002475	Null	XP_038681096.1, XP_038681097.1, XP_038681098.1, XP_038681099.1, XP_038694162.1
OG0002476	Null	XP_038681202.1, XP_038681203.1, XP_038684303.1, XP_038715085.1, XP_038717027.1
OG0002477	Null	XP_038681286.1, XP_038700072.1, XP_038708439.1, XP_038711657.1, XP_038711658.1
OG0002478	Null	XP_038681474.1, XP_038681475.1, XP_038683570.1, XP_038683571.1, XP_038683572.1
OG0002479	Null	XP_038681508.1, XP_038688005.1, XP_038696557.1, XP_038719813.1, XP_038720427.1
OG0002480	Null	XP_038681512.1, XP_038682987.1, XP_038688137.1, XP_038709615.1, XP_038726196.1
OG0002481	Null	XP_038681524.1, XP_038694421.1, XP_038723315.1, XP_038723323.1, XP_038723329.1
OG0002482	Null	XP_038681600.1, XP_038681602.1, XP_038681603.1, XP_038681604.1, XP_038681605.1
OG0002483	Null	XP_038681695.1, XP_038703568.1, XP_038706839.1, XP_038715501.1, XP_038717409.1
OG0002484	Null	XP_038681705.1, XP_038681706.1, XP_038681707.1, XP_038684164.1, XP_038684165.1
OG0002485	Null	XP_038681764.1, XP_038683689.1, XP_038706048.1, XP_038709607.1, XP_038709608.1
OG0002486	Null	XP_038681797.1, XP_038681798.1, XP_038681799.1, XP_038681800.1, XP_038681801.1
OG0002487	Null	XP_038681821.1, XP_038695220.1, XP_038706557.1, XP_038706558.1, XP_038706560.1
OG0002488	Null	XP_038681870.1, XP_038681871.1, XP_038686370.1, XP_038686371.1, XP_038686372.1
OG0002489	Null	XP_038681874.1, XP_038681875.1, XP_038681876.1, XP_038681878.1, XP_038681879.1
OG0002490	Null	XP_038681904.1, XP_038709518.1, XP_038709519.1, XP_038709520.1, XP_038709521.1
OG0002491	Null	XP_038682049.1, XP_038691909.1, XP_038697898.1, XP_038697899.1, XP_038697900.1
OG0002492	Null	XP_038682051.1, XP_038684070.1, XP_038684071.1, XP_038684072.1, XP_038705522.1
OG0002493	Null	XP_038682226.1, XP_038682227.1, XP_038684904.1, XP_038701833.1, XP_038709893.1
OG0002494	Null	XP_038682271.1, XP_038682272.1, XP_038683475.1, XP_038683476.1, XP_038683477.1
OG0002495	Null	XP_038682356.1, XP_038709837.1, XP_038716073.1, XP_038717275.1, XP_038717276.1
OG0002496	Null	XP_038682361.1, XP_038682362.1, XP_038682363.1, XP_038709158.1, XP_038709159.1
OG0002497	Null	XP_038682412.1, XP_038684610.1, XP_038684611.1, XP_038709019.1, XP_038709020.1
OG0002498	Null	XP_038682444.1, XP_038708307.1, XP_038708309.1, XP_038708310.1, XP_038709606.1
OG0002499	Null	XP_038682464.1, XP_038704939.1, XP_038708816.1, XP_038716304.1, XP_038717143.1
OG0002500	Null	XP_038682480.1, XP_038682481.1, XP_038683226.1, XP_038690199.1, XP_038690200.1
OG0002501	Null	XP_038682656.1, XP_038682657.1, XP_038684014.1, XP_038714258.1, XP_038719445.1
OG0002502	Null	XP_038682688.1, XP_038684792.1, XP_038684793.1, XP_038709755.1, XP_038709756.1
OG0002503	Null	XP_038682732.1, XP_038682740.1, XP_038682747.1, XP_038690003.1, XP_038690004.1
OG0002504	Null	XP_038682761.1, XP_038682762.1, XP_038682907.1, XP_038682908.1, XP_038682909.1
OG0002505	Null	XP_038682783.1, XP_038695389.1, XP_038695393.1, XP_038696842.1, XP_038725073.1
OG0002506	Null	XP_038682848.1, XP_038682849.1, XP_038708213.1, XP_038708214.1, XP_038708216.1
OG0002507	Null	XP_038682899.1, XP_038682900.1, XP_038682901.1, XP_038682902.1, XP_038708266.1
OG0002508	Null	XP_038682933.1, XP_038684418.1, XP_038685794.1, XP_038689642.1, XP_038703813.1
OG0002509	Null	XP_038683038.1, XP_038684024.1, XP_038695777.1, XP_038698326.1, XP_038699525.1
OG0002510	Null	XP_038683091.1, XP_038685125.1, XP_038685126.1, XP_038709482.1, XP_038709483.1
OG0002511	Null	XP_038683212.1, XP_038705334.1, XP_038708037.1, XP_038714693.1, XP_038716799.1
OG0002512	Null	XP_038683244.1, XP_038708340.1, XP_038709008.1, XP_038709764.1, XP_038709863.1
OG0002513	Null	XP_038683292.1, XP_038683293.1, XP_038683294.1, XP_038720395.1, XP_038720396.1
OG0002514	Null	XP_038683321.1, XP_038698876.1, XP_038698878.1, XP_038698879.1, XP_038698880.1
OG0002515	Null	XP_038683457.1, XP_038683458.1, XP_038684504.1, XP_038684908.1, XP_038723916.1
OG0002516	Null	XP_038683472.1, XP_038683473.1, XP_038683474.1, XP_038708659.1, XP_038708660.1
OG0002517	Null	XP_038683769.1, XP_038683770.1, XP_038683771.1, XP_038709555.1, XP_038709556.1
OG0002518	Null	XP_038683777.1, XP_038686224.1, XP_038696566.1, XP_038704125.1, XP_038725547.1
OG0002519	Null	XP_038683856.1, XP_038685814.1, XP_038704660.1, XP_038714543.1, XP_038714544.1
OG0002520	Null	XP_038683864.1, XP_038690426.1, XP_038695434.1, XP_038697057.1, XP_038697883.1
OG0002521	Null	XP_038683900.1, XP_038696189.1, XP_038696190.1, XP_038719224.1, XP_038719225.1
OG0002522	Null	XP_038684049.1, XP_038691146.1, XP_038691359.1, XP_038712195.1, XP_038714570.1
OG0002523	Null	XP_038684390.1, XP_038684391.1, XP_038696253.1, XP_038714892.1, XP_038716650.1
OG0002524	Null	XP_038684420.1, XP_038688454.1, XP_038688735.1, XP_038691797.1, XP_038700655.1
OG0002525	Null	XP_038684421.1, XP_038684422.1, XP_038684423.1, XP_038685841.1, XP_038709391.1
OG0002526	Null	XP_038684500.1, XP_038684501.1, XP_038684503.1, XP_038686132.1, XP_038725655.1
OG0002527	Null	XP_038684612.1, XP_038685904.1, XP_038685905.1, XP_038709167.1, XP_038709168.1
OG0002528	Null	XP_038684722.1, XP_038697754.1, XP_038705060.1, XP_038705061.1, XP_038716539.1
OG0002529	Null	XP_038684724.1, XP_038684726.1, XP_038708749.1, XP_038708750.1, XP_038708752.1
OG0002530	Null	XP_038684762.1, XP_038686762.1, XP_038690046.1, XP_038719685.1, XP_038722442.1
OG0002531	Null	XP_038684803.1, XP_038684804.1, XP_038684805.1, XP_038684806.1, XP_038684807.1
OG0002532	Null	XP_038684890.1, XP_038686243.1, XP_038700851.1, XP_038712529.1, XP_038718646.1
OG0002533	Null	XP_038684961.1, XP_038684962.1, XP_038684963.1, XP_038684964.1, XP_038684965.1
OG0002534	Null	XP_038684989.1, XP_038684990.1, XP_038685802.1, XP_038708036.1, XP_038709547.1
OG0002535	Null	XP_038685039.1, XP_038685040.1, XP_038688922.1, XP_038688923.1, XP_038690858.1
OG0002536	Null	XP_038685045.1, XP_038689331.1, XP_038718653.1, XP_038718654.1, XP_038718655.1
OG0002537	Null	XP_038685098.1, XP_038685099.1, XP_038685100.1, XP_038690822.1, XP_038690823.1
OG0002538	Null	XP_038685108.1, XP_038685109.1, XP_038685110.1, XP_038690828.1, XP_038690829.1
OG0002539	Null	XP_038685202.1, XP_038689127.1, XP_038689128.1, XP_038689505.1, XP_038691343.1
OG0002540	Null	XP_038685267.1, XP_038685268.1, XP_038709871.1, XP_038715313.1, XP_038717227.1
OG0002541	Null	XP_038685302.1, XP_038689304.1, XP_038689431.1, XP_038691430.1, XP_038711339.1
OG0002542	Null	XP_038685337.1, XP_038703306.1, XP_038714680.1, XP_038714682.1, XP_038719954.1
OG0002543	Null	XP_038685341.1, XP_038685342.1, XP_038685343.1, XP_038709077.1, XP_038709078.1
OG0002544	Null	XP_038685387.1, XP_038685605.1, XP_038685606.1, XP_038686713.1, XP_038686714.1
OG0002545	Null	XP_038685403.1, XP_038705745.1, XP_038705879.1, XP_038719535.1, XP_038724188.1
OG0002546	Null	XP_038685574.1, XP_038724581.1, XP_038724582.1, XP_038724584.1, XP_038724585.1
OG0002547	Null	XP_038685614.1, XP_038690756.1, XP_038691649.1, XP_038708741.1, XP_038711915.1
OG0002548	Null	XP_038685638.1, XP_038685639.1, XP_038685640.1, XP_038685641.1, XP_038685642.1
OG0002549	Null	XP_038685705.1, XP_038685706.1, XP_038685707.1, XP_038686667.1, XP_038688884.1
OG0002550	Null	XP_038685761.1, XP_038695475.1, XP_038708525.1, XP_038715096.1, XP_038722018.1
OG0002551	Null	XP_038685835.1, XP_038685836.1, XP_038685837.1, XP_038691626.1, XP_038691627.1
OG0002552	Null	XP_038685859.1, XP_038685860.1, XP_038685861.1, XP_038685862.1, XP_038726115.1
OG0002553	Null	XP_038686056.1, XP_038692313.1, XP_038702354.1, XP_038705494.1, XP_038720789.1
OG0002554	Null	XP_038686081.1, XP_038701886.1, XP_038723229.1, XP_038723230.1, XP_038723231.1
OG0002555	Null	XP_038686114.1, XP_038686115.1, XP_038686116.1, XP_038686117.1, XP_038691621.1
OG0002556	Null	XP_038686127.1, XP_038686128.1, XP_038708047.1, XP_038708048.1, XP_038708049.1
OG0002557	Null	XP_038686260.1, XP_038691798.1, XP_038697910.1, XP_038702194.1, XP_038705193.1
OG0002558	Null	XP_038686320.1, XP_038686321.1, XP_038686322.1, XP_038686323.1, XP_038686324.1
OG0002559	Null	XP_038686347.1, XP_038689166.1, XP_038703707.1, XP_038711010.1, XP_038714215.1
OG0002560	Null	XP_038686351.1, XP_038686352.1, XP_038686353.1, XP_038686354.1, XP_038716245.1
OG0002561	Null	XP_038686513.1, XP_038687359.1, XP_038691579.1, XP_038708377.1, XP_038721061.1
OG0002562	Null	XP_038686528.1, XP_038686529.1, XP_038690430.1, XP_038690431.1, XP_038690432.1
OG0002563	Null	XP_038686571.1, XP_038690582.1, XP_038690583.1, XP_038690584.1, XP_038690586.1
OG0002564	Null	XP_038686642.1, XP_038687441.1, XP_038687446.1, XP_038687559.1, XP_038697968.1
OG0002565	Null	XP_038686648.1, XP_038686649.1, XP_038689459.1, XP_038689460.1, XP_038711594.1
OG0002566	Null	XP_038686710.1, XP_038686711.1, XP_038686830.1, XP_038708274.1, XP_038708275.1
OG0002567	Null	XP_038686726.1, XP_038688470.1, XP_038699044.1, XP_038719226.1, XP_038719986.1
OG0002568	Null	XP_038686801.1, XP_038692682.1, XP_038693822.1, XP_038707152.1, XP_038707155.1
OG0002569	Null	XP_038686832.1, XP_038703055.1, XP_038715158.1, XP_038723803.1, XP_038723804.1
OG0002570	Null	XP_038686860.1, XP_038686861.1, XP_038701571.1, XP_038701572.1, XP_038718703.1
OG0002571	Null	XP_038687056.1, XP_038687057.1, XP_038687058.1, XP_038687059.1, XP_038687060.1
OG0002572	Null	XP_038687096.1, XP_038690181.1, XP_038692019.1, XP_038711634.1, XP_038724505.1
OG0002573	Null	XP_038687108.1, XP_038687109.1, XP_038687110.1, XP_038687111.1, XP_038687112.1
OG0002574	Null	XP_038687161.1, XP_038703273.1, XP_038714787.1, XP_038714788.1, XP_038725596.1
OG0002575	Null	XP_038687255.1, XP_038724967.1, XP_038724968.1, XP_038724970.1, XP_038724971.1
OG0002576	Null	XP_038687375.1, XP_038703196.1, XP_038703197.1, XP_038704946.1, XP_038713888.1
OG0002577	Null	XP_038687388.1, XP_038689839.1, XP_038719438.1, XP_038725163.1, XP_038725164.1
OG0002578	Null	XP_038687503.1, XP_038700821.1, XP_038711864.1, XP_038714128.1, XP_038718175.1
OG0002579	Null	XP_038687575.1, XP_038688390.1, XP_038692933.1, XP_038696363.1, XP_038696521.1
OG0002580	Null	XP_038687589.1, XP_038688807.1, XP_038689145.1, XP_038689146.1, XP_038711029.1
OG0002581	Null	XP_038687594.1, XP_038687595.1, XP_038687883.1, XP_038687884.1, XP_038724622.1
OG0002582	Null	XP_038687627.1, XP_038687628.1, XP_038725801.1, XP_038725802.1, XP_038725803.1
OG0002583	Null	XP_038687937.1, XP_038687939.1, XP_038702154.1, XP_038705171.1, XP_038705180.1
OG0002584	Null	XP_038687960.1, XP_038687961.1, XP_038687962.1, XP_038699355.1, XP_038699356.1
OG0002585	Null	XP_038688102.1, XP_038704921.1, XP_038725401.1, XP_038725402.1, XP_038725403.1
OG0002586	Null	XP_038688187.1, XP_038688188.1, XP_038688189.1, XP_038724818.1, XP_038724819.1
OG0002587	Null	XP_038688295.1, XP_038714365.1, XP_038716704.1, XP_038718211.1, XP_038718520.1
OG0002588	Null	XP_038688398.1, XP_038697542.1, XP_038707204.1, XP_038715147.1, XP_038718110.1
OG0002589	Null	XP_038688422.1, XP_038726392.1, XP_038726393.1, XP_038726394.1, XP_038726395.1
OG0002590	Null	XP_038688474.1, XP_038700201.1, XP_038700805.1, XP_038710169.1, XP_038710170.1
OG0002591	Null	XP_038688558.1, XP_038688559.1, XP_038688560.1, XP_038688563.1, XP_038699622.1
OG0002592	Null	XP_038688598.1, XP_038692777.1, XP_038692778.1, XP_038692779.1, XP_038692780.1
OG0002593	Null	XP_038688657.1, XP_038693672.1, XP_038697202.1, XP_038698073.1, XP_038701839.1
OG0002594	Null	XP_038688818.1, XP_038688966.1, XP_038688967.1, XP_038688968.1, XP_038688969.1
OG0002595	Null	XP_038688900.1, XP_038689933.1, XP_038697424.1, XP_038704830.1, XP_038711738.1
OG0002596	Null	XP_038688926.1, XP_038689260.1, XP_038689261.1, XP_038705382.1, XP_038721147.1
OG0002597	Null	XP_038688953.1, XP_038691320.1, XP_038691321.1, XP_038691322.1, XP_038691323.1
OG0002598	Null	XP_038689107.1, XP_038689108.1, XP_038690019.1, XP_038690020.1, XP_038691730.1
OG0002599	Null	XP_038689236.1, XP_038689237.1, XP_038689238.1, XP_038701996.1, XP_038717677.1
OG0002600	Null	XP_038689246.1, XP_038689247.1, XP_038689248.1, XP_038689249.1, XP_038689250.1
OG0002601	Null	XP_038689274.1, XP_038689382.1, XP_038695920.1, XP_038699084.1, XP_038711199.1
OG0002602	Null	XP_038689388.1, XP_038689389.1, XP_038706367.1, XP_038706368.1, XP_038706369.1
OG0002603	Null	XP_038689395.1, XP_038689396.1, XP_038690309.1, XP_038691928.1, XP_038691929.1
OG0002604	Null	XP_038689421.1, XP_038716392.1, XP_038718469.1, XP_038718470.1, XP_038721546.1
OG0002605	Null	XP_038689438.1, XP_038689755.1, XP_038718798.1, XP_038718799.1, XP_038722569.1
OG0002606	Null	XP_038689492.1, XP_038691526.1, XP_038691882.1, XP_038710377.1, XP_038710378.1
OG0002607	Null	XP_038689586.1, XP_038698067.1, XP_038720783.1, XP_038720786.1, XP_038720787.1
OG0002608	Null	XP_038689620.1, XP_038689621.1, XP_038689622.1, XP_038689623.1, XP_038689624.1
OG0002609	Null	XP_038689735.1, XP_038689736.1, XP_038690851.1, XP_038691491.1, XP_038717183.1
OG0002610	Null	XP_038689853.1, XP_038697694.1, XP_038697695.1, XP_038715087.1, XP_038717384.1
OG0002611	Null	XP_038690041.1, XP_038690042.1, XP_038690043.1, XP_038690492.1, XP_038710622.1
OG0002612	Null	XP_038690095.1, XP_038690096.1, XP_038690097.1, XP_038690098.1, XP_038690099.1
OG0002613	Null	XP_038690229.1, XP_038690306.1, XP_038690380.1, XP_038719545.1, XP_038719557.1
OG0002614	Null	XP_038690230.1, XP_038698560.1, XP_038698592.1, XP_038711873.1, XP_038711875.1
OG0002615	Null	XP_038690631.1, XP_038690632.1, XP_038690633.1, XP_038690634.1, XP_038690635.1
OG0002616	Null	XP_038690648.1, XP_038711183.1, XP_038711184.1, XP_038720877.1, XP_038720878.1
OG0002617	Null	XP_038690830.1, XP_038701504.1, XP_038701505.1, XP_038701506.1, XP_038701873.1
OG0002618	Null	XP_038690969.1, XP_038690970.1, XP_038690972.1, XP_038690973.1, XP_038690974.1
OG0002619	Null	XP_038691043.1, XP_038691044.1, XP_038691045.1, XP_038691046.1, XP_038691050.1
OG0002620	Null	XP_038691061.1, XP_038702292.1, XP_038706905.1, XP_038706906.1, XP_038720276.1
OG0002621	Null	XP_038691244.1, XP_038701518.1, XP_038701519.1, XP_038715250.1, XP_038717077.1
OG0002622	Null	XP_038691291.1, XP_038691292.1, XP_038691293.1, XP_038691294.1, XP_038691295.1
OG0002623	Null	XP_038691313.1, XP_038695025.1, XP_038695026.1, XP_038695027.1, XP_038714301.1
OG0002624	Null	XP_038691368.1, XP_038703210.1, XP_038703211.1, XP_038703212.1, XP_038703213.1
OG0002625	Null	XP_038691518.1, XP_038691525.1, XP_038708253.1, XP_038708254.1, XP_038725005.1
OG0002626	Null	XP_038691707.1, XP_038691717.1, XP_038691726.1, XP_038691734.1, XP_038701510.1
OG0002627	Null	XP_038692097.1, XP_038704512.1, XP_038705081.1, XP_038705169.1, XP_038711197.1
OG0002628	Null	XP_038692108.1, XP_038692109.1, XP_038692110.1, XP_038692111.1, XP_038717783.1
OG0002629	Null	XP_038692121.1, XP_038692122.1, XP_038706816.1, XP_038706817.1, XP_038706818.1
OG0002630	Null	XP_038692188.1, XP_038692189.1, XP_038692190.1, XP_038692191.1, XP_038692192.1
OG0002631	Null	XP_038692264.1, XP_038692265.1, XP_038692266.1, XP_038692267.1, XP_038692268.1
OG0002632	Null	XP_038692343.1, XP_038692344.1, XP_038692345.1, XP_038692346.1, XP_038718058.1
OG0002633	Null	XP_038692372.1, XP_038692373.1, XP_038692374.1, XP_038713350.1, XP_038713351.1
OG0002634	Null	XP_038692375.1, XP_038706991.1, XP_038718862.1, XP_038718863.1, XP_038722825.1
OG0002635	Null	XP_038692383.1, XP_038702094.1, XP_038702104.1, XP_038716187.1, XP_038720721.1
OG0002636	Null	XP_038692429.1, XP_038713954.1, XP_038717975.1, XP_038717977.1, XP_038717978.1
OG0002637	Null	XP_038692497.1, XP_038707634.1, XP_038707635.1, XP_038718598.1, XP_038718606.1
OG0002638	Null	XP_038692513.1, XP_038703444.1, XP_038704640.1, XP_038713540.1, XP_038713541.1
OG0002639	Null	XP_038692557.1, XP_038692558.1, XP_038700454.1, XP_038722233.1, XP_038725349.1
OG0002640	Null	XP_038692694.1, XP_038692695.1, XP_038692696.1, XP_038692697.1, XP_038706047.1
OG0002641	Null	XP_038692827.1, XP_038692828.1, XP_038692829.1, XP_038704470.1, XP_038714115.1
OG0002642	Null	XP_038692903.1, XP_038706751.1, XP_038706752.1, XP_038706753.1, XP_038720165.1
OG0002643	Null	XP_038692941.1, XP_038692942.1, XP_038703747.1, XP_038703748.1, XP_038703749.1
OG0002644	Null	XP_038692961.1, XP_038696685.1, XP_038706136.1, XP_038714270.1, XP_038715567.1
OG0002645	Null	XP_038692972.1, XP_038692980.1, XP_038692988.1, XP_038720823.1, XP_038720824.1
OG0002646	Null	XP_038692974.1, XP_038707040.1, XP_038707041.1, XP_038707042.1, XP_038724757.1
OG0002647	Null	XP_038693042.1, XP_038702937.1, XP_038702938.1, XP_038711969.1, XP_038712869.1
OG0002648	Null	XP_038693385.1, XP_038693386.1, XP_038693387.1, XP_038693388.1, XP_038693389.1
OG0002649	Null	XP_038693394.1, XP_038718318.1, XP_038718319.1, XP_038718320.1, XP_038718321.1
OG0002650	Null	XP_038693418.1, XP_038693420.1, XP_038693421.1, XP_038707127.1, XP_038707128.1
OG0002651	Null	XP_038693429.1, XP_038693439.1, XP_038693447.1, XP_038693454.1, XP_038721686.1
OG0002652	Null	XP_038693523.1, XP_038693524.1, XP_038707361.1, XP_038707362.1, XP_038707363.1
OG0002653	Null	XP_038693538.1, XP_038694585.1, XP_038702725.1, XP_038702726.1, XP_038705072.1
OG0002654	Null	XP_038693845.1, XP_038701781.1, XP_038701782.1, XP_038720859.1, XP_038720860.1
OG0002655	Null	XP_038693875.1, XP_038693876.1, XP_038693877.1, XP_038697903.1, XP_038702649.1
OG0002656	Null	XP_038693879.1, XP_038693881.1, XP_038713572.1, XP_038713573.1, XP_038713574.1
OG0002657	Null	XP_038693931.1, XP_038713481.1, XP_038713486.1, XP_038713493.1, XP_038713500.1
OG0002658	Null	XP_038693947.1, XP_038701150.1, XP_038713551.1, XP_038718673.1, XP_038724691.1
OG0002659	Null	XP_038693960.1, XP_038693961.1, XP_038693963.1, XP_038713919.1, XP_038713920.1
OG0002660	Null	XP_038693968.1, XP_038693969.1, XP_038713745.1, XP_038713746.1, XP_038713747.1
OG0002661	Null	XP_038694088.1, XP_038694089.1, XP_038694091.1, XP_038694092.1, XP_038694093.1
OG0002662	Null	XP_038694121.1, XP_038694122.1, XP_038703765.1, XP_038703766.1, XP_038703767.1
OG0002663	Null	XP_038694148.1, XP_038704276.1, XP_038704408.1, XP_038714002.1, XP_038714003.1
OG0002664	Null	XP_038694178.1, XP_038694180.1, XP_038694181.1, XP_038712958.1, XP_038712960.1
OG0002665	Null	XP_038694371.1, XP_038694372.1, XP_038694373.1, XP_038713628.1, XP_038713629.1
OG0002666	Null	XP_038694375.1, XP_038705269.1, XP_038714166.1, XP_038715526.1, XP_038718454.1
OG0002667	Null	XP_038694379.1, XP_038712376.1, XP_038712377.1, XP_038712378.1, XP_038717327.1
OG0002668	Null	XP_038694440.1, XP_038704940.1, XP_038714121.1, XP_038716207.1, XP_038718330.1
OG0002669	Null	XP_038694531.1, XP_038694532.1, XP_038694533.1, XP_038694534.1, XP_038694535.1
OG0002670	Null	XP_038694565.1, XP_038694566.1, XP_038694567.1, XP_038707584.1, XP_038707590.1
OG0002671	Null	XP_038694638.1, XP_038713932.1, XP_038713933.1, XP_038713934.1, XP_038713935.1
OG0002672	Null	XP_038694664.1, XP_038694666.1, XP_038703095.1, XP_038703096.1, XP_038703097.1
OG0002673	Null	XP_038694677.1, XP_038694686.1, XP_038694696.1, XP_038694704.1, XP_038697788.1
OG0002674	Null	XP_038694706.1, XP_038694707.1, XP_038707111.1, XP_038707112.1, XP_038707113.1
OG0002675	Null	XP_038694746.1, XP_038694747.1, XP_038706480.1, XP_038706481.1, XP_038706482.1
OG0002676	Null	XP_038694757.1, XP_038720173.1, XP_038720174.1, XP_038720175.1, XP_038720176.1
OG0002677	Null	XP_038694764.1, XP_038702764.1, XP_038702765.1, XP_038702766.1, XP_038702767.1
OG0002678	Null	XP_038694824.1, XP_038694832.1, XP_038694840.1, XP_038694848.1, XP_038721468.1
OG0002679	Null	XP_038694893.1, XP_038703653.1, XP_038703654.1, XP_038709284.1, XP_038714082.1
OG0002680	Null	XP_038694916.1, XP_038706889.1, XP_038706890.1, XP_038715603.1, XP_038723476.1
OG0002681	Null	XP_038694933.1, XP_038694934.1, XP_038694935.1, XP_038709941.1, XP_038709942.1
OG0002682	Null	XP_038694954.1, XP_038694955.1, XP_038694957.1, XP_038712966.1, XP_038712967.1
OG0002683	Null	XP_038695014.1, XP_038695511.1, XP_038696838.1, XP_038696865.1, XP_038696908.1
OG0002684	Null	XP_038695017.1, XP_038699363.1, XP_038711336.1, XP_038717852.1, XP_038721395.1
OG0002685	Null	XP_038695075.1, XP_038695076.1, XP_038695078.1, XP_038699500.1, XP_038699501.1
OG0002686	Null	XP_038695079.1, XP_038695080.1, XP_038695081.1, XP_038695082.1, XP_038695083.1
OG0002687	Null	XP_038695118.1, XP_038695119.1, XP_038695120.1, XP_038695121.1, XP_038699700.1
OG0002688	Null	XP_038695131.1, XP_038695132.1, XP_038696498.1, XP_038696499.1, XP_038696500.1
OG0002689	Null	XP_038695147.1, XP_038695149.1, XP_038695150.1, XP_038695151.1, XP_038695419.1
OG0002690	Null	XP_038695186.1, XP_038695194.1, XP_038702204.1, XP_038702205.1, XP_038720995.1
OG0002691	Null	XP_038695199.1, XP_038698240.1, XP_038712115.1, XP_038712116.1, XP_038712117.1
OG0002692	Null	XP_038695208.1, XP_038698436.1, XP_038698437.1, XP_038698438.1, XP_038724868.1
OG0002693	Null	XP_038695247.1, XP_038695248.1, XP_038726182.1, XP_038726183.1, XP_038726184.1
OG0002694	Null	XP_038695275.1, XP_038695276.1, XP_038699134.1, XP_038700366.1, XP_038710990.1
OG0002695	Null	XP_038695306.1, XP_038698366.1, XP_038701907.1, XP_038706821.1, XP_038721795.1
OG0002696	Null	XP_038695359.1, XP_038699115.1, XP_038707837.1, XP_038710531.1, XP_038722578.1
OG0002697	Null	XP_038695420.1, XP_038697417.1, XP_038697418.1, XP_038698763.1, XP_038700811.1
OG0002698	Null	XP_038695437.1, XP_038700768.1, XP_038710324.1, XP_038717172.1, XP_038717173.1
OG0002699	Null	XP_038695441.1, XP_038705010.1, XP_038705012.1, XP_038713973.1, XP_038715553.1
OG0002700	Null	XP_038695502.1, XP_038722116.1, XP_038722117.1, XP_038722118.1, XP_038722119.1
OG0002701	Null	XP_038695595.1, XP_038698586.1, XP_038698587.1, XP_038698588.1, XP_038698589.1
OG0002702	Null	XP_038695683.1, XP_038695684.1, XP_038695686.1, XP_038695687.1, XP_038695688.1
OG0002703	Null	XP_038695685.1, XP_038702258.1, XP_038702259.1, XP_038719390.1, XP_038719391.1
OG0002704	Null	XP_038695711.1, XP_038706163.1, XP_038706164.1, XP_038711895.1, XP_038711896.1
OG0002705	Null	XP_038695752.1, XP_038710420.1, XP_038710421.1, XP_038710422.1, XP_038710423.1
OG0002706	Null	XP_038695759.1, XP_038695768.1, XP_038695775.1, XP_038701775.1, XP_038701776.1
OG0002707	Null	XP_038695766.1, XP_038697096.1, XP_038698613.1, XP_038701201.1, XP_038710119.1
OG0002708	Null	XP_038695805.1, XP_038695806.1, XP_038695807.1, XP_038700677.1, XP_038700678.1
OG0002709	Null	XP_038695999.1, XP_038696000.1, XP_038699347.1, XP_038699348.1, XP_038699349.1
OG0002710	Null	XP_038696015.1, XP_038700520.1, XP_038700521.1, XP_038700522.1, XP_038700523.1
OG0002711	Null	XP_038696041.1, XP_038696042.1, XP_038696043.1, XP_038696044.1, XP_038696045.1
OG0002712	Null	XP_038696145.1, XP_038696146.1, XP_038698928.1, XP_038710261.1, XP_038710262.1
OG0002713	Null	XP_038696169.1, XP_038698745.1, XP_038698746.1, XP_038712508.1, XP_038712509.1
OG0002714	Null	XP_038696248.1, XP_038696249.1, XP_038725739.1, XP_038725740.1, XP_038725741.1
OG0002715	Null	XP_038696527.1, XP_038707383.1, XP_038707391.1, XP_038707403.1, XP_038725018.1
OG0002716	Null	XP_038696568.1, XP_038725868.1, XP_038725869.1, XP_038725870.1, XP_038725872.1
OG0002717	Null	XP_038696629.1, XP_038697807.1, XP_038698831.1, XP_038702411.1, XP_038718899.1
OG0002718	Null	XP_038696657.1, XP_038700592.1, XP_038726231.1, XP_038726232.1, XP_038726233.1
OG0002719	Null	XP_038696802.1, XP_038696810.1, XP_038721465.1, XP_038721466.1, XP_038721467.1
OG0002720	Null	XP_038696828.1, XP_038701105.1, XP_038701106.1, XP_038701108.1, XP_038701109.1
OG0002721	Null	XP_038696836.1, XP_038698494.1, XP_038698495.1, XP_038710666.1, XP_038710667.1
OG0002722	Null	XP_038696943.1, XP_038696944.1, XP_038696945.1, XP_038696947.1, XP_038696948.1
OG0002723	Null	XP_038697287.1, XP_038697825.1, XP_038701708.1, XP_038714988.1, XP_038716465.1
OG0002724	Null	XP_038697292.1, XP_038719165.1, XP_038720972.1, XP_038721879.1, XP_038722767.1
OG0002725	Null	XP_038697315.1, XP_038718888.1, XP_038720013.1, XP_038722256.1, XP_038724171.1
OG0002726	Null	XP_038697320.1, XP_038702528.1, XP_038702529.1, XP_038719430.1, XP_038722552.1
OG0002727	Null	XP_038697371.1, XP_038698039.1, XP_038702180.1, XP_038702182.1, XP_038720277.1
OG0002728	Null	XP_038697466.1, XP_038701221.1, XP_038718693.1, XP_038720179.1, XP_038722291.1
OG0002729	Null	XP_038697705.1, XP_038697706.1, XP_038706627.1, XP_038706628.1, XP_038706629.1
OG0002730	Null	XP_038697738.1, XP_038697739.1, XP_038697740.1, XP_038697741.1, XP_038697742.1
OG0002731	Null	XP_038697811.1, XP_038697812.1, XP_038707612.1, XP_038713364.1, XP_038713372.1
OG0002732	Null	XP_038698147.1, XP_038707724.1, XP_038707725.1, XP_038718908.1, XP_038718909.1
OG0002733	Null	XP_038698229.1, XP_038698280.1, XP_038698610.1, XP_038700738.1, XP_038700739.1
OG0002734	Null	XP_038698275.1, XP_038698276.1, XP_038698503.1, XP_038698504.1, XP_038698505.1
OG0002735	Null	XP_038698302.1, XP_038706135.1, XP_038706142.1, XP_038706151.1, XP_038706162.1
OG0002736	Null	XP_038698440.1, XP_038710967.1, XP_038710968.1, XP_038710973.1, XP_038710974.1
OG0002737	Null	XP_038698665.1, XP_038707182.1, XP_038713464.1, XP_038714629.1, XP_038725572.1
OG0002738	Null	XP_038698704.1, XP_038698717.1, XP_038698727.1, XP_038698735.1, XP_038698743.1
OG0002739	Null	XP_038699013.1, XP_038699014.1, XP_038699015.1, XP_038725025.1, XP_038725026.1
OG0002740	Null	XP_038699270.1, XP_038699271.1, XP_038699272.1, XP_038699273.1, XP_038712761.1
OG0002741	Null	XP_038699278.1, XP_038699279.1, XP_038699281.1, XP_038699282.1, XP_038699283.1
OG0002742	Null	XP_038699514.1, XP_038703428.1, XP_038703429.1, XP_038703430.1, XP_038718626.1
OG0002743	Null	XP_038699519.1, XP_038710123.1, XP_038710124.1, XP_038710125.1, XP_038710126.1
OG0002744	Null	XP_038699653.1, XP_038715071.1, XP_038717181.1, XP_038722719.1, XP_038722791.1
OG0002745	Null	XP_038699662.1, XP_038711779.1, XP_038714996.1, XP_038715022.1, XP_038719857.1
OG0002746	Null	XP_038699698.1, XP_038712740.1, XP_038714863.1, XP_038717900.1, XP_038721665.1
OG0002747	Null	XP_038699825.1, XP_038699903.1, XP_038719214.1, XP_038719215.1, XP_038719216.1
OG0002748	Null	XP_038699826.1, XP_038724631.1, XP_038724632.1, XP_038724633.1, XP_038724634.1
OG0002749	Null	XP_038699872.1, XP_038699873.1, XP_038699874.1, XP_038699875.1, XP_038701736.1
OG0002750	Null	XP_038699896.1, XP_038699897.1, XP_038699898.1, XP_038699900.1, XP_038699901.1
OG0002751	Null	XP_038699899.1, XP_038726034.1, XP_038726396.1, XP_038726397.1, XP_038726398.1
OG0002752	Null	XP_038699913.1, XP_038699915.1, XP_038699916.1, XP_038711924.1, XP_038711926.1
OG0002753	Null	XP_038699987.1, XP_038699988.1, XP_038699989.1, XP_038710885.1, XP_038710886.1
OG0002754	Null	XP_038700188.1, XP_038700189.1, XP_038700190.1, XP_038711326.1, XP_038711327.1
OG0002755	Null	XP_038700336.1, XP_038700337.1, XP_038700338.1, XP_038700339.1, XP_038711456.1
OG0002756	Null	XP_038700347.1, XP_038706231.1, XP_038706232.1, XP_038706233.1, XP_038726024.1
OG0002757	Null	XP_038700382.1, XP_038724990.1, XP_038724991.1, XP_038724992.1, XP_038724993.1
OG0002758	Null	XP_038700471.1, XP_038700472.1, XP_038710282.1, XP_038710284.1, XP_038710285.1
OG0002759	Null	XP_038700545.1, XP_038700546.1, XP_038700547.1, XP_038700548.1, XP_038725806.1
OG0002760	Null	XP_038700631.1, XP_038701787.1, XP_038703244.1, XP_038704651.1, XP_038725337.1
OG0002761	Null	XP_038700844.1, XP_038700845.1, XP_038700846.1, XP_038700847.1, XP_038711860.1
OG0002762	Null	XP_038701001.1, XP_038701002.1, XP_038701004.1, XP_038701005.1, XP_038701006.1
OG0002763	Null	XP_038701238.1, XP_038701310.1, XP_038701384.1, XP_038722506.1, XP_038722507.1
OG0002764	Null	XP_038701297.1, XP_038701319.1, XP_038715716.1, XP_038720408.1, XP_038723618.1
OG0002765	Null	XP_038701339.1, XP_038701340.1, XP_038701341.1, XP_038701342.1, XP_038701343.1
OG0002766	Null	XP_038701402.1, XP_038701403.1, XP_038701404.1, XP_038701405.1, XP_038701407.1
OG0002767	Null	XP_038701450.1, XP_038701459.1, XP_038701467.1, XP_038701475.1, XP_038723892.1
OG0002768	Null	XP_038701496.1, XP_038701497.1, XP_038705507.1, XP_038705508.1, XP_038705509.1
OG0002769	Null	XP_038701570.1, XP_038701579.1, XP_038701588.1, XP_038701596.1, XP_038701605.1
OG0002770	Null	XP_038701657.1, XP_038701680.1, XP_038701823.1, XP_038702519.1, XP_038702520.1
OG0002771	Null	XP_038701705.1, XP_038717885.1, XP_038718415.1, XP_038718416.1, XP_038718417.1
OG0002772	Null	XP_038701717.1, XP_038704890.1, XP_038719567.1, XP_038719568.1, XP_038723987.1
OG0002773	Null	XP_038701942.1, XP_038701943.1, XP_038701944.1, XP_038701945.1, XP_038717187.1
OG0002774	Null	XP_038701958.1, XP_038719695.1, XP_038719696.1, XP_038719697.1, XP_038719698.1
OG0002775	Null	XP_038702301.1, XP_038716089.1, XP_038716090.1, XP_038718453.1, XP_038720983.1
OG0002776	Null	XP_038702432.1, XP_038707188.1, XP_038707189.1, XP_038707253.1, XP_038711825.1
OG0002777	Null	XP_038702559.1, XP_038715829.1, XP_038715830.1, XP_038718883.1, XP_038718884.1
OG0002778	Null	XP_038702640.1, XP_038715666.1, XP_038722278.1, XP_038722279.1, XP_038723659.1
OG0002779	Null	XP_038702799.1, XP_038702801.1, XP_038702802.1, XP_038702803.1, XP_038703887.1
OG0002780	Null	XP_038702800.1, XP_038702883.1, XP_038719971.1, XP_038722481.1, XP_038722482.1
OG0002781	Null	XP_038702806.1, XP_038702807.1, XP_038705036.1, XP_038716215.1, XP_038716216.1
OG0002782	Null	XP_038703064.1, XP_038703065.1, XP_038703066.1, XP_038712862.1, XP_038713693.1
OG0002783	Null	XP_038703069.1, XP_038703070.1, XP_038703071.1, XP_038703072.1, XP_038703073.1
OG0002784	Null	XP_038703256.1, XP_038703257.1, XP_038703258.1, XP_038703259.1, XP_038703260.1
OG0002785	Null	XP_038703368.1, XP_038703369.1, XP_038715930.1, XP_038715931.1, XP_038715932.1
OG0002786	Null	XP_038703487.1, XP_038703488.1, XP_038703489.1, XP_038715964.1, XP_038718186.1
OG0002787	Null	XP_038703924.1, XP_038703925.1, XP_038715574.1, XP_038716881.1, XP_038717071.1
OG0002788	Null	XP_038704040.1, XP_038704041.1, XP_038726100.1, XP_038726101.1, XP_038726102.1
OG0002789	Null	XP_038704072.1, XP_038714661.1, XP_038714662.1, XP_038724165.1, XP_038724166.1
OG0002790	Null	XP_038704335.1, XP_038704336.1, XP_038715280.1, XP_038715282.1, XP_038715883.1
OG0002791	Null	XP_038704338.1, XP_038704339.1, XP_038704340.1, XP_038704341.1, XP_038704342.1
OG0002792	Null	XP_038704463.1, XP_038704469.1, XP_038704477.1, XP_038723284.1, XP_038723286.1
OG0002793	Null	XP_038704562.1, XP_038704563.1, XP_038713080.1, XP_038713081.1, XP_038713082.1
OG0002794	Null	XP_038704567.1, XP_038716372.1, XP_038716373.1, XP_038719970.1, XP_038724011.1
OG0002795	Null	XP_038704578.1, XP_038723961.1, XP_038723962.1, XP_038723963.1, XP_038723964.1
OG0002796	Null	XP_038704625.1, XP_038704633.1, XP_038704639.1, XP_038720038.1, XP_038723772.1
OG0002797	Null	XP_038704925.1, XP_038716116.1, XP_038716117.1, XP_038716118.1, XP_038716119.1
OG0002798	Null	XP_038704950.1, XP_038704951.1, XP_038713651.1, XP_038713652.1, XP_038713653.1
OG0002799	Null	XP_038704996.1, XP_038705585.1, XP_038714983.1, XP_038716355.1, XP_038718289.1
OG0002800	Null	XP_038704997.1, XP_038715999.1, XP_038716908.1, XP_038719116.1, XP_038725078.1
OG0002801	Null	XP_038705031.1, XP_038705032.1, XP_038705033.1, XP_038705034.1, XP_038705035.1
OG0002802	Null	XP_038705153.1, XP_038714254.1, XP_038714255.1, XP_038714256.1, XP_038724356.1
OG0002803	Null	XP_038705159.1, XP_038714720.1, XP_038714721.1, XP_038714723.1, XP_038714724.1
OG0002804	Null	XP_038705165.1, XP_038705173.1, XP_038713940.1, XP_038713941.1, XP_038713942.1
OG0002805	Null	XP_038705283.1, XP_038705284.1, XP_038705285.1, XP_038705286.1, XP_038716635.1
OG0002806	Null	XP_038705295.1, XP_038705296.1, XP_038705297.1, XP_038705299.1, XP_038705300.1
OG0002807	Null	XP_038705302.1, XP_038705345.1, XP_038705402.1, XP_038719888.1, XP_038719889.1
OG0002808	Null	XP_038705336.1, XP_038705338.1, XP_038705339.1, XP_038705340.1, XP_038719534.1
OG0002809	Null	XP_038705342.1, XP_038705343.1, XP_038721062.1, XP_038721063.1, XP_038724221.1
OG0002810	Null	XP_038705496.1, XP_038705497.1, XP_038705498.1, XP_038705499.1, XP_038705500.1
OG0002811	Null	XP_038705501.1, XP_038720187.1, XP_038720188.1, XP_038720189.1, XP_038723493.1
OG0002812	Null	XP_038705642.1, XP_038705643.1, XP_038714698.1, XP_038718873.1, XP_038723613.1
OG0002813	Null	XP_038705720.1, XP_038705721.1, XP_038705722.1, XP_038705724.1, XP_038718165.1
OG0002814	Null	XP_038705788.1, XP_038705789.1, XP_038705790.1, XP_038705796.1, XP_038705797.1
OG0002815	Null	XP_038705827.1, XP_038709193.1, XP_038719667.1, XP_038722299.1, XP_038726234.1
OG0002816	Null	XP_038705842.1, XP_038705843.1, XP_038705844.1, XP_038705845.1, XP_038715203.1
OG0002817	Null	XP_038705889.1, XP_038705894.1, XP_038705903.1, XP_038719258.1, XP_038719259.1
OG0002818	Null	XP_038705999.1, XP_038706000.1, XP_038708027.1, XP_038722952.1, XP_038723067.1
OG0002819	Null	XP_038706161.1, XP_038719724.1, XP_038723434.1, XP_038723435.1, XP_038723596.1
OG0002820	Null	XP_038706297.1, XP_038706298.1, XP_038706299.1, XP_038706300.1, XP_038706301.1
OG0002821	Null	XP_038706336.1, XP_038719624.1, XP_038719625.1, XP_038719626.1, XP_038719627.1
OG0002822	Null	XP_038706445.1, XP_038719412.1, XP_038719569.1, XP_038719571.1, XP_038725742.1
OG0002823	Null	XP_038706451.1, XP_038707295.1, XP_038716054.1, XP_038716061.1, XP_038716072.1
OG0002824	Null	XP_038706507.1, XP_038707618.1, XP_038707619.1, XP_038707620.1, XP_038707622.1
OG0002825	Null	XP_038706535.1, XP_038706536.1, XP_038706537.1, XP_038706538.1, XP_038722523.1
OG0002826	Null	XP_038706848.1, XP_038706849.1, XP_038706850.1, XP_038712193.1, XP_038712202.1
OG0002827	Null	XP_038706999.1, XP_038707008.1, XP_038723899.1, XP_038723912.1, XP_038724246.1
OG0002828	Null	XP_038707059.1, XP_038707060.1, XP_038707061.1, XP_038707062.1, XP_038707063.1
OG0002829	Null	XP_038707558.1, XP_038716450.1, XP_038716451.1, XP_038719572.1, XP_038720317.1
OG0002830	Null	XP_038707575.1, XP_038707576.1, XP_038707577.1, XP_038707578.1, XP_038707579.1
OG0002831	Null	XP_038708032.1, XP_038714238.1, XP_038714915.1, XP_038718556.1, XP_038723954.1
OG0002832	Null	XP_038708201.1, XP_038708202.1, XP_038708203.1, XP_038708205.1, XP_038708206.1
OG0002833	Null	XP_038708399.1, XP_038708400.1, XP_038708401.1, XP_038708402.1, XP_038708403.1
OG0002834	Null	XP_038709269.1, XP_038709270.1, XP_038709272.1, XP_038709273.1, XP_038709274.1
OG0002835	Null	XP_038709534.1, XP_038717285.1, XP_038720365.1, XP_038722092.1, XP_038722093.1
OG0002836	Null	XP_038710428.1, XP_038710429.1, XP_038710430.1, XP_038710431.1, XP_038710432.1
OG0002837	Null	XP_038710925.1, XP_038710926.1, XP_038710927.1, XP_038710928.1, XP_038710929.1
OG0002838	Null	XP_038711525.1, XP_038711526.1, XP_038711527.1, XP_038711528.1, XP_038712442.1
OG0002839	Null	XP_038712122.1, XP_038712123.1, XP_038712124.1, XP_038712125.1, XP_038712126.1
OG0002840	Null	XP_038712282.1, XP_038712283.1, XP_038712284.1, XP_038712285.1, XP_038712286.1
OG0002841	Null	XP_038712343.1, XP_038712344.1, XP_038712345.1, XP_038712346.1, XP_038712347.1
OG0002842	Null	XP_038712384.1, XP_038712385.1, XP_038712386.1, XP_038712387.1, XP_038712388.1
OG0002843	Null	XP_038712553.1, XP_038712554.1, XP_038712555.1, XP_038712556.1, XP_038712557.1
OG0002844	Null	XP_038712838.1, XP_038712839.1, XP_038712841.1, XP_038715568.1, XP_038715569.1
OG0002845	Null	XP_038712994.1, XP_038713295.1, XP_038714453.1, XP_038714498.1, XP_038718770.1
OG0002846	Null	XP_038713049.1, XP_038713050.1, XP_038713052.1, XP_038718229.1, XP_038718230.1
OG0002847	Null	XP_038713074.1, XP_038723841.1, XP_038723842.1, XP_038723843.1, XP_038723844.1
OG0002848	Null	XP_038713281.1, XP_038717099.1, XP_038717100.1, XP_038717101.1, XP_038717103.1
OG0002849	Null	XP_038713614.1, XP_038713615.1, XP_038713616.1, XP_038713617.1, XP_038713618.1
OG0002850	Null	XP_038713816.1, XP_038713817.1, XP_038713818.1, XP_038713819.1, XP_038713822.1
OG0002851	Null	XP_038714196.1, XP_038714197.1, XP_038714198.1, XP_038714200.1, XP_038714201.1
OG0002852	Null	XP_038714203.1, XP_038718298.1, XP_038718299.1, XP_038718300.1, XP_038718301.1
OG0002853	Null	XP_038714559.1, XP_038714561.1, XP_038714562.1, XP_038714563.1, XP_038714564.1
OG0002854	Null	XP_038714616.1, XP_038715174.1, XP_038719605.1, XP_038719606.1, XP_038723850.1
OG0002855	Null	XP_038714795.1, XP_038714889.1, XP_038715055.1, XP_038716236.1, XP_038724176.1
OG0002856	Null	XP_038715446.1, XP_038715447.1, XP_038715448.1, XP_038715449.1, XP_038715450.1
OG0002857	Null	XP_038715539.1, XP_038717528.1, XP_038717529.1, XP_038717530.1, XP_038717532.1
OG0002858	Null	XP_038715641.1, XP_038715642.1, XP_038715643.1, XP_038715644.1, XP_038715645.1
OG0002859	Null	XP_038715694.1, XP_038715695.1, XP_038715696.1, XP_038717917.1, XP_038717918.1
OG0002860	Null	XP_038715699.1, XP_038715700.1, XP_038715701.1, XP_038715702.1, XP_038715703.1
OG0002861	Null	XP_038715733.1, XP_038715734.1, XP_038715735.1, XP_038715736.1, XP_038715737.1
OG0002862	Null	XP_038715770.1, XP_038715773.1, XP_038715774.1, XP_038715775.1, XP_038716474.1
OG0002863	Null	XP_038716042.1, XP_038717288.1, XP_038717289.1, XP_038717290.1, XP_038717291.1
OG0002864	Null	XP_038716103.1, XP_038716104.1, XP_038716105.1, XP_038719827.1, XP_038721992.1
OG0002865	Null	XP_038716955.1, XP_038717999.1, XP_038718000.1, XP_038718001.1, XP_038718002.1
OG0002866	Null	XP_038717379.1, XP_038720063.1, XP_038720071.1, XP_038720078.1, XP_038720087.1
OG0002867	Null	XP_038717844.1, XP_038717845.1, XP_038717846.1, XP_038717848.1, XP_038717849.1
OG0002868	Null	XP_038718494.1, XP_038718496.1, XP_038718497.1, XP_038718498.1, XP_038718499.1
OG0002869	Null	XP_038718996.1, XP_038718997.1, XP_038718999.1, XP_038719000.1, XP_038719001.1
OG0002870	Null	XP_038719249.1, XP_038719250.1, XP_038719254.1, XP_038719255.1, XP_038719661.1
OG0002871	Null	XP_038719328.1, XP_038719329.1, XP_038719330.1, XP_038719331.1, XP_038719332.1
OG0002872	Null	XP_038719440.1, XP_038719441.1, XP_038719442.1, XP_038719443.1, XP_038719446.1
OG0002873	Null	XP_038719835.1, XP_038719838.1, XP_038719846.1, XP_038719854.1, XP_038719858.1
OG0002874	Null	XP_038720256.1, XP_038720257.1, XP_038720258.1, XP_038720259.1, XP_038720260.1
OG0002875	Null	XP_038720272.1, XP_038720273.1, XP_038723210.1, XP_038723211.1, XP_038723212.1
OG0002876	Null	XP_038720294.1, XP_038720295.1, XP_038720296.1, XP_038720297.1, XP_038720298.1
OG0002877	Null	XP_038720562.1, XP_038720563.1, XP_038720565.1, XP_038720566.1, XP_038720567.1
OG0002878	Null	XP_038721202.1, XP_038721203.1, XP_038721204.1, XP_038721205.1, XP_038721206.1
OG0002879	Null	XP_038721510.1, XP_038721518.1, XP_038721525.1, XP_038721533.1, XP_038721542.1
OG0002880	Null	XP_038722497.1, XP_038722498.1, XP_038722499.1, XP_038722500.1, XP_038722501.1
OG0002881	Null	XP_038722602.1, XP_038722603.1, XP_038722604.1, XP_038722605.1, XP_038722606.1
OG0002882	Null	XP_038722648.1, XP_038722649.1, XP_038722650.1, XP_038722651.1, XP_038723266.1
OG0002883	Null	XP_038722838.1, XP_038722839.1, XP_038722840.1, XP_038722841.1, XP_038722842.1
OG0002884	Null	XP_038723008.1, XP_038723009.1, XP_038726204.1, XP_038726212.1, XP_038726223.1
OG0002885	Null	XP_038723293.1, XP_038723294.1, XP_038723296.1, XP_038723297.1, XP_038723298.1
OG0002886	Null	XP_038723394.1, XP_038723395.1, XP_038723396.1, XP_038723397.1, XP_038723398.1
OG0002887	Null	XP_038723469.1, XP_038723470.1, XP_038723471.1, XP_038723472.1, XP_038723473.1
OG0002888	Null	XP_038723826.1, XP_038723827.1, XP_038723828.1, XP_038723829.1, XP_038723831.1
OG0002889	Null	XP_038724354.1, XP_038725203.1, XP_038725237.1, XP_038726084.1, XP_038726086.1
OG0002890	Null	XP_038724473.1, XP_038724474.1, XP_038724475.1, XP_038724476.1, XP_038724477.1
OG0002891	Null	XP_038724748.1, XP_038724749.1, XP_038724750.1, XP_038724751.1, XP_038724752.1
OG0002892	Null	XP_038725368.1, XP_038725369.1, XP_038725370.1, XP_038725371.1, XP_038725373.1
OG0002893	Null	XP_038726000.1, XP_038726006.1, XP_038726014.1, XP_038726020.1, XP_038726029.1
OG0002894	Null	XP_038726307.1, XP_038726308.1, XP_038726309.1, XP_038726310.1, XP_038726311.1
OG0002895	GWHPDONJ000015, GWHPDONJ008380	XP_038691841.1, XP_038719379.1
OG0002896	GWHPDONJ000035	XP_038704073.1, XP_038704074.1, XP_038716199.1
OG0002897	GWHPDONJ000066	XP_038714116.1, XP_038714117.1, XP_038714118.1
OG0002898	GWHPDONJ000072, GWHPDONJ006001	XP_038686779.1, XP_038686780.1
OG0002899	GWHPDONJ000077	XP_038724875.1, XP_038724876.1, XP_038724877.1
OG0002900	GWHPDONJ000096	XP_038693614.1, XP_038693615.1, XP_038717743.1
OG0002901	GWHPDONJ000106, GWHPDONJ000156, GWHPDONJ001674, GWHPDONJ002226	
OG0002902	GWHPDONJ000134, GWHPDONJ003253, GWHPDONJ008755	XP_038682250.1
OG0002903	GWHPDONJ000149	XP_038709312.1, XP_038709313.1, XP_038709314.1
OG0002904	GWHPDONJ000202	XP_038716375.1, XP_038717033.1, XP_038718503.1
OG0002905	GWHPDONJ000206, GWHPDONJ008659	XP_038688849.1, XP_038712406.1
OG0002906	GWHPDONJ000243, GWHPDONJ006853	XP_038694521.1, XP_038694522.1
OG0002907	GWHPDONJ000252, GWHPDONJ000327, GWHPDONJ000634, GWHPDONJ001481	
OG0002908	GWHPDONJ000267	XP_038706079.1, XP_038713207.1, XP_038713215.1
OG0002909	GWHPDONJ000269, GWHPDONJ007039	XP_038686934.1, XP_038686935.1
OG0002910	GWHPDONJ000302, GWHPDONJ001487, GWHPDONJ001643, GWHPDONJ003347	
OG0002911	GWHPDONJ000318, GWHPDONJ004285	XP_038703292.1, XP_038703293.1
OG0002912	GWHPDONJ000319, GWHPDONJ001358, GWHPDONJ004725, GWHPDONJ008306	
OG0002913	GWHPDONJ000362	XP_038687946.1, XP_038687948.1, XP_038687949.1
OG0002914	GWHPDONJ000376	XP_038679048.1, XP_038679049.1, XP_038679050.1
OG0002915	GWHPDONJ000387, GWHPDONJ008695	XP_038701104.1, XP_038725865.1
OG0002916	GWHPDONJ000398, GWHPDONJ001526	XP_038678483.1, XP_038725381.1
OG0002917	GWHPDONJ000413	XP_038687334.1, XP_038687335.1, XP_038687336.1
OG0002918	GWHPDONJ000430, GWHPDONJ006646, GWHPDONJ007763, GWHPDONJ009151	
OG0002919	GWHPDONJ000523, GWHPDONJ001606	XP_038692661.1, XP_038706831.1
OG0002920	GWHPDONJ000537, GWHPDONJ001954, GWHPDONJ002777, GWHPDONJ003730	
OG0002921	GWHPDONJ000542, GWHPDONJ009098	XP_038717628.1, XP_038717629.1
OG0002922	GWHPDONJ000588	XP_038722197.1, XP_038723860.1, XP_038723861.1
OG0002923	GWHPDONJ000665	XP_038691084.1, XP_038691998.1, XP_038712081.1
OG0002924	GWHPDONJ000669	XP_038708190.1, XP_038708191.1, XP_038708192.1
OG0002925	GWHPDONJ000680, GWHPDONJ004568, GWHPDONJ004872	XP_038692674.1
OG0002926	GWHPDONJ000694	XP_038678362.1, XP_038696001.1, XP_038698664.1
OG0002927	GWHPDONJ000697	XP_038701961.1, XP_038702166.1, XP_038702167.1
OG0002928	GWHPDONJ000708	XP_038701602.1, XP_038720801.1, XP_038720802.1
OG0002929	GWHPDONJ000757	XP_038711147.1, XP_038711148.1, XP_038711149.1
OG0002930	GWHPDONJ000766	XP_038719875.1, XP_038719877.1, XP_038719879.1
OG0002931	GWHPDONJ000775, GWHPDONJ001594	XP_038680554.1, XP_038692046.1
OG0002932	GWHPDONJ000789, GWHPDONJ002208, GWHPDONJ003264, GWHPDONJ007618	
OG0002933	GWHPDONJ000795, GWHPDONJ003804, GWHPDONJ007514	XP_038690695.1
OG0002934	GWHPDONJ000811, GWHPDONJ002344, GWHPDONJ002473, GWHPDONJ003057	
OG0002935	GWHPDONJ000815	XP_038692928.1, XP_038692929.1, XP_038692930.1
OG0002936	GWHPDONJ000828, GWHPDONJ002174, GWHPDONJ008158, GWHPDONJ009015	
OG0002937	GWHPDONJ000832	XP_038697463.1, XP_038701941.1, XP_038720345.1
OG0002938	GWHPDONJ000837, GWHPDONJ001879, GWHPDONJ002391, GWHPDONJ003065	
OG0002939	GWHPDONJ000840, GWHPDONJ002200, GWHPDONJ006898, GWHPDONJ010566	
OG0002940	GWHPDONJ000855	XP_038680484.1, XP_038680485.1, XP_038680486.1
OG0002941	GWHPDONJ000870, GWHPDONJ010847	XP_038690048.1, XP_038691939.1
OG0002942	GWHPDONJ000888	XP_038705542.1, XP_038705543.1, XP_038705544.1
OG0002943	GWHPDONJ000898	XP_038682885.1, XP_038683085.1, XP_038686670.1
OG0002944	GWHPDONJ000944, GWHPDONJ009935	XP_038683192.1, XP_038685467.1
OG0002945	GWHPDONJ000949	XP_038692615.1, XP_038692616.1, XP_038692617.1
OG0002946	GWHPDONJ000985, GWHPDONJ002126, GWHPDONJ002454, GWHPDONJ002512	
OG0002947	GWHPDONJ000990	XP_038706062.1, XP_038712730.1, XP_038712738.1
OG0002948	GWHPDONJ001038, GWHPDONJ003354, GWHPDONJ004970	XP_038711756.1
OG0002949	GWHPDONJ001063	XP_038689313.1, XP_038689314.1, XP_038691533.1
OG0002950	GWHPDONJ001070, GWHPDONJ010170	XP_038686478.1, XP_038686487.1
OG0002951	GWHPDONJ001091, GWHPDONJ004909	XP_038680618.1, XP_038683839.1
OG0002952	GWHPDONJ001122	XP_038703624.1, XP_038703643.1, XP_038714057.1
OG0002953	GWHPDONJ001126	XP_038683918.1, XP_038683919.1, XP_038685071.1
OG0002954	GWHPDONJ001136, GWHPDONJ007896	XP_038712972.1, XP_038717712.1
OG0002955	GWHPDONJ001138, GWHPDONJ001405	XP_038701989.1, XP_038701997.1
OG0002956	GWHPDONJ001183	XP_038700218.1, XP_038720585.1, XP_038721945.1
OG0002957	GWHPDONJ001197, GWHPDONJ002984, GWHPDONJ003530, GWHPDONJ003531	
OG0002958	GWHPDONJ001219	XP_038708301.1, XP_038708308.1, XP_038708317.1
OG0002959	GWHPDONJ001243, GWHPDONJ010131	XP_038694631.1, XP_038717839.1
OG0002960	GWHPDONJ001246, GWHPDONJ010117	XP_038704324.1, XP_038704325.1
OG0002961	GWHPDONJ001252	XP_038722971.1, XP_038722972.1, XP_038722973.1
OG0002962	GWHPDONJ001258	XP_038715254.1, XP_038717048.1, XP_038717049.1
OG0002963	GWHPDONJ001264, GWHPDONJ009535	XP_038678942.1, XP_038679016.1
OG0002964	GWHPDONJ001305, GWHPDONJ007395	XP_038716570.1, XP_038716571.1
OG0002965	GWHPDONJ001311, GWHPDONJ001484, GWHPDONJ002359, GWHPDONJ002387	
OG0002966	GWHPDONJ001351, GWHPDONJ002125	XP_038694449.1, XP_038714246.1
OG0002967	GWHPDONJ001378	XP_038699770.1, XP_038714141.1, XP_038716662.1
OG0002968	GWHPDONJ001400, GWHPDONJ003192, GWHPDONJ003271, GWHPDONJ009431	
OG0002969	GWHPDONJ001457	XP_038683043.1, XP_038694177.1, XP_038715898.1
OG0002970	GWHPDONJ001460	XP_038716850.1, XP_038716851.1, XP_038716852.1
OG0002971	GWHPDONJ001468	XP_038695653.1, XP_038698700.1, XP_038698832.1
OG0002972	GWHPDONJ001470	XP_038683690.1, XP_038709931.1, XP_038709932.1
OG0002973	GWHPDONJ001544	XP_038722961.1, XP_038722962.1, XP_038722963.1
OG0002974	GWHPDONJ001545, GWHPDONJ004314, GWHPDONJ004335	XP_038707036.1
OG0002975	GWHPDONJ001547	XP_038693351.1, XP_038693358.1, XP_038705746.1
OG0002976	GWHPDONJ001590, GWHPDONJ009238	XP_038710173.1, XP_038710174.1
OG0002977	GWHPDONJ001611, GWHPDONJ001718	XP_038682334.1, XP_038709912.1
OG0002978	GWHPDONJ001625	XP_038697876.1, XP_038697877.1, XP_038702556.1
OG0002979	GWHPDONJ001728, GWHPDONJ006550	XP_038692768.1, XP_038694913.1
OG0002980	GWHPDONJ001729	XP_038701326.1, XP_038701327.1, XP_038721416.1
OG0002981	GWHPDONJ001732	XP_038686286.1, XP_038720861.1, XP_038720862.1
OG0002982	GWHPDONJ001746	XP_038715322.1, XP_038715323.1, XP_038715324.1
OG0002983	GWHPDONJ001755	XP_038678916.1, XP_038680261.1, XP_038680262.1
OG0002984	GWHPDONJ001767	XP_038687009.1, XP_038687010.1, XP_038687011.1
OG0002985	GWHPDONJ001792, GWHPDONJ004443	XP_038688634.1, XP_038702275.1
OG0002986	GWHPDONJ001813, GWHPDONJ001899, GWHPDONJ002571, GWHPDONJ007889	
OG0002987	GWHPDONJ001819	XP_038708711.1, XP_038720417.1, XP_038722663.1
OG0002988	GWHPDONJ001841	XP_038705791.1, XP_038705792.1, XP_038705793.1
OG0002989	GWHPDONJ001857, GWHPDONJ004465	XP_038692287.1, XP_038702939.1
OG0002990	GWHPDONJ001858, GWHPDONJ002290	XP_038702123.1, XP_038702124.1
OG0002991	GWHPDONJ001864, GWHPDONJ010849	XP_038688664.1, XP_038690116.1
OG0002992	GWHPDONJ001868	XP_038680716.1, XP_038680717.1, XP_038680718.1
OG0002993	GWHPDONJ001947	XP_038679534.1, XP_038687621.1, XP_038695145.1
OG0002994	GWHPDONJ001993	XP_038705157.1, XP_038716319.1, XP_038718114.1
OG0002995	GWHPDONJ001998	XP_038716214.1, XP_038716752.1, XP_038716753.1
OG0002996	GWHPDONJ001999	XP_038718396.1, XP_038718397.1, XP_038718398.1
OG0002997	GWHPDONJ002003	XP_038700181.1, XP_038700182.1, XP_038725726.1
OG0002998	GWHPDONJ002007, GWHPDONJ004764	XP_038697340.1, XP_038720817.1
OG0002999	GWHPDONJ002033, GWHPDONJ002144, GWHPDONJ010832	XP_038700102.1
OG0003000	GWHPDONJ002057	XP_038701860.1, XP_038704726.1, XP_038704806.1
OG0003001	GWHPDONJ002081, GWHPDONJ009247	XP_038681069.1, XP_038684671.1
OG0003002	GWHPDONJ002089	XP_038719940.1, XP_038720457.1, XP_038720458.1
OG0003003	GWHPDONJ002099, GWHPDONJ003201, GWHPDONJ007107	XP_038683903.1
OG0003004	GWHPDONJ002130, GWHPDONJ003140, GWHPDONJ007461	XP_038679124.1
OG0003005	GWHPDONJ002175, GWHPDONJ010660	XP_038689301.1, XP_038689302.1
OG0003006	GWHPDONJ002194, GWHPDONJ002195, GWHPDONJ004062	XP_038715649.1
OG0003007	GWHPDONJ002221	XP_038678368.1, XP_038680475.1, XP_038719962.1
OG0003008	GWHPDONJ002251, GWHPDONJ002908, GWHPDONJ008497, GWHPDONJ010913	
OG0003009	GWHPDONJ002350	XP_038683952.1, XP_038683953.1, XP_038683954.1
OG0003010	GWHPDONJ002353	XP_038694668.1, XP_038717586.1, XP_038717587.1
OG0003011	GWHPDONJ002361	XP_038684739.1, XP_038684740.1, XP_038684741.1
OG0003012	GWHPDONJ002399	XP_038686686.1, XP_038686687.1, XP_038715048.1
OG0003013	GWHPDONJ002411	XP_038682861.1, XP_038686428.1, XP_038709348.1
OG0003014	GWHPDONJ002417, GWHPDONJ002436	XP_038700692.1, XP_038712260.1
OG0003015	GWHPDONJ002423	XP_038683108.1, XP_038708246.1, XP_038708247.1
OG0003016	GWHPDONJ002424	XP_038695155.1, XP_038700977.1, XP_038724408.1
OG0003017	GWHPDONJ002471, GWHPDONJ008877	XP_038698396.1, XP_038698397.1
OG0003018	GWHPDONJ002501, GWHPDONJ003433, GWHPDONJ003808	XP_038679510.1
OG0003019	GWHPDONJ002510, GWHPDONJ006108	XP_038705107.1, XP_038705114.1
OG0003020	GWHPDONJ002511, GWHPDONJ007661	XP_038689315.1, XP_038712163.1
OG0003021	GWHPDONJ002518, GWHPDONJ004152	XP_038683019.1, XP_038695463.1
OG0003022	GWHPDONJ002531	XP_038702366.1, XP_038702367.1, XP_038702368.1
OG0003023	GWHPDONJ002532, GWHPDONJ003967	XP_038693297.1, XP_038715594.1
OG0003024	GWHPDONJ002561	XP_038685628.1, XP_038688908.1, XP_038688909.1
OG0003025	GWHPDONJ002569, GWHPDONJ003293	XP_038703799.1, XP_038713639.1
OG0003026	GWHPDONJ002584	XP_038705696.1, XP_038705697.1, XP_038725473.1
OG0003027	GWHPDONJ002606	XP_038690817.1, XP_038702102.1, XP_038702103.1
OG0003028	GWHPDONJ002619	XP_038683844.1, XP_038709613.1, XP_038709614.1
OG0003029	GWHPDONJ002631	XP_038703656.1, XP_038707678.1, XP_038707679.1
OG0003030	GWHPDONJ002666, GWHPDONJ003423	XP_038688467.1, XP_038700468.1
OG0003031	GWHPDONJ002687, GWHPDONJ010606	XP_038725747.1, XP_038725748.1
OG0003032	GWHPDONJ002690, GWHPDONJ010603, GWHPDONJ010604	XP_038700094.1
OG0003033	GWHPDONJ002700, GWHPDONJ002701	XP_038693503.1, XP_038722843.1
OG0003034	GWHPDONJ002724	XP_038688911.1, XP_038689013.1, XP_038712614.1
OG0003035	GWHPDONJ002734	XP_038690129.1, XP_038691996.1, XP_038710550.1
OG0003036	GWHPDONJ002738	XP_038711912.1, XP_038711913.1, XP_038711914.1
OG0003037	GWHPDONJ002751	XP_038696370.1, XP_038698740.1, XP_038710945.1
OG0003038	GWHPDONJ002754	XP_038719170.1, XP_038719171.1, XP_038719172.1
OG0003039	GWHPDONJ002766	XP_038719726.1, XP_038721497.1, XP_038721626.1
OG0003040	GWHPDONJ002874, GWHPDONJ010885	XP_038719422.1, XP_038719424.1
OG0003041	GWHPDONJ002888, GWHPDONJ006137	XP_038696452.1, XP_038725519.1
OG0003042	GWHPDONJ002889, GWHPDONJ006138	XP_038696457.1, XP_038696458.1
OG0003043	GWHPDONJ002911	XP_038686344.1, XP_038686345.1, XP_038686346.1
OG0003044	GWHPDONJ002925	XP_038678545.1, XP_038698356.1, XP_038698651.1
OG0003045	GWHPDONJ002926	XP_038703753.1, XP_038703754.1, XP_038716416.1
OG0003046	GWHPDONJ003026, GWHPDONJ010265	XP_038703199.1, XP_038716666.1
OG0003047	GWHPDONJ003031	XP_038715908.1, XP_038716985.1, XP_038716986.1
OG0003048	GWHPDONJ003068	XP_038696286.1, XP_038725791.1, XP_038725792.1
OG0003049	GWHPDONJ003084, GWHPDONJ003086, GWHPDONJ010140	XP_038708881.1
OG0003050	GWHPDONJ003088	XP_038681416.1, XP_038695730.1, XP_038711323.1
OG0003051	GWHPDONJ003106, GWHPDONJ005069	XP_038708125.1, XP_038708126.1
OG0003052	GWHPDONJ003147	XP_038715410.1, XP_038715411.1, XP_038717828.1
OG0003053	GWHPDONJ003154	XP_038681619.1, XP_038684519.1, XP_038709922.1
OG0003054	GWHPDONJ003162, GWHPDONJ004090	XP_038678387.1, XP_038696281.1
OG0003055	GWHPDONJ003180	XP_038703252.1, XP_038703253.1, XP_038712875.1
OG0003056	GWHPDONJ003198, GWHPDONJ009797	XP_038705794.1, XP_038705802.1
OG0003057	GWHPDONJ003235	XP_038696789.1, XP_038719560.1, XP_038719561.1
OG0003058	GWHPDONJ003246	XP_038702699.1, XP_038716295.1, XP_038716296.1
OG0003059	GWHPDONJ003276	XP_038682080.1, XP_038682081.1, XP_038714518.1
OG0003060	GWHPDONJ003287	XP_038712982.1, XP_038716795.1, XP_038716796.1
OG0003061	GWHPDONJ003296, GWHPDONJ003297, GWHPDONJ006971	XP_038678785.1
OG0003062	GWHPDONJ003298	XP_038682367.1, XP_038683305.1, XP_038709277.1
OG0003063	GWHPDONJ003300	XP_038680840.1, XP_038680841.1, XP_038682887.1
OG0003064	GWHPDONJ003309	XP_038702066.1, XP_038702067.1, XP_038721090.1
OG0003065	GWHPDONJ003326	XP_038714684.1, XP_038715799.1, XP_038715800.1
OG0003066	GWHPDONJ003340	XP_038680180.1, XP_038680181.1, XP_038680182.1
OG0003067	GWHPDONJ003344	XP_038693040.1, XP_038706043.1, XP_038711224.1
OG0003068	GWHPDONJ003345	XP_038691297.1, XP_038691298.1, XP_038691299.1
OG0003069	GWHPDONJ003428	XP_038680435.1, XP_038680436.1, XP_038680437.1
OG0003070	GWHPDONJ003477, GWHPDONJ004190	XP_038700236.1, XP_038711320.1
OG0003071	GWHPDONJ003560	XP_038702287.1, XP_038720843.1, XP_038723336.1
OG0003072	GWHPDONJ003565, GWHPDONJ007904	XP_038686759.1, XP_038686760.1
OG0003073	GWHPDONJ003585, GWHPDONJ007900	XP_038684814.1, XP_038684815.1
OG0003074	GWHPDONJ003588, GWHPDONJ004133	XP_038696152.1, XP_038699258.1
OG0003075	GWHPDONJ003656	XP_038678609.1, XP_038695901.1, XP_038698389.1
OG0003076	GWHPDONJ003669	XP_038689139.1, XP_038719992.1, XP_038720004.1
OG0003077	GWHPDONJ003703	XP_038706090.1, XP_038706091.1, XP_038706092.1
OG0003078	GWHPDONJ003716, GWHPDONJ003719	XP_038685095.1, XP_038708344.1
OG0003079	GWHPDONJ003744	XP_038696743.1, XP_038701313.1, XP_038721231.1
OG0003080	GWHPDONJ003763, GWHPDONJ003764, GWHPDONJ003765	XP_038683632.1
OG0003081	GWHPDONJ003767, GWHPDONJ004180, GWHPDONJ004187, GWHPDONJ004199	
OG0003082	GWHPDONJ003828	XP_038697598.1, XP_038697599.1, XP_038697600.1
OG0003083	GWHPDONJ003835	XP_038680343.1, XP_038694805.1, XP_038707927.1
OG0003084	GWHPDONJ003843	XP_038693020.1, XP_038706206.1, XP_038706918.1
OG0003085	GWHPDONJ003857	XP_038694477.1, XP_038706064.1, XP_038707629.1
OG0003086	GWHPDONJ003863	XP_038696510.1, XP_038696511.1, XP_038696512.1
OG0003087	GWHPDONJ003905	XP_038678436.1, XP_038678442.1, XP_038678447.1
OG0003088	GWHPDONJ003918	XP_038693729.1, XP_038706638.1, XP_038712801.1
OG0003089	GWHPDONJ003931	XP_038695912.1, XP_038695913.1, XP_038695914.1
OG0003090	GWHPDONJ003942	XP_038705982.1, XP_038705983.1, XP_038705984.1
OG0003091	GWHPDONJ003984	XP_038703922.1, XP_038717591.1, XP_038717592.1
OG0003092	GWHPDONJ003987	XP_038692355.1, XP_038714733.1, XP_038718219.1
OG0003093	GWHPDONJ003999	XP_038702687.1, XP_038702688.1, XP_038702689.1
OG0003094	GWHPDONJ004019	XP_038716681.1, XP_038716682.1, XP_038716683.1
OG0003095	GWHPDONJ004055	XP_038715544.1, XP_038718534.1, XP_038718535.1
OG0003096	GWHPDONJ004057	XP_038704611.1, XP_038704613.1, XP_038714344.1
OG0003097	GWHPDONJ004060	XP_038692162.1, XP_038705484.1, XP_038710972.1
OG0003098	GWHPDONJ004067	XP_038702740.1, XP_038702741.1, XP_038716688.1
OG0003099	GWHPDONJ004076	XP_038698558.1, XP_038698559.1, XP_038710332.1
OG0003100	GWHPDONJ004109	XP_038691990.1, XP_038691991.1, XP_038691993.1
OG0003101	GWHPDONJ004129	XP_038700827.1, XP_038700828.1, XP_038700829.1
OG0003102	GWHPDONJ004131	XP_038700825.1, XP_038700826.1, XP_038710818.1
OG0003103	GWHPDONJ004140	XP_038710079.1, XP_038710081.1, XP_038710082.1
OG0003104	GWHPDONJ004196	XP_038687393.1, XP_038726349.1, XP_038726350.1
OG0003105	GWHPDONJ004230	XP_038722234.1, XP_038722235.1, XP_038722236.1
OG0003106	GWHPDONJ004234	XP_038715314.1, XP_038715315.1, XP_038715316.1
OG0003107	GWHPDONJ004241	XP_038709234.1, XP_038718937.1, XP_038723943.1
OG0003108	GWHPDONJ004249	XP_038708295.1, XP_038708296.1, XP_038708297.1
OG0003109	GWHPDONJ004269	XP_038715791.1, XP_038715792.1, XP_038718115.1
OG0003110	GWHPDONJ004277, GWHPDONJ008629	XP_038701835.1, XP_038725067.1
OG0003111	GWHPDONJ004288	XP_038692440.1, XP_038717570.1, XP_038717571.1
OG0003112	GWHPDONJ004292	XP_038699762.1, XP_038711606.1, XP_038711607.1
OG0003113	GWHPDONJ004293	XP_038713302.1, XP_038713303.1, XP_038713304.1
OG0003114	GWHPDONJ004295, GWHPDONJ004296	XP_038691071.1, XP_038712361.1
OG0003115	GWHPDONJ004323	XP_038691082.1, XP_038701960.1, XP_038721841.1
OG0003116	GWHPDONJ004325	XP_038682413.1, XP_038682416.1, XP_038684601.1
OG0003117	GWHPDONJ004327	XP_038697191.1, XP_038697192.1, XP_038702197.1
OG0003118	GWHPDONJ004331	XP_038713824.1, XP_038713825.1, XP_038713826.1
OG0003119	GWHPDONJ004346	XP_038696717.1, XP_038699779.1, XP_038725109.1
OG0003120	GWHPDONJ004361	XP_038725147.1, XP_038725148.1, XP_038725149.1
OG0003121	GWHPDONJ004376, GWHPDONJ004379	XP_038702224.1, XP_038702225.1
OG0003122	GWHPDONJ004396	XP_038698128.1, XP_038698129.1, XP_038720853.1
OG0003123	GWHPDONJ004401	XP_038698158.1, XP_038721815.1, XP_038721816.1
OG0003124	GWHPDONJ004403	XP_038684386.1, XP_038702576.1, XP_038718744.1
OG0003125	GWHPDONJ004407, GWHPDONJ005366	XP_038696692.1, XP_038700837.1
OG0003126	GWHPDONJ004424	XP_038720020.1, XP_038721327.1, XP_038723152.1
OG0003127	GWHPDONJ004436	XP_038719498.1, XP_038719499.1, XP_038719500.1
OG0003128	GWHPDONJ004439	XP_038697295.1, XP_038702303.1, XP_038720937.1
OG0003129	GWHPDONJ004440	XP_038689390.1, XP_038702304.1, XP_038720479.1
OG0003130	GWHPDONJ004441	XP_038687309.1, XP_038687310.1, XP_038687311.1
OG0003131	GWHPDONJ004445	XP_038700239.1, XP_038700240.1, XP_038726162.1
OG0003132	GWHPDONJ004452	XP_038698843.1, XP_038700479.1, XP_038725027.1
OG0003133	GWHPDONJ004477, GWHPDONJ004897	XP_038678715.1, XP_038706695.1
OG0003134	GWHPDONJ004483, GWHPDONJ004893	XP_038724200.1, XP_038724209.1
OG0003135	GWHPDONJ004490, GWHPDONJ004891	XP_038707763.1, XP_038707764.1
OG0003136	GWHPDONJ004491	XP_038694948.1, XP_038706160.1, XP_038724895.1
OG0003137	GWHPDONJ004492	XP_038685400.1, XP_038688486.1, XP_038689545.1
OG0003138	GWHPDONJ004493	XP_038697914.1, XP_038697915.1, XP_038697916.1
OG0003139	GWHPDONJ004498	XP_038679678.1, XP_038679679.1, XP_038725916.1
OG0003140	GWHPDONJ004509, GWHPDONJ004885, GWHPDONJ004886	XP_038684170.1
OG0003141	GWHPDONJ004510, GWHPDONJ004884	XP_038702175.1, XP_038702176.1
OG0003142	GWHPDONJ004528, GWHPDONJ004881	XP_038694596.1, XP_038706802.1
OG0003143	GWHPDONJ004529	XP_038693894.1, XP_038693895.1, XP_038693896.1
OG0003144	GWHPDONJ004532	XP_038710013.1, XP_038710014.1, XP_038710016.1
OG0003145	GWHPDONJ004561	XP_038719297.1, XP_038719298.1, XP_038719299.1
OG0003146	GWHPDONJ004571, GWHPDONJ004573, GWHPDONJ010122	XP_038724928.1
OG0003147	GWHPDONJ004584	XP_038697053.1, XP_038697054.1, XP_038701071.1
OG0003148	GWHPDONJ004585	XP_038684675.1, XP_038686543.1, XP_038708343.1
OG0003149	GWHPDONJ004586	XP_038709680.1, XP_038709681.1, XP_038709682.1
OG0003150	GWHPDONJ004588	XP_038695989.1, XP_038719012.1, XP_038724867.1
OG0003151	GWHPDONJ004593	XP_038697710.1, XP_038697711.1, XP_038721127.1
OG0003152	GWHPDONJ004608	XP_038688282.1, XP_038688283.1, XP_038688284.1
OG0003153	GWHPDONJ004619	XP_038679385.1, XP_038679391.1, XP_038706899.1
OG0003154	GWHPDONJ004635	XP_038691992.1, XP_038691999.1, XP_038692008.1
OG0003155	GWHPDONJ004641	XP_038713943.1, XP_038713944.1, XP_038713946.1
OG0003156	GWHPDONJ004655	XP_038707716.1, XP_038710283.1, XP_038710291.1
OG0003157	GWHPDONJ004663	XP_038679424.1, XP_038679430.1, XP_038679434.1
OG0003158	GWHPDONJ004672, GWHPDONJ006248	XP_038692872.1, XP_038692873.1
OG0003159	GWHPDONJ004681	XP_038678840.1, XP_038692457.1, XP_038706107.1
OG0003160	GWHPDONJ004698	XP_038707488.1, XP_038707490.1, XP_038707491.1
OG0003161	GWHPDONJ004708	XP_038716713.1, XP_038716714.1, XP_038716715.1
OG0003162	GWHPDONJ004711	XP_038700325.1, XP_038700326.1, XP_038725894.1
OG0003163	GWHPDONJ004714	XP_038715714.1, XP_038715715.1, XP_038717740.1
OG0003164	GWHPDONJ004717	XP_038704499.1, XP_038715913.1, XP_038716347.1
OG0003165	GWHPDONJ004732	XP_038679791.1, XP_038687332.1, XP_038687333.1
OG0003166	GWHPDONJ004735	XP_038702038.1, XP_038721021.1, XP_038721022.1
OG0003167	GWHPDONJ004773	XP_038692075.1, XP_038692076.1, XP_038720876.1
OG0003168	GWHPDONJ004778	XP_038690372.1, XP_038701654.1, XP_038720507.1
OG0003169	GWHPDONJ004780	XP_038678788.1, XP_038690009.1, XP_038710160.1
OG0003170	GWHPDONJ004789	XP_038696716.1, XP_038696724.1, XP_038696731.1
OG0003171	GWHPDONJ004795	XP_038697642.1, XP_038697643.1, XP_038697644.1
OG0003172	GWHPDONJ004799	XP_038702162.1, XP_038702163.1, XP_038702165.1
OG0003173	GWHPDONJ004807	XP_038691260.1, XP_038701998.1, XP_038719233.1
OG0003174	GWHPDONJ004808	XP_038687918.1, XP_038701521.1, XP_038718861.1
OG0003175	GWHPDONJ004814	XP_038679276.1, XP_038679277.1, XP_038710887.1
OG0003176	GWHPDONJ004816	XP_038720223.1, XP_038720224.1, XP_038720225.1
OG0003177	GWHPDONJ004831	XP_038711110.1, XP_038711111.1, XP_038711112.1
OG0003178	GWHPDONJ004836, GWHPDONJ008317	XP_038692233.1, XP_038702025.1
OG0003179	GWHPDONJ004841	XP_038685484.1, XP_038685492.1, XP_038697209.1
OG0003180	GWHPDONJ004847	XP_038691742.1, XP_038701511.1, XP_038701512.1
OG0003181	GWHPDONJ004861	XP_038683172.1, XP_038683173.1, XP_038709926.1
OG0003182	GWHPDONJ004904	XP_038704208.1, XP_038716210.1, XP_038718116.1
OG0003183	GWHPDONJ004914, GWHPDONJ008680	XP_038680964.1, XP_038708507.1
OG0003184	GWHPDONJ004918	XP_038682359.1, XP_038682366.1, XP_038682373.1
OG0003185	GWHPDONJ004924	XP_038697534.1, XP_038702396.1, XP_038719703.1
OG0003186	GWHPDONJ004926	XP_038720182.1, XP_038720183.1, XP_038721926.1
OG0003187	GWHPDONJ004932, GWHPDONJ008683	XP_038698381.1, XP_038725158.1
OG0003188	GWHPDONJ004936	XP_038697460.1, XP_038721487.1, XP_038721488.1
OG0003189	GWHPDONJ004940	XP_038698444.1, XP_038726296.1, XP_038726297.1
OG0003190	GWHPDONJ004947	XP_038714641.1, XP_038714642.1, XP_038714643.1
OG0003191	GWHPDONJ004952, GWHPDONJ008692	XP_038679121.1, XP_038723166.1
OG0003192	GWHPDONJ004962	XP_038694467.1, XP_038707795.1, XP_038724055.1
OG0003193	GWHPDONJ004965	XP_038706399.1, XP_038706400.1, XP_038712215.1
OG0003194	GWHPDONJ004969	XP_038686450.1, XP_038686458.1, XP_038686467.1
OG0003195	GWHPDONJ004977	XP_038693928.1, XP_038706337.1, XP_038725386.1
OG0003196	GWHPDONJ004993	XP_038684123.1, XP_038709261.1, XP_038709262.1
OG0003197	GWHPDONJ005017, GWHPDONJ006668	XP_038688082.1, XP_038725701.1
OG0003198	GWHPDONJ005020	XP_038681168.1, XP_038681169.1, XP_038681170.1
OG0003199	GWHPDONJ005036	XP_038680633.1, XP_038708446.1, XP_038708447.1
OG0003200	GWHPDONJ005040	XP_038682517.1, XP_038683260.1, XP_038708826.1
OG0003201	GWHPDONJ005052	XP_038681777.1, XP_038708638.1, XP_038708639.1
OG0003202	GWHPDONJ005056	XP_038684264.1, XP_038684265.1, XP_038684266.1
OG0003203	GWHPDONJ005064	XP_038709525.1, XP_038709526.1, XP_038709527.1
OG0003204	GWHPDONJ005072, GWHPDONJ006273, GWHPDONJ007323	XP_038715124.1
OG0003205	GWHPDONJ005077	XP_038682304.1, XP_038682305.1, XP_038683939.1
OG0003206	GWHPDONJ005083	XP_038681207.1, XP_038709011.1, XP_038709013.1
OG0003207	GWHPDONJ005095	XP_038684621.1, XP_038684622.1, XP_038711114.1
OG0003208	GWHPDONJ005113	XP_038715685.1, XP_038717781.1, XP_038717782.1
OG0003209	GWHPDONJ005141	XP_038715408.1, XP_038715409.1, XP_038717625.1
OG0003210	GWHPDONJ005145	XP_038703692.1, XP_038715227.1, XP_038715228.1
OG0003211	GWHPDONJ005150	XP_038703805.1, XP_038714822.1, XP_038717932.1
OG0003212	GWHPDONJ005170	XP_038703744.1, XP_038715190.1, XP_038715191.1
OG0003213	GWHPDONJ005171	XP_038714688.1, XP_038714689.1, XP_038714691.1
OG0003214	GWHPDONJ005176	XP_038704536.1, XP_038704537.1, XP_038716120.1
OG0003215	GWHPDONJ005177	XP_038703726.1, XP_038715871.1, XP_038715873.1
OG0003216	GWHPDONJ005180	XP_038703627.1, XP_038703628.1, XP_038715276.1
OG0003217	GWHPDONJ005183	XP_038698794.1, XP_038719558.1, XP_038720326.1
OG0003218	GWHPDONJ005187	XP_038715784.1, XP_038715785.1, XP_038715786.1
OG0003219	GWHPDONJ005188	XP_038702779.1, XP_038702780.1, XP_038702924.1
OG0003220	GWHPDONJ005209	XP_038717427.1, XP_038717428.1, XP_038717429.1
OG0003221	GWHPDONJ005217	XP_038716096.1, XP_038716767.1, XP_038718568.1
OG0003222	GWHPDONJ005233	XP_038715854.1, XP_038715855.1, XP_038715856.1
OG0003223	GWHPDONJ005236	XP_038716057.1, XP_038717661.1, XP_038717662.1
OG0003224	GWHPDONJ005238	XP_038715680.1, XP_038715681.1, XP_038717699.1
OG0003225	GWHPDONJ005248	XP_038713239.1, XP_038713240.1, XP_038717761.1
OG0003226	GWHPDONJ005252	XP_038720018.1, XP_038720021.1, XP_038722375.1
OG0003227	GWHPDONJ005257	XP_038694769.1, XP_038717302.1, XP_038717303.1
OG0003228	GWHPDONJ005276	XP_038699427.1, XP_038699428.1, XP_038699429.1
OG0003229	GWHPDONJ005289	XP_038697060.1, XP_038698891.1, XP_038724403.1
OG0003230	GWHPDONJ005313	XP_038716130.1, XP_038716131.1, XP_038716132.1
OG0003231	GWHPDONJ005319, GWHPDONJ005321	XP_038714943.1, XP_038718353.1
OG0003232	GWHPDONJ005320	XP_038682111.1, XP_038709071.1, XP_038709072.1
OG0003233	GWHPDONJ005326	XP_038704277.1, XP_038716045.1, XP_038716046.1
OG0003234	GWHPDONJ005353	XP_038720496.1, XP_038720497.1, XP_038720499.1
OG0003235	GWHPDONJ005364	XP_038700752.1, XP_038700753.1, XP_038700754.1
OG0003236	GWHPDONJ005372	XP_038699233.1, XP_038699234.1, XP_038711325.1
OG0003237	GWHPDONJ005378	XP_038694914.1, XP_038707789.1, XP_038707790.1
OG0003238	GWHPDONJ005384	XP_038694136.1, XP_038694137.1, XP_038694138.1
OG0003239	GWHPDONJ005399	XP_038696414.1, XP_038696416.1, XP_038699371.1
OG0003240	GWHPDONJ005400	XP_038697334.1, XP_038697335.1, XP_038719589.1
OG0003241	GWHPDONJ005401	XP_038697330.1, XP_038697331.1, XP_038697332.1
OG0003242	GWHPDONJ005422	XP_038714078.1, XP_038714079.1, XP_038714080.1
OG0003243	GWHPDONJ005443	XP_038703638.1, XP_038703639.1, XP_038713359.1
OG0003244	GWHPDONJ005444	XP_038713356.1, XP_038713357.1, XP_038713358.1
OG0003245	GWHPDONJ005449	XP_038703375.1, XP_038703376.1, XP_038703377.1
OG0003246	GWHPDONJ005461	XP_038703728.1, XP_038703729.1, XP_038703730.1
OG0003247	GWHPDONJ005493	XP_038680770.1, XP_038680771.1, XP_038680772.1
OG0003248	GWHPDONJ005526	XP_038685310.1, XP_038703843.1, XP_038709793.1
OG0003249	GWHPDONJ005531	XP_038688312.1, XP_038688313.1, XP_038726251.1
OG0003250	GWHPDONJ005535	XP_038695770.1, XP_038698967.1, XP_038724422.1
OG0003251	GWHPDONJ005552	XP_038685281.1, XP_038685282.1, XP_038689233.1
OG0003252	GWHPDONJ005555	XP_038688578.1, XP_038688579.1, XP_038688580.1
OG0003253	GWHPDONJ005566	XP_038722398.1, XP_038722399.1, XP_038722400.1
OG0003254	GWHPDONJ005573, GWHPDONJ005612	XP_038721523.1, XP_038721524.1
OG0003255	GWHPDONJ005591	XP_038721825.1, XP_038721827.1, XP_038724141.1
OG0003256	GWHPDONJ005592	XP_038678581.1, XP_038678589.1, XP_038694458.1
OG0003257	GWHPDONJ005596	XP_038703796.1, XP_038718892.1, XP_038723079.1
OG0003258	GWHPDONJ005598	XP_038703933.1, XP_038703942.1, XP_038703950.1
OG0003259	GWHPDONJ005615	XP_038719105.1, XP_038720315.1, XP_038722179.1
OG0003260	GWHPDONJ005622	XP_038721397.1, XP_038721398.1, XP_038723883.1
OG0003261	GWHPDONJ005658	XP_038719292.1, XP_038723062.1, XP_038723063.1
OG0003262	GWHPDONJ005672	XP_038701869.1, XP_038701876.1, XP_038722441.1
OG0003263	GWHPDONJ005679	XP_038685250.1, XP_038690664.1, XP_038694827.1
OG0003264	GWHPDONJ005686	XP_038689990.1, XP_038689991.1, XP_038690804.1
OG0003265	GWHPDONJ005688	XP_038690965.1, XP_038690967.1, XP_038690968.1
OG0003266	GWHPDONJ005718	XP_038692919.1, XP_038692920.1, XP_038713210.1
OG0003267	GWHPDONJ005742	XP_038697301.1, XP_038702019.1, XP_038721105.1
OG0003268	GWHPDONJ005746	XP_038691639.1, XP_038692852.1, XP_038704273.1
OG0003269	GWHPDONJ005752, GWHPDONJ006715, GWHPDONJ009127, GWHPDONJ009748	
OG0003270	GWHPDONJ005777	XP_038686199.1, XP_038686208.1, XP_038686223.1
OG0003271	GWHPDONJ005788	XP_038680702.1, XP_038706504.1, XP_038707681.1
OG0003272	GWHPDONJ005797	XP_038692333.1, XP_038711384.1, XP_038711393.1
OG0003273	GWHPDONJ005800	XP_038694650.1, XP_038707766.1, XP_038711600.1
OG0003274	GWHPDONJ005808	XP_038705771.1, XP_038711529.1, XP_038711535.1
OG0003275	GWHPDONJ005811	XP_038705849.1, XP_038723738.1, XP_038723739.1
OG0003276	GWHPDONJ005831	XP_038682591.1, XP_038706988.1, XP_038706989.1
OG0003277	GWHPDONJ005832	XP_038693737.1, XP_038705774.1, XP_038722381.1
OG0003278	GWHPDONJ005839	XP_038706922.1, XP_038706923.1, XP_038706924.1
OG0003279	GWHPDONJ005844	XP_038680384.1, XP_038680386.1, XP_038680387.1
OG0003280	GWHPDONJ005862	XP_038694013.1, XP_038706086.1, XP_038724304.1
OG0003281	GWHPDONJ005865	XP_038681572.1, XP_038681573.1, XP_038708719.1
OG0003282	GWHPDONJ005872	XP_038706891.1, XP_038706892.1, XP_038718537.1
OG0003283	GWHPDONJ005874	XP_038682002.1, XP_038682012.1, XP_038706015.1
OG0003284	GWHPDONJ005876	XP_038722229.1, XP_038722237.1, XP_038722245.1
OG0003285	GWHPDONJ005884	XP_038692511.1, XP_038705457.1, XP_038714177.1
OG0003286	GWHPDONJ005889	XP_038692912.1, XP_038721826.1, XP_038721833.1
OG0003287	GWHPDONJ005894	XP_038722000.1, XP_038722004.1, XP_038722009.1
OG0003288	GWHPDONJ005908	XP_038691391.1, XP_038691392.1, XP_038691393.1
OG0003289	GWHPDONJ005920	XP_038691100.1, XP_038691527.1, XP_038710961.1
OG0003290	GWHPDONJ005943	XP_038712151.1, XP_038712152.1, XP_038712153.1
OG0003291	GWHPDONJ005947	XP_038708442.1, XP_038722714.1, XP_038722715.1
OG0003292	GWHPDONJ005951	XP_038691623.1, XP_038691645.1, XP_038710511.1
OG0003293	GWHPDONJ005957	XP_038710055.1, XP_038710056.1, XP_038710057.1
OG0003294	GWHPDONJ005959	XP_038684497.1, XP_038684498.1, XP_038686728.1
OG0003295	GWHPDONJ005961	XP_038682107.1, XP_038682108.1, XP_038682109.1
OG0003296	GWHPDONJ005975	XP_038703207.1, XP_038722133.1, XP_038722134.1
OG0003297	GWHPDONJ005989	XP_038707010.1, XP_038722073.1, XP_038722079.1
OG0003298	GWHPDONJ005993	XP_038684325.1, XP_038686508.1, XP_038686510.1
OG0003299	GWHPDONJ005996	XP_038681464.1, XP_038681465.1, XP_038683191.1
OG0003300	GWHPDONJ006012	XP_038686169.1, XP_038686170.1, XP_038689862.1
OG0003301	GWHPDONJ006022	XP_038689938.1, XP_038689947.1, XP_038689956.1
OG0003302	GWHPDONJ006072, GWHPDONJ008192	XP_038699173.1, XP_038712485.1
OG0003303	GWHPDONJ006073, GWHPDONJ006074	XP_038683925.1, XP_038683926.1
OG0003304	GWHPDONJ006086	XP_038707535.1, XP_038724157.1, XP_038724158.1
OG0003305	GWHPDONJ006112	XP_038703764.1, XP_038707683.1, XP_038716136.1
OG0003306	GWHPDONJ006116	XP_038678505.1, XP_038678506.1, XP_038678508.1
OG0003307	GWHPDONJ006119	XP_038701094.1, XP_038724514.1, XP_038724515.1
OG0003308	GWHPDONJ006148	XP_038700368.1, XP_038700369.1, XP_038700370.1
OG0003309	GWHPDONJ006188	XP_038693356.1, XP_038707460.1, XP_038707461.1
OG0003310	GWHPDONJ006192	XP_038699157.1, XP_038723862.1, XP_038723863.1
OG0003311	GWHPDONJ006202	XP_038718839.1, XP_038718840.1, XP_038723797.1
OG0003312	GWHPDONJ006206	XP_038708942.1, XP_038722794.1, XP_038722795.1
OG0003313	GWHPDONJ006207	XP_038720736.1, XP_038720737.1, XP_038722479.1
OG0003314	GWHPDONJ006218	XP_038706582.1, XP_038722774.1, XP_038722775.1
OG0003315	GWHPDONJ006219	XP_038705772.1, XP_038705778.1, XP_038705782.1
OG0003316	GWHPDONJ006222	XP_038701872.1, XP_038719153.1, XP_038723091.1
OG0003317	GWHPDONJ006224	XP_038719638.1, XP_038719639.1, XP_038719640.1
OG0003318	GWHPDONJ006226	XP_038686389.1, XP_038686391.1, XP_038686392.1
OG0003319	GWHPDONJ006232	XP_038724508.1, XP_038724509.1, XP_038724510.1
OG0003320	GWHPDONJ006239	XP_038690016.1, XP_038690017.1, XP_038712162.1
OG0003321	GWHPDONJ006265, GWHPDONJ009919	XP_038689786.1, XP_038710899.1
OG0003322	GWHPDONJ006267	XP_038680114.1, XP_038690653.1, XP_038690654.1
OG0003323	GWHPDONJ006274	XP_038689643.1, XP_038689644.1, XP_038689645.1
OG0003324	GWHPDONJ006283	XP_038691608.1, XP_038710734.1, XP_038710735.1
OG0003325	GWHPDONJ006286	XP_038720710.1, XP_038720711.1, XP_038722312.1
OG0003326	GWHPDONJ006297	XP_038722872.1, XP_038722873.1, XP_038722874.1
OG0003327	GWHPDONJ006300	XP_038693998.1, XP_038703344.1, XP_038723874.1
OG0003328	GWHPDONJ006346	XP_038696676.1, XP_038696677.1, XP_038696678.1
OG0003329	GWHPDONJ006366	XP_038697051.1, XP_038702109.1, XP_038719397.1
OG0003330	GWHPDONJ006369	XP_038689715.1, XP_038689722.1, XP_038689731.1
OG0003331	GWHPDONJ006377	XP_038700380.1, XP_038700381.1, XP_038724988.1
OG0003332	GWHPDONJ006380	XP_038714474.1, XP_038714481.1, XP_038714488.1
OG0003333	GWHPDONJ006427	XP_038695631.1, XP_038695632.1, XP_038698595.1
OG0003334	GWHPDONJ006472	XP_038721107.1, XP_038722125.1, XP_038722126.1
OG0003335	GWHPDONJ006474	XP_038681933.1, XP_038681934.1, XP_038683819.1
OG0003336	GWHPDONJ006502	XP_038680728.1, XP_038680729.1, XP_038681162.1
OG0003337	GWHPDONJ006525, GWHPDONJ008599	XP_038692418.1, XP_038692419.1
OG0003338	GWHPDONJ006552	XP_038697411.1, XP_038697580.1, XP_038697581.1
OG0003339	GWHPDONJ006572	XP_038725777.1, XP_038725778.1, XP_038725779.1
OG0003340	GWHPDONJ006580	XP_038708219.1, XP_038708220.1, XP_038708221.1
OG0003341	GWHPDONJ006581	XP_038681818.1, XP_038684208.1, XP_038708599.1
OG0003342	GWHPDONJ006582	XP_038682441.1, XP_038684510.1, XP_038684511.1
OG0003343	GWHPDONJ006583	XP_038681142.1, XP_038681143.1, XP_038681144.1
OG0003344	GWHPDONJ006587	XP_038725597.1, XP_038725598.1, XP_038725599.1
OG0003345	GWHPDONJ006589	XP_038725445.1, XP_038725446.1, XP_038725447.1
OG0003346	GWHPDONJ006590	XP_038682096.1, XP_038682898.1, XP_038709856.1
OG0003347	GWHPDONJ006602	XP_038684755.1, XP_038708417.1, XP_038708418.1
OG0003348	GWHPDONJ006607	XP_038701349.1, XP_038701355.1, XP_038701363.1
OG0003349	GWHPDONJ006616	XP_038679078.1, XP_038682813.1, XP_038688305.1
OG0003350	GWHPDONJ006618	XP_038700219.1, XP_038700220.1, XP_038700221.1
OG0003351	GWHPDONJ006626	XP_038680703.1, XP_038684000.1, XP_038709207.1
OG0003352	GWHPDONJ006630	XP_038701890.1, XP_038701893.1, XP_038711119.1
OG0003353	GWHPDONJ006635	XP_038682026.1, XP_038682027.1, XP_038682942.1
OG0003354	GWHPDONJ006643	XP_038697045.1, XP_038698826.1, XP_038698827.1
OG0003355	GWHPDONJ006659	XP_038683879.1, XP_038683880.1, XP_038683881.1
OG0003356	GWHPDONJ006664	XP_038682956.1, XP_038684087.1, XP_038684088.1
OG0003357	GWHPDONJ006683	XP_038719722.1, XP_038719723.1, XP_038723600.1
OG0003358	GWHPDONJ006693, GWHPDONJ006717	XP_038694976.1, XP_038694977.1
OG0003359	GWHPDONJ006700	XP_038697256.1, XP_038697257.1, XP_038718910.1
OG0003360	GWHPDONJ006706	XP_038703836.1, XP_038703838.1, XP_038703839.1
OG0003361	GWHPDONJ006723	XP_038716278.1, XP_038716279.1, XP_038716280.1
OG0003362	GWHPDONJ006728	XP_038692136.1, XP_038692137.1, XP_038692138.1
OG0003363	GWHPDONJ006742	XP_038705261.1, XP_038705263.1, XP_038705264.1
OG0003364	GWHPDONJ006763	XP_038692458.1, XP_038705911.1, XP_038714050.1
OG0003365	GWHPDONJ006769	XP_038693164.1, XP_038693165.1, XP_038713778.1
OG0003366	GWHPDONJ006816	XP_038693477.1, XP_038693478.1, XP_038705016.1
OG0003367	GWHPDONJ006821	XP_038693940.1, XP_038703735.1, XP_038713353.1
OG0003368	GWHPDONJ006841	XP_038705453.1, XP_038705454.1, XP_038706213.1
OG0003369	GWHPDONJ006843	XP_038693298.1, XP_038693316.1, XP_038693318.1
OG0003370	GWHPDONJ006873	XP_038680005.1, XP_038687392.1, XP_038726347.1
OG0003371	GWHPDONJ006887	XP_038703389.1, XP_038703576.1, XP_038714513.1
OG0003372	GWHPDONJ006890	XP_038687652.1, XP_038687653.1, XP_038725729.1
OG0003373	GWHPDONJ006897	XP_038678714.1, XP_038679687.1, XP_038686937.1
OG0003374	GWHPDONJ006900	XP_038680476.1, XP_038687649.1, XP_038726382.1
OG0003375	GWHPDONJ006906	XP_038680602.1, XP_038688285.1, XP_038688691.1
OG0003376	GWHPDONJ006944	XP_038693502.1, XP_038702695.1, XP_038713153.1
OG0003377	GWHPDONJ006952	XP_038680168.1, XP_038688076.1, XP_038725391.1
OG0003378	GWHPDONJ006955	XP_038687351.1, XP_038687352.1, XP_038687353.1
OG0003379	GWHPDONJ006958	XP_038678598.1, XP_038680512.1, XP_038687275.1
OG0003380	GWHPDONJ006963	XP_038678930.1, XP_038687141.1, XP_038724790.1
OG0003381	GWHPDONJ006970	XP_038680372.1, XP_038688314.1, XP_038725946.1
OG0003382	GWHPDONJ006972	XP_038679968.1, XP_038679969.1, XP_038687887.1
OG0003383	GWHPDONJ006985	XP_038684588.1, XP_038687354.1, XP_038708410.1
OG0003384	GWHPDONJ006991, GWHPDONJ010404	XP_038686924.1, XP_038686930.1
OG0003385	GWHPDONJ006994, GWHPDONJ009917	XP_038699921.1, XP_038699922.1
OG0003386	GWHPDONJ006996	XP_038680126.1, XP_038680127.1, XP_038688058.1
OG0003387	GWHPDONJ006997	XP_038682284.1, XP_038687659.1, XP_038724681.1
OG0003388	GWHPDONJ006998	XP_038690446.1, XP_038690447.1, XP_038690448.1
OG0003389	GWHPDONJ006999	XP_038686244.1, XP_038688321.1, XP_038724578.1
OG0003390	GWHPDONJ007004	XP_038679079.1, XP_038725719.1, XP_038725720.1
OG0003391	GWHPDONJ007027	XP_038680004.1, XP_038687691.1, XP_038724291.1
OG0003392	GWHPDONJ007029	XP_038688017.1, XP_038688018.1, XP_038688019.1
OG0003393	GWHPDONJ007040	XP_038681537.1, XP_038686129.1, XP_038686933.1
OG0003394	GWHPDONJ007043	XP_038687138.1, XP_038687139.1, XP_038687140.1
OG0003395	GWHPDONJ007063	XP_038724445.1, XP_038724446.1, XP_038724447.1
OG0003396	GWHPDONJ007072	XP_038682493.1, XP_038684692.1, XP_038709568.1
OG0003397	GWHPDONJ007078	XP_038678489.1, XP_038687295.1, XP_038687296.1
OG0003398	GWHPDONJ007087	XP_038684664.1, XP_038684666.1, XP_038709035.1
OG0003399	GWHPDONJ007088, GWHPDONJ008778	XP_038685840.1, XP_038690440.1
OG0003400	GWHPDONJ007095	XP_038678639.1, XP_038678988.1, XP_038687191.1
OG0003401	GWHPDONJ007097	XP_038726137.1, XP_038726138.1, XP_038726140.1
OG0003402	GWHPDONJ007108, GWHPDONJ008786	XP_038700949.1, XP_038712401.1
OG0003403	GWHPDONJ007124, GWHPDONJ008789	XP_038678720.1, XP_038678721.1
OG0003404	GWHPDONJ007138	XP_038713223.1, XP_038720288.1, XP_038723538.1
OG0003405	GWHPDONJ007165	XP_038687216.1, XP_038725647.1, XP_038725648.1
OG0003406	GWHPDONJ007183	XP_038695836.1, XP_038698213.1, XP_038698215.1
OG0003407	GWHPDONJ007193	XP_038693703.1, XP_038693710.1, XP_038701331.1
OG0003408	GWHPDONJ007206, GWHPDONJ008769	XP_038697498.1, XP_038697499.1
OG0003409	GWHPDONJ007210, GWHPDONJ008768	XP_038687380.1, XP_038687381.1
OG0003410	GWHPDONJ007221	XP_038713232.1, XP_038713234.1, XP_038713235.1
OG0003411	GWHPDONJ007226	XP_038680013.1, XP_038680014.1, XP_038712302.1
OG0003412	GWHPDONJ007250	XP_038680215.1, XP_038680216.1, XP_038712366.1
OG0003413	GWHPDONJ007258	XP_038707977.1, XP_038707978.1, XP_038707980.1
OG0003414	GWHPDONJ007263	XP_038682632.1, XP_038682716.1, XP_038682717.1
OG0003415	GWHPDONJ007270	XP_038699067.1, XP_038699068.1, XP_038711178.1
OG0003416	GWHPDONJ007310	XP_038720940.1, XP_038720941.1, XP_038722416.1
OG0003417	GWHPDONJ007311	XP_038680022.1, XP_038709971.1, XP_038711987.1
OG0003418	GWHPDONJ007344	XP_038705393.1, XP_038720966.1, XP_038721010.1
OG0003419	GWHPDONJ007346	XP_038721662.1, XP_038722430.1, XP_038724208.1
OG0003420	GWHPDONJ007347	XP_038703641.1, XP_038703649.1, XP_038703657.1
OG0003421	GWHPDONJ007353	XP_038694011.1, XP_038694012.1, XP_038717713.1
OG0003422	GWHPDONJ007358	XP_038685747.1, XP_038685784.1, XP_038710598.1
OG0003423	GWHPDONJ007369	XP_038689252.1, XP_038689317.1, XP_038689318.1
OG0003424	GWHPDONJ007391	XP_038716860.1, XP_038716861.1, XP_038716862.1
OG0003425	GWHPDONJ007401	XP_038705090.1, XP_038705091.1, XP_038722496.1
OG0003426	GWHPDONJ007409	XP_038706835.1, XP_038706836.1, XP_038706837.1
OG0003427	GWHPDONJ007410	XP_038685368.1, XP_038686932.1, XP_038689010.1
OG0003428	GWHPDONJ007447	XP_038694583.1, XP_038705577.1, XP_038724415.1
OG0003429	GWHPDONJ007463, GWHPDONJ010797	XP_038690590.1, XP_038690591.1
OG0003430	GWHPDONJ007472	XP_038686231.1, XP_038686559.1, XP_038691052.1
OG0003431	GWHPDONJ007485, GWHPDONJ007489	XP_038693167.1, XP_038693168.1
OG0003432	GWHPDONJ007495	XP_038700892.1, XP_038712965.1, XP_038725167.1
OG0003433	GWHPDONJ007497	XP_038703049.1, XP_038703050.1, XP_038715841.1
OG0003434	GWHPDONJ007511	XP_038688111.1, XP_038688112.1, XP_038724362.1
OG0003435	GWHPDONJ007538	XP_038714882.1, XP_038714883.1, XP_038716938.1
OG0003436	GWHPDONJ007546	XP_038723681.1, XP_038723682.1, XP_038723683.1
OG0003437	GWHPDONJ007549	XP_038721441.1, XP_038721442.1, XP_038721443.1
OG0003438	GWHPDONJ007567	XP_038721534.1, XP_038722677.1, XP_038723056.1
OG0003439	GWHPDONJ007575	XP_038691764.1, XP_038691833.1, XP_038723429.1
OG0003440	GWHPDONJ007586	XP_038717217.1, XP_038721793.1, XP_038721794.1
OG0003441	GWHPDONJ007595	XP_038724769.1, XP_038724770.1, XP_038724771.1
OG0003442	GWHPDONJ007596	XP_038685850.1, XP_038685852.1, XP_038685853.1
OG0003443	GWHPDONJ007598	XP_038686031.1, XP_038689007.1, XP_038690984.1
OG0003444	GWHPDONJ007600	XP_038713180.1, XP_038713182.1, XP_038713183.1
OG0003445	GWHPDONJ007611	XP_038689594.1, XP_038691199.1, XP_038691200.1
OG0003446	GWHPDONJ007616	XP_038704604.1, XP_038704605.1, XP_038716281.1
OG0003447	GWHPDONJ007617	XP_038703266.1, XP_038703956.1, XP_038714029.1
OG0003448	GWHPDONJ007633, GWHPDONJ008670	XP_038691614.1, XP_038710701.1
OG0003449	GWHPDONJ007634	XP_038721280.1, XP_038722033.1, XP_038723577.1
OG0003450	GWHPDONJ007637, GWHPDONJ008678	XP_038683615.1, XP_038686773.1
OG0003451	GWHPDONJ007649, GWHPDONJ007650	XP_038679496.1, XP_038688387.1
OG0003452	GWHPDONJ007656	XP_038685951.1, XP_038685952.1, XP_038685953.1
OG0003453	GWHPDONJ007671	XP_038710304.1, XP_038710305.1, XP_038710306.1
OG0003454	GWHPDONJ007689	XP_038700031.1, XP_038700033.1, XP_038700034.1
OG0003455	GWHPDONJ007718	XP_038682888.1, XP_038685190.1, XP_038709426.1
OG0003456	GWHPDONJ007719	XP_038698448.1, XP_038710477.1, XP_038710479.1
OG0003457	GWHPDONJ007722	XP_038706381.1, XP_038706382.1, XP_038706383.1
OG0003458	GWHPDONJ007725	XP_038694940.1, XP_038694941.1, XP_038694942.1
OG0003459	GWHPDONJ007748	XP_038694909.1, XP_038704887.1, XP_038712883.1
OG0003460	GWHPDONJ007766	XP_038688924.1, XP_038700225.1, XP_038700226.1
OG0003461	GWHPDONJ007779	XP_038682543.1, XP_038682544.1, XP_038682545.1
OG0003462	GWHPDONJ007780	XP_038695337.1, XP_038724440.1, XP_038724441.1
OG0003463	GWHPDONJ007784	XP_038710502.1, XP_038710503.1, XP_038710504.1
OG0003464	GWHPDONJ007786	XP_038684892.1, XP_038684893.1, XP_038708991.1
OG0003465	GWHPDONJ007790, GWHPDONJ007796	XP_038722899.1, XP_038722900.1
OG0003466	GWHPDONJ007799	XP_038719319.1, XP_038719320.1, XP_038723316.1
OG0003467	GWHPDONJ007808	XP_038680472.1, XP_038689086.1, XP_038710104.1
OG0003468	GWHPDONJ007810	XP_038679186.1, XP_038679187.1, XP_038710361.1
OG0003469	GWHPDONJ007814	XP_038690005.1, XP_038690006.1, XP_038690007.1
OG0003470	GWHPDONJ007822	XP_038696050.1, XP_038696051.1, XP_038696052.1
OG0003471	GWHPDONJ007826	XP_038679819.1, XP_038679820.1, XP_038688877.1
OG0003472	GWHPDONJ007837	XP_038705526.1, XP_038705527.1, XP_038705528.1
OG0003473	GWHPDONJ007846	XP_038692012.1, XP_038692013.1, XP_038692014.1
OG0003474	GWHPDONJ007857	XP_038711486.1, XP_038711487.1, XP_038711488.1
OG0003475	GWHPDONJ007868	XP_038693820.1, XP_038706511.1, XP_038706842.1
OG0003476	GWHPDONJ007878, GWHPDONJ008029	XP_038679116.1, XP_038679117.1
OG0003477	GWHPDONJ007892, GWHPDONJ007893	XP_038681649.1, XP_038683763.1
OG0003478	GWHPDONJ007910	XP_038713306.1, XP_038719308.1, XP_038723509.1
OG0003479	GWHPDONJ007931	XP_038684236.1, XP_038723123.1, XP_038723124.1
OG0003480	GWHPDONJ007945	XP_038709074.1, XP_038709082.1, XP_038721448.1
OG0003481	GWHPDONJ007948	XP_038703630.1, XP_038719401.1, XP_038722556.1
OG0003482	GWHPDONJ007952	XP_038707311.1, XP_038707315.1, XP_038707320.1
OG0003483	GWHPDONJ007956	XP_038714578.1, XP_038720112.1, XP_038720113.1
OG0003484	GWHPDONJ007966	XP_038694484.1, XP_038694486.1, XP_038706359.1
OG0003485	GWHPDONJ007972	XP_038724201.1, XP_038724202.1, XP_038724203.1
OG0003486	GWHPDONJ007975	XP_038695165.1, XP_038698198.1, XP_038724382.1
OG0003487	GWHPDONJ007982	XP_038722711.1, XP_038722712.1, XP_038722713.1
OG0003488	GWHPDONJ007985	XP_038696475.1, XP_038696476.1, XP_038697324.1
OG0003489	GWHPDONJ007988	XP_038725780.1, XP_038725781.1, XP_038725782.1
OG0003490	GWHPDONJ007990	XP_038709708.1, XP_038709709.1, XP_038709710.1
OG0003491	GWHPDONJ007993	XP_038706859.1, XP_038719510.1, XP_038720845.1
OG0003492	GWHPDONJ007994	XP_038726266.1, XP_038726275.1, XP_038726282.1
OG0003493	GWHPDONJ007995	XP_038702117.1, XP_038702118.1, XP_038702119.1
OG0003494	GWHPDONJ008000	XP_038697298.1, XP_038697299.1, XP_038697300.1
OG0003495	GWHPDONJ008001	XP_038695978.1, XP_038695987.1, XP_038695996.1
OG0003496	GWHPDONJ008010	XP_038695089.1, XP_038719228.1, XP_038719229.1
OG0003497	GWHPDONJ008017	XP_038703067.1, XP_038720327.1, XP_038723023.1
OG0003498	GWHPDONJ008026	XP_038726178.1, XP_038726180.1, XP_038726181.1
OG0003499	GWHPDONJ008033	XP_038692736.1, XP_038693973.1, XP_038704085.1
OG0003500	GWHPDONJ008040	XP_038697639.1, XP_038697640.1, XP_038702213.1
OG0003501	GWHPDONJ008055	XP_038692384.1, XP_038692392.1, XP_038692401.1
OG0003502	GWHPDONJ008060	XP_038696365.1, XP_038725745.1, XP_038725746.1
OG0003503	GWHPDONJ008063	XP_038679029.1, XP_038679030.1, XP_038679031.1
OG0003504	GWHPDONJ008106	XP_038726259.1, XP_038726260.1, XP_038726261.1
OG0003505	GWHPDONJ008110	XP_038725971.1, XP_038725972.1, XP_038725974.1
OG0003506	GWHPDONJ008112, GWHPDONJ008113	XP_038701410.1, XP_038701411.1
OG0003507	GWHPDONJ008128	XP_038695231.1, XP_038695241.1, XP_038701337.1
OG0003508	GWHPDONJ008147	XP_038707860.1, XP_038723798.1, XP_038723807.1
OG0003509	GWHPDONJ008148	XP_038719107.1, XP_038719108.1, XP_038719109.1
OG0003510	GWHPDONJ008168	XP_038703460.1, XP_038703467.1, XP_038721071.1
OG0003511	GWHPDONJ008178	XP_038680336.1, XP_038690045.1, XP_038712046.1
OG0003512	GWHPDONJ008190	XP_038717022.1, XP_038717023.1, XP_038717024.1
OG0003513	GWHPDONJ008202	XP_038682534.1, XP_038683339.1, XP_038683815.1
OG0003514	GWHPDONJ008204	XP_038696794.1, XP_038700932.1, XP_038700933.1
OG0003515	GWHPDONJ008210	XP_038695629.1, XP_038695630.1, XP_038698464.1
OG0003516	GWHPDONJ008215	XP_038685148.1, XP_038690167.1, XP_038710966.1
OG0003517	GWHPDONJ008216	XP_038691805.1, XP_038696878.1, XP_038696879.1
OG0003518	GWHPDONJ008220	XP_038699268.1, XP_038699269.1, XP_038712271.1
OG0003519	GWHPDONJ008254	XP_038705045.1, XP_038716326.1, XP_038717682.1
OG0003520	GWHPDONJ008256	XP_038695308.1, XP_038695309.1, XP_038710998.1
OG0003521	GWHPDONJ008257, GWHPDONJ008266	XP_038703318.1, XP_038713631.1
OG0003522	GWHPDONJ008262	XP_038711452.1, XP_038711453.1, XP_038711454.1
OG0003523	GWHPDONJ008269, GWHPDONJ010208	XP_038692905.1, XP_038706763.1
OG0003524	GWHPDONJ008278	XP_038689502.1, XP_038693904.1, XP_038693905.1
OG0003525	GWHPDONJ008279	XP_038697495.1, XP_038697496.1, XP_038697497.1
OG0003526	GWHPDONJ008280	XP_038720846.1, XP_038720847.1, XP_038722998.1
OG0003527	GWHPDONJ008307	XP_038701465.1, XP_038701466.1, XP_038719528.1
OG0003528	GWHPDONJ008311	XP_038697388.1, XP_038701884.1, XP_038720211.1
OG0003529	GWHPDONJ008313	XP_038686093.1, XP_038686101.1, XP_038686109.1
OG0003530	GWHPDONJ008337	XP_038685028.1, XP_038685687.1, XP_038691524.1
OG0003531	GWHPDONJ008351	XP_038678782.1, XP_038701462.1, XP_038726069.1
OG0003532	GWHPDONJ008368	XP_038678768.1, XP_038678769.1, XP_038678770.1
OG0003533	GWHPDONJ008403	XP_038705861.1, XP_038723718.1, XP_038723719.1
OG0003534	GWHPDONJ008406	XP_038705532.1, XP_038705534.1, XP_038720325.1
OG0003535	GWHPDONJ008412	XP_038700090.1, XP_038720148.1, XP_038720149.1
OG0003536	GWHPDONJ008422	XP_038720193.1, XP_038720194.1, XP_038720195.1
OG0003537	GWHPDONJ008423	XP_038705420.1, XP_038720185.1, XP_038720186.1
OG0003538	GWHPDONJ008437	XP_038717747.1, XP_038717748.1, XP_038717749.1
OG0003539	GWHPDONJ008439	XP_038697382.1, XP_038697383.1, XP_038701975.1
OG0003540	GWHPDONJ008449	XP_038695282.1, XP_038710278.1, XP_038710279.1
OG0003541	GWHPDONJ008476	XP_038695191.1, XP_038698631.1, XP_038711511.1
OG0003542	GWHPDONJ008483	XP_038712303.1, XP_038712304.1, XP_038712305.1
OG0003543	GWHPDONJ008484	XP_038689179.1, XP_038689186.1, XP_038689194.1
OG0003544	GWHPDONJ008487	XP_038693854.1, XP_038713591.1, XP_038717734.1
OG0003545	GWHPDONJ008500	XP_038691389.1, XP_038701684.1, XP_038701685.1
OG0003546	GWHPDONJ008508	XP_038698890.1, XP_038712291.1, XP_038712292.1
OG0003547	GWHPDONJ008515	XP_038684326.1, XP_038710052.1, XP_038711655.1
OG0003548	GWHPDONJ008523	XP_038710439.1, XP_038710441.1, XP_038710442.1
OG0003549	GWHPDONJ008528	XP_038695356.1, XP_038700765.1, XP_038712571.1
OG0003550	GWHPDONJ008560	XP_038701020.1, XP_038701021.1, XP_038711379.1
OG0003551	GWHPDONJ008569	XP_038702018.1, XP_038719678.1, XP_038719679.1
OG0003552	GWHPDONJ008585	XP_038696851.1, XP_038702400.1, XP_038721469.1
OG0003553	GWHPDONJ008604	XP_038718934.1, XP_038718935.1, XP_038718936.1
OG0003554	GWHPDONJ008613	XP_038704642.1, XP_038713855.1, XP_038719943.1
OG0003555	GWHPDONJ008622	XP_038690282.1, XP_038690289.1, XP_038720812.1
OG0003556	GWHPDONJ008632	XP_038707122.1, XP_038719792.1, XP_038720442.1
OG0003557	GWHPDONJ008636	XP_038697804.1, XP_038697805.1, XP_038721732.1
OG0003558	GWHPDONJ008642	XP_038681364.1, XP_038681365.1, XP_038684745.1
OG0003559	GWHPDONJ008655	XP_038694442.1, XP_038717818.1, XP_038717819.1
OG0003560	GWHPDONJ008711	XP_038695221.1, XP_038699606.1, XP_038724973.1
OG0003561	GWHPDONJ008715	XP_038697882.1, XP_038724907.1, XP_038724908.1
OG0003562	GWHPDONJ008727	XP_038690225.1, XP_038690233.1, XP_038719223.1
OG0003563	GWHPDONJ008748	XP_038697342.1, XP_038697343.1, XP_038721182.1
OG0003564	GWHPDONJ008759, GWHPDONJ009126	XP_038702782.1, XP_038713801.1
OG0003565	GWHPDONJ008798	XP_038696060.1, XP_038700799.1, XP_038712233.1
OG0003566	GWHPDONJ008800	XP_038714379.1, XP_038714380.1, XP_038718664.1
OG0003567	GWHPDONJ008805	XP_038694403.1, XP_038694404.1, XP_038694508.1
OG0003568	GWHPDONJ008815	XP_038702617.1, XP_038704306.1, XP_038709377.1
OG0003569	GWHPDONJ008825	XP_038696265.1, XP_038696266.1, XP_038696267.1
OG0003570	GWHPDONJ008827	XP_038694280.1, XP_038694281.1, XP_038702667.1
OG0003571	GWHPDONJ008830	XP_038711578.1, XP_038711580.1, XP_038711581.1
OG0003572	GWHPDONJ008842	XP_038711116.1, XP_038711117.1, XP_038711118.1
OG0003573	GWHPDONJ008847	XP_038696174.1, XP_038696175.1, XP_038712029.1
OG0003574	GWHPDONJ008854	XP_038696371.1, XP_038699468.1, XP_038699469.1
OG0003575	GWHPDONJ008858	XP_038697776.1, XP_038697777.1, XP_038697778.1
OG0003576	GWHPDONJ008864	XP_038720676.1, XP_038720677.1, XP_038720678.1
OG0003577	GWHPDONJ008866, GWHPDONJ010139	XP_038693034.1, XP_038700364.1
OG0003578	GWHPDONJ008869, GWHPDONJ010586	XP_038698901.1, XP_038712619.1
OG0003579	GWHPDONJ008898	XP_038690197.1, XP_038711061.1, XP_038711062.1
OG0003580	GWHPDONJ008917	XP_038689097.1, XP_038691631.1, XP_038705042.1
OG0003581	GWHPDONJ008920	XP_038686338.1, XP_038688656.1, XP_038689161.1
OG0003582	GWHPDONJ008927	XP_038712790.1, XP_038712791.1, XP_038712792.1
OG0003583	GWHPDONJ008936	XP_038689175.1, XP_038689176.1, XP_038689177.1
OG0003584	GWHPDONJ008955	XP_038710681.1, XP_038710763.1, XP_038710833.1
OG0003585	GWHPDONJ008968	XP_038697936.1, XP_038724215.1, XP_038724216.1
OG0003586	GWHPDONJ008980	XP_038703424.1, XP_038712325.1, XP_038713065.1
OG0003587	GWHPDONJ008995	XP_038686355.1, XP_038689468.1, XP_038691753.1
OG0003588	GWHPDONJ009014	XP_038693261.1, XP_038693262.1, XP_038707858.1
OG0003589	GWHPDONJ009016	XP_038689204.1, XP_038689205.1, XP_038689491.1
OG0003590	GWHPDONJ009019, GWHPDONJ009928	XP_038685117.1, XP_038689347.1
OG0003591	GWHPDONJ009020	XP_038685116.1, XP_038689346.1, XP_038690869.1
OG0003592	GWHPDONJ009032	XP_038686556.1, XP_038690157.1, XP_038691070.1
OG0003593	GWHPDONJ009045	XP_038685481.1, XP_038714824.1, XP_038715167.1
OG0003594	GWHPDONJ009056	XP_038710882.1, XP_038710883.1, XP_038710884.1
OG0003595	GWHPDONJ009065, GWHPDONJ009067	XP_038697369.1, XP_038697370.1
OG0003596	GWHPDONJ009079, GWHPDONJ009081	XP_038704697.1, XP_038713811.1
OG0003597	GWHPDONJ009099	XP_038683868.1, XP_038715157.1, XP_038718327.1
OG0003598	GWHPDONJ009117	XP_038693532.1, XP_038703978.1, XP_038713740.1
OG0003599	GWHPDONJ009118	XP_038694275.1, XP_038694276.1, XP_038704184.1
OG0003600	GWHPDONJ009160	XP_038719026.1, XP_038719027.1, XP_038719028.1
OG0003601	GWHPDONJ009174	XP_038686772.1, XP_038691812.1, XP_038691813.1
OG0003602	GWHPDONJ009186	XP_038678625.1, XP_038679264.1, XP_038679546.1
OG0003603	GWHPDONJ009192	XP_038697010.1, XP_038725900.1, XP_038725901.1
OG0003604	GWHPDONJ009197	XP_038705099.1, XP_038716411.1, XP_038718391.1
OG0003605	GWHPDONJ009199	XP_038719241.1, XP_038719242.1, XP_038719243.1
OG0003606	GWHPDONJ009208	XP_038697564.1, XP_038698059.1, XP_038719055.1
OG0003607	GWHPDONJ009215	XP_038714932.1, XP_038714934.1, XP_038717588.1
OG0003608	GWHPDONJ009231	XP_038715019.1, XP_038716652.1, XP_038716922.1
OG0003609	GWHPDONJ009257	XP_038679491.1, XP_038680407.1, XP_038680409.1
OG0003610	GWHPDONJ009306	XP_038711783.1, XP_038711839.1, XP_038711844.1
OG0003611	GWHPDONJ009315	XP_038681877.1, XP_038692232.1, XP_038707964.1
OG0003612	GWHPDONJ009380	XP_038687208.1, XP_038725754.1, XP_038725755.1
OG0003613	GWHPDONJ009388	XP_038679846.1, XP_038679848.1, XP_038679849.1
OG0003614	GWHPDONJ009389	XP_038725176.1, XP_038725177.1, XP_038725178.1
OG0003615	GWHPDONJ009400	XP_038687920.1, XP_038687921.1, XP_038687922.1
OG0003616	GWHPDONJ009418	XP_038704687.1, XP_038714487.1, XP_038714489.1
OG0003617	GWHPDONJ009423	XP_038683073.1, XP_038685789.1, XP_038685790.1
OG0003618	GWHPDONJ009425	XP_038685064.1, XP_038708137.1, XP_038709331.1
OG0003619	GWHPDONJ009427	XP_038679005.1, XP_038679006.1, XP_038725331.1
OG0003620	GWHPDONJ009434	XP_038687340.1, XP_038687341.1, XP_038724673.1
OG0003621	GWHPDONJ009435	XP_038678647.1, XP_038678648.1, XP_038701095.1
OG0003622	GWHPDONJ009445	XP_038715236.1, XP_038715484.1, XP_038717018.1
OG0003623	GWHPDONJ009452	XP_038683735.1, XP_038683736.1, XP_038685060.1
OG0003624	GWHPDONJ009468	XP_038686237.1, XP_038708966.1, XP_038722322.1
OG0003625	GWHPDONJ009496	XP_038686812.1, XP_038704379.1, XP_038709108.1
OG0003626	GWHPDONJ009506	XP_038708313.1, XP_038708314.1, XP_038708315.1
OG0003627	GWHPDONJ009515	XP_038718905.1, XP_038718906.1, XP_038718907.1
OG0003628	GWHPDONJ009518	XP_038682280.1, XP_038682289.1, XP_038705775.1
OG0003629	GWHPDONJ009521, GWHPDONJ009523	XP_038690062.1, XP_038711724.1
OG0003630	GWHPDONJ009529	XP_038683554.1, XP_038683555.1, XP_038707583.1
OG0003631	GWHPDONJ009534	XP_038678365.1, XP_038700389.1, XP_038724718.1
OG0003632	GWHPDONJ009549	XP_038683774.1, XP_038683775.1, XP_038686792.1
OG0003633	GWHPDONJ009554	XP_038708073.1, XP_038708083.1, XP_038708090.1
OG0003634	GWHPDONJ009587	XP_038708136.1, XP_038708138.1, XP_038708139.1
OG0003635	GWHPDONJ009589	XP_038681841.1, XP_038681842.1, XP_038681843.1
OG0003636	GWHPDONJ009591	XP_038714576.1, XP_038714577.1, XP_038714580.1
OG0003637	GWHPDONJ009605	XP_038685534.1, XP_038685535.1, XP_038685538.1
OG0003638	GWHPDONJ009627	XP_038692875.1, XP_038692877.1, XP_038692878.1
OG0003639	GWHPDONJ009633	XP_038699011.1, XP_038711103.1, XP_038712742.1
OG0003640	GWHPDONJ009634	XP_038711451.1, XP_038721252.1, XP_038721253.1
OG0003641	GWHPDONJ009653	XP_038704246.1, XP_038716175.1, XP_038718069.1
OG0003642	GWHPDONJ009664	XP_038696129.1, XP_038711312.1, XP_038711313.1
OG0003643	GWHPDONJ009670	XP_038683103.1, XP_038683104.1, XP_038683644.1
OG0003644	GWHPDONJ009701	XP_038683286.1, XP_038698902.1, XP_038708416.1
OG0003645	GWHPDONJ009711	XP_038679175.1, XP_038689048.1, XP_038689049.1
OG0003646	GWHPDONJ009716	XP_038698781.1, XP_038710952.1, XP_038712741.1
OG0003647	GWHPDONJ009731	XP_038695265.1, XP_038703022.1, XP_038710227.1
OG0003648	GWHPDONJ009732	XP_038724860.1, XP_038724861.1, XP_038724862.1
OG0003649	GWHPDONJ009747	XP_038693157.1, XP_038693158.1, XP_038693159.1
OG0003650	GWHPDONJ009778	XP_038722758.1, XP_038722759.1, XP_038722760.1
OG0003651	GWHPDONJ009789	XP_038719645.1, XP_038722690.1, XP_038722691.1
OG0003652	GWHPDONJ009794	XP_038702374.1, XP_038720996.1, XP_038720998.1
OG0003653	GWHPDONJ009799	XP_038719016.1, XP_038719017.1, XP_038722175.1
OG0003654	GWHPDONJ009800	XP_038723721.1, XP_038723722.1, XP_038723723.1
OG0003655	GWHPDONJ009802	XP_038694795.1, XP_038706155.1, XP_038706156.1
OG0003656	GWHPDONJ009810	XP_038705182.1, XP_038705192.1, XP_038705201.1
OG0003657	GWHPDONJ009813	XP_038692512.1, XP_038699669.1, XP_038723143.1
OG0003658	GWHPDONJ009823	XP_038692477.1, XP_038707518.1, XP_038710931.1
OG0003659	GWHPDONJ009829	XP_038699763.1, XP_038699772.1, XP_038723307.1
OG0003660	GWHPDONJ009830	XP_038718856.1, XP_038718857.1, XP_038718858.1
OG0003661	GWHPDONJ009864	XP_038678651.1, XP_038696474.1, XP_038699417.1
OG0003662	GWHPDONJ009877	XP_038693902.1, XP_038693903.1, XP_038706914.1
OG0003663	GWHPDONJ009894	XP_038699658.1, XP_038721408.1, XP_038722448.1
OG0003664	GWHPDONJ009912	XP_038688913.1, XP_038688914.1, XP_038688915.1
OG0003665	GWHPDONJ009913	XP_038721394.1, XP_038721402.1, XP_038721410.1
OG0003666	GWHPDONJ009942	XP_038711259.1, XP_038711260.1, XP_038711262.1
OG0003667	GWHPDONJ009950	XP_038680072.1, XP_038680073.1, XP_038680074.1
OG0003668	GWHPDONJ009959	XP_038718886.1, XP_038718887.1, XP_038722847.1
OG0003669	GWHPDONJ009969	XP_038701517.1, XP_038701526.1, XP_038701534.1
OG0003670	GWHPDONJ009971	XP_038701777.1, XP_038723057.1, XP_038723058.1
OG0003671	GWHPDONJ009973	XP_038722557.1, XP_038722558.1, XP_038722559.1
OG0003672	GWHPDONJ009980, GWHPDONJ009981, GWHPDONJ009982	XP_038687541.1
OG0003673	GWHPDONJ009993	XP_038704650.1, XP_038724177.1, XP_038724178.1
OG0003674	GWHPDONJ010014	XP_038694523.1, XP_038694525.1, XP_038705276.1
OG0003675	GWHPDONJ010015	XP_038697934.1, XP_038697935.1, XP_038719573.1
OG0003676	GWHPDONJ010021	XP_038692585.1, XP_038705335.1, XP_038713018.1
OG0003677	GWHPDONJ010025	XP_038683562.1, XP_038700019.1, XP_038722354.1
OG0003678	GWHPDONJ010028	XP_038704019.1, XP_038704647.1, XP_038712954.1
OG0003679	GWHPDONJ010035	XP_038703334.1, XP_038714219.1, XP_038714220.1
OG0003680	GWHPDONJ010037	XP_038694744.1, XP_038702863.1, XP_038714319.1
OG0003681	GWHPDONJ010046	XP_038693932.1, XP_038693933.1, XP_038703436.1
OG0003682	GWHPDONJ010057	XP_038703314.1, XP_038703315.1, XP_038712810.1
OG0003683	GWHPDONJ010077	XP_038685298.1, XP_038688823.1, XP_038689570.1
OG0003684	GWHPDONJ010089	XP_038682122.1, XP_038709551.1, XP_038722397.1
OG0003685	GWHPDONJ010103	XP_038703059.1, XP_038704488.1, XP_038705233.1
OG0003686	GWHPDONJ010105	XP_038705027.1, XP_038715542.1, XP_038724074.1
OG0003687	GWHPDONJ010121, GWHPDONJ010214	XP_038694765.1, XP_038705275.1
OG0003688	GWHPDONJ010132	XP_038694045.1, XP_038695554.1, XP_038718049.1
OG0003689	GWHPDONJ010136	XP_038699935.1, XP_038725201.1, XP_038725202.1
OG0003690	GWHPDONJ010145	XP_038713612.1, XP_038717066.1, XP_038717067.1
OG0003691	GWHPDONJ010146	XP_038717580.1, XP_038717581.1, XP_038717582.1
OG0003692	GWHPDONJ010156	XP_038694380.1, XP_038694381.1, XP_038694382.1
OG0003693	GWHPDONJ010201	XP_038714323.1, XP_038717537.1, XP_038725526.1
OG0003694	GWHPDONJ010213, GWHPDONJ010661	XP_038713071.1, XP_038713072.1
OG0003695	GWHPDONJ010217	XP_038680664.1, XP_038680665.1, XP_038684080.1
OG0003696	GWHPDONJ010223	XP_038681557.1, XP_038681558.1, XP_038681559.1
OG0003697	GWHPDONJ010226	XP_038682421.1, XP_038682422.1, XP_038708582.1
OG0003698	GWHPDONJ010247	XP_038678554.1, XP_038687137.1, XP_038724371.1
OG0003699	GWHPDONJ010268	XP_038704422.1, XP_038718003.1, XP_038718004.1
OG0003700	GWHPDONJ010277	XP_038715161.1, XP_038715162.1, XP_038715163.1
OG0003701	GWHPDONJ010281	XP_038685005.1, XP_038702395.1, XP_038721644.1
OG0003702	GWHPDONJ010285	XP_038702021.1, XP_038702022.1, XP_038702023.1
OG0003703	GWHPDONJ010291	XP_038690641.1, XP_038690649.1, XP_038720816.1
OG0003704	GWHPDONJ010293	XP_038701415.1, XP_038701560.1, XP_038719084.1
OG0003705	GWHPDONJ010312	XP_038680269.1, XP_038725896.1, XP_038725897.1
OG0003706	GWHPDONJ010315	XP_038692781.1, XP_038692782.1, XP_038705426.1
OG0003707	GWHPDONJ010316	XP_038712759.1, XP_038723013.1, XP_038723021.1
OG0003708	GWHPDONJ010322	XP_038680012.1, XP_038680016.1, XP_038707941.1
OG0003709	GWHPDONJ010325	XP_038696524.1, XP_038696525.1, XP_038698949.1
OG0003710	GWHPDONJ010348	XP_038700087.1, XP_038700088.1, XP_038726064.1
OG0003711	GWHPDONJ010351	XP_038705408.1, XP_038723625.1, XP_038723626.1
OG0003712	GWHPDONJ010366	XP_038682661.1, XP_038682669.1, XP_038705987.1
OG0003713	GWHPDONJ010368	XP_038699151.1, XP_038704865.1, XP_038711991.1
OG0003714	GWHPDONJ010372	XP_038697169.1, XP_038697170.1, XP_038702193.1
OG0003715	GWHPDONJ010387	XP_038723107.1, XP_038723108.1, XP_038723109.1
OG0003716	GWHPDONJ010389	XP_038695402.1, XP_038713160.1, XP_038713161.1
OG0003717	GWHPDONJ010402	XP_038683933.1, XP_038683934.1, XP_038687005.1
OG0003718	GWHPDONJ010412	XP_038689428.1, XP_038689429.1, XP_038710396.1
OG0003719	GWHPDONJ010419	XP_038679505.1, XP_038688036.1, XP_038726099.1
OG0003720	GWHPDONJ010434	XP_038704922.1, XP_038704923.1, XP_038704924.1
OG0003721	GWHPDONJ010443	XP_038684881.1, XP_038686503.1, XP_038688141.1
OG0003722	GWHPDONJ010450	XP_038683110.1, XP_038683111.1, XP_038708171.1
OG0003723	GWHPDONJ010454	XP_038684911.1, XP_038686603.1, XP_038708394.1
OG0003724	GWHPDONJ010468	XP_038687347.1, XP_038687348.1, XP_038726065.1
OG0003725	GWHPDONJ010471	XP_038697927.1, XP_038697928.1, XP_038697929.1
OG0003726	GWHPDONJ010475	XP_038700906.1, XP_038700907.1, XP_038701169.1
OG0003727	GWHPDONJ010601	XP_038690253.1, XP_038711565.1, XP_038711566.1
OG0003728	GWHPDONJ010612	XP_038695113.1, XP_038695114.1, XP_038724531.1
OG0003729	GWHPDONJ010615	XP_038714715.1, XP_038714716.1, XP_038714717.1
OG0003730	GWHPDONJ010618	XP_038707384.1, XP_038707385.1, XP_038707386.1
OG0003731	GWHPDONJ010627	XP_038714846.1, XP_038714847.1, XP_038716857.1
OG0003732	GWHPDONJ010648	XP_038680204.1, XP_038712782.1, XP_038712783.1
OG0003733	GWHPDONJ010674	XP_038704188.1, XP_038704189.1, XP_038714181.1
OG0003734	GWHPDONJ010689	XP_038684667.1, XP_038709388.1, XP_038709389.1
OG0003735	GWHPDONJ010693	XP_038708228.1, XP_038708229.1, XP_038708230.1
OG0003736	GWHPDONJ010701	XP_038698747.1, XP_038710746.1, XP_038710747.1
OG0003737	GWHPDONJ010740	XP_038720385.1, XP_038720394.1, XP_038720401.1
OG0003738	GWHPDONJ010743	XP_038706441.1, XP_038706543.1, XP_038706544.1
OG0003739	GWHPDONJ010752	XP_038683417.1, XP_038683418.1, XP_038683419.1
OG0003740	GWHPDONJ010770	XP_038705601.1, XP_038705602.1, XP_038705603.1
OG0003741	GWHPDONJ010782	XP_038681307.1, XP_038682788.1, XP_038683178.1
OG0003742	GWHPDONJ010788	XP_038700075.1, XP_038700076.1, XP_038700077.1
OG0003743	GWHPDONJ010794	XP_038694324.1, XP_038705928.1, XP_038705929.1
OG0003744	GWHPDONJ010813	XP_038680083.1, XP_038680084.1, XP_038680085.1
OG0003745	GWHPDONJ010828	XP_038724851.1, XP_038724852.1, XP_038724853.1
OG0003746	GWHPDONJ010833	XP_038679176.1, XP_038679177.1, XP_038689489.1
OG0003747	GWHPDONJ010841	XP_038716075.1, XP_038716076.1, XP_038716735.1
OG0003748	GWHPDONJ010850	XP_038689276.1, XP_038690122.1, XP_038712560.1
OG0003749	GWHPDONJ010869	XP_038724478.1, XP_038724479.1, XP_038724480.1
OG0003750	GWHPDONJ010880	XP_038682743.1, XP_038684868.1, XP_038709813.1
OG0003751	GWHPDONJ010886	XP_038693485.1, XP_038693486.1, XP_038714088.1
OG0003752	GWHPDONJ010910	XP_038689587.1, XP_038689588.1, XP_038692004.1
OG0003753	GWHPDONJ010920	XP_038683994.1, XP_038683996.1, XP_038683997.1
OG0003754	Null	XP_038678338.1, XP_038692832.1, XP_038707471.1, XP_038722720.1
OG0003755	Null	XP_038678389.1, XP_038721008.1, XP_038721974.1, XP_038723554.1
OG0003756	Null	XP_038678399.1, XP_038701045.1, XP_038701046.1, XP_038725220.1
OG0003757	Null	XP_038678406.1, XP_038694139.1, XP_038705674.1, XP_038707134.1
OG0003758	Null	XP_038678444.1, XP_038695299.1, XP_038695302.1, XP_038700976.1
OG0003759	Null	XP_038678453.1, XP_038678632.1, XP_038696535.1, XP_038699564.1
OG0003760	Null	XP_038678549.1, XP_038678550.1, XP_038678551.1, XP_038678553.1
OG0003761	Null	XP_038678557.1, XP_038678558.1, XP_038696917.1, XP_038696918.1
OG0003762	Null	XP_038678578.1, XP_038688410.1, XP_038688411.1, XP_038688412.1
OG0003763	Null	XP_038678583.1, XP_038687687.1, XP_038687688.1, XP_038693717.1
OG0003764	Null	XP_038678597.1, XP_038694562.1, XP_038700441.1, XP_038707992.1
OG0003765	Null	XP_038678662.1, XP_038678704.1, XP_038682099.1, XP_038682851.1
OG0003766	Null	XP_038678674.1, XP_038687786.1, XP_038687787.1, XP_038687846.1
OG0003767	Null	XP_038678763.1, XP_038680312.1, XP_038687360.1, XP_038687361.1
OG0003768	Null	XP_038678787.1, XP_038686954.1, XP_038686955.1, XP_038725244.1
OG0003769	Null	XP_038678834.1, XP_038679476.1, XP_038680416.1, XP_038725667.1
OG0003770	Null	XP_038678931.1, XP_038678932.1, XP_038712606.1, XP_038712675.1
OG0003771	Null	XP_038678960.1, XP_038687673.1, XP_038725247.1, XP_038725248.1
OG0003772	Null	XP_038678981.1, XP_038678982.1, XP_038678983.1, XP_038678984.1
OG0003773	Null	XP_038679062.1, XP_038679063.1, XP_038679064.1, XP_038688881.1
OG0003774	Null	XP_038679072.1, XP_038679073.1, XP_038679074.1, XP_038679075.1
OG0003775	Null	XP_038679105.1, XP_038685179.1, XP_038688122.1, XP_038725567.1
OG0003776	Null	XP_038679146.1, XP_038679153.1, XP_038679162.1, XP_038679171.1
OG0003777	Null	XP_038679148.1, XP_038679569.1, XP_038679956.1, XP_038689571.1
OG0003778	Null	XP_038679163.1, XP_038691606.1, XP_038691607.1, XP_038710617.1
OG0003779	Null	XP_038679260.1, XP_038679261.1, XP_038689973.1, XP_038689974.1
OG0003780	Null	XP_038679278.1, XP_038679287.1, XP_038679289.1, XP_038679297.1
OG0003781	Null	XP_038679300.1, XP_038717314.1, XP_038717315.1, XP_038722444.1
OG0003782	Null	XP_038679313.1, XP_038682635.1, XP_038683964.1, XP_038708058.1
OG0003783	Null	XP_038679414.1, XP_038704773.1, XP_038715020.1, XP_038725578.1
OG0003784	Null	XP_038679438.1, XP_038680433.1, XP_038686586.1, XP_038698008.1
OG0003785	Null	XP_038679449.1, XP_038699580.1, XP_038701072.1, XP_038726090.1
OG0003786	Null	XP_038679456.1, XP_038680205.1, XP_038688035.1, XP_038688143.1
OG0003787	Null	XP_038679483.1, XP_038724358.1, XP_038724359.1, XP_038724360.1
OG0003788	Null	XP_038679676.1, XP_038718237.1, XP_038719810.1, XP_038719832.1
OG0003789	Null	XP_038679744.1, XP_038679751.1, XP_038705491.1, XP_038705492.1
OG0003790	Null	XP_038679839.1, XP_038679840.1, XP_038687999.1, XP_038688000.1
OG0003791	Null	XP_038679861.1, XP_038679862.1, XP_038725812.1, XP_038725813.1
OG0003792	Null	XP_038679893.1, XP_038688880.1, XP_038699516.1, XP_038708593.1
OG0003793	Null	XP_038679939.1, XP_038679940.1, XP_038679941.1, XP_038679942.1
OG0003794	Null	XP_038679964.1, XP_038679965.1, XP_038679966.1, XP_038687983.1
OG0003795	Null	XP_038680008.1, XP_038680009.1, XP_038680010.1, XP_038680011.1
OG0003796	Null	XP_038680039.1, XP_038691185.1, XP_038710231.1, XP_038719492.1
OG0003797	Null	XP_038680056.1, XP_038680058.1, XP_038726290.1, XP_038726291.1
OG0003798	Null	XP_038680118.1, XP_038680119.1, XP_038680120.1, XP_038680121.1
OG0003799	Null	XP_038680151.1, XP_038680152.1, XP_038687271.1, XP_038692803.1
OG0003800	Null	XP_038680154.1, XP_038680155.1, XP_038726163.1, XP_038726164.1
OG0003801	Null	XP_038680207.1, XP_038697375.1, XP_038702571.1, XP_038724307.1
OG0003802	Null	XP_038680272.1, XP_038712142.1, XP_038712143.1, XP_038725930.1
OG0003803	Null	XP_038680281.1, XP_038706843.1, XP_038712280.1, XP_038713396.1
OG0003804	Null	XP_038680488.1, XP_038680489.1, XP_038725534.1, XP_038725535.1
OG0003805	Null	XP_038680580.1, XP_038680581.1, XP_038680582.1, XP_038711485.1
OG0003806	Null	XP_038680599.1, XP_038687751.1, XP_038687752.1, XP_038689590.1
OG0003807	Null	XP_038680612.1, XP_038680613.1, XP_038684295.1, XP_038684296.1
OG0003808	Null	XP_038680615.1, XP_038686256.1, XP_038701227.1, XP_038709564.1
OG0003809	Null	XP_038680639.1, XP_038708452.1, XP_038709487.1, XP_038709836.1
OG0003810	Null	XP_038680851.1, XP_038684528.1, XP_038691152.1, XP_038708571.1
OG0003811	Null	XP_038680891.1, XP_038693810.1, XP_038707607.1, XP_038724736.1
OG0003812	Null	XP_038680946.1, XP_038688711.1, XP_038713452.1, XP_038718167.1
OG0003813	Null	XP_038680963.1, XP_038693464.1, XP_038693465.1, XP_038693467.1
OG0003814	Null	XP_038680985.1, XP_038685067.1, XP_038710982.1, XP_038711004.1
OG0003815	Null	XP_038681010.1, XP_038681725.1, XP_038682650.1, XP_038683762.1
OG0003816	Null	XP_038681023.1, XP_038681024.1, XP_038682314.1, XP_038682317.1
OG0003817	Null	XP_038681047.1, XP_038684859.1, XP_038684860.1, XP_038684862.1
OG0003818	Null	XP_038681051.1, XP_038693064.1, XP_038693073.1, XP_038723041.1
OG0003819	Null	XP_038681067.1, XP_038696188.1, XP_038698682.1, XP_038709692.1
OG0003820	Null	XP_038681100.1, XP_038681101.1, XP_038681102.1, XP_038681103.1
OG0003821	Null	XP_038681118.1, XP_038684761.1, XP_038685153.1, XP_038696872.1
OG0003822	Null	XP_038681119.1, XP_038681120.1, XP_038681123.1, XP_038681124.1
OG0003823	Null	XP_038681126.1, XP_038681127.1, XP_038681128.1, XP_038698775.1
OG0003824	Null	XP_038681135.1, XP_038692790.1, XP_038706113.1, XP_038706114.1
OG0003825	Null	XP_038681249.1, XP_038689180.1, XP_038693129.1, XP_038704659.1
OG0003826	Null	XP_038681380.1, XP_038681381.1, XP_038684712.1, XP_038708183.1
OG0003827	Null	XP_038681392.1, XP_038681393.1, XP_038681394.1, XP_038681395.1
OG0003828	Null	XP_038681430.1, XP_038681431.1, XP_038681432.1, XP_038681433.1
OG0003829	Null	XP_038681467.1, XP_038684579.1, XP_038708799.1, XP_038715307.1
OG0003830	Null	XP_038681494.1, XP_038681495.1, XP_038682040.1, XP_038682043.1
OG0003831	Null	XP_038681556.1, XP_038684306.1, XP_038685828.1, XP_038688279.1
OG0003832	Null	XP_038681647.1, XP_038681648.1, XP_038708388.1, XP_038708389.1
OG0003833	Null	XP_038681664.1, XP_038681665.1, XP_038683099.1, XP_038709294.1
OG0003834	Null	XP_038681684.1, XP_038688670.1, XP_038689135.1, XP_038696087.1
OG0003835	Null	XP_038681685.1, XP_038681686.1, XP_038682855.1, XP_038683187.1
OG0003836	Null	XP_038681687.1, XP_038683273.1, XP_038683816.1, XP_038683817.1
OG0003837	Null	XP_038681699.1, XP_038681700.1, XP_038684940.1, XP_038684941.1
OG0003838	Null	XP_038681703.1, XP_038681704.1, XP_038683598.1, XP_038683599.1
OG0003839	Null	XP_038681713.1, XP_038681714.1, XP_038681715.1, XP_038681716.1
OG0003840	Null	XP_038681771.1, XP_038683587.1, XP_038683588.1, XP_038683589.1
OG0003841	Null	XP_038681809.1, XP_038682300.1, XP_038692783.1, XP_038692784.1
OG0003842	Null	XP_038681829.1, XP_038681830.1, XP_038681831.1, XP_038681832.1
OG0003843	Null	XP_038681845.1, XP_038681846.1, XP_038681848.1, XP_038681849.1
OG0003844	Null	XP_038681919.1, XP_038709346.1, XP_038716160.1, XP_038717283.1
OG0003845	Null	XP_038681922.1, XP_038683077.1, XP_038684050.1, XP_038709714.1
OG0003846	Null	XP_038681947.1, XP_038683324.1, XP_038683325.1, XP_038708715.1
OG0003847	Null	XP_038681951.1, XP_038681952.1, XP_038681953.1, XP_038709393.1
OG0003848	Null	XP_038681955.1, XP_038681964.1, XP_038694798.1, XP_038706919.1
OG0003849	Null	XP_038681974.1, XP_038681976.1, XP_038681977.1, XP_038682010.1
OG0003850	Null	XP_038682033.1, XP_038683415.1, XP_038693763.1, XP_038703865.1
OG0003851	Null	XP_038682089.1, XP_038682090.1, XP_038684570.1, XP_038684571.1
OG0003852	Null	XP_038682150.1, XP_038683670.1, XP_038683671.1, XP_038683672.1
OG0003853	Null	XP_038682228.1, XP_038682229.1, XP_038682231.1, XP_038685012.1
OG0003854	Null	XP_038682308.1, XP_038682309.1, XP_038682310.1, XP_038683600.1
OG0003855	Null	XP_038682420.1, XP_038697634.1, XP_038704861.1, XP_038715186.1
OG0003856	Null	XP_038682461.1, XP_038686501.1, XP_038689821.1, XP_038704637.1
OG0003857	Null	XP_038682491.1, XP_038682499.1, XP_038682508.1, XP_038682516.1
OG0003858	Null	XP_038682506.1, XP_038682507.1, XP_038682509.1, XP_038682510.1
OG0003859	Null	XP_038682588.1, XP_038682589.1, XP_038682590.1, XP_038683508.1
OG0003860	Null	XP_038682592.1, XP_038682593.1, XP_038682594.1, XP_038682595.1
OG0003861	Null	XP_038682668.1, XP_038682670.1, XP_038682671.1, XP_038683849.1
OG0003862	Null	XP_038682731.1, XP_038682735.1, XP_038682912.1, XP_038709016.1
OG0003863	Null	XP_038682737.1, XP_038682738.1, XP_038709650.1, XP_038709651.1
OG0003864	Null	XP_038682749.1, XP_038682750.1, XP_038709471.1, XP_038709472.1
OG0003865	Null	XP_038682763.1, XP_038682993.1, XP_038688229.1, XP_038724956.1
OG0003866	Null	XP_038682832.1, XP_038682833.1, XP_038682834.1, XP_038682835.1
OG0003867	Null	XP_038682958.1, XP_038684110.1, XP_038684226.1, XP_038684534.1
OG0003868	Null	XP_038682978.1, XP_038682979.1, XP_038682980.1, XP_038682982.1
OG0003869	Null	XP_038683010.1, XP_038716540.1, XP_038716541.1, XP_038716979.1
OG0003870	Null	XP_038683027.1, XP_038701854.1, XP_038717238.1, XP_038722023.1
OG0003871	Null	XP_038683074.1, XP_038684101.1, XP_038694322.1, XP_038694323.1
OG0003872	Null	XP_038683076.1, XP_038688830.1, XP_038698840.1, XP_038699575.1
OG0003873	Null	XP_038683084.1, XP_038708088.1, XP_038708590.1, XP_038709721.1
OG0003874	Null	XP_038683166.1, XP_038683167.1, XP_038683168.1, XP_038709175.1
OG0003875	Null	XP_038683179.1, XP_038683180.1, XP_038683181.1, XP_038683182.1
OG0003876	Null	XP_038683234.1, XP_038683235.1, XP_038683236.1, XP_038683237.1
OG0003877	Null	XP_038683304.1, XP_038685414.1, XP_038685415.1, XP_038709743.1
OG0003878	Null	XP_038683398.1, XP_038683399.1, XP_038683400.1, XP_038683401.1
OG0003879	Null	XP_038683404.1, XP_038705368.1, XP_038705369.1, XP_038708916.1
OG0003880	Null	XP_038683406.1, XP_038697532.1, XP_038703880.1, XP_038706972.1
OG0003881	Null	XP_038683467.1, XP_038683468.1, XP_038686034.1, XP_038686035.1
OG0003882	Null	XP_038683482.1, XP_038683483.1, XP_038683484.1, XP_038709317.1
OG0003883	Null	XP_038683594.1, XP_038704775.1, XP_038704995.1, XP_038708773.1
OG0003884	Null	XP_038683610.1, XP_038683611.1, XP_038683612.1, XP_038685349.1
OG0003885	Null	XP_038683650.1, XP_038683651.1, XP_038699515.1, XP_038709514.1
OG0003886	Null	XP_038683665.1, XP_038683666.1, XP_038685507.1, XP_038685508.1
OG0003887	Null	XP_038683705.1, XP_038683706.1, XP_038683707.1, XP_038686418.1
OG0003888	Null	XP_038683714.1, XP_038709154.1, XP_038709155.1, XP_038709156.1
OG0003889	Null	XP_038683785.1, XP_038685569.1, XP_038708358.1, XP_038708359.1
OG0003890	Null	XP_038683833.1, XP_038683842.1, XP_038683850.1, XP_038701785.1
OG0003891	Null	XP_038683985.1, XP_038686680.1, XP_038723632.1, XP_038723633.1
OG0003892	Null	XP_038684010.1, XP_038684011.1, XP_038684012.1, XP_038684013.1
OG0003893	Null	XP_038684047.1, XP_038684054.1, XP_038721154.1, XP_038721155.1
OG0003894	Null	XP_038684082.1, XP_038685744.1, XP_038686570.1, XP_038713863.1
OG0003895	Null	XP_038684083.1, XP_038684085.1, XP_038685589.1, XP_038685590.1
OG0003896	Null	XP_038684095.1, XP_038691426.1, XP_038691427.1, XP_038691428.1
OG0003897	Null	XP_038684213.1, XP_038686172.1, XP_038708953.1, XP_038708954.1
OG0003898	Null	XP_038684277.1, XP_038684278.1, XP_038684279.1, XP_038684280.1
OG0003899	Null	XP_038684285.1, XP_038690897.1, XP_038708045.1, XP_038712114.1
OG0003900	Null	XP_038684321.1, XP_038684322.1, XP_038684323.1, XP_038684324.1
OG0003901	Null	XP_038684450.1, XP_038684452.1, XP_038707892.1, XP_038720889.1
OG0003902	Null	XP_038684469.1, XP_038684544.1, XP_038719362.1, XP_038719363.1
OG0003903	Null	XP_038684647.1, XP_038684648.1, XP_038685490.1, XP_038709778.1
OG0003904	Null	XP_038684718.1, XP_038684719.1, XP_038715816.1, XP_038715817.1
OG0003905	Null	XP_038684737.1, XP_038684738.1, XP_038684820.1, XP_038709761.1
OG0003906	Null	XP_038684896.1, XP_038686755.1, XP_038720026.1, XP_038720250.1
OG0003907	Null	XP_038685022.1, XP_038691373.1, XP_038707930.1, XP_038723988.1
OG0003908	Null	XP_038685023.1, XP_038685024.1, XP_038685025.1, XP_038685026.1
OG0003909	Null	XP_038685042.1, XP_038685043.1, XP_038689089.1, XP_038689090.1
OG0003910	Null	XP_038685081.1, XP_038689320.1, XP_038689321.1, XP_038691489.1
OG0003911	Null	XP_038685084.1, XP_038685085.1, XP_038685087.1, XP_038685088.1
OG0003912	Null	XP_038685105.1, XP_038685106.1, XP_038690248.1, XP_038690249.1
OG0003913	Null	XP_038685167.1, XP_038685174.1, XP_038699559.1, XP_038700973.1
OG0003914	Null	XP_038685180.1, XP_038686651.1, XP_038690812.1, XP_038690813.1
OG0003915	Null	XP_038685276.1, XP_038685277.1, XP_038689220.1, XP_038689221.1
OG0003916	Null	XP_038685359.1, XP_038685361.1, XP_038692310.1, XP_038717370.1
OG0003917	Null	XP_038685364.1, XP_038685365.1, XP_038688865.1, XP_038712605.1
OG0003918	Null	XP_038685398.1, XP_038685399.1, XP_038689834.1, XP_038723748.1
OG0003919	Null	XP_038685423.1, XP_038685424.1, XP_038685425.1, XP_038685426.1
OG0003920	Null	XP_038685432.1, XP_038685433.1, XP_038685434.1, XP_038685435.1
OG0003921	Null	XP_038685463.1, XP_038685464.1, XP_038685465.1, XP_038685466.1
OG0003922	Null	XP_038685515.1, XP_038685516.1, XP_038720830.1, XP_038720831.1
OG0003923	Null	XP_038685524.1, XP_038685525.1, XP_038685526.1, XP_038685527.1
OG0003924	Null	XP_038685596.1, XP_038706950.1, XP_038719917.1, XP_038725409.1
OG0003925	Null	XP_038685664.1, XP_038701686.1, XP_038702289.1, XP_038702360.1
OG0003926	Null	XP_038685678.1, XP_038685679.1, XP_038685720.1, XP_038685721.1
OG0003927	Null	XP_038685751.1, XP_038693846.1, XP_038698612.1, XP_038701814.1
OG0003928	Null	XP_038685793.1, XP_038703010.1, XP_038703011.1, XP_038703012.1
OG0003929	Null	XP_038685800.1, XP_038706302.1, XP_038706303.1, XP_038706304.1
OG0003930	Null	XP_038685804.1, XP_038704783.1, XP_038709402.1, XP_038717770.1
OG0003931	Null	XP_038685815.1, XP_038685933.1, XP_038685934.1, XP_038686674.1
OG0003932	Null	XP_038685830.1, XP_038688758.1, XP_038696495.1, XP_038724574.1
OG0003933	Null	XP_038685834.1, XP_038690853.1, XP_038708614.1, XP_038708615.1
OG0003934	Null	XP_038685946.1, XP_038685947.1, XP_038685948.1, XP_038685949.1
OG0003935	Null	XP_038686038.1, XP_038686039.1, XP_038709080.1, XP_038709081.1
OG0003936	Null	XP_038686264.1, XP_038686265.1, XP_038686266.1, XP_038690207.1
OG0003937	Null	XP_038686365.1, XP_038686366.1, XP_038695195.1, XP_038695196.1
OG0003938	Null	XP_038686431.1, XP_038688729.1, XP_038689838.1, XP_038704092.1
OG0003939	Null	XP_038686443.1, XP_038686444.1, XP_038686445.1, XP_038686446.1
OG0003940	Null	XP_038686465.1, XP_038686466.1, XP_038703144.1, XP_038714373.1
OG0003941	Null	XP_038686469.1, XP_038695521.1, XP_038698846.1, XP_038709236.1
OG0003942	Null	XP_038686477.1, XP_038705518.1, XP_038709843.1, XP_038709852.1
OG0003943	Null	XP_038686544.1, XP_038688927.1, XP_038691128.1, XP_038691429.1
OG0003944	Null	XP_038686577.1, XP_038715789.1, XP_038717936.1, XP_038717937.1
OG0003945	Null	XP_038686580.1, XP_038709170.1, XP_038709171.1, XP_038709173.1
OG0003946	Null	XP_038686612.1, XP_038688500.1, XP_038690168.1, XP_038692015.1
OG0003947	Null	XP_038686617.1, XP_038686627.1, XP_038686635.1, XP_038718849.1
OG0003948	Null	XP_038686700.1, XP_038686701.1, XP_038686702.1, XP_038708098.1
OG0003949	Null	XP_038686717.1, XP_038690302.1, XP_038690883.1, XP_038691878.1
OG0003950	Null	XP_038686727.1, XP_038686733.1, XP_038720411.1, XP_038720413.1
OG0003951	Null	XP_038686731.1, XP_038689667.1, XP_038689668.1, XP_038689669.1
OG0003952	Null	XP_038686737.1, XP_038686738.1, XP_038686739.1, XP_038686740.1
OG0003953	Null	XP_038686767.1, XP_038689564.1, XP_038689565.1, XP_038689566.1
OG0003954	Null	XP_038686793.1, XP_038689841.1, XP_038691363.1, XP_038710046.1
OG0003955	Null	XP_038686835.1, XP_038686836.1, XP_038686837.1, XP_038686838.1
OG0003956	Null	XP_038686906.1, XP_038686907.1, XP_038725555.1, XP_038725556.1
OG0003957	Null	XP_038686926.1, XP_038692475.1, XP_038705660.1, XP_038713032.1
OG0003958	Null	XP_038687346.1, XP_038689745.1, XP_038699398.1, XP_038718826.1
OG0003959	Null	XP_038687371.1, XP_038687372.1, XP_038687373.1, XP_038687374.1
OG0003960	Null	XP_038687379.1, XP_038687386.1, XP_038720390.1, XP_038720391.1
OG0003961	Null	XP_038687475.1, XP_038720141.1, XP_038720142.1, XP_038720143.1
OG0003962	Null	XP_038687542.1, XP_038687554.1, XP_038687902.1, XP_038702513.1
OG0003963	Null	XP_038687588.1, XP_038691688.1, XP_038697990.1, XP_038725545.1
OG0003964	Null	XP_038687613.1, XP_038687614.1, XP_038687615.1, XP_038687616.1
OG0003965	Null	XP_038687699.1, XP_038687700.1, XP_038687701.1, XP_038687702.1
OG0003966	Null	XP_038687800.1, XP_038687801.1, XP_038724879.1, XP_038724880.1
OG0003967	Null	XP_038687888.1, XP_038687889.1, XP_038687890.1, XP_038687891.1
OG0003968	Null	XP_038687892.1, XP_038696157.1, XP_038696158.1, XP_038696159.1
OG0003969	Null	XP_038687912.1, XP_038687913.1, XP_038692158.1, XP_038714530.1
OG0003970	Null	XP_038687991.1, XP_038688065.1, XP_038688661.1, XP_038697998.1
OG0003971	Null	XP_038688014.1, XP_038704553.1, XP_038713971.1, XP_038725606.1
OG0003972	Null	XP_038688167.1, XP_038713289.1, XP_038718551.1, XP_038726377.1
OG0003973	Null	XP_038688195.1, XP_038715285.1, XP_038715286.1, XP_038725126.1
OG0003974	Null	XP_038688207.1, XP_038688208.1, XP_038688209.1, XP_038688210.1
OG0003975	Null	XP_038688389.1, XP_038717182.1, XP_038722132.1, XP_038722138.1
OG0003976	Null	XP_038688452.1, XP_038690588.1, XP_038704498.1, XP_038722901.1
OG0003977	Null	XP_038688497.1, XP_038688498.1, XP_038688499.1, XP_038688848.1
OG0003978	Null	XP_038688549.1, XP_038688645.1, XP_038689599.1, XP_038689600.1
OG0003979	Null	XP_038688629.1, XP_038688633.1, XP_038688760.1, XP_038688761.1
OG0003980	Null	XP_038688666.1, XP_038688912.1, XP_038689014.1, XP_038689016.1
OG0003981	Null	XP_038688774.1, XP_038710212.1, XP_038710213.1, XP_038710214.1
OG0003982	Null	XP_038688798.1, XP_038688804.1, XP_038688811.1, XP_038698793.1
OG0003983	Null	XP_038688820.1, XP_038709940.1, XP_038714624.1, XP_038716641.1
OG0003984	Null	XP_038688838.1, XP_038723249.1, XP_038723813.1, XP_038723821.1
OG0003985	Null	XP_038688855.1, XP_038694386.1, XP_038710986.1, XP_038712754.1
OG0003986	Null	XP_038688871.1, XP_038689206.1, XP_038689399.1, XP_038718881.1
OG0003987	Null	XP_038688872.1, XP_038688873.1, XP_038710807.1, XP_038710808.1
OG0003988	Null	XP_038688956.1, XP_038689077.1, XP_038701800.1, XP_038702410.1
OG0003989	Null	XP_038688988.1, XP_038698721.1, XP_038704634.1, XP_038714517.1
OG0003990	Null	XP_038689008.1, XP_038692925.1, XP_038698237.1, XP_038702747.1
OG0003991	Null	XP_038689083.1, XP_038689171.1, XP_038694965.1, XP_038714178.1
OG0003992	Null	XP_038689110.1, XP_038689111.1, XP_038689112.1, XP_038689113.1
OG0003993	Null	XP_038689149.1, XP_038689887.1, XP_038723729.1, XP_038723730.1
OG0003994	Null	XP_038689191.1, XP_038709641.1, XP_038709642.1, XP_038711302.1
OG0003995	Null	XP_038689268.1, XP_038689269.1, XP_038691282.1, XP_038691283.1
OG0003996	Null	XP_038689335.1, XP_038689336.1, XP_038689337.1, XP_038689569.1
OG0003997	Null	XP_038689368.1, XP_038689369.1, XP_038691589.1, XP_038691590.1
OG0003998	Null	XP_038689374.1, XP_038689375.1, XP_038690643.1, XP_038690644.1
OG0003999	Null	XP_038689381.1, XP_038712101.1, XP_038712102.1, XP_038712103.1
OG0004000	Null	XP_038689403.1, XP_038691067.1, XP_038703476.1, XP_038703477.1
OG0004001	Null	XP_038689408.1, XP_038689409.1, XP_038689411.1, XP_038689412.1
OG0004002	Null	XP_038689464.1, XP_038689465.1, XP_038689467.1, XP_038690071.1
OG0004003	Null	XP_038689485.1, XP_038689708.1, XP_038689709.1, XP_038711022.1
OG0004004	Null	XP_038689507.1, XP_038704590.1, XP_038710888.1, XP_038721701.1
OG0004005	Null	XP_038689508.1, XP_038689510.1, XP_038689511.1, XP_038689512.1
OG0004006	Null	XP_038689522.1, XP_038689523.1, XP_038689524.1, XP_038689525.1
OG0004007	Null	XP_038689556.1, XP_038689557.1, XP_038689558.1, XP_038710798.1
OG0004008	Null	XP_038689723.1, XP_038689724.1, XP_038689725.1, XP_038692000.1
OG0004009	Null	XP_038689753.1, XP_038689754.1, XP_038691699.1, XP_038712627.1
OG0004010	Null	XP_038689760.1, XP_038690913.1, XP_038690914.1, XP_038691599.1
OG0004011	Null	XP_038690089.1, XP_038690981.1, XP_038690982.1, XP_038700367.1
OG0004012	Null	XP_038690120.1, XP_038710513.1, XP_038710515.1, XP_038723129.1
OG0004013	Null	XP_038690184.1, XP_038690193.1, XP_038716077.1, XP_038716987.1
OG0004014	Null	XP_038690245.1, XP_038720818.1, XP_038720819.1, XP_038720821.1
OG0004015	Null	XP_038690292.1, XP_038690293.1, XP_038690294.1, XP_038690295.1
OG0004016	Null	XP_038690310.1, XP_038690312.1, XP_038690313.1, XP_038690315.1
OG0004017	Null	XP_038690311.1, XP_038690316.1, XP_038690323.1, XP_038693363.1
OG0004018	Null	XP_038690345.1, XP_038693012.1, XP_038697878.1, XP_038702326.1
OG0004019	Null	XP_038690369.1, XP_038690370.1, XP_038690371.1, XP_038690373.1
OG0004020	Null	XP_038690441.1, XP_038707000.1, XP_038707001.1, XP_038712767.1
OG0004021	Null	XP_038690540.1, XP_038690547.1, XP_038719365.1, XP_038719366.1
OG0004022	Null	XP_038690545.1, XP_038706167.1, XP_038710390.1, XP_038711725.1
OG0004023	Null	XP_038690655.1, XP_038712352.1, XP_038712353.1, XP_038712354.1
OG0004024	Null	XP_038690794.1, XP_038701501.1, XP_038701502.1, XP_038714821.1
OG0004025	Null	XP_038690866.1, XP_038690867.1, XP_038691974.1, XP_038691976.1
OG0004026	Null	XP_038690938.1, XP_038691009.1, XP_038691010.1, XP_038712139.1
OG0004027	Null	XP_038691005.1, XP_038691006.1, XP_038691007.1, XP_038691829.1
OG0004028	Null	XP_038691145.1, XP_038696392.1, XP_038724775.1, XP_038724776.1
OG0004029	Null	XP_038691236.1, XP_038692408.1, XP_038717412.1, XP_038722337.1
OG0004030	Null	XP_038691315.1, XP_038705946.1, XP_038706863.1, XP_038712340.1
OG0004031	Null	XP_038691508.1, XP_038691509.1, XP_038691511.1, XP_038691898.1
OG0004032	Null	XP_038691520.1, XP_038711161.1, XP_038711162.1, XP_038711163.1
OG0004033	Null	XP_038691632.1, XP_038691633.1, XP_038704370.1, XP_038704998.1
OG0004034	Null	XP_038691705.1, XP_038712523.1, XP_038719680.1, XP_038722372.1
OG0004035	Null	XP_038691875.1, XP_038691883.1, XP_038691891.1, XP_038720842.1
OG0004036	Null	XP_038692125.1, XP_038692126.1, XP_038703016.1, XP_038713055.1
OG0004037	Null	XP_038692139.1, XP_038707919.1, XP_038716653.1, XP_038722088.1
OG0004038	Null	XP_038692161.1, XP_038704107.1, XP_038704108.1, XP_038714410.1
OG0004039	Null	XP_038692181.1, XP_038692182.1, XP_038705974.1, XP_038706661.1
OG0004040	Null	XP_038692222.1, XP_038692223.1, XP_038717339.1, XP_038717340.1
OG0004041	Null	XP_038692250.1, XP_038692251.1, XP_038718013.1, XP_038718014.1
OG0004042	Null	XP_038692260.1, XP_038692261.1, XP_038692262.1, XP_038692263.1
OG0004043	Null	XP_038692318.1, XP_038692319.1, XP_038692320.1, XP_038703238.1
OG0004044	Null	XP_038692369.1, XP_038692370.1, XP_038692371.1, XP_038717750.1
OG0004045	Null	XP_038692382.1, XP_038693445.1, XP_038693446.1, XP_038700716.1
OG0004046	Null	XP_038692446.1, XP_038696715.1, XP_038698432.1, XP_038710650.1
OG0004047	Null	XP_038692521.1, XP_038714239.1, XP_038714240.1, XP_038714242.1
OG0004048	Null	XP_038692532.1, XP_038692533.1, XP_038692534.1, XP_038692535.1
OG0004049	Null	XP_038692570.1, XP_038705083.1, XP_038705084.1, XP_038709414.1
OG0004050	Null	XP_038692654.1, XP_038705599.1, XP_038711672.1, XP_038711673.1
OG0004051	Null	XP_038692671.1, XP_038712819.1, XP_038712820.1, XP_038712821.1
OG0004052	Null	XP_038692706.1, XP_038692707.1, XP_038703300.1, XP_038703301.1
OG0004053	Null	XP_038692741.1, XP_038705198.1, XP_038717148.1, XP_038722510.1
OG0004054	Null	XP_038692761.1, XP_038692762.1, XP_038713286.1, XP_038713287.1
OG0004055	Null	XP_038692835.1, XP_038692836.1, XP_038703109.1, XP_038703110.1
OG0004056	Null	XP_038692857.1, XP_038707839.1, XP_038707840.1, XP_038707841.1
OG0004057	Null	XP_038692884.1, XP_038714581.1, XP_038714582.1, XP_038714583.1
OG0004058	Null	XP_038692891.1, XP_038701390.1, XP_038713245.1, XP_038720510.1
OG0004059	Null	XP_038692900.1, XP_038695626.1, XP_038701889.1, XP_038719529.1
OG0004060	Null	XP_038692901.1, XP_038692902.1, XP_038707898.1, XP_038707899.1
OG0004061	Null	XP_038692922.1, XP_038710685.1, XP_038710686.1, XP_038719530.1
OG0004062	Null	XP_038692936.1, XP_038692937.1, XP_038694808.1, XP_038694809.1
OG0004063	Null	XP_038692956.1, XP_038694654.1, XP_038694655.1, XP_038713298.1
OG0004064	Null	XP_038692983.1, XP_038692984.1, XP_038717518.1, XP_038717519.1
OG0004065	Null	XP_038693016.1, XP_038693019.1, XP_038720105.1, XP_038720106.1
OG0004066	Null	XP_038693050.1, XP_038694310.1, XP_038706174.1, XP_038712276.1
OG0004067	Null	XP_038693086.1, XP_038693094.1, XP_038693099.1, XP_038693106.1
OG0004068	Null	XP_038693105.1, XP_038694530.1, XP_038704905.1, XP_038714218.1
OG0004069	Null	XP_038693189.1, XP_038696491.1, XP_038711448.1, XP_038711449.1
OG0004070	Null	XP_038693194.1, XP_038703888.1, XP_038713622.1, XP_038713624.1
OG0004071	Null	XP_038693208.1, XP_038705969.1, XP_038705970.1, XP_038724276.1
OG0004072	Null	XP_038693228.1, XP_038693229.1, XP_038693230.1, XP_038693231.1
OG0004073	Null	XP_038693245.1, XP_038723528.1, XP_038723533.1, XP_038723542.1
OG0004074	Null	XP_038693258.1, XP_038693260.1, XP_038703390.1, XP_038703392.1
OG0004075	Null	XP_038693299.1, XP_038701718.1, XP_038701719.1, XP_038720163.1
OG0004076	Null	XP_038693430.1, XP_038693431.1, XP_038713703.1, XP_038713704.1
OG0004077	Null	XP_038693448.1, XP_038713568.1, XP_038713569.1, XP_038713570.1
OG0004078	Null	XP_038693459.1, XP_038693460.1, XP_038693461.1, XP_038693462.1
OG0004079	Null	XP_038693494.1, XP_038700662.1, XP_038700664.1, XP_038711922.1
OG0004080	Null	XP_038693505.1, XP_038698236.1, XP_038700402.1, XP_038706177.1
OG0004081	Null	XP_038693575.1, XP_038693576.1, XP_038693577.1, XP_038693578.1
OG0004082	Null	XP_038693637.1, XP_038693638.1, XP_038693639.1, XP_038693640.1
OG0004083	Null	XP_038693688.1, XP_038712337.1, XP_038714170.1, XP_038716810.1
OG0004084	Null	XP_038693706.1, XP_038722808.1, XP_038723430.1, XP_038723431.1
OG0004085	Null	XP_038693765.1, XP_038693769.1, XP_038693774.1, XP_038701464.1
OG0004086	Null	XP_038693812.1, XP_038697381.1, XP_038706462.1, XP_038721875.1
OG0004087	Null	XP_038693851.1, XP_038693859.1, XP_038699814.1, XP_038720621.1
OG0004088	Null	XP_038693883.1, XP_038693884.1, XP_038713431.1, XP_038713435.1
OG0004089	Null	XP_038693930.1, XP_038693938.1, XP_038720925.1, XP_038720926.1
OG0004090	Null	XP_038694014.1, XP_038694015.1, XP_038714320.1, XP_038714322.1
OG0004091	Null	XP_038694026.1, XP_038706030.1, XP_038706031.1, XP_038706032.1
OG0004092	Null	XP_038694027.1, XP_038694028.1, XP_038694029.1, XP_038706033.1
OG0004093	Null	XP_038694060.1, XP_038694061.1, XP_038694062.1, XP_038713137.1
OG0004094	Null	XP_038694071.1, XP_038717869.1, XP_038717870.1, XP_038722393.1
OG0004095	Null	XP_038694100.1, XP_038694179.1, XP_038719206.1, XP_038723854.1
OG0004096	Null	XP_038694150.1, XP_038694151.1, XP_038694152.1, XP_038694153.1
OG0004097	Null	XP_038694173.1, XP_038694175.1, XP_038718087.1, XP_038718088.1
OG0004098	Null	XP_038694194.1, XP_038694195.1, XP_038694197.1, XP_038706037.1
OG0004099	Null	XP_038694232.1, XP_038694239.1, XP_038694246.1, XP_038720117.1
OG0004100	Null	XP_038694259.1, XP_038697751.1, XP_038698910.1, XP_038724121.1
OG0004101	Null	XP_038694294.1, XP_038694295.1, XP_038706879.1, XP_038706881.1
OG0004102	Null	XP_038694327.1, XP_038694328.1, XP_038694329.1, XP_038694330.1
OG0004103	Null	XP_038694347.1, XP_038694355.1, XP_038702246.1, XP_038702247.1
OG0004104	Null	XP_038694376.1, XP_038701576.1, XP_038701577.1, XP_038701578.1
OG0004105	Null	XP_038694546.1, XP_038705178.1, XP_038714503.1, XP_038714504.1
OG0004106	Null	XP_038694551.1, XP_038694552.1, XP_038707808.1, XP_038715076.1
OG0004107	Null	XP_038694553.1, XP_038694554.1, XP_038705487.1, XP_038705488.1
OG0004108	Null	XP_038694613.1, XP_038694614.1, XP_038694615.1, XP_038694616.1
OG0004109	Null	XP_038694617.1, XP_038712653.1, XP_038714460.1, XP_038718142.1
OG0004110	Null	XP_038694709.1, XP_038707203.1, XP_038715025.1, XP_038718090.1
OG0004111	Null	XP_038694719.1, XP_038696504.1, XP_038700024.1, XP_038713503.1
OG0004112	Null	XP_038694753.1, XP_038694754.1, XP_038707875.1, XP_038707876.1
OG0004113	Null	XP_038694759.1, XP_038699464.1, XP_038701632.1, XP_038721796.1
OG0004114	Null	XP_038694779.1, XP_038694780.1, XP_038706088.1, XP_038717293.1
OG0004115	Null	XP_038694792.1, XP_038694793.1, XP_038704584.1, XP_038704585.1
OG0004116	Null	XP_038694799.1, XP_038702592.1, XP_038702593.1, XP_038721180.1
OG0004117	Null	XP_038694853.1, XP_038704686.1, XP_038714484.1, XP_038715863.1
OG0004118	Null	XP_038695012.1, XP_038699207.1, XP_038711003.1, XP_038725420.1
OG0004119	Null	XP_038695038.1, XP_038705661.1, XP_038705662.1, XP_038712277.1
OG0004120	Null	XP_038695115.1, XP_038695124.1, XP_038696862.1, XP_038702399.1
OG0004121	Null	XP_038695181.1, XP_038695182.1, XP_038710480.1, XP_038710481.1
OG0004122	Null	XP_038695209.1, XP_038695210.1, XP_038698873.1, XP_038698874.1
OG0004123	Null	XP_038695266.1, XP_038695267.1, XP_038726243.1, XP_038726244.1
OG0004124	Null	XP_038695273.1, XP_038695274.1, XP_038698549.1, XP_038710981.1
OG0004125	Null	XP_038695297.1, XP_038695298.1, XP_038698477.1, XP_038698478.1
OG0004126	Null	XP_038695305.1, XP_038695307.1, XP_038700803.1, XP_038718889.1
OG0004127	Null	XP_038695327.1, XP_038695328.1, XP_038695329.1, XP_038695331.1
OG0004128	Null	XP_038695479.1, XP_038698492.1, XP_038698493.1, XP_038712402.1
OG0004129	Null	XP_038695579.1, XP_038698977.1, XP_038712391.1, XP_038712392.1
OG0004130	Null	XP_038695603.1, XP_038698369.1, XP_038703413.1, XP_038703414.1
OG0004131	Null	XP_038695607.1, XP_038695608.1, XP_038695609.1, XP_038695610.1
OG0004132	Null	XP_038695647.1, XP_038695648.1, XP_038695649.1, XP_038695650.1
OG0004133	Null	XP_038695792.1, XP_038710789.1, XP_038710790.1, XP_038710791.1
OG0004134	Null	XP_038695811.1, XP_038695812.1, XP_038695813.1, XP_038695814.1
OG0004135	Null	XP_038695880.1, XP_038700702.1, XP_038701036.1, XP_038725828.1
OG0004136	Null	XP_038695895.1, XP_038700002.1, XP_038700003.1, XP_038701132.1
OG0004137	Null	XP_038695926.1, XP_038695927.1, XP_038725950.1, XP_038725951.1
OG0004138	Null	XP_038695950.1, XP_038695951.1, XP_038695952.1, XP_038701041.1
OG0004139	Null	XP_038696023.1, XP_038696024.1, XP_038696025.1, XP_038696026.1
OG0004140	Null	XP_038696092.1, XP_038696093.1, XP_038696094.1, XP_038696096.1
OG0004141	Null	XP_038696098.1, XP_038700820.1, XP_038713142.1, XP_038718140.1
OG0004142	Null	XP_038696100.1, XP_038698828.1, XP_038710116.1, XP_038711318.1
OG0004143	Null	XP_038696141.1, XP_038696142.1, XP_038699995.1, XP_038710599.1
OG0004144	Null	XP_038696193.1, XP_038696194.1, XP_038712177.1, XP_038712178.1
OG0004145	Null	XP_038696195.1, XP_038699294.1, XP_038710517.1, XP_038710844.1
OG0004146	Null	XP_038696270.1, XP_038696271.1, XP_038700874.1, XP_038700875.1
OG0004147	Null	XP_038696273.1, XP_038698443.1, XP_038721562.1, XP_038721563.1
OG0004148	Null	XP_038696389.1, XP_038696398.1, XP_038696407.1, XP_038696415.1
OG0004149	Null	XP_038696466.1, XP_038696467.1, XP_038696468.1, XP_038696469.1
OG0004150	Null	XP_038696513.1, XP_038717829.1, XP_038717830.1, XP_038717832.1
OG0004151	Null	XP_038696537.1, XP_038699423.1, XP_038699424.1, XP_038699425.1
OG0004152	Null	XP_038696539.1, XP_038699008.1, XP_038724654.1, XP_038724858.1
OG0004153	Null	XP_038696586.1, XP_038701073.1, XP_038724689.1, XP_038724690.1
OG0004154	Null	XP_038696592.1, XP_038696593.1, XP_038696594.1, XP_038696597.1
OG0004155	Null	XP_038696627.1, XP_038700622.1, XP_038711031.1, XP_038723113.1
OG0004156	Null	XP_038696660.1, XP_038700078.1, XP_038725905.1, XP_038725906.1
OG0004157	Null	XP_038696684.1, XP_038711127.1, XP_038711128.1, XP_038711887.1
OG0004158	Null	XP_038696690.1, XP_038698270.1, XP_038698284.1, XP_038709978.1
OG0004159	Null	XP_038696702.1, XP_038724708.1, XP_038724709.1, XP_038724710.1
OG0004160	Null	XP_038696711.1, XP_038696712.1, XP_038696713.1, XP_038700953.1
OG0004161	Null	XP_038696728.1, XP_038712091.1, XP_038713212.1, XP_038713213.1
OG0004162	Null	XP_038696754.1, XP_038700096.1, XP_038702629.1, XP_038715215.1
OG0004163	Null	XP_038696758.1, XP_038699040.1, XP_038700527.1, XP_038708938.1
OG0004164	Null	XP_038696819.1, XP_038696820.1, XP_038700809.1, XP_038711414.1
OG0004165	Null	XP_038696840.1, XP_038696841.1, XP_038700211.1, XP_038700212.1
OG0004166	Null	XP_038696854.1, XP_038696855.1, XP_038725716.1, XP_038725717.1
OG0004167	Null	XP_038696900.1, XP_038696901.1, XP_038700095.1, XP_038701133.1
OG0004168	Null	XP_038696903.1, XP_038702148.1, XP_038706428.1, XP_038721113.1
OG0004169	Null	XP_038697018.1, XP_038697019.1, XP_038698741.1, XP_038698742.1
OG0004170	Null	XP_038697022.1, XP_038697023.1, XP_038700760.1, XP_038700761.1
OG0004171	Null	XP_038697026.1, XP_038697027.1, XP_038699038.1, XP_038699039.1
OG0004172	Null	XP_038697064.1, XP_038705557.1, XP_038711849.1, XP_038718493.1
OG0004173	Null	XP_038697087.1, XP_038724719.1, XP_038724722.1, XP_038724724.1
OG0004174	Null	XP_038697126.1, XP_038719266.1, XP_038719267.1, XP_038719268.1
OG0004175	Null	XP_038697175.1, XP_038697176.1, XP_038697177.1, XP_038697180.1
OG0004176	Null	XP_038697329.1, XP_038702235.1, XP_038721672.1, XP_038721673.1
OG0004177	Null	XP_038697336.1, XP_038697514.1, XP_038702221.1, XP_038719953.1
OG0004178	Null	XP_038697350.1, XP_038697351.1, XP_038701658.1, XP_038720454.1
OG0004179	Null	XP_038697354.1, XP_038697355.1, XP_038716176.1, XP_038719010.1
OG0004180	Null	XP_038697357.1, XP_038699499.1, XP_038714046.1, XP_038722091.1
OG0004181	Null	XP_038697379.1, XP_038716560.1, XP_038717118.1, XP_038718273.1
OG0004182	Null	XP_038697398.1, XP_038697399.1, XP_038702240.1, XP_038721504.1
OG0004183	Null	XP_038697419.1, XP_038697420.1, XP_038697421.1, XP_038697423.1
OG0004184	Null	XP_038697471.1, XP_038697593.1, XP_038701575.1, XP_038721725.1
OG0004185	Null	XP_038697491.1, XP_038702380.1, XP_038714666.1, XP_038721376.1
OG0004186	Null	XP_038697560.1, XP_038701471.1, XP_038718220.1, XP_038718926.1
OG0004187	Null	XP_038697568.1, XP_038697569.1, XP_038697570.1, XP_038697571.1
OG0004188	Null	XP_038697647.1, XP_038697648.1, XP_038697649.1, XP_038697651.1
OG0004189	Null	XP_038697691.1, XP_038701248.1, XP_038719596.1, XP_038719597.1
OG0004190	Null	XP_038697820.1, XP_038697821.1, XP_038701641.1, XP_038712824.1
OG0004191	Null	XP_038697863.1, XP_038697864.1, XP_038701325.1, XP_038721634.1
OG0004192	Null	XP_038697901.1, XP_038701126.1, XP_038705330.1, XP_038721657.1
OG0004193	Null	XP_038697902.1, XP_038721244.1, XP_038721246.1, XP_038721247.1
OG0004194	Null	XP_038697909.1, XP_038701754.1, XP_038701755.1, XP_038719194.1
OG0004195	Null	XP_038697913.1, XP_038697917.1, XP_038702329.1, XP_038702330.1
OG0004196	Null	XP_038697918.1, XP_038699107.1, XP_038707303.1, XP_038707699.1
OG0004197	Null	XP_038698068.1, XP_038701894.1, XP_038701895.1, XP_038701896.1
OG0004198	Null	XP_038698170.1, XP_038698171.1, XP_038710613.1, XP_038710614.1
OG0004199	Null	XP_038698184.1, XP_038698185.1, XP_038713601.1, XP_038721995.1
OG0004200	Null	XP_038698272.1, XP_038724745.1, XP_038725119.1, XP_038725120.1
OG0004201	Null	XP_038698359.1, XP_038698822.1, XP_038711862.1, XP_038712711.1
OG0004202	Null	XP_038698456.1, XP_038698457.1, XP_038698458.1, XP_038698459.1
OG0004203	Null	XP_038698512.1, XP_038698513.1, XP_038698514.1, XP_038698515.1
OG0004204	Null	XP_038698533.1, XP_038710752.1, XP_038710753.1, XP_038710754.1
OG0004205	Null	XP_038698656.1, XP_038708476.1, XP_038708771.1, XP_038708772.1
OG0004206	Null	XP_038698737.1, XP_038698738.1, XP_038698739.1, XP_038710700.1
OG0004207	Null	XP_038698764.1, XP_038698765.1, XP_038712275.1, XP_038715126.1
OG0004208	Null	XP_038698834.1, XP_038698835.1, XP_038698836.1, XP_038698837.1
OG0004209	Null	XP_038698969.1, XP_038698979.1, XP_038723110.1, XP_038723189.1
OG0004210	Null	XP_038698982.1, XP_038698983.1, XP_038698984.1, XP_038698985.1
OG0004211	Null	XP_038699041.1, XP_038700703.1, XP_038710732.1, XP_038712461.1
OG0004212	Null	XP_038699053.1, XP_038699054.1, XP_038699055.1, XP_038725617.1
OG0004213	Null	XP_038699219.1, XP_038699220.1, XP_038699221.1, XP_038710405.1
OG0004214	Null	XP_038699229.1, XP_038699230.1, XP_038718623.1, XP_038718624.1
OG0004215	Null	XP_038699246.1, XP_038699247.1, XP_038699248.1, XP_038710788.1
OG0004216	Null	XP_038699307.1, XP_038699308.1, XP_038699309.1, XP_038699310.1
OG0004217	Null	XP_038699341.1, XP_038699567.1, XP_038706588.1, XP_038707169.1
OG0004218	Null	XP_038699351.1, XP_038699352.1, XP_038699353.1, XP_038699354.1
OG0004219	Null	XP_038699372.1, XP_038710575.1, XP_038710576.1, XP_038710580.1
OG0004220	Null	XP_038699418.1, XP_038699420.1, XP_038699421.1, XP_038699422.1
OG0004221	Null	XP_038699430.1, XP_038699431.1, XP_038710654.1, XP_038710655.1
OG0004222	Null	XP_038699453.1, XP_038699454.1, XP_038710148.1, XP_038711652.1
OG0004223	Null	XP_038699523.1, XP_038699524.1, XP_038711989.1, XP_038716651.1
OG0004224	Null	XP_038699549.1, XP_038699554.1, XP_038719718.1, XP_038719719.1
OG0004225	Null	XP_038699744.1, XP_038699748.1, XP_038699755.1, XP_038723306.1
OG0004226	Null	XP_038699753.1, XP_038703675.1, XP_038720217.1, XP_038724813.1
OG0004227	Null	XP_038699764.1, XP_038711331.1, XP_038711332.1, XP_038711333.1
OG0004228	Null	XP_038699887.1, XP_038707562.1, XP_038707589.1, XP_038715274.1
OG0004229	Null	XP_038699996.1, XP_038718927.1, XP_038722597.1, XP_038722598.1
OG0004230	Null	XP_038700018.1, XP_038700021.1, XP_038700022.1, XP_038700023.1
OG0004231	Null	XP_038700128.1, XP_038706280.1, XP_038710137.1, XP_038710138.1
OG0004232	Null	XP_038700323.1, XP_038700324.1, XP_038712430.1, XP_038712431.1
OG0004233	Null	XP_038700375.1, XP_038711436.1, XP_038711437.1, XP_038711438.1
OG0004234	Null	XP_038700408.1, XP_038700409.1, XP_038700410.1, XP_038700411.1
OG0004235	Null	XP_038700440.1, XP_038721526.1, XP_038721527.1, XP_038721775.1
OG0004236	Null	XP_038700558.1, XP_038726277.1, XP_038726278.1, XP_038726279.1
OG0004237	Null	XP_038700572.1, XP_038700580.1, XP_038700589.1, XP_038700596.1
OG0004238	Null	XP_038700605.1, XP_038726286.1, XP_038726287.1, XP_038726288.1
OG0004239	Null	XP_038700651.1, XP_038700652.1, XP_038700653.1, XP_038700654.1
OG0004240	Null	XP_038700663.1, XP_038700737.1, XP_038700806.1, XP_038700881.1
OG0004241	Null	XP_038700950.1, XP_038700951.1, XP_038700952.1, XP_038710518.1
OG0004242	Null	XP_038701102.1, XP_038701103.1, XP_038724917.1, XP_038724918.1
OG0004243	Null	XP_038701276.1, XP_038701277.1, XP_038719518.1, XP_038719519.1
OG0004244	Null	XP_038701470.1, XP_038704551.1, XP_038714439.1, XP_038718777.1
OG0004245	Null	XP_038701499.1, XP_038701500.1, XP_038719273.1, XP_038719274.1
OG0004246	Null	XP_038701949.1, XP_038701950.1, XP_038701951.1, XP_038701953.1
OG0004247	Null	XP_038702181.1, XP_038702189.1, XP_038720851.1, XP_038720852.1
OG0004248	Null	XP_038702356.1, XP_038702362.1, XP_038722587.1, XP_038722588.1
OG0004249	Null	XP_038702403.1, XP_038702412.1, XP_038702429.1, XP_038723262.1
OG0004250	Null	XP_038702533.1, XP_038702534.1, XP_038702535.1, XP_038702536.1
OG0004251	Null	XP_038702573.1, XP_038719260.1, XP_038719261.1, XP_038719262.1
OG0004252	Null	XP_038702602.1, XP_038721305.1, XP_038721306.1, XP_038721307.1
OG0004253	Null	XP_038702616.1, XP_038702692.1, XP_038722692.1, XP_038723480.1
OG0004254	Null	XP_038702622.1, XP_038702623.1, XP_038715888.1, XP_038715889.1
OG0004255	Null	XP_038702678.1, XP_038715365.1, XP_038715366.1, XP_038715367.1
OG0004256	Null	XP_038702786.1, XP_038703719.1, XP_038709833.1, XP_038717441.1
OG0004257	Null	XP_038702836.1, XP_038702837.1, XP_038702838.1, XP_038702839.1
OG0004258	Null	XP_038702893.1, XP_038702894.1, XP_038704304.1, XP_038704305.1
OG0004259	Null	XP_038702901.1, XP_038702902.1, XP_038703325.1, XP_038704097.1
OG0004260	Null	XP_038702907.1, XP_038713564.1, XP_038713565.1, XP_038713566.1
OG0004261	Null	XP_038702921.1, XP_038702922.1, XP_038702923.1, XP_038713800.1
OG0004262	Null	XP_038702967.1, XP_038702968.1, XP_038714547.1, XP_038714548.1
OG0004263	Null	XP_038703203.1, XP_038703500.1, XP_038705971.1, XP_038705972.1
OG0004264	Null	XP_038703272.1, XP_038711959.1, XP_038711960.1, XP_038711961.1
OG0004265	Null	XP_038703294.1, XP_038703295.1, XP_038703296.1, XP_038711185.1
OG0004266	Null	XP_038703445.1, XP_038703446.1, XP_038703447.1, XP_038703448.1
OG0004267	Null	XP_038703485.1, XP_038703486.1, XP_038709891.1, XP_038714793.1
OG0004268	Null	XP_038703530.1, XP_038703531.1, XP_038715277.1, XP_038715278.1
OG0004269	Null	XP_038703549.1, XP_038703602.1, XP_038703603.1, XP_038704941.1
OG0004270	Null	XP_038703555.1, XP_038711737.1, XP_038713041.1, XP_038713042.1
OG0004271	Null	XP_038703625.1, XP_038703626.1, XP_038703644.1, XP_038703645.1
OG0004272	Null	XP_038703715.1, XP_038703716.1, XP_038703717.1, XP_038703718.1
OG0004273	Null	XP_038703736.1, XP_038703738.1, XP_038703739.1, XP_038703740.1
OG0004274	Null	XP_038703773.1, XP_038703774.1, XP_038703776.1, XP_038715608.1
OG0004275	Null	XP_038703807.1, XP_038703808.1, XP_038717920.1, XP_038717921.1
OG0004276	Null	XP_038703923.1, XP_038715719.1, XP_038715720.1, XP_038715721.1
OG0004277	Null	XP_038703960.1, XP_038703961.1, XP_038716164.1, XP_038716165.1
OG0004278	Null	XP_038703963.1, XP_038716706.1, XP_038716707.1, XP_038716708.1
OG0004279	Null	XP_038704032.1, XP_038721287.1, XP_038721290.1, XP_038723688.1
OG0004280	Null	XP_038704167.1, XP_038704168.1, XP_038704169.1, XP_038704170.1
OG0004281	Null	XP_038704206.1, XP_038710381.1, XP_038710382.1, XP_038710383.1
OG0004282	Null	XP_038704209.1, XP_038704211.1, XP_038704212.1, XP_038704213.1
OG0004283	Null	XP_038704268.1, XP_038704269.1, XP_038713138.1, XP_038713139.1
OG0004284	Null	XP_038704295.1, XP_038704296.1, XP_038714810.1, XP_038714811.1
OG0004285	Null	XP_038704355.1, XP_038704356.1, XP_038717324.1, XP_038717325.1
OG0004286	Null	XP_038704436.1, XP_038704796.1, XP_038704932.1, XP_038714314.1
OG0004287	Null	XP_038704606.1, XP_038704607.1, XP_038716689.1, XP_038716690.1
OG0004288	Null	XP_038704789.1, XP_038715780.1, XP_038715781.1, XP_038715783.1
OG0004289	Null	XP_038704906.1, XP_038704907.1, XP_038704908.1, XP_038704909.1
OG0004290	Null	XP_038704926.1, XP_038715326.1, XP_038715327.1, XP_038715328.1
OG0004291	Null	XP_038704971.1, XP_038704973.1, XP_038716037.1, XP_038716038.1
OG0004292	Null	XP_038705017.1, XP_038705018.1, XP_038716009.1, XP_038718446.1
OG0004293	Null	XP_038705041.1, XP_038714026.1, XP_038714027.1, XP_038714288.1
OG0004294	Null	XP_038705085.1, XP_038705086.1, XP_038705087.1, XP_038715562.1
OG0004295	Null	XP_038705115.1, XP_038705116.1, XP_038715537.1, XP_038717184.1
OG0004296	Null	XP_038705262.1, XP_038705270.1, XP_038705278.1, XP_038705287.1
OG0004297	Null	XP_038705435.1, XP_038705436.1, XP_038712569.1, XP_038712574.1
OG0004298	Null	XP_038705529.1, XP_038705530.1, XP_038705531.1, XP_038706364.1
OG0004299	Null	XP_038705572.1, XP_038714692.1, XP_038718562.1, XP_038721625.1
OG0004300	Null	XP_038705604.1, XP_038705605.1, XP_038705606.1, XP_038705607.1
OG0004301	Null	XP_038705701.1, XP_038714898.1, XP_038723191.1, XP_038723192.1
OG0004302	Null	XP_038705832.1, XP_038705833.1, XP_038705834.1, XP_038723653.1
OG0004303	Null	XP_038706223.1, XP_038706224.1, XP_038706225.1, XP_038706226.1
OG0004304	Null	XP_038706236.1, XP_038706237.1, XP_038714388.1, XP_038714395.1
OG0004305	Null	XP_038706267.1, XP_038706268.1, XP_038706269.1, XP_038709873.1
OG0004306	Null	XP_038706414.1, XP_038706415.1, XP_038706416.1, XP_038706417.1
OG0004307	Null	XP_038706438.1, XP_038706440.1, XP_038706541.1, XP_038706542.1
OG0004308	Null	XP_038706509.1, XP_038721343.1, XP_038721350.1, XP_038721351.1
OG0004309	Null	XP_038706529.1, XP_038723018.1, XP_038723217.1, XP_038723218.1
OG0004310	Null	XP_038706937.1, XP_038722679.1, XP_038722689.1, XP_038722696.1
OG0004311	Null	XP_038707021.1, XP_038707022.1, XP_038707023.1, XP_038718010.1
OG0004312	Null	XP_038707131.1, XP_038707132.1, XP_038718569.1, XP_038718579.1
OG0004313	Null	XP_038707147.1, XP_038707149.1, XP_038707150.1, XP_038712329.1
OG0004314	Null	XP_038707206.1, XP_038707211.1, XP_038707216.1, XP_038707223.1
OG0004315	Null	XP_038707436.1, XP_038710881.1, XP_038710890.1, XP_038710896.1
OG0004316	Null	XP_038707492.1, XP_038707493.1, XP_038707494.1, XP_038718641.1
OG0004317	Null	XP_038707595.1, XP_038707596.1, XP_038715320.1, XP_038715329.1
OG0004318	Null	XP_038707625.1, XP_038707626.1, XP_038707627.1, XP_038707628.1
OG0004319	Null	XP_038707783.1, XP_038707792.1, XP_038707799.1, XP_038724020.1
OG0004320	Null	XP_038707842.1, XP_038711417.1, XP_038724093.1, XP_038724102.1
OG0004321	Null	XP_038708095.1, XP_038708096.1, XP_038708097.1, XP_038724931.1
OG0004322	Null	XP_038708131.1, XP_038708132.1, XP_038708134.1, XP_038708135.1
OG0004323	Null	XP_038708194.1, XP_038708204.1, XP_038721849.1, XP_038722292.1
OG0004324	Null	XP_038708265.1, XP_038712471.1, XP_038712474.1, XP_038712475.1
OG0004325	Null	XP_038708689.1, XP_038708690.1, XP_038708691.1, XP_038708692.1
OG0004326	Null	XP_038708698.1, XP_038722163.1, XP_038722164.1, XP_038722166.1
OG0004327	Null	XP_038708751.1, XP_038719532.1, XP_038719533.1, XP_038724132.1
OG0004328	Null	XP_038708905.1, XP_038708906.1, XP_038708907.1, XP_038708908.1
OG0004329	Null	XP_038709138.1, XP_038718900.1, XP_038721924.1, XP_038721963.1
OG0004330	Null	XP_038709292.1, XP_038709293.1, XP_038712144.1, XP_038712145.1
OG0004331	Null	XP_038709298.1, XP_038722154.1, XP_038723438.1, XP_038723440.1
OG0004332	Null	XP_038710069.1, XP_038710080.1, XP_038710086.1, XP_038710096.1
OG0004333	Null	XP_038710265.1, XP_038722855.1, XP_038722856.1, XP_038722857.1
OG0004334	Null	XP_038710271.1, XP_038710272.1, XP_038710273.1, XP_038710274.1
OG0004335	Null	XP_038710524.1, XP_038710525.1, XP_038710526.1, XP_038710527.1
OG0004336	Null	XP_038710596.1, XP_038710597.1, XP_038711952.1, XP_038711953.1
OG0004337	Null	XP_038710793.1, XP_038710794.1, XP_038710796.1, XP_038710797.1
OG0004338	Null	XP_038710803.1, XP_038710804.1, XP_038710805.1, XP_038710806.1
OG0004339	Null	XP_038710955.1, XP_038710956.1, XP_038719848.1, XP_038719849.1
OG0004340	Null	XP_038711065.1, XP_038711066.1, XP_038711068.1, XP_038711069.1
OG0004341	Null	XP_038711106.1, XP_038711108.1, XP_038712192.1, XP_038713521.1
OG0004342	Null	XP_038711169.1, XP_038711170.1, XP_038711478.1, XP_038711479.1
OG0004343	Null	XP_038711708.1, XP_038711710.1, XP_038711711.1, XP_038711712.1
OG0004344	Null	XP_038712370.1, XP_038712371.1, XP_038712372.1, XP_038712373.1
OG0004345	Null	XP_038712435.1, XP_038712436.1, XP_038712437.1, XP_038712439.1
OG0004346	Null	XP_038712686.1, XP_038712693.1, XP_038712700.1, XP_038712708.1
OG0004347	Null	XP_038712943.1, XP_038718510.1, XP_038718870.1, XP_038724154.1
OG0004348	Null	XP_038712973.1, XP_038712974.1, XP_038712975.1, XP_038712976.1
OG0004349	Null	XP_038713024.1, XP_038718360.1, XP_038718361.1, XP_038718362.1
OG0004350	Null	XP_038713051.1, XP_038713059.1, XP_038713067.1, XP_038713075.1
OG0004351	Null	XP_038713689.1, XP_038713690.1, XP_038713691.1, XP_038713692.1
OG0004352	Null	XP_038713911.1, XP_038713913.1, XP_038713914.1, XP_038717751.1
OG0004353	Null	XP_038714282.1, XP_038718555.1, XP_038725019.1, XP_038725524.1
OG0004354	Null	XP_038714348.1, XP_038714349.1, XP_038718414.1, XP_038718594.1
OG0004355	Null	XP_038714455.1, XP_038714457.1, XP_038717397.1, XP_038717398.1
OG0004356	Null	XP_038714514.1, XP_038718383.1, XP_038718384.1, XP_038718385.1
OG0004357	Null	XP_038714634.1, XP_038715319.1, XP_038715509.1, XP_038715510.1
OG0004358	Null	XP_038714891.1, XP_038716028.1, XP_038718065.1, XP_038718066.1
OG0004359	Null	XP_038714896.1, XP_038723064.1, XP_038723065.1, XP_038723066.1
OG0004360	Null	XP_038714945.1, XP_038714946.1, XP_038714947.1, XP_038714948.1
OG0004361	Null	XP_038715099.1, XP_038715103.1, XP_038715107.1, XP_038715113.1
OG0004362	Null	XP_038715127.1, XP_038715129.1, XP_038715268.1, XP_038717188.1
OG0004363	Null	XP_038715299.1, XP_038715300.1, XP_038715301.1, XP_038716734.1
OG0004364	Null	XP_038715358.1, XP_038715359.1, XP_038715360.1, XP_038715361.1
OG0004365	Null	XP_038715482.1, XP_038718304.1, XP_038721309.1, XP_038722282.1
OG0004366	Null	XP_038715688.1, XP_038715689.1, XP_038715690.1, XP_038715691.1
OG0004367	Null	XP_038715796.1, XP_038725199.1, XP_038725200.1, XP_038725259.1
OG0004368	Null	XP_038716134.1, XP_038716135.1, XP_038717520.1, XP_038717521.1
OG0004369	Null	XP_038716196.1, XP_038716197.1, XP_038716198.1, XP_038718473.1
OG0004370	Null	XP_038716234.1, XP_038716235.1, XP_038717972.1, XP_038717973.1
OG0004371	Null	XP_038716308.1, XP_038716309.1, XP_038718365.1, XP_038718366.1
OG0004372	Null	XP_038716509.1, XP_038716510.1, XP_038716511.1, XP_038716512.1
OG0004373	Null	XP_038716517.1, XP_038716518.1, XP_038716589.1, XP_038718371.1
OG0004374	Null	XP_038716535.1, XP_038717215.1, XP_038725960.1, XP_038725961.1
OG0004375	Null	XP_038716658.1, XP_038718432.1, XP_038718433.1, XP_038718501.1
OG0004376	Null	XP_038716839.1, XP_038716840.1, XP_038724117.1, XP_038724118.1
OG0004377	Null	XP_038717129.1, XP_038717130.1, XP_038717131.1, XP_038717132.1
OG0004378	Null	XP_038717164.1, XP_038717165.1, XP_038717166.1, XP_038717167.1
OG0004379	Null	XP_038717494.1, XP_038717496.1, XP_038717497.1, XP_038717498.1
OG0004380	Null	XP_038717777.1, XP_038717778.1, XP_038717779.1, XP_038717780.1
OG0004381	Null	XP_038717820.1, XP_038717822.1, XP_038717823.1, XP_038717824.1
OG0004382	Null	XP_038717959.1, XP_038717960.1, XP_038717961.1, XP_038717962.1
OG0004383	Null	XP_038718158.1, XP_038718159.1, XP_038718160.1, XP_038718161.1
OG0004384	Null	XP_038718367.1, XP_038718368.1, XP_038718369.1, XP_038718370.1
OG0004385	Null	XP_038718513.1, XP_038718514.1, XP_038718515.1, XP_038718516.1
OG0004386	Null	XP_038718657.1, XP_038718658.1, XP_038718659.1, XP_038718661.1
OG0004387	Null	XP_038718766.1, XP_038718767.1, XP_038718768.1, XP_038718769.1
OG0004388	Null	XP_038718871.1, XP_038718872.1, XP_038718874.1, XP_038718875.1
OG0004389	Null	XP_038718894.1, XP_038718895.1, XP_038718896.1, XP_038718897.1
OG0004390	Null	XP_038718956.1, XP_038718957.1, XP_038718958.1, XP_038718959.1
OG0004391	Null	XP_038719118.1, XP_038719119.1, XP_038719120.1, XP_038719121.1
OG0004392	Null	XP_038719202.1, XP_038721835.1, XP_038722995.1, XP_038722996.1
OG0004393	Null	XP_038719264.1, XP_038719272.1, XP_038719279.1, XP_038719288.1
OG0004394	Null	XP_038719631.1, XP_038719632.1, XP_038719633.1, XP_038719634.1
OG0004395	Null	XP_038719662.1, XP_038723906.1, XP_038723907.1, XP_038723908.1
OG0004396	Null	XP_038719692.1, XP_038719693.1, XP_038719694.1, XP_038723835.1
OG0004397	Null	XP_038719987.1, XP_038719988.1, XP_038719989.1, XP_038721946.1
OG0004398	Null	XP_038720125.1, XP_038720126.1, XP_038720127.1, XP_038720128.1
OG0004399	Null	XP_038720568.1, XP_038720569.1, XP_038720570.1, XP_038720571.1
OG0004400	Null	XP_038721638.1, XP_038723984.1, XP_038723985.1, XP_038723986.1
OG0004401	Null	XP_038721723.1, XP_038723767.1, XP_038723768.1, XP_038723769.1
OG0004402	Null	XP_038721785.1, XP_038721786.1, XP_038721787.1, XP_038721788.1
OG0004403	Null	XP_038721914.1, XP_038722097.1, XP_038722100.1, XP_038722108.1
OG0004404	Null	XP_038721956.1, XP_038721958.1, XP_038721959.1, XP_038722353.1
OG0004405	Null	XP_038722527.1, XP_038722528.1, XP_038722529.1, XP_038722530.1
OG0004406	Null	XP_038722934.1, XP_038722935.1, XP_038722936.1, XP_038722938.1
OG0004407	Null	XP_038722976.1, XP_038722978.1, XP_038722979.1, XP_038722980.1
OG0004408	Null	XP_038723029.1, XP_038723030.1, XP_038723031.1, XP_038723032.1
OG0004409	Null	XP_038723443.1, XP_038723444.1, XP_038724194.1, XP_038724195.1
OG0004410	Null	XP_038724346.1, XP_038724347.1, XP_038724348.1, XP_038724349.1
OG0004411	Null	XP_038724783.1, XP_038724784.1, XP_038724785.1, XP_038724786.1
OG0004412	Null	XP_038724945.1, XP_038724946.1, XP_038724947.1, XP_038724948.1
OG0004413	Null	XP_038724961.1, XP_038724969.1, XP_038724976.1, XP_038724985.1
OG0004414	Null	XP_038725104.1, XP_038725105.1, XP_038725106.1, XP_038725107.1
OG0004415	Null	XP_038725132.1, XP_038725133.1, XP_038725135.1, XP_038725136.1
OG0004416	Null	XP_038725396.1, XP_038725397.1, XP_038725399.1, XP_038725400.1
OG0004417	Null	XP_038725762.1, XP_038725763.1, XP_038725764.1, XP_038725765.1
OG0004418	Null	XP_038726128.1, XP_038726130.1, XP_038726154.1, XP_038726155.1
OG0004419	GWHPDONJ000024	XP_038705271.1, XP_038705272.1
OG0004420	GWHPDONJ000025, GWHPDONJ010556	XP_038679178.1
OG0004421	GWHPDONJ000033	XP_038716159.1, XP_038716733.1
OG0004422	GWHPDONJ000059, GWHPDONJ005140	XP_038716705.1
OG0004423	GWHPDONJ000063	XP_038691593.1, XP_038691594.1
OG0004424	GWHPDONJ000082	XP_038706365.1, XP_038706366.1
OG0004425	GWHPDONJ000085	XP_038694147.1, XP_038701484.1
OG0004426	GWHPDONJ000086, GWHPDONJ000279	XP_038721782.1
OG0004427	GWHPDONJ000088, GWHPDONJ000278, GWHPDONJ001349	
OG0004428	GWHPDONJ000117, GWHPDONJ004911	XP_038697609.1
OG0004429	GWHPDONJ000124	XP_038721033.1, XP_038721043.1
OG0004430	GWHPDONJ000125	XP_038694448.1, XP_038706398.1
OG0004431	GWHPDONJ000126, GWHPDONJ000186	XP_038684415.1
OG0004432	GWHPDONJ000127, GWHPDONJ000185	XP_038682953.1
OG0004433	GWHPDONJ000148	XP_038703470.1, XP_038703471.1
OG0004434	GWHPDONJ000192	XP_038684691.1, XP_038709762.1
OG0004435	GWHPDONJ000207, GWHPDONJ007627	XP_038715102.1
OG0004436	GWHPDONJ000208, GWHPDONJ008660	XP_038712250.1
OG0004437	GWHPDONJ000209	XP_038683576.1, XP_038708089.1
OG0004438	GWHPDONJ000234, GWHPDONJ008689	XP_038690863.1
OG0004439	GWHPDONJ000246	XP_038707144.1, XP_038707145.1
OG0004440	GWHPDONJ000251, GWHPDONJ000638, GWHPDONJ003015	
OG0004441	GWHPDONJ000255, GWHPDONJ003528	XP_038719831.1
OG0004442	GWHPDONJ000281, GWHPDONJ001448, GWHPDONJ002243	
OG0004443	GWHPDONJ000315	XP_038679572.1, XP_038704526.1
OG0004444	GWHPDONJ000316, GWHPDONJ000320	XP_038723997.1
OG0004445	GWHPDONJ000321	XP_038692022.1, XP_038723290.1
OG0004446	GWHPDONJ000337, GWHPDONJ010769	XP_038707723.1
OG0004447	GWHPDONJ000339	XP_038680611.1, XP_038683062.1
OG0004448	GWHPDONJ000342, GWHPDONJ010929	XP_038683220.1
OG0004449	GWHPDONJ000348	XP_038717524.1, XP_038717525.1
OG0004450	GWHPDONJ000354, GWHPDONJ001956	XP_038704678.1
OG0004451	GWHPDONJ000355	XP_038679246.1, XP_038679247.1
OG0004452	GWHPDONJ000356, GWHPDONJ007170	XP_038724444.1
OG0004453	GWHPDONJ000357	XP_038726292.1, XP_038726293.1
OG0004454	GWHPDONJ000359	XP_038723875.1, XP_038723876.1
OG0004455	GWHPDONJ000365	XP_038696659.1, XP_038712510.1
OG0004456	GWHPDONJ000372	XP_038680571.1, XP_038724677.1
OG0004457	GWHPDONJ000377, GWHPDONJ007162	XP_038725987.1
OG0004458	GWHPDONJ000408	XP_038692883.1, XP_038705936.1
OG0004459	GWHPDONJ000417	XP_038690317.1, XP_038690318.1
OG0004460	GWHPDONJ000418	XP_038690898.1, XP_038690899.1
OG0004461	GWHPDONJ000422	XP_038688081.1, XP_038725657.1
OG0004462	GWHPDONJ000426, GWHPDONJ001571	XP_038711906.1
OG0004463	GWHPDONJ000437, GWHPDONJ001576	XP_038692104.1
OG0004464	GWHPDONJ000464	XP_038699859.1, XP_038710143.1
OG0004465	GWHPDONJ000476, GWHPDONJ000802	XP_038693026.1
OG0004466	GWHPDONJ000481, GWHPDONJ005070, GWHPDONJ009407	
OG0004467	GWHPDONJ000483, GWHPDONJ008177	XP_038713440.1
OG0004468	GWHPDONJ000489	XP_038688298.1, XP_038688299.1
OG0004469	GWHPDONJ000500, GWHPDONJ004660	XP_038716515.1
OG0004470	GWHPDONJ000519, GWHPDONJ001015, GWHPDONJ002445	
OG0004471	GWHPDONJ000524, GWHPDONJ001607	XP_038711156.1
OG0004472	GWHPDONJ000532	XP_038714584.1, XP_038718174.1
OG0004473	GWHPDONJ000545	XP_038704667.1, XP_038723981.1
OG0004474	GWHPDONJ000551	XP_038707275.1, XP_038719977.1
OG0004475	GWHPDONJ000561, GWHPDONJ001928, GWHPDONJ005511	
OG0004476	GWHPDONJ000587	XP_038699361.1, XP_038719974.1
OG0004477	GWHPDONJ000606	XP_038701446.1, XP_038701447.1
OG0004478	GWHPDONJ000611	XP_038692773.1, XP_038705847.1
OG0004479	GWHPDONJ000645, GWHPDONJ001056, GWHPDONJ002307	
OG0004480	GWHPDONJ000666, GWHPDONJ003314	XP_038691899.1
OG0004481	GWHPDONJ000668	XP_038708815.1, XP_038708822.1
OG0004482	GWHPDONJ000674, GWHPDONJ003775	XP_038698395.1
OG0004483	GWHPDONJ000685	XP_038694836.1, XP_038718295.1
OG0004484	GWHPDONJ000711, GWHPDONJ004384, GWHPDONJ008227	
OG0004485	GWHPDONJ000729	XP_038721050.1, XP_038724470.1
OG0004486	GWHPDONJ000733, GWHPDONJ004025, GWHPDONJ008698	
OG0004487	GWHPDONJ000742, GWHPDONJ006098	XP_038720410.1
OG0004488	GWHPDONJ000758	XP_038710106.1, XP_038710107.1
OG0004489	GWHPDONJ000765	XP_038699966.1, XP_038699967.1
OG0004490	GWHPDONJ000768	XP_038711499.1, XP_038711500.1
OG0004491	GWHPDONJ000783, GWHPDONJ001499, GWHPDONJ002904	
OG0004492	GWHPDONJ000794, GWHPDONJ010902	XP_038697872.1
OG0004493	GWHPDONJ000831	XP_038697661.1, XP_038721482.1
OG0004494	GWHPDONJ000834	XP_038692960.1, XP_038694590.1
OG0004495	GWHPDONJ000849	XP_038701128.1, XP_038712709.1
OG0004496	GWHPDONJ000854	XP_038682601.1, XP_038708888.1
OG0004497	GWHPDONJ000861	XP_038682248.1, XP_038708218.1
OG0004498	GWHPDONJ000862	XP_038708757.1, XP_038708758.1
OG0004499	GWHPDONJ000865	XP_038708759.1, XP_038708760.1
OG0004500	GWHPDONJ000868	XP_038698238.1, XP_038710122.1
OG0004501	GWHPDONJ000869	XP_038707429.1, XP_038707430.1
OG0004502	GWHPDONJ000925, GWHPDONJ007859	XP_038723488.1
OG0004503	GWHPDONJ000934, GWHPDONJ006155, GWHPDONJ009798	
OG0004504	GWHPDONJ000937, GWHPDONJ002557, GWHPDONJ009938	
OG0004505	GWHPDONJ000938, GWHPDONJ009937	XP_038715232.1
OG0004506	GWHPDONJ000939	XP_038697317.1, XP_038719531.1
OG0004507	GWHPDONJ000953	XP_038683447.1, XP_038708627.1
OG0004508	GWHPDONJ000973, GWHPDONJ002979, GWHPDONJ003364	
OG0004509	GWHPDONJ001006, GWHPDONJ009154	XP_038690381.1
OG0004510	GWHPDONJ001022, GWHPDONJ001179, GWHPDONJ003331	
OG0004511	GWHPDONJ001064, GWHPDONJ010176	XP_038697574.1
OG0004512	GWHPDONJ001065	XP_038709706.1, XP_038709707.1
OG0004513	GWHPDONJ001088, GWHPDONJ001090	XP_038682344.1
OG0004514	GWHPDONJ001094	XP_038720062.1, XP_038722152.1
OG0004515	GWHPDONJ001123, GWHPDONJ008398	XP_038705227.1
OG0004516	GWHPDONJ001124	XP_038696576.1, XP_038700283.1
OG0004517	GWHPDONJ001128	XP_038689452.1, XP_038689453.1
OG0004518	GWHPDONJ001137, GWHPDONJ007897	XP_038717128.1
OG0004519	GWHPDONJ001182	XP_038680551.1, XP_038724896.1
OG0004520	GWHPDONJ001205, GWHPDONJ002975	XP_038715219.1
OG0004521	GWHPDONJ001255	XP_038680555.1, XP_038712487.1
OG0004522	GWHPDONJ001262	XP_038707740.1, XP_038707741.1
OG0004523	GWHPDONJ001263, GWHPDONJ009536	XP_038686336.1
OG0004524	GWHPDONJ001266	XP_038692708.1, XP_038706001.1
OG0004525	GWHPDONJ001268	XP_038685870.1, XP_038685950.1
OG0004526	GWHPDONJ001269	XP_038680284.1, XP_038689912.1
OG0004527	GWHPDONJ001363, GWHPDONJ001364, GWHPDONJ001510	
OG0004528	GWHPDONJ001449	XP_038717584.1, XP_038717585.1
OG0004529	GWHPDONJ001452	XP_038703920.1, XP_038723170.1
OG0004530	GWHPDONJ001462, GWHPDONJ003360, GWHPDONJ005754	
OG0004531	GWHPDONJ001464	XP_038685356.1, XP_038685357.1
OG0004532	GWHPDONJ001482	XP_038687284.1, XP_038725659.1
OG0004533	GWHPDONJ001512	XP_038686833.1, XP_038686841.1
OG0004534	GWHPDONJ001513, GWHPDONJ007234, GWHPDONJ008760	
OG0004535	GWHPDONJ001559, GWHPDONJ009446	XP_038724336.1
OG0004536	GWHPDONJ001560	XP_038680359.1, XP_038688074.1
OG0004537	GWHPDONJ001561, GWHPDONJ009447	XP_038715183.1
OG0004538	GWHPDONJ001567	XP_038682585.1, XP_038682586.1
OG0004539	GWHPDONJ001578, GWHPDONJ009245	XP_038703536.1
OG0004540	GWHPDONJ001580, GWHPDONJ009244	XP_038689477.1
OG0004541	GWHPDONJ001581	XP_038704614.1, XP_038715967.1
OG0004542	GWHPDONJ001598	XP_038691620.1, XP_038712034.1
OG0004543	GWHPDONJ001608, GWHPDONJ008006	XP_038691089.1
OG0004544	GWHPDONJ001612, GWHPDONJ001717	XP_038720287.1
OG0004545	GWHPDONJ001622, GWHPDONJ003160	XP_038685776.1
OG0004546	GWHPDONJ001639	XP_038697554.1, XP_038718976.1
OG0004547	GWHPDONJ001640, GWHPDONJ007459	XP_038713471.1
OG0004548	GWHPDONJ001726	XP_038699936.1, XP_038710993.1
OG0004549	GWHPDONJ001731, GWHPDONJ001733, GWHPDONJ006549	
OG0004550	GWHPDONJ001747	XP_038704474.1, XP_038704475.1
OG0004551	GWHPDONJ001750	XP_038679367.1, XP_038687321.1
OG0004552	GWHPDONJ001756, GWHPDONJ001856, GWHPDONJ002653	
OG0004553	GWHPDONJ001757	XP_038698780.1, XP_038710618.1
OG0004554	GWHPDONJ001758	XP_038678520.1, XP_038678521.1
OG0004555	GWHPDONJ001805, GWHPDONJ009783	XP_038693384.1
OG0004556	GWHPDONJ001810	XP_038715210.1, XP_038716783.1
OG0004557	GWHPDONJ001822, GWHPDONJ002101	XP_038711767.1
OG0004558	GWHPDONJ001827, GWHPDONJ009285	XP_038724888.1
OG0004559	GWHPDONJ001828, GWHPDONJ009286	XP_038685083.1
OG0004560	GWHPDONJ001867, GWHPDONJ006180	XP_038724234.1
OG0004561	GWHPDONJ001906	XP_038678528.1, XP_038699143.1
OG0004562	GWHPDONJ001908, GWHPDONJ008123	XP_038718844.1
OG0004563	GWHPDONJ001930, GWHPDONJ002073	XP_038683897.1
OG0004564	GWHPDONJ001943	XP_038690803.1, XP_038714588.1
OG0004565	GWHPDONJ001948	XP_038689851.1, XP_038708515.1
OG0004566	GWHPDONJ001995	XP_038714952.1, XP_038714953.1
OG0004567	GWHPDONJ001997	XP_038715798.1, XP_038718193.1
OG0004568	GWHPDONJ002009, GWHPDONJ003325	XP_038683561.1
OG0004569	GWHPDONJ002023, GWHPDONJ002142, GWHPDONJ002763	
OG0004570	GWHPDONJ002038, GWHPDONJ003480	XP_038722151.1
OG0004571	GWHPDONJ002047, GWHPDONJ003820, GWHPDONJ008184	
OG0004572	GWHPDONJ002052	XP_038703341.1, XP_038715118.1
OG0004573	GWHPDONJ002058	XP_038683647.1, XP_038683648.1
OG0004574	GWHPDONJ002065	XP_038705152.1, XP_038716418.1
OG0004575	GWHPDONJ002098	XP_038695262.1, XP_038726026.1
OG0004576	GWHPDONJ002115	XP_038711125.1, XP_038711126.1
OG0004577	GWHPDONJ002123, GWHPDONJ002124	XP_038717887.1
OG0004578	GWHPDONJ002182	XP_038701810.1, XP_038701815.1
OG0004579	GWHPDONJ002184	XP_038695625.1, XP_038700489.1
OG0004580	GWHPDONJ002187, GWHPDONJ010655	XP_038723122.1
OG0004581	GWHPDONJ002188, GWHPDONJ010653	XP_038725750.1
OG0004582	GWHPDONJ002206	XP_038716923.1, XP_038718395.1
OG0004583	GWHPDONJ002207	XP_038688994.1, XP_038690567.1
OG0004584	GWHPDONJ002253	XP_038696046.1, XP_038696047.1
OG0004585	GWHPDONJ002257	XP_038681350.1, XP_038708156.1
OG0004586	GWHPDONJ002261, GWHPDONJ002498, GWHPDONJ005539	
OG0004587	GWHPDONJ002263, GWHPDONJ002884, GWHPDONJ009939	
OG0004588	GWHPDONJ002267	XP_038683263.1, XP_038719364.1
OG0004589	GWHPDONJ002278, GWHPDONJ003424	XP_038689825.1
OG0004590	GWHPDONJ002301, GWHPDONJ007147	XP_038686953.1
OG0004591	GWHPDONJ002302, GWHPDONJ007146	XP_038713030.1
OG0004592	GWHPDONJ002308	XP_038684414.1, XP_038708052.1
OG0004593	GWHPDONJ002312, GWHPDONJ008989	XP_038704083.1
OG0004594	GWHPDONJ002313	XP_038715164.1, XP_038717008.1
OG0004595	GWHPDONJ002320, GWHPDONJ009071	XP_038688388.1
OG0004596	GWHPDONJ002328	XP_038679926.1, XP_038687290.1
OG0004597	GWHPDONJ002331	XP_038696846.1, XP_038696847.1
OG0004598	GWHPDONJ002343, GWHPDONJ003291	XP_038725593.1
OG0004599	GWHPDONJ002345, GWHPDONJ003113	XP_038707314.1
OG0004600	GWHPDONJ002349	XP_038694274.1, XP_038715093.1
OG0004601	GWHPDONJ002355	XP_038682785.1, XP_038683183.1
OG0004602	GWHPDONJ002375, GWHPDONJ009712	XP_038696962.1
OG0004603	GWHPDONJ002377, GWHPDONJ009713	XP_038693520.1
OG0004604	GWHPDONJ002378	XP_038698959.1, XP_038711444.1
OG0004605	GWHPDONJ002379, GWHPDONJ003474	XP_038681020.1
OG0004606	GWHPDONJ002380	XP_038695953.1, XP_038701042.1
OG0004607	GWHPDONJ002416	XP_038685505.1, XP_038685506.1
OG0004608	GWHPDONJ002420, GWHPDONJ002435	XP_038712831.1
OG0004609	GWHPDONJ002422	XP_038724206.1, XP_038724207.1
OG0004610	GWHPDONJ002425, GWHPDONJ007151	XP_038712134.1
OG0004611	GWHPDONJ002428	XP_038685029.1, XP_038689284.1
OG0004612	GWHPDONJ002430	XP_038686436.1, XP_038714386.1
OG0004613	GWHPDONJ002433, GWHPDONJ007142	XP_038711504.1
OG0004614	GWHPDONJ002469, GWHPDONJ003189	XP_038694547.1
OG0004615	GWHPDONJ002480	XP_038686928.1, XP_038701486.1
OG0004616	GWHPDONJ002508	XP_038678737.1, XP_038700543.1
OG0004617	GWHPDONJ002537	XP_038697538.1, XP_038702248.1
OG0004618	GWHPDONJ002559	XP_038703986.1, XP_038704075.1
OG0004619	GWHPDONJ002565, GWHPDONJ002693	XP_038697963.1
OG0004620	GWHPDONJ002567, GWHPDONJ009924	XP_038679036.1
OG0004621	GWHPDONJ002576	XP_038691225.1, XP_038691668.1
OG0004622	GWHPDONJ002580	XP_038694079.1, XP_038694080.1
OG0004623	GWHPDONJ002601, GWHPDONJ004863	XP_038698855.1
OG0004624	GWHPDONJ002604	XP_038713677.1, XP_038713678.1
OG0004625	GWHPDONJ002618	XP_038678972.1, XP_038680536.1
OG0004626	GWHPDONJ002621, GWHPDONJ005061	XP_038680701.1
OG0004627	GWHPDONJ002622, GWHPDONJ003279	XP_038693882.1
OG0004628	GWHPDONJ002628	XP_038694570.1, XP_038694571.1
OG0004629	GWHPDONJ002632, GWHPDONJ005453	XP_038703668.1
OG0004630	GWHPDONJ002651	XP_038698548.1, XP_038711413.1
OG0004631	GWHPDONJ002681, GWHPDONJ010702	XP_038700303.1
OG0004632	GWHPDONJ002683	XP_038693175.1, XP_038707797.1
OG0004633	GWHPDONJ002692	XP_038689022.1, XP_038689084.1
OG0004634	GWHPDONJ002695	XP_038711644.1, XP_038711645.1
OG0004635	GWHPDONJ002699	XP_038722326.1, XP_038722327.1
OG0004636	GWHPDONJ002703, GWHPDONJ007337, GWHPDONJ007338	
OG0004637	GWHPDONJ002704	XP_038705432.1, XP_038720367.1
OG0004638	GWHPDONJ002705, GWHPDONJ002732	XP_038726364.1
OG0004639	GWHPDONJ002707	XP_038685444.1, XP_038690493.1
OG0004640	GWHPDONJ002708	XP_038720344.1, XP_038723149.1
OG0004641	GWHPDONJ002715	XP_038690090.1, XP_038710418.1
OG0004642	GWHPDONJ002722	XP_038690612.1, XP_038712548.1
OG0004643	GWHPDONJ002730	XP_038688939.1, XP_038688940.1
OG0004644	GWHPDONJ002739	XP_038689482.1, XP_038710147.1
OG0004645	GWHPDONJ002741, GWHPDONJ010855	XP_038701557.1
OG0004646	GWHPDONJ002746	XP_038715953.1, XP_038715954.1
OG0004647	GWHPDONJ002755	XP_038702405.1, XP_038719382.1
OG0004648	GWHPDONJ002765	XP_038702892.1, XP_038713374.1
OG0004649	GWHPDONJ002782, GWHPDONJ010787	XP_038705763.1
OG0004650	GWHPDONJ002800, GWHPDONJ004755	XP_038720335.1
OG0004651	GWHPDONJ002804	XP_038685316.1, XP_038689611.1
OG0004652	GWHPDONJ002806, GWHPDONJ008381	XP_038713699.1
OG0004653	GWHPDONJ002815, GWHPDONJ003602, GWHPDONJ003684	
OG0004654	GWHPDONJ002827, GWHPDONJ005668	XP_038679113.1
OG0004655	GWHPDONJ002828, GWHPDONJ005667	XP_038720722.1
OG0004656	GWHPDONJ002833, GWHPDONJ010076	XP_038684206.1
OG0004657	GWHPDONJ002858	XP_038699950.1, XP_038724443.1
OG0004658	GWHPDONJ002859	XP_038714281.1, XP_038718554.1
OG0004659	GWHPDONJ002870	XP_038721220.1, XP_038721221.1
OG0004660	GWHPDONJ002930	XP_038718214.1, XP_038718215.1
OG0004661	GWHPDONJ002931, GWHPDONJ004858	XP_038718216.1
OG0004662	GWHPDONJ002944, GWHPDONJ004889	XP_038693988.1
OG0004663	GWHPDONJ002962, GWHPDONJ009110	XP_038704491.1
OG0004664	GWHPDONJ002965, GWHPDONJ003573	XP_038713590.1
OG0004665	GWHPDONJ002998	XP_038683270.1, XP_038709515.1
OG0004666	GWHPDONJ003024	XP_038715577.1, XP_038717632.1
OG0004667	GWHPDONJ003027	XP_038715338.1, XP_038715339.1
OG0004668	GWHPDONJ003029, GWHPDONJ010264	XP_038715870.1
OG0004669	GWHPDONJ003035	XP_038700233.1, XP_038700234.1
OG0004670	GWHPDONJ003066, GWHPDONJ003387, GWHPDONJ007655	
OG0004671	GWHPDONJ003129, GWHPDONJ003197	XP_038703693.1
OG0004672	GWHPDONJ003134, GWHPDONJ007969	XP_038681499.1
OG0004673	GWHPDONJ003150, GWHPDONJ006704	XP_038722989.1
OG0004674	GWHPDONJ003156, GWHPDONJ010843	XP_038700193.1
OG0004675	GWHPDONJ003176, GWHPDONJ009785	XP_038710497.1
OG0004676	GWHPDONJ003178, GWHPDONJ003816	XP_038704255.1
OG0004677	GWHPDONJ003183	XP_038692160.1, XP_038704102.1
OG0004678	GWHPDONJ003190, GWHPDONJ007724	XP_038691230.1
OG0004679	GWHPDONJ003213	XP_038703661.1, XP_038703662.1
OG0004680	GWHPDONJ003216, GWHPDONJ010353	XP_038720867.1
OG0004681	GWHPDONJ003218, GWHPDONJ010355	XP_038721452.1
OG0004682	GWHPDONJ003228	XP_038688936.1, XP_038689746.1
OG0004683	GWHPDONJ003238, GWHPDONJ003239	XP_038698189.1
OG0004684	GWHPDONJ003241, GWHPDONJ005361	XP_038681608.1
OG0004685	GWHPDONJ003242	XP_038682532.1, XP_038709129.1
OG0004686	GWHPDONJ003244	XP_038700501.1, XP_038712218.1
OG0004687	GWHPDONJ003251	XP_038697038.1, XP_038700720.1
OG0004688	GWHPDONJ003257	XP_038698177.1, XP_038710118.1
OG0004689	GWHPDONJ003274, GWHPDONJ008549	XP_038696897.1
OG0004690	GWHPDONJ003281, GWHPDONJ008509	XP_038695341.1
OG0004691	GWHPDONJ003299	XP_038680147.1, XP_038680148.1
OG0004692	GWHPDONJ003303	XP_038706665.1, XP_038706666.1
OG0004693	GWHPDONJ003307	XP_038703316.1, XP_038714302.1
OG0004694	GWHPDONJ003349	XP_038712333.1, XP_038712334.1
OG0004695	GWHPDONJ003353, GWHPDONJ010665	XP_038725531.1
OG0004696	GWHPDONJ003377	XP_038723847.1, XP_038723848.1
OG0004697	GWHPDONJ003383, GWHPDONJ009004	XP_038678861.1
OG0004698	GWHPDONJ003384	XP_038690728.1, XP_038691414.1
OG0004699	GWHPDONJ003388	XP_038694885.1, XP_038706083.1
OG0004700	GWHPDONJ003420, GWHPDONJ010552	XP_038684116.1
OG0004701	GWHPDONJ003461	XP_038692218.1, XP_038717974.1
OG0004702	GWHPDONJ003466, GWHPDONJ004570	XP_038685097.1
OG0004703	GWHPDONJ003473	XP_038713057.1, XP_038713058.1
OG0004704	GWHPDONJ003479, GWHPDONJ008957	XP_038712306.1
OG0004705	GWHPDONJ003484, GWHPDONJ003485, GWHPDONJ008444	
OG0004706	GWHPDONJ003509, GWHPDONJ005108	XP_038719942.1
OG0004707	GWHPDONJ003563	XP_038693059.1, XP_038693060.1
OG0004708	GWHPDONJ003569	XP_038681673.1, XP_038681674.1
OG0004709	GWHPDONJ003574	XP_038703846.1, XP_038714167.1
OG0004710	GWHPDONJ003587, GWHPDONJ008075, GWHPDONJ009576	
OG0004711	GWHPDONJ003598	XP_038708124.1, XP_038720624.1
OG0004712	GWHPDONJ003658, GWHPDONJ004868, GWHPDONJ010129	
OG0004713	GWHPDONJ003707, GWHPDONJ007547	XP_038693268.1
OG0004714	GWHPDONJ003727, GWHPDONJ009300	XP_038716129.1
OG0004715	GWHPDONJ003740, GWHPDONJ010530	XP_038699610.1
OG0004716	GWHPDONJ003780, GWHPDONJ005350	XP_038708251.1
OG0004717	GWHPDONJ003788	XP_038707881.1, XP_038707882.1
OG0004718	GWHPDONJ003791	XP_038685874.1, XP_038685875.1
OG0004719	GWHPDONJ003799	XP_038689936.1, XP_038689937.1
OG0004720	GWHPDONJ003830	XP_038720906.1, XP_038720907.1
OG0004721	GWHPDONJ003831	XP_038679531.1, XP_038705942.1
OG0004722	GWHPDONJ003836	XP_038694200.1, XP_038724698.1
OG0004723	GWHPDONJ003837	XP_038682479.1, XP_038707959.1
OG0004724	GWHPDONJ003841	XP_038693814.1, XP_038705850.1
OG0004725	GWHPDONJ003844	XP_038703120.1, XP_038703121.1
OG0004726	GWHPDONJ003846	XP_038705877.1, XP_038705902.1
OG0004727	GWHPDONJ003855	XP_038705825.1, XP_038706022.1
OG0004728	GWHPDONJ003867	XP_038719212.1, XP_038719220.1
OG0004729	GWHPDONJ003868	XP_038693364.1, XP_038706406.1
OG0004730	GWHPDONJ003870	XP_038693490.1, XP_038706750.1
OG0004731	GWHPDONJ003871	XP_038693488.1, XP_038693489.1
OG0004732	GWHPDONJ003873	XP_038713077.1, XP_038713078.1
OG0004733	GWHPDONJ003877	XP_038678798.1, XP_038711729.1
OG0004734	GWHPDONJ003886	XP_038692172.1, XP_038692173.1
OG0004735	GWHPDONJ003888	XP_038706775.1, XP_038721774.1
OG0004736	GWHPDONJ003893	XP_038698600.1, XP_038699589.1
OG0004737	GWHPDONJ003894	XP_038705676.1, XP_038705679.1
OG0004738	GWHPDONJ003913	XP_038693441.1, XP_038705372.1
OG0004739	GWHPDONJ003914	XP_038705617.1, XP_038720374.1
OG0004740	GWHPDONJ003915	XP_038680606.1, XP_038680607.1
OG0004741	GWHPDONJ003916	XP_038707092.1, XP_038726192.1
OG0004742	GWHPDONJ003925, GWHPDONJ010589	XP_038700991.1
OG0004743	GWHPDONJ003926	XP_038700629.1, XP_038700630.1
OG0004744	GWHPDONJ003927	XP_038711679.1, XP_038711687.1
OG0004745	GWHPDONJ003934	XP_038679887.1, XP_038679888.1
OG0004746	GWHPDONJ003935	XP_038695984.1, XP_038700891.1
OG0004747	GWHPDONJ003949	XP_038715221.1, XP_038718137.1
OG0004748	GWHPDONJ003951	XP_038707652.1, XP_038723664.1
OG0004749	GWHPDONJ003963	XP_038695098.1, XP_038698322.1
OG0004750	GWHPDONJ003983	XP_038698526.1, XP_038698748.1
OG0004751	GWHPDONJ003992	XP_038704846.1, XP_038718539.1
OG0004752	GWHPDONJ003994	XP_038679158.1, XP_038679159.1
OG0004753	GWHPDONJ003996	XP_038714664.1, XP_038714665.1
OG0004754	GWHPDONJ004003	XP_038716561.1, XP_038716562.1
OG0004755	GWHPDONJ004009	XP_038715406.1, XP_038715407.1
OG0004756	GWHPDONJ004011	XP_038704425.1, XP_038717260.1
OG0004757	GWHPDONJ004014	XP_038703769.1, XP_038703770.1
OG0004758	GWHPDONJ004017	XP_038704423.1, XP_038716832.1
OG0004759	GWHPDONJ004021	XP_038726187.1, XP_038726188.1
OG0004760	GWHPDONJ004022	XP_038687394.1, XP_038724280.1
OG0004761	GWHPDONJ004023	XP_038696614.1, XP_038696615.1
OG0004762	GWHPDONJ004024	XP_038724842.1, XP_038724843.1
OG0004763	GWHPDONJ004034	XP_038700968.1, XP_038725150.1
OG0004764	GWHPDONJ004036, GWHPDONJ010347	XP_038704320.1
OG0004765	GWHPDONJ004039	XP_038700974.1, XP_038700975.1
OG0004766	GWHPDONJ004041	XP_038695343.1, XP_038724797.1
OG0004767	GWHPDONJ004045	XP_038695029.1, XP_038695674.1
OG0004768	GWHPDONJ004064	XP_038685370.1, XP_038685371.1
OG0004769	GWHPDONJ004066	XP_038715971.1, XP_038716886.1
OG0004770	GWHPDONJ004070	XP_038704568.1, XP_038704569.1
OG0004771	GWHPDONJ004071	XP_038715732.1, XP_038717681.1
OG0004772	GWHPDONJ004072	XP_038715738.1, XP_038715739.1
OG0004773	GWHPDONJ004078	XP_038695520.1, XP_038710395.1
OG0004774	GWHPDONJ004083	XP_038700743.1, XP_038711447.1
OG0004775	GWHPDONJ004086	XP_038684756.1, XP_038685795.1
OG0004776	GWHPDONJ004088	XP_038696680.1, XP_038700141.1
OG0004777	GWHPDONJ004089	XP_038695947.1, XP_038701040.1
OG0004778	GWHPDONJ004097	XP_038696304.1, XP_038699871.1
OG0004779	GWHPDONJ004099	XP_038695731.1, XP_038712272.1
OG0004780	GWHPDONJ004100	XP_038698217.1, XP_038707280.1
OG0004781	GWHPDONJ004101	XP_038682577.1, XP_038684606.1
OG0004782	GWHPDONJ004103	XP_038700873.1, XP_038712051.1
OG0004783	GWHPDONJ004105	XP_038710663.1, XP_038710664.1
OG0004784	GWHPDONJ004108	XP_038695362.1, XP_038695363.1
OG0004785	GWHPDONJ004114	XP_038701015.1, XP_038725216.1
OG0004786	GWHPDONJ004115	XP_038698169.1, XP_038712655.1
OG0004787	GWHPDONJ004126	XP_038696689.1, XP_038698345.1
OG0004788	GWHPDONJ004135	XP_038699164.1, XP_038710902.1
OG0004789	GWHPDONJ004143	XP_038683652.1, XP_038683653.1
OG0004790	GWHPDONJ004145	XP_038710468.1, XP_038710469.1
OG0004791	GWHPDONJ004147	XP_038696960.1, XP_038696961.1
OG0004792	GWHPDONJ004160	XP_038725696.1, XP_038725704.1
OG0004793	GWHPDONJ004166	XP_038697155.1, XP_038697156.1
OG0004794	GWHPDONJ004170	XP_038695000.1, XP_038699296.1
OG0004795	GWHPDONJ004172	XP_038712852.1, XP_038718386.1
OG0004796	GWHPDONJ004177, GWHPDONJ004182	XP_038713477.1
OG0004797	GWHPDONJ004181	XP_038711706.1, XP_038711707.1
OG0004798	GWHPDONJ004185	XP_038678970.1, XP_038726274.1
OG0004799	GWHPDONJ004193	XP_038706907.1, XP_038706908.1
OG0004800	GWHPDONJ004201	XP_038696160.1, XP_038710044.1
OG0004801	GWHPDONJ004207	XP_038681152.1, XP_038681153.1
OG0004802	GWHPDONJ004209	XP_038686131.1, XP_038689544.1
OG0004803	GWHPDONJ004213	XP_038694220.1, XP_038706418.1
OG0004804	GWHPDONJ004214	XP_038695197.1, XP_038698912.1
OG0004805	GWHPDONJ004217	XP_038714192.1, XP_038717686.1
OG0004806	GWHPDONJ004219	XP_038710693.1, XP_038710694.1
OG0004807	GWHPDONJ004226	XP_038694768.1, XP_038717696.1
OG0004808	GWHPDONJ004231	XP_038700935.1, XP_038711583.1
OG0004809	GWHPDONJ004235, GWHPDONJ007340	XP_038698035.1
OG0004810	GWHPDONJ004252	XP_038682790.1, XP_038708776.1
OG0004811	GWHPDONJ004253, GWHPDONJ005097	XP_038682774.1
OG0004812	GWHPDONJ004260	XP_038683968.1, XP_038683969.1
OG0004813	GWHPDONJ004265	XP_038701442.1, XP_038701443.1
OG0004814	GWHPDONJ004268	XP_038718018.1, XP_038718019.1
OG0004815	GWHPDONJ004274	XP_038680559.1, XP_038706181.1
OG0004816	GWHPDONJ004279, GWHPDONJ008738	XP_038697889.1
OG0004817	GWHPDONJ004297	XP_038684397.1, XP_038684399.1
OG0004818	GWHPDONJ004298	XP_038704546.1, XP_038704571.1
OG0004819	GWHPDONJ004300, GWHPDONJ004338	XP_038698730.1
OG0004820	GWHPDONJ004302, GWHPDONJ004337	XP_038681779.1
OG0004821	GWHPDONJ004303	XP_038709289.1, XP_038709290.1
OG0004822	GWHPDONJ004307	XP_038696732.1, XP_038700896.1
OG0004823	GWHPDONJ004318	XP_038686789.1, XP_038702548.1
OG0004824	GWHPDONJ004319	XP_038720115.1, XP_038720116.1
OG0004825	GWHPDONJ004321	XP_038701954.1, XP_038701955.1
OG0004826	GWHPDONJ004334, GWHPDONJ009068	XP_038697233.1
OG0004827	GWHPDONJ004350	XP_038726202.1, XP_038726203.1
OG0004828	GWHPDONJ004353	XP_038696532.1, XP_038724890.1
OG0004829	GWHPDONJ004354	XP_038699313.1, XP_038699314.1
OG0004830	GWHPDONJ004359	XP_038678601.1, XP_038678602.1
OG0004831	GWHPDONJ004389	XP_038701491.1, XP_038701492.1
OG0004832	GWHPDONJ004392	XP_038689088.1, XP_038719083.1
OG0004833	GWHPDONJ004399	XP_038696779.1, XP_038720734.1
OG0004834	GWHPDONJ004402	XP_038701316.1, XP_038721721.1
OG0004835	GWHPDONJ004405	XP_038697309.1, XP_038702574.1
OG0004836	GWHPDONJ004411	XP_038685137.1, XP_038685138.1
OG0004837	GWHPDONJ004412	XP_038718784.1, XP_038718785.1
OG0004838	GWHPDONJ004418	XP_038692317.1, XP_038692326.1
OG0004839	GWHPDONJ004428	XP_038713897.1, XP_038713898.1
OG0004840	GWHPDONJ004446	XP_038699505.1, XP_038720963.1
OG0004841	GWHPDONJ004457	XP_038701083.1, XP_038725129.1
OG0004842	GWHPDONJ004459	XP_038701218.1, XP_038701219.1
OG0004843	GWHPDONJ004460	XP_038695254.1, XP_038695264.1
OG0004844	GWHPDONJ004470, GWHPDONJ004473	XP_038703550.1
OG0004845	GWHPDONJ004478, GWHPDONJ004896	XP_038694104.1
OG0004846	GWHPDONJ004486	XP_038706421.1, XP_038721814.1
OG0004847	GWHPDONJ004487	XP_038719098.1, XP_038719100.1
OG0004848	GWHPDONJ004489	XP_038698163.1, XP_038698164.1
OG0004849	GWHPDONJ004508	XP_038697344.1, XP_038697346.1
OG0004850	GWHPDONJ004511	XP_038691565.1, XP_038720275.1
OG0004851	GWHPDONJ004517	XP_038703432.1, XP_038703433.1
OG0004852	GWHPDONJ004525	XP_038706631.1, XP_038714068.1
OG0004853	GWHPDONJ004526	XP_038694930.1, XP_038694932.1
OG0004854	GWHPDONJ004534	XP_038719247.1, XP_038719248.1
OG0004855	GWHPDONJ004544	XP_038683585.1, XP_038683586.1
OG0004856	GWHPDONJ004547	XP_038682742.1, XP_038684568.1
OG0004857	GWHPDONJ004552, GWHPDONJ004878	XP_038725516.1
OG0004858	GWHPDONJ004553	XP_038707855.1, XP_038707856.1
OG0004859	GWHPDONJ004564, GWHPDONJ004873	XP_038701070.1
OG0004860	GWHPDONJ004566	XP_038696149.1, XP_038696150.1
OG0004861	GWHPDONJ004576	XP_038713275.1, XP_038713276.1
OG0004862	GWHPDONJ004578	XP_038708846.1, XP_038708856.1
OG0004863	GWHPDONJ004579	XP_038696805.1, XP_038696806.1
OG0004864	GWHPDONJ004581	XP_038696992.1, XP_038696993.1
OG0004865	GWHPDONJ004582	XP_038700104.1, XP_038724411.1
OG0004866	GWHPDONJ004583	XP_038683414.1, XP_038709005.1
OG0004867	GWHPDONJ004591, GWHPDONJ007746	XP_038723930.1
OG0004868	GWHPDONJ004594	XP_038724768.1, XP_038724777.1
OG0004869	GWHPDONJ004595	XP_038704326.1, XP_038712919.1
OG0004870	GWHPDONJ004597	XP_038694425.1, XP_038707664.1
OG0004871	GWHPDONJ004598	XP_038704054.1, XP_038713976.1
OG0004872	GWHPDONJ004605, GWHPDONJ004609	XP_038701409.1
OG0004873	GWHPDONJ004606	XP_038696556.1, XP_038726001.1
OG0004874	GWHPDONJ004616	XP_038706352.1, XP_038706353.1
OG0004875	GWHPDONJ004625	XP_038694679.1, XP_038694680.1
OG0004876	GWHPDONJ004628	XP_038725324.1, XP_038725325.1
OG0004877	GWHPDONJ004633	XP_038684039.1, XP_038684040.1
OG0004878	GWHPDONJ004634	XP_038707885.1, XP_038707886.1
OG0004879	GWHPDONJ004640	XP_038686870.1, XP_038686877.1
OG0004880	GWHPDONJ004648	XP_038696027.1, XP_038699927.1
OG0004881	GWHPDONJ004653	XP_038694303.1, XP_038694304.1
OG0004882	GWHPDONJ004659	XP_038707209.1, XP_038718268.1
OG0004883	GWHPDONJ004664	XP_038714089.1, XP_038714090.1
OG0004884	GWHPDONJ004666	XP_038707572.1, XP_038725579.1
OG0004885	GWHPDONJ004679	XP_038704078.1, XP_038722440.1
OG0004886	GWHPDONJ004685	XP_038706599.1, XP_038722918.1
OG0004887	GWHPDONJ004689	XP_038695623.1, XP_038725267.1
OG0004888	GWHPDONJ004690, GWHPDONJ005100	XP_038724630.1
OG0004889	GWHPDONJ004693	XP_038701143.1, XP_038725268.1
OG0004890	GWHPDONJ004696	XP_038693910.1, XP_038705691.1
OG0004891	GWHPDONJ004699	XP_038682730.1, XP_038683124.1
OG0004892	GWHPDONJ004702	XP_038684209.1, XP_038684210.1
OG0004893	GWHPDONJ004705	XP_038697104.1, XP_038701074.1
OG0004894	GWHPDONJ004706	XP_038681861.1, XP_038709881.1
OG0004895	GWHPDONJ004709, GWHPDONJ007397	XP_038718359.1
OG0004896	GWHPDONJ004710	XP_038702751.1, XP_038714900.1
OG0004897	GWHPDONJ004731	XP_038702202.1, XP_038719324.1
OG0004898	GWHPDONJ004741	XP_038697548.1, XP_038697549.1
OG0004899	GWHPDONJ004743	XP_038718834.1, XP_038718835.1
OG0004900	GWHPDONJ004747	XP_038685226.1, XP_038701528.1
OG0004901	GWHPDONJ004750	XP_038687785.1, XP_038721445.1
OG0004902	GWHPDONJ004760	XP_038697306.1, XP_038702391.1
OG0004903	GWHPDONJ004772	XP_038692086.1, XP_038692096.1
OG0004904	GWHPDONJ004775	XP_038711076.1, XP_038717940.1
OG0004905	GWHPDONJ004779	XP_038697704.1, XP_038721724.1
OG0004906	GWHPDONJ004792	XP_038702026.1, XP_038719428.1
OG0004907	GWHPDONJ004803	XP_038695285.1, XP_038695295.1
OG0004908	GWHPDONJ004806	XP_038698079.1, XP_038719477.1
OG0004909	GWHPDONJ004809	XP_038698157.1, XP_038701344.1
OG0004910	GWHPDONJ004819	XP_038697668.1, XP_038701564.1
OG0004911	GWHPDONJ004822, GWHPDONJ008574	XP_038701589.1
OG0004912	GWHPDONJ004824	XP_038697919.1, XP_038718751.1
OG0004913	GWHPDONJ004833	XP_038720380.1, XP_038720381.1
OG0004914	GWHPDONJ004840	XP_038700320.1, XP_038700321.1
OG0004915	GWHPDONJ004845	XP_038686996.1, XP_038686997.1
OG0004916	GWHPDONJ004902	XP_038702670.1, XP_038713809.1
OG0004917	GWHPDONJ004903	XP_038714868.1, XP_038714869.1
OG0004918	GWHPDONJ004907	XP_038715760.1, XP_038716826.1
OG0004919	GWHPDONJ004910	XP_038697173.1, XP_038706913.1
OG0004920	GWHPDONJ004919, GWHPDONJ008101	XP_038705556.1
OG0004921	GWHPDONJ004929	XP_038702419.1, XP_038719313.1
OG0004922	GWHPDONJ004935, GWHPDONJ008685	XP_038695219.1
OG0004923	GWHPDONJ004938	XP_038690957.1, XP_038701454.1
OG0004924	GWHPDONJ004939, GWHPDONJ008686	XP_038696028.1
OG0004925	GWHPDONJ004941	XP_038720489.1, XP_038720491.1
OG0004926	GWHPDONJ004942	XP_038702496.1, XP_038702497.1
OG0004927	GWHPDONJ004948	XP_038714815.1, XP_038714816.1
OG0004928	GWHPDONJ004954	XP_038695907.1, XP_038718705.1
OG0004929	GWHPDONJ004955, GWHPDONJ008693	XP_038684913.1
OG0004930	GWHPDONJ004958	XP_038702283.1, XP_038702284.1
OG0004931	GWHPDONJ004960	XP_038701278.1, XP_038701279.1
OG0004932	GWHPDONJ004966	XP_038724728.1, XP_038724729.1
OG0004933	GWHPDONJ004973	XP_038697907.1, XP_038702323.1
OG0004934	GWHPDONJ004976, GWHPDONJ008701	XP_038713117.1
OG0004935	GWHPDONJ004982	XP_038681650.1, XP_038681651.1
OG0004936	GWHPDONJ004984	XP_038681073.1, XP_038681075.1
OG0004937	GWHPDONJ004985	XP_038709014.1, XP_038709015.1
OG0004938	GWHPDONJ004990	XP_038709263.1, XP_038709264.1
OG0004939	GWHPDONJ005012	XP_038683315.1, XP_038683316.1
OG0004940	GWHPDONJ005013	XP_038693605.1, XP_038704465.1
OG0004941	GWHPDONJ005015, GWHPDONJ005082	XP_038681920.1
OG0004942	GWHPDONJ005023	XP_038697464.1, XP_038701382.1
OG0004943	GWHPDONJ005026	XP_038695368.1, XP_038698542.1
OG0004944	GWHPDONJ005034	XP_038693885.1, XP_038718302.1
OG0004945	GWHPDONJ005043	XP_038702746.1, XP_038702752.1
OG0004946	GWHPDONJ005047	XP_038683608.1, XP_038709510.1
OG0004947	GWHPDONJ005048	XP_038708316.1, XP_038708318.1
OG0004948	GWHPDONJ005063	XP_038693557.1, XP_038707349.1
OG0004949	GWHPDONJ005067	XP_038681983.1, XP_038681984.1
OG0004950	GWHPDONJ005073	XP_038721226.1, XP_038721227.1
OG0004951	GWHPDONJ005093	XP_038681834.1, XP_038708712.1
OG0004952	GWHPDONJ005096, GWHPDONJ010216	XP_038684858.1
OG0004953	GWHPDONJ005111	XP_038703494.1, XP_038715576.1
OG0004954	GWHPDONJ005112	XP_038716542.1, XP_038716543.1
OG0004955	GWHPDONJ005118	XP_038703585.1, XP_038716686.1
OG0004956	GWHPDONJ005124	XP_038705218.1, XP_038718627.1
OG0004957	GWHPDONJ005129	XP_038704288.1, XP_038704289.1
OG0004958	GWHPDONJ005131	XP_038702698.1, XP_038715460.1
OG0004959	GWHPDONJ005139	XP_038704270.1, XP_038715404.1
OG0004960	GWHPDONJ005149, GWHPDONJ010795	XP_038715137.1
OG0004961	GWHPDONJ005151	XP_038703803.1, XP_038703804.1
OG0004962	GWHPDONJ005175	XP_038719975.1, XP_038722809.1
OG0004963	GWHPDONJ005179	XP_038703119.1, XP_038715355.1
OG0004964	GWHPDONJ005185	XP_038716584.1, XP_038716585.1
OG0004965	GWHPDONJ005208	XP_038714975.1, XP_038722445.1
OG0004966	GWHPDONJ005214	XP_038693066.1, XP_038713947.1
OG0004967	GWHPDONJ005222	XP_038713714.1, XP_038713715.1
OG0004968	GWHPDONJ005230	XP_038714709.1, XP_038716844.1
OG0004969	GWHPDONJ005234	XP_038707902.1, XP_038707903.1
OG0004970	GWHPDONJ005251	XP_038686250.1, XP_038691278.1
OG0004971	GWHPDONJ005263	XP_038725756.1, XP_038725757.1
OG0004972	GWHPDONJ005269	XP_038705677.1, XP_038712650.1
OG0004973	GWHPDONJ005271	XP_038702315.1, XP_038721102.1
OG0004974	GWHPDONJ005274	XP_038685832.1, XP_038718789.1
OG0004975	GWHPDONJ005275	XP_038696232.1, XP_038696571.1
OG0004976	GWHPDONJ005282	XP_038692885.1, XP_038718155.1
OG0004977	GWHPDONJ005305	XP_038695036.1, XP_038700446.1
OG0004978	GWHPDONJ005314	XP_038704283.1, XP_038704284.1
OG0004979	GWHPDONJ005317	XP_038714942.1, XP_038717113.1
OG0004980	GWHPDONJ005325	XP_038715350.1, XP_038718196.1
OG0004981	GWHPDONJ005331	XP_038697035.1, XP_038697036.1
OG0004982	GWHPDONJ005336	XP_038695974.1, XP_038700101.1
OG0004983	GWHPDONJ005339	XP_038706851.1, XP_038706852.1
OG0004984	GWHPDONJ005348	XP_038705926.1, XP_038705927.1
OG0004985	GWHPDONJ005363	XP_038695757.1, XP_038710953.1
OG0004986	GWHPDONJ005369	XP_038700082.1, XP_038700083.1
OG0004987	GWHPDONJ005385	XP_038679827.1, XP_038679828.1
OG0004988	GWHPDONJ005398	XP_038701176.1, XP_038701179.1
OG0004989	GWHPDONJ005406	XP_038704702.1, XP_038704703.1
OG0004990	GWHPDONJ005407	XP_038693220.1, XP_038703409.1
OG0004991	GWHPDONJ005411	XP_038694075.1, XP_038705177.1
OG0004992	GWHPDONJ005414	XP_038703705.1, XP_038714087.1
OG0004993	GWHPDONJ005418	XP_038688523.1, XP_038688524.1
OG0004994	GWHPDONJ005419	XP_038703883.1, XP_038703884.1
OG0004995	GWHPDONJ005434	XP_038700542.1, XP_038710521.1
OG0004996	GWHPDONJ005439	XP_038697606.1, XP_038697607.1
OG0004997	GWHPDONJ005455	XP_038704549.1, XP_038704550.1
OG0004998	GWHPDONJ005458	XP_038703676.1, XP_038703677.1
OG0004999	GWHPDONJ005463	XP_038709846.1, XP_038709847.1
OG0005000	GWHPDONJ005467, GWHPDONJ007308	XP_038693148.1
OG0005001	GWHPDONJ005470	XP_038681523.1, XP_038708735.1
OG0005002	GWHPDONJ005482	XP_038708443.1, XP_038708444.1
OG0005003	GWHPDONJ005485	XP_038684176.1, XP_038709486.1
OG0005004	GWHPDONJ005488	XP_038704121.1, XP_038715587.1
OG0005005	GWHPDONJ005495	XP_038701744.1, XP_038701745.1
OG0005006	GWHPDONJ005500	XP_038681620.1, XP_038709592.1
OG0005007	GWHPDONJ005501	XP_038682647.1, XP_038684537.1
OG0005008	GWHPDONJ005506	XP_038684480.1, XP_038709196.1
OG0005009	GWHPDONJ005509	XP_038681677.1, XP_038709092.1
OG0005010	GWHPDONJ005510	XP_038682828.1, XP_038709935.1
OG0005011	GWHPDONJ005518	XP_038708743.1, XP_038708744.1
OG0005012	GWHPDONJ005522	XP_038681626.1, XP_038681627.1
OG0005013	GWHPDONJ005524, GWHPDONJ009697	XP_038695272.1
OG0005014	GWHPDONJ005527	XP_038683442.1, XP_038686550.1
OG0005015	GWHPDONJ005533, GWHPDONJ007161	XP_038688393.1
OG0005016	GWHPDONJ005534	XP_038692703.1, XP_038692704.1
OG0005017	GWHPDONJ005542	XP_038680980.1, XP_038683160.1
OG0005018	GWHPDONJ005553	XP_038718813.1, XP_038723083.1
OG0005019	GWHPDONJ005556, GWHPDONJ007623	XP_038704421.1
OG0005020	GWHPDONJ005557	XP_038709068.1, XP_038709069.1
OG0005021	GWHPDONJ005558	XP_038684348.1, XP_038684350.1
OG0005022	GWHPDONJ005561	XP_038709110.1, XP_038709111.1
OG0005023	GWHPDONJ005568	XP_038698103.1, XP_038701668.1
OG0005024	GWHPDONJ005569	XP_038685604.1, XP_038709870.1
OG0005025	GWHPDONJ005577	XP_038719493.1, XP_038719495.1
OG0005026	GWHPDONJ005581	XP_038718574.1, XP_038723499.1
OG0005027	GWHPDONJ005584	XP_038707093.1, XP_038707094.1
OG0005028	GWHPDONJ005585	XP_038720850.1, XP_038724223.1
OG0005029	GWHPDONJ005586	XP_038719283.1, XP_038724244.1
OG0005030	GWHPDONJ005589	XP_038721425.1, XP_038724151.1
OG0005031	GWHPDONJ005594	XP_038722734.1, XP_038722735.1
OG0005032	GWHPDONJ005609	XP_038683295.1, XP_038708406.1
OG0005033	GWHPDONJ005614	XP_038720322.1, XP_038721086.1
OG0005034	GWHPDONJ005616	XP_038722428.1, XP_038722429.1
OG0005035	GWHPDONJ005617	XP_038724173.1, XP_038724174.1
OG0005036	GWHPDONJ005624	XP_038720839.1, XP_038720840.1
OG0005037	GWHPDONJ005626	XP_038725934.1, XP_038725935.1
OG0005038	GWHPDONJ005627	XP_038720838.1, XP_038723779.1
OG0005039	GWHPDONJ005628	XP_038723852.1, XP_038723853.1
OG0005040	GWHPDONJ005630	XP_038719204.1, XP_038719205.1
OG0005041	GWHPDONJ005632	XP_038697997.1, XP_038722348.1
OG0005042	GWHPDONJ005633	XP_038723256.1, XP_038725491.1
OG0005043	GWHPDONJ005634	XP_038724162.1, XP_038724163.1
OG0005044	GWHPDONJ005635	XP_038684690.1, XP_038705082.1
OG0005045	GWHPDONJ005636	XP_038706006.1, XP_038722215.1
OG0005046	GWHPDONJ005637, GWHPDONJ007933	XP_038722611.1
OG0005047	GWHPDONJ005639	XP_038703801.1, XP_038721199.1
OG0005048	GWHPDONJ005640	XP_038709356.1, XP_038722217.1
OG0005049	GWHPDONJ005664	XP_038686748.1, XP_038690357.1
OG0005050	GWHPDONJ005671, GWHPDONJ010550	XP_038690645.1
OG0005051	GWHPDONJ005675	XP_038685235.1, XP_038689165.1
OG0005052	GWHPDONJ005680	XP_038690666.1, XP_038690667.1
OG0005053	GWHPDONJ005682, GWHPDONJ009060	XP_038698211.1
OG0005054	GWHPDONJ005684	XP_038696563.1, XP_038724520.1
OG0005055	GWHPDONJ005691	XP_038685185.1, XP_038685186.1
OG0005056	GWHPDONJ005693	XP_038712830.1, XP_038719559.1
OG0005057	GWHPDONJ005698	XP_038688942.1, XP_038690336.1
OG0005058	GWHPDONJ005703	XP_038694898.1, XP_038694899.1
OG0005059	GWHPDONJ005707	XP_038691080.1, XP_038691081.1
OG0005060	GWHPDONJ005712	XP_038703686.1, XP_038703687.1
OG0005061	GWHPDONJ005722	XP_038692297.1, XP_038703786.1
OG0005062	GWHPDONJ005726	XP_038694133.1, XP_038694134.1
OG0005063	GWHPDONJ005730	XP_038694034.1, XP_038704272.1
OG0005064	GWHPDONJ005734	XP_038717789.1, XP_038717790.1
OG0005065	GWHPDONJ005735	XP_038708873.1, XP_038708874.1
OG0005066	GWHPDONJ005736	XP_038716242.1, XP_038718434.1
OG0005067	GWHPDONJ005737	XP_038681750.1, XP_038708300.1
OG0005068	GWHPDONJ005743	XP_038717773.1, XP_038717774.1
OG0005069	GWHPDONJ005745	XP_038714740.1, XP_038716756.1
OG0005070	GWHPDONJ005750	XP_038689326.1, XP_038712519.1
OG0005071	GWHPDONJ005759	XP_038705170.1, XP_038718381.1
OG0005072	GWHPDONJ005764, GWHPDONJ005768	XP_038712897.1
OG0005073	GWHPDONJ005765, GWHPDONJ009130	XP_038703319.1
OG0005074	GWHPDONJ005766	XP_038685198.1, XP_038688705.1
OG0005075	GWHPDONJ005775	XP_038693276.1, XP_038693277.1
OG0005076	GWHPDONJ005776	XP_038678350.1, XP_038698348.1
OG0005077	GWHPDONJ005780	XP_038705828.1, XP_038705829.1
OG0005078	GWHPDONJ005785	XP_038724864.1, XP_038724872.1
OG0005079	GWHPDONJ005795	XP_038711459.1, XP_038711460.1
OG0005080	GWHPDONJ005796	XP_038681629.1, XP_038706773.1
OG0005081	GWHPDONJ005798	XP_038694358.1, XP_038694359.1
OG0005082	GWHPDONJ005799	XP_038712803.1, XP_038712811.1
OG0005083	GWHPDONJ005803	XP_038707151.1, XP_038722511.1
OG0005084	GWHPDONJ005815	XP_038694222.1, XP_038694223.1
OG0005085	GWHPDONJ005817, GWHPDONJ005820	XP_038680187.1
OG0005086	GWHPDONJ005818	XP_038707824.1, XP_038723194.1
OG0005087	GWHPDONJ005819	XP_038714757.1, XP_038716854.1
OG0005088	GWHPDONJ005827	XP_038693856.1, XP_038706764.1
OG0005089	GWHPDONJ005835	XP_038706484.1, XP_038717563.1
OG0005090	GWHPDONJ005840	XP_038706239.1, XP_038706240.1
OG0005091	GWHPDONJ005842	XP_038707706.1, XP_038721257.1
OG0005092	GWHPDONJ005845	XP_038698141.1, XP_038698142.1
OG0005093	GWHPDONJ005846	XP_038678901.1, XP_038686921.1
OG0005094	GWHPDONJ005848	XP_038678706.1, XP_038678707.1
OG0005095	GWHPDONJ005849	XP_038680801.1, XP_038680802.1
OG0005096	GWHPDONJ005850	XP_038692424.1, XP_038701391.1
OG0005097	GWHPDONJ005853	XP_038692611.1, XP_038692612.1
OG0005098	GWHPDONJ005856	XP_038707698.1, XP_038724123.1
OG0005099	GWHPDONJ005859	XP_038708382.1, XP_038708383.1
OG0005100	GWHPDONJ005860	XP_038680812.1, XP_038680813.1
OG0005101	GWHPDONJ005867	XP_038683944.1, XP_038683945.1
OG0005102	GWHPDONJ005870	XP_038693330.1, XP_038693339.1
OG0005103	GWHPDONJ005877	XP_038705898.1, XP_038705899.1
OG0005104	GWHPDONJ005879	XP_038696683.1, XP_038710699.1
OG0005105	GWHPDONJ005880	XP_038693346.1, XP_038693347.1
OG0005106	GWHPDONJ005881	XP_038692492.1, XP_038720608.1
OG0005107	GWHPDONJ005885	XP_038723251.1, XP_038726002.1
OG0005108	GWHPDONJ005887	XP_038698903.1, XP_038698904.1
OG0005109	GWHPDONJ005890	XP_038719933.1, XP_038719937.1
OG0005110	GWHPDONJ005896	XP_038691666.1, XP_038691667.1
OG0005111	GWHPDONJ005909	XP_038688501.1, XP_038691745.1
OG0005112	GWHPDONJ005915, GWHPDONJ007521	XP_038690466.1
OG0005113	GWHPDONJ005916	XP_038688502.1, XP_038688504.1
OG0005114	GWHPDONJ005917	XP_038690479.1, XP_038690480.1
OG0005115	GWHPDONJ005933	XP_038710537.1, XP_038710538.1
OG0005116	GWHPDONJ005937	XP_038686130.1, XP_038691983.1
OG0005117	GWHPDONJ005946	XP_038709059.1, XP_038709060.1
OG0005118	GWHPDONJ005949	XP_038689630.1, XP_038690115.1
OG0005119	GWHPDONJ005963	XP_038693654.1, XP_038712893.1
OG0005120	GWHPDONJ005964	XP_038704989.1, XP_038714384.1
OG0005121	GWHPDONJ005968	XP_038719981.1, XP_038723288.1
OG0005122	GWHPDONJ005972	XP_038701259.1, XP_038701260.1
OG0005123	GWHPDONJ005977	XP_038720366.1, XP_038723002.1
OG0005124	GWHPDONJ005978	XP_038705933.1, XP_038720446.1
OG0005125	GWHPDONJ005979	XP_038690150.1, XP_038690156.1
OG0005126	GWHPDONJ005982, GWHPDONJ008273	XP_038690329.1
OG0005127	GWHPDONJ005986	XP_038689513.1, XP_038689758.1
OG0005128	GWHPDONJ005988	XP_038684019.1, XP_038685147.1
OG0005129	GWHPDONJ006003	XP_038690864.1, XP_038691958.1
OG0005130	GWHPDONJ006009	XP_038726389.1, XP_038726390.1
OG0005131	GWHPDONJ006010	XP_038698580.1, XP_038698581.1
OG0005132	GWHPDONJ006011	XP_038707365.1, XP_038707366.1
OG0005133	GWHPDONJ006017	XP_038696282.1, XP_038700529.1
OG0005134	GWHPDONJ006029	XP_038683409.1, XP_038708361.1
OG0005135	GWHPDONJ006030	XP_038702320.1, XP_038702321.1
OG0005136	GWHPDONJ006031	XP_038683453.1, XP_038709135.1
OG0005137	GWHPDONJ006033	XP_038688521.1, XP_038711733.1
OG0005138	GWHPDONJ006035	XP_038683917.1, XP_038685658.1
OG0005139	GWHPDONJ006040	XP_038723501.1, XP_038723503.1
OG0005140	GWHPDONJ006042	XP_038703708.1, XP_038703709.1
OG0005141	GWHPDONJ006050	XP_038704003.1, XP_038704004.1
OG0005142	GWHPDONJ006051	XP_038712404.1, XP_038712405.1
OG0005143	GWHPDONJ006052	XP_038707243.1, XP_038722090.1
OG0005144	GWHPDONJ006053	XP_038719472.1, XP_038721366.1
OG0005145	GWHPDONJ006055	XP_038701531.1, XP_038701532.1
OG0005146	GWHPDONJ006068, GWHPDONJ008196	XP_038711677.1
OG0005147	GWHPDONJ006078	XP_038721046.1, XP_038721047.1
OG0005148	GWHPDONJ006080	XP_038678661.1, XP_038698414.1
OG0005149	GWHPDONJ006082	XP_038725642.1, XP_038725643.1
OG0005150	GWHPDONJ006085	XP_038697178.1, XP_038697190.1
OG0005151	GWHPDONJ006087	XP_038720913.1, XP_038720914.1
OG0005152	GWHPDONJ006091	XP_038680245.1, XP_038680260.1
OG0005153	GWHPDONJ006095	XP_038694450.1, XP_038704382.1
OG0005154	GWHPDONJ006097, GWHPDONJ006099	XP_038696408.1
OG0005155	GWHPDONJ006100	XP_038704705.1, XP_038704711.1
OG0005156	GWHPDONJ006101	XP_038719797.1, XP_038719801.1
OG0005157	GWHPDONJ006106	XP_038680514.1, XP_038693023.1
OG0005158	GWHPDONJ006107	XP_038683032.1, XP_038694289.1
OG0005159	GWHPDONJ006120	XP_038697097.1, XP_038726333.1
OG0005160	GWHPDONJ006128	XP_038718765.1, XP_038722628.1
OG0005161	GWHPDONJ006130	XP_038679471.1, XP_038679475.1
OG0005162	GWHPDONJ006131	XP_038723012.1, XP_038723014.1
OG0005163	GWHPDONJ006132	XP_038705546.1, XP_038705552.1
OG0005164	GWHPDONJ006133	XP_038701271.1, XP_038701272.1
OG0005165	GWHPDONJ006135	XP_038700701.1, XP_038725947.1
OG0005166	GWHPDONJ006141	XP_038696453.1, XP_038699823.1
OG0005167	GWHPDONJ006151	XP_038723141.1, XP_038723142.1
OG0005168	GWHPDONJ006157	XP_038703897.1, XP_038722394.1
OG0005169	GWHPDONJ006166	XP_038696953.1, XP_038696954.1
OG0005170	GWHPDONJ006175	XP_038719402.1, XP_038724253.1
OG0005171	GWHPDONJ006179	XP_038695732.1, XP_038695733.1
OG0005172	GWHPDONJ006191	XP_038703061.1, XP_038716184.1
OG0005173	GWHPDONJ006209	XP_038702561.1, XP_038702567.1
OG0005174	GWHPDONJ006210	XP_038678741.1, XP_038707606.1
OG0005175	GWHPDONJ006211	XP_038722957.1, XP_038722958.1
OG0005176	GWHPDONJ006213, GWHPDONJ006215	XP_038722242.1
OG0005177	GWHPDONJ006221	XP_038707344.1, XP_038723991.1
OG0005178	GWHPDONJ006223	XP_038702811.1, XP_038702812.1
OG0005179	GWHPDONJ006228	XP_038683443.1, XP_038683444.1
OG0005180	GWHPDONJ006231	XP_038711940.1, XP_038711941.1
OG0005181	GWHPDONJ006234	XP_038708679.1, XP_038708680.1
OG0005182	GWHPDONJ006242	XP_038682930.1, XP_038682936.1
OG0005183	GWHPDONJ006244	XP_038694487.1, XP_038694488.1
OG0005184	GWHPDONJ006245	XP_038694063.1, XP_038694064.1
OG0005185	GWHPDONJ006247	XP_038692971.1, XP_038714465.1
OG0005186	GWHPDONJ006259	XP_038679052.1, XP_038679053.1
OG0005187	GWHPDONJ006279	XP_038709986.1, XP_038709987.1
OG0005188	GWHPDONJ006282	XP_038678849.1, XP_038710519.1
OG0005189	GWHPDONJ006284	XP_038689846.1, XP_038689847.1
OG0005190	GWHPDONJ006285	XP_038691184.1, XP_038720619.1
OG0005191	GWHPDONJ006292	XP_038702708.1, XP_038722001.1
OG0005192	GWHPDONJ006294	XP_038718865.1, XP_038718866.1
OG0005193	GWHPDONJ006295	XP_038721352.1, XP_038721353.1
OG0005194	GWHPDONJ006304	XP_038707666.1, XP_038722753.1
OG0005195	GWHPDONJ006305	XP_038723711.1, XP_038723712.1
OG0005196	GWHPDONJ006312	XP_038720184.1, XP_038722495.1
OG0005197	GWHPDONJ006317	XP_038678685.1, XP_038695716.1
OG0005198	GWHPDONJ006322	XP_038696755.1, XP_038696761.1
OG0005199	GWHPDONJ006328	XP_038679205.1, XP_038679206.1
OG0005200	GWHPDONJ006331	XP_038689158.1, XP_038712559.1
OG0005201	GWHPDONJ006335	XP_038701791.1, XP_038701792.1
OG0005202	GWHPDONJ006344	XP_038716162.1, XP_038718120.1
OG0005203	GWHPDONJ006347	XP_038679684.1, XP_038710943.1
OG0005204	GWHPDONJ006350	XP_038691758.1, XP_038691759.1
OG0005205	GWHPDONJ006351	XP_038679349.1, XP_038679350.1
OG0005206	GWHPDONJ006359	XP_038725736.1, XP_038725737.1
OG0005207	GWHPDONJ006361	XP_038707958.1, XP_038720880.1
OG0005208	GWHPDONJ006362	XP_038680213.1, XP_038706204.1
OG0005209	GWHPDONJ006372	XP_038703438.1, XP_038723849.1
OG0005210	GWHPDONJ006375	XP_038705321.1, XP_038713535.1
OG0005211	GWHPDONJ006376	XP_038695558.1, XP_038695560.1
OG0005212	GWHPDONJ006379	XP_038697975.1, XP_038718962.1
OG0005213	GWHPDONJ006382	XP_038706860.1, XP_038706861.1
OG0005214	GWHPDONJ006386	XP_038683460.1, XP_038683461.1
OG0005215	GWHPDONJ006387	XP_038703787.1, XP_038723357.1
OG0005216	GWHPDONJ006389	XP_038697791.1, XP_038719745.1
OG0005217	GWHPDONJ006390	XP_038682859.1, XP_038682867.1
OG0005218	GWHPDONJ006395	XP_038701121.1, XP_038722818.1
OG0005219	GWHPDONJ006398, GWHPDONJ009629	XP_038723818.1
OG0005220	GWHPDONJ006400	XP_038690770.1, XP_038690771.1
OG0005221	GWHPDONJ006402	XP_038705769.1, XP_038712307.1
OG0005222	GWHPDONJ006405	XP_038693558.1, XP_038707162.1
OG0005223	GWHPDONJ006407	XP_038707817.1, XP_038721319.1
OG0005224	GWHPDONJ006408	XP_038704756.1, XP_038704763.1
OG0005225	GWHPDONJ006416	XP_038706442.1, XP_038706546.1
OG0005226	GWHPDONJ006417	XP_038705418.1, XP_038705419.1
OG0005227	GWHPDONJ006422	XP_038720216.1, XP_038722466.1
OG0005228	GWHPDONJ006423	XP_038723855.1, XP_038723856.1
OG0005229	GWHPDONJ006428	XP_038711274.1, XP_038711275.1
OG0005230	GWHPDONJ006430	XP_038698885.1, XP_038710529.1
OG0005231	GWHPDONJ006435	XP_038700039.1, XP_038711631.1
OG0005232	GWHPDONJ006446, GWHPDONJ008114	XP_038725925.1
OG0005233	GWHPDONJ006448	XP_038697515.1, XP_038702421.1
OG0005234	GWHPDONJ006453	XP_038683274.1, XP_038683818.1
OG0005235	GWHPDONJ006454	XP_038682931.1, XP_038708334.1
OG0005236	GWHPDONJ006455	XP_038682409.1, XP_038684074.1
OG0005237	GWHPDONJ006456	XP_038681289.1, XP_038683246.1
OG0005238	GWHPDONJ006457	XP_038681287.1, XP_038682962.1
OG0005239	GWHPDONJ006469	XP_038721857.1, XP_038721858.1
OG0005240	GWHPDONJ006470	XP_038683395.1, XP_038683396.1
OG0005241	GWHPDONJ006482	XP_038722652.1, XP_038722653.1
OG0005242	GWHPDONJ006483	XP_038680799.1, XP_038680800.1
OG0005243	GWHPDONJ006487	XP_038681196.1, XP_038681201.1
OG0005244	GWHPDONJ006492	XP_038708363.1, XP_038717678.1
OG0005245	GWHPDONJ006494	XP_038708366.1, XP_038708367.1
OG0005246	GWHPDONJ006499	XP_038704915.1, XP_038723763.1
OG0005247	GWHPDONJ006510	XP_038678548.1, XP_038700618.1
OG0005248	GWHPDONJ006516	XP_038714397.1, XP_038717474.1
OG0005249	GWHPDONJ006520	XP_038692460.1, XP_038692461.1
OG0005250	GWHPDONJ006521	XP_038679702.1, XP_038679713.1
OG0005251	GWHPDONJ006524	XP_038717484.1, XP_038717485.1
OG0005252	GWHPDONJ006526	XP_038694475.1, XP_038718517.1
OG0005253	GWHPDONJ006529, GWHPDONJ007905	XP_038713870.1
OG0005254	GWHPDONJ006535	XP_038688164.1, XP_038724337.1
OG0005255	GWHPDONJ006538	XP_038687886.1, XP_038687895.1
OG0005256	GWHPDONJ006541	XP_038695458.1, XP_038719952.1
OG0005257	GWHPDONJ006543	XP_038720190.1, XP_038720199.1
OG0005258	GWHPDONJ006557	XP_038698726.1, XP_038698729.1
OG0005259	GWHPDONJ006561	XP_038696494.1, XP_038701361.1
OG0005260	GWHPDONJ006568	XP_038679782.1, XP_038726017.1
OG0005261	GWHPDONJ006570	XP_038682401.1, XP_038708602.1
OG0005262	GWHPDONJ006576	XP_038682579.1, XP_038684572.1
OG0005263	GWHPDONJ006577	XP_038681356.1, XP_038684061.1
OG0005264	GWHPDONJ006578	XP_038683755.1, XP_038685362.1
OG0005265	GWHPDONJ006592	XP_038681816.1, XP_038682917.1
OG0005266	GWHPDONJ006596	XP_038709200.1, XP_038709201.1
OG0005267	GWHPDONJ006609	XP_038681972.1, XP_038681973.1
OG0005268	GWHPDONJ006611	XP_038682009.1, XP_038684106.1
OG0005269	GWHPDONJ006614	XP_038684283.1, XP_038684284.1
OG0005270	GWHPDONJ006615	XP_038682128.1, XP_038682129.1
OG0005271	GWHPDONJ006625	XP_038681736.1, XP_038709204.1
OG0005272	GWHPDONJ006638	XP_038681742.1, XP_038683269.1
OG0005273	GWHPDONJ006642	XP_038685128.1, XP_038708281.1
OG0005274	GWHPDONJ006652	XP_038694760.1, XP_038694761.1
OG0005275	GWHPDONJ006657	XP_038681151.1, XP_038683113.1
OG0005276	GWHPDONJ006660	XP_038681659.1, XP_038681660.1
OG0005277	GWHPDONJ006665	XP_038683669.1, XP_038709358.1
OG0005278	GWHPDONJ006667	XP_038682143.1, XP_038708652.1
OG0005279	GWHPDONJ006669	XP_038709787.1, XP_038709788.1
OG0005280	GWHPDONJ006675	XP_038681746.1, XP_038709211.1
OG0005281	GWHPDONJ006676	XP_038686992.1, XP_038686993.1
OG0005282	GWHPDONJ006679	XP_038682555.1, XP_038708688.1
OG0005283	GWHPDONJ006688	XP_038687726.1, XP_038725031.1
OG0005284	GWHPDONJ006699	XP_038702563.1, XP_038716271.1
OG0005285	GWHPDONJ006701	XP_038716138.1, XP_038717919.1
OG0005286	GWHPDONJ006707	XP_038704109.1, XP_038717405.1
OG0005287	GWHPDONJ006713	XP_038689913.1, XP_038689914.1
OG0005288	GWHPDONJ006716	XP_038715170.1, XP_038716909.1
OG0005289	GWHPDONJ006726	XP_038709227.1, XP_038709228.1
OG0005290	GWHPDONJ006744	XP_038689878.1, XP_038701396.1
OG0005291	GWHPDONJ006746	XP_038699728.1, XP_038703547.1
OG0005292	GWHPDONJ006752	XP_038679639.1, XP_038679640.1
OG0005293	GWHPDONJ006758	XP_038691334.1, XP_038701664.1
OG0005294	GWHPDONJ006766	XP_038689435.1, XP_038689436.1
OG0005295	GWHPDONJ006772	XP_038697461.1, XP_038697462.1
OG0005296	GWHPDONJ006773	XP_038697339.1, XP_038702160.1
OG0005297	GWHPDONJ006774	XP_038697733.1, XP_038719948.1
OG0005298	GWHPDONJ006777	XP_038693480.1, XP_038703214.1
OG0005299	GWHPDONJ006779	XP_038704111.1, XP_038704112.1
OG0005300	GWHPDONJ006785	XP_038695373.1, XP_038700480.1
OG0005301	GWHPDONJ006792	XP_038693544.1, XP_038693555.1
OG0005302	GWHPDONJ006793	XP_038681428.1, XP_038708306.1
OG0005303	GWHPDONJ006795	XP_038694084.1, XP_038694085.1
OG0005304	GWHPDONJ006796	XP_038714153.1, XP_038714161.1
OG0005305	GWHPDONJ006798	XP_038703087.1, XP_038703088.1
OG0005306	GWHPDONJ006801	XP_038724314.1, XP_038726003.1
OG0005307	GWHPDONJ006808	XP_038697152.1, XP_038697153.1
OG0005308	GWHPDONJ006809	XP_038689946.1, XP_038689948.1
OG0005309	GWHPDONJ006811	XP_038713675.1, XP_038713676.1
OG0005310	GWHPDONJ006820	XP_038703209.1, XP_038714507.1
OG0005311	GWHPDONJ006825	XP_038704380.1, XP_038714036.1
OG0005312	GWHPDONJ006828	XP_038705158.1, XP_038714535.1
OG0005313	GWHPDONJ006836	XP_038713700.1, XP_038713701.1
OG0005314	GWHPDONJ006838	XP_038693153.1, XP_038704710.1
OG0005315	GWHPDONJ006842	XP_038717446.1, XP_038717447.1
OG0005316	GWHPDONJ006846	XP_038703546.1, XP_038705176.1
OG0005317	GWHPDONJ006850	XP_038696750.1, XP_038696751.1
OG0005318	GWHPDONJ006856	XP_038693914.1, XP_038693915.1
OG0005319	GWHPDONJ006859	XP_038704171.1, XP_038704173.1
OG0005320	GWHPDONJ006869	XP_038703992.1, XP_038713915.1
OG0005321	GWHPDONJ006872	XP_038679173.1, XP_038712335.1
OG0005322	GWHPDONJ006877	XP_038704086.1, XP_038704087.1
OG0005323	GWHPDONJ006896	XP_038688309.1, XP_038724365.1
OG0005324	GWHPDONJ006903	XP_038679025.1, XP_038679026.1
OG0005325	GWHPDONJ006908	XP_038687103.1, XP_038724829.1
OG0005326	GWHPDONJ006912	XP_038686903.1, XP_038686904.1
OG0005327	GWHPDONJ006915	XP_038702734.1, XP_038712825.1
OG0005328	GWHPDONJ006917	XP_038704140.1, XP_038712979.1
OG0005329	GWHPDONJ006924	XP_038692340.1, XP_038704056.1
OG0005330	GWHPDONJ006927	XP_038696623.1, XP_038700633.1
OG0005331	GWHPDONJ006935	XP_038702697.1, XP_038715459.1
OG0005332	GWHPDONJ006943	XP_038713246.1, XP_038713247.1
OG0005333	GWHPDONJ006948	XP_038679552.1, XP_038688227.1
OG0005334	GWHPDONJ006949	XP_038681542.1, XP_038683674.1
OG0005335	GWHPDONJ006959	XP_038683098.1, XP_038686091.1
OG0005336	GWHPDONJ006966	XP_038725509.1, XP_038725510.1
OG0005337	GWHPDONJ006978	XP_038680136.1, XP_038688050.1
OG0005338	GWHPDONJ006979	XP_038687378.1, XP_038724355.1
OG0005339	GWHPDONJ006984	XP_038678938.1, XP_038678939.1
OG0005340	GWHPDONJ007001	XP_038719245.1, XP_038719253.1
OG0005341	GWHPDONJ007005	XP_038702658.1, XP_038715531.1
OG0005342	GWHPDONJ007007	XP_038680399.1, XP_038688070.1
OG0005343	GWHPDONJ007008	XP_038688475.1, XP_038688476.1
OG0005344	GWHPDONJ007014	XP_038702861.1, XP_038702862.1
OG0005345	GWHPDONJ007016	XP_038685021.1, XP_038689245.1
OG0005346	GWHPDONJ007017	XP_038679310.1, XP_038725699.1
OG0005347	GWHPDONJ007019	XP_038680389.1, XP_038680390.1
OG0005348	GWHPDONJ007020	XP_038686944.1, XP_038686945.1
OG0005349	GWHPDONJ007021	XP_038679200.1, XP_038726089.1
OG0005350	GWHPDONJ007026	XP_038688180.1, XP_038724652.1
OG0005351	GWHPDONJ007030	XP_038725553.1, XP_038725554.1
OG0005352	GWHPDONJ007038	XP_038726317.1, XP_038726318.1
OG0005353	GWHPDONJ007045	XP_038686884.1, XP_038725619.1
OG0005354	GWHPDONJ007050	XP_038679179.1, XP_038726340.1
OG0005355	GWHPDONJ007052	XP_038679003.1, XP_038679004.1
OG0005356	GWHPDONJ007068	XP_038687656.1, XP_038687657.1
OG0005357	GWHPDONJ007070	XP_038680704.1, XP_038708385.1
OG0005358	GWHPDONJ007080, GWHPDONJ007081	XP_038678764.1
OG0005359	GWHPDONJ007085	XP_038726175.1, XP_038726176.1
OG0005360	GWHPDONJ007094, GWHPDONJ008782	XP_038684656.1
OG0005361	GWHPDONJ007096, GWHPDONJ008783	XP_038686625.1
OG0005362	GWHPDONJ007104	XP_038716001.1, XP_038716002.1
OG0005363	GWHPDONJ007111	XP_038693676.1, XP_038717576.1
OG0005364	GWHPDONJ007114	XP_038715884.1, XP_038715885.1
OG0005365	GWHPDONJ007115, GWHPDONJ008788	XP_038725689.1
OG0005366	GWHPDONJ007126	XP_038685889.1, XP_038685897.1
OG0005367	GWHPDONJ007129	XP_038687694.1, XP_038725074.1
OG0005368	GWHPDONJ007131	XP_038698246.1, XP_038698247.1
OG0005369	GWHPDONJ007132, GWHPDONJ008791	XP_038695527.1
OG0005370	GWHPDONJ007133	XP_038693643.1, XP_038717966.1
OG0005371	GWHPDONJ007136, GWHPDONJ008792	XP_038685248.1
OG0005372	GWHPDONJ007137	XP_038690939.1, XP_038691004.1
OG0005373	GWHPDONJ007164	XP_038687129.1, XP_038725459.1
OG0005374	GWHPDONJ007171	XP_038683515.1, XP_038683516.1
OG0005375	GWHPDONJ007175	XP_038712923.1, XP_038718679.1
OG0005376	GWHPDONJ007184	XP_038699174.1, XP_038712486.1
OG0005377	GWHPDONJ007188	XP_038685452.1, XP_038691312.1
OG0005378	GWHPDONJ007196	XP_038704302.1, XP_038704303.1
OG0005379	GWHPDONJ007198, GWHPDONJ008771	XP_038723246.1
OG0005380	GWHPDONJ007200	XP_038702184.1, XP_038702185.1
OG0005381	GWHPDONJ007212	XP_038705966.1, XP_038705967.1
OG0005382	GWHPDONJ007232	XP_038691149.1, XP_038712390.1
OG0005383	GWHPDONJ007237	XP_038690468.1, XP_038710473.1
OG0005384	GWHPDONJ007240	XP_038710406.1, XP_038710407.1
OG0005385	GWHPDONJ007246	XP_038689989.1, XP_038710672.1
OG0005386	GWHPDONJ007255	XP_038690169.1, XP_038690170.1
OG0005387	GWHPDONJ007256	XP_038679298.1, XP_038679299.1
OG0005388	GWHPDONJ007266	XP_038695781.1, XP_038712621.1
OG0005389	GWHPDONJ007267	XP_038680965.1, XP_038709085.1
OG0005390	GWHPDONJ007289	XP_038696008.1, XP_038700742.1
OG0005391	GWHPDONJ007291	XP_038682044.1, XP_038709517.1
OG0005392	GWHPDONJ007294	XP_038684736.1, XP_038686299.1
OG0005393	GWHPDONJ007295, GWHPDONJ010879	XP_038681609.1
OG0005394	GWHPDONJ007296	XP_038681130.1, XP_038681131.1
OG0005395	GWHPDONJ007299, GWHPDONJ010877	XP_038717637.1
OG0005396	GWHPDONJ007302	XP_038695417.1, XP_038698467.1
OG0005397	GWHPDONJ007307	XP_038721277.1, XP_038721278.1
OG0005398	GWHPDONJ007317	XP_038721836.1, XP_038724248.1
OG0005399	GWHPDONJ007318	XP_038683914.1, XP_038718800.1
OG0005400	GWHPDONJ007324	XP_038719291.1, XP_038724269.1
OG0005401	GWHPDONJ007350	XP_038690734.1, XP_038690735.1
OG0005402	GWHPDONJ007359	XP_038689173.1, XP_038689174.1
OG0005403	GWHPDONJ007360	XP_038709950.1, XP_038709951.1
OG0005404	GWHPDONJ007364	XP_038679182.1, XP_038679591.1
OG0005405	GWHPDONJ007377	XP_038707446.1, XP_038707447.1
OG0005406	GWHPDONJ007380	XP_038719520.1, XP_038721311.1
OG0005407	GWHPDONJ007383	XP_038716703.1, XP_038717924.1
OG0005408	GWHPDONJ007384	XP_038717902.1, XP_038717903.1
OG0005409	GWHPDONJ007390	XP_038715962.1, XP_038715963.1
OG0005410	GWHPDONJ007392	XP_038716022.1, XP_038718429.1
OG0005411	GWHPDONJ007404	XP_038715842.1, XP_038715843.1
OG0005412	GWHPDONJ007405	XP_038702684.1, XP_038717378.1
OG0005413	GWHPDONJ007406	XP_038722741.1, XP_038722742.1
OG0005414	GWHPDONJ007408	XP_038716864.1, XP_038716865.1
OG0005415	GWHPDONJ007413	XP_038704600.1, XP_038721916.1
OG0005416	GWHPDONJ007443	XP_038703302.1, XP_038703303.1
OG0005417	GWHPDONJ007444, GWHPDONJ007445, GWHPDONJ007446	
OG0005418	GWHPDONJ007458	XP_038715614.1, XP_038717679.1
OG0005419	GWHPDONJ007465	XP_038698117.1, XP_038721094.1
OG0005420	GWHPDONJ007473	XP_038701507.1, XP_038722959.1
OG0005421	GWHPDONJ007477	XP_038698688.1, XP_038698689.1
OG0005422	GWHPDONJ007487	XP_038685164.1, XP_038689832.1
OG0005423	GWHPDONJ007491	XP_038678482.1, XP_038699534.1
OG0005424	GWHPDONJ007499	XP_038698593.1, XP_038726239.1
OG0005425	GWHPDONJ007501	XP_038695018.1, XP_038726314.1
OG0005426	GWHPDONJ007502	XP_038700794.1, XP_038725970.1
OG0005427	GWHPDONJ007515	XP_038688296.1, XP_038725936.1
OG0005428	GWHPDONJ007518	XP_038678676.1, XP_038688146.1
OG0005429	GWHPDONJ007520	XP_038680564.1, XP_038724604.1
OG0005430	GWHPDONJ007524	XP_038689209.1, XP_038690031.1
OG0005431	GWHPDONJ007531	XP_038716612.1, XP_038716613.1
OG0005432	GWHPDONJ007544	XP_038723715.1, XP_038723716.1
OG0005433	GWHPDONJ007555	XP_038684028.1, XP_038724129.1
OG0005434	GWHPDONJ007558	XP_038704805.1, XP_038704810.1
OG0005435	GWHPDONJ007563	XP_038719716.1, XP_038719717.1
OG0005436	GWHPDONJ007564	XP_038722267.1, XP_038722268.1
OG0005437	GWHPDONJ007565	XP_038686630.1, XP_038723287.1
OG0005438	GWHPDONJ007571	XP_038699052.1, XP_038721153.1
OG0005439	GWHPDONJ007574	XP_038712996.1, XP_038712997.1
OG0005440	GWHPDONJ007576	XP_038695346.1, XP_038695347.1
OG0005441	GWHPDONJ007578	XP_038691408.1, XP_038691478.1
OG0005442	GWHPDONJ007580	XP_038680714.1, XP_038680715.1
OG0005443	GWHPDONJ007581	XP_038689229.1, XP_038690069.1
OG0005444	GWHPDONJ007582	XP_038680720.1, XP_038689190.1
OG0005445	GWHPDONJ007601	XP_038689006.1, XP_038691224.1
OG0005446	GWHPDONJ007604	XP_038686448.1, XP_038686451.1
OG0005447	GWHPDONJ007622, GWHPDONJ008657	XP_038723104.1
OG0005448	GWHPDONJ007631, GWHPDONJ008665	XP_038699001.1
OG0005449	GWHPDONJ007632, GWHPDONJ008666	XP_038708425.1
OG0005450	GWHPDONJ007635, GWHPDONJ008673	XP_038697597.1
OG0005451	GWHPDONJ007638	XP_038678944.1, XP_038683786.1
OG0005452	GWHPDONJ007639	XP_038686482.1, XP_038686483.1
OG0005453	GWHPDONJ007644	XP_038703358.1, XP_038713158.1
OG0005454	GWHPDONJ007647	XP_038686094.1, XP_038709047.1
OG0005455	GWHPDONJ007669	XP_038678825.1, XP_038678826.1
OG0005456	GWHPDONJ007672	XP_038687146.1, XP_038724605.1
OG0005457	GWHPDONJ007677	XP_038689951.1, XP_038712591.1
OG0005458	GWHPDONJ007695	XP_038691961.1, XP_038712267.1
OG0005459	GWHPDONJ007697	XP_038680087.1, XP_038680088.1
OG0005460	GWHPDONJ007702	XP_038711502.1, XP_038711503.1
OG0005461	GWHPDONJ007704	XP_038710962.1, XP_038710963.1
OG0005462	GWHPDONJ007705	XP_038689021.1, XP_038711237.1
OG0005463	GWHPDONJ007706	XP_038689748.1, XP_038689749.1
OG0005464	GWHPDONJ007709	XP_038686560.1, XP_038709545.1
OG0005465	GWHPDONJ007712	XP_038681164.1, XP_038681165.1
OG0005466	GWHPDONJ007726	XP_038691746.1, XP_038712434.1
OG0005467	GWHPDONJ007729	XP_038706845.1, XP_038706847.1
OG0005468	GWHPDONJ007730	XP_038686036.1, XP_038686037.1
OG0005469	GWHPDONJ007732	XP_038725573.1, XP_038725574.1
OG0005470	GWHPDONJ007733	XP_038709132.1, XP_038709133.1
OG0005471	GWHPDONJ007735	XP_038684688.1, XP_038709079.1
OG0005472	GWHPDONJ007741	XP_038711920.1, XP_038711921.1
OG0005473	GWHPDONJ007749	XP_038685346.1, XP_038685347.1
OG0005474	GWHPDONJ007752	XP_038710008.1, XP_038710009.1
OG0005475	GWHPDONJ007755	XP_038691514.1, XP_038711812.1
OG0005476	GWHPDONJ007757	XP_038679817.1, XP_038710509.1
OG0005477	GWHPDONJ007783	XP_038684315.1, XP_038684754.1
OG0005478	GWHPDONJ007785, GWHPDONJ009411	XP_038683867.1
OG0005479	GWHPDONJ007795	XP_038721269.1, XP_038721270.1
OG0005480	GWHPDONJ007800	XP_038722815.1, XP_038722816.1
OG0005481	GWHPDONJ007803	XP_038723833.1, XP_038723834.1
OG0005482	GWHPDONJ007818	XP_038691905.1, XP_038691906.1
OG0005483	GWHPDONJ007819	XP_038705196.1, XP_038705197.1
OG0005484	GWHPDONJ007839	XP_038693786.1, XP_038714339.1
OG0005485	GWHPDONJ007847	XP_038685445.1, XP_038685446.1
OG0005486	GWHPDONJ007852	XP_038693147.1, XP_038706900.1
OG0005487	GWHPDONJ007853	XP_038705980.1, XP_038713193.1
OG0005488	GWHPDONJ007861	XP_038688257.1, XP_038702078.1
OG0005489	GWHPDONJ007876	XP_038694644.1, XP_038697787.1
OG0005490	GWHPDONJ007907	XP_038690052.1, XP_038690053.1
OG0005491	GWHPDONJ007913	XP_038697012.1, XP_038697013.1
OG0005492	GWHPDONJ007915	XP_038714611.1, XP_038722469.1
OG0005493	GWHPDONJ007920	XP_038706782.1, XP_038722420.1
OG0005494	GWHPDONJ007925	XP_038719221.1, XP_038722262.1
OG0005495	GWHPDONJ007928	XP_038688258.1, XP_038688259.1
OG0005496	GWHPDONJ007929	XP_038716276.1, XP_038716277.1
OG0005497	GWHPDONJ007944	XP_038720319.1, XP_038722659.1
OG0005498	GWHPDONJ007951	XP_038712157.1, XP_038712158.1
OG0005499	GWHPDONJ007968	XP_038694125.1, XP_038706370.1
OG0005500	GWHPDONJ007970	XP_038705383.1, XP_038723776.1
OG0005501	GWHPDONJ007976	XP_038696455.1, XP_038725520.1
OG0005502	GWHPDONJ007987	XP_038695240.1, XP_038695242.1
OG0005503	GWHPDONJ007991	XP_038700384.1, XP_038723276.1
OG0005504	GWHPDONJ007996	XP_038708255.1, XP_038708331.1
OG0005505	GWHPDONJ008012	XP_038685296.1, XP_038721620.1
OG0005506	GWHPDONJ008019	XP_038681068.1, XP_038684592.1
OG0005507	GWHPDONJ008020	XP_038693496.1, XP_038705951.1
OG0005508	GWHPDONJ008023	XP_038687719.1, XP_038718724.1
OG0005509	GWHPDONJ008025	XP_038710594.1, XP_038710595.1
OG0005510	GWHPDONJ008028	XP_038701261.1, XP_038719082.1
OG0005511	GWHPDONJ008036	XP_038693975.1, XP_038720061.1
OG0005512	GWHPDONJ008043	XP_038691445.1, XP_038691455.1
OG0005513	GWHPDONJ008051	XP_038697234.1, XP_038702455.1
OG0005514	GWHPDONJ008069	XP_038696682.1, XP_038720822.1
OG0005515	GWHPDONJ008072	XP_038687624.1, XP_038721749.1
OG0005516	GWHPDONJ008074	XP_038702550.1, XP_038713552.1
OG0005517	GWHPDONJ008091	XP_038695335.1, XP_038700581.1
OG0005518	GWHPDONJ008104	XP_038715661.1, XP_038723313.1
OG0005519	GWHPDONJ008107, GWHPDONJ008109	XP_038686610.1
OG0005520	GWHPDONJ008111	XP_038725955.1, XP_038725956.1
OG0005521	GWHPDONJ008127	XP_038693653.1, XP_038713853.1
OG0005522	GWHPDONJ008131	XP_038693824.1, XP_038720485.1
OG0005523	GWHPDONJ008138	XP_038696925.1, XP_038702372.1
OG0005524	GWHPDONJ008143	XP_038693451.1, XP_038706864.1
OG0005525	GWHPDONJ008144	XP_038694815.1, XP_038706166.1
OG0005526	GWHPDONJ008173	XP_038680491.1, XP_038707720.1
OG0005527	GWHPDONJ008174	XP_038699288.1, XP_038711425.1
OG0005528	GWHPDONJ008207	XP_038700371.1, XP_038711070.1
OG0005529	GWHPDONJ008213	XP_038698506.1, XP_038711353.1
OG0005530	GWHPDONJ008219	XP_038696470.1, XP_038701035.1
OG0005531	GWHPDONJ008222	XP_038708434.1, XP_038708435.1
OG0005532	GWHPDONJ008235	XP_038695593.1, XP_038695594.1
OG0005533	GWHPDONJ008241	XP_038711651.1, XP_038712712.1
OG0005534	GWHPDONJ008244	XP_038696681.1, XP_038699434.1
OG0005535	GWHPDONJ008250	XP_038700120.1, XP_038700121.1
OG0005536	GWHPDONJ008258	XP_038698522.1, XP_038712495.1
OG0005537	GWHPDONJ008259	XP_038700073.1, XP_038700074.1
OG0005538	GWHPDONJ008267	XP_038695460.1, XP_038723121.1
OG0005539	GWHPDONJ008272	XP_038700350.1, XP_038700360.1
OG0005540	GWHPDONJ008275	XP_038723619.1, XP_038723621.1
OG0005541	GWHPDONJ008281	XP_038719517.1, XP_038722143.1
OG0005542	GWHPDONJ008290	XP_038699155.1, XP_038699156.1
OG0005543	GWHPDONJ008295	XP_038719669.1, XP_038719670.1
OG0005544	GWHPDONJ008299	XP_038689285.1, XP_038718730.1
OG0005545	GWHPDONJ008302	XP_038697663.1, XP_038697664.1
OG0005546	GWHPDONJ008304	XP_038721809.1, XP_038721810.1
OG0005547	GWHPDONJ008314	XP_038720206.1, XP_038720207.1
OG0005548	GWHPDONJ008316	XP_038690923.1, XP_038720480.1
OG0005549	GWHPDONJ008321	XP_038694479.1, XP_038694485.1
OG0005550	GWHPDONJ008324	XP_038690701.1, XP_038690702.1
OG0005551	GWHPDONJ008331	XP_038686072.1, XP_038686073.1
OG0005552	GWHPDONJ008333	XP_038702142.1, XP_038720986.1
OG0005553	GWHPDONJ008334	XP_038698496.1, XP_038698497.1
OG0005554	GWHPDONJ008338	XP_038709309.1, XP_038709311.1
OG0005555	GWHPDONJ008339	XP_038716315.1, XP_038717901.1
OG0005556	GWHPDONJ008341	XP_038685118.1, XP_038685119.1
OG0005557	GWHPDONJ008343	XP_038688158.1, XP_038688159.1
OG0005558	GWHPDONJ008346	XP_038679014.1, XP_038687339.1
OG0005559	GWHPDONJ008357	XP_038705225.1, XP_038705232.1
OG0005560	GWHPDONJ008364	XP_038725569.1, XP_038725570.1
OG0005561	GWHPDONJ008370	XP_038695555.1, XP_038725977.1
OG0005562	GWHPDONJ008372	XP_038702966.1, XP_038713887.1
OG0005563	GWHPDONJ008376	XP_038697061.1, XP_038697062.1
OG0005564	GWHPDONJ008401	XP_038702553.1, XP_038723344.1
OG0005565	GWHPDONJ008407	XP_038688165.1, XP_038723898.1
OG0005566	GWHPDONJ008408	XP_038720109.1, XP_038722956.1
OG0005567	GWHPDONJ008411	XP_038716648.1, XP_038716649.1
OG0005568	GWHPDONJ008414	XP_038702349.1, XP_038722526.1
OG0005569	GWHPDONJ008420	XP_038688503.1, XP_038702487.1
OG0005570	GWHPDONJ008426	XP_038719180.1, XP_038719252.1
OG0005571	GWHPDONJ008427	XP_038680349.1, XP_038722270.1
OG0005572	GWHPDONJ008431	XP_038704429.1, XP_038714263.1
OG0005573	GWHPDONJ008432	XP_038713872.1, XP_038713873.1
OG0005574	GWHPDONJ008451	XP_038686566.1, XP_038686567.1
OG0005575	GWHPDONJ008457	XP_038714472.1, XP_038718296.1
OG0005576	GWHPDONJ008493	XP_038705870.1, XP_038706054.1
OG0005577	GWHPDONJ008496	XP_038707615.1, XP_038707616.1
OG0005578	GWHPDONJ008501	XP_038725414.1, XP_038725415.1
OG0005579	GWHPDONJ008502	XP_038679922.1, XP_038679931.1
OG0005580	GWHPDONJ008506	XP_038681470.1, XP_038708755.1
OG0005581	GWHPDONJ008507	XP_038695340.1, XP_038710075.1
OG0005582	GWHPDONJ008514	XP_038684471.1, XP_038686394.1
OG0005583	GWHPDONJ008520	XP_038688006.1, XP_038688007.1
OG0005584	GWHPDONJ008522	XP_038714637.1, XP_038714638.1
OG0005585	GWHPDONJ008524	XP_038679115.1, XP_038725730.1
OG0005586	GWHPDONJ008531	XP_038695157.1, XP_038695158.1
OG0005587	GWHPDONJ008544	XP_038703455.1, XP_038703456.1
OG0005588	GWHPDONJ008545	XP_038709322.1, XP_038709323.1
OG0005589	GWHPDONJ008546	XP_038696876.1, XP_038710151.1
OG0005590	GWHPDONJ008547	XP_038701090.1, XP_038701091.1
OG0005591	GWHPDONJ008554	XP_038700011.1, XP_038713885.1
OG0005592	GWHPDONJ008557	XP_038699697.1, XP_038700640.1
OG0005593	GWHPDONJ008558	XP_038698886.1, XP_038710403.1
OG0005594	GWHPDONJ008566	XP_038697714.1, XP_038721602.1
OG0005595	GWHPDONJ008575	XP_038697112.1, XP_038720978.1
OG0005596	GWHPDONJ008577	XP_038695067.1, XP_038695077.1
OG0005597	GWHPDONJ008580	XP_038725907.1, XP_038725908.1
OG0005598	GWHPDONJ008591	XP_038702357.1, XP_038721282.1
OG0005599	GWHPDONJ008592	XP_038697395.1, XP_038697396.1
OG0005600	GWHPDONJ008594	XP_038696636.1, XP_038718763.1
OG0005601	GWHPDONJ008596	XP_038678456.1, XP_038678464.1
OG0005602	GWHPDONJ008605	XP_038691173.1, XP_038701317.1
OG0005603	GWHPDONJ008606	XP_038696588.1, XP_038720481.1
OG0005604	GWHPDONJ008608	XP_038697484.1, XP_038702144.1
OG0005605	GWHPDONJ008611	XP_038695548.1, XP_038701980.1
OG0005606	GWHPDONJ008614	XP_038688041.1, XP_038688042.1
OG0005607	GWHPDONJ008616	XP_038697347.1, XP_038701940.1
OG0005608	GWHPDONJ008618	XP_038693948.1, XP_038701772.1
OG0005609	GWHPDONJ008620	XP_038700758.1, XP_038700769.1
OG0005610	GWHPDONJ008626	XP_038702255.1, XP_038702256.1
OG0005611	GWHPDONJ008633, GWHPDONJ008634	XP_038716147.1
OG0005612	GWHPDONJ008638	XP_038680692.1, XP_038681753.1
OG0005613	GWHPDONJ008641	XP_038685766.1, XP_038719413.1
OG0005614	GWHPDONJ008651	XP_038696735.1, XP_038710792.1
OG0005615	GWHPDONJ008654	XP_038682028.1, XP_038696786.1
OG0005616	GWHPDONJ008663	XP_038689143.1, XP_038689144.1
OG0005617	GWHPDONJ008669	XP_038709177.1, XP_038709178.1
OG0005618	GWHPDONJ008674	XP_038691941.1, XP_038697227.1
OG0005619	GWHPDONJ008704	XP_038683262.1, XP_038709924.1
OG0005620	GWHPDONJ008716	XP_038713654.1, XP_038713655.1
OG0005621	GWHPDONJ008717	XP_038686681.1, XP_038701619.1
OG0005622	GWHPDONJ008730	XP_038696687.1, XP_038696688.1
OG0005623	GWHPDONJ008735	XP_038725727.1, XP_038725728.1
OG0005624	GWHPDONJ008740	XP_038700939.1, XP_038700940.1
OG0005625	GWHPDONJ008763	XP_038688978.1, XP_038688979.1
OG0005626	GWHPDONJ008774, GWHPDONJ008775, GWHPDONJ008776	
OG0005627	GWHPDONJ008794	XP_038701130.1, XP_038710172.1
OG0005628	GWHPDONJ008801	XP_038694451.1, XP_038694452.1
OG0005629	GWHPDONJ008822	XP_038719966.1, XP_038723694.1
OG0005630	GWHPDONJ008828	XP_038720971.1, XP_038720977.1
OG0005631	GWHPDONJ008829	XP_038679784.1, XP_038679792.1
OG0005632	GWHPDONJ008835	XP_038684398.1, XP_038701569.1
OG0005633	GWHPDONJ008837	XP_038713083.1, XP_038716928.1
OG0005634	GWHPDONJ008848	XP_038700405.1, XP_038700406.1
OG0005635	GWHPDONJ008853	XP_038681361.1, XP_038725014.1
OG0005636	GWHPDONJ008859	XP_038700004.1, XP_038700005.1
OG0005637	GWHPDONJ008861	XP_038679096.1, XP_038689585.1
OG0005638	GWHPDONJ008862, GWHPDONJ010587	XP_038711660.1
OG0005639	GWHPDONJ008870	XP_038704852.1, XP_038715312.1
OG0005640	GWHPDONJ008876	XP_038684998.1, XP_038684999.1
OG0005641	GWHPDONJ008879, GWHPDONJ010576	XP_038707070.1
OG0005642	GWHPDONJ008892	XP_038712006.1, XP_038712007.1
OG0005643	GWHPDONJ008893	XP_038691735.1, XP_038691736.1
OG0005644	GWHPDONJ008904	XP_038694503.1, XP_038713367.1
OG0005645	GWHPDONJ008905	XP_038693745.1, XP_038701252.1
OG0005646	GWHPDONJ008906	XP_038689935.1, XP_038689967.1
OG0005647	GWHPDONJ008910	XP_038692715.1, XP_038705690.1
OG0005648	GWHPDONJ008912	XP_038691886.1, XP_038710375.1
OG0005649	GWHPDONJ008929	XP_038689866.1, XP_038689868.1
OG0005650	GWHPDONJ008933	XP_038690160.1, XP_038712448.1
OG0005651	GWHPDONJ008937	XP_038689729.1, XP_038689730.1
OG0005652	GWHPDONJ008954	XP_038722162.1, XP_038723773.1
OG0005653	GWHPDONJ008966	XP_038716724.1, XP_038722560.1
OG0005654	GWHPDONJ008969	XP_038708548.1, XP_038720587.1
OG0005655	GWHPDONJ008985	XP_038701270.1, XP_038719367.1
OG0005656	GWHPDONJ008990	XP_038686797.1, XP_038686798.1
OG0005657	GWHPDONJ008997	XP_038690279.1, XP_038690592.1
OG0005658	GWHPDONJ009002	XP_038682211.1, XP_038682212.1
OG0005659	GWHPDONJ009013	XP_038692060.1, XP_038692061.1
OG0005660	GWHPDONJ009017	XP_038685013.1, XP_038689430.1
OG0005661	GWHPDONJ009023	XP_038690341.1, XP_038691923.1
OG0005662	GWHPDONJ009024	XP_038686641.1, XP_038688566.1
OG0005663	GWHPDONJ009025	XP_038690179.1, XP_038690180.1
OG0005664	GWHPDONJ009033	XP_038685184.1, XP_038690158.1
OG0005665	GWHPDONJ009037	XP_038689495.1, XP_038689496.1
OG0005666	GWHPDONJ009043	XP_038686184.1, XP_038689114.1
OG0005667	GWHPDONJ009044	XP_038686561.1, XP_038686563.1
OG0005668	GWHPDONJ009047	XP_038688548.1, XP_038691573.1
OG0005669	GWHPDONJ009051	XP_038691700.1, XP_038691727.1
OG0005670	GWHPDONJ009052, GWHPDONJ009053, GWHPDONJ009054	
OG0005671	GWHPDONJ009055	XP_038689714.1, XP_038689716.1
OG0005672	GWHPDONJ009064, GWHPDONJ009066	XP_038703468.1
OG0005673	GWHPDONJ009074	XP_038716261.1, XP_038717840.1
OG0005674	GWHPDONJ009077	XP_038703538.1, XP_038714556.1
OG0005675	GWHPDONJ009078	XP_038718357.1, XP_038718358.1
OG0005676	GWHPDONJ009087	XP_038718634.1, XP_038718635.1
OG0005677	GWHPDONJ009093	XP_038718270.1, XP_038718271.1
OG0005678	GWHPDONJ009097	XP_038717347.1, XP_038717348.1
OG0005679	GWHPDONJ009100	XP_038703510.1, XP_038703511.1
OG0005680	GWHPDONJ009103	XP_038715181.1, XP_038715182.1
OG0005681	GWHPDONJ009104	XP_038686367.1, XP_038691041.1
OG0005682	GWHPDONJ009113	XP_038718681.1, XP_038718683.1
OG0005683	GWHPDONJ009116	XP_038681937.1, XP_038708433.1
OG0005684	GWHPDONJ009131	XP_038686769.1, XP_038686770.1
OG0005685	GWHPDONJ009139	XP_038686614.1, XP_038686615.1
OG0005686	GWHPDONJ009152	XP_038686777.1, XP_038691628.1
OG0005687	GWHPDONJ009155	XP_038688999.1, XP_038689719.1
OG0005688	GWHPDONJ009157	XP_038683974.1, XP_038683975.1
OG0005689	GWHPDONJ009158	XP_038685661.1, XP_038685662.1
OG0005690	GWHPDONJ009159	XP_038684980.1, XP_038692062.1
OG0005691	GWHPDONJ009165	XP_038686411.1, XP_038690237.1
OG0005692	GWHPDONJ009167	XP_038703077.1, XP_038703078.1
OG0005693	GWHPDONJ009171	XP_038710152.1, XP_038710153.1
OG0005694	GWHPDONJ009175	XP_038707758.1, XP_038723966.1
OG0005695	GWHPDONJ009178	XP_038685924.1, XP_038691227.1
OG0005696	GWHPDONJ009179	XP_038714708.1, XP_038716843.1
OG0005697	GWHPDONJ009184	XP_038694778.1, XP_038702324.1
OG0005698	GWHPDONJ009187	XP_038714213.1, XP_038714214.1
OG0005699	GWHPDONJ009189	XP_038686341.1, XP_038689527.1
OG0005700	GWHPDONJ009190	XP_038685159.1, XP_038685160.1
OG0005701	GWHPDONJ009193	XP_038716841.1, XP_038716842.1
OG0005702	GWHPDONJ009198	XP_038704123.1, XP_038704124.1
OG0005703	GWHPDONJ009200	XP_038717091.1, XP_038717092.1
OG0005704	GWHPDONJ009202	XP_038704360.1, XP_038704361.1
OG0005705	GWHPDONJ009206	XP_038703408.1, XP_038707496.1
OG0005706	GWHPDONJ009207	XP_038712540.1, XP_038725541.1
OG0005707	GWHPDONJ009209, GWHPDONJ009210	XP_038716431.1
OG0005708	GWHPDONJ009211	XP_038703917.1, XP_038716455.1
OG0005709	GWHPDONJ009216	XP_038715846.1, XP_038715847.1
OG0005710	GWHPDONJ009219	XP_038715683.1, XP_038716882.1
OG0005711	GWHPDONJ009225	XP_038682345.1, XP_038708279.1
OG0005712	GWHPDONJ009226	XP_038702951.1, XP_038715839.1
OG0005713	GWHPDONJ009228	XP_038704449.1, XP_038715371.1
OG0005714	GWHPDONJ009241	XP_038716083.1, XP_038716084.1
OG0005715	GWHPDONJ009250	XP_038679790.1, XP_038687330.1
OG0005716	GWHPDONJ009254	XP_038685111.1, XP_038701555.1
OG0005717	GWHPDONJ009264	XP_038709162.1, XP_038709164.1
OG0005718	GWHPDONJ009271	XP_038706261.1, XP_038712368.1
OG0005719	GWHPDONJ009272	XP_038681148.1, XP_038681156.1
OG0005720	GWHPDONJ009277	XP_038712856.1, XP_038712857.1
OG0005721	GWHPDONJ009284	XP_038687856.1, XP_038687857.1
OG0005722	GWHPDONJ009289	XP_038701476.1, XP_038719041.1
OG0005723	GWHPDONJ009302	XP_038688456.1, XP_038721765.1
OG0005724	GWHPDONJ009303	XP_038718099.1, XP_038718100.1
OG0005725	GWHPDONJ009314	XP_038679361.1, XP_038705366.1
OG0005726	GWHPDONJ009318	XP_038707082.1, XP_038707083.1
OG0005727	GWHPDONJ009323	XP_038705644.1, XP_038705646.1
OG0005728	GWHPDONJ009326	XP_038697326.1, XP_038697333.1
OG0005729	GWHPDONJ009330	XP_038722926.1, XP_038722928.1
OG0005730	GWHPDONJ009335	XP_038716432.1, XP_038716970.1
OG0005731	GWHPDONJ009337	XP_038697703.1, XP_038721169.1
OG0005732	GWHPDONJ009338	XP_038704966.1, XP_038713585.1
OG0005733	GWHPDONJ009351	XP_038696245.1, XP_038698960.1
OG0005734	GWHPDONJ009354	XP_038688263.1, XP_038725732.1
OG0005735	GWHPDONJ009361	XP_038694803.1, XP_038694804.1
OG0005736	GWHPDONJ009362	XP_038725360.1, XP_038725361.1
OG0005737	GWHPDONJ009369	XP_038679529.1, XP_038679532.1
OG0005738	GWHPDONJ009374	XP_038685286.1, XP_038685287.1
OG0005739	GWHPDONJ009376	XP_038678677.1, XP_038678678.1
OG0005740	GWHPDONJ009377	XP_038699010.1, XP_038711705.1
OG0005741	GWHPDONJ009381	XP_038723871.1, XP_038723872.1
OG0005742	GWHPDONJ009384	XP_038693619.1, XP_038724295.1
OG0005743	GWHPDONJ009390	XP_038686983.1, XP_038725471.1
OG0005744	GWHPDONJ009395	XP_038679929.1, XP_038679930.1
OG0005745	GWHPDONJ009399	XP_038706028.1, XP_038706029.1
OG0005746	GWHPDONJ009408, GWHPDONJ009409, GWHPDONJ009410	
OG0005747	GWHPDONJ009419	XP_038723759.1, XP_038723761.1
OG0005748	GWHPDONJ009432	XP_038680531.1, XP_038680532.1
OG0005749	GWHPDONJ009438	XP_038679836.1, XP_038679837.1
OG0005750	GWHPDONJ009450	XP_038684178.1, XP_038686020.1
OG0005751	GWHPDONJ009459	XP_038703940.1, XP_038703946.1
OG0005752	GWHPDONJ009478	XP_038699585.1, XP_038724859.1
OG0005753	GWHPDONJ009488	XP_038690896.1, XP_038691792.1
OG0005754	GWHPDONJ009492	XP_038685006.1, XP_038708208.1
OG0005755	GWHPDONJ009495	XP_038700097.1, XP_038700098.1
OG0005756	GWHPDONJ009501	XP_038681231.1, XP_038681232.1
OG0005757	GWHPDONJ009505	XP_038716174.1, XP_038717721.1
OG0005758	GWHPDONJ009508	XP_038684187.1, XP_038684188.1
OG0005759	GWHPDONJ009509	XP_038683081.1, XP_038709404.1
OG0005760	GWHPDONJ009510	XP_038683715.1, XP_038683716.1
OG0005761	GWHPDONJ009514, GWHPDONJ010845	XP_038705655.1
OG0005762	GWHPDONJ009517	XP_038684261.1, XP_038709300.1
OG0005763	GWHPDONJ009520	XP_038679312.1, XP_038719490.1
OG0005764	GWHPDONJ009524	XP_038685379.1, XP_038689578.1
OG0005765	GWHPDONJ009525	XP_038707057.1, XP_038707058.1
OG0005766	GWHPDONJ009526	XP_038682578.1, XP_038705968.1
OG0005767	GWHPDONJ009531	XP_038716626.1, XP_038716627.1
OG0005768	GWHPDONJ009532	XP_038721430.1, XP_038723634.1
OG0005769	GWHPDONJ009539	XP_038681628.1, XP_038722678.1
OG0005770	GWHPDONJ009545	XP_038683778.1, XP_038685077.1
OG0005771	GWHPDONJ009551	XP_038685086.1, XP_038685158.1
OG0005772	GWHPDONJ009555	XP_038696541.1, XP_038701367.1
OG0005773	GWHPDONJ009556	XP_038707321.1, XP_038707469.1
OG0005774	GWHPDONJ009558	XP_038682954.1, XP_038709927.1
OG0005775	GWHPDONJ009561	XP_038685416.1, XP_038708811.1
OG0005776	GWHPDONJ009565	XP_038725374.1, XP_038725375.1
OG0005777	GWHPDONJ009572	XP_038705074.1, XP_038705075.1
OG0005778	GWHPDONJ009573	XP_038701959.1, XP_038722580.1
OG0005779	GWHPDONJ009585	XP_038722452.1, XP_038722454.1
OG0005780	GWHPDONJ009593	XP_038693199.1, XP_038713011.1
OG0005781	GWHPDONJ009594	XP_038712674.1, XP_038721756.1
OG0005782	GWHPDONJ009597	XP_038683290.1, XP_038683291.1
OG0005783	GWHPDONJ009602	XP_038682376.1, XP_038683758.1
OG0005784	GWHPDONJ009607	XP_038682375.1, XP_038683394.1
OG0005785	GWHPDONJ009609	XP_038704447.1, XP_038712935.1
OG0005786	GWHPDONJ009613	XP_038682435.1, XP_038682436.1
OG0005787	GWHPDONJ009617	XP_038681174.1, XP_038708585.1
OG0005788	GWHPDONJ009618	XP_038703876.1, XP_038703877.1
OG0005789	GWHPDONJ009632	XP_038696830.1, XP_038712488.1
OG0005790	GWHPDONJ009635	XP_038681004.1, XP_038683433.1
OG0005791	GWHPDONJ009636	XP_038681223.1, XP_038709316.1
OG0005792	GWHPDONJ009647	XP_038682173.1, XP_038682174.1
OG0005793	GWHPDONJ009650	XP_038694269.1, XP_038694270.1
OG0005794	GWHPDONJ009651	XP_038720222.1, XP_038721884.1
OG0005795	GWHPDONJ009652	XP_038681182.1, XP_038684478.1
OG0005796	GWHPDONJ009655	XP_038682573.1, XP_038709883.1
OG0005797	GWHPDONJ009658	XP_038689713.1, XP_038691124.1
OG0005798	GWHPDONJ009665	XP_038685340.1, XP_038709109.1
OG0005799	GWHPDONJ009677	XP_038694001.1, XP_038718092.1
OG0005800	GWHPDONJ009679	XP_038687894.1, XP_038687896.1
OG0005801	GWHPDONJ009681, GWHPDONJ009682	XP_038698480.1
OG0005802	GWHPDONJ009691	XP_038711618.1, XP_038711619.1
OG0005803	GWHPDONJ009692	XP_038721294.1, XP_038721296.1
OG0005804	GWHPDONJ009694	XP_038694994.1, XP_038698475.1
OG0005805	GWHPDONJ009699	XP_038682753.1, XP_038709194.1
OG0005806	GWHPDONJ009710	XP_038695939.1, XP_038711585.1
OG0005807	GWHPDONJ009715	XP_038678488.1, XP_038688329.1
OG0005808	GWHPDONJ009726	XP_038710179.1, XP_038710180.1
OG0005809	GWHPDONJ009727	XP_038696894.1, XP_038696895.1
OG0005810	GWHPDONJ009737	XP_038701161.1, XP_038701162.1
OG0005811	GWHPDONJ009756	XP_038700577.1, XP_038700578.1
OG0005812	GWHPDONJ009757	XP_038694839.1, XP_038718135.1
OG0005813	GWHPDONJ009762	XP_038696885.1, XP_038712617.1
OG0005814	GWHPDONJ009764	XP_038678847.1, XP_038712739.1
OG0005815	GWHPDONJ009766	XP_038701173.1, XP_038701174.1
OG0005816	GWHPDONJ009769	XP_038692963.1, XP_038722415.1
OG0005817	GWHPDONJ009772	XP_038683535.1, XP_038718223.1
OG0005818	GWHPDONJ009777	XP_038714222.1, XP_038716819.1
OG0005819	GWHPDONJ009788	XP_038706046.1, XP_038723967.1
OG0005820	GWHPDONJ009804	XP_038724251.1, XP_038724252.1
OG0005821	GWHPDONJ009805	XP_038693269.1, XP_038723637.1
OG0005822	GWHPDONJ009814	XP_038706394.1, XP_038722835.1
OG0005823	GWHPDONJ009816	XP_038720301.1, XP_038723360.1
OG0005824	GWHPDONJ009838	XP_038718985.1, XP_038724115.1
OG0005825	GWHPDONJ009839	XP_038721783.1, XP_038721923.1
OG0005826	GWHPDONJ009843	XP_038698399.1, XP_038698471.1
OG0005827	GWHPDONJ009844	XP_038722828.1, XP_038722829.1
OG0005828	GWHPDONJ009845	XP_038718737.1, XP_038718738.1
OG0005829	GWHPDONJ009851	XP_038702518.1, XP_038723717.1
OG0005830	GWHPDONJ009859	XP_038687789.1, XP_038687790.1
OG0005831	GWHPDONJ009865	XP_038695096.1, XP_038701151.1
OG0005832	GWHPDONJ009866	XP_038704694.1, XP_038713815.1
OG0005833	GWHPDONJ009869	XP_038684255.1, XP_038709804.1
OG0005834	GWHPDONJ009875	XP_038693024.1, XP_038693025.1
OG0005835	GWHPDONJ009882	XP_038692454.1, XP_038692455.1
OG0005836	GWHPDONJ009885	XP_038716557.1, XP_038722540.1
OG0005837	GWHPDONJ009886	XP_038705904.1, XP_038705905.1
OG0005838	GWHPDONJ009889	XP_038718967.1, XP_038718968.1
OG0005839	GWHPDONJ009891	XP_038679645.1, XP_038687881.1
OG0005840	GWHPDONJ009903	XP_038680102.1, XP_038711335.1
OG0005841	GWHPDONJ009907	XP_038705781.1, XP_038712930.1
OG0005842	GWHPDONJ009908	XP_038694577.1, XP_038721722.1
OG0005843	GWHPDONJ009910	XP_038689684.1, XP_038689685.1
OG0005844	GWHPDONJ009914	XP_038685618.1, XP_038708420.1
OG0005845	GWHPDONJ009920	XP_038693630.1, XP_038693631.1
OG0005846	GWHPDONJ009926	XP_038691116.1, XP_038712363.1
OG0005847	GWHPDONJ009927	XP_038691332.1, XP_038711611.1
OG0005848	GWHPDONJ009929	XP_038689277.1, XP_038689278.1
OG0005849	GWHPDONJ009944	XP_038690256.1, XP_038690257.1
OG0005850	GWHPDONJ009951	XP_038704442.1, XP_038704443.1
OG0005851	GWHPDONJ009954	XP_038689356.1, XP_038689357.1
OG0005852	GWHPDONJ009956	XP_038694393.1, XP_038716803.1
OG0005853	GWHPDONJ009957	XP_038722140.1, XP_038722141.1
OG0005854	GWHPDONJ009960	XP_038722570.1, XP_038722642.1
OG0005855	GWHPDONJ009962	XP_038722607.1, XP_038722610.1
OG0005856	GWHPDONJ009965	XP_038720576.1, XP_038722463.1
OG0005857	GWHPDONJ009966	XP_038724270.1, XP_038724271.1
OG0005858	GWHPDONJ009975	XP_038697563.1, XP_038723292.1
OG0005859	GWHPDONJ009976	XP_038708946.1, XP_038724170.1
OG0005860	GWHPDONJ009978	XP_038681921.1, XP_038709037.1
OG0005861	GWHPDONJ009991	XP_038723558.1, XP_038723559.1
OG0005862	GWHPDONJ009995	XP_038723810.1, XP_038723811.1
OG0005863	GWHPDONJ009996	XP_038721392.1, XP_038721393.1
OG0005864	GWHPDONJ010005	XP_038683247.1, XP_038684906.1
OG0005865	GWHPDONJ010012	XP_038703607.1, XP_038703608.1
OG0005866	GWHPDONJ010018	XP_038700579.1, XP_038712788.1
OG0005867	GWHPDONJ010022	XP_038704948.1, XP_038704949.1
OG0005868	GWHPDONJ010023	XP_038682683.1, XP_038684009.1
OG0005869	GWHPDONJ010026	XP_038712955.1, XP_038712956.1
OG0005870	GWHPDONJ010030	XP_038713719.1, XP_038713720.1
OG0005871	GWHPDONJ010033	XP_038694394.1, XP_038704872.1
OG0005872	GWHPDONJ010038	XP_038698614.1, XP_038725944.1
OG0005873	GWHPDONJ010043	XP_038694741.1, XP_038704146.1
OG0005874	GWHPDONJ010044	XP_038694514.1, XP_038705258.1
OG0005875	GWHPDONJ010047	XP_038703967.1, XP_038703968.1
OG0005876	GWHPDONJ010059	XP_038685178.1, XP_038711025.1
OG0005877	GWHPDONJ010061	XP_038696853.1, XP_038725805.1
OG0005878	GWHPDONJ010067	XP_038686307.1, XP_038686308.1
OG0005879	GWHPDONJ010071	XP_038695843.1, XP_038698854.1
OG0005880	GWHPDONJ010074	XP_038682522.1, XP_038709512.1
OG0005881	GWHPDONJ010075, GWHPDONJ010403	XP_038684943.1
OG0005882	GWHPDONJ010080	XP_038681092.1, XP_038683272.1
OG0005883	GWHPDONJ010084	XP_038689767.1, XP_038689768.1
OG0005884	GWHPDONJ010092	XP_038699955.1, XP_038711179.1
OG0005885	GWHPDONJ010094	XP_038693302.1, XP_038713143.1
OG0005886	GWHPDONJ010100	XP_038713842.1, XP_038713843.1
OG0005887	GWHPDONJ010101	XP_038694692.1, XP_038713844.1
OG0005888	GWHPDONJ010114	XP_038694078.1, XP_038702666.1
OG0005889	GWHPDONJ010137	XP_038708542.1, XP_038708544.1
OG0005890	GWHPDONJ010138	XP_038712933.1, XP_038712934.1
OG0005891	GWHPDONJ010142	XP_038692465.1, XP_038722308.1
OG0005892	GWHPDONJ010148	XP_038712455.1, XP_038712456.1
OG0005893	GWHPDONJ010149	XP_038703090.1, XP_038716538.1
OG0005894	GWHPDONJ010152	XP_038717431.1, XP_038717432.1
OG0005895	GWHPDONJ010153	XP_038713465.1, XP_038717733.1
OG0005896	GWHPDONJ010162	XP_038713135.1, XP_038716967.1
OG0005897	GWHPDONJ010163	XP_038695325.1, XP_038695326.1
OG0005898	GWHPDONJ010164	XP_038694016.1, XP_038694017.1
OG0005899	GWHPDONJ010169	XP_038692552.1, XP_038692554.1
OG0005900	GWHPDONJ010178	XP_038679470.1, XP_038716583.1
OG0005901	GWHPDONJ010180	XP_038719127.1, XP_038719128.1
OG0005902	GWHPDONJ010193	XP_038721111.1, XP_038721112.1
OG0005903	GWHPDONJ010194	XP_038703916.1, XP_038716685.1
OG0005904	GWHPDONJ010199, GWHPDONJ010203	XP_038724725.1
OG0005905	GWHPDONJ010222	XP_038681322.1, XP_038683353.1
OG0005906	GWHPDONJ010228	XP_038680678.1, XP_038684207.1
OG0005907	GWHPDONJ010229	XP_038704717.1, XP_038722449.1
OG0005908	GWHPDONJ010232	XP_038692456.1, XP_038718057.1
OG0005909	GWHPDONJ010236	XP_038685078.1, XP_038685079.1
OG0005910	GWHPDONJ010237	XP_038717526.1, XP_038717527.1
OG0005911	GWHPDONJ010240	XP_038693641.1, XP_038717703.1
OG0005912	GWHPDONJ010243	XP_038714326.1, XP_038717073.1
OG0005913	GWHPDONJ010244	XP_038686185.1, XP_038708430.1
OG0005914	GWHPDONJ010252	XP_038682264.1, XP_038684484.1
OG0005915	GWHPDONJ010256	XP_038679506.1, XP_038726097.1
OG0005916	GWHPDONJ010257	XP_038682596.1, XP_038709838.1
OG0005917	GWHPDONJ010258	XP_038709600.1, XP_038709601.1
OG0005918	GWHPDONJ010259	XP_038682570.1, XP_038682571.1
OG0005919	GWHPDONJ010267	XP_038691165.1, XP_038691166.1
OG0005920	GWHPDONJ010269	XP_038687209.1, XP_038687210.1
OG0005921	GWHPDONJ010270	XP_038696038.1, XP_038696630.1
OG0005922	GWHPDONJ010278	XP_038688277.1, XP_038688278.1
OG0005923	GWHPDONJ010279	XP_038694364.1, XP_038702145.1
OG0005924	GWHPDONJ010280	XP_038697699.1, XP_038697700.1
OG0005925	GWHPDONJ010284	XP_038695357.1, XP_038695358.1
OG0005926	GWHPDONJ010286	XP_038702376.1, XP_038721681.1
OG0005927	GWHPDONJ010294	XP_038701357.1, XP_038701358.1
OG0005928	GWHPDONJ010296	XP_038703342.1, XP_038703343.1
OG0005929	GWHPDONJ010297	XP_038695821.1, XP_038721293.1
OG0005930	GWHPDONJ010301	XP_038688716.1, XP_038720053.1
OG0005931	GWHPDONJ010302	XP_038688522.1, XP_038710037.1
OG0005932	GWHPDONJ010303	XP_038707822.1, XP_038707823.1
OG0005933	GWHPDONJ010308	XP_038705764.1, XP_038712059.1
OG0005934	GWHPDONJ010314	XP_038707418.1, XP_038715187.1
OG0005935	GWHPDONJ010318	XP_038705725.1, XP_038715640.1
OG0005936	GWHPDONJ010326	XP_038707478.1, XP_038707479.1
OG0005937	GWHPDONJ010333	XP_038713830.1, XP_038713831.1
OG0005938	GWHPDONJ010334	XP_038718552.1, XP_038720991.1
OG0005939	GWHPDONJ010336	XP_038684513.1, XP_038702085.1
OG0005940	GWHPDONJ010352	XP_038696428.1, XP_038696429.1
OG0005941	GWHPDONJ010354	XP_038688750.1, XP_038718923.1
OG0005942	GWHPDONJ010358	XP_038723215.1, XP_038723225.1
OG0005943	GWHPDONJ010373	XP_038688287.1, XP_038725485.1
OG0005944	GWHPDONJ010385, GWHPDONJ010388	XP_038688223.1
OG0005945	GWHPDONJ010395	XP_038715609.1, XP_038715610.1
OG0005946	GWHPDONJ010399	XP_038680061.1, XP_038680062.1
OG0005947	GWHPDONJ010408	XP_038685080.1, XP_038691178.1
OG0005948	GWHPDONJ010409	XP_038681117.1, XP_038695166.1
OG0005949	GWHPDONJ010411	XP_038679814.1, XP_038679815.1
OG0005950	GWHPDONJ010414	XP_038678836.1, XP_038678837.1
OG0005951	GWHPDONJ010417	XP_038694669.1, XP_038694670.1
OG0005952	GWHPDONJ010418	XP_038693559.1, XP_038693560.1
OG0005953	GWHPDONJ010426	XP_038693595.1, XP_038693596.1
OG0005954	GWHPDONJ010429, GWHPDONJ010431	XP_038702975.1
OG0005955	GWHPDONJ010440	XP_038703948.1, XP_038703949.1
OG0005956	GWHPDONJ010441	XP_038713955.1, XP_038713956.1
OG0005957	GWHPDONJ010448	XP_038679102.1, XP_038724554.1
OG0005958	GWHPDONJ010449	XP_038686918.1, XP_038726166.1
OG0005959	GWHPDONJ010453	XP_038679331.1, XP_038726108.1
OG0005960	GWHPDONJ010457	XP_038687318.1, XP_038687320.1
OG0005961	GWHPDONJ010459	XP_038678935.1, XP_038687052.1
OG0005962	GWHPDONJ010482	XP_038708709.1, XP_038722158.1
OG0005963	GWHPDONJ010486	XP_038726082.1, XP_038726083.1
OG0005964	GWHPDONJ010492	XP_038686965.1, XP_038725344.1
OG0005965	GWHPDONJ010495	XP_038725315.1, XP_038725316.1
OG0005966	GWHPDONJ010507	XP_038695189.1, XP_038724623.1
OG0005967	GWHPDONJ010508	XP_038692649.1, XP_038713510.1
OG0005968	GWHPDONJ010510	XP_038713468.1, XP_038726438.1
OG0005969	GWHPDONJ010511	XP_038686104.1, XP_038708956.1
OG0005970	GWHPDONJ010515	XP_038693840.1, XP_038694806.1
OG0005971	GWHPDONJ010518	XP_038706115.1, XP_038725718.1
OG0005972	GWHPDONJ010521	XP_038681949.1, XP_038693529.1
OG0005973	GWHPDONJ010523	XP_038706259.1, XP_038706260.1
OG0005974	GWHPDONJ010529	XP_038695148.1, XP_038702261.1
OG0005975	GWHPDONJ010533	XP_038725261.1, XP_038725262.1
OG0005976	GWHPDONJ010538	XP_038724800.1, XP_038724801.1
OG0005977	GWHPDONJ010539	XP_038685485.1, XP_038690072.1
OG0005978	GWHPDONJ010542	XP_038685301.1, XP_038690564.1
OG0005979	GWHPDONJ010547	XP_038700030.1, XP_038725630.1
OG0005980	GWHPDONJ010548	XP_038697065.1, XP_038700834.1
OG0005981	GWHPDONJ010557	XP_038683410.1, XP_038708346.1
OG0005982	GWHPDONJ010558	XP_038679641.1, XP_038726142.1
OG0005983	GWHPDONJ010565	XP_038683509.1, XP_038709509.1
OG0005984	GWHPDONJ010567	XP_038678627.1, XP_038678628.1
OG0005985	GWHPDONJ010574	XP_038700016.1, XP_038700017.1
OG0005986	GWHPDONJ010611	XP_038703573.1, XP_038703574.1
OG0005987	GWHPDONJ010626	XP_038714538.1, XP_038718102.1
OG0005988	GWHPDONJ010630	XP_038703529.1, XP_038723510.1
OG0005989	GWHPDONJ010631	XP_038708522.1, XP_038723838.1
OG0005990	GWHPDONJ010636	XP_038711374.1, XP_038711375.1
OG0005991	GWHPDONJ010637	XP_038680287.1, XP_038691261.1
OG0005992	GWHPDONJ010638	XP_038691423.1, XP_038719117.1
OG0005993	GWHPDONJ010642	XP_038681873.1, XP_038683878.1
OG0005994	GWHPDONJ010643	XP_038689256.1, XP_038710540.1
OG0005995	GWHPDONJ010652	XP_038695290.1, XP_038695291.1
OG0005996	GWHPDONJ010664	XP_038702659.1, XP_038714534.1
OG0005997	GWHPDONJ010668	XP_038713797.1, XP_038713798.1
OG0005998	GWHPDONJ010671	XP_038703650.1, XP_038703651.1
OG0005999	GWHPDONJ010675	XP_038693918.1, XP_038713021.1
OG0006000	GWHPDONJ010678	XP_038692997.1, XP_038703678.1
OG0006001	GWHPDONJ010684	XP_038683686.1, XP_038708919.1
OG0006002	GWHPDONJ010700	XP_038700299.1, XP_038700300.1
OG0006003	GWHPDONJ010705	XP_038709021.1, XP_038719289.1
OG0006004	GWHPDONJ010706	XP_038703761.1, XP_038703762.1
OG0006005	GWHPDONJ010707	XP_038682712.1, XP_038708072.1
OG0006006	GWHPDONJ010722	XP_038681276.1, XP_038681277.1
OG0006007	GWHPDONJ010723	XP_038681987.1, XP_038708832.1
OG0006008	GWHPDONJ010730	XP_038682654.1, XP_038708280.1
OG0006009	GWHPDONJ010732	XP_038706133.1, XP_038714211.1
OG0006010	GWHPDONJ010745	XP_038718400.1, XP_038718462.1
OG0006011	GWHPDONJ010747	XP_038706561.1, XP_038720858.1
OG0006012	GWHPDONJ010748	XP_038706563.1, XP_038720869.1
OG0006013	GWHPDONJ010758	XP_038699249.1, XP_038722387.1
OG0006014	GWHPDONJ010762	XP_038699517.1, XP_038723857.1
OG0006015	GWHPDONJ010763	XP_038685616.1, XP_038685617.1
OG0006016	GWHPDONJ010775	XP_038713415.1, XP_038713416.1
OG0006017	GWHPDONJ010778	XP_038683737.1, XP_038683738.1
OG0006018	GWHPDONJ010783	XP_038686021.1, XP_038686022.1
OG0006019	GWHPDONJ010789	XP_038680385.1, XP_038707571.1
OG0006020	GWHPDONJ010791	XP_038682240.1, XP_038721162.1
OG0006021	GWHPDONJ010792	XP_038726327.1, XP_038726328.1
OG0006022	GWHPDONJ010807	XP_038720050.1, XP_038720051.1
OG0006023	GWHPDONJ010808	XP_038697522.1, XP_038701984.1
OG0006024	GWHPDONJ010812	XP_038723402.1, XP_038723403.1
OG0006025	GWHPDONJ010817	XP_038679045.1, XP_038725502.1
OG0006026	GWHPDONJ010819	XP_038700443.1, XP_038726331.1
OG0006027	GWHPDONJ010823	XP_038687596.1, XP_038724528.1
OG0006028	GWHPDONJ010824	XP_038697321.1, XP_038697322.1
OG0006029	GWHPDONJ010826	XP_038720392.1, XP_038724111.1
OG0006030	GWHPDONJ010834	XP_038687197.1, XP_038724874.1
OG0006031	GWHPDONJ010838	XP_038716228.1, XP_038716229.1
OG0006032	GWHPDONJ010858	XP_038686599.1, XP_038709417.1
OG0006033	GWHPDONJ010859	XP_038703076.1, XP_038704094.1
OG0006034	GWHPDONJ010860	XP_038713063.1, XP_038713064.1
OG0006035	GWHPDONJ010864	XP_038714572.1, XP_038714573.1
OG0006036	GWHPDONJ010872	XP_038725180.1, XP_038725181.1
OG0006037	GWHPDONJ010874	XP_038695627.1, XP_038695628.1
OG0006038	GWHPDONJ010876	XP_038684062.1, XP_038684063.1
OG0006039	GWHPDONJ010894	XP_038708311.1, XP_038708312.1
OG0006040	GWHPDONJ010903	XP_038689876.1, XP_038711617.1
OG0006041	GWHPDONJ010906	XP_038704409.1, XP_038704410.1
OG0006042	GWHPDONJ010907	XP_038696351.1, XP_038721564.1
OG0006043	GWHPDONJ010922	XP_038712238.1, XP_038712239.1
OG0006044	Null	XP_038678409.1, XP_038694790.1, XP_038706002.1
OG0006045	Null	XP_038678410.1, XP_038705517.1, XP_038709862.1
OG0006046	Null	XP_038678432.1, XP_038681035.1, XP_038698197.1
OG0006047	Null	XP_038678439.1, XP_038689472.1, XP_038725162.1
OG0006048	Null	XP_038678458.1, XP_038726165.1, XP_038726356.1
OG0006049	Null	XP_038678461.1, XP_038724567.1, XP_038724568.1
OG0006050	Null	XP_038678478.1, XP_038688799.1, XP_038712629.1
OG0006051	Null	XP_038678500.1, XP_038699444.1, XP_038699445.1
OG0006052	Null	XP_038678518.1, XP_038693733.1, XP_038707510.1
OG0006053	Null	XP_038678535.1, XP_038706319.1, XP_038714987.1
OG0006054	Null	XP_038678555.1, XP_038696536.1, XP_038699032.1
OG0006055	Null	XP_038678556.1, XP_038724327.1, XP_038725738.1
OG0006056	Null	XP_038678606.1, XP_038696493.1, XP_038707069.1
OG0006057	Null	XP_038678607.1, XP_038702037.1, XP_038726425.1
OG0006058	Null	XP_038678610.1, XP_038678619.1, XP_038703881.1
OG0006059	Null	XP_038678613.1, XP_038680600.1, XP_038694925.1
OG0006060	Null	XP_038678624.1, XP_038687951.1, XP_038687952.1
OG0006061	Null	XP_038678645.1, XP_038688272.1, XP_038692572.1
OG0006062	Null	XP_038678668.1, XP_038680423.1, XP_038687416.1
OG0006063	Null	XP_038678673.1, XP_038698896.1, XP_038700858.1
OG0006064	Null	XP_038678686.1, XP_038678687.1, XP_038680533.1
OG0006065	Null	XP_038678713.1, XP_038699397.1, XP_038725507.1
OG0006066	Null	XP_038678716.1, XP_038679690.1, XP_038691835.1
OG0006067	Null	XP_038678725.1, XP_038678726.1, XP_038678727.1
OG0006068	Null	XP_038678736.1, XP_038695068.1, XP_038696637.1
OG0006069	Null	XP_038678757.1, XP_038718685.1, XP_038726387.1
OG0006070	Null	XP_038678761.1, XP_038695505.1, XP_038711766.1
OG0006071	Null	XP_038678777.1, XP_038690201.1, XP_038711643.1
OG0006072	Null	XP_038678812.1, XP_038678813.1, XP_038689690.1
OG0006073	Null	XP_038678818.1, XP_038678819.1, XP_038678820.1
OG0006074	Null	XP_038678856.1, XP_038687798.1, XP_038726365.1
OG0006075	Null	XP_038678882.1, XP_038678883.1, XP_038688205.1
OG0006076	Null	XP_038678919.1, XP_038726271.1, XP_038726272.1
OG0006077	Null	XP_038678920.1, XP_038725345.1, XP_038725346.1
OG0006078	Null	XP_038678955.1, XP_038687651.1, XP_038724655.1
OG0006079	Null	XP_038678958.1, XP_038678969.1, XP_038692648.1
OG0006080	Null	XP_038679001.1, XP_038690946.1, XP_038711688.1
OG0006081	Null	XP_038679034.1, XP_038679035.1, XP_038686927.1
OG0006082	Null	XP_038679054.1, XP_038679055.1, XP_038679056.1
OG0006083	Null	XP_038679104.1, XP_038688294.1, XP_038710748.1
OG0006084	Null	XP_038679108.1, XP_038679109.1, XP_038725263.1
OG0006085	Null	XP_038679147.1, XP_038687294.1, XP_038709105.1
OG0006086	Null	XP_038679222.1, XP_038679223.1, XP_038679813.1
OG0006087	Null	XP_038679293.1, XP_038696268.1, XP_038712575.1
OG0006088	Null	XP_038679306.1, XP_038679307.1, XP_038724944.1
OG0006089	Null	XP_038679308.1, XP_038688343.1, XP_038725081.1
OG0006090	Null	XP_038679363.1, XP_038689503.1, XP_038710848.1
OG0006091	Null	XP_038679366.1, XP_038687349.1, XP_038725108.1
OG0006092	Null	XP_038679396.1, XP_038680203.1, XP_038699582.1
OG0006093	Null	XP_038679410.1, XP_038698346.1, XP_038711515.1
OG0006094	Null	XP_038679441.1, XP_038711800.1, XP_038715065.1
OG0006095	Null	XP_038679479.1, XP_038686862.1, XP_038726423.1
OG0006096	Null	XP_038679484.1, XP_038706012.1, XP_038706013.1
OG0006097	Null	XP_038679488.1, XP_038688197.1, XP_038707351.1
OG0006098	Null	XP_038679517.1, XP_038679518.1, XP_038712135.1
OG0006099	Null	XP_038679567.1, XP_038679568.1, XP_038725614.1
OG0006100	Null	XP_038679580.1, XP_038679581.1, XP_038679583.1
OG0006101	Null	XP_038679610.1, XP_038679611.1, XP_038679612.1
OG0006102	Null	XP_038679630.1, XP_038712293.1, XP_038712294.1
OG0006103	Null	XP_038679651.1, XP_038686868.1, XP_038686869.1
OG0006104	Null	XP_038679661.1, XP_038679662.1, XP_038679663.1
OG0006105	Null	XP_038679688.1, XP_038706281.1, XP_038706282.1
OG0006106	Null	XP_038679689.1, XP_038687316.1, XP_038724381.1
OG0006107	Null	XP_038679757.1, XP_038679758.1, XP_038679759.1
OG0006108	Null	XP_038679769.1, XP_038721417.1, XP_038721418.1
OG0006109	Null	XP_038679774.1, XP_038679775.1, XP_038711539.1
OG0006110	Null	XP_038679794.1, XP_038679795.1, XP_038679796.1
OG0006111	Null	XP_038679810.1, XP_038690278.1, XP_038711102.1
OG0006112	Null	XP_038679823.1, XP_038688649.1, XP_038719198.1
OG0006113	Null	XP_038679847.1, XP_038693343.1, XP_038693344.1
OG0006114	Null	XP_038679866.1, XP_038679867.1, XP_038688022.1
OG0006115	Null	XP_038679870.1, XP_038679879.1, XP_038679883.1
OG0006116	Null	XP_038679876.1, XP_038679877.1, XP_038689986.1
OG0006117	Null	XP_038679906.1, XP_038687246.1, XP_038687247.1
OG0006118	Null	XP_038679944.1, XP_038679945.1, XP_038711732.1
OG0006119	Null	XP_038679946.1, XP_038690834.1, XP_038690835.1
OG0006120	Null	XP_038679974.1, XP_038679975.1, XP_038698639.1
OG0006121	Null	XP_038680079.1, XP_038686871.1, XP_038715646.1
OG0006122	Null	XP_038680080.1, XP_038692800.1, XP_038706691.1
OG0006123	Null	XP_038680112.1, XP_038680113.1, XP_038687325.1
OG0006124	Null	XP_038680117.1, XP_038702444.1, XP_038702445.1
OG0006125	Null	XP_038680130.1, XP_038726113.1, XP_038726114.1
OG0006126	Null	XP_038680138.1, XP_038687322.1, XP_038687323.1
OG0006127	Null	XP_038680140.1, XP_038680141.1, XP_038680142.1
OG0006128	Null	XP_038680153.1, XP_038690692.1, XP_038711968.1
OG0006129	Null	XP_038680232.1, XP_038690418.1, XP_038690419.1
OG0006130	Null	XP_038680239.1, XP_038691013.1, XP_038691014.1
OG0006131	Null	XP_038680241.1, XP_038686936.1, XP_038724306.1
OG0006132	Null	XP_038680267.1, XP_038712308.1, XP_038725487.1
OG0006133	Null	XP_038680271.1, XP_038696632.1, XP_038696633.1
OG0006134	Null	XP_038680283.1, XP_038680290.1, XP_038680296.1
OG0006135	Null	XP_038680354.1, XP_038689810.1, XP_038721228.1
OG0006136	Null	XP_038680360.1, XP_038712164.1, XP_038712165.1
OG0006137	Null	XP_038680361.1, XP_038690716.1, XP_038710801.1
OG0006138	Null	XP_038680377.1, XP_038680553.1, XP_038688087.1
OG0006139	Null	XP_038680379.1, XP_038686957.1, XP_038724857.1
OG0006140	Null	XP_038680392.1, XP_038687169.1, XP_038687170.1
OG0006141	Null	XP_038680395.1, XP_038688921.1, XP_038711719.1
OG0006142	Null	XP_038680397.1, XP_038680398.1, XP_038692010.1
OG0006143	Null	XP_038680426.1, XP_038680427.1, XP_038687297.1
OG0006144	Null	XP_038680449.1, XP_038680450.1, XP_038687171.1
OG0006145	Null	XP_038680451.1, XP_038691517.1, XP_038711721.1
OG0006146	Null	XP_038680470.1, XP_038687453.1, XP_038687570.1
OG0006147	Null	XP_038680474.1, XP_038702569.1, XP_038725985.1
OG0006148	Null	XP_038680490.1, XP_038704138.1, XP_038722443.1
OG0006149	Null	XP_038680494.1, XP_038688237.1, XP_038688238.1
OG0006150	Null	XP_038680501.1, XP_038724548.1, XP_038724549.1
OG0006151	Null	XP_038680503.1, XP_038688337.1, XP_038724533.1
OG0006152	Null	XP_038680519.1, XP_038680520.1, XP_038710843.1
OG0006153	Null	XP_038680528.1, XP_038714511.1, XP_038725661.1
OG0006154	Null	XP_038680569.1, XP_038690461.1, XP_038711736.1
OG0006155	Null	XP_038680573.1, XP_038680574.1, XP_038725548.1
OG0006156	Null	XP_038680596.1, XP_038680597.1, XP_038680598.1
OG0006157	Null	XP_038680604.1, XP_038722608.1, XP_038722609.1
OG0006158	Null	XP_038680608.1, XP_038702458.1, XP_038721635.1
OG0006159	Null	XP_038680623.1, XP_038683142.1, XP_038683205.1
OG0006160	Null	XP_038680626.1, XP_038680627.1, XP_038680628.1
OG0006161	Null	XP_038680647.1, XP_038684578.1, XP_038684955.1
OG0006162	Null	XP_038680681.1, XP_038680682.1, XP_038684244.1
OG0006163	Null	XP_038680699.1, XP_038681013.1, XP_038682787.1
OG0006164	Null	XP_038680709.1, XP_038682858.1, XP_038708716.1
OG0006165	Null	XP_038680721.1, XP_038682820.1, XP_038708572.1
OG0006166	Null	XP_038680733.1, XP_038715302.1, XP_038717320.1
OG0006167	Null	XP_038680782.1, XP_038683231.1, XP_038683381.1
OG0006168	Null	XP_038680784.1, XP_038680785.1, XP_038683448.1
OG0006169	Null	XP_038680791.1, XP_038689311.1, XP_038689312.1
OG0006170	Null	XP_038680818.1, XP_038683740.1, XP_038686050.1
OG0006171	Null	XP_038680865.1, XP_038696725.1, XP_038697106.1
OG0006172	Null	XP_038680912.1, XP_038698011.1, XP_038726424.1
OG0006173	Null	XP_038680922.1, XP_038680923.1, XP_038680927.1
OG0006174	Null	XP_038680955.1, XP_038684078.1, XP_038709553.1
OG0006175	Null	XP_038680960.1, XP_038706975.1, XP_038706976.1
OG0006176	Null	XP_038681005.1, XP_038683053.1, XP_038716027.1
OG0006177	Null	XP_038681058.1, XP_038709458.1, XP_038709459.1
OG0006178	Null	XP_038681062.1, XP_038694462.1, XP_038707379.1
OG0006179	Null	XP_038681108.1, XP_038683970.1, XP_038709330.1
OG0006180	Null	XP_038681129.1, XP_038683574.1, XP_038683575.1
OG0006181	Null	XP_038681145.1, XP_038681146.1, XP_038681147.1
OG0006182	Null	XP_038681184.1, XP_038681185.1, XP_038681186.1
OG0006183	Null	XP_038681205.1, XP_038705359.1, XP_038715353.1
OG0006184	Null	XP_038681206.1, XP_038684304.1, XP_038723342.1
OG0006185	Null	XP_038681214.1, XP_038681215.1, XP_038681216.1
OG0006186	Null	XP_038681217.1, XP_038681219.1, XP_038681220.1
OG0006187	Null	XP_038681225.1, XP_038684542.1, XP_038697572.1
OG0006188	Null	XP_038681233.1, XP_038681234.1, XP_038683219.1
OG0006189	Null	XP_038681258.1, XP_038694478.1, XP_038707431.1
OG0006190	Null	XP_038681259.1, XP_038698970.1, XP_038698971.1
OG0006191	Null	XP_038681260.1, XP_038681261.1, XP_038683649.1
OG0006192	Null	XP_038681270.1, XP_038683564.1, XP_038706242.1
OG0006193	Null	XP_038681295.1, XP_038681296.1, XP_038709243.1
OG0006194	Null	XP_038681345.1, XP_038681347.1, XP_038681348.1
OG0006195	Null	XP_038681349.1, XP_038684864.1, XP_038689756.1
OG0006196	Null	XP_038681357.1, XP_038681358.1, XP_038681359.1
OG0006197	Null	XP_038681371.1, XP_038681372.1, XP_038685496.1
OG0006198	Null	XP_038681382.1, XP_038682973.1, XP_038709785.1
OG0006199	Null	XP_038681389.1, XP_038681390.1, XP_038681391.1
OG0006200	Null	XP_038681413.1, XP_038681414.1, XP_038708335.1
OG0006201	Null	XP_038681446.1, XP_038681463.1, XP_038681471.1
OG0006202	Null	XP_038681484.1, XP_038692128.1, XP_038694682.1
OG0006203	Null	XP_038681517.1, XP_038681518.1, XP_038684598.1
OG0006204	Null	XP_038681540.1, XP_038682540.1, XP_038682541.1
OG0006205	Null	XP_038681574.1, XP_038682533.1, XP_038709892.1
OG0006206	Null	XP_038681615.1, XP_038693823.1, XP_038707759.1
OG0006207	Null	XP_038681632.1, XP_038708154.1, XP_038708155.1
OG0006208	Null	XP_038681641.1, XP_038694215.1, XP_038697253.1
OG0006209	Null	XP_038681655.1, XP_038681656.1, XP_038681657.1
OG0006210	Null	XP_038681751.1, XP_038681752.1, XP_038683188.1
OG0006211	Null	XP_038681758.1, XP_038683287.1, XP_038708118.1
OG0006212	Null	XP_038681759.1, XP_038681760.1, XP_038681761.1
OG0006213	Null	XP_038681836.1, XP_038709002.1, XP_038709003.1
OG0006214	Null	XP_038681850.1, XP_038681851.1, XP_038681852.1
OG0006215	Null	XP_038681872.1, XP_038700100.1, XP_038725827.1
OG0006216	Null	XP_038681905.1, XP_038681906.1, XP_038681907.1
OG0006217	Null	XP_038681925.1, XP_038681926.1, XP_038708196.1
OG0006218	Null	XP_038681929.1, XP_038716231.1, XP_038716233.1
OG0006219	Null	XP_038681935.1, XP_038681936.1, XP_038708855.1
OG0006220	Null	XP_038681938.1, XP_038682664.1, XP_038682665.1
OG0006221	Null	XP_038681948.1, XP_038698662.1, XP_038698663.1
OG0006222	Null	XP_038682000.1, XP_038709036.1, XP_038726359.1
OG0006223	Null	XP_038682050.1, XP_038684058.1, XP_038700584.1
OG0006224	Null	XP_038682088.1, XP_038703176.1, XP_038716939.1
OG0006225	Null	XP_038682092.1, XP_038682093.1, XP_038682094.1
OG0006226	Null	XP_038682125.1, XP_038682126.1, XP_038682127.1
OG0006227	Null	XP_038682147.1, XP_038682148.1, XP_038682149.1
OG0006228	Null	XP_038682194.1, XP_038682195.1, XP_038682196.1
OG0006229	Null	XP_038682203.1, XP_038682204.1, XP_038682205.1
OG0006230	Null	XP_038682252.1, XP_038698431.1, XP_038704983.1
OG0006231	Null	XP_038682265.1, XP_038682266.1, XP_038683642.1
OG0006232	Null	XP_038682273.1, XP_038682274.1, XP_038682275.1
OG0006233	Null	XP_038682281.1, XP_038684099.1, XP_038708831.1
OG0006234	Null	XP_038682315.1, XP_038682316.1, XP_038709265.1
OG0006235	Null	XP_038682330.1, XP_038695675.1, XP_038698898.1
OG0006236	Null	XP_038682364.1, XP_038698516.1, XP_038699639.1
OG0006237	Null	XP_038682404.1, XP_038708127.1, XP_038708128.1
OG0006238	Null	XP_038682417.1, XP_038682418.1, XP_038682419.1
OG0006239	Null	XP_038682455.1, XP_038683837.1, XP_038683838.1
OG0006240	Null	XP_038682478.1, XP_038708142.1, XP_038708143.1
OG0006241	Null	XP_038682502.1, XP_038698684.1, XP_038698685.1
OG0006242	Null	XP_038682567.1, XP_038689126.1, XP_038707197.1
OG0006243	Null	XP_038682608.1, XP_038683883.1, XP_038696748.1
OG0006244	Null	XP_038682629.1, XP_038682630.1, XP_038709832.1
OG0006245	Null	XP_038682658.1, XP_038684379.1, XP_038709825.1
OG0006246	Null	XP_038682684.1, XP_038683765.1, XP_038683766.1
OG0006247	Null	XP_038682709.1, XP_038682710.1, XP_038708227.1
OG0006248	Null	XP_038682725.1, XP_038682726.1, XP_038683206.1
OG0006249	Null	XP_038682739.1, XP_038684857.1, XP_038709652.1
OG0006250	Null	XP_038682754.1, XP_038693152.1, XP_038706332.1
OG0006251	Null	XP_038682756.1, XP_038685591.1, XP_038692021.1
OG0006252	Null	XP_038682799.1, XP_038682800.1, XP_038682801.1
OG0006253	Null	XP_038682802.1, XP_038708909.1, XP_038708910.1
OG0006254	Null	XP_038682814.1, XP_038682986.1, XP_038709850.1
OG0006255	Null	XP_038682817.1, XP_038683367.1, XP_038708178.1
OG0006256	Null	XP_038682862.1, XP_038683655.1, XP_038685477.1
OG0006257	Null	XP_038682972.1, XP_038709868.1, XP_038709869.1
OG0006258	Null	XP_038683012.1, XP_038683013.1, XP_038684936.1
OG0006259	Null	XP_038683041.1, XP_038692208.1, XP_038726432.1
OG0006260	Null	XP_038683047.1, XP_038693746.1, XP_038698582.1
OG0006261	Null	XP_038683067.1, XP_038709877.1, XP_038709878.1
OG0006262	Null	XP_038683086.1, XP_038686834.1, XP_038709032.1
OG0006263	Null	XP_038683121.1, XP_038683122.1, XP_038683123.1
OG0006264	Null	XP_038683162.1, XP_038683163.1, XP_038713649.1
OG0006265	Null	XP_038683196.1, XP_038683197.1, XP_038683198.1
OG0006266	Null	XP_038683283.1, XP_038683284.1, XP_038683285.1
OG0006267	Null	XP_038683301.1, XP_038709023.1, XP_038709024.1
OG0006268	Null	XP_038683412.1, XP_038683413.1, XP_038709758.1
OG0006269	Null	XP_038683431.1, XP_038708068.1, XP_038708069.1
OG0006270	Null	XP_038683464.1, XP_038683582.1, XP_038683583.1
OG0006271	Null	XP_038683551.1, XP_038683552.1, XP_038683553.1
OG0006272	Null	XP_038683577.1, XP_038696812.1, XP_038708714.1
OG0006273	Null	XP_038683631.1, XP_038686490.1, XP_038686491.1
OG0006274	Null	XP_038683633.1, XP_038683634.1, XP_038709848.1
OG0006275	Null	XP_038683638.1, XP_038708895.1, XP_038724966.1
OG0006276	Null	XP_038683684.1, XP_038683685.1, XP_038708573.1
OG0006277	Null	XP_038683718.1, XP_038683719.1, XP_038683720.1
OG0006278	Null	XP_038683729.1, XP_038695526.1, XP_038708978.1
OG0006279	Null	XP_038683746.1, XP_038683747.1, XP_038683748.1
OG0006280	Null	XP_038683920.1, XP_038683921.1, XP_038686475.1
OG0006281	Null	XP_038683958.1, XP_038686060.1, XP_038709816.1
OG0006282	Null	XP_038683980.1, XP_038683981.1, XP_038683982.1
OG0006283	Null	XP_038684048.1, XP_038688894.1, XP_038690659.1
OG0006284	Null	XP_038684109.1, XP_038686240.1, XP_038709166.1
OG0006285	Null	XP_038684224.1, XP_038686077.1, XP_038686078.1
OG0006286	Null	XP_038684282.1, XP_038684299.1, XP_038720520.1
OG0006287	Null	XP_038684316.1, XP_038684317.1, XP_038684318.1
OG0006288	Null	XP_038684365.1, XP_038684374.1, XP_038699724.1
OG0006289	Null	XP_038684368.1, XP_038684369.1, XP_038684370.1
OG0006290	Null	XP_038684400.1, XP_038703388.1, XP_038708718.1
OG0006291	Null	XP_038684427.1, XP_038709101.1, XP_038709102.1
OG0006292	Null	XP_038684455.1, XP_038686160.1, XP_038686161.1
OG0006293	Null	XP_038684483.1, XP_038690438.1, XP_038690445.1
OG0006294	Null	XP_038684499.1, XP_038705857.1, XP_038709441.1
OG0006295	Null	XP_038684512.1, XP_038701037.1, XP_038709921.1
OG0006296	Null	XP_038684547.1, XP_038684548.1, XP_038684550.1
OG0006297	Null	XP_038684577.1, XP_038703724.1, XP_038708980.1
OG0006298	Null	XP_038684700.1, XP_038693685.1, XP_038693690.1
OG0006299	Null	XP_038684706.1, XP_038684707.1, XP_038684708.1
OG0006300	Null	XP_038684728.1, XP_038684729.1, XP_038708965.1
OG0006301	Null	XP_038684731.1, XP_038686485.1, XP_038686486.1
OG0006302	Null	XP_038684782.1, XP_038685539.1, XP_038709354.1
OG0006303	Null	XP_038684850.1, XP_038689664.1, XP_038721530.1
OG0006304	Null	XP_038684863.1, XP_038686397.1, XP_038716636.1
OG0006305	Null	XP_038684900.1, XP_038686111.1, XP_038708193.1
OG0006306	Null	XP_038684974.1, XP_038708148.1, XP_038708149.1
OG0006307	Null	XP_038684986.1, XP_038684987.1, XP_038684988.1
OG0006308	Null	XP_038684993.1, XP_038696140.1, XP_038698232.1
OG0006309	Null	XP_038685002.1, XP_038685003.1, XP_038685004.1
OG0006310	Null	XP_038685070.1, XP_038691316.1, XP_038696639.1
OG0006311	Null	XP_038685073.1, XP_038685074.1, XP_038689552.1
OG0006312	Null	XP_038685076.1, XP_038709557.1, XP_038709558.1
OG0006313	Null	XP_038685115.1, XP_038699971.1, XP_038722621.1
OG0006314	Null	XP_038685130.1, XP_038688970.1, XP_038713174.1
OG0006315	Null	XP_038685177.1, XP_038689153.1, XP_038689619.1
OG0006316	Null	XP_038685199.1, XP_038709783.1, XP_038709784.1
OG0006317	Null	XP_038685213.1, XP_038689258.1, XP_038689259.1
OG0006318	Null	XP_038685216.1, XP_038685217.1, XP_038685218.1
OG0006319	Null	XP_038685221.1, XP_038689082.1, XP_038689720.1
OG0006320	Null	XP_038685259.1, XP_038685260.1, XP_038685261.1
OG0006321	Null	XP_038685289.1, XP_038685290.1, XP_038685291.1
OG0006322	Null	XP_038685313.1, XP_038686976.1, XP_038709643.1
OG0006323	Null	XP_038685336.1, XP_038708693.1, XP_038708694.1
OG0006324	Null	XP_038685345.1, XP_038689560.1, XP_038689561.1
OG0006325	Null	XP_038685350.1, XP_038685351.1, XP_038688986.1
OG0006326	Null	XP_038685386.1, XP_038703384.1, XP_038709413.1
OG0006327	Null	XP_038685427.1, XP_038698779.1, XP_038711158.1
OG0006328	Null	XP_038685440.1, XP_038685442.1, XP_038685443.1
OG0006329	Null	XP_038685469.1, XP_038715303.1, XP_038715304.1
OG0006330	Null	XP_038685470.1, XP_038685471.1, XP_038702238.1
OG0006331	Null	XP_038685478.1, XP_038685479.1, XP_038685480.1
OG0006332	Null	XP_038685489.1, XP_038690668.1, XP_038690670.1
OG0006333	Null	XP_038685520.1, XP_038689223.1, XP_038689224.1
OG0006334	Null	XP_038685543.1, XP_038685544.1, XP_038685546.1
OG0006335	Null	XP_038685550.1, XP_038691162.1, XP_038691163.1
OG0006336	Null	XP_038685622.1, XP_038693479.1, XP_038714422.1
OG0006337	Null	XP_038685726.1, XP_038702486.1, XP_038718982.1
OG0006338	Null	XP_038685746.1, XP_038685760.1, XP_038715044.1
OG0006339	Null	XP_038685759.1, XP_038685762.1, XP_038702409.1
OG0006340	Null	XP_038685772.1, XP_038691515.1, XP_038712055.1
OG0006341	Null	XP_038685781.1, XP_038691301.1, XP_038691703.1
OG0006342	Null	XP_038685807.1, XP_038698038.1, XP_038708059.1
OG0006343	Null	XP_038685838.1, XP_038691281.1, XP_038724418.1
OG0006344	Null	XP_038685842.1, XP_038720455.1, XP_038720456.1
OG0006345	Null	XP_038685857.1, XP_038708061.1, XP_038708624.1
OG0006346	Null	XP_038685876.1, XP_038716097.1, XP_038717210.1
OG0006347	Null	XP_038685877.1, XP_038690263.1, XP_038690574.1
OG0006348	Null	XP_038685943.1, XP_038685944.1, XP_038709161.1
OG0006349	Null	XP_038685988.1, XP_038685989.1, XP_038689831.1
OG0006350	Null	XP_038685992.1, XP_038685993.1, XP_038689397.1
OG0006351	Null	XP_038686005.1, XP_038708904.1, XP_038709400.1
OG0006352	Null	XP_038686045.1, XP_038701903.1, XP_038719796.1
OG0006353	Null	XP_038686096.1, XP_038720470.1, XP_038720471.1
OG0006354	Null	XP_038686113.1, XP_038688151.1, XP_038709033.1
OG0006355	Null	XP_038686153.1, XP_038690462.1, XP_038690463.1
OG0006356	Null	XP_038686167.1, XP_038686168.1, XP_038689848.1
OG0006357	Null	XP_038686228.1, XP_038690500.1, XP_038690501.1
OG0006358	Null	XP_038686232.1, XP_038691650.1, XP_038713332.1
OG0006359	Null	XP_038686245.1, XP_038686253.1, XP_038686262.1
OG0006360	Null	XP_038686257.1, XP_038686258.1, XP_038686259.1
OG0006361	Null	XP_038686272.1, XP_038686273.1, XP_038711192.1
OG0006362	Null	XP_038686332.1, XP_038686333.1, XP_038686334.1
OG0006363	Null	XP_038686375.1, XP_038686376.1, XP_038686377.1
OG0006364	Null	XP_038686410.1, XP_038693809.1, XP_038712522.1
OG0006365	Null	XP_038686417.1, XP_038702146.1, XP_038702147.1
OG0006366	Null	XP_038686426.1, XP_038702170.1, XP_038707640.1
OG0006367	Null	XP_038686492.1, XP_038708188.1, XP_038708189.1
OG0006368	Null	XP_038686530.1, XP_038709438.1, XP_038709440.1
OG0006369	Null	XP_038686531.1, XP_038686532.1, XP_038686533.1
OG0006370	Null	XP_038686601.1, XP_038686608.1, XP_038701700.1
OG0006371	Null	XP_038686609.1, XP_038709779.1, XP_038709780.1
OG0006372	Null	XP_038686622.1, XP_038689354.1, XP_038689355.1
OG0006373	Null	XP_038686724.1, XP_038688941.1, XP_038711242.1
OG0006374	Null	XP_038686729.1, XP_038686730.1, XP_038689737.1
OG0006375	Null	XP_038686781.1, XP_038708630.1, XP_038708631.1
OG0006376	Null	XP_038686800.1, XP_038701551.1, XP_038701553.1
OG0006377	Null	XP_038686805.1, XP_038709560.1, XP_038709561.1
OG0006378	Null	XP_038686816.1, XP_038686817.1, XP_038686818.1
OG0006379	Null	XP_038686820.1, XP_038686821.1, XP_038698094.1
OG0006380	Null	XP_038686829.1, XP_038703346.1, XP_038709662.1
OG0006381	Null	XP_038686916.1, XP_038694861.1, XP_038702438.1
OG0006382	Null	XP_038686922.1, XP_038726070.1, XP_038726071.1
OG0006383	Null	XP_038686975.1, XP_038686984.1, XP_038716820.1
OG0006384	Null	XP_038687002.1, XP_038687003.1, XP_038687004.1
OG0006385	Null	XP_038687023.1, XP_038687024.1, XP_038687025.1
OG0006386	Null	XP_038687029.1, XP_038687031.1, XP_038695575.1
OG0006387	Null	XP_038687104.1, XP_038687105.1, XP_038687106.1
OG0006388	Null	XP_038687116.1, XP_038687117.1, XP_038687118.1
OG0006389	Null	XP_038687156.1, XP_038698798.1, XP_038710028.1
OG0006390	Null	XP_038687163.1, XP_038687164.1, XP_038687165.1
OG0006391	Null	XP_038687188.1, XP_038687189.1, XP_038724376.1
OG0006392	Null	XP_038687192.1, XP_038687193.1, XP_038687194.1
OG0006393	Null	XP_038687218.1, XP_038700864.1, XP_038725412.1
OG0006394	Null	XP_038687252.1, XP_038701659.1, XP_038721164.1
OG0006395	Null	XP_038687382.1, XP_038687383.1, XP_038704895.1
OG0006396	Null	XP_038687399.1, XP_038687400.1, XP_038687401.1
OG0006397	Null	XP_038687433.1, XP_038724557.1, XP_038725587.1
OG0006398	Null	XP_038687525.1, XP_038701618.1, XP_038721172.1
OG0006399	Null	XP_038687528.1, XP_038688239.1, XP_038691047.1
OG0006400	Null	XP_038687581.1, XP_038687582.1, XP_038688097.1
OG0006401	Null	XP_038687597.1, XP_038721004.1, XP_038722219.1
OG0006402	Null	XP_038687617.1, XP_038687618.1, XP_038687619.1
OG0006403	Null	XP_038687626.1, XP_038725771.1, XP_038725772.1
OG0006404	Null	XP_038687630.1, XP_038687631.1, XP_038687632.1
OG0006405	Null	XP_038687675.1, XP_038725674.1, XP_038725675.1
OG0006406	Null	XP_038687716.1, XP_038687717.1, XP_038724814.1
OG0006407	Null	XP_038687737.1, XP_038687738.1, XP_038687739.1
OG0006408	Null	XP_038687759.1, XP_038687760.1, XP_038687761.1
OG0006409	Null	XP_038687793.1, XP_038687794.1, XP_038687795.1
OG0006410	Null	XP_038687796.1, XP_038687805.1, XP_038687816.1
OG0006411	Null	XP_038687862.1, XP_038687863.1, XP_038687864.1
OG0006412	Null	XP_038687866.1, XP_038687867.1, XP_038687870.1
OG0006413	Null	XP_038687868.1, XP_038721471.1, XP_038722474.1
OG0006414	Null	XP_038687903.1, XP_038687904.1, XP_038701836.1
OG0006415	Null	XP_038687905.1, XP_038687906.1, XP_038687907.1
OG0006416	Null	XP_038687927.1, XP_038687928.1, XP_038687929.1
OG0006417	Null	XP_038687934.1, XP_038687935.1, XP_038687936.1
OG0006418	Null	XP_038687977.1, XP_038718027.1, XP_038721737.1
OG0006419	Null	XP_038688024.1, XP_038688025.1, XP_038688027.1
OG0006420	Null	XP_038688119.1, XP_038688120.1, XP_038725301.1
OG0006421	Null	XP_038688153.1, XP_038688154.1, XP_038707884.1
OG0006422	Null	XP_038688168.1, XP_038688175.1, XP_038688182.1
OG0006423	Null	XP_038688185.1, XP_038691975.1, XP_038726402.1
OG0006424	Null	XP_038688256.1, XP_038724806.1, XP_038724807.1
OG0006425	Null	XP_038688261.1, XP_038725299.1, XP_038725300.1
OG0006426	Null	XP_038688289.1, XP_038690920.1, XP_038725822.1
OG0006427	Null	XP_038688360.1, XP_038688361.1, XP_038725532.1
OG0006428	Null	XP_038688363.1, XP_038697456.1, XP_038697457.1
OG0006429	Null	XP_038688396.1, XP_038707006.1, XP_038707449.1
OG0006430	Null	XP_038688409.1, XP_038703475.1, XP_038707997.1
OG0006431	Null	XP_038688434.1, XP_038704547.1, XP_038704548.1
OG0006432	Null	XP_038688505.1, XP_038695094.1, XP_038725055.1
OG0006433	Null	XP_038688556.1, XP_038688800.1, XP_038689864.1
OG0006434	Null	XP_038688574.1, XP_038714382.1, XP_038715990.1
OG0006435	Null	XP_038688593.1, XP_038688600.1, XP_038702186.1
OG0006436	Null	XP_038688626.1, XP_038699583.1, XP_038703913.1
OG0006437	Null	XP_038688646.1, XP_038721937.1, XP_038721940.1
OG0006438	Null	XP_038688650.1, XP_038688802.1, XP_038691254.1
OG0006439	Null	XP_038688668.1, XP_038689672.1, XP_038690036.1
OG0006440	Null	XP_038688683.1, XP_038716732.1, XP_038716903.1
OG0006441	Null	XP_038688688.1, XP_038688694.1, XP_038688700.1
OG0006442	Null	XP_038688697.1, XP_038688698.1, XP_038688699.1
OG0006443	Null	XP_038688723.1, XP_038688724.1, XP_038725012.1
OG0006444	Null	XP_038688731.1, XP_038691960.1, XP_038698040.1
OG0006445	Null	XP_038688879.1, XP_038688882.1, XP_038688885.1
OG0006446	Null	XP_038688889.1, XP_038688890.1, XP_038691289.1
OG0006447	Null	XP_038688903.1, XP_038688904.1, XP_038711151.1
OG0006448	Null	XP_038689000.1, XP_038689001.1, XP_038714045.1
OG0006449	Null	XP_038689017.1, XP_038689957.1, XP_038689958.1
OG0006450	Null	XP_038689063.1, XP_038689064.1, XP_038689065.1
OG0006451	Null	XP_038689085.1, XP_038691545.1, XP_038712466.1
OG0006452	Null	XP_038689136.1, XP_038689137.1, XP_038693743.1
OG0006453	Null	XP_038689150.1, XP_038702393.1, XP_038702394.1
OG0006454	Null	XP_038689172.1, XP_038697672.1, XP_038711507.1
OG0006455	Null	XP_038689184.1, XP_038691768.1, XP_038691806.1
OG0006456	Null	XP_038689202.1, XP_038689203.1, XP_038691424.1
OG0006457	Null	XP_038689225.1, XP_038689226.1, XP_038690070.1
OG0006458	Null	XP_038689275.1, XP_038689683.1, XP_038689835.1
OG0006459	Null	XP_038689295.1, XP_038690196.1, XP_038713009.1
OG0006460	Null	XP_038689310.1, XP_038690439.1, XP_038712450.1
OG0006461	Null	XP_038689316.1, XP_038691338.1, XP_038711981.1
OG0006462	Null	XP_038689328.1, XP_038689329.1, XP_038689330.1
OG0006463	Null	XP_038689333.1, XP_038702370.1, XP_038721823.1
OG0006464	Null	XP_038689352.1, XP_038690154.1, XP_038723903.1
OG0006465	Null	XP_038689367.1, XP_038689673.1, XP_038689674.1
OG0006466	Null	XP_038689371.1, XP_038689801.1, XP_038704261.1
OG0006467	Null	XP_038689377.1, XP_038689379.1, XP_038689380.1
OG0006468	Null	XP_038689383.1, XP_038689384.1, XP_038689385.1
OG0006469	Null	XP_038689416.1, XP_038689417.1, XP_038689418.1
OG0006470	Null	XP_038689423.1, XP_038689424.1, XP_038725197.1
OG0006471	Null	XP_038689439.1, XP_038710934.1, XP_038720729.1
OG0006472	Null	XP_038689529.1, XP_038689531.1, XP_038689532.1
OG0006473	Null	XP_038689546.1, XP_038689547.1, XP_038689548.1
OG0006474	Null	XP_038689574.1, XP_038691262.1, XP_038712779.1
OG0006475	Null	XP_038689604.1, XP_038689605.1, XP_038689606.1
OG0006476	Null	XP_038689695.1, XP_038689800.1, XP_038710389.1
OG0006477	Null	XP_038689726.1, XP_038689727.1, XP_038710512.1
OG0006478	Null	XP_038689743.1, XP_038689751.1, XP_038689759.1
OG0006479	Null	XP_038689757.1, XP_038710493.1, XP_038710494.1
OG0006480	Null	XP_038689762.1, XP_038689763.1, XP_038689764.1
OG0006481	Null	XP_038689771.1, XP_038689781.1, XP_038719227.1
OG0006482	Null	XP_038689789.1, XP_038691513.1, XP_038710178.1
OG0006483	Null	XP_038689797.1, XP_038689799.1, XP_038689922.1
OG0006484	Null	XP_038689807.1, XP_038689808.1, XP_038689809.1
OG0006485	Null	XP_038689816.1, XP_038689823.1, XP_038689829.1
OG0006486	Null	XP_038689867.1, XP_038701395.1, XP_038720893.1
OG0006487	Null	XP_038689901.1, XP_038689902.1, XP_038691917.1
OG0006488	Null	XP_038689910.1, XP_038689911.1, XP_038690696.1
OG0006489	Null	XP_038689943.1, XP_038689944.1, XP_038689945.1
OG0006490	Null	XP_038689949.1, XP_038689950.1, XP_038710371.1
OG0006491	Null	XP_038690056.1, XP_038690057.1, XP_038690059.1
OG0006492	Null	XP_038690109.1, XP_038690110.1, XP_038690112.1
OG0006493	Null	XP_038690113.1, XP_038690114.1, XP_038691171.1
OG0006494	Null	XP_038690142.1, XP_038691708.1, XP_038710388.1
OG0006495	Null	XP_038690186.1, XP_038690187.1, XP_038711187.1
OG0006496	Null	XP_038690275.1, XP_038690276.1, XP_038690277.1
OG0006497	Null	XP_038690283.1, XP_038690284.1, XP_038690291.1
OG0006498	Null	XP_038690301.1, XP_038697211.1, XP_038719201.1
OG0006499	Null	XP_038690307.1, XP_038690308.1, XP_038710372.1
OG0006500	Null	XP_038690328.1, XP_038694494.1, XP_038714542.1
OG0006501	Null	XP_038690379.1, XP_038691018.1, XP_038691019.1
OG0006502	Null	XP_038690442.1, XP_038690443.1, XP_038690444.1
OG0006503	Null	XP_038690456.1, XP_038702359.1, XP_038719464.1
OG0006504	Null	XP_038690474.1, XP_038719033.1, XP_038720708.1
OG0006505	Null	XP_038690636.1, XP_038690637.1, XP_038690638.1
OG0006506	Null	XP_038690688.1, XP_038690689.1, XP_038690690.1
OG0006507	Null	XP_038690704.1, XP_038705185.1, XP_038712132.1
OG0006508	Null	XP_038690709.1, XP_038697822.1, XP_038719160.1
OG0006509	Null	XP_038690714.1, XP_038710411.1, XP_038711450.1
OG0006510	Null	XP_038690718.1, XP_038701546.1, XP_038721852.1
OG0006511	Null	XP_038690833.1, XP_038712432.1, XP_038712433.1
OG0006512	Null	XP_038690849.1, XP_038691181.1, XP_038710061.1
OG0006513	Null	XP_038690993.1, XP_038690994.1, XP_038690995.1
OG0006514	Null	XP_038691049.1, XP_038719281.1, XP_038719282.1
OG0006515	Null	XP_038691164.1, XP_038691214.1, XP_038691678.1
OG0006516	Null	XP_038691182.1, XP_038691183.1, XP_038698680.1
OG0006517	Null	XP_038691220.1, XP_038702790.1, XP_038704771.1
OG0006518	Null	XP_038691243.1, XP_038705101.1, XP_038713294.1
OG0006519	Null	XP_038691317.1, XP_038691318.1, XP_038711430.1
OG0006520	Null	XP_038691345.1, XP_038691354.1, XP_038691624.1
OG0006521	Null	XP_038691407.1, XP_038720806.1, XP_038720807.1
OG0006522	Null	XP_038691488.1, XP_038691542.1, XP_038691583.1
OG0006523	Null	XP_038691578.1, XP_038691651.1, XP_038722702.1
OG0006524	Null	XP_038691581.1, XP_038691582.1, XP_038711305.1
OG0006525	Null	XP_038691591.1, XP_038691598.1, XP_038702093.1
OG0006526	Null	XP_038691671.1, XP_038691672.1, XP_038712022.1
OG0006527	Null	XP_038691747.1, XP_038691748.1, XP_038693584.1
OG0006528	Null	XP_038691774.1, XP_038691783.1, XP_038719426.1
OG0006529	Null	XP_038691788.1, XP_038703666.1, XP_038703667.1
OG0006530	Null	XP_038691820.1, XP_038701480.1, XP_038701495.1
OG0006531	Null	XP_038691937.1, XP_038714168.1, XP_038724409.1
OG0006532	Null	XP_038691943.1, XP_038691977.1, XP_038722006.1
OG0006533	Null	XP_038691982.1, XP_038694396.1, XP_038703425.1
OG0006534	Null	XP_038691994.1, XP_038691995.1, XP_038711409.1
OG0006535	Null	XP_038692101.1, XP_038692102.1, XP_038694266.1
OG0006536	Null	XP_038692124.1, XP_038703984.1, XP_038703985.1
OG0006537	Null	XP_038692143.1, XP_038713549.1, XP_038713550.1
OG0006538	Null	XP_038692147.1, XP_038692148.1, XP_038692149.1
OG0006539	Null	XP_038692157.1, XP_038705356.1, XP_038705357.1
OG0006540	Null	XP_038692167.1, XP_038704876.1, XP_038713109.1
OG0006541	Null	XP_038692170.1, XP_038706506.1, XP_038706510.1
OG0006542	Null	XP_038692184.1, XP_038705472.1, XP_038719431.1
OG0006543	Null	XP_038692185.1, XP_038692187.1, XP_038702631.1
OG0006544	Null	XP_038692194.1, XP_038692195.1, XP_038692196.1
OG0006545	Null	XP_038692202.1, XP_038692203.1, XP_038692204.1
OG0006546	Null	XP_038692212.1, XP_038714009.1, XP_038718315.1
OG0006547	Null	XP_038692215.1, XP_038692216.1, XP_038706109.1
OG0006548	Null	XP_038692228.1, XP_038692229.1, XP_038713534.1
OG0006549	Null	XP_038692245.1, XP_038707322.1, XP_038712241.1
OG0006550	Null	XP_038692247.1, XP_038692248.1, XP_038692249.1
OG0006551	Null	XP_038692253.1, XP_038714257.1, XP_038714264.1
OG0006552	Null	XP_038692271.1, XP_038692272.1, XP_038692273.1
OG0006553	Null	XP_038692285.1, XP_038701698.1, XP_038706657.1
OG0006554	Null	XP_038692321.1, XP_038692323.1, XP_038692324.1
OG0006555	Null	XP_038692330.1, XP_038692331.1, XP_038692332.1
OG0006556	Null	XP_038692341.1, XP_038692342.1, XP_038702633.1
OG0006557	Null	XP_038692352.1, XP_038692353.1, XP_038706375.1
OG0006558	Null	XP_038692356.1, XP_038692357.1, XP_038692358.1
OG0006559	Null	XP_038692447.1, XP_038713696.1, XP_038718276.1
OG0006560	Null	XP_038692448.1, XP_038692449.1, XP_038714454.1
OG0006561	Null	XP_038692469.1, XP_038692470.1, XP_038692472.1
OG0006562	Null	XP_038692473.1, XP_038721599.1, XP_038725038.1
OG0006563	Null	XP_038692490.1, XP_038707704.1, XP_038722352.1
OG0006564	Null	XP_038692537.1, XP_038720999.1, XP_038721000.1
OG0006565	Null	XP_038692546.1, XP_038692547.1, XP_038692548.1
OG0006566	Null	XP_038692578.1, XP_038713203.1, XP_038718201.1
OG0006567	Null	XP_038692594.1, XP_038692601.1, XP_038692609.1
OG0006568	Null	XP_038692658.1, XP_038704292.1, XP_038704293.1
OG0006569	Null	XP_038692659.1, XP_038705765.1, XP_038707176.1
OG0006570	Null	XP_038692670.1, XP_038705125.1, XP_038714251.1
OG0006571	Null	XP_038692673.1, XP_038704612.1, XP_038705220.1
OG0006572	Null	XP_038692678.1, XP_038692679.1, XP_038692680.1
OG0006573	Null	XP_038692683.1, XP_038701856.1, XP_038715462.1
OG0006574	Null	XP_038692755.1, XP_038698400.1, XP_038701448.1
OG0006575	Null	XP_038692764.1, XP_038692765.1, XP_038692766.1
OG0006576	Null	XP_038692804.1, XP_038713684.1, XP_038716973.1
OG0006577	Null	XP_038692830.1, XP_038705988.1, XP_038705989.1
OG0006578	Null	XP_038692882.1, XP_038703501.1, XP_038713101.1
OG0006579	Null	XP_038692886.1, XP_038714341.1, XP_038718474.1
OG0006580	Null	XP_038692909.1, XP_038706081.1, XP_038706082.1
OG0006581	Null	XP_038692911.1, XP_038700882.1, XP_038721255.1
OG0006582	Null	XP_038692926.1, XP_038704419.1, XP_038704420.1
OG0006583	Null	XP_038692931.1, XP_038705028.1, XP_038713375.1
OG0006584	Null	XP_038692957.1, XP_038704186.1, XP_038714462.1
OG0006585	Null	XP_038692975.1, XP_038703879.1, XP_038716110.1
OG0006586	Null	XP_038692978.1, XP_038713273.1, XP_038713274.1
OG0006587	Null	XP_038692998.1, XP_038692999.1, XP_038703680.1
OG0006588	Null	XP_038693044.1, XP_038693045.1, XP_038693047.1
OG0006589	Null	XP_038693055.1, XP_038693056.1, XP_038703779.1
OG0006590	Null	XP_038693065.1, XP_038713938.1, XP_038713939.1
OG0006591	Null	XP_038693097.1, XP_038706191.1, XP_038710859.1
OG0006592	Null	XP_038693100.1, XP_038706317.1, XP_038706318.1
OG0006593	Null	XP_038693192.1, XP_038713184.1, XP_038717059.1
OG0006594	Null	XP_038693197.1, XP_038719399.1, XP_038722772.1
OG0006595	Null	XP_038693201.1, XP_038693202.1, XP_038693203.1
OG0006596	Null	XP_038693232.1, XP_038693242.1, XP_038716737.1
OG0006597	Null	XP_038693246.1, XP_038707153.1, XP_038707969.1
OG0006598	Null	XP_038693257.1, XP_038703892.1, XP_038713744.1
OG0006599	Null	XP_038693259.1, XP_038719392.1, XP_038719393.1
OG0006600	Null	XP_038693342.1, XP_038706407.1, XP_038719908.1
OG0006601	Null	XP_038693444.1, XP_038703419.1, XP_038703427.1
OG0006602	Null	XP_038693463.1, XP_038705400.1, XP_038711793.1
OG0006603	Null	XP_038693482.1, XP_038704574.1, XP_038713237.1
OG0006604	Null	XP_038693506.1, XP_038694864.1, XP_038694865.1
OG0006605	Null	XP_038693543.1, XP_038704653.1, XP_038713167.1
OG0006606	Null	XP_038693562.1, XP_038716223.1, XP_038722165.1
OG0006607	Null	XP_038693602.1, XP_038707056.1, XP_038725773.1
OG0006608	Null	XP_038693633.1, XP_038693635.1, XP_038693636.1
OG0006609	Null	XP_038693642.1, XP_038706880.1, XP_038719968.1
OG0006610	Null	XP_038693673.1, XP_038693675.1, XP_038693678.1
OG0006611	Null	XP_038693722.1, XP_038693723.1, XP_038693724.1
OG0006612	Null	XP_038693726.1, XP_038705934.1, XP_038710466.1
OG0006613	Null	XP_038693727.1, XP_038693732.1, XP_038693739.1
OG0006614	Null	XP_038693730.1, XP_038707982.1, XP_038716010.1
OG0006615	Null	XP_038693807.1, XP_038707896.1, XP_038712082.1
OG0006616	Null	XP_038693813.1, XP_038715607.1, XP_038715615.1
OG0006617	Null	XP_038693827.1, XP_038706035.1, XP_038713421.1
OG0006618	Null	XP_038693830.1, XP_038697181.1, XP_038705808.1
OG0006619	Null	XP_038693847.1, XP_038723455.1, XP_038723464.1
OG0006620	Null	XP_038693857.1, XP_038693858.1, XP_038704683.1
OG0006621	Null	XP_038693861.1, XP_038715657.1, XP_038715658.1
OG0006622	Null	XP_038693872.1, XP_038693873.1, XP_038693874.1
OG0006623	Null	XP_038693984.1, XP_038693985.1, XP_038713548.1
OG0006624	Null	XP_038693992.1, XP_038693993.1, XP_038707034.1
OG0006625	Null	XP_038694031.1, XP_038705536.1, XP_038706662.1
OG0006626	Null	XP_038694032.1, XP_038705224.1, XP_038705226.1
OG0006627	Null	XP_038694035.1, XP_038705331.1, XP_038723796.1
OG0006628	Null	XP_038694046.1, XP_038696913.1, XP_038718050.1
OG0006629	Null	XP_038694072.1, XP_038694074.1, XP_038703918.1
OG0006630	Null	XP_038694073.1, XP_038694081.1, XP_038694090.1
OG0006631	Null	XP_038694082.1, XP_038694083.1, XP_038703192.1
OG0006632	Null	XP_038694154.1, XP_038694155.1, XP_038712870.1
OG0006633	Null	XP_038694171.1, XP_038713253.1, XP_038717948.1
OG0006634	Null	XP_038694183.1, XP_038713176.1, XP_038713177.1
OG0006635	Null	XP_038694233.1, XP_038699844.1, XP_038699845.1
OG0006636	Null	XP_038694250.1, XP_038706758.1, XP_038706759.1
OG0006637	Null	XP_038694252.1, XP_038694253.1, XP_038714073.1
OG0006638	Null	XP_038694288.1, XP_038697025.1, XP_038714025.1
OG0006639	Null	XP_038694337.1, XP_038695066.1, XP_038724219.1
OG0006640	Null	XP_038694387.1, XP_038711597.1, XP_038711598.1
OG0006641	Null	XP_038694417.1, XP_038694418.1, XP_038724558.1
OG0006642	Null	XP_038694420.1, XP_038698884.1, XP_038705937.1
OG0006643	Null	XP_038694422.1, XP_038694423.1, XP_038694424.1
OG0006644	Null	XP_038694432.1, XP_038694433.1, XP_038694434.1
OG0006645	Null	XP_038694436.1, XP_038694437.1, XP_038694438.1
OG0006646	Null	XP_038694464.1, XP_038694465.1, XP_038706153.1
OG0006647	Null	XP_038694584.1, XP_038714510.1, XP_038718622.1
OG0006648	Null	XP_038694588.1, XP_038694597.1, XP_038698055.1
OG0006649	Null	XP_038694602.1, XP_038708357.1, XP_038713211.1
OG0006650	Null	XP_038694606.1, XP_038712925.1, XP_038712926.1
OG0006651	Null	XP_038694643.1, XP_038694645.1, XP_038694646.1
OG0006652	Null	XP_038694648.1, XP_038703305.1, XP_038712948.1
OG0006653	Null	XP_038694649.1, XP_038708989.1, XP_038714132.1
OG0006654	Null	XP_038694710.1, XP_038694711.1, XP_038694712.1
OG0006655	Null	XP_038694727.1, XP_038694736.1, XP_038694745.1
OG0006656	Null	XP_038694763.1, XP_038717746.1, XP_038718450.1
OG0006657	Null	XP_038694794.1, XP_038706180.1, XP_038710501.1
OG0006658	Null	XP_038694807.1, XP_038697951.1, XP_038717602.1
OG0006659	Null	XP_038694868.1, XP_038707904.1, XP_038722654.1
OG0006660	Null	XP_038694876.1, XP_038702618.1, XP_038724081.1
OG0006661	Null	XP_038694890.1, XP_038694892.1, XP_038703250.1
OG0006662	Null	XP_038694956.1, XP_038694963.1, XP_038702012.1
OG0006663	Null	XP_038694982.1, XP_038695030.1, XP_038695109.1
OG0006664	Null	XP_038694999.1, XP_038700006.1, XP_038713507.1
OG0006665	Null	XP_038695057.1, XP_038700992.1, XP_038724297.1
OG0006666	Null	XP_038695064.1, XP_038724330.1, XP_038724331.1
OG0006667	Null	XP_038695065.1, XP_038696617.1, XP_038698761.1
OG0006668	Null	XP_038695091.1, XP_038695092.1, XP_038695093.1
OG0006669	Null	XP_038695110.1, XP_038695111.1, XP_038695112.1
OG0006670	Null	XP_038695160.1, XP_038695167.1, XP_038695174.1
OG0006671	Null	XP_038695163.1, XP_038701100.1, XP_038701101.1
OG0006672	Null	XP_038695169.1, XP_038726200.1, XP_038726201.1
OG0006673	Null	XP_038695171.1, XP_038700830.1, XP_038700831.1
OG0006674	Null	XP_038695185.1, XP_038695187.1, XP_038696165.1
OG0006675	Null	XP_038695225.1, XP_038699512.1, XP_038699513.1
OG0006676	Null	XP_038695281.1, XP_038724296.1, XP_038724487.1
OG0006677	Null	XP_038695287.1, XP_038695288.1, XP_038695289.1
OG0006678	Null	XP_038695366.1, XP_038701753.1, XP_038720280.1
OG0006679	Null	XP_038695426.1, XP_038699707.1, XP_038710996.1
OG0006680	Null	XP_038695534.1, XP_038705126.1, XP_038713317.1
OG0006681	Null	XP_038695588.1, XP_038695590.1, XP_038695591.1
OG0006682	Null	XP_038695597.1, XP_038695598.1, XP_038702073.1
OG0006683	Null	XP_038695709.1, XP_038695710.1, XP_038725053.1
OG0006684	Null	XP_038695734.1, XP_038701144.1, XP_038701145.1
OG0006685	Null	XP_038695738.1, XP_038695739.1, XP_038704052.1
OG0006686	Null	XP_038695751.1, XP_038698980.1, XP_038725151.1
OG0006687	Null	XP_038695778.1, XP_038695779.1, XP_038698254.1
OG0006688	Null	XP_038695787.1, XP_038695788.1, XP_038695789.1
OG0006689	Null	XP_038695791.1, XP_038698816.1, XP_038699082.1
OG0006690	Null	XP_038695794.1, XP_038695795.1, XP_038695796.1
OG0006691	Null	XP_038695823.1, XP_038695824.1, XP_038695825.1
OG0006692	Null	XP_038695848.1, XP_038699262.1, XP_038711700.1
OG0006693	Null	XP_038695852.1, XP_038696927.1, XP_038699136.1
OG0006694	Null	XP_038695885.1, XP_038699256.1, XP_038711122.1
OG0006695	Null	XP_038695934.1, XP_038695935.1, XP_038695936.1
OG0006696	Null	XP_038695958.1, XP_038700693.1, XP_038719956.1
OG0006697	Null	XP_038695969.1, XP_038695970.1, XP_038700759.1
OG0006698	Null	XP_038695998.1, XP_038701183.1, XP_038710569.1
OG0006699	Null	XP_038696002.1, XP_038698321.1, XP_038724720.1
OG0006700	Null	XP_038696053.1, XP_038696054.1, XP_038696055.1
OG0006701	Null	XP_038696109.1, XP_038699855.1, XP_038710155.1
OG0006702	Null	XP_038696111.1, XP_038712453.1, XP_038712454.1
OG0006703	Null	XP_038696116.1, XP_038696117.1, XP_038699902.1
OG0006704	Null	XP_038696130.1, XP_038696131.1, XP_038724530.1
OG0006705	Null	XP_038696154.1, XP_038696155.1, XP_038696156.1
OG0006706	Null	XP_038696170.1, XP_038696171.1, XP_038712511.1
OG0006707	Null	XP_038696220.1, XP_038699406.1, XP_038710898.1
OG0006708	Null	XP_038696231.1, XP_038700029.1, XP_038725336.1
OG0006709	Null	XP_038696238.1, XP_038696314.1, XP_038696433.1
OG0006710	Null	XP_038696290.1, XP_038696291.1, XP_038698777.1
OG0006711	Null	XP_038696332.1, XP_038696333.1, XP_038696334.1
OG0006712	Null	XP_038696355.1, XP_038696356.1, XP_038696357.1
OG0006713	Null	XP_038696366.1, XP_038696367.1, XP_038696368.1
OG0006714	Null	XP_038696375.1, XP_038700945.1, XP_038700946.1
OG0006715	Null	XP_038696385.1, XP_038696386.1, XP_038698911.1
OG0006716	Null	XP_038696409.1, XP_038696410.1, XP_038698706.1
OG0006717	Null	XP_038696423.1, XP_038696424.1, XP_038696425.1
OG0006718	Null	XP_038696430.1, XP_038696431.1, XP_038696432.1
OG0006719	Null	XP_038696460.1, XP_038696461.1, XP_038725786.1
OG0006720	Null	XP_038696492.1, XP_038700439.1, XP_038726039.1
OG0006721	Null	XP_038696552.1, XP_038696553.1, XP_038722191.1
OG0006722	Null	XP_038696554.1, XP_038696555.1, XP_038724742.1
OG0006723	Null	XP_038696640.1, XP_038696641.1, XP_038696644.1
OG0006724	Null	XP_038696695.1, XP_038696696.1, XP_038699000.1
OG0006725	Null	XP_038696698.1, XP_038696699.1, XP_038699382.1
OG0006726	Null	XP_038696757.1, XP_038712440.1, XP_038712441.1
OG0006727	Null	XP_038696823.1, XP_038696824.1, XP_038696825.1
OG0006728	Null	XP_038696869.1, XP_038700855.1, XP_038726061.1
OG0006729	Null	XP_038696914.1, XP_038702198.1, XP_038702199.1
OG0006730	Null	XP_038696921.1, XP_038697098.1, XP_038700562.1
OG0006731	Null	XP_038696949.1, XP_038698445.1, XP_038698446.1
OG0006732	Null	XP_038697046.1, XP_038698358.1, XP_038710658.1
OG0006733	Null	XP_038697050.1, XP_038701146.1, XP_038724532.1
OG0006734	Null	XP_038697078.1, XP_038697079.1, XP_038724810.1
OG0006735	Null	XP_038697113.1, XP_038697114.1, XP_038697115.1
OG0006736	Null	XP_038697123.1, XP_038719743.1, XP_038719744.1
OG0006737	Null	XP_038697139.1, XP_038702450.1, XP_038719054.1
OG0006738	Null	XP_038697165.1, XP_038697167.1, XP_038720334.1
OG0006739	Null	XP_038697183.1, XP_038702195.1, XP_038702196.1
OG0006740	Null	XP_038697195.1, XP_038697196.1, XP_038698022.1
OG0006741	Null	XP_038697207.1, XP_038698074.1, XP_038721049.1
OG0006742	Null	XP_038697240.1, XP_038702378.1, XP_038702379.1
OG0006743	Null	XP_038697254.1, XP_038697255.1, XP_038718903.1
OG0006744	Null	XP_038697272.1, XP_038719039.1, XP_038719040.1
OG0006745	Null	XP_038697303.1, XP_038697304.1, XP_038721201.1
OG0006746	Null	XP_038697311.1, XP_038702579.1, XP_038720962.1
OG0006747	Null	XP_038697362.1, XP_038697363.1, XP_038720307.1
OG0006748	Null	XP_038697386.1, XP_038702604.1, XP_038720210.1
OG0006749	Null	XP_038697413.1, XP_038697422.1, XP_038722472.1
OG0006750	Null	XP_038697427.1, XP_038697428.1, XP_038697429.1
OG0006751	Null	XP_038697431.1, XP_038707325.1, XP_038721549.1
OG0006752	Null	XP_038697432.1, XP_038719524.1, XP_038722438.1
OG0006753	Null	XP_038697433.1, XP_038706886.1, XP_038719565.1
OG0006754	Null	XP_038697439.1, XP_038702298.1, XP_038720118.1
OG0006755	Null	XP_038697442.1, XP_038697443.1, XP_038721069.1
OG0006756	Null	XP_038697465.1, XP_038702500.1, XP_038721103.1
OG0006757	Null	XP_038697506.1, XP_038697507.1, XP_038697508.1
OG0006758	Null	XP_038697509.1, XP_038707939.1, XP_038718706.1
OG0006759	Null	XP_038697541.1, XP_038723325.1, XP_038723326.1
OG0006760	Null	XP_038697576.1, XP_038697577.1, XP_038697578.1
OG0006761	Null	XP_038697584.1, XP_038723978.1, XP_038724130.1
OG0006762	Null	XP_038697601.1, XP_038697602.1, XP_038721728.1
OG0006763	Null	XP_038697604.1, XP_038701595.1, XP_038720282.1
OG0006764	Null	XP_038697612.1, XP_038697613.1, XP_038697614.1
OG0006765	Null	XP_038697620.1, XP_038701451.1, XP_038721689.1
OG0006766	Null	XP_038697652.1, XP_038721457.1, XP_038721458.1
OG0006767	Null	XP_038697718.1, XP_038701885.1, XP_038724064.1
OG0006768	Null	XP_038697719.1, XP_038719465.1, XP_038719466.1
OG0006769	Null	XP_038697758.1, XP_038720136.1, XP_038720137.1
OG0006770	Null	XP_038697767.1, XP_038719746.1, XP_038719747.1
OG0006771	Null	XP_038697785.1, XP_038716208.1, XP_038719022.1
OG0006772	Null	XP_038697794.1, XP_038702178.1, XP_038702179.1
OG0006773	Null	XP_038697806.1, XP_038702325.1, XP_038719199.1
OG0006774	Null	XP_038697823.1, XP_038706703.1, XP_038721618.1
OG0006775	Null	XP_038697832.1, XP_038721547.1, XP_038721548.1
OG0006776	Null	XP_038697839.1, XP_038697840.1, XP_038702511.1
OG0006777	Null	XP_038697847.1, XP_038710203.1, XP_038721709.1
OG0006778	Null	XP_038697885.1, XP_038702564.1, XP_038709925.1
OG0006779	Null	XP_038697924.1, XP_038701141.1, XP_038705986.1
OG0006780	Null	XP_038697933.1, XP_038702502.1, XP_038702503.1
OG0006781	Null	XP_038697965.1, XP_038697967.1, XP_038713427.1
OG0006782	Null	XP_038697979.1, XP_038717218.1, XP_038717221.1
OG0006783	Null	XP_038698089.1, XP_038699618.1, XP_038704695.1
OG0006784	Null	XP_038698092.1, XP_038720208.1, XP_038720209.1
OG0006785	Null	XP_038698127.1, XP_038702813.1, XP_038715782.1
OG0006786	Null	XP_038698219.1, XP_038699601.1, XP_038719926.1
OG0006787	Null	XP_038698315.1, XP_038698316.1, XP_038698317.1
OG0006788	Null	XP_038698330.1, XP_038698331.1, XP_038698332.1
OG0006789	Null	XP_038698383.1, XP_038698384.1, XP_038698385.1
OG0006790	Null	XP_038698428.1, XP_038698429.1, XP_038698430.1
OG0006791	Null	XP_038698486.1, XP_038698487.1, XP_038710779.1
OG0006792	Null	XP_038698488.1, XP_038698489.1, XP_038698490.1
OG0006793	Null	XP_038698527.1, XP_038698829.1, XP_038710404.1
OG0006794	Null	XP_038698539.1, XP_038724808.1, XP_038724809.1
OG0006795	Null	XP_038698543.1, XP_038698544.1, XP_038726295.1
OG0006796	Null	XP_038698572.1, XP_038698573.1, XP_038724849.1
OG0006797	Null	XP_038698608.1, XP_038714995.1, XP_038725891.1
OG0006798	Null	XP_038698618.1, XP_038698619.1, XP_038698620.1
OG0006799	Null	XP_038698661.1, XP_038712694.1, XP_038712695.1
OG0006800	Null	XP_038698699.1, XP_038712733.1, XP_038712734.1
OG0006801	Null	XP_038698715.1, XP_038698716.1, XP_038724755.1
OG0006802	Null	XP_038698888.1, XP_038700922.1, XP_038707375.1
OG0006803	Null	XP_038698926.1, XP_038698927.1, XP_038710068.1
OG0006804	Null	XP_038698978.1, XP_038711846.1, XP_038718303.1
OG0006805	Null	XP_038698988.1, XP_038698989.1, XP_038698990.1
OG0006806	Null	XP_038699078.1, XP_038719983.1, XP_038722590.1
OG0006807	Null	XP_038699092.1, XP_038699093.1, XP_038725639.1
OG0006808	Null	XP_038699127.1, XP_038717125.1, XP_038717126.1
OG0006809	Null	XP_038699189.1, XP_038699190.1, XP_038710333.1
OG0006810	Null	XP_038699277.1, XP_038701048.1, XP_038711001.1
OG0006811	Null	XP_038699319.1, XP_038699320.1, XP_038699321.1
OG0006812	Null	XP_038699365.1, XP_038699366.1, XP_038699368.1
OG0006813	Null	XP_038699373.1, XP_038712300.1, XP_038712692.1
OG0006814	Null	XP_038699385.1, XP_038715605.1, XP_038723800.1
OG0006815	Null	XP_038699448.1, XP_038699449.1, XP_038699450.1
OG0006816	Null	XP_038699518.1, XP_038711855.1, XP_038711856.1
OG0006817	Null	XP_038699520.1, XP_038707405.1, XP_038710510.1
OG0006818	Null	XP_038699528.1, XP_038700899.1, XP_038711355.1
OG0006819	Null	XP_038699691.1, XP_038699692.1, XP_038726177.1
OG0006820	Null	XP_038699730.1, XP_038700801.1, XP_038701158.1
OG0006821	Null	XP_038699734.1, XP_038710629.1, XP_038711656.1
OG0006822	Null	XP_038699751.1, XP_038699752.1, XP_038724599.1
OG0006823	Null	XP_038699780.1, XP_038699781.1, XP_038724695.1
OG0006824	Null	XP_038699812.1, XP_038699813.1, XP_038724570.1
OG0006825	Null	XP_038699849.1, XP_038699850.1, XP_038699851.1
OG0006826	Null	XP_038699923.1, XP_038699924.1, XP_038699925.1
OG0006827	Null	XP_038699974.1, XP_038699975.1, XP_038725859.1
OG0006828	Null	XP_038699997.1, XP_038699998.1, XP_038699999.1
OG0006829	Null	XP_038700014.1, XP_038705823.1, XP_038712538.1
OG0006830	Null	XP_038700025.1, XP_038700026.1, XP_038700027.1
OG0006831	Null	XP_038700060.1, XP_038707202.1, XP_038707914.1
OG0006832	Null	XP_038700113.1, XP_038713529.1, XP_038724110.1
OG0006833	Null	XP_038700117.1, XP_038700118.1, XP_038700119.1
OG0006834	Null	XP_038700131.1, XP_038700132.1, XP_038700133.1
OG0006835	Null	XP_038700151.1, XP_038724013.1, XP_038724014.1
OG0006836	Null	XP_038700237.1, XP_038707317.1, XP_038707432.1
OG0006837	Null	XP_038700242.1, XP_038722912.1, XP_038722913.1
OG0006838	Null	XP_038700288.1, XP_038700289.1, XP_038700290.1
OG0006839	Null	XP_038700296.1, XP_038700297.1, XP_038711490.1
OG0006840	Null	XP_038700340.1, XP_038700341.1, XP_038712315.1
OG0006841	Null	XP_038700433.1, XP_038700434.1, XP_038700435.1
OG0006842	Null	XP_038700464.1, XP_038700465.1, XP_038711121.1
OG0006843	Null	XP_038700470.1, XP_038712423.1, XP_038714540.1
OG0006844	Null	XP_038700497.1, XP_038700498.1, XP_038700499.1
OG0006845	Null	XP_038700514.1, XP_038700524.1, XP_038700532.1
OG0006846	Null	XP_038700659.1, XP_038700660.1, XP_038700661.1
OG0006847	Null	XP_038700698.1, XP_038700699.1, XP_038726429.1
OG0006848	Null	XP_038700711.1, XP_038710187.1, XP_038710188.1
OG0006849	Null	XP_038700734.1, XP_038700735.1, XP_038700736.1
OG0006850	Null	XP_038700755.1, XP_038700756.1, XP_038700757.1
OG0006851	Null	XP_038700766.1, XP_038707985.1, XP_038712696.1
OG0006852	Null	XP_038700767.1, XP_038719086.1, XP_038720397.1
OG0006853	Null	XP_038700782.1, XP_038700783.1, XP_038700784.1
OG0006854	Null	XP_038700866.1, XP_038700867.1, XP_038700868.1
OG0006855	Null	XP_038701089.1, XP_038720505.1, XP_038722620.1
OG0006856	Null	XP_038701167.1, XP_038701168.1, XP_038706868.1
OG0006857	Null	XP_038701170.1, XP_038701171.1, XP_038725068.1
OG0006858	Null	XP_038701535.1, XP_038701536.1, XP_038701537.1
OG0006859	Null	XP_038701584.1, XP_038721034.1, XP_038721035.1
OG0006860	Null	XP_038701612.1, XP_038701678.1, XP_038701742.1
OG0006861	Null	XP_038701746.1, XP_038701747.1, XP_038701748.1
OG0006862	Null	XP_038701806.1, XP_038717697.1, XP_038717698.1
OG0006863	Null	XP_038701813.1, XP_038704774.1, XP_038711746.1
OG0006864	Null	XP_038701837.1, XP_038701840.1, XP_038701843.1
OG0006865	Null	XP_038701887.1, XP_038720494.1, XP_038720495.1
OG0006866	Null	XP_038701892.1, XP_038720742.1, XP_038721433.1
OG0006867	Null	XP_038701902.1, XP_038719003.1, XP_038721641.1
OG0006868	Null	XP_038701914.1, XP_038719750.1, XP_038719751.1
OG0006869	Null	XP_038702001.1, XP_038702002.1, XP_038721666.1
OG0006870	Null	XP_038702040.1, XP_038702041.1, XP_038702042.1
OG0006871	Null	XP_038702120.1, XP_038702121.1, XP_038702122.1
OG0006872	Null	XP_038702286.1, XP_038702288.1, XP_038716974.1
OG0006873	Null	XP_038702291.1, XP_038720895.1, XP_038720896.1
OG0006874	Null	XP_038702331.1, XP_038702339.1, XP_038702498.1
OG0006875	Null	XP_038702333.1, XP_038719360.1, XP_038719361.1
OG0006876	Null	XP_038702340.1, XP_038702341.1, XP_038702342.1
OG0006877	Null	XP_038702363.1, XP_038702364.1, XP_038702365.1
OG0006878	Null	XP_038702384.1, XP_038702392.1, XP_038723260.1
OG0006879	Null	XP_038702460.1, XP_038702467.1, XP_038723319.1
OG0006880	Null	XP_038702491.1, XP_038702499.1, XP_038702506.1
OG0006881	Null	XP_038702537.1, XP_038702538.1, XP_038719386.1
OG0006882	Null	XP_038702541.1, XP_038715418.1, XP_038721115.1
OG0006883	Null	XP_038702545.1, XP_038707201.1, XP_038707916.1
OG0006884	Null	XP_038702596.1, XP_038702603.1, XP_038724029.1
OG0006885	Null	XP_038702605.1, XP_038702606.1, XP_038702607.1
OG0006886	Null	XP_038702648.1, XP_038709776.1, XP_038715986.1
OG0006887	Null	XP_038702709.1, XP_038702710.1, XP_038718629.1
OG0006888	Null	XP_038702721.1, XP_038711795.1, XP_038712732.1
OG0006889	Null	XP_038702722.1, XP_038702727.1, XP_038702735.1
OG0006890	Null	XP_038702728.1, XP_038716591.1, XP_038716624.1
OG0006891	Null	XP_038702742.1, XP_038716468.1, XP_038718447.1
OG0006892	Null	XP_038702793.1, XP_038715651.1, XP_038715652.1
OG0006893	Null	XP_038702804.1, XP_038702805.1, XP_038715422.1
OG0006894	Null	XP_038702808.1, XP_038707171.1, XP_038716548.1
OG0006895	Null	XP_038702843.1, XP_038702844.1, XP_038713970.1
OG0006896	Null	XP_038702859.1, XP_038714980.1, XP_038717273.1
OG0006897	Null	XP_038702866.1, XP_038702868.1, XP_038702869.1
OG0006898	Null	XP_038702885.1, XP_038702886.1, XP_038702887.1
OG0006899	Null	XP_038702895.1, XP_038721522.1, XP_038723720.1
OG0006900	Null	XP_038702896.1, XP_038702897.1, XP_038711748.1
OG0006901	Null	XP_038702952.1, XP_038717353.1, XP_038723697.1
OG0006902	Null	XP_038702953.1, XP_038714276.1, XP_038714277.1
OG0006903	Null	XP_038702969.1, XP_038714911.1, XP_038717640.1
OG0006904	Null	XP_038702970.1, XP_038702972.1, XP_038702973.1
OG0006905	Null	XP_038702980.1, XP_038702981.1, XP_038702982.1
OG0006906	Null	XP_038702985.1, XP_038704671.1, XP_038714407.1
OG0006907	Null	XP_038702986.1, XP_038702988.1, XP_038715620.1
OG0006908	Null	XP_038702989.1, XP_038704784.1, XP_038705001.1
OG0006909	Null	XP_038703030.1, XP_038714853.1, XP_038717943.1
OG0006910	Null	XP_038703040.1, XP_038703041.1, XP_038703042.1
OG0006911	Null	XP_038703045.1, XP_038718112.1, XP_038723840.1
OG0006912	Null	XP_038703074.1, XP_038716600.1, XP_038716601.1
OG0006913	Null	XP_038703089.1, XP_038715765.1, XP_038718409.1
OG0006914	Null	XP_038703125.1, XP_038703126.1, XP_038714085.1
OG0006915	Null	XP_038703145.1, XP_038703146.1, XP_038703147.1
OG0006916	Null	XP_038703148.1, XP_038703149.1, XP_038703150.1
OG0006917	Null	XP_038703152.1, XP_038703155.1, XP_038703156.1
OG0006918	Null	XP_038703200.1, XP_038703201.1, XP_038703202.1
OG0006919	Null	XP_038703205.1, XP_038703206.1, XP_038703208.1
OG0006920	Null	XP_038703215.1, XP_038703216.1, XP_038716547.1
OG0006921	Null	XP_038703217.1, XP_038703218.1, XP_038717905.1
OG0006922	Null	XP_038703220.1, XP_038703230.1, XP_038722837.1
OG0006923	Null	XP_038703229.1, XP_038719768.1, XP_038719769.1
OG0006924	Null	XP_038703246.1, XP_038703247.1, XP_038703248.1
OG0006925	Null	XP_038703279.1, XP_038703280.1, XP_038704638.1
OG0006926	Null	XP_038703371.1, XP_038703372.1, XP_038714188.1
OG0006927	Null	XP_038703379.1, XP_038715803.1, XP_038716892.1
OG0006928	Null	XP_038703385.1, XP_038703386.1, XP_038703387.1
OG0006929	Null	XP_038703400.1, XP_038713999.1, XP_038714000.1
OG0006930	Null	XP_038703441.1, XP_038703442.1, XP_038713194.1
OG0006931	Null	XP_038703449.1, XP_038704207.1, XP_038714533.1
OG0006932	Null	XP_038703527.1, XP_038708119.1, XP_038708120.1
OG0006933	Null	XP_038703533.1, XP_038703534.1, XP_038722986.1
OG0006934	Null	XP_038703556.1, XP_038714374.1, XP_038714375.1
OG0006935	Null	XP_038703569.1, XP_038715927.1, XP_038718541.1
OG0006936	Null	XP_038703720.1, XP_038703721.1, XP_038703722.1
OG0006937	Null	XP_038703737.1, XP_038719004.1, XP_038722905.1
OG0006938	Null	XP_038703750.1, XP_038703751.1, XP_038703752.1
OG0006939	Null	XP_038703810.1, XP_038716384.1, XP_038716385.1
OG0006940	Null	XP_038703989.1, XP_038703991.1, XP_038704079.1
OG0006941	Null	XP_038704001.1, XP_038704002.1, XP_038716393.1
OG0006942	Null	XP_038704012.1, XP_038715305.1, XP_038715306.1
OG0006943	Null	XP_038704068.1, XP_038704069.1, XP_038704070.1
OG0006944	Null	XP_038704093.1, XP_038719352.1, XP_038723693.1
OG0006945	Null	XP_038704162.1, XP_038704164.1, XP_038722800.1
OG0006946	Null	XP_038704174.1, XP_038704175.1, XP_038716738.1
OG0006947	Null	XP_038704214.1, XP_038704215.1, XP_038704216.1
OG0006948	Null	XP_038704219.1, XP_038710608.1, XP_038713962.1
OG0006949	Null	XP_038704262.1, XP_038714893.1, XP_038718181.1
OG0006950	Null	XP_038704297.1, XP_038704300.1, XP_038716115.1
OG0006951	Null	XP_038704301.1, XP_038715117.1, XP_038718341.1
OG0006952	Null	XP_038704313.1, XP_038704314.1, XP_038704315.1
OG0006953	Null	XP_038704365.1, XP_038704366.1, XP_038704367.1
OG0006954	Null	XP_038704376.1, XP_038718978.1, XP_038718979.1
OG0006955	Null	XP_038704411.1, XP_038704418.1, XP_038704424.1
OG0006956	Null	XP_038704479.1, XP_038704480.1, XP_038715184.1
OG0006957	Null	XP_038704501.1, XP_038704502.1, XP_038713061.1
OG0006958	Null	XP_038704521.1, XP_038721650.1, XP_038722075.1
OG0006959	Null	XP_038704529.1, XP_038715618.1, XP_038715619.1
OG0006960	Null	XP_038704545.1, XP_038718149.1, XP_038718150.1
OG0006961	Null	XP_038704579.1, XP_038713806.1, XP_038716597.1
OG0006962	Null	XP_038704580.1, XP_038704581.1, XP_038721918.1
OG0006963	Null	XP_038704589.1, XP_038705009.1, XP_038717202.1
OG0006964	Null	XP_038704641.1, XP_038713538.1, XP_038713539.1
OG0006965	Null	XP_038704696.1, XP_038722423.1, XP_038722424.1
OG0006966	Null	XP_038704776.1, XP_038704777.1, XP_038704778.1
OG0006967	Null	XP_038704816.1, XP_038712806.1, XP_038712807.1
OG0006968	Null	XP_038704827.1, XP_038704836.1, XP_038722821.1
OG0006969	Null	XP_038704839.1, XP_038704840.1, XP_038718452.1
OG0006970	Null	XP_038704841.1, XP_038714907.1, XP_038717112.1
OG0006971	Null	XP_038704847.1, XP_038715479.1, XP_038717061.1
OG0006972	Null	XP_038704853.1, XP_038704854.1, XP_038704855.1
OG0006973	Null	XP_038704878.1, XP_038721146.1, XP_038723980.1
OG0006974	Null	XP_038704917.1, XP_038710083.1, XP_038713208.1
OG0006975	Null	XP_038704982.1, XP_038716564.1, XP_038716984.1
OG0006976	Null	XP_038705005.1, XP_038705006.1, XP_038705007.1
OG0006977	Null	XP_038705030.1, XP_038705110.1, XP_038705187.1
OG0006978	Null	XP_038705058.1, XP_038716484.1, XP_038718421.1
OG0006979	Null	XP_038705079.1, XP_038715018.1, XP_038716747.1
OG0006980	Null	XP_038705100.1, XP_038715205.1, XP_038718601.1
OG0006981	Null	XP_038705105.1, XP_038715166.1, XP_038716969.1
OG0006982	Null	XP_038705119.1, XP_038713288.1, XP_038714229.1
OG0006983	Null	XP_038705120.1, XP_038715647.1, XP_038715648.1
OG0006984	Null	XP_038705252.1, XP_038718773.1, XP_038723213.1
OG0006985	Null	XP_038705279.1, XP_038705280.1, XP_038705281.1
OG0006986	Null	XP_038705291.1, XP_038715826.1, XP_038715827.1
OG0006987	Null	XP_038705312.1, XP_038705313.1, XP_038716357.1
OG0006988	Null	XP_038705317.1, XP_038715208.1, XP_038715209.1
OG0006989	Null	XP_038705375.1, XP_038711299.1, XP_038711307.1
OG0006990	Null	XP_038705464.1, XP_038705465.1, XP_038705466.1
OG0006991	Null	XP_038705469.1, XP_038705470.1, XP_038722745.1
OG0006992	Null	XP_038705478.1, XP_038720364.1, XP_038723500.1
OG0006993	Null	XP_038705563.1, XP_038722477.1, XP_038722478.1
OG0006994	Null	XP_038705573.1, XP_038705574.1, XP_038705575.1
OG0006995	Null	XP_038705578.1, XP_038710719.1, XP_038721719.1
OG0006996	Null	XP_038705649.1, XP_038705650.1, XP_038705651.1
OG0006997	Null	XP_038705726.1, XP_038705727.1, XP_038710189.1
OG0006998	Null	XP_038705801.1, XP_038706709.1, XP_038722121.1
OG0006999	Null	XP_038705809.1, XP_038705810.1, XP_038726199.1
OG0007000	Null	XP_038705815.1, XP_038705816.1, XP_038723909.1
OG0007001	Null	XP_038705826.1, XP_038719042.1, XP_038719051.1
OG0007002	Null	XP_038705853.1, XP_038705854.1, XP_038714768.1
OG0007003	Null	XP_038705859.1, XP_038705860.1, XP_038718688.1
OG0007004	Null	XP_038705913.1, XP_038715949.1, XP_038722321.1
OG0007005	Null	XP_038705960.1, XP_038705961.1, XP_038705962.1
OG0007006	Null	XP_038705973.1, XP_038718788.1, XP_038722178.1
OG0007007	Null	XP_038706069.1, XP_038707938.1, XP_038715498.1
OG0007008	Null	XP_038706116.1, XP_038712890.1, XP_038712891.1
OG0007009	Null	XP_038706125.1, XP_038723340.1, XP_038723348.1
OG0007010	Null	XP_038706255.1, XP_038707961.1, XP_038707962.1
OG0007011	Null	XP_038706290.1, XP_038706291.1, XP_038714800.1
OG0007012	Null	XP_038706308.1, XP_038706309.1, XP_038726316.1
OG0007013	Null	XP_038706355.1, XP_038706356.1, XP_038706357.1
OG0007014	Null	XP_038706562.1, XP_038715104.1, XP_038716186.1
OG0007015	Null	XP_038706596.1, XP_038706597.1, XP_038706598.1
OG0007016	Null	XP_038706647.1, XP_038707137.1, XP_038707138.1
OG0007017	Null	XP_038706669.1, XP_038723130.1, XP_038723131.1
OG0007018	Null	XP_038706737.1, XP_038709867.1, XP_038718855.1
OG0007019	Null	XP_038706740.1, XP_038724240.1, XP_038724241.1
OG0007020	Null	XP_038706798.1, XP_038720762.1, XP_038720763.1
OG0007021	Null	XP_038706865.1, XP_038716494.1, XP_038718080.1
OG0007022	Null	XP_038706946.1, XP_038706947.1, XP_038725088.1
OG0007023	Null	XP_038706973.1, XP_038706985.1, XP_038716809.1
OG0007024	Null	XP_038706974.1, XP_038722752.1, XP_038722756.1
OG0007025	Null	XP_038707004.1, XP_038707005.1, XP_038724080.1
OG0007026	Null	XP_038707026.1, XP_038707027.1, XP_038722964.1
OG0007027	Null	XP_038707109.1, XP_038707110.1, XP_038721081.1
OG0007028	Null	XP_038707121.1, XP_038720424.1, XP_038720431.1
OG0007029	Null	XP_038707154.1, XP_038707158.1, XP_038707159.1
OG0007030	Null	XP_038707191.1, XP_038724138.1, XP_038724139.1
OG0007031	Null	XP_038707231.1, XP_038707235.1, XP_038722111.1
OG0007032	Null	XP_038707425.1, XP_038707427.1, XP_038707428.1
OG0007033	Null	XP_038707477.1, XP_038718519.1, XP_038718527.1
OG0007034	Null	XP_038707594.1, XP_038724107.1, XP_038724108.1
OG0007035	Null	XP_038707667.1, XP_038722465.1, XP_038722473.1
OG0007036	Null	XP_038707670.1, XP_038707671.1, XP_038707672.1
OG0007037	Null	XP_038707815.1, XP_038724257.1, XP_038724258.1
OG0007038	Null	XP_038707843.1, XP_038707844.1, XP_038724350.1
OG0007039	Null	XP_038707845.1, XP_038707846.1, XP_038723077.1
OG0007040	Null	XP_038707933.1, XP_038707934.1, XP_038707935.1
OG0007041	Null	XP_038707970.1, XP_038708448.1, XP_038724155.1
OG0007042	Null	XP_038707986.1, XP_038707987.1, XP_038707988.1
OG0007043	Null	XP_038708054.1, XP_038708055.1, XP_038708056.1
OG0007044	Null	XP_038708107.1, XP_038708108.1, XP_038708109.1
OG0007045	Null	XP_038708147.1, XP_038721521.1, XP_038723019.1
OG0007046	Null	XP_038708212.1, XP_038709623.1, XP_038709624.1
OG0007047	Null	XP_038708267.1, XP_038708268.1, XP_038708269.1
OG0007048	Null	XP_038708428.1, XP_038715331.1, XP_038719112.1
OG0007049	Null	XP_038708494.1, XP_038710923.1, XP_038716189.1
OG0007050	Null	XP_038708628.1, XP_038708637.1, XP_038708643.1
OG0007051	Null	XP_038708681.1, XP_038708963.1, XP_038724406.1
OG0007052	Null	XP_038708707.1, XP_038708708.1, XP_038708710.1
OG0007053	Null	XP_038708730.1, XP_038708731.1, XP_038708732.1
OG0007054	Null	XP_038708764.1, XP_038708765.1, XP_038708766.1
OG0007055	Null	XP_038708780.1, XP_038721584.1, XP_038721585.1
OG0007056	Null	XP_038708866.1, XP_038708867.1, XP_038708869.1
OG0007057	Null	XP_038708928.1, XP_038708929.1, XP_038708930.1
OG0007058	Null	XP_038709100.1, XP_038709676.1, XP_038709677.1
OG0007059	Null	XP_038709107.1, XP_038721911.1, XP_038721912.1
OG0007060	Null	XP_038709116.1, XP_038709117.1, XP_038709118.1
OG0007061	Null	XP_038709119.1, XP_038725440.1, XP_038725441.1
OG0007062	Null	XP_038709163.1, XP_038709169.1, XP_038709172.1
OG0007063	Null	XP_038709184.1, XP_038723080.1, XP_038723081.1
OG0007064	Null	XP_038709237.1, XP_038709238.1, XP_038709239.1
OG0007065	Null	XP_038709287.1, XP_038719893.1, XP_038719895.1
OG0007066	Null	XP_038709540.1, XP_038709541.1, XP_038709542.1
OG0007067	Null	XP_038709595.1, XP_038709596.1, XP_038709597.1
OG0007068	Null	XP_038709610.1, XP_038709611.1, XP_038711009.1
OG0007069	Null	XP_038709693.1, XP_038709694.1, XP_038709695.1
OG0007070	Null	XP_038709702.1, XP_038709703.1, XP_038709704.1
OG0007071	Null	XP_038709822.1, XP_038709823.1, XP_038709824.1
OG0007072	Null	XP_038709965.1, XP_038712467.1, XP_038712468.1
OG0007073	Null	XP_038709966.1, XP_038709967.1, XP_038721167.1
OG0007074	Null	XP_038710199.1, XP_038710201.1, XP_038710202.1
OG0007075	Null	XP_038710303.1, XP_038710311.1, XP_038710319.1
OG0007076	Null	XP_038710313.1, XP_038710314.1, XP_038710315.1
OG0007077	Null	XP_038710336.1, XP_038710337.1, XP_038710338.1
OG0007078	Null	XP_038710384.1, XP_038721567.1, XP_038722350.1
OG0007079	Null	XP_038710443.1, XP_038710444.1, XP_038710445.1
OG0007080	Null	XP_038710449.1, XP_038724734.1, XP_038724735.1
OG0007081	Null	XP_038710475.1, XP_038710476.1, XP_038714431.1
OG0007082	Null	XP_038710520.1, XP_038712298.1, XP_038712299.1
OG0007083	Null	XP_038710572.1, XP_038710573.1, XP_038710574.1
OG0007084	Null	XP_038710590.1, XP_038710591.1, XP_038710592.1
OG0007085	Null	XP_038710610.1, XP_038710611.1, XP_038710612.1
OG0007086	Null	XP_038710739.1, XP_038710740.1, XP_038716863.1
OG0007087	Null	XP_038710827.1, XP_038710828.1, XP_038710830.1
OG0007088	Null	XP_038711006.1, XP_038711007.1, XP_038711008.1
OG0007089	Null	XP_038711205.1, XP_038711206.1, XP_038711207.1
OG0007090	Null	XP_038711209.1, XP_038718286.1, XP_038718331.1
OG0007091	Null	XP_038711245.1, XP_038711246.1, XP_038711247.1
OG0007092	Null	XP_038711263.1, XP_038711264.1, XP_038714204.1
OG0007093	Null	XP_038711362.1, XP_038711363.1, XP_038711364.1
OG0007094	Null	XP_038711461.1, XP_038711462.1, XP_038711463.1
OG0007095	Null	XP_038711785.1, XP_038713439.1, XP_038725795.1
OG0007096	Null	XP_038711937.1, XP_038711938.1, XP_038711939.1
OG0007097	Null	XP_038712001.1, XP_038712002.1, XP_038712004.1
OG0007098	Null	XP_038712092.1, XP_038712093.1, XP_038712095.1
OG0007099	Null	XP_038712892.1, XP_038718613.1, XP_038718614.1
OG0007100	Null	XP_038712917.1, XP_038713514.1, XP_038718188.1
OG0007101	Null	XP_038713105.1, XP_038725023.1, XP_038725024.1
OG0007102	Null	XP_038713151.1, XP_038716858.1, XP_038716859.1
OG0007103	Null	XP_038713179.1, XP_038716968.1, XP_038725475.1
OG0007104	Null	XP_038713185.1, XP_038713186.1, XP_038713187.1
OG0007105	Null	XP_038713257.1, XP_038713263.1, XP_038718559.1
OG0007106	Null	XP_038713270.1, XP_038713271.1, XP_038713272.1
OG0007107	Null	XP_038713279.1, XP_038713280.1, XP_038714742.1
OG0007108	Null	XP_038713472.1, XP_038717169.1, XP_038717170.1
OG0007109	Null	XP_038713509.1, XP_038718189.1, XP_038718444.1
OG0007110	Null	XP_038713512.1, XP_038718582.1, XP_038718583.1
OG0007111	Null	XP_038713679.1, XP_038713680.1, XP_038713681.1
OG0007112	Null	XP_038713682.1, XP_038713683.1, XP_038717744.1
OG0007113	Null	XP_038713737.1, XP_038713738.1, XP_038713739.1
OG0007114	Null	XP_038713773.1, XP_038713774.1, XP_038713776.1
OG0007115	Null	XP_038713808.1, XP_038721028.1, XP_038722954.1
OG0007116	Null	XP_038713948.1, XP_038724344.1, XP_038724345.1
OG0007117	Null	XP_038713952.1, XP_038713953.1, XP_038716975.1
OG0007118	Null	XP_038714047.1, XP_038714048.1, XP_038714049.1
OG0007119	Null	XP_038714194.1, XP_038716853.1, XP_038717042.1
OG0007120	Null	XP_038714285.1, XP_038714287.1, XP_038721842.1
OG0007121	Null	XP_038714355.1, XP_038717408.1, XP_038724225.1
OG0007122	Null	XP_038714399.1, XP_038717380.1, XP_038717382.1
OG0007123	Null	XP_038714421.1, XP_038714428.1, XP_038714436.1
OG0007124	Null	XP_038714491.1, XP_038714492.1, XP_038714493.1
OG0007125	Null	XP_038714679.1, XP_038716805.1, XP_038717367.1
OG0007126	Null	XP_038714743.1, XP_038714745.1, XP_038714746.1
OG0007127	Null	XP_038714758.1, XP_038714759.1, XP_038714760.1
OG0007128	Null	XP_038714797.1, XP_038714798.1, XP_038714799.1
OG0007129	Null	XP_038714813.1, XP_038714814.1, XP_038717191.1
OG0007130	Null	XP_038714872.1, XP_038714873.1, XP_038716875.1
OG0007131	Null	XP_038714880.1, XP_038718591.1, XP_038721308.1
OG0007132	Null	XP_038714885.1, XP_038714890.1, XP_038714894.1
OG0007133	Null	XP_038714970.1, XP_038714972.1, XP_038714973.1
OG0007134	Null	XP_038715101.1, XP_038715600.1, XP_038716486.1
OG0007135	Null	XP_038715111.1, XP_038715175.1, XP_038715242.1
OG0007136	Null	XP_038715185.1, XP_038718372.1, XP_038718373.1
OG0007137	Null	XP_038715212.1, XP_038715213.1, XP_038716781.1
OG0007138	Null	XP_038715281.1, XP_038715290.1, XP_038715298.1
OG0007139	Null	XP_038715368.1, XP_038715369.1, XP_038718393.1
OG0007140	Null	XP_038715370.1, XP_038716718.1, XP_038716719.1
OG0007141	Null	XP_038715372.1, XP_038715374.1, XP_038715375.1
OG0007142	Null	XP_038715388.1, XP_038715389.1, XP_038715390.1
OG0007143	Null	XP_038715454.1, XP_038722885.1, XP_038722886.1
OG0007144	Null	XP_038715771.1, XP_038718792.1, XP_038721921.1
OG0007145	Null	XP_038715821.1, XP_038715996.1, XP_038715997.1
OG0007146	Null	XP_038715852.1, XP_038717119.1, XP_038717120.1
OG0007147	Null	XP_038715959.1, XP_038715960.1, XP_038715961.1
OG0007148	Null	XP_038715991.1, XP_038715992.1, XP_038715993.1
OG0007149	Null	XP_038716007.1, XP_038716008.1, XP_038716823.1
OG0007150	Null	XP_038716049.1, XP_038721778.1, XP_038721779.1
OG0007151	Null	XP_038716050.1, XP_038717056.1, XP_038717057.1
OG0007152	Null	XP_038716085.1, XP_038716086.1, XP_038718410.1
OG0007153	Null	XP_038716094.1, XP_038716095.1, XP_038716669.1
OG0007154	Null	XP_038716225.1, XP_038716226.1, XP_038716227.1
OG0007155	Null	XP_038716238.1, XP_038716667.1, XP_038716668.1
OG0007156	Null	XP_038716290.1, XP_038721499.1, XP_038724236.1
OG0007157	Null	XP_038716292.1, XP_038716293.1, XP_038716294.1
OG0007158	Null	XP_038716332.1, XP_038718070.1, XP_038718071.1
OG0007159	Null	XP_038716348.1, XP_038716349.1, XP_038716350.1
OG0007160	Null	XP_038716441.1, XP_038716442.1, XP_038717410.1
OG0007161	Null	XP_038716456.1, XP_038716824.1, XP_038716825.1
OG0007162	Null	XP_038716459.1, XP_038716461.1, XP_038717313.1
OG0007163	Null	XP_038716496.1, XP_038716497.1, XP_038716498.1
OG0007164	Null	XP_038716549.1, XP_038716550.1, XP_038716551.1
OG0007165	Null	XP_038716574.1, XP_038716575.1, XP_038716576.1
OG0007166	Null	XP_038716606.1, XP_038716607.1, XP_038717321.1
OG0007167	Null	XP_038716638.1, XP_038716639.1, XP_038716640.1
OG0007168	Null	XP_038716643.1, XP_038716644.1, XP_038724224.1
OG0007169	Null	XP_038716710.1, XP_038716711.1, XP_038716712.1
OG0007170	Null	XP_038716804.1, XP_038716829.1, XP_038718880.1
OG0007171	Null	XP_038716822.1, XP_038716889.1, XP_038716966.1
OG0007172	Null	XP_038716866.1, XP_038716867.1, XP_038716868.1
OG0007173	Null	XP_038716872.1, XP_038716873.1, XP_038716874.1
OG0007174	Null	XP_038716934.1, XP_038716935.1, XP_038716936.1
OG0007175	Null	XP_038717009.1, XP_038726104.1, XP_038726106.1
OG0007176	Null	XP_038717180.1, XP_038721950.1, XP_038722616.1
OG0007177	Null	XP_038717265.1, XP_038722343.1, XP_038722344.1
OG0007178	Null	XP_038717418.1, XP_038717419.1, XP_038717420.1
OG0007179	Null	XP_038717538.1, XP_038717539.1, XP_038717540.1
OG0007180	Null	XP_038717608.1, XP_038717609.1, XP_038717610.1
OG0007181	Null	XP_038717700.1, XP_038717701.1, XP_038717702.1
OG0007182	Null	XP_038717706.1, XP_038717707.1, XP_038717708.1
OG0007183	Null	XP_038717730.1, XP_038717731.1, XP_038717732.1
OG0007184	Null	XP_038717825.1, XP_038717826.1, XP_038717827.1
OG0007185	Null	XP_038717922.1, XP_038717923.1, XP_038718459.1
OG0007186	Null	XP_038717929.1, XP_038718754.1, XP_038718771.1
OG0007187	Null	XP_038718005.1, XP_038718006.1, XP_038718007.1
OG0007188	Null	XP_038718035.1, XP_038718036.1, XP_038718037.1
OG0007189	Null	XP_038718061.1, XP_038718062.1, XP_038718063.1
OG0007190	Null	XP_038718083.1, XP_038718084.1, XP_038718085.1
OG0007191	Null	XP_038718241.1, XP_038718242.1, XP_038718243.1
OG0007192	Null	XP_038718290.1, XP_038721757.1, XP_038723022.1
OG0007193	Null	XP_038718411.1, XP_038723412.1, XP_038723413.1
OG0007194	Null	XP_038718596.1, XP_038718597.1, XP_038718599.1
OG0007195	Null	XP_038718642.1, XP_038718643.1, XP_038718644.1
OG0007196	Null	XP_038718720.1, XP_038718721.1, XP_038718722.1
OG0007197	Null	XP_038718733.1, XP_038718734.1, XP_038718736.1
OG0007198	Null	XP_038718778.1, XP_038723053.1, XP_038723054.1
OG0007199	Null	XP_038718819.1, XP_038722860.1, XP_038722862.1
OG0007200	Null	XP_038718846.1, XP_038721661.1, XP_038723845.1
OG0007201	Null	XP_038718876.1, XP_038722589.1, XP_038723607.1
OG0007202	Null	XP_038719029.1, XP_038719030.1, XP_038719032.1
OG0007203	Null	XP_038719188.1, XP_038722168.1, XP_038724242.1
OG0007204	Null	XP_038719191.1, XP_038719192.1, XP_038719193.1
OG0007205	Null	XP_038719343.1, XP_038719913.1, XP_038721520.1
OG0007206	Null	XP_038719354.1, XP_038719355.1, XP_038719356.1
OG0007207	Null	XP_038719486.1, XP_038719494.1, XP_038719501.1
OG0007208	Null	XP_038719526.1, XP_038723971.1, XP_038723972.1
OG0007209	Null	XP_038719588.1, XP_038722665.1, XP_038723917.1
OG0007210	Null	XP_038720019.1, XP_038720814.1, XP_038720815.1
OG0007211	Null	XP_038720049.1, XP_038722743.1, XP_038722744.1
OG0007212	Null	XP_038720486.1, XP_038720487.1, XP_038720488.1
OG0007213	Null	XP_038720580.1, XP_038722666.1, XP_038722668.1
OG0007214	Null	XP_038720641.1, XP_038720642.1, XP_038720643.1
OG0007215	Null	XP_038720706.1, XP_038720707.1, XP_038724175.1
OG0007216	Null	XP_038720718.1, XP_038720719.1, XP_038720720.1
OG0007217	Null	XP_038720724.1, XP_038720726.1, XP_038720727.1
OG0007218	Null	XP_038720884.1, XP_038720885.1, XP_038720886.1
OG0007219	Null	XP_038720909.1, XP_038720911.1, XP_038721612.1
OG0007220	Null	XP_038720921.1, XP_038720923.1, XP_038720924.1
OG0007221	Null	XP_038720951.1, XP_038720952.1, XP_038720953.1
OG0007222	Null	XP_038720967.1, XP_038721011.1, XP_038721012.1
OG0007223	Null	XP_038720989.1, XP_038720997.1, XP_038721005.1
OG0007224	Null	XP_038721080.1, XP_038721082.1, XP_038721083.1
OG0007225	Null	XP_038721109.1, XP_038721970.1, XP_038722870.1
OG0007226	Null	XP_038721192.1, XP_038721193.1, XP_038721194.1
OG0007227	Null	XP_038721223.1, XP_038724136.1, XP_038724137.1
OG0007228	Null	XP_038721354.1, XP_038721355.1, XP_038721356.1
OG0007229	Null	XP_038721364.1, XP_038721365.1, XP_038722063.1
OG0007230	Null	XP_038721419.1, XP_038721420.1, XP_038721421.1
OG0007231	Null	XP_038721462.1, XP_038721463.1, XP_038721464.1
OG0007232	Null	XP_038721568.1, XP_038722157.1, XP_038722464.1
OG0007233	Null	XP_038721570.1, XP_038721571.1, XP_038721572.1
OG0007234	Null	XP_038721675.1, XP_038721676.1, XP_038721677.1
OG0007235	Null	XP_038721746.1, XP_038721747.1, XP_038721748.1
OG0007236	Null	XP_038721908.1, XP_038721909.1, XP_038721910.1
OG0007237	Null	XP_038721935.1, XP_038721936.1, XP_038723791.1
OG0007238	Null	XP_038722251.1, XP_038722298.1, XP_038722455.1
OG0007239	Null	XP_038722389.1, XP_038722390.1, XP_038722391.1
OG0007240	Null	XP_038722547.1, XP_038722765.1, XP_038722766.1
OG0007241	Null	XP_038722555.1, XP_038722592.1, XP_038722593.1
OG0007242	Null	XP_038722699.1, XP_038722700.1, XP_038722701.1
OG0007243	Null	XP_038722746.1, XP_038722747.1, XP_038722749.1
OG0007244	Null	XP_038722806.1, XP_038722807.1, XP_038723281.1
OG0007245	Null	XP_038723061.1, XP_038723866.1, XP_038723867.1
OG0007246	Null	XP_038723146.1, XP_038723147.1, XP_038723282.1
OG0007247	Null	XP_038723252.1, XP_038723253.1, XP_038723254.1
OG0007248	Null	XP_038723301.1, XP_038723302.1, XP_038723303.1
OG0007249	Null	XP_038723321.1, XP_038723322.1, XP_038723324.1
OG0007250	Null	XP_038723382.1, XP_038723390.1, XP_038723399.1
OG0007251	Null	XP_038723555.1, XP_038723556.1, XP_038723557.1
OG0007252	Null	XP_038723685.1, XP_038723686.1, XP_038723687.1
OG0007253	Null	XP_038723919.1, XP_038723927.1, XP_038723936.1
OG0007254	Null	XP_038723946.1, XP_038723956.1, XP_038723965.1
OG0007255	Null	XP_038724263.1, XP_038724264.1, XP_038724265.1
OG0007256	Null	XP_038724404.1, XP_038725576.1, XP_038725577.1
OG0007257	Null	XP_038724431.1, XP_038724432.1, XP_038724433.1
OG0007258	Null	XP_038724488.1, XP_038724489.1, XP_038724490.1
OG0007259	Null	XP_038724657.1, XP_038724658.1, XP_038724659.1
OG0007260	Null	XP_038724696.1, XP_038724697.1, XP_038724699.1
OG0007261	Null	XP_038725050.1, XP_038725057.1, XP_038725066.1
OG0007262	Null	XP_038725182.1, XP_038725183.1, XP_038725184.1
OG0007263	Null	XP_038725241.1, XP_038725242.1, XP_038725243.1
OG0007264	Null	XP_038725385.1, XP_038725387.1, XP_038725388.1
OG0007265	Null	XP_038725680.1, XP_038725681.1, XP_038725682.1
OG0007266	Null	XP_038725743.1, XP_038725752.1, XP_038725761.1
OG0007267	Null	XP_038725917.1, XP_038725918.1, XP_038725919.1
OG0007268	Null	XP_038725939.1, XP_038725941.1, XP_038725942.1
OG0007269	Null	XP_038725993.1, XP_038725994.1, XP_038725999.1
OG0007270	Null	XP_038726035.1, XP_038726036.1, XP_038726037.1
OG0007271	Null	XP_038726220.1, XP_038726221.1, XP_038726222.1
OG0007272	Null	XP_038726415.1, XP_038726417.1, XP_038726419.1
OG0007273	Null	XP_038726416.1, XP_038726418.1, XP_038726420.1
OG0007274	GWHPDONJ000004	XP_038679801.1
OG0007275	GWHPDONJ000030	XP_038705251.1
OG0007276	GWHPDONJ000031	XP_038716702.1
OG0007277	GWHPDONJ000038	XP_038707617.1
OG0007278	GWHPDONJ000044, GWHPDONJ003701	
OG0007279	GWHPDONJ000052	XP_038700979.1
OG0007280	GWHPDONJ000055	XP_038680321.1
OG0007281	GWHPDONJ000070	XP_038713707.1
OG0007282	GWHPDONJ000071	XP_038717045.1
OG0007283	GWHPDONJ000079	XP_038725323.1
OG0007284	GWHPDONJ000080	XP_038706361.1
OG0007285	GWHPDONJ000081	XP_038694959.1
OG0007286	GWHPDONJ000083	XP_038709659.1
OG0007287	GWHPDONJ000084, GWHPDONJ003284	
OG0007288	GWHPDONJ000087	XP_038694986.1
OG0007289	GWHPDONJ000089	XP_038698563.1
OG0007290	GWHPDONJ000091, GWHPDONJ000515	
OG0007291	GWHPDONJ000101	XP_038700954.1
OG0007292	GWHPDONJ000105	XP_038726076.1
OG0007293	GWHPDONJ000107	XP_038695474.1
OG0007294	GWHPDONJ000137	XP_038692834.1
OG0007295	GWHPDONJ000141	XP_038702053.1
OG0007296	GWHPDONJ000144, GWHPDONJ001716	
OG0007297	GWHPDONJ000147	XP_038703472.1
OG0007298	GWHPDONJ000154, GWHPDONJ001072	
OG0007299	GWHPDONJ000161, GWHPDONJ005193	
OG0007300	GWHPDONJ000162	XP_038715204.1
OG0007301	GWHPDONJ000178, GWHPDONJ009248	
OG0007302	GWHPDONJ000180	XP_038681534.1
OG0007303	GWHPDONJ000182	XP_038684199.1
OG0007304	GWHPDONJ000184	XP_038681762.1
OG0007305	GWHPDONJ000187	XP_038683993.1
OG0007306	GWHPDONJ000201, GWHPDONJ009204	
OG0007307	GWHPDONJ000219	XP_038707129.1
OG0007308	GWHPDONJ000223	XP_038685635.1
OG0007309	GWHPDONJ000235	XP_038701418.1
OG0007310	GWHPDONJ000238, GWHPDONJ002909	
OG0007311	GWHPDONJ000244	XP_038680724.1
OG0007312	GWHPDONJ000290, GWHPDONJ003301	
OG0007313	GWHPDONJ000297, GWHPDONJ003599	
OG0007314	GWHPDONJ000325, GWHPDONJ001025	
OG0007315	GWHPDONJ000340	XP_038682600.1
OG0007316	GWHPDONJ000344	XP_038680819.1
OG0007317	GWHPDONJ000349, GWHPDONJ007174	
OG0007318	GWHPDONJ000350	XP_038685963.1
OG0007319	GWHPDONJ000360	XP_038724339.1
OG0007320	GWHPDONJ000361	XP_038688088.1
OG0007321	GWHPDONJ000363	XP_038725423.1
OG0007322	GWHPDONJ000364	XP_038688232.1
OG0007323	GWHPDONJ000368	XP_038687882.1
OG0007324	GWHPDONJ000369	XP_038678600.1
OG0007325	GWHPDONJ000370	XP_038688057.1
OG0007326	GWHPDONJ000371	XP_038696413.1
OG0007327	GWHPDONJ000373	XP_038687000.1
OG0007328	GWHPDONJ000375	XP_038725559.1
OG0007329	GWHPDONJ000381, GWHPDONJ010786	
OG0007330	GWHPDONJ000382	XP_038713334.1
OG0007331	GWHPDONJ000383	XP_038698273.1
OG0007332	GWHPDONJ000431	XP_038716605.1
OG0007333	GWHPDONJ000436	XP_038696427.1
OG0007334	GWHPDONJ000457	XP_038700713.1
OG0007335	GWHPDONJ000465	XP_038682751.1
OG0007336	GWHPDONJ000466	XP_038710782.1
OG0007337	GWHPDONJ000467	XP_038696484.1
OG0007338	GWHPDONJ000473	XP_038700971.1
OG0007339	GWHPDONJ000484	XP_038720631.1
OG0007340	GWHPDONJ000485	XP_038722703.1
OG0007341	GWHPDONJ000498, GWHPDONJ010266	
OG0007342	GWHPDONJ000514, GWHPDONJ000617	
OG0007343	GWHPDONJ000536	XP_038714818.1
OG0007344	GWHPDONJ000538	XP_038709570.1
OG0007345	GWHPDONJ000540	XP_038710522.1
OG0007346	GWHPDONJ000543	XP_038714505.1
OG0007347	GWHPDONJ000544	XP_038687909.1
OG0007348	GWHPDONJ000552	XP_038713476.1
OG0007349	GWHPDONJ000565	XP_038681503.1
OG0007350	GWHPDONJ000566	XP_038695190.1
OG0007351	GWHPDONJ000580	XP_038691399.1
OG0007352	GWHPDONJ000585, GWHPDONJ001781	
OG0007353	GWHPDONJ000586	XP_038681061.1
OG0007354	GWHPDONJ000589	XP_038678667.1
OG0007355	GWHPDONJ000591	XP_038702307.1
OG0007356	GWHPDONJ000603, GWHPDONJ010177	
OG0007357	GWHPDONJ000604	XP_038686771.1
OG0007358	GWHPDONJ000607, GWHPDONJ005771	
OG0007359	GWHPDONJ000610	XP_038705830.1
OG0007360	GWHPDONJ000662	XP_038690889.1
OG0007361	GWHPDONJ000663	XP_038691910.1
OG0007362	GWHPDONJ000678	XP_038712047.1
OG0007363	GWHPDONJ000679	XP_038705073.1
OG0007364	GWHPDONJ000682, GWHPDONJ001060	
OG0007365	GWHPDONJ000774	XP_038678516.1
OG0007366	GWHPDONJ000780, GWHPDONJ002238	
OG0007367	GWHPDONJ000781, GWHPDONJ001026	
OG0007368	GWHPDONJ000792	XP_038696264.1
OG0007369	GWHPDONJ000799	XP_038705659.1
OG0007370	GWHPDONJ000824, GWHPDONJ002260	
OG0007371	GWHPDONJ000829	XP_038695519.1
OG0007372	GWHPDONJ000833	XP_038698119.1
OG0007373	GWHPDONJ000836	XP_038701356.1
OG0007374	GWHPDONJ000842	XP_038689152.1
OG0007375	GWHPDONJ000847	XP_038685382.1
OG0007376	GWHPDONJ000858	XP_038682680.1
OG0007377	GWHPDONJ000884, GWHPDONJ006925	
OG0007378	GWHPDONJ000889	XP_038719612.1
OG0007379	GWHPDONJ000890	XP_038720178.1
OG0007380	GWHPDONJ000897	XP_038695084.1
OG0007381	GWHPDONJ000899, GWHPDONJ001849	
OG0007382	GWHPDONJ000910	XP_038723614.1
OG0007383	GWHPDONJ000927, GWHPDONJ000928	
OG0007384	GWHPDONJ000940	XP_038712257.1
OG0007385	GWHPDONJ000943, GWHPDONJ009936	
OG0007386	GWHPDONJ000946	XP_038709295.1
OG0007387	GWHPDONJ000968	XP_038725113.1
OG0007388	GWHPDONJ000981, GWHPDONJ001176	
OG0007389	GWHPDONJ000998	XP_038680549.1
OG0007390	GWHPDONJ001033	XP_038702348.1
OG0007391	GWHPDONJ001062, GWHPDONJ001170	
OG0007392	GWHPDONJ001067	XP_038680798.1
OG0007393	GWHPDONJ001083	XP_038718191.1
OG0007394	GWHPDONJ001117	XP_038706994.1
OG0007395	GWHPDONJ001127	XP_038702086.1
OG0007396	GWHPDONJ001129, GWHPDONJ007894	
OG0007397	GWHPDONJ001130, GWHPDONJ007895	
OG0007398	GWHPDONJ001131	XP_038685979.1
OG0007399	GWHPDONJ001132	XP_038717411.1
OG0007400	GWHPDONJ001133	XP_038685401.1
OG0007401	GWHPDONJ001134	XP_038717631.1
OG0007402	GWHPDONJ001135	XP_038716784.1
OG0007403	GWHPDONJ001149, GWHPDONJ003465	
OG0007404	GWHPDONJ001181	XP_038726385.1
OG0007405	GWHPDONJ001187, GWHPDONJ009779	
OG0007406	GWHPDONJ001201	XP_038717531.1
OG0007407	GWHPDONJ001230	XP_038721629.1
OG0007408	GWHPDONJ001234	XP_038697406.1
OG0007409	GWHPDONJ001242	XP_038694265.1
OG0007410	GWHPDONJ001256	XP_038685017.1
OG0007411	GWHPDONJ001257	XP_038723304.1
OG0007412	GWHPDONJ001259	XP_038722858.1
OG0007413	GWHPDONJ001265	XP_038701210.1
OG0007414	GWHPDONJ001270	XP_038714066.1
OG0007415	GWHPDONJ001301, GWHPDONJ002997	
OG0007416	GWHPDONJ001303, GWHPDONJ002534	
OG0007417	GWHPDONJ001316	XP_038683132.1
OG0007418	GWHPDONJ001360	XP_038705865.1
OG0007419	GWHPDONJ001377	XP_038700388.1
OG0007420	GWHPDONJ001408	XP_038690210.1
OG0007421	GWHPDONJ001453	XP_038698327.1
OG0007422	GWHPDONJ001458, GWHPDONJ009644	
OG0007423	GWHPDONJ001461	XP_038696526.1
OG0007424	GWHPDONJ001471	XP_038695748.1
OG0007425	GWHPDONJ001492	XP_038695938.1
OG0007426	GWHPDONJ001495	XP_038717523.1
OG0007427	GWHPDONJ001525	XP_038694887.1
OG0007428	GWHPDONJ001540	XP_038686412.1
OG0007429	GWHPDONJ001548	XP_038710059.1
OG0007430	GWHPDONJ001549	XP_038706556.1
OG0007431	GWHPDONJ001550, GWHPDONJ006826	
OG0007432	GWHPDONJ001552	XP_038698439.1
OG0007433	GWHPDONJ001564	XP_038697887.1
OG0007434	GWHPDONJ001568	XP_038712194.1
OG0007435	GWHPDONJ001577	XP_038703403.1
OG0007436	GWHPDONJ001579	XP_038714861.1
OG0007437	GWHPDONJ001582	XP_038716058.1
OG0007438	GWHPDONJ001585	XP_038697133.1
OG0007439	GWHPDONJ001587	XP_038689102.1
OG0007440	GWHPDONJ001589	XP_038683134.1
OG0007441	GWHPDONJ001591	XP_038688839.1
OG0007442	GWHPDONJ001592	XP_038690985.1
OG0007443	GWHPDONJ001596	XP_038714129.1
OG0007444	GWHPDONJ001597	XP_038688852.1
OG0007445	GWHPDONJ001599	XP_038690216.1
OG0007446	GWHPDONJ001604, GWHPDONJ009233	
OG0007447	GWHPDONJ001605	XP_038679573.1
OG0007448	GWHPDONJ001620	XP_038717263.1
OG0007449	GWHPDONJ001628	XP_038720827.1
OG0007450	GWHPDONJ001641, GWHPDONJ008070	
OG0007451	GWHPDONJ001671	XP_038702810.1
OG0007452	GWHPDONJ001714	XP_038718584.1
OG0007453	GWHPDONJ001748	XP_038719269.1
OG0007454	GWHPDONJ001749	XP_038726152.1
OG0007455	GWHPDONJ001760	XP_038687679.1
OG0007456	GWHPDONJ001779	XP_038701461.1
OG0007457	GWHPDONJ001823	XP_038720829.1
OG0007458	GWHPDONJ001825	XP_038720660.1
OG0007459	GWHPDONJ001829, GWHPDONJ001832	
OG0007460	GWHPDONJ001839	XP_038705667.1
OG0007461	GWHPDONJ001842	XP_038695578.1
OG0007462	GWHPDONJ001843	XP_038701445.1
OG0007463	GWHPDONJ001845	XP_038694642.1
OG0007464	GWHPDONJ001852	XP_038707394.1
OG0007465	GWHPDONJ001865	XP_038725359.1
OG0007466	GWHPDONJ001883	XP_038687676.1
OG0007467	GWHPDONJ001912, GWHPDONJ002097	
OG0007468	GWHPDONJ001913	XP_038687166.1
OG0007469	GWHPDONJ001926, GWHPDONJ001927	
OG0007470	GWHPDONJ001939	XP_038707052.1
OG0007471	GWHPDONJ001974	XP_038702462.1
OG0007472	GWHPDONJ001994	XP_038697838.1
OG0007473	GWHPDONJ001996	XP_038716900.1
OG0007474	GWHPDONJ002001	XP_038680810.1
OG0007475	GWHPDONJ002002, GWHPDONJ004901	
OG0007476	GWHPDONJ002017	XP_038721254.1
OG0007477	GWHPDONJ002018	XP_038684237.1
OG0007478	GWHPDONJ002020	XP_038696898.1
OG0007479	GWHPDONJ002044	XP_038679914.1
OG0007480	GWHPDONJ002064	XP_038715759.1
OG0007481	GWHPDONJ002066, GWHPDONJ008754	
OG0007482	GWHPDONJ002080, GWHPDONJ002916	
OG0007483	GWHPDONJ002100, GWHPDONJ003200	
OG0007484	GWHPDONJ002117	XP_038699866.1
OG0007485	GWHPDONJ002122	XP_038716659.1
OG0007486	GWHPDONJ002135	XP_038698913.1
OG0007487	GWHPDONJ002137	XP_038713413.1
OG0007488	GWHPDONJ002139	XP_038698206.1
OG0007489	GWHPDONJ002157, GWHPDONJ009317	
OG0007490	GWHPDONJ002172	XP_038701620.1
OG0007491	GWHPDONJ002186	XP_038698583.1
OG0007492	GWHPDONJ002211	XP_038686972.1
OG0007493	GWHPDONJ002220, GWHPDONJ003554	
OG0007494	GWHPDONJ002223	XP_038679039.1
OG0007495	GWHPDONJ002247	XP_038715125.1
OG0007496	GWHPDONJ002255	XP_038698460.1
OG0007497	GWHPDONJ002264	XP_038704045.1
OG0007498	GWHPDONJ002273	XP_038695184.1
OG0007499	GWHPDONJ002279	XP_038700541.1
OG0007500	GWHPDONJ002280, GWHPDONJ010553	
OG0007501	GWHPDONJ002293	XP_038705337.1
OG0007502	GWHPDONJ002304, GWHPDONJ006720	
OG0007503	GWHPDONJ002317	XP_038718504.1
OG0007504	GWHPDONJ002329	XP_038706384.1
OG0007505	GWHPDONJ002351	XP_038683784.1
OG0007506	GWHPDONJ002364	XP_038699803.1
OG0007507	GWHPDONJ002371	XP_038695946.1
OG0007508	GWHPDONJ002381	XP_038712570.1
OG0007509	GWHPDONJ002390	XP_038716833.1
OG0007510	GWHPDONJ002398	XP_038718553.1
OG0007511	GWHPDONJ002404	XP_038712989.1
OG0007512	GWHPDONJ002406	XP_038685586.1
OG0007513	GWHPDONJ002408, GWHPDONJ010890	
OG0007514	GWHPDONJ002410	XP_038709224.1
OG0007515	GWHPDONJ002412	XP_038685983.1
OG0007516	GWHPDONJ002413	XP_038709663.1
OG0007517	GWHPDONJ002414	XP_038685146.1
OG0007518	GWHPDONJ002415	XP_038683988.1
OG0007519	GWHPDONJ002418	XP_038684419.1
OG0007520	GWHPDONJ002419	XP_038686595.1
OG0007521	GWHPDONJ002429	XP_038686278.1
OG0007522	GWHPDONJ002431	XP_038709325.1
OG0007523	GWHPDONJ002432	XP_038708775.1
OG0007524	GWHPDONJ002434	XP_038709241.1
OG0007525	GWHPDONJ002460, GWHPDONJ010081	
OG0007526	GWHPDONJ002479, GWHPDONJ008777	
OG0007527	GWHPDONJ002482	XP_038685494.1
OG0007528	GWHPDONJ002483	XP_038698875.1
OG0007529	GWHPDONJ002543	XP_038707141.1
OG0007530	GWHPDONJ002548	XP_038685044.1
OG0007531	GWHPDONJ002558	XP_038695369.1
OG0007532	GWHPDONJ002588	XP_038705678.1
OG0007533	GWHPDONJ002611	XP_038689019.1
OG0007534	GWHPDONJ002624	XP_038713949.1
OG0007535	GWHPDONJ002625	XP_038703370.1
OG0007536	GWHPDONJ002627	XP_038694569.1
OG0007537	GWHPDONJ002630	XP_038683351.1
OG0007538	GWHPDONJ002634	XP_038713360.1
OG0007539	GWHPDONJ002635	XP_038694889.1
OG0007540	GWHPDONJ002640	XP_038689995.1
OG0007541	GWHPDONJ002643	XP_038684561.1
OG0007542	GWHPDONJ002644, GWHPDONJ002645	
OG0007543	GWHPDONJ002672, GWHPDONJ003207	
OG0007544	GWHPDONJ002680	XP_038688213.1
OG0007545	GWHPDONJ002682	XP_038681565.1
OG0007546	GWHPDONJ002685	XP_038724933.1
OG0007547	GWHPDONJ002688, GWHPDONJ010605	
OG0007548	GWHPDONJ002691	XP_038723655.1
OG0007549	GWHPDONJ002698	XP_038721591.1
OG0007550	GWHPDONJ002702	XP_038689907.1
OG0007551	GWHPDONJ002711	XP_038685007.1
OG0007552	GWHPDONJ002717	XP_038719415.1
OG0007553	GWHPDONJ002718	XP_038702318.1
OG0007554	GWHPDONJ002720	XP_038691789.1
OG0007555	GWHPDONJ002721	XP_038718072.1
OG0007556	GWHPDONJ002723	XP_038690330.1
OG0007557	GWHPDONJ002725	XP_038698019.1
OG0007558	GWHPDONJ002736	XP_038691042.1
OG0007559	GWHPDONJ002740	XP_038690609.1
OG0007560	GWHPDONJ002756, GWHPDONJ007466	
OG0007561	GWHPDONJ002768	XP_038724133.1
OG0007562	GWHPDONJ002774, GWHPDONJ010056	
OG0007563	GWHPDONJ002780	XP_038703304.1
OG0007564	GWHPDONJ002808	XP_038693476.1
OG0007565	GWHPDONJ002850, GWHPDONJ002881	
OG0007566	GWHPDONJ002857	XP_038719738.1
OG0007567	GWHPDONJ002892, GWHPDONJ003061	
OG0007568	GWHPDONJ002902	XP_038700781.1
OG0007569	GWHPDONJ002920, GWHPDONJ006058	
OG0007570	GWHPDONJ002924	XP_038703535.1
OG0007571	GWHPDONJ002927	XP_038713036.1
OG0007572	GWHPDONJ002928	XP_038715897.1
OG0007573	GWHPDONJ002929	XP_038719166.1
OG0007574	GWHPDONJ002945	XP_038694009.1
OG0007575	GWHPDONJ003005	XP_038726403.1
OG0007576	GWHPDONJ003014, GWHPDONJ003053	
OG0007577	GWHPDONJ003032	XP_038704062.1
OG0007578	GWHPDONJ003033	XP_038716161.1
OG0007579	GWHPDONJ003038	XP_038716766.1
OG0007580	GWHPDONJ003050	XP_038725330.1
OG0007581	GWHPDONJ003094	XP_038722002.1
OG0007582	GWHPDONJ003110	XP_038698018.1
OG0007583	GWHPDONJ003144, GWHPDONJ010839	
OG0007584	GWHPDONJ003145	XP_038703514.1
OG0007585	GWHPDONJ003146	XP_038717906.1
OG0007586	GWHPDONJ003157	XP_038725794.1
OG0007587	GWHPDONJ003159	XP_038695032.1
OG0007588	GWHPDONJ003174	XP_038702748.1
OG0007589	GWHPDONJ003185	XP_038714458.1
OG0007590	GWHPDONJ003186	XP_038685991.1
OG0007591	GWHPDONJ003188	XP_038703339.1
OG0007592	GWHPDONJ003221	XP_038720001.1
OG0007593	GWHPDONJ003227, GWHPDONJ005921	
OG0007594	GWHPDONJ003245, GWHPDONJ005358	
OG0007595	GWHPDONJ003248	XP_038722385.1
OG0007596	GWHPDONJ003249, GWHPDONJ005357	
OG0007597	GWHPDONJ003256	XP_038696723.1
OG0007598	GWHPDONJ003282	XP_038699046.1
OG0007599	GWHPDONJ003292	XP_038724169.1
OG0007600	GWHPDONJ003302, GWHPDONJ007281	
OG0007601	GWHPDONJ003339	XP_038679086.1
OG0007602	GWHPDONJ003342	XP_038710917.1
OG0007603	GWHPDONJ003346	XP_038680786.1
OG0007604	GWHPDONJ003355	XP_038683014.1
OG0007605	GWHPDONJ003369	XP_038711354.1
OG0007606	GWHPDONJ003421	XP_038686051.1
OG0007607	GWHPDONJ003422	XP_038711584.1
OG0007608	GWHPDONJ003426	XP_038678591.1
OG0007609	GWHPDONJ003454	XP_038707812.1
OG0007610	GWHPDONJ003462	XP_038683445.1
OG0007611	GWHPDONJ003562	XP_038699904.1
OG0007612	GWHPDONJ003568	XP_038693670.1
OG0007613	GWHPDONJ003577	XP_038703175.1
OG0007614	GWHPDONJ003580	XP_038704253.1
OG0007615	GWHPDONJ003582	XP_038704061.1
OG0007616	GWHPDONJ003603	XP_038707591.1
OG0007617	GWHPDONJ003655	XP_038685092.1
OG0007618	GWHPDONJ003668, GWHPDONJ006989	
OG0007619	GWHPDONJ003681	XP_038680431.1
OG0007620	GWHPDONJ003685	XP_038697213.1
OG0007621	GWHPDONJ003735	XP_038680768.1
OG0007622	GWHPDONJ003753	XP_038702681.1
OG0007623	GWHPDONJ003754	XP_038682074.1
OG0007624	GWHPDONJ003774	XP_038684720.1
OG0007625	GWHPDONJ003777	XP_038687241.1
OG0007626	GWHPDONJ003779	XP_038687283.1
OG0007627	GWHPDONJ003787	XP_038703239.1
OG0007628	GWHPDONJ003794	XP_038701795.1
OG0007629	GWHPDONJ003822	XP_038709208.1
OG0007630	GWHPDONJ003823	XP_038711051.1
OG0007631	GWHPDONJ003824	XP_038707053.1
OG0007632	GWHPDONJ003826	XP_038693362.1
OG0007633	GWHPDONJ003839	XP_038679067.1
OG0007634	GWHPDONJ003847	XP_038693922.1
OG0007635	GWHPDONJ003850	XP_038720099.1
OG0007636	GWHPDONJ003852	XP_038690209.1
OG0007637	GWHPDONJ003861	XP_038706165.1
OG0007638	GWHPDONJ003862	XP_038714902.1
OG0007639	GWHPDONJ003864	XP_038721802.1
OG0007640	GWHPDONJ003865	XP_038694926.1
OG0007641	GWHPDONJ003866	XP_038692103.1
OG0007642	GWHPDONJ003869	XP_038706992.1
OG0007643	GWHPDONJ003872	XP_038724711.1
OG0007644	GWHPDONJ003874	XP_038690779.1
OG0007645	GWHPDONJ003879	XP_038679070.1
OG0007646	GWHPDONJ003881	XP_038706023.1
OG0007647	GWHPDONJ003884	XP_038721905.1
OG0007648	GWHPDONJ003887	XP_038706014.1
OG0007649	GWHPDONJ003889	XP_038688395.1
OG0007650	GWHPDONJ003890	XP_038692923.1
OG0007651	GWHPDONJ003891	XP_038719326.1
OG0007652	GWHPDONJ003892	XP_038721633.1
OG0007653	GWHPDONJ003895	XP_038702293.1
OG0007654	GWHPDONJ003896	XP_038706650.1
OG0007655	GWHPDONJ003897	XP_038706354.1
OG0007656	GWHPDONJ003900	XP_038687703.1
OG0007657	GWHPDONJ003901	XP_038695378.1
OG0007658	GWHPDONJ003902	XP_038707245.1
OG0007659	GWHPDONJ003904	XP_038715222.1
OG0007660	GWHPDONJ003908	XP_038707123.1
OG0007661	GWHPDONJ003909	XP_038700776.1
OG0007662	GWHPDONJ003911	XP_038694398.1
OG0007663	GWHPDONJ003919	XP_038697400.1
OG0007664	GWHPDONJ003920	XP_038706828.1
OG0007665	GWHPDONJ003921	XP_038706554.1
OG0007666	GWHPDONJ003922	XP_038701220.1
OG0007667	GWHPDONJ003923, GWHPDONJ010683	
OG0007668	GWHPDONJ003924	XP_038700099.1
OG0007669	GWHPDONJ003928	XP_038684632.1
OG0007670	GWHPDONJ003929	XP_038723094.1
OG0007671	GWHPDONJ003930	XP_038693076.1
OG0007672	GWHPDONJ003932	XP_038699003.1
OG0007673	GWHPDONJ003936	XP_038692838.1
OG0007674	GWHPDONJ003943	XP_038705671.1
OG0007675	GWHPDONJ003944	XP_038680031.1
OG0007676	GWHPDONJ003945	XP_038694192.1
OG0007677	GWHPDONJ003946	XP_038715731.1
OG0007678	GWHPDONJ003947	XP_038706287.1
OG0007679	GWHPDONJ003948	XP_038706941.1
OG0007680	GWHPDONJ003950	XP_038723679.1
OG0007681	GWHPDONJ003952	XP_038707794.1
OG0007682	GWHPDONJ003953	XP_038706412.1
OG0007683	GWHPDONJ003954	XP_038706408.1
OG0007684	GWHPDONJ003956	XP_038725910.1
OG0007685	GWHPDONJ003957	XP_038726319.1
OG0007686	GWHPDONJ003958	XP_038678450.1
OG0007687	GWHPDONJ003959	XP_038699870.1
OG0007688	GWHPDONJ003960	XP_038679120.1
OG0007689	GWHPDONJ003972	XP_038725353.1
OG0007690	GWHPDONJ003976	XP_038695022.1
OG0007691	GWHPDONJ003978	XP_038725734.1
OG0007692	GWHPDONJ003980	XP_038696848.1
OG0007693	GWHPDONJ003981	XP_038700877.1
OG0007694	GWHPDONJ003982	XP_038703402.1
OG0007695	GWHPDONJ003985	XP_038703063.1
OG0007696	GWHPDONJ003986	XP_038703757.1
OG0007697	GWHPDONJ003989	XP_038689222.1
OG0007698	GWHPDONJ003993	XP_038704573.1
OG0007699	GWHPDONJ003998	XP_038716343.1
OG0007700	GWHPDONJ004000	XP_038718457.1
OG0007701	GWHPDONJ004002	XP_038718650.1
OG0007702	GWHPDONJ004006	XP_038718337.1
OG0007703	GWHPDONJ004007	XP_038716625.1
OG0007704	GWHPDONJ004008	XP_038715405.1
OG0007705	GWHPDONJ004012	XP_038715239.1
OG0007706	GWHPDONJ004015	XP_038715985.1
OG0007707	GWHPDONJ004016	XP_038717814.1
OG0007708	GWHPDONJ004018	XP_038715570.1
OG0007709	GWHPDONJ004020	XP_038699968.1
OG0007710	GWHPDONJ004026	XP_038724701.1
OG0007711	GWHPDONJ004029	XP_038718218.1
OG0007712	GWHPDONJ004030	XP_038726235.1
OG0007713	GWHPDONJ004033	XP_038706639.1
OG0007714	GWHPDONJ004040	XP_038717664.1
OG0007715	GWHPDONJ004046	XP_038724329.1
OG0007716	GWHPDONJ004047	XP_038678735.1
OG0007717	GWHPDONJ004048	XP_038698300.1
OG0007718	GWHPDONJ004049	XP_038725482.1
OG0007719	GWHPDONJ004050	XP_038718389.1
OG0007720	GWHPDONJ004051	XP_038716257.1
OG0007721	GWHPDONJ004052	XP_038702704.1
OG0007722	GWHPDONJ004053	XP_038716194.1
OG0007723	GWHPDONJ004056	XP_038716106.1
OG0007724	GWHPDONJ004058	XP_038718105.1
OG0007725	GWHPDONJ004065	XP_038715970.1
OG0007726	GWHPDONJ004074	XP_038710523.1
OG0007727	GWHPDONJ004077	XP_038702526.1
OG0007728	GWHPDONJ004079	XP_038711253.1
OG0007729	GWHPDONJ004080	XP_038707140.1
OG0007730	GWHPDONJ004085	XP_038698485.1
OG0007731	GWHPDONJ004087	XP_038706179.1
OG0007732	GWHPDONJ004092	XP_038701123.1
OG0007733	GWHPDONJ004093	XP_038698426.1
OG0007734	GWHPDONJ004096	XP_038700723.1
OG0007735	GWHPDONJ004098	XP_038697084.1
OG0007736	GWHPDONJ004102	XP_038697086.1
OG0007737	GWHPDONJ004104	XP_038711934.1
OG0007738	GWHPDONJ004106	XP_038711680.1
OG0007739	GWHPDONJ004107	XP_038700260.1
OG0007740	GWHPDONJ004110	XP_038711365.1
OG0007741	GWHPDONJ004111	XP_038695619.1
OG0007742	GWHPDONJ004112	XP_038696022.1
OG0007743	GWHPDONJ004113	XP_038711067.1
OG0007744	GWHPDONJ004116	XP_038725417.1
OG0007745	GWHPDONJ004117	XP_038699144.1
OG0007746	GWHPDONJ004119	XP_038711990.1
OG0007747	GWHPDONJ004120	XP_038699152.1
OG0007748	GWHPDONJ004123	XP_038699526.1
OG0007749	GWHPDONJ004124	XP_038707894.1
OG0007750	GWHPDONJ004125	XP_038701047.1
OG0007751	GWHPDONJ004127	XP_038699980.1
OG0007752	GWHPDONJ004128	XP_038696658.1
OG0007753	GWHPDONJ004130	XP_038709770.1
OG0007754	GWHPDONJ004136	XP_038678966.1
OG0007755	GWHPDONJ004139	XP_038712703.1
OG0007756	GWHPDONJ004141	XP_038695841.1
OG0007757	GWHPDONJ004146	XP_038696369.1
OG0007758	GWHPDONJ004148	XP_038701110.1
OG0007759	GWHPDONJ004149	XP_038709701.1
OG0007760	GWHPDONJ004151, GWHPDONJ005926	
OG0007761	GWHPDONJ004156	XP_038698574.1
OG0007762	GWHPDONJ004157	XP_038700559.1
OG0007763	GWHPDONJ004158	XP_038699842.1
OG0007764	GWHPDONJ004159	XP_038700969.1
OG0007765	GWHPDONJ004162	XP_038698752.1
OG0007766	GWHPDONJ004168	XP_038724109.1
OG0007767	GWHPDONJ004171	XP_038700656.1
OG0007768	GWHPDONJ004173	XP_038710426.1
OG0007769	GWHPDONJ004174	XP_038719496.1
OG0007770	GWHPDONJ004175	XP_038699118.1
OG0007771	GWHPDONJ004176	XP_038705675.1
OG0007772	GWHPDONJ004179	XP_038718740.1
OG0007773	GWHPDONJ004183, GWHPDONJ007675	
OG0007774	GWHPDONJ004194	XP_038707100.1
OG0007775	GWHPDONJ004198	XP_038712835.1
OG0007776	GWHPDONJ004202	XP_038706065.1
OG0007777	GWHPDONJ004203	XP_038721006.1
OG0007778	GWHPDONJ004205	XP_038696250.1
OG0007779	GWHPDONJ004210	XP_038694767.1
OG0007780	GWHPDONJ004211	XP_038718492.1
OG0007781	GWHPDONJ004212	XP_038693144.1
OG0007782	GWHPDONJ004215	XP_038705874.1
OG0007783	GWHPDONJ004216	XP_038683760.1
OG0007784	GWHPDONJ004218	XP_038705795.1
OG0007785	GWHPDONJ004225	XP_038722043.1
OG0007786	GWHPDONJ004227	XP_038722249.1
OG0007787	GWHPDONJ004228	XP_038678682.1
OG0007788	GWHPDONJ004229	XP_038723894.1
OG0007789	GWHPDONJ004233	XP_038714001.1
OG0007790	GWHPDONJ004236	XP_038720887.1
OG0007791	GWHPDONJ004239	XP_038720525.1
OG0007792	GWHPDONJ004240	XP_038723224.1
OG0007793	GWHPDONJ004242	XP_038719089.1
OG0007794	GWHPDONJ004244	XP_038723442.1
OG0007795	GWHPDONJ004245	XP_038708608.1
OG0007796	GWHPDONJ004248	XP_038684608.1
OG0007797	GWHPDONJ004250	XP_038680847.1
OG0007798	GWHPDONJ004255	XP_038708524.1
OG0007799	GWHPDONJ004256	XP_038684185.1
OG0007800	GWHPDONJ004257	XP_038684044.1
OG0007801	GWHPDONJ004258	XP_038682991.1
OG0007802	GWHPDONJ004259	XP_038695153.1
OG0007803	GWHPDONJ004261	XP_038683852.1
OG0007804	GWHPDONJ004267	XP_038710760.1
OG0007805	GWHPDONJ004270	XP_038721596.1
OG0007806	GWHPDONJ004271	XP_038705910.1
OG0007807	GWHPDONJ004273	XP_038705807.1
OG0007808	GWHPDONJ004275	XP_038697021.1
OG0007809	GWHPDONJ004278	XP_038722131.1
OG0007810	GWHPDONJ004287	XP_038698666.1
OG0007811	GWHPDONJ004289	XP_038682778.1
OG0007812	GWHPDONJ004294	XP_038683275.1
OG0007813	GWHPDONJ004299	XP_038690926.1
OG0007814	GWHPDONJ004301	XP_038724316.1
OG0007815	GWHPDONJ004306	XP_038710621.1
OG0007816	GWHPDONJ004311	XP_038681054.1
OG0007817	GWHPDONJ004312	XP_038681082.1
OG0007818	GWHPDONJ004316	XP_038692582.1
OG0007819	GWHPDONJ004324	XP_038712331.1
OG0007820	GWHPDONJ004328	XP_038702361.1
OG0007821	GWHPDONJ004330	XP_038687840.1
OG0007822	GWHPDONJ004332	XP_038718891.1
OG0007823	GWHPDONJ004333, GWHPDONJ004787	
OG0007824	GWHPDONJ004339	XP_038690868.1
OG0007825	GWHPDONJ004340	XP_038679008.1
OG0007826	GWHPDONJ004341	XP_038693291.1
OG0007827	GWHPDONJ004343	XP_038725470.1
OG0007828	GWHPDONJ004344	XP_038696139.1
OG0007829	GWHPDONJ004348	XP_038725354.1
OG0007830	GWHPDONJ004349	XP_038710992.1
OG0007831	GWHPDONJ004351	XP_038725654.1
OG0007832	GWHPDONJ004352	XP_038696616.1
OG0007833	GWHPDONJ004355	XP_038709612.1
OG0007834	GWHPDONJ004356	XP_038724700.1
OG0007835	GWHPDONJ004357	XP_038700196.1
OG0007836	GWHPDONJ004358	XP_038726265.1
OG0007837	GWHPDONJ004360	XP_038725424.1
OG0007838	GWHPDONJ004365	XP_038681485.1
OG0007839	GWHPDONJ004366	XP_038696236.1
OG0007840	GWHPDONJ004367	XP_038678758.1
OG0007841	GWHPDONJ004368	XP_038712360.1
OG0007842	GWHPDONJ004369	XP_038696625.1
OG0007843	GWHPDONJ004371	XP_038717159.1
OG0007844	GWHPDONJ004373	XP_038682971.1
OG0007845	GWHPDONJ004374	XP_038721271.1
OG0007846	GWHPDONJ004375	XP_038697813.1
OG0007847	GWHPDONJ004380	XP_038683915.1
OG0007848	GWHPDONJ004381	XP_038720640.1
OG0007849	GWHPDONJ004382	XP_038687288.1
OG0007850	GWHPDONJ004386	XP_038688268.1
OG0007851	GWHPDONJ004387	XP_038694283.1
OG0007852	GWHPDONJ004388	XP_038701976.1
OG0007853	GWHPDONJ004391	XP_038688341.1
OG0007854	GWHPDONJ004393	XP_038720965.1
OG0007855	GWHPDONJ004394	XP_038696829.1
OG0007856	GWHPDONJ004397	XP_038726052.1
OG0007857	GWHPDONJ004398	XP_038710729.1
OG0007858	GWHPDONJ004406	XP_038697310.1
OG0007859	GWHPDONJ004408	XP_038720082.1
OG0007860	GWHPDONJ004409	XP_038697893.1
OG0007861	GWHPDONJ004410	XP_038697946.1
OG0007862	GWHPDONJ004417	XP_038720516.1
OG0007863	GWHPDONJ004419	XP_038692337.1
OG0007864	GWHPDONJ004421	XP_038680811.1
OG0007865	GWHPDONJ004422	XP_038720513.1
OG0007866	GWHPDONJ004430	XP_038713937.1
OG0007867	GWHPDONJ004432	XP_038707565.1
OG0007868	GWHPDONJ004434	XP_038720897.1
OG0007869	GWHPDONJ004438	XP_038721297.1
OG0007870	GWHPDONJ004448, GWHPDONJ008551	
OG0007871	GWHPDONJ004450	XP_038724855.1
OG0007872	GWHPDONJ004453	XP_038695652.1
OG0007873	GWHPDONJ004456	XP_038693193.1
OG0007874	GWHPDONJ004458	XP_038701217.1
OG0007875	GWHPDONJ004461	XP_038701318.1
OG0007876	GWHPDONJ004463	XP_038721150.1
OG0007877	GWHPDONJ004464	XP_038705248.1
OG0007878	GWHPDONJ004467	XP_038698705.1
OG0007879	GWHPDONJ004469	XP_038678656.1
OG0007880	GWHPDONJ004472	XP_038695780.1
OG0007881	GWHPDONJ004481	XP_038718279.1
OG0007882	GWHPDONJ004482	XP_038701057.1
OG0007883	GWHPDONJ004485	XP_038703672.1
OG0007884	GWHPDONJ004488	XP_038715988.1
OG0007885	GWHPDONJ004497	XP_038708809.1
OG0007886	GWHPDONJ004500	XP_038696551.1
OG0007887	GWHPDONJ004504	XP_038702701.1
OG0007888	GWHPDONJ004507	XP_038697666.1
OG0007889	GWHPDONJ004512	XP_038720518.1
OG0007890	GWHPDONJ004514	XP_038705710.1
OG0007891	GWHPDONJ004515	XP_038707090.1
OG0007892	GWHPDONJ004519	XP_038706305.1
OG0007893	GWHPDONJ004520	XP_038711517.1
OG0007894	GWHPDONJ004521	XP_038707419.1
OG0007895	GWHPDONJ004522	XP_038707928.1
OG0007896	GWHPDONJ004523	XP_038721268.1
OG0007897	GWHPDONJ004527	XP_038705689.1
OG0007898	GWHPDONJ004530	XP_038697702.1
OG0007899	GWHPDONJ004531	XP_038722095.1
OG0007900	GWHPDONJ004533	XP_038686699.1
OG0007901	GWHPDONJ004535	XP_038722405.1
OG0007902	GWHPDONJ004536	XP_038714617.1
OG0007903	GWHPDONJ004537	XP_038705862.1
OG0007904	GWHPDONJ004538	XP_038717728.1
OG0007905	GWHPDONJ004541	XP_038679594.1
OG0007906	GWHPDONJ004546	XP_038682882.1
OG0007907	GWHPDONJ004554	XP_038693989.1
OG0007908	GWHPDONJ004555	XP_038700202.1
OG0007909	GWHPDONJ004559	XP_038720813.1
OG0007910	GWHPDONJ004567	XP_038694201.1
OG0007911	GWHPDONJ004569	XP_038682804.1
OG0007912	GWHPDONJ004572, GWHPDONJ010569	
OG0007913	GWHPDONJ004577	XP_038693677.1
OG0007914	GWHPDONJ004580	XP_038705521.1
OG0007915	GWHPDONJ004587	XP_038719187.1
OG0007916	GWHPDONJ004596	XP_038701223.1
OG0007917	GWHPDONJ004599	XP_038719389.1
OG0007918	GWHPDONJ004601	XP_038706452.1
OG0007919	GWHPDONJ004602	XP_038694678.1
OG0007920	GWHPDONJ004603	XP_038701137.1
OG0007921	GWHPDONJ004604	XP_038720784.1
OG0007922	GWHPDONJ004610	XP_038707915.1
OG0007923	GWHPDONJ004611	XP_038724512.1
OG0007924	GWHPDONJ004612	XP_038724456.1
OG0007925	GWHPDONJ004613	XP_038694843.1
OG0007926	GWHPDONJ004614	XP_038681483.1
OG0007927	GWHPDONJ004615	XP_038705919.1
OG0007928	GWHPDONJ004617	XP_038707247.1
OG0007929	GWHPDONJ004618	XP_038707791.1
OG0007930	GWHPDONJ004623	XP_038688895.1
OG0007931	GWHPDONJ004626	XP_038692365.1
OG0007932	GWHPDONJ004627	XP_038706003.1
OG0007933	GWHPDONJ004629	XP_038707847.1
OG0007934	GWHPDONJ004630	XP_038707631.1
OG0007935	GWHPDONJ004631	XP_038698762.1
OG0007936	GWHPDONJ004637	XP_038697635.1
OG0007937	GWHPDONJ004639	XP_038715864.1
OG0007938	GWHPDONJ004643	XP_038688144.1
OG0007939	GWHPDONJ004646	XP_038682721.1
OG0007940	GWHPDONJ004649	XP_038707135.1
OG0007941	GWHPDONJ004650	XP_038686398.1
OG0007942	GWHPDONJ004651	XP_038706385.1
OG0007943	GWHPDONJ004652	XP_038704960.1
OG0007944	GWHPDONJ004657	XP_038714490.1
OG0007945	GWHPDONJ004669	XP_038707659.1
OG0007946	GWHPDONJ004670	XP_038694456.1
OG0007947	GWHPDONJ004671	XP_038710924.1
OG0007948	GWHPDONJ004676	XP_038707573.1
OG0007949	GWHPDONJ004677	XP_038702547.1
OG0007950	GWHPDONJ004678	XP_038723650.1
OG0007951	GWHPDONJ004680	XP_038689679.1
OG0007952	GWHPDONJ004682	XP_038692573.1
OG0007953	GWHPDONJ004688	XP_038681149.1
OG0007954	GWHPDONJ004691	XP_038712270.1
OG0007955	GWHPDONJ004694	XP_038702947.1
OG0007956	GWHPDONJ004695	XP_038696315.1
OG0007957	GWHPDONJ004700, GWHPDONJ004701	
OG0007958	GWHPDONJ004712	XP_038720788.1
OG0007959	GWHPDONJ004713	XP_038715655.1
OG0007960	GWHPDONJ004715	XP_038724894.1
OG0007961	GWHPDONJ004716	XP_038703233.1
OG0007962	GWHPDONJ004719	XP_038722680.1
OG0007963	GWHPDONJ004721	XP_038724434.1
OG0007964	GWHPDONJ004722	XP_038716265.1
OG0007965	GWHPDONJ004727	XP_038723082.1
OG0007966	GWHPDONJ004733	XP_038697866.1
OG0007967	GWHPDONJ004736	XP_038695495.1
OG0007968	GWHPDONJ004737	XP_038707371.1
OG0007969	GWHPDONJ004738	XP_038684243.1
OG0007970	GWHPDONJ004742	XP_038719111.1
OG0007971	GWHPDONJ004746	XP_038697553.1
OG0007972	GWHPDONJ004752	XP_038697168.1
OG0007973	GWHPDONJ004756	XP_038682927.1
OG0007974	GWHPDONJ004757	XP_038686274.1
OG0007975	GWHPDONJ004763	XP_038692721.1
OG0007976	GWHPDONJ004771	XP_038684269.1
OG0007977	GWHPDONJ004782	XP_038679090.1
OG0007978	GWHPDONJ004783	XP_038702174.1
OG0007979	GWHPDONJ004786	XP_038692282.1
OG0007980	GWHPDONJ004793	XP_038721514.1
OG0007981	GWHPDONJ004800	XP_038720804.1
OG0007982	GWHPDONJ004801	XP_038701604.1
OG0007983	GWHPDONJ004804	XP_038690215.1
OG0007984	GWHPDONJ004810	XP_038696483.1
OG0007985	GWHPDONJ004813	XP_038701301.1
OG0007986	GWHPDONJ004817	XP_038723198.1
OG0007987	GWHPDONJ004818	XP_038720741.1
OG0007988	GWHPDONJ004820	XP_038720281.1
OG0007989	GWHPDONJ004821	XP_038698052.1
OG0007990	GWHPDONJ004823	XP_038720809.1
OG0007991	GWHPDONJ004825	XP_038707529.1
OG0007992	GWHPDONJ004826	XP_038697105.1
OG0007993	GWHPDONJ004829	XP_038715818.1
OG0007994	GWHPDONJ004837, GWHPDONJ010068	
OG0007995	GWHPDONJ004839	XP_038720425.1
OG0007996	GWHPDONJ004842	XP_038721652.1
OG0007997	GWHPDONJ004843	XP_038720582.1
OG0007998	GWHPDONJ004844	XP_038692467.1
OG0007999	GWHPDONJ004846	XP_038688622.1
OG0008000	GWHPDONJ004848	XP_038721824.1
OG0008001	GWHPDONJ004850	XP_038724066.1
OG0008002	GWHPDONJ004851	XP_038695905.1
OG0008003	GWHPDONJ004859, GWHPDONJ010124	
OG0008004	GWHPDONJ004860	XP_038693632.1
OG0008005	GWHPDONJ004862	XP_038694114.1
OG0008006	GWHPDONJ004871, GWHPDONJ010708	
OG0008007	GWHPDONJ004894	XP_038695736.1
OG0008008	GWHPDONJ004898	XP_038700500.1
OG0008009	GWHPDONJ004899	XP_038696624.1
OG0008010	GWHPDONJ004905	XP_038716305.1
OG0008011	GWHPDONJ004906	XP_038702856.1
OG0008012	GWHPDONJ004915	XP_038713002.1
OG0008013	GWHPDONJ004921	XP_038691136.1
OG0008014	GWHPDONJ004923	XP_038721031.1
OG0008015	GWHPDONJ004927, GWHPDONJ008682	
OG0008016	GWHPDONJ004931	XP_038721569.1
OG0008017	GWHPDONJ004933	XP_038701767.1
OG0008018	GWHPDONJ004937	XP_038721799.1
OG0008019	GWHPDONJ004944	XP_038696167.1
OG0008020	GWHPDONJ004945	XP_038687480.1
OG0008021	GWHPDONJ004946	XP_038723793.1
OG0008022	GWHPDONJ004949	XP_038681889.1
OG0008023	GWHPDONJ004951	XP_038701336.1
OG0008024	GWHPDONJ004956	XP_038711235.1
OG0008025	GWHPDONJ004959	XP_038713889.1
OG0008026	GWHPDONJ004961	XP_038718621.1
OG0008027	GWHPDONJ004963	XP_038691377.1
OG0008028	GWHPDONJ004968	XP_038705024.1
OG0008029	GWHPDONJ004972	XP_038702512.1
OG0008030	GWHPDONJ004980	XP_038684298.1
OG0008031	GWHPDONJ004986	XP_038684907.1
OG0008032	GWHPDONJ004987	XP_038682233.1
OG0008033	GWHPDONJ004988	XP_038686899.1
OG0008034	GWHPDONJ004992	XP_038708129.1
OG0008035	GWHPDONJ004994	XP_038708395.1
OG0008036	GWHPDONJ004995	XP_038725959.1
OG0008037	GWHPDONJ005002	XP_038682465.1
OG0008038	GWHPDONJ005003	XP_038682733.1
OG0008039	GWHPDONJ005004	XP_038681189.1
OG0008040	GWHPDONJ005007	XP_038683261.1
OG0008041	GWHPDONJ005008	XP_038722265.1
OG0008042	GWHPDONJ005010	XP_038682176.1
OG0008043	GWHPDONJ005011	XP_038683195.1
OG0008044	GWHPDONJ005018	XP_038681427.1
OG0008045	GWHPDONJ005019	XP_038682041.1
OG0008046	GWHPDONJ005021	XP_038708658.1
OG0008047	GWHPDONJ005022	XP_038718645.1
OG0008048	GWHPDONJ005025	XP_038712737.1
OG0008049	GWHPDONJ005027	XP_038682142.1
OG0008050	GWHPDONJ005028	XP_038708116.1
OG0008051	GWHPDONJ005029	XP_038723701.1
OG0008052	GWHPDONJ005030	XP_038693766.1
OG0008053	GWHPDONJ005033	XP_038689350.1
OG0008054	GWHPDONJ005037	XP_038682776.1
OG0008055	GWHPDONJ005038	XP_038709046.1
OG0008056	GWHPDONJ005039	XP_038682263.1
OG0008057	GWHPDONJ005044	XP_038681792.1
OG0008058	GWHPDONJ005045	XP_038684245.1
OG0008059	GWHPDONJ005046	XP_038682582.1
OG0008060	GWHPDONJ005049	XP_038683607.1
OG0008061	GWHPDONJ005050	XP_038682860.1
OG0008062	GWHPDONJ005051	XP_038682857.1
OG0008063	GWHPDONJ005053	XP_038681778.1
OG0008064	GWHPDONJ005054	XP_038680663.1
OG0008065	GWHPDONJ005058	XP_038720841.1
OG0008066	GWHPDONJ005060	XP_038697015.1
OG0008067	GWHPDONJ005065	XP_038680698.1
OG0008068	GWHPDONJ005066	XP_038682757.1
OG0008069	GWHPDONJ005068	XP_038684305.1
OG0008070	GWHPDONJ005075	XP_038709678.1
OG0008071	GWHPDONJ005076	XP_038709215.1
OG0008072	GWHPDONJ005078	XP_038683560.1
OG0008073	GWHPDONJ005079	XP_038683127.1
OG0008074	GWHPDONJ005080	XP_038682333.1
OG0008075	GWHPDONJ005081	XP_038709009.1
OG0008076	GWHPDONJ005087	XP_038722883.1
OG0008077	GWHPDONJ005088	XP_038686920.1
OG0008078	GWHPDONJ005090	XP_038713723.1
OG0008079	GWHPDONJ005092	XP_038704400.1
OG0008080	GWHPDONJ005094	XP_038694931.1
OG0008081	GWHPDONJ005105	XP_038703362.1
OG0008082	GWHPDONJ005106	XP_038716563.1
OG0008083	GWHPDONJ005107	XP_038705206.1
OG0008084	GWHPDONJ005109	XP_038704160.1
OG0008085	GWHPDONJ005116	XP_038716926.1
OG0008086	GWHPDONJ005117	XP_038723902.1
OG0008087	GWHPDONJ005123	XP_038717762.1
OG0008088	GWHPDONJ005125	XP_038706702.1
OG0008089	GWHPDONJ005127	XP_038704248.1
OG0008090	GWHPDONJ005128	XP_038715998.1
OG0008091	GWHPDONJ005130	XP_038714937.1
OG0008092	GWHPDONJ005133	XP_038716391.1
OG0008093	GWHPDONJ005134	XP_038716151.1
OG0008094	GWHPDONJ005136	XP_038716205.1
OG0008095	GWHPDONJ005142	XP_038716220.1
OG0008096	GWHPDONJ005147	XP_038702625.1
OG0008097	GWHPDONJ005148	XP_038715890.1
OG0008098	GWHPDONJ005153	XP_038714895.1
OG0008099	GWHPDONJ005154	XP_038718125.1
OG0008100	GWHPDONJ005155	XP_038717501.1
OG0008101	GWHPDONJ005158	XP_038714630.1
OG0008102	GWHPDONJ005161	XP_038701530.1
OG0008103	GWHPDONJ005163	XP_038717150.1
OG0008104	GWHPDONJ005167	XP_038715929.1
OG0008105	GWHPDONJ005168	XP_038716241.1
OG0008106	GWHPDONJ005169	XP_038716273.1
OG0008107	GWHPDONJ005172	XP_038716596.1
OG0008108	GWHPDONJ005174	XP_038702682.1
OG0008109	GWHPDONJ005181	XP_038702628.1
OG0008110	GWHPDONJ005182	XP_038722392.1
OG0008111	GWHPDONJ005186	XP_038718637.1
OG0008112	GWHPDONJ005190	XP_038715563.1
OG0008113	GWHPDONJ005191	XP_038717941.1
OG0008114	GWHPDONJ005192	XP_038714681.1
OG0008115	GWHPDONJ005194	XP_038721285.1
OG0008116	GWHPDONJ005196	XP_038689078.1
OG0008117	GWHPDONJ005198	XP_038694943.1
OG0008118	GWHPDONJ005199	XP_038697650.1
OG0008119	GWHPDONJ005201	XP_038715237.1
OG0008120	GWHPDONJ005203	XP_038716692.1
OG0008121	GWHPDONJ005204	XP_038710853.1
OG0008122	GWHPDONJ005205	XP_038718180.1
OG0008123	GWHPDONJ005210	XP_038704275.1
OG0008124	GWHPDONJ005211	XP_038696006.1
OG0008125	GWHPDONJ005212	XP_038686350.1
OG0008126	GWHPDONJ005215	XP_038717861.1
OG0008127	GWHPDONJ005219	XP_038698607.1
OG0008128	GWHPDONJ005220	XP_038678855.1
OG0008129	GWHPDONJ005223	XP_038710280.1
OG0008130	GWHPDONJ005226	XP_038679051.1
OG0008131	GWHPDONJ005227	XP_038704375.1
OG0008132	GWHPDONJ005228	XP_038713710.1
OG0008133	GWHPDONJ005235	XP_038697657.1
OG0008134	GWHPDONJ005237	XP_038696233.1
OG0008135	GWHPDONJ005239	XP_038699056.1
OG0008136	GWHPDONJ005240	XP_038701652.1
OG0008137	GWHPDONJ005245	XP_038700378.1
OG0008138	GWHPDONJ005246	XP_038714411.1
OG0008139	GWHPDONJ005247	XP_038704104.1
OG0008140	GWHPDONJ005256	XP_038713146.1
OG0008141	GWHPDONJ005258	XP_038692867.1
OG0008142	GWHPDONJ005259	XP_038710163.1
OG0008143	GWHPDONJ005262	XP_038686209.1
OG0008144	GWHPDONJ005264	XP_038718663.1
OG0008145	GWHPDONJ005265	XP_038707032.1
OG0008146	GWHPDONJ005267	XP_038700213.1
OG0008147	GWHPDONJ005270	XP_038697365.1
OG0008148	GWHPDONJ005277	XP_038709839.1
OG0008149	GWHPDONJ005279	XP_038713229.1
OG0008150	GWHPDONJ005280	XP_038688776.1
OG0008151	GWHPDONJ005283	XP_038688964.1
OG0008152	GWHPDONJ005285	XP_038681354.1
OG0008153	GWHPDONJ005290	XP_038681278.1
OG0008154	GWHPDONJ005291	XP_038701194.1
OG0008155	GWHPDONJ005292	XP_038678657.1
OG0008156	GWHPDONJ005294	XP_038721117.1
OG0008157	GWHPDONJ005297	XP_038725707.1
OG0008158	GWHPDONJ005299	XP_038702899.1
OG0008159	GWHPDONJ005301	XP_038725392.1
OG0008160	GWHPDONJ005304	XP_038700944.1
OG0008161	GWHPDONJ005306	XP_038724799.1
OG0008162	GWHPDONJ005307	XP_038725775.1
OG0008163	GWHPDONJ005308	XP_038726015.1
OG0008164	GWHPDONJ005309	XP_038724608.1
OG0008165	GWHPDONJ005311	XP_038696959.1
OG0008166	GWHPDONJ005312	XP_038716180.1
OG0008167	GWHPDONJ005315	XP_038703068.1
OG0008168	GWHPDONJ005318	XP_038722554.1
OG0008169	GWHPDONJ005322	XP_038720942.1
OG0008170	GWHPDONJ005323	XP_038714741.1
OG0008171	GWHPDONJ005327	XP_038687456.1
OG0008172	GWHPDONJ005328	XP_038705392.1
OG0008173	GWHPDONJ005330	XP_038718543.1
OG0008174	GWHPDONJ005332	XP_038686783.1
OG0008175	GWHPDONJ005340	XP_038686607.1
OG0008176	GWHPDONJ005349	XP_038689663.1
OG0008177	GWHPDONJ005365	XP_038711426.1
OG0008178	GWHPDONJ005368	XP_038695367.1
OG0008179	GWHPDONJ005370	XP_038716558.1
OG0008180	GWHPDONJ005371	XP_038700832.1
OG0008181	GWHPDONJ005373	XP_038699193.1
OG0008182	GWHPDONJ005374	XP_038705513.1
OG0008183	GWHPDONJ005380	XP_038700691.1
OG0008184	GWHPDONJ005381	XP_038700301.1
OG0008185	GWHPDONJ005383	XP_038681985.1
OG0008186	GWHPDONJ005388	XP_038705787.1
OG0008187	GWHPDONJ005390	XP_038705945.1
OG0008188	GWHPDONJ005391	XP_038710038.1
OG0008189	GWHPDONJ005392	XP_038714852.1
OG0008190	GWHPDONJ005393	XP_038716776.1
OG0008191	GWHPDONJ005394	XP_038720371.1
OG0008192	GWHPDONJ005396	XP_038711109.1
OG0008193	GWHPDONJ005397	XP_038710566.1
OG0008194	GWHPDONJ005402	XP_038719139.1
OG0008195	GWHPDONJ005403	XP_038701636.1
OG0008196	GWHPDONJ005405	XP_038703797.1
OG0008197	GWHPDONJ005408	XP_038713219.1
OG0008198	GWHPDONJ005409	XP_038703159.1
OG0008199	GWHPDONJ005412	XP_038725735.1
OG0008200	GWHPDONJ005413	XP_038703332.1
OG0008201	GWHPDONJ005415	XP_038719749.1
OG0008202	GWHPDONJ005416	XP_038703021.1
OG0008203	GWHPDONJ005417	XP_038693929.1
OG0008204	GWHPDONJ005420	XP_038720347.1
OG0008205	GWHPDONJ005421	XP_038705040.1
OG0008206	GWHPDONJ005423	XP_038684486.1
OG0008207	GWHPDONJ005429	XP_038689688.1
OG0008208	GWHPDONJ005431	XP_038702653.1
OG0008209	GWHPDONJ005432	XP_038704914.1
OG0008210	GWHPDONJ005435	XP_038707878.1
OG0008211	GWHPDONJ005436	XP_038692915.1
OG0008212	GWHPDONJ005437	XP_038692209.1
OG0008213	GWHPDONJ005441	XP_038702942.1
OG0008214	GWHPDONJ005442	XP_038693604.1
OG0008215	GWHPDONJ005445	XP_038703261.1
OG0008216	GWHPDONJ005450	XP_038704096.1
OG0008217	GWHPDONJ005451, GWHPDONJ010116	
OG0008218	GWHPDONJ005456	XP_038693593.1
OG0008219	GWHPDONJ005459	XP_038701538.1
OG0008220	GWHPDONJ005462	XP_038683871.1
OG0008221	GWHPDONJ005465	XP_038709067.1
OG0008222	GWHPDONJ005468	XP_038683907.1
OG0008223	GWHPDONJ005471	XP_038681796.1
OG0008224	GWHPDONJ005472	XP_038684253.1
OG0008225	GWHPDONJ005473	XP_038681711.1
OG0008226	GWHPDONJ005474	XP_038683487.1
OG0008227	GWHPDONJ005476	XP_038681932.1
OG0008228	GWHPDONJ005477	XP_038692254.1
OG0008229	GWHPDONJ005481	XP_038684142.1
OG0008230	GWHPDONJ005483	XP_038684396.1
OG0008231	GWHPDONJ005484	XP_038688618.1
OG0008232	GWHPDONJ005486	XP_038698703.1
OG0008233	GWHPDONJ005489	XP_038683932.1
OG0008234	GWHPDONJ005490	XP_038680969.1
OG0008235	GWHPDONJ005494	XP_038683882.1
OG0008236	GWHPDONJ005498	XP_038709913.1
OG0008237	GWHPDONJ005502	XP_038683425.1
OG0008238	GWHPDONJ005504	XP_038710062.1
OG0008239	GWHPDONJ005507	XP_038717942.1
OG0008240	GWHPDONJ005513	XP_038683531.1
OG0008241	GWHPDONJ005514	XP_038682651.1
OG0008242	GWHPDONJ005520	XP_038717642.1
OG0008243	GWHPDONJ005525	XP_038700397.1
OG0008244	GWHPDONJ005528	XP_038686511.1
OG0008245	GWHPDONJ005530	XP_038678504.1
OG0008246	GWHPDONJ005532	XP_038724556.1
OG0008247	GWHPDONJ005538	XP_038680382.1
OG0008248	GWHPDONJ005540	XP_038684560.1
OG0008249	GWHPDONJ005543	XP_038706194.1
OG0008250	GWHPDONJ005545	XP_038690355.1
OG0008251	GWHPDONJ005546	XP_038719650.1
OG0008252	GWHPDONJ005549	XP_038685297.1
OG0008253	GWHPDONJ005551	XP_038686815.1
OG0008254	GWHPDONJ005562	XP_038686157.1
OG0008255	GWHPDONJ005564	XP_038723236.1
OG0008256	GWHPDONJ005565	XP_038709260.1
OG0008257	GWHPDONJ005570	XP_038719246.1
OG0008258	GWHPDONJ005575	XP_038722635.1
OG0008259	GWHPDONJ005576	XP_038720430.1
OG0008260	GWHPDONJ005578	XP_038722247.1
OG0008261	GWHPDONJ005583	XP_038705467.1
OG0008262	GWHPDONJ005595	XP_038685926.1
OG0008263	GWHPDONJ005599	XP_038681555.1
OG0008264	GWHPDONJ005600	XP_038709955.1
OG0008265	GWHPDONJ005602	XP_038723901.1
OG0008266	GWHPDONJ005604, GWHPDONJ005620	
OG0008267	GWHPDONJ005606	XP_038715802.1
OG0008268	GWHPDONJ005611	XP_038723450.1
OG0008269	GWHPDONJ005621	XP_038721490.1
OG0008270	GWHPDONJ005623	XP_038724153.1
OG0008271	GWHPDONJ005625	XP_038684227.1
OG0008272	GWHPDONJ005642	XP_038704871.1
OG0008273	GWHPDONJ005647	XP_038695053.1
OG0008274	GWHPDONJ005648	XP_038715670.1
OG0008275	GWHPDONJ005649	XP_038716590.1
OG0008276	GWHPDONJ005651	XP_038719094.1
OG0008277	GWHPDONJ005653	XP_038722214.1
OG0008278	GWHPDONJ005655	XP_038701938.1
OG0008279	GWHPDONJ005656	XP_038722579.1
OG0008280	GWHPDONJ005659	XP_038721716.1
OG0008281	GWHPDONJ005662	XP_038698609.1
OG0008282	GWHPDONJ005670	XP_038688989.1
OG0008283	GWHPDONJ005673	XP_038688891.1
OG0008284	GWHPDONJ005674	XP_038722376.1
OG0008285	GWHPDONJ005676	XP_038714370.1
OG0008286	GWHPDONJ005678	XP_038696721.1
OG0008287	GWHPDONJ005687	XP_038683891.1
OG0008288	GWHPDONJ005690	XP_038694961.1
OG0008289	GWHPDONJ005692	XP_038691017.1
OG0008290	GWHPDONJ005694	XP_038690270.1
OG0008291	GWHPDONJ005695	XP_038704414.1
OG0008292	GWHPDONJ005700	XP_038686476.1
OG0008293	GWHPDONJ005701	XP_038682552.1
OG0008294	GWHPDONJ005702	XP_038711408.1
OG0008295	GWHPDONJ005705	XP_038692064.1
OG0008296	GWHPDONJ005706	XP_038688453.1
OG0008297	GWHPDONJ005708	XP_038689475.1
OG0008298	GWHPDONJ005709	XP_038682230.1
OG0008299	GWHPDONJ005710	XP_038682846.1
OG0008300	GWHPDONJ005711	XP_038696749.1
OG0008301	GWHPDONJ005713	XP_038714368.1
OG0008302	GWHPDONJ005715	XP_038704943.1
OG0008303	GWHPDONJ005716	XP_038712894.1
OG0008304	GWHPDONJ005721	XP_038692296.1
OG0008305	GWHPDONJ005724, GWHPDONJ009584	
OG0008306	GWHPDONJ005725	XP_038703093.1
OG0008307	GWHPDONJ005727	XP_038696446.1
OG0008308	GWHPDONJ005728	XP_038703934.1
OG0008309	GWHPDONJ005729	XP_038714237.1
OG0008310	GWHPDONJ005731	XP_038683710.1
OG0008311	GWHPDONJ005732	XP_038703911.1
OG0008312	GWHPDONJ005733	XP_038690732.1
OG0008313	GWHPDONJ005738	XP_038725430.1
OG0008314	GWHPDONJ005739	XP_038681408.1
OG0008315	GWHPDONJ005740	XP_038700420.1
OG0008316	GWHPDONJ005744	XP_038701550.1
OG0008317	GWHPDONJ005747	XP_038714833.1
OG0008318	GWHPDONJ005749, GWHPDONJ006075	
OG0008319	GWHPDONJ005751	XP_038691548.1
OG0008320	GWHPDONJ005755	XP_038691811.1
OG0008321	GWHPDONJ005756	XP_038687926.1
OG0008322	GWHPDONJ005760	XP_038715364.1
OG0008323	GWHPDONJ005761	XP_038715756.1
OG0008324	GWHPDONJ005762	XP_038714886.1
OG0008325	GWHPDONJ005763	XP_038695565.1
OG0008326	GWHPDONJ005770	XP_038699625.1
OG0008327	GWHPDONJ005773	XP_038705839.1
OG0008328	GWHPDONJ005779	XP_038687228.1
OG0008329	GWHPDONJ005781	XP_038725540.1
OG0008330	GWHPDONJ005782	XP_038707035.1
OG0008331	GWHPDONJ005783	XP_038679874.1
OG0008332	GWHPDONJ005784	XP_038706809.1
OG0008333	GWHPDONJ005786	XP_038692948.1
OG0008334	GWHPDONJ005787	XP_038692982.1
OG0008335	GWHPDONJ005789	XP_038701508.1
OG0008336	GWHPDONJ005791	XP_038685123.1
OG0008337	GWHPDONJ005802	XP_038723071.1
OG0008338	GWHPDONJ005805	XP_038701401.1
OG0008339	GWHPDONJ005809	XP_038706306.1
OG0008340	GWHPDONJ005810	XP_038713401.1
OG0008341	GWHPDONJ005813	XP_038706856.1
OG0008342	GWHPDONJ005814	XP_038691120.1
OG0008343	GWHPDONJ005821	XP_038725210.1
OG0008344	GWHPDONJ005822	XP_038707968.1
OG0008345	GWHPDONJ005823	XP_038707055.1
OG0008346	GWHPDONJ005825	XP_038713454.1
OG0008347	GWHPDONJ005828	XP_038705698.1
OG0008348	GWHPDONJ005830	XP_038692519.1
OG0008349	GWHPDONJ005833	XP_038690836.1
OG0008350	GWHPDONJ005836	XP_038680829.1
OG0008351	GWHPDONJ005847	XP_038683094.1
OG0008352	GWHPDONJ005857	XP_038707651.1
OG0008353	GWHPDONJ005858	XP_038682068.1
OG0008354	GWHPDONJ005861	XP_038720114.1
OG0008355	GWHPDONJ005863	XP_038715397.1
OG0008356	GWHPDONJ005864	XP_038693345.1
OG0008357	GWHPDONJ005866	XP_038684184.1
OG0008358	GWHPDONJ005868	XP_038683948.1
OG0008359	GWHPDONJ005873	XP_038723489.1
OG0008360	GWHPDONJ005878	XP_038692510.1
OG0008361	GWHPDONJ005882	XP_038694586.1
OG0008362	GWHPDONJ005883	XP_038723628.1
OG0008363	GWHPDONJ005888	XP_038711709.1
OG0008364	GWHPDONJ005893	XP_038701726.1
OG0008365	GWHPDONJ005901	XP_038712098.1
OG0008366	GWHPDONJ005903	XP_038709285.1
OG0008367	GWHPDONJ005904	XP_038705057.1
OG0008368	GWHPDONJ005905	XP_038697011.1
OG0008369	GWHPDONJ005906	XP_038685566.1
OG0008370	GWHPDONJ005907	XP_038718545.1
OG0008371	GWHPDONJ005911, GWHPDONJ005912	
OG0008372	GWHPDONJ005914	XP_038691834.1
OG0008373	GWHPDONJ005918	XP_038690252.1
OG0008374	GWHPDONJ005919	XP_038710495.1
OG0008375	GWHPDONJ005923	XP_038711277.1
OG0008376	GWHPDONJ005924	XP_038711140.1
OG0008377	GWHPDONJ005925	XP_038688451.1
OG0008378	GWHPDONJ005928	XP_038701655.1
OG0008379	GWHPDONJ005929	XP_038687174.1
OG0008380	GWHPDONJ005931	XP_038684616.1
OG0008381	GWHPDONJ005932	XP_038692197.1
OG0008382	GWHPDONJ005934	XP_038690166.1
OG0008383	GWHPDONJ005935	XP_038691600.1
OG0008384	GWHPDONJ005936	XP_038712279.1
OG0008385	GWHPDONJ005938	XP_038691956.1
OG0008386	GWHPDONJ005939	XP_038710624.1
OG0008387	GWHPDONJ005940	XP_038691959.1
OG0008388	GWHPDONJ005941	XP_038710234.1
OG0008389	GWHPDONJ005944	XP_038688671.1
OG0008390	GWHPDONJ005945	XP_038724335.1
OG0008391	GWHPDONJ005948	XP_038717596.1
OG0008392	GWHPDONJ005950	XP_038690599.1
OG0008393	GWHPDONJ005952	XP_038691242.1
OG0008394	GWHPDONJ005953	XP_038692025.1
OG0008395	GWHPDONJ005954	XP_038721636.1
OG0008396	GWHPDONJ005956	XP_038688870.1
OG0008397	GWHPDONJ005962	XP_038707343.1
OG0008398	GWHPDONJ005970	XP_038712604.1
OG0008399	GWHPDONJ005971	XP_038706664.1
OG0008400	GWHPDONJ005974	XP_038690673.1
OG0008401	GWHPDONJ005976	XP_038712399.1
OG0008402	GWHPDONJ005985	XP_038690611.1
OG0008403	GWHPDONJ005987	XP_038690250.1
OG0008404	GWHPDONJ005990	XP_038722920.1
OG0008405	GWHPDONJ005992	XP_038711610.1
OG0008406	GWHPDONJ005997	XP_038693449.1
OG0008407	GWHPDONJ005998	XP_038723299.1
OG0008408	GWHPDONJ005999	XP_038707402.1
OG0008409	GWHPDONJ006000	XP_038709528.1
OG0008410	GWHPDONJ006002	XP_038709223.1
OG0008411	GWHPDONJ006005	XP_038709176.1
OG0008412	GWHPDONJ006007	XP_038708050.1
OG0008413	GWHPDONJ006015	XP_038704517.1
OG0008414	GWHPDONJ006016	XP_038690140.1
OG0008415	GWHPDONJ006018	XP_038713170.1
OG0008416	GWHPDONJ006019	XP_038687376.1
OG0008417	GWHPDONJ006020, GWHPDONJ006021	
OG0008418	GWHPDONJ006025	XP_038682446.1
OG0008419	GWHPDONJ006027	XP_038689125.1
OG0008420	GWHPDONJ006032	XP_038702017.1
OG0008421	GWHPDONJ006038	XP_038687689.1
OG0008422	GWHPDONJ006039	XP_038688728.1
OG0008423	GWHPDONJ006041, GWHPDONJ006044	
OG0008424	GWHPDONJ006045	XP_038685219.1
OG0008425	GWHPDONJ006047	XP_038717038.1
OG0008426	GWHPDONJ006048	XP_038725298.1
OG0008427	GWHPDONJ006049	XP_038709625.1
OG0008428	GWHPDONJ006054	XP_038712073.1
OG0008429	GWHPDONJ006056	XP_038702833.1
OG0008430	GWHPDONJ006060	XP_038721555.1
OG0008431	GWHPDONJ006061	XP_038715218.1
OG0008432	GWHPDONJ006062	XP_038704961.1
OG0008433	GWHPDONJ006063, GWHPDONJ006064	
OG0008434	GWHPDONJ006066	XP_038699784.1
OG0008435	GWHPDONJ006067	XP_038689850.1
OG0008436	GWHPDONJ006079	XP_038725818.1
OG0008437	GWHPDONJ006081	XP_038689854.1
OG0008438	GWHPDONJ006084	XP_038723126.1
OG0008439	GWHPDONJ006089	XP_038693149.1
OG0008440	GWHPDONJ006093	XP_038707378.1
OG0008441	GWHPDONJ006094	XP_038683133.1
OG0008442	GWHPDONJ006103	XP_038707356.1
OG0008443	GWHPDONJ006115	XP_038724743.1
OG0008444	GWHPDONJ006117	XP_038709947.1
OG0008445	GWHPDONJ006124	XP_038701412.1
OG0008446	GWHPDONJ006125	XP_038701642.1
OG0008447	GWHPDONJ006126	XP_038719752.1
OG0008448	GWHPDONJ006129	XP_038707426.1
OG0008449	GWHPDONJ006134	XP_038724507.1
OG0008450	GWHPDONJ006139, GWHPDONJ006140	
OG0008451	GWHPDONJ006143	XP_038678698.1
OG0008452	GWHPDONJ006145	XP_038678696.1
OG0008453	GWHPDONJ006146	XP_038725873.1
OG0008454	GWHPDONJ006147	XP_038701085.1
OG0008455	GWHPDONJ006152	XP_038722359.1
OG0008456	GWHPDONJ006153	XP_038703154.1
OG0008457	GWHPDONJ006154	XP_038719014.1
OG0008458	GWHPDONJ006156	XP_038722185.1
OG0008459	GWHPDONJ006158	XP_038721423.1
OG0008460	GWHPDONJ006159	XP_038723809.1
OG0008461	GWHPDONJ006161	XP_038715090.1
OG0008462	GWHPDONJ006162	XP_038705545.1
OG0008463	GWHPDONJ006163	XP_038707003.1
OG0008464	GWHPDONJ006167	XP_038689231.1
OG0008465	GWHPDONJ006168	XP_038685675.1
OG0008466	GWHPDONJ006169	XP_038683157.1
OG0008467	GWHPDONJ006171	XP_038722546.1
OG0008468	GWHPDONJ006172	XP_038721586.1
OG0008469	GWHPDONJ006176	XP_038702657.1
OG0008470	GWHPDONJ006178	XP_038685272.1
OG0008471	GWHPDONJ006181	XP_038723359.1
OG0008472	GWHPDONJ006182	XP_038693422.1
OG0008473	GWHPDONJ006183	XP_038723581.1
OG0008474	GWHPDONJ006184	XP_038724186.1
OG0008475	GWHPDONJ006186	XP_038723175.1
OG0008476	GWHPDONJ006187	XP_038722289.1
OG0008477	GWHPDONJ006189	XP_038724189.1
OG0008478	GWHPDONJ006190	XP_038688104.1
OG0008479	GWHPDONJ006195	XP_038709745.1
OG0008480	GWHPDONJ006196	XP_038723171.1
OG0008481	GWHPDONJ006200	XP_038722931.1
OG0008482	GWHPDONJ006203	XP_038723631.1
OG0008483	GWHPDONJ006208	XP_038719351.1
OG0008484	GWHPDONJ006214	XP_038704666.1
OG0008485	GWHPDONJ006216	XP_038701311.1
OG0008486	GWHPDONJ006217	XP_038722503.1
OG0008487	GWHPDONJ006225	XP_038723515.1
OG0008488	GWHPDONJ006229	XP_038690929.1
OG0008489	GWHPDONJ006230	XP_038706108.1
OG0008490	GWHPDONJ006240	XP_038693900.1
OG0008491	GWHPDONJ006243	XP_038701494.1
OG0008492	GWHPDONJ006246	XP_038718399.1
OG0008493	GWHPDONJ006252	XP_038694895.1
OG0008494	GWHPDONJ006253	XP_038679352.1
OG0008495	GWHPDONJ006254	XP_038690244.1
OG0008496	GWHPDONJ006255	XP_038717262.1
OG0008497	GWHPDONJ006256	XP_038679868.1
OG0008498	GWHPDONJ006258	XP_038692493.1
OG0008499	GWHPDONJ006260	XP_038680521.1
OG0008500	GWHPDONJ006261	XP_038682924.1
OG0008501	GWHPDONJ006262	XP_038712481.1
OG0008502	GWHPDONJ006266	XP_038725693.1
OG0008503	GWHPDONJ006268	XP_038711509.1
OG0008504	GWHPDONJ006269	XP_038707570.1
OG0008505	GWHPDONJ006272	XP_038710868.1
OG0008506	GWHPDONJ006275	XP_038679786.1
OG0008507	GWHPDONJ006276	XP_038678831.1
OG0008508	GWHPDONJ006277	XP_038690060.1
OG0008509	GWHPDONJ006280	XP_038720140.1
OG0008510	GWHPDONJ006288	XP_038709319.1
OG0008511	GWHPDONJ006289	XP_038721933.1
OG0008512	GWHPDONJ006290	XP_038720663.1
OG0008513	GWHPDONJ006296	XP_038721850.1
OG0008514	GWHPDONJ006299	XP_038720284.1
OG0008515	GWHPDONJ006301	XP_038722314.1
OG0008516	GWHPDONJ006302	XP_038722673.1
OG0008517	GWHPDONJ006303	XP_038706977.1
OG0008518	GWHPDONJ006308	XP_038722804.1
OG0008519	GWHPDONJ006309	XP_038703844.1
OG0008520	GWHPDONJ006310	XP_038706555.1
OG0008521	GWHPDONJ006311	XP_038722854.1
OG0008522	GWHPDONJ006313	XP_038722494.1
OG0008523	GWHPDONJ006315	XP_038696778.1
OG0008524	GWHPDONJ006318	XP_038680101.1
OG0008525	GWHPDONJ006325	XP_038707744.1
OG0008526	GWHPDONJ006326	XP_038726276.1
OG0008527	GWHPDONJ006332	XP_038705240.1
OG0008528	GWHPDONJ006333	XP_038698178.1
OG0008529	GWHPDONJ006334	XP_038680388.1
OG0008530	GWHPDONJ006336	XP_038725379.1
OG0008531	GWHPDONJ006337	XP_038690088.1
OG0008532	GWHPDONJ006338	XP_038680383.1
OG0008533	GWHPDONJ006342	XP_038691151.1
OG0008534	GWHPDONJ006343	XP_038711992.1
OG0008535	GWHPDONJ006345	XP_038712258.1
OG0008536	GWHPDONJ006349	XP_038712609.1
OG0008537	GWHPDONJ006352	XP_038712458.1
OG0008538	GWHPDONJ006353	XP_038710769.1
OG0008539	GWHPDONJ006354	XP_038679551.1
OG0008540	GWHPDONJ006355	XP_038700709.1
OG0008541	GWHPDONJ006356	XP_038679248.1
OG0008542	GWHPDONJ006357	XP_038719820.1
OG0008543	GWHPDONJ006358	XP_038722960.1
OG0008544	GWHPDONJ006360	XP_038715887.1
OG0008545	GWHPDONJ006367	XP_038714286.1
OG0008546	GWHPDONJ006370	XP_038706042.1
OG0008547	GWHPDONJ006371	XP_038705855.1
OG0008548	GWHPDONJ006378	XP_038723601.1
OG0008549	GWHPDONJ006385	XP_038692277.1
OG0008550	GWHPDONJ006391	XP_038706168.1
OG0008551	GWHPDONJ006392	XP_038717714.1
OG0008552	GWHPDONJ006396	XP_038680773.1
OG0008553	GWHPDONJ006397	XP_038705512.1
OG0008554	GWHPDONJ006399	XP_038706286.1
OG0008555	GWHPDONJ006401	XP_038720714.1
OG0008556	GWHPDONJ006404	XP_038706822.1
OG0008557	GWHPDONJ006406	XP_038724787.1
OG0008558	GWHPDONJ006411	XP_038683913.1
OG0008559	GWHPDONJ006412	XP_038705819.1
OG0008560	GWHPDONJ006413	XP_038705817.1
OG0008561	GWHPDONJ006414	XP_038723905.1
OG0008562	GWHPDONJ006415	XP_038707525.1
OG0008563	GWHPDONJ006419	XP_038718240.1
OG0008564	GWHPDONJ006420	XP_038688095.1
OG0008565	GWHPDONJ006421	XP_038722290.1
OG0008566	GWHPDONJ006431	XP_038698887.1
OG0008567	GWHPDONJ006432	XP_038723042.1
OG0008568	GWHPDONJ006433	XP_038715616.1
OG0008569	GWHPDONJ006439	XP_038690759.1
OG0008570	GWHPDONJ006440	XP_038716437.1
OG0008571	GWHPDONJ006441	XP_038714260.1
OG0008572	GWHPDONJ006442	XP_038691808.1
OG0008573	GWHPDONJ006444	XP_038690549.1
OG0008574	GWHPDONJ006449	XP_038690134.1
OG0008575	GWHPDONJ006452	XP_038681653.1
OG0008576	GWHPDONJ006459	XP_038682095.1
OG0008577	GWHPDONJ006460	XP_038708248.1
OG0008578	GWHPDONJ006461	XP_038709894.1
OG0008579	GWHPDONJ006463	XP_038682660.1
OG0008580	GWHPDONJ006464	XP_038708084.1
OG0008581	GWHPDONJ006465	XP_038683218.1
OG0008582	GWHPDONJ006466	XP_038692088.1
OG0008583	GWHPDONJ006468	XP_038683929.1
OG0008584	GWHPDONJ006471	XP_038683580.1
OG0008585	GWHPDONJ006476	XP_038709436.1
OG0008586	GWHPDONJ006479	XP_038680803.1
OG0008587	GWHPDONJ006480	XP_038716891.1
OG0008588	GWHPDONJ006481	XP_038683243.1
OG0008589	GWHPDONJ006484	XP_038708871.1
OG0008590	GWHPDONJ006485	XP_038709187.1
OG0008591	GWHPDONJ006486	XP_038681915.1
OG0008592	GWHPDONJ006489	XP_038683449.1
OG0008593	GWHPDONJ006491	XP_038708365.1
OG0008594	GWHPDONJ006493	XP_038685475.1
OG0008595	GWHPDONJ006496	XP_038696048.1
OG0008596	GWHPDONJ006498	XP_038711558.1
OG0008597	GWHPDONJ006503	XP_038692749.1
OG0008598	GWHPDONJ006504	XP_038714450.1
OG0008599	GWHPDONJ006511	XP_038717784.1
OG0008600	GWHPDONJ006512	XP_038692450.1
OG0008601	GWHPDONJ006513	XP_038713985.1
OG0008602	GWHPDONJ006514	XP_038717093.1
OG0008603	GWHPDONJ006515	XP_038707736.1
OG0008604	GWHPDONJ006517	XP_038721118.1
OG0008605	GWHPDONJ006518	XP_038713849.1
OG0008606	GWHPDONJ006519	XP_038694282.1
OG0008607	GWHPDONJ006522	XP_038693198.1
OG0008608	GWHPDONJ006527	XP_038713869.1
OG0008609	GWHPDONJ006530	XP_038718728.1
OG0008610	GWHPDONJ006532	XP_038714053.1
OG0008611	GWHPDONJ006533	XP_038718647.1
OG0008612	GWHPDONJ006534	XP_038720939.1
OG0008613	GWHPDONJ006537	XP_038692142.1
OG0008614	GWHPDONJ006539	XP_038697888.1
OG0008615	GWHPDONJ006540	XP_038697316.1
OG0008616	GWHPDONJ006544	XP_038701392.1
OG0008617	GWHPDONJ006546	XP_038694944.1
OG0008618	GWHPDONJ006554	XP_038697773.1
OG0008619	GWHPDONJ006555	XP_038693468.1
OG0008620	GWHPDONJ006556	XP_038716285.1
OG0008621	GWHPDONJ006558	XP_038713706.1
OG0008622	GWHPDONJ006559	XP_038721007.1
OG0008623	GWHPDONJ006560	XP_038685325.1
OG0008624	GWHPDONJ006564	XP_038707807.1
OG0008625	GWHPDONJ006565	XP_038700963.1
OG0008626	GWHPDONJ006566	XP_038706700.1
OG0008627	GWHPDONJ006567	XP_038684947.1
OG0008628	GWHPDONJ006571	XP_038713787.1
OG0008629	GWHPDONJ006573	XP_038682587.1
OG0008630	GWHPDONJ006574	XP_038701554.1
OG0008631	GWHPDONJ006579	XP_038682320.1
OG0008632	GWHPDONJ006593	XP_038680735.1
OG0008633	GWHPDONJ006594	XP_038708952.1
OG0008634	GWHPDONJ006595	XP_038683630.1
OG0008635	GWHPDONJ006597	XP_038681546.1
OG0008636	GWHPDONJ006601	XP_038682323.1
OG0008637	GWHPDONJ006605	XP_038690368.1
OG0008638	GWHPDONJ006610	XP_038684376.1
OG0008639	GWHPDONJ006619	XP_038701044.1
OG0008640	GWHPDONJ006620	XP_038683102.1
OG0008641	GWHPDONJ006621	XP_038681737.1
OG0008642	GWHPDONJ006623	XP_038702003.1
OG0008643	GWHPDONJ006624	XP_038708023.1
OG0008644	GWHPDONJ006627	XP_038682059.1
OG0008645	GWHPDONJ006628	XP_038684413.1
OG0008646	GWHPDONJ006633	XP_038683960.1
OG0008647	GWHPDONJ006634	XP_038684426.1
OG0008648	GWHPDONJ006641	XP_038682439.1
OG0008649	GWHPDONJ006644	XP_038709712.1
OG0008650	GWHPDONJ006645	XP_038682131.1
OG0008651	GWHPDONJ006649	XP_038724607.1
OG0008652	GWHPDONJ006651	XP_038682777.1
OG0008653	GWHPDONJ006658	XP_038708302.1
OG0008654	GWHPDONJ006661	XP_038682696.1
OG0008655	GWHPDONJ006662	XP_038708117.1
OG0008656	GWHPDONJ006663	XP_038681910.1
OG0008657	GWHPDONJ006666	XP_038724891.1
OG0008658	GWHPDONJ006673	XP_038684816.1
OG0008659	GWHPDONJ006677	XP_038709802.1
OG0008660	GWHPDONJ006680	XP_038709038.1
OG0008661	GWHPDONJ006685	XP_038726056.1
OG0008662	GWHPDONJ006686	XP_038726081.1
OG0008663	GWHPDONJ006687	XP_038724319.1
OG0008664	GWHPDONJ006689	XP_038712113.1
OG0008665	GWHPDONJ006690	XP_038690531.1
OG0008666	GWHPDONJ006691	XP_038714888.1
OG0008667	GWHPDONJ006692	XP_038716390.1
OG0008668	GWHPDONJ006695	XP_038718427.1
OG0008669	GWHPDONJ006697	XP_038716617.1
OG0008670	GWHPDONJ006698	XP_038722102.1
OG0008671	GWHPDONJ006702	XP_038715288.1
OG0008672	GWHPDONJ006703	XP_038715144.1
OG0008673	GWHPDONJ006705	XP_038723433.1
OG0008674	GWHPDONJ006708	XP_038723598.1
OG0008675	GWHPDONJ006710	XP_038721243.1
OG0008676	GWHPDONJ006712	XP_038698190.1
OG0008677	GWHPDONJ006714	XP_038679797.1
OG0008678	GWHPDONJ006722	XP_038703965.1
OG0008679	GWHPDONJ006729, GWHPDONJ010805	
OG0008680	GWHPDONJ006737	XP_038720901.1
OG0008681	GWHPDONJ006740	XP_038689072.1
OG0008682	GWHPDONJ006743	XP_038695906.1
OG0008683	GWHPDONJ006747	XP_038704629.1
OG0008684	GWHPDONJ006748	XP_038692166.1
OG0008685	GWHPDONJ006751	XP_038679292.1
OG0008686	GWHPDONJ006753	XP_038715074.1
OG0008687	GWHPDONJ006755	XP_038725007.1
OG0008688	GWHPDONJ006756	XP_038695858.1
OG0008689	GWHPDONJ006759	XP_038692710.1
OG0008690	GWHPDONJ006760	XP_038702200.1
OG0008691	GWHPDONJ006762	XP_038708922.1
OG0008692	GWHPDONJ006765	XP_038697140.1
OG0008693	GWHPDONJ006767	XP_038705736.1
OG0008694	GWHPDONJ006768	XP_038704931.1
OG0008695	GWHPDONJ006771	XP_038693721.1
OG0008696	GWHPDONJ006775	XP_038695929.1
OG0008697	GWHPDONJ006776	XP_038686281.1
OG0008698	GWHPDONJ006778	XP_038721630.1
OG0008699	GWHPDONJ006780	XP_038683492.1
OG0008700	GWHPDONJ006781, GWHPDONJ006782	
OG0008701	GWHPDONJ006784	XP_038724963.1
OG0008702	GWHPDONJ006787	XP_038687331.1
OG0008703	GWHPDONJ006788	XP_038692724.1
OG0008704	GWHPDONJ006790	XP_038702481.1
OG0008705	GWHPDONJ006791	XP_038709559.1
OG0008706	GWHPDONJ006794	XP_038714230.1
OG0008707	GWHPDONJ006797	XP_038708292.1
OG0008708	GWHPDONJ006800	XP_038718329.1
OG0008709	GWHPDONJ006802	XP_038692171.1
OG0008710	GWHPDONJ006804	XP_038693539.1
OG0008711	GWHPDONJ006806	XP_038714291.1
OG0008712	GWHPDONJ006807	XP_038708678.1
OG0008713	GWHPDONJ006810	XP_038704468.1
OG0008714	GWHPDONJ006814	XP_038714084.1
OG0008715	GWHPDONJ006815	XP_038696909.1
OG0008716	GWHPDONJ006817	XP_038694293.1
OG0008717	GWHPDONJ006818	XP_038725236.1
OG0008718	GWHPDONJ006819	XP_038712963.1
OG0008719	GWHPDONJ006822	XP_038692569.1
OG0008720	GWHPDONJ006823	XP_038692568.1
OG0008721	GWHPDONJ006827	XP_038703497.1
OG0008722	GWHPDONJ006829	XP_038704888.1
OG0008723	GWHPDONJ006830, GWHPDONJ006831	
OG0008724	GWHPDONJ006832	XP_038706866.1
OG0008725	GWHPDONJ006833	XP_038703615.1
OG0008726	GWHPDONJ006834	XP_038702845.1
OG0008727	GWHPDONJ006835	XP_038702798.1
OG0008728	GWHPDONJ006845	XP_038703507.1
OG0008729	GWHPDONJ006847	XP_038713810.1
OG0008730	GWHPDONJ006852	XP_038713066.1
OG0008731	GWHPDONJ006858	XP_038714024.1
OG0008732	GWHPDONJ006860	XP_038701184.1
OG0008733	GWHPDONJ006863	XP_038722509.1
OG0008734	GWHPDONJ006864	XP_038692862.1
OG0008735	GWHPDONJ006865	XP_038715903.1
OG0008736	GWHPDONJ006867	XP_038725100.1
OG0008737	GWHPDONJ006868	XP_038703204.1
OG0008738	GWHPDONJ006874	XP_038696645.1
OG0008739	GWHPDONJ006878	XP_038705112.1
OG0008740	GWHPDONJ006879	XP_038692771.1
OG0008741	GWHPDONJ006881	XP_038692965.1
OG0008742	GWHPDONJ006882	XP_038705026.1
OG0008743	GWHPDONJ006883	XP_038692966.1
OG0008744	GWHPDONJ006885	XP_038713804.1
OG0008745	GWHPDONJ006891	XP_038698584.1
OG0008746	GWHPDONJ006892	XP_038686393.1
OG0008747	GWHPDONJ006893	XP_038687151.1
OG0008748	GWHPDONJ006895	XP_038721291.1
OG0008749	GWHPDONJ006901	XP_038679600.1
OG0008750	GWHPDONJ006904	XP_038687660.1
OG0008751	GWHPDONJ006907	XP_038724383.1
OG0008752	GWHPDONJ006913	XP_038685813.1
OG0008753	GWHPDONJ006914	XP_038712977.1
OG0008754	GWHPDONJ006918	XP_038704144.1
OG0008755	GWHPDONJ006919	XP_038704936.1
OG0008756	GWHPDONJ006920	XP_038694732.1
OG0008757	GWHPDONJ006928	XP_038713192.1
OG0008758	GWHPDONJ006931	XP_038703313.1
OG0008759	GWHPDONJ006932	XP_038708800.1
OG0008760	GWHPDONJ006933	XP_038713112.1
OG0008761	GWHPDONJ006937	XP_038725438.1
OG0008762	GWHPDONJ006938	XP_038704332.1
OG0008763	GWHPDONJ006939	XP_038692685.1
OG0008764	GWHPDONJ006940	XP_038711642.1
OG0008765	GWHPDONJ006941	XP_038714541.1
OG0008766	GWHPDONJ006951	XP_038709789.1
OG0008767	GWHPDONJ006953	XP_038703852.1
OG0008768	GWHPDONJ006954	XP_038725649.1
OG0008769	GWHPDONJ006961	XP_038679142.1
OG0008770	GWHPDONJ006962	XP_038725193.1
OG0008771	GWHPDONJ006964	XP_038725196.1
OG0008772	GWHPDONJ006965	XP_038721885.1
OG0008773	GWHPDONJ006967	XP_038679955.1
OG0008774	GWHPDONJ006968	XP_038726342.1
OG0008775	GWHPDONJ006969	XP_038679818.1
OG0008776	GWHPDONJ006975	XP_038688262.1
OG0008777	GWHPDONJ006976	XP_038687035.1
OG0008778	GWHPDONJ006980	XP_038725169.1
OG0008779	GWHPDONJ006983	XP_038687026.1
OG0008780	GWHPDONJ006987	XP_038680362.1
OG0008781	GWHPDONJ006992	XP_038688425.1
OG0008782	GWHPDONJ006995	XP_038686974.1
OG0008783	GWHPDONJ007000	XP_038688383.1
OG0008784	GWHPDONJ007002	XP_038688413.1
OG0008785	GWHPDONJ007003	XP_038695102.1
OG0008786	GWHPDONJ007010	XP_038687046.1
OG0008787	GWHPDONJ007011	XP_038686915.1
OG0008788	GWHPDONJ007012	XP_038679504.1
OG0008789	GWHPDONJ007013	XP_038679354.1
OG0008790	GWHPDONJ007015	XP_038688342.1
OG0008791	GWHPDONJ007018	XP_038678971.1
OG0008792	GWHPDONJ007022	XP_038725591.1
OG0008793	GWHPDONJ007023	XP_038690674.1
OG0008794	GWHPDONJ007025	XP_038688408.1
OG0008795	GWHPDONJ007035	XP_038690333.1
OG0008796	GWHPDONJ007036	XP_038688110.1
OG0008797	GWHPDONJ007041	XP_038686964.1
OG0008798	GWHPDONJ007042	XP_038686978.1
OG0008799	GWHPDONJ007047	XP_038686885.1
OG0008800	GWHPDONJ007048	XP_038688075.1
OG0008801	GWHPDONJ007055	XP_038688080.1
OG0008802	GWHPDONJ007058	XP_038682276.1
OG0008803	GWHPDONJ007060	XP_038679555.1
OG0008804	GWHPDONJ007061	XP_038714909.1
OG0008805	GWHPDONJ007062	XP_038724642.1
OG0008806	GWHPDONJ007067	XP_038678893.1
OG0008807	GWHPDONJ007071	XP_038686959.1
OG0008808	GWHPDONJ007073	XP_038679892.1
OG0008809	GWHPDONJ007074	XP_038687965.1
OG0008810	GWHPDONJ007089	XP_038726112.1
OG0008811	GWHPDONJ007092	XP_038678622.1
OG0008812	GWHPDONJ007098	XP_038724412.1
OG0008813	GWHPDONJ007099	XP_038687873.1
OG0008814	GWHPDONJ007100	XP_038696251.1
OG0008815	GWHPDONJ007101	XP_038725920.1
OG0008816	GWHPDONJ007102	XP_038691538.1
OG0008817	GWHPDONJ007103	XP_038718388.1
OG0008818	GWHPDONJ007105	XP_038718258.1
OG0008819	GWHPDONJ007112	XP_038706659.1
OG0008820	GWHPDONJ007113, GWHPDONJ008787	
OG0008821	GWHPDONJ007116	XP_038725175.1
OG0008822	GWHPDONJ007118	XP_038681257.1
OG0008823	GWHPDONJ007119	XP_038708453.1
OG0008824	GWHPDONJ007120	XP_038725922.1
OG0008825	GWHPDONJ007121	XP_038698479.1
OG0008826	GWHPDONJ007122	XP_038687720.1
OG0008827	GWHPDONJ007125	XP_038678723.1
OG0008828	GWHPDONJ007127	XP_038726080.1
OG0008829	GWHPDONJ007134	XP_038689732.1
OG0008830	GWHPDONJ007145	XP_038683713.1
OG0008831	GWHPDONJ007157	XP_038709257.1
OG0008832	GWHPDONJ007159	XP_038685041.1
OG0008833	GWHPDONJ007160	XP_038684975.1
OG0008834	GWHPDONJ007173	XP_038694731.1
OG0008835	GWHPDONJ007180	XP_038696172.1
OG0008836	GWHPDONJ007182	XP_038712704.1
OG0008837	GWHPDONJ007185	XP_038696548.1
OG0008838	GWHPDONJ007186, GWHPDONJ008772	
OG0008839	GWHPDONJ007187	XP_038690721.1
OG0008840	GWHPDONJ007189, GWHPDONJ007300	
OG0008841	GWHPDONJ007191	XP_038721535.1
OG0008842	GWHPDONJ007195	XP_038678709.1
OG0008843	GWHPDONJ007197	XP_038679957.1
OG0008844	GWHPDONJ007201	XP_038705629.1
OG0008845	GWHPDONJ007202	XP_038713017.1
OG0008846	GWHPDONJ007203	XP_038693563.1
OG0008847	GWHPDONJ007204	XP_038701117.1
OG0008848	GWHPDONJ007205	XP_038686911.1
OG0008849	GWHPDONJ007207	XP_038686887.1
OG0008850	GWHPDONJ007209	XP_038686898.1
OG0008851	GWHPDONJ007211	XP_038678796.1
OG0008852	GWHPDONJ007214	XP_038706898.1
OG0008853	GWHPDONJ007217	XP_038709968.1
OG0008854	GWHPDONJ007218	XP_038680363.1
OG0008855	GWHPDONJ007219	XP_038690453.1
OG0008856	GWHPDONJ007222	XP_038690452.1
OG0008857	GWHPDONJ007224	XP_038721056.1
OG0008858	GWHPDONJ007225	XP_038710628.1
OG0008859	GWHPDONJ007227	XP_038689291.1
OG0008860	GWHPDONJ007233	XP_038712573.1
OG0008861	GWHPDONJ007235	XP_038691921.1
OG0008862	GWHPDONJ007236	XP_038690467.1
OG0008863	GWHPDONJ007241	XP_038696196.1
OG0008864	GWHPDONJ007244	XP_038710142.1
OG0008865	GWHPDONJ007245	XP_038691259.1
OG0008866	GWHPDONJ007247	XP_038695922.1
OG0008867	GWHPDONJ007249	XP_038681476.1
OG0008868	GWHPDONJ007251	XP_038710706.1
OG0008869	GWHPDONJ007253	XP_038689345.1
OG0008870	GWHPDONJ007257	XP_038711104.1
OG0008871	GWHPDONJ007259	XP_038711182.1
OG0008872	GWHPDONJ007260	XP_038679860.1
OG0008873	GWHPDONJ007261	XP_038691810.1
OG0008874	GWHPDONJ007262	XP_038699364.1
OG0008875	GWHPDONJ007265	XP_038700838.1
OG0008876	GWHPDONJ007268	XP_038683126.1
OG0008877	GWHPDONJ007269	XP_038709345.1
OG0008878	GWHPDONJ007271	XP_038723704.1
OG0008879	GWHPDONJ007273	XP_038687077.1
OG0008880	GWHPDONJ007274	XP_038683566.1
OG0008881	GWHPDONJ007277	XP_038710101.1
OG0008882	GWHPDONJ007282	XP_038718850.1
OG0008883	GWHPDONJ007284	XP_038710438.1
OG0008884	GWHPDONJ007285	XP_038707168.1
OG0008885	GWHPDONJ007288	XP_038680473.1
OG0008886	GWHPDONJ007292	XP_038717958.1
OG0008887	GWHPDONJ007293	XP_038718984.1
OG0008888	GWHPDONJ007298	XP_038683911.1
OG0008889	GWHPDONJ007303	XP_038711157.1
OG0008890	GWHPDONJ007312	XP_038722859.1
OG0008891	GWHPDONJ007314	XP_038722411.1
OG0008892	GWHPDONJ007320	XP_038723144.1
OG0008893	GWHPDONJ007322	XP_038719290.1
OG0008894	GWHPDONJ007325	XP_038692602.1
OG0008895	GWHPDONJ007327	XP_038720329.1
OG0008896	GWHPDONJ007328	XP_038712812.1
OG0008897	GWHPDONJ007330	XP_038723468.1
OG0008898	GWHPDONJ007331	XP_038697552.1
OG0008899	GWHPDONJ007333	XP_038723355.1
OG0008900	GWHPDONJ007336	XP_038707633.1
OG0008901	GWHPDONJ007339	XP_038703084.1
OG0008902	GWHPDONJ007343	XP_038683937.1
OG0008903	GWHPDONJ007349	XP_038713025.1
OG0008904	GWHPDONJ007351	XP_038684467.1
OG0008905	GWHPDONJ007354	XP_038718443.1
OG0008906	GWHPDONJ007355	XP_038722361.1
OG0008907	GWHPDONJ007356	XP_038679395.1
OG0008908	GWHPDONJ007357	XP_038711378.1
OG0008909	GWHPDONJ007361	XP_038696628.1
OG0008910	GWHPDONJ007362	XP_038690535.1
OG0008911	GWHPDONJ007366	XP_038678832.1
OG0008912	GWHPDONJ007367	XP_038680583.1
OG0008913	GWHPDONJ007368	XP_038691640.1
OG0008914	GWHPDONJ007371	XP_038717853.1
OG0008915	GWHPDONJ007372	XP_038680017.1
OG0008916	GWHPDONJ007373	XP_038680015.1
OG0008917	GWHPDONJ007379, GWHPDONJ010647	
OG0008918	GWHPDONJ007382	XP_038688905.1
OG0008919	GWHPDONJ007385	XP_038690271.1
OG0008920	GWHPDONJ007386	XP_038717236.1
OG0008921	GWHPDONJ007387	XP_038705094.1
OG0008922	GWHPDONJ007388	XP_038714776.1
OG0008923	GWHPDONJ007393	XP_038686806.1
OG0008924	GWHPDONJ007394	XP_038706141.1
OG0008925	GWHPDONJ007396	XP_038700771.1
OG0008926	GWHPDONJ007400	XP_038717685.1
OG0008927	GWHPDONJ007411	XP_038718549.1
OG0008928	GWHPDONJ007414	XP_038716206.1
OG0008929	GWHPDONJ007415	XP_038703103.1
OG0008930	GWHPDONJ007416	XP_038715296.1
OG0008931	GWHPDONJ007418	XP_038704508.1
OG0008932	GWHPDONJ007421	XP_038703741.1
OG0008933	GWHPDONJ007422	XP_038703742.1
OG0008934	GWHPDONJ007423	XP_038706894.1
OG0008935	GWHPDONJ007424	XP_038716594.1
OG0008936	GWHPDONJ007426	XP_038715795.1
OG0008937	GWHPDONJ007431	XP_038715121.1
OG0008938	GWHPDONJ007433	XP_038704868.1
OG0008939	GWHPDONJ007434	XP_038716962.1
OG0008940	GWHPDONJ007438	XP_038715458.1
OG0008941	GWHPDONJ007441	XP_038717764.1
OG0008942	GWHPDONJ007448	XP_038717190.1
OG0008943	GWHPDONJ007452	XP_038717026.1
OG0008944	GWHPDONJ007453	XP_038717062.1
OG0008945	GWHPDONJ007454	XP_038715457.1
OG0008946	GWHPDONJ007457	XP_038716553.1
OG0008947	GWHPDONJ007467	XP_038691397.1
OG0008948	GWHPDONJ007468	XP_038679324.1
OG0008949	GWHPDONJ007470	XP_038696533.1
OG0008950	GWHPDONJ007471	XP_038723092.1
OG0008951	GWHPDONJ007475	XP_038691212.1
OG0008952	GWHPDONJ007478	XP_038694143.1
OG0008953	GWHPDONJ007481	XP_038709981.1
OG0008954	GWHPDONJ007482	XP_038687966.1
OG0008955	GWHPDONJ007483	XP_038697107.1
OG0008956	GWHPDONJ007484	XP_038696910.1
OG0008957	GWHPDONJ007496	XP_038699536.1
OG0008958	GWHPDONJ007506	XP_038700393.1
OG0008959	GWHPDONJ007512	XP_038679890.1
OG0008960	GWHPDONJ007519	XP_038724323.1
OG0008961	GWHPDONJ007525	XP_038711567.1
OG0008962	GWHPDONJ007527	XP_038694044.1
OG0008963	GWHPDONJ007528	XP_038695054.1
OG0008964	GWHPDONJ007530	XP_038720452.1
OG0008965	GWHPDONJ007534	XP_038702785.1
OG0008966	GWHPDONJ007536	XP_038717089.1
OG0008967	GWHPDONJ007537	XP_038716598.1
OG0008968	GWHPDONJ007539	XP_038689457.1
OG0008969	GWHPDONJ007542	XP_038701543.1
OG0008970	GWHPDONJ007548	XP_038700732.1
OG0008971	GWHPDONJ007550	XP_038721752.1
OG0008972	GWHPDONJ007551	XP_038712261.1
OG0008973	GWHPDONJ007552	XP_038722974.1
OG0008974	GWHPDONJ007553	XP_038684081.1
OG0008975	GWHPDONJ007554	XP_038710854.1
OG0008976	GWHPDONJ007556	XP_038683470.1
OG0008977	GWHPDONJ007557	XP_038720588.1
OG0008978	GWHPDONJ007562	XP_038722336.1
OG0008979	GWHPDONJ007566	XP_038686535.1
OG0008980	GWHPDONJ007570	XP_038724247.1
OG0008981	GWHPDONJ007572	XP_038721532.1
OG0008982	GWHPDONJ007573	XP_038713791.1
OG0008983	GWHPDONJ007577	XP_038691827.1
OG0008984	GWHPDONJ007583	XP_038691907.1
OG0008985	GWHPDONJ007584	XP_038682482.1
OG0008986	GWHPDONJ007585	XP_038680676.1
OG0008987	GWHPDONJ007587	XP_038681401.1
OG0008988	GWHPDONJ007588	XP_038682232.1
OG0008989	GWHPDONJ007590	XP_038682296.1
OG0008990	GWHPDONJ007591	XP_038702778.1
OG0008991	GWHPDONJ007592	XP_038691083.1
OG0008992	GWHPDONJ007593	XP_038690534.1
OG0008993	GWHPDONJ007602	XP_038686024.1
OG0008994	GWHPDONJ007605	XP_038686449.1
OG0008995	GWHPDONJ007607	XP_038714328.1
OG0008996	GWHPDONJ007613	XP_038725468.1
OG0008997	GWHPDONJ007615	XP_038724978.1
OG0008998	GWHPDONJ007628	XP_038717261.1
OG0008999	GWHPDONJ007629	XP_038683323.1
OG0009000	GWHPDONJ007642	XP_038686632.1
OG0009001	GWHPDONJ007645	XP_038685187.1
OG0009002	GWHPDONJ007648	XP_038702239.1
OG0009003	GWHPDONJ007651	XP_038709516.1
OG0009004	GWHPDONJ007652	XP_038686825.1
OG0009005	GWHPDONJ007653	XP_038685063.1
OG0009006	GWHPDONJ007654	XP_038685176.1
OG0009007	GWHPDONJ007657	XP_038708319.1
OG0009008	GWHPDONJ007658	XP_038686108.1
OG0009009	GWHPDONJ007659	XP_038686110.1
OG0009010	GWHPDONJ007660	XP_038692001.1
OG0009011	GWHPDONJ007663	XP_038712913.1
OG0009012	GWHPDONJ007665	XP_038689160.1
OG0009013	GWHPDONJ007667	XP_038691879.1
OG0009014	GWHPDONJ007668, GWHPDONJ007670	
OG0009015	GWHPDONJ007673	XP_038689461.1
OG0009016	GWHPDONJ007679	XP_038694050.1
OG0009017	GWHPDONJ007680	XP_038721258.1
OG0009018	GWHPDONJ007681	XP_038690839.1
OG0009019	GWHPDONJ007682	XP_038689283.1
OG0009020	GWHPDONJ007683	XP_038690841.1
OG0009021	GWHPDONJ007684	XP_038712094.1
OG0009022	GWHPDONJ007685	XP_038691677.1
OG0009023	GWHPDONJ007687	XP_038690396.1
OG0009024	GWHPDONJ007688	XP_038712010.1
OG0009025	GWHPDONJ007690	XP_038689272.1
OG0009026	GWHPDONJ007692	XP_038688833.1
OG0009027	GWHPDONJ007693	XP_038703311.1
OG0009028	GWHPDONJ007699	XP_038684259.1
OG0009029	GWHPDONJ007700	XP_038696604.1
OG0009030	GWHPDONJ007701	XP_038708145.1
OG0009031	GWHPDONJ007703	XP_038711382.1
OG0009032	GWHPDONJ007707	XP_038719349.1
OG0009033	GWHPDONJ007708	XP_038700241.1
OG0009034	GWHPDONJ007710	XP_038680695.1
OG0009035	GWHPDONJ007711	XP_038724140.1
OG0009036	GWHPDONJ007715	XP_038723150.1
OG0009037	GWHPDONJ007720	XP_038713640.1
OG0009038	GWHPDONJ007721	XP_038683814.1
OG0009039	GWHPDONJ007727	XP_038690050.1
OG0009040	GWHPDONJ007731	XP_038683749.1
OG0009041	GWHPDONJ007736	XP_038705358.1
OG0009042	GWHPDONJ007739	XP_038708051.1
OG0009043	GWHPDONJ007740	XP_038709086.1
OG0009044	GWHPDONJ007742	XP_038721091.1
OG0009045	GWHPDONJ007743	XP_038679685.1
OG0009046	GWHPDONJ007744	XP_038679511.1
OG0009047	GWHPDONJ007745	XP_038702978.1
OG0009048	GWHPDONJ007750	XP_038712184.1
OG0009049	GWHPDONJ007753	XP_038679664.1
OG0009050	GWHPDONJ007754	XP_038692131.1
OG0009051	GWHPDONJ007759	XP_038721784.1
OG0009052	GWHPDONJ007760	XP_038679196.1
OG0009053	GWHPDONJ007762	XP_038720406.1
OG0009054	GWHPDONJ007765	XP_038680414.1
OG0009055	GWHPDONJ007768	XP_038691638.1
OG0009056	GWHPDONJ007769	XP_038689197.1
OG0009057	GWHPDONJ007771	XP_038679010.1
OG0009058	GWHPDONJ007773	XP_038725022.1
OG0009059	GWHPDONJ007774	XP_038713062.1
OG0009060	GWHPDONJ007775	XP_038718831.1
OG0009061	GWHPDONJ007776	XP_038703360.1
OG0009062	GWHPDONJ007782	XP_038723310.1
OG0009063	GWHPDONJ007787	XP_038708561.1
OG0009064	GWHPDONJ007788	XP_038722563.1
OG0009065	GWHPDONJ007791	XP_038709928.1
OG0009066	GWHPDONJ007793	XP_038722708.1
OG0009067	GWHPDONJ007801	XP_038707746.1
OG0009068	GWHPDONJ007806	XP_038723851.1
OG0009069	GWHPDONJ007809	XP_038690831.1
OG0009070	GWHPDONJ007811	XP_038679188.1
OG0009071	GWHPDONJ007812	XP_038679066.1
OG0009072	GWHPDONJ007813	XP_038690008.1
OG0009073	GWHPDONJ007815	XP_038680248.1
OG0009074	GWHPDONJ007816	XP_038689634.1
OG0009075	GWHPDONJ007821	XP_038712506.1
OG0009076	GWHPDONJ007827	XP_038710103.1
OG0009077	GWHPDONJ007828	XP_038725017.1
OG0009078	GWHPDONJ007829	XP_038706971.1
OG0009079	GWHPDONJ007830	XP_038707098.1
OG0009080	GWHPDONJ007831	XP_038692363.1
OG0009081	GWHPDONJ007834	XP_038706984.1
OG0009082	GWHPDONJ007840	XP_038713542.1
OG0009083	GWHPDONJ007842	XP_038707989.1
OG0009084	GWHPDONJ007843	XP_038725190.1
OG0009085	GWHPDONJ007845	XP_038685201.1
OG0009086	GWHPDONJ007848	XP_038710269.1
OG0009087	GWHPDONJ007854	XP_038711734.1
OG0009088	GWHPDONJ007856	XP_038702433.1
OG0009089	GWHPDONJ007860	XP_038722849.1
OG0009090	GWHPDONJ007862	XP_038699542.1
OG0009091	GWHPDONJ007866	XP_038707865.1
OG0009092	GWHPDONJ007869	XP_038722548.1
OG0009093	GWHPDONJ007870	XP_038716530.1
OG0009094	GWHPDONJ007872	XP_038694385.1
OG0009095	GWHPDONJ007873	XP_038686752.1
OG0009096	GWHPDONJ007875	XP_038722258.1
OG0009097	GWHPDONJ007877	XP_038679934.1
OG0009098	GWHPDONJ007879	XP_038723103.1
OG0009099	GWHPDONJ007883	XP_038710197.1
OG0009100	GWHPDONJ007884	XP_038712028.1
OG0009101	GWHPDONJ007885	XP_038693226.1
OG0009102	GWHPDONJ007886	XP_038717162.1
OG0009103	GWHPDONJ007899	XP_038724612.1
OG0009104	GWHPDONJ007901	XP_038684059.1
OG0009105	GWHPDONJ007902	XP_038701803.1
OG0009106	GWHPDONJ007908	XP_038701704.1
OG0009107	GWHPDONJ007912	XP_038705754.1
OG0009108	GWHPDONJ007914	XP_038702632.1
OG0009109	GWHPDONJ007921	XP_038692897.1
OG0009110	GWHPDONJ007922	XP_038704130.1
OG0009111	GWHPDONJ007924	XP_038702768.1
OG0009112	GWHPDONJ007926	XP_038684133.1
OG0009113	GWHPDONJ007927	XP_038685511.1
OG0009114	GWHPDONJ007932	XP_038723605.1
OG0009115	GWHPDONJ007937	XP_038693160.1
OG0009116	GWHPDONJ007941	XP_038720550.1
OG0009117	GWHPDONJ007943	XP_038710965.1
OG0009118	GWHPDONJ007946	XP_038708634.1
OG0009119	GWHPDONJ007947	XP_038707043.1
OG0009120	GWHPDONJ007949	XP_038700634.1
OG0009121	GWHPDONJ007950	XP_038685819.1
OG0009122	GWHPDONJ007953	XP_038722487.1
OG0009123	GWHPDONJ007967	XP_038712899.1
OG0009124	GWHPDONJ007974	XP_038704770.1
OG0009125	GWHPDONJ007977	XP_038699820.1
OG0009126	GWHPDONJ007978	XP_038698344.1
OG0009127	GWHPDONJ007981	XP_038726050.1
OG0009128	GWHPDONJ007983	XP_038678700.1
OG0009129	GWHPDONJ007984	XP_038696650.1
OG0009130	GWHPDONJ007989	XP_038725915.1
OG0009131	GWHPDONJ007997	XP_038701970.1
OG0009132	GWHPDONJ007998	XP_038690254.1
OG0009133	GWHPDONJ008004	XP_038689490.1
OG0009134	GWHPDONJ008005	XP_038720393.1
OG0009135	GWHPDONJ008011	XP_038702267.1
OG0009136	GWHPDONJ008013	XP_038685360.1
OG0009137	GWHPDONJ008018	XP_038710047.1
OG0009138	GWHPDONJ008022	XP_038721168.1
OG0009139	GWHPDONJ008027	XP_038721656.1
OG0009140	GWHPDONJ008035	XP_038714309.1
OG0009141	GWHPDONJ008037	XP_038692977.1
OG0009142	GWHPDONJ008038	XP_038717268.1
OG0009143	GWHPDONJ008039	XP_038710623.1
OG0009144	GWHPDONJ008041	XP_038697161.1
OG0009145	GWHPDONJ008042	XP_038718649.1
OG0009146	GWHPDONJ008044	XP_038682682.1
OG0009147	GWHPDONJ008045	XP_038720451.1
OG0009148	GWHPDONJ008046	XP_038718691.1
OG0009149	GWHPDONJ008047	XP_038703669.1
OG0009150	GWHPDONJ008048	XP_038725933.1
OG0009151	GWHPDONJ008056	XP_038688997.1
OG0009152	GWHPDONJ008058	XP_038719991.1
OG0009153	GWHPDONJ008059	XP_038705869.1
OG0009154	GWHPDONJ008061	XP_038694459.1
OG0009155	GWHPDONJ008068	XP_038698121.1
OG0009156	GWHPDONJ008073	XP_038689928.1
OG0009157	GWHPDONJ008076	XP_038688078.1
OG0009158	GWHPDONJ008079	XP_038686319.1
OG0009159	GWHPDONJ008095	XP_038678833.1
OG0009160	GWHPDONJ008099	XP_038719037.1
OG0009161	GWHPDONJ008102	XP_038698434.1
OG0009162	GWHPDONJ008103	XP_038725302.1
OG0009163	GWHPDONJ008105	XP_038725234.1
OG0009164	GWHPDONJ008115	XP_038698415.1
OG0009165	GWHPDONJ008116	XP_038718628.1
OG0009166	GWHPDONJ008117	XP_038699095.1
OG0009167	GWHPDONJ008118	XP_038696542.1
OG0009168	GWHPDONJ008119	XP_038726400.1
OG0009169	GWHPDONJ008121	XP_038701082.1
OG0009170	GWHPDONJ008122	XP_038713805.1
OG0009171	GWHPDONJ008125	XP_038716523.1
OG0009172	GWHPDONJ008132	XP_038702406.1
OG0009173	GWHPDONJ008136	XP_038721321.1
OG0009174	GWHPDONJ008137	XP_038719447.1
OG0009175	GWHPDONJ008141	XP_038707358.1
OG0009176	GWHPDONJ008145	XP_038705624.1
OG0009177	GWHPDONJ008146	XP_038707866.1
OG0009178	GWHPDONJ008150	XP_038715263.1
OG0009179	GWHPDONJ008151	XP_038691799.1
OG0009180	GWHPDONJ008152	XP_038700957.1
OG0009181	GWHPDONJ008153	XP_038690797.1
OG0009182	GWHPDONJ008154	XP_038690647.1
OG0009183	GWHPDONJ008155	XP_038713388.1
OG0009184	GWHPDONJ008156	XP_038689073.1
OG0009185	GWHPDONJ008157	XP_038680166.1
OG0009186	GWHPDONJ008161	XP_038712552.1
OG0009187	GWHPDONJ008162	XP_038689601.1
OG0009188	GWHPDONJ008164	XP_038678754.1
OG0009189	GWHPDONJ008165, GWHPDONJ010568	
OG0009190	GWHPDONJ008169	XP_038722617.1
OG0009191	GWHPDONJ008170	XP_038698597.1
OG0009192	GWHPDONJ008171	XP_038707853.1
OG0009193	GWHPDONJ008172	XP_038694929.1
OG0009194	GWHPDONJ008187	XP_038700762.1
OG0009195	GWHPDONJ008188	XP_038700567.1
OG0009196	GWHPDONJ008189	XP_038711935.1
OG0009197	GWHPDONJ008191	XP_038695243.1
OG0009198	GWHPDONJ008194	XP_038711361.1
OG0009199	GWHPDONJ008195	XP_038710286.1
OG0009200	GWHPDONJ008197	XP_038711268.1
OG0009201	GWHPDONJ008198	XP_038712027.1
OG0009202	GWHPDONJ008201	XP_038709972.1
OG0009203	GWHPDONJ008203	XP_038700931.1
OG0009204	GWHPDONJ008205	XP_038700938.1
OG0009205	GWHPDONJ008211	XP_038699805.1
OG0009206	GWHPDONJ008212	XP_038711352.1
OG0009207	GWHPDONJ008224	XP_038710033.1
OG0009208	GWHPDONJ008225	XP_038710185.1
OG0009209	GWHPDONJ008226	XP_038711381.1
OG0009210	GWHPDONJ008228	XP_038698313.1
OG0009211	GWHPDONJ008229	XP_038698452.1
OG0009212	GWHPDONJ008230	XP_038710921.1
OG0009213	GWHPDONJ008232	XP_038697059.1
OG0009214	GWHPDONJ008233	XP_038687874.1
OG0009215	GWHPDONJ008234	XP_038699141.1
OG0009216	GWHPDONJ008236	XP_038687763.1
OG0009217	GWHPDONJ008237	XP_038695097.1
OG0009218	GWHPDONJ008238	XP_038701134.1
OG0009219	GWHPDONJ008239	XP_038711599.1
OG0009220	GWHPDONJ008242	XP_038710425.1
OG0009221	GWHPDONJ008245	XP_038700860.1
OG0009222	GWHPDONJ008246	XP_038695678.1
OG0009223	GWHPDONJ008247	XP_038710653.1
OG0009224	GWHPDONJ008249	XP_038712379.1
OG0009225	GWHPDONJ008253	XP_038709936.1
OG0009226	GWHPDONJ008261	XP_038694743.1
OG0009227	GWHPDONJ008263	XP_038699045.1
OG0009228	GWHPDONJ008264	XP_038712452.1
OG0009229	GWHPDONJ008276	XP_038723020.1
OG0009230	GWHPDONJ008277	XP_038709246.1
OG0009231	GWHPDONJ008283	XP_038689676.1
OG0009232	GWHPDONJ008286	XP_038707007.1
OG0009233	GWHPDONJ008287	XP_038697879.1
OG0009234	GWHPDONJ008291	XP_038697020.1
OG0009235	GWHPDONJ008292	XP_038711713.1
OG0009236	GWHPDONJ008294	XP_038720382.1
OG0009237	GWHPDONJ008297	XP_038721851.1
OG0009238	GWHPDONJ008300	XP_038699934.1
OG0009239	GWHPDONJ008301	XP_038689555.1
OG0009240	GWHPDONJ008303	XP_038697131.1
OG0009241	GWHPDONJ008305	XP_038702441.1
OG0009242	GWHPDONJ008309	XP_038696099.1
OG0009243	GWHPDONJ008318	XP_038686591.1
OG0009244	GWHPDONJ008319	XP_038686763.1
OG0009245	GWHPDONJ008320	XP_038690989.1
OG0009246	GWHPDONJ008322	XP_038686095.1
OG0009247	GWHPDONJ008323	XP_038686689.1
OG0009248	GWHPDONJ008325	XP_038711951.1
OG0009249	GWHPDONJ008326	XP_038705712.1
OG0009250	GWHPDONJ008328	XP_038685131.1
OG0009251	GWHPDONJ008329	XP_038688485.1
OG0009252	GWHPDONJ008330	XP_038707108.1
OG0009253	GWHPDONJ008336	XP_038717590.1
OG0009254	GWHPDONJ008340	XP_038726238.1
OG0009255	GWHPDONJ008342	XP_038725168.1
OG0009256	GWHPDONJ008347	XP_038678498.1
OG0009257	GWHPDONJ008348	XP_038680027.1
OG0009258	GWHPDONJ008349	XP_038724883.1
OG0009259	GWHPDONJ008350	XP_038687911.1
OG0009260	GWHPDONJ008354	XP_038713150.1
OG0009261	GWHPDONJ008359	XP_038680649.1
OG0009262	GWHPDONJ008362	XP_038686981.1
OG0009263	GWHPDONJ008363	XP_038679061.1
OG0009264	GWHPDONJ008366	XP_038680195.1
OG0009265	GWHPDONJ008369	XP_038702672.1
OG0009266	GWHPDONJ008371	XP_038725191.1
OG0009267	GWHPDONJ008375	XP_038724459.1
OG0009268	GWHPDONJ008377	XP_038725629.1
OG0009269	GWHPDONJ008384, GWHPDONJ010573	
OG0009270	GWHPDONJ008386	XP_038713102.1
OG0009271	GWHPDONJ008389	XP_038708854.1
OG0009272	GWHPDONJ008390	XP_038685284.1
OG0009273	GWHPDONJ008391, GWHPDONJ008392	
OG0009274	GWHPDONJ008399	XP_038723343.1
OG0009275	GWHPDONJ008409	XP_038724075.1
OG0009276	GWHPDONJ008413	XP_038678933.1
OG0009277	GWHPDONJ008415	XP_038697646.1
OG0009278	GWHPDONJ008416	XP_038704065.1
OG0009279	GWHPDONJ008418	XP_038721839.1
OG0009280	GWHPDONJ008419	XP_038703670.1
OG0009281	GWHPDONJ008421	XP_038723741.1
OG0009282	GWHPDONJ008425	XP_038709150.1
OG0009283	GWHPDONJ008428	XP_038705489.1
OG0009284	GWHPDONJ008429	XP_038723087.1
OG0009285	GWHPDONJ008433	XP_038685072.1
OG0009286	GWHPDONJ008434	XP_038707508.1
OG0009287	GWHPDONJ008435	XP_038682823.1
OG0009288	GWHPDONJ008442	XP_038703381.1
OG0009289	GWHPDONJ008446	XP_038713711.1
OG0009290	GWHPDONJ008447	XP_038707046.1
OG0009291	GWHPDONJ008448	XP_038682406.1
OG0009292	GWHPDONJ008454	XP_038695465.1
OG0009293	GWHPDONJ008455	XP_038709359.1
OG0009294	GWHPDONJ008456	XP_038685923.1
OG0009295	GWHPDONJ008460	XP_038686220.1
OG0009296	GWHPDONJ008463	XP_038683233.1
OG0009297	GWHPDONJ008464	XP_038709563.1
OG0009298	GWHPDONJ008465	XP_038684817.1
OG0009299	GWHPDONJ008477, GWHPDONJ008479	
OG0009300	GWHPDONJ008481	XP_038694279.1
OG0009301	GWHPDONJ008482	XP_038717438.1
OG0009302	GWHPDONJ008486	XP_038718287.1
OG0009303	GWHPDONJ008488	XP_038713967.1
OG0009304	GWHPDONJ008489	XP_038712947.1
OG0009305	GWHPDONJ008490	XP_038710560.1
OG0009306	GWHPDONJ008491	XP_038707401.1
OG0009307	GWHPDONJ008492	XP_038695764.1
OG0009308	GWHPDONJ008499	XP_038687513.1
OG0009309	GWHPDONJ008504	XP_038711464.1
OG0009310	GWHPDONJ008505	XP_038711314.1
OG0009311	GWHPDONJ008511	XP_038702190.1
OG0009312	GWHPDONJ008513	XP_038698734.1
OG0009313	GWHPDONJ008518	XP_038700773.1
OG0009314	GWHPDONJ008519	XP_038698698.1
OG0009315	GWHPDONJ008529	XP_038710866.1
OG0009316	GWHPDONJ008533	XP_038696722.1
OG0009317	GWHPDONJ008534	XP_038700962.1
OG0009318	GWHPDONJ008535	XP_038700571.1
OG0009319	GWHPDONJ008536	XP_038719213.1
OG0009320	GWHPDONJ008537	XP_038695046.1
OG0009321	GWHPDONJ008539	XP_038701097.1
OG0009322	GWHPDONJ008540	XP_038725522.1
OG0009323	GWHPDONJ008541	XP_038701028.1
OG0009324	GWHPDONJ008543	XP_038696007.1
OG0009325	GWHPDONJ008548	XP_038724680.1
OG0009326	GWHPDONJ008552	XP_038682745.1
OG0009327	GWHPDONJ008553	XP_038721843.1
OG0009328	GWHPDONJ008561	XP_038701593.1
OG0009329	GWHPDONJ008564	XP_038697834.1
OG0009330	GWHPDONJ008567	XP_038687609.1
OG0009331	GWHPDONJ008570	XP_038718702.1
OG0009332	GWHPDONJ008571	XP_038689615.1
OG0009333	GWHPDONJ008573	XP_038710078.1
OG0009334	GWHPDONJ008576	XP_038693974.1
OG0009335	GWHPDONJ008579	XP_038717561.1
OG0009336	GWHPDONJ008582	XP_038708891.1
OG0009337	GWHPDONJ008583	XP_038700243.1
OG0009338	GWHPDONJ008586	XP_038690407.1
OG0009339	GWHPDONJ008587	XP_038698640.1
OG0009340	GWHPDONJ008588	XP_038704530.1
OG0009341	GWHPDONJ008590	XP_038685851.1
OG0009342	GWHPDONJ008593	XP_038697397.1
OG0009343	GWHPDONJ008602	XP_038701603.1
OG0009344	GWHPDONJ008603	XP_038720803.1
OG0009345	GWHPDONJ008607	XP_038715674.1
OG0009346	GWHPDONJ008610	XP_038702457.1
OG0009347	GWHPDONJ008617	XP_038720131.1
OG0009348	GWHPDONJ008623	XP_038720283.1
OG0009349	GWHPDONJ008625	XP_038701628.1
OG0009350	GWHPDONJ008635	XP_038695193.1
OG0009351	GWHPDONJ008637	XP_038721092.1
OG0009352	GWHPDONJ008640	XP_038685774.1
OG0009353	GWHPDONJ008643	XP_038704260.1
OG0009354	GWHPDONJ008658	XP_038711936.1
OG0009355	GWHPDONJ008661	XP_038709136.1
OG0009356	GWHPDONJ008672	XP_038720713.1
OG0009357	GWHPDONJ008703	XP_038687447.1
OG0009358	GWHPDONJ008705	XP_038720172.1
OG0009359	GWHPDONJ008706	XP_038689080.1
OG0009360	GWHPDONJ008707	XP_038720854.1
OG0009361	GWHPDONJ008708	XP_038699972.1
OG0009362	GWHPDONJ008709	XP_038712380.1
OG0009363	GWHPDONJ008710	XP_038696439.1
OG0009364	GWHPDONJ008712	XP_038692523.1
OG0009365	GWHPDONJ008713	XP_038679208.1
OG0009366	GWHPDONJ008714	XP_038701670.1
OG0009367	GWHPDONJ008719	XP_038702065.1
OG0009368	GWHPDONJ008720	XP_038697653.1
OG0009369	GWHPDONJ008721	XP_038701995.1
OG0009370	GWHPDONJ008723	XP_038719219.1
OG0009371	GWHPDONJ008726	XP_038706184.1
OG0009372	GWHPDONJ008728	XP_038720957.1
OG0009373	GWHPDONJ008729	XP_038721149.1
OG0009374	GWHPDONJ008733	XP_038695586.1
OG0009375	GWHPDONJ008736	XP_038691701.1
OG0009376	GWHPDONJ008737	XP_038700093.1
OG0009377	GWHPDONJ008741	XP_038707348.1
OG0009378	GWHPDONJ008742	XP_038689530.1
OG0009379	GWHPDONJ008743	XP_038687531.1
OG0009380	GWHPDONJ008745	XP_038708865.1
OG0009381	GWHPDONJ008749	XP_038692426.1
OG0009382	GWHPDONJ008750	XP_038724744.1
OG0009383	GWHPDONJ008752	XP_038707399.1
OG0009384	GWHPDONJ008753	XP_038718468.1
OG0009385	GWHPDONJ008779	XP_038726280.1
OG0009386	GWHPDONJ008793	XP_038699858.1
OG0009387	GWHPDONJ008797	XP_038714468.1
OG0009388	GWHPDONJ008799	XP_038700966.1
OG0009389	GWHPDONJ008802	XP_038681048.1
OG0009390	GWHPDONJ008803	XP_038692543.1
OG0009391	GWHPDONJ008806	XP_038693264.1
OG0009392	GWHPDONJ008807	XP_038722295.1
OG0009393	GWHPDONJ008808	XP_038700157.1
OG0009394	GWHPDONJ008810	XP_038702504.1
OG0009395	GWHPDONJ008811	XP_038713724.1
OG0009396	GWHPDONJ008812	XP_038706307.1
OG0009397	GWHPDONJ008813	XP_038717995.1
OG0009398	GWHPDONJ008814	XP_038698412.1
OG0009399	GWHPDONJ008816	XP_038718441.1
OG0009400	GWHPDONJ008817	XP_038680622.1
OG0009401	GWHPDONJ008820	XP_038694254.1
OG0009402	GWHPDONJ008824	XP_038710000.1
OG0009403	GWHPDONJ008826	XP_038713269.1
OG0009404	GWHPDONJ008831	XP_038682332.1
OG0009405	GWHPDONJ008832	XP_038681967.1
OG0009406	GWHPDONJ008833	XP_038717648.1
OG0009407	GWHPDONJ008834	XP_038693377.1
OG0009408	GWHPDONJ008836	XP_038717927.1
OG0009409	GWHPDONJ008838	XP_038714312.1
OG0009410	GWHPDONJ008839	XP_038720201.1
OG0009411	GWHPDONJ008840	XP_038702639.1
OG0009412	GWHPDONJ008846	XP_038698658.1
OG0009413	GWHPDONJ008849	XP_038698265.1
OG0009414	GWHPDONJ008850	XP_038710738.1
OG0009415	GWHPDONJ008851	XP_038682819.1
OG0009416	GWHPDONJ008857	XP_038698975.1
OG0009417	GWHPDONJ008867	XP_038687780.1
OG0009418	GWHPDONJ008872	XP_038681351.1
OG0009419	GWHPDONJ008874	XP_038700749.1
OG0009420	GWHPDONJ008878, GWHPDONJ010579	
OG0009421	GWHPDONJ008880, GWHPDONJ010575	
OG0009422	GWHPDONJ008890	XP_038712020.1
OG0009423	GWHPDONJ008891	XP_038712023.1
OG0009424	GWHPDONJ008895	XP_038690685.1
OG0009425	GWHPDONJ008896	XP_038690405.1
OG0009426	GWHPDONJ008897	XP_038691741.1
OG0009427	GWHPDONJ008900	XP_038691258.1
OG0009428	GWHPDONJ008902	XP_038690032.1
OG0009429	GWHPDONJ008903	XP_038690035.1
OG0009430	GWHPDONJ008908	XP_038685657.1
OG0009431	GWHPDONJ008909	XP_038710376.1
OG0009432	GWHPDONJ008914	XP_038712628.1
OG0009433	GWHPDONJ008918	XP_038691357.1
OG0009434	GWHPDONJ008919	XP_038691358.1
OG0009435	GWHPDONJ008921	XP_038689162.1
OG0009436	GWHPDONJ008922	XP_038699436.1
OG0009437	GWHPDONJ008924	XP_038712053.1
OG0009438	GWHPDONJ008926	XP_038690937.1
OG0009439	GWHPDONJ008930	XP_038712687.1
OG0009440	GWHPDONJ008938	XP_038711514.1
OG0009441	GWHPDONJ008941	XP_038694482.1
OG0009442	GWHPDONJ008958	XP_038708579.1
OG0009443	GWHPDONJ008959	XP_038721242.1
OG0009444	GWHPDONJ008960	XP_038706105.1
OG0009445	GWHPDONJ008964	XP_038722817.1
OG0009446	GWHPDONJ008965	XP_038721128.1
OG0009447	GWHPDONJ008967	XP_038689526.1
OG0009448	GWHPDONJ008973	XP_038720070.1
OG0009449	GWHPDONJ008974	XP_038718975.1
OG0009450	GWHPDONJ008975	XP_038715295.1
OG0009451	GWHPDONJ008976	XP_038717998.1
OG0009452	GWHPDONJ008977	XP_038708510.1
OG0009453	GWHPDONJ008982	XP_038686697.1
OG0009454	GWHPDONJ008983	XP_038717316.1
OG0009455	GWHPDONJ008986	XP_038685931.1
OG0009456	GWHPDONJ008988	XP_038685249.1
OG0009457	GWHPDONJ008992	XP_038686796.1
OG0009458	GWHPDONJ008993	XP_038690159.1
OG0009459	GWHPDONJ008994	XP_038713034.1
OG0009460	GWHPDONJ008996	XP_038721496.1
OG0009461	GWHPDONJ008998	XP_038685056.1
OG0009462	GWHPDONJ009000	XP_038686538.1
OG0009463	GWHPDONJ009003	XP_038689343.1
OG0009464	GWHPDONJ009007	XP_038689497.1
OG0009465	GWHPDONJ009008	XP_038696714.1
OG0009466	GWHPDONJ009010	XP_038686718.1
OG0009467	GWHPDONJ009028	XP_038689159.1
OG0009468	GWHPDONJ009030	XP_038685165.1
OG0009469	GWHPDONJ009034	XP_038689060.1
OG0009470	GWHPDONJ009036	XP_038689441.1
OG0009471	GWHPDONJ009041	XP_038685911.1
OG0009472	GWHPDONJ009048	XP_038690700.1
OG0009473	GWHPDONJ009049	XP_038683064.1
OG0009474	GWHPDONJ009062	XP_038702889.1
OG0009475	GWHPDONJ009063	XP_038715936.1
OG0009476	GWHPDONJ009069	XP_038701366.1
OG0009477	GWHPDONJ009072	XP_038716937.1
OG0009478	GWHPDONJ009073	XP_038694018.1
OG0009479	GWHPDONJ009075	XP_038709001.1
OG0009480	GWHPDONJ009076	XP_038715910.1
OG0009481	GWHPDONJ009080	XP_038700210.1
OG0009482	GWHPDONJ009082	XP_038703794.1
OG0009483	GWHPDONJ009084	XP_038717934.1
OG0009484	GWHPDONJ009086	XP_038715950.1
OG0009485	GWHPDONJ009089	XP_038711958.1
OG0009486	GWHPDONJ009091	XP_038683216.1
OG0009487	GWHPDONJ009095	XP_038704552.1
OG0009488	GWHPDONJ009096	XP_038715753.1
OG0009489	GWHPDONJ009102	XP_038718328.1
OG0009490	GWHPDONJ009105	XP_038689093.1
OG0009491	GWHPDONJ009109	XP_038716063.1
OG0009492	GWHPDONJ009111	XP_038704970.1
OG0009493	GWHPDONJ009114	XP_038714736.1
OG0009494	GWHPDONJ009115	XP_038703758.1
OG0009495	GWHPDONJ009119	XP_038705314.1
OG0009496	GWHPDONJ009120	XP_038696877.1
OG0009497	GWHPDONJ009122	XP_038679294.1
OG0009498	GWHPDONJ009123	XP_038704984.1
OG0009499	GWHPDONJ009132	XP_038685557.1
OG0009500	GWHPDONJ009136	XP_038713813.1
OG0009501	GWHPDONJ009137	XP_038689819.1
OG0009502	GWHPDONJ009140	XP_038721491.1
OG0009503	GWHPDONJ009141	XP_038689183.1
OG0009504	GWHPDONJ009142	XP_038685896.1
OG0009505	GWHPDONJ009143	XP_038724954.1
OG0009506	GWHPDONJ009144	XP_038690338.1
OG0009507	GWHPDONJ009145	XP_038690337.1
OG0009508	GWHPDONJ009146	XP_038691263.1
OG0009509	GWHPDONJ009148	XP_038689100.1
OG0009510	GWHPDONJ009150	XP_038690776.1
OG0009511	GWHPDONJ009153	XP_038685285.1
OG0009512	GWHPDONJ009161	XP_038685700.1
OG0009513	GWHPDONJ009163	XP_038685288.1
OG0009514	GWHPDONJ009164	XP_038689257.1
OG0009515	GWHPDONJ009172	XP_038685938.1
OG0009516	GWHPDONJ009176	XP_038683402.1
OG0009517	GWHPDONJ009183	XP_038689747.1
OG0009518	GWHPDONJ009191	XP_038695701.1
OG0009519	GWHPDONJ009194	XP_038716374.1
OG0009520	GWHPDONJ009196	XP_038716905.1
OG0009521	GWHPDONJ009212	XP_038722062.1
OG0009522	GWHPDONJ009213	XP_038714976.1
OG0009523	GWHPDONJ009214	XP_038716312.1
OG0009524	GWHPDONJ009217	XP_038714773.1
OG0009525	GWHPDONJ009220	XP_038710128.1
OG0009526	GWHPDONJ009229	XP_038702647.1
OG0009527	GWHPDONJ009230	XP_038714878.1
OG0009528	GWHPDONJ009232	XP_038692690.1
OG0009529	GWHPDONJ009242	XP_038714671.1
OG0009530	GWHPDONJ009246	XP_038681545.1
OG0009531	GWHPDONJ009251	XP_038694652.1
OG0009532	GWHPDONJ009253	XP_038681194.1
OG0009533	GWHPDONJ009255	XP_038719276.1
OG0009534	GWHPDONJ009258	XP_038710066.1
OG0009535	GWHPDONJ009259	XP_038712747.1
OG0009536	GWHPDONJ009260	XP_038692907.1
OG0009537	GWHPDONJ009263	XP_038696764.1
OG0009538	GWHPDONJ009265	XP_038687062.1
OG0009539	GWHPDONJ009267	XP_038697364.1
OG0009540	GWHPDONJ009268	XP_038685611.1
OG0009541	GWHPDONJ009269	XP_038720139.1
OG0009542	GWHPDONJ009274	XP_038680746.1
OG0009543	GWHPDONJ009275	XP_038706622.1
OG0009544	GWHPDONJ009276	XP_038701400.1
OG0009545	GWHPDONJ009278	XP_038694384.1
OG0009546	GWHPDONJ009280	XP_038724007.1
OG0009547	GWHPDONJ009281	XP_038682035.1
OG0009548	GWHPDONJ009282	XP_038692065.1
OG0009549	GWHPDONJ009287	XP_038699984.1
OG0009550	GWHPDONJ009288	XP_038722135.1
OG0009551	GWHPDONJ009290	XP_038693227.1
OG0009552	GWHPDONJ009291	XP_038712918.1
OG0009553	GWHPDONJ009294	XP_038714268.1
OG0009554	GWHPDONJ009296	XP_038726338.1
OG0009555	GWHPDONJ009297	XP_038708870.1
OG0009556	GWHPDONJ009309	XP_038714762.1
OG0009557	GWHPDONJ009310	XP_038713031.1
OG0009558	GWHPDONJ009312	XP_038711412.1
OG0009559	GWHPDONJ009316	XP_038705831.1
OG0009560	GWHPDONJ009319	XP_038702562.1
OG0009561	GWHPDONJ009320	XP_038717659.1
OG0009562	GWHPDONJ009321	XP_038705864.1
OG0009563	GWHPDONJ009328	XP_038703473.1
OG0009564	GWHPDONJ009329	XP_038721624.1
OG0009565	GWHPDONJ009331	XP_038722315.1
OG0009566	GWHPDONJ009332	XP_038722888.1
OG0009567	GWHPDONJ009333	XP_038708240.1
OG0009568	GWHPDONJ009334	XP_038697912.1
OG0009569	GWHPDONJ009339	XP_038693247.1
OG0009570	GWHPDONJ009340	XP_038723708.1
OG0009571	GWHPDONJ009343	XP_038707814.1
OG0009572	GWHPDONJ009344	XP_038688418.1
OG0009573	GWHPDONJ009346	XP_038719789.1
OG0009574	GWHPDONJ009347	XP_038679950.1
OG0009575	GWHPDONJ009348	XP_038706873.1
OG0009576	GWHPDONJ009349	XP_038691689.1
OG0009577	GWHPDONJ009352	XP_038681327.1
OG0009578	GWHPDONJ009353	XP_038721286.1
OG0009579	GWHPDONJ009357	XP_038723257.1
OG0009580	GWHPDONJ009358	XP_038706948.1
OG0009581	GWHPDONJ009363	XP_038697118.1
OG0009582	GWHPDONJ009364	XP_038717160.1
OG0009583	GWHPDONJ009365	XP_038725621.1
OG0009584	GWHPDONJ009367	XP_038688320.1
OG0009585	GWHPDONJ009368	XP_038703098.1
OG0009586	GWHPDONJ009370	XP_038680425.1
OG0009587	GWHPDONJ009373	XP_038680223.1
OG0009588	GWHPDONJ009379	XP_038703800.1
OG0009589	GWHPDONJ009386	XP_038702115.1
OG0009590	GWHPDONJ009387	XP_038679880.1
OG0009591	GWHPDONJ009392	XP_038695296.1
OG0009592	GWHPDONJ009394	XP_038694628.1
OG0009593	GWHPDONJ009398	XP_038721708.1
OG0009594	GWHPDONJ009404	XP_038703867.1
OG0009595	GWHPDONJ009405	XP_038687365.1
OG0009596	GWHPDONJ009412	XP_038685358.1
OG0009597	GWHPDONJ009415	XP_038686824.1
OG0009598	GWHPDONJ009417	XP_038690247.1
OG0009599	GWHPDONJ009421	XP_038716633.1
OG0009600	GWHPDONJ009428	XP_038688117.1
OG0009601	GWHPDONJ009436	XP_038724674.1
OG0009602	GWHPDONJ009442	XP_038679916.1
OG0009603	GWHPDONJ009444	XP_038707831.1
OG0009604	GWHPDONJ009451	XP_038721119.1
OG0009605	GWHPDONJ009454	XP_038684225.1
OG0009606	GWHPDONJ009455	XP_038707668.1
OG0009607	GWHPDONJ009456	XP_038685796.1
OG0009608	GWHPDONJ009458	XP_038690083.1
OG0009609	GWHPDONJ009461	XP_038709324.1
OG0009610	GWHPDONJ009464	XP_038683125.1
OG0009611	GWHPDONJ009466	XP_038723832.1
OG0009612	GWHPDONJ009467	XP_038685397.1
OG0009613	GWHPDONJ009473	XP_038709349.1
OG0009614	GWHPDONJ009474	XP_038686373.1
OG0009615	GWHPDONJ009475	XP_038686425.1
OG0009616	GWHPDONJ009476	XP_038678953.1
OG0009617	GWHPDONJ009477	XP_038700607.1
OG0009618	GWHPDONJ009479	XP_038703579.1
OG0009619	GWHPDONJ009480	XP_038726337.1
OG0009620	GWHPDONJ009483	XP_038725904.1
OG0009621	GWHPDONJ009485	XP_038688009.1
OG0009622	GWHPDONJ009487	XP_038679380.1
OG0009623	GWHPDONJ009489	XP_038687933.1
OG0009624	GWHPDONJ009494	XP_038709687.1
OG0009625	GWHPDONJ009497	XP_038683495.1
OG0009626	GWHPDONJ009499	XP_038708445.1
OG0009627	GWHPDONJ009500	XP_038683164.1
OG0009628	GWHPDONJ009502	XP_038685136.1
OG0009629	GWHPDONJ009503	XP_038709256.1
OG0009630	GWHPDONJ009504	XP_038685460.1
OG0009631	GWHPDONJ009507	XP_038685519.1
OG0009632	GWHPDONJ009511	XP_038724513.1
OG0009633	GWHPDONJ009513	XP_038709235.1
OG0009634	GWHPDONJ009519	XP_038723548.1
OG0009635	GWHPDONJ009527	XP_038687362.1
OG0009636	GWHPDONJ009528	XP_038692305.1
OG0009637	GWHPDONJ009530	XP_038690757.1
OG0009638	GWHPDONJ009533	XP_038724184.1
OG0009639	GWHPDONJ009537, GWHPDONJ009836	
OG0009640	GWHPDONJ009541	XP_038722373.1
OG0009641	GWHPDONJ009542	XP_038684462.1
OG0009642	GWHPDONJ009543	XP_038713789.1
OG0009643	GWHPDONJ009544	XP_038719388.1
OG0009644	GWHPDONJ009546	XP_038695624.1
OG0009645	GWHPDONJ009550	XP_038706483.1
OG0009646	GWHPDONJ009552	XP_038687211.1
OG0009647	GWHPDONJ009553	XP_038712518.1
OG0009648	GWHPDONJ009559	XP_038679018.1
OG0009649	GWHPDONJ009560	XP_038716479.1
OG0009650	GWHPDONJ009567	XP_038693395.1
OG0009651	GWHPDONJ009570	XP_038713191.1
OG0009652	GWHPDONJ009574	XP_038682199.1
OG0009653	GWHPDONJ009579	XP_038708325.1
OG0009654	GWHPDONJ009580	XP_038722943.1
OG0009655	GWHPDONJ009582	XP_038686306.1
OG0009656	GWHPDONJ009586	XP_038704298.1
OG0009657	GWHPDONJ009590	XP_038683327.1
OG0009658	GWHPDONJ009592	XP_038693200.1
OG0009659	GWHPDONJ009595	XP_038703240.1
OG0009660	GWHPDONJ009599	XP_038684508.1
OG0009661	GWHPDONJ009600	XP_038708333.1
OG0009662	GWHPDONJ009606	XP_038683271.1
OG0009663	GWHPDONJ009608	XP_038692309.1
OG0009664	GWHPDONJ009611	XP_038703349.1
OG0009665	GWHPDONJ009612	XP_038704444.1
OG0009666	GWHPDONJ009615	XP_038687684.1
OG0009667	GWHPDONJ009616	XP_038680129.1
OG0009668	GWHPDONJ009619	XP_038703174.1
OG0009669	GWHPDONJ009621	XP_038697659.1
OG0009670	GWHPDONJ009626	XP_038681440.1
OG0009671	GWHPDONJ009628	XP_038683687.1
OG0009672	GWHPDONJ009640	XP_038709160.1
OG0009673	GWHPDONJ009641	XP_038722955.1
OG0009674	GWHPDONJ009642	XP_038692294.1
OG0009675	GWHPDONJ009643	XP_038684403.1
OG0009676	GWHPDONJ009645	XP_038687158.1
OG0009677	GWHPDONJ009648	XP_038682698.1
OG0009678	GWHPDONJ009649	XP_038684672.1
OG0009679	GWHPDONJ009654	XP_038683128.1
OG0009680	GWHPDONJ009656	XP_038702493.1
OG0009681	GWHPDONJ009657	XP_038709258.1
OG0009682	GWHPDONJ009659, GWHPDONJ009660	
OG0009683	GWHPDONJ009661	XP_038715546.1
OG0009684	GWHPDONJ009667	XP_038698281.1
OG0009685	GWHPDONJ009671	XP_038699932.1
OG0009686	GWHPDONJ009673	XP_038698283.1
OG0009687	GWHPDONJ009674	XP_038696522.1
OG0009688	GWHPDONJ009676	XP_038696005.1
OG0009689	GWHPDONJ009680	XP_038699198.1
OG0009690	GWHPDONJ009684	XP_038699227.1
OG0009691	GWHPDONJ009687	XP_038711538.1
OG0009692	GWHPDONJ009690	XP_038699857.1
OG0009693	GWHPDONJ009693	XP_038710534.1
OG0009694	GWHPDONJ009695	XP_038698450.1
OG0009695	GWHPDONJ009705	XP_038709022.1
OG0009696	GWHPDONJ009718	XP_038712167.1
OG0009697	GWHPDONJ009719	XP_038700469.1
OG0009698	GWHPDONJ009720	XP_038701204.1
OG0009699	GWHPDONJ009721	XP_038698372.1
OG0009700	GWHPDONJ009723	XP_038712476.1
OG0009701	GWHPDONJ009724	XP_038712069.1
OG0009702	GWHPDONJ009725	XP_038700000.1
OG0009703	GWHPDONJ009729	XP_038711923.1
OG0009704	GWHPDONJ009730	XP_038699202.1
OG0009705	GWHPDONJ009733	XP_038699819.1
OG0009706	GWHPDONJ009734	XP_038711256.1
OG0009707	GWHPDONJ009735	XP_038700127.1
OG0009708	GWHPDONJ009738	XP_038711322.1
OG0009709	GWHPDONJ009739	XP_038711321.1
OG0009710	GWHPDONJ009741	XP_038709828.1
OG0009711	GWHPDONJ009749	XP_038701189.1
OG0009712	GWHPDONJ009751	XP_038717332.1
OG0009713	GWHPDONJ009753	XP_038718254.1
OG0009714	GWHPDONJ009754	XP_038694231.1
OG0009715	GWHPDONJ009755	XP_038714010.1
OG0009716	GWHPDONJ009760	XP_038717851.1
OG0009717	GWHPDONJ009763	XP_038712884.1
OG0009718	GWHPDONJ009765	XP_038717925.1
OG0009719	GWHPDONJ009767	XP_038718401.1
OG0009720	GWHPDONJ009768	XP_038713483.1
OG0009721	GWHPDONJ009770	XP_038717868.1
OG0009722	GWHPDONJ009773, GWHPDONJ009774	
OG0009723	GWHPDONJ009784	XP_038720400.1
OG0009724	GWHPDONJ009791	XP_038720523.1
OG0009725	GWHPDONJ009792	XP_038700079.1
OG0009726	GWHPDONJ009793	XP_038703297.1
OG0009727	GWHPDONJ009812	XP_038708995.1
OG0009728	GWHPDONJ009825	XP_038707770.1
OG0009729	GWHPDONJ009828	XP_038703284.1
OG0009730	GWHPDONJ009832	XP_038723523.1
OG0009731	GWHPDONJ009834	XP_038718821.1
OG0009732	GWHPDONJ009837	XP_038702683.1
OG0009733	GWHPDONJ009840	XP_038724167.1
OG0009734	GWHPDONJ009841	XP_038722827.1
OG0009735	GWHPDONJ009846	XP_038701818.1
OG0009736	GWHPDONJ009848	XP_038723689.1
OG0009737	GWHPDONJ009849	XP_038690177.1
OG0009738	GWHPDONJ009854	XP_038722476.1
OG0009739	GWHPDONJ009858	XP_038720533.1
OG0009740	GWHPDONJ009861	XP_038709174.1
OG0009741	GWHPDONJ009862	XP_038685402.1
OG0009742	GWHPDONJ009867	XP_038703671.1
OG0009743	GWHPDONJ009871	XP_038687095.1
OG0009744	GWHPDONJ009876	XP_038707389.1
OG0009745	GWHPDONJ009878	XP_038713851.1
OG0009746	GWHPDONJ009880	XP_038710026.1
OG0009747	GWHPDONJ009883	XP_038724429.1
OG0009748	GWHPDONJ009890	XP_038714789.1
OG0009749	GWHPDONJ009893	XP_038690458.1
OG0009750	GWHPDONJ009895	XP_038690783.1
OG0009751	GWHPDONJ009896	XP_038722586.1
OG0009752	GWHPDONJ009897	XP_038710392.1
OG0009753	GWHPDONJ009898	XP_038688721.1
OG0009754	GWHPDONJ009899	XP_038679514.1
OG0009755	GWHPDONJ009902	XP_038679869.1
OG0009756	GWHPDONJ009905	XP_038710910.1
OG0009757	GWHPDONJ009915	XP_038710230.1
OG0009758	GWHPDONJ009916	XP_038694958.1
OG0009759	GWHPDONJ009922	XP_038710184.1
OG0009760	GWHPDONJ009925	XP_038710397.1
OG0009761	GWHPDONJ009943	XP_038680100.1
OG0009762	GWHPDONJ009947	XP_038680338.1
OG0009763	GWHPDONJ009948	XP_038694952.1
OG0009764	GWHPDONJ009949	XP_038688431.1
OG0009765	GWHPDONJ009953	XP_038691900.1
OG0009766	GWHPDONJ009955	XP_038711638.1
OG0009767	GWHPDONJ009958	XP_038688280.1
OG0009768	GWHPDONJ009968	XP_038699796.1
OG0009769	GWHPDONJ009970	XP_038707743.1
OG0009770	GWHPDONJ009972	XP_038707966.1
OG0009771	GWHPDONJ009979	XP_038721903.1
OG0009772	GWHPDONJ009986	XP_038716352.1
OG0009773	GWHPDONJ009987	XP_038713206.1
OG0009774	GWHPDONJ009988	XP_038682706.1
OG0009775	GWHPDONJ009990	XP_038723561.1
OG0009776	GWHPDONJ009992	XP_038720527.1
OG0009777	GWHPDONJ010000	XP_038713759.1
OG0009778	GWHPDONJ010001	XP_038725571.1
OG0009779	GWHPDONJ010003	XP_038702705.1
OG0009780	GWHPDONJ010006	XP_038685542.1
OG0009781	GWHPDONJ010008	XP_038694319.1
OG0009782	GWHPDONJ010009	XP_038707498.1
OG0009783	GWHPDONJ010011	XP_038725883.1
OG0009784	GWHPDONJ010013	XP_038704919.1
OG0009785	GWHPDONJ010016	XP_038713909.1
OG0009786	GWHPDONJ010017	XP_038703026.1
OG0009787	GWHPDONJ010024	XP_038692716.1
OG0009788	GWHPDONJ010027	XP_038704020.1
OG0009789	GWHPDONJ010029	XP_038718901.1
OG0009790	GWHPDONJ010031	XP_038713347.1
OG0009791	GWHPDONJ010034	XP_038702909.1
OG0009792	GWHPDONJ010040	XP_038705260.1
OG0009793	GWHPDONJ010045	XP_038712842.1
OG0009794	GWHPDONJ010048	XP_038713335.1
OG0009795	GWHPDONJ010051	XP_038687407.1
OG0009796	GWHPDONJ010053	XP_038699391.1
OG0009797	GWHPDONJ010054	XP_038712988.1
OG0009798	GWHPDONJ010060	XP_038682237.1
OG0009799	GWHPDONJ010063	XP_038703058.1
OG0009800	GWHPDONJ010072	XP_038708225.1
OG0009801	GWHPDONJ010079	XP_038681701.1
OG0009802	GWHPDONJ010082	XP_038682347.1
OG0009803	GWHPDONJ010083	XP_038693594.1
OG0009804	GWHPDONJ010085	XP_038682236.1
OG0009805	GWHPDONJ010086	XP_038708451.1
OG0009806	GWHPDONJ010087	XP_038682183.1
OG0009807	GWHPDONJ010088	XP_038722431.1
OG0009808	GWHPDONJ010093	XP_038693939.1
OG0009809	GWHPDONJ010095	XP_038713796.1
OG0009810	GWHPDONJ010096	XP_038692770.1
OG0009811	GWHPDONJ010098	XP_038686809.1
OG0009812	GWHPDONJ010099	XP_038712873.1
OG0009813	GWHPDONJ010107	XP_038689386.1
OG0009814	GWHPDONJ010109	XP_038703885.1
OG0009815	GWHPDONJ010110	XP_038692587.1
OG0009816	GWHPDONJ010113	XP_038703554.1
OG0009817	GWHPDONJ010115	XP_038704916.1
OG0009818	GWHPDONJ010126	XP_038693527.1
OG0009819	GWHPDONJ010141	XP_038717611.1
OG0009820	GWHPDONJ010143	XP_038717063.1
OG0009821	GWHPDONJ010144	XP_038710440.1
OG0009822	GWHPDONJ010154	XP_038718349.1
OG0009823	GWHPDONJ010155	XP_038714243.1
OG0009824	GWHPDONJ010157	XP_038717421.1
OG0009825	GWHPDONJ010161	XP_038713847.1
OG0009826	GWHPDONJ010165	XP_038692551.1
OG0009827	GWHPDONJ010167	XP_038687440.1
OG0009828	GWHPDONJ010168	XP_038714187.1
OG0009829	GWHPDONJ010171	XP_038693618.1
OG0009830	GWHPDONJ010179	XP_038724833.1
OG0009831	GWHPDONJ010181	XP_038709903.1
OG0009832	GWHPDONJ010184	XP_038701985.1
OG0009833	GWHPDONJ010185	XP_038683422.1
OG0009834	GWHPDONJ010187	XP_038720476.1
OG0009835	GWHPDONJ010188	XP_038702087.1
OG0009836	GWHPDONJ010189	XP_038694819.1
OG0009837	GWHPDONJ010192	XP_038703348.1
OG0009838	GWHPDONJ010196	XP_038696792.1
OG0009839	GWHPDONJ010197	XP_038706888.1
OG0009840	GWHPDONJ010198	XP_038709522.1
OG0009841	GWHPDONJ010200	XP_038698999.1
OG0009842	GWHPDONJ010204	XP_038692580.1
OG0009843	GWHPDONJ010205	XP_038701285.1
OG0009844	GWHPDONJ010207	XP_038724113.1
OG0009845	GWHPDONJ010215	XP_038703637.1
OG0009846	GWHPDONJ010218	XP_038682667.1
OG0009847	GWHPDONJ010224	XP_038720879.1
OG0009848	GWHPDONJ010225	XP_038709909.1
OG0009849	GWHPDONJ010227	XP_038680679.1
OG0009850	GWHPDONJ010234	XP_038687358.1
OG0009851	GWHPDONJ010239	XP_038717072.1
OG0009852	GWHPDONJ010241	XP_038692751.1
OG0009853	GWHPDONJ010248	XP_038709203.1
OG0009854	GWHPDONJ010249	XP_038682557.1
OG0009855	GWHPDONJ010253	XP_038683767.1
OG0009856	GWHPDONJ010254	XP_038709280.1
OG0009857	GWHPDONJ010255	XP_038709278.1
OG0009858	GWHPDONJ010260	XP_038692705.1
OG0009859	GWHPDONJ010273	XP_038720138.1
OG0009860	GWHPDONJ010274	XP_038698320.1
OG0009861	GWHPDONJ010275	XP_038693583.1
OG0009862	GWHPDONJ010282	XP_038705837.1
OG0009863	GWHPDONJ010287	XP_038697660.1
OG0009864	GWHPDONJ010289	XP_038692406.1
OG0009865	GWHPDONJ010290	XP_038697958.1
OG0009866	GWHPDONJ010292	XP_038723040.1
OG0009867	GWHPDONJ010295	XP_038692737.1
OG0009868	GWHPDONJ010299	XP_038691940.1
OG0009869	GWHPDONJ010300	XP_038701784.1
OG0009870	GWHPDONJ010305	XP_038714910.1
OG0009871	GWHPDONJ010306	XP_038724430.1
OG0009872	GWHPDONJ010307	XP_038711559.1
OG0009873	GWHPDONJ010309	XP_038686337.1
OG0009874	GWHPDONJ010311	XP_038692183.1
OG0009875	GWHPDONJ010317	XP_038719024.1
OG0009876	GWHPDONJ010319	XP_038705719.1
OG0009877	GWHPDONJ010321	XP_038709880.1
OG0009878	GWHPDONJ010323	XP_038690699.1
OG0009879	GWHPDONJ010324	XP_038706422.1
OG0009880	GWHPDONJ010328	XP_038706207.1
OG0009881	GWHPDONJ010329	XP_038679800.1
OG0009882	GWHPDONJ010330	XP_038680502.1
OG0009883	GWHPDONJ010335	XP_038687792.1
OG0009884	GWHPDONJ010337	XP_038697284.1
OG0009885	GWHPDONJ010338	XP_038694101.1
OG0009886	GWHPDONJ010339	XP_038680170.1
OG0009887	GWHPDONJ010342	XP_038706522.1
OG0009888	GWHPDONJ010344	XP_038716469.1
OG0009889	GWHPDONJ010350	XP_038695315.1
OG0009890	GWHPDONJ010356	XP_038721460.1
OG0009891	GWHPDONJ010364	XP_038710579.1
OG0009892	GWHPDONJ010365	XP_038724900.1
OG0009893	GWHPDONJ010367	XP_038706904.1
OG0009894	GWHPDONJ010369	XP_038714860.1
OG0009895	GWHPDONJ010370	XP_038679680.1
OG0009896	GWHPDONJ010375	XP_038714857.1
OG0009897	GWHPDONJ010376	XP_038703393.1
OG0009898	GWHPDONJ010378	XP_038693646.1
OG0009899	GWHPDONJ010379	XP_038705888.1
OG0009900	GWHPDONJ010380	XP_038696402.1
OG0009901	GWHPDONJ010381	XP_038692798.1
OG0009902	GWHPDONJ010382	XP_038703363.1
OG0009903	GWHPDONJ010390	XP_038682459.1
OG0009904	GWHPDONJ010392	XP_038718449.1
OG0009905	GWHPDONJ010393	XP_038691406.1
OG0009906	GWHPDONJ010396	XP_038717947.1
OG0009907	GWHPDONJ010397	XP_038718121.1
OG0009908	GWHPDONJ010398	XP_038703955.1
OG0009909	GWHPDONJ010400	XP_038687273.1
OG0009910	GWHPDONJ010407	XP_038679995.1
OG0009911	GWHPDONJ010410	XP_038724577.1
OG0009912	GWHPDONJ010413	XP_038713848.1
OG0009913	GWHPDONJ010415	XP_038726190.1
OG0009914	GWHPDONJ010416	XP_038682653.1
OG0009915	GWHPDONJ010420	XP_038725721.1
OG0009916	GWHPDONJ010421	XP_038725677.1
OG0009917	GWHPDONJ010422	XP_038703017.1
OG0009918	GWHPDONJ010424	XP_038683923.1
OG0009919	GWHPDONJ010427	XP_038703806.1
OG0009920	GWHPDONJ010428	XP_038692522.1
OG0009921	GWHPDONJ010430	XP_038705323.1
OG0009922	GWHPDONJ010432	XP_038694158.1
OG0009923	GWHPDONJ010433	XP_038704258.1
OG0009924	GWHPDONJ010437	XP_038692918.1
OG0009925	GWHPDONJ010439	XP_038704880.1
OG0009926	GWHPDONJ010442	XP_038714028.1
OG0009927	GWHPDONJ010446	XP_038724340.1
OG0009928	GWHPDONJ010447	XP_038725557.1
OG0009929	GWHPDONJ010452	XP_038725902.1
OG0009930	GWHPDONJ010455	XP_038687847.1
OG0009931	GWHPDONJ010456	XP_038726211.1
OG0009932	GWHPDONJ010458	XP_038687270.1
OG0009933	GWHPDONJ010460	XP_038724305.1
OG0009934	GWHPDONJ010461	XP_038688118.1
OG0009935	GWHPDONJ010463	XP_038724682.1
OG0009936	GWHPDONJ010464	XP_038679174.1
OG0009937	GWHPDONJ010467	XP_038725356.1
OG0009938	GWHPDONJ010469	XP_038723802.1
OG0009939	GWHPDONJ010470	XP_038715325.1
OG0009940	GWHPDONJ010472	XP_038717684.1
OG0009941	GWHPDONJ010473	XP_038725130.1
OG0009942	GWHPDONJ010474	XP_038724793.1
OG0009943	GWHPDONJ010476	XP_038725174.1
OG0009944	GWHPDONJ010479	XP_038680887.1
OG0009945	GWHPDONJ010480	XP_038703397.1
OG0009946	GWHPDONJ010481	XP_038722159.1
OG0009947	GWHPDONJ010485	XP_038696472.1
OG0009948	GWHPDONJ010488	XP_038689342.1
OG0009949	GWHPDONJ010489	XP_038688193.1
OG0009950	GWHPDONJ010490	XP_038679915.1
OG0009951	GWHPDONJ010493	XP_038682253.1
OG0009952	GWHPDONJ010494	XP_038679263.1
OG0009953	GWHPDONJ010497	XP_038679561.1
OG0009954	GWHPDONJ010499	XP_038688015.1
OG0009955	GWHPDONJ010505	XP_038724410.1
OG0009956	GWHPDONJ010506	XP_038714960.1
OG0009957	GWHPDONJ010520	XP_038694211.1
OG0009958	GWHPDONJ010522	XP_038701332.1
OG0009959	GWHPDONJ010524	XP_038724261.1
OG0009960	GWHPDONJ010525	XP_038721369.1
OG0009961	GWHPDONJ010531	XP_038705361.1
OG0009962	GWHPDONJ010532	XP_038691201.1
OG0009963	GWHPDONJ010534	XP_038707561.1
OG0009964	GWHPDONJ010537	XP_038694002.1
OG0009965	GWHPDONJ010541	XP_038700686.1
OG0009966	GWHPDONJ010543	XP_038694278.1
OG0009967	GWHPDONJ010544	XP_038681243.1
OG0009968	GWHPDONJ010564	XP_038707806.1
OG0009969	GWHPDONJ010583	XP_038708091.1
OG0009970	GWHPDONJ010598	XP_038691490.1
OG0009971	GWHPDONJ010607	XP_038725784.1
OG0009972	GWHPDONJ010610	XP_038715857.1
OG0009973	GWHPDONJ010614	XP_038715054.1
OG0009974	GWHPDONJ010624	XP_038715064.1
OG0009975	GWHPDONJ010625	XP_038714459.1
OG0009976	GWHPDONJ010632	XP_038720950.1
OG0009977	GWHPDONJ010639	XP_038679571.1
OG0009978	GWHPDONJ010640	XP_038680032.1
OG0009979	GWHPDONJ010644	XP_038712688.1
OG0009980	GWHPDONJ010645	XP_038687043.1
OG0009981	GWHPDONJ010646	XP_038723261.1
OG0009982	GWHPDONJ010649	XP_038700238.1
OG0009983	GWHPDONJ010650	XP_038690189.1
OG0009984	GWHPDONJ010662	XP_038692600.1
OG0009985	GWHPDONJ010663	XP_038714120.1
OG0009986	GWHPDONJ010667	XP_038692576.1
OG0009987	GWHPDONJ010672	XP_038689833.1
OG0009988	GWHPDONJ010679	XP_038678620.1
OG0009989	GWHPDONJ010680	XP_038712364.1
OG0009990	GWHPDONJ010681	XP_038681646.1
OG0009991	GWHPDONJ010682	XP_038709195.1
OG0009992	GWHPDONJ010686	XP_038681675.1
OG0009993	GWHPDONJ010687	XP_038725767.1
OG0009994	GWHPDONJ010690	XP_038681896.1
OG0009995	GWHPDONJ010691	XP_038696892.1
OG0009996	GWHPDONJ010692	XP_038711180.1
OG0009997	GWHPDONJ010694	XP_038708324.1
OG0009998	GWHPDONJ010696	XP_038681337.1
OG0009999	GWHPDONJ010697	XP_038710084.1
OG0010000	GWHPDONJ010699	XP_038699381.1
OG0010001	GWHPDONJ010703	XP_038700081.1
OG0010002	GWHPDONJ010704	XP_038700215.1
OG0010003	GWHPDONJ010711	XP_038681895.1
OG0010004	GWHPDONJ010712	XP_038680685.1
OG0010005	GWHPDONJ010715	XP_038700695.1
OG0010006	GWHPDONJ010716	XP_038695957.1
OG0010007	GWHPDONJ010719	XP_038711605.1
OG0010008	GWHPDONJ010721	XP_038681516.1
OG0010009	GWHPDONJ010724	XP_038681601.1
OG0010010	GWHPDONJ010726	XP_038708106.1
OG0010011	GWHPDONJ010727	XP_038683536.1
OG0010012	GWHPDONJ010728	XP_038682865.1
OG0010013	GWHPDONJ010729	XP_038682866.1
OG0010014	GWHPDONJ010731	XP_038682977.1
OG0010015	GWHPDONJ010733	XP_038701828.1
OG0010016	GWHPDONJ010734	XP_038691809.1
OG0010017	GWHPDONJ010735	XP_038692286.1
OG0010018	GWHPDONJ010736	XP_038706871.1
OG0010019	GWHPDONJ010737	XP_038707319.1
OG0010020	GWHPDONJ010738	XP_038705391.1
OG0010021	GWHPDONJ010739	XP_038707143.1
OG0010022	GWHPDONJ010741	XP_038712773.1
OG0010023	GWHPDONJ010742	XP_038725616.1
OG0010024	GWHPDONJ010744	XP_038706530.1
OG0010025	GWHPDONJ010746	XP_038720219.1
OG0010026	GWHPDONJ010749	XP_038708803.1
OG0010027	GWHPDONJ010750	XP_038726044.1
OG0010028	GWHPDONJ010751	XP_038703580.1
OG0010029	GWHPDONJ010753	XP_038718053.1
OG0010030	GWHPDONJ010756	XP_038679059.1
OG0010031	GWHPDONJ010757	XP_038706021.1
OG0010032	GWHPDONJ010759	XP_038723502.1
OG0010033	GWHPDONJ010764	XP_038713340.1
OG0010034	GWHPDONJ010766	XP_038724231.1
OG0010035	GWHPDONJ010767	XP_038683950.1
OG0010036	GWHPDONJ010768	XP_038681263.1
OG0010037	GWHPDONJ010771	XP_038707895.1
OG0010038	GWHPDONJ010772	XP_038705735.1
OG0010039	GWHPDONJ010773	XP_038688842.1
OG0010040	GWHPDONJ010777	XP_038700319.1
OG0010041	GWHPDONJ010779	XP_038683905.1
OG0010042	GWHPDONJ010785	XP_038696768.1
OG0010043	GWHPDONJ010790	XP_038692098.1
OG0010044	GWHPDONJ010793	XP_038713190.1
OG0010045	GWHPDONJ010796	XP_038690241.1
OG0010046	GWHPDONJ010798	XP_038707382.1
OG0010047	GWHPDONJ010806	XP_038693841.1
OG0010048	GWHPDONJ010809	XP_038688925.1
OG0010049	GWHPDONJ010818	XP_038701076.1
OG0010050	GWHPDONJ010820	XP_038723226.1
OG0010051	GWHPDONJ010821	XP_038705273.1
OG0010052	GWHPDONJ010822	XP_038679635.1
OG0010053	GWHPDONJ010825	XP_038685236.1
OG0010054	GWHPDONJ010829	XP_038723494.1
OG0010055	GWHPDONJ010830	XP_038680311.1
OG0010056	GWHPDONJ010836	XP_038715146.1
OG0010057	GWHPDONJ010857	XP_038695223.1
OG0010058	GWHPDONJ010863	XP_038708633.1
OG0010059	GWHPDONJ010866	XP_038707836.1
OG0010060	GWHPDONJ010867	XP_038683214.1
OG0010061	GWHPDONJ010871	XP_038724977.1
OG0010062	GWHPDONJ010873	XP_038699036.1
OG0010063	GWHPDONJ010875	XP_038699243.1
OG0010064	GWHPDONJ010895	XP_038703046.1
OG0010065	GWHPDONJ010896	XP_038684065.1
OG0010066	GWHPDONJ010899	XP_038720715.1
OG0010067	GWHPDONJ010908	XP_038696303.1
OG0010068	GWHPDONJ010911	XP_038694834.1
OG0010069	GWHPDONJ010912	XP_038706499.1
OG0010070	GWHPDONJ010915	XP_038698468.1
OG0010071	GWHPDONJ010917	XP_038710787.1
OG0010072	GWHPDONJ010919	XP_038725362.1
OG0010073	Null	XP_038678340.1, XP_038699592.1
OG0010074	Null	XP_038678341.1, XP_038700819.1
OG0010075	Null	XP_038678343.1, XP_038698660.1
OG0010076	Null	XP_038678346.1, XP_038700209.1
OG0010077	Null	XP_038678347.1, XP_038696578.1
OG0010078	Null	XP_038678355.1, XP_038678356.1
OG0010079	Null	XP_038678357.1, XP_038725328.1
OG0010080	Null	XP_038678366.1, XP_038711840.1
OG0010081	Null	XP_038678372.1, XP_038725046.1
OG0010082	Null	XP_038678374.1, XP_038696138.1
OG0010083	Null	XP_038678384.1, XP_038680341.1
OG0010084	Null	XP_038678408.1, XP_038687521.1
OG0010085	Null	XP_038678424.1, XP_038700887.1
OG0010086	Null	XP_038678426.1, XP_038706660.1
OG0010087	Null	XP_038678435.1, XP_038699571.1
OG0010088	Null	XP_038678443.1, XP_038713290.1
OG0010089	Null	XP_038678455.1, XP_038699563.1
OG0010090	Null	XP_038678467.1, XP_038678468.1
OG0010091	Null	XP_038678470.1, XP_038724465.1
OG0010092	Null	XP_038678473.1, XP_038699550.1
OG0010093	Null	XP_038678486.1, XP_038678517.1
OG0010094	Null	XP_038678497.1, XP_038686941.1
OG0010095	Null	XP_038678507.1, XP_038705537.1
OG0010096	Null	XP_038678531.1, XP_038696769.1
OG0010097	Null	XP_038678546.1, XP_038699561.1
OG0010098	Null	XP_038678559.1, XP_038696056.1
OG0010099	Null	XP_038678584.1, XP_038680510.1
OG0010100	Null	XP_038678586.1, XP_038678587.1
OG0010101	Null	XP_038678593.1, XP_038678594.1
OG0010102	Null	XP_038678605.1, XP_038680548.1
OG0010103	Null	XP_038678630.1, XP_038700853.1
OG0010104	Null	XP_038678642.1, XP_038707333.1
OG0010105	Null	XP_038678644.1, XP_038695401.1
OG0010106	Null	XP_038678659.1, XP_038678660.1
OG0010107	Null	XP_038678675.1, XP_038698944.1
OG0010108	Null	XP_038678693.1, XP_038696390.1
OG0010109	Null	XP_038678710.1, XP_038695397.1
OG0010110	Null	XP_038678712.1, XP_038686864.1
OG0010111	Null	XP_038678733.1, XP_038698857.1
OG0010112	Null	XP_038678734.1, XP_038698858.1
OG0010113	Null	XP_038678756.1, XP_038709979.1
OG0010114	Null	XP_038678773.1, XP_038678774.1
OG0010115	Null	XP_038678775.1, XP_038678776.1
OG0010116	Null	XP_038678783.1, XP_038713422.1
OG0010117	Null	XP_038678810.1, XP_038678811.1
OG0010118	Null	XP_038678814.1, XP_038678815.1
OG0010119	Null	XP_038678830.1, XP_038718753.1
OG0010120	Null	XP_038678844.1, XP_038678845.1
OG0010121	Null	XP_038678848.1, XP_038688910.1
OG0010122	Null	XP_038678851.1, XP_038706774.1
OG0010123	Null	XP_038678859.1, XP_038678860.1
OG0010124	Null	XP_038678865.1, XP_038690623.1
OG0010125	Null	XP_038678868.1, XP_038678869.1
OG0010126	Null	XP_038678881.1, XP_038687773.1
OG0010127	Null	XP_038678914.1, XP_038726005.1
OG0010128	Null	XP_038678921.1, XP_038689387.1
OG0010129	Null	XP_038678929.1, XP_038711155.1
OG0010130	Null	XP_038678937.1, XP_038707249.1
OG0010131	Null	XP_038678943.1, XP_038724341.1
OG0010132	Null	XP_038678945.1, XP_038724865.1
OG0010133	Null	XP_038678987.1, XP_038725645.1
OG0010134	Null	XP_038679023.1, XP_038688186.1
OG0010135	Null	XP_038679046.1, XP_038679047.1
OG0010136	Null	XP_038679057.1, XP_038691752.1
OG0010137	Null	XP_038679060.1, XP_038726046.1
OG0010138	Null	XP_038679089.1, XP_038724640.1
OG0010139	Null	XP_038679095.1, XP_038691698.1
OG0010140	Null	XP_038679097.1, XP_038679098.1
OG0010141	Null	XP_038679099.1, XP_038679100.1
OG0010142	Null	XP_038679106.1, XP_038679107.1
OG0010143	Null	XP_038679114.1, XP_038710100.1
OG0010144	Null	XP_038679140.1, XP_038679141.1
OG0010145	Null	XP_038679180.1, XP_038679181.1
OG0010146	Null	XP_038679184.1, XP_038687207.1
OG0010147	Null	XP_038679190.1, XP_038687217.1
OG0010148	Null	XP_038679202.1, XP_038679203.1
OG0010149	Null	XP_038679262.1, XP_038687195.1
OG0010150	Null	XP_038679268.1, XP_038692059.1
OG0010151	Null	XP_038679270.1, XP_038679271.1
OG0010152	Null	XP_038679309.1, XP_038689106.1
OG0010153	Null	XP_038679311.1, XP_038688290.1
OG0010154	Null	XP_038679332.1, XP_038679333.1
OG0010155	Null	XP_038679341.1, XP_038679342.1
OG0010156	Null	XP_038679346.1, XP_038679347.1
OG0010157	Null	XP_038679348.1, XP_038709938.1
OG0010158	Null	XP_038679353.1, XP_038679421.1
OG0010159	Null	XP_038679381.1, XP_038687022.1
OG0010160	Null	XP_038679397.1, XP_038680202.1
OG0010161	Null	XP_038679401.1, XP_038707690.1
OG0010162	Null	XP_038679403.1, XP_038687607.1
OG0010163	Null	XP_038679406.1, XP_038724417.1
OG0010164	Null	XP_038679411.1, XP_038725538.1
OG0010165	Null	XP_038679415.1, XP_038684121.1
OG0010166	Null	XP_038679429.1, XP_038715957.1
OG0010167	Null	XP_038679497.1, XP_038686905.1
OG0010168	Null	XP_038679512.1, XP_038714669.1
OG0010169	Null	XP_038679524.1, XP_038679526.1
OG0010170	Null	XP_038679540.1, XP_038691486.1
OG0010171	Null	XP_038679556.1, XP_038679557.1
OG0010172	Null	XP_038679559.1, XP_038690223.1
OG0010173	Null	XP_038679650.1, XP_038724357.1
OG0010174	Null	XP_038679656.1, XP_038712204.1
OG0010175	Null	XP_038679666.1, XP_038706566.1
OG0010176	Null	XP_038679668.1, XP_038679669.1
OG0010177	Null	XP_038679778.1, XP_038710102.1
OG0010178	Null	XP_038679816.1, XP_038710295.1
OG0010179	Null	XP_038679838.1, XP_038689987.1
OG0010180	Null	XP_038679841.1, XP_038687181.1
OG0010181	Null	XP_038679843.1, XP_038679844.1
OG0010182	Null	XP_038679875.1, XP_038688173.1
OG0010183	Null	XP_038679902.1, XP_038679911.1
OG0010184	Null	XP_038679905.1, XP_038688127.1
OG0010185	Null	XP_038679918.1, XP_038726273.1
OG0010186	Null	XP_038679920.1, XP_038679921.1
OG0010187	Null	XP_038679990.1, XP_038679991.1
OG0010188	Null	XP_038679998.1, XP_038705554.1
OG0010189	Null	XP_038680006.1, XP_038687126.1
OG0010190	Null	XP_038680019.1, XP_038690675.1
OG0010191	Null	XP_038680023.1, XP_038680024.1
OG0010192	Null	XP_038680028.1, XP_038680029.1
OG0010193	Null	XP_038680048.1, XP_038680057.1
OG0010194	Null	XP_038680050.1, XP_038688420.1
OG0010195	Null	XP_038680059.1, XP_038680124.1
OG0010196	Null	XP_038680076.1, XP_038680077.1
OG0010197	Null	XP_038680078.1, XP_038726040.1
OG0010198	Null	XP_038680081.1, XP_038688362.1
OG0010199	Null	XP_038680143.1, XP_038680144.1
OG0010200	Null	XP_038680149.1, XP_038680150.1
OG0010201	Null	XP_038680156.1, XP_038724442.1
OG0010202	Null	XP_038680157.1, XP_038724308.1
OG0010203	Null	XP_038680164.1, XP_038688038.1
OG0010204	Null	XP_038680172.1, XP_038680173.1
OG0010205	Null	XP_038680190.1, XP_038725367.1
OG0010206	Null	XP_038680191.1, XP_038680192.1
OG0010207	Null	XP_038680193.1, XP_038715035.1
OG0010208	Null	XP_038680208.1, XP_038680209.1
OG0010209	Null	XP_038680217.1, XP_038680218.1
OG0010210	Null	XP_038680222.1, XP_038692550.1
OG0010211	Null	XP_038680240.1, XP_038710007.1
OG0010212	Null	XP_038680263.1, XP_038710348.1
OG0010213	Null	XP_038680264.1, XP_038690285.1
OG0010214	Null	XP_038680280.1, XP_038689761.1
OG0010215	Null	XP_038680309.1, XP_038723068.1
OG0010216	Null	XP_038680334.1, XP_038707534.1
OG0010217	Null	XP_038680358.1, XP_038717646.1
OG0010218	Null	XP_038680369.1, XP_038725613.1
OG0010219	Null	XP_038680376.1, XP_038692413.1
OG0010220	Null	XP_038680411.1, XP_038725866.1
OG0010221	Null	XP_038680417.1, XP_038722852.1
OG0010222	Null	XP_038680420.1, XP_038688878.1
OG0010223	Null	XP_038680421.1, XP_038688129.1
OG0010224	Null	XP_038680457.1, XP_038687036.1
OG0010225	Null	XP_038680487.1, XP_038688423.1
OG0010226	Null	XP_038680499.1, XP_038725419.1
OG0010227	Null	XP_038680537.1, XP_038680547.1
OG0010228	Null	XP_038680575.1, XP_038726004.1
OG0010229	Null	XP_038680584.1, XP_038707553.1
OG0010230	Null	XP_038680586.1, XP_038689662.1
OG0010231	Null	XP_038680609.1, XP_038705523.1
OG0010232	Null	XP_038680614.1, XP_038684297.1
OG0010233	Null	XP_038680634.1, XP_038684897.1
OG0010234	Null	XP_038680643.1, XP_038680644.1
OG0010235	Null	XP_038680656.1, XP_038706437.1
OG0010236	Null	XP_038680660.1, XP_038680662.1
OG0010237	Null	XP_038680674.1, XP_038684506.1
OG0010238	Null	XP_038680700.1, XP_038683215.1
OG0010239	Null	XP_038680711.1, XP_038680712.1
OG0010240	Null	XP_038680719.1, XP_038711716.1
OG0010241	Null	XP_038680726.1, XP_038680727.1
OG0010242	Null	XP_038680765.1, XP_038680766.1
OG0010243	Null	XP_038680776.1, XP_038712252.1
OG0010244	Null	XP_038680789.1, XP_038689447.1
OG0010245	Null	XP_038680804.1, XP_038680806.1
OG0010246	Null	XP_038680805.1, XP_038693104.1
OG0010247	Null	XP_038680816.1, XP_038680817.1
OG0010248	Null	XP_038680830.1, XP_038709396.1
OG0010249	Null	XP_038680831.1, XP_038709698.1
OG0010250	Null	XP_038680848.1, XP_038680849.1
OG0010251	Null	XP_038680871.1, XP_038708592.1
OG0010252	Null	XP_038680886.1, XP_038708600.1
OG0010253	Null	XP_038680896.1, XP_038682994.1
OG0010254	Null	XP_038680898.1, XP_038680899.1
OG0010255	Null	XP_038680900.1, XP_038681899.1
OG0010256	Null	XP_038680910.1, XP_038684001.1
OG0010257	Null	XP_038680913.1, XP_038721985.1
OG0010258	Null	XP_038680919.1, XP_038683007.1
OG0010259	Null	XP_038680945.1, XP_038692805.1
OG0010260	Null	XP_038680958.1, XP_038680961.1
OG0010261	Null	XP_038681015.1, XP_038683055.1
OG0010262	Null	XP_038681022.1, XP_038705618.1
OG0010263	Null	XP_038681026.1, XP_038692949.1
OG0010264	Null	XP_038681029.1, XP_038681881.1
OG0010265	Null	XP_038681038.1, XP_038684760.1
OG0010266	Null	XP_038681050.1, XP_038684375.1
OG0010267	Null	XP_038681107.1, XP_038723958.1
OG0010268	Null	XP_038681109.1, XP_038712796.1
OG0010269	Null	XP_038681115.1, XP_038681122.1
OG0010270	Null	XP_038681150.1, XP_038709661.1
OG0010271	Null	XP_038681157.1, XP_038681158.1
OG0010272	Null	XP_038681159.1, XP_038681160.1
OG0010273	Null	XP_038681166.1, XP_038681167.1
OG0010274	Null	XP_038681171.1, XP_038681172.1
OG0010275	Null	XP_038681173.1, XP_038704716.1
OG0010276	Null	XP_038681177.1, XP_038681178.1
OG0010277	Null	XP_038681190.1, XP_038683542.1
OG0010278	Null	XP_038681192.1, XP_038684111.1
OG0010279	Null	XP_038681221.1, XP_038681222.1
OG0010280	Null	XP_038681244.1, XP_038681245.1
OG0010281	Null	XP_038681246.1, XP_038683927.1
OG0010282	Null	XP_038681248.1, XP_038682854.1
OG0010283	Null	XP_038681256.1, XP_038684096.1
OG0010284	Null	XP_038681265.1, XP_038681266.1
OG0010285	Null	XP_038681267.1, XP_038683951.1
OG0010286	Null	XP_038681271.1, XP_038708824.1
OG0010287	Null	XP_038681272.1, XP_038683241.1
OG0010288	Null	XP_038681329.1, XP_038681330.1
OG0010289	Null	XP_038681335.1, XP_038709715.1
OG0010290	Null	XP_038681340.1, XP_038681341.1
OG0010291	Null	XP_038681352.1, XP_038709221.1
OG0010292	Null	XP_038681363.1, XP_038709759.1
OG0010293	Null	XP_038681366.1, XP_038694938.1
OG0010294	Null	XP_038681425.1, XP_038681426.1
OG0010295	Null	XP_038681461.1, XP_038709017.1
OG0010296	Null	XP_038681462.1, XP_038682098.1
OG0010297	Null	XP_038681500.1, XP_038684575.1
OG0010298	Null	XP_038681515.1, XP_038684676.1
OG0010299	Null	XP_038681527.1, XP_038681528.1
OG0010300	Null	XP_038681538.1, XP_038683660.1
OG0010301	Null	XP_038681547.1, XP_038681548.1
OG0010302	Null	XP_038681549.1, XP_038683107.1
OG0010303	Null	XP_038681561.1, XP_038683922.1
OG0010304	Null	XP_038681575.1, XP_038708563.1
OG0010305	Null	XP_038681580.1, XP_038708057.1
OG0010306	Null	XP_038681587.1, XP_038681588.1
OG0010307	Null	XP_038681597.1, XP_038707163.1
OG0010308	Null	XP_038681606.1, XP_038706170.1
OG0010309	Null	XP_038681630.1, XP_038681631.1
OG0010310	Null	XP_038681639.1, XP_038681640.1
OG0010311	Null	XP_038681652.1, XP_038707011.1
OG0010312	Null	XP_038681661.1, XP_038707012.1
OG0010313	Null	XP_038681662.1, XP_038681663.1
OG0010314	Null	XP_038681734.1, XP_038681735.1
OG0010315	Null	XP_038681743.1, XP_038681744.1
OG0010316	Null	XP_038681756.1, XP_038681757.1
OG0010317	Null	XP_038681765.1, XP_038681766.1
OG0010318	Null	XP_038681789.1, XP_038681790.1
OG0010319	Null	XP_038681791.1, XP_038708094.1
OG0010320	Null	XP_038681835.1, XP_038718938.1
OG0010321	Null	XP_038681882.1, XP_038722248.1
OG0010322	Null	XP_038681901.1, XP_038705979.1
OG0010323	Null	XP_038681908.1, XP_038681909.1
OG0010324	Null	XP_038681923.1, XP_038681924.1
OG0010325	Null	XP_038681927.1, XP_038683895.1
OG0010326	Null	XP_038681928.1, XP_038706486.1
OG0010327	Null	XP_038681942.1, XP_038705535.1
OG0010328	Null	XP_038682037.1, XP_038683691.1
OG0010329	Null	XP_038682052.1, XP_038682053.1
OG0010330	Null	XP_038682065.1, XP_038708911.1
OG0010331	Null	XP_038682072.1, XP_038682542.1
OG0010332	Null	XP_038682100.1, XP_038682649.1
OG0010333	Null	XP_038682144.1, XP_038694697.1
OG0010334	Null	XP_038682145.1, XP_038682146.1
OG0010335	Null	XP_038682172.1, XP_038709872.1
OG0010336	Null	XP_038682184.1, XP_038682185.1
OG0010337	Null	XP_038682191.1, XP_038683654.1
OG0010338	Null	XP_038682206.1, XP_038682207.1
OG0010339	Null	XP_038682223.1, XP_038710950.1
OG0010340	Null	XP_038682225.1, XP_038682889.1
OG0010341	Null	XP_038682267.1, XP_038682268.1
OG0010342	Null	XP_038682292.1, XP_038682293.1
OG0010343	Null	XP_038682295.1, XP_038706049.1
OG0010344	Null	XP_038682297.1, XP_038708587.1
OG0010345	Null	XP_038682298.1, XP_038682299.1
OG0010346	Null	XP_038682324.1, XP_038684410.1
OG0010347	Null	XP_038682337.1, XP_038687391.1
OG0010348	Null	XP_038682340.1, XP_038682341.1
OG0010349	Null	XP_038682343.1, XP_038684476.1
OG0010350	Null	XP_038682357.1, XP_038683466.1
OG0010351	Null	XP_038682358.1, XP_038709747.1
OG0010352	Null	XP_038682360.1, XP_038684715.1
OG0010353	Null	XP_038682378.1, XP_038722410.1
OG0010354	Null	XP_038682395.1, XP_038682764.1
OG0010355	Null	XP_038682398.1, XP_038682400.1
OG0010356	Null	XP_038682411.1, XP_038684609.1
OG0010357	Null	XP_038682440.1, XP_038708864.1
OG0010358	Null	XP_038682453.1, XP_038684668.1
OG0010359	Null	XP_038682456.1, XP_038715952.1
OG0010360	Null	XP_038682460.1, XP_038709720.1
OG0010361	Null	XP_038682463.1, XP_038684441.1
OG0010362	Null	XP_038682472.1, XP_038684933.1
OG0010363	Null	XP_038682483.1, XP_038684546.1
OG0010364	Null	XP_038682496.1, XP_038708950.1
OG0010365	Null	XP_038682511.1, XP_038705773.1
OG0010366	Null	XP_038682523.1, XP_038708020.1
OG0010367	Null	XP_038682550.1, XP_038682551.1
OG0010368	Null	XP_038682554.1, XP_038682879.1
OG0010369	Null	XP_038682565.1, XP_038683565.1
OG0010370	Null	XP_038682581.1, XP_038683039.1
OG0010371	Null	XP_038682627.1, XP_038684809.1
OG0010372	Null	XP_038682628.1, XP_038682685.1
OG0010373	Null	XP_038682639.1, XP_038682640.1
OG0010374	Null	XP_038682643.1, XP_038682644.1
OG0010375	Null	XP_038682652.1, XP_038707872.1
OG0010376	Null	XP_038682686.1, XP_038684535.1
OG0010377	Null	XP_038682691.1, XP_038707244.1
OG0010378	Null	XP_038682722.1, XP_038682723.1
OG0010379	Null	XP_038682729.1, XP_038683724.1
OG0010380	Null	XP_038682791.1, XP_038709757.1
OG0010381	Null	XP_038682810.1, XP_038708463.1
OG0010382	Null	XP_038682847.1, XP_038683190.1
OG0010383	Null	XP_038682852.1, XP_038705579.1
OG0010384	Null	XP_038682870.1, XP_038709411.1
OG0010385	Null	XP_038682871.1, XP_038682872.1
OG0010386	Null	XP_038682890.1, XP_038708195.1
OG0010387	Null	XP_038682906.1, XP_038708249.1
OG0010388	Null	XP_038682922.1, XP_038682923.1
OG0010389	Null	XP_038682929.1, XP_038709546.1
OG0010390	Null	XP_038682948.1, XP_038722633.1
OG0010391	Null	XP_038682981.1, XP_038707396.1
OG0010392	Null	XP_038682990.1, XP_038709746.1
OG0010393	Null	XP_038683011.1, XP_038683015.1
OG0010394	Null	XP_038683028.1, XP_038707869.1
OG0010395	Null	XP_038683059.1, XP_038716634.1
OG0010396	Null	XP_038683069.1, XP_038693686.1
OG0010397	Null	XP_038683079.1, XP_038709412.1
OG0010398	Null	XP_038683101.1, XP_038686568.1
OG0010399	Null	XP_038683105.1, XP_038683106.1
OG0010400	Null	XP_038683152.1, XP_038683153.1
OG0010401	Null	XP_038683161.1, XP_038708464.1
OG0010402	Null	XP_038683238.1, XP_038683239.1
OG0010403	Null	XP_038683248.1, XP_038683249.1
OG0010404	Null	XP_038683250.1, XP_038683251.1
OG0010405	Null	XP_038683306.1, XP_038683307.1
OG0010406	Null	XP_038683374.1, XP_038683375.1
OG0010407	Null	XP_038683416.1, XP_038709242.1
OG0010408	Null	XP_038683423.1, XP_038686302.1
OG0010409	Null	XP_038683436.1, XP_038708713.1
OG0010410	Null	XP_038683437.1, XP_038683438.1
OG0010411	Null	XP_038683465.1, XP_038709599.1
OG0010412	Null	XP_038683478.1, XP_038708345.1
OG0010413	Null	XP_038683480.1, XP_038683481.1
OG0010414	Null	XP_038683486.1, XP_038685625.1
OG0010415	Null	XP_038683498.1, XP_038709199.1
OG0010416	Null	XP_038683519.1, XP_038686695.1
OG0010417	Null	XP_038683520.1, XP_038685258.1
OG0010418	Null	XP_038683525.1, XP_038683526.1
OG0010419	Null	XP_038683533.1, XP_038683534.1
OG0010420	Null	XP_038683540.1, XP_038683541.1
OG0010421	Null	XP_038683590.1, XP_038708798.1
OG0010422	Null	XP_038683592.1, XP_038683593.1
OG0010423	Null	XP_038683603.1, XP_038709508.1
OG0010424	Null	XP_038683609.1, XP_038708913.1
OG0010425	Null	XP_038683675.1, XP_038685378.1
OG0010426	Null	XP_038683703.1, XP_038709128.1
OG0010427	Null	XP_038683711.1, XP_038709679.1
OG0010428	Null	XP_038683730.1, XP_038683731.1
OG0010429	Null	XP_038683741.1, XP_038708825.1
OG0010430	Null	XP_038683752.1, XP_038683753.1
OG0010431	Null	XP_038683756.1, XP_038683757.1
OG0010432	Null	XP_038683761.1, XP_038709353.1
OG0010433	Null	XP_038683772.1, XP_038683773.1
OG0010434	Null	XP_038683795.1, XP_038701720.1
OG0010435	Null	XP_038683810.1, XP_038721509.1
OG0010436	Null	XP_038683821.1, XP_038721511.1
OG0010437	Null	XP_038683866.1, XP_038709374.1
OG0010438	Null	XP_038683874.1, XP_038683875.1
OG0010439	Null	XP_038683888.1, XP_038683889.1
OG0010440	Null	XP_038683902.1, XP_038683904.1
OG0010441	Null	XP_038683938.1, XP_038715120.1
OG0010442	Null	XP_038683949.1, XP_038709627.1
OG0010443	Null	XP_038683978.1, XP_038722250.1
OG0010444	Null	XP_038683991.1, XP_038683992.1
OG0010445	Null	XP_038684006.1, XP_038684008.1
OG0010446	Null	XP_038684034.1, XP_038684035.1
OG0010447	Null	XP_038684046.1, XP_038723784.1
OG0010448	Null	XP_038684057.1, XP_038708641.1
OG0010449	Null	XP_038684135.1, XP_038684136.1
OG0010450	Null	XP_038684167.1, XP_038684168.1
OG0010451	Null	XP_038684211.1, XP_038684212.1
OG0010452	Null	XP_038684247.1, XP_038684248.1
OG0010453	Null	XP_038684251.1, XP_038685270.1
OG0010454	Null	XP_038684293.1, XP_038709554.1
OG0010455	Null	XP_038684312.1, XP_038684313.1
OG0010456	Null	XP_038684328.1, XP_038684338.1
OG0010457	Null	XP_038684349.1, XP_038718708.1
OG0010458	Null	XP_038684355.1, XP_038721592.1
OG0010459	Null	XP_038684380.1, XP_038709434.1
OG0010460	Null	XP_038684395.1, XP_038703364.1
OG0010461	Null	XP_038684404.1, XP_038684405.1
OG0010462	Null	XP_038684406.1, XP_038684407.1
OG0010463	Null	XP_038684408.1, XP_038684409.1
OG0010464	Null	XP_038684412.1, XP_038685151.1
OG0010465	Null	XP_038684416.1, XP_038684417.1
OG0010466	Null	XP_038684440.1, XP_038686112.1
OG0010467	Null	XP_038684445.1, XP_038686348.1
OG0010468	Null	XP_038684463.1, XP_038686464.1
OG0010469	Null	XP_038684482.1, XP_038721803.1
OG0010470	Null	XP_038684485.1, XP_038690544.1
OG0010471	Null	XP_038684505.1, XP_038709433.1
OG0010472	Null	XP_038684507.1, XP_038690912.1
OG0010473	Null	XP_038684520.1, XP_038684521.1
OG0010474	Null	XP_038684532.1, XP_038708114.1
OG0010475	Null	XP_038684541.1, XP_038685818.1
OG0010476	Null	XP_038684543.1, XP_038684545.1
OG0010477	Null	XP_038684613.1, XP_038684614.1
OG0010478	Null	XP_038684642.1, XP_038685801.1
OG0010479	Null	XP_038684663.1, XP_038709851.1
OG0010480	Null	XP_038684710.1, XP_038699027.1
OG0010481	Null	XP_038684730.1, XP_038690124.1
OG0010482	Null	XP_038684734.1, XP_038684735.1
OG0010483	Null	XP_038684783.1, XP_038684785.1
OG0010484	Null	XP_038684787.1, XP_038686831.1
OG0010485	Null	XP_038684797.1, XP_038684798.1
OG0010486	Null	XP_038684821.1, XP_038686495.1
OG0010487	Null	XP_038684861.1, XP_038718726.1
OG0010488	Null	XP_038684882.1, XP_038693390.1
OG0010489	Null	XP_038684909.1, XP_038684910.1
OG0010490	Null	XP_038684914.1, XP_038684915.1
OG0010491	Null	XP_038684930.1, XP_038686794.1
OG0010492	Null	XP_038684931.1, XP_038686795.1
OG0010493	Null	XP_038684944.1, XP_038709929.1
OG0010494	Null	XP_038684945.1, XP_038709884.1
OG0010495	Null	XP_038684967.1, XP_038684968.1
OG0010496	Null	XP_038684969.1, XP_038684970.1
OG0010497	Null	XP_038684991.1, XP_038684992.1
OG0010498	Null	XP_038684995.1, XP_038689334.1
OG0010499	Null	XP_038684997.1, XP_038691895.1
OG0010500	Null	XP_038685000.1, XP_038687203.1
OG0010501	Null	XP_038685016.1, XP_038685018.1
OG0010502	Null	XP_038685065.1, XP_038685066.1
OG0010503	Null	XP_038685068.1, XP_038685069.1
OG0010504	Null	XP_038685141.1, XP_038695523.1
OG0010505	Null	XP_038685149.1, XP_038685150.1
OG0010506	Null	XP_038685169.1, XP_038710419.1
OG0010507	Null	XP_038685182.1, XP_038702459.1
OG0010508	Null	XP_038685189.1, XP_038691251.1
OG0010509	Null	XP_038685191.1, XP_038690478.1
OG0010510	Null	XP_038685192.1, XP_038685194.1
OG0010511	Null	XP_038685196.1, XP_038690988.1
OG0010512	Null	XP_038685212.1, XP_038709226.1
OG0010513	Null	XP_038685251.1, XP_038709437.1
OG0010514	Null	XP_038685252.1, XP_038688414.1
OG0010515	Null	XP_038685269.1, XP_038689214.1
OG0010516	Null	XP_038685280.1, XP_038686696.1
OG0010517	Null	XP_038685283.1, XP_038688640.1
OG0010518	Null	XP_038685295.1, XP_038691687.1
OG0010519	Null	XP_038685318.1, XP_038685319.1
OG0010520	Null	XP_038685344.1, XP_038689559.1
OG0010521	Null	XP_038685348.1, XP_038701295.1
OG0010522	Null	XP_038685389.1, XP_038690959.1
OG0010523	Null	XP_038685394.1, XP_038691213.1
OG0010524	Null	XP_038685407.1, XP_038719239.1
OG0010525	Null	XP_038685417.1, XP_038708291.1
OG0010526	Null	XP_038685422.1, XP_038709481.1
OG0010527	Null	XP_038685437.1, XP_038690948.1
OG0010528	Null	XP_038685438.1, XP_038691694.1
OG0010529	Null	XP_038685448.1, XP_038686732.1
OG0010530	Null	XP_038685454.1, XP_038685461.1
OG0010531	Null	XP_038685528.1, XP_038709705.1
OG0010532	Null	XP_038685548.1, XP_038685549.1
OG0010533	Null	XP_038685551.1, XP_038692054.1
OG0010534	Null	XP_038685572.1, XP_038685573.1
OG0010535	Null	XP_038685583.1, XP_038709885.1
OG0010536	Null	XP_038685584.1, XP_038708892.1
OG0010537	Null	XP_038685593.1, XP_038709593.1
OG0010538	Null	XP_038685613.1, XP_038688906.1
OG0010539	Null	XP_038685619.1, XP_038686504.1
OG0010540	Null	XP_038685623.1, XP_038685624.1
OG0010541	Null	XP_038685649.1, XP_038685650.1
OG0010542	Null	XP_038685659.1, XP_038685660.1
OG0010543	Null	XP_038685666.1, XP_038696230.1
OG0010544	Null	XP_038685668.1, XP_038691179.1
OG0010545	Null	XP_038685691.1, XP_038695485.1
OG0010546	Null	XP_038685695.1, XP_038692462.1
OG0010547	Null	XP_038685729.1, XP_038685733.1
OG0010548	Null	XP_038685740.1, XP_038715023.1
OG0010549	Null	XP_038685758.1, XP_038693782.1
OG0010550	Null	XP_038685765.1, XP_038698066.1
OG0010551	Null	XP_038685773.1, XP_038686335.1
OG0010552	Null	XP_038685792.1, XP_038722067.1
OG0010553	Null	XP_038685803.1, XP_038709157.1
OG0010554	Null	XP_038685844.1, XP_038722123.1
OG0010555	Null	XP_038685894.1, XP_038685895.1
OG0010556	Null	XP_038685900.1, XP_038708992.1
OG0010557	Null	XP_038685903.1, XP_038709768.1
OG0010558	Null	XP_038685927.1, XP_038685928.1
OG0010559	Null	XP_038685936.1, XP_038685945.1
OG0010560	Null	XP_038685994.1, XP_038685995.1
OG0010561	Null	XP_038686026.1, XP_038690543.1
OG0010562	Null	XP_038686065.1, XP_038686066.1
OG0010563	Null	XP_038686076.1, XP_038690481.1
OG0010564	Null	XP_038686087.1, XP_038709474.1
OG0010565	Null	XP_038686092.1, XP_038690565.1
OG0010566	Null	XP_038686141.1, XP_038686142.1
OG0010567	Null	XP_038686155.1, XP_038708160.1
OG0010568	Null	XP_038686156.1, XP_038708161.1
OG0010569	Null	XP_038686186.1, XP_038686187.1
OG0010570	Null	XP_038686197.1, XP_038688990.1
OG0010571	Null	XP_038686254.1, XP_038686255.1
OG0010572	Null	XP_038686261.1, XP_038686263.1
OG0010573	Null	XP_038686275.1, XP_038689822.1
OG0010574	Null	XP_038686298.1, XP_038689201.1
OG0010575	Null	XP_038686301.1, XP_038702465.1
OG0010576	Null	XP_038686303.1, XP_038691830.1
OG0010577	Null	XP_038686339.1, XP_038686340.1
OG0010578	Null	XP_038686343.1, XP_038721642.1
OG0010579	Null	XP_038686378.1, XP_038686379.1
OG0010580	Null	XP_038686405.1, XP_038690568.1
OG0010581	Null	XP_038686408.1, XP_038688726.1
OG0010582	Null	XP_038686409.1, XP_038689641.1
OG0010583	Null	XP_038686415.1, XP_038691815.1
OG0010584	Null	XP_038686419.1, XP_038701324.1
OG0010585	Null	XP_038686427.1, XP_038690859.1
OG0010586	Null	XP_038686429.1, XP_038686430.1
OG0010587	Null	XP_038686435.1, XP_038723755.1
OG0010588	Null	XP_038686447.1, XP_038688281.1
OG0010589	Null	XP_038686481.1, XP_038708060.1
OG0010590	Null	XP_038686494.1, XP_038709763.1
OG0010591	Null	XP_038686500.1, XP_038694230.1
OG0010592	Null	XP_038686512.1, XP_038721822.1
OG0010593	Null	XP_038686527.1, XP_038691229.1
OG0010594	Null	XP_038686540.1, XP_038691119.1
OG0010595	Null	XP_038686542.1, XP_038691838.1
OG0010596	Null	XP_038686545.1, XP_038698081.1
OG0010597	Null	XP_038686573.1, XP_038691496.1
OG0010598	Null	XP_038686578.1, XP_038688619.1
OG0010599	Null	XP_038686579.1, XP_038690862.1
OG0010600	Null	XP_038686593.1, XP_038688525.1
OG0010601	Null	XP_038686604.1, XP_038709253.1
OG0010602	Null	XP_038686605.1, XP_038688581.1
OG0010603	Null	XP_038686628.1, XP_038690068.1
OG0010604	Null	XP_038686647.1, XP_038719008.1
OG0010605	Null	XP_038686654.1, XP_038701816.1
OG0010606	Null	XP_038686660.1, XP_038690103.1
OG0010607	Null	XP_038686661.1, XP_038686662.1
OG0010608	Null	XP_038686669.1, XP_038720054.1
OG0010609	Null	XP_038686744.1, XP_038689373.1
OG0010610	Null	XP_038686745.1, XP_038686814.1
OG0010611	Null	XP_038686746.1, XP_038701263.1
OG0010612	Null	XP_038686751.1, XP_038690358.1
OG0010613	Null	XP_038686757.1, XP_038691903.1
OG0010614	Null	XP_038686784.1, XP_038686785.1
OG0010615	Null	XP_038686786.1, XP_038691896.1
OG0010616	Null	XP_038686802.1, XP_038690598.1
OG0010617	Null	XP_038686822.1, XP_038715156.1
OG0010618	Null	XP_038686872.1, XP_038686873.1
OG0010619	Null	XP_038686882.1, XP_038686883.1
OG0010620	Null	XP_038686908.1, XP_038686909.1
OG0010621	Null	XP_038686910.1, XP_038725625.1
OG0010622	Null	XP_038686931.1, XP_038690469.1
OG0010623	Null	XP_038686942.1, XP_038724338.1
OG0010624	Null	XP_038686949.1, XP_038721300.1
OG0010625	Null	XP_038686951.1, XP_038686952.1
OG0010626	Null	XP_038687033.1, XP_038726105.1
OG0010627	Null	XP_038687040.1, XP_038702572.1
OG0010628	Null	XP_038687044.1, XP_038688067.1
OG0010629	Null	XP_038687087.1, XP_038687088.1
OG0010630	Null	XP_038687089.1, XP_038724294.1
OG0010631	Null	XP_038687092.1, XP_038706218.1
OG0010632	Null	XP_038687119.1, XP_038724555.1
OG0010633	Null	XP_038687121.1, XP_038687122.1
OG0010634	Null	XP_038687124.1, XP_038725421.1
OG0010635	Null	XP_038687133.1, XP_038726375.1
OG0010636	Null	XP_038687134.1, XP_038687135.1
OG0010637	Null	XP_038687154.1, XP_038687155.1
OG0010638	Null	XP_038687172.1, XP_038687173.1
OG0010639	Null	XP_038687184.1, XP_038687185.1
OG0010640	Null	XP_038687186.1, XP_038725384.1
OG0010641	Null	XP_038687229.1, XP_038687230.1
OG0010642	Null	XP_038687237.1, XP_038725239.1
OG0010643	Null	XP_038687263.1, XP_038687264.1
OG0010644	Null	XP_038687268.1, XP_038687269.1
OG0010645	Null	XP_038687277.1, XP_038687278.1
OG0010646	Null	XP_038687299.1, XP_038721222.1
OG0010647	Null	XP_038687300.1, XP_038720655.1
OG0010648	Null	XP_038687306.1, XP_038725448.1
OG0010649	Null	XP_038687312.1, XP_038687319.1
OG0010650	Null	XP_038687338.1, XP_038725008.1
OG0010651	Null	XP_038687377.1, XP_038724402.1
OG0010652	Null	XP_038687395.1, XP_038724885.1
OG0010653	Null	XP_038687415.1, XP_038688376.1
OG0010654	Null	XP_038687517.1, XP_038701159.1
OG0010655	Null	XP_038687534.1, XP_038702064.1
OG0010656	Null	XP_038687571.1, XP_038693177.1
OG0010657	Null	XP_038687579.1, XP_038688183.1
OG0010658	Null	XP_038687585.1, XP_038687593.1
OG0010659	Null	XP_038687587.1, XP_038687592.1
OG0010660	Null	XP_038687610.1, XP_038699324.1
OG0010661	Null	XP_038687620.1, XP_038724795.1
OG0010662	Null	XP_038687634.1, XP_038724427.1
OG0010663	Null	XP_038687658.1, XP_038725943.1
OG0010664	Null	XP_038687661.1, XP_038687662.1
OG0010665	Null	XP_038687665.1, XP_038701472.1
OG0010666	Null	XP_038687680.1, XP_038687681.1
OG0010667	Null	XP_038687718.1, XP_038726312.1
OG0010668	Null	XP_038687729.1, XP_038687730.1
OG0010669	Null	XP_038687858.1, XP_038725552.1
OG0010670	Null	XP_038687910.1, XP_038703860.1
OG0010671	Null	XP_038687916.1, XP_038725474.1
OG0010672	Null	XP_038687924.1, XP_038687925.1
OG0010673	Null	XP_038688021.1, XP_038725383.1
OG0010674	Null	XP_038688030.1, XP_038688031.1
OG0010675	Null	XP_038688055.1, XP_038688056.1
OG0010676	Null	XP_038688071.1, XP_038688138.1
OG0010677	Null	XP_038688084.1, XP_038724683.1
OG0010678	Null	XP_038688140.1, XP_038725903.1
OG0010679	Null	XP_038688145.1, XP_038712301.1
OG0010680	Null	XP_038688157.1, XP_038726352.1
OG0010681	Null	XP_038688177.1, XP_038688178.1
OG0010682	Null	XP_038688235.1, XP_038688243.1
OG0010683	Null	XP_038688323.1, XP_038688325.1
OG0010684	Null	XP_038688327.1, XP_038688328.1
OG0010685	Null	XP_038688332.1, XP_038720835.1
OG0010686	Null	XP_038688336.1, XP_038725797.1
OG0010687	Null	XP_038688351.1, XP_038688359.1
OG0010688	Null	XP_038688355.1, XP_038726348.1
OG0010689	Null	XP_038688364.1, XP_038726410.1
OG0010690	Null	XP_038688373.1, XP_038688374.1
OG0010691	Null	XP_038688378.1, XP_038688380.1
OG0010692	Null	XP_038688415.1, XP_038718695.1
OG0010693	Null	XP_038688419.1, XP_038725766.1
OG0010694	Null	XP_038688424.1, XP_038725652.1
OG0010695	Null	XP_038688435.1, XP_038691662.1
OG0010696	Null	XP_038688442.1, XP_038688449.1
OG0010697	Null	XP_038688469.1, XP_038712183.1
OG0010698	Null	XP_038688481.1, XP_038690404.1
OG0010699	Null	XP_038688487.1, XP_038711047.1
OG0010700	Null	XP_038688490.1, XP_038689232.1
OG0010701	Null	XP_038688511.1, XP_038688520.1
OG0010702	Null	XP_038688512.1, XP_038688513.1
OG0010703	Null	XP_038688526.1, XP_038688527.1
OG0010704	Null	XP_038688536.1, XP_038688540.1
OG0010705	Null	XP_038688539.1, XP_038690334.1
OG0010706	Null	XP_038688584.1, XP_038690055.1
OG0010707	Null	XP_038688597.1, XP_038691669.1
OG0010708	Null	XP_038688625.1, XP_038691766.1
OG0010709	Null	XP_038688648.1, XP_038689934.1
OG0010710	Null	XP_038688652.1, XP_038706019.1
OG0010711	Null	XP_038688653.1, XP_038710356.1
OG0010712	Null	XP_038688655.1, XP_038688662.1
OG0010713	Null	XP_038688680.1, XP_038701750.1
OG0010714	Null	XP_038688708.1, XP_038688713.1
OG0010715	Null	XP_038688754.1, XP_038711241.1
OG0010716	Null	XP_038688757.1, XP_038716021.1
OG0010717	Null	XP_038688767.1, XP_038718313.1
OG0010718	Null	XP_038688781.1, XP_038712166.1
OG0010719	Null	XP_038688789.1, XP_038711544.1
OG0010720	Null	XP_038688790.1, XP_038711049.1
OG0010721	Null	XP_038688819.1, XP_038699737.1
OG0010722	Null	XP_038688840.1, XP_038688841.1
OG0010723	Null	XP_038688844.1, XP_038712781.1
OG0010724	Null	XP_038688856.1, XP_038711726.1
OG0010725	Null	XP_038688886.1, XP_038711755.1
OG0010726	Null	XP_038688893.1, XP_038719799.1
OG0010727	Null	XP_038688897.1, XP_038688898.1
OG0010728	Null	XP_038688917.1, XP_038701419.1
OG0010729	Null	XP_038688918.1, XP_038688919.1
OG0010730	Null	XP_038688920.1, XP_038711720.1
OG0010731	Null	XP_038688951.1, XP_038688952.1
OG0010732	Null	XP_038688960.1, XP_038688961.1
OG0010733	Null	XP_038688962.1, XP_038688963.1
OG0010734	Null	XP_038688971.1, XP_038721907.1
OG0010735	Null	XP_038688985.1, XP_038701858.1
OG0010736	Null	XP_038688996.1, XP_038688998.1
OG0010737	Null	XP_038689009.1, XP_038701489.1
OG0010738	Null	XP_038689018.1, XP_038691720.1
OG0010739	Null	XP_038689070.1, XP_038706744.1
OG0010740	Null	XP_038689081.1, XP_038695707.1
OG0010741	Null	XP_038689087.1, XP_038691802.1
OG0010742	Null	XP_038689118.1, XP_038710720.1
OG0010743	Null	XP_038689133.1, XP_038689134.1
OG0010744	Null	XP_038689192.1, XP_038689193.1
OG0010745	Null	XP_038689200.1, XP_038697908.1
OG0010746	Null	XP_038689208.1, XP_038689227.1
OG0010747	Null	XP_038689210.1, XP_038689211.1
OG0010748	Null	XP_038689234.1, XP_038689235.1
OG0010749	Null	XP_038689266.1, XP_038712577.1
OG0010750	Null	XP_038689282.1, XP_038710053.1
OG0010751	Null	XP_038689293.1, XP_038689294.1
OG0010752	Null	XP_038689401.1, XP_038710222.1
OG0010753	Null	XP_038689434.1, XP_038710836.1
OG0010754	Null	XP_038689476.1, XP_038691341.1
OG0010755	Null	XP_038689484.1, XP_038712185.1
OG0010756	Null	XP_038689498.1, XP_038710619.1
OG0010757	Null	XP_038689514.1, XP_038689515.1
OG0010758	Null	XP_038689534.1, XP_038689535.1
OG0010759	Null	XP_038689536.1, XP_038689537.1
OG0010760	Null	XP_038689572.1, XP_038712774.1
OG0010761	Null	XP_038689576.1, XP_038689577.1
OG0010762	Null	XP_038689582.1, XP_038689583.1
OG0010763	Null	XP_038689589.1, XP_038701669.1
OG0010764	Null	XP_038689602.1, XP_038691425.1
OG0010765	Null	XP_038689617.1, XP_038689618.1
OG0010766	Null	XP_038689646.1, XP_038711429.1
OG0010767	Null	XP_038689670.1, XP_038689671.1
OG0010768	Null	XP_038689693.1, XP_038689694.1
OG0010769	Null	XP_038689710.1, XP_038689711.1
OG0010770	Null	XP_038689718.1, XP_038711046.1
OG0010771	Null	XP_038689842.1, XP_038691980.1
OG0010772	Null	XP_038689843.1, XP_038690000.1
OG0010773	Null	XP_038689856.1, XP_038719002.1
OG0010774	Null	XP_038689870.1, XP_038689871.1
OG0010775	Null	XP_038689874.1, XP_038689875.1
OG0010776	Null	XP_038689881.1, XP_038689882.1
OG0010777	Null	XP_038689893.1, XP_038716572.1
OG0010778	Null	XP_038689906.1, XP_038692024.1
OG0010779	Null	XP_038689908.1, XP_038689909.1
OG0010780	Null	XP_038689917.1, XP_038689926.1
OG0010781	Null	XP_038689924.1, XP_038689925.1
OG0010782	Null	XP_038689927.1, XP_038710347.1
OG0010783	Null	XP_038689963.1, XP_038689964.1
OG0010784	Null	XP_038689971.1, XP_038689972.1
OG0010785	Null	XP_038690061.1, XP_038720438.1
OG0010786	Null	XP_038690073.1, XP_038711626.1
OG0010787	Null	XP_038690101.1, XP_038690102.1
OG0010788	Null	XP_038690117.1, XP_038690118.1
OG0010789	Null	XP_038690126.1, XP_038690127.1
OG0010790	Null	XP_038690155.1, XP_038723904.1
OG0010791	Null	XP_038690211.1, XP_038690212.1
OG0010792	Null	XP_038690219.1, XP_038690222.1
OG0010793	Null	XP_038690268.1, XP_038690269.1
OG0010794	Null	XP_038690304.1, XP_038690305.1
OG0010795	Null	XP_038690360.1, XP_038712247.1
OG0010796	Null	XP_038690475.1, XP_038690476.1
OG0010797	Null	XP_038690512.1, XP_038691256.1
OG0010798	Null	XP_038690557.1, XP_038701056.1
OG0010799	Null	XP_038690569.1, XP_038690570.1
OG0010800	Null	XP_038690671.1, XP_038690703.1
OG0010801	Null	XP_038690707.1, XP_038702358.1
OG0010802	Null	XP_038690717.1, XP_038690719.1
OG0010803	Null	XP_038690731.1, XP_038703636.1
OG0010804	Null	XP_038690768.1, XP_038690769.1
OG0010805	Null	XP_038690785.1, XP_038711071.1
OG0010806	Null	XP_038690801.1, XP_038716183.1
OG0010807	Null	XP_038690887.1, XP_038690888.1
OG0010808	Null	XP_038690891.1, XP_038721391.1
OG0010809	Null	XP_038690892.1, XP_038691460.1
OG0010810	Null	XP_038690922.1, XP_038712036.1
OG0010811	Null	XP_038690934.1, XP_038690943.1
OG0010812	Null	XP_038690992.1, XP_038691180.1
OG0010813	Null	XP_038691065.1, XP_038691066.1
OG0010814	Null	XP_038691072.1, XP_038719483.1
OG0010815	Null	XP_038691091.1, XP_038691093.1
OG0010816	Null	XP_038691108.1, XP_038710737.1
OG0010817	Null	XP_038691126.1, XP_038691135.1
OG0010818	Null	XP_038691154.1, XP_038691155.1
OG0010819	Null	XP_038691169.1, XP_038691170.1
OG0010820	Null	XP_038691191.1, XP_038691192.1
OG0010821	Null	XP_038691264.1, XP_038691265.1
OG0010822	Null	XP_038691273.1, XP_038710437.1
OG0010823	Null	XP_038691276.1, XP_038717116.1
OG0010824	Null	XP_038691310.1, XP_038691311.1
OG0010825	Null	XP_038691324.1, XP_038691459.1
OG0010826	Null	XP_038691330.1, XP_038691331.1
OG0010827	Null	XP_038691346.1, XP_038710620.1
OG0010828	Null	XP_038691376.1, XP_038691378.1
OG0010829	Null	XP_038691384.1, XP_038691385.1
OG0010830	Null	XP_038691401.1, XP_038691402.1
OG0010831	Null	XP_038691404.1, XP_038691405.1
OG0010832	Null	XP_038691418.1, XP_038691419.1
OG0010833	Null	XP_038691442.1, XP_038710264.1
OG0010834	Null	XP_038691516.1, XP_038712100.1
OG0010835	Null	XP_038691521.1, XP_038712109.1
OG0010836	Null	XP_038691531.1, XP_038691532.1
OG0010837	Null	XP_038691585.1, XP_038691586.1
OG0010838	Null	XP_038691595.1, XP_038691596.1
OG0010839	Null	XP_038691610.1, XP_038725075.1
OG0010840	Null	XP_038691622.1, XP_038712980.1
OG0010841	Null	XP_038691636.1, XP_038691637.1
OG0010842	Null	XP_038691641.1, XP_038691642.1
OG0010843	Null	XP_038691643.1, XP_038697489.1
OG0010844	Null	XP_038691659.1, XP_038702724.1
OG0010845	Null	XP_038691663.1, XP_038710777.1
OG0010846	Null	XP_038691673.1, XP_038701847.1
OG0010847	Null	XP_038691679.1, XP_038712409.1
OG0010848	Null	XP_038691686.1, XP_038701563.1
OG0010849	Null	XP_038691692.1, XP_038691693.1
OG0010850	Null	XP_038691731.1, XP_038691732.1
OG0010851	Null	XP_038691738.1, XP_038712154.1
OG0010852	Null	XP_038691793.1, XP_038691931.1
OG0010853	Null	XP_038691816.1, XP_038691817.1
OG0010854	Null	XP_038691837.1, XP_038710450.1
OG0010855	Null	XP_038691839.1, XP_038691840.1
OG0010856	Null	XP_038691855.1, XP_038691864.1
OG0010857	Null	XP_038691868.1, XP_038691869.1
OG0010858	Null	XP_038691870.1, XP_038691871.1
OG0010859	Null	XP_038691880.1, XP_038710369.1
OG0010860	Null	XP_038691892.1, XP_038692003.1
OG0010861	Null	XP_038691924.1, XP_038691925.1
OG0010862	Null	XP_038691942.1, XP_038710175.1
OG0010863	Null	XP_038691965.1, XP_038691966.1
OG0010864	Null	XP_038691986.1, XP_038691987.1
OG0010865	Null	XP_038691988.1, XP_038691989.1
OG0010866	Null	XP_038692017.1, XP_038692018.1
OG0010867	Null	XP_038692068.1, XP_038712482.1
OG0010868	Null	XP_038692077.1, XP_038706772.1
OG0010869	Null	XP_038692099.1, XP_038692100.1
OG0010870	Null	XP_038692114.1, XP_038713650.1
OG0010871	Null	XP_038692134.1, XP_038714509.1
OG0010872	Null	XP_038692144.1, XP_038714183.1
OG0010873	Null	XP_038692165.1, XP_038703443.1
OG0010874	Null	XP_038692174.1, XP_038701993.1
OG0010875	Null	XP_038692199.1, XP_038692207.1
OG0010876	Null	XP_038692205.1, XP_038692607.1
OG0010877	Null	XP_038692219.1, XP_038692220.1
OG0010878	Null	XP_038692230.1, XP_038692231.1
OG0010879	Null	XP_038692242.1, XP_038724039.1
OG0010880	Null	XP_038692256.1, XP_038716729.1
OG0010881	Null	XP_038692281.1, XP_038692283.1
OG0010882	Null	XP_038692298.1, XP_038703788.1
OG0010883	Null	XP_038692307.1, XP_038693457.1
OG0010884	Null	XP_038692315.1, XP_038692316.1
OG0010885	Null	XP_038692347.1, XP_038713721.1
OG0010886	Null	XP_038692354.1, XP_038704646.1
OG0010887	Null	XP_038692359.1, XP_038707476.1
OG0010888	Null	XP_038692362.1, XP_038701629.1
OG0010889	Null	XP_038692379.1, XP_038692380.1
OG0010890	Null	XP_038692381.1, XP_038713478.1
OG0010891	Null	XP_038692387.1, XP_038706872.1
OG0010892	Null	XP_038692411.1, XP_038693101.1
OG0010893	Null	XP_038692415.1, XP_038692416.1
OG0010894	Null	XP_038692417.1, XP_038716329.1
OG0010895	Null	XP_038692423.1, XP_038712879.1
OG0010896	Null	XP_038692427.1, XP_038692428.1
OG0010897	Null	XP_038692439.1, XP_038707073.1
OG0010898	Null	XP_038692443.1, XP_038705938.1
OG0010899	Null	XP_038692452.1, XP_038713166.1
OG0010900	Null	XP_038692459.1, XP_038711154.1
OG0010901	Null	XP_038692463.1, XP_038692880.1
OG0010902	Null	XP_038692478.1, XP_038717373.1
OG0010903	Null	XP_038692509.1, XP_038706131.1
OG0010904	Null	XP_038692515.1, XP_038713686.1
OG0010905	Null	XP_038692539.1, XP_038706967.1
OG0010906	Null	XP_038692559.1, XP_038716628.1
OG0010907	Null	XP_038692571.1, XP_038704986.1
OG0010908	Null	XP_038692614.1, XP_038715466.1
OG0010909	Null	XP_038692667.1, XP_038713144.1
OG0010910	Null	XP_038692668.1, XP_038692669.1
OG0010911	Null	XP_038692672.1, XP_038702527.1
OG0010912	Null	XP_038692686.1, XP_038705981.1
OG0010913	Null	XP_038692687.1, XP_038692688.1
OG0010914	Null	XP_038692693.1, XP_038712995.1
OG0010915	Null	XP_038692712.1, XP_038705779.1
OG0010916	Null	XP_038692718.1, XP_038692719.1
OG0010917	Null	XP_038692720.1, XP_038707360.1
OG0010918	Null	XP_038692738.1, XP_038705259.1
OG0010919	Null	XP_038692740.1, XP_038713013.1
OG0010920	Null	XP_038692745.1, XP_038699225.1
OG0010921	Null	XP_038692776.1, XP_038694920.1
OG0010922	Null	XP_038692794.1, XP_038704426.1
OG0010923	Null	XP_038692808.1, XP_038707084.1
OG0010924	Null	XP_038692810.1, XP_038714834.1
OG0010925	Null	XP_038692817.1, XP_038713216.1
OG0010926	Null	XP_038692821.1, XP_038692822.1
OG0010927	Null	XP_038692833.1, XP_038713244.1
OG0010928	Null	XP_038692863.1, XP_038692864.1
OG0010929	Null	XP_038692874.1, XP_038707172.1
OG0010930	Null	XP_038692899.1, XP_038707190.1
OG0010931	Null	XP_038692910.1, XP_038705183.1
OG0010932	Null	XP_038692924.1, XP_038714430.1
OG0010933	Null	XP_038692927.1, XP_038703895.1
OG0010934	Null	XP_038692943.1, XP_038711546.1
OG0010935	Null	XP_038692973.1, XP_038704962.1
OG0010936	Null	XP_038692981.1, XP_038703499.1
OG0010937	Null	XP_038692996.1, XP_038706323.1
OG0010938	Null	XP_038693004.1, XP_038694273.1
OG0010939	Null	XP_038693007.1, XP_038693008.1
OG0010940	Null	XP_038693014.1, XP_038706257.1
OG0010941	Null	XP_038693033.1, XP_038714371.1
OG0010942	Null	XP_038693037.1, XP_038693038.1
OG0010943	Null	XP_038693043.1, XP_038706066.1
OG0010944	Null	XP_038693048.1, XP_038704151.1
OG0010945	Null	XP_038693049.1, XP_038705597.1
OG0010946	Null	XP_038693057.1, XP_038714235.1
OG0010947	Null	XP_038693068.1, XP_038693735.1
OG0010948	Null	XP_038693084.1, XP_038693085.1
OG0010949	Null	XP_038693098.1, XP_038706248.1
OG0010950	Null	XP_038693143.1, XP_038713659.1
OG0010951	Null	XP_038693156.1, XP_038704098.1
OG0010952	Null	XP_038693166.1, XP_038704328.1
OG0010953	Null	XP_038693172.1, XP_038693173.1
OG0010954	Null	XP_038693181.1, XP_038715363.1
OG0010955	Null	XP_038693186.1, XP_038718670.1
OG0010956	Null	XP_038693191.1, XP_038706040.1
OG0010957	Null	XP_038693215.1, XP_038706134.1
OG0010958	Null	XP_038693216.1, XP_038712072.1
OG0010959	Null	XP_038693274.1, XP_038718709.1
OG0010960	Null	XP_038693301.1, XP_038703798.1
OG0010961	Null	XP_038693308.1, XP_038705351.1
OG0010962	Null	XP_038693309.1, XP_038720270.1
OG0010963	Null	XP_038693319.1, XP_038718350.1
OG0010964	Null	XP_038693325.1, XP_038707718.1
OG0010965	Null	XP_038693334.1, XP_038713553.1
OG0010966	Null	XP_038693361.1, XP_038706969.1
OG0010967	Null	XP_038693367.1, XP_038721876.1
OG0010968	Null	XP_038693368.1, XP_038717123.1
OG0010969	Null	XP_038693375.1, XP_038693376.1
OG0010970	Null	XP_038693383.1, XP_038715933.1
OG0010971	Null	XP_038693424.1, XP_038722927.1
OG0010972	Null	XP_038693428.1, XP_038713658.1
OG0010973	Null	XP_038693434.1, XP_038693435.1
OG0010974	Null	XP_038693456.1, XP_038719548.1
OG0010975	Null	XP_038693472.1, XP_038722757.1
OG0010976	Null	XP_038693481.1, XP_038703184.1
OG0010977	Null	XP_038693487.1, XP_038719218.1
OG0010978	Null	XP_038693501.1, XP_038702900.1
OG0010979	Null	XP_038693530.1, XP_038706776.1
OG0010980	Null	XP_038693568.1, XP_038693569.1
OG0010981	Null	XP_038693579.1, XP_038719189.1
OG0010982	Null	XP_038693627.1, XP_038703290.1
OG0010983	Null	XP_038693657.1, XP_038703195.1
OG0010984	Null	XP_038693666.1, XP_038702322.1
OG0010985	Null	XP_038693671.1, XP_038722848.1
OG0010986	Null	XP_038693691.1, XP_038717867.1
OG0010987	Null	XP_038693696.1, XP_038718592.1
OG0010988	Null	XP_038693698.1, XP_038694619.1
OG0010989	Null	XP_038693711.1, XP_038713522.1
OG0010990	Null	XP_038693760.1, XP_038698304.1
OG0010991	Null	XP_038693775.1, XP_038694937.1
OG0010992	Null	XP_038693792.1, XP_038693797.1
OG0010993	Null	XP_038693819.1, XP_038708521.1
OG0010994	Null	XP_038693829.1, XP_038713862.1
OG0010995	Null	XP_038693832.1, XP_038724686.1
OG0010996	Null	XP_038693837.1, XP_038693838.1
OG0010997	Null	XP_038693842.1, XP_038707193.1
OG0010998	Null	XP_038693850.1, XP_038694972.1
OG0010999	Null	XP_038693852.1, XP_038705138.1
OG0011000	Null	XP_038693911.1, XP_038706405.1
OG0011001	Null	XP_038693912.1, XP_038693913.1
OG0011002	Null	XP_038693956.1, XP_038705777.1
OG0011003	Null	XP_038693977.1, XP_038704918.1
OG0011004	Null	XP_038693981.1, XP_038717578.1
OG0011005	Null	XP_038693982.1, XP_038693983.1
OG0011006	Null	XP_038693990.1, XP_038693991.1
OG0011007	Null	XP_038693995.1, XP_038693996.1
OG0011008	Null	XP_038694008.1, XP_038704655.1
OG0011009	Null	XP_038694019.1, XP_038712816.1
OG0011010	Null	XP_038694053.1, XP_038694054.1
OG0011011	Null	XP_038694055.1, XP_038707208.1
OG0011012	Null	XP_038694059.1, XP_038705461.1
OG0011013	Null	XP_038694111.1, XP_038714330.1
OG0011014	Null	XP_038694115.1, XP_038694117.1
OG0011015	Null	XP_038694116.1, XP_038694124.1
OG0011016	Null	XP_038694127.1, XP_038715310.1
OG0011017	Null	XP_038694163.1, XP_038718143.1
OG0011018	Null	XP_038694164.1, XP_038694165.1
OG0011019	Null	XP_038694203.1, XP_038694205.1
OG0011020	Null	XP_038694207.1, XP_038716746.1
OG0011021	Null	XP_038694213.1, XP_038706122.1
OG0011022	Null	XP_038694214.1, XP_038707454.1
OG0011023	Null	XP_038694228.1, XP_038706380.1
OG0011024	Null	XP_038694236.1, XP_038694237.1
OG0011025	Null	XP_038694238.1, XP_038717486.1
OG0011026	Null	XP_038694244.1, XP_038707089.1
OG0011027	Null	XP_038694251.1, XP_038707532.1
OG0011028	Null	XP_038694296.1, XP_038694298.1
OG0011029	Null	XP_038694299.1, XP_038718348.1
OG0011030	Null	XP_038694320.1, XP_038712971.1
OG0011031	Null	XP_038694325.1, XP_038713621.1
OG0011032	Null	XP_038694331.1, XP_038719734.1
OG0011033	Null	XP_038694354.1, XP_038707696.1
OG0011034	Null	XP_038694395.1, XP_038704455.1
OG0011035	Null	XP_038694427.1, XP_038724675.1
OG0011036	Null	XP_038694430.1, XP_038694431.1
OG0011037	Null	XP_038694441.1, XP_038707411.1
OG0011038	Null	XP_038694443.1, XP_038713517.1
OG0011039	Null	XP_038694453.1, XP_038703606.1
OG0011040	Null	XP_038694463.1, XP_038725669.1
OG0011041	Null	XP_038694476.1, XP_038713346.1
OG0011042	Null	XP_038694493.1, XP_038705245.1
OG0011043	Null	XP_038694497.1, XP_038694499.1
OG0011044	Null	XP_038694505.1, XP_038716524.1
OG0011045	Null	XP_038694510.1, XP_038714394.1
OG0011046	Null	XP_038694515.1, XP_038705268.1
OG0011047	Null	XP_038694517.1, XP_038694524.1
OG0011048	Null	XP_038694526.1, XP_038714546.1
OG0011049	Null	XP_038694527.1, XP_038713001.1
OG0011050	Null	XP_038694528.1, XP_038703187.1
OG0011051	Null	XP_038694548.1, XP_038706295.1
OG0011052	Null	XP_038694591.1, XP_038694592.1
OG0011053	Null	XP_038694598.1, XP_038705381.1
OG0011054	Null	XP_038694599.1, XP_038706187.1
OG0011055	Null	XP_038694622.1, XP_038694750.1
OG0011056	Null	XP_038694632.1, XP_038704099.1
OG0011057	Null	XP_038694657.1, XP_038704405.1
OG0011058	Null	XP_038694700.1, XP_038705423.1
OG0011059	Null	XP_038694723.1, XP_038704980.1
OG0011060	Null	XP_038694751.1, XP_038719353.1
OG0011061	Null	XP_038694752.1, XP_038704481.1
OG0011062	Null	XP_038694766.1, XP_038721678.1
OG0011063	Null	XP_038694770.1, XP_038714369.1
OG0011064	Null	XP_038694791.1, XP_038703886.1
OG0011065	Null	XP_038694801.1, XP_038694802.1
OG0011066	Null	XP_038694828.1, XP_038713014.1
OG0011067	Null	XP_038694870.1, XP_038706432.1
OG0011068	Null	XP_038694886.1, XP_038715520.1
OG0011069	Null	XP_038694906.1, XP_038718255.1
OG0011070	Null	XP_038694911.1, XP_038720363.1
OG0011071	Null	XP_038694915.1, XP_038706320.1
OG0011072	Null	XP_038694917.1, XP_038714333.1
OG0011073	Null	XP_038694964.1, XP_038705803.1
OG0011074	Null	XP_038694987.1, XP_038701093.1
OG0011075	Null	XP_038694991.1, XP_038694992.1
OG0011076	Null	XP_038695001.1, XP_038695003.1
OG0011077	Null	XP_038695002.1, XP_038695010.1
OG0011078	Null	XP_038695015.1, XP_038695016.1
OG0011079	Null	XP_038695019.1, XP_038700714.1
OG0011080	Null	XP_038695020.1, XP_038698813.1
OG0011081	Null	XP_038695037.1, XP_038711139.1
OG0011082	Null	XP_038695058.1, XP_038705411.1
OG0011083	Null	XP_038695059.1, XP_038695060.1
OG0011084	Null	XP_038695087.1, XP_038695088.1
OG0011085	Null	XP_038695090.1, XP_038698483.1
OG0011086	Null	XP_038695183.1, XP_038699215.1
OG0011087	Null	XP_038695188.1, XP_038720549.1
OG0011088	Null	XP_038695198.1, XP_038709964.1
OG0011089	Null	XP_038695239.1, XP_038710025.1
OG0011090	Null	XP_038695263.1, XP_038697072.1
OG0011091	Null	XP_038695284.1, XP_038698722.1
OG0011092	Null	XP_038695300.1, XP_038695303.1
OG0011093	Null	XP_038695313.1, XP_038724910.1
OG0011094	Null	XP_038695338.1, XP_038695339.1
OG0011095	Null	XP_038695344.1, XP_038700394.1
OG0011096	Null	XP_038695349.1, XP_038695350.1
OG0011097	Null	XP_038695361.1, XP_038699455.1
OG0011098	Null	XP_038695374.1, XP_038725160.1
OG0011099	Null	XP_038695381.1, XP_038700084.1
OG0011100	Null	XP_038695399.1, XP_038699584.1
OG0011101	Null	XP_038695415.1, XP_038697533.1
OG0011102	Null	XP_038695469.1, XP_038695471.1
OG0011103	Null	XP_038695472.1, XP_038719277.1
OG0011104	Null	XP_038695482.1, XP_038710783.1
OG0011105	Null	XP_038695517.1, XP_038696558.1
OG0011106	Null	XP_038695518.1, XP_038711445.1
OG0011107	Null	XP_038695556.1, XP_038695557.1
OG0011108	Null	XP_038695581.1, XP_038695582.1
OG0011109	Null	XP_038695587.1, XP_038700259.1
OG0011110	Null	XP_038695661.1, XP_038696759.1
OG0011111	Null	XP_038695671.1, XP_038700898.1
OG0011112	Null	XP_038695673.1, XP_038699266.1
OG0011113	Null	XP_038695676.1, XP_038695677.1
OG0011114	Null	XP_038695692.1, XP_038695693.1
OG0011115	Null	XP_038695702.1, XP_038695703.1
OG0011116	Null	XP_038695717.1, XP_038702347.1
OG0011117	Null	XP_038695720.1, XP_038724579.1
OG0011118	Null	XP_038695737.1, XP_038696115.1
OG0011119	Null	XP_038695747.1, XP_038712502.1
OG0011120	Null	XP_038695753.1, XP_038695754.1
OG0011121	Null	XP_038695776.1, XP_038717219.1
OG0011122	Null	XP_038695785.1, XP_038695786.1
OG0011123	Null	XP_038695793.1, XP_038700038.1
OG0011124	Null	XP_038695809.1, XP_038695810.1
OG0011125	Null	XP_038695840.1, XP_038710750.1
OG0011126	Null	XP_038695882.1, XP_038695883.1
OG0011127	Null	XP_038695887.1, XP_038726068.1
OG0011128	Null	XP_038695902.1, XP_038712043.1
OG0011129	Null	XP_038695916.1, XP_038695917.1
OG0011130	Null	XP_038695937.1, XP_038699502.1
OG0011131	Null	XP_038695942.1, XP_038701624.1
OG0011132	Null	XP_038695968.1, XP_038700403.1
OG0011133	Null	XP_038695971.1, XP_038711899.1
OG0011134	Null	XP_038695972.1, XP_038695973.1
OG0011135	Null	XP_038695985.1, XP_038725793.1
OG0011136	Null	XP_038696148.1, XP_038719043.1
OG0011137	Null	XP_038696176.1, XP_038696177.1
OG0011138	Null	XP_038696178.1, XP_038712030.1
OG0011139	Null	XP_038696185.1, XP_038725289.1
OG0011140	Null	XP_038696186.1, XP_038725290.1
OG0011141	Null	XP_038696240.1, XP_038712031.1
OG0011142	Null	XP_038696243.1, XP_038700943.1
OG0011143	Null	XP_038696244.1, XP_038698405.1
OG0011144	Null	XP_038696246.1, XP_038696247.1
OG0011145	Null	XP_038696259.1, XP_038698391.1
OG0011146	Null	XP_038696278.1, XP_038698625.1
OG0011147	Null	XP_038696283.1, XP_038699028.1
OG0011148	Null	XP_038696302.1, XP_038700869.1
OG0011149	Null	XP_038696309.1, XP_038719914.1
OG0011150	Null	XP_038696330.1, XP_038701136.1
OG0011151	Null	XP_038696393.1, XP_038696394.1
OG0011152	Null	XP_038696411.1, XP_038696412.1
OG0011153	Null	XP_038696451.1, XP_038696459.1
OG0011154	Null	XP_038696462.1, XP_038712042.1
OG0011155	Null	XP_038696477.1, XP_038698368.1
OG0011156	Null	XP_038696496.1, XP_038696497.1
OG0011157	Null	XP_038696508.1, XP_038700800.1
OG0011158	Null	XP_038696529.1, XP_038701084.1
OG0011159	Null	XP_038696530.1, XP_038707255.1
OG0011160	Null	XP_038696531.1, XP_038714640.1
OG0011161	Null	XP_038696549.1, XP_038709982.1
OG0011162	Null	XP_038696560.1, XP_038718912.1
OG0011163	Null	XP_038696564.1, XP_038714432.1
OG0011164	Null	XP_038696574.1, XP_038696575.1
OG0011165	Null	XP_038696585.1, XP_038698627.1
OG0011166	Null	XP_038696599.1, XP_038721413.1
OG0011167	Null	XP_038696622.1, XP_038699405.1
OG0011168	Null	XP_038696631.1, XP_038700496.1
OG0011169	Null	XP_038696648.1, XP_038724972.1
OG0011170	Null	XP_038696649.1, XP_038700635.1
OG0011171	Null	XP_038696674.1, XP_038710322.1
OG0011172	Null	XP_038696697.1, XP_038726045.1
OG0011173	Null	XP_038696700.1, XP_038698165.1
OG0011174	Null	XP_038696705.1, XP_038699435.1
OG0011175	Null	XP_038696763.1, XP_038699569.1
OG0011176	Null	XP_038696765.1, XP_038696766.1
OG0011177	Null	XP_038696772.1, XP_038726353.1
OG0011178	Null	XP_038696782.1, XP_038724782.1
OG0011179	Null	XP_038696793.1, XP_038696867.1
OG0011180	Null	XP_038696808.1, XP_038698697.1
OG0011181	Null	XP_038696815.1, XP_038699295.1
OG0011182	Null	XP_038696818.1, XP_038712314.1
OG0011183	Null	XP_038696826.1, XP_038696827.1
OG0011184	Null	XP_038696834.1, XP_038696835.1
OG0011185	Null	XP_038696839.1, XP_038721368.1
OG0011186	Null	XP_038696870.1, XP_038698277.1
OG0011187	Null	XP_038696896.1, XP_038700763.1
OG0011188	Null	XP_038696899.1, XP_038725159.1
OG0011189	Null	XP_038696905.1, XP_038696906.1
OG0011190	Null	XP_038696912.1, XP_038725980.1
OG0011191	Null	XP_038696915.1, XP_038726361.1
OG0011192	Null	XP_038696919.1, XP_038698806.1
OG0011193	Null	XP_038696926.1, XP_038700451.1
OG0011194	Null	XP_038696928.1, XP_038711848.1
OG0011195	Null	XP_038696989.1, XP_038697066.1
OG0011196	Null	XP_038696997.1, XP_038702948.1
OG0011197	Null	XP_038697030.1, XP_038710960.1
OG0011198	Null	XP_038697037.1, XP_038718073.1
OG0011199	Null	XP_038697093.1, XP_038697337.1
OG0011200	Null	XP_038697110.1, XP_038697111.1
OG0011201	Null	XP_038697138.1, XP_038721283.1
OG0011202	Null	XP_038697158.1, XP_038697166.1
OG0011203	Null	XP_038697162.1, XP_038720936.1
OG0011204	Null	XP_038697163.1, XP_038697164.1
OG0011205	Null	XP_038697193.1, XP_038702156.1
OG0011206	Null	XP_038697208.1, XP_038697273.1
OG0011207	Null	XP_038697212.1, XP_038698077.1
OG0011208	Null	XP_038697302.1, XP_038719852.1
OG0011209	Null	XP_038697314.1, XP_038721453.1
OG0011210	Null	XP_038697319.1, XP_038701393.1
OG0011211	Null	XP_038697327.1, XP_038709840.1
OG0011212	Null	XP_038697352.1, XP_038701715.1
OG0011213	Null	XP_038697358.1, XP_038720289.1
OG0011214	Null	XP_038697384.1, XP_038697385.1
OG0011215	Null	XP_038697434.1, XP_038721651.1
OG0011216	Null	XP_038697435.1, XP_038697436.1
OG0011217	Null	XP_038697441.1, XP_038702540.1
OG0011218	Null	XP_038697458.1, XP_038697537.1
OG0011219	Null	XP_038697475.1, XP_038697490.1
OG0011220	Null	XP_038697477.1, XP_038721303.1
OG0011221	Null	XP_038697482.1, XP_038697483.1
OG0011222	Null	XP_038697494.1, XP_038701515.1
OG0011223	Null	XP_038697510.1, XP_038697511.1
OG0011224	Null	XP_038697516.1, XP_038724267.1
OG0011225	Null	XP_038697523.1, XP_038718922.1
OG0011226	Null	XP_038697527.1, XP_038697528.1
OG0011227	Null	XP_038697558.1, XP_038718924.1
OG0011228	Null	XP_038697561.1, XP_038719374.1
OG0011229	Null	XP_038697588.1, XP_038697636.1
OG0011230	Null	XP_038697610.1, XP_038702110.1
OG0011231	Null	XP_038697611.1, XP_038721503.1
OG0011232	Null	XP_038697621.1, XP_038702297.1
OG0011233	Null	XP_038697658.1, XP_038701529.1
OG0011234	Null	XP_038697669.1, XP_038719780.1
OG0011235	Null	XP_038697692.1, XP_038697693.1
OG0011236	Null	XP_038697707.1, XP_038721189.1
OG0011237	Null	XP_038697726.1, XP_038721259.1
OG0011238	Null	XP_038697728.1, XP_038707868.1
OG0011239	Null	XP_038697730.1, XP_038697731.1
OG0011240	Null	XP_038697753.1, XP_038706429.1
OG0011241	Null	XP_038697756.1, XP_038697757.1
OG0011242	Null	XP_038697768.1, XP_038710436.1
OG0011243	Null	XP_038697784.1, XP_038718759.1
OG0011244	Null	XP_038697798.1, XP_038697799.1
OG0011245	Null	XP_038697808.1, XP_038721066.1
OG0011246	Null	XP_038697835.1, XP_038725945.1
OG0011247	Null	XP_038697836.1, XP_038718743.1
OG0011248	Null	XP_038697896.1, XP_038697897.1
OG0011249	Null	XP_038697926.1, XP_038701728.1
OG0011250	Null	XP_038697952.1, XP_038719903.1
OG0011251	Null	XP_038697989.1, XP_038717240.1
OG0011252	Null	XP_038698012.1, XP_038719837.1
OG0011253	Null	XP_038698043.1, XP_038719822.1
OG0011254	Null	XP_038698044.1, XP_038719049.1
OG0011255	Null	XP_038698045.1, XP_038702091.1
OG0011256	Null	XP_038698071.1, XP_038702352.1
OG0011257	Null	XP_038698087.1, XP_038720493.1
OG0011258	Null	XP_038698134.1, XP_038721240.1
OG0011259	Null	XP_038698135.1, XP_038721241.1
OG0011260	Null	XP_038698143.1, XP_038719921.1
OG0011261	Null	XP_038698186.1, XP_038698187.1
OG0011262	Null	XP_038698210.1, XP_038724923.1
OG0011263	Null	XP_038698292.1, XP_038710919.1
OG0011264	Null	XP_038698295.1, XP_038710776.1
OG0011265	Null	XP_038698307.1, XP_038698308.1
OG0011266	Null	XP_038698336.1, XP_038718540.1
OG0011267	Null	XP_038698401.1, XP_038710235.1
OG0011268	Null	XP_038698402.1, XP_038698403.1
OG0011269	Null	XP_038698404.1, XP_038724516.1
OG0011270	Null	XP_038698416.1, XP_038698417.1
OG0011271	Null	XP_038698435.1, XP_038712707.1
OG0011272	Null	XP_038698447.1, XP_038700850.1
OG0011273	Null	XP_038698449.1, XP_038717996.1
OG0011274	Null	XP_038698466.1, XP_038726435.1
OG0011275	Null	XP_038698491.1, XP_038710665.1
OG0011276	Null	XP_038698498.1, XP_038698499.1
OG0011277	Null	XP_038698520.1, XP_038698521.1
OG0011278	Null	XP_038698550.1, XP_038725984.1
OG0011279	Null	XP_038698561.1, XP_038725152.1
OG0011280	Null	XP_038698569.1, XP_038712710.1
OG0011281	Null	XP_038698603.1, XP_038724281.1
OG0011282	Null	XP_038698611.1, XP_038710464.1
OG0011283	Null	XP_038698616.1, XP_038701038.1
OG0011284	Null	XP_038698643.1, XP_038712005.1
OG0011285	Null	XP_038698645.1, XP_038699120.1
OG0011286	Null	XP_038698701.1, XP_038698702.1
OG0011287	Null	XP_038698725.1, XP_038698728.1
OG0011288	Null	XP_038698759.1, XP_038698760.1
OG0011289	Null	XP_038698776.1, XP_038712231.1
OG0011290	Null	XP_038698791.1, XP_038698792.1
OG0011291	Null	XP_038698795.1, XP_038700865.1
OG0011292	Null	XP_038698802.1, XP_038698803.1
OG0011293	Null	XP_038698804.1, XP_038725041.1
OG0011294	Null	XP_038698808.1, XP_038698809.1
OG0011295	Null	XP_038698810.1, XP_038698930.1
OG0011296	Null	XP_038698819.1, XP_038698821.1
OG0011297	Null	XP_038698823.1, XP_038698824.1
OG0011298	Null	XP_038698841.1, XP_038698848.1
OG0011299	Null	XP_038698842.1, XP_038725090.1
OG0011300	Null	XP_038698847.1, XP_038710671.1
OG0011301	Null	XP_038698859.1, XP_038698860.1
OG0011302	Null	XP_038698866.1, XP_038722562.1
OG0011303	Null	XP_038698877.1, XP_038721965.1
OG0011304	Null	XP_038698882.1, XP_038698883.1
OG0011305	Null	XP_038698900.1, XP_038725056.1
OG0011306	Null	XP_038698924.1, XP_038721274.1
OG0011307	Null	XP_038698956.1, XP_038698957.1
OG0011308	Null	XP_038698991.1, XP_038711317.1
OG0011309	Null	XP_038699009.1, XP_038709860.1
OG0011310	Null	XP_038699034.1, XP_038723550.1
OG0011311	Null	XP_038699037.1, XP_038700770.1
OG0011312	Null	XP_038699069.1, XP_038710826.1
OG0011313	Null	XP_038699073.1, XP_038725215.1
OG0011314	Null	XP_038699075.1, XP_038699076.1
OG0011315	Null	XP_038699088.1, XP_038712290.1
OG0011316	Null	XP_038699089.1, XP_038726025.1
OG0011317	Null	XP_038699097.1, XP_038699098.1
OG0011318	Null	XP_038699129.1, XP_038699130.1
OG0011319	Null	XP_038699131.1, XP_038699547.1
OG0011320	Null	XP_038699142.1, XP_038710281.1
OG0011321	Null	XP_038699147.1, XP_038699148.1
OG0011322	Null	XP_038699162.1, XP_038710181.1
OG0011323	Null	XP_038699191.1, XP_038699192.1
OG0011324	Null	XP_038699194.1, XP_038719106.1
OG0011325	Null	XP_038699200.1, XP_038699201.1
OG0011326	Null	XP_038699226.1, XP_038712751.1
OG0011327	Null	XP_038699254.1, XP_038699255.1
OG0011328	Null	XP_038699259.1, XP_038699260.1
OG0011329	Null	XP_038699289.1, XP_038699290.1
OG0011330	Null	XP_038699311.1, XP_038699312.1
OG0011331	Null	XP_038699315.1, XP_038699316.1
OG0011332	Null	XP_038699339.1, XP_038699340.1
OG0011333	Null	XP_038699342.1, XP_038699343.1
OG0011334	Null	XP_038699369.1, XP_038699370.1
OG0011335	Null	XP_038699379.1, XP_038699380.1
OG0011336	Null	XP_038699383.1, XP_038699384.1
OG0011337	Null	XP_038699395.1, XP_038699407.1
OG0011338	Null	XP_038699400.1, XP_038726191.1
OG0011339	Null	XP_038699432.1, XP_038723238.1
OG0011340	Null	XP_038699521.1, XP_038718684.1
OG0011341	Null	XP_038699533.1, XP_038699540.1
OG0011342	Null	XP_038699537.1, XP_038725235.1
OG0011343	Null	XP_038699539.1, XP_038726325.1
OG0011344	Null	XP_038699558.1, XP_038725194.1
OG0011345	Null	XP_038699587.1, XP_038725287.1
OG0011346	Null	XP_038699664.1, XP_038719013.1
OG0011347	Null	XP_038699686.1, XP_038723884.1
OG0011348	Null	XP_038699694.1, XP_038712460.1
OG0011349	Null	XP_038699696.1, XP_038721931.1
OG0011350	Null	XP_038699769.1, XP_038712537.1
OG0011351	Null	XP_038699810.1, XP_038699811.1
OG0011352	Null	XP_038699817.1, XP_038699818.1
OG0011353	Null	XP_038699847.1, XP_038711543.1
OG0011354	Null	XP_038699852.1, XP_038699853.1
OG0011355	Null	XP_038699854.1, XP_038711496.1
OG0011356	Null	XP_038699876.1, XP_038699877.1
OG0011357	Null	XP_038699878.1, XP_038699879.1
OG0011358	Null	XP_038699937.1, XP_038712309.1
OG0011359	Null	XP_038699990.1, XP_038699991.1
OG0011360	Null	XP_038700012.1, XP_038712713.1
OG0011361	Null	XP_038700062.1, XP_038700063.1
OG0011362	Null	XP_038700116.1, XP_038710781.1
OG0011363	Null	XP_038700137.1, XP_038700217.1
OG0011364	Null	XP_038700178.1, XP_038700194.1
OG0011365	Null	XP_038700244.1, XP_038700245.1
OG0011366	Null	XP_038700252.1, XP_038700253.1
OG0011367	Null	XP_038700258.1, XP_038725988.1
OG0011368	Null	XP_038700291.1, XP_038700292.1
OG0011369	Null	XP_038700293.1, XP_038700294.1
OG0011370	Null	XP_038700349.1, XP_038720579.1
OG0011371	Null	XP_038700376.1, XP_038700377.1
OG0011372	Null	XP_038700392.1, XP_038726091.1
OG0011373	Null	XP_038700396.1, XP_038711701.1
OG0011374	Null	XP_038700436.1, XP_038711440.1
OG0011375	Null	XP_038700473.1, XP_038700550.1
OG0011376	Null	XP_038700482.1, XP_038710467.1
OG0011377	Null	XP_038700526.1, XP_038710957.1
OG0011378	Null	XP_038700528.1, XP_038712528.1
OG0011379	Null	XP_038700533.1, XP_038724835.1
OG0011380	Null	XP_038700540.1, XP_038711191.1
OG0011381	Null	XP_038700603.1, XP_038712418.1
OG0011382	Null	XP_038700609.1, XP_038712745.1
OG0011383	Null	XP_038700615.1, XP_038711854.1
OG0011384	Null	XP_038700616.1, XP_038700617.1
OG0011385	Null	XP_038700619.1, XP_038725725.1
OG0011386	Null	XP_038700620.1, XP_038700621.1
OG0011387	Null	XP_038700665.1, XP_038700666.1
OG0011388	Null	XP_038700687.1, XP_038700688.1
OG0011389	Null	XP_038700694.1, XP_038723582.1
OG0011390	Null	XP_038700697.1, XP_038711469.1
OG0011391	Null	XP_038700744.1, XP_038700746.1
OG0011392	Null	XP_038700750.1, XP_038712374.1
OG0011393	Null	XP_038700796.1, XP_038700797.1
OG0011394	Null	XP_038700822.1, XP_038712278.1
OG0011395	Null	XP_038700848.1, XP_038724021.1
OG0011396	Null	XP_038700861.1, XP_038710661.1
OG0011397	Null	XP_038700870.1, XP_038700872.1
OG0011398	Null	XP_038700880.1, XP_038724641.1
OG0011399	Null	XP_038700897.1, XP_038711863.1
OG0011400	Null	XP_038700901.1, XP_038712534.1
OG0011401	Null	XP_038700917.1, XP_038710601.1
OG0011402	Null	XP_038700967.1, XP_038712249.1
OG0011403	Null	XP_038700980.1, XP_038700990.1
OG0011404	Null	XP_038700989.1, XP_038722889.1
OG0011405	Null	XP_038701185.1, XP_038701186.1
OG0011406	Null	XP_038701224.1, XP_038715836.1
OG0011407	Null	XP_038701255.1, XP_038719795.1
OG0011408	Null	XP_038701274.1, XP_038721848.1
OG0011409	Null	XP_038701286.1, XP_038701287.1
OG0011410	Null	XP_038701329.1, XP_038701335.1
OG0011411	Null	XP_038701338.1, XP_038718729.1
OG0011412	Null	XP_038701352.1, XP_038701353.1
OG0011413	Null	XP_038701375.1, XP_038719984.1
OG0011414	Null	XP_038701463.1, XP_038707470.1
OG0011415	Null	XP_038701478.1, XP_038719197.1
OG0011416	Null	XP_038701490.1, XP_038720601.1
OG0011417	Null	XP_038701498.1, XP_038718836.1
OG0011418	Null	XP_038701513.1, XP_038724620.1
OG0011419	Null	XP_038701539.1, XP_038719129.1
OG0011420	Null	XP_038701594.1, XP_038719563.1
OG0011421	Null	XP_038701614.1, XP_038719581.1
OG0011422	Null	XP_038701646.1, XP_038722213.1
OG0011423	Null	XP_038701674.1, XP_038720958.1
OG0011424	Null	XP_038701702.1, XP_038719038.1
OG0011425	Null	XP_038701737.1, XP_038701738.1
OG0011426	Null	XP_038701739.1, XP_038718698.1
OG0011427	Null	XP_038701740.1, XP_038701741.1
OG0011428	Null	XP_038701752.1, XP_038723858.1
OG0011429	Null	XP_038701786.1, XP_038721186.1
OG0011430	Null	XP_038701830.1, XP_038715944.1
OG0011431	Null	XP_038701853.1, XP_038715082.1
OG0011432	Null	XP_038701866.1, XP_038721619.1
OG0011433	Null	XP_038701891.1, XP_038719860.1
OG0011434	Null	XP_038701901.1, XP_038718986.1
OG0011435	Null	XP_038701978.1, XP_038701979.1
OG0011436	Null	XP_038701987.1, XP_038720279.1
OG0011437	Null	XP_038702013.1, XP_038702014.1
OG0011438	Null	XP_038702024.1, XP_038721249.1
OG0011439	Null	XP_038702063.1, XP_038720407.1
OG0011440	Null	XP_038702081.1, XP_038702082.1
OG0011441	Null	XP_038702089.1, XP_038702090.1
OG0011442	Null	XP_038702092.1, XP_038721292.1
OG0011443	Null	XP_038702130.1, XP_038702131.1
OG0011444	Null	XP_038702137.1, XP_038721233.1
OG0011445	Null	XP_038702172.1, XP_038721106.1
OG0011446	Null	XP_038702212.1, XP_038721516.1
OG0011447	Null	XP_038702214.1, XP_038702215.1
OG0011448	Null	XP_038702265.1, XP_038702402.1
OG0011449	Null	XP_038702268.1, XP_038721726.1
OG0011450	Null	XP_038702285.1, XP_038716224.1
OG0011451	Null	XP_038702311.1, XP_038718954.1
OG0011452	Null	XP_038702314.1, XP_038721320.1
OG0011453	Null	XP_038702351.1, XP_038724678.1
OG0011454	Null	XP_038702371.1, XP_038702377.1
OG0011455	Null	XP_038702389.1, XP_038702390.1
OG0011456	Null	XP_038702422.1, XP_038702423.1
OG0011457	Null	XP_038702436.1, XP_038720767.1
OG0011458	Null	XP_038702452.1, XP_038703153.1
OG0011459	Null	XP_038702532.1, XP_038721389.1
OG0011460	Null	XP_038702552.1, XP_038716274.1
OG0011461	Null	XP_038702560.1, XP_038718707.1
OG0011462	Null	XP_038702580.1, XP_038719433.1
OG0011463	Null	XP_038702582.1, XP_038721137.1
OG0011464	Null	XP_038702601.1, XP_038726422.1
OG0011465	Null	XP_038702626.1, XP_038716365.1
OG0011466	Null	XP_038702636.1, XP_038702637.1
OG0011467	Null	XP_038702641.1, XP_038715112.1
OG0011468	Null	XP_038702646.1, XP_038715385.1
OG0011469	Null	XP_038702665.1, XP_038702671.1
OG0011470	Null	XP_038702677.1, XP_038713380.1
OG0011471	Null	XP_038702706.1, XP_038702707.1
OG0011472	Null	XP_038702736.1, XP_038702737.1
OG0011473	Null	XP_038702771.1, XP_038714978.1
OG0011474	Null	XP_038702774.1, XP_038713731.1
OG0011475	Null	XP_038702781.1, XP_038715838.1
OG0011476	Null	XP_038702784.1, XP_038716709.1
OG0011477	Null	XP_038702834.1, XP_038723895.1
OG0011478	Null	XP_038702841.1, XP_038702842.1
OG0011479	Null	XP_038702846.1, XP_038723896.1
OG0011480	Null	XP_038702847.1, XP_038713381.1
OG0011481	Null	XP_038702871.1, XP_038702872.1
OG0011482	Null	XP_038702888.1, XP_038714903.1
OG0011483	Null	XP_038702891.1, XP_038714292.1
OG0011484	Null	XP_038702906.1, XP_038702915.1
OG0011485	Null	XP_038703001.1, XP_038721831.1
OG0011486	Null	XP_038703008.1, XP_038714899.1
OG0011487	Null	XP_038703009.1, XP_038715311.1
OG0011488	Null	XP_038703023.1, XP_038703024.1
OG0011489	Null	XP_038703043.1, XP_038705241.1
OG0011490	Null	XP_038703075.1, XP_038703474.1
OG0011491	Null	XP_038703079.1, XP_038723732.1
OG0011492	Null	XP_038703085.1, XP_038703086.1
OG0011493	Null	XP_038703092.1, XP_038720865.1
OG0011494	Null	XP_038703100.1, XP_038713930.1
OG0011495	Null	XP_038703102.1, XP_038723879.1
OG0011496	Null	XP_038703157.1, XP_038717709.1
OG0011497	Null	XP_038703193.1, XP_038714452.1
OG0011498	Null	XP_038703198.1, XP_038716623.1
OG0011499	Null	XP_038703237.1, XP_038713048.1
OG0011500	Null	XP_038703263.1, XP_038723467.1
OG0011501	Null	XP_038703264.1, XP_038703265.1
OG0011502	Null	XP_038703274.1, XP_038713175.1
OG0011503	Null	XP_038703275.1, XP_038703276.1
OG0011504	Null	XP_038703286.1, XP_038716660.1
OG0011505	Null	XP_038703307.1, XP_038703308.1
OG0011506	Null	XP_038703310.1, XP_038704588.1
OG0011507	Null	XP_038703333.1, XP_038713113.1
OG0011508	Null	XP_038703347.1, XP_038713035.1
OG0011509	Null	XP_038703350.1, XP_038704334.1
OG0011510	Null	XP_038703357.1, XP_038717138.1
OG0011511	Null	XP_038703422.1, XP_038703423.1
OG0011512	Null	XP_038703478.1, XP_038722470.1
OG0011513	Null	XP_038703479.1, XP_038712998.1
OG0011514	Null	XP_038703482.1, XP_038704437.1
OG0011515	Null	XP_038703483.1, XP_038703484.1
OG0011516	Null	XP_038703491.1, XP_038715575.1
OG0011517	Null	XP_038703505.1, XP_038703506.1
OG0011518	Null	XP_038703509.1, XP_038703518.1
OG0011519	Null	XP_038703521.1, XP_038716629.1
OG0011520	Null	XP_038703528.1, XP_038704187.1
OG0011521	Null	XP_038703539.1, XP_038713369.1
OG0011522	Null	XP_038703551.1, XP_038703552.1
OG0011523	Null	XP_038703559.1, XP_038714412.1
OG0011524	Null	XP_038703596.1, XP_038713299.1
OG0011525	Null	XP_038703601.1, XP_038705019.1
OG0011526	Null	XP_038703655.1, XP_038713523.1
OG0011527	Null	XP_038703674.1, XP_038718336.1
OG0011528	Null	XP_038703684.1, XP_038716807.1
OG0011529	Null	XP_038703710.1, XP_038715294.1
OG0011530	Null	XP_038703723.1, XP_038714173.1
OG0011531	Null	XP_038703743.1, XP_038716313.1
OG0011532	Null	XP_038703759.1, XP_038703760.1
OG0011533	Null	XP_038703775.1, XP_038723105.1
OG0011534	Null	XP_038703789.1, XP_038703790.1
OG0011535	Null	XP_038703811.1, XP_038716190.1
OG0011536	Null	XP_038703814.1, XP_038703815.1
OG0011537	Null	XP_038703833.1, XP_038703834.1
OG0011538	Null	XP_038703848.1, XP_038703849.1
OG0011539	Null	XP_038703862.1, XP_038703868.1
OG0011540	Null	XP_038703889.1, XP_038714389.1
OG0011541	Null	XP_038703890.1, XP_038713365.1
OG0011542	Null	XP_038703891.1, XP_038713363.1
OG0011543	Null	XP_038703908.1, XP_038717358.1
OG0011544	Null	XP_038703937.1, XP_038712818.1
OG0011545	Null	XP_038703957.1, XP_038712942.1
OG0011546	Null	XP_038703981.1, XP_038718479.1
OG0011547	Null	XP_038703998.1, XP_038704000.1
OG0011548	Null	XP_038704024.1, XP_038715729.1
OG0011549	Null	XP_038704057.1, XP_038704058.1
OG0011550	Null	XP_038704081.1, XP_038704082.1
OG0011551	Null	XP_038704090.1, XP_038704091.1
OG0011552	Null	XP_038704101.1, XP_038713864.1
OG0011553	Null	XP_038704180.1, XP_038715414.1
OG0011554	Null	XP_038704234.1, XP_038704243.1
OG0011555	Null	XP_038704241.1, XP_038714332.1
OG0011556	Null	XP_038704250.1, XP_038704251.1
OG0011557	Null	XP_038704267.1, XP_038714249.1
OG0011558	Null	XP_038704317.1, XP_038704318.1
OG0011559	Null	XP_038704319.1, XP_038704327.1
OG0011560	Null	XP_038704337.1, XP_038717195.1
OG0011561	Null	XP_038704364.1, XP_038713205.1
OG0011562	Null	XP_038704368.1, XP_038704369.1
OG0011563	Null	XP_038704381.1, XP_038704450.1
OG0011564	Null	XP_038704402.1, XP_038704486.1
OG0011565	Null	XP_038704406.1, XP_038716000.1
OG0011566	Null	XP_038704416.1, XP_038712896.1
OG0011567	Null	XP_038704430.1, XP_038716429.1
OG0011568	Null	XP_038704451.1, XP_038723283.1
OG0011569	Null	XP_038704494.1, XP_038704495.1
OG0011570	Null	XP_038704566.1, XP_038722834.1
OG0011571	Null	XP_038704570.1, XP_038706085.1
OG0011572	Null	XP_038704572.1, XP_038712909.1
OG0011573	Null	XP_038704575.1, XP_038715337.1
OG0011574	Null	XP_038704576.1, XP_038704577.1
OG0011575	Null	XP_038704591.1, XP_038713204.1
OG0011576	Null	XP_038704621.1, XP_038704622.1
OG0011577	Null	XP_038704626.1, XP_038714017.1
OG0011578	Null	XP_038704632.1, XP_038714480.1
OG0011579	Null	XP_038704652.1, XP_038714461.1
OG0011580	Null	XP_038704661.1, XP_038713073.1
OG0011581	Null	XP_038704668.1, XP_038714536.1
OG0011582	Null	XP_038704669.1, XP_038712911.1
OG0011583	Null	XP_038704738.1, XP_038719164.1
OG0011584	Null	XP_038704748.1, XP_038721888.1
OG0011585	Null	XP_038704749.1, XP_038717286.1
OG0011586	Null	XP_038704752.1, XP_038717908.1
OG0011587	Null	XP_038704807.1, XP_038716879.1
OG0011588	Null	XP_038704850.1, XP_038704851.1
OG0011589	Null	XP_038704859.1, XP_038714739.1
OG0011590	Null	XP_038704863.1, XP_038704864.1
OG0011591	Null	XP_038704875.1, XP_038714405.1
OG0011592	Null	XP_038704928.1, XP_038704929.1
OG0011593	Null	XP_038704934.1, XP_038718466.1
OG0011594	Null	XP_038704942.1, XP_038715483.1
OG0011595	Null	XP_038704965.1, XP_038716419.1
OG0011596	Null	XP_038704987.1, XP_038714353.1
OG0011597	Null	XP_038705000.1, XP_038714112.1
OG0011598	Null	XP_038705022.1, XP_038713871.1
OG0011599	Null	XP_038705037.1, XP_038705039.1
OG0011600	Null	XP_038705080.1, XP_038716487.1
OG0011601	Null	XP_038705108.1, XP_038705109.1
OG0011602	Null	XP_038705113.1, XP_038716081.1
OG0011603	Null	XP_038705136.1, XP_038705137.1
OG0011604	Null	XP_038705146.1, XP_038705147.1
OG0011605	Null	XP_038705154.1, XP_038724233.1
OG0011606	Null	XP_038705161.1, XP_038714586.1
OG0011607	Null	XP_038705163.1, XP_038714566.1
OG0011608	Null	XP_038705167.1, XP_038714667.1
OG0011609	Null	XP_038705203.1, XP_038705204.1
OG0011610	Null	XP_038705205.1, XP_038715115.1
OG0011611	Null	XP_038705208.1, XP_038716906.1
OG0011612	Null	XP_038705211.1, XP_038723698.1
OG0011613	Null	XP_038705221.1, XP_038705222.1
OG0011614	Null	XP_038705230.1, XP_038723086.1
OG0011615	Null	XP_038705244.1, XP_038721331.1
OG0011616	Null	XP_038705254.1, XP_038716582.1
OG0011617	Null	XP_038705267.1, XP_038713992.1
OG0011618	Null	XP_038705290.1, XP_038713611.1
OG0011619	Null	XP_038705294.1, XP_038716748.1
OG0011620	Null	XP_038705318.1, XP_038718544.1
OG0011621	Null	XP_038705324.1, XP_038713331.1
OG0011622	Null	XP_038705341.1, XP_038712946.1
OG0011623	Null	XP_038705355.1, XP_038705431.1
OG0011624	Null	XP_038705412.1, XP_038721844.1
OG0011625	Null	XP_038705433.1, XP_038718246.1
OG0011626	Null	XP_038705439.1, XP_038725364.1
OG0011627	Null	XP_038705458.1, XP_038722096.1
OG0011628	Null	XP_038705485.1, XP_038705486.1
OG0011629	Null	XP_038705519.1, XP_038705520.1
OG0011630	Null	XP_038705524.1, XP_038717952.1
OG0011631	Null	XP_038705525.1, XP_038705533.1
OG0011632	Null	XP_038705548.1, XP_038711038.1
OG0011633	Null	XP_038705639.1, XP_038705640.1
OG0011634	Null	XP_038705684.1, XP_038705685.1
OG0011635	Null	XP_038705687.1, XP_038705695.1
OG0011636	Null	XP_038705692.1, XP_038713408.1
OG0011637	Null	XP_038705693.1, XP_038705694.1
OG0011638	Null	XP_038705706.1, XP_038705708.1
OG0011639	Null	XP_038705739.1, XP_038705740.1
OG0011640	Null	XP_038705770.1, XP_038722824.1
OG0011641	Null	XP_038705780.1, XP_038706374.1
OG0011642	Null	XP_038705804.1, XP_038705805.1
OG0011643	Null	XP_038705818.1, XP_038705822.1
OG0011644	Null	XP_038705851.1, XP_038713285.1
OG0011645	Null	XP_038705868.1, XP_038718127.1
OG0011646	Null	XP_038705871.1, XP_038721027.1
OG0011647	Null	XP_038705872.1, XP_038709890.1
OG0011648	Null	XP_038705876.1, XP_038716182.1
OG0011649	Null	XP_038705882.1, XP_038705883.1
OG0011650	Null	XP_038705907.1, XP_038705908.1
OG0011651	Null	XP_038705925.1, XP_038714139.1
OG0011652	Null	XP_038705953.1, XP_038705963.1
OG0011653	Null	XP_038705964.1, XP_038705965.1
OG0011654	Null	XP_038705995.1, XP_038705996.1
OG0011655	Null	XP_038706044.1, XP_038717381.1
OG0011656	Null	XP_038706055.1, XP_038706056.1
OG0011657	Null	XP_038706068.1, XP_038706076.1
OG0011658	Null	XP_038706070.1, XP_038706071.1
OG0011659	Null	XP_038706089.1, XP_038722342.1
OG0011660	Null	XP_038706101.1, XP_038706102.1
OG0011661	Null	XP_038706123.1, XP_038723710.1
OG0011662	Null	XP_038706130.1, XP_038724930.1
OG0011663	Null	XP_038706171.1, XP_038706173.1
OG0011664	Null	XP_038706192.1, XP_038706193.1
OG0011665	Null	XP_038706258.1, XP_038715384.1
OG0011666	Null	XP_038706270.1, XP_038706271.1
OG0011667	Null	XP_038706277.1, XP_038724012.1
OG0011668	Null	XP_038706284.1, XP_038722572.1
OG0011669	Null	XP_038706339.1, XP_038722130.1
OG0011670	Null	XP_038706358.1, XP_038709688.1
OG0011671	Null	XP_038706389.1, XP_038706390.1
OG0011672	Null	XP_038706409.1, XP_038722584.1
OG0011673	Null	XP_038706423.1, XP_038713310.1
OG0011674	Null	XP_038706424.1, XP_038706425.1
OG0011675	Null	XP_038706426.1, XP_038706448.1
OG0011676	Null	XP_038706446.1, XP_038717359.1
OG0011677	Null	XP_038706447.1, XP_038717371.1
OG0011678	Null	XP_038706457.1, XP_038715340.1
OG0011679	Null	XP_038706459.1, XP_038717500.1
OG0011680	Null	XP_038706494.1, XP_038706496.1
OG0011681	Null	XP_038706527.1, XP_038706528.1
OG0011682	Null	XP_038706534.1, XP_038707285.1
OG0011683	Null	XP_038706548.1, XP_038720528.1
OG0011684	Null	XP_038706564.1, XP_038706565.1
OG0011685	Null	XP_038706567.1, XP_038707749.1
OG0011686	Null	XP_038706589.1, XP_038721904.1
OG0011687	Null	XP_038706618.1, XP_038706619.1
OG0011688	Null	XP_038706623.1, XP_038706624.1
OG0011689	Null	XP_038706644.1, XP_038706646.1
OG0011690	Null	XP_038706645.1, XP_038721528.1
OG0011691	Null	XP_038706680.1, XP_038720043.1
OG0011692	Null	XP_038706757.1, XP_038721866.1
OG0011693	Null	XP_038706770.1, XP_038706771.1
OG0011694	Null	XP_038706808.1, XP_038710183.1
OG0011695	Null	XP_038706857.1, XP_038706858.1
OG0011696	Null	XP_038706915.1, XP_038713874.1
OG0011697	Null	XP_038706920.1, XP_038706921.1
OG0011698	Null	XP_038706943.1, XP_038706944.1
OG0011699	Null	XP_038707002.1, XP_038723733.1
OG0011700	Null	XP_038707019.1, XP_038707020.1
OG0011701	Null	XP_038707064.1, XP_038707065.1
OG0011702	Null	XP_038707095.1, XP_038707096.1
OG0011703	Null	XP_038707139.1, XP_038722330.1
OG0011704	Null	XP_038707165.1, XP_038724228.1
OG0011705	Null	XP_038707200.1, XP_038717178.1
OG0011706	Null	XP_038707205.1, XP_038724997.1
OG0011707	Null	XP_038707259.1, XP_038718837.1
OG0011708	Null	XP_038707301.1, XP_038724114.1
OG0011709	Null	XP_038707307.1, XP_038707475.1
OG0011710	Null	XP_038707323.1, XP_038707324.1
OG0011711	Null	XP_038707341.1, XP_038707983.1
OG0011712	Null	XP_038707347.1, XP_038723165.1
OG0011713	Null	XP_038707350.1, XP_038725010.1
OG0011714	Null	XP_038707372.1, XP_038719945.1
OG0011715	Null	XP_038707373.1, XP_038707374.1
OG0011716	Null	XP_038707376.1, XP_038707377.1
OG0011717	Null	XP_038707387.1, XP_038707388.1
OG0011718	Null	XP_038707438.1, XP_038724450.1
OG0011719	Null	XP_038707448.1, XP_038711802.1
OG0011720	Null	XP_038707450.1, XP_038723514.1
OG0011721	Null	XP_038707459.1, XP_038710682.1
OG0011722	Null	XP_038707472.1, XP_038707604.1
OG0011723	Null	XP_038707506.1, XP_038721988.1
OG0011724	Null	XP_038707551.1, XP_038707552.1
OG0011725	Null	XP_038707559.1, XP_038707560.1
OG0011726	Null	XP_038707574.1, XP_038720692.1
OG0011727	Null	XP_038707580.1, XP_038723703.1
OG0011728	Null	XP_038707623.1, XP_038707624.1
OG0011729	Null	XP_038707637.1, XP_038707638.1
OG0011730	Null	XP_038707641.1, XP_038707642.1
OG0011731	Null	XP_038707688.1, XP_038711249.1
OG0011732	Null	XP_038707701.1, XP_038725874.1
OG0011733	Null	XP_038707708.1, XP_038707709.1
OG0011734	Null	XP_038707712.1, XP_038707713.1
OG0011735	Null	XP_038707715.1, XP_038718030.1
OG0011736	Null	XP_038707742.1, XP_038716475.1
OG0011737	Null	XP_038707778.1, XP_038710171.1
OG0011738	Null	XP_038707801.1, XP_038707802.1
OG0011739	Null	XP_038707818.1, XP_038716770.1
OG0011740	Null	XP_038707825.1, XP_038723691.1
OG0011741	Null	XP_038707832.1, XP_038710115.1
OG0011742	Null	XP_038707857.1, XP_038712003.1
OG0011743	Null	XP_038707861.1, XP_038707862.1
OG0011744	Null	XP_038707867.1, XP_038719007.1
OG0011745	Null	XP_038707870.1, XP_038707871.1
OG0011746	Null	XP_038707897.1, XP_038715860.1
OG0011747	Null	XP_038707936.1, XP_038707937.1
OG0011748	Null	XP_038707954.1, XP_038722799.1
OG0011749	Null	XP_038707955.1, XP_038720252.1
OG0011750	Null	XP_038707957.1, XP_038718380.1
OG0011751	Null	XP_038707963.1, XP_038717663.1
OG0011752	Null	XP_038707979.1, XP_038721461.1
OG0011753	Null	XP_038707984.1, XP_038710980.1
OG0011754	Null	XP_038708043.1, XP_038708044.1
OG0011755	Null	XP_038708062.1, XP_038708063.1
OG0011756	Null	XP_038708113.1, XP_038723771.1
OG0011757	Null	XP_038708140.1, XP_038708141.1
OG0011758	Null	XP_038708209.1, XP_038708210.1
OG0011759	Null	XP_038708223.1, XP_038708224.1
OG0011760	Null	XP_038708232.1, XP_038709070.1
OG0011761	Null	XP_038708272.1, XP_038723574.1
OG0011762	Null	XP_038708282.1, XP_038709266.1
OG0011763	Null	XP_038708322.1, XP_038708323.1
OG0011764	Null	XP_038708332.1, XP_038708339.1
OG0011765	Null	XP_038708341.1, XP_038708342.1
OG0011766	Null	XP_038708352.1, XP_038724071.1
OG0011767	Null	XP_038708405.1, XP_038726236.1
OG0011768	Null	XP_038708414.1, XP_038708415.1
OG0011769	Null	XP_038708436.1, XP_038708438.1
OG0011770	Null	XP_038708437.1, XP_038724001.1
OG0011771	Null	XP_038708495.1, XP_038716200.1
OG0011772	Null	XP_038708552.1, XP_038722924.1
OG0011773	Null	XP_038708597.1, XP_038721927.1
OG0011774	Null	XP_038708603.1, XP_038711780.1
OG0011775	Null	XP_038708604.1, XP_038708605.1
OG0011776	Null	XP_038708616.1, XP_038708617.1
OG0011777	Null	XP_038708635.1, XP_038708636.1
OG0011778	Null	XP_038708661.1, XP_038708662.1
OG0011779	Null	XP_038708682.1, XP_038708683.1
OG0011780	Null	XP_038708696.1, XP_038708697.1
OG0011781	Null	XP_038708793.1, XP_038724235.1
OG0011782	Null	XP_038708808.1, XP_038708810.1
OG0011783	Null	XP_038708890.1, XP_038708897.1
OG0011784	Null	XP_038709012.1, XP_038721627.1
OG0011785	Null	XP_038709034.1, XP_038724185.1
OG0011786	Null	XP_038709043.1, XP_038709044.1
OG0011787	Null	XP_038709056.1, XP_038709057.1
OG0011788	Null	XP_038709130.1, XP_038709131.1
OG0011789	Null	XP_038709137.1, XP_038709139.1
OG0011790	Null	XP_038709185.1, XP_038709186.1
OG0011791	Null	XP_038709275.1, XP_038709276.1
OG0011792	Null	XP_038709279.1, XP_038724168.1
OG0011793	Null	XP_038709307.1, XP_038709308.1
OG0011794	Null	XP_038709343.1, XP_038709344.1
OG0011795	Null	XP_038709395.1, XP_038724204.1
OG0011796	Null	XP_038709405.1, XP_038709406.1
OG0011797	Null	XP_038709407.1, XP_038709409.1
OG0011798	Null	XP_038709478.1, XP_038709479.1
OG0011799	Null	XP_038709653.1, XP_038709654.1
OG0011800	Null	XP_038709716.1, XP_038709717.1
OG0011801	Null	XP_038709781.1, XP_038709782.1
OG0011802	Null	XP_038709841.1, XP_038709842.1
OG0011803	Null	XP_038709844.1, XP_038709845.1
OG0011804	Null	XP_038709962.1, XP_038725958.1
OG0011805	Null	XP_038709973.1, XP_038709974.1
OG0011806	Null	XP_038709994.1, XP_038710003.1
OG0011807	Null	XP_038709995.1, XP_038709996.1
OG0011808	Null	XP_038710010.1, XP_038710011.1
OG0011809	Null	XP_038710134.1, XP_038711391.1
OG0011810	Null	XP_038710139.1, XP_038710140.1
OG0011811	Null	XP_038710154.1, XP_038722331.1
OG0011812	Null	XP_038710161.1, XP_038710162.1
OG0011813	Null	XP_038710182.1, XP_038713162.1
OG0011814	Null	XP_038710259.1, XP_038710260.1
OG0011815	Null	XP_038710276.1, XP_038710277.1
OG0011816	Null	XP_038710363.1, XP_038710364.1
OG0011817	Null	XP_038710460.1, XP_038710461.1
OG0011818	Null	XP_038710470.1, XP_038710471.1
OG0011819	Null	XP_038710496.1, XP_038710567.1
OG0011820	Null	XP_038710530.1, XP_038710532.1
OG0011821	Null	XP_038710564.1, XP_038710565.1
OG0011822	Null	XP_038710577.1, XP_038710578.1
OG0011823	Null	XP_038710583.1, XP_038710584.1
OG0011824	Null	XP_038710641.1, XP_038710642.1
OG0011825	Null	XP_038710645.1, XP_038710646.1
OG0011826	Null	XP_038710647.1, XP_038710648.1
OG0011827	Null	XP_038710651.1, XP_038710652.1
OG0011828	Null	XP_038710659.1, XP_038710660.1
OG0011829	Null	XP_038710702.1, XP_038716420.1
OG0011830	Null	XP_038710704.1, XP_038710705.1
OG0011831	Null	XP_038710717.1, XP_038710718.1
OG0011832	Null	XP_038710810.1, XP_038710811.1
OG0011833	Null	XP_038710823.1, XP_038710824.1
OG0011834	Null	XP_038710838.1, XP_038710839.1
OG0011835	Null	XP_038710851.1, XP_038710852.1
OG0011836	Null	XP_038710903.1, XP_038710904.1
OG0011837	Null	XP_038710944.1, XP_038710991.1
OG0011838	Null	XP_038710946.1, XP_038710954.1
OG0011839	Null	XP_038710975.1, XP_038710976.1
OG0011840	Null	XP_038710977.1, XP_038710978.1
OG0011841	Null	XP_038710994.1, XP_038710995.1
OG0011842	Null	XP_038711023.1, XP_038711024.1
OG0011843	Null	XP_038711032.1, XP_038712398.1
OG0011844	Null	XP_038711033.1, XP_038711034.1
OG0011845	Null	XP_038711077.1, XP_038714385.1
OG0011846	Null	XP_038711167.1, XP_038711168.1
OG0011847	Null	XP_038711210.1, XP_038711212.1
OG0011848	Null	XP_038711233.1, XP_038711234.1
OG0011849	Null	XP_038711285.1, XP_038722318.1
OG0011850	Null	XP_038711337.1, XP_038720739.1
OG0011851	Null	XP_038711350.1, XP_038711351.1
OG0011852	Null	XP_038711358.1, XP_038711360.1
OG0011853	Null	XP_038711439.1, XP_038711446.1
OG0011854	Null	XP_038711516.1, XP_038711704.1
OG0011855	Null	XP_038711545.1, XP_038711547.1
OG0011856	Null	XP_038711742.1, XP_038722514.1
OG0011857	Null	XP_038711788.1, XP_038713418.1
OG0011858	Null	XP_038711807.1, XP_038722045.1
OG0011859	Null	XP_038711834.1, XP_038723466.1
OG0011860	Null	XP_038711897.1, XP_038711898.1
OG0011861	Null	XP_038711917.1, XP_038711925.1
OG0011862	Null	XP_038712008.1, XP_038712009.1
OG0011863	Null	XP_038712104.1, XP_038712105.1
OG0011864	Null	XP_038712147.1, XP_038712148.1
OG0011865	Null	XP_038712159.1, XP_038712160.1
OG0011866	Null	XP_038712181.1, XP_038712182.1
OG0011867	Null	XP_038712190.1, XP_038712191.1
OG0011868	Null	XP_038712213.1, XP_038712214.1
OG0011869	Null	XP_038712316.1, XP_038712318.1
OG0011870	Null	XP_038712332.1, XP_038721515.1
OG0011871	Null	XP_038712489.1, XP_038712490.1
OG0011872	Null	XP_038712524.1, XP_038718966.1
OG0011873	Null	XP_038712542.1, XP_038712543.1
OG0011874	Null	XP_038712551.1, XP_038712558.1
OG0011875	Null	XP_038712656.1, XP_038721512.1
OG0011876	Null	XP_038712705.1, XP_038712706.1
OG0011877	Null	XP_038712721.1, XP_038712722.1
OG0011878	Null	XP_038712758.1, XP_038712760.1
OG0011879	Null	XP_038712776.1, XP_038712777.1
OG0011880	Null	XP_038712802.1, XP_038712804.1
OG0011881	Null	XP_038712817.1, XP_038718472.1
OG0011882	Null	XP_038712827.1, XP_038714585.1
OG0011883	Null	XP_038712876.1, XP_038712877.1
OG0011884	Null	XP_038712885.1, XP_038718352.1
OG0011885	Null	XP_038712914.1, XP_038716726.1
OG0011886	Null	XP_038712951.1, XP_038712952.1
OG0011887	Null	XP_038713039.1, XP_038713040.1
OG0011888	Null	XP_038713060.1, XP_038716811.1
OG0011889	Null	XP_038713098.1, XP_038713099.1
OG0011890	Null	XP_038713125.1, XP_038713126.1
OG0011891	Null	XP_038713131.1, XP_038713132.1
OG0011892	Null	XP_038713159.1, XP_038719478.1
OG0011893	Null	XP_038713255.1, XP_038713256.1
OG0011894	Null	XP_038713258.1, XP_038714756.1
OG0011895	Null	XP_038713259.1, XP_038713260.1
OG0011896	Null	XP_038713325.1, XP_038713779.1
OG0011897	Null	XP_038713379.1, XP_038717976.1
OG0011898	Null	XP_038713393.1, XP_038713429.1
OG0011899	Null	XP_038713460.1, XP_038713462.1
OG0011900	Null	XP_038713536.1, XP_038713537.1
OG0011901	Null	XP_038713592.1, XP_038718322.1
OG0011902	Null	XP_038713619.1, XP_038713620.1
OG0011903	Null	XP_038713645.1, XP_038713646.1
OG0011904	Null	XP_038713660.1, XP_038713661.1
OG0011905	Null	XP_038713760.1, XP_038713762.1
OG0011906	Null	XP_038713828.1, XP_038713829.1
OG0011907	Null	XP_038713838.1, XP_038717406.1
OG0011908	Null	XP_038713839.1, XP_038713840.1
OG0011909	Null	XP_038713850.1, XP_038713852.1
OG0011910	Null	XP_038713875.1, XP_038713876.1
OG0011911	Null	XP_038713900.1, XP_038713901.1
OG0011912	Null	XP_038713997.1, XP_038713998.1
OG0011913	Null	XP_038714091.1, XP_038714101.1
OG0011914	Null	XP_038714171.1, XP_038714172.1
OG0011915	Null	XP_038714202.1, XP_038725291.1
OG0011916	Null	XP_038714210.1, XP_038717606.1
OG0011917	Null	XP_038714216.1, XP_038714217.1
OG0011918	Null	XP_038714224.1, XP_038714225.1
OG0011919	Null	XP_038714252.1, XP_038714253.1
OG0011920	Null	XP_038714284.1, XP_038718550.1
OG0011921	Null	XP_038714303.1, XP_038717842.1
OG0011922	Null	XP_038714324.1, XP_038714325.1
OG0011923	Null	XP_038714350.1, XP_038718413.1
OG0011924	Null	XP_038714351.1, XP_038714352.1
OG0011925	Null	XP_038714356.1, XP_038714357.1
OG0011926	Null	XP_038714359.1, XP_038714367.1
OG0011927	Null	XP_038714363.1, XP_038714364.1
OG0011928	Null	XP_038714400.1, XP_038714401.1
OG0011929	Null	XP_038714402.1, XP_038718586.1
OG0011930	Null	XP_038714424.1, XP_038717139.1
OG0011931	Null	XP_038714479.1, XP_038718525.1
OG0011932	Null	XP_038714485.1, XP_038714486.1
OG0011933	Null	XP_038714508.1, XP_038718636.1
OG0011934	Null	XP_038714568.1, XP_038714569.1
OG0011935	Null	XP_038714685.1, XP_038714686.1
OG0011936	Null	XP_038714700.1, XP_038718430.1
OG0011937	Null	XP_038714702.1, XP_038718431.1
OG0011938	Null	XP_038714719.1, XP_038716736.1
OG0011939	Null	XP_038714744.1, XP_038714752.1
OG0011940	Null	XP_038714765.1, XP_038714766.1
OG0011941	Null	XP_038714812.1, XP_038719912.1
OG0011942	Null	XP_038714851.1, XP_038716532.1
OG0011943	Null	XP_038714864.1, XP_038714865.1
OG0011944	Null	XP_038714876.1, XP_038714877.1
OG0011945	Null	XP_038714881.1, XP_038716871.1
OG0011946	Null	XP_038714944.1, XP_038717055.1
OG0011947	Null	XP_038714954.1, XP_038714955.1
OG0011948	Null	XP_038714956.1, XP_038717010.1
OG0011949	Null	XP_038714957.1, XP_038716750.1
OG0011950	Null	XP_038714984.1, XP_038714985.1
OG0011951	Null	XP_038714986.1, XP_038718680.1
OG0011952	Null	XP_038714998.1, XP_038718533.1
OG0011953	Null	XP_038715033.1, XP_038715037.1
OG0011954	Null	XP_038715046.1, XP_038719423.1
OG0011955	Null	XP_038715094.1, XP_038715097.1
OG0011956	Null	XP_038715106.1, XP_038715911.1
OG0011957	Null	XP_038715134.1, XP_038717014.1
OG0011958	Null	XP_038715198.1, XP_038715199.1
OG0011959	Null	XP_038715200.1, XP_038715201.1
OG0011960	Null	XP_038715207.1, XP_038715336.1
OG0011961	Null	XP_038715211.1, XP_038717618.1
OG0011962	Null	XP_038715240.1, XP_038715241.1
OG0011963	Null	XP_038715267.1, XP_038715939.1
OG0011964	Null	XP_038715283.1, XP_038715284.1
OG0011965	Null	XP_038715297.1, XP_038718425.1
OG0011966	Null	XP_038715317.1, XP_038715318.1
OG0011967	Null	XP_038715334.1, XP_038718638.1
OG0011968	Null	XP_038715341.1, XP_038715342.1
OG0011969	Null	XP_038715343.1, XP_038715344.1
OG0011970	Null	XP_038715345.1, XP_038715994.1
OG0011971	Null	XP_038715383.1, XP_038717155.1
OG0011972	Null	XP_038715431.1, XP_038715432.1
OG0011973	Null	XP_038715451.1, XP_038715452.1
OG0011974	Null	XP_038715464.1, XP_038716537.1
OG0011975	Null	XP_038715523.1, XP_038715524.1
OG0011976	Null	XP_038715534.1, XP_038715535.1
OG0011977	Null	XP_038715552.1, XP_038718064.1
OG0011978	Null	XP_038715555.1, XP_038717372.1
OG0011979	Null	XP_038715560.1, XP_038716878.1
OG0011980	Null	XP_038715561.1, XP_038717619.1
OG0011981	Null	XP_038715566.1, XP_038722769.1
OG0011982	Null	XP_038715572.1, XP_038715573.1
OG0011983	Null	XP_038715580.1, XP_038715581.1
OG0011984	Null	XP_038715595.1, XP_038716370.1
OG0011985	Null	XP_038715676.1, XP_038718420.1
OG0011986	Null	XP_038715686.1, XP_038715687.1
OG0011987	Null	XP_038715692.1, XP_038715693.1
OG0011988	Null	XP_038715708.1, XP_038717765.1
OG0011989	Null	XP_038715787.1, XP_038715788.1
OG0011990	Null	XP_038715828.1, XP_038717553.1
OG0011991	Null	XP_038715832.1, XP_038717554.1
OG0011992	Null	XP_038715844.1, XP_038715845.1
OG0011993	Null	XP_038715848.1, XP_038717388.1
OG0011994	Null	XP_038715853.1, XP_038718325.1
OG0011995	Null	XP_038715904.1, XP_038715905.1
OG0011996	Null	XP_038715934.1, XP_038715935.1
OG0011997	Null	XP_038715947.1, XP_038715948.1
OG0011998	Null	XP_038715976.1, XP_038715977.1
OG0011999	Null	XP_038716017.1, XP_038718046.1
OG0012000	Null	XP_038716078.1, XP_038716079.1
OG0012001	Null	XP_038716112.1, XP_038716113.1
OG0012002	Null	XP_038716128.1, XP_038717054.1
OG0012003	Null	XP_038716142.1, XP_038716143.1
OG0012004	Null	XP_038716152.1, XP_038716153.1
OG0012005	Null	XP_038716188.1, XP_038718164.1
OG0012006	Null	XP_038716191.1, XP_038718086.1
OG0012007	Null	XP_038716192.1, XP_038718482.1
OG0012008	Null	XP_038716237.1, XP_038718418.1
OG0012009	Null	XP_038716260.1, XP_038718662.1
OG0012010	Null	XP_038716262.1, XP_038716263.1
OG0012011	Null	XP_038716307.1, XP_038718151.1
OG0012012	Null	XP_038716327.1, XP_038717993.1
OG0012013	Null	XP_038716344.1, XP_038716345.1
OG0012014	Null	XP_038716354.1, XP_038718500.1
OG0012015	Null	XP_038716360.1, XP_038716361.1
OG0012016	Null	XP_038716362.1, XP_038716363.1
OG0012017	Null	XP_038716399.1, XP_038718656.1
OG0012018	Null	XP_038716402.1, XP_038716899.1
OG0012019	Null	XP_038716403.1, XP_038716898.1
OG0012020	Null	XP_038716421.1, XP_038716422.1
OG0012021	Null	XP_038716430.1, XP_038718378.1
OG0012022	Null	XP_038716440.1, XP_038718547.1
OG0012023	Null	XP_038716462.1, XP_038716463.1
OG0012024	Null	XP_038716470.1, XP_038716471.1
OG0012025	Null	XP_038716476.1, XP_038716477.1
OG0012026	Null	XP_038716483.1, XP_038718428.1
OG0012027	Null	XP_038716499.1, XP_038716500.1
OG0012028	Null	XP_038716501.1, XP_038716502.1
OG0012029	Null	XP_038716519.1, XP_038716520.1
OG0012030	Null	XP_038716521.1, XP_038717401.1
OG0012031	Null	XP_038716567.1, XP_038716568.1
OG0012032	Null	XP_038716577.1, XP_038717269.1
OG0012033	Null	XP_038716578.1, XP_038716579.1
OG0012034	Null	XP_038716611.1, XP_038718249.1
OG0012035	Null	XP_038716645.1, XP_038719463.1
OG0012036	Null	XP_038716654.1, XP_038716655.1
OG0012037	Null	XP_038716657.1, XP_038717595.1
OG0012038	Null	XP_038716663.1, XP_038718460.1
OG0012039	Null	XP_038716664.1, XP_038716665.1
OG0012040	Null	XP_038716730.1, XP_038716731.1
OG0012041	Null	XP_038716768.1, XP_038716769.1
OG0012042	Null	XP_038716771.1, XP_038717017.1
OG0012043	Null	XP_038716774.1, XP_038716775.1
OG0012044	Null	XP_038716788.1, XP_038716789.1
OG0012045	Null	XP_038716835.1, XP_038716836.1
OG0012046	Null	XP_038716845.1, XP_038716846.1
OG0012047	Null	XP_038716912.1, XP_038716914.1
OG0012048	Null	XP_038716924.1, XP_038716925.1
OG0012049	Null	XP_038716940.1, XP_038716941.1
OG0012050	Null	XP_038717001.1, XP_038717002.1
OG0012051	Null	XP_038717036.1, XP_038722010.1
OG0012052	Null	XP_038717052.1, XP_038717053.1
OG0012053	Null	XP_038717095.1, XP_038717096.1
OG0012054	Null	XP_038717098.1, XP_038717430.1
OG0012055	Null	XP_038717141.1, XP_038717142.1
OG0012056	Null	XP_038717146.1, XP_038717147.1
OG0012057	Null	XP_038717156.1, XP_038717157.1
OG0012058	Null	XP_038717255.1, XP_038717256.1
OG0012059	Null	XP_038717300.1, XP_038717301.1
OG0012060	Null	XP_038717312.1, XP_038724974.1
OG0012061	Null	XP_038717323.1, XP_038717400.1
OG0012062	Null	XP_038717391.1, XP_038717392.1
OG0012063	Null	XP_038717395.1, XP_038717396.1
OG0012064	Null	XP_038717422.1, XP_038717423.1
OG0012065	Null	XP_038717439.1, XP_038717440.1
OG0012066	Null	XP_038717448.1, XP_038717449.1
OG0012067	Null	XP_038717451.1, XP_038717452.1
OG0012068	Null	XP_038717472.1, XP_038717473.1
OG0012069	Null	XP_038717511.1, XP_038719491.1
OG0012070	Null	XP_038717557.1, XP_038717558.1
OG0012071	Null	XP_038717572.1, XP_038717573.1
OG0012072	Null	XP_038717644.1, XP_038717645.1
OG0012073	Null	XP_038717666.1, XP_038717667.1
OG0012074	Null	XP_038717859.1, XP_038717860.1
OG0012075	Null	XP_038717938.1, XP_038717939.1
OG0012076	Null	XP_038717963.1, XP_038717964.1
OG0012077	Null	XP_038717965.1, XP_038720386.1
OG0012078	Null	XP_038717967.1, XP_038717968.1
OG0012079	Null	XP_038718009.1, XP_038718011.1
OG0012080	Null	XP_038718038.1, XP_038718039.1
OG0012081	Null	XP_038718171.1, XP_038718172.1
OG0012082	Null	XP_038718182.1, XP_038718183.1
OG0012083	Null	XP_038718207.1, XP_038718210.1
OG0012084	Null	XP_038718235.1, XP_038718236.1
OG0012085	Null	XP_038718281.1, XP_038718282.1
OG0012086	Null	XP_038718284.1, XP_038718285.1
OG0012087	Null	XP_038718305.1, XP_038721437.1
OG0012088	Null	XP_038718306.1, XP_038718307.1
OG0012089	Null	XP_038718455.1, XP_038718456.1
OG0012090	Null	XP_038718476.1, XP_038718477.1
OG0012091	Null	XP_038718563.1, XP_038718564.1
OG0012092	Null	XP_038718588.1, XP_038718589.1
OG0012093	Null	XP_038718639.1, XP_038718640.1
OG0012094	Null	XP_038718832.1, XP_038718833.1
OG0012095	Null	XP_038718859.1, XP_038723383.1
OG0012096	Null	XP_038718920.1, XP_038718921.1
OG0012097	Null	XP_038718928.1, XP_038718929.1
OG0012098	Null	XP_038718965.1, XP_038718974.1
OG0012099	Null	XP_038718989.1, XP_038718998.1
OG0012100	Null	XP_038718995.1, XP_038724197.1
OG0012101	Null	XP_038719009.1, XP_038719702.1
OG0012102	Null	XP_038719015.1, XP_038722360.1
OG0012103	Null	XP_038719062.1, XP_038719074.1
OG0012104	Null	XP_038719092.1, XP_038722296.1
OG0012105	Null	XP_038719095.1, XP_038719096.1
OG0012106	Null	XP_038719103.1, XP_038719104.1
OG0012107	Null	XP_038719140.1, XP_038723944.1
OG0012108	Null	XP_038719200.1, XP_038722851.1
OG0012109	Null	XP_038719309.1, XP_038719310.1
OG0012110	Null	XP_038719368.1, XP_038719370.1
OG0012111	Null	XP_038719372.1, XP_038719373.1
OG0012112	Null	XP_038719394.1, XP_038721444.1
OG0012113	Null	XP_038719434.1, XP_038719435.1
OG0012114	Null	XP_038719536.1, XP_038719537.1
OG0012115	Null	XP_038719555.1, XP_038719556.1
OG0012116	Null	XP_038719614.1, XP_038722206.1
OG0012117	Null	XP_038719615.1, XP_038719616.1
OG0012118	Null	XP_038719635.1, XP_038719637.1
OG0012119	Null	XP_038719646.1, XP_038719647.1
OG0012120	Null	XP_038719660.1, XP_038720014.1
OG0012121	Null	XP_038719691.1, XP_038724146.1
OG0012122	Null	XP_038719699.1, XP_038719701.1
OG0012123	Null	XP_038719770.1, XP_038723085.1
OG0012124	Null	XP_038719809.1, XP_038719814.1
OG0012125	Null	XP_038719896.1, XP_038719897.1
OG0012126	Null	XP_038719898.1, XP_038719899.1
OG0012127	Null	XP_038719911.1, XP_038721359.1
OG0012128	Null	XP_038719950.1, XP_038719955.1
OG0012129	Null	XP_038719957.1, XP_038720016.1
OG0012130	Null	XP_038719967.1, XP_038724196.1
OG0012131	Null	XP_038719979.1, XP_038723279.1
OG0012132	Null	XP_038720000.1, XP_038721989.1
OG0012133	Null	XP_038720012.1, XP_038722069.1
OG0012134	Null	XP_038720027.1, XP_038724061.1
OG0012135	Null	XP_038720033.1, XP_038720037.1
OG0012136	Null	XP_038720069.1, XP_038723699.1
OG0012137	Null	XP_038720079.1, XP_038720080.1
OG0012138	Null	XP_038720100.1, XP_038720101.1
OG0012139	Null	XP_038720262.1, XP_038722581.1
OG0012140	Null	XP_038720304.1, XP_038720305.1
OG0012141	Null	XP_038720361.1, XP_038720362.1
OG0012142	Null	XP_038720369.1, XP_038720370.1
OG0012143	Null	XP_038720398.1, XP_038720399.1
OG0012144	Null	XP_038720448.1, XP_038720449.1
OG0012145	Null	XP_038720472.1, XP_038723822.1
OG0012146	Null	XP_038720503.1, XP_038722288.1
OG0012147	Null	XP_038720522.1, XP_038722942.1
OG0012148	Null	XP_038720526.1, XP_038724002.1
OG0012149	Null	XP_038720542.1, XP_038720552.1
OG0012150	Null	XP_038720554.1, XP_038722103.1
OG0012151	Null	XP_038720590.1, XP_038722822.1
OG0012152	Null	XP_038720626.1, XP_038723263.1
OG0012153	Null	XP_038720645.1, XP_038720646.1
OG0012154	Null	XP_038720667.1, XP_038720668.1
OG0012155	Null	XP_038720679.1, XP_038720680.1
OG0012156	Null	XP_038720716.1, XP_038720717.1
OG0012157	Null	XP_038720738.1, XP_038720746.1
OG0012158	Null	XP_038720740.1, XP_038723358.1
OG0012159	Null	XP_038720790.1, XP_038720791.1
OG0012160	Null	XP_038720805.1, XP_038722902.1
OG0012161	Null	XP_038720832.1, XP_038725154.1
OG0012162	Null	XP_038720848.1, XP_038720849.1
OG0012163	Null	XP_038720870.1, XP_038723090.1
OG0012164	Null	XP_038720882.1, XP_038720883.1
OG0012165	Null	XP_038720892.1, XP_038720898.1
OG0012166	Null	XP_038720947.1, XP_038722261.1
OG0012167	Null	XP_038721017.1, XP_038721026.1
OG0012168	Null	XP_038721044.1, XP_038722328.1
OG0012169	Null	XP_038721098.1, XP_038723785.1
OG0012170	Null	XP_038721187.1, XP_038721196.1
OG0012171	Null	XP_038721190.1, XP_038721191.1
OG0012172	Null	XP_038721217.1, XP_038722925.1
OG0012173	Null	XP_038721234.1, XP_038721236.1
OG0012174	Null	XP_038721299.1, XP_038724932.1
OG0012175	Null	XP_038721314.1, XP_038721669.1
OG0012176	Null	XP_038721358.1, XP_038722109.1
OG0012177	Null	XP_038721360.1, XP_038721361.1
OG0012178	Null	XP_038721370.1, XP_038722080.1
OG0012179	Null	XP_038721388.1, XP_038722475.1
OG0012180	Null	XP_038721424.1, XP_038724150.1
OG0012181	Null	XP_038721449.1, XP_038724104.1
OG0012182	Null	XP_038721500.1, XP_038723043.1
OG0012183	Null	XP_038721580.1, XP_038721582.1
OG0012184	Null	XP_038721637.1, XP_038723982.1
OG0012185	Null	XP_038721645.1, XP_038721646.1
OG0012186	Null	XP_038721690.1, XP_038721691.1
OG0012187	Null	XP_038721700.1, XP_038723702.1
OG0012188	Null	XP_038721740.1, XP_038723762.1
OG0012189	Null	XP_038721753.1, XP_038723758.1
OG0012190	Null	XP_038721776.1, XP_038721777.1
OG0012191	Null	XP_038721805.1, XP_038721813.1
OG0012192	Null	XP_038721808.1, XP_038722358.1
OG0012193	Null	XP_038721855.1, XP_038721856.1
OG0012194	Null	XP_038721869.1, XP_038721870.1
OG0012195	Null	XP_038721871.1, XP_038721872.1
OG0012196	Null	XP_038721873.1, XP_038721874.1
OG0012197	Null	XP_038721877.1, XP_038721878.1
OG0012198	Null	XP_038721917.1, XP_038721925.1
OG0012199	Null	XP_038721942.1, XP_038722041.1
OG0012200	Null	XP_038721949.1, XP_038721951.1
OG0012201	Null	XP_038721969.1, XP_038723878.1
OG0012202	Null	XP_038721975.1, XP_038722670.1
OG0012203	Null	XP_038722021.1, XP_038722025.1
OG0012204	Null	XP_038722030.1, XP_038722037.1
OG0012205	Null	XP_038722034.1, XP_038722395.1
OG0012206	Null	XP_038722081.1, XP_038723787.1
OG0012207	Null	XP_038722147.1, XP_038723437.1
OG0012208	Null	XP_038722180.1, XP_038722182.1
OG0012209	Null	XP_038722189.1, XP_038724428.1
OG0012210	Null	XP_038722253.1, XP_038722254.1
OG0012211	Null	XP_038722273.1, XP_038722275.1
OG0012212	Null	XP_038722284.1, XP_038722285.1
OG0012213	Null	XP_038722286.1, XP_038722287.1
OG0012214	Null	XP_038722311.1, XP_038722313.1
OG0012215	Null	XP_038722345.1, XP_038722346.1
OG0012216	Null	XP_038722403.1, XP_038722404.1
OG0012217	Null	XP_038722425.1, XP_038722427.1
OG0012218	Null	XP_038722447.1, XP_038722453.1
OG0012219	Null	XP_038722456.1, XP_038722457.1
OG0012220	Null	XP_038722467.1, XP_038722468.1
OG0012221	Null	XP_038722522.1, XP_038722524.1
OG0012222	Null	XP_038722531.1, XP_038722533.1
OG0012223	Null	XP_038722541.1, XP_038722542.1
OG0012224	Null	XP_038722543.1, XP_038722544.1
OG0012225	Null	XP_038722574.1, XP_038722575.1
OG0012226	Null	XP_038722576.1, XP_038722577.1
OG0012227	Null	XP_038722613.1, XP_038722614.1
OG0012228	Null	XP_038722640.1, XP_038722641.1
OG0012229	Null	XP_038722695.1, XP_038722697.1
OG0012230	Null	XP_038722844.1, XP_038722846.1
OG0012231	Null	XP_038722910.1, XP_038722911.1
OG0012232	Null	XP_038722929.1, XP_038722930.1
OG0012233	Null	XP_038722987.1, XP_038722988.1
OG0012234	Null	XP_038722991.1, XP_038722992.1
OG0012235	Null	XP_038723025.1, XP_038723026.1
OG0012236	Null	XP_038723050.1, XP_038723059.1
OG0012237	Null	XP_038723119.1, XP_038723120.1
OG0012238	Null	XP_038723184.1, XP_038723185.1
OG0012239	Null	XP_038723214.1, XP_038723216.1
OG0012240	Null	XP_038723247.1, XP_038723248.1
OG0012241	Null	XP_038723295.1, XP_038723305.1
OG0012242	Null	XP_038723474.1, XP_038723475.1
OG0012243	Null	XP_038723521.1, XP_038723522.1
OG0012244	Null	XP_038723551.1, XP_038723553.1
OG0012245	Null	XP_038723606.1, XP_038723957.1
OG0012246	Null	XP_038723622.1, XP_038723623.1
OG0012247	Null	XP_038723660.1, XP_038723661.1
OG0012248	Null	XP_038723695.1, XP_038723696.1
OG0012249	Null	XP_038723706.1, XP_038723707.1
OG0012250	Null	XP_038723725.1, XP_038723726.1
OG0012251	Null	XP_038723740.1, XP_038723742.1
OG0012252	Null	XP_038723756.1, XP_038723757.1
OG0012253	Null	XP_038723760.1, XP_038723766.1
OG0012254	Null	XP_038723774.1, XP_038723775.1
OG0012255	Null	XP_038723777.1, XP_038723778.1
OG0012256	Null	XP_038723824.1, XP_038723825.1
OG0012257	Null	XP_038723830.1, XP_038723839.1
OG0012258	Null	XP_038723868.1, XP_038723877.1
OG0012259	Null	XP_038723918.1, XP_038723920.1
OG0012260	Null	XP_038724008.1, XP_038724009.1
OG0012261	Null	XP_038724076.1, XP_038724077.1
OG0012262	Null	XP_038724212.1, XP_038724213.1
OG0012263	Null	XP_038724226.1, XP_038724227.1
OG0012264	Null	XP_038724272.1, XP_038724273.1
OG0012265	Null	XP_038724301.1, XP_038724302.1
OG0012266	Null	XP_038724325.1, XP_038724326.1
OG0012267	Null	XP_038724372.1, XP_038724373.1
OG0012268	Null	XP_038724393.1, XP_038724394.1
OG0012269	Null	XP_038724457.1, XP_038724458.1
OG0012270	Null	XP_038724472.1, XP_038724482.1
OG0012271	Null	XP_038724543.1, XP_038724544.1
OG0012272	Null	XP_038724545.1, XP_038724546.1
OG0012273	Null	XP_038724603.1, XP_038726383.1
OG0012274	Null	XP_038724611.1, XP_038724639.1
OG0012275	Null	XP_038724684.1, XP_038724685.1
OG0012276	Null	XP_038724687.1, XP_038724688.1
OG0012277	Null	XP_038724692.1, XP_038724694.1
OG0012278	Null	XP_038724726.1, XP_038724727.1
OG0012279	Null	XP_038724737.1, XP_038724738.1
OG0012280	Null	XP_038724778.1, XP_038724779.1
OG0012281	Null	XP_038724788.1, XP_038724789.1
OG0012282	Null	XP_038724791.1, XP_038724792.1
OG0012283	Null	XP_038724820.1, XP_038724822.1
OG0012284	Null	XP_038724870.1, XP_038724871.1
OG0012285	Null	XP_038724881.1, XP_038724882.1
OG0012286	Null	XP_038724921.1, XP_038724929.1
OG0012287	Null	XP_038725042.1, XP_038725043.1
OG0012288	Null	XP_038725051.1, XP_038725052.1
OG0012289	Null	XP_038725089.1, XP_038725099.1
OG0012290	Null	XP_038725110.1, XP_038725112.1
OG0012291	Null	XP_038725127.1, XP_038726433.1
OG0012292	Null	XP_038725145.1, XP_038725146.1
OG0012293	Null	XP_038725172.1, XP_038725456.1
OG0012294	Null	XP_038725350.1, XP_038725351.1
OG0012295	Null	XP_038725527.1, XP_038725528.1
OG0012296	Null	XP_038725550.1, XP_038725558.1
OG0012297	Null	XP_038725627.1, XP_038725628.1
OG0012298	Null	XP_038725637.1, XP_038725638.1
OG0012299	Null	XP_038725676.1, XP_038725683.1
OG0012300	Null	XP_038725709.1, XP_038725710.1
OG0012301	Null	XP_038725863.1, XP_038725864.1
OG0012302	Null	XP_038725923.1, XP_038725924.1
OG0012303	Null	XP_038725937.1, XP_038725938.1
OG0012304	Null	XP_038725967.1, XP_038725968.1
OG0012305	Null	XP_038726066.1, XP_038726067.1
OG0012306	Null	XP_038726136.1, XP_038726161.1
OG0012307	Null	XP_038726205.1, XP_038726206.1
OG0012308	Null	XP_038726208.1, XP_038726209.1
OG0012309	Null	XP_038726246.1, XP_038726254.1
OG0012310	Null	XP_038726281.1, XP_038726283.1
OG0012311	Null	XP_038726335.1, XP_038726336.1
OG0012312	Null	XP_038726362.1, XP_038726363.1
OG0012313	Null	XP_038726379.1, XP_038726380.1
