Orthogroup	Citrullus_colocynthis-Cucurbitales-Cucurbitaceae-Citrullus1	Citrullus_colocynthis-Cucurbitales-Cucurbitaceae-Citrullus2
OG0000000	CAK9316934.1, CAK9316935.1, CAK9322507.1, CAK9322508.1, CAK9322509.1, CAK9322510.1, CAK9322512.1, CAK9326491.1, CAK9329920.1	CAK9316934.1, CAK9316935.1, CAK9322507.1, CAK9322508.1, CAK9322509.1, CAK9322510.1, CAK9322512.1, CAK9326491.1, CAK9329920.1
OG0000001	CAK9319298.1, CAK9319299.1, CAK9319300.1, CAK9319301.1, CAK9319302.1, CAK9319303.1, CAK9319304.1, CAK9319305.1, CAK9329259.1	CAK9319298.1, CAK9319299.1, CAK9319300.1, CAK9319301.1, CAK9319302.1, CAK9319303.1, CAK9319304.1, CAK9319305.1, CAK9329259.1
OG0000002	CAK9309030.1, CAK9315223.1, CAK9315823.1, CAK9319323.1, CAK9319463.1, CAK9319470.1, CAK9320571.1, CAK9321559.1	CAK9309030.1, CAK9315223.1, CAK9315823.1, CAK9319323.1, CAK9319463.1, CAK9319470.1, CAK9320571.1, CAK9321559.1
OG0000003	CAK9319336.1, CAK9319337.1, CAK9319338.1, CAK9319339.1, CAK9319367.1, CAK9319368.1, CAK9319370.1, CAK9319372.1	CAK9319336.1, CAK9319337.1, CAK9319338.1, CAK9319339.1, CAK9319367.1, CAK9319368.1, CAK9319370.1, CAK9319372.1
OG0000004	CAK9308788.1, CAK9311142.1, CAK9318270.1, CAK9319058.1, CAK9319999.1, CAK9323248.1, CAK9327077.1	CAK9308788.1, CAK9311142.1, CAK9318270.1, CAK9319058.1, CAK9319999.1, CAK9323248.1, CAK9327077.1
OG0000005	CAK9310245.1, CAK9310246.1, CAK9313054.1, CAK9313712.1, CAK9314176.1, CAK9325063.1, CAK9328031.1	CAK9310245.1, CAK9310246.1, CAK9313054.1, CAK9313712.1, CAK9314176.1, CAK9325063.1, CAK9328031.1
OG0000006	CAK9310268.1, CAK9313868.1, CAK9317463.1, CAK9319514.1, CAK9320276.1, CAK9325872.1, CAK9328623.1	CAK9310268.1, CAK9313868.1, CAK9317463.1, CAK9319514.1, CAK9320276.1, CAK9325872.1, CAK9328623.1
OG0000007	CAK9311622.1, CAK9311623.1, CAK9319624.1, CAK9319625.1, CAK9319626.1, CAK9319627.1, CAK9319628.1	CAK9311622.1, CAK9311623.1, CAK9319624.1, CAK9319625.1, CAK9319626.1, CAK9319627.1, CAK9319628.1
OG0000008	CAK9312665.1, CAK9315694.1, CAK9315695.1, CAK9315697.1, CAK9315698.1, CAK9315700.1, CAK9315701.1, CAK9315903.1, CAK9315905.1, CAK9315906.1, CAK9315908.1, CAK9321865.1, CAK9326451.1, CAK9326452.1	
OG0000009	CAK9319333.1, CAK9319334.1, CAK9319365.1, CAK9319366.1, CAK9319369.1, CAK9319371.1, CAK9319373.1	CAK9319333.1, CAK9319334.1, CAK9319365.1, CAK9319366.1, CAK9319369.1, CAK9319371.1, CAK9319373.1
OG0000010	Null	CAK9312665.1, CAK9315694.1, CAK9315695.1, CAK9315697.1, CAK9315698.1, CAK9315700.1, CAK9315701.1, CAK9315903.1, CAK9315905.1, CAK9315906.1, CAK9315908.1, CAK9321865.1, CAK9326451.1, CAK9326452.1
OG0000011	CAK9308835.1, CAK9312405.1, CAK9318830.1, CAK9323605.1, CAK9327179.1, CAK9329281.1	CAK9308835.1, CAK9312405.1, CAK9318830.1, CAK9323605.1, CAK9327179.1, CAK9329281.1
OG0000012	CAK9308839.1, CAK9317809.1, CAK9324801.1, CAK9326381.1, CAK9329714.1, CAK9330267.1	CAK9308839.1, CAK9317809.1, CAK9324801.1, CAK9326381.1, CAK9329714.1, CAK9330267.1
OG0000013	CAK9308979.1, CAK9316717.1, CAK9323935.1, CAK9325999.1, CAK9326305.1, CAK9330116.1	CAK9308979.1, CAK9316717.1, CAK9323935.1, CAK9325999.1, CAK9326305.1, CAK9330116.1
OG0000014	CAK9309093.1, CAK9309094.1, CAK9316093.1, CAK9318844.1, CAK9322278.1, CAK9322280.1	CAK9309093.1, CAK9309094.1, CAK9316093.1, CAK9318844.1, CAK9322278.1, CAK9322280.1
OG0000015	CAK9309653.1, CAK9314633.1, CAK9315986.1, CAK9318216.1, CAK9319118.1, CAK9319790.1	CAK9309653.1, CAK9314633.1, CAK9315986.1, CAK9318216.1, CAK9319118.1, CAK9319790.1
OG0000016	CAK9310355.1, CAK9322453.1, CAK9322454.1, CAK9322455.1, CAK9322456.1, CAK9322457.1	CAK9310355.1, CAK9322453.1, CAK9322454.1, CAK9322455.1, CAK9322456.1, CAK9322457.1
OG0000017	CAK9310679.1, CAK9312000.1, CAK9314403.1, CAK9321259.1, CAK9325504.1, CAK9327644.1	CAK9310679.1, CAK9312000.1, CAK9314403.1, CAK9321259.1, CAK9325504.1, CAK9327644.1
OG0000018	CAK9311474.1, CAK9316442.1, CAK9318181.1, CAK9318182.1, CAK9319343.1, CAK9328599.1	CAK9311474.1, CAK9316442.1, CAK9318181.1, CAK9318182.1, CAK9319343.1, CAK9328599.1
OG0000019	CAK9313618.1, CAK9318745.1, CAK9318747.1, CAK9323538.1, CAK9323558.1, CAK9329188.1	CAK9313618.1, CAK9318745.1, CAK9318747.1, CAK9323538.1, CAK9323558.1, CAK9329188.1
OG0000020	CAK9314686.1, CAK9316139.1, CAK9321175.1, CAK9321176.1, CAK9322328.1, CAK9327579.1	CAK9314686.1, CAK9316139.1, CAK9321175.1, CAK9321176.1, CAK9322328.1, CAK9327579.1
OG0000021	CAK9314894.1, CAK9325661.1, CAK9328294.1, CAK9328295.1, CAK9328296.1, CAK9328297.1	CAK9314894.1, CAK9325661.1, CAK9328294.1, CAK9328295.1, CAK9328296.1, CAK9328297.1
OG0000022	CAK9315458.1, CAK9321123.1, CAK9323690.1, CAK9324351.1, CAK9325232.1, CAK9327528.1	CAK9315458.1, CAK9321123.1, CAK9323690.1, CAK9324351.1, CAK9325232.1, CAK9327528.1
OG0000023	CAK9318624.1, CAK9318625.1, CAK9318626.1, CAK9318627.1, CAK9322468.1, CAK9329079.1	CAK9318624.1, CAK9318625.1, CAK9318626.1, CAK9318627.1, CAK9322468.1, CAK9329079.1
OG0000024	CAK9313428.1, CAK9314393.1, CAK9320071.1, CAK9320072.1, CAK9320073.1, CAK9320074.1, CAK9320075.1, CAK9320076.1, CAK9320077.1, CAK9324511.1, CAK9324512.1	
OG0000025	Null	CAK9313428.1, CAK9314393.1, CAK9320071.1, CAK9320072.1, CAK9320073.1, CAK9320074.1, CAK9320075.1, CAK9320076.1, CAK9320077.1, CAK9324511.1, CAK9324512.1
OG0000026	CAK9308740.1, CAK9308741.1, CAK9308743.1, CAK9314425.1, CAK9329291.1	CAK9308740.1, CAK9308741.1, CAK9308743.1, CAK9314425.1, CAK9329291.1
OG0000027	CAK9308821.1, CAK9314518.1, CAK9319972.1, CAK9323770.1, CAK9327021.1	CAK9308821.1, CAK9314518.1, CAK9319972.1, CAK9323770.1, CAK9327021.1
OG0000028	CAK9308953.1, CAK9312041.1, CAK9312897.1, CAK9317399.1, CAK9324562.1, CAK9325807.1, CAK9326525.1, CAK9329709.1, CAK9329854.1, CAK9330149.1	
OG0000029	CAK9309444.1, CAK9311355.1, CAK9318920.1, CAK9324482.1, CAK9328595.1	CAK9309444.1, CAK9311355.1, CAK9318920.1, CAK9324482.1, CAK9328595.1
OG0000030	CAK9310308.1, CAK9310309.1, CAK9316364.1, CAK9316366.1, CAK9328063.1	CAK9310308.1, CAK9310309.1, CAK9316364.1, CAK9316366.1, CAK9328063.1
OG0000031	CAK9310324.1, CAK9314840.1, CAK9318806.1, CAK9328204.1, CAK9328605.1	CAK9310324.1, CAK9314840.1, CAK9318806.1, CAK9328204.1, CAK9328605.1
OG0000032	CAK9310325.1, CAK9310326.1, CAK9310327.1, CAK9322431.1, CAK9329831.1	CAK9310325.1, CAK9310326.1, CAK9310327.1, CAK9322431.1, CAK9329831.1
OG0000033	CAK9310927.1, CAK9313168.1, CAK9327079.1, CAK9327085.1, CAK9328821.1	CAK9310927.1, CAK9313168.1, CAK9327079.1, CAK9327085.1, CAK9328821.1
OG0000034	CAK9310946.1, CAK9323338.1, CAK9323836.1, CAK9323837.1, CAK9323838.1	CAK9310946.1, CAK9323338.1, CAK9323836.1, CAK9323837.1, CAK9323838.1
OG0000035	CAK9311087.1, CAK9311088.1, CAK9311089.1, CAK9311090.1, CAK9311091.1	CAK9311087.1, CAK9311088.1, CAK9311089.1, CAK9311090.1, CAK9311091.1
OG0000036	CAK9311625.1, CAK9311626.1, CAK9311627.1, CAK9311628.1, CAK9319623.1	CAK9311625.1, CAK9311626.1, CAK9311627.1, CAK9311628.1, CAK9319623.1
OG0000037	CAK9312338.1, CAK9314058.1, CAK9314059.1, CAK9314060.1, CAK9314061.1	CAK9312338.1, CAK9314058.1, CAK9314059.1, CAK9314060.1, CAK9314061.1
OG0000038	CAK9312716.1, CAK9314397.1, CAK9317307.1, CAK9320066.1, CAK9323176.1	CAK9312716.1, CAK9314397.1, CAK9317307.1, CAK9320066.1, CAK9323176.1
OG0000039	CAK9312767.1, CAK9316034.1, CAK9316217.1, CAK9317628.1, CAK9327309.1	CAK9312767.1, CAK9316034.1, CAK9316217.1, CAK9317628.1, CAK9327309.1
OG0000040	CAK9312991.1, CAK9313059.1, CAK9324954.1, CAK9325568.1, CAK9325592.1	CAK9312991.1, CAK9313059.1, CAK9324954.1, CAK9325568.1, CAK9325592.1
OG0000041	CAK9313379.1, CAK9314339.1, CAK9320139.1, CAK9320140.1, CAK9323097.1	CAK9313379.1, CAK9314339.1, CAK9320139.1, CAK9320140.1, CAK9323097.1
OG0000042	CAK9313442.1, CAK9314406.1, CAK9315307.1, CAK9315996.1, CAK9317037.1, CAK9320060.1, CAK9320061.1, CAK9320062.1, CAK9320063.1, CAK9323181.1	
OG0000043	CAK9313503.1, CAK9313509.1, CAK9322582.1, CAK9322585.1, CAK9322586.1	CAK9313503.1, CAK9313509.1, CAK9322582.1, CAK9322585.1, CAK9322586.1
OG0000044	CAK9314077.1, CAK9315704.1, CAK9320508.1, CAK9322181.1, CAK9322496.1	CAK9314077.1, CAK9315704.1, CAK9320508.1, CAK9322181.1, CAK9322496.1
OG0000045	CAK9314157.1, CAK9319281.1, CAK9319332.1, CAK9322408.1, CAK9322879.1	CAK9314157.1, CAK9319281.1, CAK9319332.1, CAK9322408.1, CAK9322879.1
OG0000046	CAK9314830.1, CAK9321284.1, CAK9323547.1, CAK9323548.1, CAK9326929.1	CAK9314830.1, CAK9321284.1, CAK9323547.1, CAK9323548.1, CAK9326929.1
OG0000047	CAK9314987.1, CAK9318744.1, CAK9323794.1, CAK9326222.1, CAK9329448.1	CAK9314987.1, CAK9318744.1, CAK9323794.1, CAK9326222.1, CAK9329448.1
OG0000048	CAK9315369.1, CAK9315370.1, CAK9315372.1, CAK9315373.1, CAK9315374.1	CAK9315369.1, CAK9315370.1, CAK9315372.1, CAK9315373.1, CAK9315374.1
OG0000049	CAK9315862.1, CAK9315863.1, CAK9315865.1, CAK9315868.1, CAK9326430.1	CAK9315862.1, CAK9315863.1, CAK9315865.1, CAK9315868.1, CAK9326430.1
OG0000050	CAK9316615.1, CAK9321126.1, CAK9321487.1, CAK9323689.1, CAK9330196.1	CAK9316615.1, CAK9321126.1, CAK9321487.1, CAK9323689.1, CAK9330196.1
OG0000051	CAK9318803.1, CAK9323583.1, CAK9325961.1, CAK9325962.1, CAK9329251.1	CAK9318803.1, CAK9323583.1, CAK9325961.1, CAK9325962.1, CAK9329251.1
OG0000052	CAK9329147.1, CAK9329148.1, CAK9329149.1, CAK9329152.1, CAK9329155.1	CAK9329147.1, CAK9329148.1, CAK9329149.1, CAK9329152.1, CAK9329155.1
OG0000053	Null	CAK9308953.1, CAK9312041.1, CAK9312897.1, CAK9317399.1, CAK9324562.1, CAK9325807.1, CAK9326525.1, CAK9329709.1, CAK9329854.1, CAK9330149.1
OG0000054	Null	CAK9313442.1, CAK9314406.1, CAK9315307.1, CAK9315996.1, CAK9317037.1, CAK9320060.1, CAK9320061.1, CAK9320062.1, CAK9320063.1, CAK9323181.1
OG0000055	CAK9312742.1, CAK9315316.1, CAK9315459.1, CAK9318895.1, CAK9321072.1, CAK9321396.1, CAK9326650.1, CAK9329399.1, CAK9330191.1	
OG0000056	Null	CAK9312742.1, CAK9315316.1, CAK9315459.1, CAK9318895.1, CAK9321072.1, CAK9321396.1, CAK9326650.1, CAK9329399.1, CAK9330191.1
OG0000057	CAK9308795.1, CAK9308802.1, CAK9319990.1, CAK9325871.1	CAK9308795.1, CAK9308802.1, CAK9319990.1, CAK9325871.1
OG0000058	CAK9308808.1, CAK9308809.1, CAK9308810.1, CAK9308812.1	CAK9308808.1, CAK9308809.1, CAK9308810.1, CAK9308812.1
OG0000059	CAK9308813.1, CAK9309343.1, CAK9314504.1, CAK9316347.1, CAK9319979.1, CAK9320265.1, CAK9322900.1, CAK9323759.1	
OG0000060	CAK9308846.1, CAK9312388.1, CAK9314398.1, CAK9316542.1	CAK9308846.1, CAK9312388.1, CAK9314398.1, CAK9316542.1
OG0000061	CAK9309105.1, CAK9309106.1, CAK9314994.1, CAK9321432.1	CAK9309105.1, CAK9309106.1, CAK9314994.1, CAK9321432.1
OG0000062	CAK9309175.1, CAK9313062.1, CAK9320576.1, CAK9321804.1	CAK9309175.1, CAK9313062.1, CAK9320576.1, CAK9321804.1
OG0000063	CAK9309403.1, CAK9321573.1, CAK9321969.1, CAK9325029.1	CAK9309403.1, CAK9321573.1, CAK9321969.1, CAK9325029.1
OG0000064	CAK9309486.1, CAK9309488.1, CAK9309490.1, CAK9321511.1	CAK9309486.1, CAK9309488.1, CAK9309490.1, CAK9321511.1
OG0000065	CAK9309628.1, CAK9310488.1, CAK9315879.1, CAK9316308.1	CAK9309628.1, CAK9310488.1, CAK9315879.1, CAK9316308.1
OG0000066	CAK9309650.1, CAK9309651.1, CAK9323882.1, CAK9323886.1	CAK9309650.1, CAK9309651.1, CAK9323882.1, CAK9323886.1
OG0000067	CAK9310166.1, CAK9315016.1, CAK9322291.1, CAK9328941.1	CAK9310166.1, CAK9315016.1, CAK9322291.1, CAK9328941.1
OG0000068	CAK9310224.1, CAK9317950.1, CAK9318589.1, CAK9327699.1	CAK9310224.1, CAK9317950.1, CAK9318589.1, CAK9327699.1
OG0000069	CAK9310604.1, CAK9313196.1, CAK9321995.1, CAK9326728.1	CAK9310604.1, CAK9313196.1, CAK9321995.1, CAK9326728.1
OG0000070	CAK9310630.1, CAK9317538.1, CAK9317539.1, CAK9329739.1	CAK9310630.1, CAK9317538.1, CAK9317539.1, CAK9329739.1
OG0000071	CAK9310664.1, CAK9324659.1, CAK9326680.1, CAK9326681.1	CAK9310664.1, CAK9324659.1, CAK9326680.1, CAK9326681.1
OG0000072	CAK9310674.1, CAK9312962.1, CAK9324651.1, CAK9328289.1	CAK9310674.1, CAK9312962.1, CAK9324651.1, CAK9328289.1
OG0000073	CAK9310850.1, CAK9312903.1, CAK9312904.1, CAK9320754.1	CAK9310850.1, CAK9312903.1, CAK9312904.1, CAK9320754.1
OG0000074	CAK9310940.1, CAK9311935.1, CAK9319078.1, CAK9330193.1	CAK9310940.1, CAK9311935.1, CAK9319078.1, CAK9330193.1
OG0000075	CAK9310963.1, CAK9314541.1, CAK9319909.1, CAK9324152.1	CAK9310963.1, CAK9314541.1, CAK9319909.1, CAK9324152.1
OG0000076	CAK9311392.1, CAK9311394.1, CAK9311563.1, CAK9312322.1	CAK9311392.1, CAK9311394.1, CAK9311563.1, CAK9312322.1
OG0000077	CAK9311721.1, CAK9311723.1, CAK9311724.1, CAK9311726.1	CAK9311721.1, CAK9311723.1, CAK9311724.1, CAK9311726.1
OG0000078	CAK9311746.1, CAK9315404.1, CAK9315531.1, CAK9319295.1	CAK9311746.1, CAK9315404.1, CAK9315531.1, CAK9319295.1
OG0000079	CAK9311749.1, CAK9322202.1, CAK9325048.1, CAK9325049.1	CAK9311749.1, CAK9322202.1, CAK9325048.1, CAK9325049.1
OG0000080	CAK9311972.1, CAK9312371.1, CAK9316571.1, CAK9330229.1	CAK9311972.1, CAK9312371.1, CAK9316571.1, CAK9330229.1
OG0000081	CAK9312009.1, CAK9312010.1, CAK9312011.1, CAK9320118.1	CAK9312009.1, CAK9312010.1, CAK9312011.1, CAK9320118.1
OG0000082	CAK9312048.1, CAK9313291.1, CAK9316679.1, CAK9322641.1	CAK9312048.1, CAK9313291.1, CAK9316679.1, CAK9322641.1
OG0000083	CAK9312210.1, CAK9313136.1, CAK9324928.1, CAK9330051.1	CAK9312210.1, CAK9313136.1, CAK9324928.1, CAK9330051.1
OG0000084	CAK9312541.1, CAK9312542.1, CAK9312543.1, CAK9312545.1	CAK9312541.1, CAK9312542.1, CAK9312543.1, CAK9312545.1
OG0000085	CAK9312849.1, CAK9329568.1, CAK9329569.1, CAK9329570.1	CAK9312849.1, CAK9329568.1, CAK9329569.1, CAK9329570.1
OG0000086	CAK9313142.1, CAK9316759.1, CAK9323713.1, CAK9325603.1	CAK9313142.1, CAK9316759.1, CAK9323713.1, CAK9325603.1
OG0000087	CAK9313153.1, CAK9324098.1, CAK9330081.1, CAK9330082.1	CAK9313153.1, CAK9324098.1, CAK9330081.1, CAK9330082.1
OG0000088	CAK9313204.1, CAK9313205.1, CAK9314577.1, CAK9320587.1	CAK9313204.1, CAK9313205.1, CAK9314577.1, CAK9320587.1
OG0000089	CAK9313222.1, CAK9313223.1, CAK9313224.1, CAK9313225.1	CAK9313222.1, CAK9313223.1, CAK9313224.1, CAK9313225.1
OG0000090	CAK9313276.1, CAK9314121.1, CAK9316650.1, CAK9319377.1	CAK9313276.1, CAK9314121.1, CAK9316650.1, CAK9319377.1
OG0000091	CAK9313573.1, CAK9319403.1, CAK9319404.1, CAK9325412.1	CAK9313573.1, CAK9319403.1, CAK9319404.1, CAK9325412.1
OG0000092	CAK9313737.1, CAK9313738.1, CAK9313739.1, CAK9313740.1	CAK9313737.1, CAK9313738.1, CAK9313739.1, CAK9313740.1
OG0000093	CAK9313915.1, CAK9314601.1, CAK9314990.1, CAK9315641.1	CAK9313915.1, CAK9314601.1, CAK9314990.1, CAK9315641.1
OG0000094	CAK9314100.1, CAK9318682.1, CAK9319660.1, CAK9328111.1	CAK9314100.1, CAK9318682.1, CAK9319660.1, CAK9328111.1
OG0000095	CAK9314484.1, CAK9320004.1, CAK9323242.1, CAK9323765.1	CAK9314484.1, CAK9320004.1, CAK9323242.1, CAK9323765.1
OG0000096	CAK9314492.1, CAK9326297.1, CAK9326298.1, CAK9327096.1	CAK9314492.1, CAK9326297.1, CAK9326298.1, CAK9327096.1
OG0000097	CAK9314614.1, CAK9314615.1, CAK9314616.1, CAK9314617.1	CAK9314614.1, CAK9314615.1, CAK9314616.1, CAK9314617.1
OG0000098	CAK9314741.1, CAK9319886.1, CAK9321115.1, CAK9322325.1, CAK9322560.1, CAK9323699.1, CAK9328446.1, CAK9328472.1	
OG0000099	CAK9314963.1, CAK9314965.1, CAK9314966.1, CAK9314967.1	CAK9314963.1, CAK9314965.1, CAK9314966.1, CAK9314967.1
OG0000100	CAK9315117.1, CAK9315118.1, CAK9326019.1, CAK9326020.1	CAK9315117.1, CAK9315118.1, CAK9326019.1, CAK9326020.1
OG0000101	CAK9315298.1, CAK9316007.1, CAK9320783.1, CAK9321387.1	CAK9315298.1, CAK9316007.1, CAK9320783.1, CAK9321387.1
OG0000102	CAK9315557.1, CAK9320924.1, CAK9327314.1, CAK9328785.1	CAK9315557.1, CAK9320924.1, CAK9327314.1, CAK9328785.1
OG0000103	CAK9316224.1, CAK9316225.1, CAK9316226.1, CAK9327375.1	CAK9316224.1, CAK9316225.1, CAK9316226.1, CAK9327375.1
OG0000104	CAK9316489.1, CAK9317797.1, CAK9326197.1, CAK9327453.1	CAK9316489.1, CAK9317797.1, CAK9326197.1, CAK9327453.1
OG0000105	CAK9317176.1, CAK9317178.1, CAK9317179.1, CAK9317180.1	CAK9317176.1, CAK9317178.1, CAK9317179.1, CAK9317180.1
OG0000106	CAK9318355.1, CAK9328363.1, CAK9328364.1, CAK9328365.1	CAK9318355.1, CAK9328363.1, CAK9328364.1, CAK9328365.1
OG0000107	CAK9318405.1, CAK9318406.1, CAK9318408.1, CAK9318409.1	CAK9318405.1, CAK9318406.1, CAK9318408.1, CAK9318409.1
OG0000108	CAK9319013.1, CAK9319015.1, CAK9319016.1, CAK9319023.1	CAK9319013.1, CAK9319015.1, CAK9319016.1, CAK9319023.1
OG0000109	CAK9320306.1, CAK9320307.1, CAK9320308.1, CAK9320311.1	CAK9320306.1, CAK9320307.1, CAK9320308.1, CAK9320311.1
OG0000110	CAK9324040.1, CAK9324042.1, CAK9324044.1, CAK9324047.1	CAK9324040.1, CAK9324042.1, CAK9324044.1, CAK9324047.1
OG0000111	CAK9324114.1, CAK9324115.1, CAK9324116.1, CAK9324118.1	CAK9324114.1, CAK9324115.1, CAK9324116.1, CAK9324118.1
OG0000112	CAK9324925.1, CAK9324926.1, CAK9330053.1, CAK9330054.1	CAK9324925.1, CAK9324926.1, CAK9330053.1, CAK9330054.1
OG0000113	CAK9325773.1, CAK9325776.1, CAK9325779.1, CAK9325780.1	CAK9325773.1, CAK9325776.1, CAK9325779.1, CAK9325780.1
OG0000114	CAK9326363.1, CAK9326366.1, CAK9326368.1, CAK9326369.1	CAK9326363.1, CAK9326366.1, CAK9326368.1, CAK9326369.1
OG0000115	CAK9327154.1, CAK9327156.1, CAK9327158.1, CAK9327668.1	CAK9327154.1, CAK9327156.1, CAK9327158.1, CAK9327668.1
OG0000116	CAK9328066.1, CAK9328067.1, CAK9328068.1, CAK9330280.1	CAK9328066.1, CAK9328067.1, CAK9328068.1, CAK9330280.1
OG0000117	CAK9328827.1, CAK9328828.1, CAK9328830.1, CAK9328831.1	CAK9328827.1, CAK9328828.1, CAK9328830.1, CAK9328831.1
OG0000118	CAK9329822.1, CAK9329823.1, CAK9329824.1, CAK9329826.1	CAK9329822.1, CAK9329823.1, CAK9329824.1, CAK9329826.1
OG0000119	Null	CAK9308813.1, CAK9309343.1, CAK9314504.1, CAK9316347.1, CAK9319979.1, CAK9320265.1, CAK9322900.1, CAK9323759.1
OG0000120	Null	CAK9314741.1, CAK9319886.1, CAK9321115.1, CAK9322325.1, CAK9322560.1, CAK9323699.1, CAK9328446.1, CAK9328472.1
OG0000121	CAK9308875.1, CAK9310197.1, CAK9315773.1, CAK9316590.1, CAK9320415.1, CAK9322562.1, CAK9322565.1	
OG0000122	CAK9310962.1, CAK9312119.1, CAK9312733.1, CAK9319900.1, CAK9323315.1, CAK9327660.1, CAK9327951.1	
OG0000123	CAK9315333.1, CAK9315979.1, CAK9319878.1, CAK9323339.1, CAK9323841.1, CAK9326249.1, CAK9327761.1	
OG0000124	Null	CAK9308875.1, CAK9310197.1, CAK9315773.1, CAK9316590.1, CAK9320415.1, CAK9322562.1, CAK9322565.1
OG0000125	Null	CAK9310962.1, CAK9312119.1, CAK9312733.1, CAK9319900.1, CAK9323315.1, CAK9327660.1, CAK9327951.1
OG0000126	Null	CAK9315333.1, CAK9315979.1, CAK9319878.1, CAK9323339.1, CAK9323841.1, CAK9326249.1, CAK9327761.1
OG0000127	CAK9308493.1, CAK9310153.1, CAK9321339.1	CAK9308493.1, CAK9310153.1, CAK9321339.1
OG0000128	CAK9308552.1, CAK9308553.1, CAK9308555.1	CAK9308552.1, CAK9308553.1, CAK9308555.1
OG0000129	CAK9308629.1, CAK9320145.1, CAK9323083.1	CAK9308629.1, CAK9320145.1, CAK9323083.1
OG0000130	CAK9308748.1, CAK9314438.1, CAK9323204.1	CAK9308748.1, CAK9314438.1, CAK9323204.1
OG0000131	CAK9308771.1, CAK9323745.1, CAK9326793.1	CAK9308771.1, CAK9323745.1, CAK9326793.1
OG0000132	CAK9308854.1, CAK9322533.1, CAK9330254.1	CAK9308854.1, CAK9322533.1, CAK9330254.1
OG0000133	CAK9308904.1, CAK9316614.1, CAK9322594.1	CAK9308904.1, CAK9316614.1, CAK9322594.1
OG0000134	CAK9308966.1, CAK9309027.1, CAK9330129.1	CAK9308966.1, CAK9309027.1, CAK9330129.1
OG0000135	CAK9309051.1, CAK9309503.1, CAK9321496.1	CAK9309051.1, CAK9309503.1, CAK9321496.1
OG0000136	CAK9309091.1, CAK9312861.1, CAK9324611.1	CAK9309091.1, CAK9312861.1, CAK9324611.1
OG0000137	CAK9309181.1, CAK9311386.1, CAK9326070.1	CAK9309181.1, CAK9311386.1, CAK9326070.1
OG0000138	CAK9309182.1, CAK9309183.1, CAK9309184.1	CAK9309182.1, CAK9309183.1, CAK9309184.1
OG0000139	CAK9309212.1, CAK9309213.1, CAK9309214.1	CAK9309212.1, CAK9309213.1, CAK9309214.1
OG0000140	CAK9309231.1, CAK9309232.1, CAK9309233.1	CAK9309231.1, CAK9309232.1, CAK9309233.1
OG0000141	CAK9309237.1, CAK9309238.1, CAK9326774.1	CAK9309237.1, CAK9309238.1, CAK9326774.1
OG0000142	CAK9309360.1, CAK9321250.1, CAK9321253.1	CAK9309360.1, CAK9321250.1, CAK9321253.1
OG0000143	CAK9309422.1, CAK9318900.1, CAK9329319.1	CAK9309422.1, CAK9318900.1, CAK9329319.1
OG0000144	CAK9309461.1, CAK9318937.1, CAK9321530.1	CAK9309461.1, CAK9318937.1, CAK9321530.1
OG0000145	CAK9309477.1, CAK9309478.1, CAK9309480.1	CAK9309477.1, CAK9309478.1, CAK9309480.1
OG0000146	CAK9309575.1, CAK9314722.1, CAK9320884.1	CAK9309575.1, CAK9314722.1, CAK9320884.1
OG0000147	CAK9309614.1, CAK9316233.1, CAK9321836.1	CAK9309614.1, CAK9316233.1, CAK9321836.1
OG0000148	CAK9309722.1, CAK9319258.1, CAK9319259.1	CAK9309722.1, CAK9319258.1, CAK9319259.1
OG0000149	CAK9309742.1, CAK9310743.1, CAK9319141.1	CAK9309742.1, CAK9310743.1, CAK9319141.1
OG0000150	CAK9309758.1, CAK9310626.1, CAK9329241.1	CAK9309758.1, CAK9310626.1, CAK9329241.1
OG0000151	CAK9309816.1, CAK9316763.1, CAK9316764.1	CAK9309816.1, CAK9316763.1, CAK9316764.1
OG0000152	CAK9309873.1, CAK9316159.1, CAK9321783.1	CAK9309873.1, CAK9316159.1, CAK9321783.1
OG0000153	CAK9309891.1, CAK9321282.1, CAK9329200.1	CAK9309891.1, CAK9321282.1, CAK9329200.1
OG0000154	CAK9309968.1, CAK9318657.1, CAK9329116.1	CAK9309968.1, CAK9318657.1, CAK9329116.1
OG0000155	CAK9310010.1, CAK9311666.1, CAK9315463.1	CAK9310010.1, CAK9311666.1, CAK9315463.1
OG0000156	CAK9310030.1, CAK9310031.1, CAK9328332.1	CAK9310030.1, CAK9310031.1, CAK9328332.1
OG0000157	CAK9310098.1, CAK9310099.1, CAK9322247.1	CAK9310098.1, CAK9310099.1, CAK9322247.1
OG0000158	CAK9310163.1, CAK9322290.1, CAK9328943.1	CAK9310163.1, CAK9322290.1, CAK9328943.1
OG0000159	CAK9310210.1, CAK9310211.1, CAK9310212.1	CAK9310210.1, CAK9310211.1, CAK9310212.1
OG0000160	CAK9310218.1, CAK9320099.1, CAK9322330.1	CAK9310218.1, CAK9320099.1, CAK9322330.1
OG0000161	CAK9310297.1, CAK9319283.1, CAK9322409.1	CAK9310297.1, CAK9319283.1, CAK9322409.1
OG0000162	CAK9310323.1, CAK9314073.1, CAK9328130.1	CAK9310323.1, CAK9314073.1, CAK9328130.1
OG0000163	CAK9310404.1, CAK9312829.1, CAK9324583.1	CAK9310404.1, CAK9312829.1, CAK9324583.1
OG0000164	CAK9310406.1, CAK9324588.1, CAK9326589.1	CAK9310406.1, CAK9324588.1, CAK9326589.1
OG0000165	CAK9310516.1, CAK9314913.1, CAK9330351.1	CAK9310516.1, CAK9314913.1, CAK9330351.1
OG0000166	CAK9310577.1, CAK9324772.1, CAK9326750.1	CAK9310577.1, CAK9324772.1, CAK9326750.1
OG0000167	CAK9310676.1, CAK9312956.1, CAK9314134.1	CAK9310676.1, CAK9312956.1, CAK9314134.1
OG0000168	CAK9310797.1, CAK9310799.1, CAK9324156.1	CAK9310797.1, CAK9310799.1, CAK9324156.1
OG0000169	CAK9310845.1, CAK9318158.1, CAK9329607.1	CAK9310845.1, CAK9318158.1, CAK9329607.1
OG0000170	CAK9311050.1, CAK9321648.1, CAK9328515.1	CAK9311050.1, CAK9321648.1, CAK9328515.1
OG0000171	CAK9311074.1, CAK9311263.1, CAK9318362.1	CAK9311074.1, CAK9311263.1, CAK9318362.1
OG0000172	CAK9311115.1, CAK9311116.1, CAK9325004.1	CAK9311115.1, CAK9311116.1, CAK9325004.1
OG0000173	CAK9311193.1, CAK9319744.1, CAK9325037.1	CAK9311193.1, CAK9319744.1, CAK9325037.1
OG0000174	CAK9311208.1, CAK9312851.1, CAK9324605.1	CAK9311208.1, CAK9312851.1, CAK9324605.1
OG0000175	CAK9311227.1, CAK9311228.1, CAK9317723.1	CAK9311227.1, CAK9311228.1, CAK9317723.1
OG0000176	CAK9311345.1, CAK9323004.1, CAK9323997.1	CAK9311345.1, CAK9323004.1, CAK9323997.1
OG0000177	CAK9311361.1, CAK9311362.1, CAK9323965.1	CAK9311361.1, CAK9311362.1, CAK9323965.1
OG0000178	CAK9311631.1, CAK9318842.1, CAK9323621.1	CAK9311631.1, CAK9318842.1, CAK9323621.1
OG0000179	CAK9311791.1, CAK9320849.1, CAK9321752.1	CAK9311791.1, CAK9320849.1, CAK9321752.1
OG0000180	CAK9311801.1, CAK9317836.1, CAK9320837.1	CAK9311801.1, CAK9317836.1, CAK9320837.1
OG0000181	CAK9311836.1, CAK9311876.1, CAK9311877.1	CAK9311836.1, CAK9311876.1, CAK9311877.1
OG0000182	CAK9312115.1, CAK9319704.1, CAK9329940.1	CAK9312115.1, CAK9319704.1, CAK9329940.1
OG0000183	CAK9312118.1, CAK9329941.1, CAK9329942.1	CAK9312118.1, CAK9329941.1, CAK9329942.1
OG0000184	CAK9312192.1, CAK9316813.1, CAK9329341.1	CAK9312192.1, CAK9316813.1, CAK9329341.1
OG0000185	CAK9312201.1, CAK9324938.1, CAK9330040.1	CAK9312201.1, CAK9324938.1, CAK9330040.1
OG0000186	CAK9312305.1, CAK9318679.1, CAK9329549.1	CAK9312305.1, CAK9318679.1, CAK9329549.1
OG0000187	CAK9312380.1, CAK9316560.1, CAK9316563.1	CAK9312380.1, CAK9316560.1, CAK9316563.1
OG0000188	CAK9312490.1, CAK9315677.1, CAK9317391.1	CAK9312490.1, CAK9315677.1, CAK9317391.1
OG0000189	CAK9312510.1, CAK9315712.1, CAK9317077.1	CAK9312510.1, CAK9315712.1, CAK9317077.1
OG0000190	CAK9312525.1, CAK9320444.1, CAK9320453.1	CAK9312525.1, CAK9320444.1, CAK9320453.1
OG0000191	CAK9312529.1, CAK9317098.1, CAK9322219.1	CAK9312529.1, CAK9317098.1, CAK9322219.1
OG0000192	CAK9312623.1, CAK9317218.1, CAK9320323.1	CAK9312623.1, CAK9317218.1, CAK9320323.1
OG0000193	CAK9312698.1, CAK9315917.1, CAK9326479.1	CAK9312698.1, CAK9315917.1, CAK9326479.1
OG0000194	CAK9312725.1, CAK9312726.1, CAK9325436.1	CAK9312725.1, CAK9312726.1, CAK9325436.1
OG0000195	CAK9312728.1, CAK9315359.1, CAK9317318.1	CAK9312728.1, CAK9315359.1, CAK9317318.1
OG0000196	CAK9312739.1, CAK9315320.1, CAK9315984.1	CAK9312739.1, CAK9315320.1, CAK9315984.1
OG0000197	CAK9312750.1, CAK9315994.1, CAK9321392.1	CAK9312750.1, CAK9315994.1, CAK9321392.1
OG0000198	CAK9312757.1, CAK9312758.1, CAK9312759.1	CAK9312757.1, CAK9312758.1, CAK9312759.1
OG0000199	CAK9312833.1, CAK9317466.1, CAK9326585.1	CAK9312833.1, CAK9317466.1, CAK9326585.1
OG0000200	CAK9312846.1, CAK9324603.1, CAK9329576.1	CAK9312846.1, CAK9324603.1, CAK9329576.1
OG0000201	CAK9312989.1, CAK9320530.1, CAK9324308.1	CAK9312989.1, CAK9320530.1, CAK9324308.1
OG0000202	CAK9313024.1, CAK9325541.1, CAK9325544.1	CAK9313024.1, CAK9325541.1, CAK9325544.1
OG0000203	CAK9313038.1, CAK9313039.1, CAK9313040.1	CAK9313038.1, CAK9313039.1, CAK9313040.1
OG0000204	CAK9313085.1, CAK9322114.1, CAK9325471.1	CAK9313085.1, CAK9322114.1, CAK9325471.1
OG0000205	CAK9313230.1, CAK9315398.1, CAK9317636.1	CAK9313230.1, CAK9315398.1, CAK9317636.1
OG0000206	CAK9313247.1, CAK9325128.1, CAK9325129.1	CAK9313247.1, CAK9325128.1, CAK9325129.1
OG0000207	CAK9313263.1, CAK9315452.1, CAK9320825.1	CAK9313263.1, CAK9315452.1, CAK9320825.1
OG0000208	CAK9313271.1, CAK9315414.1, CAK9316091.1	CAK9313271.1, CAK9315414.1, CAK9316091.1
OG0000209	CAK9313311.1, CAK9313312.1, CAK9313313.1	CAK9313311.1, CAK9313312.1, CAK9313313.1
OG0000210	CAK9313361.1, CAK9319319.1, CAK9328318.1	CAK9313361.1, CAK9319319.1, CAK9328318.1
OG0000211	CAK9313486.1, CAK9313773.1, CAK9318080.1	CAK9313486.1, CAK9313773.1, CAK9318080.1
OG0000212	CAK9313658.1, CAK9322133.1, CAK9322135.1	CAK9313658.1, CAK9322133.1, CAK9322135.1
OG0000213	CAK9313844.1, CAK9313907.1, CAK9320117.1	CAK9313844.1, CAK9313907.1, CAK9320117.1
OG0000214	CAK9313860.1, CAK9313861.1, CAK9319386.1	CAK9313860.1, CAK9313861.1, CAK9319386.1
OG0000215	CAK9313940.1, CAK9313941.1, CAK9313944.1	CAK9313940.1, CAK9313941.1, CAK9313944.1
OG0000216	CAK9314085.1, CAK9319667.1, CAK9322821.1	CAK9314085.1, CAK9319667.1, CAK9322821.1
OG0000217	CAK9314140.1, CAK9314141.1, CAK9314142.1	CAK9314140.1, CAK9314141.1, CAK9314142.1
OG0000218	CAK9314265.1, CAK9322954.1, CAK9327946.1	CAK9314265.1, CAK9322954.1, CAK9327946.1
OG0000219	CAK9314296.1, CAK9314297.1, CAK9314298.1	CAK9314296.1, CAK9314297.1, CAK9314298.1
OG0000220	CAK9314405.1, CAK9320064.1, CAK9323180.1	CAK9314405.1, CAK9320064.1, CAK9323180.1
OG0000221	CAK9314485.1, CAK9320001.1, CAK9327074.1	CAK9314485.1, CAK9320001.1, CAK9327074.1
OG0000222	CAK9314496.1, CAK9319989.1, CAK9323253.1	CAK9314496.1, CAK9319989.1, CAK9323253.1
OG0000223	CAK9314531.1, CAK9323780.1, CAK9326206.1	CAK9314531.1, CAK9323780.1, CAK9326206.1
OG0000224	CAK9314538.1, CAK9321964.1, CAK9326223.1	CAK9314538.1, CAK9321964.1, CAK9326223.1
OG0000225	CAK9314749.1, CAK9323710.1, CAK9327503.1	CAK9314749.1, CAK9323710.1, CAK9327503.1
OG0000226	CAK9314800.1, CAK9316278.1, CAK9327398.1	CAK9314800.1, CAK9316278.1, CAK9327398.1
OG0000227	CAK9314899.1, CAK9318561.1, CAK9328314.1	CAK9314899.1, CAK9318561.1, CAK9328314.1
OG0000228	CAK9314925.1, CAK9314929.1, CAK9314931.1	CAK9314925.1, CAK9314929.1, CAK9314931.1
OG0000229	CAK9315011.1, CAK9315043.1, CAK9328953.1	CAK9315011.1, CAK9315043.1, CAK9328953.1
OG0000230	CAK9315077.1, CAK9315078.1, CAK9315079.1	CAK9315077.1, CAK9315078.1, CAK9315079.1
OG0000231	CAK9315108.1, CAK9315109.1, CAK9315110.1	CAK9315108.1, CAK9315109.1, CAK9315110.1
OG0000232	CAK9315477.1, CAK9316177.1, CAK9321054.1	CAK9315477.1, CAK9316177.1, CAK9321054.1
OG0000233	CAK9315562.1, CAK9316219.1, CAK9321830.1	CAK9315562.1, CAK9316219.1, CAK9321830.1
OG0000234	CAK9315721.1, CAK9322205.1, CAK9323420.1	CAK9315721.1, CAK9322205.1, CAK9323420.1
OG0000235	CAK9315792.1, CAK9318055.1, CAK9318087.1	CAK9315792.1, CAK9318055.1, CAK9318087.1
OG0000236	CAK9315921.1, CAK9326481.1, CAK9326482.1	CAK9315921.1, CAK9326481.1, CAK9326482.1
OG0000237	CAK9315936.1, CAK9315937.1, CAK9315938.1	CAK9315936.1, CAK9315937.1, CAK9315938.1
OG0000238	CAK9316044.1, CAK9316046.1, CAK9316048.1	CAK9316044.1, CAK9316046.1, CAK9316048.1
OG0000239	CAK9316185.1, CAK9316186.1, CAK9316187.1	CAK9316185.1, CAK9316186.1, CAK9316187.1
OG0000240	CAK9316336.1, CAK9316337.1, CAK9320534.1	CAK9316336.1, CAK9316337.1, CAK9320534.1
OG0000241	CAK9316626.1, CAK9322192.1, CAK9330187.1	CAK9316626.1, CAK9322192.1, CAK9330187.1
OG0000242	CAK9316740.1, CAK9317532.1, CAK9329736.1	CAK9316740.1, CAK9317532.1, CAK9329736.1
OG0000243	CAK9316940.1, CAK9316941.1, CAK9316942.1	CAK9316940.1, CAK9316941.1, CAK9316942.1
OG0000244	CAK9317101.1, CAK9317102.1, CAK9317103.1	CAK9317101.1, CAK9317102.1, CAK9317103.1
OG0000245	CAK9317233.1, CAK9326642.1, CAK9329390.1	CAK9317233.1, CAK9326642.1, CAK9329390.1
OG0000246	CAK9317688.1, CAK9320938.1, CAK9321857.1	CAK9317688.1, CAK9320938.1, CAK9321857.1
OG0000247	CAK9317720.1, CAK9317731.1, CAK9329191.1	CAK9317720.1, CAK9317731.1, CAK9329191.1
OG0000248	CAK9317767.1, CAK9327234.1, CAK9330302.1	CAK9317767.1, CAK9327234.1, CAK9330302.1
OG0000249	CAK9318029.1, CAK9320427.1, CAK9320428.1	CAK9318029.1, CAK9320427.1, CAK9320428.1
OG0000250	CAK9318129.1, CAK9325674.1, CAK9326114.1	CAK9318129.1, CAK9325674.1, CAK9326114.1
OG0000251	CAK9318350.1, CAK9318978.1, CAK9321646.1	CAK9318350.1, CAK9318978.1, CAK9321646.1
OG0000252	CAK9318729.1, CAK9318732.1, CAK9318733.1	CAK9318729.1, CAK9318732.1, CAK9318733.1
OG0000253	CAK9318757.1, CAK9323555.1, CAK9329201.1	CAK9318757.1, CAK9323555.1, CAK9329201.1
OG0000254	CAK9318760.1, CAK9318761.1, CAK9329206.1	CAK9318760.1, CAK9318761.1, CAK9329206.1
OG0000255	CAK9318807.1, CAK9323592.1, CAK9328604.1	CAK9318807.1, CAK9323592.1, CAK9328604.1
OG0000256	CAK9318835.1, CAK9323611.1, CAK9329279.1	CAK9318835.1, CAK9323611.1, CAK9329279.1
OG0000257	CAK9319855.1, CAK9319856.1, CAK9319857.1	CAK9319855.1, CAK9319856.1, CAK9319857.1
OG0000258	CAK9320091.1, CAK9323171.1, CAK9330231.1	CAK9320091.1, CAK9323171.1, CAK9330231.1
OG0000259	CAK9320519.1, CAK9322080.1, CAK9325529.1	CAK9320519.1, CAK9322080.1, CAK9325529.1
OG0000260	CAK9320694.1, CAK9320695.1, CAK9320696.1	CAK9320694.1, CAK9320695.1, CAK9320696.1
OG0000261	CAK9321088.1, CAK9323374.1, CAK9326938.1	CAK9321088.1, CAK9323374.1, CAK9326938.1
OG0000262	CAK9321118.1, CAK9323694.1, CAK9327519.1	CAK9321118.1, CAK9323694.1, CAK9327519.1
OG0000263	CAK9321154.1, CAK9325689.1, CAK9325911.1	CAK9321154.1, CAK9325689.1, CAK9325911.1
OG0000264	CAK9321189.1, CAK9325356.1, CAK9327571.1	CAK9321189.1, CAK9325356.1, CAK9327571.1
OG0000265	CAK9321629.1, CAK9321630.1, CAK9321631.1	CAK9321629.1, CAK9321630.1, CAK9321631.1
OG0000266	CAK9322023.1, CAK9329030.1, CAK9329807.1	CAK9322023.1, CAK9329030.1, CAK9329807.1
OG0000267	CAK9322165.1, CAK9325537.1, CAK9325538.1	CAK9322165.1, CAK9325537.1, CAK9325538.1
OG0000268	CAK9322398.1, CAK9326695.1, CAK9328259.1	CAK9322398.1, CAK9326695.1, CAK9328259.1
OG0000269	CAK9322515.1, CAK9322751.1, CAK9328114.1	CAK9322515.1, CAK9322751.1, CAK9328114.1
OG0000270	CAK9322599.1, CAK9322601.1, CAK9329952.1	CAK9322599.1, CAK9322601.1, CAK9329952.1
OG0000271	CAK9322725.1, CAK9323819.1, CAK9326238.1	CAK9322725.1, CAK9323819.1, CAK9326238.1
OG0000272	CAK9322784.1, CAK9322785.1, CAK9322786.1	CAK9322784.1, CAK9322785.1, CAK9322786.1
OG0000273	CAK9322840.1, CAK9322842.1, CAK9326772.1	CAK9322840.1, CAK9322842.1, CAK9326772.1
OG0000274	CAK9323026.1, CAK9323027.1, CAK9327565.1	CAK9323026.1, CAK9323027.1, CAK9327565.1
OG0000275	CAK9323572.1, CAK9328622.1, CAK9329226.1	CAK9323572.1, CAK9328622.1, CAK9329226.1
OG0000276	CAK9324412.1, CAK9324414.1, CAK9325327.1	CAK9324412.1, CAK9324414.1, CAK9325327.1
OG0000277	CAK9324419.1, CAK9324420.1, CAK9325326.1	CAK9324419.1, CAK9324420.1, CAK9325326.1
OG0000278	CAK9324467.1, CAK9324468.1, CAK9324469.1	CAK9324467.1, CAK9324468.1, CAK9324469.1
OG0000279	CAK9325296.1, CAK9325297.1, CAK9325298.1	CAK9325296.1, CAK9325297.1, CAK9325298.1
OG0000280	CAK9325459.1, CAK9327740.1, CAK9327743.1	CAK9325459.1, CAK9327740.1, CAK9327743.1
OG0000281	CAK9325639.1, CAK9325641.1, CAK9325642.1	CAK9325639.1, CAK9325641.1, CAK9325642.1
OG0000282	CAK9326200.1, CAK9327204.1, CAK9327205.1	CAK9326200.1, CAK9327204.1, CAK9327205.1
OG0000283	CAK9326811.1, CAK9326819.1, CAK9326820.1	CAK9326811.1, CAK9326819.1, CAK9326820.1
OG0000284	CAK9326818.1, CAK9327851.1, CAK9327852.1	CAK9326818.1, CAK9327851.1, CAK9327852.1
OG0000285	CAK9327092.1, CAK9327093.1, CAK9327094.1	CAK9327092.1, CAK9327093.1, CAK9327094.1
OG0000286	CAK9327217.1, CAK9327220.1, CAK9330290.1	CAK9327217.1, CAK9327220.1, CAK9330290.1
OG0000287	CAK9327380.1, CAK9327381.1, CAK9327382.1	CAK9327380.1, CAK9327381.1, CAK9327382.1
OG0000288	CAK9327605.1, CAK9327607.1, CAK9327608.1	CAK9327605.1, CAK9327607.1, CAK9327608.1
OG0000289	CAK9327651.1, CAK9327652.1, CAK9328427.1	CAK9327651.1, CAK9327652.1, CAK9328427.1
OG0000290	CAK9328075.1, CAK9328076.1, CAK9328077.1	CAK9328075.1, CAK9328076.1, CAK9328077.1
OG0000291	CAK9328395.1, CAK9328396.1, CAK9328398.1	CAK9328395.1, CAK9328396.1, CAK9328398.1
OG0000292	CAK9328957.1, CAK9328958.1, CAK9328959.1	CAK9328957.1, CAK9328958.1, CAK9328959.1
OG0000293	CAK9329657.1, CAK9329658.1, CAK9329659.1	CAK9329657.1, CAK9329658.1, CAK9329659.1
OG0000294	CAK9308511.1, CAK9314660.1	CAK9308511.1, CAK9314660.1
OG0000295	CAK9308515.1, CAK9314661.1	CAK9308515.1, CAK9314661.1
OG0000296	CAK9308549.1, CAK9314692.1	CAK9308549.1, CAK9314692.1
OG0000297	CAK9308561.1, CAK9314701.1	CAK9308561.1, CAK9314701.1
OG0000298	CAK9308563.1, CAK9320649.1	CAK9308563.1, CAK9320649.1
OG0000299	CAK9308577.1, CAK9308724.1	CAK9308577.1, CAK9308724.1
OG0000300	CAK9308598.1, CAK9316731.1	CAK9308598.1, CAK9316731.1
OG0000301	CAK9308630.1, CAK9317911.1	CAK9308630.1, CAK9317911.1
OG0000302	CAK9308632.1, CAK9328611.1	CAK9308632.1, CAK9328611.1
OG0000303	CAK9308640.1, CAK9311803.1	CAK9308640.1, CAK9311803.1
OG0000304	CAK9308645.1, CAK9321750.1	CAK9308645.1, CAK9321750.1
OG0000305	CAK9308658.1, CAK9308659.1	CAK9308658.1, CAK9308659.1
OG0000306	CAK9308694.1, CAK9321780.1	CAK9308694.1, CAK9321780.1
OG0000307	CAK9308732.1, CAK9314318.1	CAK9308732.1, CAK9314318.1
OG0000308	CAK9308761.1, CAK9323229.1	CAK9308761.1, CAK9323229.1
OG0000309	CAK9308764.1, CAK9329652.1	CAK9308764.1, CAK9329652.1
OG0000310	CAK9308766.1, CAK9315167.1	CAK9308766.1, CAK9315167.1
OG0000311	CAK9308784.1, CAK9323752.1	CAK9308784.1, CAK9323752.1
OG0000312	CAK9308786.1, CAK9327072.1	CAK9308786.1, CAK9327072.1
OG0000313	CAK9308793.1, CAK9323763.1	CAK9308793.1, CAK9323763.1
OG0000314	CAK9308814.1, CAK9323757.1	CAK9308814.1, CAK9323757.1
OG0000315	CAK9308851.1, CAK9316545.1	CAK9308851.1, CAK9316545.1
OG0000316	CAK9308871.1, CAK9311560.1	CAK9308871.1, CAK9311560.1
OG0000317	CAK9308891.1, CAK9308892.1	CAK9308891.1, CAK9308892.1
OG0000318	CAK9308902.1, CAK9316082.1	CAK9308902.1, CAK9316082.1
OG0000319	CAK9308916.1, CAK9316477.1	CAK9308916.1, CAK9316477.1
OG0000320	CAK9308918.1, CAK9325187.1	CAK9308918.1, CAK9325187.1
OG0000321	CAK9308933.1, CAK9308934.1	CAK9308933.1, CAK9308934.1
OG0000322	CAK9308970.1, CAK9323688.1	CAK9308970.1, CAK9323688.1
OG0000323	CAK9309004.1, CAK9315849.1	CAK9309004.1, CAK9315849.1
OG0000324	CAK9309005.1, CAK9315854.1	CAK9309005.1, CAK9315854.1
OG0000325	CAK9309034.1, CAK9315819.1	CAK9309034.1, CAK9315819.1
OG0000326	CAK9309069.1, CAK9309071.1	CAK9309069.1, CAK9309071.1
OG0000327	CAK9309080.1, CAK9309081.1	CAK9309080.1, CAK9309081.1
OG0000328	CAK9309082.1, CAK9309083.1	CAK9309082.1, CAK9309083.1
OG0000329	CAK9309087.1, CAK9311162.1	CAK9309087.1, CAK9311162.1
OG0000330	CAK9309114.1, CAK9312981.1	CAK9309114.1, CAK9312981.1
OG0000331	CAK9309127.1, CAK9322152.1	CAK9309127.1, CAK9322152.1
OG0000332	CAK9309132.1, CAK9322151.1	CAK9309132.1, CAK9322151.1
OG0000333	CAK9309143.1, CAK9329498.1	CAK9309143.1, CAK9329498.1
OG0000334	CAK9309157.1, CAK9322141.1	CAK9309157.1, CAK9322141.1
OG0000335	CAK9309197.1, CAK9313079.1	CAK9309197.1, CAK9313079.1
OG0000336	CAK9309221.1, CAK9309230.1	CAK9309221.1, CAK9309230.1
OG0000337	CAK9309250.1, CAK9309253.1	CAK9309250.1, CAK9309253.1
OG0000338	CAK9309347.1, CAK9309348.1	CAK9309347.1, CAK9309348.1
OG0000339	CAK9309357.1, CAK9330235.1	CAK9309357.1, CAK9330235.1
OG0000340	CAK9309358.1, CAK9319643.1	CAK9309358.1, CAK9319643.1
OG0000341	CAK9309375.1, CAK9309376.1	CAK9309375.1, CAK9309376.1
OG0000342	CAK9309384.1, CAK9309385.1	CAK9309384.1, CAK9309385.1
OG0000343	CAK9309390.1, CAK9318274.1	CAK9309390.1, CAK9318274.1
OG0000344	CAK9309419.1, CAK9321558.1	CAK9309419.1, CAK9321558.1
OG0000345	CAK9309421.1, CAK9329317.1	CAK9309421.1, CAK9329317.1
OG0000346	CAK9309435.1, CAK9320585.1	CAK9309435.1, CAK9320585.1
OG0000347	CAK9309456.1, CAK9321533.1	CAK9309456.1, CAK9321533.1
OG0000348	CAK9309462.1, CAK9309463.1	CAK9309462.1, CAK9309463.1
OG0000349	CAK9309542.1, CAK9321467.1	CAK9309542.1, CAK9321467.1
OG0000350	CAK9309550.1, CAK9323677.1	CAK9309550.1, CAK9323677.1
OG0000351	CAK9309584.1, CAK9321788.1	CAK9309584.1, CAK9321788.1
OG0000352	CAK9309606.1, CAK9313917.1	CAK9309606.1, CAK9313917.1
OG0000353	CAK9309629.1, CAK9329802.1	CAK9309629.1, CAK9329802.1
OG0000354	CAK9309642.1, CAK9326121.1	CAK9309642.1, CAK9326121.1
OG0000355	CAK9309649.1, CAK9309652.1	CAK9309649.1, CAK9309652.1
OG0000356	CAK9309654.1, CAK9324941.1	CAK9309654.1, CAK9324941.1
OG0000357	CAK9309668.1, CAK9325904.1	CAK9309668.1, CAK9325904.1
OG0000358	CAK9309686.1, CAK9313451.1	CAK9309686.1, CAK9313451.1
OG0000359	CAK9309688.1, CAK9313480.1	CAK9309688.1, CAK9313480.1
OG0000360	CAK9309694.1, CAK9329481.1	CAK9309694.1, CAK9329481.1
OG0000361	CAK9309698.1, CAK9315967.1	CAK9309698.1, CAK9315967.1
OG0000362	CAK9309710.1, CAK9313514.1	CAK9309710.1, CAK9313514.1
OG0000363	CAK9309716.1, CAK9313524.1	CAK9309716.1, CAK9313524.1
OG0000364	CAK9309720.1, CAK9309723.1	CAK9309720.1, CAK9309723.1
OG0000365	CAK9309740.1, CAK9326853.1	CAK9309740.1, CAK9326853.1
OG0000366	CAK9309752.1, CAK9319159.1	CAK9309752.1, CAK9319159.1
OG0000367	CAK9309765.1, CAK9309767.1	CAK9309765.1, CAK9309767.1
OG0000368	CAK9309771.1, CAK9323609.1	CAK9309771.1, CAK9323609.1
OG0000369	CAK9309823.1, CAK9309824.1	CAK9309823.1, CAK9309824.1
OG0000370	CAK9309826.1, CAK9319571.1	CAK9309826.1, CAK9319571.1
OG0000371	CAK9309842.1, CAK9318394.1	CAK9309842.1, CAK9318394.1
OG0000372	CAK9309848.1, CAK9324996.1	CAK9309848.1, CAK9324996.1
OG0000373	CAK9309898.1, CAK9311645.1	CAK9309898.1, CAK9311645.1
OG0000374	CAK9309917.1, CAK9309921.1	CAK9309917.1, CAK9309921.1
OG0000375	CAK9309947.1, CAK9317306.1	CAK9309947.1, CAK9317306.1
OG0000376	CAK9309961.1, CAK9318667.1	CAK9309961.1, CAK9318667.1
OG0000377	CAK9309964.1, CAK9318661.1	CAK9309964.1, CAK9318661.1
OG0000378	CAK9309971.1, CAK9321980.1	CAK9309971.1, CAK9321980.1
OG0000379	CAK9309995.1, CAK9314950.1	CAK9309995.1, CAK9314950.1
OG0000380	CAK9309997.1, CAK9326413.1	CAK9309997.1, CAK9326413.1
OG0000381	CAK9310008.1, CAK9323438.1	CAK9310008.1, CAK9323438.1
OG0000382	CAK9310028.1, CAK9328333.1	CAK9310028.1, CAK9328333.1
OG0000383	CAK9310077.1, CAK9322234.1	CAK9310077.1, CAK9322234.1
OG0000384	CAK9310084.1, CAK9310085.1	CAK9310084.1, CAK9310085.1
OG0000385	CAK9310109.1, CAK9328409.1	CAK9310109.1, CAK9328409.1
OG0000386	CAK9310121.1, CAK9322275.1	CAK9310121.1, CAK9322275.1
OG0000387	CAK9310128.1, CAK9310129.1	CAK9310128.1, CAK9310129.1
OG0000388	CAK9310132.1, CAK9322270.1	CAK9310132.1, CAK9322270.1
OG0000389	CAK9310138.1, CAK9321216.1	CAK9310138.1, CAK9321216.1
OG0000390	CAK9310144.1, CAK9322281.1	CAK9310144.1, CAK9322281.1
OG0000391	CAK9310172.1, CAK9310173.1	CAK9310172.1, CAK9310173.1
OG0000392	CAK9310175.1, CAK9319512.1	CAK9310175.1, CAK9319512.1
OG0000393	CAK9310221.1, CAK9324966.1	CAK9310221.1, CAK9324966.1
OG0000394	CAK9310230.1, CAK9322351.1	CAK9310230.1, CAK9322351.1
OG0000395	CAK9310242.1, CAK9322372.1	CAK9310242.1, CAK9322372.1
OG0000396	CAK9310255.1, CAK9322396.1	CAK9310255.1, CAK9322396.1
OG0000397	CAK9310267.1, CAK9322389.1	CAK9310267.1, CAK9322389.1
OG0000398	CAK9310280.1, CAK9322384.1	CAK9310280.1, CAK9322384.1
OG0000399	CAK9310283.1, CAK9327138.1	CAK9310283.1, CAK9327138.1
OG0000400	CAK9310332.1, CAK9310333.1	CAK9310332.1, CAK9310333.1
OG0000401	CAK9310340.1, CAK9310341.1	CAK9310340.1, CAK9310341.1
OG0000402	CAK9310356.1, CAK9317571.1	CAK9310356.1, CAK9317571.1
OG0000403	CAK9310358.1, CAK9326510.1	CAK9310358.1, CAK9326510.1
OG0000404	CAK9310379.1, CAK9324547.1	CAK9310379.1, CAK9324547.1
OG0000405	CAK9310433.1, CAK9323495.1	CAK9310433.1, CAK9323495.1
OG0000406	CAK9310440.1, CAK9310441.1	CAK9310440.1, CAK9310441.1
OG0000407	CAK9310442.1, CAK9310443.1	CAK9310442.1, CAK9310443.1
OG0000408	CAK9310463.1, CAK9310464.1	CAK9310463.1, CAK9310464.1
OG0000409	CAK9310467.1, CAK9324618.1	CAK9310467.1, CAK9324618.1
OG0000410	CAK9310480.1, CAK9318869.1	CAK9310480.1, CAK9318869.1
OG0000411	CAK9310481.1, CAK9324628.1	CAK9310481.1, CAK9324628.1
OG0000412	CAK9310486.1, CAK9324629.1	CAK9310486.1, CAK9324629.1
OG0000413	CAK9310491.1, CAK9310492.1	CAK9310491.1, CAK9310492.1
OG0000414	CAK9310494.1, CAK9324632.1	CAK9310494.1, CAK9324632.1
OG0000415	CAK9310508.1, CAK9311110.1	CAK9310508.1, CAK9311110.1
OG0000416	CAK9310515.1, CAK9328633.1	CAK9310515.1, CAK9328633.1
OG0000417	CAK9310532.1, CAK9324781.1	CAK9310532.1, CAK9324781.1
OG0000418	CAK9310534.1, CAK9325849.1	CAK9310534.1, CAK9325849.1
OG0000419	CAK9310550.1, CAK9324754.1	CAK9310550.1, CAK9324754.1
OG0000420	CAK9310573.1, CAK9324766.1	CAK9310573.1, CAK9324766.1
OG0000421	CAK9310596.1, CAK9326735.1	CAK9310596.1, CAK9326735.1
OG0000422	CAK9310598.1, CAK9328199.1	CAK9310598.1, CAK9328199.1
OG0000423	CAK9310613.1, CAK9324712.1	CAK9310613.1, CAK9324712.1
OG0000424	CAK9310628.1, CAK9324693.1	CAK9310628.1, CAK9324693.1
OG0000425	CAK9310637.1, CAK9310639.1	CAK9310637.1, CAK9310639.1
OG0000426	CAK9310640.1, CAK9324684.1	CAK9310640.1, CAK9324684.1
OG0000427	CAK9310646.1, CAK9324676.1	CAK9310646.1, CAK9324676.1
OG0000428	CAK9310647.1, CAK9324673.1	CAK9310647.1, CAK9324673.1
OG0000429	CAK9310680.1, CAK9324644.1	CAK9310680.1, CAK9324644.1
OG0000430	CAK9310707.1, CAK9318157.1	CAK9310707.1, CAK9318157.1
OG0000431	CAK9310710.1, CAK9321249.1	CAK9310710.1, CAK9321249.1
OG0000432	CAK9310721.1, CAK9310723.1	CAK9310721.1, CAK9310723.1
OG0000433	CAK9310738.1, CAK9318195.1	CAK9310738.1, CAK9318195.1
OG0000434	CAK9310758.1, CAK9310759.1	CAK9310758.1, CAK9310759.1
OG0000435	CAK9310771.1, CAK9324127.1	CAK9310771.1, CAK9324127.1
OG0000436	CAK9310772.1, CAK9321731.1	CAK9310772.1, CAK9321731.1
OG0000437	CAK9310778.1, CAK9310779.1	CAK9310778.1, CAK9310779.1
OG0000438	CAK9310800.1, CAK9322413.1	CAK9310800.1, CAK9322413.1
OG0000439	CAK9310808.1, CAK9310809.1	CAK9310808.1, CAK9310809.1
OG0000440	CAK9310842.1, CAK9321419.1	CAK9310842.1, CAK9321419.1
OG0000441	CAK9310863.1, CAK9324483.1	CAK9310863.1, CAK9324483.1
OG0000442	CAK9310886.1, CAK9324829.1	CAK9310886.1, CAK9324829.1
OG0000443	CAK9310887.1, CAK9324827.1	CAK9310887.1, CAK9324827.1
OG0000444	CAK9310895.1, CAK9324818.1	CAK9310895.1, CAK9324818.1
OG0000445	CAK9310915.1, CAK9324129.1	CAK9310915.1, CAK9324129.1
OG0000446	CAK9310926.1, CAK9324143.1	CAK9310926.1, CAK9324143.1
OG0000447	CAK9310938.1, CAK9316199.1	CAK9310938.1, CAK9316199.1
OG0000448	CAK9310944.1, CAK9328841.1	CAK9310944.1, CAK9328841.1
OG0000449	CAK9310947.1, CAK9328843.1	CAK9310947.1, CAK9328843.1
OG0000450	CAK9310968.1, CAK9319612.1	CAK9310968.1, CAK9319612.1
OG0000451	CAK9310970.1, CAK9311143.1	CAK9310970.1, CAK9311143.1
OG0000452	CAK9310992.1, CAK9321687.1	CAK9310992.1, CAK9321687.1
OG0000453	CAK9311004.1, CAK9319025.1	CAK9311004.1, CAK9319025.1
OG0000454	CAK9311006.1, CAK9328482.1	CAK9311006.1, CAK9328482.1
OG0000455	CAK9311018.1, CAK9321682.1	CAK9311018.1, CAK9321682.1
OG0000456	CAK9311021.1, CAK9311022.1	CAK9311021.1, CAK9311022.1
OG0000457	CAK9311024.1, CAK9311025.1	CAK9311024.1, CAK9311025.1
OG0000458	CAK9311028.1, CAK9321675.1	CAK9311028.1, CAK9321675.1
OG0000459	CAK9311036.1, CAK9318997.1	CAK9311036.1, CAK9318997.1
OG0000460	CAK9311039.1, CAK9321668.1	CAK9311039.1, CAK9321668.1
OG0000461	CAK9311042.1, CAK9321658.1	CAK9311042.1, CAK9321658.1
OG0000462	CAK9311048.1, CAK9318982.1	CAK9311048.1, CAK9318982.1
OG0000463	CAK9311061.1, CAK9311063.1	CAK9311061.1, CAK9311063.1
OG0000464	CAK9311081.1, CAK9321628.1	CAK9311081.1, CAK9321628.1
OG0000465	CAK9311084.1, CAK9321625.1	CAK9311084.1, CAK9321625.1
OG0000466	CAK9311126.1, CAK9311128.1	CAK9311126.1, CAK9311128.1
OG0000467	CAK9311129.1, CAK9311130.1	CAK9311129.1, CAK9311130.1
OG0000468	CAK9311146.1, CAK9318261.1	CAK9311146.1, CAK9318261.1
OG0000469	CAK9311158.1, CAK9318258.1	CAK9311158.1, CAK9318258.1
OG0000470	CAK9311188.1, CAK9325043.1	CAK9311188.1, CAK9325043.1
OG0000471	CAK9311217.1, CAK9318347.1	CAK9311217.1, CAK9318347.1
OG0000472	CAK9311221.1, CAK9318349.1	CAK9311221.1, CAK9318349.1
OG0000473	CAK9311242.1, CAK9328164.1	CAK9311242.1, CAK9328164.1
OG0000474	CAK9311276.1, CAK9316884.1	CAK9311276.1, CAK9316884.1
OG0000475	CAK9311292.1, CAK9326495.1	CAK9311292.1, CAK9326495.1
OG0000476	CAK9311293.1, CAK9316904.1	CAK9311293.1, CAK9316904.1
OG0000477	CAK9311300.1, CAK9324021.1	CAK9311300.1, CAK9324021.1
OG0000478	CAK9311311.1, CAK9316917.1	CAK9311311.1, CAK9316917.1
OG0000479	CAK9311318.1, CAK9319700.1	CAK9311318.1, CAK9319700.1
OG0000480	CAK9311356.1, CAK9311358.1	CAK9311356.1, CAK9311358.1
OG0000481	CAK9311363.1, CAK9311365.1	CAK9311363.1, CAK9311365.1
OG0000482	CAK9311369.1, CAK9326778.1	CAK9311369.1, CAK9326778.1
OG0000483	CAK9311375.1, CAK9324075.1	CAK9311375.1, CAK9324075.1
OG0000484	CAK9311383.1, CAK9312327.1	CAK9311383.1, CAK9312327.1
OG0000485	CAK9311420.1, CAK9324899.1	CAK9311420.1, CAK9324899.1
OG0000486	CAK9311444.1, CAK9316808.1	CAK9311444.1, CAK9316808.1
OG0000487	CAK9311451.1, CAK9322764.1	CAK9311451.1, CAK9322764.1
OG0000488	CAK9311454.1, CAK9316432.1	CAK9311454.1, CAK9316432.1
OG0000489	CAK9311463.1, CAK9311464.1	CAK9311463.1, CAK9311464.1
OG0000490	CAK9311478.1, CAK9319542.1	CAK9311478.1, CAK9319542.1
OG0000491	CAK9311484.1, CAK9311485.1	CAK9311484.1, CAK9311485.1
OG0000492	CAK9311493.1, CAK9328643.1	CAK9311493.1, CAK9328643.1
OG0000493	CAK9311496.1, CAK9317868.1	CAK9311496.1, CAK9317868.1
OG0000494	CAK9311520.1, CAK9322726.1	CAK9311520.1, CAK9322726.1
OG0000495	CAK9311524.1, CAK9323116.1	CAK9311524.1, CAK9323116.1
OG0000496	CAK9311541.1, CAK9318454.1	CAK9311541.1, CAK9318454.1
OG0000497	CAK9311542.1, CAK9311543.1	CAK9311542.1, CAK9311543.1
OG0000498	CAK9311552.1, CAK9312306.1	CAK9311552.1, CAK9312306.1
OG0000499	CAK9311580.1, CAK9315715.1	CAK9311580.1, CAK9315715.1
OG0000500	CAK9311584.1, CAK9324004.1	CAK9311584.1, CAK9324004.1
OG0000501	CAK9311592.1, CAK9321288.1	CAK9311592.1, CAK9321288.1
OG0000502	CAK9311646.1, CAK9311647.1	CAK9311646.1, CAK9311647.1
OG0000503	CAK9311673.1, CAK9316198.1	CAK9311673.1, CAK9316198.1
OG0000504	CAK9311676.1, CAK9320888.1	CAK9311676.1, CAK9320888.1
OG0000505	CAK9311682.1, CAK9314720.1	CAK9311682.1, CAK9314720.1
OG0000506	CAK9311690.1, CAK9321809.1	CAK9311690.1, CAK9321809.1
OG0000507	CAK9311697.1, CAK9313595.1	CAK9311697.1, CAK9313595.1
OG0000508	CAK9311698.1, CAK9320876.1	CAK9311698.1, CAK9320876.1
OG0000509	CAK9311708.1, CAK9320873.1	CAK9311708.1, CAK9320873.1
OG0000510	CAK9311729.1, CAK9320868.1	CAK9311729.1, CAK9320868.1
OG0000511	CAK9311784.1, CAK9316121.1	CAK9311784.1, CAK9316121.1
OG0000512	CAK9311794.1, CAK9320847.1	CAK9311794.1, CAK9320847.1
OG0000513	CAK9311796.1, CAK9323724.1	CAK9311796.1, CAK9323724.1
OG0000514	CAK9311819.1, CAK9311821.1	CAK9311819.1, CAK9311821.1
OG0000515	CAK9311824.1, CAK9314303.1	CAK9311824.1, CAK9314303.1
OG0000516	CAK9311829.1, CAK9314307.1	CAK9311829.1, CAK9314307.1
OG0000517	CAK9311884.1, CAK9320151.1	CAK9311884.1, CAK9320151.1
OG0000518	CAK9311900.1, CAK9314331.1	CAK9311900.1, CAK9314331.1
OG0000519	CAK9311949.1, CAK9330203.1	CAK9311949.1, CAK9330203.1
OG0000520	CAK9311959.1, CAK9322322.1	CAK9311959.1, CAK9322322.1
OG0000521	CAK9311975.1, CAK9330234.1	CAK9311975.1, CAK9330234.1
OG0000522	CAK9311976.1, CAK9322551.1	CAK9311976.1, CAK9322551.1
OG0000523	CAK9311983.1, CAK9316558.1	CAK9311983.1, CAK9316558.1
OG0000524	CAK9311986.1, CAK9327162.1	CAK9311986.1, CAK9327162.1
OG0000525	CAK9311991.1, CAK9317780.1	CAK9311991.1, CAK9317780.1
OG0000526	CAK9311996.1, CAK9311997.1	CAK9311996.1, CAK9311997.1
OG0000527	CAK9312004.1, CAK9326859.1	CAK9312004.1, CAK9326859.1
OG0000528	CAK9312014.1, CAK9314357.1	CAK9312014.1, CAK9314357.1
OG0000529	CAK9312034.1, CAK9316658.1	CAK9312034.1, CAK9316658.1
OG0000530	CAK9312035.1, CAK9312036.1	CAK9312035.1, CAK9312036.1
OG0000531	CAK9312054.1, CAK9330137.1	CAK9312054.1, CAK9330137.1
OG0000532	CAK9312057.1, CAK9330134.1	CAK9312057.1, CAK9330134.1
OG0000533	CAK9312061.1, CAK9312062.1	CAK9312061.1, CAK9312062.1
OG0000534	CAK9312067.1, CAK9312068.1	CAK9312067.1, CAK9312068.1
OG0000535	CAK9312083.1, CAK9326136.1	CAK9312083.1, CAK9326136.1
OG0000536	CAK9312103.1, CAK9312189.1	CAK9312103.1, CAK9312189.1
OG0000537	CAK9312147.1, CAK9312151.1	CAK9312147.1, CAK9312151.1
OG0000538	CAK9312153.1, CAK9312154.1	CAK9312153.1, CAK9312154.1
OG0000539	CAK9312163.1, CAK9329980.1	CAK9312163.1, CAK9329980.1
OG0000540	CAK9312166.1, CAK9329985.1	CAK9312166.1, CAK9329985.1
OG0000541	CAK9312195.1, CAK9330034.1	CAK9312195.1, CAK9330034.1
OG0000542	CAK9312250.1, CAK9330091.1	CAK9312250.1, CAK9330091.1
OG0000543	CAK9312264.1, CAK9330114.1	CAK9312264.1, CAK9330114.1
OG0000544	CAK9312282.1, CAK9312283.1	CAK9312282.1, CAK9312283.1
OG0000545	CAK9312314.1, CAK9317905.1	CAK9312314.1, CAK9317905.1
OG0000546	CAK9312361.1, CAK9328450.1	CAK9312361.1, CAK9328450.1
OG0000547	CAK9312373.1, CAK9316569.1	CAK9312373.1, CAK9316569.1
OG0000548	CAK9312401.1, CAK9312402.1	CAK9312401.1, CAK9312402.1
OG0000549	CAK9312412.1, CAK9316505.1	CAK9312412.1, CAK9316505.1
OG0000550	CAK9312422.1, CAK9326201.1	CAK9312422.1, CAK9326201.1
OG0000551	CAK9312433.1, CAK9312434.1	CAK9312433.1, CAK9312434.1
OG0000552	CAK9312441.1, CAK9325996.1	CAK9312441.1, CAK9325996.1
OG0000553	CAK9312463.1, CAK9328241.1	CAK9312463.1, CAK9328241.1
OG0000554	CAK9312468.1, CAK9328248.1	CAK9312468.1, CAK9328248.1
OG0000555	CAK9312491.1, CAK9316466.1	CAK9312491.1, CAK9316466.1
OG0000556	CAK9312502.1, CAK9316455.1	CAK9312502.1, CAK9316455.1
OG0000557	CAK9312558.1, CAK9312559.1	CAK9312558.1, CAK9312559.1
OG0000558	CAK9312572.1, CAK9317155.1	CAK9312572.1, CAK9317155.1
OG0000559	CAK9312589.1, CAK9312590.1	CAK9312589.1, CAK9312590.1
OG0000560	CAK9312597.1, CAK9317171.1	CAK9312597.1, CAK9317171.1
OG0000561	CAK9312631.1, CAK9317220.1	CAK9312631.1, CAK9317220.1
OG0000562	CAK9312636.1, CAK9312637.1	CAK9312636.1, CAK9312637.1
OG0000563	CAK9312641.1, CAK9312644.1	CAK9312641.1, CAK9312644.1
OG0000564	CAK9312659.1, CAK9317246.1	CAK9312659.1, CAK9317246.1
OG0000565	CAK9312663.1, CAK9326454.1	CAK9312663.1, CAK9326454.1
OG0000566	CAK9312680.1, CAK9324209.1	CAK9312680.1, CAK9324209.1
OG0000567	CAK9312684.1, CAK9312685.1	CAK9312684.1, CAK9312685.1
OG0000568	CAK9312694.1, CAK9315915.1	CAK9312694.1, CAK9315915.1
OG0000569	CAK9312695.1, CAK9317281.1	CAK9312695.1, CAK9317281.1
OG0000570	CAK9312699.1, CAK9315918.1	CAK9312699.1, CAK9315918.1
OG0000571	CAK9312708.1, CAK9312727.1	CAK9312708.1, CAK9312727.1
OG0000572	CAK9312722.1, CAK9312723.1	CAK9312722.1, CAK9312723.1
OG0000573	CAK9312731.1, CAK9312732.1	CAK9312731.1, CAK9312732.1
OG0000574	CAK9312760.1, CAK9320788.1	CAK9312760.1, CAK9320788.1
OG0000575	CAK9312794.1, CAK9312796.1	CAK9312794.1, CAK9312796.1
OG0000576	CAK9312798.1, CAK9317515.1	CAK9312798.1, CAK9317515.1
OG0000577	CAK9312803.1, CAK9317512.1	CAK9312803.1, CAK9317512.1
OG0000578	CAK9312807.1, CAK9317506.1	CAK9312807.1, CAK9317506.1
OG0000579	CAK9312811.1, CAK9312812.1	CAK9312811.1, CAK9312812.1
OG0000580	CAK9312813.1, CAK9316076.1	CAK9312813.1, CAK9316076.1
OG0000581	CAK9312825.1, CAK9317476.1	CAK9312825.1, CAK9317476.1
OG0000582	CAK9312835.1, CAK9317464.1	CAK9312835.1, CAK9317464.1
OG0000583	CAK9312856.1, CAK9312857.1	CAK9312856.1, CAK9312857.1
OG0000584	CAK9312859.1, CAK9317448.1	CAK9312859.1, CAK9317448.1
OG0000585	CAK9312909.1, CAK9324342.1	CAK9312909.1, CAK9324342.1
OG0000586	CAK9312911.1, CAK9316481.1	CAK9312911.1, CAK9316481.1
OG0000587	CAK9312996.1, CAK9320554.1	CAK9312996.1, CAK9320554.1
OG0000588	CAK9313005.1, CAK9320546.1	CAK9313005.1, CAK9320546.1
OG0000589	CAK9313008.1, CAK9325557.1	CAK9313008.1, CAK9325557.1
OG0000590	CAK9313053.1, CAK9325588.1	CAK9313053.1, CAK9325588.1
OG0000591	CAK9313060.1, CAK9319201.1	CAK9313060.1, CAK9319201.1
OG0000592	CAK9313063.1, CAK9325594.1	CAK9313063.1, CAK9325594.1
OG0000593	CAK9313087.1, CAK9325473.1	CAK9313087.1, CAK9325473.1
OG0000594	CAK9313101.1, CAK9313825.1	CAK9313101.1, CAK9313825.1
OG0000595	CAK9313102.1, CAK9313824.1	CAK9313102.1, CAK9313824.1
OG0000596	CAK9313103.1, CAK9313823.1	CAK9313103.1, CAK9313823.1
OG0000597	CAK9313112.1, CAK9316423.1	CAK9313112.1, CAK9316423.1
OG0000598	CAK9313118.1, CAK9314233.1	CAK9313118.1, CAK9314233.1
OG0000599	CAK9313120.1, CAK9316787.1	CAK9313120.1, CAK9316787.1
OG0000600	CAK9313140.1, CAK9330298.1	CAK9313140.1, CAK9330298.1
OG0000601	CAK9313159.1, CAK9324650.1	CAK9313159.1, CAK9324650.1
OG0000602	CAK9313170.1, CAK9325665.1	CAK9313170.1, CAK9325665.1
OG0000603	CAK9313177.1, CAK9325638.1	CAK9313177.1, CAK9325638.1
OG0000604	CAK9313201.1, CAK9328926.1	CAK9313201.1, CAK9328926.1
OG0000605	CAK9313229.1, CAK9316040.1	CAK9313229.1, CAK9316040.1
OG0000606	CAK9313293.1, CAK9322639.1	CAK9313293.1, CAK9322639.1
OG0000607	CAK9313298.1, CAK9330143.1	CAK9313298.1, CAK9330143.1
OG0000608	CAK9313353.1, CAK9323008.1	CAK9313353.1, CAK9323008.1
OG0000609	CAK9313368.1, CAK9315564.1	CAK9313368.1, CAK9315564.1
OG0000610	CAK9313377.1, CAK9316982.1	CAK9313377.1, CAK9316982.1
OG0000611	CAK9313404.1, CAK9317008.1	CAK9313404.1, CAK9317008.1
OG0000612	CAK9313427.1, CAK9323174.1	CAK9313427.1, CAK9323174.1
OG0000613	CAK9313429.1, CAK9317028.1	CAK9313429.1, CAK9317028.1
OG0000614	CAK9313438.1, CAK9317036.1	CAK9313438.1, CAK9317036.1
OG0000615	CAK9313444.1, CAK9317042.1	CAK9313444.1, CAK9317042.1
OG0000616	CAK9313446.1, CAK9316643.1	CAK9313446.1, CAK9316643.1
OG0000617	CAK9313450.1, CAK9320290.1	CAK9313450.1, CAK9320290.1
OG0000618	CAK9313455.1, CAK9316310.1	CAK9313455.1, CAK9316310.1
OG0000619	CAK9313476.1, CAK9313822.1	CAK9313476.1, CAK9313822.1
OG0000620	CAK9313522.1, CAK9320254.1	CAK9313522.1, CAK9320254.1
OG0000621	CAK9313554.1, CAK9313555.1	CAK9313554.1, CAK9313555.1
OG0000622	CAK9313586.1, CAK9324891.1	CAK9313586.1, CAK9324891.1
OG0000623	CAK9313594.1, CAK9328074.1	CAK9313594.1, CAK9328074.1
OG0000624	CAK9313633.1, CAK9316858.1	CAK9313633.1, CAK9316858.1
OG0000625	CAK9313693.1, CAK9326034.1	CAK9313693.1, CAK9326034.1
OG0000626	CAK9313722.1, CAK9313764.1	CAK9313722.1, CAK9313764.1
OG0000627	CAK9313781.1, CAK9316374.1	CAK9313781.1, CAK9316374.1
OG0000628	CAK9313812.1, CAK9326899.1	CAK9313812.1, CAK9326899.1
OG0000629	CAK9313820.1, CAK9313821.1	CAK9313820.1, CAK9313821.1
OG0000630	CAK9313828.1, CAK9320279.1	CAK9313828.1, CAK9320279.1
OG0000631	CAK9313830.1, CAK9324762.1	CAK9313830.1, CAK9324762.1
OG0000632	CAK9313835.1, CAK9318450.1	CAK9313835.1, CAK9318450.1
OG0000633	CAK9313845.1, CAK9323142.1	CAK9313845.1, CAK9323142.1
OG0000634	CAK9313870.1, CAK9325684.1	CAK9313870.1, CAK9325684.1
OG0000635	CAK9313903.1, CAK9313904.1	CAK9313903.1, CAK9313904.1
OG0000636	CAK9313908.1, CAK9327642.1	CAK9313908.1, CAK9327642.1
OG0000637	CAK9313910.1, CAK9327643.1	CAK9313910.1, CAK9327643.1
OG0000638	CAK9313918.1, CAK9326101.1	CAK9313918.1, CAK9326101.1
OG0000639	CAK9313926.1, CAK9313928.1	CAK9313926.1, CAK9313928.1
OG0000640	CAK9313947.1, CAK9313952.1	CAK9313947.1, CAK9313952.1
OG0000641	CAK9313968.1, CAK9316696.1	CAK9313968.1, CAK9316696.1
OG0000642	CAK9313986.1, CAK9316695.1	CAK9313986.1, CAK9316695.1
OG0000643	CAK9314055.1, CAK9319257.1	CAK9314055.1, CAK9319257.1
OG0000644	CAK9314064.1, CAK9325726.1	CAK9314064.1, CAK9325726.1
OG0000645	CAK9314075.1, CAK9328123.1	CAK9314075.1, CAK9328123.1
OG0000646	CAK9314078.1, CAK9319735.1	CAK9314078.1, CAK9319735.1
OG0000647	CAK9314080.1, CAK9314082.1	CAK9314080.1, CAK9314082.1
OG0000648	CAK9314096.1, CAK9322564.1	CAK9314096.1, CAK9322564.1
OG0000649	CAK9314101.1, CAK9314102.1	CAK9314101.1, CAK9314102.1
OG0000650	CAK9314108.1, CAK9322938.1	CAK9314108.1, CAK9322938.1
OG0000651	CAK9314123.1, CAK9329589.1	CAK9314123.1, CAK9329589.1
OG0000652	CAK9314138.1, CAK9314139.1	CAK9314138.1, CAK9314139.1
OG0000653	CAK9314143.1, CAK9314144.1	CAK9314143.1, CAK9314144.1
OG0000654	CAK9314207.1, CAK9314213.1	CAK9314207.1, CAK9314213.1
OG0000655	CAK9314209.1, CAK9322371.1	CAK9314209.1, CAK9322371.1
OG0000656	CAK9314216.1, CAK9328002.1	CAK9314216.1, CAK9328002.1
OG0000657	CAK9314223.1, CAK9327988.1	CAK9314223.1, CAK9327988.1
OG0000658	CAK9314225.1, CAK9327974.1	CAK9314225.1, CAK9327974.1
OG0000659	CAK9314273.1, CAK9327915.1	CAK9314273.1, CAK9327915.1
OG0000660	CAK9314310.1, CAK9314311.1	CAK9314310.1, CAK9314311.1
OG0000661	CAK9314326.1, CAK9320149.1	CAK9314326.1, CAK9320149.1
OG0000662	CAK9314351.1, CAK9314353.1	CAK9314351.1, CAK9314353.1
OG0000663	CAK9314370.1, CAK9327146.1	CAK9314370.1, CAK9327146.1
OG0000664	CAK9314410.1, CAK9327098.1	CAK9314410.1, CAK9327098.1
OG0000665	CAK9314416.1, CAK9323187.1	CAK9314416.1, CAK9323187.1
OG0000666	CAK9314418.1, CAK9327102.1	CAK9314418.1, CAK9327102.1
OG0000667	CAK9314435.1, CAK9327117.1	CAK9314435.1, CAK9327117.1
OG0000668	CAK9314451.1, CAK9327080.1	CAK9314451.1, CAK9327080.1
OG0000669	CAK9314470.1, CAK9315251.1	CAK9314470.1, CAK9315251.1
OG0000670	CAK9314473.1, CAK9327050.1	CAK9314473.1, CAK9327050.1
OG0000671	CAK9314509.1, CAK9319646.1	CAK9314509.1, CAK9319646.1
OG0000672	CAK9314511.1, CAK9319648.1	CAK9314511.1, CAK9319648.1
OG0000673	CAK9314520.1, CAK9327017.1	CAK9314520.1, CAK9327017.1
OG0000674	CAK9314524.1, CAK9319967.1	CAK9314524.1, CAK9319967.1
OG0000675	CAK9314543.1, CAK9326982.1	CAK9314543.1, CAK9326982.1
OG0000676	CAK9314544.1, CAK9323820.1	CAK9314544.1, CAK9323820.1
OG0000677	CAK9314545.1, CAK9319898.1	CAK9314545.1, CAK9319898.1
OG0000678	CAK9314552.1, CAK9330087.1	CAK9314552.1, CAK9330087.1
OG0000679	CAK9314570.1, CAK9323354.1	CAK9314570.1, CAK9323354.1
OG0000680	CAK9314591.1, CAK9314594.1	CAK9314591.1, CAK9314594.1
OG0000681	CAK9314611.1, CAK9314612.1	CAK9314611.1, CAK9314612.1
OG0000682	CAK9314630.1, CAK9326884.1	CAK9314630.1, CAK9326884.1
OG0000683	CAK9314700.1, CAK9321710.1	CAK9314700.1, CAK9321710.1
OG0000684	CAK9314727.1, CAK9327515.1	CAK9314727.1, CAK9327515.1
OG0000685	CAK9314742.1, CAK9323704.1	CAK9314742.1, CAK9323704.1
OG0000686	CAK9314765.1, CAK9327433.1	CAK9314765.1, CAK9327433.1
OG0000687	CAK9314776.1, CAK9323737.1	CAK9314776.1, CAK9323737.1
OG0000688	CAK9314780.1, CAK9325181.1	CAK9314780.1, CAK9325181.1
OG0000689	CAK9314785.1, CAK9314786.1	CAK9314785.1, CAK9314786.1
OG0000690	CAK9314787.1, CAK9316291.1	CAK9314787.1, CAK9316291.1
OG0000691	CAK9314823.1, CAK9329727.1	CAK9314823.1, CAK9329727.1
OG0000692	CAK9314831.1, CAK9329468.1	CAK9314831.1, CAK9329468.1
OG0000693	CAK9314863.1, CAK9314864.1	CAK9314863.1, CAK9314864.1
OG0000694	CAK9314866.1, CAK9330199.1	CAK9314866.1, CAK9330199.1
OG0000695	CAK9314889.1, CAK9329436.1	CAK9314889.1, CAK9329436.1
OG0000696	CAK9314926.1, CAK9318751.1	CAK9314926.1, CAK9318751.1
OG0000697	CAK9314935.1, CAK9314936.1	CAK9314935.1, CAK9314936.1
OG0000698	CAK9314939.1, CAK9328356.1	CAK9314939.1, CAK9328356.1
OG0000699	CAK9314944.1, CAK9321845.1	CAK9314944.1, CAK9321845.1
OG0000700	CAK9314996.1, CAK9328399.1	CAK9314996.1, CAK9328399.1
OG0000701	CAK9314999.1, CAK9328392.1	CAK9314999.1, CAK9328392.1
OG0000702	CAK9315000.1, CAK9315001.1	CAK9315000.1, CAK9315001.1
OG0000703	CAK9315020.1, CAK9329663.1	CAK9315020.1, CAK9329663.1
OG0000704	CAK9315047.1, CAK9318453.1	CAK9315047.1, CAK9318453.1
OG0000705	CAK9315054.1, CAK9315056.1	CAK9315054.1, CAK9315056.1
OG0000706	CAK9315074.1, CAK9315075.1	CAK9315074.1, CAK9315075.1
OG0000707	CAK9315080.1, CAK9322623.1	CAK9315080.1, CAK9322623.1
OG0000708	CAK9315086.1, CAK9329747.1	CAK9315086.1, CAK9329747.1
OG0000709	CAK9315122.1, CAK9315216.1	CAK9315122.1, CAK9315216.1
OG0000710	CAK9315131.1, CAK9322713.1	CAK9315131.1, CAK9322713.1
OG0000711	CAK9315168.1, CAK9327288.1	CAK9315168.1, CAK9327288.1
OG0000712	CAK9315195.1, CAK9320356.1	CAK9315195.1, CAK9320356.1
OG0000713	CAK9315210.1, CAK9315211.1	CAK9315210.1, CAK9315211.1
OG0000714	CAK9315240.1, CAK9320467.1	CAK9315240.1, CAK9320467.1
OG0000715	CAK9315242.1, CAK9315245.1	CAK9315242.1, CAK9315245.1
OG0000716	CAK9315249.1, CAK9320294.1	CAK9315249.1, CAK9320294.1
OG0000717	CAK9315252.1, CAK9320388.1	CAK9315252.1, CAK9320388.1
OG0000718	CAK9315262.1, CAK9320435.1	CAK9315262.1, CAK9320435.1
OG0000719	CAK9315280.1, CAK9323501.1	CAK9315280.1, CAK9323501.1
OG0000720	CAK9315289.1, CAK9320448.1	CAK9315289.1, CAK9320448.1
OG0000721	CAK9315291.1, CAK9326447.1	CAK9315291.1, CAK9326447.1
OG0000722	CAK9315330.1, CAK9315980.1	CAK9315330.1, CAK9315980.1
OG0000723	CAK9315346.1, CAK9315348.1	CAK9315346.1, CAK9315348.1
OG0000724	CAK9315347.1, CAK9315349.1	CAK9315347.1, CAK9315349.1
OG0000725	CAK9315383.1, CAK9316259.1	CAK9315383.1, CAK9316259.1
OG0000726	CAK9315424.1, CAK9325076.1	CAK9315424.1, CAK9325076.1
OG0000727	CAK9315434.1, CAK9316070.1	CAK9315434.1, CAK9316070.1
OG0000728	CAK9315446.1, CAK9320811.1	CAK9315446.1, CAK9320811.1
OG0000729	CAK9315451.1, CAK9316068.1	CAK9315451.1, CAK9316068.1
OG0000730	CAK9315468.1, CAK9316059.1	CAK9315468.1, CAK9316059.1
OG0000731	CAK9315473.1, CAK9325125.1	CAK9315473.1, CAK9325125.1
OG0000732	CAK9315487.1, CAK9315488.1	CAK9315487.1, CAK9315488.1
OG0000733	CAK9315512.1, CAK9316142.1	CAK9315512.1, CAK9316142.1
OG0000734	CAK9315542.1, CAK9315543.1	CAK9315542.1, CAK9315543.1
OG0000735	CAK9315560.1, CAK9318351.1	CAK9315560.1, CAK9318351.1
OG0000736	CAK9315572.1, CAK9315574.1	CAK9315572.1, CAK9315574.1
OG0000737	CAK9315577.1, CAK9316231.1	CAK9315577.1, CAK9316231.1
OG0000738	CAK9315601.1, CAK9315603.1	CAK9315601.1, CAK9315603.1
OG0000739	CAK9315617.1, CAK9315666.1	CAK9315617.1, CAK9315666.1
OG0000740	CAK9315623.1, CAK9320416.1	CAK9315623.1, CAK9320416.1
OG0000741	CAK9315639.1, CAK9315640.1	CAK9315639.1, CAK9315640.1
OG0000742	CAK9315648.1, CAK9319732.1	CAK9315648.1, CAK9319732.1
OG0000743	CAK9315682.1, CAK9315685.1	CAK9315682.1, CAK9315685.1
OG0000744	CAK9315692.1, CAK9315693.1	CAK9315692.1, CAK9315693.1
OG0000745	CAK9315716.1, CAK9322828.1	CAK9315716.1, CAK9322828.1
OG0000746	CAK9315761.1, CAK9315763.1	CAK9315761.1, CAK9315763.1
OG0000747	CAK9315765.1, CAK9315766.1	CAK9315765.1, CAK9315766.1
OG0000748	CAK9315768.1, CAK9318041.1	CAK9315768.1, CAK9318041.1
OG0000749	CAK9315788.1, CAK9318054.1	CAK9315788.1, CAK9318054.1
OG0000750	CAK9315800.1, CAK9318064.1	CAK9315800.1, CAK9318064.1
OG0000751	CAK9315840.1, CAK9315841.1	CAK9315840.1, CAK9315841.1
OG0000752	CAK9315842.1, CAK9330124.1	CAK9315842.1, CAK9330124.1
OG0000753	CAK9315858.1, CAK9317223.1	CAK9315858.1, CAK9317223.1
OG0000754	CAK9315866.1, CAK9315867.1	CAK9315866.1, CAK9315867.1
OG0000755	CAK9315869.1, CAK9326431.1	CAK9315869.1, CAK9326431.1
OG0000756	CAK9315880.1, CAK9326438.1	CAK9315880.1, CAK9326438.1
OG0000757	CAK9315887.1, CAK9315888.1	CAK9315887.1, CAK9315888.1
OG0000758	CAK9315924.1, CAK9326484.1	CAK9315924.1, CAK9326484.1
OG0000759	CAK9315934.1, CAK9326497.1	CAK9315934.1, CAK9326497.1
OG0000760	CAK9315942.1, CAK9315944.1	CAK9315942.1, CAK9315944.1
OG0000761	CAK9315971.1, CAK9329461.1	CAK9315971.1, CAK9329461.1
OG0000762	CAK9316000.1, CAK9328516.1	CAK9316000.1, CAK9328516.1
OG0000763	CAK9316025.1, CAK9316032.1	CAK9316025.1, CAK9316032.1
OG0000764	CAK9316027.1, CAK9316028.1	CAK9316027.1, CAK9316028.1
OG0000765	CAK9316052.1, CAK9316054.1	CAK9316052.1, CAK9316054.1
OG0000766	CAK9316083.1, CAK9325099.1	CAK9316083.1, CAK9325099.1
OG0000767	CAK9316150.1, CAK9316197.1	CAK9316150.1, CAK9316197.1
OG0000768	CAK9316171.1, CAK9324892.1	CAK9316171.1, CAK9324892.1
OG0000769	CAK9316181.1, CAK9327654.1	CAK9316181.1, CAK9327654.1
OG0000770	CAK9316222.1, CAK9320785.1	CAK9316222.1, CAK9320785.1
OG0000771	CAK9316237.1, CAK9316238.1	CAK9316237.1, CAK9316238.1
OG0000772	CAK9316297.1, CAK9316299.1	CAK9316297.1, CAK9316299.1
OG0000773	CAK9316304.1, CAK9320313.1	CAK9316304.1, CAK9320313.1
OG0000774	CAK9316313.1, CAK9320285.1	CAK9316313.1, CAK9320285.1
OG0000775	CAK9316322.1, CAK9316323.1	CAK9316322.1, CAK9316323.1
OG0000776	CAK9316325.1, CAK9316326.1	CAK9316325.1, CAK9316326.1
OG0000777	CAK9316392.1, CAK9319071.1	CAK9316392.1, CAK9319071.1
OG0000778	CAK9316394.1, CAK9318125.1	CAK9316394.1, CAK9318125.1
OG0000779	CAK9316416.1, CAK9317718.1	CAK9316416.1, CAK9317718.1
OG0000780	CAK9316448.1, CAK9316449.1	CAK9316448.1, CAK9316449.1
OG0000781	CAK9316454.1, CAK9319515.1	CAK9316454.1, CAK9319515.1
OG0000782	CAK9316486.1, CAK9322067.1	CAK9316486.1, CAK9322067.1
OG0000783	CAK9316498.1, CAK9316499.1	CAK9316498.1, CAK9316499.1
OG0000784	CAK9316528.1, CAK9316529.1	CAK9316528.1, CAK9316529.1
OG0000785	CAK9316575.1, CAK9316576.1	CAK9316575.1, CAK9316576.1
OG0000786	CAK9316700.1, CAK9325981.1	CAK9316700.1, CAK9325981.1
OG0000787	CAK9316753.1, CAK9324101.1	CAK9316753.1, CAK9324101.1
OG0000788	CAK9316756.1, CAK9316775.1	CAK9316756.1, CAK9316775.1
OG0000789	CAK9316778.1, CAK9316780.1	CAK9316778.1, CAK9316780.1
OG0000790	CAK9316791.1, CAK9316792.1	CAK9316791.1, CAK9316792.1
OG0000791	CAK9316793.1, CAK9326380.1	CAK9316793.1, CAK9326380.1
OG0000792	CAK9316806.1, CAK9330032.1	CAK9316806.1, CAK9330032.1
OG0000793	CAK9316818.1, CAK9316819.1	CAK9316818.1, CAK9316819.1
OG0000794	CAK9316924.1, CAK9321948.1	CAK9316924.1, CAK9321948.1
OG0000795	CAK9316946.1, CAK9327908.1	CAK9316946.1, CAK9327908.1
OG0000796	CAK9316954.1, CAK9320208.1	CAK9316954.1, CAK9320208.1
OG0000797	CAK9316963.1, CAK9317303.1	CAK9316963.1, CAK9317303.1
OG0000798	CAK9316964.1, CAK9317304.1	CAK9316964.1, CAK9317304.1
OG0000799	CAK9316988.1, CAK9316989.1	CAK9316988.1, CAK9316989.1
OG0000800	CAK9317009.1, CAK9320625.1	CAK9317009.1, CAK9320625.1
OG0000801	CAK9317055.1, CAK9320044.1	CAK9317055.1, CAK9320044.1
OG0000802	CAK9317070.1, CAK9317072.1	CAK9317070.1, CAK9317072.1
OG0000803	CAK9317081.1, CAK9320468.1	CAK9317081.1, CAK9320468.1
OG0000804	CAK9317095.1, CAK9322215.1	CAK9317095.1, CAK9322215.1
OG0000805	CAK9317138.1, CAK9317139.1	CAK9317138.1, CAK9317139.1
OG0000806	CAK9317147.1, CAK9317148.1	CAK9317147.1, CAK9317148.1
OG0000807	CAK9317159.1, CAK9318070.1	CAK9317159.1, CAK9318070.1
OG0000808	CAK9317184.1, CAK9317185.1	CAK9317184.1, CAK9317185.1
OG0000809	CAK9317241.1, CAK9323085.1	CAK9317241.1, CAK9323085.1
OG0000810	CAK9317263.1, CAK9326457.1	CAK9317263.1, CAK9326457.1
OG0000811	CAK9317340.1, CAK9328211.1	CAK9317340.1, CAK9328211.1
OG0000812	CAK9317382.1, CAK9317383.1	CAK9317382.1, CAK9317383.1
OG0000813	CAK9317396.1, CAK9317401.1	CAK9317396.1, CAK9317401.1
OG0000814	CAK9317488.1, CAK9329642.1	CAK9317488.1, CAK9329642.1
OG0000815	CAK9317492.1, CAK9326549.1	CAK9317492.1, CAK9326549.1
OG0000816	CAK9317524.1, CAK9317719.1	CAK9317524.1, CAK9317719.1
OG0000817	CAK9317527.1, CAK9322451.1	CAK9317527.1, CAK9322451.1
OG0000818	CAK9317594.1, CAK9317596.1	CAK9317594.1, CAK9317596.1
OG0000819	CAK9317602.1, CAK9321395.1	CAK9317602.1, CAK9321395.1
OG0000820	CAK9317637.1, CAK9325140.1	CAK9317637.1, CAK9325140.1
OG0000821	CAK9317645.1, CAK9321886.1	CAK9317645.1, CAK9321886.1
OG0000822	CAK9317655.1, CAK9320729.1	CAK9317655.1, CAK9320729.1
OG0000823	CAK9317680.1, CAK9321861.1	CAK9317680.1, CAK9321861.1
OG0000824	CAK9317700.1, CAK9317701.1	CAK9317700.1, CAK9317701.1
OG0000825	CAK9317730.1, CAK9326161.1	CAK9317730.1, CAK9326161.1
OG0000826	CAK9317748.1, CAK9326416.1	CAK9317748.1, CAK9326416.1
OG0000827	CAK9317759.1, CAK9317760.1	CAK9317759.1, CAK9317760.1
OG0000828	CAK9317841.1, CAK9330336.1	CAK9317841.1, CAK9330336.1
OG0000829	CAK9317854.1, CAK9329278.1	CAK9317854.1, CAK9329278.1
OG0000830	CAK9317919.1, CAK9326330.1	CAK9317919.1, CAK9326330.1
OG0000831	CAK9317970.1, CAK9317971.1	CAK9317970.1, CAK9317971.1
OG0000832	CAK9318046.1, CAK9324742.1	CAK9318046.1, CAK9324742.1
OG0000833	CAK9318057.1, CAK9322799.1	CAK9318057.1, CAK9322799.1
OG0000834	CAK9318090.1, CAK9318091.1	CAK9318090.1, CAK9318091.1
OG0000835	CAK9318141.1, CAK9325199.1	CAK9318141.1, CAK9325199.1
OG0000836	CAK9318220.1, CAK9318221.1	CAK9318220.1, CAK9318221.1
OG0000837	CAK9318363.1, CAK9326914.1	CAK9318363.1, CAK9326914.1
OG0000838	CAK9318382.1, CAK9318385.1	CAK9318382.1, CAK9318385.1
OG0000839	CAK9318395.1, CAK9328539.1	CAK9318395.1, CAK9328539.1
OG0000840	CAK9318434.1, CAK9319915.1	CAK9318434.1, CAK9319915.1
OG0000841	CAK9318435.1, CAK9319914.1	CAK9318435.1, CAK9319914.1
OG0000842	CAK9318476.1, CAK9328936.1	CAK9318476.1, CAK9328936.1
OG0000843	CAK9318477.1, CAK9324988.1	CAK9318477.1, CAK9324988.1
OG0000844	CAK9318485.1, CAK9318487.1	CAK9318485.1, CAK9318487.1
OG0000845	CAK9318506.1, CAK9328976.1	CAK9318506.1, CAK9328976.1
OG0000846	CAK9318523.1, CAK9328993.1	CAK9318523.1, CAK9328993.1
OG0000847	CAK9318534.1, CAK9329003.1	CAK9318534.1, CAK9329003.1
OG0000848	CAK9318539.1, CAK9318540.1	CAK9318539.1, CAK9318540.1
OG0000849	CAK9318567.1, CAK9318568.1	CAK9318567.1, CAK9318568.1
OG0000850	CAK9318571.1, CAK9329032.1	CAK9318571.1, CAK9329032.1
OG0000851	CAK9318574.1, CAK9329035.1	CAK9318574.1, CAK9329035.1
OG0000852	CAK9318585.1, CAK9329041.1	CAK9318585.1, CAK9329041.1
OG0000853	CAK9318592.1, CAK9329048.1	CAK9318592.1, CAK9329048.1
OG0000854	CAK9318599.1, CAK9329058.1	CAK9318599.1, CAK9329058.1
OG0000855	CAK9318605.1, CAK9318606.1	CAK9318605.1, CAK9318606.1
OG0000856	CAK9318608.1, CAK9329062.1	CAK9318608.1, CAK9329062.1
OG0000857	CAK9318615.1, CAK9329067.1	CAK9318615.1, CAK9329067.1
OG0000858	CAK9318649.1, CAK9329105.1	CAK9318649.1, CAK9329105.1
OG0000859	CAK9318655.1, CAK9329111.1	CAK9318655.1, CAK9329111.1
OG0000860	CAK9318665.1, CAK9329118.1	CAK9318665.1, CAK9329118.1
OG0000861	CAK9318680.1, CAK9329132.1	CAK9318680.1, CAK9329132.1
OG0000862	CAK9318688.1, CAK9329559.1	CAK9318688.1, CAK9329559.1
OG0000863	CAK9318701.1, CAK9329159.1	CAK9318701.1, CAK9329159.1
OG0000864	CAK9318709.1, CAK9318710.1	CAK9318709.1, CAK9318710.1
OG0000865	CAK9318737.1, CAK9329175.1	CAK9318737.1, CAK9329175.1
OG0000866	CAK9318789.1, CAK9329229.1	CAK9318789.1, CAK9329229.1
OG0000867	CAK9318823.1, CAK9329253.1	CAK9318823.1, CAK9329253.1
OG0000868	CAK9318828.1, CAK9329282.1	CAK9318828.1, CAK9329282.1
OG0000869	CAK9318853.1, CAK9329271.1	CAK9318853.1, CAK9329271.1
OG0000870	CAK9318855.1, CAK9329269.1	CAK9318855.1, CAK9329269.1
OG0000871	CAK9318867.1, CAK9320877.1	CAK9318867.1, CAK9320877.1
OG0000872	CAK9318876.1, CAK9329308.1	CAK9318876.1, CAK9329308.1
OG0000873	CAK9318886.1, CAK9329297.1	CAK9318886.1, CAK9329297.1
OG0000874	CAK9318924.1, CAK9328548.1	CAK9318924.1, CAK9328548.1
OG0000875	CAK9318927.1, CAK9318930.1	CAK9318927.1, CAK9318930.1
OG0000876	CAK9318933.1, CAK9318934.1	CAK9318933.1, CAK9318934.1
OG0000877	CAK9318976.1, CAK9328519.1	CAK9318976.1, CAK9328519.1
OG0000878	CAK9319031.1, CAK9328475.1	CAK9319031.1, CAK9328475.1
OG0000879	CAK9319047.1, CAK9319051.1	CAK9319047.1, CAK9319051.1
OG0000880	CAK9319087.1, CAK9319088.1	CAK9319087.1, CAK9319088.1
OG0000881	CAK9319098.1, CAK9328817.1	CAK9319098.1, CAK9328817.1
OG0000882	CAK9319125.1, CAK9328803.1	CAK9319125.1, CAK9328803.1
OG0000883	CAK9319143.1, CAK9328701.1	CAK9319143.1, CAK9328701.1
OG0000884	CAK9319217.1, CAK9329194.1	CAK9319217.1, CAK9329194.1
OG0000885	CAK9319261.1, CAK9327786.1	CAK9319261.1, CAK9327786.1
OG0000886	CAK9319269.1, CAK9322854.1	CAK9319269.1, CAK9322854.1
OG0000887	CAK9319272.1, CAK9319273.1	CAK9319272.1, CAK9319273.1
OG0000888	CAK9319289.1, CAK9322400.1	CAK9319289.1, CAK9322400.1
OG0000889	CAK9319326.1, CAK9322869.1	CAK9319326.1, CAK9322869.1
OG0000890	CAK9319344.1, CAK9326258.1	CAK9319344.1, CAK9326258.1
OG0000891	CAK9319390.1, CAK9323818.1	CAK9319390.1, CAK9323818.1
OG0000892	CAK9319414.1, CAK9319457.1	CAK9319414.1, CAK9319457.1
OG0000893	CAK9319483.1, CAK9326812.1	CAK9319483.1, CAK9326812.1
OG0000894	CAK9319488.1, CAK9322891.1	CAK9319488.1, CAK9322891.1
OG0000895	CAK9319491.1, CAK9322923.1	CAK9319491.1, CAK9322923.1
OG0000896	CAK9319511.1, CAK9322816.1	CAK9319511.1, CAK9322816.1
OG0000897	CAK9319568.1, CAK9322721.1	CAK9319568.1, CAK9322721.1
OG0000898	CAK9319584.1, CAK9322755.1	CAK9319584.1, CAK9322755.1
OG0000899	CAK9319668.1, CAK9328587.1	CAK9319668.1, CAK9328587.1
OG0000900	CAK9319702.1, CAK9322685.1	CAK9319702.1, CAK9322685.1
OG0000901	CAK9319737.1, CAK9321609.1	CAK9319737.1, CAK9321609.1
OG0000902	CAK9319780.1, CAK9323425.1	CAK9319780.1, CAK9323425.1
OG0000903	CAK9319791.1, CAK9322729.1	CAK9319791.1, CAK9322729.1
OG0000904	CAK9319810.1, CAK9326301.1	CAK9319810.1, CAK9326301.1
OG0000905	CAK9319823.1, CAK9323402.1	CAK9319823.1, CAK9323402.1
OG0000906	CAK9319863.1, CAK9319864.1	CAK9319863.1, CAK9319864.1
OG0000907	CAK9319885.1, CAK9323349.1	CAK9319885.1, CAK9323349.1
OG0000908	CAK9319888.1, CAK9323332.1	CAK9319888.1, CAK9323332.1
OG0000909	CAK9319905.1, CAK9319906.1	CAK9319905.1, CAK9319906.1
OG0000910	CAK9319910.1, CAK9323312.1	CAK9319910.1, CAK9323312.1
OG0000911	CAK9319940.1, CAK9323797.1	CAK9319940.1, CAK9323797.1
OG0000912	CAK9319941.1, CAK9325308.1	CAK9319941.1, CAK9325308.1
OG0000913	CAK9319951.1, CAK9319952.1	CAK9319951.1, CAK9319952.1
OG0000914	CAK9319963.1, CAK9323277.1	CAK9319963.1, CAK9323277.1
OG0000915	CAK9320040.1, CAK9322774.1	CAK9320040.1, CAK9322774.1
OG0000916	CAK9320041.1, CAK9323213.1	CAK9320041.1, CAK9323213.1
OG0000917	CAK9320086.1, CAK9327148.1	CAK9320086.1, CAK9327148.1
OG0000918	CAK9320110.1, CAK9323145.1	CAK9320110.1, CAK9323145.1
OG0000919	CAK9320112.1, CAK9320115.1	CAK9320112.1, CAK9320115.1
OG0000920	CAK9320123.1, CAK9320124.1	CAK9320123.1, CAK9320124.1
OG0000921	CAK9320132.1, CAK9323106.1	CAK9320132.1, CAK9323106.1
OG0000922	CAK9320134.1, CAK9320135.1	CAK9320134.1, CAK9320135.1
OG0000923	CAK9320154.1, CAK9323069.1	CAK9320154.1, CAK9323069.1
OG0000924	CAK9320166.1, CAK9323055.1	CAK9320166.1, CAK9323055.1
OG0000925	CAK9320170.1, CAK9323050.1	CAK9320170.1, CAK9323050.1
OG0000926	CAK9320174.1, CAK9323047.1	CAK9320174.1, CAK9323047.1
OG0000927	CAK9320282.1, CAK9320822.1	CAK9320282.1, CAK9320822.1
OG0000928	CAK9320390.1, CAK9320391.1	CAK9320390.1, CAK9320391.1
OG0000929	CAK9320394.1, CAK9320979.1	CAK9320394.1, CAK9320979.1
OG0000930	CAK9320496.1, CAK9322050.1	CAK9320496.1, CAK9322050.1
OG0000931	CAK9320563.1, CAK9322063.1	CAK9320563.1, CAK9322063.1
OG0000932	CAK9320596.1, CAK9325480.1	CAK9320596.1, CAK9325480.1
OG0000933	CAK9320602.1, CAK9324286.1	CAK9320602.1, CAK9324286.1
OG0000934	CAK9320608.1, CAK9324278.1	CAK9320608.1, CAK9324278.1
OG0000935	CAK9320676.1, CAK9328711.1	CAK9320676.1, CAK9328711.1
OG0000936	CAK9320685.1, CAK9320686.1	CAK9320685.1, CAK9320686.1
OG0000937	CAK9320692.1, CAK9320693.1	CAK9320692.1, CAK9320693.1
OG0000938	CAK9320705.1, CAK9324215.1	CAK9320705.1, CAK9324215.1
OG0000939	CAK9320760.1, CAK9321402.1	CAK9320760.1, CAK9321402.1
OG0000940	CAK9320762.1, CAK9321399.1	CAK9320762.1, CAK9321399.1
OG0000941	CAK9320802.1, CAK9320806.1	CAK9320802.1, CAK9320806.1
OG0000942	CAK9320823.1, CAK9325882.1	CAK9320823.1, CAK9325882.1
OG0000943	CAK9320828.1, CAK9321352.1	CAK9320828.1, CAK9321352.1
OG0000944	CAK9320843.1, CAK9321720.1	CAK9320843.1, CAK9321720.1
OG0000945	CAK9320898.1, CAK9321797.1	CAK9320898.1, CAK9321797.1
OG0000946	CAK9320900.1, CAK9327299.1	CAK9320900.1, CAK9327299.1
OG0000947	CAK9320909.1, CAK9320910.1	CAK9320909.1, CAK9320910.1
OG0000948	CAK9320916.1, CAK9327312.1	CAK9320916.1, CAK9327312.1
OG0000949	CAK9320918.1, CAK9327313.1	CAK9320918.1, CAK9327313.1
OG0000950	CAK9320927.1, CAK9327318.1	CAK9320927.1, CAK9327318.1
OG0000951	CAK9320953.1, CAK9320954.1	CAK9320953.1, CAK9320954.1
OG0000952	CAK9320970.1, CAK9321880.1	CAK9320970.1, CAK9321880.1
OG0000953	CAK9320985.1, CAK9327396.1	CAK9320985.1, CAK9327396.1
OG0000954	CAK9321002.1, CAK9321004.1	CAK9321002.1, CAK9321004.1
OG0000955	CAK9321013.1, CAK9323280.1	CAK9321013.1, CAK9323280.1
OG0000956	CAK9321099.1, CAK9327492.1	CAK9321099.1, CAK9327492.1
OG0000957	CAK9321104.1, CAK9321105.1	CAK9321104.1, CAK9321105.1
OG0000958	CAK9321146.1, CAK9327544.1	CAK9321146.1, CAK9327544.1
OG0000959	CAK9321162.1, CAK9327554.1	CAK9321162.1, CAK9327554.1
OG0000960	CAK9321166.1, CAK9327562.1	CAK9321166.1, CAK9327562.1
OG0000961	CAK9321172.1, CAK9327584.1	CAK9321172.1, CAK9327584.1
OG0000962	CAK9321200.1, CAK9327590.1	CAK9321200.1, CAK9327590.1
OG0000963	CAK9321203.1, CAK9324378.1	CAK9321203.1, CAK9324378.1
OG0000964	CAK9321212.1, CAK9327603.1	CAK9321212.1, CAK9327603.1
OG0000965	CAK9321227.1, CAK9327616.1	CAK9321227.1, CAK9327616.1
OG0000966	CAK9321234.1, CAK9327622.1	CAK9321234.1, CAK9327622.1
OG0000967	CAK9321272.1, CAK9321273.1	CAK9321272.1, CAK9321273.1
OG0000968	CAK9321461.1, CAK9323654.1	CAK9321461.1, CAK9323654.1
OG0000969	CAK9321499.1, CAK9321500.1	CAK9321499.1, CAK9321500.1
OG0000970	CAK9321528.1, CAK9321529.1	CAK9321528.1, CAK9321529.1
OG0000971	CAK9321539.1, CAK9326038.1	CAK9321539.1, CAK9326038.1
OG0000972	CAK9321580.1, CAK9321581.1	CAK9321580.1, CAK9321581.1
OG0000973	CAK9321684.1, CAK9328488.1	CAK9321684.1, CAK9328488.1
OG0000974	CAK9321701.1, CAK9321703.1	CAK9321701.1, CAK9321703.1
OG0000975	CAK9321784.1, CAK9321785.1	CAK9321784.1, CAK9321785.1
OG0000976	CAK9321825.1, CAK9321827.1	CAK9321825.1, CAK9321827.1
OG0000977	CAK9321895.1, CAK9321896.1	CAK9321895.1, CAK9321896.1
OG0000978	CAK9321904.1, CAK9323512.1	CAK9321904.1, CAK9323512.1
OG0000979	CAK9321935.1, CAK9325179.1	CAK9321935.1, CAK9325179.1
OG0000980	CAK9321936.1, CAK9321937.1	CAK9321936.1, CAK9321937.1
OG0000981	CAK9321967.1, CAK9326822.1	CAK9321967.1, CAK9326822.1
OG0000982	CAK9321996.1, CAK9327791.1	CAK9321996.1, CAK9327791.1
OG0000983	CAK9322046.1, CAK9322047.1	CAK9322046.1, CAK9322047.1
OG0000984	CAK9322075.1, CAK9322076.1	CAK9322075.1, CAK9322076.1
OG0000985	CAK9322077.1, CAK9322839.1	CAK9322077.1, CAK9322839.1
OG0000986	CAK9322121.1, CAK9325604.1	CAK9322121.1, CAK9325604.1
OG0000987	CAK9322191.1, CAK9324607.1	CAK9322191.1, CAK9324607.1
OG0000988	CAK9322231.1, CAK9322233.1	CAK9322231.1, CAK9322233.1
OG0000989	CAK9322317.1, CAK9328901.1	CAK9322317.1, CAK9328901.1
OG0000990	CAK9322343.1, CAK9322628.1	CAK9322343.1, CAK9322628.1
OG0000991	CAK9322361.1, CAK9326018.1	CAK9322361.1, CAK9326018.1
OG0000992	CAK9322362.1, CAK9322363.1	CAK9322362.1, CAK9322363.1
OG0000993	CAK9322377.1, CAK9322378.1	CAK9322377.1, CAK9322378.1
OG0000994	CAK9322426.1, CAK9322427.1	CAK9322426.1, CAK9322427.1
OG0000995	CAK9322436.1, CAK9322624.1	CAK9322436.1, CAK9322624.1
OG0000996	CAK9322466.1, CAK9328378.1	CAK9322466.1, CAK9328378.1
OG0000997	CAK9322490.1, CAK9323499.1	CAK9322490.1, CAK9323499.1
OG0000998	CAK9322580.1, CAK9330200.1	CAK9322580.1, CAK9330200.1
OG0000999	CAK9322590.1, CAK9330198.1	CAK9322590.1, CAK9330198.1
OG0001000	CAK9322618.1, CAK9330174.1	CAK9322618.1, CAK9330174.1
OG0001001	CAK9322632.1, CAK9322633.1	CAK9322632.1, CAK9322633.1
OG0001002	CAK9322700.1, CAK9322701.1	CAK9322700.1, CAK9322701.1
OG0001003	CAK9322796.1, CAK9322797.1	CAK9322796.1, CAK9322797.1
OG0001004	CAK9322980.1, CAK9322981.1	CAK9322980.1, CAK9322981.1
OG0001005	CAK9322989.1, CAK9322990.1	CAK9322989.1, CAK9322990.1
OG0001006	CAK9323009.1, CAK9323010.1	CAK9323009.1, CAK9323010.1
OG0001007	CAK9323130.1, CAK9323134.1	CAK9323130.1, CAK9323134.1
OG0001008	CAK9323132.1, CAK9323136.1	CAK9323132.1, CAK9323136.1
OG0001009	CAK9323147.1, CAK9323148.1	CAK9323147.1, CAK9323148.1
OG0001010	CAK9323218.1, CAK9323220.1	CAK9323218.1, CAK9323220.1
OG0001011	CAK9323240.1, CAK9327174.1	CAK9323240.1, CAK9327174.1
OG0001012	CAK9323290.1, CAK9326217.1	CAK9323290.1, CAK9326217.1
OG0001013	CAK9323294.1, CAK9323295.1	CAK9323294.1, CAK9323295.1
OG0001014	CAK9323358.1, CAK9323853.1	CAK9323358.1, CAK9323853.1
OG0001015	CAK9323376.1, CAK9323377.1	CAK9323376.1, CAK9323377.1
OG0001016	CAK9323441.1, CAK9329050.1	CAK9323441.1, CAK9329050.1
OG0001017	CAK9323502.1, CAK9329146.1	CAK9323502.1, CAK9329146.1
OG0001018	CAK9323514.1, CAK9323515.1	CAK9323514.1, CAK9323515.1
OG0001019	CAK9323541.1, CAK9323542.1	CAK9323541.1, CAK9323542.1
OG0001020	CAK9323543.1, CAK9323544.1	CAK9323543.1, CAK9323544.1
OG0001021	CAK9323600.1, CAK9325759.1	CAK9323600.1, CAK9325759.1
OG0001022	CAK9323601.1, CAK9324411.1	CAK9323601.1, CAK9324411.1
OG0001023	CAK9323613.1, CAK9323618.1	CAK9323613.1, CAK9323618.1
OG0001024	CAK9323633.1, CAK9329289.1	CAK9323633.1, CAK9329289.1
OG0001025	CAK9323640.1, CAK9323642.1	CAK9323640.1, CAK9323642.1
OG0001026	CAK9323664.1, CAK9323665.1	CAK9323664.1, CAK9323665.1
OG0001027	CAK9323711.1, CAK9325249.1	CAK9323711.1, CAK9325249.1
OG0001028	CAK9323750.1, CAK9323751.1	CAK9323750.1, CAK9323751.1
OG0001029	CAK9323790.1, CAK9326211.1	CAK9323790.1, CAK9326211.1
OG0001030	CAK9323813.1, CAK9323814.1	CAK9323813.1, CAK9323814.1
OG0001031	CAK9323816.1, CAK9323817.1	CAK9323816.1, CAK9323817.1
OG0001032	CAK9323821.1, CAK9326239.1	CAK9323821.1, CAK9326239.1
OG0001033	CAK9323887.1, CAK9323889.1	CAK9323887.1, CAK9323889.1
OG0001034	CAK9323904.1, CAK9323905.1	CAK9323904.1, CAK9323905.1
OG0001035	CAK9323910.1, CAK9326290.1	CAK9323910.1, CAK9326290.1
OG0001036	CAK9323911.1, CAK9323912.1	CAK9323911.1, CAK9323912.1
OG0001037	CAK9323915.1, CAK9329512.1	CAK9323915.1, CAK9329512.1
OG0001038	CAK9323941.1, CAK9326309.1	CAK9323941.1, CAK9326309.1
OG0001039	CAK9323954.1, CAK9323983.1	CAK9323954.1, CAK9323983.1
OG0001040	CAK9323980.1, CAK9323981.1	CAK9323980.1, CAK9323981.1
OG0001041	CAK9323982.1, CAK9323985.1	CAK9323982.1, CAK9323985.1
OG0001042	CAK9324034.1, CAK9324035.1	CAK9324034.1, CAK9324035.1
OG0001043	CAK9324039.1, CAK9324041.1	CAK9324039.1, CAK9324041.1
OG0001044	CAK9324043.1, CAK9324046.1	CAK9324043.1, CAK9324046.1
OG0001045	CAK9324058.1, CAK9324063.1	CAK9324058.1, CAK9324063.1
OG0001046	CAK9324059.1, CAK9325950.1	CAK9324059.1, CAK9325950.1
OG0001047	CAK9324066.1, CAK9327797.1	CAK9324066.1, CAK9327797.1
OG0001048	CAK9324083.1, CAK9324084.1	CAK9324083.1, CAK9324084.1
OG0001049	CAK9324087.1, CAK9329219.1	CAK9324087.1, CAK9329219.1
OG0001050	CAK9324089.1, CAK9325837.1	CAK9324089.1, CAK9325837.1
OG0001051	CAK9324173.1, CAK9328825.1	CAK9324173.1, CAK9328825.1
OG0001052	CAK9324231.1, CAK9324236.1	CAK9324231.1, CAK9324236.1
OG0001053	CAK9324238.1, CAK9324239.1	CAK9324238.1, CAK9324239.1
OG0001054	CAK9324330.1, CAK9324332.1	CAK9324330.1, CAK9324332.1
OG0001055	CAK9324344.1, CAK9327533.1	CAK9324344.1, CAK9327533.1
OG0001056	CAK9324345.1, CAK9325260.1	CAK9324345.1, CAK9325260.1
OG0001057	CAK9324348.1, CAK9325263.1	CAK9324348.1, CAK9325263.1
OG0001058	CAK9324383.1, CAK9324384.1	CAK9324383.1, CAK9324384.1
OG0001059	CAK9324405.1, CAK9325342.1	CAK9324405.1, CAK9325342.1
OG0001060	CAK9324406.1, CAK9325339.1	CAK9324406.1, CAK9325339.1
OG0001061	CAK9324509.1, CAK9330338.1	CAK9324509.1, CAK9330338.1
OG0001062	CAK9324519.1, CAK9330348.1	CAK9324519.1, CAK9330348.1
OG0001063	CAK9324541.1, CAK9324564.1	CAK9324541.1, CAK9324564.1
OG0001064	CAK9324551.1, CAK9326561.1	CAK9324551.1, CAK9326561.1
OG0001065	CAK9324599.1, CAK9329888.1	CAK9324599.1, CAK9329888.1
OG0001066	CAK9324623.1, CAK9324624.1	CAK9324623.1, CAK9324624.1
OG0001067	CAK9324660.1, CAK9326688.1	CAK9324660.1, CAK9326688.1
OG0001068	CAK9324661.1, CAK9326341.1	CAK9324661.1, CAK9326341.1
OG0001069	CAK9324665.1, CAK9328267.1	CAK9324665.1, CAK9328267.1
OG0001070	CAK9324674.1, CAK9328265.1	CAK9324674.1, CAK9328265.1
OG0001071	CAK9324679.1, CAK9326698.1	CAK9324679.1, CAK9326698.1
OG0001072	CAK9324702.1, CAK9324703.1	CAK9324702.1, CAK9324703.1
OG0001073	CAK9324713.1, CAK9326715.1	CAK9324713.1, CAK9326715.1
OG0001074	CAK9324737.1, CAK9324780.1	CAK9324737.1, CAK9324780.1
OG0001075	CAK9324767.1, CAK9324768.1	CAK9324767.1, CAK9324768.1
OG0001076	CAK9324783.1, CAK9324784.1	CAK9324783.1, CAK9324784.1
OG0001077	CAK9324806.1, CAK9326374.1	CAK9324806.1, CAK9326374.1
OG0001078	CAK9324844.1, CAK9328586.1	CAK9324844.1, CAK9328586.1
OG0001079	CAK9324863.1, CAK9328674.1	CAK9324863.1, CAK9328674.1
OG0001080	CAK9324871.1, CAK9324882.1	CAK9324871.1, CAK9324882.1
OG0001081	CAK9324920.1, CAK9326400.1	CAK9324920.1, CAK9326400.1
OG0001082	CAK9324921.1, CAK9324922.1	CAK9324921.1, CAK9324922.1
OG0001083	CAK9324999.1, CAK9325000.1	CAK9324999.1, CAK9325000.1
OG0001084	CAK9325134.1, CAK9325135.1	CAK9325134.1, CAK9325135.1
OG0001085	CAK9325168.1, CAK9325169.1	CAK9325168.1, CAK9325169.1
OG0001086	CAK9325234.1, CAK9325237.1	CAK9325234.1, CAK9325237.1
OG0001087	CAK9325281.1, CAK9327546.1	CAK9325281.1, CAK9327546.1
OG0001088	CAK9325347.1, CAK9325348.1	CAK9325347.1, CAK9325348.1
OG0001089	CAK9325420.1, CAK9325421.1	CAK9325420.1, CAK9325421.1
OG0001090	CAK9325423.1, CAK9325424.1	CAK9325423.1, CAK9325424.1
OG0001091	CAK9325454.1, CAK9327747.1	CAK9325454.1, CAK9327747.1
OG0001092	CAK9325460.1, CAK9329488.1	CAK9325460.1, CAK9329488.1
OG0001093	CAK9325476.1, CAK9327714.1	CAK9325476.1, CAK9327714.1
OG0001094	CAK9325570.1, CAK9325573.1	CAK9325570.1, CAK9325573.1
OG0001095	CAK9325596.1, CAK9325597.1	CAK9325596.1, CAK9325597.1
OG0001096	CAK9325627.1, CAK9325628.1	CAK9325627.1, CAK9325628.1
OG0001097	CAK9325739.1, CAK9329774.1	CAK9325739.1, CAK9329774.1
OG0001098	CAK9325742.1, CAK9329780.1	CAK9325742.1, CAK9329780.1
OG0001099	CAK9325775.1, CAK9325778.1	CAK9325775.1, CAK9325778.1
OG0001100	CAK9325785.1, CAK9329797.1	CAK9325785.1, CAK9329797.1
OG0001101	CAK9325797.1, CAK9329841.1	CAK9325797.1, CAK9329841.1
OG0001102	CAK9325812.1, CAK9329857.1	CAK9325812.1, CAK9329857.1
OG0001103	CAK9325817.1, CAK9329862.1	CAK9325817.1, CAK9329862.1
OG0001104	CAK9325826.1, CAK9326662.1	CAK9325826.1, CAK9326662.1
OG0001105	CAK9325919.1, CAK9327822.1	CAK9325919.1, CAK9327822.1
OG0001106	CAK9325926.1, CAK9329202.1	CAK9325926.1, CAK9329202.1
OG0001107	CAK9325930.1, CAK9327775.1	CAK9325930.1, CAK9327775.1
OG0001108	CAK9325983.1, CAK9325991.1	CAK9325983.1, CAK9325991.1
OG0001109	CAK9326002.1, CAK9326769.1	CAK9326002.1, CAK9326769.1
OG0001110	CAK9326005.1, CAK9327893.1	CAK9326005.1, CAK9327893.1
OG0001111	CAK9326138.1, CAK9329979.1	CAK9326138.1, CAK9329979.1
OG0001112	CAK9326147.1, CAK9328764.1	CAK9326147.1, CAK9328764.1
OG0001113	CAK9326179.1, CAK9327157.1	CAK9326179.1, CAK9327157.1
OG0001114	CAK9326315.1, CAK9326342.1	CAK9326315.1, CAK9326342.1
OG0001115	CAK9326352.1, CAK9326353.1	CAK9326352.1, CAK9326353.1
OG0001116	CAK9326357.1, CAK9326358.1	CAK9326357.1, CAK9326358.1
OG0001117	CAK9326410.1, CAK9326411.1	CAK9326410.1, CAK9326411.1
OG0001118	CAK9326519.1, CAK9329702.1	CAK9326519.1, CAK9329702.1
OG0001119	CAK9326533.1, CAK9329718.1	CAK9326533.1, CAK9329718.1
OG0001120	CAK9326555.1, CAK9326558.1	CAK9326555.1, CAK9326558.1
OG0001121	CAK9326569.1, CAK9329624.1	CAK9326569.1, CAK9329624.1
OG0001122	CAK9326588.1, CAK9329594.1	CAK9326588.1, CAK9329594.1
OG0001123	CAK9326590.1, CAK9329590.1	CAK9326590.1, CAK9329590.1
OG0001124	CAK9326602.1, CAK9329571.1	CAK9326602.1, CAK9329571.1
OG0001125	CAK9326606.1, CAK9329563.1	CAK9326606.1, CAK9329563.1
OG0001126	CAK9326612.1, CAK9329545.1	CAK9326612.1, CAK9329545.1
OG0001127	CAK9326618.1, CAK9329536.1	CAK9326618.1, CAK9329536.1
OG0001128	CAK9326624.1, CAK9329525.1	CAK9326624.1, CAK9329525.1
OG0001129	CAK9326656.1, CAK9329413.1	CAK9326656.1, CAK9329413.1
OG0001130	CAK9326672.1, CAK9328283.1	CAK9326672.1, CAK9328283.1
OG0001131	CAK9326675.1, CAK9328281.1	CAK9326675.1, CAK9328281.1
OG0001132	CAK9326677.1, CAK9328280.1	CAK9326677.1, CAK9328280.1
OG0001133	CAK9326700.1, CAK9328255.1	CAK9326700.1, CAK9328255.1
OG0001134	CAK9326744.1, CAK9328178.1	CAK9326744.1, CAK9328178.1
OG0001135	CAK9326770.1, CAK9326773.1	CAK9326770.1, CAK9326773.1
OG0001136	CAK9326790.1, CAK9326791.1	CAK9326790.1, CAK9326791.1
OG0001137	CAK9326845.1, CAK9326850.1	CAK9326845.1, CAK9326850.1
OG0001138	CAK9326971.1, CAK9326972.1	CAK9326971.1, CAK9326972.1
OG0001139	CAK9327048.1, CAK9330341.1	CAK9327048.1, CAK9330341.1
OG0001140	CAK9327052.1, CAK9327053.1	CAK9327052.1, CAK9327053.1
OG0001141	CAK9327059.1, CAK9327136.1	CAK9327059.1, CAK9327136.1
OG0001142	CAK9327128.1, CAK9327129.1	CAK9327128.1, CAK9327129.1
OG0001143	CAK9327214.1, CAK9330288.1	CAK9327214.1, CAK9330288.1
OG0001144	CAK9327226.1, CAK9328035.1	CAK9327226.1, CAK9328035.1
OG0001145	CAK9327246.1, CAK9327247.1	CAK9327246.1, CAK9327247.1
OG0001146	CAK9327251.1, CAK9327252.1	CAK9327251.1, CAK9327252.1
OG0001147	CAK9327280.1, CAK9327281.1	CAK9327280.1, CAK9327281.1
OG0001148	CAK9327327.1, CAK9327328.1	CAK9327327.1, CAK9327328.1
OG0001149	CAK9327335.1, CAK9327336.1	CAK9327335.1, CAK9327336.1
OG0001150	CAK9327582.1, CAK9327583.1	CAK9327582.1, CAK9327583.1
OG0001151	CAK9327708.1, CAK9328090.1	CAK9327708.1, CAK9328090.1
OG0001152	CAK9327772.1, CAK9327776.1	CAK9327772.1, CAK9327776.1
OG0001153	CAK9327917.1, CAK9327936.1	CAK9327917.1, CAK9327936.1
OG0001154	CAK9327921.1, CAK9328142.1	CAK9327921.1, CAK9328142.1
OG0001155	CAK9327981.1, CAK9327983.1	CAK9327981.1, CAK9327983.1
OG0001156	CAK9328038.1, CAK9328041.1	CAK9328038.1, CAK9328041.1
OG0001157	CAK9328062.1, CAK9329591.1	CAK9328062.1, CAK9329591.1
OG0001158	CAK9328116.1, CAK9328118.1	CAK9328116.1, CAK9328118.1
OG0001159	CAK9328117.1, CAK9328119.1	CAK9328117.1, CAK9328119.1
OG0001160	CAK9328315.1, CAK9329017.1	CAK9328315.1, CAK9329017.1
OG0001161	CAK9328341.1, CAK9328342.1	CAK9328341.1, CAK9328342.1
OG0001162	CAK9328360.1, CAK9328361.1	CAK9328360.1, CAK9328361.1
OG0001163	CAK9328384.1, CAK9328411.1	CAK9328384.1, CAK9328411.1
OG0001164	CAK9328510.1, CAK9329510.1	CAK9328510.1, CAK9329510.1
OG0001165	CAK9328511.1, CAK9328512.1	CAK9328511.1, CAK9328512.1
OG0001166	CAK9328535.1, CAK9328536.1	CAK9328535.1, CAK9328536.1
OG0001167	CAK9328569.1, CAK9328571.1	CAK9328569.1, CAK9328571.1
OG0001168	CAK9328675.1, CAK9330246.1	CAK9328675.1, CAK9330246.1
OG0001169	CAK9328716.1, CAK9328718.1	CAK9328716.1, CAK9328718.1
OG0001170	CAK9328755.1, CAK9328756.1	CAK9328755.1, CAK9328756.1
OG0001171	CAK9328869.1, CAK9328877.1	CAK9328869.1, CAK9328877.1
OG0001172	CAK9328870.1, CAK9328876.1	CAK9328870.1, CAK9328876.1
OG0001173	CAK9328888.1, CAK9328889.1	CAK9328888.1, CAK9328889.1
OG0001174	CAK9328963.1, CAK9328964.1	CAK9328963.1, CAK9328964.1
OG0001175	CAK9328977.1, CAK9328986.1	CAK9328977.1, CAK9328986.1
OG0001176	CAK9329027.1, CAK9329028.1	CAK9329027.1, CAK9329028.1
OG0001177	CAK9329080.1, CAK9329081.1	CAK9329080.1, CAK9329081.1
OG0001178	CAK9329130.1, CAK9329131.1	CAK9329130.1, CAK9329131.1
OG0001179	CAK9329237.1, CAK9330313.1	CAK9329237.1, CAK9330313.1
OG0001180	CAK9329409.1, CAK9329411.1	CAK9329409.1, CAK9329411.1
OG0001181	CAK9329449.1, CAK9329450.1	CAK9329449.1, CAK9329450.1
OG0001182	CAK9329516.1, CAK9329517.1	CAK9329516.1, CAK9329517.1
OG0001183	CAK9329552.1, CAK9329555.1	CAK9329552.1, CAK9329555.1
OG0001184	CAK9329592.1, CAK9329593.1	CAK9329592.1, CAK9329593.1
OG0001185	CAK9329640.1, CAK9329641.1	CAK9329640.1, CAK9329641.1
OG0001186	CAK9329665.1, CAK9329672.1	CAK9329665.1, CAK9329672.1
OG0001187	CAK9329666.1, CAK9329670.1	CAK9329666.1, CAK9329670.1
OG0001188	CAK9329667.1, CAK9329669.1	CAK9329667.1, CAK9329669.1
OG0001189	CAK9329781.1, CAK9329782.1	CAK9329781.1, CAK9329782.1
OG0001190	CAK9329818.1, CAK9329819.1	CAK9329818.1, CAK9329819.1
OG0001191	CAK9329912.1, CAK9329914.1	CAK9329912.1, CAK9329914.1
OG0001192	CAK9330015.1, CAK9330016.1	CAK9330015.1, CAK9330016.1
OG0001193	CAK9330024.1, CAK9330025.1	CAK9330024.1, CAK9330025.1
OG0001194	CAK9330105.1, CAK9330106.1	CAK9330105.1, CAK9330106.1
OG0001195	CAK9330286.1, CAK9330287.1	CAK9330286.1, CAK9330287.1
OG0001196	CAK9308494.1	CAK9308494.1
OG0001197	CAK9308495.1	CAK9308495.1
OG0001198	CAK9308496.1	CAK9308496.1
OG0001199	CAK9308497.1	CAK9308497.1
OG0001200	CAK9308498.1	CAK9308498.1
OG0001201	CAK9308499.1	CAK9308499.1
OG0001202	CAK9308500.1	CAK9308500.1
OG0001203	CAK9308501.1	CAK9308501.1
OG0001204	CAK9308502.1	CAK9308502.1
OG0001205	CAK9308503.1	CAK9308503.1
OG0001206	CAK9308504.1	CAK9308504.1
OG0001207	CAK9308505.1	CAK9308505.1
OG0001208	CAK9308506.1	CAK9308506.1
OG0001209	CAK9308507.1	CAK9308507.1
OG0001210	CAK9308508.1	CAK9308508.1
OG0001211	CAK9308509.1	CAK9308509.1
OG0001212	CAK9308510.1	CAK9308510.1
OG0001213	CAK9308512.1	CAK9308512.1
OG0001214	CAK9308513.1	CAK9308513.1
OG0001215	CAK9308514.1	CAK9308514.1
OG0001216	CAK9308516.1	CAK9308516.1
OG0001217	CAK9308517.1	CAK9308517.1
OG0001218	CAK9308518.1	CAK9308518.1
OG0001219	CAK9308519.1	CAK9308519.1
OG0001220	CAK9308520.1	CAK9308520.1
OG0001221	CAK9308521.1	CAK9308521.1
OG0001222	CAK9308522.1	CAK9308522.1
OG0001223	CAK9308523.1	CAK9308523.1
OG0001224	CAK9308524.1	CAK9308524.1
OG0001225	CAK9308525.1	CAK9308525.1
OG0001226	CAK9308526.1	CAK9308526.1
OG0001227	CAK9308527.1	CAK9308527.1
OG0001228	CAK9308528.1	CAK9308528.1
OG0001229	CAK9308529.1	CAK9308529.1
OG0001230	CAK9308530.1	CAK9308530.1
OG0001231	CAK9308531.1	CAK9308531.1
OG0001232	CAK9308532.1	CAK9308532.1
OG0001233	CAK9308533.1	CAK9308533.1
OG0001234	CAK9308534.1	CAK9308534.1
OG0001235	CAK9308535.1	CAK9308535.1
OG0001236	CAK9308536.1	CAK9308536.1
OG0001237	CAK9308537.1	CAK9308537.1
OG0001238	CAK9308538.1	CAK9308538.1
OG0001239	CAK9308539.1	CAK9308539.1
OG0001240	CAK9308540.1	CAK9308540.1
OG0001241	CAK9308541.1	CAK9308541.1
OG0001242	CAK9308542.1	CAK9308542.1
OG0001243	CAK9308543.1	CAK9308543.1
OG0001244	CAK9308544.1	CAK9308544.1
OG0001245	CAK9308545.1	CAK9308545.1
OG0001246	CAK9308546.1	CAK9308546.1
OG0001247	CAK9308547.1	CAK9308547.1
OG0001248	CAK9308548.1	CAK9308548.1
OG0001249	CAK9308550.1	CAK9308550.1
OG0001250	CAK9308551.1	CAK9308551.1
OG0001251	CAK9308554.1	CAK9308554.1
OG0001252	CAK9308556.1	CAK9308556.1
OG0001253	CAK9308557.1	CAK9308557.1
OG0001254	CAK9308558.1	CAK9308558.1
OG0001255	CAK9308559.1	CAK9308559.1
OG0001256	CAK9308560.1	CAK9308560.1
OG0001257	CAK9308562.1	CAK9308562.1
OG0001258	CAK9308564.1	CAK9308564.1
OG0001259	CAK9308565.1	CAK9308565.1
OG0001260	CAK9308566.1	CAK9308566.1
OG0001261	CAK9308567.1	CAK9308567.1
OG0001262	CAK9308568.1	CAK9308568.1
OG0001263	CAK9308569.1	CAK9308569.1
OG0001264	CAK9308570.1	CAK9308570.1
OG0001265	CAK9308571.1	CAK9308571.1
OG0001266	CAK9308572.1	CAK9308572.1
OG0001267	CAK9308573.1	CAK9308573.1
OG0001268	CAK9308574.1	CAK9308574.1
OG0001269	CAK9308575.1	CAK9308575.1
OG0001270	CAK9308576.1	CAK9308576.1
OG0001271	CAK9308578.1	CAK9308578.1
OG0001272	CAK9308579.1	CAK9308579.1
OG0001273	CAK9308580.1	CAK9308580.1
OG0001274	CAK9308581.1	CAK9308581.1
OG0001275	CAK9308582.1	CAK9308582.1
OG0001276	CAK9308583.1	CAK9308583.1
OG0001277	CAK9308584.1	CAK9308584.1
OG0001278	CAK9308585.1	CAK9308585.1
OG0001279	CAK9308586.1	CAK9308586.1
OG0001280	CAK9308587.1	CAK9308587.1
OG0001281	CAK9308588.1	CAK9308588.1
OG0001282	CAK9308589.1	CAK9308589.1
OG0001283	CAK9308590.1	CAK9308590.1
OG0001284	CAK9308591.1	CAK9308591.1
OG0001285	CAK9308592.1	CAK9308592.1
OG0001286	CAK9308593.1	CAK9308593.1
OG0001287	CAK9308594.1	CAK9308594.1
OG0001288	CAK9308595.1	CAK9308595.1
OG0001289	CAK9308596.1	CAK9308596.1
OG0001290	CAK9308597.1	CAK9308597.1
OG0001291	CAK9308599.1	CAK9308599.1
OG0001292	CAK9308600.1	CAK9308600.1
OG0001293	CAK9308601.1	CAK9308601.1
OG0001294	CAK9308602.1	CAK9308602.1
OG0001295	CAK9308603.1	CAK9308603.1
OG0001296	CAK9308604.1	CAK9308604.1
OG0001297	CAK9308605.1	CAK9308605.1
OG0001298	CAK9308606.1	CAK9308606.1
OG0001299	CAK9308607.1	CAK9308607.1
OG0001300	CAK9308608.1	CAK9308608.1
OG0001301	CAK9308609.1	CAK9308609.1
OG0001302	CAK9308610.1	CAK9308610.1
OG0001303	CAK9308611.1	CAK9308611.1
OG0001304	CAK9308612.1	CAK9308612.1
OG0001305	CAK9308613.1	CAK9308613.1
OG0001306	CAK9308614.1	CAK9308614.1
OG0001307	CAK9308615.1	CAK9308615.1
OG0001308	CAK9308616.1	CAK9308616.1
OG0001309	CAK9308617.1	CAK9308617.1
OG0001310	CAK9308618.1	CAK9308618.1
OG0001311	CAK9308619.1	CAK9308619.1
OG0001312	CAK9308620.1	CAK9308620.1
OG0001313	CAK9308621.1	CAK9308621.1
OG0001314	CAK9308622.1	CAK9308622.1
OG0001315	CAK9308623.1	CAK9308623.1
OG0001316	CAK9308624.1	CAK9308624.1
OG0001317	CAK9308625.1	CAK9308625.1
OG0001318	CAK9308626.1	CAK9308626.1
OG0001319	CAK9308627.1	CAK9308627.1
OG0001320	CAK9308628.1	CAK9308628.1
OG0001321	CAK9308631.1	CAK9308631.1
OG0001322	CAK9308633.1	CAK9308633.1
OG0001323	CAK9308634.1	CAK9308634.1
OG0001324	CAK9308635.1	CAK9308635.1
OG0001325	CAK9308636.1	CAK9308636.1
OG0001326	CAK9308637.1	CAK9308637.1
OG0001327	CAK9308638.1	CAK9308638.1
OG0001328	CAK9308639.1	CAK9308639.1
OG0001329	CAK9308641.1	CAK9308641.1
OG0001330	CAK9308642.1	CAK9308642.1
OG0001331	CAK9308643.1	CAK9308643.1
OG0001332	CAK9308644.1	CAK9308644.1
OG0001333	CAK9308646.1	CAK9308646.1
OG0001334	CAK9308647.1	CAK9308647.1
OG0001335	CAK9308648.1	CAK9308648.1
OG0001336	CAK9308649.1	CAK9308649.1
OG0001337	CAK9308650.1	CAK9308650.1
OG0001338	CAK9308651.1	CAK9308651.1
OG0001339	CAK9308652.1	CAK9308652.1
OG0001340	CAK9308653.1	CAK9308653.1
OG0001341	CAK9308654.1	CAK9308654.1
OG0001342	CAK9308655.1	CAK9308655.1
OG0001343	CAK9308656.1	CAK9308656.1
OG0001344	CAK9308657.1	CAK9308657.1
OG0001345	CAK9308660.1	CAK9308660.1
OG0001346	CAK9308661.1	CAK9308661.1
OG0001347	CAK9308662.1	CAK9308662.1
OG0001348	CAK9308663.1	CAK9308663.1
OG0001349	CAK9308664.1	CAK9308664.1
OG0001350	CAK9308665.1	CAK9308665.1
OG0001351	CAK9308666.1	CAK9308666.1
OG0001352	CAK9308667.1	CAK9308667.1
OG0001353	CAK9308668.1	CAK9308668.1
OG0001354	CAK9308669.1	CAK9308669.1
OG0001355	CAK9308670.1	CAK9308670.1
OG0001356	CAK9308671.1	CAK9308671.1
OG0001357	CAK9308672.1	CAK9308672.1
OG0001358	CAK9308673.1	CAK9308673.1
OG0001359	CAK9308674.1	CAK9308674.1
OG0001360	CAK9308675.1	CAK9308675.1
OG0001361	CAK9308676.1	CAK9308676.1
OG0001362	CAK9308677.1	CAK9308677.1
OG0001363	CAK9308678.1	CAK9308678.1
OG0001364	CAK9308679.1	CAK9308679.1
OG0001365	CAK9308680.1	CAK9308680.1
OG0001366	CAK9308681.1	CAK9308681.1
OG0001367	CAK9308682.1	CAK9308682.1
OG0001368	CAK9308683.1	CAK9308683.1
OG0001369	CAK9308684.1	CAK9308684.1
OG0001370	CAK9308685.1	CAK9308685.1
OG0001371	CAK9308686.1	CAK9308686.1
OG0001372	CAK9308687.1	CAK9308687.1
OG0001373	CAK9308688.1	CAK9308688.1
OG0001374	CAK9308689.1	CAK9308689.1
OG0001375	CAK9308690.1	CAK9308690.1
OG0001376	CAK9308691.1	CAK9308691.1
OG0001377	CAK9308692.1	CAK9308692.1
OG0001378	CAK9308693.1	CAK9308693.1
OG0001379	CAK9308695.1	CAK9308695.1
OG0001380	CAK9308696.1	CAK9308696.1
OG0001381	CAK9308697.1	CAK9308697.1
OG0001382	CAK9308698.1	CAK9308698.1
OG0001383	CAK9308699.1	CAK9308699.1
OG0001384	CAK9308700.1	CAK9308700.1
OG0001385	CAK9308701.1	CAK9308701.1
OG0001386	CAK9308702.1	CAK9308702.1
OG0001387	CAK9308703.1	CAK9308703.1
OG0001388	CAK9308704.1	CAK9308704.1
OG0001389	CAK9308705.1	CAK9308705.1
OG0001390	CAK9308706.1	CAK9308706.1
OG0001391	CAK9308707.1	CAK9308707.1
OG0001392	CAK9308708.1	CAK9308708.1
OG0001393	CAK9308709.1	CAK9308709.1
OG0001394	CAK9308710.1	CAK9308710.1
OG0001395	CAK9308711.1	CAK9308711.1
OG0001396	CAK9308712.1	CAK9308712.1
OG0001397	CAK9308713.1	CAK9308713.1
OG0001398	CAK9308714.1	CAK9308714.1
OG0001399	CAK9308715.1	CAK9308715.1
OG0001400	CAK9308716.1	CAK9308716.1
OG0001401	CAK9308717.1	CAK9308717.1
OG0001402	CAK9308718.1	CAK9308718.1
OG0001403	CAK9308719.1	CAK9308719.1
OG0001404	CAK9308720.1	CAK9308720.1
OG0001405	CAK9308721.1	CAK9308721.1
OG0001406	CAK9308722.1	CAK9308722.1
OG0001407	CAK9308723.1	CAK9308723.1
OG0001408	CAK9308725.1	CAK9308725.1
OG0001409	CAK9308726.1	CAK9308726.1
OG0001410	CAK9308727.1	CAK9308727.1
OG0001411	CAK9308728.1	CAK9308728.1
OG0001412	CAK9308729.1	CAK9308729.1
OG0001413	CAK9308730.1	CAK9308730.1
OG0001414	CAK9308731.1	CAK9308731.1
OG0001415	CAK9308733.1	CAK9308733.1
OG0001416	CAK9308734.1	CAK9308734.1
OG0001417	CAK9308735.1	CAK9308735.1
OG0001418	CAK9308736.1	CAK9308736.1
OG0001419	CAK9308737.1	CAK9308737.1
OG0001420	CAK9308738.1	CAK9308738.1
OG0001421	CAK9308739.1	CAK9308739.1
OG0001422	CAK9308742.1	CAK9308742.1
OG0001423	CAK9308744.1	CAK9308744.1
OG0001424	CAK9308745.1	CAK9308745.1
OG0001425	CAK9308746.1	CAK9308746.1
OG0001426	CAK9308747.1	CAK9308747.1
OG0001427	CAK9308749.1	CAK9308749.1
OG0001428	CAK9308750.1	CAK9308750.1
OG0001429	CAK9308751.1	CAK9308751.1
OG0001430	CAK9308752.1	CAK9308752.1
OG0001431	CAK9308753.1	CAK9308753.1
OG0001432	CAK9308754.1	CAK9308754.1
OG0001433	CAK9308755.1	CAK9308755.1
OG0001434	CAK9308756.1	CAK9308756.1
OG0001435	CAK9308757.1	CAK9308757.1
OG0001436	CAK9308758.1	CAK9308758.1
OG0001437	CAK9308759.1	CAK9308759.1
OG0001438	CAK9308760.1	CAK9308760.1
OG0001439	CAK9308762.1	CAK9308762.1
OG0001440	CAK9308763.1	CAK9308763.1
OG0001441	CAK9308765.1	CAK9308765.1
OG0001442	CAK9308767.1	CAK9308767.1
OG0001443	CAK9308768.1	CAK9308768.1
OG0001444	CAK9308769.1	CAK9308769.1
OG0001445	CAK9308770.1	CAK9308770.1
OG0001446	CAK9308772.1	CAK9308772.1
OG0001447	CAK9308773.1	CAK9308773.1
OG0001448	CAK9308774.1	CAK9308774.1
OG0001449	CAK9308775.1	CAK9308775.1
OG0001450	CAK9308776.1	CAK9308776.1
OG0001451	CAK9308777.1	CAK9308777.1
OG0001452	CAK9308778.1	CAK9308778.1
OG0001453	CAK9308779.1	CAK9308779.1
OG0001454	CAK9308780.1	CAK9308780.1
OG0001455	CAK9308781.1	CAK9308781.1
OG0001456	CAK9308782.1	CAK9308782.1
OG0001457	CAK9308783.1	CAK9308783.1
OG0001458	CAK9308785.1	CAK9308785.1
OG0001459	CAK9308787.1	CAK9308787.1
OG0001460	CAK9308789.1	CAK9308789.1
OG0001461	CAK9308790.1	CAK9308790.1
OG0001462	CAK9308791.1	CAK9308791.1
OG0001463	CAK9308792.1	CAK9308792.1
OG0001464	CAK9308794.1	CAK9308794.1
OG0001465	CAK9308796.1	CAK9308796.1
OG0001466	CAK9308797.1	CAK9308797.1
OG0001467	CAK9308798.1	CAK9308798.1
OG0001468	CAK9308799.1	CAK9308799.1
OG0001469	CAK9308800.1	CAK9308800.1
OG0001470	CAK9308801.1	CAK9308801.1
OG0001471	CAK9308803.1	CAK9308803.1
OG0001472	CAK9308804.1	CAK9308804.1
OG0001473	CAK9308805.1	CAK9308805.1
OG0001474	CAK9308806.1	CAK9308806.1
OG0001475	CAK9308807.1	CAK9308807.1
OG0001476	CAK9308811.1	CAK9308811.1
OG0001477	CAK9308815.1	CAK9308815.1
OG0001478	CAK9308816.1	CAK9308816.1
OG0001479	CAK9308817.1	CAK9308817.1
OG0001480	CAK9308818.1	CAK9308818.1
OG0001481	CAK9308819.1	CAK9308819.1
OG0001482	CAK9308820.1	CAK9308820.1
OG0001483	CAK9308822.1	CAK9308822.1
OG0001484	CAK9308823.1	CAK9308823.1
OG0001485	CAK9308824.1	CAK9308824.1
OG0001486	CAK9308825.1	CAK9308825.1
OG0001487	CAK9308826.1	CAK9308826.1
OG0001488	CAK9308827.1	CAK9308827.1
OG0001489	CAK9308828.1	CAK9308828.1
OG0001490	CAK9308829.1	CAK9308829.1
OG0001491	CAK9308830.1	CAK9308830.1
OG0001492	CAK9308831.1	CAK9308831.1
OG0001493	CAK9308832.1	CAK9308832.1
OG0001494	CAK9308833.1	CAK9308833.1
OG0001495	CAK9308834.1	CAK9308834.1
OG0001496	CAK9308836.1	CAK9308836.1
OG0001497	CAK9308837.1	CAK9308837.1
OG0001498	CAK9308838.1	CAK9308838.1
OG0001499	CAK9308840.1	CAK9308840.1
OG0001500	CAK9308841.1	CAK9308841.1
OG0001501	CAK9308842.1	CAK9308842.1
OG0001502	CAK9308843.1	CAK9308843.1
OG0001503	CAK9308844.1	CAK9308844.1
OG0001504	CAK9308845.1	CAK9308845.1
OG0001505	CAK9308847.1	CAK9308847.1
OG0001506	CAK9308848.1	CAK9308848.1
OG0001507	CAK9308849.1	CAK9308849.1
OG0001508	CAK9308850.1	CAK9308850.1
OG0001509	CAK9308852.1	CAK9308852.1
OG0001510	CAK9308853.1	CAK9308853.1
OG0001511	CAK9308855.1	CAK9308855.1
OG0001512	CAK9308856.1	CAK9308856.1
OG0001513	CAK9308857.1	CAK9308857.1
OG0001514	CAK9308858.1	CAK9308858.1
OG0001515	CAK9308859.1	CAK9308859.1
OG0001516	CAK9308860.1	CAK9308860.1
OG0001517	CAK9308861.1	CAK9308861.1
OG0001518	CAK9308862.1	CAK9308862.1
OG0001519	CAK9308863.1	CAK9308863.1
OG0001520	CAK9308864.1	CAK9308864.1
OG0001521	CAK9308865.1	CAK9308865.1
OG0001522	CAK9308866.1	CAK9308866.1
OG0001523	CAK9308867.1	CAK9308867.1
OG0001524	CAK9308868.1	CAK9308868.1
OG0001525	CAK9308869.1	CAK9308869.1
OG0001526	CAK9308870.1	CAK9308870.1
OG0001527	CAK9308872.1	CAK9308872.1
OG0001528	CAK9308873.1	CAK9308873.1
OG0001529	CAK9308874.1	CAK9308874.1
OG0001530	CAK9308876.1	CAK9308876.1
OG0001531	CAK9308877.1	CAK9308877.1
OG0001532	CAK9308878.1	CAK9308878.1
OG0001533	CAK9308879.1	CAK9308879.1
OG0001534	CAK9308880.1	CAK9308880.1
OG0001535	CAK9308881.1	CAK9308881.1
OG0001536	CAK9308882.1	CAK9308882.1
OG0001537	CAK9308883.1	CAK9308883.1
OG0001538	CAK9308884.1	CAK9308884.1
OG0001539	CAK9308885.1	CAK9308885.1
OG0001540	CAK9308886.1	CAK9308886.1
OG0001541	CAK9308887.1	CAK9308887.1
OG0001542	CAK9308888.1	CAK9308888.1
OG0001543	CAK9308889.1	CAK9308889.1
OG0001544	CAK9308890.1	CAK9308890.1
OG0001545	CAK9308893.1	CAK9308893.1
OG0001546	CAK9308894.1	CAK9308894.1
OG0001547	CAK9308895.1	CAK9308895.1
OG0001548	CAK9308896.1	CAK9308896.1
OG0001549	CAK9308897.1	CAK9308897.1
OG0001550	CAK9308898.1	CAK9308898.1
OG0001551	CAK9308899.1	CAK9308899.1
OG0001552	CAK9308900.1	CAK9308900.1
OG0001553	CAK9308901.1	CAK9308901.1
OG0001554	CAK9308903.1	CAK9308903.1
OG0001555	CAK9308905.1	CAK9308905.1
OG0001556	CAK9308906.1	CAK9308906.1
OG0001557	CAK9308907.1	CAK9308907.1
OG0001558	CAK9308908.1	CAK9308908.1
OG0001559	CAK9308909.1	CAK9308909.1
OG0001560	CAK9308910.1	CAK9308910.1
OG0001561	CAK9308911.1	CAK9308911.1
OG0001562	CAK9308912.1	CAK9308912.1
OG0001563	CAK9308913.1	CAK9308913.1
OG0001564	CAK9308914.1	CAK9308914.1
OG0001565	CAK9308915.1	CAK9308915.1
OG0001566	CAK9308917.1	CAK9308917.1
OG0001567	CAK9308919.1	CAK9308919.1
OG0001568	CAK9308920.1	CAK9308920.1
OG0001569	CAK9308921.1	CAK9308921.1
OG0001570	CAK9308922.1	CAK9308922.1
OG0001571	CAK9308923.1	CAK9308923.1
OG0001572	CAK9308924.1	CAK9308924.1
OG0001573	CAK9308925.1	CAK9308925.1
OG0001574	CAK9308926.1	CAK9308926.1
OG0001575	CAK9308927.1	CAK9308927.1
OG0001576	CAK9308928.1	CAK9308928.1
OG0001577	CAK9308929.1	CAK9308929.1
OG0001578	CAK9308930.1	CAK9308930.1
OG0001579	CAK9308931.1	CAK9308931.1
OG0001580	CAK9308932.1	CAK9308932.1
OG0001581	CAK9308935.1	CAK9308935.1
OG0001582	CAK9308936.1	CAK9308936.1
OG0001583	CAK9308937.1	CAK9308937.1
OG0001584	CAK9308938.1	CAK9308938.1
OG0001585	CAK9308939.1	CAK9308939.1
OG0001586	CAK9308940.1	CAK9308940.1
OG0001587	CAK9308941.1	CAK9308941.1
OG0001588	CAK9308942.1	CAK9308942.1
OG0001589	CAK9308943.1	CAK9308943.1
OG0001590	CAK9308944.1	CAK9308944.1
OG0001591	CAK9308945.1	CAK9308945.1
OG0001592	CAK9308946.1	CAK9308946.1
OG0001593	CAK9308947.1	CAK9308947.1
OG0001594	CAK9308948.1	CAK9308948.1
OG0001595	CAK9308949.1	CAK9308949.1
OG0001596	CAK9308950.1	CAK9308950.1
OG0001597	CAK9308951.1	CAK9308951.1
OG0001598	CAK9308952.1	CAK9308952.1
OG0001599	CAK9308954.1	CAK9308954.1
OG0001600	CAK9308955.1	CAK9308955.1
OG0001601	CAK9308956.1	CAK9308956.1
OG0001602	CAK9308957.1	CAK9308957.1
OG0001603	CAK9308958.1	CAK9308958.1
OG0001604	CAK9308959.1	CAK9308959.1
OG0001605	CAK9308960.1	CAK9308960.1
OG0001606	CAK9308961.1	CAK9308961.1
OG0001607	CAK9308962.1	CAK9308962.1
OG0001608	CAK9308963.1	CAK9308963.1
OG0001609	CAK9308964.1	CAK9308964.1
OG0001610	CAK9308965.1	CAK9308965.1
OG0001611	CAK9308967.1	CAK9308967.1
OG0001612	CAK9308968.1	CAK9308968.1
OG0001613	CAK9308969.1	CAK9308969.1
OG0001614	CAK9308971.1	CAK9308971.1
OG0001615	CAK9308972.1	CAK9308972.1
OG0001616	CAK9308973.1	CAK9308973.1
OG0001617	CAK9308974.1	CAK9308974.1
OG0001618	CAK9308975.1	CAK9308975.1
OG0001619	CAK9308976.1	CAK9308976.1
OG0001620	CAK9308977.1	CAK9308977.1
OG0001621	CAK9308978.1	CAK9308978.1
OG0001622	CAK9308980.1	CAK9308980.1
OG0001623	CAK9308981.1	CAK9308981.1
OG0001624	CAK9308982.1	CAK9308982.1
OG0001625	CAK9308983.1	CAK9308983.1
OG0001626	CAK9308984.1	CAK9308984.1
OG0001627	CAK9308985.1	CAK9308985.1
OG0001628	CAK9308986.1	CAK9308986.1
OG0001629	CAK9308987.1	CAK9308987.1
OG0001630	CAK9308988.1	CAK9308988.1
OG0001631	CAK9308989.1	CAK9308989.1
OG0001632	CAK9308990.1	CAK9308990.1
OG0001633	CAK9308991.1	CAK9308991.1
OG0001634	CAK9308992.1	CAK9308992.1
OG0001635	CAK9308993.1	CAK9308993.1
OG0001636	CAK9308994.1	CAK9308994.1
OG0001637	CAK9308995.1	CAK9308995.1
OG0001638	CAK9308996.1	CAK9308996.1
OG0001639	CAK9308997.1	CAK9308997.1
OG0001640	CAK9308998.1	CAK9308998.1
OG0001641	CAK9308999.1	CAK9308999.1
OG0001642	CAK9309000.1	CAK9309000.1
OG0001643	CAK9309001.1	CAK9309001.1
OG0001644	CAK9309002.1	CAK9309002.1
OG0001645	CAK9309003.1	CAK9309003.1
OG0001646	CAK9309006.1	CAK9309006.1
OG0001647	CAK9309007.1	CAK9309007.1
OG0001648	CAK9309008.1	CAK9309008.1
OG0001649	CAK9309009.1	CAK9309009.1
OG0001650	CAK9309010.1	CAK9309010.1
OG0001651	CAK9309011.1	CAK9309011.1
OG0001652	CAK9309012.1	CAK9309012.1
OG0001653	CAK9309013.1	CAK9309013.1
OG0001654	CAK9309014.1	CAK9309014.1
OG0001655	CAK9309015.1	CAK9309015.1
OG0001656	CAK9309016.1	CAK9309016.1
OG0001657	CAK9309017.1	CAK9309017.1
OG0001658	CAK9309018.1	CAK9309018.1
OG0001659	CAK9309019.1	CAK9309019.1
OG0001660	CAK9309020.1	CAK9309020.1
OG0001661	CAK9309021.1	CAK9309021.1
OG0001662	CAK9309022.1	CAK9309022.1
OG0001663	CAK9309023.1	CAK9309023.1
OG0001664	CAK9309024.1	CAK9309024.1
OG0001665	CAK9309025.1	CAK9309025.1
OG0001666	CAK9309026.1	CAK9309026.1
OG0001667	CAK9309028.1	CAK9309028.1
OG0001668	CAK9309029.1	CAK9309029.1
OG0001669	CAK9309031.1	CAK9309031.1
OG0001670	CAK9309032.1	CAK9309032.1
OG0001671	CAK9309033.1	CAK9309033.1
OG0001672	CAK9309035.1	CAK9309035.1
OG0001673	CAK9309036.1	CAK9309036.1
OG0001674	CAK9309037.1	CAK9309037.1
OG0001675	CAK9309038.1	CAK9309038.1
OG0001676	CAK9309039.1	CAK9309039.1
OG0001677	CAK9309040.1	CAK9309040.1
OG0001678	CAK9309041.1	CAK9309041.1
OG0001679	CAK9309042.1	CAK9309042.1
OG0001680	CAK9309043.1	CAK9309043.1
OG0001681	CAK9309044.1	CAK9309044.1
OG0001682	CAK9309045.1	CAK9309045.1
OG0001683	CAK9309046.1	CAK9309046.1
OG0001684	CAK9309047.1	CAK9309047.1
OG0001685	CAK9309048.1	CAK9309048.1
OG0001686	CAK9309049.1	CAK9309049.1
OG0001687	CAK9309050.1	CAK9309050.1
OG0001688	CAK9309052.1	CAK9309052.1
OG0001689	CAK9309053.1	CAK9309053.1
OG0001690	CAK9309054.1	CAK9309054.1
OG0001691	CAK9309055.1	CAK9309055.1
OG0001692	CAK9309056.1	CAK9309056.1
OG0001693	CAK9309057.1	CAK9309057.1
OG0001694	CAK9309058.1	CAK9309058.1
OG0001695	CAK9309059.1	CAK9309059.1
OG0001696	CAK9309060.1	CAK9309060.1
OG0001697	CAK9309061.1	CAK9309061.1
OG0001698	CAK9309062.1	CAK9309062.1
OG0001699	CAK9309063.1	CAK9309063.1
OG0001700	CAK9309064.1	CAK9309064.1
OG0001701	CAK9309065.1	CAK9309065.1
OG0001702	CAK9309066.1	CAK9309066.1
OG0001703	CAK9309067.1	CAK9309067.1
OG0001704	CAK9309068.1	CAK9309068.1
OG0001705	CAK9309070.1	CAK9309070.1
OG0001706	CAK9309072.1	CAK9309072.1
OG0001707	CAK9309073.1	CAK9309073.1
OG0001708	CAK9309074.1	CAK9309074.1
OG0001709	CAK9309075.1	CAK9309075.1
OG0001710	CAK9309076.1	CAK9309076.1
OG0001711	CAK9309077.1	CAK9309077.1
OG0001712	CAK9309078.1	CAK9309078.1
OG0001713	CAK9309079.1	CAK9309079.1
OG0001714	CAK9309084.1	CAK9309084.1
OG0001715	CAK9309085.1	CAK9309085.1
OG0001716	CAK9309086.1	CAK9309086.1
OG0001717	CAK9309088.1	CAK9309088.1
OG0001718	CAK9309089.1	CAK9309089.1
OG0001719	CAK9309090.1	CAK9309090.1
OG0001720	CAK9309092.1	CAK9309092.1
OG0001721	CAK9309095.1	CAK9309095.1
OG0001722	CAK9309096.1	CAK9309096.1
OG0001723	CAK9309097.1	CAK9309097.1
OG0001724	CAK9309098.1	CAK9309098.1
OG0001725	CAK9309099.1	CAK9309099.1
OG0001726	CAK9309100.1	CAK9309100.1
OG0001727	CAK9309101.1	CAK9309101.1
OG0001728	CAK9309102.1	CAK9309102.1
OG0001729	CAK9309103.1	CAK9309103.1
OG0001730	CAK9309104.1	CAK9309104.1
OG0001731	CAK9309107.1	CAK9309107.1
OG0001732	CAK9309108.1	CAK9309108.1
OG0001733	CAK9309109.1	CAK9309109.1
OG0001734	CAK9309110.1	CAK9309110.1
OG0001735	CAK9309111.1	CAK9309111.1
OG0001736	CAK9309112.1	CAK9309112.1
OG0001737	CAK9309113.1	CAK9309113.1
OG0001738	CAK9309115.1	CAK9309115.1
OG0001739	CAK9309116.1	CAK9309116.1
OG0001740	CAK9309117.1	CAK9309117.1
OG0001741	CAK9309118.1	CAK9309118.1
OG0001742	CAK9309119.1	CAK9309119.1
OG0001743	CAK9309120.1	CAK9309120.1
OG0001744	CAK9309121.1	CAK9309121.1
OG0001745	CAK9309122.1	CAK9309122.1
OG0001746	CAK9309123.1	CAK9309123.1
OG0001747	CAK9309124.1	CAK9309124.1
OG0001748	CAK9309125.1	CAK9309125.1
OG0001749	CAK9309126.1	CAK9309126.1
OG0001750	CAK9309128.1	CAK9309128.1
OG0001751	CAK9309129.1	CAK9309129.1
OG0001752	CAK9309130.1	CAK9309130.1
OG0001753	CAK9309131.1	CAK9309131.1
OG0001754	CAK9309133.1	CAK9309133.1
OG0001755	CAK9309134.1	CAK9309134.1
OG0001756	CAK9309135.1	CAK9309135.1
OG0001757	CAK9309136.1	CAK9309136.1
OG0001758	CAK9309137.1	CAK9309137.1
OG0001759	CAK9309138.1	CAK9309138.1
OG0001760	CAK9309139.1	CAK9309139.1
OG0001761	CAK9309140.1	CAK9309140.1
OG0001762	CAK9309141.1	CAK9309141.1
OG0001763	CAK9309142.1	CAK9309142.1
OG0001764	CAK9309144.1	CAK9309144.1
OG0001765	CAK9309145.1	CAK9309145.1
OG0001766	CAK9309146.1	CAK9309146.1
OG0001767	CAK9309147.1	CAK9309147.1
OG0001768	CAK9309148.1	CAK9309148.1
OG0001769	CAK9309149.1	CAK9309149.1
OG0001770	CAK9309150.1	CAK9309150.1
OG0001771	CAK9309151.1	CAK9309151.1
OG0001772	CAK9309152.1	CAK9309152.1
OG0001773	CAK9309153.1	CAK9309153.1
OG0001774	CAK9309154.1	CAK9309154.1
OG0001775	CAK9309155.1	CAK9309155.1
OG0001776	CAK9309156.1	CAK9309156.1
OG0001777	CAK9309158.1	CAK9309158.1
OG0001778	CAK9309159.1	CAK9309159.1
OG0001779	CAK9309160.1	CAK9309160.1
OG0001780	CAK9309161.1	CAK9309161.1
OG0001781	CAK9309162.1	CAK9309162.1
OG0001782	CAK9309163.1	CAK9309163.1
OG0001783	CAK9309164.1	CAK9309164.1
OG0001784	CAK9309165.1	CAK9309165.1
OG0001785	CAK9309166.1	CAK9309166.1
OG0001786	CAK9309167.1	CAK9309167.1
OG0001787	CAK9309168.1	CAK9309168.1
OG0001788	CAK9309169.1	CAK9309169.1
OG0001789	CAK9309170.1	CAK9309170.1
OG0001790	CAK9309171.1	CAK9309171.1
OG0001791	CAK9309172.1	CAK9309172.1
OG0001792	CAK9309173.1	CAK9309173.1
OG0001793	CAK9309174.1	CAK9309174.1
OG0001794	CAK9309176.1	CAK9309176.1
OG0001795	CAK9309177.1	CAK9309177.1
OG0001796	CAK9309178.1	CAK9309178.1
OG0001797	CAK9309179.1	CAK9309179.1
OG0001798	CAK9309180.1	CAK9309180.1
OG0001799	CAK9309185.1	CAK9309185.1
OG0001800	CAK9309186.1	CAK9309186.1
OG0001801	CAK9309187.1	CAK9309187.1
OG0001802	CAK9309188.1	CAK9309188.1
OG0001803	CAK9309189.1	CAK9309189.1
OG0001804	CAK9309190.1	CAK9309190.1
OG0001805	CAK9309191.1	CAK9309191.1
OG0001806	CAK9309192.1	CAK9309192.1
OG0001807	CAK9309193.1	CAK9309193.1
OG0001808	CAK9309194.1	CAK9309194.1
OG0001809	CAK9309195.1	CAK9309195.1
OG0001810	CAK9309196.1	CAK9309196.1
OG0001811	CAK9309198.1	CAK9309198.1
OG0001812	CAK9309199.1	CAK9309199.1
OG0001813	CAK9309200.1	CAK9309200.1
OG0001814	CAK9309201.1	CAK9309201.1
OG0001815	CAK9309202.1	CAK9309202.1
OG0001816	CAK9309203.1	CAK9309203.1
OG0001817	CAK9309204.1	CAK9309204.1
OG0001818	CAK9309205.1	CAK9309205.1
OG0001819	CAK9309206.1	CAK9309206.1
OG0001820	CAK9309207.1	CAK9309207.1
OG0001821	CAK9309208.1	CAK9309208.1
OG0001822	CAK9309209.1	CAK9309209.1
OG0001823	CAK9309210.1	CAK9309210.1
OG0001824	CAK9309211.1	CAK9309211.1
OG0001825	CAK9309215.1	CAK9309215.1
OG0001826	CAK9309216.1	CAK9309216.1
OG0001827	CAK9309217.1	CAK9309217.1
OG0001828	CAK9309218.1	CAK9309218.1
OG0001829	CAK9309219.1	CAK9309219.1
OG0001830	CAK9309220.1	CAK9309220.1
OG0001831	CAK9309222.1	CAK9309222.1
OG0001832	CAK9309223.1	CAK9309223.1
OG0001833	CAK9309224.1	CAK9309224.1
OG0001834	CAK9309225.1	CAK9309225.1
OG0001835	CAK9309226.1	CAK9309226.1
OG0001836	CAK9309227.1	CAK9309227.1
OG0001837	CAK9309228.1	CAK9309228.1
OG0001838	CAK9309229.1	CAK9309229.1
OG0001839	CAK9309234.1	CAK9309234.1
OG0001840	CAK9309235.1	CAK9309235.1
OG0001841	CAK9309236.1	CAK9309236.1
OG0001842	CAK9309239.1	CAK9309239.1
OG0001843	CAK9309240.1	CAK9309240.1
OG0001844	CAK9309241.1	CAK9309241.1
OG0001845	CAK9309242.1	CAK9309242.1
OG0001846	CAK9309243.1	CAK9309243.1
OG0001847	CAK9309244.1	CAK9309244.1
OG0001848	CAK9309245.1	CAK9309245.1
OG0001849	CAK9309246.1	CAK9309246.1
OG0001850	CAK9309247.1	CAK9309247.1
OG0001851	CAK9309248.1	CAK9309248.1
OG0001852	CAK9309249.1	CAK9309249.1
OG0001853	CAK9309251.1	CAK9309251.1
OG0001854	CAK9309252.1	CAK9309252.1
OG0001855	CAK9309254.1	CAK9309254.1
OG0001856	CAK9309255.1	CAK9309255.1
OG0001857	CAK9309256.1	CAK9309256.1
OG0001858	CAK9309257.1	CAK9309257.1
OG0001859	CAK9309258.1	CAK9309258.1
OG0001860	CAK9309259.1	CAK9309259.1
OG0001861	CAK9309260.1	CAK9309260.1
OG0001862	CAK9309261.1	CAK9309261.1
OG0001863	CAK9309262.1	CAK9309262.1
OG0001864	CAK9309263.1	CAK9309263.1
OG0001865	CAK9309264.1	CAK9309264.1
OG0001866	CAK9309265.1	CAK9309265.1
OG0001867	CAK9309266.1	CAK9309266.1
OG0001868	CAK9309267.1	CAK9309267.1
OG0001869	CAK9309268.1	CAK9309268.1
OG0001870	CAK9309269.1	CAK9309269.1
OG0001871	CAK9309270.1	CAK9309270.1
OG0001872	CAK9309271.1	CAK9309271.1
OG0001873	CAK9309272.1	CAK9309272.1
OG0001874	CAK9309273.1	CAK9309273.1
OG0001875	CAK9309274.1	CAK9309274.1
OG0001876	CAK9309275.1	CAK9309275.1
OG0001877	CAK9309276.1	CAK9309276.1
OG0001878	CAK9309277.1	CAK9309277.1
OG0001879	CAK9309278.1	CAK9309278.1
OG0001880	CAK9309279.1	CAK9309279.1
OG0001881	CAK9309280.1	CAK9309280.1
OG0001882	CAK9309281.1	CAK9309281.1
OG0001883	CAK9309282.1	CAK9309282.1
OG0001884	CAK9309283.1	CAK9309283.1
OG0001885	CAK9309284.1	CAK9309284.1
OG0001886	CAK9309285.1	CAK9309285.1
OG0001887	CAK9309286.1	CAK9309286.1
OG0001888	CAK9309287.1	CAK9309287.1
OG0001889	CAK9309288.1	CAK9309288.1
OG0001890	CAK9309289.1	CAK9309289.1
OG0001891	CAK9309290.1	CAK9309290.1
OG0001892	CAK9309291.1	CAK9309291.1
OG0001893	CAK9309292.1	CAK9309292.1
OG0001894	CAK9309293.1	CAK9309293.1
OG0001895	CAK9309294.1	CAK9309294.1
OG0001896	CAK9309295.1	CAK9309295.1
OG0001897	CAK9309296.1	CAK9309296.1
OG0001898	CAK9309297.1	CAK9309297.1
OG0001899	CAK9309298.1	CAK9309298.1
OG0001900	CAK9309299.1	CAK9309299.1
OG0001901	CAK9309300.1	CAK9309300.1
OG0001902	CAK9309301.1	CAK9309301.1
OG0001903	CAK9309302.1	CAK9309302.1
OG0001904	CAK9309303.1	CAK9309303.1
OG0001905	CAK9309304.1	CAK9309304.1
OG0001906	CAK9309305.1	CAK9309305.1
OG0001907	CAK9309306.1	CAK9309306.1
OG0001908	CAK9309307.1	CAK9309307.1
OG0001909	CAK9309308.1	CAK9309308.1
OG0001910	CAK9309309.1	CAK9309309.1
OG0001911	CAK9309310.1	CAK9309310.1
OG0001912	CAK9309311.1	CAK9309311.1
OG0001913	CAK9309312.1	CAK9309312.1
OG0001914	CAK9309313.1	CAK9309313.1
OG0001915	CAK9309314.1	CAK9309314.1
OG0001916	CAK9309315.1	CAK9309315.1
OG0001917	CAK9309316.1	CAK9309316.1
OG0001918	CAK9309317.1	CAK9309317.1
OG0001919	CAK9309318.1	CAK9309318.1
OG0001920	CAK9309319.1	CAK9309319.1
OG0001921	CAK9309320.1	CAK9309320.1
OG0001922	CAK9309321.1	CAK9309321.1
OG0001923	CAK9309322.1	CAK9309322.1
OG0001924	CAK9309323.1	CAK9309323.1
OG0001925	CAK9309324.1	CAK9309324.1
OG0001926	CAK9309325.1	CAK9309325.1
OG0001927	CAK9309326.1	CAK9309326.1
OG0001928	CAK9309327.1	CAK9309327.1
OG0001929	CAK9309328.1	CAK9309328.1
OG0001930	CAK9309329.1	CAK9309329.1
OG0001931	CAK9309330.1	CAK9309330.1
OG0001932	CAK9309331.1	CAK9309331.1
OG0001933	CAK9309332.1	CAK9309332.1
OG0001934	CAK9309333.1	CAK9309333.1
OG0001935	CAK9309334.1	CAK9309334.1
OG0001936	CAK9309335.1	CAK9309335.1
OG0001937	CAK9309336.1	CAK9309336.1
OG0001938	CAK9309337.1	CAK9309337.1
OG0001939	CAK9309338.1	CAK9309338.1
OG0001940	CAK9309339.1	CAK9309339.1
OG0001941	CAK9309340.1	CAK9309340.1
OG0001942	CAK9309341.1	CAK9309341.1
OG0001943	CAK9309342.1	CAK9309342.1
OG0001944	CAK9309344.1	CAK9309344.1
OG0001945	CAK9309345.1	CAK9309345.1
OG0001946	CAK9309346.1	CAK9309346.1
OG0001947	CAK9309349.1	CAK9309349.1
OG0001948	CAK9309350.1	CAK9309350.1
OG0001949	CAK9309351.1	CAK9309351.1
OG0001950	CAK9309352.1	CAK9309352.1
OG0001951	CAK9309353.1	CAK9309353.1
OG0001952	CAK9309354.1	CAK9309354.1
OG0001953	CAK9309355.1	CAK9309355.1
OG0001954	CAK9309356.1	CAK9309356.1
OG0001955	CAK9309359.1	CAK9309359.1
OG0001956	CAK9309361.1	CAK9309361.1
OG0001957	CAK9309362.1	CAK9309362.1
OG0001958	CAK9309363.1	CAK9309363.1
OG0001959	CAK9309364.1	CAK9309364.1
OG0001960	CAK9309365.1	CAK9309365.1
OG0001961	CAK9309366.1	CAK9309366.1
OG0001962	CAK9309367.1	CAK9309367.1
OG0001963	CAK9309368.1	CAK9309368.1
OG0001964	CAK9309369.1	CAK9309369.1
OG0001965	CAK9309370.1	CAK9309370.1
OG0001966	CAK9309371.1	CAK9309371.1
OG0001967	CAK9309372.1	CAK9309372.1
OG0001968	CAK9309373.1	CAK9309373.1
OG0001969	CAK9309374.1	CAK9309374.1
OG0001970	CAK9309377.1	CAK9309377.1
OG0001971	CAK9309378.1	CAK9309378.1
OG0001972	CAK9309379.1	CAK9309379.1
OG0001973	CAK9309380.1	CAK9309380.1
OG0001974	CAK9309381.1	CAK9309381.1
OG0001975	CAK9309382.1	CAK9309382.1
OG0001976	CAK9309383.1	CAK9309383.1
OG0001977	CAK9309386.1	CAK9309386.1
OG0001978	CAK9309387.1	CAK9309387.1
OG0001979	CAK9309388.1	CAK9309388.1
OG0001980	CAK9309389.1	CAK9309389.1
OG0001981	CAK9309391.1	CAK9309391.1
OG0001982	CAK9309392.1	CAK9309392.1
OG0001983	CAK9309393.1	CAK9309393.1
OG0001984	CAK9309394.1	CAK9309394.1
OG0001985	CAK9309395.1	CAK9309395.1
OG0001986	CAK9309396.1	CAK9309396.1
OG0001987	CAK9309397.1	CAK9309397.1
OG0001988	CAK9309398.1	CAK9309398.1
OG0001989	CAK9309399.1	CAK9309399.1
OG0001990	CAK9309400.1	CAK9309400.1
OG0001991	CAK9309401.1	CAK9309401.1
OG0001992	CAK9309402.1	CAK9309402.1
OG0001993	CAK9309404.1	CAK9309404.1
OG0001994	CAK9309405.1	CAK9309405.1
OG0001995	CAK9309406.1	CAK9309406.1
OG0001996	CAK9309407.1	CAK9309407.1
OG0001997	CAK9309408.1	CAK9309408.1
OG0001998	CAK9309409.1	CAK9309409.1
OG0001999	CAK9309410.1	CAK9309410.1
OG0002000	CAK9309411.1	CAK9309411.1
OG0002001	CAK9309412.1	CAK9309412.1
OG0002002	CAK9309413.1	CAK9309413.1
OG0002003	CAK9309414.1	CAK9309414.1
OG0002004	CAK9309415.1	CAK9309415.1
OG0002005	CAK9309416.1	CAK9309416.1
OG0002006	CAK9309417.1	CAK9309417.1
OG0002007	CAK9309418.1	CAK9309418.1
OG0002008	CAK9309420.1	CAK9309420.1
OG0002009	CAK9309423.1	CAK9309423.1
OG0002010	CAK9309424.1	CAK9309424.1
OG0002011	CAK9309425.1	CAK9309425.1
OG0002012	CAK9309426.1	CAK9309426.1
OG0002013	CAK9309427.1	CAK9309427.1
OG0002014	CAK9309428.1	CAK9309428.1
OG0002015	CAK9309429.1	CAK9309429.1
OG0002016	CAK9309430.1	CAK9309430.1
OG0002017	CAK9309431.1	CAK9309431.1
OG0002018	CAK9309432.1	CAK9309432.1
OG0002019	CAK9309433.1	CAK9309433.1
OG0002020	CAK9309434.1	CAK9309434.1
OG0002021	CAK9309436.1	CAK9309436.1
OG0002022	CAK9309437.1	CAK9309437.1
OG0002023	CAK9309438.1	CAK9309438.1
OG0002024	CAK9309439.1	CAK9309439.1
OG0002025	CAK9309440.1	CAK9309440.1
OG0002026	CAK9309441.1	CAK9309441.1
OG0002027	CAK9309442.1	CAK9309442.1
OG0002028	CAK9309443.1	CAK9309443.1
OG0002029	CAK9309445.1	CAK9309445.1
OG0002030	CAK9309446.1	CAK9309446.1
OG0002031	CAK9309447.1	CAK9309447.1
OG0002032	CAK9309448.1	CAK9309448.1
OG0002033	CAK9309449.1	CAK9309449.1
OG0002034	CAK9309450.1	CAK9309450.1
OG0002035	CAK9309451.1	CAK9309451.1
OG0002036	CAK9309452.1	CAK9309452.1
OG0002037	CAK9309453.1	CAK9309453.1
OG0002038	CAK9309454.1	CAK9309454.1
OG0002039	CAK9309455.1	CAK9309455.1
OG0002040	CAK9309457.1	CAK9309457.1
OG0002041	CAK9309458.1	CAK9309458.1
OG0002042	CAK9309459.1	CAK9309459.1
OG0002043	CAK9309460.1	CAK9309460.1
OG0002044	CAK9309464.1	CAK9309464.1
OG0002045	CAK9309465.1	CAK9309465.1
OG0002046	CAK9309466.1	CAK9309466.1
OG0002047	CAK9309467.1	CAK9309467.1
OG0002048	CAK9309468.1	CAK9309468.1
OG0002049	CAK9309469.1	CAK9309469.1
OG0002050	CAK9309470.1	CAK9309470.1
OG0002051	CAK9309471.1	CAK9309471.1
OG0002052	CAK9309472.1	CAK9309472.1
OG0002053	CAK9309473.1	CAK9309473.1
OG0002054	CAK9309474.1	CAK9309474.1
OG0002055	CAK9309475.1	CAK9309475.1
OG0002056	CAK9309476.1	CAK9309476.1
OG0002057	CAK9309479.1	CAK9309479.1
OG0002058	CAK9309481.1	CAK9309481.1
OG0002059	CAK9309482.1	CAK9309482.1
OG0002060	CAK9309483.1	CAK9309483.1
OG0002061	CAK9309484.1	CAK9309484.1
OG0002062	CAK9309485.1	CAK9309485.1
OG0002063	CAK9309487.1	CAK9309487.1
OG0002064	CAK9309489.1	CAK9309489.1
OG0002065	CAK9309491.1	CAK9309491.1
OG0002066	CAK9309492.1	CAK9309492.1
OG0002067	CAK9309493.1	CAK9309493.1
OG0002068	CAK9309494.1	CAK9309494.1
OG0002069	CAK9309495.1	CAK9309495.1
OG0002070	CAK9309496.1	CAK9309496.1
OG0002071	CAK9309497.1	CAK9309497.1
OG0002072	CAK9309498.1	CAK9309498.1
OG0002073	CAK9309499.1	CAK9309499.1
OG0002074	CAK9309500.1	CAK9309500.1
OG0002075	CAK9309501.1	CAK9309501.1
OG0002076	CAK9309502.1	CAK9309502.1
OG0002077	CAK9309504.1	CAK9309504.1
OG0002078	CAK9309505.1	CAK9309505.1
OG0002079	CAK9309506.1	CAK9309506.1
OG0002080	CAK9309507.1	CAK9309507.1
OG0002081	CAK9309508.1	CAK9309508.1
OG0002082	CAK9309509.1	CAK9309509.1
OG0002083	CAK9309510.1	CAK9309510.1
OG0002084	CAK9309511.1	CAK9309511.1
OG0002085	CAK9309512.1	CAK9309512.1
OG0002086	CAK9309513.1	CAK9309513.1
OG0002087	CAK9309514.1	CAK9309514.1
OG0002088	CAK9309515.1	CAK9309515.1
OG0002089	CAK9309516.1	CAK9309516.1
OG0002090	CAK9309517.1	CAK9309517.1
OG0002091	CAK9309518.1	CAK9309518.1
OG0002092	CAK9309519.1	CAK9309519.1
OG0002093	CAK9309520.1	CAK9309520.1
OG0002094	CAK9309521.1	CAK9309521.1
OG0002095	CAK9309522.1	CAK9309522.1
OG0002096	CAK9309523.1	CAK9309523.1
OG0002097	CAK9309524.1	CAK9309524.1
OG0002098	CAK9309525.1	CAK9309525.1
OG0002099	CAK9309526.1	CAK9309526.1
OG0002100	CAK9309527.1	CAK9309527.1
OG0002101	CAK9309528.1	CAK9309528.1
OG0002102	CAK9309529.1	CAK9309529.1
OG0002103	CAK9309530.1	CAK9309530.1
OG0002104	CAK9309531.1	CAK9309531.1
OG0002105	CAK9309532.1	CAK9309532.1
OG0002106	CAK9309533.1	CAK9309533.1
OG0002107	CAK9309534.1	CAK9309534.1
OG0002108	CAK9309535.1	CAK9309535.1
OG0002109	CAK9309536.1	CAK9309536.1
OG0002110	CAK9309537.1	CAK9309537.1
OG0002111	CAK9309538.1	CAK9309538.1
OG0002112	CAK9309539.1	CAK9309539.1
OG0002113	CAK9309540.1	CAK9309540.1
OG0002114	CAK9309541.1	CAK9309541.1
OG0002115	CAK9309543.1	CAK9309543.1
OG0002116	CAK9309544.1	CAK9309544.1
OG0002117	CAK9309545.1	CAK9309545.1
OG0002118	CAK9309546.1	CAK9309546.1
OG0002119	CAK9309547.1	CAK9309547.1
OG0002120	CAK9309548.1	CAK9309548.1
OG0002121	CAK9309549.1	CAK9309549.1
OG0002122	CAK9309551.1	CAK9309551.1
OG0002123	CAK9309552.1	CAK9309552.1
OG0002124	CAK9309553.1	CAK9309553.1
OG0002125	CAK9309554.1	CAK9309554.1
OG0002126	CAK9309555.1	CAK9309555.1
OG0002127	CAK9309556.1	CAK9309556.1
OG0002128	CAK9309557.1	CAK9309557.1
OG0002129	CAK9309558.1	CAK9309558.1
OG0002130	CAK9309559.1	CAK9309559.1
OG0002131	CAK9309560.1	CAK9309560.1
OG0002132	CAK9309561.1	CAK9309561.1
OG0002133	CAK9309562.1	CAK9309562.1
OG0002134	CAK9309563.1	CAK9309563.1
OG0002135	CAK9309564.1	CAK9309564.1
OG0002136	CAK9309565.1	CAK9309565.1
OG0002137	CAK9309566.1	CAK9309566.1
OG0002138	CAK9309567.1	CAK9309567.1
OG0002139	CAK9309568.1	CAK9309568.1
OG0002140	CAK9309569.1	CAK9309569.1
OG0002141	CAK9309570.1	CAK9309570.1
OG0002142	CAK9309571.1	CAK9309571.1
OG0002143	CAK9309572.1	CAK9309572.1
OG0002144	CAK9309573.1	CAK9309573.1
OG0002145	CAK9309574.1	CAK9309574.1
OG0002146	CAK9309576.1	CAK9309576.1
OG0002147	CAK9309577.1	CAK9309577.1
OG0002148	CAK9309578.1	CAK9309578.1
OG0002149	CAK9309579.1	CAK9309579.1
OG0002150	CAK9309580.1	CAK9309580.1
OG0002151	CAK9309581.1	CAK9309581.1
OG0002152	CAK9309582.1	CAK9309582.1
OG0002153	CAK9309583.1	CAK9309583.1
OG0002154	CAK9309585.1	CAK9309585.1
OG0002155	CAK9309586.1	CAK9309586.1
OG0002156	CAK9309587.1	CAK9309587.1
OG0002157	CAK9309588.1	CAK9309588.1
OG0002158	CAK9309589.1	CAK9309589.1
OG0002159	CAK9309590.1	CAK9309590.1
OG0002160	CAK9309591.1	CAK9309591.1
OG0002161	CAK9309592.1	CAK9309592.1
OG0002162	CAK9309593.1	CAK9309593.1
OG0002163	CAK9309594.1	CAK9309594.1
OG0002164	CAK9309595.1	CAK9309595.1
OG0002165	CAK9309596.1	CAK9309596.1
OG0002166	CAK9309597.1	CAK9309597.1
OG0002167	CAK9309598.1	CAK9309598.1
OG0002168	CAK9309599.1	CAK9309599.1
OG0002169	CAK9309600.1	CAK9309600.1
OG0002170	CAK9309601.1	CAK9309601.1
OG0002171	CAK9309602.1	CAK9309602.1
OG0002172	CAK9309603.1	CAK9309603.1
OG0002173	CAK9309604.1	CAK9309604.1
OG0002174	CAK9309605.1	CAK9309605.1
OG0002175	CAK9309607.1	CAK9309607.1
OG0002176	CAK9309608.1	CAK9309608.1
OG0002177	CAK9309609.1	CAK9309609.1
OG0002178	CAK9309610.1	CAK9309610.1
OG0002179	CAK9309611.1	CAK9309611.1
OG0002180	CAK9309612.1	CAK9309612.1
OG0002181	CAK9309613.1	CAK9309613.1
OG0002182	CAK9309615.1	CAK9309615.1
OG0002183	CAK9309616.1	CAK9309616.1
OG0002184	CAK9309617.1	CAK9309617.1
OG0002185	CAK9309618.1	CAK9309618.1
OG0002186	CAK9309619.1	CAK9309619.1
OG0002187	CAK9309620.1	CAK9309620.1
OG0002188	CAK9309621.1	CAK9309621.1
OG0002189	CAK9309622.1	CAK9309622.1
OG0002190	CAK9309623.1	CAK9309623.1
OG0002191	CAK9309624.1	CAK9309624.1
OG0002192	CAK9309625.1	CAK9309625.1
OG0002193	CAK9309626.1	CAK9309626.1
OG0002194	CAK9309627.1	CAK9309627.1
OG0002195	CAK9309630.1	CAK9309630.1
OG0002196	CAK9309631.1	CAK9309631.1
OG0002197	CAK9309632.1	CAK9309632.1
OG0002198	CAK9309633.1	CAK9309633.1
OG0002199	CAK9309634.1	CAK9309634.1
OG0002200	CAK9309635.1	CAK9309635.1
OG0002201	CAK9309636.1	CAK9309636.1
OG0002202	CAK9309637.1	CAK9309637.1
OG0002203	CAK9309638.1	CAK9309638.1
OG0002204	CAK9309639.1	CAK9309639.1
OG0002205	CAK9309640.1	CAK9309640.1
OG0002206	CAK9309641.1	CAK9309641.1
OG0002207	CAK9309643.1	CAK9309643.1
OG0002208	CAK9309644.1	CAK9309644.1
OG0002209	CAK9309645.1	CAK9309645.1
OG0002210	CAK9309646.1	CAK9309646.1
OG0002211	CAK9309647.1	CAK9309647.1
OG0002212	CAK9309648.1	CAK9309648.1
OG0002213	CAK9309655.1	CAK9309655.1
OG0002214	CAK9309656.1	CAK9309656.1
OG0002215	CAK9309657.1	CAK9309657.1
OG0002216	CAK9309658.1	CAK9309658.1
OG0002217	CAK9309659.1	CAK9309659.1
OG0002218	CAK9309660.1	CAK9309660.1
OG0002219	CAK9309661.1	CAK9309661.1
OG0002220	CAK9309662.1	CAK9309662.1
OG0002221	CAK9309663.1	CAK9309663.1
OG0002222	CAK9309664.1	CAK9309664.1
OG0002223	CAK9309665.1	CAK9309665.1
OG0002224	CAK9309666.1	CAK9309666.1
OG0002225	CAK9309667.1	CAK9309667.1
OG0002226	CAK9309669.1	CAK9309669.1
OG0002227	CAK9309670.1	CAK9309670.1
OG0002228	CAK9309671.1	CAK9309671.1
OG0002229	CAK9309672.1	CAK9309672.1
OG0002230	CAK9309673.1	CAK9309673.1
OG0002231	CAK9309674.1	CAK9309674.1
OG0002232	CAK9309675.1	CAK9309675.1
OG0002233	CAK9309676.1	CAK9309676.1
OG0002234	CAK9309677.1	CAK9309677.1
OG0002235	CAK9309678.1	CAK9309678.1
OG0002236	CAK9309679.1	CAK9309679.1
OG0002237	CAK9309680.1	CAK9309680.1
OG0002238	CAK9309681.1	CAK9309681.1
OG0002239	CAK9309682.1	CAK9309682.1
OG0002240	CAK9309683.1	CAK9309683.1
OG0002241	CAK9309684.1	CAK9309684.1
OG0002242	CAK9309685.1	CAK9309685.1
OG0002243	CAK9309687.1	CAK9309687.1
OG0002244	CAK9309689.1	CAK9309689.1
OG0002245	CAK9309690.1	CAK9309690.1
OG0002246	CAK9309691.1	CAK9309691.1
OG0002247	CAK9309692.1	CAK9309692.1
OG0002248	CAK9309693.1	CAK9309693.1
OG0002249	CAK9309695.1	CAK9309695.1
OG0002250	CAK9309696.1	CAK9309696.1
OG0002251	CAK9309697.1	CAK9309697.1
OG0002252	CAK9309699.1	CAK9309699.1
OG0002253	CAK9309700.1	CAK9309700.1
OG0002254	CAK9309701.1	CAK9309701.1
OG0002255	CAK9309702.1	CAK9309702.1
OG0002256	CAK9309703.1	CAK9309703.1
OG0002257	CAK9309704.1	CAK9309704.1
OG0002258	CAK9309705.1	CAK9309705.1
OG0002259	CAK9309706.1	CAK9309706.1
OG0002260	CAK9309707.1	CAK9309707.1
OG0002261	CAK9309708.1	CAK9309708.1
OG0002262	CAK9309709.1	CAK9309709.1
OG0002263	CAK9309711.1	CAK9309711.1
OG0002264	CAK9309712.1	CAK9309712.1
OG0002265	CAK9309713.1	CAK9309713.1
OG0002266	CAK9309714.1	CAK9309714.1
OG0002267	CAK9309715.1	CAK9309715.1
OG0002268	CAK9309717.1	CAK9309717.1
OG0002269	CAK9309718.1	CAK9309718.1
OG0002270	CAK9309719.1	CAK9309719.1
OG0002271	CAK9309721.1	CAK9309721.1
OG0002272	CAK9309724.1	CAK9309724.1
OG0002273	CAK9309725.1	CAK9309725.1
OG0002274	CAK9309726.1	CAK9309726.1
OG0002275	CAK9309727.1	CAK9309727.1
OG0002276	CAK9309728.1	CAK9309728.1
OG0002277	CAK9309729.1	CAK9309729.1
OG0002278	CAK9309730.1	CAK9309730.1
OG0002279	CAK9309731.1	CAK9309731.1
OG0002280	CAK9309732.1	CAK9309732.1
OG0002281	CAK9309733.1	CAK9309733.1
OG0002282	CAK9309734.1	CAK9309734.1
OG0002283	CAK9309735.1	CAK9309735.1
OG0002284	CAK9309736.1	CAK9309736.1
OG0002285	CAK9309737.1	CAK9309737.1
OG0002286	CAK9309738.1	CAK9309738.1
OG0002287	CAK9309739.1	CAK9309739.1
OG0002288	CAK9309741.1	CAK9309741.1
OG0002289	CAK9309743.1	CAK9309743.1
OG0002290	CAK9309744.1	CAK9309744.1
OG0002291	CAK9309745.1	CAK9309745.1
OG0002292	CAK9309746.1	CAK9309746.1
OG0002293	CAK9309747.1	CAK9309747.1
OG0002294	CAK9309748.1	CAK9309748.1
OG0002295	CAK9309749.1	CAK9309749.1
OG0002296	CAK9309750.1	CAK9309750.1
OG0002297	CAK9309751.1	CAK9309751.1
OG0002298	CAK9309753.1	CAK9309753.1
OG0002299	CAK9309754.1	CAK9309754.1
OG0002300	CAK9309755.1	CAK9309755.1
OG0002301	CAK9309756.1	CAK9309756.1
OG0002302	CAK9309757.1	CAK9309757.1
OG0002303	CAK9309759.1	CAK9309759.1
OG0002304	CAK9309760.1	CAK9309760.1
OG0002305	CAK9309761.1	CAK9309761.1
OG0002306	CAK9309762.1	CAK9309762.1
OG0002307	CAK9309763.1	CAK9309763.1
OG0002308	CAK9309764.1	CAK9309764.1
OG0002309	CAK9309766.1	CAK9309766.1
OG0002310	CAK9309768.1	CAK9309768.1
OG0002311	CAK9309769.1	CAK9309769.1
OG0002312	CAK9309770.1	CAK9309770.1
OG0002313	CAK9309772.1	CAK9309772.1
OG0002314	CAK9309773.1	CAK9309773.1
OG0002315	CAK9309774.1	CAK9309774.1
OG0002316	CAK9309775.1	CAK9309775.1
OG0002317	CAK9309776.1	CAK9309776.1
OG0002318	CAK9309777.1	CAK9309777.1
OG0002319	CAK9309778.1	CAK9309778.1
OG0002320	CAK9309779.1	CAK9309779.1
OG0002321	CAK9309780.1	CAK9309780.1
OG0002322	CAK9309781.1	CAK9309781.1
OG0002323	CAK9309782.1	CAK9309782.1
OG0002324	CAK9309783.1	CAK9309783.1
OG0002325	CAK9309784.1	CAK9309784.1
OG0002326	CAK9309785.1	CAK9309785.1
OG0002327	CAK9309786.1	CAK9309786.1
OG0002328	CAK9309787.1	CAK9309787.1
OG0002329	CAK9309788.1	CAK9309788.1
OG0002330	CAK9309789.1	CAK9309789.1
OG0002331	CAK9309790.1	CAK9309790.1
OG0002332	CAK9309791.1	CAK9309791.1
OG0002333	CAK9309792.1	CAK9309792.1
OG0002334	CAK9309793.1	CAK9309793.1
OG0002335	CAK9309794.1	CAK9309794.1
OG0002336	CAK9309795.1	CAK9309795.1
OG0002337	CAK9309796.1	CAK9309796.1
OG0002338	CAK9309797.1	CAK9309797.1
OG0002339	CAK9309798.1	CAK9309798.1
OG0002340	CAK9309799.1	CAK9309799.1
OG0002341	CAK9309800.1	CAK9309800.1
OG0002342	CAK9309801.1	CAK9309801.1
OG0002343	CAK9309802.1	CAK9309802.1
OG0002344	CAK9309803.1	CAK9309803.1
OG0002345	CAK9309804.1	CAK9309804.1
OG0002346	CAK9309805.1	CAK9309805.1
OG0002347	CAK9309806.1	CAK9309806.1
OG0002348	CAK9309807.1	CAK9309807.1
OG0002349	CAK9309808.1	CAK9309808.1
OG0002350	CAK9309809.1	CAK9309809.1
OG0002351	CAK9309810.1	CAK9309810.1
OG0002352	CAK9309811.1	CAK9309811.1
OG0002353	CAK9309812.1	CAK9309812.1
OG0002354	CAK9309813.1	CAK9309813.1
OG0002355	CAK9309814.1	CAK9309814.1
OG0002356	CAK9309815.1	CAK9309815.1
OG0002357	CAK9309817.1	CAK9309817.1
OG0002358	CAK9309818.1	CAK9309818.1
OG0002359	CAK9309819.1	CAK9309819.1
OG0002360	CAK9309820.1	CAK9309820.1
OG0002361	CAK9309821.1	CAK9309821.1
OG0002362	CAK9309822.1	CAK9309822.1
OG0002363	CAK9309825.1	CAK9309825.1
OG0002364	CAK9309827.1	CAK9309827.1
OG0002365	CAK9309828.1	CAK9309828.1
OG0002366	CAK9309829.1	CAK9309829.1
OG0002367	CAK9309830.1	CAK9309830.1
OG0002368	CAK9309831.1	CAK9309831.1
OG0002369	CAK9309832.1	CAK9309832.1
OG0002370	CAK9309833.1	CAK9309833.1
OG0002371	CAK9309834.1	CAK9309834.1
OG0002372	CAK9309835.1	CAK9309835.1
OG0002373	CAK9309836.1	CAK9309836.1
OG0002374	CAK9309837.1	CAK9309837.1
OG0002375	CAK9309838.1	CAK9309838.1
OG0002376	CAK9309839.1	CAK9309839.1
OG0002377	CAK9309840.1	CAK9309840.1
OG0002378	CAK9309841.1	CAK9309841.1
OG0002379	CAK9309843.1	CAK9309843.1
OG0002380	CAK9309844.1	CAK9309844.1
OG0002381	CAK9309845.1	CAK9309845.1
OG0002382	CAK9309846.1	CAK9309846.1
OG0002383	CAK9309847.1	CAK9309847.1
OG0002384	CAK9309849.1	CAK9309849.1
OG0002385	CAK9309850.1	CAK9309850.1
OG0002386	CAK9309851.1	CAK9309851.1
OG0002387	CAK9309852.1	CAK9309852.1
OG0002388	CAK9309853.1	CAK9309853.1
OG0002389	CAK9309854.1	CAK9309854.1
OG0002390	CAK9309855.1	CAK9309855.1
OG0002391	CAK9309856.1	CAK9309856.1
OG0002392	CAK9309857.1	CAK9309857.1
OG0002393	CAK9309858.1	CAK9309858.1
OG0002394	CAK9309859.1	CAK9309859.1
OG0002395	CAK9309860.1	CAK9309860.1
OG0002396	CAK9309861.1	CAK9309861.1
OG0002397	CAK9309862.1	CAK9309862.1
OG0002398	CAK9309863.1	CAK9309863.1
OG0002399	CAK9309864.1	CAK9309864.1
OG0002400	CAK9309865.1	CAK9309865.1
OG0002401	CAK9309866.1	CAK9309866.1
OG0002402	CAK9309867.1	CAK9309867.1
OG0002403	CAK9309868.1	CAK9309868.1
OG0002404	CAK9309869.1	CAK9309869.1
OG0002405	CAK9309870.1	CAK9309870.1
OG0002406	CAK9309871.1	CAK9309871.1
OG0002407	CAK9309872.1	CAK9309872.1
OG0002408	CAK9309874.1	CAK9309874.1
OG0002409	CAK9309875.1	CAK9309875.1
OG0002410	CAK9309876.1	CAK9309876.1
OG0002411	CAK9309877.1	CAK9309877.1
OG0002412	CAK9309878.1	CAK9309878.1
OG0002413	CAK9309879.1	CAK9309879.1
OG0002414	CAK9309880.1	CAK9309880.1
OG0002415	CAK9309881.1	CAK9309881.1
OG0002416	CAK9309882.1	CAK9309882.1
OG0002417	CAK9309883.1	CAK9309883.1
OG0002418	CAK9309884.1	CAK9309884.1
OG0002419	CAK9309885.1	CAK9309885.1
OG0002420	CAK9309886.1	CAK9309886.1
OG0002421	CAK9309887.1	CAK9309887.1
OG0002422	CAK9309888.1	CAK9309888.1
OG0002423	CAK9309889.1	CAK9309889.1
OG0002424	CAK9309890.1	CAK9309890.1
OG0002425	CAK9309892.1	CAK9309892.1
OG0002426	CAK9309893.1	CAK9309893.1
OG0002427	CAK9309894.1	CAK9309894.1
OG0002428	CAK9309895.1	CAK9309895.1
OG0002429	CAK9309896.1	CAK9309896.1
OG0002430	CAK9309897.1	CAK9309897.1
OG0002431	CAK9309899.1	CAK9309899.1
OG0002432	CAK9309900.1	CAK9309900.1
OG0002433	CAK9309901.1	CAK9309901.1
OG0002434	CAK9309902.1	CAK9309902.1
OG0002435	CAK9309903.1	CAK9309903.1
OG0002436	CAK9309904.1	CAK9309904.1
OG0002437	CAK9309905.1	CAK9309905.1
OG0002438	CAK9309906.1	CAK9309906.1
OG0002439	CAK9309907.1	CAK9309907.1
OG0002440	CAK9309908.1	CAK9309908.1
OG0002441	CAK9309909.1	CAK9309909.1
OG0002442	CAK9309910.1	CAK9309910.1
OG0002443	CAK9309911.1	CAK9309911.1
OG0002444	CAK9309912.1	CAK9309912.1
OG0002445	CAK9309913.1	CAK9309913.1
OG0002446	CAK9309914.1	CAK9309914.1
OG0002447	CAK9309915.1	CAK9309915.1
OG0002448	CAK9309916.1	CAK9309916.1
OG0002449	CAK9309918.1	CAK9309918.1
OG0002450	CAK9309919.1	CAK9309919.1
OG0002451	CAK9309920.1	CAK9309920.1
OG0002452	CAK9309922.1	CAK9309922.1
OG0002453	CAK9309923.1	CAK9309923.1
OG0002454	CAK9309924.1	CAK9309924.1
OG0002455	CAK9309925.1	CAK9309925.1
OG0002456	CAK9309926.1	CAK9309926.1
OG0002457	CAK9309927.1	CAK9309927.1
OG0002458	CAK9309928.1	CAK9309928.1
OG0002459	CAK9309929.1	CAK9309929.1
OG0002460	CAK9309930.1	CAK9309930.1
OG0002461	CAK9309931.1	CAK9309931.1
OG0002462	CAK9309932.1	CAK9309932.1
OG0002463	CAK9309933.1	CAK9309933.1
OG0002464	CAK9309934.1	CAK9309934.1
OG0002465	CAK9309935.1	CAK9309935.1
OG0002466	CAK9309936.1	CAK9309936.1
OG0002467	CAK9309937.1	CAK9309937.1
OG0002468	CAK9309938.1	CAK9309938.1
OG0002469	CAK9309939.1	CAK9309939.1
OG0002470	CAK9309940.1	CAK9309940.1
OG0002471	CAK9309941.1	CAK9309941.1
OG0002472	CAK9309942.1	CAK9309942.1
OG0002473	CAK9309943.1	CAK9309943.1
OG0002474	CAK9309944.1	CAK9309944.1
OG0002475	CAK9309945.1	CAK9309945.1
OG0002476	CAK9309946.1	CAK9309946.1
OG0002477	CAK9309948.1	CAK9309948.1
OG0002478	CAK9309949.1	CAK9309949.1
OG0002479	CAK9309950.1	CAK9309950.1
OG0002480	CAK9309951.1	CAK9309951.1
OG0002481	CAK9309952.1	CAK9309952.1
OG0002482	CAK9309953.1	CAK9309953.1
OG0002483	CAK9309954.1	CAK9309954.1
OG0002484	CAK9309955.1	CAK9309955.1
OG0002485	CAK9309956.1	CAK9309956.1
OG0002486	CAK9309957.1	CAK9309957.1
OG0002487	CAK9309958.1	CAK9309958.1
OG0002488	CAK9309959.1	CAK9309959.1
OG0002489	CAK9309960.1	CAK9309960.1
OG0002490	CAK9309962.1	CAK9309962.1
OG0002491	CAK9309963.1	CAK9309963.1
OG0002492	CAK9309965.1	CAK9309965.1
OG0002493	CAK9309966.1	CAK9309966.1
OG0002494	CAK9309967.1	CAK9309967.1
OG0002495	CAK9309969.1	CAK9309969.1
OG0002496	CAK9309970.1	CAK9309970.1
OG0002497	CAK9309972.1	CAK9309972.1
OG0002498	CAK9309973.1	CAK9309973.1
OG0002499	CAK9309974.1	CAK9309974.1
OG0002500	CAK9309975.1	CAK9309975.1
OG0002501	CAK9309976.1	CAK9309976.1
OG0002502	CAK9309977.1	CAK9309977.1
OG0002503	CAK9309978.1	CAK9309978.1
OG0002504	CAK9309979.1	CAK9309979.1
OG0002505	CAK9309980.1	CAK9309980.1
OG0002506	CAK9309981.1	CAK9309981.1
OG0002507	CAK9309982.1	CAK9309982.1
OG0002508	CAK9309983.1	CAK9309983.1
OG0002509	CAK9309984.1	CAK9309984.1
OG0002510	CAK9309985.1	CAK9309985.1
OG0002511	CAK9309986.1	CAK9309986.1
OG0002512	CAK9309987.1	CAK9309987.1
OG0002513	CAK9309988.1	CAK9309988.1
OG0002514	CAK9309989.1	CAK9309989.1
OG0002515	CAK9309990.1	CAK9309990.1
OG0002516	CAK9309991.1	CAK9309991.1
OG0002517	CAK9309992.1	CAK9309992.1
OG0002518	CAK9309993.1	CAK9309993.1
OG0002519	CAK9309994.1	CAK9309994.1
OG0002520	CAK9309996.1	CAK9309996.1
OG0002521	CAK9309998.1	CAK9309998.1
OG0002522	CAK9309999.1	CAK9309999.1
OG0002523	CAK9310000.1	CAK9310000.1
OG0002524	CAK9310001.1	CAK9310001.1
OG0002525	CAK9310002.1	CAK9310002.1
OG0002526	CAK9310003.1	CAK9310003.1
OG0002527	CAK9310004.1	CAK9310004.1
OG0002528	CAK9310005.1	CAK9310005.1
OG0002529	CAK9310006.1	CAK9310006.1
OG0002530	CAK9310007.1	CAK9310007.1
OG0002531	CAK9310009.1	CAK9310009.1
OG0002532	CAK9310011.1	CAK9310011.1
OG0002533	CAK9310012.1	CAK9310012.1
OG0002534	CAK9310013.1	CAK9310013.1
OG0002535	CAK9310014.1	CAK9310014.1
OG0002536	CAK9310015.1	CAK9310015.1
OG0002537	CAK9310016.1	CAK9310016.1
OG0002538	CAK9310017.1	CAK9310017.1
OG0002539	CAK9310018.1	CAK9310018.1
OG0002540	CAK9310019.1	CAK9310019.1
OG0002541	CAK9310020.1	CAK9310020.1
OG0002542	CAK9310021.1	CAK9310021.1
OG0002543	CAK9310022.1	CAK9310022.1
OG0002544	CAK9310023.1	CAK9310023.1
OG0002545	CAK9310024.1	CAK9310024.1
OG0002546	CAK9310025.1	CAK9310025.1
OG0002547	CAK9310026.1	CAK9310026.1
OG0002548	CAK9310027.1	CAK9310027.1
OG0002549	CAK9310029.1	CAK9310029.1
OG0002550	CAK9310032.1	CAK9310032.1
OG0002551	CAK9310033.1	CAK9310033.1
OG0002552	CAK9310034.1	CAK9310034.1
OG0002553	CAK9310035.1	CAK9310035.1
OG0002554	CAK9310036.1	CAK9310036.1
OG0002555	CAK9310037.1	CAK9310037.1
OG0002556	CAK9310038.1	CAK9310038.1
OG0002557	CAK9310039.1	CAK9310039.1
OG0002558	CAK9310040.1	CAK9310040.1
OG0002559	CAK9310041.1	CAK9310041.1
OG0002560	CAK9310042.1	CAK9310042.1
OG0002561	CAK9310043.1	CAK9310043.1
OG0002562	CAK9310044.1	CAK9310044.1
OG0002563	CAK9310045.1	CAK9310045.1
OG0002564	CAK9310046.1	CAK9310046.1
OG0002565	CAK9310047.1	CAK9310047.1
OG0002566	CAK9310048.1	CAK9310048.1
OG0002567	CAK9310049.1	CAK9310049.1
OG0002568	CAK9310050.1	CAK9310050.1
OG0002569	CAK9310051.1	CAK9310051.1
OG0002570	CAK9310052.1	CAK9310052.1
OG0002571	CAK9310053.1	CAK9310053.1
OG0002572	CAK9310054.1	CAK9310054.1
OG0002573	CAK9310055.1	CAK9310055.1
OG0002574	CAK9310056.1	CAK9310056.1
OG0002575	CAK9310057.1	CAK9310057.1
OG0002576	CAK9310058.1	CAK9310058.1
OG0002577	CAK9310059.1	CAK9310059.1
OG0002578	CAK9310060.1	CAK9310060.1
OG0002579	CAK9310061.1	CAK9310061.1
OG0002580	CAK9310062.1	CAK9310062.1
OG0002581	CAK9310063.1	CAK9310063.1
OG0002582	CAK9310064.1	CAK9310064.1
OG0002583	CAK9310065.1	CAK9310065.1
OG0002584	CAK9310066.1	CAK9310066.1
OG0002585	CAK9310067.1	CAK9310067.1
OG0002586	CAK9310068.1	CAK9310068.1
OG0002587	CAK9310069.1	CAK9310069.1
OG0002588	CAK9310070.1	CAK9310070.1
OG0002589	CAK9310071.1	CAK9310071.1
OG0002590	CAK9310072.1	CAK9310072.1
OG0002591	CAK9310073.1	CAK9310073.1
OG0002592	CAK9310074.1	CAK9310074.1
OG0002593	CAK9310075.1	CAK9310075.1
OG0002594	CAK9310076.1	CAK9310076.1
OG0002595	CAK9310078.1	CAK9310078.1
OG0002596	CAK9310079.1	CAK9310079.1
OG0002597	CAK9310080.1	CAK9310080.1
OG0002598	CAK9310081.1	CAK9310081.1
OG0002599	CAK9310082.1	CAK9310082.1
OG0002600	CAK9310083.1	CAK9310083.1
OG0002601	CAK9310086.1	CAK9310086.1
OG0002602	CAK9310087.1	CAK9310087.1
OG0002603	CAK9310088.1	CAK9310088.1
OG0002604	CAK9310089.1	CAK9310089.1
OG0002605	CAK9310090.1	CAK9310090.1
OG0002606	CAK9310091.1	CAK9310091.1
OG0002607	CAK9310092.1	CAK9310092.1
OG0002608	CAK9310093.1	CAK9310093.1
OG0002609	CAK9310094.1	CAK9310094.1
OG0002610	CAK9310095.1	CAK9310095.1
OG0002611	CAK9310096.1	CAK9310096.1
OG0002612	CAK9310097.1	CAK9310097.1
OG0002613	CAK9310100.1	CAK9310100.1
OG0002614	CAK9310101.1	CAK9310101.1
OG0002615	CAK9310102.1	CAK9310102.1
OG0002616	CAK9310103.1	CAK9310103.1
OG0002617	CAK9310104.1	CAK9310104.1
OG0002618	CAK9310105.1	CAK9310105.1
OG0002619	CAK9310106.1	CAK9310106.1
OG0002620	CAK9310107.1	CAK9310107.1
OG0002621	CAK9310108.1	CAK9310108.1
OG0002622	CAK9310110.1	CAK9310110.1
OG0002623	CAK9310111.1	CAK9310111.1
OG0002624	CAK9310112.1	CAK9310112.1
OG0002625	CAK9310113.1	CAK9310113.1
OG0002626	CAK9310114.1	CAK9310114.1
OG0002627	CAK9310115.1	CAK9310115.1
OG0002628	CAK9310116.1	CAK9310116.1
OG0002629	CAK9310117.1	CAK9310117.1
OG0002630	CAK9310118.1	CAK9310118.1
OG0002631	CAK9310119.1	CAK9310119.1
OG0002632	CAK9310120.1	CAK9310120.1
OG0002633	CAK9310122.1	CAK9310122.1
OG0002634	CAK9310123.1	CAK9310123.1
OG0002635	CAK9310124.1	CAK9310124.1
OG0002636	CAK9310125.1	CAK9310125.1
OG0002637	CAK9310126.1	CAK9310126.1
OG0002638	CAK9310127.1	CAK9310127.1
OG0002639	CAK9310130.1	CAK9310130.1
OG0002640	CAK9310131.1	CAK9310131.1
OG0002641	CAK9310133.1	CAK9310133.1
OG0002642	CAK9310134.1	CAK9310134.1
OG0002643	CAK9310135.1	CAK9310135.1
OG0002644	CAK9310136.1	CAK9310136.1
OG0002645	CAK9310137.1	CAK9310137.1
OG0002646	CAK9310139.1	CAK9310139.1
OG0002647	CAK9310140.1	CAK9310140.1
OG0002648	CAK9310141.1	CAK9310141.1
OG0002649	CAK9310142.1	CAK9310142.1
OG0002650	CAK9310143.1	CAK9310143.1
OG0002651	CAK9310145.1	CAK9310145.1
OG0002652	CAK9310146.1	CAK9310146.1
OG0002653	CAK9310147.1	CAK9310147.1
OG0002654	CAK9310148.1	CAK9310148.1
OG0002655	CAK9310149.1	CAK9310149.1
OG0002656	CAK9310150.1	CAK9310150.1
OG0002657	CAK9310151.1	CAK9310151.1
OG0002658	CAK9310152.1	CAK9310152.1
OG0002659	CAK9310154.1	CAK9310154.1
OG0002660	CAK9310155.1	CAK9310155.1
OG0002661	CAK9310156.1	CAK9310156.1
OG0002662	CAK9310157.1	CAK9310157.1
OG0002663	CAK9310158.1	CAK9310158.1
OG0002664	CAK9310159.1	CAK9310159.1
OG0002665	CAK9310160.1	CAK9310160.1
OG0002666	CAK9310161.1	CAK9310161.1
OG0002667	CAK9310162.1	CAK9310162.1
OG0002668	CAK9310164.1	CAK9310164.1
OG0002669	CAK9310165.1	CAK9310165.1
OG0002670	CAK9310167.1	CAK9310167.1
OG0002671	CAK9310168.1	CAK9310168.1
OG0002672	CAK9310169.1	CAK9310169.1
OG0002673	CAK9310170.1	CAK9310170.1
OG0002674	CAK9310171.1	CAK9310171.1
OG0002675	CAK9310174.1	CAK9310174.1
OG0002676	CAK9310176.1	CAK9310176.1
OG0002677	CAK9310177.1	CAK9310177.1
OG0002678	CAK9310178.1	CAK9310178.1
OG0002679	CAK9310179.1	CAK9310179.1
OG0002680	CAK9310180.1	CAK9310180.1
OG0002681	CAK9310181.1	CAK9310181.1
OG0002682	CAK9310182.1	CAK9310182.1
OG0002683	CAK9310183.1	CAK9310183.1
OG0002684	CAK9310184.1	CAK9310184.1
OG0002685	CAK9310185.1	CAK9310185.1
OG0002686	CAK9310186.1	CAK9310186.1
OG0002687	CAK9310187.1	CAK9310187.1
OG0002688	CAK9310188.1	CAK9310188.1
OG0002689	CAK9310189.1	CAK9310189.1
OG0002690	CAK9310190.1	CAK9310190.1
OG0002691	CAK9310191.1	CAK9310191.1
OG0002692	CAK9310192.1	CAK9310192.1
OG0002693	CAK9310193.1	CAK9310193.1
OG0002694	CAK9310194.1	CAK9310194.1
OG0002695	CAK9310195.1	CAK9310195.1
OG0002696	CAK9310196.1	CAK9310196.1
OG0002697	CAK9310198.1	CAK9310198.1
OG0002698	CAK9310199.1	CAK9310199.1
OG0002699	CAK9310200.1	CAK9310200.1
OG0002700	CAK9310201.1	CAK9310201.1
OG0002701	CAK9310202.1	CAK9310202.1
OG0002702	CAK9310203.1	CAK9310203.1
OG0002703	CAK9310204.1	CAK9310204.1
OG0002704	CAK9310205.1	CAK9310205.1
OG0002705	CAK9310206.1	CAK9310206.1
OG0002706	CAK9310207.1	CAK9310207.1
OG0002707	CAK9310208.1	CAK9310208.1
OG0002708	CAK9310209.1	CAK9310209.1
OG0002709	CAK9310213.1	CAK9310213.1
OG0002710	CAK9310214.1	CAK9310214.1
OG0002711	CAK9310215.1	CAK9310215.1
OG0002712	CAK9310216.1	CAK9310216.1
OG0002713	CAK9310217.1	CAK9310217.1
OG0002714	CAK9310219.1	CAK9310219.1
OG0002715	CAK9310220.1	CAK9310220.1
OG0002716	CAK9310222.1	CAK9310222.1
OG0002717	CAK9310223.1	CAK9310223.1
OG0002718	CAK9310225.1	CAK9310225.1
OG0002719	CAK9310226.1	CAK9310226.1
OG0002720	CAK9310227.1	CAK9310227.1
OG0002721	CAK9310228.1	CAK9310228.1
OG0002722	CAK9310229.1	CAK9310229.1
OG0002723	CAK9310231.1	CAK9310231.1
OG0002724	CAK9310232.1	CAK9310232.1
OG0002725	CAK9310233.1	CAK9310233.1
OG0002726	CAK9310234.1	CAK9310234.1
OG0002727	CAK9310235.1	CAK9310235.1
OG0002728	CAK9310236.1	CAK9310236.1
OG0002729	CAK9310237.1	CAK9310237.1
OG0002730	CAK9310238.1	CAK9310238.1
OG0002731	CAK9310239.1	CAK9310239.1
OG0002732	CAK9310240.1	CAK9310240.1
OG0002733	CAK9310241.1	CAK9310241.1
OG0002734	CAK9310243.1	CAK9310243.1
OG0002735	CAK9310244.1	CAK9310244.1
OG0002736	CAK9310247.1	CAK9310247.1
OG0002737	CAK9310248.1	CAK9310248.1
OG0002738	CAK9310249.1	CAK9310249.1
OG0002739	CAK9310250.1	CAK9310250.1
OG0002740	CAK9310251.1	CAK9310251.1
OG0002741	CAK9310252.1	CAK9310252.1
OG0002742	CAK9310253.1	CAK9310253.1
OG0002743	CAK9310254.1	CAK9310254.1
OG0002744	CAK9310256.1	CAK9310256.1
OG0002745	CAK9310257.1	CAK9310257.1
OG0002746	CAK9310258.1	CAK9310258.1
OG0002747	CAK9310259.1	CAK9310259.1
OG0002748	CAK9310260.1	CAK9310260.1
OG0002749	CAK9310261.1	CAK9310261.1
OG0002750	CAK9310262.1	CAK9310262.1
OG0002751	CAK9310263.1	CAK9310263.1
OG0002752	CAK9310264.1	CAK9310264.1
OG0002753	CAK9310265.1	CAK9310265.1
OG0002754	CAK9310266.1	CAK9310266.1
OG0002755	CAK9310269.1	CAK9310269.1
OG0002756	CAK9310270.1	CAK9310270.1
OG0002757	CAK9310271.1	CAK9310271.1
OG0002758	CAK9310272.1	CAK9310272.1
OG0002759	CAK9310273.1	CAK9310273.1
OG0002760	CAK9310274.1	CAK9310274.1
OG0002761	CAK9310275.1	CAK9310275.1
OG0002762	CAK9310276.1	CAK9310276.1
OG0002763	CAK9310277.1	CAK9310277.1
OG0002764	CAK9310278.1	CAK9310278.1
OG0002765	CAK9310279.1	CAK9310279.1
OG0002766	CAK9310281.1	CAK9310281.1
OG0002767	CAK9310282.1	CAK9310282.1
OG0002768	CAK9310284.1	CAK9310284.1
OG0002769	CAK9310285.1	CAK9310285.1
OG0002770	CAK9310286.1	CAK9310286.1
OG0002771	CAK9310287.1	CAK9310287.1
OG0002772	CAK9310288.1	CAK9310288.1
OG0002773	CAK9310289.1	CAK9310289.1
OG0002774	CAK9310290.1	CAK9310290.1
OG0002775	CAK9310291.1	CAK9310291.1
OG0002776	CAK9310292.1	CAK9310292.1
OG0002777	CAK9310293.1	CAK9310293.1
OG0002778	CAK9310294.1	CAK9310294.1
OG0002779	CAK9310295.1	CAK9310295.1
OG0002780	CAK9310296.1	CAK9310296.1
OG0002781	CAK9310298.1	CAK9310298.1
OG0002782	CAK9310299.1	CAK9310299.1
OG0002783	CAK9310300.1	CAK9310300.1
OG0002784	CAK9310301.1	CAK9310301.1
OG0002785	CAK9310302.1	CAK9310302.1
OG0002786	CAK9310303.1	CAK9310303.1
OG0002787	CAK9310304.1	CAK9310304.1
OG0002788	CAK9310305.1	CAK9310305.1
OG0002789	CAK9310306.1	CAK9310306.1
OG0002790	CAK9310307.1	CAK9310307.1
OG0002791	CAK9310310.1	CAK9310310.1
OG0002792	CAK9310311.1	CAK9310311.1
OG0002793	CAK9310312.1	CAK9310312.1
OG0002794	CAK9310313.1	CAK9310313.1
OG0002795	CAK9310314.1	CAK9310314.1
OG0002796	CAK9310315.1	CAK9310315.1
OG0002797	CAK9310316.1	CAK9310316.1
OG0002798	CAK9310317.1	CAK9310317.1
OG0002799	CAK9310318.1	CAK9310318.1
OG0002800	CAK9310319.1	CAK9310319.1
OG0002801	CAK9310320.1	CAK9310320.1
OG0002802	CAK9310321.1	CAK9310321.1
OG0002803	CAK9310322.1	CAK9310322.1
OG0002804	CAK9310328.1	CAK9310328.1
OG0002805	CAK9310329.1	CAK9310329.1
OG0002806	CAK9310330.1	CAK9310330.1
OG0002807	CAK9310331.1	CAK9310331.1
OG0002808	CAK9310334.1	CAK9310334.1
OG0002809	CAK9310335.1	CAK9310335.1
OG0002810	CAK9310336.1	CAK9310336.1
OG0002811	CAK9310337.1	CAK9310337.1
OG0002812	CAK9310338.1	CAK9310338.1
OG0002813	CAK9310339.1	CAK9310339.1
OG0002814	CAK9310342.1	CAK9310342.1
OG0002815	CAK9310343.1	CAK9310343.1
OG0002816	CAK9310344.1	CAK9310344.1
OG0002817	CAK9310345.1	CAK9310345.1
OG0002818	CAK9310346.1	CAK9310346.1
OG0002819	CAK9310347.1	CAK9310347.1
OG0002820	CAK9310348.1	CAK9310348.1
OG0002821	CAK9310349.1	CAK9310349.1
OG0002822	CAK9310350.1	CAK9310350.1
OG0002823	CAK9310351.1	CAK9310351.1
OG0002824	CAK9310352.1	CAK9310352.1
OG0002825	CAK9310353.1	CAK9310353.1
OG0002826	CAK9310354.1	CAK9310354.1
OG0002827	CAK9310357.1	CAK9310357.1
OG0002828	CAK9310359.1	CAK9310359.1
OG0002829	CAK9310360.1	CAK9310360.1
OG0002830	CAK9310361.1	CAK9310361.1
OG0002831	CAK9310362.1	CAK9310362.1
OG0002832	CAK9310363.1	CAK9310363.1
OG0002833	CAK9310364.1	CAK9310364.1
OG0002834	CAK9310365.1	CAK9310365.1
OG0002835	CAK9310366.1	CAK9310366.1
OG0002836	CAK9310367.1	CAK9310367.1
OG0002837	CAK9310368.1	CAK9310368.1
OG0002838	CAK9310369.1	CAK9310369.1
OG0002839	CAK9310370.1	CAK9310370.1
OG0002840	CAK9310371.1	CAK9310371.1
OG0002841	CAK9310372.1	CAK9310372.1
OG0002842	CAK9310373.1	CAK9310373.1
OG0002843	CAK9310374.1	CAK9310374.1
OG0002844	CAK9310375.1	CAK9310375.1
OG0002845	CAK9310376.1	CAK9310376.1
OG0002846	CAK9310377.1	CAK9310377.1
OG0002847	CAK9310378.1	CAK9310378.1
OG0002848	CAK9310380.1	CAK9310380.1
OG0002849	CAK9310381.1	CAK9310381.1
OG0002850	CAK9310382.1	CAK9310382.1
OG0002851	CAK9310383.1	CAK9310383.1
OG0002852	CAK9310384.1	CAK9310384.1
OG0002853	CAK9310385.1	CAK9310385.1
OG0002854	CAK9310386.1	CAK9310386.1
OG0002855	CAK9310387.1	CAK9310387.1
OG0002856	CAK9310388.1	CAK9310388.1
OG0002857	CAK9310389.1	CAK9310389.1
OG0002858	CAK9310390.1	CAK9310390.1
OG0002859	CAK9310391.1	CAK9310391.1
OG0002860	CAK9310392.1	CAK9310392.1
OG0002861	CAK9310393.1	CAK9310393.1
OG0002862	CAK9310394.1	CAK9310394.1
OG0002863	CAK9310395.1	CAK9310395.1
OG0002864	CAK9310396.1	CAK9310396.1
OG0002865	CAK9310397.1	CAK9310397.1
OG0002866	CAK9310398.1	CAK9310398.1
OG0002867	CAK9310399.1	CAK9310399.1
OG0002868	CAK9310400.1	CAK9310400.1
OG0002869	CAK9310401.1	CAK9310401.1
OG0002870	CAK9310402.1	CAK9310402.1
OG0002871	CAK9310403.1	CAK9310403.1
OG0002872	CAK9310405.1	CAK9310405.1
OG0002873	CAK9310407.1	CAK9310407.1
OG0002874	CAK9310408.1	CAK9310408.1
OG0002875	CAK9310409.1	CAK9310409.1
OG0002876	CAK9310410.1	CAK9310410.1
OG0002877	CAK9310411.1	CAK9310411.1
OG0002878	CAK9310412.1	CAK9310412.1
OG0002879	CAK9310413.1	CAK9310413.1
OG0002880	CAK9310414.1	CAK9310414.1
OG0002881	CAK9310415.1	CAK9310415.1
OG0002882	CAK9310416.1	CAK9310416.1
OG0002883	CAK9310417.1	CAK9310417.1
OG0002884	CAK9310418.1	CAK9310418.1
OG0002885	CAK9310419.1	CAK9310419.1
OG0002886	CAK9310420.1	CAK9310420.1
OG0002887	CAK9310421.1	CAK9310421.1
OG0002888	CAK9310422.1	CAK9310422.1
OG0002889	CAK9310423.1	CAK9310423.1
OG0002890	CAK9310424.1	CAK9310424.1
OG0002891	CAK9310425.1	CAK9310425.1
OG0002892	CAK9310426.1	CAK9310426.1
OG0002893	CAK9310427.1	CAK9310427.1
OG0002894	CAK9310428.1	CAK9310428.1
OG0002895	CAK9310429.1	CAK9310429.1
OG0002896	CAK9310430.1	CAK9310430.1
OG0002897	CAK9310431.1	CAK9310431.1
OG0002898	CAK9310432.1	CAK9310432.1
OG0002899	CAK9310434.1	CAK9310434.1
OG0002900	CAK9310435.1	CAK9310435.1
OG0002901	CAK9310436.1	CAK9310436.1
OG0002902	CAK9310437.1	CAK9310437.1
OG0002903	CAK9310438.1	CAK9310438.1
OG0002904	CAK9310439.1	CAK9310439.1
OG0002905	CAK9310444.1	CAK9310444.1
OG0002906	CAK9310445.1	CAK9310445.1
OG0002907	CAK9310446.1	CAK9310446.1
OG0002908	CAK9310447.1	CAK9310447.1
OG0002909	CAK9310448.1	CAK9310448.1
OG0002910	CAK9310449.1	CAK9310449.1
OG0002911	CAK9310450.1	CAK9310450.1
OG0002912	CAK9310451.1	CAK9310451.1
OG0002913	CAK9310452.1	CAK9310452.1
OG0002914	CAK9310453.1	CAK9310453.1
OG0002915	CAK9310454.1	CAK9310454.1
OG0002916	CAK9310455.1	CAK9310455.1
OG0002917	CAK9310456.1	CAK9310456.1
OG0002918	CAK9310457.1	CAK9310457.1
OG0002919	CAK9310458.1	CAK9310458.1
OG0002920	CAK9310459.1	CAK9310459.1
OG0002921	CAK9310460.1	CAK9310460.1
OG0002922	CAK9310461.1	CAK9310461.1
OG0002923	CAK9310462.1	CAK9310462.1
OG0002924	CAK9310465.1	CAK9310465.1
OG0002925	CAK9310466.1	CAK9310466.1
OG0002926	CAK9310468.1	CAK9310468.1
OG0002927	CAK9310469.1	CAK9310469.1
OG0002928	CAK9310470.1	CAK9310470.1
OG0002929	CAK9310471.1	CAK9310471.1
OG0002930	CAK9310472.1	CAK9310472.1
OG0002931	CAK9310473.1	CAK9310473.1
OG0002932	CAK9310474.1	CAK9310474.1
OG0002933	CAK9310475.1	CAK9310475.1
OG0002934	CAK9310476.1	CAK9310476.1
OG0002935	CAK9310477.1	CAK9310477.1
OG0002936	CAK9310478.1	CAK9310478.1
OG0002937	CAK9310479.1	CAK9310479.1
OG0002938	CAK9310482.1	CAK9310482.1
OG0002939	CAK9310483.1	CAK9310483.1
OG0002940	CAK9310484.1	CAK9310484.1
OG0002941	CAK9310485.1	CAK9310485.1
OG0002942	CAK9310487.1	CAK9310487.1
OG0002943	CAK9310489.1	CAK9310489.1
OG0002944	CAK9310490.1	CAK9310490.1
OG0002945	CAK9310493.1	CAK9310493.1
OG0002946	CAK9310495.1	CAK9310495.1
OG0002947	CAK9310496.1	CAK9310496.1
OG0002948	CAK9310497.1	CAK9310497.1
OG0002949	CAK9310498.1	CAK9310498.1
OG0002950	CAK9310499.1	CAK9310499.1
OG0002951	CAK9310500.1	CAK9310500.1
OG0002952	CAK9310501.1	CAK9310501.1
OG0002953	CAK9310502.1	CAK9310502.1
OG0002954	CAK9310503.1	CAK9310503.1
OG0002955	CAK9310504.1	CAK9310504.1
OG0002956	CAK9310505.1	CAK9310505.1
OG0002957	CAK9310506.1	CAK9310506.1
OG0002958	CAK9310507.1	CAK9310507.1
OG0002959	CAK9310509.1	CAK9310509.1
OG0002960	CAK9310510.1	CAK9310510.1
OG0002961	CAK9310511.1	CAK9310511.1
OG0002962	CAK9310512.1	CAK9310512.1
OG0002963	CAK9310513.1	CAK9310513.1
OG0002964	CAK9310514.1	CAK9310514.1
OG0002965	CAK9310517.1	CAK9310517.1
OG0002966	CAK9310518.1	CAK9310518.1
OG0002967	CAK9310519.1	CAK9310519.1
OG0002968	CAK9310520.1	CAK9310520.1
OG0002969	CAK9310521.1	CAK9310521.1
OG0002970	CAK9310522.1	CAK9310522.1
OG0002971	CAK9310523.1	CAK9310523.1
OG0002972	CAK9310524.1	CAK9310524.1
OG0002973	CAK9310525.1	CAK9310525.1
OG0002974	CAK9310526.1	CAK9310526.1
OG0002975	CAK9310527.1	CAK9310527.1
OG0002976	CAK9310528.1	CAK9310528.1
OG0002977	CAK9310529.1	CAK9310529.1
OG0002978	CAK9310530.1	CAK9310530.1
OG0002979	CAK9310531.1	CAK9310531.1
OG0002980	CAK9310533.1	CAK9310533.1
OG0002981	CAK9310535.1	CAK9310535.1
OG0002982	CAK9310536.1	CAK9310536.1
OG0002983	CAK9310537.1	CAK9310537.1
OG0002984	CAK9310538.1	CAK9310538.1
OG0002985	CAK9310539.1	CAK9310539.1
OG0002986	CAK9310540.1	CAK9310540.1
OG0002987	CAK9310541.1	CAK9310541.1
OG0002988	CAK9310542.1	CAK9310542.1
OG0002989	CAK9310543.1	CAK9310543.1
OG0002990	CAK9310544.1	CAK9310544.1
OG0002991	CAK9310545.1	CAK9310545.1
OG0002992	CAK9310546.1	CAK9310546.1
OG0002993	CAK9310547.1	CAK9310547.1
OG0002994	CAK9310548.1	CAK9310548.1
OG0002995	CAK9310549.1	CAK9310549.1
OG0002996	CAK9310551.1	CAK9310551.1
OG0002997	CAK9310552.1	CAK9310552.1
OG0002998	CAK9310553.1	CAK9310553.1
OG0002999	CAK9310554.1	CAK9310554.1
OG0003000	CAK9310555.1	CAK9310555.1
OG0003001	CAK9310556.1	CAK9310556.1
OG0003002	CAK9310557.1	CAK9310557.1
OG0003003	CAK9310558.1	CAK9310558.1
OG0003004	CAK9310559.1	CAK9310559.1
OG0003005	CAK9310560.1	CAK9310560.1
OG0003006	CAK9310561.1	CAK9310561.1
OG0003007	CAK9310562.1	CAK9310562.1
OG0003008	CAK9310563.1	CAK9310563.1
OG0003009	CAK9310564.1	CAK9310564.1
OG0003010	CAK9310565.1	CAK9310565.1
OG0003011	CAK9310566.1	CAK9310566.1
OG0003012	CAK9310567.1	CAK9310567.1
OG0003013	CAK9310568.1	CAK9310568.1
OG0003014	CAK9310569.1	CAK9310569.1
OG0003015	CAK9310570.1	CAK9310570.1
OG0003016	CAK9310571.1	CAK9310571.1
OG0003017	CAK9310572.1	CAK9310572.1
OG0003018	CAK9310574.1	CAK9310574.1
OG0003019	CAK9310575.1	CAK9310575.1
OG0003020	CAK9310576.1	CAK9310576.1
OG0003021	CAK9310578.1	CAK9310578.1
OG0003022	CAK9310579.1	CAK9310579.1
OG0003023	CAK9310580.1	CAK9310580.1
OG0003024	CAK9310581.1	CAK9310581.1
OG0003025	CAK9310582.1	CAK9310582.1
OG0003026	CAK9310583.1	CAK9310583.1
OG0003027	CAK9310584.1	CAK9310584.1
OG0003028	CAK9310585.1	CAK9310585.1
OG0003029	CAK9310586.1	CAK9310586.1
OG0003030	CAK9310587.1	CAK9310587.1
OG0003031	CAK9310588.1	CAK9310588.1
OG0003032	CAK9310589.1	CAK9310589.1
OG0003033	CAK9310590.1	CAK9310590.1
OG0003034	CAK9310591.1	CAK9310591.1
OG0003035	CAK9310592.1	CAK9310592.1
OG0003036	CAK9310593.1	CAK9310593.1
OG0003037	CAK9310594.1	CAK9310594.1
OG0003038	CAK9310595.1	CAK9310595.1
OG0003039	CAK9310597.1	CAK9310597.1
OG0003040	CAK9310599.1	CAK9310599.1
OG0003041	CAK9310600.1	CAK9310600.1
OG0003042	CAK9310601.1	CAK9310601.1
OG0003043	CAK9310602.1	CAK9310602.1
OG0003044	CAK9310603.1	CAK9310603.1
OG0003045	CAK9310605.1	CAK9310605.1
OG0003046	CAK9310606.1	CAK9310606.1
OG0003047	CAK9310607.1	CAK9310607.1
OG0003048	CAK9310608.1	CAK9310608.1
OG0003049	CAK9310609.1	CAK9310609.1
OG0003050	CAK9310610.1	CAK9310610.1
OG0003051	CAK9310611.1	CAK9310611.1
OG0003052	CAK9310612.1	CAK9310612.1
OG0003053	CAK9310614.1	CAK9310614.1
OG0003054	CAK9310615.1	CAK9310615.1
OG0003055	CAK9310616.1	CAK9310616.1
OG0003056	CAK9310617.1	CAK9310617.1
OG0003057	CAK9310618.1	CAK9310618.1
OG0003058	CAK9310619.1	CAK9310619.1
OG0003059	CAK9310620.1	CAK9310620.1
OG0003060	CAK9310621.1	CAK9310621.1
OG0003061	CAK9310622.1	CAK9310622.1
OG0003062	CAK9310623.1	CAK9310623.1
OG0003063	CAK9310624.1	CAK9310624.1
OG0003064	CAK9310625.1	CAK9310625.1
OG0003065	CAK9310627.1	CAK9310627.1
OG0003066	CAK9310629.1	CAK9310629.1
OG0003067	CAK9310631.1	CAK9310631.1
OG0003068	CAK9310632.1	CAK9310632.1
OG0003069	CAK9310633.1	CAK9310633.1
OG0003070	CAK9310634.1	CAK9310634.1
OG0003071	CAK9310635.1	CAK9310635.1
OG0003072	CAK9310636.1	CAK9310636.1
OG0003073	CAK9310638.1	CAK9310638.1
OG0003074	CAK9310641.1	CAK9310641.1
OG0003075	CAK9310642.1	CAK9310642.1
OG0003076	CAK9310643.1	CAK9310643.1
OG0003077	CAK9310644.1	CAK9310644.1
OG0003078	CAK9310645.1	CAK9310645.1
OG0003079	CAK9310648.1	CAK9310648.1
OG0003080	CAK9310649.1	CAK9310649.1
OG0003081	CAK9310650.1	CAK9310650.1
OG0003082	CAK9310651.1	CAK9310651.1
OG0003083	CAK9310652.1	CAK9310652.1
OG0003084	CAK9310653.1	CAK9310653.1
OG0003085	CAK9310654.1	CAK9310654.1
OG0003086	CAK9310655.1	CAK9310655.1
OG0003087	CAK9310656.1	CAK9310656.1
OG0003088	CAK9310657.1	CAK9310657.1
OG0003089	CAK9310658.1	CAK9310658.1
OG0003090	CAK9310659.1	CAK9310659.1
OG0003091	CAK9310660.1	CAK9310660.1
OG0003092	CAK9310661.1	CAK9310661.1
OG0003093	CAK9310662.1	CAK9310662.1
OG0003094	CAK9310663.1	CAK9310663.1
OG0003095	CAK9310665.1	CAK9310665.1
OG0003096	CAK9310666.1	CAK9310666.1
OG0003097	CAK9310667.1	CAK9310667.1
OG0003098	CAK9310668.1	CAK9310668.1
OG0003099	CAK9310669.1	CAK9310669.1
OG0003100	CAK9310670.1	CAK9310670.1
OG0003101	CAK9310671.1	CAK9310671.1
OG0003102	CAK9310672.1	CAK9310672.1
OG0003103	CAK9310673.1	CAK9310673.1
OG0003104	CAK9310675.1	CAK9310675.1
OG0003105	CAK9310677.1	CAK9310677.1
OG0003106	CAK9310678.1	CAK9310678.1
OG0003107	CAK9310681.1	CAK9310681.1
OG0003108	CAK9310682.1	CAK9310682.1
OG0003109	CAK9310683.1	CAK9310683.1
OG0003110	CAK9310684.1	CAK9310684.1
OG0003111	CAK9310685.1	CAK9310685.1
OG0003112	CAK9310686.1	CAK9310686.1
OG0003113	CAK9310687.1	CAK9310687.1
OG0003114	CAK9310688.1	CAK9310688.1
OG0003115	CAK9310689.1	CAK9310689.1
OG0003116	CAK9310690.1	CAK9310690.1
OG0003117	CAK9310691.1	CAK9310691.1
OG0003118	CAK9310692.1	CAK9310692.1
OG0003119	CAK9310693.1	CAK9310693.1
OG0003120	CAK9310694.1	CAK9310694.1
OG0003121	CAK9310695.1	CAK9310695.1
OG0003122	CAK9310696.1	CAK9310696.1
OG0003123	CAK9310697.1	CAK9310697.1
OG0003124	CAK9310698.1	CAK9310698.1
OG0003125	CAK9310699.1	CAK9310699.1
OG0003126	CAK9310700.1	CAK9310700.1
OG0003127	CAK9310701.1	CAK9310701.1
OG0003128	CAK9310702.1	CAK9310702.1
OG0003129	CAK9310703.1	CAK9310703.1
OG0003130	CAK9310704.1	CAK9310704.1
OG0003131	CAK9310705.1	CAK9310705.1
OG0003132	CAK9310706.1	CAK9310706.1
OG0003133	CAK9310708.1	CAK9310708.1
OG0003134	CAK9310709.1	CAK9310709.1
OG0003135	CAK9310711.1	CAK9310711.1
OG0003136	CAK9310712.1	CAK9310712.1
OG0003137	CAK9310713.1	CAK9310713.1
OG0003138	CAK9310714.1	CAK9310714.1
OG0003139	CAK9310715.1	CAK9310715.1
OG0003140	CAK9310716.1	CAK9310716.1
OG0003141	CAK9310717.1	CAK9310717.1
OG0003142	CAK9310718.1	CAK9310718.1
OG0003143	CAK9310719.1	CAK9310719.1
OG0003144	CAK9310720.1	CAK9310720.1
OG0003145	CAK9310722.1	CAK9310722.1
OG0003146	CAK9310724.1	CAK9310724.1
OG0003147	CAK9310725.1	CAK9310725.1
OG0003148	CAK9310726.1	CAK9310726.1
OG0003149	CAK9310727.1	CAK9310727.1
OG0003150	CAK9310728.1	CAK9310728.1
OG0003151	CAK9310729.1	CAK9310729.1
OG0003152	CAK9310730.1	CAK9310730.1
OG0003153	CAK9310731.1	CAK9310731.1
OG0003154	CAK9310732.1	CAK9310732.1
OG0003155	CAK9310733.1	CAK9310733.1
OG0003156	CAK9310734.1	CAK9310734.1
OG0003157	CAK9310735.1	CAK9310735.1
OG0003158	CAK9310736.1	CAK9310736.1
OG0003159	CAK9310737.1	CAK9310737.1
OG0003160	CAK9310739.1	CAK9310739.1
OG0003161	CAK9310740.1	CAK9310740.1
OG0003162	CAK9310741.1	CAK9310741.1
OG0003163	CAK9310742.1	CAK9310742.1
OG0003164	CAK9310744.1	CAK9310744.1
OG0003165	CAK9310745.1	CAK9310745.1
OG0003166	CAK9310746.1	CAK9310746.1
OG0003167	CAK9310747.1	CAK9310747.1
OG0003168	CAK9310748.1	CAK9310748.1
OG0003169	CAK9310749.1	CAK9310749.1
OG0003170	CAK9310750.1	CAK9310750.1
OG0003171	CAK9310751.1	CAK9310751.1
OG0003172	CAK9310752.1	CAK9310752.1
OG0003173	CAK9310753.1	CAK9310753.1
OG0003174	CAK9310754.1	CAK9310754.1
OG0003175	CAK9310755.1	CAK9310755.1
OG0003176	CAK9310756.1	CAK9310756.1
OG0003177	CAK9310757.1	CAK9310757.1
OG0003178	CAK9310760.1	CAK9310760.1
OG0003179	CAK9310761.1	CAK9310761.1
OG0003180	CAK9310762.1	CAK9310762.1
OG0003181	CAK9310763.1	CAK9310763.1
OG0003182	CAK9310764.1	CAK9310764.1
OG0003183	CAK9310765.1	CAK9310765.1
OG0003184	CAK9310766.1	CAK9310766.1
OG0003185	CAK9310767.1	CAK9310767.1
OG0003186	CAK9310768.1	CAK9310768.1
OG0003187	CAK9310769.1	CAK9310769.1
OG0003188	CAK9310770.1	CAK9310770.1
OG0003189	CAK9310773.1	CAK9310773.1
OG0003190	CAK9310774.1	CAK9310774.1
OG0003191	CAK9310775.1	CAK9310775.1
OG0003192	CAK9310776.1	CAK9310776.1
OG0003193	CAK9310777.1	CAK9310777.1
OG0003194	CAK9310780.1	CAK9310780.1
OG0003195	CAK9310781.1	CAK9310781.1
OG0003196	CAK9310782.1	CAK9310782.1
OG0003197	CAK9310783.1	CAK9310783.1
OG0003198	CAK9310784.1	CAK9310784.1
OG0003199	CAK9310785.1	CAK9310785.1
OG0003200	CAK9310786.1	CAK9310786.1
OG0003201	CAK9310787.1	CAK9310787.1
OG0003202	CAK9310788.1	CAK9310788.1
OG0003203	CAK9310789.1	CAK9310789.1
OG0003204	CAK9310790.1	CAK9310790.1
OG0003205	CAK9310791.1	CAK9310791.1
OG0003206	CAK9310792.1	CAK9310792.1
OG0003207	CAK9310793.1	CAK9310793.1
OG0003208	CAK9310794.1	CAK9310794.1
OG0003209	CAK9310795.1	CAK9310795.1
OG0003210	CAK9310796.1	CAK9310796.1
OG0003211	CAK9310798.1	CAK9310798.1
OG0003212	CAK9310801.1	CAK9310801.1
OG0003213	CAK9310802.1	CAK9310802.1
OG0003214	CAK9310803.1	CAK9310803.1
OG0003215	CAK9310804.1	CAK9310804.1
OG0003216	CAK9310805.1	CAK9310805.1
OG0003217	CAK9310806.1	CAK9310806.1
OG0003218	CAK9310807.1	CAK9310807.1
OG0003219	CAK9310810.1	CAK9310810.1
OG0003220	CAK9310811.1	CAK9310811.1
OG0003221	CAK9310812.1	CAK9310812.1
OG0003222	CAK9310813.1	CAK9310813.1
OG0003223	CAK9310814.1	CAK9310814.1
OG0003224	CAK9310815.1	CAK9310815.1
OG0003225	CAK9310816.1	CAK9310816.1
OG0003226	CAK9310817.1	CAK9310817.1
OG0003227	CAK9310818.1	CAK9310818.1
OG0003228	CAK9310819.1	CAK9310819.1
OG0003229	CAK9310820.1	CAK9310820.1
OG0003230	CAK9310821.1	CAK9310821.1
OG0003231	CAK9310822.1	CAK9310822.1
OG0003232	CAK9310823.1	CAK9310823.1
OG0003233	CAK9310824.1	CAK9310824.1
OG0003234	CAK9310825.1	CAK9310825.1
OG0003235	CAK9310826.1	CAK9310826.1
OG0003236	CAK9310827.1	CAK9310827.1
OG0003237	CAK9310828.1	CAK9310828.1
OG0003238	CAK9310829.1	CAK9310829.1
OG0003239	CAK9310830.1	CAK9310830.1
OG0003240	CAK9310831.1	CAK9310831.1
OG0003241	CAK9310832.1	CAK9310832.1
OG0003242	CAK9310833.1	CAK9310833.1
OG0003243	CAK9310834.1	CAK9310834.1
OG0003244	CAK9310835.1	CAK9310835.1
OG0003245	CAK9310836.1	CAK9310836.1
OG0003246	CAK9310837.1	CAK9310837.1
OG0003247	CAK9310838.1	CAK9310838.1
OG0003248	CAK9310839.1	CAK9310839.1
OG0003249	CAK9310840.1	CAK9310840.1
OG0003250	CAK9310841.1	CAK9310841.1
OG0003251	CAK9310843.1	CAK9310843.1
OG0003252	CAK9310844.1	CAK9310844.1
OG0003253	CAK9310846.1	CAK9310846.1
OG0003254	CAK9310847.1	CAK9310847.1
OG0003255	CAK9310848.1	CAK9310848.1
OG0003256	CAK9310849.1	CAK9310849.1
OG0003257	CAK9310851.1	CAK9310851.1
OG0003258	CAK9310852.1	CAK9310852.1
OG0003259	CAK9310853.1	CAK9310853.1
OG0003260	CAK9310854.1	CAK9310854.1
OG0003261	CAK9310855.1	CAK9310855.1
OG0003262	CAK9310856.1	CAK9310856.1
OG0003263	CAK9310857.1	CAK9310857.1
OG0003264	CAK9310858.1	CAK9310858.1
OG0003265	CAK9310859.1	CAK9310859.1
OG0003266	CAK9310860.1	CAK9310860.1
OG0003267	CAK9310861.1	CAK9310861.1
OG0003268	CAK9310862.1	CAK9310862.1
OG0003269	CAK9310864.1	CAK9310864.1
OG0003270	CAK9310865.1	CAK9310865.1
OG0003271	CAK9310866.1	CAK9310866.1
OG0003272	CAK9310867.1	CAK9310867.1
OG0003273	CAK9310868.1	CAK9310868.1
OG0003274	CAK9310869.1	CAK9310869.1
OG0003275	CAK9310870.1	CAK9310870.1
OG0003276	CAK9310871.1	CAK9310871.1
OG0003277	CAK9310872.1	CAK9310872.1
OG0003278	CAK9310873.1	CAK9310873.1
OG0003279	CAK9310874.1	CAK9310874.1
OG0003280	CAK9310875.1	CAK9310875.1
OG0003281	CAK9310876.1	CAK9310876.1
OG0003282	CAK9310877.1	CAK9310877.1
OG0003283	CAK9310878.1	CAK9310878.1
OG0003284	CAK9310879.1	CAK9310879.1
OG0003285	CAK9310880.1	CAK9310880.1
OG0003286	CAK9310881.1	CAK9310881.1
OG0003287	CAK9310882.1	CAK9310882.1
OG0003288	CAK9310883.1	CAK9310883.1
OG0003289	CAK9310884.1	CAK9310884.1
OG0003290	CAK9310885.1	CAK9310885.1
OG0003291	CAK9310888.1	CAK9310888.1
OG0003292	CAK9310889.1	CAK9310889.1
OG0003293	CAK9310890.1	CAK9310890.1
OG0003294	CAK9310891.1	CAK9310891.1
OG0003295	CAK9310892.1	CAK9310892.1
OG0003296	CAK9310893.1	CAK9310893.1
OG0003297	CAK9310894.1	CAK9310894.1
OG0003298	CAK9310896.1	CAK9310896.1
OG0003299	CAK9310897.1	CAK9310897.1
OG0003300	CAK9310898.1	CAK9310898.1
OG0003301	CAK9310899.1	CAK9310899.1
OG0003302	CAK9310900.1	CAK9310900.1
OG0003303	CAK9310901.1	CAK9310901.1
OG0003304	CAK9310902.1	CAK9310902.1
OG0003305	CAK9310903.1	CAK9310903.1
OG0003306	CAK9310904.1	CAK9310904.1
OG0003307	CAK9310905.1	CAK9310905.1
OG0003308	CAK9310906.1	CAK9310906.1
OG0003309	CAK9310907.1	CAK9310907.1
OG0003310	CAK9310908.1	CAK9310908.1
OG0003311	CAK9310909.1	CAK9310909.1
OG0003312	CAK9310910.1	CAK9310910.1
OG0003313	CAK9310911.1	CAK9310911.1
OG0003314	CAK9310912.1	CAK9310912.1
OG0003315	CAK9310913.1	CAK9310913.1
OG0003316	CAK9310914.1	CAK9310914.1
OG0003317	CAK9310916.1	CAK9310916.1
OG0003318	CAK9310917.1	CAK9310917.1
OG0003319	CAK9310918.1	CAK9310918.1
OG0003320	CAK9310919.1	CAK9310919.1
OG0003321	CAK9310920.1	CAK9310920.1
OG0003322	CAK9310921.1	CAK9310921.1
OG0003323	CAK9310922.1	CAK9310922.1
OG0003324	CAK9310923.1	CAK9310923.1
OG0003325	CAK9310924.1	CAK9310924.1
OG0003326	CAK9310925.1	CAK9310925.1
OG0003327	CAK9310928.1	CAK9310928.1
OG0003328	CAK9310929.1	CAK9310929.1
OG0003329	CAK9310930.1	CAK9310930.1
OG0003330	CAK9310931.1	CAK9310931.1
OG0003331	CAK9310932.1	CAK9310932.1
OG0003332	CAK9310933.1	CAK9310933.1
OG0003333	CAK9310934.1	CAK9310934.1
OG0003334	CAK9310935.1	CAK9310935.1
OG0003335	CAK9310936.1	CAK9310936.1
OG0003336	CAK9310937.1	CAK9310937.1
OG0003337	CAK9310939.1	CAK9310939.1
OG0003338	CAK9310941.1	CAK9310941.1
OG0003339	CAK9310942.1	CAK9310942.1
OG0003340	CAK9310943.1	CAK9310943.1
OG0003341	CAK9310945.1	CAK9310945.1
OG0003342	CAK9310948.1	CAK9310948.1
OG0003343	CAK9310949.1	CAK9310949.1
OG0003344	CAK9310950.1	CAK9310950.1
OG0003345	CAK9310951.1	CAK9310951.1
OG0003346	CAK9310952.1	CAK9310952.1
OG0003347	CAK9310953.1	CAK9310953.1
OG0003348	CAK9310954.1	CAK9310954.1
OG0003349	CAK9310955.1	CAK9310955.1
OG0003350	CAK9310956.1	CAK9310956.1
OG0003351	CAK9310957.1	CAK9310957.1
OG0003352	CAK9310958.1	CAK9310958.1
OG0003353	CAK9310959.1	CAK9310959.1
OG0003354	CAK9310960.1	CAK9310960.1
OG0003355	CAK9310961.1	CAK9310961.1
OG0003356	CAK9310964.1	CAK9310964.1
OG0003357	CAK9310965.1	CAK9310965.1
OG0003358	CAK9310966.1	CAK9310966.1
OG0003359	CAK9310967.1	CAK9310967.1
OG0003360	CAK9310969.1	CAK9310969.1
OG0003361	CAK9310971.1	CAK9310971.1
OG0003362	CAK9310972.1	CAK9310972.1
OG0003363	CAK9310973.1	CAK9310973.1
OG0003364	CAK9310974.1	CAK9310974.1
OG0003365	CAK9310975.1	CAK9310975.1
OG0003366	CAK9310976.1	CAK9310976.1
OG0003367	CAK9310977.1	CAK9310977.1
OG0003368	CAK9310978.1	CAK9310978.1
OG0003369	CAK9310979.1	CAK9310979.1
OG0003370	CAK9310980.1	CAK9310980.1
OG0003371	CAK9310981.1	CAK9310981.1
OG0003372	CAK9310982.1	CAK9310982.1
OG0003373	CAK9310983.1	CAK9310983.1
OG0003374	CAK9310984.1	CAK9310984.1
OG0003375	CAK9310985.1	CAK9310985.1
OG0003376	CAK9310986.1	CAK9310986.1
OG0003377	CAK9310987.1	CAK9310987.1
OG0003378	CAK9310988.1	CAK9310988.1
OG0003379	CAK9310989.1	CAK9310989.1
OG0003380	CAK9310990.1	CAK9310990.1
OG0003381	CAK9310991.1	CAK9310991.1
OG0003382	CAK9310993.1	CAK9310993.1
OG0003383	CAK9310994.1	CAK9310994.1
OG0003384	CAK9310995.1	CAK9310995.1
OG0003385	CAK9310996.1	CAK9310996.1
OG0003386	CAK9310997.1	CAK9310997.1
OG0003387	CAK9310998.1	CAK9310998.1
OG0003388	CAK9310999.1	CAK9310999.1
OG0003389	CAK9311000.1	CAK9311000.1
OG0003390	CAK9311001.1	CAK9311001.1
OG0003391	CAK9311002.1	CAK9311002.1
OG0003392	CAK9311003.1	CAK9311003.1
OG0003393	CAK9311005.1	CAK9311005.1
OG0003394	CAK9311007.1	CAK9311007.1
OG0003395	CAK9311008.1	CAK9311008.1
OG0003396	CAK9311009.1	CAK9311009.1
OG0003397	CAK9311010.1	CAK9311010.1
OG0003398	CAK9311011.1	CAK9311011.1
OG0003399	CAK9311012.1	CAK9311012.1
OG0003400	CAK9311013.1	CAK9311013.1
OG0003401	CAK9311014.1	CAK9311014.1
OG0003402	CAK9311015.1	CAK9311015.1
OG0003403	CAK9311016.1	CAK9311016.1
OG0003404	CAK9311017.1	CAK9311017.1
OG0003405	CAK9311019.1	CAK9311019.1
OG0003406	CAK9311020.1	CAK9311020.1
OG0003407	CAK9311023.1	CAK9311023.1
OG0003408	CAK9311026.1	CAK9311026.1
OG0003409	CAK9311027.1	CAK9311027.1
OG0003410	CAK9311029.1	CAK9311029.1
OG0003411	CAK9311030.1	CAK9311030.1
OG0003412	CAK9311031.1	CAK9311031.1
OG0003413	CAK9311032.1	CAK9311032.1
OG0003414	CAK9311033.1	CAK9311033.1
OG0003415	CAK9311034.1	CAK9311034.1
OG0003416	CAK9311035.1	CAK9311035.1
OG0003417	CAK9311037.1	CAK9311037.1
OG0003418	CAK9311038.1	CAK9311038.1
OG0003419	CAK9311040.1	CAK9311040.1
OG0003420	CAK9311041.1	CAK9311041.1
OG0003421	CAK9311043.1	CAK9311043.1
OG0003422	CAK9311044.1	CAK9311044.1
OG0003423	CAK9311045.1	CAK9311045.1
OG0003424	CAK9311046.1	CAK9311046.1
OG0003425	CAK9311047.1	CAK9311047.1
OG0003426	CAK9311049.1	CAK9311049.1
OG0003427	CAK9311051.1	CAK9311051.1
OG0003428	CAK9311052.1	CAK9311052.1
OG0003429	CAK9311053.1	CAK9311053.1
OG0003430	CAK9311054.1	CAK9311054.1
OG0003431	CAK9311055.1	CAK9311055.1
OG0003432	CAK9311056.1	CAK9311056.1
OG0003433	CAK9311057.1	CAK9311057.1
OG0003434	CAK9311058.1	CAK9311058.1
OG0003435	CAK9311059.1	CAK9311059.1
OG0003436	CAK9311060.1	CAK9311060.1
OG0003437	CAK9311062.1	CAK9311062.1
OG0003438	CAK9311064.1	CAK9311064.1
OG0003439	CAK9311065.1	CAK9311065.1
OG0003440	CAK9311066.1	CAK9311066.1
OG0003441	CAK9311067.1	CAK9311067.1
OG0003442	CAK9311068.1	CAK9311068.1
OG0003443	CAK9311069.1	CAK9311069.1
OG0003444	CAK9311070.1	CAK9311070.1
OG0003445	CAK9311071.1	CAK9311071.1
OG0003446	CAK9311072.1	CAK9311072.1
OG0003447	CAK9311073.1	CAK9311073.1
OG0003448	CAK9311075.1	CAK9311075.1
OG0003449	CAK9311076.1	CAK9311076.1
OG0003450	CAK9311077.1	CAK9311077.1
OG0003451	CAK9311078.1	CAK9311078.1
OG0003452	CAK9311079.1	CAK9311079.1
OG0003453	CAK9311080.1	CAK9311080.1
OG0003454	CAK9311082.1	CAK9311082.1
OG0003455	CAK9311083.1	CAK9311083.1
OG0003456	CAK9311085.1	CAK9311085.1
OG0003457	CAK9311086.1	CAK9311086.1
OG0003458	CAK9311092.1	CAK9311092.1
OG0003459	CAK9311093.1	CAK9311093.1
OG0003460	CAK9311094.1	CAK9311094.1
OG0003461	CAK9311095.1	CAK9311095.1
OG0003462	CAK9311096.1	CAK9311096.1
OG0003463	CAK9311097.1	CAK9311097.1
OG0003464	CAK9311098.1	CAK9311098.1
OG0003465	CAK9311099.1	CAK9311099.1
OG0003466	CAK9311100.1	CAK9311100.1
OG0003467	CAK9311101.1	CAK9311101.1
OG0003468	CAK9311102.1	CAK9311102.1
OG0003469	CAK9311103.1	CAK9311103.1
OG0003470	CAK9311104.1	CAK9311104.1
OG0003471	CAK9311105.1	CAK9311105.1
OG0003472	CAK9311106.1	CAK9311106.1
OG0003473	CAK9311107.1	CAK9311107.1
OG0003474	CAK9311108.1	CAK9311108.1
OG0003475	CAK9311109.1	CAK9311109.1
OG0003476	CAK9311111.1	CAK9311111.1
OG0003477	CAK9311112.1	CAK9311112.1
OG0003478	CAK9311113.1	CAK9311113.1
OG0003479	CAK9311114.1	CAK9311114.1
OG0003480	CAK9311117.1	CAK9311117.1
OG0003481	CAK9311118.1	CAK9311118.1
OG0003482	CAK9311119.1	CAK9311119.1
OG0003483	CAK9311120.1	CAK9311120.1
OG0003484	CAK9311121.1	CAK9311121.1
OG0003485	CAK9311122.1	CAK9311122.1
OG0003486	CAK9311123.1	CAK9311123.1
OG0003487	CAK9311124.1	CAK9311124.1
OG0003488	CAK9311125.1	CAK9311125.1
OG0003489	CAK9311127.1	CAK9311127.1
OG0003490	CAK9311131.1	CAK9311131.1
OG0003491	CAK9311132.1	CAK9311132.1
OG0003492	CAK9311133.1	CAK9311133.1
OG0003493	CAK9311134.1	CAK9311134.1
OG0003494	CAK9311135.1	CAK9311135.1
OG0003495	CAK9311136.1	CAK9311136.1
OG0003496	CAK9311137.1	CAK9311137.1
OG0003497	CAK9311138.1	CAK9311138.1
OG0003498	CAK9311139.1	CAK9311139.1
OG0003499	CAK9311140.1	CAK9311140.1
OG0003500	CAK9311141.1	CAK9311141.1
OG0003501	CAK9311144.1	CAK9311144.1
OG0003502	CAK9311145.1	CAK9311145.1
OG0003503	CAK9311147.1	CAK9311147.1
OG0003504	CAK9311148.1	CAK9311148.1
OG0003505	CAK9311149.1	CAK9311149.1
OG0003506	CAK9311150.1	CAK9311150.1
OG0003507	CAK9311151.1	CAK9311151.1
OG0003508	CAK9311152.1	CAK9311152.1
OG0003509	CAK9311153.1	CAK9311153.1
OG0003510	CAK9311154.1	CAK9311154.1
OG0003511	CAK9311155.1	CAK9311155.1
OG0003512	CAK9311156.1	CAK9311156.1
OG0003513	CAK9311157.1	CAK9311157.1
OG0003514	CAK9311159.1	CAK9311159.1
OG0003515	CAK9311160.1	CAK9311160.1
OG0003516	CAK9311161.1	CAK9311161.1
OG0003517	CAK9311163.1	CAK9311163.1
OG0003518	CAK9311164.1	CAK9311164.1
OG0003519	CAK9311165.1	CAK9311165.1
OG0003520	CAK9311166.1	CAK9311166.1
OG0003521	CAK9311167.1	CAK9311167.1
OG0003522	CAK9311168.1	CAK9311168.1
OG0003523	CAK9311169.1	CAK9311169.1
OG0003524	CAK9311170.1	CAK9311170.1
OG0003525	CAK9311171.1	CAK9311171.1
OG0003526	CAK9311172.1	CAK9311172.1
OG0003527	CAK9311173.1	CAK9311173.1
OG0003528	CAK9311174.1	CAK9311174.1
OG0003529	CAK9311175.1	CAK9311175.1
OG0003530	CAK9311176.1	CAK9311176.1
OG0003531	CAK9311177.1	CAK9311177.1
OG0003532	CAK9311178.1	CAK9311178.1
OG0003533	CAK9311179.1	CAK9311179.1
OG0003534	CAK9311180.1	CAK9311180.1
OG0003535	CAK9311181.1	CAK9311181.1
OG0003536	CAK9311182.1	CAK9311182.1
OG0003537	CAK9311183.1	CAK9311183.1
OG0003538	CAK9311184.1	CAK9311184.1
OG0003539	CAK9311185.1	CAK9311185.1
OG0003540	CAK9311186.1	CAK9311186.1
OG0003541	CAK9311187.1	CAK9311187.1
OG0003542	CAK9311189.1	CAK9311189.1
OG0003543	CAK9311190.1	CAK9311190.1
OG0003544	CAK9311191.1	CAK9311191.1
OG0003545	CAK9311192.1	CAK9311192.1
OG0003546	CAK9311194.1	CAK9311194.1
OG0003547	CAK9311195.1	CAK9311195.1
OG0003548	CAK9311196.1	CAK9311196.1
OG0003549	CAK9311197.1	CAK9311197.1
OG0003550	CAK9311198.1	CAK9311198.1
OG0003551	CAK9311199.1	CAK9311199.1
OG0003552	CAK9311200.1	CAK9311200.1
OG0003553	CAK9311201.1	CAK9311201.1
OG0003554	CAK9311202.1	CAK9311202.1
OG0003555	CAK9311203.1	CAK9311203.1
OG0003556	CAK9311204.1	CAK9311204.1
OG0003557	CAK9311205.1	CAK9311205.1
OG0003558	CAK9311206.1	CAK9311206.1
OG0003559	CAK9311207.1	CAK9311207.1
OG0003560	CAK9311209.1	CAK9311209.1
OG0003561	CAK9311210.1	CAK9311210.1
OG0003562	CAK9311211.1	CAK9311211.1
OG0003563	CAK9311212.1	CAK9311212.1
OG0003564	CAK9311213.1	CAK9311213.1
OG0003565	CAK9311214.1	CAK9311214.1
OG0003566	CAK9311215.1	CAK9311215.1
OG0003567	CAK9311216.1	CAK9311216.1
OG0003568	CAK9311218.1	CAK9311218.1
OG0003569	CAK9311219.1	CAK9311219.1
OG0003570	CAK9311220.1	CAK9311220.1
OG0003571	CAK9311222.1	CAK9311222.1
OG0003572	CAK9311223.1	CAK9311223.1
OG0003573	CAK9311224.1	CAK9311224.1
OG0003574	CAK9311225.1	CAK9311225.1
OG0003575	CAK9311226.1	CAK9311226.1
OG0003576	CAK9311229.1	CAK9311229.1
OG0003577	CAK9311230.1	CAK9311230.1
OG0003578	CAK9311231.1	CAK9311231.1
OG0003579	CAK9311232.1	CAK9311232.1
OG0003580	CAK9311233.1	CAK9311233.1
OG0003581	CAK9311234.1	CAK9311234.1
OG0003582	CAK9311235.1	CAK9311235.1
OG0003583	CAK9311236.1	CAK9311236.1
OG0003584	CAK9311237.1	CAK9311237.1
OG0003585	CAK9311238.1	CAK9311238.1
OG0003586	CAK9311239.1	CAK9311239.1
OG0003587	CAK9311240.1	CAK9311240.1
OG0003588	CAK9311241.1	CAK9311241.1
OG0003589	CAK9311243.1	CAK9311243.1
OG0003590	CAK9311244.1	CAK9311244.1
OG0003591	CAK9311245.1	CAK9311245.1
OG0003592	CAK9311246.1	CAK9311246.1
OG0003593	CAK9311247.1	CAK9311247.1
OG0003594	CAK9311248.1	CAK9311248.1
OG0003595	CAK9311249.1	CAK9311249.1
OG0003596	CAK9311250.1	CAK9311250.1
OG0003597	CAK9311251.1	CAK9311251.1
OG0003598	CAK9311252.1	CAK9311252.1
OG0003599	CAK9311253.1	CAK9311253.1
OG0003600	CAK9311254.1	CAK9311254.1
OG0003601	CAK9311255.1	CAK9311255.1
OG0003602	CAK9311256.1	CAK9311256.1
OG0003603	CAK9311257.1	CAK9311257.1
OG0003604	CAK9311258.1	CAK9311258.1
OG0003605	CAK9311259.1	CAK9311259.1
OG0003606	CAK9311260.1	CAK9311260.1
OG0003607	CAK9311261.1	CAK9311261.1
OG0003608	CAK9311262.1	CAK9311262.1
OG0003609	CAK9311264.1	CAK9311264.1
OG0003610	CAK9311265.1	CAK9311265.1
OG0003611	CAK9311266.1	CAK9311266.1
OG0003612	CAK9311267.1	CAK9311267.1
OG0003613	CAK9311268.1	CAK9311268.1
OG0003614	CAK9311269.1	CAK9311269.1
OG0003615	CAK9311270.1	CAK9311270.1
OG0003616	CAK9311271.1	CAK9311271.1
OG0003617	CAK9311272.1	CAK9311272.1
OG0003618	CAK9311273.1	CAK9311273.1
OG0003619	CAK9311274.1	CAK9311274.1
OG0003620	CAK9311275.1	CAK9311275.1
OG0003621	CAK9311277.1	CAK9311277.1
OG0003622	CAK9311278.1	CAK9311278.1
OG0003623	CAK9311279.1	CAK9311279.1
OG0003624	CAK9311280.1	CAK9311280.1
OG0003625	CAK9311281.1	CAK9311281.1
OG0003626	CAK9311282.1	CAK9311282.1
OG0003627	CAK9311283.1	CAK9311283.1
OG0003628	CAK9311284.1	CAK9311284.1
OG0003629	CAK9311285.1	CAK9311285.1
OG0003630	CAK9311286.1	CAK9311286.1
OG0003631	CAK9311287.1	CAK9311287.1
OG0003632	CAK9311288.1	CAK9311288.1
OG0003633	CAK9311289.1	CAK9311289.1
OG0003634	CAK9311290.1	CAK9311290.1
OG0003635	CAK9311291.1	CAK9311291.1
OG0003636	CAK9311294.1	CAK9311294.1
OG0003637	CAK9311295.1	CAK9311295.1
OG0003638	CAK9311296.1	CAK9311296.1
OG0003639	CAK9311297.1	CAK9311297.1
OG0003640	CAK9311298.1	CAK9311298.1
OG0003641	CAK9311299.1	CAK9311299.1
OG0003642	CAK9311301.1	CAK9311301.1
OG0003643	CAK9311302.1	CAK9311302.1
OG0003644	CAK9311303.1	CAK9311303.1
OG0003645	CAK9311304.1	CAK9311304.1
OG0003646	CAK9311305.1	CAK9311305.1
OG0003647	CAK9311306.1	CAK9311306.1
OG0003648	CAK9311307.1	CAK9311307.1
OG0003649	CAK9311308.1	CAK9311308.1
OG0003650	CAK9311309.1	CAK9311309.1
OG0003651	CAK9311310.1	CAK9311310.1
OG0003652	CAK9311312.1	CAK9311312.1
OG0003653	CAK9311313.1	CAK9311313.1
OG0003654	CAK9311314.1	CAK9311314.1
OG0003655	CAK9311315.1	CAK9311315.1
OG0003656	CAK9311316.1	CAK9311316.1
OG0003657	CAK9311317.1	CAK9311317.1
OG0003658	CAK9311319.1	CAK9311319.1
OG0003659	CAK9311320.1	CAK9311320.1
OG0003660	CAK9311321.1	CAK9311321.1
OG0003661	CAK9311322.1	CAK9311322.1
OG0003662	CAK9311323.1	CAK9311323.1
OG0003663	CAK9311324.1	CAK9311324.1
OG0003664	CAK9311325.1	CAK9311325.1
OG0003665	CAK9311326.1	CAK9311326.1
OG0003666	CAK9311327.1	CAK9311327.1
OG0003667	CAK9311328.1	CAK9311328.1
OG0003668	CAK9311329.1	CAK9311329.1
OG0003669	CAK9311330.1	CAK9311330.1
OG0003670	CAK9311331.1	CAK9311331.1
OG0003671	CAK9311332.1	CAK9311332.1
OG0003672	CAK9311333.1	CAK9311333.1
OG0003673	CAK9311334.1	CAK9311334.1
OG0003674	CAK9311335.1	CAK9311335.1
OG0003675	CAK9311336.1	CAK9311336.1
OG0003676	CAK9311337.1	CAK9311337.1
OG0003677	CAK9311338.1	CAK9311338.1
OG0003678	CAK9311339.1	CAK9311339.1
OG0003679	CAK9311340.1	CAK9311340.1
OG0003680	CAK9311341.1	CAK9311341.1
OG0003681	CAK9311342.1	CAK9311342.1
OG0003682	CAK9311343.1	CAK9311343.1
OG0003683	CAK9311344.1	CAK9311344.1
OG0003684	CAK9311346.1	CAK9311346.1
OG0003685	CAK9311347.1	CAK9311347.1
OG0003686	CAK9311348.1	CAK9311348.1
OG0003687	CAK9311349.1	CAK9311349.1
OG0003688	CAK9311350.1	CAK9311350.1
OG0003689	CAK9311351.1	CAK9311351.1
OG0003690	CAK9311352.1	CAK9311352.1
OG0003691	CAK9311353.1	CAK9311353.1
OG0003692	CAK9311354.1	CAK9311354.1
OG0003693	CAK9311357.1	CAK9311357.1
OG0003694	CAK9311359.1	CAK9311359.1
OG0003695	CAK9311360.1	CAK9311360.1
OG0003696	CAK9311364.1	CAK9311364.1
OG0003697	CAK9311366.1	CAK9311366.1
OG0003698	CAK9311367.1	CAK9311367.1
OG0003699	CAK9311368.1	CAK9311368.1
OG0003700	CAK9311370.1	CAK9311370.1
OG0003701	CAK9311371.1	CAK9311371.1
OG0003702	CAK9311372.1	CAK9311372.1
OG0003703	CAK9311373.1	CAK9311373.1
OG0003704	CAK9311374.1	CAK9311374.1
OG0003705	CAK9311376.1	CAK9311376.1
OG0003706	CAK9311377.1	CAK9311377.1
OG0003707	CAK9311378.1	CAK9311378.1
OG0003708	CAK9311379.1	CAK9311379.1
OG0003709	CAK9311380.1	CAK9311380.1
OG0003710	CAK9311381.1	CAK9311381.1
OG0003711	CAK9311382.1	CAK9311382.1
OG0003712	CAK9311384.1	CAK9311384.1
OG0003713	CAK9311385.1	CAK9311385.1
OG0003714	CAK9311387.1	CAK9311387.1
OG0003715	CAK9311388.1	CAK9311388.1
OG0003716	CAK9311389.1	CAK9311389.1
OG0003717	CAK9311390.1	CAK9311390.1
OG0003718	CAK9311391.1	CAK9311391.1
OG0003719	CAK9311393.1	CAK9311393.1
OG0003720	CAK9311395.1	CAK9311395.1
OG0003721	CAK9311396.1	CAK9311396.1
OG0003722	CAK9311397.1	CAK9311397.1
OG0003723	CAK9311398.1	CAK9311398.1
OG0003724	CAK9311399.1	CAK9311399.1
OG0003725	CAK9311400.1	CAK9311400.1
OG0003726	CAK9311401.1	CAK9311401.1
OG0003727	CAK9311402.1	CAK9311402.1
OG0003728	CAK9311403.1	CAK9311403.1
OG0003729	CAK9311404.1	CAK9311404.1
OG0003730	CAK9311405.1	CAK9311405.1
OG0003731	CAK9311406.1	CAK9311406.1
OG0003732	CAK9311407.1	CAK9311407.1
OG0003733	CAK9311408.1	CAK9311408.1
OG0003734	CAK9311409.1	CAK9311409.1
OG0003735	CAK9311410.1	CAK9311410.1
OG0003736	CAK9311411.1	CAK9311411.1
OG0003737	CAK9311412.1	CAK9311412.1
OG0003738	CAK9311413.1	CAK9311413.1
OG0003739	CAK9311414.1	CAK9311414.1
OG0003740	CAK9311415.1	CAK9311415.1
OG0003741	CAK9311416.1	CAK9311416.1
OG0003742	CAK9311417.1	CAK9311417.1
OG0003743	CAK9311418.1	CAK9311418.1
OG0003744	CAK9311419.1	CAK9311419.1
OG0003745	CAK9311421.1	CAK9311421.1
OG0003746	CAK9311422.1	CAK9311422.1
OG0003747	CAK9311423.1	CAK9311423.1
OG0003748	CAK9311424.1	CAK9311424.1
OG0003749	CAK9311425.1	CAK9311425.1
OG0003750	CAK9311426.1	CAK9311426.1
OG0003751	CAK9311427.1	CAK9311427.1
OG0003752	CAK9311428.1	CAK9311428.1
OG0003753	CAK9311429.1	CAK9311429.1
OG0003754	CAK9311430.1	CAK9311430.1
OG0003755	CAK9311431.1	CAK9311431.1
OG0003756	CAK9311432.1	CAK9311432.1
OG0003757	CAK9311433.1	CAK9311433.1
OG0003758	CAK9311434.1	CAK9311434.1
OG0003759	CAK9311435.1	CAK9311435.1
OG0003760	CAK9311436.1	CAK9311436.1
OG0003761	CAK9311437.1	CAK9311437.1
OG0003762	CAK9311438.1	CAK9311438.1
OG0003763	CAK9311439.1	CAK9311439.1
OG0003764	CAK9311440.1	CAK9311440.1
OG0003765	CAK9311441.1	CAK9311441.1
OG0003766	CAK9311442.1	CAK9311442.1
OG0003767	CAK9311443.1	CAK9311443.1
OG0003768	CAK9311445.1	CAK9311445.1
OG0003769	CAK9311446.1	CAK9311446.1
OG0003770	CAK9311447.1	CAK9311447.1
OG0003771	CAK9311448.1	CAK9311448.1
OG0003772	CAK9311449.1	CAK9311449.1
OG0003773	CAK9311450.1	CAK9311450.1
OG0003774	CAK9311452.1	CAK9311452.1
OG0003775	CAK9311453.1	CAK9311453.1
OG0003776	CAK9311455.1	CAK9311455.1
OG0003777	CAK9311456.1	CAK9311456.1
OG0003778	CAK9311457.1	CAK9311457.1
OG0003779	CAK9311458.1	CAK9311458.1
OG0003780	CAK9311459.1	CAK9311459.1
OG0003781	CAK9311460.1	CAK9311460.1
OG0003782	CAK9311461.1	CAK9311461.1
OG0003783	CAK9311462.1	CAK9311462.1
OG0003784	CAK9311465.1	CAK9311465.1
OG0003785	CAK9311466.1	CAK9311466.1
OG0003786	CAK9311467.1	CAK9311467.1
OG0003787	CAK9311468.1	CAK9311468.1
OG0003788	CAK9311469.1	CAK9311469.1
OG0003789	CAK9311470.1	CAK9311470.1
OG0003790	CAK9311471.1	CAK9311471.1
OG0003791	CAK9311472.1	CAK9311472.1
OG0003792	CAK9311473.1	CAK9311473.1
OG0003793	CAK9311475.1	CAK9311475.1
OG0003794	CAK9311476.1	CAK9311476.1
OG0003795	CAK9311477.1	CAK9311477.1
OG0003796	CAK9311479.1	CAK9311479.1
OG0003797	CAK9311480.1	CAK9311480.1
OG0003798	CAK9311481.1	CAK9311481.1
OG0003799	CAK9311482.1	CAK9311482.1
OG0003800	CAK9311483.1	CAK9311483.1
OG0003801	CAK9311486.1	CAK9311486.1
OG0003802	CAK9311487.1	CAK9311487.1
OG0003803	CAK9311488.1	CAK9311488.1
OG0003804	CAK9311489.1	CAK9311489.1
OG0003805	CAK9311490.1	CAK9311490.1
OG0003806	CAK9311491.1	CAK9311491.1
OG0003807	CAK9311492.1	CAK9311492.1
OG0003808	CAK9311494.1	CAK9311494.1
OG0003809	CAK9311495.1	CAK9311495.1
OG0003810	CAK9311497.1	CAK9311497.1
OG0003811	CAK9311498.1	CAK9311498.1
OG0003812	CAK9311499.1	CAK9311499.1
OG0003813	CAK9311500.1	CAK9311500.1
OG0003814	CAK9311501.1	CAK9311501.1
OG0003815	CAK9311502.1	CAK9311502.1
OG0003816	CAK9311503.1	CAK9311503.1
OG0003817	CAK9311504.1	CAK9311504.1
OG0003818	CAK9311505.1	CAK9311505.1
OG0003819	CAK9311506.1	CAK9311506.1
OG0003820	CAK9311507.1	CAK9311507.1
OG0003821	CAK9311508.1	CAK9311508.1
OG0003822	CAK9311509.1	CAK9311509.1
OG0003823	CAK9311510.1	CAK9311510.1
OG0003824	CAK9311511.1	CAK9311511.1
OG0003825	CAK9311512.1	CAK9311512.1
OG0003826	CAK9311513.1	CAK9311513.1
OG0003827	CAK9311514.1	CAK9311514.1
OG0003828	CAK9311515.1	CAK9311515.1
OG0003829	CAK9311516.1	CAK9311516.1
OG0003830	CAK9311517.1	CAK9311517.1
OG0003831	CAK9311518.1	CAK9311518.1
OG0003832	CAK9311519.1	CAK9311519.1
OG0003833	CAK9311521.1	CAK9311521.1
OG0003834	CAK9311522.1	CAK9311522.1
OG0003835	CAK9311523.1	CAK9311523.1
OG0003836	CAK9311525.1	CAK9311525.1
OG0003837	CAK9311526.1	CAK9311526.1
OG0003838	CAK9311527.1	CAK9311527.1
OG0003839	CAK9311528.1	CAK9311528.1
OG0003840	CAK9311529.1	CAK9311529.1
OG0003841	CAK9311530.1	CAK9311530.1
OG0003842	CAK9311531.1	CAK9311531.1
OG0003843	CAK9311532.1	CAK9311532.1
OG0003844	CAK9311533.1	CAK9311533.1
OG0003845	CAK9311534.1	CAK9311534.1
OG0003846	CAK9311535.1	CAK9311535.1
OG0003847	CAK9311536.1	CAK9311536.1
OG0003848	CAK9311537.1	CAK9311537.1
OG0003849	CAK9311538.1	CAK9311538.1
OG0003850	CAK9311539.1	CAK9311539.1
OG0003851	CAK9311540.1	CAK9311540.1
OG0003852	CAK9311544.1	CAK9311544.1
OG0003853	CAK9311545.1	CAK9311545.1
OG0003854	CAK9311546.1	CAK9311546.1
OG0003855	CAK9311547.1	CAK9311547.1
OG0003856	CAK9311548.1	CAK9311548.1
OG0003857	CAK9311549.1	CAK9311549.1
OG0003858	CAK9311550.1	CAK9311550.1
OG0003859	CAK9311551.1	CAK9311551.1
OG0003860	CAK9311553.1	CAK9311553.1
OG0003861	CAK9311554.1	CAK9311554.1
OG0003862	CAK9311555.1	CAK9311555.1
OG0003863	CAK9311556.1	CAK9311556.1
OG0003864	CAK9311557.1	CAK9311557.1
OG0003865	CAK9311558.1	CAK9311558.1
OG0003866	CAK9311559.1	CAK9311559.1
OG0003867	CAK9311561.1	CAK9311561.1
OG0003868	CAK9311562.1	CAK9311562.1
OG0003869	CAK9311564.1	CAK9311564.1
OG0003870	CAK9311565.1	CAK9311565.1
OG0003871	CAK9311566.1	CAK9311566.1
OG0003872	CAK9311567.1	CAK9311567.1
OG0003873	CAK9311568.1	CAK9311568.1
OG0003874	CAK9311569.1	CAK9311569.1
OG0003875	CAK9311570.1	CAK9311570.1
OG0003876	CAK9311571.1	CAK9311571.1
OG0003877	CAK9311572.1	CAK9311572.1
OG0003878	CAK9311573.1	CAK9311573.1
OG0003879	CAK9311574.1	CAK9311574.1
OG0003880	CAK9311575.1	CAK9311575.1
OG0003881	CAK9311576.1	CAK9311576.1
OG0003882	CAK9311577.1	CAK9311577.1
OG0003883	CAK9311578.1	CAK9311578.1
OG0003884	CAK9311579.1	CAK9311579.1
OG0003885	CAK9311581.1	CAK9311581.1
OG0003886	CAK9311582.1	CAK9311582.1
OG0003887	CAK9311583.1	CAK9311583.1
OG0003888	CAK9311585.1	CAK9311585.1
OG0003889	CAK9311586.1	CAK9311586.1
OG0003890	CAK9311587.1	CAK9311587.1
OG0003891	CAK9311588.1	CAK9311588.1
OG0003892	CAK9311589.1	CAK9311589.1
OG0003893	CAK9311590.1	CAK9311590.1
OG0003894	CAK9311591.1	CAK9311591.1
OG0003895	CAK9311593.1	CAK9311593.1
OG0003896	CAK9311594.1	CAK9311594.1
OG0003897	CAK9311595.1	CAK9311595.1
OG0003898	CAK9311596.1	CAK9311596.1
OG0003899	CAK9311597.1	CAK9311597.1
OG0003900	CAK9311598.1	CAK9311598.1
OG0003901	CAK9311599.1	CAK9311599.1
OG0003902	CAK9311600.1	CAK9311600.1
OG0003903	CAK9311601.1	CAK9311601.1
OG0003904	CAK9311602.1	CAK9311602.1
OG0003905	CAK9311603.1	CAK9311603.1
OG0003906	CAK9311604.1	CAK9311604.1
OG0003907	CAK9311605.1	CAK9311605.1
OG0003908	CAK9311606.1	CAK9311606.1
OG0003909	CAK9311607.1	CAK9311607.1
OG0003910	CAK9311608.1	CAK9311608.1
OG0003911	CAK9311609.1	CAK9311609.1
OG0003912	CAK9311610.1	CAK9311610.1
OG0003913	CAK9311611.1	CAK9311611.1
OG0003914	CAK9311612.1	CAK9311612.1
OG0003915	CAK9311613.1	CAK9311613.1
OG0003916	CAK9311614.1	CAK9311614.1
OG0003917	CAK9311615.1	CAK9311615.1
OG0003918	CAK9311616.1	CAK9311616.1
OG0003919	CAK9311617.1	CAK9311617.1
OG0003920	CAK9311618.1	CAK9311618.1
OG0003921	CAK9311619.1	CAK9311619.1
OG0003922	CAK9311620.1	CAK9311620.1
OG0003923	CAK9311621.1	CAK9311621.1
OG0003924	CAK9311624.1	CAK9311624.1
OG0003925	CAK9311629.1	CAK9311629.1
OG0003926	CAK9311630.1	CAK9311630.1
OG0003927	CAK9311632.1	CAK9311632.1
OG0003928	CAK9311633.1	CAK9311633.1
OG0003929	CAK9311634.1	CAK9311634.1
OG0003930	CAK9311635.1	CAK9311635.1
OG0003931	CAK9311636.1	CAK9311636.1
OG0003932	CAK9311637.1	CAK9311637.1
OG0003933	CAK9311638.1	CAK9311638.1
OG0003934	CAK9311639.1	CAK9311639.1
OG0003935	CAK9311640.1	CAK9311640.1
OG0003936	CAK9311641.1	CAK9311641.1
OG0003937	CAK9311642.1	CAK9311642.1
OG0003938	CAK9311643.1	CAK9311643.1
OG0003939	CAK9311644.1	CAK9311644.1
OG0003940	CAK9311648.1	CAK9311648.1
OG0003941	CAK9311649.1	CAK9311649.1
OG0003942	CAK9311650.1	CAK9311650.1
OG0003943	CAK9311651.1	CAK9311651.1
OG0003944	CAK9311652.1	CAK9311652.1
OG0003945	CAK9311653.1	CAK9311653.1
OG0003946	CAK9311654.1	CAK9311654.1
OG0003947	CAK9311655.1	CAK9311655.1
OG0003948	CAK9311656.1	CAK9311656.1
OG0003949	CAK9311657.1	CAK9311657.1
OG0003950	CAK9311658.1	CAK9311658.1
OG0003951	CAK9311659.1	CAK9311659.1
OG0003952	CAK9311660.1	CAK9311660.1
OG0003953	CAK9311661.1	CAK9311661.1
OG0003954	CAK9311662.1	CAK9311662.1
OG0003955	CAK9311663.1	CAK9311663.1
OG0003956	CAK9311664.1	CAK9311664.1
OG0003957	CAK9311665.1	CAK9311665.1
OG0003958	CAK9311667.1	CAK9311667.1
OG0003959	CAK9311668.1	CAK9311668.1
OG0003960	CAK9311669.1	CAK9311669.1
OG0003961	CAK9311670.1	CAK9311670.1
OG0003962	CAK9311671.1	CAK9311671.1
OG0003963	CAK9311672.1	CAK9311672.1
OG0003964	CAK9311674.1	CAK9311674.1
OG0003965	CAK9311675.1	CAK9311675.1
OG0003966	CAK9311677.1	CAK9311677.1
OG0003967	CAK9311678.1	CAK9311678.1
OG0003968	CAK9311679.1	CAK9311679.1
OG0003969	CAK9311680.1	CAK9311680.1
OG0003970	CAK9311681.1	CAK9311681.1
OG0003971	CAK9311683.1	CAK9311683.1
OG0003972	CAK9311684.1	CAK9311684.1
OG0003973	CAK9311685.1	CAK9311685.1
OG0003974	CAK9311686.1	CAK9311686.1
OG0003975	CAK9311687.1	CAK9311687.1
OG0003976	CAK9311688.1	CAK9311688.1
OG0003977	CAK9311689.1	CAK9311689.1
OG0003978	CAK9311691.1	CAK9311691.1
OG0003979	CAK9311692.1	CAK9311692.1
OG0003980	CAK9311693.1	CAK9311693.1
OG0003981	CAK9311694.1	CAK9311694.1
OG0003982	CAK9311695.1	CAK9311695.1
OG0003983	CAK9311696.1	CAK9311696.1
OG0003984	CAK9311699.1	CAK9311699.1
OG0003985	CAK9311700.1	CAK9311700.1
OG0003986	CAK9311701.1	CAK9311701.1
OG0003987	CAK9311702.1	CAK9311702.1
OG0003988	CAK9311703.1	CAK9311703.1
OG0003989	CAK9311704.1	CAK9311704.1
OG0003990	CAK9311705.1	CAK9311705.1
OG0003991	CAK9311706.1	CAK9311706.1
OG0003992	CAK9311707.1	CAK9311707.1
OG0003993	CAK9311709.1	CAK9311709.1
OG0003994	CAK9311710.1	CAK9311710.1
OG0003995	CAK9311711.1	CAK9311711.1
OG0003996	CAK9311712.1	CAK9311712.1
OG0003997	CAK9311713.1	CAK9311713.1
OG0003998	CAK9311714.1	CAK9311714.1
OG0003999	CAK9311715.1	CAK9311715.1
OG0004000	CAK9311716.1	CAK9311716.1
OG0004001	CAK9311717.1	CAK9311717.1
OG0004002	CAK9311718.1	CAK9311718.1
OG0004003	CAK9311719.1	CAK9311719.1
OG0004004	CAK9311720.1	CAK9311720.1
OG0004005	CAK9311722.1	CAK9311722.1
OG0004006	CAK9311725.1	CAK9311725.1
OG0004007	CAK9311727.1	CAK9311727.1
OG0004008	CAK9311728.1	CAK9311728.1
OG0004009	CAK9311730.1	CAK9311730.1
OG0004010	CAK9311731.1	CAK9311731.1
OG0004011	CAK9311732.1	CAK9311732.1
OG0004012	CAK9311733.1	CAK9311733.1
OG0004013	CAK9311734.1	CAK9311734.1
OG0004014	CAK9311735.1	CAK9311735.1
OG0004015	CAK9311736.1	CAK9311736.1
OG0004016	CAK9311737.1	CAK9311737.1
OG0004017	CAK9311738.1	CAK9311738.1
OG0004018	CAK9311739.1	CAK9311739.1
OG0004019	CAK9311740.1	CAK9311740.1
OG0004020	CAK9311741.1	CAK9311741.1
OG0004021	CAK9311742.1	CAK9311742.1
OG0004022	CAK9311743.1	CAK9311743.1
OG0004023	CAK9311744.1	CAK9311744.1
OG0004024	CAK9311745.1	CAK9311745.1
OG0004025	CAK9311747.1	CAK9311747.1
OG0004026	CAK9311748.1	CAK9311748.1
OG0004027	CAK9311750.1	CAK9311750.1
OG0004028	CAK9311751.1	CAK9311751.1
OG0004029	CAK9311752.1	CAK9311752.1
OG0004030	CAK9311753.1	CAK9311753.1
OG0004031	CAK9311754.1	CAK9311754.1
OG0004032	CAK9311755.1	CAK9311755.1
OG0004033	CAK9311756.1	CAK9311756.1
OG0004034	CAK9311757.1	CAK9311757.1
OG0004035	CAK9311758.1	CAK9311758.1
OG0004036	CAK9311759.1	CAK9311759.1
OG0004037	CAK9311760.1	CAK9311760.1
OG0004038	CAK9311761.1	CAK9311761.1
OG0004039	CAK9311762.1	CAK9311762.1
OG0004040	CAK9311763.1	CAK9311763.1
OG0004041	CAK9311764.1	CAK9311764.1
OG0004042	CAK9311765.1	CAK9311765.1
OG0004043	CAK9311766.1	CAK9311766.1
OG0004044	CAK9311767.1	CAK9311767.1
OG0004045	CAK9311768.1	CAK9311768.1
OG0004046	CAK9311769.1	CAK9311769.1
OG0004047	CAK9311770.1	CAK9311770.1
OG0004048	CAK9311771.1	CAK9311771.1
OG0004049	CAK9311772.1	CAK9311772.1
OG0004050	CAK9311773.1	CAK9311773.1
OG0004051	CAK9311774.1	CAK9311774.1
OG0004052	CAK9311775.1	CAK9311775.1
OG0004053	CAK9311776.1	CAK9311776.1
OG0004054	CAK9311777.1	CAK9311777.1
OG0004055	CAK9311778.1	CAK9311778.1
OG0004056	CAK9311779.1	CAK9311779.1
OG0004057	CAK9311780.1	CAK9311780.1
OG0004058	CAK9311781.1	CAK9311781.1
OG0004059	CAK9311782.1	CAK9311782.1
OG0004060	CAK9311783.1	CAK9311783.1
OG0004061	CAK9311785.1	CAK9311785.1
OG0004062	CAK9311786.1	CAK9311786.1
OG0004063	CAK9311787.1	CAK9311787.1
OG0004064	CAK9311788.1	CAK9311788.1
OG0004065	CAK9311789.1	CAK9311789.1
OG0004066	CAK9311790.1	CAK9311790.1
OG0004067	CAK9311792.1	CAK9311792.1
OG0004068	CAK9311793.1	CAK9311793.1
OG0004069	CAK9311795.1	CAK9311795.1
OG0004070	CAK9311797.1	CAK9311797.1
OG0004071	CAK9311798.1	CAK9311798.1
OG0004072	CAK9311799.1	CAK9311799.1
OG0004073	CAK9311800.1	CAK9311800.1
OG0004074	CAK9311802.1	CAK9311802.1
OG0004075	CAK9311804.1	CAK9311804.1
OG0004076	CAK9311805.1	CAK9311805.1
OG0004077	CAK9311806.1	CAK9311806.1
OG0004078	CAK9311807.1	CAK9311807.1
OG0004079	CAK9311808.1	CAK9311808.1
OG0004080	CAK9311809.1	CAK9311809.1
OG0004081	CAK9311810.1	CAK9311810.1
OG0004082	CAK9311811.1	CAK9311811.1
OG0004083	CAK9311812.1	CAK9311812.1
OG0004084	CAK9311813.1	CAK9311813.1
OG0004085	CAK9311814.1	CAK9311814.1
OG0004086	CAK9311815.1	CAK9311815.1
OG0004087	CAK9311816.1	CAK9311816.1
OG0004088	CAK9311817.1	CAK9311817.1
OG0004089	CAK9311818.1	CAK9311818.1
OG0004090	CAK9311820.1	CAK9311820.1
OG0004091	CAK9311822.1	CAK9311822.1
OG0004092	CAK9311823.1	CAK9311823.1
OG0004093	CAK9311825.1	CAK9311825.1
OG0004094	CAK9311826.1	CAK9311826.1
OG0004095	CAK9311827.1	CAK9311827.1
OG0004096	CAK9311828.1	CAK9311828.1
OG0004097	CAK9311830.1	CAK9311830.1
OG0004098	CAK9311831.1	CAK9311831.1
OG0004099	CAK9311832.1	CAK9311832.1
OG0004100	CAK9311833.1	CAK9311833.1
OG0004101	CAK9311834.1	CAK9311834.1
OG0004102	CAK9311835.1	CAK9311835.1
OG0004103	CAK9311837.1	CAK9311837.1
OG0004104	CAK9311838.1	CAK9311838.1
OG0004105	CAK9311839.1	CAK9311839.1
OG0004106	CAK9311840.1	CAK9311840.1
OG0004107	CAK9311841.1	CAK9311841.1
OG0004108	CAK9311842.1	CAK9311842.1
OG0004109	CAK9311843.1	CAK9311843.1
OG0004110	CAK9311844.1	CAK9311844.1
OG0004111	CAK9311845.1	CAK9311845.1
OG0004112	CAK9311846.1	CAK9311846.1
OG0004113	CAK9311847.1	CAK9311847.1
OG0004114	CAK9311848.1	CAK9311848.1
OG0004115	CAK9311849.1	CAK9311849.1
OG0004116	CAK9311850.1	CAK9311850.1
OG0004117	CAK9311851.1	CAK9311851.1
OG0004118	CAK9311852.1	CAK9311852.1
OG0004119	CAK9311853.1	CAK9311853.1
OG0004120	CAK9311854.1	CAK9311854.1
OG0004121	CAK9311855.1	CAK9311855.1
OG0004122	CAK9311856.1	CAK9311856.1
OG0004123	CAK9311857.1	CAK9311857.1
OG0004124	CAK9311858.1	CAK9311858.1
OG0004125	CAK9311859.1	CAK9311859.1
OG0004126	CAK9311860.1	CAK9311860.1
OG0004127	CAK9311861.1	CAK9311861.1
OG0004128	CAK9311862.1	CAK9311862.1
OG0004129	CAK9311863.1	CAK9311863.1
OG0004130	CAK9311864.1	CAK9311864.1
OG0004131	CAK9311865.1	CAK9311865.1
OG0004132	CAK9311866.1	CAK9311866.1
OG0004133	CAK9311867.1	CAK9311867.1
OG0004134	CAK9311868.1	CAK9311868.1
OG0004135	CAK9311869.1	CAK9311869.1
OG0004136	CAK9311870.1	CAK9311870.1
OG0004137	CAK9311871.1	CAK9311871.1
OG0004138	CAK9311872.1	CAK9311872.1
OG0004139	CAK9311873.1	CAK9311873.1
OG0004140	CAK9311874.1	CAK9311874.1
OG0004141	CAK9311875.1	CAK9311875.1
OG0004142	CAK9311878.1	CAK9311878.1
OG0004143	CAK9311879.1	CAK9311879.1
OG0004144	CAK9311880.1	CAK9311880.1
OG0004145	CAK9311881.1	CAK9311881.1
OG0004146	CAK9311882.1	CAK9311882.1
OG0004147	CAK9311883.1	CAK9311883.1
OG0004148	CAK9311885.1	CAK9311885.1
OG0004149	CAK9311886.1	CAK9311886.1
OG0004150	CAK9311887.1	CAK9311887.1
OG0004151	CAK9311888.1	CAK9311888.1
OG0004152	CAK9311889.1	CAK9311889.1
OG0004153	CAK9311890.1	CAK9311890.1
OG0004154	CAK9311891.1	CAK9311891.1
OG0004155	CAK9311892.1	CAK9311892.1
OG0004156	CAK9311893.1	CAK9311893.1
OG0004157	CAK9311894.1	CAK9311894.1
OG0004158	CAK9311895.1	CAK9311895.1
OG0004159	CAK9311896.1	CAK9311896.1
OG0004160	CAK9311897.1	CAK9311897.1
OG0004161	CAK9311898.1	CAK9311898.1
OG0004162	CAK9311899.1	CAK9311899.1
OG0004163	CAK9311901.1	CAK9311901.1
OG0004164	CAK9311902.1	CAK9311902.1
OG0004165	CAK9311903.1	CAK9311903.1
OG0004166	CAK9311904.1	CAK9311904.1
OG0004167	CAK9311905.1	CAK9311905.1
OG0004168	CAK9311906.1	CAK9311906.1
OG0004169	CAK9311907.1	CAK9311907.1
OG0004170	CAK9311908.1	CAK9311908.1
OG0004171	CAK9311909.1	CAK9311909.1
OG0004172	CAK9311910.1	CAK9311910.1
OG0004173	CAK9311911.1	CAK9311911.1
OG0004174	CAK9311912.1	CAK9311912.1
OG0004175	CAK9311913.1	CAK9311913.1
OG0004176	CAK9311914.1	CAK9311914.1
OG0004177	CAK9311915.1	CAK9311915.1
OG0004178	CAK9311916.1	CAK9311916.1
OG0004179	CAK9311917.1	CAK9311917.1
OG0004180	CAK9311918.1	CAK9311918.1
OG0004181	CAK9311919.1	CAK9311919.1
OG0004182	CAK9311920.1	CAK9311920.1
OG0004183	CAK9311921.1	CAK9311921.1
OG0004184	CAK9311922.1	CAK9311922.1
OG0004185	CAK9311923.1	CAK9311923.1
OG0004186	CAK9311924.1	CAK9311924.1
OG0004187	CAK9311925.1	CAK9311925.1
OG0004188	CAK9311926.1	CAK9311926.1
OG0004189	CAK9311927.1	CAK9311927.1
OG0004190	CAK9311928.1	CAK9311928.1
OG0004191	CAK9311929.1	CAK9311929.1
OG0004192	CAK9311930.1	CAK9311930.1
OG0004193	CAK9311931.1	CAK9311931.1
OG0004194	CAK9311932.1	CAK9311932.1
OG0004195	CAK9311933.1	CAK9311933.1
OG0004196	CAK9311934.1	CAK9311934.1
OG0004197	CAK9311936.1	CAK9311936.1
OG0004198	CAK9311937.1	CAK9311937.1
OG0004199	CAK9311938.1	CAK9311938.1
OG0004200	CAK9311939.1	CAK9311939.1
OG0004201	CAK9311940.1	CAK9311940.1
OG0004202	CAK9311941.1	CAK9311941.1
OG0004203	CAK9311942.1	CAK9311942.1
OG0004204	CAK9311943.1	CAK9311943.1
OG0004205	CAK9311944.1	CAK9311944.1
OG0004206	CAK9311945.1	CAK9311945.1
OG0004207	CAK9311946.1	CAK9311946.1
OG0004208	CAK9311947.1	CAK9311947.1
OG0004209	CAK9311948.1	CAK9311948.1
OG0004210	CAK9311950.1	CAK9311950.1
OG0004211	CAK9311951.1	CAK9311951.1
OG0004212	CAK9311952.1	CAK9311952.1
OG0004213	CAK9311953.1	CAK9311953.1
OG0004214	CAK9311954.1	CAK9311954.1
OG0004215	CAK9311955.1	CAK9311955.1
OG0004216	CAK9311956.1	CAK9311956.1
OG0004217	CAK9311957.1	CAK9311957.1
OG0004218	CAK9311958.1	CAK9311958.1
OG0004219	CAK9311960.1	CAK9311960.1
OG0004220	CAK9311961.1	CAK9311961.1
OG0004221	CAK9311962.1	CAK9311962.1
OG0004222	CAK9311963.1	CAK9311963.1
OG0004223	CAK9311964.1	CAK9311964.1
OG0004224	CAK9311965.1	CAK9311965.1
OG0004225	CAK9311966.1	CAK9311966.1
OG0004226	CAK9311967.1	CAK9311967.1
OG0004227	CAK9311968.1	CAK9311968.1
OG0004228	CAK9311969.1	CAK9311969.1
OG0004229	CAK9311970.1	CAK9311970.1
OG0004230	CAK9311971.1	CAK9311971.1
OG0004231	CAK9311973.1	CAK9311973.1
OG0004232	CAK9311974.1	CAK9311974.1
OG0004233	CAK9311977.1	CAK9311977.1
OG0004234	CAK9311978.1	CAK9311978.1
OG0004235	CAK9311979.1	CAK9311979.1
OG0004236	CAK9311980.1	CAK9311980.1
OG0004237	CAK9311981.1	CAK9311981.1
OG0004238	CAK9311982.1	CAK9311982.1
OG0004239	CAK9311984.1	CAK9311984.1
OG0004240	CAK9311985.1	CAK9311985.1
OG0004241	CAK9311987.1	CAK9311987.1
OG0004242	CAK9311988.1	CAK9311988.1
OG0004243	CAK9311989.1	CAK9311989.1
OG0004244	CAK9311990.1	CAK9311990.1
OG0004245	CAK9311992.1	CAK9311992.1
OG0004246	CAK9311993.1	CAK9311993.1
OG0004247	CAK9311994.1	CAK9311994.1
OG0004248	CAK9311995.1	CAK9311995.1
OG0004249	CAK9311998.1	CAK9311998.1
OG0004250	CAK9311999.1	CAK9311999.1
OG0004251	CAK9312001.1	CAK9312001.1
OG0004252	CAK9312002.1	CAK9312002.1
OG0004253	CAK9312003.1	CAK9312003.1
OG0004254	CAK9312005.1	CAK9312005.1
OG0004255	CAK9312006.1	CAK9312006.1
OG0004256	CAK9312007.1	CAK9312007.1
OG0004257	CAK9312008.1	CAK9312008.1
OG0004258	CAK9312012.1	CAK9312012.1
OG0004259	CAK9312013.1	CAK9312013.1
OG0004260	CAK9312015.1	CAK9312015.1
OG0004261	CAK9312016.1	CAK9312016.1
OG0004262	CAK9312017.1	CAK9312017.1
OG0004263	CAK9312018.1	CAK9312018.1
OG0004264	CAK9312019.1	CAK9312019.1
OG0004265	CAK9312020.1	CAK9312020.1
OG0004266	CAK9312021.1	CAK9312021.1
OG0004267	CAK9312022.1	CAK9312022.1
OG0004268	CAK9312023.1	CAK9312023.1
OG0004269	CAK9312024.1	CAK9312024.1
OG0004270	CAK9312025.1	CAK9312025.1
OG0004271	CAK9312026.1	CAK9312026.1
OG0004272	CAK9312027.1	CAK9312027.1
OG0004273	CAK9312028.1	CAK9312028.1
OG0004274	CAK9312029.1	CAK9312029.1
OG0004275	CAK9312030.1	CAK9312030.1
OG0004276	CAK9312031.1	CAK9312031.1
OG0004277	CAK9312032.1	CAK9312032.1
OG0004278	CAK9312033.1	CAK9312033.1
OG0004279	CAK9312037.1	CAK9312037.1
OG0004280	CAK9312038.1	CAK9312038.1
OG0004281	CAK9312039.1	CAK9312039.1
OG0004282	CAK9312040.1	CAK9312040.1
OG0004283	CAK9312042.1	CAK9312042.1
OG0004284	CAK9312043.1	CAK9312043.1
OG0004285	CAK9312044.1	CAK9312044.1
OG0004286	CAK9312045.1	CAK9312045.1
OG0004287	CAK9312046.1	CAK9312046.1
OG0004288	CAK9312047.1	CAK9312047.1
OG0004289	CAK9312049.1	CAK9312049.1
OG0004290	CAK9312050.1	CAK9312050.1
OG0004291	CAK9312051.1	CAK9312051.1
OG0004292	CAK9312052.1	CAK9312052.1
OG0004293	CAK9312053.1	CAK9312053.1
OG0004294	CAK9312055.1	CAK9312055.1
OG0004295	CAK9312056.1	CAK9312056.1
OG0004296	CAK9312058.1	CAK9312058.1
OG0004297	CAK9312059.1	CAK9312059.1
OG0004298	CAK9312060.1	CAK9312060.1
OG0004299	CAK9312063.1	CAK9312063.1
OG0004300	CAK9312064.1	CAK9312064.1
OG0004301	CAK9312065.1	CAK9312065.1
OG0004302	CAK9312066.1	CAK9312066.1
OG0004303	CAK9312069.1	CAK9312069.1
OG0004304	CAK9312070.1	CAK9312070.1
OG0004305	CAK9312071.1	CAK9312071.1
OG0004306	CAK9312072.1	CAK9312072.1
OG0004307	CAK9312073.1	CAK9312073.1
OG0004308	CAK9312074.1	CAK9312074.1
OG0004309	CAK9312075.1	CAK9312075.1
OG0004310	CAK9312076.1	CAK9312076.1
OG0004311	CAK9312077.1	CAK9312077.1
OG0004312	CAK9312078.1	CAK9312078.1
OG0004313	CAK9312079.1	CAK9312079.1
OG0004314	CAK9312080.1	CAK9312080.1
OG0004315	CAK9312081.1	CAK9312081.1
OG0004316	CAK9312082.1	CAK9312082.1
OG0004317	CAK9312084.1	CAK9312084.1
OG0004318	CAK9312085.1	CAK9312085.1
OG0004319	CAK9312086.1	CAK9312086.1
OG0004320	CAK9312087.1	CAK9312087.1
OG0004321	CAK9312088.1	CAK9312088.1
OG0004322	CAK9312089.1	CAK9312089.1
OG0004323	CAK9312090.1	CAK9312090.1
OG0004324	CAK9312091.1	CAK9312091.1
OG0004325	CAK9312092.1	CAK9312092.1
OG0004326	CAK9312093.1	CAK9312093.1
OG0004327	CAK9312094.1	CAK9312094.1
OG0004328	CAK9312095.1	CAK9312095.1
OG0004329	CAK9312096.1	CAK9312096.1
OG0004330	CAK9312097.1	CAK9312097.1
OG0004331	CAK9312098.1	CAK9312098.1
OG0004332	CAK9312099.1	CAK9312099.1
OG0004333	CAK9312100.1	CAK9312100.1
OG0004334	CAK9312101.1	CAK9312101.1
OG0004335	CAK9312102.1	CAK9312102.1
OG0004336	CAK9312104.1	CAK9312104.1
OG0004337	CAK9312105.1	CAK9312105.1
OG0004338	CAK9312106.1	CAK9312106.1
OG0004339	CAK9312107.1	CAK9312107.1
OG0004340	CAK9312108.1	CAK9312108.1
OG0004341	CAK9312109.1	CAK9312109.1
OG0004342	CAK9312110.1	CAK9312110.1
OG0004343	CAK9312111.1	CAK9312111.1
OG0004344	CAK9312112.1	CAK9312112.1
OG0004345	CAK9312113.1	CAK9312113.1
OG0004346	CAK9312114.1	CAK9312114.1
OG0004347	CAK9312116.1	CAK9312116.1
OG0004348	CAK9312117.1	CAK9312117.1
OG0004349	CAK9312120.1	CAK9312120.1
OG0004350	CAK9312121.1	CAK9312121.1
OG0004351	CAK9312122.1	CAK9312122.1
OG0004352	CAK9312123.1	CAK9312123.1
OG0004353	CAK9312124.1	CAK9312124.1
OG0004354	CAK9312125.1	CAK9312125.1
OG0004355	CAK9312126.1	CAK9312126.1
OG0004356	CAK9312127.1	CAK9312127.1
OG0004357	CAK9312128.1	CAK9312128.1
OG0004358	CAK9312129.1	CAK9312129.1
OG0004359	CAK9312130.1	CAK9312130.1
OG0004360	CAK9312131.1	CAK9312131.1
OG0004361	CAK9312132.1	CAK9312132.1
OG0004362	CAK9312133.1	CAK9312133.1
OG0004363	CAK9312134.1	CAK9312134.1
OG0004364	CAK9312135.1	CAK9312135.1
OG0004365	CAK9312136.1	CAK9312136.1
OG0004366	CAK9312137.1	CAK9312137.1
OG0004367	CAK9312138.1	CAK9312138.1
OG0004368	CAK9312139.1	CAK9312139.1
OG0004369	CAK9312140.1	CAK9312140.1
OG0004370	CAK9312141.1	CAK9312141.1
OG0004371	CAK9312142.1	CAK9312142.1
OG0004372	CAK9312143.1	CAK9312143.1
OG0004373	CAK9312144.1	CAK9312144.1
OG0004374	CAK9312145.1	CAK9312145.1
OG0004375	CAK9312146.1	CAK9312146.1
OG0004376	CAK9312148.1	CAK9312148.1
OG0004377	CAK9312149.1	CAK9312149.1
OG0004378	CAK9312150.1	CAK9312150.1
OG0004379	CAK9312152.1	CAK9312152.1
OG0004380	CAK9312155.1	CAK9312155.1
OG0004381	CAK9312156.1	CAK9312156.1
OG0004382	CAK9312157.1	CAK9312157.1
OG0004383	CAK9312158.1	CAK9312158.1
OG0004384	CAK9312159.1	CAK9312159.1
OG0004385	CAK9312160.1	CAK9312160.1
OG0004386	CAK9312161.1	CAK9312161.1
OG0004387	CAK9312162.1	CAK9312162.1
OG0004388	CAK9312164.1	CAK9312164.1
OG0004389	CAK9312165.1	CAK9312165.1
OG0004390	CAK9312167.1	CAK9312167.1
OG0004391	CAK9312168.1	CAK9312168.1
OG0004392	CAK9312169.1	CAK9312169.1
OG0004393	CAK9312170.1	CAK9312170.1
OG0004394	CAK9312171.1	CAK9312171.1
OG0004395	CAK9312172.1	CAK9312172.1
OG0004396	CAK9312173.1	CAK9312173.1
OG0004397	CAK9312174.1	CAK9312174.1
OG0004398	CAK9312175.1	CAK9312175.1
OG0004399	CAK9312176.1	CAK9312176.1
OG0004400	CAK9312177.1	CAK9312177.1
OG0004401	CAK9312178.1	CAK9312178.1
OG0004402	CAK9312179.1	CAK9312179.1
OG0004403	CAK9312180.1	CAK9312180.1
OG0004404	CAK9312181.1	CAK9312181.1
OG0004405	CAK9312182.1	CAK9312182.1
OG0004406	CAK9312183.1	CAK9312183.1
OG0004407	CAK9312184.1	CAK9312184.1
OG0004408	CAK9312185.1	CAK9312185.1
OG0004409	CAK9312186.1	CAK9312186.1
OG0004410	CAK9312187.1	CAK9312187.1
OG0004411	CAK9312188.1	CAK9312188.1
OG0004412	CAK9312190.1	CAK9312190.1
OG0004413	CAK9312191.1	CAK9312191.1
OG0004414	CAK9312193.1	CAK9312193.1
OG0004415	CAK9312194.1	CAK9312194.1
OG0004416	CAK9312196.1	CAK9312196.1
OG0004417	CAK9312197.1	CAK9312197.1
OG0004418	CAK9312198.1	CAK9312198.1
OG0004419	CAK9312199.1	CAK9312199.1
OG0004420	CAK9312200.1	CAK9312200.1
OG0004421	CAK9312202.1	CAK9312202.1
OG0004422	CAK9312203.1	CAK9312203.1
OG0004423	CAK9312204.1	CAK9312204.1
OG0004424	CAK9312205.1	CAK9312205.1
OG0004425	CAK9312206.1	CAK9312206.1
OG0004426	CAK9312207.1	CAK9312207.1
OG0004427	CAK9312208.1	CAK9312208.1
OG0004428	CAK9312209.1	CAK9312209.1
OG0004429	CAK9312211.1	CAK9312211.1
OG0004430	CAK9312212.1	CAK9312212.1
OG0004431	CAK9312213.1	CAK9312213.1
OG0004432	CAK9312214.1	CAK9312214.1
OG0004433	CAK9312215.1	CAK9312215.1
OG0004434	CAK9312216.1	CAK9312216.1
OG0004435	CAK9312217.1	CAK9312217.1
OG0004436	CAK9312218.1	CAK9312218.1
OG0004437	CAK9312219.1	CAK9312219.1
OG0004438	CAK9312220.1	CAK9312220.1
OG0004439	CAK9312221.1	CAK9312221.1
OG0004440	CAK9312222.1	CAK9312222.1
OG0004441	CAK9312223.1	CAK9312223.1
OG0004442	CAK9312224.1	CAK9312224.1
OG0004443	CAK9312225.1	CAK9312225.1
OG0004444	CAK9312226.1	CAK9312226.1
OG0004445	CAK9312227.1	CAK9312227.1
OG0004446	CAK9312228.1	CAK9312228.1
OG0004447	CAK9312229.1	CAK9312229.1
OG0004448	CAK9312230.1	CAK9312230.1
OG0004449	CAK9312231.1	CAK9312231.1
OG0004450	CAK9312232.1	CAK9312232.1
OG0004451	CAK9312233.1	CAK9312233.1
OG0004452	CAK9312234.1	CAK9312234.1
OG0004453	CAK9312235.1	CAK9312235.1
OG0004454	CAK9312236.1	CAK9312236.1
OG0004455	CAK9312237.1	CAK9312237.1
OG0004456	CAK9312238.1	CAK9312238.1
OG0004457	CAK9312239.1	CAK9312239.1
OG0004458	CAK9312240.1	CAK9312240.1
OG0004459	CAK9312241.1	CAK9312241.1
OG0004460	CAK9312242.1	CAK9312242.1
OG0004461	CAK9312243.1	CAK9312243.1
OG0004462	CAK9312244.1	CAK9312244.1
OG0004463	CAK9312245.1	CAK9312245.1
OG0004464	CAK9312246.1	CAK9312246.1
OG0004465	CAK9312247.1	CAK9312247.1
OG0004466	CAK9312248.1	CAK9312248.1
OG0004467	CAK9312249.1	CAK9312249.1
OG0004468	CAK9312251.1	CAK9312251.1
OG0004469	CAK9312252.1	CAK9312252.1
OG0004470	CAK9312253.1	CAK9312253.1
OG0004471	CAK9312254.1	CAK9312254.1
OG0004472	CAK9312255.1	CAK9312255.1
OG0004473	CAK9312256.1	CAK9312256.1
OG0004474	CAK9312257.1	CAK9312257.1
OG0004475	CAK9312258.1	CAK9312258.1
OG0004476	CAK9312259.1	CAK9312259.1
OG0004477	CAK9312260.1	CAK9312260.1
OG0004478	CAK9312261.1	CAK9312261.1
OG0004479	CAK9312262.1	CAK9312262.1
OG0004480	CAK9312263.1	CAK9312263.1
OG0004481	CAK9312265.1	CAK9312265.1
OG0004482	CAK9312266.1	CAK9312266.1
OG0004483	CAK9312267.1	CAK9312267.1
OG0004484	CAK9312268.1	CAK9312268.1
OG0004485	CAK9312269.1	CAK9312269.1
OG0004486	CAK9312270.1	CAK9312270.1
OG0004487	CAK9312271.1	CAK9312271.1
OG0004488	CAK9312272.1	CAK9312272.1
OG0004489	CAK9312273.1	CAK9312273.1
OG0004490	CAK9312274.1	CAK9312274.1
OG0004491	CAK9312275.1	CAK9312275.1
OG0004492	CAK9312276.1	CAK9312276.1
OG0004493	CAK9312277.1	CAK9312277.1
OG0004494	CAK9312278.1	CAK9312278.1
OG0004495	CAK9312279.1	CAK9312279.1
OG0004496	CAK9312280.1	CAK9312280.1
OG0004497	CAK9312281.1	CAK9312281.1
OG0004498	CAK9312284.1	CAK9312284.1
OG0004499	CAK9312285.1	CAK9312285.1
OG0004500	CAK9312286.1	CAK9312286.1
OG0004501	CAK9312287.1	CAK9312287.1
OG0004502	CAK9312288.1	CAK9312288.1
OG0004503	CAK9312289.1	CAK9312289.1
OG0004504	CAK9312290.1	CAK9312290.1
OG0004505	CAK9312291.1	CAK9312291.1
OG0004506	CAK9312292.1	CAK9312292.1
OG0004507	CAK9312293.1	CAK9312293.1
OG0004508	CAK9312294.1	CAK9312294.1
OG0004509	CAK9312295.1	CAK9312295.1
OG0004510	CAK9312296.1	CAK9312296.1
OG0004511	CAK9312297.1	CAK9312297.1
OG0004512	CAK9312298.1	CAK9312298.1
OG0004513	CAK9312299.1	CAK9312299.1
OG0004514	CAK9312300.1	CAK9312300.1
OG0004515	CAK9312301.1	CAK9312301.1
OG0004516	CAK9312302.1	CAK9312302.1
OG0004517	CAK9312303.1	CAK9312303.1
OG0004518	CAK9312304.1	CAK9312304.1
OG0004519	CAK9312307.1	CAK9312307.1
OG0004520	CAK9312308.1	CAK9312308.1
OG0004521	CAK9312309.1	CAK9312309.1
OG0004522	CAK9312310.1	CAK9312310.1
OG0004523	CAK9312311.1	CAK9312311.1
OG0004524	CAK9312312.1	CAK9312312.1
OG0004525	CAK9312313.1	CAK9312313.1
OG0004526	CAK9312315.1	CAK9312315.1
OG0004527	CAK9312316.1	CAK9312316.1
OG0004528	CAK9312317.1	CAK9312317.1
OG0004529	CAK9312318.1	CAK9312318.1
OG0004530	CAK9312319.1	CAK9312319.1
OG0004531	CAK9312320.1	CAK9312320.1
OG0004532	CAK9312321.1	CAK9312321.1
OG0004533	CAK9312323.1	CAK9312323.1
OG0004534	CAK9312324.1	CAK9312324.1
OG0004535	CAK9312325.1	CAK9312325.1
OG0004536	CAK9312326.1	CAK9312326.1
OG0004537	CAK9312328.1	CAK9312328.1
OG0004538	CAK9312329.1	CAK9312329.1
OG0004539	CAK9312330.1	CAK9312330.1
OG0004540	CAK9312331.1	CAK9312331.1
OG0004541	CAK9312332.1	CAK9312332.1
OG0004542	CAK9312333.1	CAK9312333.1
OG0004543	CAK9312334.1	CAK9312334.1
OG0004544	CAK9312335.1	CAK9312335.1
OG0004545	CAK9312336.1	CAK9312336.1
OG0004546	CAK9312337.1	CAK9312337.1
OG0004547	CAK9312339.1	CAK9312339.1
OG0004548	CAK9312340.1	CAK9312340.1
OG0004549	CAK9312341.1	CAK9312341.1
OG0004550	CAK9312342.1	CAK9312342.1
OG0004551	CAK9312343.1	CAK9312343.1
OG0004552	CAK9312344.1	CAK9312344.1
OG0004553	CAK9312345.1	CAK9312345.1
OG0004554	CAK9312346.1	CAK9312346.1
OG0004555	CAK9312347.1	CAK9312347.1
OG0004556	CAK9312348.1	CAK9312348.1
OG0004557	CAK9312349.1	CAK9312349.1
OG0004558	CAK9312350.1	CAK9312350.1
OG0004559	CAK9312351.1	CAK9312351.1
OG0004560	CAK9312352.1	CAK9312352.1
OG0004561	CAK9312353.1	CAK9312353.1
OG0004562	CAK9312354.1	CAK9312354.1
OG0004563	CAK9312355.1	CAK9312355.1
OG0004564	CAK9312356.1	CAK9312356.1
OG0004565	CAK9312357.1	CAK9312357.1
OG0004566	CAK9312358.1	CAK9312358.1
OG0004567	CAK9312359.1	CAK9312359.1
OG0004568	CAK9312360.1	CAK9312360.1
OG0004569	CAK9312362.1	CAK9312362.1
OG0004570	CAK9312363.1	CAK9312363.1
OG0004571	CAK9312364.1	CAK9312364.1
OG0004572	CAK9312365.1	CAK9312365.1
OG0004573	CAK9312366.1	CAK9312366.1
OG0004574	CAK9312367.1	CAK9312367.1
OG0004575	CAK9312368.1	CAK9312368.1
OG0004576	CAK9312369.1	CAK9312369.1
OG0004577	CAK9312370.1	CAK9312370.1
OG0004578	CAK9312372.1	CAK9312372.1
OG0004579	CAK9312374.1	CAK9312374.1
OG0004580	CAK9312375.1	CAK9312375.1
OG0004581	CAK9312376.1	CAK9312376.1
OG0004582	CAK9312377.1	CAK9312377.1
OG0004583	CAK9312378.1	CAK9312378.1
OG0004584	CAK9312379.1	CAK9312379.1
OG0004585	CAK9312381.1	CAK9312381.1
OG0004586	CAK9312382.1	CAK9312382.1
OG0004587	CAK9312383.1	CAK9312383.1
OG0004588	CAK9312384.1	CAK9312384.1
OG0004589	CAK9312385.1	CAK9312385.1
OG0004590	CAK9312386.1	CAK9312386.1
OG0004591	CAK9312387.1	CAK9312387.1
OG0004592	CAK9312389.1	CAK9312389.1
OG0004593	CAK9312390.1	CAK9312390.1
OG0004594	CAK9312391.1	CAK9312391.1
OG0004595	CAK9312392.1	CAK9312392.1
OG0004596	CAK9312393.1	CAK9312393.1
OG0004597	CAK9312394.1	CAK9312394.1
OG0004598	CAK9312395.1	CAK9312395.1
OG0004599	CAK9312396.1	CAK9312396.1
OG0004600	CAK9312397.1	CAK9312397.1
OG0004601	CAK9312398.1	CAK9312398.1
OG0004602	CAK9312399.1	CAK9312399.1
OG0004603	CAK9312400.1	CAK9312400.1
OG0004604	CAK9312403.1	CAK9312403.1
OG0004605	CAK9312404.1	CAK9312404.1
OG0004606	CAK9312406.1	CAK9312406.1
OG0004607	CAK9312407.1	CAK9312407.1
OG0004608	CAK9312408.1	CAK9312408.1
OG0004609	CAK9312409.1	CAK9312409.1
OG0004610	CAK9312410.1	CAK9312410.1
OG0004611	CAK9312411.1	CAK9312411.1
OG0004612	CAK9312413.1	CAK9312413.1
OG0004613	CAK9312414.1	CAK9312414.1
OG0004614	CAK9312415.1	CAK9312415.1
OG0004615	CAK9312416.1	CAK9312416.1
OG0004616	CAK9312417.1	CAK9312417.1
OG0004617	CAK9312418.1	CAK9312418.1
OG0004618	CAK9312419.1	CAK9312419.1
OG0004619	CAK9312420.1	CAK9312420.1
OG0004620	CAK9312421.1	CAK9312421.1
OG0004621	CAK9312423.1	CAK9312423.1
OG0004622	CAK9312424.1	CAK9312424.1
OG0004623	CAK9312425.1	CAK9312425.1
OG0004624	CAK9312426.1	CAK9312426.1
OG0004625	CAK9312427.1	CAK9312427.1
OG0004626	CAK9312428.1	CAK9312428.1
OG0004627	CAK9312429.1	CAK9312429.1
OG0004628	CAK9312430.1	CAK9312430.1
OG0004629	CAK9312431.1	CAK9312431.1
OG0004630	CAK9312432.1	CAK9312432.1
OG0004631	CAK9312435.1	CAK9312435.1
OG0004632	CAK9312436.1	CAK9312436.1
OG0004633	CAK9312437.1	CAK9312437.1
OG0004634	CAK9312438.1	CAK9312438.1
OG0004635	CAK9312439.1	CAK9312439.1
OG0004636	CAK9312440.1	CAK9312440.1
OG0004637	CAK9312442.1	CAK9312442.1
OG0004638	CAK9312443.1	CAK9312443.1
OG0004639	CAK9312444.1	CAK9312444.1
OG0004640	CAK9312445.1	CAK9312445.1
OG0004641	CAK9312446.1	CAK9312446.1
OG0004642	CAK9312447.1	CAK9312447.1
OG0004643	CAK9312448.1	CAK9312448.1
OG0004644	CAK9312449.1	CAK9312449.1
OG0004645	CAK9312450.1	CAK9312450.1
OG0004646	CAK9312451.1	CAK9312451.1
OG0004647	CAK9312452.1	CAK9312452.1
OG0004648	CAK9312453.1	CAK9312453.1
OG0004649	CAK9312454.1	CAK9312454.1
OG0004650	CAK9312455.1	CAK9312455.1
OG0004651	CAK9312456.1	CAK9312456.1
OG0004652	CAK9312457.1	CAK9312457.1
OG0004653	CAK9312458.1	CAK9312458.1
OG0004654	CAK9312459.1	CAK9312459.1
OG0004655	CAK9312460.1	CAK9312460.1
OG0004656	CAK9312461.1	CAK9312461.1
OG0004657	CAK9312462.1	CAK9312462.1
OG0004658	CAK9312464.1	CAK9312464.1
OG0004659	CAK9312465.1	CAK9312465.1
OG0004660	CAK9312466.1	CAK9312466.1
OG0004661	CAK9312467.1	CAK9312467.1
OG0004662	CAK9312469.1	CAK9312469.1
OG0004663	CAK9312470.1	CAK9312470.1
OG0004664	CAK9312471.1	CAK9312471.1
OG0004665	CAK9312472.1	CAK9312472.1
OG0004666	CAK9312473.1	CAK9312473.1
OG0004667	CAK9312474.1	CAK9312474.1
OG0004668	CAK9312475.1	CAK9312475.1
OG0004669	CAK9312476.1	CAK9312476.1
OG0004670	CAK9312477.1	CAK9312477.1
OG0004671	CAK9312478.1	CAK9312478.1
OG0004672	CAK9312479.1	CAK9312479.1
OG0004673	CAK9312480.1	CAK9312480.1
OG0004674	CAK9312481.1	CAK9312481.1
OG0004675	CAK9312482.1	CAK9312482.1
OG0004676	CAK9312483.1	CAK9312483.1
OG0004677	CAK9312484.1	CAK9312484.1
OG0004678	CAK9312485.1	CAK9312485.1
OG0004679	CAK9312486.1	CAK9312486.1
OG0004680	CAK9312487.1	CAK9312487.1
OG0004681	CAK9312488.1	CAK9312488.1
OG0004682	CAK9312489.1	CAK9312489.1
OG0004683	CAK9312492.1	CAK9312492.1
OG0004684	CAK9312493.1	CAK9312493.1
OG0004685	CAK9312494.1	CAK9312494.1
OG0004686	CAK9312495.1	CAK9312495.1
OG0004687	CAK9312496.1	CAK9312496.1
OG0004688	CAK9312497.1	CAK9312497.1
OG0004689	CAK9312498.1	CAK9312498.1
OG0004690	CAK9312499.1	CAK9312499.1
OG0004691	CAK9312500.1	CAK9312500.1
OG0004692	CAK9312501.1	CAK9312501.1
OG0004693	CAK9312503.1	CAK9312503.1
OG0004694	CAK9312504.1	CAK9312504.1
OG0004695	CAK9312505.1	CAK9312505.1
OG0004696	CAK9312506.1	CAK9312506.1
OG0004697	CAK9312507.1	CAK9312507.1
OG0004698	CAK9312508.1	CAK9312508.1
OG0004699	CAK9312509.1	CAK9312509.1
OG0004700	CAK9312511.1	CAK9312511.1
OG0004701	CAK9312512.1	CAK9312512.1
OG0004702	CAK9312513.1	CAK9312513.1
OG0004703	CAK9312514.1	CAK9312514.1
OG0004704	CAK9312515.1	CAK9312515.1
OG0004705	CAK9312516.1	CAK9312516.1
OG0004706	CAK9312517.1	CAK9312517.1
OG0004707	CAK9312518.1	CAK9312518.1
OG0004708	CAK9312519.1	CAK9312519.1
OG0004709	CAK9312520.1	CAK9312520.1
OG0004710	CAK9312521.1	CAK9312521.1
OG0004711	CAK9312522.1	CAK9312522.1
OG0004712	CAK9312523.1	CAK9312523.1
OG0004713	CAK9312524.1	CAK9312524.1
OG0004714	CAK9312526.1	CAK9312526.1
OG0004715	CAK9312527.1	CAK9312527.1
OG0004716	CAK9312528.1	CAK9312528.1
OG0004717	CAK9312530.1	CAK9312530.1
OG0004718	CAK9312531.1	CAK9312531.1
OG0004719	CAK9312532.1	CAK9312532.1
OG0004720	CAK9312533.1	CAK9312533.1
OG0004721	CAK9312534.1	CAK9312534.1
OG0004722	CAK9312535.1	CAK9312535.1
OG0004723	CAK9312536.1	CAK9312536.1
OG0004724	CAK9312537.1	CAK9312537.1
OG0004725	CAK9312538.1	CAK9312538.1
OG0004726	CAK9312539.1	CAK9312539.1
OG0004727	CAK9312540.1	CAK9312540.1
OG0004728	CAK9312544.1	CAK9312544.1
OG0004729	CAK9312546.1	CAK9312546.1
OG0004730	CAK9312547.1	CAK9312547.1
OG0004731	CAK9312548.1	CAK9312548.1
OG0004732	CAK9312549.1	CAK9312549.1
OG0004733	CAK9312550.1	CAK9312550.1
OG0004734	CAK9312551.1	CAK9312551.1
OG0004735	CAK9312552.1	CAK9312552.1
OG0004736	CAK9312553.1	CAK9312553.1
OG0004737	CAK9312554.1	CAK9312554.1
OG0004738	CAK9312555.1	CAK9312555.1
OG0004739	CAK9312556.1	CAK9312556.1
OG0004740	CAK9312557.1	CAK9312557.1
OG0004741	CAK9312560.1	CAK9312560.1
OG0004742	CAK9312561.1	CAK9312561.1
OG0004743	CAK9312562.1	CAK9312562.1
OG0004744	CAK9312563.1	CAK9312563.1
OG0004745	CAK9312564.1	CAK9312564.1
OG0004746	CAK9312565.1	CAK9312565.1
OG0004747	CAK9312566.1	CAK9312566.1
OG0004748	CAK9312567.1	CAK9312567.1
OG0004749	CAK9312568.1	CAK9312568.1
OG0004750	CAK9312569.1	CAK9312569.1
OG0004751	CAK9312570.1	CAK9312570.1
OG0004752	CAK9312571.1	CAK9312571.1
OG0004753	CAK9312573.1	CAK9312573.1
OG0004754	CAK9312574.1	CAK9312574.1
OG0004755	CAK9312575.1	CAK9312575.1
OG0004756	CAK9312576.1	CAK9312576.1
OG0004757	CAK9312577.1	CAK9312577.1
OG0004758	CAK9312578.1	CAK9312578.1
OG0004759	CAK9312579.1	CAK9312579.1
OG0004760	CAK9312580.1	CAK9312580.1
OG0004761	CAK9312581.1	CAK9312581.1
OG0004762	CAK9312582.1	CAK9312582.1
OG0004763	CAK9312583.1	CAK9312583.1
OG0004764	CAK9312584.1	CAK9312584.1
OG0004765	CAK9312585.1	CAK9312585.1
OG0004766	CAK9312586.1	CAK9312586.1
OG0004767	CAK9312587.1	CAK9312587.1
OG0004768	CAK9312588.1	CAK9312588.1
OG0004769	CAK9312591.1	CAK9312591.1
OG0004770	CAK9312592.1	CAK9312592.1
OG0004771	CAK9312593.1	CAK9312593.1
OG0004772	CAK9312594.1	CAK9312594.1
OG0004773	CAK9312595.1	CAK9312595.1
OG0004774	CAK9312596.1	CAK9312596.1
OG0004775	CAK9312598.1	CAK9312598.1
OG0004776	CAK9312599.1	CAK9312599.1
OG0004777	CAK9312600.1	CAK9312600.1
OG0004778	CAK9312601.1	CAK9312601.1
OG0004779	CAK9312602.1	CAK9312602.1
OG0004780	CAK9312603.1	CAK9312603.1
OG0004781	CAK9312604.1	CAK9312604.1
OG0004782	CAK9312605.1	CAK9312605.1
OG0004783	CAK9312606.1	CAK9312606.1
OG0004784	CAK9312607.1	CAK9312607.1
OG0004785	CAK9312608.1	CAK9312608.1
OG0004786	CAK9312609.1	CAK9312609.1
OG0004787	CAK9312610.1	CAK9312610.1
OG0004788	CAK9312611.1	CAK9312611.1
OG0004789	CAK9312612.1	CAK9312612.1
OG0004790	CAK9312613.1	CAK9312613.1
OG0004791	CAK9312614.1	CAK9312614.1
OG0004792	CAK9312615.1	CAK9312615.1
OG0004793	CAK9312616.1	CAK9312616.1
OG0004794	CAK9312617.1	CAK9312617.1
OG0004795	CAK9312618.1	CAK9312618.1
OG0004796	CAK9312619.1	CAK9312619.1
OG0004797	CAK9312620.1	CAK9312620.1
OG0004798	CAK9312621.1	CAK9312621.1
OG0004799	CAK9312622.1	CAK9312622.1
OG0004800	CAK9312624.1	CAK9312624.1
OG0004801	CAK9312625.1	CAK9312625.1
OG0004802	CAK9312626.1	CAK9312626.1
OG0004803	CAK9312627.1	CAK9312627.1
OG0004804	CAK9312628.1	CAK9312628.1
OG0004805	CAK9312629.1	CAK9312629.1
OG0004806	CAK9312630.1	CAK9312630.1
OG0004807	CAK9312632.1	CAK9312632.1
OG0004808	CAK9312633.1	CAK9312633.1
OG0004809	CAK9312634.1	CAK9312634.1
OG0004810	CAK9312635.1	CAK9312635.1
OG0004811	CAK9312638.1	CAK9312638.1
OG0004812	CAK9312639.1	CAK9312639.1
OG0004813	CAK9312640.1	CAK9312640.1
OG0004814	CAK9312642.1	CAK9312642.1
OG0004815	CAK9312643.1	CAK9312643.1
OG0004816	CAK9312645.1	CAK9312645.1
OG0004817	CAK9312646.1	CAK9312646.1
OG0004818	CAK9312647.1	CAK9312647.1
OG0004819	CAK9312648.1	CAK9312648.1
OG0004820	CAK9312649.1	CAK9312649.1
OG0004821	CAK9312650.1	CAK9312650.1
OG0004822	CAK9312651.1	CAK9312651.1
OG0004823	CAK9312652.1	CAK9312652.1
OG0004824	CAK9312653.1	CAK9312653.1
OG0004825	CAK9312654.1	CAK9312654.1
OG0004826	CAK9312655.1	CAK9312655.1
OG0004827	CAK9312656.1	CAK9312656.1
OG0004828	CAK9312657.1	CAK9312657.1
OG0004829	CAK9312658.1	CAK9312658.1
OG0004830	CAK9312660.1	CAK9312660.1
OG0004831	CAK9312661.1	CAK9312661.1
OG0004832	CAK9312662.1	CAK9312662.1
OG0004833	CAK9312664.1	CAK9312664.1
OG0004834	CAK9312666.1	CAK9312666.1
OG0004835	CAK9312667.1	CAK9312667.1
OG0004836	CAK9312668.1	CAK9312668.1
OG0004837	CAK9312669.1	CAK9312669.1
OG0004838	CAK9312670.1	CAK9312670.1
OG0004839	CAK9312671.1	CAK9312671.1
OG0004840	CAK9312672.1	CAK9312672.1
OG0004841	CAK9312673.1	CAK9312673.1
OG0004842	CAK9312674.1	CAK9312674.1
OG0004843	CAK9312675.1	CAK9312675.1
OG0004844	CAK9312676.1	CAK9312676.1
OG0004845	CAK9312677.1	CAK9312677.1
OG0004846	CAK9312678.1	CAK9312678.1
OG0004847	CAK9312679.1	CAK9312679.1
OG0004848	CAK9312681.1	CAK9312681.1
OG0004849	CAK9312682.1	CAK9312682.1
OG0004850	CAK9312683.1	CAK9312683.1
OG0004851	CAK9312686.1	CAK9312686.1
OG0004852	CAK9312687.1	CAK9312687.1
OG0004853	CAK9312688.1	CAK9312688.1
OG0004854	CAK9312689.1	CAK9312689.1
OG0004855	CAK9312690.1	CAK9312690.1
OG0004856	CAK9312691.1	CAK9312691.1
OG0004857	CAK9312692.1	CAK9312692.1
OG0004858	CAK9312693.1	CAK9312693.1
OG0004859	CAK9312696.1	CAK9312696.1
OG0004860	CAK9312697.1	CAK9312697.1
OG0004861	CAK9312700.1	CAK9312700.1
OG0004862	CAK9312701.1	CAK9312701.1
OG0004863	CAK9312702.1	CAK9312702.1
OG0004864	CAK9312703.1	CAK9312703.1
OG0004865	CAK9312704.1	CAK9312704.1
OG0004866	CAK9312705.1	CAK9312705.1
OG0004867	CAK9312706.1	CAK9312706.1
OG0004868	CAK9312707.1	CAK9312707.1
OG0004869	CAK9312709.1	CAK9312709.1
OG0004870	CAK9312710.1	CAK9312710.1
OG0004871	CAK9312711.1	CAK9312711.1
OG0004872	CAK9312712.1	CAK9312712.1
OG0004873	CAK9312713.1	CAK9312713.1
OG0004874	CAK9312714.1	CAK9312714.1
OG0004875	CAK9312715.1	CAK9312715.1
OG0004876	CAK9312717.1	CAK9312717.1
OG0004877	CAK9312718.1	CAK9312718.1
OG0004878	CAK9312719.1	CAK9312719.1
OG0004879	CAK9312720.1	CAK9312720.1
OG0004880	CAK9312721.1	CAK9312721.1
OG0004881	CAK9312724.1	CAK9312724.1
OG0004882	CAK9312729.1	CAK9312729.1
OG0004883	CAK9312730.1	CAK9312730.1
OG0004884	CAK9312734.1	CAK9312734.1
OG0004885	CAK9312735.1	CAK9312735.1
OG0004886	CAK9312736.1	CAK9312736.1
OG0004887	CAK9312737.1	CAK9312737.1
OG0004888	CAK9312738.1	CAK9312738.1
OG0004889	CAK9312740.1	CAK9312740.1
OG0004890	CAK9312741.1	CAK9312741.1
OG0004891	CAK9312743.1	CAK9312743.1
OG0004892	CAK9312744.1	CAK9312744.1
OG0004893	CAK9312745.1	CAK9312745.1
OG0004894	CAK9312746.1	CAK9312746.1
OG0004895	CAK9312747.1	CAK9312747.1
OG0004896	CAK9312748.1	CAK9312748.1
OG0004897	CAK9312749.1	CAK9312749.1
OG0004898	CAK9312751.1	CAK9312751.1
OG0004899	CAK9312752.1	CAK9312752.1
OG0004900	CAK9312753.1	CAK9312753.1
OG0004901	CAK9312754.1	CAK9312754.1
OG0004902	CAK9312755.1	CAK9312755.1
OG0004903	CAK9312756.1	CAK9312756.1
OG0004904	CAK9312761.1	CAK9312761.1
OG0004905	CAK9312762.1	CAK9312762.1
OG0004906	CAK9312763.1	CAK9312763.1
OG0004907	CAK9312764.1	CAK9312764.1
OG0004908	CAK9312765.1	CAK9312765.1
OG0004909	CAK9312766.1	CAK9312766.1
OG0004910	CAK9312768.1	CAK9312768.1
OG0004911	CAK9312769.1	CAK9312769.1
OG0004912	CAK9312770.1	CAK9312770.1
OG0004913	CAK9312771.1	CAK9312771.1
OG0004914	CAK9312772.1	CAK9312772.1
OG0004915	CAK9312773.1	CAK9312773.1
OG0004916	CAK9312774.1	CAK9312774.1
OG0004917	CAK9312775.1	CAK9312775.1
OG0004918	CAK9312776.1	CAK9312776.1
OG0004919	CAK9312777.1	CAK9312777.1
OG0004920	CAK9312778.1	CAK9312778.1
OG0004921	CAK9312779.1	CAK9312779.1
OG0004922	CAK9312780.1	CAK9312780.1
OG0004923	CAK9312781.1	CAK9312781.1
OG0004924	CAK9312782.1	CAK9312782.1
OG0004925	CAK9312783.1	CAK9312783.1
OG0004926	CAK9312784.1	CAK9312784.1
OG0004927	CAK9312785.1	CAK9312785.1
OG0004928	CAK9312786.1	CAK9312786.1
OG0004929	CAK9312787.1	CAK9312787.1
OG0004930	CAK9312788.1	CAK9312788.1
OG0004931	CAK9312789.1	CAK9312789.1
OG0004932	CAK9312790.1	CAK9312790.1
OG0004933	CAK9312791.1	CAK9312791.1
OG0004934	CAK9312792.1	CAK9312792.1
OG0004935	CAK9312793.1	CAK9312793.1
OG0004936	CAK9312795.1	CAK9312795.1
OG0004937	CAK9312797.1	CAK9312797.1
OG0004938	CAK9312799.1	CAK9312799.1
OG0004939	CAK9312800.1	CAK9312800.1
OG0004940	CAK9312801.1	CAK9312801.1
OG0004941	CAK9312802.1	CAK9312802.1
OG0004942	CAK9312804.1	CAK9312804.1
OG0004943	CAK9312805.1	CAK9312805.1
OG0004944	CAK9312806.1	CAK9312806.1
OG0004945	CAK9312808.1	CAK9312808.1
OG0004946	CAK9312809.1	CAK9312809.1
OG0004947	CAK9312810.1	CAK9312810.1
OG0004948	CAK9312814.1	CAK9312814.1
OG0004949	CAK9312815.1	CAK9312815.1
OG0004950	CAK9312816.1	CAK9312816.1
OG0004951	CAK9312817.1	CAK9312817.1
OG0004952	CAK9312818.1	CAK9312818.1
OG0004953	CAK9312819.1	CAK9312819.1
OG0004954	CAK9312820.1	CAK9312820.1
OG0004955	CAK9312821.1	CAK9312821.1
OG0004956	CAK9312822.1	CAK9312822.1
OG0004957	CAK9312823.1	CAK9312823.1
OG0004958	CAK9312824.1	CAK9312824.1
OG0004959	CAK9312826.1	CAK9312826.1
OG0004960	CAK9312827.1	CAK9312827.1
OG0004961	CAK9312828.1	CAK9312828.1
OG0004962	CAK9312830.1	CAK9312830.1
OG0004963	CAK9312831.1	CAK9312831.1
OG0004964	CAK9312832.1	CAK9312832.1
OG0004965	CAK9312834.1	CAK9312834.1
OG0004966	CAK9312836.1	CAK9312836.1
OG0004967	CAK9312837.1	CAK9312837.1
OG0004968	CAK9312838.1	CAK9312838.1
OG0004969	CAK9312839.1	CAK9312839.1
OG0004970	CAK9312840.1	CAK9312840.1
OG0004971	CAK9312841.1	CAK9312841.1
OG0004972	CAK9312842.1	CAK9312842.1
OG0004973	CAK9312843.1	CAK9312843.1
OG0004974	CAK9312844.1	CAK9312844.1
OG0004975	CAK9312845.1	CAK9312845.1
OG0004976	CAK9312847.1	CAK9312847.1
OG0004977	CAK9312848.1	CAK9312848.1
OG0004978	CAK9312850.1	CAK9312850.1
OG0004979	CAK9312852.1	CAK9312852.1
OG0004980	CAK9312853.1	CAK9312853.1
OG0004981	CAK9312854.1	CAK9312854.1
OG0004982	CAK9312855.1	CAK9312855.1
OG0004983	CAK9312858.1	CAK9312858.1
OG0004984	CAK9312860.1	CAK9312860.1
OG0004985	CAK9312862.1	CAK9312862.1
OG0004986	CAK9312863.1	CAK9312863.1
OG0004987	CAK9312864.1	CAK9312864.1
OG0004988	CAK9312865.1	CAK9312865.1
OG0004989	CAK9312866.1	CAK9312866.1
OG0004990	CAK9312867.1	CAK9312867.1
OG0004991	CAK9312868.1	CAK9312868.1
OG0004992	CAK9312869.1	CAK9312869.1
OG0004993	CAK9312870.1	CAK9312870.1
OG0004994	CAK9312871.1	CAK9312871.1
OG0004995	CAK9312872.1	CAK9312872.1
OG0004996	CAK9312873.1	CAK9312873.1
OG0004997	CAK9312874.1	CAK9312874.1
OG0004998	CAK9312875.1	CAK9312875.1
OG0004999	CAK9312876.1	CAK9312876.1
OG0005000	CAK9312877.1	CAK9312877.1
OG0005001	CAK9312878.1	CAK9312878.1
OG0005002	CAK9312879.1	CAK9312879.1
OG0005003	CAK9312880.1	CAK9312880.1
OG0005004	CAK9312881.1	CAK9312881.1
OG0005005	CAK9312882.1	CAK9312882.1
OG0005006	CAK9312883.1	CAK9312883.1
OG0005007	CAK9312884.1	CAK9312884.1
OG0005008	CAK9312885.1	CAK9312885.1
OG0005009	CAK9312886.1	CAK9312886.1
OG0005010	CAK9312887.1	CAK9312887.1
OG0005011	CAK9312888.1	CAK9312888.1
OG0005012	CAK9312889.1	CAK9312889.1
OG0005013	CAK9312890.1	CAK9312890.1
OG0005014	CAK9312891.1	CAK9312891.1
OG0005015	CAK9312892.1	CAK9312892.1
OG0005016	CAK9312893.1	CAK9312893.1
OG0005017	CAK9312894.1	CAK9312894.1
OG0005018	CAK9312895.1	CAK9312895.1
OG0005019	CAK9312896.1	CAK9312896.1
OG0005020	CAK9312898.1	CAK9312898.1
OG0005021	CAK9312899.1	CAK9312899.1
OG0005022	CAK9312900.1	CAK9312900.1
OG0005023	CAK9312901.1	CAK9312901.1
OG0005024	CAK9312902.1	CAK9312902.1
OG0005025	CAK9312905.1	CAK9312905.1
OG0005026	CAK9312906.1	CAK9312906.1
OG0005027	CAK9312907.1	CAK9312907.1
OG0005028	CAK9312908.1	CAK9312908.1
OG0005029	CAK9312910.1	CAK9312910.1
OG0005030	CAK9312912.1	CAK9312912.1
OG0005031	CAK9312913.1	CAK9312913.1
OG0005032	CAK9312914.1	CAK9312914.1
OG0005033	CAK9312915.1	CAK9312915.1
OG0005034	CAK9312916.1	CAK9312916.1
OG0005035	CAK9312917.1	CAK9312917.1
OG0005036	CAK9312918.1	CAK9312918.1
OG0005037	CAK9312919.1	CAK9312919.1
OG0005038	CAK9312920.1	CAK9312920.1
OG0005039	CAK9312921.1	CAK9312921.1
OG0005040	CAK9312922.1	CAK9312922.1
OG0005041	CAK9312923.1	CAK9312923.1
OG0005042	CAK9312924.1	CAK9312924.1
OG0005043	CAK9312925.1	CAK9312925.1
OG0005044	CAK9312926.1	CAK9312926.1
OG0005045	CAK9312927.1	CAK9312927.1
OG0005046	CAK9312928.1	CAK9312928.1
OG0005047	CAK9312929.1	CAK9312929.1
OG0005048	CAK9312930.1	CAK9312930.1
OG0005049	CAK9312931.1	CAK9312931.1
OG0005050	CAK9312932.1	CAK9312932.1
OG0005051	CAK9312933.1	CAK9312933.1
OG0005052	CAK9312934.1	CAK9312934.1
OG0005053	CAK9312935.1	CAK9312935.1
OG0005054	CAK9312936.1	CAK9312936.1
OG0005055	CAK9312937.1	CAK9312937.1
OG0005056	CAK9312938.1	CAK9312938.1
OG0005057	CAK9312939.1	CAK9312939.1
OG0005058	CAK9312940.1	CAK9312940.1
OG0005059	CAK9312941.1	CAK9312941.1
OG0005060	CAK9312942.1	CAK9312942.1
OG0005061	CAK9312943.1	CAK9312943.1
OG0005062	CAK9312944.1	CAK9312944.1
OG0005063	CAK9312945.1	CAK9312945.1
OG0005064	CAK9312946.1	CAK9312946.1
OG0005065	CAK9312947.1	CAK9312947.1
OG0005066	CAK9312948.1	CAK9312948.1
OG0005067	CAK9312949.1	CAK9312949.1
OG0005068	CAK9312950.1	CAK9312950.1
OG0005069	CAK9312951.1	CAK9312951.1
OG0005070	CAK9312952.1	CAK9312952.1
OG0005071	CAK9312953.1	CAK9312953.1
OG0005072	CAK9312954.1	CAK9312954.1
OG0005073	CAK9312955.1	CAK9312955.1
OG0005074	CAK9312957.1	CAK9312957.1
OG0005075	CAK9312958.1	CAK9312958.1
OG0005076	CAK9312959.1	CAK9312959.1
OG0005077	CAK9312960.1	CAK9312960.1
OG0005078	CAK9312961.1	CAK9312961.1
OG0005079	CAK9312963.1	CAK9312963.1
OG0005080	CAK9312964.1	CAK9312964.1
OG0005081	CAK9312965.1	CAK9312965.1
OG0005082	CAK9312966.1	CAK9312966.1
OG0005083	CAK9312967.1	CAK9312967.1
OG0005084	CAK9312968.1	CAK9312968.1
OG0005085	CAK9312969.1	CAK9312969.1
OG0005086	CAK9312970.1	CAK9312970.1
OG0005087	CAK9312971.1	CAK9312971.1
OG0005088	CAK9312972.1	CAK9312972.1
OG0005089	CAK9312973.1	CAK9312973.1
OG0005090	CAK9312974.1	CAK9312974.1
OG0005091	CAK9312975.1	CAK9312975.1
OG0005092	CAK9312976.1	CAK9312976.1
OG0005093	CAK9312977.1	CAK9312977.1
OG0005094	CAK9312978.1	CAK9312978.1
OG0005095	CAK9312979.1	CAK9312979.1
OG0005096	CAK9312980.1	CAK9312980.1
OG0005097	CAK9312982.1	CAK9312982.1
OG0005098	CAK9312983.1	CAK9312983.1
OG0005099	CAK9312984.1	CAK9312984.1
OG0005100	CAK9312985.1	CAK9312985.1
OG0005101	CAK9312986.1	CAK9312986.1
OG0005102	CAK9312987.1	CAK9312987.1
OG0005103	CAK9312988.1	CAK9312988.1
OG0005104	CAK9312990.1	CAK9312990.1
OG0005105	CAK9312992.1	CAK9312992.1
OG0005106	CAK9312993.1	CAK9312993.1
OG0005107	CAK9312994.1	CAK9312994.1
OG0005108	CAK9312995.1	CAK9312995.1
OG0005109	CAK9312997.1	CAK9312997.1
OG0005110	CAK9312998.1	CAK9312998.1
OG0005111	CAK9312999.1	CAK9312999.1
OG0005112	CAK9313000.1	CAK9313000.1
OG0005113	CAK9313001.1	CAK9313001.1
OG0005114	CAK9313002.1	CAK9313002.1
OG0005115	CAK9313003.1	CAK9313003.1
OG0005116	CAK9313004.1	CAK9313004.1
OG0005117	CAK9313006.1	CAK9313006.1
OG0005118	CAK9313007.1	CAK9313007.1
OG0005119	CAK9313009.1	CAK9313009.1
OG0005120	CAK9313010.1	CAK9313010.1
OG0005121	CAK9313011.1	CAK9313011.1
OG0005122	CAK9313012.1	CAK9313012.1
OG0005123	CAK9313013.1	CAK9313013.1
OG0005124	CAK9313014.1	CAK9313014.1
OG0005125	CAK9313015.1	CAK9313015.1
OG0005126	CAK9313016.1	CAK9313016.1
OG0005127	CAK9313017.1	CAK9313017.1
OG0005128	CAK9313018.1	CAK9313018.1
OG0005129	CAK9313019.1	CAK9313019.1
OG0005130	CAK9313020.1	CAK9313020.1
OG0005131	CAK9313021.1	CAK9313021.1
OG0005132	CAK9313022.1	CAK9313022.1
OG0005133	CAK9313023.1	CAK9313023.1
OG0005134	CAK9313025.1	CAK9313025.1
OG0005135	CAK9313026.1	CAK9313026.1
OG0005136	CAK9313027.1	CAK9313027.1
OG0005137	CAK9313028.1	CAK9313028.1
OG0005138	CAK9313029.1	CAK9313029.1
OG0005139	CAK9313030.1	CAK9313030.1
OG0005140	CAK9313031.1	CAK9313031.1
OG0005141	CAK9313032.1	CAK9313032.1
OG0005142	CAK9313033.1	CAK9313033.1
OG0005143	CAK9313034.1	CAK9313034.1
OG0005144	CAK9313035.1	CAK9313035.1
OG0005145	CAK9313036.1	CAK9313036.1
OG0005146	CAK9313037.1	CAK9313037.1
OG0005147	CAK9313041.1	CAK9313041.1
OG0005148	CAK9313042.1	CAK9313042.1
OG0005149	CAK9313043.1	CAK9313043.1
OG0005150	CAK9313044.1	CAK9313044.1
OG0005151	CAK9313045.1	CAK9313045.1
OG0005152	CAK9313046.1	CAK9313046.1
OG0005153	CAK9313047.1	CAK9313047.1
OG0005154	CAK9313048.1	CAK9313048.1
OG0005155	CAK9313049.1	CAK9313049.1
OG0005156	CAK9313050.1	CAK9313050.1
OG0005157	CAK9313051.1	CAK9313051.1
OG0005158	CAK9313052.1	CAK9313052.1
OG0005159	CAK9313055.1	CAK9313055.1
OG0005160	CAK9313056.1	CAK9313056.1
OG0005161	CAK9313057.1	CAK9313057.1
OG0005162	CAK9313058.1	CAK9313058.1
OG0005163	CAK9313061.1	CAK9313061.1
OG0005164	CAK9313064.1	CAK9313064.1
OG0005165	CAK9313065.1	CAK9313065.1
OG0005166	CAK9313066.1	CAK9313066.1
OG0005167	CAK9313067.1	CAK9313067.1
OG0005168	CAK9313068.1	CAK9313068.1
OG0005169	CAK9313069.1	CAK9313069.1
OG0005170	CAK9313070.1	CAK9313070.1
OG0005171	CAK9313071.1	CAK9313071.1
OG0005172	CAK9313072.1	CAK9313072.1
OG0005173	CAK9313073.1	CAK9313073.1
OG0005174	CAK9313074.1	CAK9313074.1
OG0005175	CAK9313075.1	CAK9313075.1
OG0005176	CAK9313076.1	CAK9313076.1
OG0005177	CAK9313077.1	CAK9313077.1
OG0005178	CAK9313078.1	CAK9313078.1
OG0005179	CAK9313080.1	CAK9313080.1
OG0005180	CAK9313081.1	CAK9313081.1
OG0005181	CAK9313082.1	CAK9313082.1
OG0005182	CAK9313083.1	CAK9313083.1
OG0005183	CAK9313084.1	CAK9313084.1
OG0005184	CAK9313086.1	CAK9313086.1
OG0005185	CAK9313088.1	CAK9313088.1
OG0005186	CAK9313089.1	CAK9313089.1
OG0005187	CAK9313090.1	CAK9313090.1
OG0005188	CAK9313091.1	CAK9313091.1
OG0005189	CAK9313092.1	CAK9313092.1
OG0005190	CAK9313093.1	CAK9313093.1
OG0005191	CAK9313094.1	CAK9313094.1
OG0005192	CAK9313095.1	CAK9313095.1
OG0005193	CAK9313096.1	CAK9313096.1
OG0005194	CAK9313097.1	CAK9313097.1
OG0005195	CAK9313098.1	CAK9313098.1
OG0005196	CAK9313099.1	CAK9313099.1
OG0005197	CAK9313100.1	CAK9313100.1
OG0005198	CAK9313104.1	CAK9313104.1
OG0005199	CAK9313105.1	CAK9313105.1
OG0005200	CAK9313106.1	CAK9313106.1
OG0005201	CAK9313107.1	CAK9313107.1
OG0005202	CAK9313108.1	CAK9313108.1
OG0005203	CAK9313109.1	CAK9313109.1
OG0005204	CAK9313110.1	CAK9313110.1
OG0005205	CAK9313111.1	CAK9313111.1
OG0005206	CAK9313113.1	CAK9313113.1
OG0005207	CAK9313114.1	CAK9313114.1
OG0005208	CAK9313115.1	CAK9313115.1
OG0005209	CAK9313116.1	CAK9313116.1
OG0005210	CAK9313117.1	CAK9313117.1
OG0005211	CAK9313119.1	CAK9313119.1
OG0005212	CAK9313121.1	CAK9313121.1
OG0005213	CAK9313122.1	CAK9313122.1
OG0005214	CAK9313123.1	CAK9313123.1
OG0005215	CAK9313124.1	CAK9313124.1
OG0005216	CAK9313125.1	CAK9313125.1
OG0005217	CAK9313126.1	CAK9313126.1
OG0005218	CAK9313127.1	CAK9313127.1
OG0005219	CAK9313128.1	CAK9313128.1
OG0005220	CAK9313129.1	CAK9313129.1
OG0005221	CAK9313130.1	CAK9313130.1
OG0005222	CAK9313131.1	CAK9313131.1
OG0005223	CAK9313132.1	CAK9313132.1
OG0005224	CAK9313133.1	CAK9313133.1
OG0005225	CAK9313134.1	CAK9313134.1
OG0005226	CAK9313135.1	CAK9313135.1
OG0005227	CAK9313137.1	CAK9313137.1
OG0005228	CAK9313138.1	CAK9313138.1
OG0005229	CAK9313139.1	CAK9313139.1
OG0005230	CAK9313141.1	CAK9313141.1
OG0005231	CAK9313143.1	CAK9313143.1
OG0005232	CAK9313144.1	CAK9313144.1
OG0005233	CAK9313145.1	CAK9313145.1
OG0005234	CAK9313146.1	CAK9313146.1
OG0005235	CAK9313147.1	CAK9313147.1
OG0005236	CAK9313148.1	CAK9313148.1
OG0005237	CAK9313149.1	CAK9313149.1
OG0005238	CAK9313150.1	CAK9313150.1
OG0005239	CAK9313151.1	CAK9313151.1
OG0005240	CAK9313152.1	CAK9313152.1
OG0005241	CAK9313154.1	CAK9313154.1
OG0005242	CAK9313155.1	CAK9313155.1
OG0005243	CAK9313156.1	CAK9313156.1
OG0005244	CAK9313157.1	CAK9313157.1
OG0005245	CAK9313158.1	CAK9313158.1
OG0005246	CAK9313160.1	CAK9313160.1
OG0005247	CAK9313161.1	CAK9313161.1
OG0005248	CAK9313162.1	CAK9313162.1
OG0005249	CAK9313163.1	CAK9313163.1
OG0005250	CAK9313164.1	CAK9313164.1
OG0005251	CAK9313165.1	CAK9313165.1
OG0005252	CAK9313166.1	CAK9313166.1
OG0005253	CAK9313167.1	CAK9313167.1
OG0005254	CAK9313169.1	CAK9313169.1
OG0005255	CAK9313171.1	CAK9313171.1
OG0005256	CAK9313172.1	CAK9313172.1
OG0005257	CAK9313173.1	CAK9313173.1
OG0005258	CAK9313174.1	CAK9313174.1
OG0005259	CAK9313175.1	CAK9313175.1
OG0005260	CAK9313176.1	CAK9313176.1
OG0005261	CAK9313178.1	CAK9313178.1
OG0005262	CAK9313179.1	CAK9313179.1
OG0005263	CAK9313180.1	CAK9313180.1
OG0005264	CAK9313181.1	CAK9313181.1
OG0005265	CAK9313182.1	CAK9313182.1
OG0005266	CAK9313183.1	CAK9313183.1
OG0005267	CAK9313184.1	CAK9313184.1
OG0005268	CAK9313185.1	CAK9313185.1
OG0005269	CAK9313186.1	CAK9313186.1
OG0005270	CAK9313187.1	CAK9313187.1
OG0005271	CAK9313188.1	CAK9313188.1
OG0005272	CAK9313189.1	CAK9313189.1
OG0005273	CAK9313190.1	CAK9313190.1
OG0005274	CAK9313191.1	CAK9313191.1
OG0005275	CAK9313192.1	CAK9313192.1
OG0005276	CAK9313193.1	CAK9313193.1
OG0005277	CAK9313194.1	CAK9313194.1
OG0005278	CAK9313195.1	CAK9313195.1
OG0005279	CAK9313197.1	CAK9313197.1
OG0005280	CAK9313198.1	CAK9313198.1
OG0005281	CAK9313199.1	CAK9313199.1
OG0005282	CAK9313200.1	CAK9313200.1
OG0005283	CAK9313202.1	CAK9313202.1
OG0005284	CAK9313203.1	CAK9313203.1
OG0005285	CAK9313206.1	CAK9313206.1
OG0005286	CAK9313207.1	CAK9313207.1
OG0005287	CAK9313208.1	CAK9313208.1
OG0005288	CAK9313209.1	CAK9313209.1
OG0005289	CAK9313210.1	CAK9313210.1
OG0005290	CAK9313211.1	CAK9313211.1
OG0005291	CAK9313212.1	CAK9313212.1
OG0005292	CAK9313213.1	CAK9313213.1
OG0005293	CAK9313214.1	CAK9313214.1
OG0005294	CAK9313215.1	CAK9313215.1
OG0005295	CAK9313216.1	CAK9313216.1
OG0005296	CAK9313217.1	CAK9313217.1
OG0005297	CAK9313218.1	CAK9313218.1
OG0005298	CAK9313219.1	CAK9313219.1
OG0005299	CAK9313220.1	CAK9313220.1
OG0005300	CAK9313221.1	CAK9313221.1
OG0005301	CAK9313226.1	CAK9313226.1
OG0005302	CAK9313227.1	CAK9313227.1
OG0005303	CAK9313228.1	CAK9313228.1
OG0005304	CAK9313231.1	CAK9313231.1
OG0005305	CAK9313232.1	CAK9313232.1
OG0005306	CAK9313233.1	CAK9313233.1
OG0005307	CAK9313234.1	CAK9313234.1
OG0005308	CAK9313235.1	CAK9313235.1
OG0005309	CAK9313236.1	CAK9313236.1
OG0005310	CAK9313237.1	CAK9313237.1
OG0005311	CAK9313238.1	CAK9313238.1
OG0005312	CAK9313239.1	CAK9313239.1
OG0005313	CAK9313240.1	CAK9313240.1
OG0005314	CAK9313241.1	CAK9313241.1
OG0005315	CAK9313242.1	CAK9313242.1
OG0005316	CAK9313243.1	CAK9313243.1
OG0005317	CAK9313244.1	CAK9313244.1
OG0005318	CAK9313245.1	CAK9313245.1
OG0005319	CAK9313246.1	CAK9313246.1
OG0005320	CAK9313248.1	CAK9313248.1
OG0005321	CAK9313249.1	CAK9313249.1
OG0005322	CAK9313250.1	CAK9313250.1
OG0005323	CAK9313251.1	CAK9313251.1
OG0005324	CAK9313252.1	CAK9313252.1
OG0005325	CAK9313253.1	CAK9313253.1
OG0005326	CAK9313254.1	CAK9313254.1
OG0005327	CAK9313255.1	CAK9313255.1
OG0005328	CAK9313256.1	CAK9313256.1
OG0005329	CAK9313257.1	CAK9313257.1
OG0005330	CAK9313258.1	CAK9313258.1
OG0005331	CAK9313259.1	CAK9313259.1
OG0005332	CAK9313260.1	CAK9313260.1
OG0005333	CAK9313261.1	CAK9313261.1
OG0005334	CAK9313262.1	CAK9313262.1
OG0005335	CAK9313264.1	CAK9313264.1
OG0005336	CAK9313265.1	CAK9313265.1
OG0005337	CAK9313266.1	CAK9313266.1
OG0005338	CAK9313267.1	CAK9313267.1
OG0005339	CAK9313268.1	CAK9313268.1
OG0005340	CAK9313269.1	CAK9313269.1
OG0005341	CAK9313270.1	CAK9313270.1
OG0005342	CAK9313272.1	CAK9313272.1
OG0005343	CAK9313273.1	CAK9313273.1
OG0005344	CAK9313274.1	CAK9313274.1
OG0005345	CAK9313275.1	CAK9313275.1
OG0005346	CAK9313277.1	CAK9313277.1
OG0005347	CAK9313278.1	CAK9313278.1
OG0005348	CAK9313279.1	CAK9313279.1
OG0005349	CAK9313280.1	CAK9313280.1
OG0005350	CAK9313281.1	CAK9313281.1
OG0005351	CAK9313282.1	CAK9313282.1
OG0005352	CAK9313283.1	CAK9313283.1
OG0005353	CAK9313284.1	CAK9313284.1
OG0005354	CAK9313285.1	CAK9313285.1
OG0005355	CAK9313286.1	CAK9313286.1
OG0005356	CAK9313287.1	CAK9313287.1
OG0005357	CAK9313288.1	CAK9313288.1
OG0005358	CAK9313289.1	CAK9313289.1
OG0005359	CAK9313290.1	CAK9313290.1
OG0005360	CAK9313292.1	CAK9313292.1
OG0005361	CAK9313294.1	CAK9313294.1
OG0005362	CAK9313295.1	CAK9313295.1
OG0005363	CAK9313296.1	CAK9313296.1
OG0005364	CAK9313297.1	CAK9313297.1
OG0005365	CAK9313299.1	CAK9313299.1
OG0005366	CAK9313300.1	CAK9313300.1
OG0005367	CAK9313301.1	CAK9313301.1
OG0005368	CAK9313302.1	CAK9313302.1
OG0005369	CAK9313303.1	CAK9313303.1
OG0005370	CAK9313304.1	CAK9313304.1
OG0005371	CAK9313305.1	CAK9313305.1
OG0005372	CAK9313306.1	CAK9313306.1
OG0005373	CAK9313307.1	CAK9313307.1
OG0005374	CAK9313308.1	CAK9313308.1
OG0005375	CAK9313309.1	CAK9313309.1
OG0005376	CAK9313310.1	CAK9313310.1
OG0005377	CAK9313314.1	CAK9313314.1
OG0005378	CAK9313315.1	CAK9313315.1
OG0005379	CAK9313316.1	CAK9313316.1
OG0005380	CAK9313317.1	CAK9313317.1
OG0005381	CAK9313318.1	CAK9313318.1
OG0005382	CAK9313319.1	CAK9313319.1
OG0005383	CAK9313320.1	CAK9313320.1
OG0005384	CAK9313321.1	CAK9313321.1
OG0005385	CAK9313322.1	CAK9313322.1
OG0005386	CAK9313323.1	CAK9313323.1
OG0005387	CAK9313324.1	CAK9313324.1
OG0005388	CAK9313325.1	CAK9313325.1
OG0005389	CAK9313326.1	CAK9313326.1
OG0005390	CAK9313327.1	CAK9313327.1
OG0005391	CAK9313328.1	CAK9313328.1
OG0005392	CAK9313329.1	CAK9313329.1
OG0005393	CAK9313330.1	CAK9313330.1
OG0005394	CAK9313331.1	CAK9313331.1
OG0005395	CAK9313332.1	CAK9313332.1
OG0005396	CAK9313333.1	CAK9313333.1
OG0005397	CAK9313334.1	CAK9313334.1
OG0005398	CAK9313335.1	CAK9313335.1
OG0005399	CAK9313336.1	CAK9313336.1
OG0005400	CAK9313337.1	CAK9313337.1
OG0005401	CAK9313338.1	CAK9313338.1
OG0005402	CAK9313339.1	CAK9313339.1
OG0005403	CAK9313340.1	CAK9313340.1
OG0005404	CAK9313341.1	CAK9313341.1
OG0005405	CAK9313342.1	CAK9313342.1
OG0005406	CAK9313343.1	CAK9313343.1
OG0005407	CAK9313344.1	CAK9313344.1
OG0005408	CAK9313345.1	CAK9313345.1
OG0005409	CAK9313346.1	CAK9313346.1
OG0005410	CAK9313347.1	CAK9313347.1
OG0005411	CAK9313348.1	CAK9313348.1
OG0005412	CAK9313349.1	CAK9313349.1
OG0005413	CAK9313350.1	CAK9313350.1
OG0005414	CAK9313351.1	CAK9313351.1
OG0005415	CAK9313352.1	CAK9313352.1
OG0005416	CAK9313354.1	CAK9313354.1
OG0005417	CAK9313355.1	CAK9313355.1
OG0005418	CAK9313356.1	CAK9313356.1
OG0005419	CAK9313357.1	CAK9313357.1
OG0005420	CAK9313358.1	CAK9313358.1
OG0005421	CAK9313359.1	CAK9313359.1
OG0005422	CAK9313360.1	CAK9313360.1
OG0005423	CAK9313362.1	CAK9313362.1
OG0005424	CAK9313363.1	CAK9313363.1
OG0005425	CAK9313364.1	CAK9313364.1
OG0005426	CAK9313365.1	CAK9313365.1
OG0005427	CAK9313366.1	CAK9313366.1
OG0005428	CAK9313367.1	CAK9313367.1
OG0005429	CAK9313369.1	CAK9313369.1
OG0005430	CAK9313370.1	CAK9313370.1
OG0005431	CAK9313371.1	CAK9313371.1
OG0005432	CAK9313372.1	CAK9313372.1
OG0005433	CAK9313373.1	CAK9313373.1
OG0005434	CAK9313374.1	CAK9313374.1
OG0005435	CAK9313375.1	CAK9313375.1
OG0005436	CAK9313376.1	CAK9313376.1
OG0005437	CAK9313378.1	CAK9313378.1
OG0005438	CAK9313380.1	CAK9313380.1
OG0005439	CAK9313381.1	CAK9313381.1
OG0005440	CAK9313382.1	CAK9313382.1
OG0005441	CAK9313383.1	CAK9313383.1
OG0005442	CAK9313384.1	CAK9313384.1
OG0005443	CAK9313385.1	CAK9313385.1
OG0005444	CAK9313386.1	CAK9313386.1
OG0005445	CAK9313387.1	CAK9313387.1
OG0005446	CAK9313388.1	CAK9313388.1
OG0005447	CAK9313389.1	CAK9313389.1
OG0005448	CAK9313390.1	CAK9313390.1
OG0005449	CAK9313391.1	CAK9313391.1
OG0005450	CAK9313392.1	CAK9313392.1
OG0005451	CAK9313393.1	CAK9313393.1
OG0005452	CAK9313394.1	CAK9313394.1
OG0005453	CAK9313395.1	CAK9313395.1
OG0005454	CAK9313396.1	CAK9313396.1
OG0005455	CAK9313397.1	CAK9313397.1
OG0005456	CAK9313398.1	CAK9313398.1
OG0005457	CAK9313399.1	CAK9313399.1
OG0005458	CAK9313400.1	CAK9313400.1
OG0005459	CAK9313401.1	CAK9313401.1
OG0005460	CAK9313402.1	CAK9313402.1
OG0005461	CAK9313403.1	CAK9313403.1
OG0005462	CAK9313405.1	CAK9313405.1
OG0005463	CAK9313406.1	CAK9313406.1
OG0005464	CAK9313407.1	CAK9313407.1
OG0005465	CAK9313408.1	CAK9313408.1
OG0005466	CAK9313409.1	CAK9313409.1
OG0005467	CAK9313410.1	CAK9313410.1
OG0005468	CAK9313411.1	CAK9313411.1
OG0005469	CAK9313412.1	CAK9313412.1
OG0005470	CAK9313413.1	CAK9313413.1
OG0005471	CAK9313414.1	CAK9313414.1
OG0005472	CAK9313415.1	CAK9313415.1
OG0005473	CAK9313416.1	CAK9313416.1
OG0005474	CAK9313417.1	CAK9313417.1
OG0005475	CAK9313418.1	CAK9313418.1
OG0005476	CAK9313419.1	CAK9313419.1
OG0005477	CAK9313420.1	CAK9313420.1
OG0005478	CAK9313421.1	CAK9313421.1
OG0005479	CAK9313422.1	CAK9313422.1
OG0005480	CAK9313423.1	CAK9313423.1
OG0005481	CAK9313424.1	CAK9313424.1
OG0005482	CAK9313425.1	CAK9313425.1
OG0005483	CAK9313426.1	CAK9313426.1
OG0005484	CAK9313430.1	CAK9313430.1
OG0005485	CAK9313431.1	CAK9313431.1
OG0005486	CAK9313432.1	CAK9313432.1
OG0005487	CAK9313433.1	CAK9313433.1
OG0005488	CAK9313434.1	CAK9313434.1
OG0005489	CAK9313435.1	CAK9313435.1
OG0005490	CAK9313436.1	CAK9313436.1
OG0005491	CAK9313437.1	CAK9313437.1
OG0005492	CAK9313439.1	CAK9313439.1
OG0005493	CAK9313440.1	CAK9313440.1
OG0005494	CAK9313441.1	CAK9313441.1
OG0005495	CAK9313443.1	CAK9313443.1
OG0005496	CAK9313445.1	CAK9313445.1
OG0005497	CAK9313447.1	CAK9313447.1
OG0005498	CAK9313448.1	CAK9313448.1
OG0005499	CAK9313449.1	CAK9313449.1
OG0005500	CAK9313452.1	CAK9313452.1
OG0005501	CAK9313453.1	CAK9313453.1
OG0005502	CAK9313454.1	CAK9313454.1
OG0005503	CAK9313456.1	CAK9313456.1
OG0005504	CAK9313457.1	CAK9313457.1
OG0005505	CAK9313458.1	CAK9313458.1
OG0005506	CAK9313459.1	CAK9313459.1
OG0005507	CAK9313460.1	CAK9313460.1
OG0005508	CAK9313461.1	CAK9313461.1
OG0005509	CAK9313462.1	CAK9313462.1
OG0005510	CAK9313463.1	CAK9313463.1
OG0005511	CAK9313464.1	CAK9313464.1
OG0005512	CAK9313465.1	CAK9313465.1
OG0005513	CAK9313466.1	CAK9313466.1
OG0005514	CAK9313467.1	CAK9313467.1
OG0005515	CAK9313468.1	CAK9313468.1
OG0005516	CAK9313469.1	CAK9313469.1
OG0005517	CAK9313470.1	CAK9313470.1
OG0005518	CAK9313471.1	CAK9313471.1
OG0005519	CAK9313472.1	CAK9313472.1
OG0005520	CAK9313473.1	CAK9313473.1
OG0005521	CAK9313474.1	CAK9313474.1
OG0005522	CAK9313475.1	CAK9313475.1
OG0005523	CAK9313477.1	CAK9313477.1
OG0005524	CAK9313478.1	CAK9313478.1
OG0005525	CAK9313479.1	CAK9313479.1
OG0005526	CAK9313481.1	CAK9313481.1
OG0005527	CAK9313482.1	CAK9313482.1
OG0005528	CAK9313483.1	CAK9313483.1
OG0005529	CAK9313484.1	CAK9313484.1
OG0005530	CAK9313485.1	CAK9313485.1
OG0005531	CAK9313487.1	CAK9313487.1
OG0005532	CAK9313488.1	CAK9313488.1
OG0005533	CAK9313489.1	CAK9313489.1
OG0005534	CAK9313490.1	CAK9313490.1
OG0005535	CAK9313491.1	CAK9313491.1
OG0005536	CAK9313492.1	CAK9313492.1
OG0005537	CAK9313493.1	CAK9313493.1
OG0005538	CAK9313494.1	CAK9313494.1
OG0005539	CAK9313495.1	CAK9313495.1
OG0005540	CAK9313496.1	CAK9313496.1
OG0005541	CAK9313497.1	CAK9313497.1
OG0005542	CAK9313498.1	CAK9313498.1
OG0005543	CAK9313499.1	CAK9313499.1
OG0005544	CAK9313500.1	CAK9313500.1
OG0005545	CAK9313501.1	CAK9313501.1
OG0005546	CAK9313502.1	CAK9313502.1
OG0005547	CAK9313504.1	CAK9313504.1
OG0005548	CAK9313505.1	CAK9313505.1
OG0005549	CAK9313506.1	CAK9313506.1
OG0005550	CAK9313507.1	CAK9313507.1
OG0005551	CAK9313508.1	CAK9313508.1
OG0005552	CAK9313510.1	CAK9313510.1
OG0005553	CAK9313511.1	CAK9313511.1
OG0005554	CAK9313512.1	CAK9313512.1
OG0005555	CAK9313513.1	CAK9313513.1
OG0005556	CAK9313515.1	CAK9313515.1
OG0005557	CAK9313516.1	CAK9313516.1
OG0005558	CAK9313517.1	CAK9313517.1
OG0005559	CAK9313518.1	CAK9313518.1
OG0005560	CAK9313519.1	CAK9313519.1
OG0005561	CAK9313520.1	CAK9313520.1
OG0005562	CAK9313521.1	CAK9313521.1
OG0005563	CAK9313523.1	CAK9313523.1
OG0005564	CAK9313525.1	CAK9313525.1
OG0005565	CAK9313526.1	CAK9313526.1
OG0005566	CAK9313527.1	CAK9313527.1
OG0005567	CAK9313528.1	CAK9313528.1
OG0005568	CAK9313529.1	CAK9313529.1
OG0005569	CAK9313530.1	CAK9313530.1
OG0005570	CAK9313531.1	CAK9313531.1
OG0005571	CAK9313532.1	CAK9313532.1
OG0005572	CAK9313533.1	CAK9313533.1
OG0005573	CAK9313534.1	CAK9313534.1
OG0005574	CAK9313535.1	CAK9313535.1
OG0005575	CAK9313536.1	CAK9313536.1
OG0005576	CAK9313537.1	CAK9313537.1
OG0005577	CAK9313538.1	CAK9313538.1
OG0005578	CAK9313539.1	CAK9313539.1
OG0005579	CAK9313540.1	CAK9313540.1
OG0005580	CAK9313541.1	CAK9313541.1
OG0005581	CAK9313542.1	CAK9313542.1
OG0005582	CAK9313543.1	CAK9313543.1
OG0005583	CAK9313544.1	CAK9313544.1
OG0005584	CAK9313545.1	CAK9313545.1
OG0005585	CAK9313546.1	CAK9313546.1
OG0005586	CAK9313547.1	CAK9313547.1
OG0005587	CAK9313548.1	CAK9313548.1
OG0005588	CAK9313549.1	CAK9313549.1
OG0005589	CAK9313550.1	CAK9313550.1
OG0005590	CAK9313551.1	CAK9313551.1
OG0005591	CAK9313552.1	CAK9313552.1
OG0005592	CAK9313553.1	CAK9313553.1
OG0005593	CAK9313556.1	CAK9313556.1
OG0005594	CAK9313557.1	CAK9313557.1
OG0005595	CAK9313558.1	CAK9313558.1
OG0005596	CAK9313559.1	CAK9313559.1
OG0005597	CAK9313560.1	CAK9313560.1
OG0005598	CAK9313561.1	CAK9313561.1
OG0005599	CAK9313562.1	CAK9313562.1
OG0005600	CAK9313563.1	CAK9313563.1
OG0005601	CAK9313564.1	CAK9313564.1
OG0005602	CAK9313565.1	CAK9313565.1
OG0005603	CAK9313566.1	CAK9313566.1
OG0005604	CAK9313567.1	CAK9313567.1
OG0005605	CAK9313568.1	CAK9313568.1
OG0005606	CAK9313569.1	CAK9313569.1
OG0005607	CAK9313570.1	CAK9313570.1
OG0005608	CAK9313571.1	CAK9313571.1
OG0005609	CAK9313572.1	CAK9313572.1
OG0005610	CAK9313574.1	CAK9313574.1
OG0005611	CAK9313575.1	CAK9313575.1
OG0005612	CAK9313576.1	CAK9313576.1
OG0005613	CAK9313577.1	CAK9313577.1
OG0005614	CAK9313578.1	CAK9313578.1
OG0005615	CAK9313579.1	CAK9313579.1
OG0005616	CAK9313580.1	CAK9313580.1
OG0005617	CAK9313581.1	CAK9313581.1
OG0005618	CAK9313582.1	CAK9313582.1
OG0005619	CAK9313583.1	CAK9313583.1
OG0005620	CAK9313584.1	CAK9313584.1
OG0005621	CAK9313585.1	CAK9313585.1
OG0005622	CAK9313587.1	CAK9313587.1
OG0005623	CAK9313588.1	CAK9313588.1
OG0005624	CAK9313589.1	CAK9313589.1
OG0005625	CAK9313590.1	CAK9313590.1
OG0005626	CAK9313591.1	CAK9313591.1
OG0005627	CAK9313592.1	CAK9313592.1
OG0005628	CAK9313593.1	CAK9313593.1
OG0005629	CAK9313596.1	CAK9313596.1
OG0005630	CAK9313597.1	CAK9313597.1
OG0005631	CAK9313598.1	CAK9313598.1
OG0005632	CAK9313599.1	CAK9313599.1
OG0005633	CAK9313600.1	CAK9313600.1
OG0005634	CAK9313601.1	CAK9313601.1
OG0005635	CAK9313602.1	CAK9313602.1
OG0005636	CAK9313603.1	CAK9313603.1
OG0005637	CAK9313604.1	CAK9313604.1
OG0005638	CAK9313605.1	CAK9313605.1
OG0005639	CAK9313606.1	CAK9313606.1
OG0005640	CAK9313607.1	CAK9313607.1
OG0005641	CAK9313608.1	CAK9313608.1
OG0005642	CAK9313609.1	CAK9313609.1
OG0005643	CAK9313610.1	CAK9313610.1
OG0005644	CAK9313611.1	CAK9313611.1
OG0005645	CAK9313612.1	CAK9313612.1
OG0005646	CAK9313613.1	CAK9313613.1
OG0005647	CAK9313614.1	CAK9313614.1
OG0005648	CAK9313615.1	CAK9313615.1
OG0005649	CAK9313616.1	CAK9313616.1
OG0005650	CAK9313617.1	CAK9313617.1
OG0005651	CAK9313619.1	CAK9313619.1
OG0005652	CAK9313620.1	CAK9313620.1
OG0005653	CAK9313621.1	CAK9313621.1
OG0005654	CAK9313622.1	CAK9313622.1
OG0005655	CAK9313623.1	CAK9313623.1
OG0005656	CAK9313624.1	CAK9313624.1
OG0005657	CAK9313625.1	CAK9313625.1
OG0005658	CAK9313626.1	CAK9313626.1
OG0005659	CAK9313627.1	CAK9313627.1
OG0005660	CAK9313628.1	CAK9313628.1
OG0005661	CAK9313629.1	CAK9313629.1
OG0005662	CAK9313630.1	CAK9313630.1
OG0005663	CAK9313631.1	CAK9313631.1
OG0005664	CAK9313632.1	CAK9313632.1
OG0005665	CAK9313634.1	CAK9313634.1
OG0005666	CAK9313635.1	CAK9313635.1
OG0005667	CAK9313636.1	CAK9313636.1
OG0005668	CAK9313637.1	CAK9313637.1
OG0005669	CAK9313638.1	CAK9313638.1
OG0005670	CAK9313639.1	CAK9313639.1
OG0005671	CAK9313640.1	CAK9313640.1
OG0005672	CAK9313641.1	CAK9313641.1
OG0005673	CAK9313642.1	CAK9313642.1
OG0005674	CAK9313643.1	CAK9313643.1
OG0005675	CAK9313644.1	CAK9313644.1
OG0005676	CAK9313645.1	CAK9313645.1
OG0005677	CAK9313646.1	CAK9313646.1
OG0005678	CAK9313647.1	CAK9313647.1
OG0005679	CAK9313648.1	CAK9313648.1
OG0005680	CAK9313649.1	CAK9313649.1
OG0005681	CAK9313650.1	CAK9313650.1
OG0005682	CAK9313651.1	CAK9313651.1
OG0005683	CAK9313652.1	CAK9313652.1
OG0005684	CAK9313653.1	CAK9313653.1
OG0005685	CAK9313654.1	CAK9313654.1
OG0005686	CAK9313655.1	CAK9313655.1
OG0005687	CAK9313656.1	CAK9313656.1
OG0005688	CAK9313657.1	CAK9313657.1
OG0005689	CAK9313659.1	CAK9313659.1
OG0005690	CAK9313660.1	CAK9313660.1
OG0005691	CAK9313661.1	CAK9313661.1
OG0005692	CAK9313662.1	CAK9313662.1
OG0005693	CAK9313663.1	CAK9313663.1
OG0005694	CAK9313664.1	CAK9313664.1
OG0005695	CAK9313665.1	CAK9313665.1
OG0005696	CAK9313666.1	CAK9313666.1
OG0005697	CAK9313667.1	CAK9313667.1
OG0005698	CAK9313668.1	CAK9313668.1
OG0005699	CAK9313669.1	CAK9313669.1
OG0005700	CAK9313670.1	CAK9313670.1
OG0005701	CAK9313671.1	CAK9313671.1
OG0005702	CAK9313672.1	CAK9313672.1
OG0005703	CAK9313673.1	CAK9313673.1
OG0005704	CAK9313674.1	CAK9313674.1
OG0005705	CAK9313675.1	CAK9313675.1
OG0005706	CAK9313676.1	CAK9313676.1
OG0005707	CAK9313677.1	CAK9313677.1
OG0005708	CAK9313678.1	CAK9313678.1
OG0005709	CAK9313679.1	CAK9313679.1
OG0005710	CAK9313680.1	CAK9313680.1
OG0005711	CAK9313681.1	CAK9313681.1
OG0005712	CAK9313682.1	CAK9313682.1
OG0005713	CAK9313683.1	CAK9313683.1
OG0005714	CAK9313684.1	CAK9313684.1
OG0005715	CAK9313685.1	CAK9313685.1
OG0005716	CAK9313686.1	CAK9313686.1
OG0005717	CAK9313687.1	CAK9313687.1
OG0005718	CAK9313688.1	CAK9313688.1
OG0005719	CAK9313689.1	CAK9313689.1
OG0005720	CAK9313690.1	CAK9313690.1
OG0005721	CAK9313691.1	CAK9313691.1
OG0005722	CAK9313692.1	CAK9313692.1
OG0005723	CAK9313694.1	CAK9313694.1
OG0005724	CAK9313695.1	CAK9313695.1
OG0005725	CAK9313696.1	CAK9313696.1
OG0005726	CAK9313697.1	CAK9313697.1
OG0005727	CAK9313698.1	CAK9313698.1
OG0005728	CAK9313699.1	CAK9313699.1
OG0005729	CAK9313700.1	CAK9313700.1
OG0005730	CAK9313701.1	CAK9313701.1
OG0005731	CAK9313702.1	CAK9313702.1
OG0005732	CAK9313703.1	CAK9313703.1
OG0005733	CAK9313704.1	CAK9313704.1
OG0005734	CAK9313705.1	CAK9313705.1
OG0005735	CAK9313706.1	CAK9313706.1
OG0005736	CAK9313707.1	CAK9313707.1
OG0005737	CAK9313708.1	CAK9313708.1
OG0005738	CAK9313709.1	CAK9313709.1
OG0005739	CAK9313710.1	CAK9313710.1
OG0005740	CAK9313711.1	CAK9313711.1
OG0005741	CAK9313713.1	CAK9313713.1
OG0005742	CAK9313714.1	CAK9313714.1
OG0005743	CAK9313715.1	CAK9313715.1
OG0005744	CAK9313716.1	CAK9313716.1
OG0005745	CAK9313717.1	CAK9313717.1
OG0005746	CAK9313718.1	CAK9313718.1
OG0005747	CAK9313719.1	CAK9313719.1
OG0005748	CAK9313720.1	CAK9313720.1
OG0005749	CAK9313721.1	CAK9313721.1
OG0005750	CAK9313723.1	CAK9313723.1
OG0005751	CAK9313724.1	CAK9313724.1
OG0005752	CAK9313725.1	CAK9313725.1
OG0005753	CAK9313726.1	CAK9313726.1
OG0005754	CAK9313727.1	CAK9313727.1
OG0005755	CAK9313728.1	CAK9313728.1
OG0005756	CAK9313729.1	CAK9313729.1
OG0005757	CAK9313730.1	CAK9313730.1
OG0005758	CAK9313731.1	CAK9313731.1
OG0005759	CAK9313732.1	CAK9313732.1
OG0005760	CAK9313733.1	CAK9313733.1
OG0005761	CAK9313734.1	CAK9313734.1
OG0005762	CAK9313735.1	CAK9313735.1
OG0005763	CAK9313736.1	CAK9313736.1
OG0005764	CAK9313741.1	CAK9313741.1
OG0005765	CAK9313742.1	CAK9313742.1
OG0005766	CAK9313743.1	CAK9313743.1
OG0005767	CAK9313744.1	CAK9313744.1
OG0005768	CAK9313745.1	CAK9313745.1
OG0005769	CAK9313746.1	CAK9313746.1
OG0005770	CAK9313747.1	CAK9313747.1
OG0005771	CAK9313748.1	CAK9313748.1
OG0005772	CAK9313749.1	CAK9313749.1
OG0005773	CAK9313750.1	CAK9313750.1
OG0005774	CAK9313751.1	CAK9313751.1
OG0005775	CAK9313752.1	CAK9313752.1
OG0005776	CAK9313753.1	CAK9313753.1
OG0005777	CAK9313754.1	CAK9313754.1
OG0005778	CAK9313755.1	CAK9313755.1
OG0005779	CAK9313756.1	CAK9313756.1
OG0005780	CAK9313757.1	CAK9313757.1
OG0005781	CAK9313758.1	CAK9313758.1
OG0005782	CAK9313759.1	CAK9313759.1
OG0005783	CAK9313760.1	CAK9313760.1
OG0005784	CAK9313761.1	CAK9313761.1
OG0005785	CAK9313762.1	CAK9313762.1
OG0005786	CAK9313763.1	CAK9313763.1
OG0005787	CAK9313765.1	CAK9313765.1
OG0005788	CAK9313766.1	CAK9313766.1
OG0005789	CAK9313767.1	CAK9313767.1
OG0005790	CAK9313768.1	CAK9313768.1
OG0005791	CAK9313769.1	CAK9313769.1
OG0005792	CAK9313770.1	CAK9313770.1
OG0005793	CAK9313771.1	CAK9313771.1
OG0005794	CAK9313772.1	CAK9313772.1
OG0005795	CAK9313774.1	CAK9313774.1
OG0005796	CAK9313775.1	CAK9313775.1
OG0005797	CAK9313776.1	CAK9313776.1
OG0005798	CAK9313777.1	CAK9313777.1
OG0005799	CAK9313778.1	CAK9313778.1
OG0005800	CAK9313779.1	CAK9313779.1
OG0005801	CAK9313780.1	CAK9313780.1
OG0005802	CAK9313782.1	CAK9313782.1
OG0005803	CAK9313783.1	CAK9313783.1
OG0005804	CAK9313784.1	CAK9313784.1
OG0005805	CAK9313785.1	CAK9313785.1
OG0005806	CAK9313786.1	CAK9313786.1
OG0005807	CAK9313787.1	CAK9313787.1
OG0005808	CAK9313788.1	CAK9313788.1
OG0005809	CAK9313789.1	CAK9313789.1
OG0005810	CAK9313790.1	CAK9313790.1
OG0005811	CAK9313791.1	CAK9313791.1
OG0005812	CAK9313792.1	CAK9313792.1
OG0005813	CAK9313793.1	CAK9313793.1
OG0005814	CAK9313794.1	CAK9313794.1
OG0005815	CAK9313795.1	CAK9313795.1
OG0005816	CAK9313796.1	CAK9313796.1
OG0005817	CAK9313797.1	CAK9313797.1
OG0005818	CAK9313798.1	CAK9313798.1
OG0005819	CAK9313799.1	CAK9313799.1
OG0005820	CAK9313800.1	CAK9313800.1
OG0005821	CAK9313801.1	CAK9313801.1
OG0005822	CAK9313802.1	CAK9313802.1
OG0005823	CAK9313803.1	CAK9313803.1
OG0005824	CAK9313804.1	CAK9313804.1
OG0005825	CAK9313805.1	CAK9313805.1
OG0005826	CAK9313806.1	CAK9313806.1
OG0005827	CAK9313807.1	CAK9313807.1
OG0005828	CAK9313808.1	CAK9313808.1
OG0005829	CAK9313809.1	CAK9313809.1
OG0005830	CAK9313810.1	CAK9313810.1
OG0005831	CAK9313811.1	CAK9313811.1
OG0005832	CAK9313813.1	CAK9313813.1
OG0005833	CAK9313814.1	CAK9313814.1
OG0005834	CAK9313815.1	CAK9313815.1
OG0005835	CAK9313816.1	CAK9313816.1
OG0005836	CAK9313817.1	CAK9313817.1
OG0005837	CAK9313818.1	CAK9313818.1
OG0005838	CAK9313819.1	CAK9313819.1
OG0005839	CAK9313826.1	CAK9313826.1
OG0005840	CAK9313827.1	CAK9313827.1
OG0005841	CAK9313829.1	CAK9313829.1
OG0005842	CAK9313831.1	CAK9313831.1
OG0005843	CAK9313832.1	CAK9313832.1
OG0005844	CAK9313833.1	CAK9313833.1
OG0005845	CAK9313834.1	CAK9313834.1
OG0005846	CAK9313836.1	CAK9313836.1
OG0005847	CAK9313837.1	CAK9313837.1
OG0005848	CAK9313838.1	CAK9313838.1
OG0005849	CAK9313839.1	CAK9313839.1
OG0005850	CAK9313840.1	CAK9313840.1
OG0005851	CAK9313841.1	CAK9313841.1
OG0005852	CAK9313842.1	CAK9313842.1
OG0005853	CAK9313843.1	CAK9313843.1
OG0005854	CAK9313846.1	CAK9313846.1
OG0005855	CAK9313847.1	CAK9313847.1
OG0005856	CAK9313848.1	CAK9313848.1
OG0005857	CAK9313849.1	CAK9313849.1
OG0005858	CAK9313850.1	CAK9313850.1
OG0005859	CAK9313851.1	CAK9313851.1
OG0005860	CAK9313852.1	CAK9313852.1
OG0005861	CAK9313853.1	CAK9313853.1
OG0005862	CAK9313854.1	CAK9313854.1
OG0005863	CAK9313855.1	CAK9313855.1
OG0005864	CAK9313856.1	CAK9313856.1
OG0005865	CAK9313857.1	CAK9313857.1
OG0005866	CAK9313858.1	CAK9313858.1
OG0005867	CAK9313859.1	CAK9313859.1
OG0005868	CAK9313862.1	CAK9313862.1
OG0005869	CAK9313863.1	CAK9313863.1
OG0005870	CAK9313864.1	CAK9313864.1
OG0005871	CAK9313865.1	CAK9313865.1
OG0005872	CAK9313866.1	CAK9313866.1
OG0005873	CAK9313867.1	CAK9313867.1
OG0005874	CAK9313869.1	CAK9313869.1
OG0005875	CAK9313871.1	CAK9313871.1
OG0005876	CAK9313872.1	CAK9313872.1
OG0005877	CAK9313873.1	CAK9313873.1
OG0005878	CAK9313874.1	CAK9313874.1
OG0005879	CAK9313875.1	CAK9313875.1
OG0005880	CAK9313876.1	CAK9313876.1
OG0005881	CAK9313877.1	CAK9313877.1
OG0005882	CAK9313878.1	CAK9313878.1
OG0005883	CAK9313879.1	CAK9313879.1
OG0005884	CAK9313880.1	CAK9313880.1
OG0005885	CAK9313881.1	CAK9313881.1
OG0005886	CAK9313882.1	CAK9313882.1
OG0005887	CAK9313883.1	CAK9313883.1
OG0005888	CAK9313884.1	CAK9313884.1
OG0005889	CAK9313885.1	CAK9313885.1
OG0005890	CAK9313886.1	CAK9313886.1
OG0005891	CAK9313887.1	CAK9313887.1
OG0005892	CAK9313888.1	CAK9313888.1
OG0005893	CAK9313889.1	CAK9313889.1
OG0005894	CAK9313890.1	CAK9313890.1
OG0005895	CAK9313891.1	CAK9313891.1
OG0005896	CAK9313892.1	CAK9313892.1
OG0005897	CAK9313893.1	CAK9313893.1
OG0005898	CAK9313894.1	CAK9313894.1
OG0005899	CAK9313895.1	CAK9313895.1
OG0005900	CAK9313896.1	CAK9313896.1
OG0005901	CAK9313897.1	CAK9313897.1
OG0005902	CAK9313898.1	CAK9313898.1
OG0005903	CAK9313899.1	CAK9313899.1
OG0005904	CAK9313900.1	CAK9313900.1
OG0005905	CAK9313901.1	CAK9313901.1
OG0005906	CAK9313902.1	CAK9313902.1
OG0005907	CAK9313905.1	CAK9313905.1
OG0005908	CAK9313906.1	CAK9313906.1
OG0005909	CAK9313909.1	CAK9313909.1
OG0005910	CAK9313911.1	CAK9313911.1
OG0005911	CAK9313912.1	CAK9313912.1
OG0005912	CAK9313913.1	CAK9313913.1
OG0005913	CAK9313914.1	CAK9313914.1
OG0005914	CAK9313916.1	CAK9313916.1
OG0005915	CAK9313919.1	CAK9313919.1
OG0005916	CAK9313920.1	CAK9313920.1
OG0005917	CAK9313921.1	CAK9313921.1
OG0005918	CAK9313922.1	CAK9313922.1
OG0005919	CAK9313923.1	CAK9313923.1
OG0005920	CAK9313924.1	CAK9313924.1
OG0005921	CAK9313925.1	CAK9313925.1
OG0005922	CAK9313927.1	CAK9313927.1
OG0005923	CAK9313929.1	CAK9313929.1
OG0005924	CAK9313930.1	CAK9313930.1
OG0005925	CAK9313931.1	CAK9313931.1
OG0005926	CAK9313932.1	CAK9313932.1
OG0005927	CAK9313933.1	CAK9313933.1
OG0005928	CAK9313934.1	CAK9313934.1
OG0005929	CAK9313935.1	CAK9313935.1
OG0005930	CAK9313936.1	CAK9313936.1
OG0005931	CAK9313937.1	CAK9313937.1
OG0005932	CAK9313938.1	CAK9313938.1
OG0005933	CAK9313939.1	CAK9313939.1
OG0005934	CAK9313942.1	CAK9313942.1
OG0005935	CAK9313943.1	CAK9313943.1
OG0005936	CAK9313945.1	CAK9313945.1
OG0005937	CAK9313946.1	CAK9313946.1
OG0005938	CAK9313948.1	CAK9313948.1
OG0005939	CAK9313949.1	CAK9313949.1
OG0005940	CAK9313950.1	CAK9313950.1
OG0005941	CAK9313951.1	CAK9313951.1
OG0005942	CAK9313953.1	CAK9313953.1
OG0005943	CAK9313954.1	CAK9313954.1
OG0005944	CAK9313955.1	CAK9313955.1
OG0005945	CAK9313956.1	CAK9313956.1
OG0005946	CAK9313957.1	CAK9313957.1
OG0005947	CAK9313958.1	CAK9313958.1
OG0005948	CAK9313959.1	CAK9313959.1
OG0005949	CAK9313960.1	CAK9313960.1
OG0005950	CAK9313961.1	CAK9313961.1
OG0005951	CAK9313962.1	CAK9313962.1
OG0005952	CAK9313963.1	CAK9313963.1
OG0005953	CAK9313964.1	CAK9313964.1
OG0005954	CAK9313965.1	CAK9313965.1
OG0005955	CAK9313966.1	CAK9313966.1
OG0005956	CAK9313967.1	CAK9313967.1
OG0005957	CAK9313969.1	CAK9313969.1
OG0005958	CAK9313970.1	CAK9313970.1
OG0005959	CAK9313971.1	CAK9313971.1
OG0005960	CAK9313972.1	CAK9313972.1
OG0005961	CAK9313973.1	CAK9313973.1
OG0005962	CAK9313974.1	CAK9313974.1
OG0005963	CAK9313975.1	CAK9313975.1
OG0005964	CAK9313976.1	CAK9313976.1
OG0005965	CAK9313977.1	CAK9313977.1
OG0005966	CAK9313978.1	CAK9313978.1
OG0005967	CAK9313979.1	CAK9313979.1
OG0005968	CAK9313980.1	CAK9313980.1
OG0005969	CAK9313981.1	CAK9313981.1
OG0005970	CAK9313982.1	CAK9313982.1
OG0005971	CAK9313983.1	CAK9313983.1
OG0005972	CAK9313984.1	CAK9313984.1
OG0005973	CAK9313985.1	CAK9313985.1
OG0005974	CAK9313987.1	CAK9313987.1
OG0005975	CAK9313988.1	CAK9313988.1
OG0005976	CAK9313989.1	CAK9313989.1
OG0005977	CAK9313990.1	CAK9313990.1
OG0005978	CAK9313991.1	CAK9313991.1
OG0005979	CAK9313992.1	CAK9313992.1
OG0005980	CAK9313993.1	CAK9313993.1
OG0005981	CAK9313994.1	CAK9313994.1
OG0005982	CAK9313995.1	CAK9313995.1
OG0005983	CAK9313996.1	CAK9313996.1
OG0005984	CAK9313997.1	CAK9313997.1
OG0005985	CAK9313998.1	CAK9313998.1
OG0005986	CAK9313999.1	CAK9313999.1
OG0005987	CAK9314000.1	CAK9314000.1
OG0005988	CAK9314001.1	CAK9314001.1
OG0005989	CAK9314002.1	CAK9314002.1
OG0005990	CAK9314003.1	CAK9314003.1
OG0005991	CAK9314004.1	CAK9314004.1
OG0005992	CAK9314005.1	CAK9314005.1
OG0005993	CAK9314006.1	CAK9314006.1
OG0005994	CAK9314007.1	CAK9314007.1
OG0005995	CAK9314008.1	CAK9314008.1
OG0005996	CAK9314009.1	CAK9314009.1
OG0005997	CAK9314010.1	CAK9314010.1
OG0005998	CAK9314011.1	CAK9314011.1
OG0005999	CAK9314012.1	CAK9314012.1
OG0006000	CAK9314013.1	CAK9314013.1
OG0006001	CAK9314014.1	CAK9314014.1
OG0006002	CAK9314015.1	CAK9314015.1
OG0006003	CAK9314016.1	CAK9314016.1
OG0006004	CAK9314017.1	CAK9314017.1
OG0006005	CAK9314018.1	CAK9314018.1
OG0006006	CAK9314019.1	CAK9314019.1
OG0006007	CAK9314020.1	CAK9314020.1
OG0006008	CAK9314021.1	CAK9314021.1
OG0006009	CAK9314022.1	CAK9314022.1
OG0006010	CAK9314023.1	CAK9314023.1
OG0006011	CAK9314024.1	CAK9314024.1
OG0006012	CAK9314025.1	CAK9314025.1
OG0006013	CAK9314026.1	CAK9314026.1
OG0006014	CAK9314027.1	CAK9314027.1
OG0006015	CAK9314028.1	CAK9314028.1
OG0006016	CAK9314029.1	CAK9314029.1
OG0006017	CAK9314030.1	CAK9314030.1
OG0006018	CAK9314031.1	CAK9314031.1
OG0006019	CAK9314032.1	CAK9314032.1
OG0006020	CAK9314033.1	CAK9314033.1
OG0006021	CAK9314034.1	CAK9314034.1
OG0006022	CAK9314035.1	CAK9314035.1
OG0006023	CAK9314036.1	CAK9314036.1
OG0006024	CAK9314037.1	CAK9314037.1
OG0006025	CAK9314038.1	CAK9314038.1
OG0006026	CAK9314039.1	CAK9314039.1
OG0006027	CAK9314040.1	CAK9314040.1
OG0006028	CAK9314041.1	CAK9314041.1
OG0006029	CAK9314042.1	CAK9314042.1
OG0006030	CAK9314043.1	CAK9314043.1
OG0006031	CAK9314044.1	CAK9314044.1
OG0006032	CAK9314045.1	CAK9314045.1
OG0006033	CAK9314046.1	CAK9314046.1
OG0006034	CAK9314047.1	CAK9314047.1
OG0006035	CAK9314048.1	CAK9314048.1
OG0006036	CAK9314049.1	CAK9314049.1
OG0006037	CAK9314050.1	CAK9314050.1
OG0006038	CAK9314051.1	CAK9314051.1
OG0006039	CAK9314052.1	CAK9314052.1
OG0006040	CAK9314053.1	CAK9314053.1
OG0006041	CAK9314054.1	CAK9314054.1
OG0006042	CAK9314056.1	CAK9314056.1
OG0006043	CAK9314057.1	CAK9314057.1
OG0006044	CAK9314062.1	CAK9314062.1
OG0006045	CAK9314063.1	CAK9314063.1
OG0006046	CAK9314065.1	CAK9314065.1
OG0006047	CAK9314066.1	CAK9314066.1
OG0006048	CAK9314067.1	CAK9314067.1
OG0006049	CAK9314068.1	CAK9314068.1
OG0006050	CAK9314069.1	CAK9314069.1
OG0006051	CAK9314070.1	CAK9314070.1
OG0006052	CAK9314071.1	CAK9314071.1
OG0006053	CAK9314072.1	CAK9314072.1
OG0006054	CAK9314074.1	CAK9314074.1
OG0006055	CAK9314076.1	CAK9314076.1
OG0006056	CAK9314079.1	CAK9314079.1
OG0006057	CAK9314081.1	CAK9314081.1
OG0006058	CAK9314083.1	CAK9314083.1
OG0006059	CAK9314084.1	CAK9314084.1
OG0006060	CAK9314086.1	CAK9314086.1
OG0006061	CAK9314087.1	CAK9314087.1
OG0006062	CAK9314088.1	CAK9314088.1
OG0006063	CAK9314089.1	CAK9314089.1
OG0006064	CAK9314090.1	CAK9314090.1
OG0006065	CAK9314091.1	CAK9314091.1
OG0006066	CAK9314092.1	CAK9314092.1
OG0006067	CAK9314093.1	CAK9314093.1
OG0006068	CAK9314094.1	CAK9314094.1
OG0006069	CAK9314095.1	CAK9314095.1
OG0006070	CAK9314097.1	CAK9314097.1
OG0006071	CAK9314098.1	CAK9314098.1
OG0006072	CAK9314099.1	CAK9314099.1
OG0006073	CAK9314103.1	CAK9314103.1
OG0006074	CAK9314104.1	CAK9314104.1
OG0006075	CAK9314105.1	CAK9314105.1
OG0006076	CAK9314106.1	CAK9314106.1
OG0006077	CAK9314107.1	CAK9314107.1
OG0006078	CAK9314109.1	CAK9314109.1
OG0006079	CAK9314110.1	CAK9314110.1
OG0006080	CAK9314111.1	CAK9314111.1
OG0006081	CAK9314112.1	CAK9314112.1
OG0006082	CAK9314113.1	CAK9314113.1
OG0006083	CAK9314114.1	CAK9314114.1
OG0006084	CAK9314115.1	CAK9314115.1
OG0006085	CAK9314116.1	CAK9314116.1
OG0006086	CAK9314117.1	CAK9314117.1
OG0006087	CAK9314118.1	CAK9314118.1
OG0006088	CAK9314119.1	CAK9314119.1
OG0006089	CAK9314120.1	CAK9314120.1
OG0006090	CAK9314122.1	CAK9314122.1
OG0006091	CAK9314124.1	CAK9314124.1
OG0006092	CAK9314125.1	CAK9314125.1
OG0006093	CAK9314126.1	CAK9314126.1
OG0006094	CAK9314127.1	CAK9314127.1
OG0006095	CAK9314128.1	CAK9314128.1
OG0006096	CAK9314129.1	CAK9314129.1
OG0006097	CAK9314130.1	CAK9314130.1
OG0006098	CAK9314131.1	CAK9314131.1
OG0006099	CAK9314132.1	CAK9314132.1
OG0006100	CAK9314133.1	CAK9314133.1
OG0006101	CAK9314135.1	CAK9314135.1
OG0006102	CAK9314136.1	CAK9314136.1
OG0006103	CAK9314137.1	CAK9314137.1
OG0006104	CAK9314145.1	CAK9314145.1
OG0006105	CAK9314146.1	CAK9314146.1
OG0006106	CAK9314147.1	CAK9314147.1
OG0006107	CAK9314148.1	CAK9314148.1
OG0006108	CAK9314149.1	CAK9314149.1
OG0006109	CAK9314150.1	CAK9314150.1
OG0006110	CAK9314151.1	CAK9314151.1
OG0006111	CAK9314152.1	CAK9314152.1
OG0006112	CAK9314153.1	CAK9314153.1
OG0006113	CAK9314154.1	CAK9314154.1
OG0006114	CAK9314155.1	CAK9314155.1
OG0006115	CAK9314156.1	CAK9314156.1
OG0006116	CAK9314158.1	CAK9314158.1
OG0006117	CAK9314159.1	CAK9314159.1
OG0006118	CAK9314160.1	CAK9314160.1
OG0006119	CAK9314161.1	CAK9314161.1
OG0006120	CAK9314162.1	CAK9314162.1
OG0006121	CAK9314163.1	CAK9314163.1
OG0006122	CAK9314164.1	CAK9314164.1
OG0006123	CAK9314165.1	CAK9314165.1
OG0006124	CAK9314166.1	CAK9314166.1
OG0006125	CAK9314167.1	CAK9314167.1
OG0006126	CAK9314168.1	CAK9314168.1
OG0006127	CAK9314169.1	CAK9314169.1
OG0006128	CAK9314170.1	CAK9314170.1
OG0006129	CAK9314171.1	CAK9314171.1
OG0006130	CAK9314172.1	CAK9314172.1
OG0006131	CAK9314173.1	CAK9314173.1
OG0006132	CAK9314174.1	CAK9314174.1
OG0006133	CAK9314175.1	CAK9314175.1
OG0006134	CAK9314177.1	CAK9314177.1
OG0006135	CAK9314178.1	CAK9314178.1
OG0006136	CAK9314179.1	CAK9314179.1
OG0006137	CAK9314180.1	CAK9314180.1
OG0006138	CAK9314181.1	CAK9314181.1
OG0006139	CAK9314182.1	CAK9314182.1
OG0006140	CAK9314183.1	CAK9314183.1
OG0006141	CAK9314184.1	CAK9314184.1
OG0006142	CAK9314185.1	CAK9314185.1
OG0006143	CAK9314186.1	CAK9314186.1
OG0006144	CAK9314187.1	CAK9314187.1
OG0006145	CAK9314188.1	CAK9314188.1
OG0006146	CAK9314189.1	CAK9314189.1
OG0006147	CAK9314190.1	CAK9314190.1
OG0006148	CAK9314191.1	CAK9314191.1
OG0006149	CAK9314192.1	CAK9314192.1
OG0006150	CAK9314193.1	CAK9314193.1
OG0006151	CAK9314194.1	CAK9314194.1
OG0006152	CAK9314195.1	CAK9314195.1
OG0006153	CAK9314196.1	CAK9314196.1
OG0006154	CAK9314197.1	CAK9314197.1
OG0006155	CAK9314198.1	CAK9314198.1
OG0006156	CAK9314199.1	CAK9314199.1
OG0006157	CAK9314200.1	CAK9314200.1
OG0006158	CAK9314201.1	CAK9314201.1
OG0006159	CAK9314202.1	CAK9314202.1
OG0006160	CAK9314203.1	CAK9314203.1
OG0006161	CAK9314204.1	CAK9314204.1
OG0006162	CAK9314205.1	CAK9314205.1
OG0006163	CAK9314206.1	CAK9314206.1
OG0006164	CAK9314208.1	CAK9314208.1
OG0006165	CAK9314210.1	CAK9314210.1
OG0006166	CAK9314211.1	CAK9314211.1
OG0006167	CAK9314212.1	CAK9314212.1
OG0006168	CAK9314214.1	CAK9314214.1
OG0006169	CAK9314215.1	CAK9314215.1
OG0006170	CAK9314217.1	CAK9314217.1
OG0006171	CAK9314218.1	CAK9314218.1
OG0006172	CAK9314219.1	CAK9314219.1
OG0006173	CAK9314220.1	CAK9314220.1
OG0006174	CAK9314221.1	CAK9314221.1
OG0006175	CAK9314222.1	CAK9314222.1
OG0006176	CAK9314224.1	CAK9314224.1
OG0006177	CAK9314226.1	CAK9314226.1
OG0006178	CAK9314227.1	CAK9314227.1
OG0006179	CAK9314228.1	CAK9314228.1
OG0006180	CAK9314229.1	CAK9314229.1
OG0006181	CAK9314230.1	CAK9314230.1
OG0006182	CAK9314231.1	CAK9314231.1
OG0006183	CAK9314232.1	CAK9314232.1
OG0006184	CAK9314234.1	CAK9314234.1
OG0006185	CAK9314235.1	CAK9314235.1
OG0006186	CAK9314236.1	CAK9314236.1
OG0006187	CAK9314237.1	CAK9314237.1
OG0006188	CAK9314238.1	CAK9314238.1
OG0006189	CAK9314239.1	CAK9314239.1
OG0006190	CAK9314240.1	CAK9314240.1
OG0006191	CAK9314241.1	CAK9314241.1
OG0006192	CAK9314242.1	CAK9314242.1
OG0006193	CAK9314243.1	CAK9314243.1
OG0006194	CAK9314244.1	CAK9314244.1
OG0006195	CAK9314245.1	CAK9314245.1
OG0006196	CAK9314246.1	CAK9314246.1
OG0006197	CAK9314247.1	CAK9314247.1
OG0006198	CAK9314248.1	CAK9314248.1
OG0006199	CAK9314249.1	CAK9314249.1
OG0006200	CAK9314250.1	CAK9314250.1
OG0006201	CAK9314251.1	CAK9314251.1
OG0006202	CAK9314252.1	CAK9314252.1
OG0006203	CAK9314253.1	CAK9314253.1
OG0006204	CAK9314254.1	CAK9314254.1
OG0006205	CAK9314255.1	CAK9314255.1
OG0006206	CAK9314256.1	CAK9314256.1
OG0006207	CAK9314257.1	CAK9314257.1
OG0006208	CAK9314258.1	CAK9314258.1
OG0006209	CAK9314259.1	CAK9314259.1
OG0006210	CAK9314260.1	CAK9314260.1
OG0006211	CAK9314261.1	CAK9314261.1
OG0006212	CAK9314262.1	CAK9314262.1
OG0006213	CAK9314263.1	CAK9314263.1
OG0006214	CAK9314264.1	CAK9314264.1
OG0006215	CAK9314266.1	CAK9314266.1
OG0006216	CAK9314267.1	CAK9314267.1
OG0006217	CAK9314268.1	CAK9314268.1
OG0006218	CAK9314269.1	CAK9314269.1
OG0006219	CAK9314270.1	CAK9314270.1
OG0006220	CAK9314271.1	CAK9314271.1
OG0006221	CAK9314272.1	CAK9314272.1
OG0006222	CAK9314274.1	CAK9314274.1
OG0006223	CAK9314275.1	CAK9314275.1
OG0006224	CAK9314276.1	CAK9314276.1
OG0006225	CAK9314277.1	CAK9314277.1
OG0006226	CAK9314278.1	CAK9314278.1
OG0006227	CAK9314279.1	CAK9314279.1
OG0006228	CAK9314280.1	CAK9314280.1
OG0006229	CAK9314281.1	CAK9314281.1
OG0006230	CAK9314282.1	CAK9314282.1
OG0006231	CAK9314283.1	CAK9314283.1
OG0006232	CAK9314284.1	CAK9314284.1
OG0006233	CAK9314285.1	CAK9314285.1
OG0006234	CAK9314286.1	CAK9314286.1
OG0006235	CAK9314287.1	CAK9314287.1
OG0006236	CAK9314288.1	CAK9314288.1
OG0006237	CAK9314289.1	CAK9314289.1
OG0006238	CAK9314290.1	CAK9314290.1
OG0006239	CAK9314291.1	CAK9314291.1
OG0006240	CAK9314292.1	CAK9314292.1
OG0006241	CAK9314293.1	CAK9314293.1
OG0006242	CAK9314294.1	CAK9314294.1
OG0006243	CAK9314295.1	CAK9314295.1
OG0006244	CAK9314299.1	CAK9314299.1
OG0006245	CAK9314300.1	CAK9314300.1
OG0006246	CAK9314301.1	CAK9314301.1
OG0006247	CAK9314302.1	CAK9314302.1
OG0006248	CAK9314304.1	CAK9314304.1
OG0006249	CAK9314305.1	CAK9314305.1
OG0006250	CAK9314306.1	CAK9314306.1
OG0006251	CAK9314308.1	CAK9314308.1
OG0006252	CAK9314309.1	CAK9314309.1
OG0006253	CAK9314312.1	CAK9314312.1
OG0006254	CAK9314313.1	CAK9314313.1
OG0006255	CAK9314314.1	CAK9314314.1
OG0006256	CAK9314315.1	CAK9314315.1
OG0006257	CAK9314316.1	CAK9314316.1
OG0006258	CAK9314317.1	CAK9314317.1
OG0006259	CAK9314319.1	CAK9314319.1
OG0006260	CAK9314320.1	CAK9314320.1
OG0006261	CAK9314321.1	CAK9314321.1
OG0006262	CAK9314322.1	CAK9314322.1
OG0006263	CAK9314323.1	CAK9314323.1
OG0006264	CAK9314324.1	CAK9314324.1
OG0006265	CAK9314325.1	CAK9314325.1
OG0006266	CAK9314327.1	CAK9314327.1
OG0006267	CAK9314328.1	CAK9314328.1
OG0006268	CAK9314329.1	CAK9314329.1
OG0006269	CAK9314330.1	CAK9314330.1
OG0006270	CAK9314332.1	CAK9314332.1
OG0006271	CAK9314333.1	CAK9314333.1
OG0006272	CAK9314334.1	CAK9314334.1
OG0006273	CAK9314335.1	CAK9314335.1
OG0006274	CAK9314336.1	CAK9314336.1
OG0006275	CAK9314337.1	CAK9314337.1
OG0006276	CAK9314338.1	CAK9314338.1
OG0006277	CAK9314340.1	CAK9314340.1
OG0006278	CAK9314341.1	CAK9314341.1
OG0006279	CAK9314342.1	CAK9314342.1
OG0006280	CAK9314343.1	CAK9314343.1
OG0006281	CAK9314344.1	CAK9314344.1
OG0006282	CAK9314345.1	CAK9314345.1
OG0006283	CAK9314346.1	CAK9314346.1
OG0006284	CAK9314347.1	CAK9314347.1
OG0006285	CAK9314348.1	CAK9314348.1
OG0006286	CAK9314349.1	CAK9314349.1
OG0006287	CAK9314350.1	CAK9314350.1
OG0006288	CAK9314352.1	CAK9314352.1
OG0006289	CAK9314354.1	CAK9314354.1
OG0006290	CAK9314355.1	CAK9314355.1
OG0006291	CAK9314356.1	CAK9314356.1
OG0006292	CAK9314358.1	CAK9314358.1
OG0006293	CAK9314359.1	CAK9314359.1
OG0006294	CAK9314360.1	CAK9314360.1
OG0006295	CAK9314361.1	CAK9314361.1
OG0006296	CAK9314362.1	CAK9314362.1
OG0006297	CAK9314363.1	CAK9314363.1
OG0006298	CAK9314364.1	CAK9314364.1
OG0006299	CAK9314365.1	CAK9314365.1
OG0006300	CAK9314366.1	CAK9314366.1
OG0006301	CAK9314367.1	CAK9314367.1
OG0006302	CAK9314368.1	CAK9314368.1
OG0006303	CAK9314369.1	CAK9314369.1
OG0006304	CAK9314371.1	CAK9314371.1
OG0006305	CAK9314372.1	CAK9314372.1
OG0006306	CAK9314373.1	CAK9314373.1
OG0006307	CAK9314374.1	CAK9314374.1
OG0006308	CAK9314375.1	CAK9314375.1
OG0006309	CAK9314376.1	CAK9314376.1
OG0006310	CAK9314377.1	CAK9314377.1
OG0006311	CAK9314378.1	CAK9314378.1
OG0006312	CAK9314379.1	CAK9314379.1
OG0006313	CAK9314380.1	CAK9314380.1
OG0006314	CAK9314381.1	CAK9314381.1
OG0006315	CAK9314382.1	CAK9314382.1
OG0006316	CAK9314383.1	CAK9314383.1
OG0006317	CAK9314384.1	CAK9314384.1
OG0006318	CAK9314385.1	CAK9314385.1
OG0006319	CAK9314386.1	CAK9314386.1
OG0006320	CAK9314387.1	CAK9314387.1
OG0006321	CAK9314388.1	CAK9314388.1
OG0006322	CAK9314389.1	CAK9314389.1
OG0006323	CAK9314390.1	CAK9314390.1
OG0006324	CAK9314391.1	CAK9314391.1
OG0006325	CAK9314392.1	CAK9314392.1
OG0006326	CAK9314394.1	CAK9314394.1
OG0006327	CAK9314395.1	CAK9314395.1
OG0006328	CAK9314396.1	CAK9314396.1
OG0006329	CAK9314399.1	CAK9314399.1
OG0006330	CAK9314400.1	CAK9314400.1
OG0006331	CAK9314401.1	CAK9314401.1
OG0006332	CAK9314402.1	CAK9314402.1
OG0006333	CAK9314404.1	CAK9314404.1
OG0006334	CAK9314407.1	CAK9314407.1
OG0006335	CAK9314408.1	CAK9314408.1
OG0006336	CAK9314409.1	CAK9314409.1
OG0006337	CAK9314411.1	CAK9314411.1
OG0006338	CAK9314412.1	CAK9314412.1
OG0006339	CAK9314413.1	CAK9314413.1
OG0006340	CAK9314414.1	CAK9314414.1
OG0006341	CAK9314415.1	CAK9314415.1
OG0006342	CAK9314417.1	CAK9314417.1
OG0006343	CAK9314419.1	CAK9314419.1
OG0006344	CAK9314420.1	CAK9314420.1
OG0006345	CAK9314421.1	CAK9314421.1
OG0006346	CAK9314422.1	CAK9314422.1
OG0006347	CAK9314423.1	CAK9314423.1
OG0006348	CAK9314424.1	CAK9314424.1
OG0006349	CAK9314426.1	CAK9314426.1
OG0006350	CAK9314427.1	CAK9314427.1
OG0006351	CAK9314428.1	CAK9314428.1
OG0006352	CAK9314429.1	CAK9314429.1
OG0006353	CAK9314430.1	CAK9314430.1
OG0006354	CAK9314431.1	CAK9314431.1
OG0006355	CAK9314432.1	CAK9314432.1
OG0006356	CAK9314433.1	CAK9314433.1
OG0006357	CAK9314434.1	CAK9314434.1
OG0006358	CAK9314436.1	CAK9314436.1
OG0006359	CAK9314437.1	CAK9314437.1
OG0006360	CAK9314439.1	CAK9314439.1
OG0006361	CAK9314440.1	CAK9314440.1
OG0006362	CAK9314441.1	CAK9314441.1
OG0006363	CAK9314442.1	CAK9314442.1
OG0006364	CAK9314443.1	CAK9314443.1
OG0006365	CAK9314444.1	CAK9314444.1
OG0006366	CAK9314445.1	CAK9314445.1
OG0006367	CAK9314446.1	CAK9314446.1
OG0006368	CAK9314447.1	CAK9314447.1
OG0006369	CAK9314448.1	CAK9314448.1
OG0006370	CAK9314449.1	CAK9314449.1
OG0006371	CAK9314450.1	CAK9314450.1
OG0006372	CAK9314452.1	CAK9314452.1
OG0006373	CAK9314453.1	CAK9314453.1
OG0006374	CAK9314454.1	CAK9314454.1
OG0006375	CAK9314455.1	CAK9314455.1
OG0006376	CAK9314456.1	CAK9314456.1
OG0006377	CAK9314457.1	CAK9314457.1
OG0006378	CAK9314458.1	CAK9314458.1
OG0006379	CAK9314459.1	CAK9314459.1
OG0006380	CAK9314460.1	CAK9314460.1
OG0006381	CAK9314461.1	CAK9314461.1
OG0006382	CAK9314462.1	CAK9314462.1
OG0006383	CAK9314463.1	CAK9314463.1
OG0006384	CAK9314464.1	CAK9314464.1
OG0006385	CAK9314465.1	CAK9314465.1
OG0006386	CAK9314466.1	CAK9314466.1
OG0006387	CAK9314467.1	CAK9314467.1
OG0006388	CAK9314468.1	CAK9314468.1
OG0006389	CAK9314469.1	CAK9314469.1
OG0006390	CAK9314471.1	CAK9314471.1
OG0006391	CAK9314472.1	CAK9314472.1
OG0006392	CAK9314474.1	CAK9314474.1
OG0006393	CAK9314475.1	CAK9314475.1
OG0006394	CAK9314476.1	CAK9314476.1
OG0006395	CAK9314477.1	CAK9314477.1
OG0006396	CAK9314478.1	CAK9314478.1
OG0006397	CAK9314479.1	CAK9314479.1
OG0006398	CAK9314480.1	CAK9314480.1
OG0006399	CAK9314481.1	CAK9314481.1
OG0006400	CAK9314482.1	CAK9314482.1
OG0006401	CAK9314483.1	CAK9314483.1
OG0006402	CAK9314486.1	CAK9314486.1
OG0006403	CAK9314487.1	CAK9314487.1
OG0006404	CAK9314488.1	CAK9314488.1
OG0006405	CAK9314489.1	CAK9314489.1
OG0006406	CAK9314490.1	CAK9314490.1
OG0006407	CAK9314491.1	CAK9314491.1
OG0006408	CAK9314493.1	CAK9314493.1
OG0006409	CAK9314494.1	CAK9314494.1
OG0006410	CAK9314495.1	CAK9314495.1
OG0006411	CAK9314497.1	CAK9314497.1
OG0006412	CAK9314498.1	CAK9314498.1
OG0006413	CAK9314499.1	CAK9314499.1
OG0006414	CAK9314500.1	CAK9314500.1
OG0006415	CAK9314501.1	CAK9314501.1
OG0006416	CAK9314502.1	CAK9314502.1
OG0006417	CAK9314503.1	CAK9314503.1
OG0006418	CAK9314505.1	CAK9314505.1
OG0006419	CAK9314506.1	CAK9314506.1
OG0006420	CAK9314507.1	CAK9314507.1
OG0006421	CAK9314508.1	CAK9314508.1
OG0006422	CAK9314510.1	CAK9314510.1
OG0006423	CAK9314512.1	CAK9314512.1
OG0006424	CAK9314513.1	CAK9314513.1
OG0006425	CAK9314514.1	CAK9314514.1
OG0006426	CAK9314515.1	CAK9314515.1
OG0006427	CAK9314516.1	CAK9314516.1
OG0006428	CAK9314517.1	CAK9314517.1
OG0006429	CAK9314519.1	CAK9314519.1
OG0006430	CAK9314521.1	CAK9314521.1
OG0006431	CAK9314522.1	CAK9314522.1
OG0006432	CAK9314523.1	CAK9314523.1
OG0006433	CAK9314525.1	CAK9314525.1
OG0006434	CAK9314526.1	CAK9314526.1
OG0006435	CAK9314527.1	CAK9314527.1
OG0006436	CAK9314528.1	CAK9314528.1
OG0006437	CAK9314529.1	CAK9314529.1
OG0006438	CAK9314530.1	CAK9314530.1
OG0006439	CAK9314532.1	CAK9314532.1
OG0006440	CAK9314533.1	CAK9314533.1
OG0006441	CAK9314534.1	CAK9314534.1
OG0006442	CAK9314535.1	CAK9314535.1
OG0006443	CAK9314536.1	CAK9314536.1
OG0006444	CAK9314537.1	CAK9314537.1
OG0006445	CAK9314539.1	CAK9314539.1
OG0006446	CAK9314540.1	CAK9314540.1
OG0006447	CAK9314542.1	CAK9314542.1
OG0006448	CAK9314546.1	CAK9314546.1
OG0006449	CAK9314547.1	CAK9314547.1
OG0006450	CAK9314548.1	CAK9314548.1
OG0006451	CAK9314549.1	CAK9314549.1
OG0006452	CAK9314550.1	CAK9314550.1
OG0006453	CAK9314551.1	CAK9314551.1
OG0006454	CAK9314553.1	CAK9314553.1
OG0006455	CAK9314554.1	CAK9314554.1
OG0006456	CAK9314555.1	CAK9314555.1
OG0006457	CAK9314556.1	CAK9314556.1
OG0006458	CAK9314557.1	CAK9314557.1
OG0006459	CAK9314558.1	CAK9314558.1
OG0006460	CAK9314559.1	CAK9314559.1
OG0006461	CAK9314560.1	CAK9314560.1
OG0006462	CAK9314561.1	CAK9314561.1
OG0006463	CAK9314562.1	CAK9314562.1
OG0006464	CAK9314563.1	CAK9314563.1
OG0006465	CAK9314564.1	CAK9314564.1
OG0006466	CAK9314565.1	CAK9314565.1
OG0006467	CAK9314566.1	CAK9314566.1
OG0006468	CAK9314567.1	CAK9314567.1
OG0006469	CAK9314568.1	CAK9314568.1
OG0006470	CAK9314569.1	CAK9314569.1
OG0006471	CAK9314571.1	CAK9314571.1
OG0006472	CAK9314572.1	CAK9314572.1
OG0006473	CAK9314573.1	CAK9314573.1
OG0006474	CAK9314574.1	CAK9314574.1
OG0006475	CAK9314575.1	CAK9314575.1
OG0006476	CAK9314576.1	CAK9314576.1
OG0006477	CAK9314578.1	CAK9314578.1
OG0006478	CAK9314579.1	CAK9314579.1
OG0006479	CAK9314580.1	CAK9314580.1
OG0006480	CAK9314581.1	CAK9314581.1
OG0006481	CAK9314582.1	CAK9314582.1
OG0006482	CAK9314583.1	CAK9314583.1
OG0006483	CAK9314584.1	CAK9314584.1
OG0006484	CAK9314585.1	CAK9314585.1
OG0006485	CAK9314586.1	CAK9314586.1
OG0006486	CAK9314587.1	CAK9314587.1
OG0006487	CAK9314588.1	CAK9314588.1
OG0006488	CAK9314589.1	CAK9314589.1
OG0006489	CAK9314590.1	CAK9314590.1
OG0006490	CAK9314592.1	CAK9314592.1
OG0006491	CAK9314593.1	CAK9314593.1
OG0006492	CAK9314595.1	CAK9314595.1
OG0006493	CAK9314596.1	CAK9314596.1
OG0006494	CAK9314597.1	CAK9314597.1
OG0006495	CAK9314598.1	CAK9314598.1
OG0006496	CAK9314599.1	CAK9314599.1
OG0006497	CAK9314600.1	CAK9314600.1
OG0006498	CAK9314602.1	CAK9314602.1
OG0006499	CAK9314603.1	CAK9314603.1
OG0006500	CAK9314604.1	CAK9314604.1
OG0006501	CAK9314605.1	CAK9314605.1
OG0006502	CAK9314606.1	CAK9314606.1
OG0006503	CAK9314607.1	CAK9314607.1
OG0006504	CAK9314608.1	CAK9314608.1
OG0006505	CAK9314609.1	CAK9314609.1
OG0006506	CAK9314610.1	CAK9314610.1
OG0006507	CAK9314613.1	CAK9314613.1
OG0006508	CAK9314618.1	CAK9314618.1
OG0006509	CAK9314619.1	CAK9314619.1
OG0006510	CAK9314620.1	CAK9314620.1
OG0006511	CAK9314621.1	CAK9314621.1
OG0006512	CAK9314622.1	CAK9314622.1
OG0006513	CAK9314623.1	CAK9314623.1
OG0006514	CAK9314624.1	CAK9314624.1
OG0006515	CAK9314625.1	CAK9314625.1
OG0006516	CAK9314626.1	CAK9314626.1
OG0006517	CAK9314627.1	CAK9314627.1
OG0006518	CAK9314628.1	CAK9314628.1
OG0006519	CAK9314629.1	CAK9314629.1
OG0006520	CAK9314631.1	CAK9314631.1
OG0006521	CAK9314632.1	CAK9314632.1
OG0006522	CAK9314634.1	CAK9314634.1
OG0006523	CAK9314635.1	CAK9314635.1
OG0006524	CAK9314636.1	CAK9314636.1
OG0006525	CAK9314637.1	CAK9314637.1
OG0006526	CAK9314638.1	CAK9314638.1
OG0006527	CAK9314639.1	CAK9314639.1
OG0006528	CAK9314640.1	CAK9314640.1
OG0006529	CAK9314641.1	CAK9314641.1
OG0006530	CAK9314642.1	CAK9314642.1
OG0006531	CAK9314643.1	CAK9314643.1
OG0006532	CAK9314644.1	CAK9314644.1
OG0006533	CAK9314645.1	CAK9314645.1
OG0006534	CAK9314646.1	CAK9314646.1
OG0006535	CAK9314647.1	CAK9314647.1
OG0006536	CAK9314648.1	CAK9314648.1
OG0006537	CAK9314649.1	CAK9314649.1
OG0006538	CAK9314650.1	CAK9314650.1
OG0006539	CAK9314651.1	CAK9314651.1
OG0006540	CAK9314652.1	CAK9314652.1
OG0006541	CAK9314653.1	CAK9314653.1
OG0006542	CAK9314654.1	CAK9314654.1
OG0006543	CAK9314655.1	CAK9314655.1
OG0006544	CAK9314656.1	CAK9314656.1
OG0006545	CAK9314657.1	CAK9314657.1
OG0006546	CAK9314658.1	CAK9314658.1
OG0006547	CAK9314659.1	CAK9314659.1
OG0006548	CAK9314662.1	CAK9314662.1
OG0006549	CAK9314663.1	CAK9314663.1
OG0006550	CAK9314664.1	CAK9314664.1
OG0006551	CAK9314665.1	CAK9314665.1
OG0006552	CAK9314666.1	CAK9314666.1
OG0006553	CAK9314667.1	CAK9314667.1
OG0006554	CAK9314668.1	CAK9314668.1
OG0006555	CAK9314669.1	CAK9314669.1
OG0006556	CAK9314670.1	CAK9314670.1
OG0006557	CAK9314671.1	CAK9314671.1
OG0006558	CAK9314672.1	CAK9314672.1
OG0006559	CAK9314673.1	CAK9314673.1
OG0006560	CAK9314674.1	CAK9314674.1
OG0006561	CAK9314675.1	CAK9314675.1
OG0006562	CAK9314676.1	CAK9314676.1
OG0006563	CAK9314677.1	CAK9314677.1
OG0006564	CAK9314678.1	CAK9314678.1
OG0006565	CAK9314679.1	CAK9314679.1
OG0006566	CAK9314680.1	CAK9314680.1
OG0006567	CAK9314681.1	CAK9314681.1
OG0006568	CAK9314682.1	CAK9314682.1
OG0006569	CAK9314683.1	CAK9314683.1
OG0006570	CAK9314684.1	CAK9314684.1
OG0006571	CAK9314685.1	CAK9314685.1
OG0006572	CAK9314687.1	CAK9314687.1
OG0006573	CAK9314688.1	CAK9314688.1
OG0006574	CAK9314689.1	CAK9314689.1
OG0006575	CAK9314690.1	CAK9314690.1
OG0006576	CAK9314691.1	CAK9314691.1
OG0006577	CAK9314693.1	CAK9314693.1
OG0006578	CAK9314694.1	CAK9314694.1
OG0006579	CAK9314695.1	CAK9314695.1
OG0006580	CAK9314696.1	CAK9314696.1
OG0006581	CAK9314697.1	CAK9314697.1
OG0006582	CAK9314698.1	CAK9314698.1
OG0006583	CAK9314699.1	CAK9314699.1
OG0006584	CAK9314702.1	CAK9314702.1
OG0006585	CAK9314703.1	CAK9314703.1
OG0006586	CAK9314704.1	CAK9314704.1
OG0006587	CAK9314705.1	CAK9314705.1
OG0006588	CAK9314706.1	CAK9314706.1
OG0006589	CAK9314707.1	CAK9314707.1
OG0006590	CAK9314708.1	CAK9314708.1
OG0006591	CAK9314709.1	CAK9314709.1
OG0006592	CAK9314710.1	CAK9314710.1
OG0006593	CAK9314711.1	CAK9314711.1
OG0006594	CAK9314712.1	CAK9314712.1
OG0006595	CAK9314713.1	CAK9314713.1
OG0006596	CAK9314714.1	CAK9314714.1
OG0006597	CAK9314715.1	CAK9314715.1
OG0006598	CAK9314716.1	CAK9314716.1
OG0006599	CAK9314717.1	CAK9314717.1
OG0006600	CAK9314718.1	CAK9314718.1
OG0006601	CAK9314719.1	CAK9314719.1
OG0006602	CAK9314721.1	CAK9314721.1
OG0006603	CAK9314723.1	CAK9314723.1
OG0006604	CAK9314724.1	CAK9314724.1
OG0006605	CAK9314725.1	CAK9314725.1
OG0006606	CAK9314726.1	CAK9314726.1
OG0006607	CAK9314728.1	CAK9314728.1
OG0006608	CAK9314729.1	CAK9314729.1
OG0006609	CAK9314730.1	CAK9314730.1
OG0006610	CAK9314731.1	CAK9314731.1
OG0006611	CAK9314732.1	CAK9314732.1
OG0006612	CAK9314733.1	CAK9314733.1
OG0006613	CAK9314734.1	CAK9314734.1
OG0006614	CAK9314735.1	CAK9314735.1
OG0006615	CAK9314736.1	CAK9314736.1
OG0006616	CAK9314737.1	CAK9314737.1
OG0006617	CAK9314738.1	CAK9314738.1
OG0006618	CAK9314739.1	CAK9314739.1
OG0006619	CAK9314740.1	CAK9314740.1
OG0006620	CAK9314743.1	CAK9314743.1
OG0006621	CAK9314744.1	CAK9314744.1
OG0006622	CAK9314745.1	CAK9314745.1
OG0006623	CAK9314746.1	CAK9314746.1
OG0006624	CAK9314747.1	CAK9314747.1
OG0006625	CAK9314748.1	CAK9314748.1
OG0006626	CAK9314750.1	CAK9314750.1
OG0006627	CAK9314751.1	CAK9314751.1
OG0006628	CAK9314752.1	CAK9314752.1
OG0006629	CAK9314753.1	CAK9314753.1
OG0006630	CAK9314754.1	CAK9314754.1
OG0006631	CAK9314755.1	CAK9314755.1
OG0006632	CAK9314756.1	CAK9314756.1
OG0006633	CAK9314757.1	CAK9314757.1
OG0006634	CAK9314758.1	CAK9314758.1
OG0006635	CAK9314759.1	CAK9314759.1
OG0006636	CAK9314760.1	CAK9314760.1
OG0006637	CAK9314761.1	CAK9314761.1
OG0006638	CAK9314762.1	CAK9314762.1
OG0006639	CAK9314763.1	CAK9314763.1
OG0006640	CAK9314764.1	CAK9314764.1
OG0006641	CAK9314766.1	CAK9314766.1
OG0006642	CAK9314767.1	CAK9314767.1
OG0006643	CAK9314768.1	CAK9314768.1
OG0006644	CAK9314769.1	CAK9314769.1
OG0006645	CAK9314770.1	CAK9314770.1
OG0006646	CAK9314771.1	CAK9314771.1
OG0006647	CAK9314772.1	CAK9314772.1
OG0006648	CAK9314773.1	CAK9314773.1
OG0006649	CAK9314774.1	CAK9314774.1
OG0006650	CAK9314775.1	CAK9314775.1
OG0006651	CAK9314777.1	CAK9314777.1
OG0006652	CAK9314778.1	CAK9314778.1
OG0006653	CAK9314779.1	CAK9314779.1
OG0006654	CAK9314781.1	CAK9314781.1
OG0006655	CAK9314782.1	CAK9314782.1
OG0006656	CAK9314783.1	CAK9314783.1
OG0006657	CAK9314784.1	CAK9314784.1
OG0006658	CAK9314788.1	CAK9314788.1
OG0006659	CAK9314789.1	CAK9314789.1
OG0006660	CAK9314790.1	CAK9314790.1
OG0006661	CAK9314791.1	CAK9314791.1
OG0006662	CAK9314792.1	CAK9314792.1
OG0006663	CAK9314793.1	CAK9314793.1
OG0006664	CAK9314794.1	CAK9314794.1
OG0006665	CAK9314795.1	CAK9314795.1
OG0006666	CAK9314796.1	CAK9314796.1
OG0006667	CAK9314797.1	CAK9314797.1
OG0006668	CAK9314798.1	CAK9314798.1
OG0006669	CAK9314799.1	CAK9314799.1
OG0006670	CAK9314801.1	CAK9314801.1
OG0006671	CAK9314802.1	CAK9314802.1
OG0006672	CAK9314803.1	CAK9314803.1
OG0006673	CAK9314804.1	CAK9314804.1
OG0006674	CAK9314805.1	CAK9314805.1
OG0006675	CAK9314806.1	CAK9314806.1
OG0006676	CAK9314807.1	CAK9314807.1
OG0006677	CAK9314808.1	CAK9314808.1
OG0006678	CAK9314809.1	CAK9314809.1
OG0006679	CAK9314810.1	CAK9314810.1
OG0006680	CAK9314811.1	CAK9314811.1
OG0006681	CAK9314812.1	CAK9314812.1
OG0006682	CAK9314813.1	CAK9314813.1
OG0006683	CAK9314814.1	CAK9314814.1
OG0006684	CAK9314815.1	CAK9314815.1
OG0006685	CAK9314816.1	CAK9314816.1
OG0006686	CAK9314817.1	CAK9314817.1
OG0006687	CAK9314818.1	CAK9314818.1
OG0006688	CAK9314819.1	CAK9314819.1
OG0006689	CAK9314820.1	CAK9314820.1
OG0006690	CAK9314821.1	CAK9314821.1
OG0006691	CAK9314822.1	CAK9314822.1
OG0006692	CAK9314824.1	CAK9314824.1
OG0006693	CAK9314825.1	CAK9314825.1
OG0006694	CAK9314826.1	CAK9314826.1
OG0006695	CAK9314827.1	CAK9314827.1
OG0006696	CAK9314828.1	CAK9314828.1
OG0006697	CAK9314829.1	CAK9314829.1
OG0006698	CAK9314832.1	CAK9314832.1
OG0006699	CAK9314833.1	CAK9314833.1
OG0006700	CAK9314834.1	CAK9314834.1
OG0006701	CAK9314835.1	CAK9314835.1
OG0006702	CAK9314836.1	CAK9314836.1
OG0006703	CAK9314837.1	CAK9314837.1
OG0006704	CAK9314838.1	CAK9314838.1
OG0006705	CAK9314839.1	CAK9314839.1
OG0006706	CAK9314841.1	CAK9314841.1
OG0006707	CAK9314842.1	CAK9314842.1
OG0006708	CAK9314843.1	CAK9314843.1
OG0006709	CAK9314844.1	CAK9314844.1
OG0006710	CAK9314845.1	CAK9314845.1
OG0006711	CAK9314846.1	CAK9314846.1
OG0006712	CAK9314847.1	CAK9314847.1
OG0006713	CAK9314848.1	CAK9314848.1
OG0006714	CAK9314849.1	CAK9314849.1
OG0006715	CAK9314850.1	CAK9314850.1
OG0006716	CAK9314851.1	CAK9314851.1
OG0006717	CAK9314852.1	CAK9314852.1
OG0006718	CAK9314853.1	CAK9314853.1
OG0006719	CAK9314854.1	CAK9314854.1
OG0006720	CAK9314855.1	CAK9314855.1
OG0006721	CAK9314856.1	CAK9314856.1
OG0006722	CAK9314857.1	CAK9314857.1
OG0006723	CAK9314858.1	CAK9314858.1
OG0006724	CAK9314859.1	CAK9314859.1
OG0006725	CAK9314860.1	CAK9314860.1
OG0006726	CAK9314861.1	CAK9314861.1
OG0006727	CAK9314862.1	CAK9314862.1
OG0006728	CAK9314865.1	CAK9314865.1
OG0006729	CAK9314867.1	CAK9314867.1
OG0006730	CAK9314868.1	CAK9314868.1
OG0006731	CAK9314869.1	CAK9314869.1
OG0006732	CAK9314870.1	CAK9314870.1
OG0006733	CAK9314871.1	CAK9314871.1
OG0006734	CAK9314872.1	CAK9314872.1
OG0006735	CAK9314873.1	CAK9314873.1
OG0006736	CAK9314874.1	CAK9314874.1
OG0006737	CAK9314875.1	CAK9314875.1
OG0006738	CAK9314876.1	CAK9314876.1
OG0006739	CAK9314877.1	CAK9314877.1
OG0006740	CAK9314878.1	CAK9314878.1
OG0006741	CAK9314879.1	CAK9314879.1
OG0006742	CAK9314880.1	CAK9314880.1
OG0006743	CAK9314881.1	CAK9314881.1
OG0006744	CAK9314882.1	CAK9314882.1
OG0006745	CAK9314883.1	CAK9314883.1
OG0006746	CAK9314884.1	CAK9314884.1
OG0006747	CAK9314885.1	CAK9314885.1
OG0006748	CAK9314886.1	CAK9314886.1
OG0006749	CAK9314887.1	CAK9314887.1
OG0006750	CAK9314888.1	CAK9314888.1
OG0006751	CAK9314890.1	CAK9314890.1
OG0006752	CAK9314891.1	CAK9314891.1
OG0006753	CAK9314892.1	CAK9314892.1
OG0006754	CAK9314893.1	CAK9314893.1
OG0006755	CAK9314895.1	CAK9314895.1
OG0006756	CAK9314896.1	CAK9314896.1
OG0006757	CAK9314897.1	CAK9314897.1
OG0006758	CAK9314898.1	CAK9314898.1
OG0006759	CAK9314900.1	CAK9314900.1
OG0006760	CAK9314901.1	CAK9314901.1
OG0006761	CAK9314902.1	CAK9314902.1
OG0006762	CAK9314903.1	CAK9314903.1
OG0006763	CAK9314904.1	CAK9314904.1
OG0006764	CAK9314905.1	CAK9314905.1
OG0006765	CAK9314906.1	CAK9314906.1
OG0006766	CAK9314907.1	CAK9314907.1
OG0006767	CAK9314908.1	CAK9314908.1
OG0006768	CAK9314909.1	CAK9314909.1
OG0006769	CAK9314910.1	CAK9314910.1
OG0006770	CAK9314911.1	CAK9314911.1
OG0006771	CAK9314912.1	CAK9314912.1
OG0006772	CAK9314914.1	CAK9314914.1
OG0006773	CAK9314915.1	CAK9314915.1
OG0006774	CAK9314916.1	CAK9314916.1
OG0006775	CAK9314917.1	CAK9314917.1
OG0006776	CAK9314918.1	CAK9314918.1
OG0006777	CAK9314919.1	CAK9314919.1
OG0006778	CAK9314920.1	CAK9314920.1
OG0006779	CAK9314921.1	CAK9314921.1
OG0006780	CAK9314922.1	CAK9314922.1
OG0006781	CAK9314923.1	CAK9314923.1
OG0006782	CAK9314924.1	CAK9314924.1
OG0006783	CAK9314927.1	CAK9314927.1
OG0006784	CAK9314928.1	CAK9314928.1
OG0006785	CAK9314930.1	CAK9314930.1
OG0006786	CAK9314932.1	CAK9314932.1
OG0006787	CAK9314933.1	CAK9314933.1
OG0006788	CAK9314934.1	CAK9314934.1
OG0006789	CAK9314937.1	CAK9314937.1
OG0006790	CAK9314938.1	CAK9314938.1
OG0006791	CAK9314940.1	CAK9314940.1
OG0006792	CAK9314941.1	CAK9314941.1
OG0006793	CAK9314942.1	CAK9314942.1
OG0006794	CAK9314943.1	CAK9314943.1
OG0006795	CAK9314945.1	CAK9314945.1
OG0006796	CAK9314946.1	CAK9314946.1
OG0006797	CAK9314947.1	CAK9314947.1
OG0006798	CAK9314948.1	CAK9314948.1
OG0006799	CAK9314949.1	CAK9314949.1
OG0006800	CAK9314951.1	CAK9314951.1
OG0006801	CAK9314952.1	CAK9314952.1
OG0006802	CAK9314953.1	CAK9314953.1
OG0006803	CAK9314954.1	CAK9314954.1
OG0006804	CAK9314955.1	CAK9314955.1
OG0006805	CAK9314956.1	CAK9314956.1
OG0006806	CAK9314957.1	CAK9314957.1
OG0006807	CAK9314958.1	CAK9314958.1
OG0006808	CAK9314959.1	CAK9314959.1
OG0006809	CAK9314960.1	CAK9314960.1
OG0006810	CAK9314961.1	CAK9314961.1
OG0006811	CAK9314962.1	CAK9314962.1
OG0006812	CAK9314964.1	CAK9314964.1
OG0006813	CAK9314968.1	CAK9314968.1
OG0006814	CAK9314969.1	CAK9314969.1
OG0006815	CAK9314970.1	CAK9314970.1
OG0006816	CAK9314971.1	CAK9314971.1
OG0006817	CAK9314972.1	CAK9314972.1
OG0006818	CAK9314973.1	CAK9314973.1
OG0006819	CAK9314974.1	CAK9314974.1
OG0006820	CAK9314975.1	CAK9314975.1
OG0006821	CAK9314976.1	CAK9314976.1
OG0006822	CAK9314977.1	CAK9314977.1
OG0006823	CAK9314978.1	CAK9314978.1
OG0006824	CAK9314979.1	CAK9314979.1
OG0006825	CAK9314980.1	CAK9314980.1
OG0006826	CAK9314981.1	CAK9314981.1
OG0006827	CAK9314982.1	CAK9314982.1
OG0006828	CAK9314983.1	CAK9314983.1
OG0006829	CAK9314984.1	CAK9314984.1
OG0006830	CAK9314985.1	CAK9314985.1
OG0006831	CAK9314986.1	CAK9314986.1
OG0006832	CAK9314988.1	CAK9314988.1
OG0006833	CAK9314989.1	CAK9314989.1
OG0006834	CAK9314991.1	CAK9314991.1
OG0006835	CAK9314992.1	CAK9314992.1
OG0006836	CAK9314993.1	CAK9314993.1
OG0006837	CAK9314995.1	CAK9314995.1
OG0006838	CAK9314997.1	CAK9314997.1
OG0006839	CAK9314998.1	CAK9314998.1
OG0006840	CAK9315002.1	CAK9315002.1
OG0006841	CAK9315003.1	CAK9315003.1
OG0006842	CAK9315004.1	CAK9315004.1
OG0006843	CAK9315005.1	CAK9315005.1
OG0006844	CAK9315006.1	CAK9315006.1
OG0006845	CAK9315007.1	CAK9315007.1
OG0006846	CAK9315008.1	CAK9315008.1
OG0006847	CAK9315009.1	CAK9315009.1
OG0006848	CAK9315010.1	CAK9315010.1
OG0006849	CAK9315012.1	CAK9315012.1
OG0006850	CAK9315013.1	CAK9315013.1
OG0006851	CAK9315014.1	CAK9315014.1
OG0006852	CAK9315015.1	CAK9315015.1
OG0006853	CAK9315017.1	CAK9315017.1
OG0006854	CAK9315018.1	CAK9315018.1
OG0006855	CAK9315019.1	CAK9315019.1
OG0006856	CAK9315021.1	CAK9315021.1
OG0006857	CAK9315022.1	CAK9315022.1
OG0006858	CAK9315023.1	CAK9315023.1
OG0006859	CAK9315024.1	CAK9315024.1
OG0006860	CAK9315025.1	CAK9315025.1
OG0006861	CAK9315026.1	CAK9315026.1
OG0006862	CAK9315027.1	CAK9315027.1
OG0006863	CAK9315028.1	CAK9315028.1
OG0006864	CAK9315029.1	CAK9315029.1
OG0006865	CAK9315030.1	CAK9315030.1
OG0006866	CAK9315031.1	CAK9315031.1
OG0006867	CAK9315032.1	CAK9315032.1
OG0006868	CAK9315033.1	CAK9315033.1
OG0006869	CAK9315034.1	CAK9315034.1
OG0006870	CAK9315035.1	CAK9315035.1
OG0006871	CAK9315036.1	CAK9315036.1
OG0006872	CAK9315037.1	CAK9315037.1
OG0006873	CAK9315038.1	CAK9315038.1
OG0006874	CAK9315039.1	CAK9315039.1
OG0006875	CAK9315040.1	CAK9315040.1
OG0006876	CAK9315041.1	CAK9315041.1
OG0006877	CAK9315042.1	CAK9315042.1
OG0006878	CAK9315044.1	CAK9315044.1
OG0006879	CAK9315045.1	CAK9315045.1
OG0006880	CAK9315046.1	CAK9315046.1
OG0006881	CAK9315048.1	CAK9315048.1
OG0006882	CAK9315049.1	CAK9315049.1
OG0006883	CAK9315050.1	CAK9315050.1
OG0006884	CAK9315051.1	CAK9315051.1
OG0006885	CAK9315052.1	CAK9315052.1
OG0006886	CAK9315053.1	CAK9315053.1
OG0006887	CAK9315055.1	CAK9315055.1
OG0006888	CAK9315057.1	CAK9315057.1
OG0006889	CAK9315058.1	CAK9315058.1
OG0006890	CAK9315059.1	CAK9315059.1
OG0006891	CAK9315060.1	CAK9315060.1
OG0006892	CAK9315061.1	CAK9315061.1
OG0006893	CAK9315062.1	CAK9315062.1
OG0006894	CAK9315063.1	CAK9315063.1
OG0006895	CAK9315064.1	CAK9315064.1
OG0006896	CAK9315065.1	CAK9315065.1
OG0006897	CAK9315066.1	CAK9315066.1
OG0006898	CAK9315067.1	CAK9315067.1
OG0006899	CAK9315068.1	CAK9315068.1
OG0006900	CAK9315069.1	CAK9315069.1
OG0006901	CAK9315070.1	CAK9315070.1
OG0006902	CAK9315071.1	CAK9315071.1
OG0006903	CAK9315072.1	CAK9315072.1
OG0006904	CAK9315073.1	CAK9315073.1
OG0006905	CAK9315076.1	CAK9315076.1
OG0006906	CAK9315081.1	CAK9315081.1
OG0006907	CAK9315082.1	CAK9315082.1
OG0006908	CAK9315083.1	CAK9315083.1
OG0006909	CAK9315084.1	CAK9315084.1
OG0006910	CAK9315085.1	CAK9315085.1
OG0006911	CAK9315087.1	CAK9315087.1
OG0006912	CAK9315088.1	CAK9315088.1
OG0006913	CAK9315089.1	CAK9315089.1
OG0006914	CAK9315090.1	CAK9315090.1
OG0006915	CAK9315091.1	CAK9315091.1
OG0006916	CAK9315092.1	CAK9315092.1
OG0006917	CAK9315093.1	CAK9315093.1
OG0006918	CAK9315094.1	CAK9315094.1
OG0006919	CAK9315095.1	CAK9315095.1
OG0006920	CAK9315096.1	CAK9315096.1
OG0006921	CAK9315097.1	CAK9315097.1
OG0006922	CAK9315098.1	CAK9315098.1
OG0006923	CAK9315099.1	CAK9315099.1
OG0006924	CAK9315100.1	CAK9315100.1
OG0006925	CAK9315101.1	CAK9315101.1
OG0006926	CAK9315102.1	CAK9315102.1
OG0006927	CAK9315103.1	CAK9315103.1
OG0006928	CAK9315104.1	CAK9315104.1
OG0006929	CAK9315105.1	CAK9315105.1
OG0006930	CAK9315106.1	CAK9315106.1
OG0006931	CAK9315107.1	CAK9315107.1
OG0006932	CAK9315111.1	CAK9315111.1
OG0006933	CAK9315112.1	CAK9315112.1
OG0006934	CAK9315113.1	CAK9315113.1
OG0006935	CAK9315114.1	CAK9315114.1
OG0006936	CAK9315115.1	CAK9315115.1
OG0006937	CAK9315116.1	CAK9315116.1
OG0006938	CAK9315119.1	CAK9315119.1
OG0006939	CAK9315120.1	CAK9315120.1
OG0006940	CAK9315121.1	CAK9315121.1
OG0006941	CAK9315123.1	CAK9315123.1
OG0006942	CAK9315124.1	CAK9315124.1
OG0006943	CAK9315125.1	CAK9315125.1
OG0006944	CAK9315126.1	CAK9315126.1
OG0006945	CAK9315127.1	CAK9315127.1
OG0006946	CAK9315128.1	CAK9315128.1
OG0006947	CAK9315129.1	CAK9315129.1
OG0006948	CAK9315130.1	CAK9315130.1
OG0006949	CAK9315132.1	CAK9315132.1
OG0006950	CAK9315133.1	CAK9315133.1
OG0006951	CAK9315134.1	CAK9315134.1
OG0006952	CAK9315135.1	CAK9315135.1
OG0006953	CAK9315136.1	CAK9315136.1
OG0006954	CAK9315137.1	CAK9315137.1
OG0006955	CAK9315138.1	CAK9315138.1
OG0006956	CAK9315139.1	CAK9315139.1
OG0006957	CAK9315140.1	CAK9315140.1
OG0006958	CAK9315141.1	CAK9315141.1
OG0006959	CAK9315142.1	CAK9315142.1
OG0006960	CAK9315143.1	CAK9315143.1
OG0006961	CAK9315144.1	CAK9315144.1
OG0006962	CAK9315145.1	CAK9315145.1
OG0006963	CAK9315146.1	CAK9315146.1
OG0006964	CAK9315147.1	CAK9315147.1
OG0006965	CAK9315148.1	CAK9315148.1
OG0006966	CAK9315149.1	CAK9315149.1
OG0006967	CAK9315150.1	CAK9315150.1
OG0006968	CAK9315151.1	CAK9315151.1
OG0006969	CAK9315152.1	CAK9315152.1
OG0006970	CAK9315153.1	CAK9315153.1
OG0006971	CAK9315154.1	CAK9315154.1
OG0006972	CAK9315155.1	CAK9315155.1
OG0006973	CAK9315156.1	CAK9315156.1
OG0006974	CAK9315157.1	CAK9315157.1
OG0006975	CAK9315158.1	CAK9315158.1
OG0006976	CAK9315159.1	CAK9315159.1
OG0006977	CAK9315160.1	CAK9315160.1
OG0006978	CAK9315161.1	CAK9315161.1
OG0006979	CAK9315162.1	CAK9315162.1
OG0006980	CAK9315163.1	CAK9315163.1
OG0006981	CAK9315164.1	CAK9315164.1
OG0006982	CAK9315165.1	CAK9315165.1
OG0006983	CAK9315166.1	CAK9315166.1
OG0006984	CAK9315169.1	CAK9315169.1
OG0006985	CAK9315170.1	CAK9315170.1
OG0006986	CAK9315171.1	CAK9315171.1
OG0006987	CAK9315172.1	CAK9315172.1
OG0006988	CAK9315173.1	CAK9315173.1
OG0006989	CAK9315174.1	CAK9315174.1
OG0006990	CAK9315175.1	CAK9315175.1
OG0006991	CAK9315176.1	CAK9315176.1
OG0006992	CAK9315177.1	CAK9315177.1
OG0006993	CAK9315178.1	CAK9315178.1
OG0006994	CAK9315179.1	CAK9315179.1
OG0006995	CAK9315180.1	CAK9315180.1
OG0006996	CAK9315181.1	CAK9315181.1
OG0006997	CAK9315182.1	CAK9315182.1
OG0006998	CAK9315183.1	CAK9315183.1
OG0006999	CAK9315184.1	CAK9315184.1
OG0007000	CAK9315185.1	CAK9315185.1
OG0007001	CAK9315186.1	CAK9315186.1
OG0007002	CAK9315187.1	CAK9315187.1
OG0007003	CAK9315188.1	CAK9315188.1
OG0007004	CAK9315189.1	CAK9315189.1
OG0007005	CAK9315190.1	CAK9315190.1
OG0007006	CAK9315191.1	CAK9315191.1
OG0007007	CAK9315192.1	CAK9315192.1
OG0007008	CAK9315193.1	CAK9315193.1
OG0007009	CAK9315194.1	CAK9315194.1
OG0007010	CAK9315196.1	CAK9315196.1
OG0007011	CAK9315197.1	CAK9315197.1
OG0007012	CAK9315198.1	CAK9315198.1
OG0007013	CAK9315199.1	CAK9315199.1
OG0007014	CAK9315200.1	CAK9315200.1
OG0007015	CAK9315201.1	CAK9315201.1
OG0007016	CAK9315202.1	CAK9315202.1
OG0007017	CAK9315203.1	CAK9315203.1
OG0007018	CAK9315204.1	CAK9315204.1
OG0007019	CAK9315205.1	CAK9315205.1
OG0007020	CAK9315206.1	CAK9315206.1
OG0007021	CAK9315207.1	CAK9315207.1
OG0007022	CAK9315208.1	CAK9315208.1
OG0007023	CAK9315209.1	CAK9315209.1
OG0007024	CAK9315212.1	CAK9315212.1
OG0007025	CAK9315213.1	CAK9315213.1
OG0007026	CAK9315214.1	CAK9315214.1
OG0007027	CAK9315215.1	CAK9315215.1
OG0007028	CAK9315217.1	CAK9315217.1
OG0007029	CAK9315218.1	CAK9315218.1
OG0007030	CAK9315219.1	CAK9315219.1
OG0007031	CAK9315220.1	CAK9315220.1
OG0007032	CAK9315221.1	CAK9315221.1
OG0007033	CAK9315222.1	CAK9315222.1
OG0007034	CAK9315224.1	CAK9315224.1
OG0007035	CAK9315225.1	CAK9315225.1
OG0007036	CAK9315226.1	CAK9315226.1
OG0007037	CAK9315227.1	CAK9315227.1
OG0007038	CAK9315228.1	CAK9315228.1
OG0007039	CAK9315229.1	CAK9315229.1
OG0007040	CAK9315230.1	CAK9315230.1
OG0007041	CAK9315231.1	CAK9315231.1
OG0007042	CAK9315232.1	CAK9315232.1
OG0007043	CAK9315233.1	CAK9315233.1
OG0007044	CAK9315234.1	CAK9315234.1
OG0007045	CAK9315235.1	CAK9315235.1
OG0007046	CAK9315236.1	CAK9315236.1
OG0007047	CAK9315237.1	CAK9315237.1
OG0007048	CAK9315238.1	CAK9315238.1
OG0007049	CAK9315239.1	CAK9315239.1
OG0007050	CAK9315241.1	CAK9315241.1
OG0007051	CAK9315243.1	CAK9315243.1
OG0007052	CAK9315244.1	CAK9315244.1
OG0007053	CAK9315246.1	CAK9315246.1
OG0007054	CAK9315247.1	CAK9315247.1
OG0007055	CAK9315248.1	CAK9315248.1
OG0007056	CAK9315250.1	CAK9315250.1
OG0007057	CAK9315253.1	CAK9315253.1
OG0007058	CAK9315254.1	CAK9315254.1
OG0007059	CAK9315255.1	CAK9315255.1
OG0007060	CAK9315256.1	CAK9315256.1
OG0007061	CAK9315257.1	CAK9315257.1
OG0007062	CAK9315258.1	CAK9315258.1
OG0007063	CAK9315259.1	CAK9315259.1
OG0007064	CAK9315260.1	CAK9315260.1
OG0007065	CAK9315261.1	CAK9315261.1
OG0007066	CAK9315263.1	CAK9315263.1
OG0007067	CAK9315264.1	CAK9315264.1
OG0007068	CAK9315265.1	CAK9315265.1
OG0007069	CAK9315266.1	CAK9315266.1
OG0007070	CAK9315267.1	CAK9315267.1
OG0007071	CAK9315268.1	CAK9315268.1
OG0007072	CAK9315269.1	CAK9315269.1
OG0007073	CAK9315270.1	CAK9315270.1
OG0007074	CAK9315271.1	CAK9315271.1
OG0007075	CAK9315272.1	CAK9315272.1
OG0007076	CAK9315273.1	CAK9315273.1
OG0007077	CAK9315274.1	CAK9315274.1
OG0007078	CAK9315275.1	CAK9315275.1
OG0007079	CAK9315276.1	CAK9315276.1
OG0007080	CAK9315277.1	CAK9315277.1
OG0007081	CAK9315278.1	CAK9315278.1
OG0007082	CAK9315279.1	CAK9315279.1
OG0007083	CAK9315281.1	CAK9315281.1
OG0007084	CAK9315282.1	CAK9315282.1
OG0007085	CAK9315283.1	CAK9315283.1
OG0007086	CAK9315284.1	CAK9315284.1
OG0007087	CAK9315285.1	CAK9315285.1
OG0007088	CAK9315286.1	CAK9315286.1
OG0007089	CAK9315287.1	CAK9315287.1
OG0007090	CAK9315288.1	CAK9315288.1
OG0007091	CAK9315290.1	CAK9315290.1
OG0007092	CAK9315292.1	CAK9315292.1
OG0007093	CAK9315293.1	CAK9315293.1
OG0007094	CAK9315294.1	CAK9315294.1
OG0007095	CAK9315295.1	CAK9315295.1
OG0007096	CAK9315296.1	CAK9315296.1
OG0007097	CAK9315297.1	CAK9315297.1
OG0007098	CAK9315299.1	CAK9315299.1
OG0007099	CAK9315300.1	CAK9315300.1
OG0007100	CAK9315301.1	CAK9315301.1
OG0007101	CAK9315302.1	CAK9315302.1
OG0007102	CAK9315303.1	CAK9315303.1
OG0007103	CAK9315304.1	CAK9315304.1
OG0007104	CAK9315305.1	CAK9315305.1
OG0007105	CAK9315306.1	CAK9315306.1
OG0007106	CAK9315308.1	CAK9315308.1
OG0007107	CAK9315309.1	CAK9315309.1
OG0007108	CAK9315310.1	CAK9315310.1
OG0007109	CAK9315311.1	CAK9315311.1
OG0007110	CAK9315312.1	CAK9315312.1
OG0007111	CAK9315313.1	CAK9315313.1
OG0007112	CAK9315314.1	CAK9315314.1
OG0007113	CAK9315315.1	CAK9315315.1
OG0007114	CAK9315317.1	CAK9315317.1
OG0007115	CAK9315318.1	CAK9315318.1
OG0007116	CAK9315319.1	CAK9315319.1
OG0007117	CAK9315321.1	CAK9315321.1
OG0007118	CAK9315322.1	CAK9315322.1
OG0007119	CAK9315323.1	CAK9315323.1
OG0007120	CAK9315324.1	CAK9315324.1
OG0007121	CAK9315325.1	CAK9315325.1
OG0007122	CAK9315326.1	CAK9315326.1
OG0007123	CAK9315327.1	CAK9315327.1
OG0007124	CAK9315328.1	CAK9315328.1
OG0007125	CAK9315329.1	CAK9315329.1
OG0007126	CAK9315331.1	CAK9315331.1
OG0007127	CAK9315332.1	CAK9315332.1
OG0007128	CAK9315334.1	CAK9315334.1
OG0007129	CAK9315335.1	CAK9315335.1
OG0007130	CAK9315336.1	CAK9315336.1
OG0007131	CAK9315337.1	CAK9315337.1
OG0007132	CAK9315338.1	CAK9315338.1
OG0007133	CAK9315339.1	CAK9315339.1
OG0007134	CAK9315340.1	CAK9315340.1
OG0007135	CAK9315341.1	CAK9315341.1
OG0007136	CAK9315342.1	CAK9315342.1
OG0007137	CAK9315343.1	CAK9315343.1
OG0007138	CAK9315344.1	CAK9315344.1
OG0007139	CAK9315345.1	CAK9315345.1
OG0007140	CAK9315350.1	CAK9315350.1
OG0007141	CAK9315351.1	CAK9315351.1
OG0007142	CAK9315352.1	CAK9315352.1
OG0007143	CAK9315353.1	CAK9315353.1
OG0007144	CAK9315354.1	CAK9315354.1
OG0007145	CAK9315355.1	CAK9315355.1
OG0007146	CAK9315356.1	CAK9315356.1
OG0007147	CAK9315357.1	CAK9315357.1
OG0007148	CAK9315358.1	CAK9315358.1
OG0007149	CAK9315360.1	CAK9315360.1
OG0007150	CAK9315361.1	CAK9315361.1
OG0007151	CAK9315362.1	CAK9315362.1
OG0007152	CAK9315363.1	CAK9315363.1
OG0007153	CAK9315364.1	CAK9315364.1
OG0007154	CAK9315365.1	CAK9315365.1
OG0007155	CAK9315366.1	CAK9315366.1
OG0007156	CAK9315367.1	CAK9315367.1
OG0007157	CAK9315368.1	CAK9315368.1
OG0007158	CAK9315371.1	CAK9315371.1
OG0007159	CAK9315375.1	CAK9315375.1
OG0007160	CAK9315376.1	CAK9315376.1
OG0007161	CAK9315377.1	CAK9315377.1
OG0007162	CAK9315378.1	CAK9315378.1
OG0007163	CAK9315379.1	CAK9315379.1
OG0007164	CAK9315380.1	CAK9315380.1
OG0007165	CAK9315381.1	CAK9315381.1
OG0007166	CAK9315382.1	CAK9315382.1
OG0007167	CAK9315384.1	CAK9315384.1
OG0007168	CAK9315385.1	CAK9315385.1
OG0007169	CAK9315386.1	CAK9315386.1
OG0007170	CAK9315387.1	CAK9315387.1
OG0007171	CAK9315388.1	CAK9315388.1
OG0007172	CAK9315389.1	CAK9315389.1
OG0007173	CAK9315390.1	CAK9315390.1
OG0007174	CAK9315391.1	CAK9315391.1
OG0007175	CAK9315392.1	CAK9315392.1
OG0007176	CAK9315393.1	CAK9315393.1
OG0007177	CAK9315394.1	CAK9315394.1
OG0007178	CAK9315395.1	CAK9315395.1
OG0007179	CAK9315396.1	CAK9315396.1
OG0007180	CAK9315397.1	CAK9315397.1
OG0007181	CAK9315399.1	CAK9315399.1
OG0007182	CAK9315400.1	CAK9315400.1
OG0007183	CAK9315401.1	CAK9315401.1
OG0007184	CAK9315402.1	CAK9315402.1
OG0007185	CAK9315403.1	CAK9315403.1
OG0007186	CAK9315405.1	CAK9315405.1
OG0007187	CAK9315406.1	CAK9315406.1
OG0007188	CAK9315407.1	CAK9315407.1
OG0007189	CAK9315408.1	CAK9315408.1
OG0007190	CAK9315409.1	CAK9315409.1
OG0007191	CAK9315410.1	CAK9315410.1
OG0007192	CAK9315411.1	CAK9315411.1
OG0007193	CAK9315412.1	CAK9315412.1
OG0007194	CAK9315413.1	CAK9315413.1
OG0007195	CAK9315415.1	CAK9315415.1
OG0007196	CAK9315416.1	CAK9315416.1
OG0007197	CAK9315417.1	CAK9315417.1
OG0007198	CAK9315418.1	CAK9315418.1
OG0007199	CAK9315419.1	CAK9315419.1
OG0007200	CAK9315420.1	CAK9315420.1
OG0007201	CAK9315421.1	CAK9315421.1
OG0007202	CAK9315422.1	CAK9315422.1
OG0007203	CAK9315423.1	CAK9315423.1
OG0007204	CAK9315425.1	CAK9315425.1
OG0007205	CAK9315426.1	CAK9315426.1
OG0007206	CAK9315427.1	CAK9315427.1
OG0007207	CAK9315428.1	CAK9315428.1
OG0007208	CAK9315429.1	CAK9315429.1
OG0007209	CAK9315430.1	CAK9315430.1
OG0007210	CAK9315431.1	CAK9315431.1
OG0007211	CAK9315432.1	CAK9315432.1
OG0007212	CAK9315433.1	CAK9315433.1
OG0007213	CAK9315435.1	CAK9315435.1
OG0007214	CAK9315436.1	CAK9315436.1
OG0007215	CAK9315437.1	CAK9315437.1
OG0007216	CAK9315438.1	CAK9315438.1
OG0007217	CAK9315439.1	CAK9315439.1
OG0007218	CAK9315440.1	CAK9315440.1
OG0007219	CAK9315441.1	CAK9315441.1
OG0007220	CAK9315442.1	CAK9315442.1
OG0007221	CAK9315443.1	CAK9315443.1
OG0007222	CAK9315444.1	CAK9315444.1
OG0007223	CAK9315445.1	CAK9315445.1
OG0007224	CAK9315447.1	CAK9315447.1
OG0007225	CAK9315448.1	CAK9315448.1
OG0007226	CAK9315449.1	CAK9315449.1
OG0007227	CAK9315450.1	CAK9315450.1
OG0007228	CAK9315453.1	CAK9315453.1
OG0007229	CAK9315454.1	CAK9315454.1
OG0007230	CAK9315455.1	CAK9315455.1
OG0007231	CAK9315456.1	CAK9315456.1
OG0007232	CAK9315457.1	CAK9315457.1
OG0007233	CAK9315460.1	CAK9315460.1
OG0007234	CAK9315461.1	CAK9315461.1
OG0007235	CAK9315462.1	CAK9315462.1
OG0007236	CAK9315464.1	CAK9315464.1
OG0007237	CAK9315465.1	CAK9315465.1
OG0007238	CAK9315466.1	CAK9315466.1
OG0007239	CAK9315467.1	CAK9315467.1
OG0007240	CAK9315469.1	CAK9315469.1
OG0007241	CAK9315470.1	CAK9315470.1
OG0007242	CAK9315471.1	CAK9315471.1
OG0007243	CAK9315472.1	CAK9315472.1
OG0007244	CAK9315474.1	CAK9315474.1
OG0007245	CAK9315475.1	CAK9315475.1
OG0007246	CAK9315476.1	CAK9315476.1
OG0007247	CAK9315478.1	CAK9315478.1
OG0007248	CAK9315479.1	CAK9315479.1
OG0007249	CAK9315480.1	CAK9315480.1
OG0007250	CAK9315481.1	CAK9315481.1
OG0007251	CAK9315482.1	CAK9315482.1
OG0007252	CAK9315483.1	CAK9315483.1
OG0007253	CAK9315484.1	CAK9315484.1
OG0007254	CAK9315485.1	CAK9315485.1
OG0007255	CAK9315486.1	CAK9315486.1
OG0007256	CAK9315489.1	CAK9315489.1
OG0007257	CAK9315490.1	CAK9315490.1
OG0007258	CAK9315491.1	CAK9315491.1
OG0007259	CAK9315492.1	CAK9315492.1
OG0007260	CAK9315493.1	CAK9315493.1
OG0007261	CAK9315494.1	CAK9315494.1
OG0007262	CAK9315495.1	CAK9315495.1
OG0007263	CAK9315496.1	CAK9315496.1
OG0007264	CAK9315497.1	CAK9315497.1
OG0007265	CAK9315498.1	CAK9315498.1
OG0007266	CAK9315499.1	CAK9315499.1
OG0007267	CAK9315500.1	CAK9315500.1
OG0007268	CAK9315501.1	CAK9315501.1
OG0007269	CAK9315502.1	CAK9315502.1
OG0007270	CAK9315503.1	CAK9315503.1
OG0007271	CAK9315504.1	CAK9315504.1
OG0007272	CAK9315505.1	CAK9315505.1
OG0007273	CAK9315506.1	CAK9315506.1
OG0007274	CAK9315507.1	CAK9315507.1
OG0007275	CAK9315508.1	CAK9315508.1
OG0007276	CAK9315509.1	CAK9315509.1
OG0007277	CAK9315510.1	CAK9315510.1
OG0007278	CAK9315511.1	CAK9315511.1
OG0007279	CAK9315513.1	CAK9315513.1
OG0007280	CAK9315514.1	CAK9315514.1
OG0007281	CAK9315515.1	CAK9315515.1
OG0007282	CAK9315516.1	CAK9315516.1
OG0007283	CAK9315517.1	CAK9315517.1
OG0007284	CAK9315518.1	CAK9315518.1
OG0007285	CAK9315519.1	CAK9315519.1
OG0007286	CAK9315520.1	CAK9315520.1
OG0007287	CAK9315521.1	CAK9315521.1
OG0007288	CAK9315522.1	CAK9315522.1
OG0007289	CAK9315523.1	CAK9315523.1
OG0007290	CAK9315524.1	CAK9315524.1
OG0007291	CAK9315525.1	CAK9315525.1
OG0007292	CAK9315526.1	CAK9315526.1
OG0007293	CAK9315527.1	CAK9315527.1
OG0007294	CAK9315528.1	CAK9315528.1
OG0007295	CAK9315529.1	CAK9315529.1
OG0007296	CAK9315530.1	CAK9315530.1
OG0007297	CAK9315532.1	CAK9315532.1
OG0007298	CAK9315533.1	CAK9315533.1
OG0007299	CAK9315534.1	CAK9315534.1
OG0007300	CAK9315535.1	CAK9315535.1
OG0007301	CAK9315536.1	CAK9315536.1
OG0007302	CAK9315537.1	CAK9315537.1
OG0007303	CAK9315538.1	CAK9315538.1
OG0007304	CAK9315539.1	CAK9315539.1
OG0007305	CAK9315540.1	CAK9315540.1
OG0007306	CAK9315541.1	CAK9315541.1
OG0007307	CAK9315544.1	CAK9315544.1
OG0007308	CAK9315545.1	CAK9315545.1
OG0007309	CAK9315546.1	CAK9315546.1
OG0007310	CAK9315547.1	CAK9315547.1
OG0007311	CAK9315548.1	CAK9315548.1
OG0007312	CAK9315549.1	CAK9315549.1
OG0007313	CAK9315550.1	CAK9315550.1
OG0007314	CAK9315551.1	CAK9315551.1
OG0007315	CAK9315552.1	CAK9315552.1
OG0007316	CAK9315553.1	CAK9315553.1
OG0007317	CAK9315554.1	CAK9315554.1
OG0007318	CAK9315555.1	CAK9315555.1
OG0007319	CAK9315556.1	CAK9315556.1
OG0007320	CAK9315558.1	CAK9315558.1
OG0007321	CAK9315559.1	CAK9315559.1
OG0007322	CAK9315561.1	CAK9315561.1
OG0007323	CAK9315563.1	CAK9315563.1
OG0007324	CAK9315565.1	CAK9315565.1
OG0007325	CAK9315566.1	CAK9315566.1
OG0007326	CAK9315567.1	CAK9315567.1
OG0007327	CAK9315568.1	CAK9315568.1
OG0007328	CAK9315569.1	CAK9315569.1
OG0007329	CAK9315570.1	CAK9315570.1
OG0007330	CAK9315571.1	CAK9315571.1
OG0007331	CAK9315573.1	CAK9315573.1
OG0007332	CAK9315575.1	CAK9315575.1
OG0007333	CAK9315576.1	CAK9315576.1
OG0007334	CAK9315578.1	CAK9315578.1
OG0007335	CAK9315579.1	CAK9315579.1
OG0007336	CAK9315580.1	CAK9315580.1
OG0007337	CAK9315581.1	CAK9315581.1
OG0007338	CAK9315582.1	CAK9315582.1
OG0007339	CAK9315583.1	CAK9315583.1
OG0007340	CAK9315584.1	CAK9315584.1
OG0007341	CAK9315585.1	CAK9315585.1
OG0007342	CAK9315586.1	CAK9315586.1
OG0007343	CAK9315587.1	CAK9315587.1
OG0007344	CAK9315588.1	CAK9315588.1
OG0007345	CAK9315589.1	CAK9315589.1
OG0007346	CAK9315590.1	CAK9315590.1
OG0007347	CAK9315591.1	CAK9315591.1
OG0007348	CAK9315592.1	CAK9315592.1
OG0007349	CAK9315593.1	CAK9315593.1
OG0007350	CAK9315594.1	CAK9315594.1
OG0007351	CAK9315595.1	CAK9315595.1
OG0007352	CAK9315596.1	CAK9315596.1
OG0007353	CAK9315597.1	CAK9315597.1
OG0007354	CAK9315598.1	CAK9315598.1
OG0007355	CAK9315599.1	CAK9315599.1
OG0007356	CAK9315600.1	CAK9315600.1
OG0007357	CAK9315602.1	CAK9315602.1
OG0007358	CAK9315604.1	CAK9315604.1
OG0007359	CAK9315605.1	CAK9315605.1
OG0007360	CAK9315606.1	CAK9315606.1
OG0007361	CAK9315607.1	CAK9315607.1
OG0007362	CAK9315608.1	CAK9315608.1
OG0007363	CAK9315609.1	CAK9315609.1
OG0007364	CAK9315610.1	CAK9315610.1
OG0007365	CAK9315611.1	CAK9315611.1
OG0007366	CAK9315612.1	CAK9315612.1
OG0007367	CAK9315613.1	CAK9315613.1
OG0007368	CAK9315614.1	CAK9315614.1
OG0007369	CAK9315615.1	CAK9315615.1
OG0007370	CAK9315616.1	CAK9315616.1
OG0007371	CAK9315618.1	CAK9315618.1
OG0007372	CAK9315619.1	CAK9315619.1
OG0007373	CAK9315620.1	CAK9315620.1
OG0007374	CAK9315621.1	CAK9315621.1
OG0007375	CAK9315622.1	CAK9315622.1
OG0007376	CAK9315624.1	CAK9315624.1
OG0007377	CAK9315625.1	CAK9315625.1
OG0007378	CAK9315626.1	CAK9315626.1
OG0007379	CAK9315627.1	CAK9315627.1
OG0007380	CAK9315628.1	CAK9315628.1
OG0007381	CAK9315629.1	CAK9315629.1
OG0007382	CAK9315630.1	CAK9315630.1
OG0007383	CAK9315631.1	CAK9315631.1
OG0007384	CAK9315632.1	CAK9315632.1
OG0007385	CAK9315633.1	CAK9315633.1
OG0007386	CAK9315634.1	CAK9315634.1
OG0007387	CAK9315635.1	CAK9315635.1
OG0007388	CAK9315636.1	CAK9315636.1
OG0007389	CAK9315637.1	CAK9315637.1
OG0007390	CAK9315638.1	CAK9315638.1
OG0007391	CAK9315642.1	CAK9315642.1
OG0007392	CAK9315643.1	CAK9315643.1
OG0007393	CAK9315644.1	CAK9315644.1
OG0007394	CAK9315645.1	CAK9315645.1
OG0007395	CAK9315646.1	CAK9315646.1
OG0007396	CAK9315647.1	CAK9315647.1
OG0007397	CAK9315649.1	CAK9315649.1
OG0007398	CAK9315650.1	CAK9315650.1
OG0007399	CAK9315651.1	CAK9315651.1
OG0007400	CAK9315652.1	CAK9315652.1
OG0007401	CAK9315653.1	CAK9315653.1
OG0007402	CAK9315654.1	CAK9315654.1
OG0007403	CAK9315655.1	CAK9315655.1
OG0007404	CAK9315656.1	CAK9315656.1
OG0007405	CAK9315657.1	CAK9315657.1
OG0007406	CAK9315658.1	CAK9315658.1
OG0007407	CAK9315659.1	CAK9315659.1
OG0007408	CAK9315660.1	CAK9315660.1
OG0007409	CAK9315661.1	CAK9315661.1
OG0007410	CAK9315662.1	CAK9315662.1
OG0007411	CAK9315663.1	CAK9315663.1
OG0007412	CAK9315664.1	CAK9315664.1
OG0007413	CAK9315665.1	CAK9315665.1
OG0007414	CAK9315667.1	CAK9315667.1
OG0007415	CAK9315668.1	CAK9315668.1
OG0007416	CAK9315669.1	CAK9315669.1
OG0007417	CAK9315670.1	CAK9315670.1
OG0007418	CAK9315671.1	CAK9315671.1
OG0007419	CAK9315672.1	CAK9315672.1
OG0007420	CAK9315673.1	CAK9315673.1
OG0007421	CAK9315674.1	CAK9315674.1
OG0007422	CAK9315675.1	CAK9315675.1
OG0007423	CAK9315676.1	CAK9315676.1
OG0007424	CAK9315678.1	CAK9315678.1
OG0007425	CAK9315679.1	CAK9315679.1
OG0007426	CAK9315680.1	CAK9315680.1
OG0007427	CAK9315681.1	CAK9315681.1
OG0007428	CAK9315683.1	CAK9315683.1
OG0007429	CAK9315684.1	CAK9315684.1
OG0007430	CAK9315686.1	CAK9315686.1
OG0007431	CAK9315687.1	CAK9315687.1
OG0007432	CAK9315688.1	CAK9315688.1
OG0007433	CAK9315689.1	CAK9315689.1
OG0007434	CAK9315690.1	CAK9315690.1
OG0007435	CAK9315691.1	CAK9315691.1
OG0007436	CAK9315696.1	CAK9315696.1
OG0007437	CAK9315699.1	CAK9315699.1
OG0007438	CAK9315702.1	CAK9315702.1
OG0007439	CAK9315703.1	CAK9315703.1
OG0007440	CAK9315705.1	CAK9315705.1
OG0007441	CAK9315706.1	CAK9315706.1
OG0007442	CAK9315707.1	CAK9315707.1
OG0007443	CAK9315708.1	CAK9315708.1
OG0007444	CAK9315709.1	CAK9315709.1
OG0007445	CAK9315710.1	CAK9315710.1
OG0007446	CAK9315711.1	CAK9315711.1
OG0007447	CAK9315713.1	CAK9315713.1
OG0007448	CAK9315714.1	CAK9315714.1
OG0007449	CAK9315717.1	CAK9315717.1
OG0007450	CAK9315718.1	CAK9315718.1
OG0007451	CAK9315719.1	CAK9315719.1
OG0007452	CAK9315720.1	CAK9315720.1
OG0007453	CAK9315722.1	CAK9315722.1
OG0007454	CAK9315723.1	CAK9315723.1
OG0007455	CAK9315724.1	CAK9315724.1
OG0007456	CAK9315725.1	CAK9315725.1
OG0007457	CAK9315726.1	CAK9315726.1
OG0007458	CAK9315727.1	CAK9315727.1
OG0007459	CAK9315728.1	CAK9315728.1
OG0007460	CAK9315729.1	CAK9315729.1
OG0007461	CAK9315730.1	CAK9315730.1
OG0007462	CAK9315731.1	CAK9315731.1
OG0007463	CAK9315732.1	CAK9315732.1
OG0007464	CAK9315733.1	CAK9315733.1
OG0007465	CAK9315734.1	CAK9315734.1
OG0007466	CAK9315735.1	CAK9315735.1
OG0007467	CAK9315736.1	CAK9315736.1
OG0007468	CAK9315737.1	CAK9315737.1
OG0007469	CAK9315738.1	CAK9315738.1
OG0007470	CAK9315739.1	CAK9315739.1
OG0007471	CAK9315740.1	CAK9315740.1
OG0007472	CAK9315741.1	CAK9315741.1
OG0007473	CAK9315742.1	CAK9315742.1
OG0007474	CAK9315743.1	CAK9315743.1
OG0007475	CAK9315744.1	CAK9315744.1
OG0007476	CAK9315745.1	CAK9315745.1
OG0007477	CAK9315746.1	CAK9315746.1
OG0007478	CAK9315747.1	CAK9315747.1
OG0007479	CAK9315748.1	CAK9315748.1
OG0007480	CAK9315749.1	CAK9315749.1
OG0007481	CAK9315750.1	CAK9315750.1
OG0007482	CAK9315751.1	CAK9315751.1
OG0007483	CAK9315752.1	CAK9315752.1
OG0007484	CAK9315753.1	CAK9315753.1
OG0007485	CAK9315754.1	CAK9315754.1
OG0007486	CAK9315755.1	CAK9315755.1
OG0007487	CAK9315756.1	CAK9315756.1
OG0007488	CAK9315757.1	CAK9315757.1
OG0007489	CAK9315758.1	CAK9315758.1
OG0007490	CAK9315759.1	CAK9315759.1
OG0007491	CAK9315760.1	CAK9315760.1
OG0007492	CAK9315762.1	CAK9315762.1
OG0007493	CAK9315764.1	CAK9315764.1
OG0007494	CAK9315767.1	CAK9315767.1
OG0007495	CAK9315769.1	CAK9315769.1
OG0007496	CAK9315770.1	CAK9315770.1
OG0007497	CAK9315771.1	CAK9315771.1
OG0007498	CAK9315772.1	CAK9315772.1
OG0007499	CAK9315774.1	CAK9315774.1
OG0007500	CAK9315775.1	CAK9315775.1
OG0007501	CAK9315776.1	CAK9315776.1
OG0007502	CAK9315777.1	CAK9315777.1
OG0007503	CAK9315778.1	CAK9315778.1
OG0007504	CAK9315779.1	CAK9315779.1
OG0007505	CAK9315780.1	CAK9315780.1
OG0007506	CAK9315781.1	CAK9315781.1
OG0007507	CAK9315782.1	CAK9315782.1
OG0007508	CAK9315783.1	CAK9315783.1
OG0007509	CAK9315784.1	CAK9315784.1
OG0007510	CAK9315785.1	CAK9315785.1
OG0007511	CAK9315786.1	CAK9315786.1
OG0007512	CAK9315787.1	CAK9315787.1
OG0007513	CAK9315789.1	CAK9315789.1
OG0007514	CAK9315790.1	CAK9315790.1
OG0007515	CAK9315791.1	CAK9315791.1
OG0007516	CAK9315793.1	CAK9315793.1
OG0007517	CAK9315794.1	CAK9315794.1
OG0007518	CAK9315795.1	CAK9315795.1
OG0007519	CAK9315796.1	CAK9315796.1
OG0007520	CAK9315797.1	CAK9315797.1
OG0007521	CAK9315798.1	CAK9315798.1
OG0007522	CAK9315799.1	CAK9315799.1
OG0007523	CAK9315801.1	CAK9315801.1
OG0007524	CAK9315802.1	CAK9315802.1
OG0007525	CAK9315803.1	CAK9315803.1
OG0007526	CAK9315804.1	CAK9315804.1
OG0007527	CAK9315805.1	CAK9315805.1
OG0007528	CAK9315806.1	CAK9315806.1
OG0007529	CAK9315807.1	CAK9315807.1
OG0007530	CAK9315808.1	CAK9315808.1
OG0007531	CAK9315809.1	CAK9315809.1
OG0007532	CAK9315810.1	CAK9315810.1
OG0007533	CAK9315811.1	CAK9315811.1
OG0007534	CAK9315812.1	CAK9315812.1
OG0007535	CAK9315813.1	CAK9315813.1
OG0007536	CAK9315814.1	CAK9315814.1
OG0007537	CAK9315815.1	CAK9315815.1
OG0007538	CAK9315816.1	CAK9315816.1
OG0007539	CAK9315817.1	CAK9315817.1
OG0007540	CAK9315818.1	CAK9315818.1
OG0007541	CAK9315820.1	CAK9315820.1
OG0007542	CAK9315821.1	CAK9315821.1
OG0007543	CAK9315822.1	CAK9315822.1
OG0007544	CAK9315824.1	CAK9315824.1
OG0007545	CAK9315825.1	CAK9315825.1
OG0007546	CAK9315826.1	CAK9315826.1
OG0007547	CAK9315827.1	CAK9315827.1
OG0007548	CAK9315828.1	CAK9315828.1
OG0007549	CAK9315829.1	CAK9315829.1
OG0007550	CAK9315830.1	CAK9315830.1
OG0007551	CAK9315831.1	CAK9315831.1
OG0007552	CAK9315832.1	CAK9315832.1
OG0007553	CAK9315833.1	CAK9315833.1
OG0007554	CAK9315834.1	CAK9315834.1
OG0007555	CAK9315835.1	CAK9315835.1
OG0007556	CAK9315836.1	CAK9315836.1
OG0007557	CAK9315837.1	CAK9315837.1
OG0007558	CAK9315838.1	CAK9315838.1
OG0007559	CAK9315839.1	CAK9315839.1
OG0007560	CAK9315843.1	CAK9315843.1
OG0007561	CAK9315844.1	CAK9315844.1
OG0007562	CAK9315845.1	CAK9315845.1
OG0007563	CAK9315846.1	CAK9315846.1
OG0007564	CAK9315847.1	CAK9315847.1
OG0007565	CAK9315848.1	CAK9315848.1
OG0007566	CAK9315850.1	CAK9315850.1
OG0007567	CAK9315851.1	CAK9315851.1
OG0007568	CAK9315852.1	CAK9315852.1
OG0007569	CAK9315853.1	CAK9315853.1
OG0007570	CAK9315855.1	CAK9315855.1
OG0007571	CAK9315856.1	CAK9315856.1
OG0007572	CAK9315857.1	CAK9315857.1
OG0007573	CAK9315859.1	CAK9315859.1
OG0007574	CAK9315860.1	CAK9315860.1
OG0007575	CAK9315861.1	CAK9315861.1
OG0007576	CAK9315864.1	CAK9315864.1
OG0007577	CAK9315870.1	CAK9315870.1
OG0007578	CAK9315871.1	CAK9315871.1
OG0007579	CAK9315872.1	CAK9315872.1
OG0007580	CAK9315873.1	CAK9315873.1
OG0007581	CAK9315874.1	CAK9315874.1
OG0007582	CAK9315875.1	CAK9315875.1
OG0007583	CAK9315876.1	CAK9315876.1
OG0007584	CAK9315877.1	CAK9315877.1
OG0007585	CAK9315878.1	CAK9315878.1
OG0007586	CAK9315881.1	CAK9315881.1
OG0007587	CAK9315882.1	CAK9315882.1
OG0007588	CAK9315883.1	CAK9315883.1
OG0007589	CAK9315884.1	CAK9315884.1
OG0007590	CAK9315885.1	CAK9315885.1
OG0007591	CAK9315886.1	CAK9315886.1
OG0007592	CAK9315889.1	CAK9315889.1
OG0007593	CAK9315890.1	CAK9315890.1
OG0007594	CAK9315891.1	CAK9315891.1
OG0007595	CAK9315892.1	CAK9315892.1
OG0007596	CAK9315893.1	CAK9315893.1
OG0007597	CAK9315894.1	CAK9315894.1
OG0007598	CAK9315895.1	CAK9315895.1
OG0007599	CAK9315896.1	CAK9315896.1
OG0007600	CAK9315897.1	CAK9315897.1
OG0007601	CAK9315898.1	CAK9315898.1
OG0007602	CAK9315899.1	CAK9315899.1
OG0007603	CAK9315900.1	CAK9315900.1
OG0007604	CAK9315901.1	CAK9315901.1
OG0007605	CAK9315902.1	CAK9315902.1
OG0007606	CAK9315904.1	CAK9315904.1
OG0007607	CAK9315907.1	CAK9315907.1
OG0007608	CAK9315909.1	CAK9315909.1
OG0007609	CAK9315910.1	CAK9315910.1
OG0007610	CAK9315911.1	CAK9315911.1
OG0007611	CAK9315912.1	CAK9315912.1
OG0007612	CAK9315913.1	CAK9315913.1
OG0007613	CAK9315914.1	CAK9315914.1
OG0007614	CAK9315916.1	CAK9315916.1
OG0007615	CAK9315919.1	CAK9315919.1
OG0007616	CAK9315920.1	CAK9315920.1
OG0007617	CAK9315922.1	CAK9315922.1
OG0007618	CAK9315923.1	CAK9315923.1
OG0007619	CAK9315925.1	CAK9315925.1
OG0007620	CAK9315926.1	CAK9315926.1
OG0007621	CAK9315927.1	CAK9315927.1
OG0007622	CAK9315928.1	CAK9315928.1
OG0007623	CAK9315929.1	CAK9315929.1
OG0007624	CAK9315930.1	CAK9315930.1
OG0007625	CAK9315931.1	CAK9315931.1
OG0007626	CAK9315932.1	CAK9315932.1
OG0007627	CAK9315933.1	CAK9315933.1
OG0007628	CAK9315935.1	CAK9315935.1
OG0007629	CAK9315939.1	CAK9315939.1
OG0007630	CAK9315940.1	CAK9315940.1
OG0007631	CAK9315941.1	CAK9315941.1
OG0007632	CAK9315943.1	CAK9315943.1
OG0007633	CAK9315945.1	CAK9315945.1
OG0007634	CAK9315946.1	CAK9315946.1
OG0007635	CAK9315947.1	CAK9315947.1
OG0007636	CAK9315948.1	CAK9315948.1
OG0007637	CAK9315949.1	CAK9315949.1
OG0007638	CAK9315950.1	CAK9315950.1
OG0007639	CAK9315951.1	CAK9315951.1
OG0007640	CAK9315952.1	CAK9315952.1
OG0007641	CAK9315953.1	CAK9315953.1
OG0007642	CAK9315954.1	CAK9315954.1
OG0007643	CAK9315955.1	CAK9315955.1
OG0007644	CAK9315956.1	CAK9315956.1
OG0007645	CAK9315957.1	CAK9315957.1
OG0007646	CAK9315958.1	CAK9315958.1
OG0007647	CAK9315959.1	CAK9315959.1
OG0007648	CAK9315960.1	CAK9315960.1
OG0007649	CAK9315961.1	CAK9315961.1
OG0007650	CAK9315962.1	CAK9315962.1
OG0007651	CAK9315963.1	CAK9315963.1
OG0007652	CAK9315964.1	CAK9315964.1
OG0007653	CAK9315965.1	CAK9315965.1
OG0007654	CAK9315966.1	CAK9315966.1
OG0007655	CAK9315968.1	CAK9315968.1
OG0007656	CAK9315969.1	CAK9315969.1
OG0007657	CAK9315970.1	CAK9315970.1
OG0007658	CAK9315972.1	CAK9315972.1
OG0007659	CAK9315973.1	CAK9315973.1
OG0007660	CAK9315974.1	CAK9315974.1
OG0007661	CAK9315975.1	CAK9315975.1
OG0007662	CAK9315976.1	CAK9315976.1
OG0007663	CAK9315977.1	CAK9315977.1
OG0007664	CAK9315978.1	CAK9315978.1
OG0007665	CAK9315981.1	CAK9315981.1
OG0007666	CAK9315982.1	CAK9315982.1
OG0007667	CAK9315983.1	CAK9315983.1
OG0007668	CAK9315985.1	CAK9315985.1
OG0007669	CAK9315987.1	CAK9315987.1
OG0007670	CAK9315988.1	CAK9315988.1
OG0007671	CAK9315989.1	CAK9315989.1
OG0007672	CAK9315990.1	CAK9315990.1
OG0007673	CAK9315991.1	CAK9315991.1
OG0007674	CAK9315992.1	CAK9315992.1
OG0007675	CAK9315993.1	CAK9315993.1
OG0007676	CAK9315995.1	CAK9315995.1
OG0007677	CAK9315997.1	CAK9315997.1
OG0007678	CAK9315998.1	CAK9315998.1
OG0007679	CAK9315999.1	CAK9315999.1
OG0007680	CAK9316001.1	CAK9316001.1
OG0007681	CAK9316002.1	CAK9316002.1
OG0007682	CAK9316003.1	CAK9316003.1
OG0007683	CAK9316004.1	CAK9316004.1
OG0007684	CAK9316005.1	CAK9316005.1
OG0007685	CAK9316006.1	CAK9316006.1
OG0007686	CAK9316008.1	CAK9316008.1
OG0007687	CAK9316009.1	CAK9316009.1
OG0007688	CAK9316010.1	CAK9316010.1
OG0007689	CAK9316011.1	CAK9316011.1
OG0007690	CAK9316012.1	CAK9316012.1
OG0007691	CAK9316013.1	CAK9316013.1
OG0007692	CAK9316014.1	CAK9316014.1
OG0007693	CAK9316015.1	CAK9316015.1
OG0007694	CAK9316016.1	CAK9316016.1
OG0007695	CAK9316017.1	CAK9316017.1
OG0007696	CAK9316018.1	CAK9316018.1
OG0007697	CAK9316019.1	CAK9316019.1
OG0007698	CAK9316020.1	CAK9316020.1
OG0007699	CAK9316021.1	CAK9316021.1
OG0007700	CAK9316022.1	CAK9316022.1
OG0007701	CAK9316023.1	CAK9316023.1
OG0007702	CAK9316024.1	CAK9316024.1
OG0007703	CAK9316026.1	CAK9316026.1
OG0007704	CAK9316029.1	CAK9316029.1
OG0007705	CAK9316030.1	CAK9316030.1
OG0007706	CAK9316031.1	CAK9316031.1
OG0007707	CAK9316033.1	CAK9316033.1
OG0007708	CAK9316035.1	CAK9316035.1
OG0007709	CAK9316036.1	CAK9316036.1
OG0007710	CAK9316037.1	CAK9316037.1
OG0007711	CAK9316038.1	CAK9316038.1
OG0007712	CAK9316039.1	CAK9316039.1
OG0007713	CAK9316041.1	CAK9316041.1
OG0007714	CAK9316042.1	CAK9316042.1
OG0007715	CAK9316043.1	CAK9316043.1
OG0007716	CAK9316045.1	CAK9316045.1
OG0007717	CAK9316047.1	CAK9316047.1
OG0007718	CAK9316049.1	CAK9316049.1
OG0007719	CAK9316050.1	CAK9316050.1
OG0007720	CAK9316051.1	CAK9316051.1
OG0007721	CAK9316053.1	CAK9316053.1
OG0007722	CAK9316055.1	CAK9316055.1
OG0007723	CAK9316056.1	CAK9316056.1
OG0007724	CAK9316057.1	CAK9316057.1
OG0007725	CAK9316058.1	CAK9316058.1
OG0007726	CAK9316060.1	CAK9316060.1
OG0007727	CAK9316061.1	CAK9316061.1
OG0007728	CAK9316062.1	CAK9316062.1
OG0007729	CAK9316063.1	CAK9316063.1
OG0007730	CAK9316064.1	CAK9316064.1
OG0007731	CAK9316065.1	CAK9316065.1
OG0007732	CAK9316066.1	CAK9316066.1
OG0007733	CAK9316067.1	CAK9316067.1
OG0007734	CAK9316069.1	CAK9316069.1
OG0007735	CAK9316071.1	CAK9316071.1
OG0007736	CAK9316072.1	CAK9316072.1
OG0007737	CAK9316073.1	CAK9316073.1
OG0007738	CAK9316074.1	CAK9316074.1
OG0007739	CAK9316075.1	CAK9316075.1
OG0007740	CAK9316077.1	CAK9316077.1
OG0007741	CAK9316078.1	CAK9316078.1
OG0007742	CAK9316079.1	CAK9316079.1
OG0007743	CAK9316080.1	CAK9316080.1
OG0007744	CAK9316081.1	CAK9316081.1
OG0007745	CAK9316084.1	CAK9316084.1
OG0007746	CAK9316085.1	CAK9316085.1
OG0007747	CAK9316086.1	CAK9316086.1
OG0007748	CAK9316087.1	CAK9316087.1
OG0007749	CAK9316088.1	CAK9316088.1
OG0007750	CAK9316089.1	CAK9316089.1
OG0007751	CAK9316090.1	CAK9316090.1
OG0007752	CAK9316092.1	CAK9316092.1
OG0007753	CAK9316094.1	CAK9316094.1
OG0007754	CAK9316095.1	CAK9316095.1
OG0007755	CAK9316096.1	CAK9316096.1
OG0007756	CAK9316097.1	CAK9316097.1
OG0007757	CAK9316098.1	CAK9316098.1
OG0007758	CAK9316099.1	CAK9316099.1
OG0007759	CAK9316100.1	CAK9316100.1
OG0007760	CAK9316101.1	CAK9316101.1
OG0007761	CAK9316102.1	CAK9316102.1
OG0007762	CAK9316103.1	CAK9316103.1
OG0007763	CAK9316104.1	CAK9316104.1
OG0007764	CAK9316105.1	CAK9316105.1
OG0007765	CAK9316106.1	CAK9316106.1
OG0007766	CAK9316107.1	CAK9316107.1
OG0007767	CAK9316108.1	CAK9316108.1
OG0007768	CAK9316109.1	CAK9316109.1
OG0007769	CAK9316110.1	CAK9316110.1
OG0007770	CAK9316111.1	CAK9316111.1
OG0007771	CAK9316112.1	CAK9316112.1
OG0007772	CAK9316113.1	CAK9316113.1
OG0007773	CAK9316114.1	CAK9316114.1
OG0007774	CAK9316115.1	CAK9316115.1
OG0007775	CAK9316116.1	CAK9316116.1
OG0007776	CAK9316117.1	CAK9316117.1
OG0007777	CAK9316118.1	CAK9316118.1
OG0007778	CAK9316119.1	CAK9316119.1
OG0007779	CAK9316120.1	CAK9316120.1
OG0007780	CAK9316122.1	CAK9316122.1
OG0007781	CAK9316123.1	CAK9316123.1
OG0007782	CAK9316124.1	CAK9316124.1
OG0007783	CAK9316125.1	CAK9316125.1
OG0007784	CAK9316126.1	CAK9316126.1
OG0007785	CAK9316127.1	CAK9316127.1
OG0007786	CAK9316128.1	CAK9316128.1
OG0007787	CAK9316129.1	CAK9316129.1
OG0007788	CAK9316130.1	CAK9316130.1
OG0007789	CAK9316131.1	CAK9316131.1
OG0007790	CAK9316132.1	CAK9316132.1
OG0007791	CAK9316133.1	CAK9316133.1
OG0007792	CAK9316134.1	CAK9316134.1
OG0007793	CAK9316135.1	CAK9316135.1
OG0007794	CAK9316136.1	CAK9316136.1
OG0007795	CAK9316137.1	CAK9316137.1
OG0007796	CAK9316138.1	CAK9316138.1
OG0007797	CAK9316140.1	CAK9316140.1
OG0007798	CAK9316141.1	CAK9316141.1
OG0007799	CAK9316143.1	CAK9316143.1
OG0007800	CAK9316144.1	CAK9316144.1
OG0007801	CAK9316145.1	CAK9316145.1
OG0007802	CAK9316146.1	CAK9316146.1
OG0007803	CAK9316147.1	CAK9316147.1
OG0007804	CAK9316148.1	CAK9316148.1
OG0007805	CAK9316149.1	CAK9316149.1
OG0007806	CAK9316151.1	CAK9316151.1
OG0007807	CAK9316152.1	CAK9316152.1
OG0007808	CAK9316153.1	CAK9316153.1
OG0007809	CAK9316154.1	CAK9316154.1
OG0007810	CAK9316155.1	CAK9316155.1
OG0007811	CAK9316156.1	CAK9316156.1
OG0007812	CAK9316157.1	CAK9316157.1
OG0007813	CAK9316158.1	CAK9316158.1
OG0007814	CAK9316160.1	CAK9316160.1
OG0007815	CAK9316161.1	CAK9316161.1
OG0007816	CAK9316162.1	CAK9316162.1
OG0007817	CAK9316163.1	CAK9316163.1
OG0007818	CAK9316164.1	CAK9316164.1
OG0007819	CAK9316165.1	CAK9316165.1
OG0007820	CAK9316166.1	CAK9316166.1
OG0007821	CAK9316167.1	CAK9316167.1
OG0007822	CAK9316168.1	CAK9316168.1
OG0007823	CAK9316169.1	CAK9316169.1
OG0007824	CAK9316170.1	CAK9316170.1
OG0007825	CAK9316172.1	CAK9316172.1
OG0007826	CAK9316173.1	CAK9316173.1
OG0007827	CAK9316174.1	CAK9316174.1
OG0007828	CAK9316175.1	CAK9316175.1
OG0007829	CAK9316176.1	CAK9316176.1
OG0007830	CAK9316178.1	CAK9316178.1
OG0007831	CAK9316179.1	CAK9316179.1
OG0007832	CAK9316180.1	CAK9316180.1
OG0007833	CAK9316182.1	CAK9316182.1
OG0007834	CAK9316183.1	CAK9316183.1
OG0007835	CAK9316184.1	CAK9316184.1
OG0007836	CAK9316188.1	CAK9316188.1
OG0007837	CAK9316189.1	CAK9316189.1
OG0007838	CAK9316190.1	CAK9316190.1
OG0007839	CAK9316191.1	CAK9316191.1
OG0007840	CAK9316192.1	CAK9316192.1
OG0007841	CAK9316193.1	CAK9316193.1
OG0007842	CAK9316194.1	CAK9316194.1
OG0007843	CAK9316195.1	CAK9316195.1
OG0007844	CAK9316196.1	CAK9316196.1
OG0007845	CAK9316200.1	CAK9316200.1
OG0007846	CAK9316201.1	CAK9316201.1
OG0007847	CAK9316202.1	CAK9316202.1
OG0007848	CAK9316203.1	CAK9316203.1
OG0007849	CAK9316204.1	CAK9316204.1
OG0007850	CAK9316205.1	CAK9316205.1
OG0007851	CAK9316206.1	CAK9316206.1
OG0007852	CAK9316207.1	CAK9316207.1
OG0007853	CAK9316208.1	CAK9316208.1
OG0007854	CAK9316209.1	CAK9316209.1
OG0007855	CAK9316210.1	CAK9316210.1
OG0007856	CAK9316211.1	CAK9316211.1
OG0007857	CAK9316212.1	CAK9316212.1
OG0007858	CAK9316213.1	CAK9316213.1
OG0007859	CAK9316214.1	CAK9316214.1
OG0007860	CAK9316215.1	CAK9316215.1
OG0007861	CAK9316216.1	CAK9316216.1
OG0007862	CAK9316218.1	CAK9316218.1
OG0007863	CAK9316220.1	CAK9316220.1
OG0007864	CAK9316221.1	CAK9316221.1
OG0007865	CAK9316223.1	CAK9316223.1
OG0007866	CAK9316227.1	CAK9316227.1
OG0007867	CAK9316228.1	CAK9316228.1
OG0007868	CAK9316229.1	CAK9316229.1
OG0007869	CAK9316230.1	CAK9316230.1
OG0007870	CAK9316232.1	CAK9316232.1
OG0007871	CAK9316234.1	CAK9316234.1
OG0007872	CAK9316235.1	CAK9316235.1
OG0007873	CAK9316236.1	CAK9316236.1
OG0007874	CAK9316239.1	CAK9316239.1
OG0007875	CAK9316240.1	CAK9316240.1
OG0007876	CAK9316241.1	CAK9316241.1
OG0007877	CAK9316242.1	CAK9316242.1
OG0007878	CAK9316243.1	CAK9316243.1
OG0007879	CAK9316244.1	CAK9316244.1
OG0007880	CAK9316245.1	CAK9316245.1
OG0007881	CAK9316246.1	CAK9316246.1
OG0007882	CAK9316247.1	CAK9316247.1
OG0007883	CAK9316248.1	CAK9316248.1
OG0007884	CAK9316249.1	CAK9316249.1
OG0007885	CAK9316250.1	CAK9316250.1
OG0007886	CAK9316251.1	CAK9316251.1
OG0007887	CAK9316252.1	CAK9316252.1
OG0007888	CAK9316253.1	CAK9316253.1
OG0007889	CAK9316254.1	CAK9316254.1
OG0007890	CAK9316255.1	CAK9316255.1
OG0007891	CAK9316256.1	CAK9316256.1
OG0007892	CAK9316257.1	CAK9316257.1
OG0007893	CAK9316258.1	CAK9316258.1
OG0007894	CAK9316260.1	CAK9316260.1
OG0007895	CAK9316261.1	CAK9316261.1
OG0007896	CAK9316262.1	CAK9316262.1
OG0007897	CAK9316263.1	CAK9316263.1
OG0007898	CAK9316264.1	CAK9316264.1
OG0007899	CAK9316265.1	CAK9316265.1
OG0007900	CAK9316266.1	CAK9316266.1
OG0007901	CAK9316267.1	CAK9316267.1
OG0007902	CAK9316268.1	CAK9316268.1
OG0007903	CAK9316269.1	CAK9316269.1
OG0007904	CAK9316270.1	CAK9316270.1
OG0007905	CAK9316271.1	CAK9316271.1
OG0007906	CAK9316272.1	CAK9316272.1
OG0007907	CAK9316273.1	CAK9316273.1
OG0007908	CAK9316274.1	CAK9316274.1
OG0007909	CAK9316275.1	CAK9316275.1
OG0007910	CAK9316276.1	CAK9316276.1
OG0007911	CAK9316277.1	CAK9316277.1
OG0007912	CAK9316279.1	CAK9316279.1
OG0007913	CAK9316280.1	CAK9316280.1
OG0007914	CAK9316281.1	CAK9316281.1
OG0007915	CAK9316282.1	CAK9316282.1
OG0007916	CAK9316283.1	CAK9316283.1
OG0007917	CAK9316284.1	CAK9316284.1
OG0007918	CAK9316285.1	CAK9316285.1
OG0007919	CAK9316286.1	CAK9316286.1
OG0007920	CAK9316287.1	CAK9316287.1
OG0007921	CAK9316288.1	CAK9316288.1
OG0007922	CAK9316289.1	CAK9316289.1
OG0007923	CAK9316290.1	CAK9316290.1
OG0007924	CAK9316292.1	CAK9316292.1
OG0007925	CAK9316293.1	CAK9316293.1
OG0007926	CAK9316294.1	CAK9316294.1
OG0007927	CAK9316295.1	CAK9316295.1
OG0007928	CAK9316296.1	CAK9316296.1
OG0007929	CAK9316298.1	CAK9316298.1
OG0007930	CAK9316300.1	CAK9316300.1
OG0007931	CAK9316301.1	CAK9316301.1
OG0007932	CAK9316302.1	CAK9316302.1
OG0007933	CAK9316303.1	CAK9316303.1
OG0007934	CAK9316305.1	CAK9316305.1
OG0007935	CAK9316306.1	CAK9316306.1
OG0007936	CAK9316307.1	CAK9316307.1
OG0007937	CAK9316309.1	CAK9316309.1
OG0007938	CAK9316311.1	CAK9316311.1
OG0007939	CAK9316312.1	CAK9316312.1
OG0007940	CAK9316314.1	CAK9316314.1
OG0007941	CAK9316315.1	CAK9316315.1
OG0007942	CAK9316316.1	CAK9316316.1
OG0007943	CAK9316317.1	CAK9316317.1
OG0007944	CAK9316318.1	CAK9316318.1
OG0007945	CAK9316319.1	CAK9316319.1
OG0007946	CAK9316320.1	CAK9316320.1
OG0007947	CAK9316321.1	CAK9316321.1
OG0007948	CAK9316324.1	CAK9316324.1
OG0007949	CAK9316327.1	CAK9316327.1
OG0007950	CAK9316328.1	CAK9316328.1
OG0007951	CAK9316329.1	CAK9316329.1
OG0007952	CAK9316330.1	CAK9316330.1
OG0007953	CAK9316331.1	CAK9316331.1
OG0007954	CAK9316332.1	CAK9316332.1
OG0007955	CAK9316333.1	CAK9316333.1
OG0007956	CAK9316334.1	CAK9316334.1
OG0007957	CAK9316335.1	CAK9316335.1
OG0007958	CAK9316338.1	CAK9316338.1
OG0007959	CAK9316339.1	CAK9316339.1
OG0007960	CAK9316340.1	CAK9316340.1
OG0007961	CAK9316341.1	CAK9316341.1
OG0007962	CAK9316342.1	CAK9316342.1
OG0007963	CAK9316343.1	CAK9316343.1
OG0007964	CAK9316344.1	CAK9316344.1
OG0007965	CAK9316345.1	CAK9316345.1
OG0007966	CAK9316346.1	CAK9316346.1
OG0007967	CAK9316348.1	CAK9316348.1
OG0007968	CAK9316349.1	CAK9316349.1
OG0007969	CAK9316350.1	CAK9316350.1
OG0007970	CAK9316351.1	CAK9316351.1
OG0007971	CAK9316352.1	CAK9316352.1
OG0007972	CAK9316353.1	CAK9316353.1
OG0007973	CAK9316354.1	CAK9316354.1
OG0007974	CAK9316355.1	CAK9316355.1
OG0007975	CAK9316356.1	CAK9316356.1
OG0007976	CAK9316357.1	CAK9316357.1
OG0007977	CAK9316358.1	CAK9316358.1
OG0007978	CAK9316359.1	CAK9316359.1
OG0007979	CAK9316360.1	CAK9316360.1
OG0007980	CAK9316361.1	CAK9316361.1
OG0007981	CAK9316362.1	CAK9316362.1
OG0007982	CAK9316363.1	CAK9316363.1
OG0007983	CAK9316365.1	CAK9316365.1
OG0007984	CAK9316367.1	CAK9316367.1
OG0007985	CAK9316368.1	CAK9316368.1
OG0007986	CAK9316369.1	CAK9316369.1
OG0007987	CAK9316370.1	CAK9316370.1
OG0007988	CAK9316371.1	CAK9316371.1
OG0007989	CAK9316372.1	CAK9316372.1
OG0007990	CAK9316373.1	CAK9316373.1
OG0007991	CAK9316375.1	CAK9316375.1
OG0007992	CAK9316376.1	CAK9316376.1
OG0007993	CAK9316377.1	CAK9316377.1
OG0007994	CAK9316378.1	CAK9316378.1
OG0007995	CAK9316379.1	CAK9316379.1
OG0007996	CAK9316380.1	CAK9316380.1
OG0007997	CAK9316381.1	CAK9316381.1
OG0007998	CAK9316382.1	CAK9316382.1
OG0007999	CAK9316383.1	CAK9316383.1
OG0008000	CAK9316384.1	CAK9316384.1
OG0008001	CAK9316385.1	CAK9316385.1
OG0008002	CAK9316386.1	CAK9316386.1
OG0008003	CAK9316387.1	CAK9316387.1
OG0008004	CAK9316388.1	CAK9316388.1
OG0008005	CAK9316389.1	CAK9316389.1
OG0008006	CAK9316390.1	CAK9316390.1
OG0008007	CAK9316391.1	CAK9316391.1
OG0008008	CAK9316393.1	CAK9316393.1
OG0008009	CAK9316395.1	CAK9316395.1
OG0008010	CAK9316396.1	CAK9316396.1
OG0008011	CAK9316397.1	CAK9316397.1
OG0008012	CAK9316398.1	CAK9316398.1
OG0008013	CAK9316399.1	CAK9316399.1
OG0008014	CAK9316400.1	CAK9316400.1
OG0008015	CAK9316401.1	CAK9316401.1
OG0008016	CAK9316402.1	CAK9316402.1
OG0008017	CAK9316403.1	CAK9316403.1
OG0008018	CAK9316404.1	CAK9316404.1
OG0008019	CAK9316405.1	CAK9316405.1
OG0008020	CAK9316406.1	CAK9316406.1
OG0008021	CAK9316407.1	CAK9316407.1
OG0008022	CAK9316408.1	CAK9316408.1
OG0008023	CAK9316409.1	CAK9316409.1
OG0008024	CAK9316410.1	CAK9316410.1
OG0008025	CAK9316411.1	CAK9316411.1
OG0008026	CAK9316412.1	CAK9316412.1
OG0008027	CAK9316413.1	CAK9316413.1
OG0008028	CAK9316414.1	CAK9316414.1
OG0008029	CAK9316415.1	CAK9316415.1
OG0008030	CAK9316417.1	CAK9316417.1
OG0008031	CAK9316418.1	CAK9316418.1
OG0008032	CAK9316419.1	CAK9316419.1
OG0008033	CAK9316420.1	CAK9316420.1
OG0008034	CAK9316421.1	CAK9316421.1
OG0008035	CAK9316422.1	CAK9316422.1
OG0008036	CAK9316424.1	CAK9316424.1
OG0008037	CAK9316425.1	CAK9316425.1
OG0008038	CAK9316426.1	CAK9316426.1
OG0008039	CAK9316427.1	CAK9316427.1
OG0008040	CAK9316428.1	CAK9316428.1
OG0008041	CAK9316429.1	CAK9316429.1
OG0008042	CAK9316430.1	CAK9316430.1
OG0008043	CAK9316431.1	CAK9316431.1
OG0008044	CAK9316433.1	CAK9316433.1
OG0008045	CAK9316434.1	CAK9316434.1
OG0008046	CAK9316435.1	CAK9316435.1
OG0008047	CAK9316436.1	CAK9316436.1
OG0008048	CAK9316437.1	CAK9316437.1
OG0008049	CAK9316438.1	CAK9316438.1
OG0008050	CAK9316439.1	CAK9316439.1
OG0008051	CAK9316440.1	CAK9316440.1
OG0008052	CAK9316441.1	CAK9316441.1
OG0008053	CAK9316443.1	CAK9316443.1
OG0008054	CAK9316444.1	CAK9316444.1
OG0008055	CAK9316445.1	CAK9316445.1
OG0008056	CAK9316446.1	CAK9316446.1
OG0008057	CAK9316447.1	CAK9316447.1
OG0008058	CAK9316450.1	CAK9316450.1
OG0008059	CAK9316451.1	CAK9316451.1
OG0008060	CAK9316452.1	CAK9316452.1
OG0008061	CAK9316453.1	CAK9316453.1
OG0008062	CAK9316456.1	CAK9316456.1
OG0008063	CAK9316457.1	CAK9316457.1
OG0008064	CAK9316458.1	CAK9316458.1
OG0008065	CAK9316459.1	CAK9316459.1
OG0008066	CAK9316460.1	CAK9316460.1
OG0008067	CAK9316461.1	CAK9316461.1
OG0008068	CAK9316462.1	CAK9316462.1
OG0008069	CAK9316463.1	CAK9316463.1
OG0008070	CAK9316464.1	CAK9316464.1
OG0008071	CAK9316465.1	CAK9316465.1
OG0008072	CAK9316467.1	CAK9316467.1
OG0008073	CAK9316468.1	CAK9316468.1
OG0008074	CAK9316469.1	CAK9316469.1
OG0008075	CAK9316470.1	CAK9316470.1
OG0008076	CAK9316471.1	CAK9316471.1
OG0008077	CAK9316472.1	CAK9316472.1
OG0008078	CAK9316473.1	CAK9316473.1
OG0008079	CAK9316474.1	CAK9316474.1
OG0008080	CAK9316475.1	CAK9316475.1
OG0008081	CAK9316476.1	CAK9316476.1
OG0008082	CAK9316478.1	CAK9316478.1
OG0008083	CAK9316479.1	CAK9316479.1
OG0008084	CAK9316480.1	CAK9316480.1
OG0008085	CAK9316482.1	CAK9316482.1
OG0008086	CAK9316483.1	CAK9316483.1
OG0008087	CAK9316484.1	CAK9316484.1
OG0008088	CAK9316485.1	CAK9316485.1
OG0008089	CAK9316487.1	CAK9316487.1
OG0008090	CAK9316488.1	CAK9316488.1
OG0008091	CAK9316490.1	CAK9316490.1
OG0008092	CAK9316491.1	CAK9316491.1
OG0008093	CAK9316492.1	CAK9316492.1
OG0008094	CAK9316493.1	CAK9316493.1
OG0008095	CAK9316494.1	CAK9316494.1
OG0008096	CAK9316495.1	CAK9316495.1
OG0008097	CAK9316496.1	CAK9316496.1
OG0008098	CAK9316497.1	CAK9316497.1
OG0008099	CAK9316500.1	CAK9316500.1
OG0008100	CAK9316501.1	CAK9316501.1
OG0008101	CAK9316502.1	CAK9316502.1
OG0008102	CAK9316503.1	CAK9316503.1
OG0008103	CAK9316504.1	CAK9316504.1
OG0008104	CAK9316506.1	CAK9316506.1
OG0008105	CAK9316507.1	CAK9316507.1
OG0008106	CAK9316508.1	CAK9316508.1
OG0008107	CAK9316509.1	CAK9316509.1
OG0008108	CAK9316510.1	CAK9316510.1
OG0008109	CAK9316511.1	CAK9316511.1
OG0008110	CAK9316512.1	CAK9316512.1
OG0008111	CAK9316513.1	CAK9316513.1
OG0008112	CAK9316514.1	CAK9316514.1
OG0008113	CAK9316515.1	CAK9316515.1
OG0008114	CAK9316516.1	CAK9316516.1
OG0008115	CAK9316517.1	CAK9316517.1
OG0008116	CAK9316518.1	CAK9316518.1
OG0008117	CAK9316519.1	CAK9316519.1
OG0008118	CAK9316520.1	CAK9316520.1
OG0008119	CAK9316521.1	CAK9316521.1
OG0008120	CAK9316522.1	CAK9316522.1
OG0008121	CAK9316523.1	CAK9316523.1
OG0008122	CAK9316524.1	CAK9316524.1
OG0008123	CAK9316525.1	CAK9316525.1
OG0008124	CAK9316526.1	CAK9316526.1
OG0008125	CAK9316527.1	CAK9316527.1
OG0008126	CAK9316530.1	CAK9316530.1
OG0008127	CAK9316531.1	CAK9316531.1
OG0008128	CAK9316532.1	CAK9316532.1
OG0008129	CAK9316533.1	CAK9316533.1
OG0008130	CAK9316534.1	CAK9316534.1
OG0008131	CAK9316535.1	CAK9316535.1
OG0008132	CAK9316536.1	CAK9316536.1
OG0008133	CAK9316537.1	CAK9316537.1
OG0008134	CAK9316538.1	CAK9316538.1
OG0008135	CAK9316539.1	CAK9316539.1
OG0008136	CAK9316540.1	CAK9316540.1
OG0008137	CAK9316541.1	CAK9316541.1
OG0008138	CAK9316543.1	CAK9316543.1
OG0008139	CAK9316544.1	CAK9316544.1
OG0008140	CAK9316546.1	CAK9316546.1
OG0008141	CAK9316547.1	CAK9316547.1
OG0008142	CAK9316548.1	CAK9316548.1
OG0008143	CAK9316549.1	CAK9316549.1
OG0008144	CAK9316550.1	CAK9316550.1
OG0008145	CAK9316551.1	CAK9316551.1
OG0008146	CAK9316552.1	CAK9316552.1
OG0008147	CAK9316553.1	CAK9316553.1
OG0008148	CAK9316554.1	CAK9316554.1
OG0008149	CAK9316555.1	CAK9316555.1
OG0008150	CAK9316556.1	CAK9316556.1
OG0008151	CAK9316557.1	CAK9316557.1
OG0008152	CAK9316559.1	CAK9316559.1
OG0008153	CAK9316561.1	CAK9316561.1
OG0008154	CAK9316562.1	CAK9316562.1
OG0008155	CAK9316564.1	CAK9316564.1
OG0008156	CAK9316565.1	CAK9316565.1
OG0008157	CAK9316566.1	CAK9316566.1
OG0008158	CAK9316567.1	CAK9316567.1
OG0008159	CAK9316568.1	CAK9316568.1
OG0008160	CAK9316570.1	CAK9316570.1
OG0008161	CAK9316572.1	CAK9316572.1
OG0008162	CAK9316573.1	CAK9316573.1
OG0008163	CAK9316574.1	CAK9316574.1
OG0008164	CAK9316577.1	CAK9316577.1
OG0008165	CAK9316578.1	CAK9316578.1
OG0008166	CAK9316579.1	CAK9316579.1
OG0008167	CAK9316580.1	CAK9316580.1
OG0008168	CAK9316581.1	CAK9316581.1
OG0008169	CAK9316582.1	CAK9316582.1
OG0008170	CAK9316583.1	CAK9316583.1
OG0008171	CAK9316584.1	CAK9316584.1
OG0008172	CAK9316585.1	CAK9316585.1
OG0008173	CAK9316586.1	CAK9316586.1
OG0008174	CAK9316587.1	CAK9316587.1
OG0008175	CAK9316588.1	CAK9316588.1
OG0008176	CAK9316589.1	CAK9316589.1
OG0008177	CAK9316591.1	CAK9316591.1
OG0008178	CAK9316592.1	CAK9316592.1
OG0008179	CAK9316593.1	CAK9316593.1
OG0008180	CAK9316594.1	CAK9316594.1
OG0008181	CAK9316595.1	CAK9316595.1
OG0008182	CAK9316596.1	CAK9316596.1
OG0008183	CAK9316597.1	CAK9316597.1
OG0008184	CAK9316598.1	CAK9316598.1
OG0008185	CAK9316599.1	CAK9316599.1
OG0008186	CAK9316600.1	CAK9316600.1
OG0008187	CAK9316601.1	CAK9316601.1
OG0008188	CAK9316602.1	CAK9316602.1
OG0008189	CAK9316603.1	CAK9316603.1
OG0008190	CAK9316604.1	CAK9316604.1
OG0008191	CAK9316605.1	CAK9316605.1
OG0008192	CAK9316606.1	CAK9316606.1
OG0008193	CAK9316607.1	CAK9316607.1
OG0008194	CAK9316608.1	CAK9316608.1
OG0008195	CAK9316609.1	CAK9316609.1
OG0008196	CAK9316610.1	CAK9316610.1
OG0008197	CAK9316611.1	CAK9316611.1
OG0008198	CAK9316612.1	CAK9316612.1
OG0008199	CAK9316613.1	CAK9316613.1
OG0008200	CAK9316616.1	CAK9316616.1
OG0008201	CAK9316617.1	CAK9316617.1
OG0008202	CAK9316618.1	CAK9316618.1
OG0008203	CAK9316619.1	CAK9316619.1
OG0008204	CAK9316620.1	CAK9316620.1
OG0008205	CAK9316621.1	CAK9316621.1
OG0008206	CAK9316622.1	CAK9316622.1
OG0008207	CAK9316623.1	CAK9316623.1
OG0008208	CAK9316624.1	CAK9316624.1
OG0008209	CAK9316625.1	CAK9316625.1
OG0008210	CAK9316627.1	CAK9316627.1
OG0008211	CAK9316628.1	CAK9316628.1
OG0008212	CAK9316629.1	CAK9316629.1
OG0008213	CAK9316630.1	CAK9316630.1
OG0008214	CAK9316631.1	CAK9316631.1
OG0008215	CAK9316632.1	CAK9316632.1
OG0008216	CAK9316633.1	CAK9316633.1
OG0008217	CAK9316634.1	CAK9316634.1
OG0008218	CAK9316635.1	CAK9316635.1
OG0008219	CAK9316636.1	CAK9316636.1
OG0008220	CAK9316637.1	CAK9316637.1
OG0008221	CAK9316638.1	CAK9316638.1
OG0008222	CAK9316639.1	CAK9316639.1
OG0008223	CAK9316640.1	CAK9316640.1
OG0008224	CAK9316641.1	CAK9316641.1
OG0008225	CAK9316642.1	CAK9316642.1
OG0008226	CAK9316644.1	CAK9316644.1
OG0008227	CAK9316645.1	CAK9316645.1
OG0008228	CAK9316646.1	CAK9316646.1
OG0008229	CAK9316647.1	CAK9316647.1
OG0008230	CAK9316648.1	CAK9316648.1
OG0008231	CAK9316649.1	CAK9316649.1
OG0008232	CAK9316651.1	CAK9316651.1
OG0008233	CAK9316652.1	CAK9316652.1
OG0008234	CAK9316653.1	CAK9316653.1
OG0008235	CAK9316654.1	CAK9316654.1
OG0008236	CAK9316655.1	CAK9316655.1
OG0008237	CAK9316656.1	CAK9316656.1
OG0008238	CAK9316657.1	CAK9316657.1
OG0008239	CAK9316659.1	CAK9316659.1
OG0008240	CAK9316660.1	CAK9316660.1
OG0008241	CAK9316661.1	CAK9316661.1
OG0008242	CAK9316662.1	CAK9316662.1
OG0008243	CAK9316663.1	CAK9316663.1
OG0008244	CAK9316664.1	CAK9316664.1
OG0008245	CAK9316665.1	CAK9316665.1
OG0008246	CAK9316666.1	CAK9316666.1
OG0008247	CAK9316667.1	CAK9316667.1
OG0008248	CAK9316668.1	CAK9316668.1
OG0008249	CAK9316669.1	CAK9316669.1
OG0008250	CAK9316670.1	CAK9316670.1
OG0008251	CAK9316671.1	CAK9316671.1
OG0008252	CAK9316672.1	CAK9316672.1
OG0008253	CAK9316673.1	CAK9316673.1
OG0008254	CAK9316674.1	CAK9316674.1
OG0008255	CAK9316675.1	CAK9316675.1
OG0008256	CAK9316676.1	CAK9316676.1
OG0008257	CAK9316677.1	CAK9316677.1
OG0008258	CAK9316678.1	CAK9316678.1
OG0008259	CAK9316680.1	CAK9316680.1
OG0008260	CAK9316681.1	CAK9316681.1
OG0008261	CAK9316682.1	CAK9316682.1
OG0008262	CAK9316683.1	CAK9316683.1
OG0008263	CAK9316684.1	CAK9316684.1
OG0008264	CAK9316685.1	CAK9316685.1
OG0008265	CAK9316686.1	CAK9316686.1
OG0008266	CAK9316687.1	CAK9316687.1
OG0008267	CAK9316688.1	CAK9316688.1
OG0008268	CAK9316689.1	CAK9316689.1
OG0008269	CAK9316690.1	CAK9316690.1
OG0008270	CAK9316691.1	CAK9316691.1
OG0008271	CAK9316692.1	CAK9316692.1
OG0008272	CAK9316693.1	CAK9316693.1
OG0008273	CAK9316694.1	CAK9316694.1
OG0008274	CAK9316697.1	CAK9316697.1
OG0008275	CAK9316698.1	CAK9316698.1
OG0008276	CAK9316699.1	CAK9316699.1
OG0008277	CAK9316701.1	CAK9316701.1
OG0008278	CAK9316702.1	CAK9316702.1
OG0008279	CAK9316703.1	CAK9316703.1
OG0008280	CAK9316704.1	CAK9316704.1
OG0008281	CAK9316705.1	CAK9316705.1
OG0008282	CAK9316706.1	CAK9316706.1
OG0008283	CAK9316707.1	CAK9316707.1
OG0008284	CAK9316708.1	CAK9316708.1
OG0008285	CAK9316709.1	CAK9316709.1
OG0008286	CAK9316710.1	CAK9316710.1
OG0008287	CAK9316711.1	CAK9316711.1
OG0008288	CAK9316712.1	CAK9316712.1
OG0008289	CAK9316713.1	CAK9316713.1
OG0008290	CAK9316714.1	CAK9316714.1
OG0008291	CAK9316715.1	CAK9316715.1
OG0008292	CAK9316716.1	CAK9316716.1
OG0008293	CAK9316718.1	CAK9316718.1
OG0008294	CAK9316719.1	CAK9316719.1
OG0008295	CAK9316720.1	CAK9316720.1
OG0008296	CAK9316721.1	CAK9316721.1
OG0008297	CAK9316722.1	CAK9316722.1
OG0008298	CAK9316723.1	CAK9316723.1
OG0008299	CAK9316724.1	CAK9316724.1
OG0008300	CAK9316725.1	CAK9316725.1
OG0008301	CAK9316726.1	CAK9316726.1
OG0008302	CAK9316727.1	CAK9316727.1
OG0008303	CAK9316728.1	CAK9316728.1
OG0008304	CAK9316729.1	CAK9316729.1
OG0008305	CAK9316730.1	CAK9316730.1
OG0008306	CAK9316732.1	CAK9316732.1
OG0008307	CAK9316733.1	CAK9316733.1
OG0008308	CAK9316734.1	CAK9316734.1
OG0008309	CAK9316735.1	CAK9316735.1
OG0008310	CAK9316736.1	CAK9316736.1
OG0008311	CAK9316737.1	CAK9316737.1
OG0008312	CAK9316738.1	CAK9316738.1
OG0008313	CAK9316739.1	CAK9316739.1
OG0008314	CAK9316741.1	CAK9316741.1
OG0008315	CAK9316742.1	CAK9316742.1
OG0008316	CAK9316743.1	CAK9316743.1
OG0008317	CAK9316744.1	CAK9316744.1
OG0008318	CAK9316745.1	CAK9316745.1
OG0008319	CAK9316746.1	CAK9316746.1
OG0008320	CAK9316747.1	CAK9316747.1
OG0008321	CAK9316748.1	CAK9316748.1
OG0008322	CAK9316749.1	CAK9316749.1
OG0008323	CAK9316750.1	CAK9316750.1
OG0008324	CAK9316751.1	CAK9316751.1
OG0008325	CAK9316752.1	CAK9316752.1
OG0008326	CAK9316754.1	CAK9316754.1
OG0008327	CAK9316755.1	CAK9316755.1
OG0008328	CAK9316757.1	CAK9316757.1
OG0008329	CAK9316758.1	CAK9316758.1
OG0008330	CAK9316760.1	CAK9316760.1
OG0008331	CAK9316761.1	CAK9316761.1
OG0008332	CAK9316762.1	CAK9316762.1
OG0008333	CAK9316765.1	CAK9316765.1
OG0008334	CAK9316766.1	CAK9316766.1
OG0008335	CAK9316767.1	CAK9316767.1
OG0008336	CAK9316768.1	CAK9316768.1
OG0008337	CAK9316769.1	CAK9316769.1
OG0008338	CAK9316770.1	CAK9316770.1
OG0008339	CAK9316771.1	CAK9316771.1
OG0008340	CAK9316772.1	CAK9316772.1
OG0008341	CAK9316773.1	CAK9316773.1
OG0008342	CAK9316774.1	CAK9316774.1
OG0008343	CAK9316776.1	CAK9316776.1
OG0008344	CAK9316777.1	CAK9316777.1
OG0008345	CAK9316779.1	CAK9316779.1
OG0008346	CAK9316781.1	CAK9316781.1
OG0008347	CAK9316782.1	CAK9316782.1
OG0008348	CAK9316783.1	CAK9316783.1
OG0008349	CAK9316784.1	CAK9316784.1
OG0008350	CAK9316785.1	CAK9316785.1
OG0008351	CAK9316786.1	CAK9316786.1
OG0008352	CAK9316788.1	CAK9316788.1
OG0008353	CAK9316789.1	CAK9316789.1
OG0008354	CAK9316790.1	CAK9316790.1
OG0008355	CAK9316794.1	CAK9316794.1
OG0008356	CAK9316795.1	CAK9316795.1
OG0008357	CAK9316796.1	CAK9316796.1
OG0008358	CAK9316797.1	CAK9316797.1
OG0008359	CAK9316798.1	CAK9316798.1
OG0008360	CAK9316799.1	CAK9316799.1
OG0008361	CAK9316800.1	CAK9316800.1
OG0008362	CAK9316801.1	CAK9316801.1
OG0008363	CAK9316802.1	CAK9316802.1
OG0008364	CAK9316803.1	CAK9316803.1
OG0008365	CAK9316804.1	CAK9316804.1
OG0008366	CAK9316805.1	CAK9316805.1
OG0008367	CAK9316807.1	CAK9316807.1
OG0008368	CAK9316809.1	CAK9316809.1
OG0008369	CAK9316810.1	CAK9316810.1
OG0008370	CAK9316811.1	CAK9316811.1
OG0008371	CAK9316812.1	CAK9316812.1
OG0008372	CAK9316814.1	CAK9316814.1
OG0008373	CAK9316815.1	CAK9316815.1
OG0008374	CAK9316816.1	CAK9316816.1
OG0008375	CAK9316817.1	CAK9316817.1
OG0008376	CAK9316820.1	CAK9316820.1
OG0008377	CAK9316821.1	CAK9316821.1
OG0008378	CAK9316822.1	CAK9316822.1
OG0008379	CAK9316823.1	CAK9316823.1
OG0008380	CAK9316824.1	CAK9316824.1
OG0008381	CAK9316825.1	CAK9316825.1
OG0008382	CAK9316826.1	CAK9316826.1
OG0008383	CAK9316827.1	CAK9316827.1
OG0008384	CAK9316828.1	CAK9316828.1
OG0008385	CAK9316829.1	CAK9316829.1
OG0008386	CAK9316830.1	CAK9316830.1
OG0008387	CAK9316831.1	CAK9316831.1
OG0008388	CAK9316832.1	CAK9316832.1
OG0008389	CAK9316833.1	CAK9316833.1
OG0008390	CAK9316834.1	CAK9316834.1
OG0008391	CAK9316835.1	CAK9316835.1
OG0008392	CAK9316836.1	CAK9316836.1
OG0008393	CAK9316837.1	CAK9316837.1
OG0008394	CAK9316838.1	CAK9316838.1
OG0008395	CAK9316839.1	CAK9316839.1
OG0008396	CAK9316840.1	CAK9316840.1
OG0008397	CAK9316841.1	CAK9316841.1
OG0008398	CAK9316842.1	CAK9316842.1
OG0008399	CAK9316843.1	CAK9316843.1
OG0008400	CAK9316844.1	CAK9316844.1
OG0008401	CAK9316845.1	CAK9316845.1
OG0008402	CAK9316846.1	CAK9316846.1
OG0008403	CAK9316847.1	CAK9316847.1
OG0008404	CAK9316848.1	CAK9316848.1
OG0008405	CAK9316849.1	CAK9316849.1
OG0008406	CAK9316850.1	CAK9316850.1
OG0008407	CAK9316851.1	CAK9316851.1
OG0008408	CAK9316852.1	CAK9316852.1
OG0008409	CAK9316853.1	CAK9316853.1
OG0008410	CAK9316854.1	CAK9316854.1
OG0008411	CAK9316855.1	CAK9316855.1
OG0008412	CAK9316856.1	CAK9316856.1
OG0008413	CAK9316857.1	CAK9316857.1
OG0008414	CAK9316859.1	CAK9316859.1
OG0008415	CAK9316860.1	CAK9316860.1
OG0008416	CAK9316861.1	CAK9316861.1
OG0008417	CAK9316862.1	CAK9316862.1
OG0008418	CAK9316863.1	CAK9316863.1
OG0008419	CAK9316864.1	CAK9316864.1
OG0008420	CAK9316865.1	CAK9316865.1
OG0008421	CAK9316866.1	CAK9316866.1
OG0008422	CAK9316867.1	CAK9316867.1
OG0008423	CAK9316868.1	CAK9316868.1
OG0008424	CAK9316869.1	CAK9316869.1
OG0008425	CAK9316870.1	CAK9316870.1
OG0008426	CAK9316871.1	CAK9316871.1
OG0008427	CAK9316872.1	CAK9316872.1
OG0008428	CAK9316873.1	CAK9316873.1
OG0008429	CAK9316874.1	CAK9316874.1
OG0008430	CAK9316875.1	CAK9316875.1
OG0008431	CAK9316876.1	CAK9316876.1
OG0008432	CAK9316877.1	CAK9316877.1
OG0008433	CAK9316878.1	CAK9316878.1
OG0008434	CAK9316879.1	CAK9316879.1
OG0008435	CAK9316880.1	CAK9316880.1
OG0008436	CAK9316881.1	CAK9316881.1
OG0008437	CAK9316882.1	CAK9316882.1
OG0008438	CAK9316883.1	CAK9316883.1
OG0008439	CAK9316885.1	CAK9316885.1
OG0008440	CAK9316886.1	CAK9316886.1
OG0008441	CAK9316887.1	CAK9316887.1
OG0008442	CAK9316888.1	CAK9316888.1
OG0008443	CAK9316889.1	CAK9316889.1
OG0008444	CAK9316890.1	CAK9316890.1
OG0008445	CAK9316891.1	CAK9316891.1
OG0008446	CAK9316892.1	CAK9316892.1
OG0008447	CAK9316893.1	CAK9316893.1
OG0008448	CAK9316894.1	CAK9316894.1
OG0008449	CAK9316895.1	CAK9316895.1
OG0008450	CAK9316896.1	CAK9316896.1
OG0008451	CAK9316897.1	CAK9316897.1
OG0008452	CAK9316898.1	CAK9316898.1
OG0008453	CAK9316899.1	CAK9316899.1
OG0008454	CAK9316900.1	CAK9316900.1
OG0008455	CAK9316901.1	CAK9316901.1
OG0008456	CAK9316902.1	CAK9316902.1
OG0008457	CAK9316903.1	CAK9316903.1
OG0008458	CAK9316905.1	CAK9316905.1
OG0008459	CAK9316906.1	CAK9316906.1
OG0008460	CAK9316907.1	CAK9316907.1
OG0008461	CAK9316908.1	CAK9316908.1
OG0008462	CAK9316909.1	CAK9316909.1
OG0008463	CAK9316910.1	CAK9316910.1
OG0008464	CAK9316911.1	CAK9316911.1
OG0008465	CAK9316912.1	CAK9316912.1
OG0008466	CAK9316913.1	CAK9316913.1
OG0008467	CAK9316914.1	CAK9316914.1
OG0008468	CAK9316915.1	CAK9316915.1
OG0008469	CAK9316916.1	CAK9316916.1
OG0008470	CAK9316918.1	CAK9316918.1
OG0008471	CAK9316919.1	CAK9316919.1
OG0008472	CAK9316920.1	CAK9316920.1
OG0008473	CAK9316921.1	CAK9316921.1
OG0008474	CAK9316922.1	CAK9316922.1
OG0008475	CAK9316923.1	CAK9316923.1
OG0008476	CAK9316925.1	CAK9316925.1
OG0008477	CAK9316926.1	CAK9316926.1
OG0008478	CAK9316927.1	CAK9316927.1
OG0008479	CAK9316928.1	CAK9316928.1
OG0008480	CAK9316929.1	CAK9316929.1
OG0008481	CAK9316930.1	CAK9316930.1
OG0008482	CAK9316931.1	CAK9316931.1
OG0008483	CAK9316932.1	CAK9316932.1
OG0008484	CAK9316933.1	CAK9316933.1
OG0008485	CAK9316936.1	CAK9316936.1
OG0008486	CAK9316937.1	CAK9316937.1
OG0008487	CAK9316938.1	CAK9316938.1
OG0008488	CAK9316939.1	CAK9316939.1
OG0008489	CAK9316943.1	CAK9316943.1
OG0008490	CAK9316944.1	CAK9316944.1
OG0008491	CAK9316945.1	CAK9316945.1
OG0008492	CAK9316947.1	CAK9316947.1
OG0008493	CAK9316948.1	CAK9316948.1
OG0008494	CAK9316949.1	CAK9316949.1
OG0008495	CAK9316950.1	CAK9316950.1
OG0008496	CAK9316951.1	CAK9316951.1
OG0008497	CAK9316952.1	CAK9316952.1
OG0008498	CAK9316953.1	CAK9316953.1
OG0008499	CAK9316955.1	CAK9316955.1
OG0008500	CAK9316956.1	CAK9316956.1
OG0008501	CAK9316957.1	CAK9316957.1
OG0008502	CAK9316958.1	CAK9316958.1
OG0008503	CAK9316959.1	CAK9316959.1
OG0008504	CAK9316960.1	CAK9316960.1
OG0008505	CAK9316961.1	CAK9316961.1
OG0008506	CAK9316962.1	CAK9316962.1
OG0008507	CAK9316965.1	CAK9316965.1
OG0008508	CAK9316966.1	CAK9316966.1
OG0008509	CAK9316967.1	CAK9316967.1
OG0008510	CAK9316968.1	CAK9316968.1
OG0008511	CAK9316969.1	CAK9316969.1
OG0008512	CAK9316970.1	CAK9316970.1
OG0008513	CAK9316971.1	CAK9316971.1
OG0008514	CAK9316972.1	CAK9316972.1
OG0008515	CAK9316973.1	CAK9316973.1
OG0008516	CAK9316974.1	CAK9316974.1
OG0008517	CAK9316975.1	CAK9316975.1
OG0008518	CAK9316976.1	CAK9316976.1
OG0008519	CAK9316977.1	CAK9316977.1
OG0008520	CAK9316978.1	CAK9316978.1
OG0008521	CAK9316979.1	CAK9316979.1
OG0008522	CAK9316980.1	CAK9316980.1
OG0008523	CAK9316981.1	CAK9316981.1
OG0008524	CAK9316983.1	CAK9316983.1
OG0008525	CAK9316984.1	CAK9316984.1
OG0008526	CAK9316985.1	CAK9316985.1
OG0008527	CAK9316986.1	CAK9316986.1
OG0008528	CAK9316987.1	CAK9316987.1
OG0008529	CAK9316990.1	CAK9316990.1
OG0008530	CAK9316991.1	CAK9316991.1
OG0008531	CAK9316992.1	CAK9316992.1
OG0008532	CAK9316993.1	CAK9316993.1
OG0008533	CAK9316994.1	CAK9316994.1
OG0008534	CAK9316995.1	CAK9316995.1
OG0008535	CAK9316996.1	CAK9316996.1
OG0008536	CAK9316997.1	CAK9316997.1
OG0008537	CAK9316998.1	CAK9316998.1
OG0008538	CAK9316999.1	CAK9316999.1
OG0008539	CAK9317000.1	CAK9317000.1
OG0008540	CAK9317001.1	CAK9317001.1
OG0008541	CAK9317002.1	CAK9317002.1
OG0008542	CAK9317003.1	CAK9317003.1
OG0008543	CAK9317004.1	CAK9317004.1
OG0008544	CAK9317005.1	CAK9317005.1
OG0008545	CAK9317006.1	CAK9317006.1
OG0008546	CAK9317007.1	CAK9317007.1
OG0008547	CAK9317010.1	CAK9317010.1
OG0008548	CAK9317011.1	CAK9317011.1
OG0008549	CAK9317012.1	CAK9317012.1
OG0008550	CAK9317013.1	CAK9317013.1
OG0008551	CAK9317014.1	CAK9317014.1
OG0008552	CAK9317015.1	CAK9317015.1
OG0008553	CAK9317016.1	CAK9317016.1
OG0008554	CAK9317017.1	CAK9317017.1
OG0008555	CAK9317018.1	CAK9317018.1
OG0008556	CAK9317019.1	CAK9317019.1
OG0008557	CAK9317020.1	CAK9317020.1
OG0008558	CAK9317021.1	CAK9317021.1
OG0008559	CAK9317022.1	CAK9317022.1
OG0008560	CAK9317023.1	CAK9317023.1
OG0008561	CAK9317024.1	CAK9317024.1
OG0008562	CAK9317025.1	CAK9317025.1
OG0008563	CAK9317026.1	CAK9317026.1
OG0008564	CAK9317027.1	CAK9317027.1
OG0008565	CAK9317029.1	CAK9317029.1
OG0008566	CAK9317030.1	CAK9317030.1
OG0008567	CAK9317031.1	CAK9317031.1
OG0008568	CAK9317032.1	CAK9317032.1
OG0008569	CAK9317033.1	CAK9317033.1
OG0008570	CAK9317034.1	CAK9317034.1
OG0008571	CAK9317035.1	CAK9317035.1
OG0008572	CAK9317038.1	CAK9317038.1
OG0008573	CAK9317039.1	CAK9317039.1
OG0008574	CAK9317040.1	CAK9317040.1
OG0008575	CAK9317041.1	CAK9317041.1
OG0008576	CAK9317043.1	CAK9317043.1
OG0008577	CAK9317044.1	CAK9317044.1
OG0008578	CAK9317045.1	CAK9317045.1
OG0008579	CAK9317046.1	CAK9317046.1
OG0008580	CAK9317047.1	CAK9317047.1
OG0008581	CAK9317048.1	CAK9317048.1
OG0008582	CAK9317049.1	CAK9317049.1
OG0008583	CAK9317050.1	CAK9317050.1
OG0008584	CAK9317051.1	CAK9317051.1
OG0008585	CAK9317052.1	CAK9317052.1
OG0008586	CAK9317053.1	CAK9317053.1
OG0008587	CAK9317054.1	CAK9317054.1
OG0008588	CAK9317056.1	CAK9317056.1
OG0008589	CAK9317057.1	CAK9317057.1
OG0008590	CAK9317058.1	CAK9317058.1
OG0008591	CAK9317059.1	CAK9317059.1
OG0008592	CAK9317060.1	CAK9317060.1
OG0008593	CAK9317061.1	CAK9317061.1
OG0008594	CAK9317062.1	CAK9317062.1
OG0008595	CAK9317063.1	CAK9317063.1
OG0008596	CAK9317064.1	CAK9317064.1
OG0008597	CAK9317065.1	CAK9317065.1
OG0008598	CAK9317066.1	CAK9317066.1
OG0008599	CAK9317067.1	CAK9317067.1
OG0008600	CAK9317068.1	CAK9317068.1
OG0008601	CAK9317069.1	CAK9317069.1
OG0008602	CAK9317071.1	CAK9317071.1
OG0008603	CAK9317073.1	CAK9317073.1
OG0008604	CAK9317074.1	CAK9317074.1
OG0008605	CAK9317075.1	CAK9317075.1
OG0008606	CAK9317076.1	CAK9317076.1
OG0008607	CAK9317078.1	CAK9317078.1
OG0008608	CAK9317079.1	CAK9317079.1
OG0008609	CAK9317080.1	CAK9317080.1
OG0008610	CAK9317082.1	CAK9317082.1
OG0008611	CAK9317083.1	CAK9317083.1
OG0008612	CAK9317084.1	CAK9317084.1
OG0008613	CAK9317085.1	CAK9317085.1
OG0008614	CAK9317086.1	CAK9317086.1
OG0008615	CAK9317087.1	CAK9317087.1
OG0008616	CAK9317088.1	CAK9317088.1
OG0008617	CAK9317089.1	CAK9317089.1
OG0008618	CAK9317090.1	CAK9317090.1
OG0008619	CAK9317091.1	CAK9317091.1
OG0008620	CAK9317092.1	CAK9317092.1
OG0008621	CAK9317093.1	CAK9317093.1
OG0008622	CAK9317094.1	CAK9317094.1
OG0008623	CAK9317096.1	CAK9317096.1
OG0008624	CAK9317097.1	CAK9317097.1
OG0008625	CAK9317099.1	CAK9317099.1
OG0008626	CAK9317100.1	CAK9317100.1
OG0008627	CAK9317104.1	CAK9317104.1
OG0008628	CAK9317105.1	CAK9317105.1
OG0008629	CAK9317106.1	CAK9317106.1
OG0008630	CAK9317107.1	CAK9317107.1
OG0008631	CAK9317108.1	CAK9317108.1
OG0008632	CAK9317109.1	CAK9317109.1
OG0008633	CAK9317110.1	CAK9317110.1
OG0008634	CAK9317111.1	CAK9317111.1
OG0008635	CAK9317112.1	CAK9317112.1
OG0008636	CAK9317113.1	CAK9317113.1
OG0008637	CAK9317114.1	CAK9317114.1
OG0008638	CAK9317115.1	CAK9317115.1
OG0008639	CAK9317116.1	CAK9317116.1
OG0008640	CAK9317117.1	CAK9317117.1
OG0008641	CAK9317118.1	CAK9317118.1
OG0008642	CAK9317119.1	CAK9317119.1
OG0008643	CAK9317120.1	CAK9317120.1
OG0008644	CAK9317121.1	CAK9317121.1
OG0008645	CAK9317122.1	CAK9317122.1
OG0008646	CAK9317123.1	CAK9317123.1
OG0008647	CAK9317124.1	CAK9317124.1
OG0008648	CAK9317125.1	CAK9317125.1
OG0008649	CAK9317126.1	CAK9317126.1
OG0008650	CAK9317127.1	CAK9317127.1
OG0008651	CAK9317128.1	CAK9317128.1
OG0008652	CAK9317129.1	CAK9317129.1
OG0008653	CAK9317130.1	CAK9317130.1
OG0008654	CAK9317131.1	CAK9317131.1
OG0008655	CAK9317132.1	CAK9317132.1
OG0008656	CAK9317133.1	CAK9317133.1
OG0008657	CAK9317134.1	CAK9317134.1
OG0008658	CAK9317135.1	CAK9317135.1
OG0008659	CAK9317136.1	CAK9317136.1
OG0008660	CAK9317137.1	CAK9317137.1
OG0008661	CAK9317140.1	CAK9317140.1
OG0008662	CAK9317141.1	CAK9317141.1
OG0008663	CAK9317142.1	CAK9317142.1
OG0008664	CAK9317143.1	CAK9317143.1
OG0008665	CAK9317144.1	CAK9317144.1
OG0008666	CAK9317145.1	CAK9317145.1
OG0008667	CAK9317146.1	CAK9317146.1
OG0008668	CAK9317149.1	CAK9317149.1
OG0008669	CAK9317150.1	CAK9317150.1
OG0008670	CAK9317151.1	CAK9317151.1
OG0008671	CAK9317152.1	CAK9317152.1
OG0008672	CAK9317153.1	CAK9317153.1
OG0008673	CAK9317154.1	CAK9317154.1
OG0008674	CAK9317156.1	CAK9317156.1
OG0008675	CAK9317157.1	CAK9317157.1
OG0008676	CAK9317158.1	CAK9317158.1
OG0008677	CAK9317160.1	CAK9317160.1
OG0008678	CAK9317161.1	CAK9317161.1
OG0008679	CAK9317162.1	CAK9317162.1
OG0008680	CAK9317163.1	CAK9317163.1
OG0008681	CAK9317164.1	CAK9317164.1
OG0008682	CAK9317165.1	CAK9317165.1
OG0008683	CAK9317166.1	CAK9317166.1
OG0008684	CAK9317167.1	CAK9317167.1
OG0008685	CAK9317168.1	CAK9317168.1
OG0008686	CAK9317169.1	CAK9317169.1
OG0008687	CAK9317170.1	CAK9317170.1
OG0008688	CAK9317172.1	CAK9317172.1
OG0008689	CAK9317173.1	CAK9317173.1
OG0008690	CAK9317174.1	CAK9317174.1
OG0008691	CAK9317175.1	CAK9317175.1
OG0008692	CAK9317177.1	CAK9317177.1
OG0008693	CAK9317181.1	CAK9317181.1
OG0008694	CAK9317182.1	CAK9317182.1
OG0008695	CAK9317183.1	CAK9317183.1
OG0008696	CAK9317186.1	CAK9317186.1
OG0008697	CAK9317187.1	CAK9317187.1
OG0008698	CAK9317188.1	CAK9317188.1
OG0008699	CAK9317189.1	CAK9317189.1
OG0008700	CAK9317190.1	CAK9317190.1
OG0008701	CAK9317191.1	CAK9317191.1
OG0008702	CAK9317192.1	CAK9317192.1
OG0008703	CAK9317193.1	CAK9317193.1
OG0008704	CAK9317194.1	CAK9317194.1
OG0008705	CAK9317195.1	CAK9317195.1
OG0008706	CAK9317196.1	CAK9317196.1
OG0008707	CAK9317197.1	CAK9317197.1
OG0008708	CAK9317198.1	CAK9317198.1
OG0008709	CAK9317199.1	CAK9317199.1
OG0008710	CAK9317200.1	CAK9317200.1
OG0008711	CAK9317201.1	CAK9317201.1
OG0008712	CAK9317202.1	CAK9317202.1
OG0008713	CAK9317203.1	CAK9317203.1
OG0008714	CAK9317204.1	CAK9317204.1
OG0008715	CAK9317205.1	CAK9317205.1
OG0008716	CAK9317206.1	CAK9317206.1
OG0008717	CAK9317207.1	CAK9317207.1
OG0008718	CAK9317208.1	CAK9317208.1
OG0008719	CAK9317209.1	CAK9317209.1
OG0008720	CAK9317210.1	CAK9317210.1
OG0008721	CAK9317211.1	CAK9317211.1
OG0008722	CAK9317212.1	CAK9317212.1
OG0008723	CAK9317213.1	CAK9317213.1
OG0008724	CAK9317214.1	CAK9317214.1
OG0008725	CAK9317215.1	CAK9317215.1
OG0008726	CAK9317216.1	CAK9317216.1
OG0008727	CAK9317217.1	CAK9317217.1
OG0008728	CAK9317219.1	CAK9317219.1
OG0008729	CAK9317221.1	CAK9317221.1
OG0008730	CAK9317222.1	CAK9317222.1
OG0008731	CAK9317224.1	CAK9317224.1
OG0008732	CAK9317225.1	CAK9317225.1
OG0008733	CAK9317226.1	CAK9317226.1
OG0008734	CAK9317227.1	CAK9317227.1
OG0008735	CAK9317228.1	CAK9317228.1
OG0008736	CAK9317229.1	CAK9317229.1
OG0008737	CAK9317230.1	CAK9317230.1
OG0008738	CAK9317231.1	CAK9317231.1
OG0008739	CAK9317232.1	CAK9317232.1
OG0008740	CAK9317234.1	CAK9317234.1
OG0008741	CAK9317235.1	CAK9317235.1
OG0008742	CAK9317236.1	CAK9317236.1
OG0008743	CAK9317237.1	CAK9317237.1
OG0008744	CAK9317238.1	CAK9317238.1
OG0008745	CAK9317239.1	CAK9317239.1
OG0008746	CAK9317240.1	CAK9317240.1
OG0008747	CAK9317242.1	CAK9317242.1
OG0008748	CAK9317243.1	CAK9317243.1
OG0008749	CAK9317244.1	CAK9317244.1
OG0008750	CAK9317245.1	CAK9317245.1
OG0008751	CAK9317247.1	CAK9317247.1
OG0008752	CAK9317248.1	CAK9317248.1
OG0008753	CAK9317249.1	CAK9317249.1
OG0008754	CAK9317250.1	CAK9317250.1
OG0008755	CAK9317251.1	CAK9317251.1
OG0008756	CAK9317252.1	CAK9317252.1
OG0008757	CAK9317253.1	CAK9317253.1
OG0008758	CAK9317254.1	CAK9317254.1
OG0008759	CAK9317255.1	CAK9317255.1
OG0008760	CAK9317256.1	CAK9317256.1
OG0008761	CAK9317257.1	CAK9317257.1
OG0008762	CAK9317258.1	CAK9317258.1
OG0008763	CAK9317259.1	CAK9317259.1
OG0008764	CAK9317260.1	CAK9317260.1
OG0008765	CAK9317261.1	CAK9317261.1
OG0008766	CAK9317262.1	CAK9317262.1
OG0008767	CAK9317264.1	CAK9317264.1
OG0008768	CAK9317265.1	CAK9317265.1
OG0008769	CAK9317266.1	CAK9317266.1
OG0008770	CAK9317267.1	CAK9317267.1
OG0008771	CAK9317268.1	CAK9317268.1
OG0008772	CAK9317269.1	CAK9317269.1
OG0008773	CAK9317270.1	CAK9317270.1
OG0008774	CAK9317271.1	CAK9317271.1
OG0008775	CAK9317272.1	CAK9317272.1
OG0008776	CAK9317273.1	CAK9317273.1
OG0008777	CAK9317274.1	CAK9317274.1
OG0008778	CAK9317275.1	CAK9317275.1
OG0008779	CAK9317276.1	CAK9317276.1
OG0008780	CAK9317277.1	CAK9317277.1
OG0008781	CAK9317278.1	CAK9317278.1
OG0008782	CAK9317279.1	CAK9317279.1
OG0008783	CAK9317280.1	CAK9317280.1
OG0008784	CAK9317282.1	CAK9317282.1
OG0008785	CAK9317283.1	CAK9317283.1
OG0008786	CAK9317284.1	CAK9317284.1
OG0008787	CAK9317285.1	CAK9317285.1
OG0008788	CAK9317286.1	CAK9317286.1
OG0008789	CAK9317287.1	CAK9317287.1
OG0008790	CAK9317288.1	CAK9317288.1
OG0008791	CAK9317289.1	CAK9317289.1
OG0008792	CAK9317290.1	CAK9317290.1
OG0008793	CAK9317291.1	CAK9317291.1
OG0008794	CAK9317292.1	CAK9317292.1
OG0008795	CAK9317293.1	CAK9317293.1
OG0008796	CAK9317294.1	CAK9317294.1
OG0008797	CAK9317295.1	CAK9317295.1
OG0008798	CAK9317296.1	CAK9317296.1
OG0008799	CAK9317297.1	CAK9317297.1
OG0008800	CAK9317298.1	CAK9317298.1
OG0008801	CAK9317299.1	CAK9317299.1
OG0008802	CAK9317300.1	CAK9317300.1
OG0008803	CAK9317301.1	CAK9317301.1
OG0008804	CAK9317302.1	CAK9317302.1
OG0008805	CAK9317305.1	CAK9317305.1
OG0008806	CAK9317308.1	CAK9317308.1
OG0008807	CAK9317309.1	CAK9317309.1
OG0008808	CAK9317310.1	CAK9317310.1
OG0008809	CAK9317311.1	CAK9317311.1
OG0008810	CAK9317312.1	CAK9317312.1
OG0008811	CAK9317313.1	CAK9317313.1
OG0008812	CAK9317314.1	CAK9317314.1
OG0008813	CAK9317315.1	CAK9317315.1
OG0008814	CAK9317316.1	CAK9317316.1
OG0008815	CAK9317317.1	CAK9317317.1
OG0008816	CAK9317319.1	CAK9317319.1
OG0008817	CAK9317320.1	CAK9317320.1
OG0008818	CAK9317321.1	CAK9317321.1
OG0008819	CAK9317322.1	CAK9317322.1
OG0008820	CAK9317323.1	CAK9317323.1
OG0008821	CAK9317324.1	CAK9317324.1
OG0008822	CAK9317325.1	CAK9317325.1
OG0008823	CAK9317326.1	CAK9317326.1
OG0008824	CAK9317327.1	CAK9317327.1
OG0008825	CAK9317328.1	CAK9317328.1
OG0008826	CAK9317329.1	CAK9317329.1
OG0008827	CAK9317330.1	CAK9317330.1
OG0008828	CAK9317331.1	CAK9317331.1
OG0008829	CAK9317332.1	CAK9317332.1
OG0008830	CAK9317333.1	CAK9317333.1
OG0008831	CAK9317334.1	CAK9317334.1
OG0008832	CAK9317335.1	CAK9317335.1
OG0008833	CAK9317336.1	CAK9317336.1
OG0008834	CAK9317337.1	CAK9317337.1
OG0008835	CAK9317338.1	CAK9317338.1
OG0008836	CAK9317339.1	CAK9317339.1
OG0008837	CAK9317341.1	CAK9317341.1
OG0008838	CAK9317342.1	CAK9317342.1
OG0008839	CAK9317343.1	CAK9317343.1
OG0008840	CAK9317344.1	CAK9317344.1
OG0008841	CAK9317345.1	CAK9317345.1
OG0008842	CAK9317346.1	CAK9317346.1
OG0008843	CAK9317347.1	CAK9317347.1
OG0008844	CAK9317348.1	CAK9317348.1
OG0008845	CAK9317349.1	CAK9317349.1
OG0008846	CAK9317350.1	CAK9317350.1
OG0008847	CAK9317351.1	CAK9317351.1
OG0008848	CAK9317352.1	CAK9317352.1
OG0008849	CAK9317353.1	CAK9317353.1
OG0008850	CAK9317354.1	CAK9317354.1
OG0008851	CAK9317355.1	CAK9317355.1
OG0008852	CAK9317356.1	CAK9317356.1
OG0008853	CAK9317357.1	CAK9317357.1
OG0008854	CAK9317358.1	CAK9317358.1
OG0008855	CAK9317359.1	CAK9317359.1
OG0008856	CAK9317360.1	CAK9317360.1
OG0008857	CAK9317361.1	CAK9317361.1
OG0008858	CAK9317362.1	CAK9317362.1
OG0008859	CAK9317363.1	CAK9317363.1
OG0008860	CAK9317364.1	CAK9317364.1
OG0008861	CAK9317365.1	CAK9317365.1
OG0008862	CAK9317366.1	CAK9317366.1
OG0008863	CAK9317367.1	CAK9317367.1
OG0008864	CAK9317368.1	CAK9317368.1
OG0008865	CAK9317369.1	CAK9317369.1
OG0008866	CAK9317370.1	CAK9317370.1
OG0008867	CAK9317371.1	CAK9317371.1
OG0008868	CAK9317372.1	CAK9317372.1
OG0008869	CAK9317373.1	CAK9317373.1
OG0008870	CAK9317374.1	CAK9317374.1
OG0008871	CAK9317375.1	CAK9317375.1
OG0008872	CAK9317376.1	CAK9317376.1
OG0008873	CAK9317377.1	CAK9317377.1
OG0008874	CAK9317378.1	CAK9317378.1
OG0008875	CAK9317379.1	CAK9317379.1
OG0008876	CAK9317380.1	CAK9317380.1
OG0008877	CAK9317381.1	CAK9317381.1
OG0008878	CAK9317384.1	CAK9317384.1
OG0008879	CAK9317385.1	CAK9317385.1
OG0008880	CAK9317386.1	CAK9317386.1
OG0008881	CAK9317387.1	CAK9317387.1
OG0008882	CAK9317388.1	CAK9317388.1
OG0008883	CAK9317389.1	CAK9317389.1
OG0008884	CAK9317390.1	CAK9317390.1
OG0008885	CAK9317392.1	CAK9317392.1
OG0008886	CAK9317393.1	CAK9317393.1
OG0008887	CAK9317394.1	CAK9317394.1
OG0008888	CAK9317395.1	CAK9317395.1
OG0008889	CAK9317397.1	CAK9317397.1
OG0008890	CAK9317398.1	CAK9317398.1
OG0008891	CAK9317400.1	CAK9317400.1
OG0008892	CAK9317402.1	CAK9317402.1
OG0008893	CAK9317403.1	CAK9317403.1
OG0008894	CAK9317404.1	CAK9317404.1
OG0008895	CAK9317405.1	CAK9317405.1
OG0008896	CAK9317406.1	CAK9317406.1
OG0008897	CAK9317407.1	CAK9317407.1
OG0008898	CAK9317408.1	CAK9317408.1
OG0008899	CAK9317409.1	CAK9317409.1
OG0008900	CAK9317410.1	CAK9317410.1
OG0008901	CAK9317411.1	CAK9317411.1
OG0008902	CAK9317412.1	CAK9317412.1
OG0008903	CAK9317413.1	CAK9317413.1
OG0008904	CAK9317414.1	CAK9317414.1
OG0008905	CAK9317415.1	CAK9317415.1
OG0008906	CAK9317416.1	CAK9317416.1
OG0008907	CAK9317417.1	CAK9317417.1
OG0008908	CAK9317418.1	CAK9317418.1
OG0008909	CAK9317419.1	CAK9317419.1
OG0008910	CAK9317420.1	CAK9317420.1
OG0008911	CAK9317421.1	CAK9317421.1
OG0008912	CAK9317422.1	CAK9317422.1
OG0008913	CAK9317423.1	CAK9317423.1
OG0008914	CAK9317424.1	CAK9317424.1
OG0008915	CAK9317425.1	CAK9317425.1
OG0008916	CAK9317426.1	CAK9317426.1
OG0008917	CAK9317427.1	CAK9317427.1
OG0008918	CAK9317428.1	CAK9317428.1
OG0008919	CAK9317429.1	CAK9317429.1
OG0008920	CAK9317430.1	CAK9317430.1
OG0008921	CAK9317431.1	CAK9317431.1
OG0008922	CAK9317432.1	CAK9317432.1
OG0008923	CAK9317433.1	CAK9317433.1
OG0008924	CAK9317434.1	CAK9317434.1
OG0008925	CAK9317435.1	CAK9317435.1
OG0008926	CAK9317436.1	CAK9317436.1
OG0008927	CAK9317437.1	CAK9317437.1
OG0008928	CAK9317438.1	CAK9317438.1
OG0008929	CAK9317439.1	CAK9317439.1
OG0008930	CAK9317440.1	CAK9317440.1
OG0008931	CAK9317441.1	CAK9317441.1
OG0008932	CAK9317442.1	CAK9317442.1
OG0008933	CAK9317443.1	CAK9317443.1
OG0008934	CAK9317444.1	CAK9317444.1
OG0008935	CAK9317445.1	CAK9317445.1
OG0008936	CAK9317446.1	CAK9317446.1
OG0008937	CAK9317447.1	CAK9317447.1
OG0008938	CAK9317449.1	CAK9317449.1
OG0008939	CAK9317450.1	CAK9317450.1
OG0008940	CAK9317451.1	CAK9317451.1
OG0008941	CAK9317452.1	CAK9317452.1
OG0008942	CAK9317453.1	CAK9317453.1
OG0008943	CAK9317454.1	CAK9317454.1
OG0008944	CAK9317455.1	CAK9317455.1
OG0008945	CAK9317456.1	CAK9317456.1
OG0008946	CAK9317457.1	CAK9317457.1
OG0008947	CAK9317458.1	CAK9317458.1
OG0008948	CAK9317459.1	CAK9317459.1
OG0008949	CAK9317460.1	CAK9317460.1
OG0008950	CAK9317461.1	CAK9317461.1
OG0008951	CAK9317462.1	CAK9317462.1
OG0008952	CAK9317465.1	CAK9317465.1
OG0008953	CAK9317467.1	CAK9317467.1
OG0008954	CAK9317468.1	CAK9317468.1
OG0008955	CAK9317469.1	CAK9317469.1
OG0008956	CAK9317470.1	CAK9317470.1
OG0008957	CAK9317471.1	CAK9317471.1
OG0008958	CAK9317472.1	CAK9317472.1
OG0008959	CAK9317473.1	CAK9317473.1
OG0008960	CAK9317474.1	CAK9317474.1
OG0008961	CAK9317475.1	CAK9317475.1
OG0008962	CAK9317477.1	CAK9317477.1
OG0008963	CAK9317478.1	CAK9317478.1
OG0008964	CAK9317479.1	CAK9317479.1
OG0008965	CAK9317480.1	CAK9317480.1
OG0008966	CAK9317481.1	CAK9317481.1
OG0008967	CAK9317482.1	CAK9317482.1
OG0008968	CAK9317483.1	CAK9317483.1
OG0008969	CAK9317484.1	CAK9317484.1
OG0008970	CAK9317485.1	CAK9317485.1
OG0008971	CAK9317486.1	CAK9317486.1
OG0008972	CAK9317487.1	CAK9317487.1
OG0008973	CAK9317489.1	CAK9317489.1
OG0008974	CAK9317490.1	CAK9317490.1
OG0008975	CAK9317491.1	CAK9317491.1
OG0008976	CAK9317493.1	CAK9317493.1
OG0008977	CAK9317494.1	CAK9317494.1
OG0008978	CAK9317495.1	CAK9317495.1
OG0008979	CAK9317496.1	CAK9317496.1
OG0008980	CAK9317497.1	CAK9317497.1
OG0008981	CAK9317498.1	CAK9317498.1
OG0008982	CAK9317499.1	CAK9317499.1
OG0008983	CAK9317500.1	CAK9317500.1
OG0008984	CAK9317501.1	CAK9317501.1
OG0008985	CAK9317502.1	CAK9317502.1
OG0008986	CAK9317503.1	CAK9317503.1
OG0008987	CAK9317504.1	CAK9317504.1
OG0008988	CAK9317505.1	CAK9317505.1
OG0008989	CAK9317507.1	CAK9317507.1
OG0008990	CAK9317508.1	CAK9317508.1
OG0008991	CAK9317509.1	CAK9317509.1
OG0008992	CAK9317510.1	CAK9317510.1
OG0008993	CAK9317511.1	CAK9317511.1
OG0008994	CAK9317513.1	CAK9317513.1
OG0008995	CAK9317514.1	CAK9317514.1
OG0008996	CAK9317516.1	CAK9317516.1
OG0008997	CAK9317517.1	CAK9317517.1
OG0008998	CAK9317518.1	CAK9317518.1
OG0008999	CAK9317519.1	CAK9317519.1
OG0009000	CAK9317520.1	CAK9317520.1
OG0009001	CAK9317521.1	CAK9317521.1
OG0009002	CAK9317522.1	CAK9317522.1
OG0009003	CAK9317523.1	CAK9317523.1
OG0009004	CAK9317525.1	CAK9317525.1
OG0009005	CAK9317526.1	CAK9317526.1
OG0009006	CAK9317528.1	CAK9317528.1
OG0009007	CAK9317529.1	CAK9317529.1
OG0009008	CAK9317530.1	CAK9317530.1
OG0009009	CAK9317531.1	CAK9317531.1
OG0009010	CAK9317533.1	CAK9317533.1
OG0009011	CAK9317534.1	CAK9317534.1
OG0009012	CAK9317535.1	CAK9317535.1
OG0009013	CAK9317536.1	CAK9317536.1
OG0009014	CAK9317537.1	CAK9317537.1
OG0009015	CAK9317540.1	CAK9317540.1
OG0009016	CAK9317541.1	CAK9317541.1
OG0009017	CAK9317542.1	CAK9317542.1
OG0009018	CAK9317543.1	CAK9317543.1
OG0009019	CAK9317544.1	CAK9317544.1
OG0009020	CAK9317545.1	CAK9317545.1
OG0009021	CAK9317546.1	CAK9317546.1
OG0009022	CAK9317547.1	CAK9317547.1
OG0009023	CAK9317548.1	CAK9317548.1
OG0009024	CAK9317549.1	CAK9317549.1
OG0009025	CAK9317550.1	CAK9317550.1
OG0009026	CAK9317551.1	CAK9317551.1
OG0009027	CAK9317552.1	CAK9317552.1
OG0009028	CAK9317553.1	CAK9317553.1
OG0009029	CAK9317554.1	CAK9317554.1
OG0009030	CAK9317555.1	CAK9317555.1
OG0009031	CAK9317556.1	CAK9317556.1
OG0009032	CAK9317557.1	CAK9317557.1
OG0009033	CAK9317558.1	CAK9317558.1
OG0009034	CAK9317559.1	CAK9317559.1
OG0009035	CAK9317560.1	CAK9317560.1
OG0009036	CAK9317561.1	CAK9317561.1
OG0009037	CAK9317562.1	CAK9317562.1
OG0009038	CAK9317563.1	CAK9317563.1
OG0009039	CAK9317564.1	CAK9317564.1
OG0009040	CAK9317565.1	CAK9317565.1
OG0009041	CAK9317566.1	CAK9317566.1
OG0009042	CAK9317567.1	CAK9317567.1
OG0009043	CAK9317568.1	CAK9317568.1
OG0009044	CAK9317569.1	CAK9317569.1
OG0009045	CAK9317570.1	CAK9317570.1
OG0009046	CAK9317572.1	CAK9317572.1
OG0009047	CAK9317573.1	CAK9317573.1
OG0009048	CAK9317574.1	CAK9317574.1
OG0009049	CAK9317575.1	CAK9317575.1
OG0009050	CAK9317576.1	CAK9317576.1
OG0009051	CAK9317577.1	CAK9317577.1
OG0009052	CAK9317578.1	CAK9317578.1
OG0009053	CAK9317579.1	CAK9317579.1
OG0009054	CAK9317580.1	CAK9317580.1
OG0009055	CAK9317581.1	CAK9317581.1
OG0009056	CAK9317582.1	CAK9317582.1
OG0009057	CAK9317583.1	CAK9317583.1
OG0009058	CAK9317584.1	CAK9317584.1
OG0009059	CAK9317585.1	CAK9317585.1
OG0009060	CAK9317586.1	CAK9317586.1
OG0009061	CAK9317587.1	CAK9317587.1
OG0009062	CAK9317588.1	CAK9317588.1
OG0009063	CAK9317589.1	CAK9317589.1
OG0009064	CAK9317590.1	CAK9317590.1
OG0009065	CAK9317591.1	CAK9317591.1
OG0009066	CAK9317592.1	CAK9317592.1
OG0009067	CAK9317593.1	CAK9317593.1
OG0009068	CAK9317595.1	CAK9317595.1
OG0009069	CAK9317597.1	CAK9317597.1
OG0009070	CAK9317598.1	CAK9317598.1
OG0009071	CAK9317599.1	CAK9317599.1
OG0009072	CAK9317600.1	CAK9317600.1
OG0009073	CAK9317601.1	CAK9317601.1
OG0009074	CAK9317603.1	CAK9317603.1
OG0009075	CAK9317604.1	CAK9317604.1
OG0009076	CAK9317605.1	CAK9317605.1
OG0009077	CAK9317606.1	CAK9317606.1
OG0009078	CAK9317607.1	CAK9317607.1
OG0009079	CAK9317608.1	CAK9317608.1
OG0009080	CAK9317609.1	CAK9317609.1
OG0009081	CAK9317610.1	CAK9317610.1
OG0009082	CAK9317611.1	CAK9317611.1
OG0009083	CAK9317612.1	CAK9317612.1
OG0009084	CAK9317613.1	CAK9317613.1
OG0009085	CAK9317614.1	CAK9317614.1
OG0009086	CAK9317615.1	CAK9317615.1
OG0009087	CAK9317616.1	CAK9317616.1
OG0009088	CAK9317617.1	CAK9317617.1
OG0009089	CAK9317618.1	CAK9317618.1
OG0009090	CAK9317619.1	CAK9317619.1
OG0009091	CAK9317620.1	CAK9317620.1
OG0009092	CAK9317621.1	CAK9317621.1
OG0009093	CAK9317622.1	CAK9317622.1
OG0009094	CAK9317623.1	CAK9317623.1
OG0009095	CAK9317624.1	CAK9317624.1
OG0009096	CAK9317625.1	CAK9317625.1
OG0009097	CAK9317626.1	CAK9317626.1
OG0009098	CAK9317627.1	CAK9317627.1
OG0009099	CAK9317629.1	CAK9317629.1
OG0009100	CAK9317630.1	CAK9317630.1
OG0009101	CAK9317631.1	CAK9317631.1
OG0009102	CAK9317632.1	CAK9317632.1
OG0009103	CAK9317633.1	CAK9317633.1
OG0009104	CAK9317634.1	CAK9317634.1
OG0009105	CAK9317635.1	CAK9317635.1
OG0009106	CAK9317638.1	CAK9317638.1
OG0009107	CAK9317639.1	CAK9317639.1
OG0009108	CAK9317640.1	CAK9317640.1
OG0009109	CAK9317641.1	CAK9317641.1
OG0009110	CAK9317642.1	CAK9317642.1
OG0009111	CAK9317643.1	CAK9317643.1
OG0009112	CAK9317644.1	CAK9317644.1
OG0009113	CAK9317646.1	CAK9317646.1
OG0009114	CAK9317647.1	CAK9317647.1
OG0009115	CAK9317648.1	CAK9317648.1
OG0009116	CAK9317649.1	CAK9317649.1
OG0009117	CAK9317650.1	CAK9317650.1
OG0009118	CAK9317651.1	CAK9317651.1
OG0009119	CAK9317652.1	CAK9317652.1
OG0009120	CAK9317653.1	CAK9317653.1
OG0009121	CAK9317654.1	CAK9317654.1
OG0009122	CAK9317656.1	CAK9317656.1
OG0009123	CAK9317657.1	CAK9317657.1
OG0009124	CAK9317658.1	CAK9317658.1
OG0009125	CAK9317659.1	CAK9317659.1
OG0009126	CAK9317660.1	CAK9317660.1
OG0009127	CAK9317661.1	CAK9317661.1
OG0009128	CAK9317662.1	CAK9317662.1
OG0009129	CAK9317663.1	CAK9317663.1
OG0009130	CAK9317664.1	CAK9317664.1
OG0009131	CAK9317665.1	CAK9317665.1
OG0009132	CAK9317666.1	CAK9317666.1
OG0009133	CAK9317667.1	CAK9317667.1
OG0009134	CAK9317668.1	CAK9317668.1
OG0009135	CAK9317669.1	CAK9317669.1
OG0009136	CAK9317670.1	CAK9317670.1
OG0009137	CAK9317671.1	CAK9317671.1
OG0009138	CAK9317672.1	CAK9317672.1
OG0009139	CAK9317673.1	CAK9317673.1
OG0009140	CAK9317674.1	CAK9317674.1
OG0009141	CAK9317675.1	CAK9317675.1
OG0009142	CAK9317676.1	CAK9317676.1
OG0009143	CAK9317677.1	CAK9317677.1
OG0009144	CAK9317678.1	CAK9317678.1
OG0009145	CAK9317679.1	CAK9317679.1
OG0009146	CAK9317681.1	CAK9317681.1
OG0009147	CAK9317682.1	CAK9317682.1
OG0009148	CAK9317683.1	CAK9317683.1
OG0009149	CAK9317684.1	CAK9317684.1
OG0009150	CAK9317685.1	CAK9317685.1
OG0009151	CAK9317686.1	CAK9317686.1
OG0009152	CAK9317687.1	CAK9317687.1
OG0009153	CAK9317689.1	CAK9317689.1
OG0009154	CAK9317690.1	CAK9317690.1
OG0009155	CAK9317691.1	CAK9317691.1
OG0009156	CAK9317692.1	CAK9317692.1
OG0009157	CAK9317693.1	CAK9317693.1
OG0009158	CAK9317694.1	CAK9317694.1
OG0009159	CAK9317695.1	CAK9317695.1
OG0009160	CAK9317696.1	CAK9317696.1
OG0009161	CAK9317697.1	CAK9317697.1
OG0009162	CAK9317698.1	CAK9317698.1
OG0009163	CAK9317699.1	CAK9317699.1
OG0009164	CAK9317702.1	CAK9317702.1
OG0009165	CAK9317703.1	CAK9317703.1
OG0009166	CAK9317704.1	CAK9317704.1
OG0009167	CAK9317705.1	CAK9317705.1
OG0009168	CAK9317706.1	CAK9317706.1
OG0009169	CAK9317707.1	CAK9317707.1
OG0009170	CAK9317708.1	CAK9317708.1
OG0009171	CAK9317709.1	CAK9317709.1
OG0009172	CAK9317710.1	CAK9317710.1
OG0009173	CAK9317711.1	CAK9317711.1
OG0009174	CAK9317712.1	CAK9317712.1
OG0009175	CAK9317713.1	CAK9317713.1
OG0009176	CAK9317714.1	CAK9317714.1
OG0009177	CAK9317715.1	CAK9317715.1
OG0009178	CAK9317716.1	CAK9317716.1
OG0009179	CAK9317717.1	CAK9317717.1
OG0009180	CAK9317721.1	CAK9317721.1
OG0009181	CAK9317722.1	CAK9317722.1
OG0009182	CAK9317724.1	CAK9317724.1
OG0009183	CAK9317725.1	CAK9317725.1
OG0009184	CAK9317726.1	CAK9317726.1
OG0009185	CAK9317727.1	CAK9317727.1
OG0009186	CAK9317728.1	CAK9317728.1
OG0009187	CAK9317729.1	CAK9317729.1
OG0009188	CAK9317732.1	CAK9317732.1
OG0009189	CAK9317733.1	CAK9317733.1
OG0009190	CAK9317734.1	CAK9317734.1
OG0009191	CAK9317735.1	CAK9317735.1
OG0009192	CAK9317736.1	CAK9317736.1
OG0009193	CAK9317737.1	CAK9317737.1
OG0009194	CAK9317738.1	CAK9317738.1
OG0009195	CAK9317739.1	CAK9317739.1
OG0009196	CAK9317740.1	CAK9317740.1
OG0009197	CAK9317741.1	CAK9317741.1
OG0009198	CAK9317742.1	CAK9317742.1
OG0009199	CAK9317743.1	CAK9317743.1
OG0009200	CAK9317744.1	CAK9317744.1
OG0009201	CAK9317745.1	CAK9317745.1
OG0009202	CAK9317746.1	CAK9317746.1
OG0009203	CAK9317747.1	CAK9317747.1
OG0009204	CAK9317749.1	CAK9317749.1
OG0009205	CAK9317750.1	CAK9317750.1
OG0009206	CAK9317751.1	CAK9317751.1
OG0009207	CAK9317752.1	CAK9317752.1
OG0009208	CAK9317753.1	CAK9317753.1
OG0009209	CAK9317754.1	CAK9317754.1
OG0009210	CAK9317755.1	CAK9317755.1
OG0009211	CAK9317756.1	CAK9317756.1
OG0009212	CAK9317757.1	CAK9317757.1
OG0009213	CAK9317758.1	CAK9317758.1
OG0009214	CAK9317761.1	CAK9317761.1
OG0009215	CAK9317762.1	CAK9317762.1
OG0009216	CAK9317763.1	CAK9317763.1
OG0009217	CAK9317764.1	CAK9317764.1
OG0009218	CAK9317765.1	CAK9317765.1
OG0009219	CAK9317766.1	CAK9317766.1
OG0009220	CAK9317768.1	CAK9317768.1
OG0009221	CAK9317769.1	CAK9317769.1
OG0009222	CAK9317770.1	CAK9317770.1
OG0009223	CAK9317771.1	CAK9317771.1
OG0009224	CAK9317772.1	CAK9317772.1
OG0009225	CAK9317773.1	CAK9317773.1
OG0009226	CAK9317774.1	CAK9317774.1
OG0009227	CAK9317775.1	CAK9317775.1
OG0009228	CAK9317776.1	CAK9317776.1
OG0009229	CAK9317777.1	CAK9317777.1
OG0009230	CAK9317778.1	CAK9317778.1
OG0009231	CAK9317779.1	CAK9317779.1
OG0009232	CAK9317781.1	CAK9317781.1
OG0009233	CAK9317782.1	CAK9317782.1
OG0009234	CAK9317783.1	CAK9317783.1
OG0009235	CAK9317784.1	CAK9317784.1
OG0009236	CAK9317785.1	CAK9317785.1
OG0009237	CAK9317786.1	CAK9317786.1
OG0009238	CAK9317787.1	CAK9317787.1
OG0009239	CAK9317788.1	CAK9317788.1
OG0009240	CAK9317789.1	CAK9317789.1
OG0009241	CAK9317790.1	CAK9317790.1
OG0009242	CAK9317791.1	CAK9317791.1
OG0009243	CAK9317792.1	CAK9317792.1
OG0009244	CAK9317793.1	CAK9317793.1
OG0009245	CAK9317794.1	CAK9317794.1
OG0009246	CAK9317795.1	CAK9317795.1
OG0009247	CAK9317796.1	CAK9317796.1
OG0009248	CAK9317798.1	CAK9317798.1
OG0009249	CAK9317799.1	CAK9317799.1
OG0009250	CAK9317800.1	CAK9317800.1
OG0009251	CAK9317801.1	CAK9317801.1
OG0009252	CAK9317802.1	CAK9317802.1
OG0009253	CAK9317803.1	CAK9317803.1
OG0009254	CAK9317804.1	CAK9317804.1
OG0009255	CAK9317805.1	CAK9317805.1
OG0009256	CAK9317806.1	CAK9317806.1
OG0009257	CAK9317807.1	CAK9317807.1
OG0009258	CAK9317808.1	CAK9317808.1
OG0009259	CAK9317810.1	CAK9317810.1
OG0009260	CAK9317811.1	CAK9317811.1
OG0009261	CAK9317812.1	CAK9317812.1
OG0009262	CAK9317813.1	CAK9317813.1
OG0009263	CAK9317814.1	CAK9317814.1
OG0009264	CAK9317815.1	CAK9317815.1
OG0009265	CAK9317816.1	CAK9317816.1
OG0009266	CAK9317817.1	CAK9317817.1
OG0009267	CAK9317818.1	CAK9317818.1
OG0009268	CAK9317819.1	CAK9317819.1
OG0009269	CAK9317820.1	CAK9317820.1
OG0009270	CAK9317821.1	CAK9317821.1
OG0009271	CAK9317822.1	CAK9317822.1
OG0009272	CAK9317823.1	CAK9317823.1
OG0009273	CAK9317824.1	CAK9317824.1
OG0009274	CAK9317825.1	CAK9317825.1
OG0009275	CAK9317826.1	CAK9317826.1
OG0009276	CAK9317827.1	CAK9317827.1
OG0009277	CAK9317828.1	CAK9317828.1
OG0009278	CAK9317829.1	CAK9317829.1
OG0009279	CAK9317830.1	CAK9317830.1
OG0009280	CAK9317831.1	CAK9317831.1
OG0009281	CAK9317832.1	CAK9317832.1
OG0009282	CAK9317833.1	CAK9317833.1
OG0009283	CAK9317834.1	CAK9317834.1
OG0009284	CAK9317835.1	CAK9317835.1
OG0009285	CAK9317837.1	CAK9317837.1
OG0009286	CAK9317838.1	CAK9317838.1
OG0009287	CAK9317839.1	CAK9317839.1
OG0009288	CAK9317840.1	CAK9317840.1
OG0009289	CAK9317842.1	CAK9317842.1
OG0009290	CAK9317843.1	CAK9317843.1
OG0009291	CAK9317844.1	CAK9317844.1
OG0009292	CAK9317845.1	CAK9317845.1
OG0009293	CAK9317846.1	CAK9317846.1
OG0009294	CAK9317847.1	CAK9317847.1
OG0009295	CAK9317848.1	CAK9317848.1
OG0009296	CAK9317849.1	CAK9317849.1
OG0009297	CAK9317850.1	CAK9317850.1
OG0009298	CAK9317851.1	CAK9317851.1
OG0009299	CAK9317852.1	CAK9317852.1
OG0009300	CAK9317853.1	CAK9317853.1
OG0009301	CAK9317855.1	CAK9317855.1
OG0009302	CAK9317856.1	CAK9317856.1
OG0009303	CAK9317857.1	CAK9317857.1
OG0009304	CAK9317858.1	CAK9317858.1
OG0009305	CAK9317859.1	CAK9317859.1
OG0009306	CAK9317860.1	CAK9317860.1
OG0009307	CAK9317861.1	CAK9317861.1
OG0009308	CAK9317862.1	CAK9317862.1
OG0009309	CAK9317863.1	CAK9317863.1
OG0009310	CAK9317864.1	CAK9317864.1
OG0009311	CAK9317865.1	CAK9317865.1
OG0009312	CAK9317866.1	CAK9317866.1
OG0009313	CAK9317867.1	CAK9317867.1
OG0009314	CAK9317869.1	CAK9317869.1
OG0009315	CAK9317870.1	CAK9317870.1
OG0009316	CAK9317871.1	CAK9317871.1
OG0009317	CAK9317872.1	CAK9317872.1
OG0009318	CAK9317873.1	CAK9317873.1
OG0009319	CAK9317874.1	CAK9317874.1
OG0009320	CAK9317875.1	CAK9317875.1
OG0009321	CAK9317876.1	CAK9317876.1
OG0009322	CAK9317877.1	CAK9317877.1
OG0009323	CAK9317878.1	CAK9317878.1
OG0009324	CAK9317879.1	CAK9317879.1
OG0009325	CAK9317880.1	CAK9317880.1
OG0009326	CAK9317881.1	CAK9317881.1
OG0009327	CAK9317882.1	CAK9317882.1
OG0009328	CAK9317883.1	CAK9317883.1
OG0009329	CAK9317884.1	CAK9317884.1
OG0009330	CAK9317885.1	CAK9317885.1
OG0009331	CAK9317886.1	CAK9317886.1
OG0009332	CAK9317887.1	CAK9317887.1
OG0009333	CAK9317888.1	CAK9317888.1
OG0009334	CAK9317889.1	CAK9317889.1
OG0009335	CAK9317890.1	CAK9317890.1
OG0009336	CAK9317891.1	CAK9317891.1
OG0009337	CAK9317892.1	CAK9317892.1
OG0009338	CAK9317893.1	CAK9317893.1
OG0009339	CAK9317894.1	CAK9317894.1
OG0009340	CAK9317895.1	CAK9317895.1
OG0009341	CAK9317896.1	CAK9317896.1
OG0009342	CAK9317897.1	CAK9317897.1
OG0009343	CAK9317898.1	CAK9317898.1
OG0009344	CAK9317899.1	CAK9317899.1
OG0009345	CAK9317900.1	CAK9317900.1
OG0009346	CAK9317901.1	CAK9317901.1
OG0009347	CAK9317902.1	CAK9317902.1
OG0009348	CAK9317903.1	CAK9317903.1
OG0009349	CAK9317904.1	CAK9317904.1
OG0009350	CAK9317906.1	CAK9317906.1
OG0009351	CAK9317907.1	CAK9317907.1
OG0009352	CAK9317908.1	CAK9317908.1
OG0009353	CAK9317909.1	CAK9317909.1
OG0009354	CAK9317910.1	CAK9317910.1
OG0009355	CAK9317912.1	CAK9317912.1
OG0009356	CAK9317913.1	CAK9317913.1
OG0009357	CAK9317914.1	CAK9317914.1
OG0009358	CAK9317915.1	CAK9317915.1
OG0009359	CAK9317916.1	CAK9317916.1
OG0009360	CAK9317917.1	CAK9317917.1
OG0009361	CAK9317918.1	CAK9317918.1
OG0009362	CAK9317920.1	CAK9317920.1
OG0009363	CAK9317921.1	CAK9317921.1
OG0009364	CAK9317922.1	CAK9317922.1
OG0009365	CAK9317923.1	CAK9317923.1
OG0009366	CAK9317924.1	CAK9317924.1
OG0009367	CAK9317925.1	CAK9317925.1
OG0009368	CAK9317926.1	CAK9317926.1
OG0009369	CAK9317927.1	CAK9317927.1
OG0009370	CAK9317928.1	CAK9317928.1
OG0009371	CAK9317929.1	CAK9317929.1
OG0009372	CAK9317930.1	CAK9317930.1
OG0009373	CAK9317931.1	CAK9317931.1
OG0009374	CAK9317932.1	CAK9317932.1
OG0009375	CAK9317933.1	CAK9317933.1
OG0009376	CAK9317934.1	CAK9317934.1
OG0009377	CAK9317935.1	CAK9317935.1
OG0009378	CAK9317936.1	CAK9317936.1
OG0009379	CAK9317937.1	CAK9317937.1
OG0009380	CAK9317938.1	CAK9317938.1
OG0009381	CAK9317939.1	CAK9317939.1
OG0009382	CAK9317940.1	CAK9317940.1
OG0009383	CAK9317941.1	CAK9317941.1
OG0009384	CAK9317942.1	CAK9317942.1
OG0009385	CAK9317943.1	CAK9317943.1
OG0009386	CAK9317944.1	CAK9317944.1
OG0009387	CAK9317945.1	CAK9317945.1
OG0009388	CAK9317946.1	CAK9317946.1
OG0009389	CAK9317947.1	CAK9317947.1
OG0009390	CAK9317948.1	CAK9317948.1
OG0009391	CAK9317949.1	CAK9317949.1
OG0009392	CAK9317951.1	CAK9317951.1
OG0009393	CAK9317952.1	CAK9317952.1
OG0009394	CAK9317953.1	CAK9317953.1
OG0009395	CAK9317954.1	CAK9317954.1
OG0009396	CAK9317955.1	CAK9317955.1
OG0009397	CAK9317956.1	CAK9317956.1
OG0009398	CAK9317957.1	CAK9317957.1
OG0009399	CAK9317958.1	CAK9317958.1
OG0009400	CAK9317959.1	CAK9317959.1
OG0009401	CAK9317960.1	CAK9317960.1
OG0009402	CAK9317961.1	CAK9317961.1
OG0009403	CAK9317962.1	CAK9317962.1
OG0009404	CAK9317963.1	CAK9317963.1
OG0009405	CAK9317964.1	CAK9317964.1
OG0009406	CAK9317965.1	CAK9317965.1
OG0009407	CAK9317966.1	CAK9317966.1
OG0009408	CAK9317967.1	CAK9317967.1
OG0009409	CAK9317968.1	CAK9317968.1
OG0009410	CAK9317969.1	CAK9317969.1
OG0009411	CAK9317972.1	CAK9317972.1
OG0009412	CAK9317973.1	CAK9317973.1
OG0009413	CAK9317974.1	CAK9317974.1
OG0009414	CAK9317975.1	CAK9317975.1
OG0009415	CAK9317976.1	CAK9317976.1
OG0009416	CAK9317977.1	CAK9317977.1
OG0009417	CAK9317978.1	CAK9317978.1
OG0009418	CAK9317979.1	CAK9317979.1
OG0009419	CAK9317980.1	CAK9317980.1
OG0009420	CAK9317981.1	CAK9317981.1
OG0009421	CAK9317982.1	CAK9317982.1
OG0009422	CAK9317983.1	CAK9317983.1
OG0009423	CAK9317984.1	CAK9317984.1
OG0009424	CAK9317985.1	CAK9317985.1
OG0009425	CAK9317986.1	CAK9317986.1
OG0009426	CAK9317987.1	CAK9317987.1
OG0009427	CAK9317988.1	CAK9317988.1
OG0009428	CAK9317989.1	CAK9317989.1
OG0009429	CAK9317990.1	CAK9317990.1
OG0009430	CAK9317991.1	CAK9317991.1
OG0009431	CAK9317992.1	CAK9317992.1
OG0009432	CAK9317993.1	CAK9317993.1
OG0009433	CAK9317994.1	CAK9317994.1
OG0009434	CAK9317995.1	CAK9317995.1
OG0009435	CAK9317996.1	CAK9317996.1
OG0009436	CAK9317997.1	CAK9317997.1
OG0009437	CAK9317998.1	CAK9317998.1
OG0009438	CAK9317999.1	CAK9317999.1
OG0009439	CAK9318000.1	CAK9318000.1
OG0009440	CAK9318001.1	CAK9318001.1
OG0009441	CAK9318002.1	CAK9318002.1
OG0009442	CAK9318003.1	CAK9318003.1
OG0009443	CAK9318004.1	CAK9318004.1
OG0009444	CAK9318005.1	CAK9318005.1
OG0009445	CAK9318006.1	CAK9318006.1
OG0009446	CAK9318007.1	CAK9318007.1
OG0009447	CAK9318008.1	CAK9318008.1
OG0009448	CAK9318009.1	CAK9318009.1
OG0009449	CAK9318010.1	CAK9318010.1
OG0009450	CAK9318011.1	CAK9318011.1
OG0009451	CAK9318012.1	CAK9318012.1
OG0009452	CAK9318013.1	CAK9318013.1
OG0009453	CAK9318014.1	CAK9318014.1
OG0009454	CAK9318015.1	CAK9318015.1
OG0009455	CAK9318016.1	CAK9318016.1
OG0009456	CAK9318017.1	CAK9318017.1
OG0009457	CAK9318018.1	CAK9318018.1
OG0009458	CAK9318019.1	CAK9318019.1
OG0009459	CAK9318020.1	CAK9318020.1
OG0009460	CAK9318021.1	CAK9318021.1
OG0009461	CAK9318022.1	CAK9318022.1
OG0009462	CAK9318023.1	CAK9318023.1
OG0009463	CAK9318024.1	CAK9318024.1
OG0009464	CAK9318025.1	CAK9318025.1
OG0009465	CAK9318026.1	CAK9318026.1
OG0009466	CAK9318027.1	CAK9318027.1
OG0009467	CAK9318028.1	CAK9318028.1
OG0009468	CAK9318030.1	CAK9318030.1
OG0009469	CAK9318031.1	CAK9318031.1
OG0009470	CAK9318032.1	CAK9318032.1
OG0009471	CAK9318033.1	CAK9318033.1
OG0009472	CAK9318034.1	CAK9318034.1
OG0009473	CAK9318035.1	CAK9318035.1
OG0009474	CAK9318036.1	CAK9318036.1
OG0009475	CAK9318037.1	CAK9318037.1
OG0009476	CAK9318038.1	CAK9318038.1
OG0009477	CAK9318039.1	CAK9318039.1
OG0009478	CAK9318040.1	CAK9318040.1
OG0009479	CAK9318042.1	CAK9318042.1
OG0009480	CAK9318043.1	CAK9318043.1
OG0009481	CAK9318044.1	CAK9318044.1
OG0009482	CAK9318045.1	CAK9318045.1
OG0009483	CAK9318047.1	CAK9318047.1
OG0009484	CAK9318048.1	CAK9318048.1
OG0009485	CAK9318049.1	CAK9318049.1
OG0009486	CAK9318050.1	CAK9318050.1
OG0009487	CAK9318051.1	CAK9318051.1
OG0009488	CAK9318052.1	CAK9318052.1
OG0009489	CAK9318053.1	CAK9318053.1
OG0009490	CAK9318056.1	CAK9318056.1
OG0009491	CAK9318058.1	CAK9318058.1
OG0009492	CAK9318059.1	CAK9318059.1
OG0009493	CAK9318060.1	CAK9318060.1
OG0009494	CAK9318061.1	CAK9318061.1
OG0009495	CAK9318062.1	CAK9318062.1
OG0009496	CAK9318063.1	CAK9318063.1
OG0009497	CAK9318065.1	CAK9318065.1
OG0009498	CAK9318066.1	CAK9318066.1
OG0009499	CAK9318067.1	CAK9318067.1
OG0009500	CAK9318068.1	CAK9318068.1
OG0009501	CAK9318069.1	CAK9318069.1
OG0009502	CAK9318071.1	CAK9318071.1
OG0009503	CAK9318072.1	CAK9318072.1
OG0009504	CAK9318073.1	CAK9318073.1
OG0009505	CAK9318074.1	CAK9318074.1
OG0009506	CAK9318075.1	CAK9318075.1
OG0009507	CAK9318076.1	CAK9318076.1
OG0009508	CAK9318077.1	CAK9318077.1
OG0009509	CAK9318078.1	CAK9318078.1
OG0009510	CAK9318079.1	CAK9318079.1
OG0009511	CAK9318081.1	CAK9318081.1
OG0009512	CAK9318082.1	CAK9318082.1
OG0009513	CAK9318083.1	CAK9318083.1
OG0009514	CAK9318084.1	CAK9318084.1
OG0009515	CAK9318085.1	CAK9318085.1
OG0009516	CAK9318086.1	CAK9318086.1
OG0009517	CAK9318088.1	CAK9318088.1
OG0009518	CAK9318089.1	CAK9318089.1
OG0009519	CAK9318092.1	CAK9318092.1
OG0009520	CAK9318093.1	CAK9318093.1
OG0009521	CAK9318094.1	CAK9318094.1
OG0009522	CAK9318095.1	CAK9318095.1
OG0009523	CAK9318096.1	CAK9318096.1
OG0009524	CAK9318097.1	CAK9318097.1
OG0009525	CAK9318098.1	CAK9318098.1
OG0009526	CAK9318099.1	CAK9318099.1
OG0009527	CAK9318100.1	CAK9318100.1
OG0009528	CAK9318101.1	CAK9318101.1
OG0009529	CAK9318102.1	CAK9318102.1
OG0009530	CAK9318103.1	CAK9318103.1
OG0009531	CAK9318104.1	CAK9318104.1
OG0009532	CAK9318105.1	CAK9318105.1
OG0009533	CAK9318106.1	CAK9318106.1
OG0009534	CAK9318107.1	CAK9318107.1
OG0009535	CAK9318108.1	CAK9318108.1
OG0009536	CAK9318109.1	CAK9318109.1
OG0009537	CAK9318110.1	CAK9318110.1
OG0009538	CAK9318111.1	CAK9318111.1
OG0009539	CAK9318112.1	CAK9318112.1
OG0009540	CAK9318113.1	CAK9318113.1
OG0009541	CAK9318114.1	CAK9318114.1
OG0009542	CAK9318115.1	CAK9318115.1
OG0009543	CAK9318116.1	CAK9318116.1
OG0009544	CAK9318117.1	CAK9318117.1
OG0009545	CAK9318118.1	CAK9318118.1
OG0009546	CAK9318119.1	CAK9318119.1
OG0009547	CAK9318120.1	CAK9318120.1
OG0009548	CAK9318121.1	CAK9318121.1
OG0009549	CAK9318122.1	CAK9318122.1
OG0009550	CAK9318123.1	CAK9318123.1
OG0009551	CAK9318124.1	CAK9318124.1
OG0009552	CAK9318126.1	CAK9318126.1
OG0009553	CAK9318127.1	CAK9318127.1
OG0009554	CAK9318128.1	CAK9318128.1
OG0009555	CAK9318130.1	CAK9318130.1
OG0009556	CAK9318131.1	CAK9318131.1
OG0009557	CAK9318132.1	CAK9318132.1
OG0009558	CAK9318133.1	CAK9318133.1
OG0009559	CAK9318134.1	CAK9318134.1
OG0009560	CAK9318135.1	CAK9318135.1
OG0009561	CAK9318136.1	CAK9318136.1
OG0009562	CAK9318137.1	CAK9318137.1
OG0009563	CAK9318138.1	CAK9318138.1
OG0009564	CAK9318139.1	CAK9318139.1
OG0009565	CAK9318140.1	CAK9318140.1
OG0009566	CAK9318142.1	CAK9318142.1
OG0009567	CAK9318143.1	CAK9318143.1
OG0009568	CAK9318144.1	CAK9318144.1
OG0009569	CAK9318145.1	CAK9318145.1
OG0009570	CAK9318146.1	CAK9318146.1
OG0009571	CAK9318147.1	CAK9318147.1
OG0009572	CAK9318148.1	CAK9318148.1
OG0009573	CAK9318149.1	CAK9318149.1
OG0009574	CAK9318150.1	CAK9318150.1
OG0009575	CAK9318151.1	CAK9318151.1
OG0009576	CAK9318152.1	CAK9318152.1
OG0009577	CAK9318153.1	CAK9318153.1
OG0009578	CAK9318154.1	CAK9318154.1
OG0009579	CAK9318155.1	CAK9318155.1
OG0009580	CAK9318156.1	CAK9318156.1
OG0009581	CAK9318159.1	CAK9318159.1
OG0009582	CAK9318160.1	CAK9318160.1
OG0009583	CAK9318161.1	CAK9318161.1
OG0009584	CAK9318162.1	CAK9318162.1
OG0009585	CAK9318163.1	CAK9318163.1
OG0009586	CAK9318164.1	CAK9318164.1
OG0009587	CAK9318165.1	CAK9318165.1
OG0009588	CAK9318166.1	CAK9318166.1
OG0009589	CAK9318167.1	CAK9318167.1
OG0009590	CAK9318168.1	CAK9318168.1
OG0009591	CAK9318169.1	CAK9318169.1
OG0009592	CAK9318170.1	CAK9318170.1
OG0009593	CAK9318171.1	CAK9318171.1
OG0009594	CAK9318172.1	CAK9318172.1
OG0009595	CAK9318173.1	CAK9318173.1
OG0009596	CAK9318174.1	CAK9318174.1
OG0009597	CAK9318175.1	CAK9318175.1
OG0009598	CAK9318176.1	CAK9318176.1
OG0009599	CAK9318177.1	CAK9318177.1
OG0009600	CAK9318178.1	CAK9318178.1
OG0009601	CAK9318179.1	CAK9318179.1
OG0009602	CAK9318180.1	CAK9318180.1
OG0009603	CAK9318183.1	CAK9318183.1
OG0009604	CAK9318184.1	CAK9318184.1
OG0009605	CAK9318185.1	CAK9318185.1
OG0009606	CAK9318186.1	CAK9318186.1
OG0009607	CAK9318187.1	CAK9318187.1
OG0009608	CAK9318188.1	CAK9318188.1
OG0009609	CAK9318189.1	CAK9318189.1
OG0009610	CAK9318190.1	CAK9318190.1
OG0009611	CAK9318191.1	CAK9318191.1
OG0009612	CAK9318192.1	CAK9318192.1
OG0009613	CAK9318193.1	CAK9318193.1
OG0009614	CAK9318194.1	CAK9318194.1
OG0009615	CAK9318196.1	CAK9318196.1
OG0009616	CAK9318197.1	CAK9318197.1
OG0009617	CAK9318198.1	CAK9318198.1
OG0009618	CAK9318199.1	CAK9318199.1
OG0009619	CAK9318200.1	CAK9318200.1
OG0009620	CAK9318201.1	CAK9318201.1
OG0009621	CAK9318202.1	CAK9318202.1
OG0009622	CAK9318203.1	CAK9318203.1
OG0009623	CAK9318204.1	CAK9318204.1
OG0009624	CAK9318205.1	CAK9318205.1
OG0009625	CAK9318206.1	CAK9318206.1
OG0009626	CAK9318207.1	CAK9318207.1
OG0009627	CAK9318208.1	CAK9318208.1
OG0009628	CAK9318209.1	CAK9318209.1
OG0009629	CAK9318210.1	CAK9318210.1
OG0009630	CAK9318211.1	CAK9318211.1
OG0009631	CAK9318212.1	CAK9318212.1
OG0009632	CAK9318213.1	CAK9318213.1
OG0009633	CAK9318214.1	CAK9318214.1
OG0009634	CAK9318215.1	CAK9318215.1
OG0009635	CAK9318217.1	CAK9318217.1
OG0009636	CAK9318218.1	CAK9318218.1
OG0009637	CAK9318219.1	CAK9318219.1
OG0009638	CAK9318222.1	CAK9318222.1
OG0009639	CAK9318223.1	CAK9318223.1
OG0009640	CAK9318224.1	CAK9318224.1
OG0009641	CAK9318225.1	CAK9318225.1
OG0009642	CAK9318226.1	CAK9318226.1
OG0009643	CAK9318227.1	CAK9318227.1
OG0009644	CAK9318228.1	CAK9318228.1
OG0009645	CAK9318229.1	CAK9318229.1
OG0009646	CAK9318230.1	CAK9318230.1
OG0009647	CAK9318231.1	CAK9318231.1
OG0009648	CAK9318232.1	CAK9318232.1
OG0009649	CAK9318233.1	CAK9318233.1
OG0009650	CAK9318234.1	CAK9318234.1
OG0009651	CAK9318235.1	CAK9318235.1
OG0009652	CAK9318236.1	CAK9318236.1
OG0009653	CAK9318237.1	CAK9318237.1
OG0009654	CAK9318238.1	CAK9318238.1
OG0009655	CAK9318239.1	CAK9318239.1
OG0009656	CAK9318240.1	CAK9318240.1
OG0009657	CAK9318241.1	CAK9318241.1
OG0009658	CAK9318242.1	CAK9318242.1
OG0009659	CAK9318243.1	CAK9318243.1
OG0009660	CAK9318244.1	CAK9318244.1
OG0009661	CAK9318245.1	CAK9318245.1
OG0009662	CAK9318246.1	CAK9318246.1
OG0009663	CAK9318247.1	CAK9318247.1
OG0009664	CAK9318248.1	CAK9318248.1
OG0009665	CAK9318249.1	CAK9318249.1
OG0009666	CAK9318250.1	CAK9318250.1
OG0009667	CAK9318251.1	CAK9318251.1
OG0009668	CAK9318252.1	CAK9318252.1
OG0009669	CAK9318253.1	CAK9318253.1
OG0009670	CAK9318254.1	CAK9318254.1
OG0009671	CAK9318255.1	CAK9318255.1
OG0009672	CAK9318256.1	CAK9318256.1
OG0009673	CAK9318257.1	CAK9318257.1
OG0009674	CAK9318259.1	CAK9318259.1
OG0009675	CAK9318260.1	CAK9318260.1
OG0009676	CAK9318262.1	CAK9318262.1
OG0009677	CAK9318263.1	CAK9318263.1
OG0009678	CAK9318264.1	CAK9318264.1
OG0009679	CAK9318265.1	CAK9318265.1
OG0009680	CAK9318266.1	CAK9318266.1
OG0009681	CAK9318267.1	CAK9318267.1
OG0009682	CAK9318268.1	CAK9318268.1
OG0009683	CAK9318269.1	CAK9318269.1
OG0009684	CAK9318271.1	CAK9318271.1
OG0009685	CAK9318272.1	CAK9318272.1
OG0009686	CAK9318273.1	CAK9318273.1
OG0009687	CAK9318275.1	CAK9318275.1
OG0009688	CAK9318276.1	CAK9318276.1
OG0009689	CAK9318277.1	CAK9318277.1
OG0009690	CAK9318278.1	CAK9318278.1
OG0009691	CAK9318279.1	CAK9318279.1
OG0009692	CAK9318280.1	CAK9318280.1
OG0009693	CAK9318281.1	CAK9318281.1
OG0009694	CAK9318282.1	CAK9318282.1
OG0009695	CAK9318283.1	CAK9318283.1
OG0009696	CAK9318284.1	CAK9318284.1
OG0009697	CAK9318285.1	CAK9318285.1
OG0009698	CAK9318286.1	CAK9318286.1
OG0009699	CAK9318287.1	CAK9318287.1
OG0009700	CAK9318288.1	CAK9318288.1
OG0009701	CAK9318289.1	CAK9318289.1
OG0009702	CAK9318290.1	CAK9318290.1
OG0009703	CAK9318291.1	CAK9318291.1
OG0009704	CAK9318292.1	CAK9318292.1
OG0009705	CAK9318293.1	CAK9318293.1
OG0009706	CAK9318294.1	CAK9318294.1
OG0009707	CAK9318295.1	CAK9318295.1
OG0009708	CAK9318296.1	CAK9318296.1
OG0009709	CAK9318297.1	CAK9318297.1
OG0009710	CAK9318298.1	CAK9318298.1
OG0009711	CAK9318299.1	CAK9318299.1
OG0009712	CAK9318300.1	CAK9318300.1
OG0009713	CAK9318301.1	CAK9318301.1
OG0009714	CAK9318302.1	CAK9318302.1
OG0009715	CAK9318303.1	CAK9318303.1
OG0009716	CAK9318304.1	CAK9318304.1
OG0009717	CAK9318305.1	CAK9318305.1
OG0009718	CAK9318306.1	CAK9318306.1
OG0009719	CAK9318307.1	CAK9318307.1
OG0009720	CAK9318308.1	CAK9318308.1
OG0009721	CAK9318309.1	CAK9318309.1
OG0009722	CAK9318310.1	CAK9318310.1
OG0009723	CAK9318311.1	CAK9318311.1
OG0009724	CAK9318312.1	CAK9318312.1
OG0009725	CAK9318313.1	CAK9318313.1
OG0009726	CAK9318314.1	CAK9318314.1
OG0009727	CAK9318315.1	CAK9318315.1
OG0009728	CAK9318316.1	CAK9318316.1
OG0009729	CAK9318317.1	CAK9318317.1
OG0009730	CAK9318318.1	CAK9318318.1
OG0009731	CAK9318319.1	CAK9318319.1
OG0009732	CAK9318320.1	CAK9318320.1
OG0009733	CAK9318321.1	CAK9318321.1
OG0009734	CAK9318322.1	CAK9318322.1
OG0009735	CAK9318323.1	CAK9318323.1
OG0009736	CAK9318324.1	CAK9318324.1
OG0009737	CAK9318325.1	CAK9318325.1
OG0009738	CAK9318326.1	CAK9318326.1
OG0009739	CAK9318327.1	CAK9318327.1
OG0009740	CAK9318328.1	CAK9318328.1
OG0009741	CAK9318329.1	CAK9318329.1
OG0009742	CAK9318330.1	CAK9318330.1
OG0009743	CAK9318331.1	CAK9318331.1
OG0009744	CAK9318332.1	CAK9318332.1
OG0009745	CAK9318333.1	CAK9318333.1
OG0009746	CAK9318334.1	CAK9318334.1
OG0009747	CAK9318335.1	CAK9318335.1
OG0009748	CAK9318336.1	CAK9318336.1
OG0009749	CAK9318337.1	CAK9318337.1
OG0009750	CAK9318338.1	CAK9318338.1
OG0009751	CAK9318339.1	CAK9318339.1
OG0009752	CAK9318340.1	CAK9318340.1
OG0009753	CAK9318341.1	CAK9318341.1
OG0009754	CAK9318342.1	CAK9318342.1
OG0009755	CAK9318343.1	CAK9318343.1
OG0009756	CAK9318344.1	CAK9318344.1
OG0009757	CAK9318345.1	CAK9318345.1
OG0009758	CAK9318346.1	CAK9318346.1
OG0009759	CAK9318348.1	CAK9318348.1
OG0009760	CAK9318352.1	CAK9318352.1
OG0009761	CAK9318353.1	CAK9318353.1
OG0009762	CAK9318354.1	CAK9318354.1
OG0009763	CAK9318356.1	CAK9318356.1
OG0009764	CAK9318357.1	CAK9318357.1
OG0009765	CAK9318358.1	CAK9318358.1
OG0009766	CAK9318359.1	CAK9318359.1
OG0009767	CAK9318360.1	CAK9318360.1
OG0009768	CAK9318361.1	CAK9318361.1
OG0009769	CAK9318364.1	CAK9318364.1
OG0009770	CAK9318365.1	CAK9318365.1
OG0009771	CAK9318366.1	CAK9318366.1
OG0009772	CAK9318367.1	CAK9318367.1
OG0009773	CAK9318368.1	CAK9318368.1
OG0009774	CAK9318369.1	CAK9318369.1
OG0009775	CAK9318370.1	CAK9318370.1
OG0009776	CAK9318371.1	CAK9318371.1
OG0009777	CAK9318372.1	CAK9318372.1
OG0009778	CAK9318373.1	CAK9318373.1
OG0009779	CAK9318374.1	CAK9318374.1
OG0009780	CAK9318375.1	CAK9318375.1
OG0009781	CAK9318376.1	CAK9318376.1
OG0009782	CAK9318377.1	CAK9318377.1
OG0009783	CAK9318378.1	CAK9318378.1
OG0009784	CAK9318379.1	CAK9318379.1
OG0009785	CAK9318380.1	CAK9318380.1
OG0009786	CAK9318381.1	CAK9318381.1
OG0009787	CAK9318383.1	CAK9318383.1
OG0009788	CAK9318384.1	CAK9318384.1
OG0009789	CAK9318386.1	CAK9318386.1
OG0009790	CAK9318387.1	CAK9318387.1
OG0009791	CAK9318388.1	CAK9318388.1
OG0009792	CAK9318389.1	CAK9318389.1
OG0009793	CAK9318390.1	CAK9318390.1
OG0009794	CAK9318391.1	CAK9318391.1
OG0009795	CAK9318392.1	CAK9318392.1
OG0009796	CAK9318393.1	CAK9318393.1
OG0009797	CAK9318396.1	CAK9318396.1
OG0009798	CAK9318397.1	CAK9318397.1
OG0009799	CAK9318398.1	CAK9318398.1
OG0009800	CAK9318399.1	CAK9318399.1
OG0009801	CAK9318400.1	CAK9318400.1
OG0009802	CAK9318401.1	CAK9318401.1
OG0009803	CAK9318402.1	CAK9318402.1
OG0009804	CAK9318403.1	CAK9318403.1
OG0009805	CAK9318404.1	CAK9318404.1
OG0009806	CAK9318407.1	CAK9318407.1
OG0009807	CAK9318410.1	CAK9318410.1
OG0009808	CAK9318411.1	CAK9318411.1
OG0009809	CAK9318412.1	CAK9318412.1
OG0009810	CAK9318413.1	CAK9318413.1
OG0009811	CAK9318414.1	CAK9318414.1
OG0009812	CAK9318415.1	CAK9318415.1
OG0009813	CAK9318416.1	CAK9318416.1
OG0009814	CAK9318417.1	CAK9318417.1
OG0009815	CAK9318418.1	CAK9318418.1
OG0009816	CAK9318419.1	CAK9318419.1
OG0009817	CAK9318420.1	CAK9318420.1
OG0009818	CAK9318421.1	CAK9318421.1
OG0009819	CAK9318422.1	CAK9318422.1
OG0009820	CAK9318423.1	CAK9318423.1
OG0009821	CAK9318424.1	CAK9318424.1
OG0009822	CAK9318425.1	CAK9318425.1
OG0009823	CAK9318426.1	CAK9318426.1
OG0009824	CAK9318427.1	CAK9318427.1
OG0009825	CAK9318428.1	CAK9318428.1
OG0009826	CAK9318429.1	CAK9318429.1
OG0009827	CAK9318430.1	CAK9318430.1
OG0009828	CAK9318431.1	CAK9318431.1
OG0009829	CAK9318432.1	CAK9318432.1
OG0009830	CAK9318433.1	CAK9318433.1
OG0009831	CAK9318436.1	CAK9318436.1
OG0009832	CAK9318437.1	CAK9318437.1
OG0009833	CAK9318438.1	CAK9318438.1
OG0009834	CAK9318439.1	CAK9318439.1
OG0009835	CAK9318440.1	CAK9318440.1
OG0009836	CAK9318441.1	CAK9318441.1
OG0009837	CAK9318442.1	CAK9318442.1
OG0009838	CAK9318443.1	CAK9318443.1
OG0009839	CAK9318444.1	CAK9318444.1
OG0009840	CAK9318445.1	CAK9318445.1
OG0009841	CAK9318446.1	CAK9318446.1
OG0009842	CAK9318447.1	CAK9318447.1
OG0009843	CAK9318448.1	CAK9318448.1
OG0009844	CAK9318449.1	CAK9318449.1
OG0009845	CAK9318451.1	CAK9318451.1
OG0009846	CAK9318452.1	CAK9318452.1
OG0009847	CAK9318455.1	CAK9318455.1
OG0009848	CAK9318456.1	CAK9318456.1
OG0009849	CAK9318457.1	CAK9318457.1
OG0009850	CAK9318458.1	CAK9318458.1
OG0009851	CAK9318459.1	CAK9318459.1
OG0009852	CAK9318460.1	CAK9318460.1
OG0009853	CAK9318461.1	CAK9318461.1
OG0009854	CAK9318462.1	CAK9318462.1
OG0009855	CAK9318463.1	CAK9318463.1
OG0009856	CAK9318464.1	CAK9318464.1
OG0009857	CAK9318465.1	CAK9318465.1
OG0009858	CAK9318466.1	CAK9318466.1
OG0009859	CAK9318467.1	CAK9318467.1
OG0009860	CAK9318468.1	CAK9318468.1
OG0009861	CAK9318469.1	CAK9318469.1
OG0009862	CAK9318470.1	CAK9318470.1
OG0009863	CAK9318471.1	CAK9318471.1
OG0009864	CAK9318472.1	CAK9318472.1
OG0009865	CAK9318473.1	CAK9318473.1
OG0009866	CAK9318474.1	CAK9318474.1
OG0009867	CAK9318475.1	CAK9318475.1
OG0009868	CAK9318478.1	CAK9318478.1
OG0009869	CAK9318479.1	CAK9318479.1
OG0009870	CAK9318480.1	CAK9318480.1
OG0009871	CAK9318481.1	CAK9318481.1
OG0009872	CAK9318482.1	CAK9318482.1
OG0009873	CAK9318483.1	CAK9318483.1
OG0009874	CAK9318484.1	CAK9318484.1
OG0009875	CAK9318486.1	CAK9318486.1
OG0009876	CAK9318488.1	CAK9318488.1
OG0009877	CAK9318489.1	CAK9318489.1
OG0009878	CAK9318490.1	CAK9318490.1
OG0009879	CAK9318491.1	CAK9318491.1
OG0009880	CAK9318492.1	CAK9318492.1
OG0009881	CAK9318493.1	CAK9318493.1
OG0009882	CAK9318494.1	CAK9318494.1
OG0009883	CAK9318495.1	CAK9318495.1
OG0009884	CAK9318496.1	CAK9318496.1
OG0009885	CAK9318497.1	CAK9318497.1
OG0009886	CAK9318498.1	CAK9318498.1
OG0009887	CAK9318499.1	CAK9318499.1
OG0009888	CAK9318500.1	CAK9318500.1
OG0009889	CAK9318501.1	CAK9318501.1
OG0009890	CAK9318502.1	CAK9318502.1
OG0009891	CAK9318503.1	CAK9318503.1
OG0009892	CAK9318504.1	CAK9318504.1
OG0009893	CAK9318505.1	CAK9318505.1
OG0009894	CAK9318507.1	CAK9318507.1
OG0009895	CAK9318508.1	CAK9318508.1
OG0009896	CAK9318509.1	CAK9318509.1
OG0009897	CAK9318510.1	CAK9318510.1
OG0009898	CAK9318511.1	CAK9318511.1
OG0009899	CAK9318512.1	CAK9318512.1
OG0009900	CAK9318513.1	CAK9318513.1
OG0009901	CAK9318514.1	CAK9318514.1
OG0009902	CAK9318515.1	CAK9318515.1
OG0009903	CAK9318516.1	CAK9318516.1
OG0009904	CAK9318517.1	CAK9318517.1
OG0009905	CAK9318518.1	CAK9318518.1
OG0009906	CAK9318519.1	CAK9318519.1
OG0009907	CAK9318520.1	CAK9318520.1
OG0009908	CAK9318521.1	CAK9318521.1
OG0009909	CAK9318522.1	CAK9318522.1
OG0009910	CAK9318524.1	CAK9318524.1
OG0009911	CAK9318525.1	CAK9318525.1
OG0009912	CAK9318526.1	CAK9318526.1
OG0009913	CAK9318527.1	CAK9318527.1
OG0009914	CAK9318528.1	CAK9318528.1
OG0009915	CAK9318529.1	CAK9318529.1
OG0009916	CAK9318530.1	CAK9318530.1
OG0009917	CAK9318531.1	CAK9318531.1
OG0009918	CAK9318532.1	CAK9318532.1
OG0009919	CAK9318533.1	CAK9318533.1
OG0009920	CAK9318535.1	CAK9318535.1
OG0009921	CAK9318536.1	CAK9318536.1
OG0009922	CAK9318537.1	CAK9318537.1
OG0009923	CAK9318538.1	CAK9318538.1
OG0009924	CAK9318541.1	CAK9318541.1
OG0009925	CAK9318542.1	CAK9318542.1
OG0009926	CAK9318543.1	CAK9318543.1
OG0009927	CAK9318544.1	CAK9318544.1
OG0009928	CAK9318545.1	CAK9318545.1
OG0009929	CAK9318546.1	CAK9318546.1
OG0009930	CAK9318547.1	CAK9318547.1
OG0009931	CAK9318548.1	CAK9318548.1
OG0009932	CAK9318549.1	CAK9318549.1
OG0009933	CAK9318550.1	CAK9318550.1
OG0009934	CAK9318551.1	CAK9318551.1
OG0009935	CAK9318552.1	CAK9318552.1
OG0009936	CAK9318553.1	CAK9318553.1
OG0009937	CAK9318554.1	CAK9318554.1
OG0009938	CAK9318555.1	CAK9318555.1
OG0009939	CAK9318556.1	CAK9318556.1
OG0009940	CAK9318557.1	CAK9318557.1
OG0009941	CAK9318558.1	CAK9318558.1
OG0009942	CAK9318559.1	CAK9318559.1
OG0009943	CAK9318560.1	CAK9318560.1
OG0009944	CAK9318562.1	CAK9318562.1
OG0009945	CAK9318563.1	CAK9318563.1
OG0009946	CAK9318564.1	CAK9318564.1
OG0009947	CAK9318565.1	CAK9318565.1
OG0009948	CAK9318566.1	CAK9318566.1
OG0009949	CAK9318569.1	CAK9318569.1
OG0009950	CAK9318570.1	CAK9318570.1
OG0009951	CAK9318572.1	CAK9318572.1
OG0009952	CAK9318573.1	CAK9318573.1
OG0009953	CAK9318575.1	CAK9318575.1
OG0009954	CAK9318576.1	CAK9318576.1
OG0009955	CAK9318577.1	CAK9318577.1
OG0009956	CAK9318578.1	CAK9318578.1
OG0009957	CAK9318579.1	CAK9318579.1
OG0009958	CAK9318580.1	CAK9318580.1
OG0009959	CAK9318581.1	CAK9318581.1
OG0009960	CAK9318582.1	CAK9318582.1
OG0009961	CAK9318583.1	CAK9318583.1
OG0009962	CAK9318584.1	CAK9318584.1
OG0009963	CAK9318586.1	CAK9318586.1
OG0009964	CAK9318587.1	CAK9318587.1
OG0009965	CAK9318588.1	CAK9318588.1
OG0009966	CAK9318590.1	CAK9318590.1
OG0009967	CAK9318591.1	CAK9318591.1
OG0009968	CAK9318593.1	CAK9318593.1
OG0009969	CAK9318594.1	CAK9318594.1
OG0009970	CAK9318595.1	CAK9318595.1
OG0009971	CAK9318596.1	CAK9318596.1
OG0009972	CAK9318597.1	CAK9318597.1
OG0009973	CAK9318598.1	CAK9318598.1
OG0009974	CAK9318600.1	CAK9318600.1
OG0009975	CAK9318601.1	CAK9318601.1
OG0009976	CAK9318602.1	CAK9318602.1
OG0009977	CAK9318603.1	CAK9318603.1
OG0009978	CAK9318604.1	CAK9318604.1
OG0009979	CAK9318607.1	CAK9318607.1
OG0009980	CAK9318609.1	CAK9318609.1
OG0009981	CAK9318610.1	CAK9318610.1
OG0009982	CAK9318611.1	CAK9318611.1
OG0009983	CAK9318612.1	CAK9318612.1
OG0009984	CAK9318613.1	CAK9318613.1
OG0009985	CAK9318614.1	CAK9318614.1
OG0009986	CAK9318616.1	CAK9318616.1
OG0009987	CAK9318617.1	CAK9318617.1
OG0009988	CAK9318618.1	CAK9318618.1
OG0009989	CAK9318619.1	CAK9318619.1
OG0009990	CAK9318620.1	CAK9318620.1
OG0009991	CAK9318621.1	CAK9318621.1
OG0009992	CAK9318622.1	CAK9318622.1
OG0009993	CAK9318623.1	CAK9318623.1
OG0009994	CAK9318628.1	CAK9318628.1
OG0009995	CAK9318629.1	CAK9318629.1
OG0009996	CAK9318630.1	CAK9318630.1
OG0009997	CAK9318631.1	CAK9318631.1
OG0009998	CAK9318632.1	CAK9318632.1
OG0009999	CAK9318633.1	CAK9318633.1
OG0010000	CAK9318634.1	CAK9318634.1
OG0010001	CAK9318635.1	CAK9318635.1
OG0010002	CAK9318636.1	CAK9318636.1
OG0010003	CAK9318637.1	CAK9318637.1
OG0010004	CAK9318638.1	CAK9318638.1
OG0010005	CAK9318639.1	CAK9318639.1
OG0010006	CAK9318640.1	CAK9318640.1
OG0010007	CAK9318641.1	CAK9318641.1
OG0010008	CAK9318642.1	CAK9318642.1
OG0010009	CAK9318643.1	CAK9318643.1
OG0010010	CAK9318644.1	CAK9318644.1
OG0010011	CAK9318645.1	CAK9318645.1
OG0010012	CAK9318646.1	CAK9318646.1
OG0010013	CAK9318647.1	CAK9318647.1
OG0010014	CAK9318648.1	CAK9318648.1
OG0010015	CAK9318650.1	CAK9318650.1
OG0010016	CAK9318651.1	CAK9318651.1
OG0010017	CAK9318652.1	CAK9318652.1
OG0010018	CAK9318653.1	CAK9318653.1
OG0010019	CAK9318654.1	CAK9318654.1
OG0010020	CAK9318656.1	CAK9318656.1
OG0010021	CAK9318658.1	CAK9318658.1
OG0010022	CAK9318659.1	CAK9318659.1
OG0010023	CAK9318660.1	CAK9318660.1
OG0010024	CAK9318662.1	CAK9318662.1
OG0010025	CAK9318663.1	CAK9318663.1
OG0010026	CAK9318664.1	CAK9318664.1
OG0010027	CAK9318666.1	CAK9318666.1
OG0010028	CAK9318668.1	CAK9318668.1
OG0010029	CAK9318669.1	CAK9318669.1
OG0010030	CAK9318670.1	CAK9318670.1
OG0010031	CAK9318671.1	CAK9318671.1
OG0010032	CAK9318672.1	CAK9318672.1
OG0010033	CAK9318673.1	CAK9318673.1
OG0010034	CAK9318674.1	CAK9318674.1
OG0010035	CAK9318675.1	CAK9318675.1
OG0010036	CAK9318676.1	CAK9318676.1
OG0010037	CAK9318677.1	CAK9318677.1
OG0010038	CAK9318678.1	CAK9318678.1
OG0010039	CAK9318681.1	CAK9318681.1
OG0010040	CAK9318683.1	CAK9318683.1
OG0010041	CAK9318684.1	CAK9318684.1
OG0010042	CAK9318685.1	CAK9318685.1
OG0010043	CAK9318686.1	CAK9318686.1
OG0010044	CAK9318687.1	CAK9318687.1
OG0010045	CAK9318689.1	CAK9318689.1
OG0010046	CAK9318690.1	CAK9318690.1
OG0010047	CAK9318691.1	CAK9318691.1
OG0010048	CAK9318692.1	CAK9318692.1
OG0010049	CAK9318693.1	CAK9318693.1
OG0010050	CAK9318694.1	CAK9318694.1
OG0010051	CAK9318695.1	CAK9318695.1
OG0010052	CAK9318696.1	CAK9318696.1
OG0010053	CAK9318697.1	CAK9318697.1
OG0010054	CAK9318698.1	CAK9318698.1
OG0010055	CAK9318699.1	CAK9318699.1
OG0010056	CAK9318700.1	CAK9318700.1
OG0010057	CAK9318702.1	CAK9318702.1
OG0010058	CAK9318703.1	CAK9318703.1
OG0010059	CAK9318704.1	CAK9318704.1
OG0010060	CAK9318705.1	CAK9318705.1
OG0010061	CAK9318706.1	CAK9318706.1
OG0010062	CAK9318707.1	CAK9318707.1
OG0010063	CAK9318708.1	CAK9318708.1
OG0010064	CAK9318711.1	CAK9318711.1
OG0010065	CAK9318712.1	CAK9318712.1
OG0010066	CAK9318713.1	CAK9318713.1
OG0010067	CAK9318714.1	CAK9318714.1
OG0010068	CAK9318715.1	CAK9318715.1
OG0010069	CAK9318716.1	CAK9318716.1
OG0010070	CAK9318717.1	CAK9318717.1
OG0010071	CAK9318718.1	CAK9318718.1
OG0010072	CAK9318719.1	CAK9318719.1
OG0010073	CAK9318720.1	CAK9318720.1
OG0010074	CAK9318721.1	CAK9318721.1
OG0010075	CAK9318722.1	CAK9318722.1
OG0010076	CAK9318723.1	CAK9318723.1
OG0010077	CAK9318724.1	CAK9318724.1
OG0010078	CAK9318725.1	CAK9318725.1
OG0010079	CAK9318726.1	CAK9318726.1
OG0010080	CAK9318727.1	CAK9318727.1
OG0010081	CAK9318728.1	CAK9318728.1
OG0010082	CAK9318730.1	CAK9318730.1
OG0010083	CAK9318731.1	CAK9318731.1
OG0010084	CAK9318734.1	CAK9318734.1
OG0010085	CAK9318735.1	CAK9318735.1
OG0010086	CAK9318736.1	CAK9318736.1
OG0010087	CAK9318738.1	CAK9318738.1
OG0010088	CAK9318739.1	CAK9318739.1
OG0010089	CAK9318740.1	CAK9318740.1
OG0010090	CAK9318741.1	CAK9318741.1
OG0010091	CAK9318742.1	CAK9318742.1
OG0010092	CAK9318743.1	CAK9318743.1
OG0010093	CAK9318746.1	CAK9318746.1
OG0010094	CAK9318748.1	CAK9318748.1
OG0010095	CAK9318749.1	CAK9318749.1
OG0010096	CAK9318750.1	CAK9318750.1
OG0010097	CAK9318752.1	CAK9318752.1
OG0010098	CAK9318753.1	CAK9318753.1
OG0010099	CAK9318754.1	CAK9318754.1
OG0010100	CAK9318755.1	CAK9318755.1
OG0010101	CAK9318756.1	CAK9318756.1
OG0010102	CAK9318758.1	CAK9318758.1
OG0010103	CAK9318759.1	CAK9318759.1
OG0010104	CAK9318762.1	CAK9318762.1
OG0010105	CAK9318763.1	CAK9318763.1
OG0010106	CAK9318764.1	CAK9318764.1
OG0010107	CAK9318765.1	CAK9318765.1
OG0010108	CAK9318766.1	CAK9318766.1
OG0010109	CAK9318767.1	CAK9318767.1
OG0010110	CAK9318768.1	CAK9318768.1
OG0010111	CAK9318769.1	CAK9318769.1
OG0010112	CAK9318770.1	CAK9318770.1
OG0010113	CAK9318771.1	CAK9318771.1
OG0010114	CAK9318772.1	CAK9318772.1
OG0010115	CAK9318773.1	CAK9318773.1
OG0010116	CAK9318774.1	CAK9318774.1
OG0010117	CAK9318775.1	CAK9318775.1
OG0010118	CAK9318776.1	CAK9318776.1
OG0010119	CAK9318777.1	CAK9318777.1
OG0010120	CAK9318778.1	CAK9318778.1
OG0010121	CAK9318779.1	CAK9318779.1
OG0010122	CAK9318780.1	CAK9318780.1
OG0010123	CAK9318781.1	CAK9318781.1
OG0010124	CAK9318782.1	CAK9318782.1
OG0010125	CAK9318783.1	CAK9318783.1
OG0010126	CAK9318784.1	CAK9318784.1
OG0010127	CAK9318785.1	CAK9318785.1
OG0010128	CAK9318786.1	CAK9318786.1
OG0010129	CAK9318787.1	CAK9318787.1
OG0010130	CAK9318788.1	CAK9318788.1
OG0010131	CAK9318790.1	CAK9318790.1
OG0010132	CAK9318791.1	CAK9318791.1
OG0010133	CAK9318792.1	CAK9318792.1
OG0010134	CAK9318793.1	CAK9318793.1
OG0010135	CAK9318794.1	CAK9318794.1
OG0010136	CAK9318795.1	CAK9318795.1
OG0010137	CAK9318796.1	CAK9318796.1
OG0010138	CAK9318797.1	CAK9318797.1
OG0010139	CAK9318798.1	CAK9318798.1
OG0010140	CAK9318799.1	CAK9318799.1
OG0010141	CAK9318800.1	CAK9318800.1
OG0010142	CAK9318801.1	CAK9318801.1
OG0010143	CAK9318802.1	CAK9318802.1
OG0010144	CAK9318804.1	CAK9318804.1
OG0010145	CAK9318805.1	CAK9318805.1
OG0010146	CAK9318808.1	CAK9318808.1
OG0010147	CAK9318809.1	CAK9318809.1
OG0010148	CAK9318810.1	CAK9318810.1
OG0010149	CAK9318811.1	CAK9318811.1
OG0010150	CAK9318812.1	CAK9318812.1
OG0010151	CAK9318813.1	CAK9318813.1
OG0010152	CAK9318814.1	CAK9318814.1
OG0010153	CAK9318815.1	CAK9318815.1
OG0010154	CAK9318816.1	CAK9318816.1
OG0010155	CAK9318817.1	CAK9318817.1
OG0010156	CAK9318818.1	CAK9318818.1
OG0010157	CAK9318819.1	CAK9318819.1
OG0010158	CAK9318820.1	CAK9318820.1
OG0010159	CAK9318821.1	CAK9318821.1
OG0010160	CAK9318822.1	CAK9318822.1
OG0010161	CAK9318824.1	CAK9318824.1
OG0010162	CAK9318825.1	CAK9318825.1
OG0010163	CAK9318826.1	CAK9318826.1
OG0010164	CAK9318827.1	CAK9318827.1
OG0010165	CAK9318829.1	CAK9318829.1
OG0010166	CAK9318831.1	CAK9318831.1
OG0010167	CAK9318832.1	CAK9318832.1
OG0010168	CAK9318833.1	CAK9318833.1
OG0010169	CAK9318834.1	CAK9318834.1
OG0010170	CAK9318836.1	CAK9318836.1
OG0010171	CAK9318837.1	CAK9318837.1
OG0010172	CAK9318838.1	CAK9318838.1
OG0010173	CAK9318839.1	CAK9318839.1
OG0010174	CAK9318840.1	CAK9318840.1
OG0010175	CAK9318841.1	CAK9318841.1
OG0010176	CAK9318843.1	CAK9318843.1
OG0010177	CAK9318845.1	CAK9318845.1
OG0010178	CAK9318846.1	CAK9318846.1
OG0010179	CAK9318847.1	CAK9318847.1
OG0010180	CAK9318848.1	CAK9318848.1
OG0010181	CAK9318849.1	CAK9318849.1
OG0010182	CAK9318850.1	CAK9318850.1
OG0010183	CAK9318851.1	CAK9318851.1
OG0010184	CAK9318852.1	CAK9318852.1
OG0010185	CAK9318854.1	CAK9318854.1
OG0010186	CAK9318856.1	CAK9318856.1
OG0010187	CAK9318857.1	CAK9318857.1
OG0010188	CAK9318858.1	CAK9318858.1
OG0010189	CAK9318859.1	CAK9318859.1
OG0010190	CAK9318860.1	CAK9318860.1
OG0010191	CAK9318861.1	CAK9318861.1
OG0010192	CAK9318862.1	CAK9318862.1
OG0010193	CAK9318863.1	CAK9318863.1
OG0010194	CAK9318864.1	CAK9318864.1
OG0010195	CAK9318865.1	CAK9318865.1
OG0010196	CAK9318866.1	CAK9318866.1
OG0010197	CAK9318868.1	CAK9318868.1
OG0010198	CAK9318870.1	CAK9318870.1
OG0010199	CAK9318871.1	CAK9318871.1
OG0010200	CAK9318872.1	CAK9318872.1
OG0010201	CAK9318873.1	CAK9318873.1
OG0010202	CAK9318874.1	CAK9318874.1
OG0010203	CAK9318875.1	CAK9318875.1
OG0010204	CAK9318877.1	CAK9318877.1
OG0010205	CAK9318878.1	CAK9318878.1
OG0010206	CAK9318879.1	CAK9318879.1
OG0010207	CAK9318880.1	CAK9318880.1
OG0010208	CAK9318881.1	CAK9318881.1
OG0010209	CAK9318882.1	CAK9318882.1
OG0010210	CAK9318883.1	CAK9318883.1
OG0010211	CAK9318884.1	CAK9318884.1
OG0010212	CAK9318885.1	CAK9318885.1
OG0010213	CAK9318887.1	CAK9318887.1
OG0010214	CAK9318888.1	CAK9318888.1
OG0010215	CAK9318889.1	CAK9318889.1
OG0010216	CAK9318890.1	CAK9318890.1
OG0010217	CAK9318891.1	CAK9318891.1
OG0010218	CAK9318892.1	CAK9318892.1
OG0010219	CAK9318893.1	CAK9318893.1
OG0010220	CAK9318894.1	CAK9318894.1
OG0010221	CAK9318896.1	CAK9318896.1
OG0010222	CAK9318897.1	CAK9318897.1
OG0010223	CAK9318898.1	CAK9318898.1
OG0010224	CAK9318899.1	CAK9318899.1
OG0010225	CAK9318901.1	CAK9318901.1
OG0010226	CAK9318902.1	CAK9318902.1
OG0010227	CAK9318903.1	CAK9318903.1
OG0010228	CAK9318904.1	CAK9318904.1
OG0010229	CAK9318905.1	CAK9318905.1
OG0010230	CAK9318906.1	CAK9318906.1
OG0010231	CAK9318907.1	CAK9318907.1
OG0010232	CAK9318908.1	CAK9318908.1
OG0010233	CAK9318909.1	CAK9318909.1
OG0010234	CAK9318910.1	CAK9318910.1
OG0010235	CAK9318911.1	CAK9318911.1
OG0010236	CAK9318912.1	CAK9318912.1
OG0010237	CAK9318913.1	CAK9318913.1
OG0010238	CAK9318914.1	CAK9318914.1
OG0010239	CAK9318915.1	CAK9318915.1
OG0010240	CAK9318916.1	CAK9318916.1
OG0010241	CAK9318917.1	CAK9318917.1
OG0010242	CAK9318918.1	CAK9318918.1
OG0010243	CAK9318919.1	CAK9318919.1
OG0010244	CAK9318921.1	CAK9318921.1
OG0010245	CAK9318922.1	CAK9318922.1
OG0010246	CAK9318923.1	CAK9318923.1
OG0010247	CAK9318925.1	CAK9318925.1
OG0010248	CAK9318926.1	CAK9318926.1
OG0010249	CAK9318928.1	CAK9318928.1
OG0010250	CAK9318929.1	CAK9318929.1
OG0010251	CAK9318931.1	CAK9318931.1
OG0010252	CAK9318932.1	CAK9318932.1
OG0010253	CAK9318935.1	CAK9318935.1
OG0010254	CAK9318936.1	CAK9318936.1
OG0010255	CAK9318938.1	CAK9318938.1
OG0010256	CAK9318939.1	CAK9318939.1
OG0010257	CAK9318940.1	CAK9318940.1
OG0010258	CAK9318941.1	CAK9318941.1
OG0010259	CAK9318942.1	CAK9318942.1
OG0010260	CAK9318943.1	CAK9318943.1
OG0010261	CAK9318944.1	CAK9318944.1
OG0010262	CAK9318945.1	CAK9318945.1
OG0010263	CAK9318946.1	CAK9318946.1
OG0010264	CAK9318947.1	CAK9318947.1
OG0010265	CAK9318948.1	CAK9318948.1
OG0010266	CAK9318949.1	CAK9318949.1
OG0010267	CAK9318950.1	CAK9318950.1
OG0010268	CAK9318951.1	CAK9318951.1
OG0010269	CAK9318952.1	CAK9318952.1
OG0010270	CAK9318953.1	CAK9318953.1
OG0010271	CAK9318954.1	CAK9318954.1
OG0010272	CAK9318955.1	CAK9318955.1
OG0010273	CAK9318956.1	CAK9318956.1
OG0010274	CAK9318957.1	CAK9318957.1
OG0010275	CAK9318958.1	CAK9318958.1
OG0010276	CAK9318959.1	CAK9318959.1
OG0010277	CAK9318960.1	CAK9318960.1
OG0010278	CAK9318961.1	CAK9318961.1
OG0010279	CAK9318962.1	CAK9318962.1
OG0010280	CAK9318963.1	CAK9318963.1
OG0010281	CAK9318964.1	CAK9318964.1
OG0010282	CAK9318965.1	CAK9318965.1
OG0010283	CAK9318966.1	CAK9318966.1
OG0010284	CAK9318967.1	CAK9318967.1
OG0010285	CAK9318968.1	CAK9318968.1
OG0010286	CAK9318969.1	CAK9318969.1
OG0010287	CAK9318970.1	CAK9318970.1
OG0010288	CAK9318971.1	CAK9318971.1
OG0010289	CAK9318972.1	CAK9318972.1
OG0010290	CAK9318973.1	CAK9318973.1
OG0010291	CAK9318974.1	CAK9318974.1
OG0010292	CAK9318975.1	CAK9318975.1
OG0010293	CAK9318977.1	CAK9318977.1
OG0010294	CAK9318979.1	CAK9318979.1
OG0010295	CAK9318980.1	CAK9318980.1
OG0010296	CAK9318981.1	CAK9318981.1
OG0010297	CAK9318983.1	CAK9318983.1
OG0010298	CAK9318984.1	CAK9318984.1
OG0010299	CAK9318985.1	CAK9318985.1
OG0010300	CAK9318986.1	CAK9318986.1
OG0010301	CAK9318987.1	CAK9318987.1
OG0010302	CAK9318988.1	CAK9318988.1
OG0010303	CAK9318989.1	CAK9318989.1
OG0010304	CAK9318990.1	CAK9318990.1
OG0010305	CAK9318991.1	CAK9318991.1
OG0010306	CAK9318992.1	CAK9318992.1
OG0010307	CAK9318993.1	CAK9318993.1
OG0010308	CAK9318994.1	CAK9318994.1
OG0010309	CAK9318995.1	CAK9318995.1
OG0010310	CAK9318996.1	CAK9318996.1
OG0010311	CAK9318998.1	CAK9318998.1
OG0010312	CAK9318999.1	CAK9318999.1
OG0010313	CAK9319000.1	CAK9319000.1
OG0010314	CAK9319001.1	CAK9319001.1
OG0010315	CAK9319002.1	CAK9319002.1
OG0010316	CAK9319003.1	CAK9319003.1
OG0010317	CAK9319004.1	CAK9319004.1
OG0010318	CAK9319005.1	CAK9319005.1
OG0010319	CAK9319006.1	CAK9319006.1
OG0010320	CAK9319007.1	CAK9319007.1
OG0010321	CAK9319008.1	CAK9319008.1
OG0010322	CAK9319009.1	CAK9319009.1
OG0010323	CAK9319010.1	CAK9319010.1
OG0010324	CAK9319011.1	CAK9319011.1
OG0010325	CAK9319012.1	CAK9319012.1
OG0010326	CAK9319014.1	CAK9319014.1
OG0010327	CAK9319017.1	CAK9319017.1
OG0010328	CAK9319018.1	CAK9319018.1
OG0010329	CAK9319019.1	CAK9319019.1
OG0010330	CAK9319020.1	CAK9319020.1
OG0010331	CAK9319021.1	CAK9319021.1
OG0010332	CAK9319022.1	CAK9319022.1
OG0010333	CAK9319024.1	CAK9319024.1
OG0010334	CAK9319026.1	CAK9319026.1
OG0010335	CAK9319027.1	CAK9319027.1
OG0010336	CAK9319028.1	CAK9319028.1
OG0010337	CAK9319029.1	CAK9319029.1
OG0010338	CAK9319030.1	CAK9319030.1
OG0010339	CAK9319032.1	CAK9319032.1
OG0010340	CAK9319033.1	CAK9319033.1
OG0010341	CAK9319034.1	CAK9319034.1
OG0010342	CAK9319035.1	CAK9319035.1
OG0010343	CAK9319036.1	CAK9319036.1
OG0010344	CAK9319037.1	CAK9319037.1
OG0010345	CAK9319038.1	CAK9319038.1
OG0010346	CAK9319039.1	CAK9319039.1
OG0010347	CAK9319040.1	CAK9319040.1
OG0010348	CAK9319041.1	CAK9319041.1
OG0010349	CAK9319042.1	CAK9319042.1
OG0010350	CAK9319043.1	CAK9319043.1
OG0010351	CAK9319044.1	CAK9319044.1
OG0010352	CAK9319045.1	CAK9319045.1
OG0010353	CAK9319046.1	CAK9319046.1
OG0010354	CAK9319048.1	CAK9319048.1
OG0010355	CAK9319049.1	CAK9319049.1
OG0010356	CAK9319050.1	CAK9319050.1
OG0010357	CAK9319052.1	CAK9319052.1
OG0010358	CAK9319053.1	CAK9319053.1
OG0010359	CAK9319054.1	CAK9319054.1
OG0010360	CAK9319055.1	CAK9319055.1
OG0010361	CAK9319056.1	CAK9319056.1
OG0010362	CAK9319057.1	CAK9319057.1
OG0010363	CAK9319059.1	CAK9319059.1
OG0010364	CAK9319060.1	CAK9319060.1
OG0010365	CAK9319061.1	CAK9319061.1
OG0010366	CAK9319062.1	CAK9319062.1
OG0010367	CAK9319063.1	CAK9319063.1
OG0010368	CAK9319064.1	CAK9319064.1
OG0010369	CAK9319065.1	CAK9319065.1
OG0010370	CAK9319066.1	CAK9319066.1
OG0010371	CAK9319067.1	CAK9319067.1
OG0010372	CAK9319068.1	CAK9319068.1
OG0010373	CAK9319069.1	CAK9319069.1
OG0010374	CAK9319070.1	CAK9319070.1
OG0010375	CAK9319072.1	CAK9319072.1
OG0010376	CAK9319073.1	CAK9319073.1
OG0010377	CAK9319074.1	CAK9319074.1
OG0010378	CAK9319075.1	CAK9319075.1
OG0010379	CAK9319076.1	CAK9319076.1
OG0010380	CAK9319077.1	CAK9319077.1
OG0010381	CAK9319079.1	CAK9319079.1
OG0010382	CAK9319080.1	CAK9319080.1
OG0010383	CAK9319081.1	CAK9319081.1
OG0010384	CAK9319082.1	CAK9319082.1
OG0010385	CAK9319083.1	CAK9319083.1
OG0010386	CAK9319084.1	CAK9319084.1
OG0010387	CAK9319085.1	CAK9319085.1
OG0010388	CAK9319086.1	CAK9319086.1
OG0010389	CAK9319089.1	CAK9319089.1
OG0010390	CAK9319090.1	CAK9319090.1
OG0010391	CAK9319091.1	CAK9319091.1
OG0010392	CAK9319092.1	CAK9319092.1
OG0010393	CAK9319093.1	CAK9319093.1
OG0010394	CAK9319094.1	CAK9319094.1
OG0010395	CAK9319095.1	CAK9319095.1
OG0010396	CAK9319096.1	CAK9319096.1
OG0010397	CAK9319097.1	CAK9319097.1
OG0010398	CAK9319099.1	CAK9319099.1
OG0010399	CAK9319100.1	CAK9319100.1
OG0010400	CAK9319101.1	CAK9319101.1
OG0010401	CAK9319102.1	CAK9319102.1
OG0010402	CAK9319103.1	CAK9319103.1
OG0010403	CAK9319104.1	CAK9319104.1
OG0010404	CAK9319105.1	CAK9319105.1
OG0010405	CAK9319106.1	CAK9319106.1
OG0010406	CAK9319107.1	CAK9319107.1
OG0010407	CAK9319108.1	CAK9319108.1
OG0010408	CAK9319109.1	CAK9319109.1
OG0010409	CAK9319110.1	CAK9319110.1
OG0010410	CAK9319111.1	CAK9319111.1
OG0010411	CAK9319112.1	CAK9319112.1
OG0010412	CAK9319113.1	CAK9319113.1
OG0010413	CAK9319114.1	CAK9319114.1
OG0010414	CAK9319115.1	CAK9319115.1
OG0010415	CAK9319116.1	CAK9319116.1
OG0010416	CAK9319117.1	CAK9319117.1
OG0010417	CAK9319119.1	CAK9319119.1
OG0010418	CAK9319120.1	CAK9319120.1
OG0010419	CAK9319121.1	CAK9319121.1
OG0010420	CAK9319122.1	CAK9319122.1
OG0010421	CAK9319123.1	CAK9319123.1
OG0010422	CAK9319124.1	CAK9319124.1
OG0010423	CAK9319126.1	CAK9319126.1
OG0010424	CAK9319127.1	CAK9319127.1
OG0010425	CAK9319128.1	CAK9319128.1
OG0010426	CAK9319129.1	CAK9319129.1
OG0010427	CAK9319130.1	CAK9319130.1
OG0010428	CAK9319131.1	CAK9319131.1
OG0010429	CAK9319132.1	CAK9319132.1
OG0010430	CAK9319133.1	CAK9319133.1
OG0010431	CAK9319134.1	CAK9319134.1
OG0010432	CAK9319135.1	CAK9319135.1
OG0010433	CAK9319136.1	CAK9319136.1
OG0010434	CAK9319137.1	CAK9319137.1
OG0010435	CAK9319138.1	CAK9319138.1
OG0010436	CAK9319139.1	CAK9319139.1
OG0010437	CAK9319140.1	CAK9319140.1
OG0010438	CAK9319142.1	CAK9319142.1
OG0010439	CAK9319144.1	CAK9319144.1
OG0010440	CAK9319145.1	CAK9319145.1
OG0010441	CAK9319146.1	CAK9319146.1
OG0010442	CAK9319147.1	CAK9319147.1
OG0010443	CAK9319148.1	CAK9319148.1
OG0010444	CAK9319149.1	CAK9319149.1
OG0010445	CAK9319150.1	CAK9319150.1
OG0010446	CAK9319151.1	CAK9319151.1
OG0010447	CAK9319152.1	CAK9319152.1
OG0010448	CAK9319153.1	CAK9319153.1
OG0010449	CAK9319154.1	CAK9319154.1
OG0010450	CAK9319155.1	CAK9319155.1
OG0010451	CAK9319156.1	CAK9319156.1
OG0010452	CAK9319157.1	CAK9319157.1
OG0010453	CAK9319158.1	CAK9319158.1
OG0010454	CAK9319160.1	CAK9319160.1
OG0010455	CAK9319161.1	CAK9319161.1
OG0010456	CAK9319162.1	CAK9319162.1
OG0010457	CAK9319163.1	CAK9319163.1
OG0010458	CAK9319164.1	CAK9319164.1
OG0010459	CAK9319165.1	CAK9319165.1
OG0010460	CAK9319166.1	CAK9319166.1
OG0010461	CAK9319167.1	CAK9319167.1
OG0010462	CAK9319168.1	CAK9319168.1
OG0010463	CAK9319169.1	CAK9319169.1
OG0010464	CAK9319170.1	CAK9319170.1
OG0010465	CAK9319171.1	CAK9319171.1
OG0010466	CAK9319172.1	CAK9319172.1
OG0010467	CAK9319173.1	CAK9319173.1
OG0010468	CAK9319174.1	CAK9319174.1
OG0010469	CAK9319175.1	CAK9319175.1
OG0010470	CAK9319176.1	CAK9319176.1
OG0010471	CAK9319177.1	CAK9319177.1
OG0010472	CAK9319178.1	CAK9319178.1
OG0010473	CAK9319179.1	CAK9319179.1
OG0010474	CAK9319180.1	CAK9319180.1
OG0010475	CAK9319181.1	CAK9319181.1
OG0010476	CAK9319182.1	CAK9319182.1
OG0010477	CAK9319183.1	CAK9319183.1
OG0010478	CAK9319184.1	CAK9319184.1
OG0010479	CAK9319185.1	CAK9319185.1
OG0010480	CAK9319186.1	CAK9319186.1
OG0010481	CAK9319187.1	CAK9319187.1
OG0010482	CAK9319188.1	CAK9319188.1
OG0010483	CAK9319189.1	CAK9319189.1
OG0010484	CAK9319190.1	CAK9319190.1
OG0010485	CAK9319191.1	CAK9319191.1
OG0010486	CAK9319192.1	CAK9319192.1
OG0010487	CAK9319193.1	CAK9319193.1
OG0010488	CAK9319194.1	CAK9319194.1
OG0010489	CAK9319195.1	CAK9319195.1
OG0010490	CAK9319196.1	CAK9319196.1
OG0010491	CAK9319197.1	CAK9319197.1
OG0010492	CAK9319198.1	CAK9319198.1
OG0010493	CAK9319199.1	CAK9319199.1
OG0010494	CAK9319200.1	CAK9319200.1
OG0010495	CAK9319202.1	CAK9319202.1
OG0010496	CAK9319203.1	CAK9319203.1
OG0010497	CAK9319204.1	CAK9319204.1
OG0010498	CAK9319205.1	CAK9319205.1
OG0010499	CAK9319206.1	CAK9319206.1
OG0010500	CAK9319207.1	CAK9319207.1
OG0010501	CAK9319208.1	CAK9319208.1
OG0010502	CAK9319209.1	CAK9319209.1
OG0010503	CAK9319210.1	CAK9319210.1
OG0010504	CAK9319211.1	CAK9319211.1
OG0010505	CAK9319212.1	CAK9319212.1
OG0010506	CAK9319213.1	CAK9319213.1
OG0010507	CAK9319214.1	CAK9319214.1
OG0010508	CAK9319215.1	CAK9319215.1
OG0010509	CAK9319216.1	CAK9319216.1
OG0010510	CAK9319218.1	CAK9319218.1
OG0010511	CAK9319219.1	CAK9319219.1
OG0010512	CAK9319220.1	CAK9319220.1
OG0010513	CAK9319221.1	CAK9319221.1
OG0010514	CAK9319222.1	CAK9319222.1
OG0010515	CAK9319223.1	CAK9319223.1
OG0010516	CAK9319224.1	CAK9319224.1
OG0010517	CAK9319225.1	CAK9319225.1
OG0010518	CAK9319226.1	CAK9319226.1
OG0010519	CAK9319227.1	CAK9319227.1
OG0010520	CAK9319228.1	CAK9319228.1
OG0010521	CAK9319229.1	CAK9319229.1
OG0010522	CAK9319230.1	CAK9319230.1
OG0010523	CAK9319231.1	CAK9319231.1
OG0010524	CAK9319232.1	CAK9319232.1
OG0010525	CAK9319233.1	CAK9319233.1
OG0010526	CAK9319234.1	CAK9319234.1
OG0010527	CAK9319235.1	CAK9319235.1
OG0010528	CAK9319236.1	CAK9319236.1
OG0010529	CAK9319237.1	CAK9319237.1
OG0010530	CAK9319238.1	CAK9319238.1
OG0010531	CAK9319239.1	CAK9319239.1
OG0010532	CAK9319240.1	CAK9319240.1
OG0010533	CAK9319241.1	CAK9319241.1
OG0010534	CAK9319242.1	CAK9319242.1
OG0010535	CAK9319243.1	CAK9319243.1
OG0010536	CAK9319244.1	CAK9319244.1
OG0010537	CAK9319245.1	CAK9319245.1
OG0010538	CAK9319246.1	CAK9319246.1
OG0010539	CAK9319247.1	CAK9319247.1
OG0010540	CAK9319248.1	CAK9319248.1
OG0010541	CAK9319249.1	CAK9319249.1
OG0010542	CAK9319250.1	CAK9319250.1
OG0010543	CAK9319251.1	CAK9319251.1
OG0010544	CAK9319252.1	CAK9319252.1
OG0010545	CAK9319253.1	CAK9319253.1
OG0010546	CAK9319254.1	CAK9319254.1
OG0010547	CAK9319255.1	CAK9319255.1
OG0010548	CAK9319256.1	CAK9319256.1
OG0010549	CAK9319260.1	CAK9319260.1
OG0010550	CAK9319262.1	CAK9319262.1
OG0010551	CAK9319263.1	CAK9319263.1
OG0010552	CAK9319264.1	CAK9319264.1
OG0010553	CAK9319265.1	CAK9319265.1
OG0010554	CAK9319266.1	CAK9319266.1
OG0010555	CAK9319267.1	CAK9319267.1
OG0010556	CAK9319268.1	CAK9319268.1
OG0010557	CAK9319270.1	CAK9319270.1
OG0010558	CAK9319271.1	CAK9319271.1
OG0010559	CAK9319274.1	CAK9319274.1
OG0010560	CAK9319275.1	CAK9319275.1
OG0010561	CAK9319276.1	CAK9319276.1
OG0010562	CAK9319277.1	CAK9319277.1
OG0010563	CAK9319278.1	CAK9319278.1
OG0010564	CAK9319279.1	CAK9319279.1
OG0010565	CAK9319280.1	CAK9319280.1
OG0010566	CAK9319282.1	CAK9319282.1
OG0010567	CAK9319284.1	CAK9319284.1
OG0010568	CAK9319285.1	CAK9319285.1
OG0010569	CAK9319286.1	CAK9319286.1
OG0010570	CAK9319287.1	CAK9319287.1
OG0010571	CAK9319288.1	CAK9319288.1
OG0010572	CAK9319290.1	CAK9319290.1
OG0010573	CAK9319291.1	CAK9319291.1
OG0010574	CAK9319292.1	CAK9319292.1
OG0010575	CAK9319293.1	CAK9319293.1
OG0010576	CAK9319294.1	CAK9319294.1
OG0010577	CAK9319296.1	CAK9319296.1
OG0010578	CAK9319297.1	CAK9319297.1
OG0010579	CAK9319306.1	CAK9319306.1
OG0010580	CAK9319307.1	CAK9319307.1
OG0010581	CAK9319308.1	CAK9319308.1
OG0010582	CAK9319309.1	CAK9319309.1
OG0010583	CAK9319310.1	CAK9319310.1
OG0010584	CAK9319311.1	CAK9319311.1
OG0010585	CAK9319312.1	CAK9319312.1
OG0010586	CAK9319313.1	CAK9319313.1
OG0010587	CAK9319314.1	CAK9319314.1
OG0010588	CAK9319315.1	CAK9319315.1
OG0010589	CAK9319316.1	CAK9319316.1
OG0010590	CAK9319317.1	CAK9319317.1
OG0010591	CAK9319318.1	CAK9319318.1
OG0010592	CAK9319320.1	CAK9319320.1
OG0010593	CAK9319321.1	CAK9319321.1
OG0010594	CAK9319322.1	CAK9319322.1
OG0010595	CAK9319324.1	CAK9319324.1
OG0010596	CAK9319325.1	CAK9319325.1
OG0010597	CAK9319327.1	CAK9319327.1
OG0010598	CAK9319328.1	CAK9319328.1
OG0010599	CAK9319329.1	CAK9319329.1
OG0010600	CAK9319330.1	CAK9319330.1
OG0010601	CAK9319331.1	CAK9319331.1
OG0010602	CAK9319335.1	CAK9319335.1
OG0010603	CAK9319340.1	CAK9319340.1
OG0010604	CAK9319341.1	CAK9319341.1
OG0010605	CAK9319342.1	CAK9319342.1
OG0010606	CAK9319345.1	CAK9319345.1
OG0010607	CAK9319346.1	CAK9319346.1
OG0010608	CAK9319347.1	CAK9319347.1
OG0010609	CAK9319348.1	CAK9319348.1
OG0010610	CAK9319349.1	CAK9319349.1
OG0010611	CAK9319350.1	CAK9319350.1
OG0010612	CAK9319351.1	CAK9319351.1
OG0010613	CAK9319352.1	CAK9319352.1
OG0010614	CAK9319353.1	CAK9319353.1
OG0010615	CAK9319354.1	CAK9319354.1
OG0010616	CAK9319355.1	CAK9319355.1
OG0010617	CAK9319356.1	CAK9319356.1
OG0010618	CAK9319357.1	CAK9319357.1
OG0010619	CAK9319358.1	CAK9319358.1
OG0010620	CAK9319359.1	CAK9319359.1
OG0010621	CAK9319360.1	CAK9319360.1
OG0010622	CAK9319361.1	CAK9319361.1
OG0010623	CAK9319362.1	CAK9319362.1
OG0010624	CAK9319363.1	CAK9319363.1
OG0010625	CAK9319364.1	CAK9319364.1
OG0010626	CAK9319374.1	CAK9319374.1
OG0010627	CAK9319375.1	CAK9319375.1
OG0010628	CAK9319376.1	CAK9319376.1
OG0010629	CAK9319378.1	CAK9319378.1
OG0010630	CAK9319379.1	CAK9319379.1
OG0010631	CAK9319380.1	CAK9319380.1
OG0010632	CAK9319381.1	CAK9319381.1
OG0010633	CAK9319382.1	CAK9319382.1
OG0010634	CAK9319383.1	CAK9319383.1
OG0010635	CAK9319384.1	CAK9319384.1
OG0010636	CAK9319385.1	CAK9319385.1
OG0010637	CAK9319387.1	CAK9319387.1
OG0010638	CAK9319388.1	CAK9319388.1
OG0010639	CAK9319389.1	CAK9319389.1
OG0010640	CAK9319391.1	CAK9319391.1
OG0010641	CAK9319392.1	CAK9319392.1
OG0010642	CAK9319393.1	CAK9319393.1
OG0010643	CAK9319394.1	CAK9319394.1
OG0010644	CAK9319395.1	CAK9319395.1
OG0010645	CAK9319396.1	CAK9319396.1
OG0010646	CAK9319397.1	CAK9319397.1
OG0010647	CAK9319398.1	CAK9319398.1
OG0010648	CAK9319399.1	CAK9319399.1
OG0010649	CAK9319400.1	CAK9319400.1
OG0010650	CAK9319401.1	CAK9319401.1
OG0010651	CAK9319402.1	CAK9319402.1
OG0010652	CAK9319405.1	CAK9319405.1
OG0010653	CAK9319406.1	CAK9319406.1
OG0010654	CAK9319407.1	CAK9319407.1
OG0010655	CAK9319408.1	CAK9319408.1
OG0010656	CAK9319409.1	CAK9319409.1
OG0010657	CAK9319410.1	CAK9319410.1
OG0010658	CAK9319411.1	CAK9319411.1
OG0010659	CAK9319412.1	CAK9319412.1
OG0010660	CAK9319413.1	CAK9319413.1
OG0010661	CAK9319415.1	CAK9319415.1
OG0010662	CAK9319416.1	CAK9319416.1
OG0010663	CAK9319417.1	CAK9319417.1
OG0010664	CAK9319418.1	CAK9319418.1
OG0010665	CAK9319419.1	CAK9319419.1
OG0010666	CAK9319420.1	CAK9319420.1
OG0010667	CAK9319421.1	CAK9319421.1
OG0010668	CAK9319422.1	CAK9319422.1
OG0010669	CAK9319423.1	CAK9319423.1
OG0010670	CAK9319424.1	CAK9319424.1
OG0010671	CAK9319425.1	CAK9319425.1
OG0010672	CAK9319426.1	CAK9319426.1
OG0010673	CAK9319427.1	CAK9319427.1
OG0010674	CAK9319428.1	CAK9319428.1
OG0010675	CAK9319429.1	CAK9319429.1
OG0010676	CAK9319430.1	CAK9319430.1
OG0010677	CAK9319431.1	CAK9319431.1
OG0010678	CAK9319432.1	CAK9319432.1
OG0010679	CAK9319433.1	CAK9319433.1
OG0010680	CAK9319434.1	CAK9319434.1
OG0010681	CAK9319435.1	CAK9319435.1
OG0010682	CAK9319436.1	CAK9319436.1
OG0010683	CAK9319437.1	CAK9319437.1
OG0010684	CAK9319438.1	CAK9319438.1
OG0010685	CAK9319439.1	CAK9319439.1
OG0010686	CAK9319440.1	CAK9319440.1
OG0010687	CAK9319441.1	CAK9319441.1
OG0010688	CAK9319442.1	CAK9319442.1
OG0010689	CAK9319443.1	CAK9319443.1
OG0010690	CAK9319444.1	CAK9319444.1
OG0010691	CAK9319445.1	CAK9319445.1
OG0010692	CAK9319446.1	CAK9319446.1
OG0010693	CAK9319447.1	CAK9319447.1
OG0010694	CAK9319448.1	CAK9319448.1
OG0010695	CAK9319449.1	CAK9319449.1
OG0010696	CAK9319450.1	CAK9319450.1
OG0010697	CAK9319451.1	CAK9319451.1
OG0010698	CAK9319452.1	CAK9319452.1
OG0010699	CAK9319453.1	CAK9319453.1
OG0010700	CAK9319454.1	CAK9319454.1
OG0010701	CAK9319455.1	CAK9319455.1
OG0010702	CAK9319456.1	CAK9319456.1
OG0010703	CAK9319458.1	CAK9319458.1
OG0010704	CAK9319459.1	CAK9319459.1
OG0010705	CAK9319460.1	CAK9319460.1
OG0010706	CAK9319461.1	CAK9319461.1
OG0010707	CAK9319462.1	CAK9319462.1
OG0010708	CAK9319464.1	CAK9319464.1
OG0010709	CAK9319465.1	CAK9319465.1
OG0010710	CAK9319466.1	CAK9319466.1
OG0010711	CAK9319467.1	CAK9319467.1
OG0010712	CAK9319468.1	CAK9319468.1
OG0010713	CAK9319469.1	CAK9319469.1
OG0010714	CAK9319471.1	CAK9319471.1
OG0010715	CAK9319472.1	CAK9319472.1
OG0010716	CAK9319473.1	CAK9319473.1
OG0010717	CAK9319474.1	CAK9319474.1
OG0010718	CAK9319475.1	CAK9319475.1
OG0010719	CAK9319476.1	CAK9319476.1
OG0010720	CAK9319477.1	CAK9319477.1
OG0010721	CAK9319478.1	CAK9319478.1
OG0010722	CAK9319479.1	CAK9319479.1
OG0010723	CAK9319480.1	CAK9319480.1
OG0010724	CAK9319481.1	CAK9319481.1
OG0010725	CAK9319482.1	CAK9319482.1
OG0010726	CAK9319484.1	CAK9319484.1
OG0010727	CAK9319485.1	CAK9319485.1
OG0010728	CAK9319486.1	CAK9319486.1
OG0010729	CAK9319487.1	CAK9319487.1
OG0010730	CAK9319489.1	CAK9319489.1
OG0010731	CAK9319490.1	CAK9319490.1
OG0010732	CAK9319492.1	CAK9319492.1
OG0010733	CAK9319493.1	CAK9319493.1
OG0010734	CAK9319494.1	CAK9319494.1
OG0010735	CAK9319495.1	CAK9319495.1
OG0010736	CAK9319496.1	CAK9319496.1
OG0010737	CAK9319497.1	CAK9319497.1
OG0010738	CAK9319498.1	CAK9319498.1
OG0010739	CAK9319499.1	CAK9319499.1
OG0010740	CAK9319500.1	CAK9319500.1
OG0010741	CAK9319501.1	CAK9319501.1
OG0010742	CAK9319502.1	CAK9319502.1
OG0010743	CAK9319503.1	CAK9319503.1
OG0010744	CAK9319504.1	CAK9319504.1
OG0010745	CAK9319505.1	CAK9319505.1
OG0010746	CAK9319506.1	CAK9319506.1
OG0010747	CAK9319507.1	CAK9319507.1
OG0010748	CAK9319508.1	CAK9319508.1
OG0010749	CAK9319509.1	CAK9319509.1
OG0010750	CAK9319510.1	CAK9319510.1
OG0010751	CAK9319513.1	CAK9319513.1
OG0010752	CAK9319516.1	CAK9319516.1
OG0010753	CAK9319517.1	CAK9319517.1
OG0010754	CAK9319518.1	CAK9319518.1
OG0010755	CAK9319519.1	CAK9319519.1
OG0010756	CAK9319520.1	CAK9319520.1
OG0010757	CAK9319521.1	CAK9319521.1
OG0010758	CAK9319522.1	CAK9319522.1
OG0010759	CAK9319523.1	CAK9319523.1
OG0010760	CAK9319524.1	CAK9319524.1
OG0010761	CAK9319525.1	CAK9319525.1
OG0010762	CAK9319526.1	CAK9319526.1
OG0010763	CAK9319527.1	CAK9319527.1
OG0010764	CAK9319528.1	CAK9319528.1
OG0010765	CAK9319529.1	CAK9319529.1
OG0010766	CAK9319530.1	CAK9319530.1
OG0010767	CAK9319531.1	CAK9319531.1
OG0010768	CAK9319532.1	CAK9319532.1
OG0010769	CAK9319533.1	CAK9319533.1
OG0010770	CAK9319534.1	CAK9319534.1
OG0010771	CAK9319535.1	CAK9319535.1
OG0010772	CAK9319536.1	CAK9319536.1
OG0010773	CAK9319537.1	CAK9319537.1
OG0010774	CAK9319538.1	CAK9319538.1
OG0010775	CAK9319539.1	CAK9319539.1
OG0010776	CAK9319540.1	CAK9319540.1
OG0010777	CAK9319541.1	CAK9319541.1
OG0010778	CAK9319543.1	CAK9319543.1
OG0010779	CAK9319544.1	CAK9319544.1
OG0010780	CAK9319545.1	CAK9319545.1
OG0010781	CAK9319546.1	CAK9319546.1
OG0010782	CAK9319547.1	CAK9319547.1
OG0010783	CAK9319548.1	CAK9319548.1
OG0010784	CAK9319549.1	CAK9319549.1
OG0010785	CAK9319550.1	CAK9319550.1
OG0010786	CAK9319551.1	CAK9319551.1
OG0010787	CAK9319552.1	CAK9319552.1
OG0010788	CAK9319553.1	CAK9319553.1
OG0010789	CAK9319554.1	CAK9319554.1
OG0010790	CAK9319555.1	CAK9319555.1
OG0010791	CAK9319556.1	CAK9319556.1
OG0010792	CAK9319557.1	CAK9319557.1
OG0010793	CAK9319558.1	CAK9319558.1
OG0010794	CAK9319559.1	CAK9319559.1
OG0010795	CAK9319560.1	CAK9319560.1
OG0010796	CAK9319561.1	CAK9319561.1
OG0010797	CAK9319562.1	CAK9319562.1
OG0010798	CAK9319563.1	CAK9319563.1
OG0010799	CAK9319564.1	CAK9319564.1
OG0010800	CAK9319565.1	CAK9319565.1
OG0010801	CAK9319566.1	CAK9319566.1
OG0010802	CAK9319567.1	CAK9319567.1
OG0010803	CAK9319569.1	CAK9319569.1
OG0010804	CAK9319570.1	CAK9319570.1
OG0010805	CAK9319572.1	CAK9319572.1
OG0010806	CAK9319573.1	CAK9319573.1
OG0010807	CAK9319574.1	CAK9319574.1
OG0010808	CAK9319575.1	CAK9319575.1
OG0010809	CAK9319576.1	CAK9319576.1
OG0010810	CAK9319577.1	CAK9319577.1
OG0010811	CAK9319578.1	CAK9319578.1
OG0010812	CAK9319579.1	CAK9319579.1
OG0010813	CAK9319580.1	CAK9319580.1
OG0010814	CAK9319581.1	CAK9319581.1
OG0010815	CAK9319582.1	CAK9319582.1
OG0010816	CAK9319583.1	CAK9319583.1
OG0010817	CAK9319585.1	CAK9319585.1
OG0010818	CAK9319586.1	CAK9319586.1
OG0010819	CAK9319587.1	CAK9319587.1
OG0010820	CAK9319588.1	CAK9319588.1
OG0010821	CAK9319589.1	CAK9319589.1
OG0010822	CAK9319590.1	CAK9319590.1
OG0010823	CAK9319591.1	CAK9319591.1
OG0010824	CAK9319592.1	CAK9319592.1
OG0010825	CAK9319593.1	CAK9319593.1
OG0010826	CAK9319594.1	CAK9319594.1
OG0010827	CAK9319595.1	CAK9319595.1
OG0010828	CAK9319596.1	CAK9319596.1
OG0010829	CAK9319597.1	CAK9319597.1
OG0010830	CAK9319598.1	CAK9319598.1
OG0010831	CAK9319599.1	CAK9319599.1
OG0010832	CAK9319600.1	CAK9319600.1
OG0010833	CAK9319601.1	CAK9319601.1
OG0010834	CAK9319602.1	CAK9319602.1
OG0010835	CAK9319603.1	CAK9319603.1
OG0010836	CAK9319604.1	CAK9319604.1
OG0010837	CAK9319605.1	CAK9319605.1
OG0010838	CAK9319606.1	CAK9319606.1
OG0010839	CAK9319607.1	CAK9319607.1
OG0010840	CAK9319608.1	CAK9319608.1
OG0010841	CAK9319609.1	CAK9319609.1
OG0010842	CAK9319610.1	CAK9319610.1
OG0010843	CAK9319611.1	CAK9319611.1
OG0010844	CAK9319613.1	CAK9319613.1
OG0010845	CAK9319614.1	CAK9319614.1
OG0010846	CAK9319615.1	CAK9319615.1
OG0010847	CAK9319616.1	CAK9319616.1
OG0010848	CAK9319617.1	CAK9319617.1
OG0010849	CAK9319618.1	CAK9319618.1
OG0010850	CAK9319619.1	CAK9319619.1
OG0010851	CAK9319620.1	CAK9319620.1
OG0010852	CAK9319621.1	CAK9319621.1
OG0010853	CAK9319622.1	CAK9319622.1
OG0010854	CAK9319629.1	CAK9319629.1
OG0010855	CAK9319630.1	CAK9319630.1
OG0010856	CAK9319631.1	CAK9319631.1
OG0010857	CAK9319632.1	CAK9319632.1
OG0010858	CAK9319633.1	CAK9319633.1
OG0010859	CAK9319634.1	CAK9319634.1
OG0010860	CAK9319635.1	CAK9319635.1
OG0010861	CAK9319636.1	CAK9319636.1
OG0010862	CAK9319637.1	CAK9319637.1
OG0010863	CAK9319638.1	CAK9319638.1
OG0010864	CAK9319639.1	CAK9319639.1
OG0010865	CAK9319640.1	CAK9319640.1
OG0010866	CAK9319641.1	CAK9319641.1
OG0010867	CAK9319642.1	CAK9319642.1
OG0010868	CAK9319644.1	CAK9319644.1
OG0010869	CAK9319645.1	CAK9319645.1
OG0010870	CAK9319647.1	CAK9319647.1
OG0010871	CAK9319649.1	CAK9319649.1
OG0010872	CAK9319650.1	CAK9319650.1
OG0010873	CAK9319651.1	CAK9319651.1
OG0010874	CAK9319652.1	CAK9319652.1
OG0010875	CAK9319653.1	CAK9319653.1
OG0010876	CAK9319654.1	CAK9319654.1
OG0010877	CAK9319655.1	CAK9319655.1
OG0010878	CAK9319656.1	CAK9319656.1
OG0010879	CAK9319657.1	CAK9319657.1
OG0010880	CAK9319658.1	CAK9319658.1
OG0010881	CAK9319659.1	CAK9319659.1
OG0010882	CAK9319661.1	CAK9319661.1
OG0010883	CAK9319662.1	CAK9319662.1
OG0010884	CAK9319663.1	CAK9319663.1
OG0010885	CAK9319664.1	CAK9319664.1
OG0010886	CAK9319665.1	CAK9319665.1
OG0010887	CAK9319666.1	CAK9319666.1
OG0010888	CAK9319669.1	CAK9319669.1
OG0010889	CAK9319670.1	CAK9319670.1
OG0010890	CAK9319671.1	CAK9319671.1
OG0010891	CAK9319672.1	CAK9319672.1
OG0010892	CAK9319673.1	CAK9319673.1
OG0010893	CAK9319674.1	CAK9319674.1
OG0010894	CAK9319675.1	CAK9319675.1
OG0010895	CAK9319676.1	CAK9319676.1
OG0010896	CAK9319677.1	CAK9319677.1
OG0010897	CAK9319678.1	CAK9319678.1
OG0010898	CAK9319679.1	CAK9319679.1
OG0010899	CAK9319680.1	CAK9319680.1
OG0010900	CAK9319681.1	CAK9319681.1
OG0010901	CAK9319682.1	CAK9319682.1
OG0010902	CAK9319683.1	CAK9319683.1
OG0010903	CAK9319684.1	CAK9319684.1
OG0010904	CAK9319685.1	CAK9319685.1
OG0010905	CAK9319686.1	CAK9319686.1
OG0010906	CAK9319687.1	CAK9319687.1
OG0010907	CAK9319688.1	CAK9319688.1
OG0010908	CAK9319689.1	CAK9319689.1
OG0010909	CAK9319690.1	CAK9319690.1
OG0010910	CAK9319691.1	CAK9319691.1
OG0010911	CAK9319692.1	CAK9319692.1
OG0010912	CAK9319693.1	CAK9319693.1
OG0010913	CAK9319694.1	CAK9319694.1
OG0010914	CAK9319695.1	CAK9319695.1
OG0010915	CAK9319696.1	CAK9319696.1
OG0010916	CAK9319697.1	CAK9319697.1
OG0010917	CAK9319698.1	CAK9319698.1
OG0010918	CAK9319699.1	CAK9319699.1
OG0010919	CAK9319701.1	CAK9319701.1
OG0010920	CAK9319703.1	CAK9319703.1
OG0010921	CAK9319705.1	CAK9319705.1
OG0010922	CAK9319706.1	CAK9319706.1
OG0010923	CAK9319707.1	CAK9319707.1
OG0010924	CAK9319708.1	CAK9319708.1
OG0010925	CAK9319709.1	CAK9319709.1
OG0010926	CAK9319710.1	CAK9319710.1
OG0010927	CAK9319711.1	CAK9319711.1
OG0010928	CAK9319712.1	CAK9319712.1
OG0010929	CAK9319713.1	CAK9319713.1
OG0010930	CAK9319714.1	CAK9319714.1
OG0010931	CAK9319715.1	CAK9319715.1
OG0010932	CAK9319716.1	CAK9319716.1
OG0010933	CAK9319717.1	CAK9319717.1
OG0010934	CAK9319718.1	CAK9319718.1
OG0010935	CAK9319719.1	CAK9319719.1
OG0010936	CAK9319720.1	CAK9319720.1
OG0010937	CAK9319721.1	CAK9319721.1
OG0010938	CAK9319722.1	CAK9319722.1
OG0010939	CAK9319723.1	CAK9319723.1
OG0010940	CAK9319724.1	CAK9319724.1
OG0010941	CAK9319725.1	CAK9319725.1
OG0010942	CAK9319726.1	CAK9319726.1
OG0010943	CAK9319727.1	CAK9319727.1
OG0010944	CAK9319728.1	CAK9319728.1
OG0010945	CAK9319729.1	CAK9319729.1
OG0010946	CAK9319730.1	CAK9319730.1
OG0010947	CAK9319731.1	CAK9319731.1
OG0010948	CAK9319733.1	CAK9319733.1
OG0010949	CAK9319734.1	CAK9319734.1
OG0010950	CAK9319736.1	CAK9319736.1
OG0010951	CAK9319738.1	CAK9319738.1
OG0010952	CAK9319739.1	CAK9319739.1
OG0010953	CAK9319740.1	CAK9319740.1
OG0010954	CAK9319741.1	CAK9319741.1
OG0010955	CAK9319742.1	CAK9319742.1
OG0010956	CAK9319743.1	CAK9319743.1
OG0010957	CAK9319745.1	CAK9319745.1
OG0010958	CAK9319746.1	CAK9319746.1
OG0010959	CAK9319747.1	CAK9319747.1
OG0010960	CAK9319748.1	CAK9319748.1
OG0010961	CAK9319749.1	CAK9319749.1
OG0010962	CAK9319750.1	CAK9319750.1
OG0010963	CAK9319751.1	CAK9319751.1
OG0010964	CAK9319752.1	CAK9319752.1
OG0010965	CAK9319753.1	CAK9319753.1
OG0010966	CAK9319754.1	CAK9319754.1
OG0010967	CAK9319755.1	CAK9319755.1
OG0010968	CAK9319756.1	CAK9319756.1
OG0010969	CAK9319757.1	CAK9319757.1
OG0010970	CAK9319758.1	CAK9319758.1
OG0010971	CAK9319759.1	CAK9319759.1
OG0010972	CAK9319760.1	CAK9319760.1
OG0010973	CAK9319761.1	CAK9319761.1
OG0010974	CAK9319762.1	CAK9319762.1
OG0010975	CAK9319763.1	CAK9319763.1
OG0010976	CAK9319764.1	CAK9319764.1
OG0010977	CAK9319765.1	CAK9319765.1
OG0010978	CAK9319766.1	CAK9319766.1
OG0010979	CAK9319767.1	CAK9319767.1
OG0010980	CAK9319768.1	CAK9319768.1
OG0010981	CAK9319769.1	CAK9319769.1
OG0010982	CAK9319770.1	CAK9319770.1
OG0010983	CAK9319771.1	CAK9319771.1
OG0010984	CAK9319772.1	CAK9319772.1
OG0010985	CAK9319773.1	CAK9319773.1
OG0010986	CAK9319774.1	CAK9319774.1
OG0010987	CAK9319775.1	CAK9319775.1
OG0010988	CAK9319776.1	CAK9319776.1
OG0010989	CAK9319777.1	CAK9319777.1
OG0010990	CAK9319778.1	CAK9319778.1
OG0010991	CAK9319779.1	CAK9319779.1
OG0010992	CAK9319781.1	CAK9319781.1
OG0010993	CAK9319782.1	CAK9319782.1
OG0010994	CAK9319783.1	CAK9319783.1
OG0010995	CAK9319784.1	CAK9319784.1
OG0010996	CAK9319785.1	CAK9319785.1
OG0010997	CAK9319786.1	CAK9319786.1
OG0010998	CAK9319787.1	CAK9319787.1
OG0010999	CAK9319788.1	CAK9319788.1
OG0011000	CAK9319789.1	CAK9319789.1
OG0011001	CAK9319792.1	CAK9319792.1
OG0011002	CAK9319793.1	CAK9319793.1
OG0011003	CAK9319794.1	CAK9319794.1
OG0011004	CAK9319795.1	CAK9319795.1
OG0011005	CAK9319796.1	CAK9319796.1
OG0011006	CAK9319797.1	CAK9319797.1
OG0011007	CAK9319798.1	CAK9319798.1
OG0011008	CAK9319799.1	CAK9319799.1
OG0011009	CAK9319800.1	CAK9319800.1
OG0011010	CAK9319801.1	CAK9319801.1
OG0011011	CAK9319802.1	CAK9319802.1
OG0011012	CAK9319803.1	CAK9319803.1
OG0011013	CAK9319804.1	CAK9319804.1
OG0011014	CAK9319805.1	CAK9319805.1
OG0011015	CAK9319806.1	CAK9319806.1
OG0011016	CAK9319807.1	CAK9319807.1
OG0011017	CAK9319808.1	CAK9319808.1
OG0011018	CAK9319809.1	CAK9319809.1
OG0011019	CAK9319811.1	CAK9319811.1
OG0011020	CAK9319812.1	CAK9319812.1
OG0011021	CAK9319813.1	CAK9319813.1
OG0011022	CAK9319814.1	CAK9319814.1
OG0011023	CAK9319815.1	CAK9319815.1
OG0011024	CAK9319816.1	CAK9319816.1
OG0011025	CAK9319817.1	CAK9319817.1
OG0011026	CAK9319818.1	CAK9319818.1
OG0011027	CAK9319819.1	CAK9319819.1
OG0011028	CAK9319820.1	CAK9319820.1
OG0011029	CAK9319821.1	CAK9319821.1
OG0011030	CAK9319822.1	CAK9319822.1
OG0011031	CAK9319824.1	CAK9319824.1
OG0011032	CAK9319825.1	CAK9319825.1
OG0011033	CAK9319826.1	CAK9319826.1
OG0011034	CAK9319827.1	CAK9319827.1
OG0011035	CAK9319828.1	CAK9319828.1
OG0011036	CAK9319829.1	CAK9319829.1
OG0011037	CAK9319830.1	CAK9319830.1
OG0011038	CAK9319831.1	CAK9319831.1
OG0011039	CAK9319832.1	CAK9319832.1
OG0011040	CAK9319833.1	CAK9319833.1
OG0011041	CAK9319834.1	CAK9319834.1
OG0011042	CAK9319835.1	CAK9319835.1
OG0011043	CAK9319836.1	CAK9319836.1
OG0011044	CAK9319837.1	CAK9319837.1
OG0011045	CAK9319838.1	CAK9319838.1
OG0011046	CAK9319839.1	CAK9319839.1
OG0011047	CAK9319840.1	CAK9319840.1
OG0011048	CAK9319841.1	CAK9319841.1
OG0011049	CAK9319842.1	CAK9319842.1
OG0011050	CAK9319843.1	CAK9319843.1
OG0011051	CAK9319844.1	CAK9319844.1
OG0011052	CAK9319845.1	CAK9319845.1
OG0011053	CAK9319846.1	CAK9319846.1
OG0011054	CAK9319847.1	CAK9319847.1
OG0011055	CAK9319848.1	CAK9319848.1
OG0011056	CAK9319849.1	CAK9319849.1
OG0011057	CAK9319850.1	CAK9319850.1
OG0011058	CAK9319851.1	CAK9319851.1
OG0011059	CAK9319852.1	CAK9319852.1
OG0011060	CAK9319853.1	CAK9319853.1
OG0011061	CAK9319854.1	CAK9319854.1
OG0011062	CAK9319858.1	CAK9319858.1
OG0011063	CAK9319859.1	CAK9319859.1
OG0011064	CAK9319860.1	CAK9319860.1
OG0011065	CAK9319861.1	CAK9319861.1
OG0011066	CAK9319862.1	CAK9319862.1
OG0011067	CAK9319865.1	CAK9319865.1
OG0011068	CAK9319866.1	CAK9319866.1
OG0011069	CAK9319867.1	CAK9319867.1
OG0011070	CAK9319868.1	CAK9319868.1
OG0011071	CAK9319869.1	CAK9319869.1
OG0011072	CAK9319870.1	CAK9319870.1
OG0011073	CAK9319871.1	CAK9319871.1
OG0011074	CAK9319872.1	CAK9319872.1
OG0011075	CAK9319873.1	CAK9319873.1
OG0011076	CAK9319874.1	CAK9319874.1
OG0011077	CAK9319875.1	CAK9319875.1
OG0011078	CAK9319876.1	CAK9319876.1
OG0011079	CAK9319877.1	CAK9319877.1
OG0011080	CAK9319879.1	CAK9319879.1
OG0011081	CAK9319880.1	CAK9319880.1
OG0011082	CAK9319881.1	CAK9319881.1
OG0011083	CAK9319882.1	CAK9319882.1
OG0011084	CAK9319883.1	CAK9319883.1
OG0011085	CAK9319884.1	CAK9319884.1
OG0011086	CAK9319887.1	CAK9319887.1
OG0011087	CAK9319889.1	CAK9319889.1
OG0011088	CAK9319890.1	CAK9319890.1
OG0011089	CAK9319891.1	CAK9319891.1
OG0011090	CAK9319892.1	CAK9319892.1
OG0011091	CAK9319893.1	CAK9319893.1
OG0011092	CAK9319894.1	CAK9319894.1
OG0011093	CAK9319895.1	CAK9319895.1
OG0011094	CAK9319896.1	CAK9319896.1
OG0011095	CAK9319897.1	CAK9319897.1
OG0011096	CAK9319899.1	CAK9319899.1
OG0011097	CAK9319901.1	CAK9319901.1
OG0011098	CAK9319902.1	CAK9319902.1
OG0011099	CAK9319903.1	CAK9319903.1
OG0011100	CAK9319904.1	CAK9319904.1
OG0011101	CAK9319907.1	CAK9319907.1
OG0011102	CAK9319908.1	CAK9319908.1
OG0011103	CAK9319911.1	CAK9319911.1
OG0011104	CAK9319912.1	CAK9319912.1
OG0011105	CAK9319913.1	CAK9319913.1
OG0011106	CAK9319916.1	CAK9319916.1
OG0011107	CAK9319917.1	CAK9319917.1
OG0011108	CAK9319918.1	CAK9319918.1
OG0011109	CAK9319919.1	CAK9319919.1
OG0011110	CAK9319920.1	CAK9319920.1
OG0011111	CAK9319921.1	CAK9319921.1
OG0011112	CAK9319922.1	CAK9319922.1
OG0011113	CAK9319923.1	CAK9319923.1
OG0011114	CAK9319924.1	CAK9319924.1
OG0011115	CAK9319925.1	CAK9319925.1
OG0011116	CAK9319926.1	CAK9319926.1
OG0011117	CAK9319927.1	CAK9319927.1
OG0011118	CAK9319928.1	CAK9319928.1
OG0011119	CAK9319929.1	CAK9319929.1
OG0011120	CAK9319930.1	CAK9319930.1
OG0011121	CAK9319931.1	CAK9319931.1
OG0011122	CAK9319932.1	CAK9319932.1
OG0011123	CAK9319933.1	CAK9319933.1
OG0011124	CAK9319934.1	CAK9319934.1
OG0011125	CAK9319935.1	CAK9319935.1
OG0011126	CAK9319936.1	CAK9319936.1
OG0011127	CAK9319937.1	CAK9319937.1
OG0011128	CAK9319938.1	CAK9319938.1
OG0011129	CAK9319939.1	CAK9319939.1
OG0011130	CAK9319942.1	CAK9319942.1
OG0011131	CAK9319943.1	CAK9319943.1
OG0011132	CAK9319944.1	CAK9319944.1
OG0011133	CAK9319945.1	CAK9319945.1
OG0011134	CAK9319946.1	CAK9319946.1
OG0011135	CAK9319947.1	CAK9319947.1
OG0011136	CAK9319948.1	CAK9319948.1
OG0011137	CAK9319949.1	CAK9319949.1
OG0011138	CAK9319950.1	CAK9319950.1
OG0011139	CAK9319953.1	CAK9319953.1
OG0011140	CAK9319954.1	CAK9319954.1
OG0011141	CAK9319955.1	CAK9319955.1
OG0011142	CAK9319956.1	CAK9319956.1
OG0011143	CAK9319957.1	CAK9319957.1
OG0011144	CAK9319958.1	CAK9319958.1
OG0011145	CAK9319959.1	CAK9319959.1
OG0011146	CAK9319960.1	CAK9319960.1
OG0011147	CAK9319961.1	CAK9319961.1
OG0011148	CAK9319962.1	CAK9319962.1
OG0011149	CAK9319964.1	CAK9319964.1
OG0011150	CAK9319965.1	CAK9319965.1
OG0011151	CAK9319966.1	CAK9319966.1
OG0011152	CAK9319968.1	CAK9319968.1
OG0011153	CAK9319969.1	CAK9319969.1
OG0011154	CAK9319970.1	CAK9319970.1
OG0011155	CAK9319971.1	CAK9319971.1
OG0011156	CAK9319973.1	CAK9319973.1
OG0011157	CAK9319974.1	CAK9319974.1
OG0011158	CAK9319975.1	CAK9319975.1
OG0011159	CAK9319976.1	CAK9319976.1
OG0011160	CAK9319977.1	CAK9319977.1
OG0011161	CAK9319978.1	CAK9319978.1
OG0011162	CAK9319980.1	CAK9319980.1
OG0011163	CAK9319981.1	CAK9319981.1
OG0011164	CAK9319982.1	CAK9319982.1
OG0011165	CAK9319983.1	CAK9319983.1
OG0011166	CAK9319984.1	CAK9319984.1
OG0011167	CAK9319985.1	CAK9319985.1
OG0011168	CAK9319986.1	CAK9319986.1
OG0011169	CAK9319987.1	CAK9319987.1
OG0011170	CAK9319988.1	CAK9319988.1
OG0011171	CAK9319991.1	CAK9319991.1
OG0011172	CAK9319992.1	CAK9319992.1
OG0011173	CAK9319993.1	CAK9319993.1
OG0011174	CAK9319994.1	CAK9319994.1
OG0011175	CAK9319995.1	CAK9319995.1
OG0011176	CAK9319996.1	CAK9319996.1
OG0011177	CAK9319997.1	CAK9319997.1
OG0011178	CAK9319998.1	CAK9319998.1
OG0011179	CAK9320000.1	CAK9320000.1
OG0011180	CAK9320002.1	CAK9320002.1
OG0011181	CAK9320003.1	CAK9320003.1
OG0011182	CAK9320005.1	CAK9320005.1
OG0011183	CAK9320006.1	CAK9320006.1
OG0011184	CAK9320007.1	CAK9320007.1
OG0011185	CAK9320008.1	CAK9320008.1
OG0011186	CAK9320009.1	CAK9320009.1
OG0011187	CAK9320010.1	CAK9320010.1
OG0011188	CAK9320011.1	CAK9320011.1
OG0011189	CAK9320012.1	CAK9320012.1
OG0011190	CAK9320013.1	CAK9320013.1
OG0011191	CAK9320014.1	CAK9320014.1
OG0011192	CAK9320015.1	CAK9320015.1
OG0011193	CAK9320016.1	CAK9320016.1
OG0011194	CAK9320017.1	CAK9320017.1
OG0011195	CAK9320018.1	CAK9320018.1
OG0011196	CAK9320019.1	CAK9320019.1
OG0011197	CAK9320020.1	CAK9320020.1
OG0011198	CAK9320021.1	CAK9320021.1
OG0011199	CAK9320022.1	CAK9320022.1
OG0011200	CAK9320023.1	CAK9320023.1
OG0011201	CAK9320024.1	CAK9320024.1
OG0011202	CAK9320025.1	CAK9320025.1
OG0011203	CAK9320026.1	CAK9320026.1
OG0011204	CAK9320027.1	CAK9320027.1
OG0011205	CAK9320028.1	CAK9320028.1
OG0011206	CAK9320029.1	CAK9320029.1
OG0011207	CAK9320030.1	CAK9320030.1
OG0011208	CAK9320031.1	CAK9320031.1
OG0011209	CAK9320032.1	CAK9320032.1
OG0011210	CAK9320033.1	CAK9320033.1
OG0011211	CAK9320034.1	CAK9320034.1
OG0011212	CAK9320035.1	CAK9320035.1
OG0011213	CAK9320036.1	CAK9320036.1
OG0011214	CAK9320037.1	CAK9320037.1
OG0011215	CAK9320038.1	CAK9320038.1
OG0011216	CAK9320039.1	CAK9320039.1
OG0011217	CAK9320042.1	CAK9320042.1
OG0011218	CAK9320043.1	CAK9320043.1
OG0011219	CAK9320045.1	CAK9320045.1
OG0011220	CAK9320046.1	CAK9320046.1
OG0011221	CAK9320047.1	CAK9320047.1
OG0011222	CAK9320048.1	CAK9320048.1
OG0011223	CAK9320049.1	CAK9320049.1
OG0011224	CAK9320050.1	CAK9320050.1
OG0011225	CAK9320051.1	CAK9320051.1
OG0011226	CAK9320052.1	CAK9320052.1
OG0011227	CAK9320053.1	CAK9320053.1
OG0011228	CAK9320054.1	CAK9320054.1
OG0011229	CAK9320055.1	CAK9320055.1
OG0011230	CAK9320056.1	CAK9320056.1
OG0011231	CAK9320057.1	CAK9320057.1
OG0011232	CAK9320058.1	CAK9320058.1
OG0011233	CAK9320059.1	CAK9320059.1
OG0011234	CAK9320065.1	CAK9320065.1
OG0011235	CAK9320067.1	CAK9320067.1
OG0011236	CAK9320068.1	CAK9320068.1
OG0011237	CAK9320069.1	CAK9320069.1
OG0011238	CAK9320070.1	CAK9320070.1
OG0011239	CAK9320078.1	CAK9320078.1
OG0011240	CAK9320079.1	CAK9320079.1
OG0011241	CAK9320080.1	CAK9320080.1
OG0011242	CAK9320081.1	CAK9320081.1
OG0011243	CAK9320082.1	CAK9320082.1
OG0011244	CAK9320083.1	CAK9320083.1
OG0011245	CAK9320084.1	CAK9320084.1
OG0011246	CAK9320085.1	CAK9320085.1
OG0011247	CAK9320087.1	CAK9320087.1
OG0011248	CAK9320088.1	CAK9320088.1
OG0011249	CAK9320089.1	CAK9320089.1
OG0011250	CAK9320090.1	CAK9320090.1
OG0011251	CAK9320092.1	CAK9320092.1
OG0011252	CAK9320093.1	CAK9320093.1
OG0011253	CAK9320094.1	CAK9320094.1
OG0011254	CAK9320095.1	CAK9320095.1
OG0011255	CAK9320096.1	CAK9320096.1
OG0011256	CAK9320097.1	CAK9320097.1
OG0011257	CAK9320098.1	CAK9320098.1
OG0011258	CAK9320100.1	CAK9320100.1
OG0011259	CAK9320101.1	CAK9320101.1
OG0011260	CAK9320102.1	CAK9320102.1
OG0011261	CAK9320103.1	CAK9320103.1
OG0011262	CAK9320104.1	CAK9320104.1
OG0011263	CAK9320105.1	CAK9320105.1
OG0011264	CAK9320106.1	CAK9320106.1
OG0011265	CAK9320107.1	CAK9320107.1
OG0011266	CAK9320108.1	CAK9320108.1
OG0011267	CAK9320109.1	CAK9320109.1
OG0011268	CAK9320111.1	CAK9320111.1
OG0011269	CAK9320113.1	CAK9320113.1
OG0011270	CAK9320114.1	CAK9320114.1
OG0011271	CAK9320116.1	CAK9320116.1
OG0011272	CAK9320119.1	CAK9320119.1
OG0011273	CAK9320120.1	CAK9320120.1
OG0011274	CAK9320121.1	CAK9320121.1
OG0011275	CAK9320122.1	CAK9320122.1
OG0011276	CAK9320125.1	CAK9320125.1
OG0011277	CAK9320126.1	CAK9320126.1
OG0011278	CAK9320127.1	CAK9320127.1
OG0011279	CAK9320128.1	CAK9320128.1
OG0011280	CAK9320129.1	CAK9320129.1
OG0011281	CAK9320130.1	CAK9320130.1
OG0011282	CAK9320131.1	CAK9320131.1
OG0011283	CAK9320133.1	CAK9320133.1
OG0011284	CAK9320136.1	CAK9320136.1
OG0011285	CAK9320137.1	CAK9320137.1
OG0011286	CAK9320138.1	CAK9320138.1
OG0011287	CAK9320141.1	CAK9320141.1
OG0011288	CAK9320142.1	CAK9320142.1
OG0011289	CAK9320143.1	CAK9320143.1
OG0011290	CAK9320144.1	CAK9320144.1
OG0011291	CAK9320146.1	CAK9320146.1
OG0011292	CAK9320147.1	CAK9320147.1
OG0011293	CAK9320148.1	CAK9320148.1
OG0011294	CAK9320150.1	CAK9320150.1
OG0011295	CAK9320152.1	CAK9320152.1
OG0011296	CAK9320153.1	CAK9320153.1
OG0011297	CAK9320155.1	CAK9320155.1
OG0011298	CAK9320156.1	CAK9320156.1
OG0011299	CAK9320157.1	CAK9320157.1
OG0011300	CAK9320158.1	CAK9320158.1
OG0011301	CAK9320159.1	CAK9320159.1
OG0011302	CAK9320160.1	CAK9320160.1
OG0011303	CAK9320161.1	CAK9320161.1
OG0011304	CAK9320162.1	CAK9320162.1
OG0011305	CAK9320163.1	CAK9320163.1
OG0011306	CAK9320164.1	CAK9320164.1
OG0011307	CAK9320165.1	CAK9320165.1
OG0011308	CAK9320167.1	CAK9320167.1
OG0011309	CAK9320168.1	CAK9320168.1
OG0011310	CAK9320169.1	CAK9320169.1
OG0011311	CAK9320171.1	CAK9320171.1
OG0011312	CAK9320172.1	CAK9320172.1
OG0011313	CAK9320173.1	CAK9320173.1
OG0011314	CAK9320175.1	CAK9320175.1
OG0011315	CAK9320176.1	CAK9320176.1
OG0011316	CAK9320177.1	CAK9320177.1
OG0011317	CAK9320178.1	CAK9320178.1
OG0011318	CAK9320179.1	CAK9320179.1
OG0011319	CAK9320180.1	CAK9320180.1
OG0011320	CAK9320181.1	CAK9320181.1
OG0011321	CAK9320182.1	CAK9320182.1
OG0011322	CAK9320183.1	CAK9320183.1
OG0011323	CAK9320184.1	CAK9320184.1
OG0011324	CAK9320185.1	CAK9320185.1
OG0011325	CAK9320186.1	CAK9320186.1
OG0011326	CAK9320187.1	CAK9320187.1
OG0011327	CAK9320188.1	CAK9320188.1
OG0011328	CAK9320189.1	CAK9320189.1
OG0011329	CAK9320190.1	CAK9320190.1
OG0011330	CAK9320191.1	CAK9320191.1
OG0011331	CAK9320192.1	CAK9320192.1
OG0011332	CAK9320193.1	CAK9320193.1
OG0011333	CAK9320194.1	CAK9320194.1
OG0011334	CAK9320195.1	CAK9320195.1
OG0011335	CAK9320196.1	CAK9320196.1
OG0011336	CAK9320197.1	CAK9320197.1
OG0011337	CAK9320198.1	CAK9320198.1
OG0011338	CAK9320199.1	CAK9320199.1
OG0011339	CAK9320200.1	CAK9320200.1
OG0011340	CAK9320201.1	CAK9320201.1
OG0011341	CAK9320202.1	CAK9320202.1
OG0011342	CAK9320203.1	CAK9320203.1
OG0011343	CAK9320204.1	CAK9320204.1
OG0011344	CAK9320205.1	CAK9320205.1
OG0011345	CAK9320206.1	CAK9320206.1
OG0011346	CAK9320207.1	CAK9320207.1
OG0011347	CAK9320209.1	CAK9320209.1
OG0011348	CAK9320210.1	CAK9320210.1
OG0011349	CAK9320211.1	CAK9320211.1
OG0011350	CAK9320212.1	CAK9320212.1
OG0011351	CAK9320213.1	CAK9320213.1
OG0011352	CAK9320214.1	CAK9320214.1
OG0011353	CAK9320215.1	CAK9320215.1
OG0011354	CAK9320216.1	CAK9320216.1
OG0011355	CAK9320217.1	CAK9320217.1
OG0011356	CAK9320218.1	CAK9320218.1
OG0011357	CAK9320219.1	CAK9320219.1
OG0011358	CAK9320220.1	CAK9320220.1
OG0011359	CAK9320221.1	CAK9320221.1
OG0011360	CAK9320222.1	CAK9320222.1
OG0011361	CAK9320223.1	CAK9320223.1
OG0011362	CAK9320224.1	CAK9320224.1
OG0011363	CAK9320225.1	CAK9320225.1
OG0011364	CAK9320226.1	CAK9320226.1
OG0011365	CAK9320227.1	CAK9320227.1
OG0011366	CAK9320228.1	CAK9320228.1
OG0011367	CAK9320229.1	CAK9320229.1
OG0011368	CAK9320230.1	CAK9320230.1
OG0011369	CAK9320231.1	CAK9320231.1
OG0011370	CAK9320232.1	CAK9320232.1
OG0011371	CAK9320233.1	CAK9320233.1
OG0011372	CAK9320234.1	CAK9320234.1
OG0011373	CAK9320235.1	CAK9320235.1
OG0011374	CAK9320236.1	CAK9320236.1
OG0011375	CAK9320237.1	CAK9320237.1
OG0011376	CAK9320238.1	CAK9320238.1
OG0011377	CAK9320239.1	CAK9320239.1
OG0011378	CAK9320240.1	CAK9320240.1
OG0011379	CAK9320241.1	CAK9320241.1
OG0011380	CAK9320242.1	CAK9320242.1
OG0011381	CAK9320243.1	CAK9320243.1
OG0011382	CAK9320244.1	CAK9320244.1
OG0011383	CAK9320245.1	CAK9320245.1
OG0011384	CAK9320246.1	CAK9320246.1
OG0011385	CAK9320247.1	CAK9320247.1
OG0011386	CAK9320248.1	CAK9320248.1
OG0011387	CAK9320249.1	CAK9320249.1
OG0011388	CAK9320250.1	CAK9320250.1
OG0011389	CAK9320251.1	CAK9320251.1
OG0011390	CAK9320252.1	CAK9320252.1
OG0011391	CAK9320253.1	CAK9320253.1
OG0011392	CAK9320255.1	CAK9320255.1
OG0011393	CAK9320256.1	CAK9320256.1
OG0011394	CAK9320257.1	CAK9320257.1
OG0011395	CAK9320258.1	CAK9320258.1
OG0011396	CAK9320259.1	CAK9320259.1
OG0011397	CAK9320260.1	CAK9320260.1
OG0011398	CAK9320261.1	CAK9320261.1
OG0011399	CAK9320262.1	CAK9320262.1
OG0011400	CAK9320263.1	CAK9320263.1
OG0011401	CAK9320264.1	CAK9320264.1
OG0011402	CAK9320266.1	CAK9320266.1
OG0011403	CAK9320267.1	CAK9320267.1
OG0011404	CAK9320268.1	CAK9320268.1
OG0011405	CAK9320269.1	CAK9320269.1
OG0011406	CAK9320270.1	CAK9320270.1
OG0011407	CAK9320271.1	CAK9320271.1
OG0011408	CAK9320272.1	CAK9320272.1
OG0011409	CAK9320273.1	CAK9320273.1
OG0011410	CAK9320274.1	CAK9320274.1
OG0011411	CAK9320275.1	CAK9320275.1
OG0011412	CAK9320277.1	CAK9320277.1
OG0011413	CAK9320278.1	CAK9320278.1
OG0011414	CAK9320280.1	CAK9320280.1
OG0011415	CAK9320281.1	CAK9320281.1
OG0011416	CAK9320283.1	CAK9320283.1
OG0011417	CAK9320284.1	CAK9320284.1
OG0011418	CAK9320286.1	CAK9320286.1
OG0011419	CAK9320287.1	CAK9320287.1
OG0011420	CAK9320288.1	CAK9320288.1
OG0011421	CAK9320289.1	CAK9320289.1
OG0011422	CAK9320291.1	CAK9320291.1
OG0011423	CAK9320292.1	CAK9320292.1
OG0011424	CAK9320293.1	CAK9320293.1
OG0011425	CAK9320295.1	CAK9320295.1
OG0011426	CAK9320296.1	CAK9320296.1
OG0011427	CAK9320297.1	CAK9320297.1
OG0011428	CAK9320298.1	CAK9320298.1
OG0011429	CAK9320299.1	CAK9320299.1
OG0011430	CAK9320300.1	CAK9320300.1
OG0011431	CAK9320301.1	CAK9320301.1
OG0011432	CAK9320302.1	CAK9320302.1
OG0011433	CAK9320303.1	CAK9320303.1
OG0011434	CAK9320304.1	CAK9320304.1
OG0011435	CAK9320305.1	CAK9320305.1
OG0011436	CAK9320309.1	CAK9320309.1
OG0011437	CAK9320310.1	CAK9320310.1
OG0011438	CAK9320312.1	CAK9320312.1
OG0011439	CAK9320314.1	CAK9320314.1
OG0011440	CAK9320315.1	CAK9320315.1
OG0011441	CAK9320316.1	CAK9320316.1
OG0011442	CAK9320317.1	CAK9320317.1
OG0011443	CAK9320318.1	CAK9320318.1
OG0011444	CAK9320319.1	CAK9320319.1
OG0011445	CAK9320320.1	CAK9320320.1
OG0011446	CAK9320321.1	CAK9320321.1
OG0011447	CAK9320322.1	CAK9320322.1
OG0011448	CAK9320324.1	CAK9320324.1
OG0011449	CAK9320325.1	CAK9320325.1
OG0011450	CAK9320326.1	CAK9320326.1
OG0011451	CAK9320327.1	CAK9320327.1
OG0011452	CAK9320328.1	CAK9320328.1
OG0011453	CAK9320329.1	CAK9320329.1
OG0011454	CAK9320330.1	CAK9320330.1
OG0011455	CAK9320331.1	CAK9320331.1
OG0011456	CAK9320332.1	CAK9320332.1
OG0011457	CAK9320333.1	CAK9320333.1
OG0011458	CAK9320334.1	CAK9320334.1
OG0011459	CAK9320335.1	CAK9320335.1
OG0011460	CAK9320336.1	CAK9320336.1
OG0011461	CAK9320337.1	CAK9320337.1
OG0011462	CAK9320338.1	CAK9320338.1
OG0011463	CAK9320339.1	CAK9320339.1
OG0011464	CAK9320340.1	CAK9320340.1
OG0011465	CAK9320341.1	CAK9320341.1
OG0011466	CAK9320342.1	CAK9320342.1
OG0011467	CAK9320343.1	CAK9320343.1
OG0011468	CAK9320344.1	CAK9320344.1
OG0011469	CAK9320345.1	CAK9320345.1
OG0011470	CAK9320346.1	CAK9320346.1
OG0011471	CAK9320347.1	CAK9320347.1
OG0011472	CAK9320348.1	CAK9320348.1
OG0011473	CAK9320349.1	CAK9320349.1
OG0011474	CAK9320350.1	CAK9320350.1
OG0011475	CAK9320351.1	CAK9320351.1
OG0011476	CAK9320352.1	CAK9320352.1
OG0011477	CAK9320353.1	CAK9320353.1
OG0011478	CAK9320354.1	CAK9320354.1
OG0011479	CAK9320355.1	CAK9320355.1
OG0011480	CAK9320357.1	CAK9320357.1
OG0011481	CAK9320358.1	CAK9320358.1
OG0011482	CAK9320359.1	CAK9320359.1
OG0011483	CAK9320360.1	CAK9320360.1
OG0011484	CAK9320361.1	CAK9320361.1
OG0011485	CAK9320362.1	CAK9320362.1
OG0011486	CAK9320363.1	CAK9320363.1
OG0011487	CAK9320364.1	CAK9320364.1
OG0011488	CAK9320365.1	CAK9320365.1
OG0011489	CAK9320366.1	CAK9320366.1
OG0011490	CAK9320367.1	CAK9320367.1
OG0011491	CAK9320368.1	CAK9320368.1
OG0011492	CAK9320369.1	CAK9320369.1
OG0011493	CAK9320370.1	CAK9320370.1
OG0011494	CAK9320371.1	CAK9320371.1
OG0011495	CAK9320372.1	CAK9320372.1
OG0011496	CAK9320373.1	CAK9320373.1
OG0011497	CAK9320374.1	CAK9320374.1
OG0011498	CAK9320375.1	CAK9320375.1
OG0011499	CAK9320376.1	CAK9320376.1
OG0011500	CAK9320377.1	CAK9320377.1
OG0011501	CAK9320378.1	CAK9320378.1
OG0011502	CAK9320379.1	CAK9320379.1
OG0011503	CAK9320380.1	CAK9320380.1
OG0011504	CAK9320381.1	CAK9320381.1
OG0011505	CAK9320382.1	CAK9320382.1
OG0011506	CAK9320383.1	CAK9320383.1
OG0011507	CAK9320384.1	CAK9320384.1
OG0011508	CAK9320385.1	CAK9320385.1
OG0011509	CAK9320386.1	CAK9320386.1
OG0011510	CAK9320387.1	CAK9320387.1
OG0011511	CAK9320389.1	CAK9320389.1
OG0011512	CAK9320392.1	CAK9320392.1
OG0011513	CAK9320393.1	CAK9320393.1
OG0011514	CAK9320395.1	CAK9320395.1
OG0011515	CAK9320396.1	CAK9320396.1
OG0011516	CAK9320397.1	CAK9320397.1
OG0011517	CAK9320398.1	CAK9320398.1
OG0011518	CAK9320399.1	CAK9320399.1
OG0011519	CAK9320400.1	CAK9320400.1
OG0011520	CAK9320401.1	CAK9320401.1
OG0011521	CAK9320402.1	CAK9320402.1
OG0011522	CAK9320403.1	CAK9320403.1
OG0011523	CAK9320404.1	CAK9320404.1
OG0011524	CAK9320405.1	CAK9320405.1
OG0011525	CAK9320406.1	CAK9320406.1
OG0011526	CAK9320407.1	CAK9320407.1
OG0011527	CAK9320408.1	CAK9320408.1
OG0011528	CAK9320409.1	CAK9320409.1
OG0011529	CAK9320410.1	CAK9320410.1
OG0011530	CAK9320411.1	CAK9320411.1
OG0011531	CAK9320412.1	CAK9320412.1
OG0011532	CAK9320413.1	CAK9320413.1
OG0011533	CAK9320414.1	CAK9320414.1
OG0011534	CAK9320417.1	CAK9320417.1
OG0011535	CAK9320418.1	CAK9320418.1
OG0011536	CAK9320419.1	CAK9320419.1
OG0011537	CAK9320420.1	CAK9320420.1
OG0011538	CAK9320421.1	CAK9320421.1
OG0011539	CAK9320422.1	CAK9320422.1
OG0011540	CAK9320423.1	CAK9320423.1
OG0011541	CAK9320424.1	CAK9320424.1
OG0011542	CAK9320425.1	CAK9320425.1
OG0011543	CAK9320426.1	CAK9320426.1
OG0011544	CAK9320429.1	CAK9320429.1
OG0011545	CAK9320430.1	CAK9320430.1
OG0011546	CAK9320431.1	CAK9320431.1
OG0011547	CAK9320432.1	CAK9320432.1
OG0011548	CAK9320433.1	CAK9320433.1
OG0011549	CAK9320434.1	CAK9320434.1
OG0011550	CAK9320436.1	CAK9320436.1
OG0011551	CAK9320437.1	CAK9320437.1
OG0011552	CAK9320438.1	CAK9320438.1
OG0011553	CAK9320439.1	CAK9320439.1
OG0011554	CAK9320440.1	CAK9320440.1
OG0011555	CAK9320441.1	CAK9320441.1
OG0011556	CAK9320442.1	CAK9320442.1
OG0011557	CAK9320443.1	CAK9320443.1
OG0011558	CAK9320445.1	CAK9320445.1
OG0011559	CAK9320446.1	CAK9320446.1
OG0011560	CAK9320447.1	CAK9320447.1
OG0011561	CAK9320449.1	CAK9320449.1
OG0011562	CAK9320450.1	CAK9320450.1
OG0011563	CAK9320451.1	CAK9320451.1
OG0011564	CAK9320452.1	CAK9320452.1
OG0011565	CAK9320454.1	CAK9320454.1
OG0011566	CAK9320455.1	CAK9320455.1
OG0011567	CAK9320456.1	CAK9320456.1
OG0011568	CAK9320457.1	CAK9320457.1
OG0011569	CAK9320458.1	CAK9320458.1
OG0011570	CAK9320459.1	CAK9320459.1
OG0011571	CAK9320460.1	CAK9320460.1
OG0011572	CAK9320461.1	CAK9320461.1
OG0011573	CAK9320462.1	CAK9320462.1
OG0011574	CAK9320463.1	CAK9320463.1
OG0011575	CAK9320464.1	CAK9320464.1
OG0011576	CAK9320465.1	CAK9320465.1
OG0011577	CAK9320466.1	CAK9320466.1
OG0011578	CAK9320469.1	CAK9320469.1
OG0011579	CAK9320470.1	CAK9320470.1
OG0011580	CAK9320471.1	CAK9320471.1
OG0011581	CAK9320472.1	CAK9320472.1
OG0011582	CAK9320473.1	CAK9320473.1
OG0011583	CAK9320474.1	CAK9320474.1
OG0011584	CAK9320475.1	CAK9320475.1
OG0011585	CAK9320476.1	CAK9320476.1
OG0011586	CAK9320477.1	CAK9320477.1
OG0011587	CAK9320478.1	CAK9320478.1
OG0011588	CAK9320479.1	CAK9320479.1
OG0011589	CAK9320480.1	CAK9320480.1
OG0011590	CAK9320481.1	CAK9320481.1
OG0011591	CAK9320482.1	CAK9320482.1
OG0011592	CAK9320483.1	CAK9320483.1
OG0011593	CAK9320484.1	CAK9320484.1
OG0011594	CAK9320485.1	CAK9320485.1
OG0011595	CAK9320486.1	CAK9320486.1
OG0011596	CAK9320487.1	CAK9320487.1
OG0011597	CAK9320488.1	CAK9320488.1
OG0011598	CAK9320489.1	CAK9320489.1
OG0011599	CAK9320490.1	CAK9320490.1
OG0011600	CAK9320491.1	CAK9320491.1
OG0011601	CAK9320492.1	CAK9320492.1
OG0011602	CAK9320493.1	CAK9320493.1
OG0011603	CAK9320494.1	CAK9320494.1
OG0011604	CAK9320495.1	CAK9320495.1
OG0011605	CAK9320497.1	CAK9320497.1
OG0011606	CAK9320498.1	CAK9320498.1
OG0011607	CAK9320499.1	CAK9320499.1
OG0011608	CAK9320500.1	CAK9320500.1
OG0011609	CAK9320501.1	CAK9320501.1
OG0011610	CAK9320502.1	CAK9320502.1
OG0011611	CAK9320503.1	CAK9320503.1
OG0011612	CAK9320504.1	CAK9320504.1
OG0011613	CAK9320505.1	CAK9320505.1
OG0011614	CAK9320506.1	CAK9320506.1
OG0011615	CAK9320507.1	CAK9320507.1
OG0011616	CAK9320509.1	CAK9320509.1
OG0011617	CAK9320510.1	CAK9320510.1
OG0011618	CAK9320511.1	CAK9320511.1
OG0011619	CAK9320512.1	CAK9320512.1
OG0011620	CAK9320513.1	CAK9320513.1
OG0011621	CAK9320514.1	CAK9320514.1
OG0011622	CAK9320515.1	CAK9320515.1
OG0011623	CAK9320516.1	CAK9320516.1
OG0011624	CAK9320517.1	CAK9320517.1
OG0011625	CAK9320518.1	CAK9320518.1
OG0011626	CAK9320520.1	CAK9320520.1
OG0011627	CAK9320521.1	CAK9320521.1
OG0011628	CAK9320522.1	CAK9320522.1
OG0011629	CAK9320523.1	CAK9320523.1
OG0011630	CAK9320524.1	CAK9320524.1
OG0011631	CAK9320525.1	CAK9320525.1
OG0011632	CAK9320526.1	CAK9320526.1
OG0011633	CAK9320527.1	CAK9320527.1
OG0011634	CAK9320528.1	CAK9320528.1
OG0011635	CAK9320529.1	CAK9320529.1
OG0011636	CAK9320531.1	CAK9320531.1
OG0011637	CAK9320532.1	CAK9320532.1
OG0011638	CAK9320533.1	CAK9320533.1
OG0011639	CAK9320535.1	CAK9320535.1
OG0011640	CAK9320536.1	CAK9320536.1
OG0011641	CAK9320537.1	CAK9320537.1
OG0011642	CAK9320538.1	CAK9320538.1
OG0011643	CAK9320539.1	CAK9320539.1
OG0011644	CAK9320540.1	CAK9320540.1
OG0011645	CAK9320541.1	CAK9320541.1
OG0011646	CAK9320542.1	CAK9320542.1
OG0011647	CAK9320543.1	CAK9320543.1
OG0011648	CAK9320544.1	CAK9320544.1
OG0011649	CAK9320545.1	CAK9320545.1
OG0011650	CAK9320547.1	CAK9320547.1
OG0011651	CAK9320548.1	CAK9320548.1
OG0011652	CAK9320549.1	CAK9320549.1
OG0011653	CAK9320550.1	CAK9320550.1
OG0011654	CAK9320551.1	CAK9320551.1
OG0011655	CAK9320552.1	CAK9320552.1
OG0011656	CAK9320553.1	CAK9320553.1
OG0011657	CAK9320555.1	CAK9320555.1
OG0011658	CAK9320556.1	CAK9320556.1
OG0011659	CAK9320557.1	CAK9320557.1
OG0011660	CAK9320558.1	CAK9320558.1
OG0011661	CAK9320559.1	CAK9320559.1
OG0011662	CAK9320560.1	CAK9320560.1
OG0011663	CAK9320561.1	CAK9320561.1
OG0011664	CAK9320562.1	CAK9320562.1
OG0011665	CAK9320564.1	CAK9320564.1
OG0011666	CAK9320565.1	CAK9320565.1
OG0011667	CAK9320566.1	CAK9320566.1
OG0011668	CAK9320567.1	CAK9320567.1
OG0011669	CAK9320568.1	CAK9320568.1
OG0011670	CAK9320569.1	CAK9320569.1
OG0011671	CAK9320570.1	CAK9320570.1
OG0011672	CAK9320572.1	CAK9320572.1
OG0011673	CAK9320573.1	CAK9320573.1
OG0011674	CAK9320574.1	CAK9320574.1
OG0011675	CAK9320575.1	CAK9320575.1
OG0011676	CAK9320577.1	CAK9320577.1
OG0011677	CAK9320578.1	CAK9320578.1
OG0011678	CAK9320579.1	CAK9320579.1
OG0011679	CAK9320580.1	CAK9320580.1
OG0011680	CAK9320581.1	CAK9320581.1
OG0011681	CAK9320582.1	CAK9320582.1
OG0011682	CAK9320583.1	CAK9320583.1
OG0011683	CAK9320584.1	CAK9320584.1
OG0011684	CAK9320586.1	CAK9320586.1
OG0011685	CAK9320588.1	CAK9320588.1
OG0011686	CAK9320589.1	CAK9320589.1
OG0011687	CAK9320590.1	CAK9320590.1
OG0011688	CAK9320591.1	CAK9320591.1
OG0011689	CAK9320592.1	CAK9320592.1
OG0011690	CAK9320593.1	CAK9320593.1
OG0011691	CAK9320594.1	CAK9320594.1
OG0011692	CAK9320595.1	CAK9320595.1
OG0011693	CAK9320597.1	CAK9320597.1
OG0011694	CAK9320598.1	CAK9320598.1
OG0011695	CAK9320599.1	CAK9320599.1
OG0011696	CAK9320600.1	CAK9320600.1
OG0011697	CAK9320601.1	CAK9320601.1
OG0011698	CAK9320603.1	CAK9320603.1
OG0011699	CAK9320604.1	CAK9320604.1
OG0011700	CAK9320605.1	CAK9320605.1
OG0011701	CAK9320606.1	CAK9320606.1
OG0011702	CAK9320607.1	CAK9320607.1
OG0011703	CAK9320609.1	CAK9320609.1
OG0011704	CAK9320610.1	CAK9320610.1
OG0011705	CAK9320611.1	CAK9320611.1
OG0011706	CAK9320612.1	CAK9320612.1
OG0011707	CAK9320613.1	CAK9320613.1
OG0011708	CAK9320614.1	CAK9320614.1
OG0011709	CAK9320615.1	CAK9320615.1
OG0011710	CAK9320616.1	CAK9320616.1
OG0011711	CAK9320617.1	CAK9320617.1
OG0011712	CAK9320618.1	CAK9320618.1
OG0011713	CAK9320619.1	CAK9320619.1
OG0011714	CAK9320620.1	CAK9320620.1
OG0011715	CAK9320621.1	CAK9320621.1
OG0011716	CAK9320622.1	CAK9320622.1
OG0011717	CAK9320623.1	CAK9320623.1
OG0011718	CAK9320624.1	CAK9320624.1
OG0011719	CAK9320626.1	CAK9320626.1
OG0011720	CAK9320627.1	CAK9320627.1
OG0011721	CAK9320628.1	CAK9320628.1
OG0011722	CAK9320629.1	CAK9320629.1
OG0011723	CAK9320630.1	CAK9320630.1
OG0011724	CAK9320631.1	CAK9320631.1
OG0011725	CAK9320632.1	CAK9320632.1
OG0011726	CAK9320633.1	CAK9320633.1
OG0011727	CAK9320634.1	CAK9320634.1
OG0011728	CAK9320635.1	CAK9320635.1
OG0011729	CAK9320636.1	CAK9320636.1
OG0011730	CAK9320637.1	CAK9320637.1
OG0011731	CAK9320638.1	CAK9320638.1
OG0011732	CAK9320639.1	CAK9320639.1
OG0011733	CAK9320640.1	CAK9320640.1
OG0011734	CAK9320641.1	CAK9320641.1
OG0011735	CAK9320642.1	CAK9320642.1
OG0011736	CAK9320643.1	CAK9320643.1
OG0011737	CAK9320644.1	CAK9320644.1
OG0011738	CAK9320645.1	CAK9320645.1
OG0011739	CAK9320646.1	CAK9320646.1
OG0011740	CAK9320647.1	CAK9320647.1
OG0011741	CAK9320648.1	CAK9320648.1
OG0011742	CAK9320650.1	CAK9320650.1
OG0011743	CAK9320651.1	CAK9320651.1
OG0011744	CAK9320652.1	CAK9320652.1
OG0011745	CAK9320653.1	CAK9320653.1
OG0011746	CAK9320654.1	CAK9320654.1
OG0011747	CAK9320655.1	CAK9320655.1
OG0011748	CAK9320656.1	CAK9320656.1
OG0011749	CAK9320657.1	CAK9320657.1
OG0011750	CAK9320658.1	CAK9320658.1
OG0011751	CAK9320659.1	CAK9320659.1
OG0011752	CAK9320660.1	CAK9320660.1
OG0011753	CAK9320661.1	CAK9320661.1
OG0011754	CAK9320662.1	CAK9320662.1
OG0011755	CAK9320663.1	CAK9320663.1
OG0011756	CAK9320664.1	CAK9320664.1
OG0011757	CAK9320665.1	CAK9320665.1
OG0011758	CAK9320666.1	CAK9320666.1
OG0011759	CAK9320667.1	CAK9320667.1
OG0011760	CAK9320668.1	CAK9320668.1
OG0011761	CAK9320669.1	CAK9320669.1
OG0011762	CAK9320670.1	CAK9320670.1
OG0011763	CAK9320671.1	CAK9320671.1
OG0011764	CAK9320672.1	CAK9320672.1
OG0011765	CAK9320673.1	CAK9320673.1
OG0011766	CAK9320674.1	CAK9320674.1
OG0011767	CAK9320675.1	CAK9320675.1
OG0011768	CAK9320677.1	CAK9320677.1
OG0011769	CAK9320678.1	CAK9320678.1
OG0011770	CAK9320679.1	CAK9320679.1
OG0011771	CAK9320680.1	CAK9320680.1
OG0011772	CAK9320681.1	CAK9320681.1
OG0011773	CAK9320682.1	CAK9320682.1
OG0011774	CAK9320683.1	CAK9320683.1
OG0011775	CAK9320684.1	CAK9320684.1
OG0011776	CAK9320687.1	CAK9320687.1
OG0011777	CAK9320688.1	CAK9320688.1
OG0011778	CAK9320689.1	CAK9320689.1
OG0011779	CAK9320690.1	CAK9320690.1
OG0011780	CAK9320691.1	CAK9320691.1
OG0011781	CAK9320697.1	CAK9320697.1
OG0011782	CAK9320698.1	CAK9320698.1
OG0011783	CAK9320699.1	CAK9320699.1
OG0011784	CAK9320700.1	CAK9320700.1
OG0011785	CAK9320701.1	CAK9320701.1
OG0011786	CAK9320702.1	CAK9320702.1
OG0011787	CAK9320703.1	CAK9320703.1
OG0011788	CAK9320704.1	CAK9320704.1
OG0011789	CAK9320706.1	CAK9320706.1
OG0011790	CAK9320707.1	CAK9320707.1
OG0011791	CAK9320708.1	CAK9320708.1
OG0011792	CAK9320709.1	CAK9320709.1
OG0011793	CAK9320710.1	CAK9320710.1
OG0011794	CAK9320711.1	CAK9320711.1
OG0011795	CAK9320712.1	CAK9320712.1
OG0011796	CAK9320713.1	CAK9320713.1
OG0011797	CAK9320714.1	CAK9320714.1
OG0011798	CAK9320715.1	CAK9320715.1
OG0011799	CAK9320716.1	CAK9320716.1
OG0011800	CAK9320717.1	CAK9320717.1
OG0011801	CAK9320718.1	CAK9320718.1
OG0011802	CAK9320719.1	CAK9320719.1
OG0011803	CAK9320720.1	CAK9320720.1
OG0011804	CAK9320721.1	CAK9320721.1
OG0011805	CAK9320722.1	CAK9320722.1
OG0011806	CAK9320723.1	CAK9320723.1
OG0011807	CAK9320724.1	CAK9320724.1
OG0011808	CAK9320725.1	CAK9320725.1
OG0011809	CAK9320726.1	CAK9320726.1
OG0011810	CAK9320727.1	CAK9320727.1
OG0011811	CAK9320728.1	CAK9320728.1
OG0011812	CAK9320730.1	CAK9320730.1
OG0011813	CAK9320731.1	CAK9320731.1
OG0011814	CAK9320732.1	CAK9320732.1
OG0011815	CAK9320733.1	CAK9320733.1
OG0011816	CAK9320734.1	CAK9320734.1
OG0011817	CAK9320735.1	CAK9320735.1
OG0011818	CAK9320736.1	CAK9320736.1
OG0011819	CAK9320737.1	CAK9320737.1
OG0011820	CAK9320738.1	CAK9320738.1
OG0011821	CAK9320739.1	CAK9320739.1
OG0011822	CAK9320740.1	CAK9320740.1
OG0011823	CAK9320741.1	CAK9320741.1
OG0011824	CAK9320742.1	CAK9320742.1
OG0011825	CAK9320743.1	CAK9320743.1
OG0011826	CAK9320744.1	CAK9320744.1
OG0011827	CAK9320745.1	CAK9320745.1
OG0011828	CAK9320746.1	CAK9320746.1
OG0011829	CAK9320747.1	CAK9320747.1
OG0011830	CAK9320748.1	CAK9320748.1
OG0011831	CAK9320749.1	CAK9320749.1
OG0011832	CAK9320750.1	CAK9320750.1
OG0011833	CAK9320751.1	CAK9320751.1
OG0011834	CAK9320752.1	CAK9320752.1
OG0011835	CAK9320753.1	CAK9320753.1
OG0011836	CAK9320755.1	CAK9320755.1
OG0011837	CAK9320756.1	CAK9320756.1
OG0011838	CAK9320757.1	CAK9320757.1
OG0011839	CAK9320758.1	CAK9320758.1
OG0011840	CAK9320759.1	CAK9320759.1
OG0011841	CAK9320761.1	CAK9320761.1
OG0011842	CAK9320763.1	CAK9320763.1
OG0011843	CAK9320764.1	CAK9320764.1
OG0011844	CAK9320765.1	CAK9320765.1
OG0011845	CAK9320766.1	CAK9320766.1
OG0011846	CAK9320767.1	CAK9320767.1
OG0011847	CAK9320768.1	CAK9320768.1
OG0011848	CAK9320769.1	CAK9320769.1
OG0011849	CAK9320770.1	CAK9320770.1
OG0011850	CAK9320771.1	CAK9320771.1
OG0011851	CAK9320772.1	CAK9320772.1
OG0011852	CAK9320773.1	CAK9320773.1
OG0011853	CAK9320774.1	CAK9320774.1
OG0011854	CAK9320775.1	CAK9320775.1
OG0011855	CAK9320776.1	CAK9320776.1
OG0011856	CAK9320777.1	CAK9320777.1
OG0011857	CAK9320778.1	CAK9320778.1
OG0011858	CAK9320779.1	CAK9320779.1
OG0011859	CAK9320780.1	CAK9320780.1
OG0011860	CAK9320781.1	CAK9320781.1
OG0011861	CAK9320782.1	CAK9320782.1
OG0011862	CAK9320784.1	CAK9320784.1
OG0011863	CAK9320786.1	CAK9320786.1
OG0011864	CAK9320787.1	CAK9320787.1
OG0011865	CAK9320789.1	CAK9320789.1
OG0011866	CAK9320790.1	CAK9320790.1
OG0011867	CAK9320791.1	CAK9320791.1
OG0011868	CAK9320792.1	CAK9320792.1
OG0011869	CAK9320793.1	CAK9320793.1
OG0011870	CAK9320794.1	CAK9320794.1
OG0011871	CAK9320795.1	CAK9320795.1
OG0011872	CAK9320796.1	CAK9320796.1
OG0011873	CAK9320797.1	CAK9320797.1
OG0011874	CAK9320798.1	CAK9320798.1
OG0011875	CAK9320799.1	CAK9320799.1
OG0011876	CAK9320800.1	CAK9320800.1
OG0011877	CAK9320801.1	CAK9320801.1
OG0011878	CAK9320803.1	CAK9320803.1
OG0011879	CAK9320804.1	CAK9320804.1
OG0011880	CAK9320805.1	CAK9320805.1
OG0011881	CAK9320807.1	CAK9320807.1
OG0011882	CAK9320808.1	CAK9320808.1
OG0011883	CAK9320809.1	CAK9320809.1
OG0011884	CAK9320810.1	CAK9320810.1
OG0011885	CAK9320812.1	CAK9320812.1
OG0011886	CAK9320813.1	CAK9320813.1
OG0011887	CAK9320814.1	CAK9320814.1
OG0011888	CAK9320815.1	CAK9320815.1
OG0011889	CAK9320816.1	CAK9320816.1
OG0011890	CAK9320817.1	CAK9320817.1
OG0011891	CAK9320818.1	CAK9320818.1
OG0011892	CAK9320819.1	CAK9320819.1
OG0011893	CAK9320820.1	CAK9320820.1
OG0011894	CAK9320821.1	CAK9320821.1
OG0011895	CAK9320824.1	CAK9320824.1
OG0011896	CAK9320826.1	CAK9320826.1
OG0011897	CAK9320827.1	CAK9320827.1
OG0011898	CAK9320829.1	CAK9320829.1
OG0011899	CAK9320830.1	CAK9320830.1
OG0011900	CAK9320831.1	CAK9320831.1
OG0011901	CAK9320832.1	CAK9320832.1
OG0011902	CAK9320833.1	CAK9320833.1
OG0011903	CAK9320834.1	CAK9320834.1
OG0011904	CAK9320835.1	CAK9320835.1
OG0011905	CAK9320836.1	CAK9320836.1
OG0011906	CAK9320838.1	CAK9320838.1
OG0011907	CAK9320839.1	CAK9320839.1
OG0011908	CAK9320840.1	CAK9320840.1
OG0011909	CAK9320841.1	CAK9320841.1
OG0011910	CAK9320842.1	CAK9320842.1
OG0011911	CAK9320844.1	CAK9320844.1
OG0011912	CAK9320845.1	CAK9320845.1
OG0011913	CAK9320846.1	CAK9320846.1
OG0011914	CAK9320848.1	CAK9320848.1
OG0011915	CAK9320850.1	CAK9320850.1
OG0011916	CAK9320851.1	CAK9320851.1
OG0011917	CAK9320852.1	CAK9320852.1
OG0011918	CAK9320853.1	CAK9320853.1
OG0011919	CAK9320854.1	CAK9320854.1
OG0011920	CAK9320855.1	CAK9320855.1
OG0011921	CAK9320856.1	CAK9320856.1
OG0011922	CAK9320857.1	CAK9320857.1
OG0011923	CAK9320858.1	CAK9320858.1
OG0011924	CAK9320859.1	CAK9320859.1
OG0011925	CAK9320860.1	CAK9320860.1
OG0011926	CAK9320861.1	CAK9320861.1
OG0011927	CAK9320862.1	CAK9320862.1
OG0011928	CAK9320863.1	CAK9320863.1
OG0011929	CAK9320864.1	CAK9320864.1
OG0011930	CAK9320865.1	CAK9320865.1
OG0011931	CAK9320866.1	CAK9320866.1
OG0011932	CAK9320867.1	CAK9320867.1
OG0011933	CAK9320869.1	CAK9320869.1
OG0011934	CAK9320870.1	CAK9320870.1
OG0011935	CAK9320871.1	CAK9320871.1
OG0011936	CAK9320872.1	CAK9320872.1
OG0011937	CAK9320874.1	CAK9320874.1
OG0011938	CAK9320875.1	CAK9320875.1
OG0011939	CAK9320878.1	CAK9320878.1
OG0011940	CAK9320879.1	CAK9320879.1
OG0011941	CAK9320880.1	CAK9320880.1
OG0011942	CAK9320881.1	CAK9320881.1
OG0011943	CAK9320882.1	CAK9320882.1
OG0011944	CAK9320883.1	CAK9320883.1
OG0011945	CAK9320885.1	CAK9320885.1
OG0011946	CAK9320886.1	CAK9320886.1
OG0011947	CAK9320887.1	CAK9320887.1
OG0011948	CAK9320889.1	CAK9320889.1
OG0011949	CAK9320890.1	CAK9320890.1
OG0011950	CAK9320891.1	CAK9320891.1
OG0011951	CAK9320892.1	CAK9320892.1
OG0011952	CAK9320893.1	CAK9320893.1
OG0011953	CAK9320894.1	CAK9320894.1
OG0011954	CAK9320895.1	CAK9320895.1
OG0011955	CAK9320896.1	CAK9320896.1
OG0011956	CAK9320897.1	CAK9320897.1
OG0011957	CAK9320899.1	CAK9320899.1
OG0011958	CAK9320901.1	CAK9320901.1
OG0011959	CAK9320902.1	CAK9320902.1
OG0011960	CAK9320903.1	CAK9320903.1
OG0011961	CAK9320904.1	CAK9320904.1
OG0011962	CAK9320905.1	CAK9320905.1
OG0011963	CAK9320906.1	CAK9320906.1
OG0011964	CAK9320907.1	CAK9320907.1
OG0011965	CAK9320908.1	CAK9320908.1
OG0011966	CAK9320911.1	CAK9320911.1
OG0011967	CAK9320912.1	CAK9320912.1
OG0011968	CAK9320913.1	CAK9320913.1
OG0011969	CAK9320914.1	CAK9320914.1
OG0011970	CAK9320915.1	CAK9320915.1
OG0011971	CAK9320917.1	CAK9320917.1
OG0011972	CAK9320919.1	CAK9320919.1
OG0011973	CAK9320920.1	CAK9320920.1
OG0011974	CAK9320921.1	CAK9320921.1
OG0011975	CAK9320922.1	CAK9320922.1
OG0011976	CAK9320923.1	CAK9320923.1
OG0011977	CAK9320925.1	CAK9320925.1
OG0011978	CAK9320926.1	CAK9320926.1
OG0011979	CAK9320928.1	CAK9320928.1
OG0011980	CAK9320929.1	CAK9320929.1
OG0011981	CAK9320930.1	CAK9320930.1
OG0011982	CAK9320931.1	CAK9320931.1
OG0011983	CAK9320932.1	CAK9320932.1
OG0011984	CAK9320933.1	CAK9320933.1
OG0011985	CAK9320934.1	CAK9320934.1
OG0011986	CAK9320935.1	CAK9320935.1
OG0011987	CAK9320936.1	CAK9320936.1
OG0011988	CAK9320937.1	CAK9320937.1
OG0011989	CAK9320939.1	CAK9320939.1
OG0011990	CAK9320940.1	CAK9320940.1
OG0011991	CAK9320941.1	CAK9320941.1
OG0011992	CAK9320942.1	CAK9320942.1
OG0011993	CAK9320943.1	CAK9320943.1
OG0011994	CAK9320944.1	CAK9320944.1
OG0011995	CAK9320945.1	CAK9320945.1
OG0011996	CAK9320946.1	CAK9320946.1
OG0011997	CAK9320947.1	CAK9320947.1
OG0011998	CAK9320948.1	CAK9320948.1
OG0011999	CAK9320949.1	CAK9320949.1
OG0012000	CAK9320950.1	CAK9320950.1
OG0012001	CAK9320951.1	CAK9320951.1
OG0012002	CAK9320952.1	CAK9320952.1
OG0012003	CAK9320955.1	CAK9320955.1
OG0012004	CAK9320956.1	CAK9320956.1
OG0012005	CAK9320957.1	CAK9320957.1
OG0012006	CAK9320958.1	CAK9320958.1
OG0012007	CAK9320959.1	CAK9320959.1
OG0012008	CAK9320960.1	CAK9320960.1
OG0012009	CAK9320961.1	CAK9320961.1
OG0012010	CAK9320962.1	CAK9320962.1
OG0012011	CAK9320963.1	CAK9320963.1
OG0012012	CAK9320964.1	CAK9320964.1
OG0012013	CAK9320965.1	CAK9320965.1
OG0012014	CAK9320966.1	CAK9320966.1
OG0012015	CAK9320967.1	CAK9320967.1
OG0012016	CAK9320968.1	CAK9320968.1
OG0012017	CAK9320969.1	CAK9320969.1
OG0012018	CAK9320971.1	CAK9320971.1
OG0012019	CAK9320972.1	CAK9320972.1
OG0012020	CAK9320973.1	CAK9320973.1
OG0012021	CAK9320974.1	CAK9320974.1
OG0012022	CAK9320975.1	CAK9320975.1
OG0012023	CAK9320976.1	CAK9320976.1
OG0012024	CAK9320977.1	CAK9320977.1
OG0012025	CAK9320978.1	CAK9320978.1
OG0012026	CAK9320980.1	CAK9320980.1
OG0012027	CAK9320981.1	CAK9320981.1
OG0012028	CAK9320982.1	CAK9320982.1
OG0012029	CAK9320983.1	CAK9320983.1
OG0012030	CAK9320984.1	CAK9320984.1
OG0012031	CAK9320986.1	CAK9320986.1
OG0012032	CAK9320987.1	CAK9320987.1
OG0012033	CAK9320988.1	CAK9320988.1
OG0012034	CAK9320989.1	CAK9320989.1
OG0012035	CAK9320990.1	CAK9320990.1
OG0012036	CAK9320991.1	CAK9320991.1
OG0012037	CAK9320992.1	CAK9320992.1
OG0012038	CAK9320993.1	CAK9320993.1
OG0012039	CAK9320994.1	CAK9320994.1
OG0012040	CAK9320995.1	CAK9320995.1
OG0012041	CAK9320996.1	CAK9320996.1
OG0012042	CAK9320997.1	CAK9320997.1
OG0012043	CAK9320998.1	CAK9320998.1
OG0012044	CAK9320999.1	CAK9320999.1
OG0012045	CAK9321000.1	CAK9321000.1
OG0012046	CAK9321001.1	CAK9321001.1
OG0012047	CAK9321003.1	CAK9321003.1
OG0012048	CAK9321005.1	CAK9321005.1
OG0012049	CAK9321006.1	CAK9321006.1
OG0012050	CAK9321007.1	CAK9321007.1
OG0012051	CAK9321008.1	CAK9321008.1
OG0012052	CAK9321009.1	CAK9321009.1
OG0012053	CAK9321010.1	CAK9321010.1
OG0012054	CAK9321011.1	CAK9321011.1
OG0012055	CAK9321012.1	CAK9321012.1
OG0012056	CAK9321014.1	CAK9321014.1
OG0012057	CAK9321015.1	CAK9321015.1
OG0012058	CAK9321016.1	CAK9321016.1
OG0012059	CAK9321017.1	CAK9321017.1
OG0012060	CAK9321018.1	CAK9321018.1
OG0012061	CAK9321019.1	CAK9321019.1
OG0012062	CAK9321020.1	CAK9321020.1
OG0012063	CAK9321021.1	CAK9321021.1
OG0012064	CAK9321022.1	CAK9321022.1
OG0012065	CAK9321023.1	CAK9321023.1
OG0012066	CAK9321024.1	CAK9321024.1
OG0012067	CAK9321025.1	CAK9321025.1
OG0012068	CAK9321026.1	CAK9321026.1
OG0012069	CAK9321027.1	CAK9321027.1
OG0012070	CAK9321028.1	CAK9321028.1
OG0012071	CAK9321029.1	CAK9321029.1
OG0012072	CAK9321030.1	CAK9321030.1
OG0012073	CAK9321031.1	CAK9321031.1
OG0012074	CAK9321032.1	CAK9321032.1
OG0012075	CAK9321033.1	CAK9321033.1
OG0012076	CAK9321034.1	CAK9321034.1
OG0012077	CAK9321035.1	CAK9321035.1
OG0012078	CAK9321036.1	CAK9321036.1
OG0012079	CAK9321037.1	CAK9321037.1
OG0012080	CAK9321038.1	CAK9321038.1
OG0012081	CAK9321039.1	CAK9321039.1
OG0012082	CAK9321040.1	CAK9321040.1
OG0012083	CAK9321041.1	CAK9321041.1
OG0012084	CAK9321042.1	CAK9321042.1
OG0012085	CAK9321043.1	CAK9321043.1
OG0012086	CAK9321044.1	CAK9321044.1
OG0012087	CAK9321045.1	CAK9321045.1
OG0012088	CAK9321046.1	CAK9321046.1
OG0012089	CAK9321047.1	CAK9321047.1
OG0012090	CAK9321048.1	CAK9321048.1
OG0012091	CAK9321049.1	CAK9321049.1
OG0012092	CAK9321050.1	CAK9321050.1
OG0012093	CAK9321051.1	CAK9321051.1
OG0012094	CAK9321052.1	CAK9321052.1
OG0012095	CAK9321053.1	CAK9321053.1
OG0012096	CAK9321055.1	CAK9321055.1
OG0012097	CAK9321056.1	CAK9321056.1
OG0012098	CAK9321057.1	CAK9321057.1
OG0012099	CAK9321058.1	CAK9321058.1
OG0012100	CAK9321059.1	CAK9321059.1
OG0012101	CAK9321060.1	CAK9321060.1
OG0012102	CAK9321061.1	CAK9321061.1
OG0012103	CAK9321062.1	CAK9321062.1
OG0012104	CAK9321063.1	CAK9321063.1
OG0012105	CAK9321064.1	CAK9321064.1
OG0012106	CAK9321065.1	CAK9321065.1
OG0012107	CAK9321066.1	CAK9321066.1
OG0012108	CAK9321067.1	CAK9321067.1
OG0012109	CAK9321068.1	CAK9321068.1
OG0012110	CAK9321069.1	CAK9321069.1
OG0012111	CAK9321070.1	CAK9321070.1
OG0012112	CAK9321071.1	CAK9321071.1
OG0012113	CAK9321073.1	CAK9321073.1
OG0012114	CAK9321074.1	CAK9321074.1
OG0012115	CAK9321075.1	CAK9321075.1
OG0012116	CAK9321076.1	CAK9321076.1
OG0012117	CAK9321077.1	CAK9321077.1
OG0012118	CAK9321078.1	CAK9321078.1
OG0012119	CAK9321079.1	CAK9321079.1
OG0012120	CAK9321080.1	CAK9321080.1
OG0012121	CAK9321081.1	CAK9321081.1
OG0012122	CAK9321082.1	CAK9321082.1
OG0012123	CAK9321083.1	CAK9321083.1
OG0012124	CAK9321084.1	CAK9321084.1
OG0012125	CAK9321085.1	CAK9321085.1
OG0012126	CAK9321086.1	CAK9321086.1
OG0012127	CAK9321087.1	CAK9321087.1
OG0012128	CAK9321089.1	CAK9321089.1
OG0012129	CAK9321090.1	CAK9321090.1
OG0012130	CAK9321091.1	CAK9321091.1
OG0012131	CAK9321092.1	CAK9321092.1
OG0012132	CAK9321093.1	CAK9321093.1
OG0012133	CAK9321094.1	CAK9321094.1
OG0012134	CAK9321095.1	CAK9321095.1
OG0012135	CAK9321096.1	CAK9321096.1
OG0012136	CAK9321097.1	CAK9321097.1
OG0012137	CAK9321098.1	CAK9321098.1
OG0012138	CAK9321100.1	CAK9321100.1
OG0012139	CAK9321101.1	CAK9321101.1
OG0012140	CAK9321102.1	CAK9321102.1
OG0012141	CAK9321103.1	CAK9321103.1
OG0012142	CAK9321106.1	CAK9321106.1
OG0012143	CAK9321107.1	CAK9321107.1
OG0012144	CAK9321108.1	CAK9321108.1
OG0012145	CAK9321109.1	CAK9321109.1
OG0012146	CAK9321110.1	CAK9321110.1
OG0012147	CAK9321111.1	CAK9321111.1
OG0012148	CAK9321112.1	CAK9321112.1
OG0012149	CAK9321113.1	CAK9321113.1
OG0012150	CAK9321114.1	CAK9321114.1
OG0012151	CAK9321116.1	CAK9321116.1
OG0012152	CAK9321117.1	CAK9321117.1
OG0012153	CAK9321119.1	CAK9321119.1
OG0012154	CAK9321120.1	CAK9321120.1
OG0012155	CAK9321121.1	CAK9321121.1
OG0012156	CAK9321122.1	CAK9321122.1
OG0012157	CAK9321124.1	CAK9321124.1
OG0012158	CAK9321125.1	CAK9321125.1
OG0012159	CAK9321127.1	CAK9321127.1
OG0012160	CAK9321128.1	CAK9321128.1
OG0012161	CAK9321129.1	CAK9321129.1
OG0012162	CAK9321130.1	CAK9321130.1
OG0012163	CAK9321131.1	CAK9321131.1
OG0012164	CAK9321132.1	CAK9321132.1
OG0012165	CAK9321133.1	CAK9321133.1
OG0012166	CAK9321134.1	CAK9321134.1
OG0012167	CAK9321135.1	CAK9321135.1
OG0012168	CAK9321136.1	CAK9321136.1
OG0012169	CAK9321137.1	CAK9321137.1
OG0012170	CAK9321138.1	CAK9321138.1
OG0012171	CAK9321139.1	CAK9321139.1
OG0012172	CAK9321140.1	CAK9321140.1
OG0012173	CAK9321141.1	CAK9321141.1
OG0012174	CAK9321142.1	CAK9321142.1
OG0012175	CAK9321143.1	CAK9321143.1
OG0012176	CAK9321144.1	CAK9321144.1
OG0012177	CAK9321145.1	CAK9321145.1
OG0012178	CAK9321147.1	CAK9321147.1
OG0012179	CAK9321148.1	CAK9321148.1
OG0012180	CAK9321149.1	CAK9321149.1
OG0012181	CAK9321150.1	CAK9321150.1
OG0012182	CAK9321151.1	CAK9321151.1
OG0012183	CAK9321152.1	CAK9321152.1
OG0012184	CAK9321153.1	CAK9321153.1
OG0012185	CAK9321155.1	CAK9321155.1
OG0012186	CAK9321156.1	CAK9321156.1
OG0012187	CAK9321157.1	CAK9321157.1
OG0012188	CAK9321158.1	CAK9321158.1
OG0012189	CAK9321159.1	CAK9321159.1
OG0012190	CAK9321160.1	CAK9321160.1
OG0012191	CAK9321161.1	CAK9321161.1
OG0012192	CAK9321163.1	CAK9321163.1
OG0012193	CAK9321164.1	CAK9321164.1
OG0012194	CAK9321165.1	CAK9321165.1
OG0012195	CAK9321167.1	CAK9321167.1
OG0012196	CAK9321168.1	CAK9321168.1
OG0012197	CAK9321169.1	CAK9321169.1
OG0012198	CAK9321170.1	CAK9321170.1
OG0012199	CAK9321171.1	CAK9321171.1
OG0012200	CAK9321173.1	CAK9321173.1
OG0012201	CAK9321174.1	CAK9321174.1
OG0012202	CAK9321177.1	CAK9321177.1
OG0012203	CAK9321178.1	CAK9321178.1
OG0012204	CAK9321179.1	CAK9321179.1
OG0012205	CAK9321180.1	CAK9321180.1
OG0012206	CAK9321181.1	CAK9321181.1
OG0012207	CAK9321182.1	CAK9321182.1
OG0012208	CAK9321183.1	CAK9321183.1
OG0012209	CAK9321184.1	CAK9321184.1
OG0012210	CAK9321185.1	CAK9321185.1
OG0012211	CAK9321186.1	CAK9321186.1
OG0012212	CAK9321187.1	CAK9321187.1
OG0012213	CAK9321188.1	CAK9321188.1
OG0012214	CAK9321190.1	CAK9321190.1
OG0012215	CAK9321191.1	CAK9321191.1
OG0012216	CAK9321192.1	CAK9321192.1
OG0012217	CAK9321193.1	CAK9321193.1
OG0012218	CAK9321194.1	CAK9321194.1
OG0012219	CAK9321195.1	CAK9321195.1
OG0012220	CAK9321196.1	CAK9321196.1
OG0012221	CAK9321197.1	CAK9321197.1
OG0012222	CAK9321198.1	CAK9321198.1
OG0012223	CAK9321199.1	CAK9321199.1
OG0012224	CAK9321201.1	CAK9321201.1
OG0012225	CAK9321202.1	CAK9321202.1
OG0012226	CAK9321204.1	CAK9321204.1
OG0012227	CAK9321205.1	CAK9321205.1
OG0012228	CAK9321206.1	CAK9321206.1
OG0012229	CAK9321207.1	CAK9321207.1
OG0012230	CAK9321208.1	CAK9321208.1
OG0012231	CAK9321209.1	CAK9321209.1
OG0012232	CAK9321210.1	CAK9321210.1
OG0012233	CAK9321211.1	CAK9321211.1
OG0012234	CAK9321213.1	CAK9321213.1
OG0012235	CAK9321214.1	CAK9321214.1
OG0012236	CAK9321215.1	CAK9321215.1
OG0012237	CAK9321217.1	CAK9321217.1
OG0012238	CAK9321218.1	CAK9321218.1
OG0012239	CAK9321219.1	CAK9321219.1
OG0012240	CAK9321220.1	CAK9321220.1
OG0012241	CAK9321221.1	CAK9321221.1
OG0012242	CAK9321222.1	CAK9321222.1
OG0012243	CAK9321223.1	CAK9321223.1
OG0012244	CAK9321224.1	CAK9321224.1
OG0012245	CAK9321225.1	CAK9321225.1
OG0012246	CAK9321226.1	CAK9321226.1
OG0012247	CAK9321228.1	CAK9321228.1
OG0012248	CAK9321229.1	CAK9321229.1
OG0012249	CAK9321230.1	CAK9321230.1
OG0012250	CAK9321231.1	CAK9321231.1
OG0012251	CAK9321232.1	CAK9321232.1
OG0012252	CAK9321233.1	CAK9321233.1
OG0012253	CAK9321235.1	CAK9321235.1
OG0012254	CAK9321236.1	CAK9321236.1
OG0012255	CAK9321237.1	CAK9321237.1
OG0012256	CAK9321238.1	CAK9321238.1
OG0012257	CAK9321239.1	CAK9321239.1
OG0012258	CAK9321240.1	CAK9321240.1
OG0012259	CAK9321241.1	CAK9321241.1
OG0012260	CAK9321242.1	CAK9321242.1
OG0012261	CAK9321243.1	CAK9321243.1
OG0012262	CAK9321244.1	CAK9321244.1
OG0012263	CAK9321245.1	CAK9321245.1
OG0012264	CAK9321246.1	CAK9321246.1
OG0012265	CAK9321247.1	CAK9321247.1
OG0012266	CAK9321248.1	CAK9321248.1
OG0012267	CAK9321251.1	CAK9321251.1
OG0012268	CAK9321252.1	CAK9321252.1
OG0012269	CAK9321254.1	CAK9321254.1
OG0012270	CAK9321255.1	CAK9321255.1
OG0012271	CAK9321256.1	CAK9321256.1
OG0012272	CAK9321257.1	CAK9321257.1
OG0012273	CAK9321258.1	CAK9321258.1
OG0012274	CAK9321260.1	CAK9321260.1
OG0012275	CAK9321261.1	CAK9321261.1
OG0012276	CAK9321262.1	CAK9321262.1
OG0012277	CAK9321263.1	CAK9321263.1
OG0012278	CAK9321264.1	CAK9321264.1
OG0012279	CAK9321265.1	CAK9321265.1
OG0012280	CAK9321266.1	CAK9321266.1
OG0012281	CAK9321267.1	CAK9321267.1
OG0012282	CAK9321268.1	CAK9321268.1
OG0012283	CAK9321269.1	CAK9321269.1
OG0012284	CAK9321270.1	CAK9321270.1
OG0012285	CAK9321271.1	CAK9321271.1
OG0012286	CAK9321274.1	CAK9321274.1
OG0012287	CAK9321275.1	CAK9321275.1
OG0012288	CAK9321276.1	CAK9321276.1
OG0012289	CAK9321277.1	CAK9321277.1
OG0012290	CAK9321278.1	CAK9321278.1
OG0012291	CAK9321279.1	CAK9321279.1
OG0012292	CAK9321280.1	CAK9321280.1
OG0012293	CAK9321281.1	CAK9321281.1
OG0012294	CAK9321283.1	CAK9321283.1
OG0012295	CAK9321285.1	CAK9321285.1
OG0012296	CAK9321286.1	CAK9321286.1
OG0012297	CAK9321287.1	CAK9321287.1
OG0012298	CAK9321289.1	CAK9321289.1
OG0012299	CAK9321290.1	CAK9321290.1
OG0012300	CAK9321291.1	CAK9321291.1
OG0012301	CAK9321292.1	CAK9321292.1
OG0012302	CAK9321293.1	CAK9321293.1
OG0012303	CAK9321294.1	CAK9321294.1
OG0012304	CAK9321295.1	CAK9321295.1
OG0012305	CAK9321296.1	CAK9321296.1
OG0012306	CAK9321297.1	CAK9321297.1
OG0012307	CAK9321298.1	CAK9321298.1
OG0012308	CAK9321299.1	CAK9321299.1
OG0012309	CAK9321300.1	CAK9321300.1
OG0012310	CAK9321301.1	CAK9321301.1
OG0012311	CAK9321302.1	CAK9321302.1
OG0012312	CAK9321303.1	CAK9321303.1
OG0012313	CAK9321304.1	CAK9321304.1
OG0012314	CAK9321305.1	CAK9321305.1
OG0012315	CAK9321306.1	CAK9321306.1
OG0012316	CAK9321307.1	CAK9321307.1
OG0012317	CAK9321308.1	CAK9321308.1
OG0012318	CAK9321309.1	CAK9321309.1
OG0012319	CAK9321310.1	CAK9321310.1
OG0012320	CAK9321311.1	CAK9321311.1
OG0012321	CAK9321312.1	CAK9321312.1
OG0012322	CAK9321313.1	CAK9321313.1
OG0012323	CAK9321314.1	CAK9321314.1
OG0012324	CAK9321315.1	CAK9321315.1
OG0012325	CAK9321316.1	CAK9321316.1
OG0012326	CAK9321317.1	CAK9321317.1
OG0012327	CAK9321318.1	CAK9321318.1
OG0012328	CAK9321319.1	CAK9321319.1
OG0012329	CAK9321320.1	CAK9321320.1
OG0012330	CAK9321321.1	CAK9321321.1
OG0012331	CAK9321322.1	CAK9321322.1
OG0012332	CAK9321323.1	CAK9321323.1
OG0012333	CAK9321324.1	CAK9321324.1
OG0012334	CAK9321325.1	CAK9321325.1
OG0012335	CAK9321326.1	CAK9321326.1
OG0012336	CAK9321327.1	CAK9321327.1
OG0012337	CAK9321328.1	CAK9321328.1
OG0012338	CAK9321329.1	CAK9321329.1
OG0012339	CAK9321330.1	CAK9321330.1
OG0012340	CAK9321331.1	CAK9321331.1
OG0012341	CAK9321332.1	CAK9321332.1
OG0012342	CAK9321333.1	CAK9321333.1
OG0012343	CAK9321334.1	CAK9321334.1
OG0012344	CAK9321335.1	CAK9321335.1
OG0012345	CAK9321336.1	CAK9321336.1
OG0012346	CAK9321337.1	CAK9321337.1
OG0012347	CAK9321338.1	CAK9321338.1
OG0012348	CAK9321340.1	CAK9321340.1
OG0012349	CAK9321341.1	CAK9321341.1
OG0012350	CAK9321342.1	CAK9321342.1
OG0012351	CAK9321343.1	CAK9321343.1
OG0012352	CAK9321344.1	CAK9321344.1
OG0012353	CAK9321345.1	CAK9321345.1
OG0012354	CAK9321346.1	CAK9321346.1
OG0012355	CAK9321347.1	CAK9321347.1
OG0012356	CAK9321348.1	CAK9321348.1
OG0012357	CAK9321349.1	CAK9321349.1
OG0012358	CAK9321350.1	CAK9321350.1
OG0012359	CAK9321351.1	CAK9321351.1
OG0012360	CAK9321353.1	CAK9321353.1
OG0012361	CAK9321354.1	CAK9321354.1
OG0012362	CAK9321355.1	CAK9321355.1
OG0012363	CAK9321356.1	CAK9321356.1
OG0012364	CAK9321357.1	CAK9321357.1
OG0012365	CAK9321358.1	CAK9321358.1
OG0012366	CAK9321359.1	CAK9321359.1
OG0012367	CAK9321360.1	CAK9321360.1
OG0012368	CAK9321361.1	CAK9321361.1
OG0012369	CAK9321362.1	CAK9321362.1
OG0012370	CAK9321363.1	CAK9321363.1
OG0012371	CAK9321364.1	CAK9321364.1
OG0012372	CAK9321365.1	CAK9321365.1
OG0012373	CAK9321366.1	CAK9321366.1
OG0012374	CAK9321367.1	CAK9321367.1
OG0012375	CAK9321368.1	CAK9321368.1
OG0012376	CAK9321369.1	CAK9321369.1
OG0012377	CAK9321370.1	CAK9321370.1
OG0012378	CAK9321371.1	CAK9321371.1
OG0012379	CAK9321372.1	CAK9321372.1
OG0012380	CAK9321373.1	CAK9321373.1
OG0012381	CAK9321374.1	CAK9321374.1
OG0012382	CAK9321375.1	CAK9321375.1
OG0012383	CAK9321376.1	CAK9321376.1
OG0012384	CAK9321377.1	CAK9321377.1
OG0012385	CAK9321378.1	CAK9321378.1
OG0012386	CAK9321379.1	CAK9321379.1
OG0012387	CAK9321380.1	CAK9321380.1
OG0012388	CAK9321381.1	CAK9321381.1
OG0012389	CAK9321382.1	CAK9321382.1
OG0012390	CAK9321383.1	CAK9321383.1
OG0012391	CAK9321384.1	CAK9321384.1
OG0012392	CAK9321385.1	CAK9321385.1
OG0012393	CAK9321386.1	CAK9321386.1
OG0012394	CAK9321388.1	CAK9321388.1
OG0012395	CAK9321389.1	CAK9321389.1
OG0012396	CAK9321390.1	CAK9321390.1
OG0012397	CAK9321391.1	CAK9321391.1
OG0012398	CAK9321393.1	CAK9321393.1
OG0012399	CAK9321394.1	CAK9321394.1
OG0012400	CAK9321397.1	CAK9321397.1
OG0012401	CAK9321398.1	CAK9321398.1
OG0012402	CAK9321400.1	CAK9321400.1
OG0012403	CAK9321401.1	CAK9321401.1
OG0012404	CAK9321403.1	CAK9321403.1
OG0012405	CAK9321404.1	CAK9321404.1
OG0012406	CAK9321405.1	CAK9321405.1
OG0012407	CAK9321406.1	CAK9321406.1
OG0012408	CAK9321407.1	CAK9321407.1
OG0012409	CAK9321408.1	CAK9321408.1
OG0012410	CAK9321409.1	CAK9321409.1
OG0012411	CAK9321410.1	CAK9321410.1
OG0012412	CAK9321411.1	CAK9321411.1
OG0012413	CAK9321412.1	CAK9321412.1
OG0012414	CAK9321413.1	CAK9321413.1
OG0012415	CAK9321414.1	CAK9321414.1
OG0012416	CAK9321415.1	CAK9321415.1
OG0012417	CAK9321416.1	CAK9321416.1
OG0012418	CAK9321417.1	CAK9321417.1
OG0012419	CAK9321418.1	CAK9321418.1
OG0012420	CAK9321420.1	CAK9321420.1
OG0012421	CAK9321421.1	CAK9321421.1
OG0012422	CAK9321422.1	CAK9321422.1
OG0012423	CAK9321423.1	CAK9321423.1
OG0012424	CAK9321424.1	CAK9321424.1
OG0012425	CAK9321425.1	CAK9321425.1
OG0012426	CAK9321426.1	CAK9321426.1
OG0012427	CAK9321427.1	CAK9321427.1
OG0012428	CAK9321428.1	CAK9321428.1
OG0012429	CAK9321429.1	CAK9321429.1
OG0012430	CAK9321430.1	CAK9321430.1
OG0012431	CAK9321431.1	CAK9321431.1
OG0012432	CAK9321433.1	CAK9321433.1
OG0012433	CAK9321434.1	CAK9321434.1
OG0012434	CAK9321435.1	CAK9321435.1
OG0012435	CAK9321436.1	CAK9321436.1
OG0012436	CAK9321437.1	CAK9321437.1
OG0012437	CAK9321438.1	CAK9321438.1
OG0012438	CAK9321439.1	CAK9321439.1
OG0012439	CAK9321440.1	CAK9321440.1
OG0012440	CAK9321441.1	CAK9321441.1
OG0012441	CAK9321442.1	CAK9321442.1
OG0012442	CAK9321443.1	CAK9321443.1
OG0012443	CAK9321444.1	CAK9321444.1
OG0012444	CAK9321445.1	CAK9321445.1
OG0012445	CAK9321446.1	CAK9321446.1
OG0012446	CAK9321447.1	CAK9321447.1
OG0012447	CAK9321448.1	CAK9321448.1
OG0012448	CAK9321449.1	CAK9321449.1
OG0012449	CAK9321450.1	CAK9321450.1
OG0012450	CAK9321451.1	CAK9321451.1
OG0012451	CAK9321452.1	CAK9321452.1
OG0012452	CAK9321453.1	CAK9321453.1
OG0012453	CAK9321454.1	CAK9321454.1
OG0012454	CAK9321455.1	CAK9321455.1
OG0012455	CAK9321456.1	CAK9321456.1
OG0012456	CAK9321457.1	CAK9321457.1
OG0012457	CAK9321458.1	CAK9321458.1
OG0012458	CAK9321459.1	CAK9321459.1
OG0012459	CAK9321460.1	CAK9321460.1
OG0012460	CAK9321462.1	CAK9321462.1
OG0012461	CAK9321463.1	CAK9321463.1
OG0012462	CAK9321464.1	CAK9321464.1
OG0012463	CAK9321465.1	CAK9321465.1
OG0012464	CAK9321466.1	CAK9321466.1
OG0012465	CAK9321468.1	CAK9321468.1
OG0012466	CAK9321469.1	CAK9321469.1
OG0012467	CAK9321470.1	CAK9321470.1
OG0012468	CAK9321471.1	CAK9321471.1
OG0012469	CAK9321472.1	CAK9321472.1
OG0012470	CAK9321473.1	CAK9321473.1
OG0012471	CAK9321474.1	CAK9321474.1
OG0012472	CAK9321475.1	CAK9321475.1
OG0012473	CAK9321476.1	CAK9321476.1
OG0012474	CAK9321477.1	CAK9321477.1
OG0012475	CAK9321478.1	CAK9321478.1
OG0012476	CAK9321479.1	CAK9321479.1
OG0012477	CAK9321480.1	CAK9321480.1
OG0012478	CAK9321481.1	CAK9321481.1
OG0012479	CAK9321482.1	CAK9321482.1
OG0012480	CAK9321483.1	CAK9321483.1
OG0012481	CAK9321484.1	CAK9321484.1
OG0012482	CAK9321485.1	CAK9321485.1
OG0012483	CAK9321486.1	CAK9321486.1
OG0012484	CAK9321488.1	CAK9321488.1
OG0012485	CAK9321489.1	CAK9321489.1
OG0012486	CAK9321490.1	CAK9321490.1
OG0012487	CAK9321491.1	CAK9321491.1
OG0012488	CAK9321492.1	CAK9321492.1
OG0012489	CAK9321493.1	CAK9321493.1
OG0012490	CAK9321494.1	CAK9321494.1
OG0012491	CAK9321495.1	CAK9321495.1
OG0012492	CAK9321497.1	CAK9321497.1
OG0012493	CAK9321498.1	CAK9321498.1
OG0012494	CAK9321501.1	CAK9321501.1
OG0012495	CAK9321502.1	CAK9321502.1
OG0012496	CAK9321503.1	CAK9321503.1
OG0012497	CAK9321504.1	CAK9321504.1
OG0012498	CAK9321505.1	CAK9321505.1
OG0012499	CAK9321506.1	CAK9321506.1
OG0012500	CAK9321507.1	CAK9321507.1
OG0012501	CAK9321508.1	CAK9321508.1
OG0012502	CAK9321509.1	CAK9321509.1
OG0012503	CAK9321510.1	CAK9321510.1
OG0012504	CAK9321512.1	CAK9321512.1
OG0012505	CAK9321513.1	CAK9321513.1
OG0012506	CAK9321514.1	CAK9321514.1
OG0012507	CAK9321515.1	CAK9321515.1
OG0012508	CAK9321516.1	CAK9321516.1
OG0012509	CAK9321517.1	CAK9321517.1
OG0012510	CAK9321518.1	CAK9321518.1
OG0012511	CAK9321519.1	CAK9321519.1
OG0012512	CAK9321520.1	CAK9321520.1
OG0012513	CAK9321521.1	CAK9321521.1
OG0012514	CAK9321522.1	CAK9321522.1
OG0012515	CAK9321523.1	CAK9321523.1
OG0012516	CAK9321524.1	CAK9321524.1
OG0012517	CAK9321525.1	CAK9321525.1
OG0012518	CAK9321526.1	CAK9321526.1
OG0012519	CAK9321527.1	CAK9321527.1
OG0012520	CAK9321531.1	CAK9321531.1
OG0012521	CAK9321532.1	CAK9321532.1
OG0012522	CAK9321534.1	CAK9321534.1
OG0012523	CAK9321535.1	CAK9321535.1
OG0012524	CAK9321536.1	CAK9321536.1
OG0012525	CAK9321537.1	CAK9321537.1
OG0012526	CAK9321538.1	CAK9321538.1
OG0012527	CAK9321540.1	CAK9321540.1
OG0012528	CAK9321541.1	CAK9321541.1
OG0012529	CAK9321542.1	CAK9321542.1
OG0012530	CAK9321543.1	CAK9321543.1
OG0012531	CAK9321544.1	CAK9321544.1
OG0012532	CAK9321545.1	CAK9321545.1
OG0012533	CAK9321546.1	CAK9321546.1
OG0012534	CAK9321547.1	CAK9321547.1
OG0012535	CAK9321548.1	CAK9321548.1
OG0012536	CAK9321549.1	CAK9321549.1
OG0012537	CAK9321550.1	CAK9321550.1
OG0012538	CAK9321551.1	CAK9321551.1
OG0012539	CAK9321552.1	CAK9321552.1
OG0012540	CAK9321553.1	CAK9321553.1
OG0012541	CAK9321554.1	CAK9321554.1
OG0012542	CAK9321555.1	CAK9321555.1
OG0012543	CAK9321556.1	CAK9321556.1
OG0012544	CAK9321557.1	CAK9321557.1
OG0012545	CAK9321560.1	CAK9321560.1
OG0012546	CAK9321561.1	CAK9321561.1
OG0012547	CAK9321562.1	CAK9321562.1
OG0012548	CAK9321563.1	CAK9321563.1
OG0012549	CAK9321564.1	CAK9321564.1
OG0012550	CAK9321565.1	CAK9321565.1
OG0012551	CAK9321566.1	CAK9321566.1
OG0012552	CAK9321567.1	CAK9321567.1
OG0012553	CAK9321568.1	CAK9321568.1
OG0012554	CAK9321569.1	CAK9321569.1
OG0012555	CAK9321570.1	CAK9321570.1
OG0012556	CAK9321571.1	CAK9321571.1
OG0012557	CAK9321572.1	CAK9321572.1
OG0012558	CAK9321574.1	CAK9321574.1
OG0012559	CAK9321575.1	CAK9321575.1
OG0012560	CAK9321576.1	CAK9321576.1
OG0012561	CAK9321577.1	CAK9321577.1
OG0012562	CAK9321578.1	CAK9321578.1
OG0012563	CAK9321579.1	CAK9321579.1
OG0012564	CAK9321582.1	CAK9321582.1
OG0012565	CAK9321583.1	CAK9321583.1
OG0012566	CAK9321584.1	CAK9321584.1
OG0012567	CAK9321585.1	CAK9321585.1
OG0012568	CAK9321586.1	CAK9321586.1
OG0012569	CAK9321587.1	CAK9321587.1
OG0012570	CAK9321588.1	CAK9321588.1
OG0012571	CAK9321589.1	CAK9321589.1
OG0012572	CAK9321590.1	CAK9321590.1
OG0012573	CAK9321591.1	CAK9321591.1
OG0012574	CAK9321592.1	CAK9321592.1
OG0012575	CAK9321593.1	CAK9321593.1
OG0012576	CAK9321594.1	CAK9321594.1
OG0012577	CAK9321595.1	CAK9321595.1
OG0012578	CAK9321596.1	CAK9321596.1
OG0012579	CAK9321597.1	CAK9321597.1
OG0012580	CAK9321598.1	CAK9321598.1
OG0012581	CAK9321599.1	CAK9321599.1
OG0012582	CAK9321600.1	CAK9321600.1
OG0012583	CAK9321601.1	CAK9321601.1
OG0012584	CAK9321602.1	CAK9321602.1
OG0012585	CAK9321603.1	CAK9321603.1
OG0012586	CAK9321604.1	CAK9321604.1
OG0012587	CAK9321605.1	CAK9321605.1
OG0012588	CAK9321606.1	CAK9321606.1
OG0012589	CAK9321607.1	CAK9321607.1
OG0012590	CAK9321608.1	CAK9321608.1
OG0012591	CAK9321610.1	CAK9321610.1
OG0012592	CAK9321611.1	CAK9321611.1
OG0012593	CAK9321612.1	CAK9321612.1
OG0012594	CAK9321613.1	CAK9321613.1
OG0012595	CAK9321614.1	CAK9321614.1
OG0012596	CAK9321615.1	CAK9321615.1
OG0012597	CAK9321616.1	CAK9321616.1
OG0012598	CAK9321617.1	CAK9321617.1
OG0012599	CAK9321618.1	CAK9321618.1
OG0012600	CAK9321619.1	CAK9321619.1
OG0012601	CAK9321620.1	CAK9321620.1
OG0012602	CAK9321621.1	CAK9321621.1
OG0012603	CAK9321622.1	CAK9321622.1
OG0012604	CAK9321623.1	CAK9321623.1
OG0012605	CAK9321624.1	CAK9321624.1
OG0012606	CAK9321626.1	CAK9321626.1
OG0012607	CAK9321627.1	CAK9321627.1
OG0012608	CAK9321632.1	CAK9321632.1
OG0012609	CAK9321633.1	CAK9321633.1
OG0012610	CAK9321634.1	CAK9321634.1
OG0012611	CAK9321635.1	CAK9321635.1
OG0012612	CAK9321636.1	CAK9321636.1
OG0012613	CAK9321637.1	CAK9321637.1
OG0012614	CAK9321638.1	CAK9321638.1
OG0012615	CAK9321639.1	CAK9321639.1
OG0012616	CAK9321640.1	CAK9321640.1
OG0012617	CAK9321641.1	CAK9321641.1
OG0012618	CAK9321642.1	CAK9321642.1
OG0012619	CAK9321643.1	CAK9321643.1
OG0012620	CAK9321644.1	CAK9321644.1
OG0012621	CAK9321645.1	CAK9321645.1
OG0012622	CAK9321647.1	CAK9321647.1
OG0012623	CAK9321649.1	CAK9321649.1
OG0012624	CAK9321650.1	CAK9321650.1
OG0012625	CAK9321651.1	CAK9321651.1
OG0012626	CAK9321652.1	CAK9321652.1
OG0012627	CAK9321653.1	CAK9321653.1
OG0012628	CAK9321654.1	CAK9321654.1
OG0012629	CAK9321655.1	CAK9321655.1
OG0012630	CAK9321656.1	CAK9321656.1
OG0012631	CAK9321657.1	CAK9321657.1
OG0012632	CAK9321659.1	CAK9321659.1
OG0012633	CAK9321660.1	CAK9321660.1
OG0012634	CAK9321661.1	CAK9321661.1
OG0012635	CAK9321662.1	CAK9321662.1
OG0012636	CAK9321663.1	CAK9321663.1
OG0012637	CAK9321664.1	CAK9321664.1
OG0012638	CAK9321665.1	CAK9321665.1
OG0012639	CAK9321666.1	CAK9321666.1
OG0012640	CAK9321667.1	CAK9321667.1
OG0012641	CAK9321669.1	CAK9321669.1
OG0012642	CAK9321670.1	CAK9321670.1
OG0012643	CAK9321671.1	CAK9321671.1
OG0012644	CAK9321672.1	CAK9321672.1
OG0012645	CAK9321673.1	CAK9321673.1
OG0012646	CAK9321674.1	CAK9321674.1
OG0012647	CAK9321676.1	CAK9321676.1
OG0012648	CAK9321677.1	CAK9321677.1
OG0012649	CAK9321678.1	CAK9321678.1
OG0012650	CAK9321679.1	CAK9321679.1
OG0012651	CAK9321680.1	CAK9321680.1
OG0012652	CAK9321681.1	CAK9321681.1
OG0012653	CAK9321683.1	CAK9321683.1
OG0012654	CAK9321685.1	CAK9321685.1
OG0012655	CAK9321686.1	CAK9321686.1
OG0012656	CAK9321688.1	CAK9321688.1
OG0012657	CAK9321689.1	CAK9321689.1
OG0012658	CAK9321690.1	CAK9321690.1
OG0012659	CAK9321691.1	CAK9321691.1
OG0012660	CAK9321692.1	CAK9321692.1
OG0012661	CAK9321693.1	CAK9321693.1
OG0012662	CAK9321694.1	CAK9321694.1
OG0012663	CAK9321695.1	CAK9321695.1
OG0012664	CAK9321696.1	CAK9321696.1
OG0012665	CAK9321697.1	CAK9321697.1
OG0012666	CAK9321698.1	CAK9321698.1
OG0012667	CAK9321699.1	CAK9321699.1
OG0012668	CAK9321700.1	CAK9321700.1
OG0012669	CAK9321702.1	CAK9321702.1
OG0012670	CAK9321704.1	CAK9321704.1
OG0012671	CAK9321705.1	CAK9321705.1
OG0012672	CAK9321706.1	CAK9321706.1
OG0012673	CAK9321707.1	CAK9321707.1
OG0012674	CAK9321708.1	CAK9321708.1
OG0012675	CAK9321709.1	CAK9321709.1
OG0012676	CAK9321711.1	CAK9321711.1
OG0012677	CAK9321712.1	CAK9321712.1
OG0012678	CAK9321713.1	CAK9321713.1
OG0012679	CAK9321714.1	CAK9321714.1
OG0012680	CAK9321715.1	CAK9321715.1
OG0012681	CAK9321716.1	CAK9321716.1
OG0012682	CAK9321717.1	CAK9321717.1
OG0012683	CAK9321718.1	CAK9321718.1
OG0012684	CAK9321719.1	CAK9321719.1
OG0012685	CAK9321721.1	CAK9321721.1
OG0012686	CAK9321722.1	CAK9321722.1
OG0012687	CAK9321723.1	CAK9321723.1
OG0012688	CAK9321724.1	CAK9321724.1
OG0012689	CAK9321725.1	CAK9321725.1
OG0012690	CAK9321726.1	CAK9321726.1
OG0012691	CAK9321727.1	CAK9321727.1
OG0012692	CAK9321728.1	CAK9321728.1
OG0012693	CAK9321729.1	CAK9321729.1
OG0012694	CAK9321730.1	CAK9321730.1
OG0012695	CAK9321732.1	CAK9321732.1
OG0012696	CAK9321733.1	CAK9321733.1
OG0012697	CAK9321734.1	CAK9321734.1
OG0012698	CAK9321735.1	CAK9321735.1
OG0012699	CAK9321736.1	CAK9321736.1
OG0012700	CAK9321737.1	CAK9321737.1
OG0012701	CAK9321738.1	CAK9321738.1
OG0012702	CAK9321739.1	CAK9321739.1
OG0012703	CAK9321740.1	CAK9321740.1
OG0012704	CAK9321741.1	CAK9321741.1
OG0012705	CAK9321742.1	CAK9321742.1
OG0012706	CAK9321743.1	CAK9321743.1
OG0012707	CAK9321744.1	CAK9321744.1
OG0012708	CAK9321745.1	CAK9321745.1
OG0012709	CAK9321746.1	CAK9321746.1
OG0012710	CAK9321747.1	CAK9321747.1
OG0012711	CAK9321748.1	CAK9321748.1
OG0012712	CAK9321749.1	CAK9321749.1
OG0012713	CAK9321751.1	CAK9321751.1
OG0012714	CAK9321753.1	CAK9321753.1
OG0012715	CAK9321754.1	CAK9321754.1
OG0012716	CAK9321755.1	CAK9321755.1
OG0012717	CAK9321756.1	CAK9321756.1
OG0012718	CAK9321757.1	CAK9321757.1
OG0012719	CAK9321758.1	CAK9321758.1
OG0012720	CAK9321759.1	CAK9321759.1
OG0012721	CAK9321760.1	CAK9321760.1
OG0012722	CAK9321761.1	CAK9321761.1
OG0012723	CAK9321762.1	CAK9321762.1
OG0012724	CAK9321763.1	CAK9321763.1
OG0012725	CAK9321764.1	CAK9321764.1
OG0012726	CAK9321765.1	CAK9321765.1
OG0012727	CAK9321766.1	CAK9321766.1
OG0012728	CAK9321767.1	CAK9321767.1
OG0012729	CAK9321768.1	CAK9321768.1
OG0012730	CAK9321769.1	CAK9321769.1
OG0012731	CAK9321770.1	CAK9321770.1
OG0012732	CAK9321771.1	CAK9321771.1
OG0012733	CAK9321772.1	CAK9321772.1
OG0012734	CAK9321773.1	CAK9321773.1
OG0012735	CAK9321774.1	CAK9321774.1
OG0012736	CAK9321775.1	CAK9321775.1
OG0012737	CAK9321776.1	CAK9321776.1
OG0012738	CAK9321777.1	CAK9321777.1
OG0012739	CAK9321778.1	CAK9321778.1
OG0012740	CAK9321779.1	CAK9321779.1
OG0012741	CAK9321781.1	CAK9321781.1
OG0012742	CAK9321782.1	CAK9321782.1
OG0012743	CAK9321786.1	CAK9321786.1
OG0012744	CAK9321787.1	CAK9321787.1
OG0012745	CAK9321789.1	CAK9321789.1
OG0012746	CAK9321790.1	CAK9321790.1
OG0012747	CAK9321791.1	CAK9321791.1
OG0012748	CAK9321792.1	CAK9321792.1
OG0012749	CAK9321793.1	CAK9321793.1
OG0012750	CAK9321794.1	CAK9321794.1
OG0012751	CAK9321795.1	CAK9321795.1
OG0012752	CAK9321796.1	CAK9321796.1
OG0012753	CAK9321798.1	CAK9321798.1
OG0012754	CAK9321799.1	CAK9321799.1
OG0012755	CAK9321800.1	CAK9321800.1
OG0012756	CAK9321801.1	CAK9321801.1
OG0012757	CAK9321802.1	CAK9321802.1
OG0012758	CAK9321803.1	CAK9321803.1
OG0012759	CAK9321805.1	CAK9321805.1
OG0012760	CAK9321806.1	CAK9321806.1
OG0012761	CAK9321807.1	CAK9321807.1
OG0012762	CAK9321808.1	CAK9321808.1
OG0012763	CAK9321810.1	CAK9321810.1
OG0012764	CAK9321811.1	CAK9321811.1
OG0012765	CAK9321812.1	CAK9321812.1
OG0012766	CAK9321813.1	CAK9321813.1
OG0012767	CAK9321814.1	CAK9321814.1
OG0012768	CAK9321815.1	CAK9321815.1
OG0012769	CAK9321816.1	CAK9321816.1
OG0012770	CAK9321817.1	CAK9321817.1
OG0012771	CAK9321818.1	CAK9321818.1
OG0012772	CAK9321819.1	CAK9321819.1
OG0012773	CAK9321820.1	CAK9321820.1
OG0012774	CAK9321821.1	CAK9321821.1
OG0012775	CAK9321822.1	CAK9321822.1
OG0012776	CAK9321823.1	CAK9321823.1
OG0012777	CAK9321824.1	CAK9321824.1
OG0012778	CAK9321826.1	CAK9321826.1
OG0012779	CAK9321828.1	CAK9321828.1
OG0012780	CAK9321829.1	CAK9321829.1
OG0012781	CAK9321831.1	CAK9321831.1
OG0012782	CAK9321832.1	CAK9321832.1
OG0012783	CAK9321833.1	CAK9321833.1
OG0012784	CAK9321834.1	CAK9321834.1
OG0012785	CAK9321835.1	CAK9321835.1
OG0012786	CAK9321837.1	CAK9321837.1
OG0012787	CAK9321838.1	CAK9321838.1
OG0012788	CAK9321839.1	CAK9321839.1
OG0012789	CAK9321840.1	CAK9321840.1
OG0012790	CAK9321841.1	CAK9321841.1
OG0012791	CAK9321842.1	CAK9321842.1
OG0012792	CAK9321843.1	CAK9321843.1
OG0012793	CAK9321844.1	CAK9321844.1
OG0012794	CAK9321846.1	CAK9321846.1
OG0012795	CAK9321847.1	CAK9321847.1
OG0012796	CAK9321848.1	CAK9321848.1
OG0012797	CAK9321849.1	CAK9321849.1
OG0012798	CAK9321850.1	CAK9321850.1
OG0012799	CAK9321851.1	CAK9321851.1
OG0012800	CAK9321852.1	CAK9321852.1
OG0012801	CAK9321853.1	CAK9321853.1
OG0012802	CAK9321854.1	CAK9321854.1
OG0012803	CAK9321855.1	CAK9321855.1
OG0012804	CAK9321856.1	CAK9321856.1
OG0012805	CAK9321858.1	CAK9321858.1
OG0012806	CAK9321859.1	CAK9321859.1
OG0012807	CAK9321860.1	CAK9321860.1
OG0012808	CAK9321862.1	CAK9321862.1
OG0012809	CAK9321863.1	CAK9321863.1
OG0012810	CAK9321864.1	CAK9321864.1
OG0012811	CAK9321866.1	CAK9321866.1
OG0012812	CAK9321867.1	CAK9321867.1
OG0012813	CAK9321868.1	CAK9321868.1
OG0012814	CAK9321869.1	CAK9321869.1
OG0012815	CAK9321870.1	CAK9321870.1
OG0012816	CAK9321871.1	CAK9321871.1
OG0012817	CAK9321872.1	CAK9321872.1
OG0012818	CAK9321873.1	CAK9321873.1
OG0012819	CAK9321874.1	CAK9321874.1
OG0012820	CAK9321875.1	CAK9321875.1
OG0012821	CAK9321876.1	CAK9321876.1
OG0012822	CAK9321877.1	CAK9321877.1
OG0012823	CAK9321878.1	CAK9321878.1
OG0012824	CAK9321879.1	CAK9321879.1
OG0012825	CAK9321881.1	CAK9321881.1
OG0012826	CAK9321882.1	CAK9321882.1
OG0012827	CAK9321883.1	CAK9321883.1
OG0012828	CAK9321884.1	CAK9321884.1
OG0012829	CAK9321885.1	CAK9321885.1
OG0012830	CAK9321887.1	CAK9321887.1
OG0012831	CAK9321888.1	CAK9321888.1
OG0012832	CAK9321889.1	CAK9321889.1
OG0012833	CAK9321890.1	CAK9321890.1
OG0012834	CAK9321891.1	CAK9321891.1
OG0012835	CAK9321892.1	CAK9321892.1
OG0012836	CAK9321893.1	CAK9321893.1
OG0012837	CAK9321894.1	CAK9321894.1
OG0012838	CAK9321897.1	CAK9321897.1
OG0012839	CAK9321898.1	CAK9321898.1
OG0012840	CAK9321899.1	CAK9321899.1
OG0012841	CAK9321900.1	CAK9321900.1
OG0012842	CAK9321901.1	CAK9321901.1
OG0012843	CAK9321902.1	CAK9321902.1
OG0012844	CAK9321903.1	CAK9321903.1
OG0012845	CAK9321905.1	CAK9321905.1
OG0012846	CAK9321906.1	CAK9321906.1
OG0012847	CAK9321907.1	CAK9321907.1
OG0012848	CAK9321908.1	CAK9321908.1
OG0012849	CAK9321909.1	CAK9321909.1
OG0012850	CAK9321910.1	CAK9321910.1
OG0012851	CAK9321911.1	CAK9321911.1
OG0012852	CAK9321912.1	CAK9321912.1
OG0012853	CAK9321913.1	CAK9321913.1
OG0012854	CAK9321914.1	CAK9321914.1
OG0012855	CAK9321915.1	CAK9321915.1
OG0012856	CAK9321916.1	CAK9321916.1
OG0012857	CAK9321917.1	CAK9321917.1
OG0012858	CAK9321918.1	CAK9321918.1
OG0012859	CAK9321919.1	CAK9321919.1
OG0012860	CAK9321920.1	CAK9321920.1
OG0012861	CAK9321921.1	CAK9321921.1
OG0012862	CAK9321922.1	CAK9321922.1
OG0012863	CAK9321923.1	CAK9321923.1
OG0012864	CAK9321924.1	CAK9321924.1
OG0012865	CAK9321925.1	CAK9321925.1
OG0012866	CAK9321926.1	CAK9321926.1
OG0012867	CAK9321927.1	CAK9321927.1
OG0012868	CAK9321928.1	CAK9321928.1
OG0012869	CAK9321929.1	CAK9321929.1
OG0012870	CAK9321930.1	CAK9321930.1
OG0012871	CAK9321931.1	CAK9321931.1
OG0012872	CAK9321932.1	CAK9321932.1
OG0012873	CAK9321933.1	CAK9321933.1
OG0012874	CAK9321934.1	CAK9321934.1
OG0012875	CAK9321938.1	CAK9321938.1
OG0012876	CAK9321939.1	CAK9321939.1
OG0012877	CAK9321940.1	CAK9321940.1
OG0012878	CAK9321941.1	CAK9321941.1
OG0012879	CAK9321942.1	CAK9321942.1
OG0012880	CAK9321943.1	CAK9321943.1
OG0012881	CAK9321944.1	CAK9321944.1
OG0012882	CAK9321945.1	CAK9321945.1
OG0012883	CAK9321946.1	CAK9321946.1
OG0012884	CAK9321947.1	CAK9321947.1
OG0012885	CAK9321949.1	CAK9321949.1
OG0012886	CAK9321950.1	CAK9321950.1
OG0012887	CAK9321951.1	CAK9321951.1
OG0012888	CAK9321952.1	CAK9321952.1
OG0012889	CAK9321953.1	CAK9321953.1
OG0012890	CAK9321954.1	CAK9321954.1
OG0012891	CAK9321955.1	CAK9321955.1
OG0012892	CAK9321956.1	CAK9321956.1
OG0012893	CAK9321957.1	CAK9321957.1
OG0012894	CAK9321958.1	CAK9321958.1
OG0012895	CAK9321959.1	CAK9321959.1
OG0012896	CAK9321960.1	CAK9321960.1
OG0012897	CAK9321961.1	CAK9321961.1
OG0012898	CAK9321962.1	CAK9321962.1
OG0012899	CAK9321963.1	CAK9321963.1
OG0012900	CAK9321965.1	CAK9321965.1
OG0012901	CAK9321966.1	CAK9321966.1
OG0012902	CAK9321968.1	CAK9321968.1
OG0012903	CAK9321970.1	CAK9321970.1
OG0012904	CAK9321971.1	CAK9321971.1
OG0012905	CAK9321972.1	CAK9321972.1
OG0012906	CAK9321973.1	CAK9321973.1
OG0012907	CAK9321974.1	CAK9321974.1
OG0012908	CAK9321975.1	CAK9321975.1
OG0012909	CAK9321976.1	CAK9321976.1
OG0012910	CAK9321977.1	CAK9321977.1
OG0012911	CAK9321978.1	CAK9321978.1
OG0012912	CAK9321979.1	CAK9321979.1
OG0012913	CAK9321981.1	CAK9321981.1
OG0012914	CAK9321982.1	CAK9321982.1
OG0012915	CAK9321983.1	CAK9321983.1
OG0012916	CAK9321984.1	CAK9321984.1
OG0012917	CAK9321985.1	CAK9321985.1
OG0012918	CAK9321986.1	CAK9321986.1
OG0012919	CAK9321987.1	CAK9321987.1
OG0012920	CAK9321988.1	CAK9321988.1
OG0012921	CAK9321989.1	CAK9321989.1
OG0012922	CAK9321990.1	CAK9321990.1
OG0012923	CAK9321991.1	CAK9321991.1
OG0012924	CAK9321992.1	CAK9321992.1
OG0012925	CAK9321993.1	CAK9321993.1
OG0012926	CAK9321994.1	CAK9321994.1
OG0012927	CAK9321997.1	CAK9321997.1
OG0012928	CAK9321998.1	CAK9321998.1
OG0012929	CAK9321999.1	CAK9321999.1
OG0012930	CAK9322000.1	CAK9322000.1
OG0012931	CAK9322001.1	CAK9322001.1
OG0012932	CAK9322002.1	CAK9322002.1
OG0012933	CAK9322003.1	CAK9322003.1
OG0012934	CAK9322004.1	CAK9322004.1
OG0012935	CAK9322005.1	CAK9322005.1
OG0012936	CAK9322006.1	CAK9322006.1
OG0012937	CAK9322007.1	CAK9322007.1
OG0012938	CAK9322008.1	CAK9322008.1
OG0012939	CAK9322009.1	CAK9322009.1
OG0012940	CAK9322010.1	CAK9322010.1
OG0012941	CAK9322011.1	CAK9322011.1
OG0012942	CAK9322012.1	CAK9322012.1
OG0012943	CAK9322013.1	CAK9322013.1
OG0012944	CAK9322014.1	CAK9322014.1
OG0012945	CAK9322015.1	CAK9322015.1
OG0012946	CAK9322016.1	CAK9322016.1
OG0012947	CAK9322017.1	CAK9322017.1
OG0012948	CAK9322018.1	CAK9322018.1
OG0012949	CAK9322019.1	CAK9322019.1
OG0012950	CAK9322020.1	CAK9322020.1
OG0012951	CAK9322021.1	CAK9322021.1
OG0012952	CAK9322022.1	CAK9322022.1
OG0012953	CAK9322024.1	CAK9322024.1
OG0012954	CAK9322025.1	CAK9322025.1
OG0012955	CAK9322026.1	CAK9322026.1
OG0012956	CAK9322027.1	CAK9322027.1
OG0012957	CAK9322028.1	CAK9322028.1
OG0012958	CAK9322029.1	CAK9322029.1
OG0012959	CAK9322030.1	CAK9322030.1
OG0012960	CAK9322031.1	CAK9322031.1
OG0012961	CAK9322032.1	CAK9322032.1
OG0012962	CAK9322033.1	CAK9322033.1
OG0012963	CAK9322034.1	CAK9322034.1
OG0012964	CAK9322035.1	CAK9322035.1
OG0012965	CAK9322036.1	CAK9322036.1
OG0012966	CAK9322037.1	CAK9322037.1
OG0012967	CAK9322038.1	CAK9322038.1
OG0012968	CAK9322039.1	CAK9322039.1
OG0012969	CAK9322040.1	CAK9322040.1
OG0012970	CAK9322041.1	CAK9322041.1
OG0012971	CAK9322042.1	CAK9322042.1
OG0012972	CAK9322043.1	CAK9322043.1
OG0012973	CAK9322044.1	CAK9322044.1
OG0012974	CAK9322045.1	CAK9322045.1
OG0012975	CAK9322048.1	CAK9322048.1
OG0012976	CAK9322049.1	CAK9322049.1
OG0012977	CAK9322051.1	CAK9322051.1
OG0012978	CAK9322052.1	CAK9322052.1
OG0012979	CAK9322053.1	CAK9322053.1
OG0012980	CAK9322054.1	CAK9322054.1
OG0012981	CAK9322055.1	CAK9322055.1
OG0012982	CAK9322056.1	CAK9322056.1
OG0012983	CAK9322057.1	CAK9322057.1
OG0012984	CAK9322058.1	CAK9322058.1
OG0012985	CAK9322059.1	CAK9322059.1
OG0012986	CAK9322060.1	CAK9322060.1
OG0012987	CAK9322061.1	CAK9322061.1
OG0012988	CAK9322062.1	CAK9322062.1
OG0012989	CAK9322064.1	CAK9322064.1
OG0012990	CAK9322065.1	CAK9322065.1
OG0012991	CAK9322066.1	CAK9322066.1
OG0012992	CAK9322068.1	CAK9322068.1
OG0012993	CAK9322069.1	CAK9322069.1
OG0012994	CAK9322070.1	CAK9322070.1
OG0012995	CAK9322071.1	CAK9322071.1
OG0012996	CAK9322072.1	CAK9322072.1
OG0012997	CAK9322073.1	CAK9322073.1
OG0012998	CAK9322074.1	CAK9322074.1
OG0012999	CAK9322078.1	CAK9322078.1
OG0013000	CAK9322079.1	CAK9322079.1
OG0013001	CAK9322081.1	CAK9322081.1
OG0013002	CAK9322082.1	CAK9322082.1
OG0013003	CAK9322083.1	CAK9322083.1
OG0013004	CAK9322084.1	CAK9322084.1
OG0013005	CAK9322085.1	CAK9322085.1
OG0013006	CAK9322086.1	CAK9322086.1
OG0013007	CAK9322087.1	CAK9322087.1
OG0013008	CAK9322088.1	CAK9322088.1
OG0013009	CAK9322089.1	CAK9322089.1
OG0013010	CAK9322090.1	CAK9322090.1
OG0013011	CAK9322091.1	CAK9322091.1
OG0013012	CAK9322092.1	CAK9322092.1
OG0013013	CAK9322093.1	CAK9322093.1
OG0013014	CAK9322094.1	CAK9322094.1
OG0013015	CAK9322095.1	CAK9322095.1
OG0013016	CAK9322096.1	CAK9322096.1
OG0013017	CAK9322097.1	CAK9322097.1
OG0013018	CAK9322098.1	CAK9322098.1
OG0013019	CAK9322099.1	CAK9322099.1
OG0013020	CAK9322100.1	CAK9322100.1
OG0013021	CAK9322101.1	CAK9322101.1
OG0013022	CAK9322102.1	CAK9322102.1
OG0013023	CAK9322103.1	CAK9322103.1
OG0013024	CAK9322104.1	CAK9322104.1
OG0013025	CAK9322105.1	CAK9322105.1
OG0013026	CAK9322106.1	CAK9322106.1
OG0013027	CAK9322107.1	CAK9322107.1
OG0013028	CAK9322108.1	CAK9322108.1
OG0013029	CAK9322109.1	CAK9322109.1
OG0013030	CAK9322110.1	CAK9322110.1
OG0013031	CAK9322111.1	CAK9322111.1
OG0013032	CAK9322112.1	CAK9322112.1
OG0013033	CAK9322113.1	CAK9322113.1
OG0013034	CAK9322115.1	CAK9322115.1
OG0013035	CAK9322116.1	CAK9322116.1
OG0013036	CAK9322117.1	CAK9322117.1
OG0013037	CAK9322118.1	CAK9322118.1
OG0013038	CAK9322119.1	CAK9322119.1
OG0013039	CAK9322120.1	CAK9322120.1
OG0013040	CAK9322122.1	CAK9322122.1
OG0013041	CAK9322123.1	CAK9322123.1
OG0013042	CAK9322124.1	CAK9322124.1
OG0013043	CAK9322125.1	CAK9322125.1
OG0013044	CAK9322126.1	CAK9322126.1
OG0013045	CAK9322127.1	CAK9322127.1
OG0013046	CAK9322128.1	CAK9322128.1
OG0013047	CAK9322129.1	CAK9322129.1
OG0013048	CAK9322130.1	CAK9322130.1
OG0013049	CAK9322131.1	CAK9322131.1
OG0013050	CAK9322132.1	CAK9322132.1
OG0013051	CAK9322134.1	CAK9322134.1
OG0013052	CAK9322136.1	CAK9322136.1
OG0013053	CAK9322137.1	CAK9322137.1
OG0013054	CAK9322138.1	CAK9322138.1
OG0013055	CAK9322139.1	CAK9322139.1
OG0013056	CAK9322140.1	CAK9322140.1
OG0013057	CAK9322142.1	CAK9322142.1
OG0013058	CAK9322143.1	CAK9322143.1
OG0013059	CAK9322144.1	CAK9322144.1
OG0013060	CAK9322145.1	CAK9322145.1
OG0013061	CAK9322146.1	CAK9322146.1
OG0013062	CAK9322147.1	CAK9322147.1
OG0013063	CAK9322148.1	CAK9322148.1
OG0013064	CAK9322149.1	CAK9322149.1
OG0013065	CAK9322150.1	CAK9322150.1
OG0013066	CAK9322153.1	CAK9322153.1
OG0013067	CAK9322154.1	CAK9322154.1
OG0013068	CAK9322155.1	CAK9322155.1
OG0013069	CAK9322156.1	CAK9322156.1
OG0013070	CAK9322157.1	CAK9322157.1
OG0013071	CAK9322158.1	CAK9322158.1
OG0013072	CAK9322159.1	CAK9322159.1
OG0013073	CAK9322160.1	CAK9322160.1
OG0013074	CAK9322161.1	CAK9322161.1
OG0013075	CAK9322162.1	CAK9322162.1
OG0013076	CAK9322163.1	CAK9322163.1
OG0013077	CAK9322164.1	CAK9322164.1
OG0013078	CAK9322166.1	CAK9322166.1
OG0013079	CAK9322167.1	CAK9322167.1
OG0013080	CAK9322168.1	CAK9322168.1
OG0013081	CAK9322169.1	CAK9322169.1
OG0013082	CAK9322170.1	CAK9322170.1
OG0013083	CAK9322171.1	CAK9322171.1
OG0013084	CAK9322172.1	CAK9322172.1
OG0013085	CAK9322173.1	CAK9322173.1
OG0013086	CAK9322174.1	CAK9322174.1
OG0013087	CAK9322175.1	CAK9322175.1
OG0013088	CAK9322176.1	CAK9322176.1
OG0013089	CAK9322177.1	CAK9322177.1
OG0013090	CAK9322178.1	CAK9322178.1
OG0013091	CAK9322179.1	CAK9322179.1
OG0013092	CAK9322180.1	CAK9322180.1
OG0013093	CAK9322182.1	CAK9322182.1
OG0013094	CAK9322183.1	CAK9322183.1
OG0013095	CAK9322184.1	CAK9322184.1
OG0013096	CAK9322185.1	CAK9322185.1
OG0013097	CAK9322186.1	CAK9322186.1
OG0013098	CAK9322187.1	CAK9322187.1
OG0013099	CAK9322188.1	CAK9322188.1
OG0013100	CAK9322189.1	CAK9322189.1
OG0013101	CAK9322190.1	CAK9322190.1
OG0013102	CAK9322193.1	CAK9322193.1
OG0013103	CAK9322194.1	CAK9322194.1
OG0013104	CAK9322195.1	CAK9322195.1
OG0013105	CAK9322196.1	CAK9322196.1
OG0013106	CAK9322197.1	CAK9322197.1
OG0013107	CAK9322198.1	CAK9322198.1
OG0013108	CAK9322199.1	CAK9322199.1
OG0013109	CAK9322200.1	CAK9322200.1
OG0013110	CAK9322201.1	CAK9322201.1
OG0013111	CAK9322203.1	CAK9322203.1
OG0013112	CAK9322204.1	CAK9322204.1
OG0013113	CAK9322206.1	CAK9322206.1
OG0013114	CAK9322207.1	CAK9322207.1
OG0013115	CAK9322208.1	CAK9322208.1
OG0013116	CAK9322209.1	CAK9322209.1
OG0013117	CAK9322210.1	CAK9322210.1
OG0013118	CAK9322211.1	CAK9322211.1
OG0013119	CAK9322212.1	CAK9322212.1
OG0013120	CAK9322213.1	CAK9322213.1
OG0013121	CAK9322214.1	CAK9322214.1
OG0013122	CAK9322216.1	CAK9322216.1
OG0013123	CAK9322217.1	CAK9322217.1
OG0013124	CAK9322218.1	CAK9322218.1
OG0013125	CAK9322220.1	CAK9322220.1
OG0013126	CAK9322221.1	CAK9322221.1
OG0013127	CAK9322222.1	CAK9322222.1
OG0013128	CAK9322223.1	CAK9322223.1
OG0013129	CAK9322224.1	CAK9322224.1
OG0013130	CAK9322225.1	CAK9322225.1
OG0013131	CAK9322226.1	CAK9322226.1
OG0013132	CAK9322227.1	CAK9322227.1
OG0013133	CAK9322228.1	CAK9322228.1
OG0013134	CAK9322229.1	CAK9322229.1
OG0013135	CAK9322230.1	CAK9322230.1
OG0013136	CAK9322232.1	CAK9322232.1
OG0013137	CAK9322235.1	CAK9322235.1
OG0013138	CAK9322236.1	CAK9322236.1
OG0013139	CAK9322237.1	CAK9322237.1
OG0013140	CAK9322238.1	CAK9322238.1
OG0013141	CAK9322239.1	CAK9322239.1
OG0013142	CAK9322240.1	CAK9322240.1
OG0013143	CAK9322241.1	CAK9322241.1
OG0013144	CAK9322242.1	CAK9322242.1
OG0013145	CAK9322243.1	CAK9322243.1
OG0013146	CAK9322244.1	CAK9322244.1
OG0013147	CAK9322245.1	CAK9322245.1
OG0013148	CAK9322246.1	CAK9322246.1
OG0013149	CAK9322248.1	CAK9322248.1
OG0013150	CAK9322249.1	CAK9322249.1
OG0013151	CAK9322250.1	CAK9322250.1
OG0013152	CAK9322251.1	CAK9322251.1
OG0013153	CAK9322252.1	CAK9322252.1
OG0013154	CAK9322253.1	CAK9322253.1
OG0013155	CAK9322254.1	CAK9322254.1
OG0013156	CAK9322255.1	CAK9322255.1
OG0013157	CAK9322256.1	CAK9322256.1
OG0013158	CAK9322257.1	CAK9322257.1
OG0013159	CAK9322258.1	CAK9322258.1
OG0013160	CAK9322259.1	CAK9322259.1
OG0013161	CAK9322260.1	CAK9322260.1
OG0013162	CAK9322261.1	CAK9322261.1
OG0013163	CAK9322262.1	CAK9322262.1
OG0013164	CAK9322263.1	CAK9322263.1
OG0013165	CAK9322264.1	CAK9322264.1
OG0013166	CAK9322265.1	CAK9322265.1
OG0013167	CAK9322266.1	CAK9322266.1
OG0013168	CAK9322267.1	CAK9322267.1
OG0013169	CAK9322268.1	CAK9322268.1
OG0013170	CAK9322269.1	CAK9322269.1
OG0013171	CAK9322271.1	CAK9322271.1
OG0013172	CAK9322272.1	CAK9322272.1
OG0013173	CAK9322273.1	CAK9322273.1
OG0013174	CAK9322274.1	CAK9322274.1
OG0013175	CAK9322276.1	CAK9322276.1
OG0013176	CAK9322277.1	CAK9322277.1
OG0013177	CAK9322279.1	CAK9322279.1
OG0013178	CAK9322282.1	CAK9322282.1
OG0013179	CAK9322283.1	CAK9322283.1
OG0013180	CAK9322284.1	CAK9322284.1
OG0013181	CAK9322285.1	CAK9322285.1
OG0013182	CAK9322286.1	CAK9322286.1
OG0013183	CAK9322287.1	CAK9322287.1
OG0013184	CAK9322288.1	CAK9322288.1
OG0013185	CAK9322289.1	CAK9322289.1
OG0013186	CAK9322292.1	CAK9322292.1
OG0013187	CAK9322293.1	CAK9322293.1
OG0013188	CAK9322294.1	CAK9322294.1
OG0013189	CAK9322295.1	CAK9322295.1
OG0013190	CAK9322296.1	CAK9322296.1
OG0013191	CAK9322297.1	CAK9322297.1
OG0013192	CAK9322298.1	CAK9322298.1
OG0013193	CAK9322299.1	CAK9322299.1
OG0013194	CAK9322300.1	CAK9322300.1
OG0013195	CAK9322301.1	CAK9322301.1
OG0013196	CAK9322302.1	CAK9322302.1
OG0013197	CAK9322303.1	CAK9322303.1
OG0013198	CAK9322304.1	CAK9322304.1
OG0013199	CAK9322305.1	CAK9322305.1
OG0013200	CAK9322306.1	CAK9322306.1
OG0013201	CAK9322307.1	CAK9322307.1
OG0013202	CAK9322308.1	CAK9322308.1
OG0013203	CAK9322309.1	CAK9322309.1
OG0013204	CAK9322310.1	CAK9322310.1
OG0013205	CAK9322311.1	CAK9322311.1
OG0013206	CAK9322312.1	CAK9322312.1
OG0013207	CAK9322313.1	CAK9322313.1
OG0013208	CAK9322314.1	CAK9322314.1
OG0013209	CAK9322315.1	CAK9322315.1
OG0013210	CAK9322316.1	CAK9322316.1
OG0013211	CAK9322318.1	CAK9322318.1
OG0013212	CAK9322319.1	CAK9322319.1
OG0013213	CAK9322320.1	CAK9322320.1
OG0013214	CAK9322321.1	CAK9322321.1
OG0013215	CAK9322323.1	CAK9322323.1
OG0013216	CAK9322324.1	CAK9322324.1
OG0013217	CAK9322326.1	CAK9322326.1
OG0013218	CAK9322327.1	CAK9322327.1
OG0013219	CAK9322329.1	CAK9322329.1
OG0013220	CAK9322331.1	CAK9322331.1
OG0013221	CAK9322332.1	CAK9322332.1
OG0013222	CAK9322333.1	CAK9322333.1
OG0013223	CAK9322334.1	CAK9322334.1
OG0013224	CAK9322335.1	CAK9322335.1
OG0013225	CAK9322336.1	CAK9322336.1
OG0013226	CAK9322337.1	CAK9322337.1
OG0013227	CAK9322338.1	CAK9322338.1
OG0013228	CAK9322339.1	CAK9322339.1
OG0013229	CAK9322340.1	CAK9322340.1
OG0013230	CAK9322341.1	CAK9322341.1
OG0013231	CAK9322342.1	CAK9322342.1
OG0013232	CAK9322344.1	CAK9322344.1
OG0013233	CAK9322345.1	CAK9322345.1
OG0013234	CAK9322346.1	CAK9322346.1
OG0013235	CAK9322347.1	CAK9322347.1
OG0013236	CAK9322348.1	CAK9322348.1
OG0013237	CAK9322349.1	CAK9322349.1
OG0013238	CAK9322350.1	CAK9322350.1
OG0013239	CAK9322352.1	CAK9322352.1
OG0013240	CAK9322353.1	CAK9322353.1
OG0013241	CAK9322354.1	CAK9322354.1
OG0013242	CAK9322355.1	CAK9322355.1
OG0013243	CAK9322356.1	CAK9322356.1
OG0013244	CAK9322357.1	CAK9322357.1
OG0013245	CAK9322358.1	CAK9322358.1
OG0013246	CAK9322359.1	CAK9322359.1
OG0013247	CAK9322360.1	CAK9322360.1
OG0013248	CAK9322364.1	CAK9322364.1
OG0013249	CAK9322365.1	CAK9322365.1
OG0013250	CAK9322366.1	CAK9322366.1
OG0013251	CAK9322367.1	CAK9322367.1
OG0013252	CAK9322368.1	CAK9322368.1
OG0013253	CAK9322369.1	CAK9322369.1
OG0013254	CAK9322370.1	CAK9322370.1
OG0013255	CAK9322373.1	CAK9322373.1
OG0013256	CAK9322374.1	CAK9322374.1
OG0013257	CAK9322375.1	CAK9322375.1
OG0013258	CAK9322376.1	CAK9322376.1
OG0013259	CAK9322379.1	CAK9322379.1
OG0013260	CAK9322380.1	CAK9322380.1
OG0013261	CAK9322381.1	CAK9322381.1
OG0013262	CAK9322382.1	CAK9322382.1
OG0013263	CAK9322383.1	CAK9322383.1
OG0013264	CAK9322385.1	CAK9322385.1
OG0013265	CAK9322386.1	CAK9322386.1
OG0013266	CAK9322387.1	CAK9322387.1
OG0013267	CAK9322388.1	CAK9322388.1
OG0013268	CAK9322390.1	CAK9322390.1
OG0013269	CAK9322391.1	CAK9322391.1
OG0013270	CAK9322392.1	CAK9322392.1
OG0013271	CAK9322393.1	CAK9322393.1
OG0013272	CAK9322394.1	CAK9322394.1
OG0013273	CAK9322395.1	CAK9322395.1
OG0013274	CAK9322397.1	CAK9322397.1
OG0013275	CAK9322399.1	CAK9322399.1
OG0013276	CAK9322401.1	CAK9322401.1
OG0013277	CAK9322402.1	CAK9322402.1
OG0013278	CAK9322403.1	CAK9322403.1
OG0013279	CAK9322404.1	CAK9322404.1
OG0013280	CAK9322405.1	CAK9322405.1
OG0013281	CAK9322406.1	CAK9322406.1
OG0013282	CAK9322407.1	CAK9322407.1
OG0013283	CAK9322410.1	CAK9322410.1
OG0013284	CAK9322411.1	CAK9322411.1
OG0013285	CAK9322412.1	CAK9322412.1
OG0013286	CAK9322414.1	CAK9322414.1
OG0013287	CAK9322415.1	CAK9322415.1
OG0013288	CAK9322416.1	CAK9322416.1
OG0013289	CAK9322417.1	CAK9322417.1
OG0013290	CAK9322418.1	CAK9322418.1
OG0013291	CAK9322419.1	CAK9322419.1
OG0013292	CAK9322420.1	CAK9322420.1
OG0013293	CAK9322421.1	CAK9322421.1
OG0013294	CAK9322422.1	CAK9322422.1
OG0013295	CAK9322423.1	CAK9322423.1
OG0013296	CAK9322424.1	CAK9322424.1
OG0013297	CAK9322425.1	CAK9322425.1
OG0013298	CAK9322428.1	CAK9322428.1
OG0013299	CAK9322429.1	CAK9322429.1
OG0013300	CAK9322430.1	CAK9322430.1
OG0013301	CAK9322432.1	CAK9322432.1
OG0013302	CAK9322433.1	CAK9322433.1
OG0013303	CAK9322434.1	CAK9322434.1
OG0013304	CAK9322435.1	CAK9322435.1
OG0013305	CAK9322437.1	CAK9322437.1
OG0013306	CAK9322438.1	CAK9322438.1
OG0013307	CAK9322439.1	CAK9322439.1
OG0013308	CAK9322440.1	CAK9322440.1
OG0013309	CAK9322441.1	CAK9322441.1
OG0013310	CAK9322442.1	CAK9322442.1
OG0013311	CAK9322443.1	CAK9322443.1
OG0013312	CAK9322444.1	CAK9322444.1
OG0013313	CAK9322445.1	CAK9322445.1
OG0013314	CAK9322446.1	CAK9322446.1
OG0013315	CAK9322447.1	CAK9322447.1
OG0013316	CAK9322448.1	CAK9322448.1
OG0013317	CAK9322449.1	CAK9322449.1
OG0013318	CAK9322450.1	CAK9322450.1
OG0013319	CAK9322452.1	CAK9322452.1
OG0013320	CAK9322458.1	CAK9322458.1
OG0013321	CAK9322459.1	CAK9322459.1
OG0013322	CAK9322460.1	CAK9322460.1
OG0013323	CAK9322461.1	CAK9322461.1
OG0013324	CAK9322462.1	CAK9322462.1
OG0013325	CAK9322463.1	CAK9322463.1
OG0013326	CAK9322464.1	CAK9322464.1
OG0013327	CAK9322465.1	CAK9322465.1
OG0013328	CAK9322467.1	CAK9322467.1
OG0013329	CAK9322469.1	CAK9322469.1
OG0013330	CAK9322470.1	CAK9322470.1
OG0013331	CAK9322471.1	CAK9322471.1
OG0013332	CAK9322472.1	CAK9322472.1
OG0013333	CAK9322473.1	CAK9322473.1
OG0013334	CAK9322474.1	CAK9322474.1
OG0013335	CAK9322475.1	CAK9322475.1
OG0013336	CAK9322476.1	CAK9322476.1
OG0013337	CAK9322477.1	CAK9322477.1
OG0013338	CAK9322478.1	CAK9322478.1
OG0013339	CAK9322479.1	CAK9322479.1
OG0013340	CAK9322480.1	CAK9322480.1
OG0013341	CAK9322481.1	CAK9322481.1
OG0013342	CAK9322482.1	CAK9322482.1
OG0013343	CAK9322483.1	CAK9322483.1
OG0013344	CAK9322484.1	CAK9322484.1
OG0013345	CAK9322485.1	CAK9322485.1
OG0013346	CAK9322486.1	CAK9322486.1
OG0013347	CAK9322487.1	CAK9322487.1
OG0013348	CAK9322488.1	CAK9322488.1
OG0013349	CAK9322489.1	CAK9322489.1
OG0013350	CAK9322491.1	CAK9322491.1
OG0013351	CAK9322492.1	CAK9322492.1
OG0013352	CAK9322493.1	CAK9322493.1
OG0013353	CAK9322494.1	CAK9322494.1
OG0013354	CAK9322495.1	CAK9322495.1
OG0013355	CAK9322497.1	CAK9322497.1
OG0013356	CAK9322498.1	CAK9322498.1
OG0013357	CAK9322499.1	CAK9322499.1
OG0013358	CAK9322500.1	CAK9322500.1
OG0013359	CAK9322501.1	CAK9322501.1
OG0013360	CAK9322502.1	CAK9322502.1
OG0013361	CAK9322503.1	CAK9322503.1
OG0013362	CAK9322504.1	CAK9322504.1
OG0013363	CAK9322505.1	CAK9322505.1
OG0013364	CAK9322506.1	CAK9322506.1
OG0013365	CAK9322511.1	CAK9322511.1
OG0013366	CAK9322513.1	CAK9322513.1
OG0013367	CAK9322514.1	CAK9322514.1
OG0013368	CAK9322516.1	CAK9322516.1
OG0013369	CAK9322517.1	CAK9322517.1
OG0013370	CAK9322518.1	CAK9322518.1
OG0013371	CAK9322519.1	CAK9322519.1
OG0013372	CAK9322520.1	CAK9322520.1
OG0013373	CAK9322521.1	CAK9322521.1
OG0013374	CAK9322522.1	CAK9322522.1
OG0013375	CAK9322523.1	CAK9322523.1
OG0013376	CAK9322524.1	CAK9322524.1
OG0013377	CAK9322525.1	CAK9322525.1
OG0013378	CAK9322526.1	CAK9322526.1
OG0013379	CAK9322527.1	CAK9322527.1
OG0013380	CAK9322528.1	CAK9322528.1
OG0013381	CAK9322529.1	CAK9322529.1
OG0013382	CAK9322530.1	CAK9322530.1
OG0013383	CAK9322531.1	CAK9322531.1
OG0013384	CAK9322532.1	CAK9322532.1
OG0013385	CAK9322534.1	CAK9322534.1
OG0013386	CAK9322535.1	CAK9322535.1
OG0013387	CAK9322536.1	CAK9322536.1
OG0013388	CAK9322537.1	CAK9322537.1
OG0013389	CAK9322538.1	CAK9322538.1
OG0013390	CAK9322539.1	CAK9322539.1
OG0013391	CAK9322540.1	CAK9322540.1
OG0013392	CAK9322541.1	CAK9322541.1
OG0013393	CAK9322542.1	CAK9322542.1
OG0013394	CAK9322543.1	CAK9322543.1
OG0013395	CAK9322544.1	CAK9322544.1
OG0013396	CAK9322545.1	CAK9322545.1
OG0013397	CAK9322546.1	CAK9322546.1
OG0013398	CAK9322547.1	CAK9322547.1
OG0013399	CAK9322548.1	CAK9322548.1
OG0013400	CAK9322549.1	CAK9322549.1
OG0013401	CAK9322550.1	CAK9322550.1
OG0013402	CAK9322552.1	CAK9322552.1
OG0013403	CAK9322553.1	CAK9322553.1
OG0013404	CAK9322554.1	CAK9322554.1
OG0013405	CAK9322555.1	CAK9322555.1
OG0013406	CAK9322556.1	CAK9322556.1
OG0013407	CAK9322557.1	CAK9322557.1
OG0013408	CAK9322558.1	CAK9322558.1
OG0013409	CAK9322559.1	CAK9322559.1
OG0013410	CAK9322561.1	CAK9322561.1
OG0013411	CAK9322563.1	CAK9322563.1
OG0013412	CAK9322566.1	CAK9322566.1
OG0013413	CAK9322567.1	CAK9322567.1
OG0013414	CAK9322568.1	CAK9322568.1
OG0013415	CAK9322569.1	CAK9322569.1
OG0013416	CAK9322570.1	CAK9322570.1
OG0013417	CAK9322571.1	CAK9322571.1
OG0013418	CAK9322572.1	CAK9322572.1
OG0013419	CAK9322573.1	CAK9322573.1
OG0013420	CAK9322574.1	CAK9322574.1
OG0013421	CAK9322575.1	CAK9322575.1
OG0013422	CAK9322576.1	CAK9322576.1
OG0013423	CAK9322577.1	CAK9322577.1
OG0013424	CAK9322578.1	CAK9322578.1
OG0013425	CAK9322579.1	CAK9322579.1
OG0013426	CAK9322581.1	CAK9322581.1
OG0013427	CAK9322583.1	CAK9322583.1
OG0013428	CAK9322584.1	CAK9322584.1
OG0013429	CAK9322587.1	CAK9322587.1
OG0013430	CAK9322588.1	CAK9322588.1
OG0013431	CAK9322589.1	CAK9322589.1
OG0013432	CAK9322591.1	CAK9322591.1
OG0013433	CAK9322592.1	CAK9322592.1
OG0013434	CAK9322593.1	CAK9322593.1
OG0013435	CAK9322595.1	CAK9322595.1
OG0013436	CAK9322596.1	CAK9322596.1
OG0013437	CAK9322597.1	CAK9322597.1
OG0013438	CAK9322598.1	CAK9322598.1
OG0013439	CAK9322600.1	CAK9322600.1
OG0013440	CAK9322602.1	CAK9322602.1
OG0013441	CAK9322603.1	CAK9322603.1
OG0013442	CAK9322604.1	CAK9322604.1
OG0013443	CAK9322605.1	CAK9322605.1
OG0013444	CAK9322606.1	CAK9322606.1
OG0013445	CAK9322607.1	CAK9322607.1
OG0013446	CAK9322608.1	CAK9322608.1
OG0013447	CAK9322609.1	CAK9322609.1
OG0013448	CAK9322610.1	CAK9322610.1
OG0013449	CAK9322611.1	CAK9322611.1
OG0013450	CAK9322612.1	CAK9322612.1
OG0013451	CAK9322613.1	CAK9322613.1
OG0013452	CAK9322614.1	CAK9322614.1
OG0013453	CAK9322615.1	CAK9322615.1
OG0013454	CAK9322616.1	CAK9322616.1
OG0013455	CAK9322617.1	CAK9322617.1
OG0013456	CAK9322619.1	CAK9322619.1
OG0013457	CAK9322620.1	CAK9322620.1
OG0013458	CAK9322621.1	CAK9322621.1
OG0013459	CAK9322622.1	CAK9322622.1
OG0013460	CAK9322625.1	CAK9322625.1
OG0013461	CAK9322626.1	CAK9322626.1
OG0013462	CAK9322627.1	CAK9322627.1
OG0013463	CAK9322629.1	CAK9322629.1
OG0013464	CAK9322630.1	CAK9322630.1
OG0013465	CAK9322631.1	CAK9322631.1
OG0013466	CAK9322634.1	CAK9322634.1
OG0013467	CAK9322635.1	CAK9322635.1
OG0013468	CAK9322636.1	CAK9322636.1
OG0013469	CAK9322637.1	CAK9322637.1
OG0013470	CAK9322638.1	CAK9322638.1
OG0013471	CAK9322640.1	CAK9322640.1
OG0013472	CAK9322642.1	CAK9322642.1
OG0013473	CAK9322643.1	CAK9322643.1
OG0013474	CAK9322644.1	CAK9322644.1
OG0013475	CAK9322645.1	CAK9322645.1
OG0013476	CAK9322646.1	CAK9322646.1
OG0013477	CAK9322647.1	CAK9322647.1
OG0013478	CAK9322648.1	CAK9322648.1
OG0013479	CAK9322649.1	CAK9322649.1
OG0013480	CAK9322650.1	CAK9322650.1
OG0013481	CAK9322651.1	CAK9322651.1
OG0013482	CAK9322652.1	CAK9322652.1
OG0013483	CAK9322653.1	CAK9322653.1
OG0013484	CAK9322654.1	CAK9322654.1
OG0013485	CAK9322655.1	CAK9322655.1
OG0013486	CAK9322656.1	CAK9322656.1
OG0013487	CAK9322657.1	CAK9322657.1
OG0013488	CAK9322658.1	CAK9322658.1
OG0013489	CAK9322659.1	CAK9322659.1
OG0013490	CAK9322660.1	CAK9322660.1
OG0013491	CAK9322661.1	CAK9322661.1
OG0013492	CAK9322662.1	CAK9322662.1
OG0013493	CAK9322663.1	CAK9322663.1
OG0013494	CAK9322664.1	CAK9322664.1
OG0013495	CAK9322665.1	CAK9322665.1
OG0013496	CAK9322666.1	CAK9322666.1
OG0013497	CAK9322667.1	CAK9322667.1
OG0013498	CAK9322668.1	CAK9322668.1
OG0013499	CAK9322669.1	CAK9322669.1
OG0013500	CAK9322670.1	CAK9322670.1
OG0013501	CAK9322671.1	CAK9322671.1
OG0013502	CAK9322672.1	CAK9322672.1
OG0013503	CAK9322673.1	CAK9322673.1
OG0013504	CAK9322674.1	CAK9322674.1
OG0013505	CAK9322675.1	CAK9322675.1
OG0013506	CAK9322676.1	CAK9322676.1
OG0013507	CAK9322677.1	CAK9322677.1
OG0013508	CAK9322678.1	CAK9322678.1
OG0013509	CAK9322679.1	CAK9322679.1
OG0013510	CAK9322680.1	CAK9322680.1
OG0013511	CAK9322681.1	CAK9322681.1
OG0013512	CAK9322682.1	CAK9322682.1
OG0013513	CAK9322683.1	CAK9322683.1
OG0013514	CAK9322684.1	CAK9322684.1
OG0013515	CAK9322686.1	CAK9322686.1
OG0013516	CAK9322687.1	CAK9322687.1
OG0013517	CAK9322688.1	CAK9322688.1
OG0013518	CAK9322689.1	CAK9322689.1
OG0013519	CAK9322690.1	CAK9322690.1
OG0013520	CAK9322691.1	CAK9322691.1
OG0013521	CAK9322692.1	CAK9322692.1
OG0013522	CAK9322693.1	CAK9322693.1
OG0013523	CAK9322694.1	CAK9322694.1
OG0013524	CAK9322695.1	CAK9322695.1
OG0013525	CAK9322696.1	CAK9322696.1
OG0013526	CAK9322697.1	CAK9322697.1
OG0013527	CAK9322698.1	CAK9322698.1
OG0013528	CAK9322699.1	CAK9322699.1
OG0013529	CAK9322702.1	CAK9322702.1
OG0013530	CAK9322703.1	CAK9322703.1
OG0013531	CAK9322704.1	CAK9322704.1
OG0013532	CAK9322705.1	CAK9322705.1
OG0013533	CAK9322706.1	CAK9322706.1
OG0013534	CAK9322707.1	CAK9322707.1
OG0013535	CAK9322708.1	CAK9322708.1
OG0013536	CAK9322709.1	CAK9322709.1
OG0013537	CAK9322710.1	CAK9322710.1
OG0013538	CAK9322711.1	CAK9322711.1
OG0013539	CAK9322712.1	CAK9322712.1
OG0013540	CAK9322714.1	CAK9322714.1
OG0013541	CAK9322715.1	CAK9322715.1
OG0013542	CAK9322716.1	CAK9322716.1
OG0013543	CAK9322717.1	CAK9322717.1
OG0013544	CAK9322718.1	CAK9322718.1
OG0013545	CAK9322719.1	CAK9322719.1
OG0013546	CAK9322720.1	CAK9322720.1
OG0013547	CAK9322722.1	CAK9322722.1
OG0013548	CAK9322723.1	CAK9322723.1
OG0013549	CAK9322724.1	CAK9322724.1
OG0013550	CAK9322727.1	CAK9322727.1
OG0013551	CAK9322728.1	CAK9322728.1
OG0013552	CAK9322730.1	CAK9322730.1
OG0013553	CAK9322731.1	CAK9322731.1
OG0013554	CAK9322732.1	CAK9322732.1
OG0013555	CAK9322733.1	CAK9322733.1
OG0013556	CAK9322734.1	CAK9322734.1
OG0013557	CAK9322735.1	CAK9322735.1
OG0013558	CAK9322736.1	CAK9322736.1
OG0013559	CAK9322737.1	CAK9322737.1
OG0013560	CAK9322738.1	CAK9322738.1
OG0013561	CAK9322739.1	CAK9322739.1
OG0013562	CAK9322740.1	CAK9322740.1
OG0013563	CAK9322741.1	CAK9322741.1
OG0013564	CAK9322742.1	CAK9322742.1
OG0013565	CAK9322743.1	CAK9322743.1
OG0013566	CAK9322744.1	CAK9322744.1
OG0013567	CAK9322745.1	CAK9322745.1
OG0013568	CAK9322746.1	CAK9322746.1
OG0013569	CAK9322747.1	CAK9322747.1
OG0013570	CAK9322748.1	CAK9322748.1
OG0013571	CAK9322749.1	CAK9322749.1
OG0013572	CAK9322750.1	CAK9322750.1
OG0013573	CAK9322752.1	CAK9322752.1
OG0013574	CAK9322753.1	CAK9322753.1
OG0013575	CAK9322754.1	CAK9322754.1
OG0013576	CAK9322756.1	CAK9322756.1
OG0013577	CAK9322757.1	CAK9322757.1
OG0013578	CAK9322758.1	CAK9322758.1
OG0013579	CAK9322759.1	CAK9322759.1
OG0013580	CAK9322760.1	CAK9322760.1
OG0013581	CAK9322761.1	CAK9322761.1
OG0013582	CAK9322762.1	CAK9322762.1
OG0013583	CAK9322763.1	CAK9322763.1
OG0013584	CAK9322765.1	CAK9322765.1
OG0013585	CAK9322766.1	CAK9322766.1
OG0013586	CAK9322767.1	CAK9322767.1
OG0013587	CAK9322768.1	CAK9322768.1
OG0013588	CAK9322769.1	CAK9322769.1
OG0013589	CAK9322770.1	CAK9322770.1
OG0013590	CAK9322771.1	CAK9322771.1
OG0013591	CAK9322772.1	CAK9322772.1
OG0013592	CAK9322773.1	CAK9322773.1
OG0013593	CAK9322775.1	CAK9322775.1
OG0013594	CAK9322776.1	CAK9322776.1
OG0013595	CAK9322777.1	CAK9322777.1
OG0013596	CAK9322778.1	CAK9322778.1
OG0013597	CAK9322779.1	CAK9322779.1
OG0013598	CAK9322780.1	CAK9322780.1
OG0013599	CAK9322781.1	CAK9322781.1
OG0013600	CAK9322782.1	CAK9322782.1
OG0013601	CAK9322783.1	CAK9322783.1
OG0013602	CAK9322787.1	CAK9322787.1
OG0013603	CAK9322788.1	CAK9322788.1
OG0013604	CAK9322789.1	CAK9322789.1
OG0013605	CAK9322790.1	CAK9322790.1
OG0013606	CAK9322791.1	CAK9322791.1
OG0013607	CAK9322792.1	CAK9322792.1
OG0013608	CAK9322793.1	CAK9322793.1
OG0013609	CAK9322794.1	CAK9322794.1
OG0013610	CAK9322795.1	CAK9322795.1
OG0013611	CAK9322798.1	CAK9322798.1
OG0013612	CAK9322800.1	CAK9322800.1
OG0013613	CAK9322801.1	CAK9322801.1
OG0013614	CAK9322802.1	CAK9322802.1
OG0013615	CAK9322803.1	CAK9322803.1
OG0013616	CAK9322804.1	CAK9322804.1
OG0013617	CAK9322805.1	CAK9322805.1
OG0013618	CAK9322806.1	CAK9322806.1
OG0013619	CAK9322807.1	CAK9322807.1
OG0013620	CAK9322808.1	CAK9322808.1
OG0013621	CAK9322809.1	CAK9322809.1
OG0013622	CAK9322810.1	CAK9322810.1
OG0013623	CAK9322811.1	CAK9322811.1
OG0013624	CAK9322812.1	CAK9322812.1
OG0013625	CAK9322813.1	CAK9322813.1
OG0013626	CAK9322814.1	CAK9322814.1
OG0013627	CAK9322815.1	CAK9322815.1
OG0013628	CAK9322817.1	CAK9322817.1
OG0013629	CAK9322818.1	CAK9322818.1
OG0013630	CAK9322819.1	CAK9322819.1
OG0013631	CAK9322820.1	CAK9322820.1
OG0013632	CAK9322822.1	CAK9322822.1
OG0013633	CAK9322823.1	CAK9322823.1
OG0013634	CAK9322824.1	CAK9322824.1
OG0013635	CAK9322825.1	CAK9322825.1
OG0013636	CAK9322826.1	CAK9322826.1
OG0013637	CAK9322827.1	CAK9322827.1
OG0013638	CAK9322829.1	CAK9322829.1
OG0013639	CAK9322830.1	CAK9322830.1
OG0013640	CAK9322831.1	CAK9322831.1
OG0013641	CAK9322832.1	CAK9322832.1
OG0013642	CAK9322833.1	CAK9322833.1
OG0013643	CAK9322834.1	CAK9322834.1
OG0013644	CAK9322835.1	CAK9322835.1
OG0013645	CAK9322836.1	CAK9322836.1
OG0013646	CAK9322837.1	CAK9322837.1
OG0013647	CAK9322838.1	CAK9322838.1
OG0013648	CAK9322841.1	CAK9322841.1
OG0013649	CAK9322843.1	CAK9322843.1
OG0013650	CAK9322844.1	CAK9322844.1
OG0013651	CAK9322845.1	CAK9322845.1
OG0013652	CAK9322846.1	CAK9322846.1
OG0013653	CAK9322847.1	CAK9322847.1
OG0013654	CAK9322848.1	CAK9322848.1
OG0013655	CAK9322849.1	CAK9322849.1
OG0013656	CAK9322850.1	CAK9322850.1
OG0013657	CAK9322851.1	CAK9322851.1
OG0013658	CAK9322852.1	CAK9322852.1
OG0013659	CAK9322853.1	CAK9322853.1
OG0013660	CAK9322855.1	CAK9322855.1
OG0013661	CAK9322856.1	CAK9322856.1
OG0013662	CAK9322857.1	CAK9322857.1
OG0013663	CAK9322858.1	CAK9322858.1
OG0013664	CAK9322859.1	CAK9322859.1
OG0013665	CAK9322860.1	CAK9322860.1
OG0013666	CAK9322861.1	CAK9322861.1
OG0013667	CAK9322862.1	CAK9322862.1
OG0013668	CAK9322863.1	CAK9322863.1
OG0013669	CAK9322864.1	CAK9322864.1
OG0013670	CAK9322865.1	CAK9322865.1
OG0013671	CAK9322866.1	CAK9322866.1
OG0013672	CAK9322867.1	CAK9322867.1
OG0013673	CAK9322868.1	CAK9322868.1
OG0013674	CAK9322870.1	CAK9322870.1
OG0013675	CAK9322871.1	CAK9322871.1
OG0013676	CAK9322872.1	CAK9322872.1
OG0013677	CAK9322873.1	CAK9322873.1
OG0013678	CAK9322874.1	CAK9322874.1
OG0013679	CAK9322875.1	CAK9322875.1
OG0013680	CAK9322876.1	CAK9322876.1
OG0013681	CAK9322877.1	CAK9322877.1
OG0013682	CAK9322878.1	CAK9322878.1
OG0013683	CAK9322880.1	CAK9322880.1
OG0013684	CAK9322881.1	CAK9322881.1
OG0013685	CAK9322882.1	CAK9322882.1
OG0013686	CAK9322883.1	CAK9322883.1
OG0013687	CAK9322884.1	CAK9322884.1
OG0013688	CAK9322885.1	CAK9322885.1
OG0013689	CAK9322886.1	CAK9322886.1
OG0013690	CAK9322887.1	CAK9322887.1
OG0013691	CAK9322888.1	CAK9322888.1
OG0013692	CAK9322889.1	CAK9322889.1
OG0013693	CAK9322890.1	CAK9322890.1
OG0013694	CAK9322892.1	CAK9322892.1
OG0013695	CAK9322893.1	CAK9322893.1
OG0013696	CAK9322894.1	CAK9322894.1
OG0013697	CAK9322895.1	CAK9322895.1
OG0013698	CAK9322896.1	CAK9322896.1
OG0013699	CAK9322897.1	CAK9322897.1
OG0013700	CAK9322898.1	CAK9322898.1
OG0013701	CAK9322899.1	CAK9322899.1
OG0013702	CAK9322901.1	CAK9322901.1
OG0013703	CAK9322902.1	CAK9322902.1
OG0013704	CAK9322903.1	CAK9322903.1
OG0013705	CAK9322904.1	CAK9322904.1
OG0013706	CAK9322905.1	CAK9322905.1
OG0013707	CAK9322906.1	CAK9322906.1
OG0013708	CAK9322907.1	CAK9322907.1
OG0013709	CAK9322908.1	CAK9322908.1
OG0013710	CAK9322909.1	CAK9322909.1
OG0013711	CAK9322910.1	CAK9322910.1
OG0013712	CAK9322911.1	CAK9322911.1
OG0013713	CAK9322912.1	CAK9322912.1
OG0013714	CAK9322913.1	CAK9322913.1
OG0013715	CAK9322914.1	CAK9322914.1
OG0013716	CAK9322915.1	CAK9322915.1
OG0013717	CAK9322916.1	CAK9322916.1
OG0013718	CAK9322917.1	CAK9322917.1
OG0013719	CAK9322918.1	CAK9322918.1
OG0013720	CAK9322919.1	CAK9322919.1
OG0013721	CAK9322920.1	CAK9322920.1
OG0013722	CAK9322921.1	CAK9322921.1
OG0013723	CAK9322922.1	CAK9322922.1
OG0013724	CAK9322924.1	CAK9322924.1
OG0013725	CAK9322925.1	CAK9322925.1
OG0013726	CAK9322926.1	CAK9322926.1
OG0013727	CAK9322927.1	CAK9322927.1
OG0013728	CAK9322928.1	CAK9322928.1
OG0013729	CAK9322929.1	CAK9322929.1
OG0013730	CAK9322930.1	CAK9322930.1
OG0013731	CAK9322931.1	CAK9322931.1
OG0013732	CAK9322932.1	CAK9322932.1
OG0013733	CAK9322933.1	CAK9322933.1
OG0013734	CAK9322934.1	CAK9322934.1
OG0013735	CAK9322935.1	CAK9322935.1
OG0013736	CAK9322936.1	CAK9322936.1
OG0013737	CAK9322937.1	CAK9322937.1
OG0013738	CAK9322939.1	CAK9322939.1
OG0013739	CAK9322940.1	CAK9322940.1
OG0013740	CAK9322941.1	CAK9322941.1
OG0013741	CAK9322942.1	CAK9322942.1
OG0013742	CAK9322943.1	CAK9322943.1
OG0013743	CAK9322944.1	CAK9322944.1
OG0013744	CAK9322945.1	CAK9322945.1
OG0013745	CAK9322946.1	CAK9322946.1
OG0013746	CAK9322947.1	CAK9322947.1
OG0013747	CAK9322948.1	CAK9322948.1
OG0013748	CAK9322949.1	CAK9322949.1
OG0013749	CAK9322950.1	CAK9322950.1
OG0013750	CAK9322951.1	CAK9322951.1
OG0013751	CAK9322952.1	CAK9322952.1
OG0013752	CAK9322953.1	CAK9322953.1
OG0013753	CAK9322955.1	CAK9322955.1
OG0013754	CAK9322956.1	CAK9322956.1
OG0013755	CAK9322957.1	CAK9322957.1
OG0013756	CAK9322958.1	CAK9322958.1
OG0013757	CAK9322959.1	CAK9322959.1
OG0013758	CAK9322960.1	CAK9322960.1
OG0013759	CAK9322961.1	CAK9322961.1
OG0013760	CAK9322962.1	CAK9322962.1
OG0013761	CAK9322963.1	CAK9322963.1
OG0013762	CAK9322964.1	CAK9322964.1
OG0013763	CAK9322965.1	CAK9322965.1
OG0013764	CAK9322966.1	CAK9322966.1
OG0013765	CAK9322967.1	CAK9322967.1
OG0013766	CAK9322968.1	CAK9322968.1
OG0013767	CAK9322969.1	CAK9322969.1
OG0013768	CAK9322970.1	CAK9322970.1
OG0013769	CAK9322971.1	CAK9322971.1
OG0013770	CAK9322972.1	CAK9322972.1
OG0013771	CAK9322973.1	CAK9322973.1
OG0013772	CAK9322974.1	CAK9322974.1
OG0013773	CAK9322975.1	CAK9322975.1
OG0013774	CAK9322976.1	CAK9322976.1
OG0013775	CAK9322977.1	CAK9322977.1
OG0013776	CAK9322978.1	CAK9322978.1
OG0013777	CAK9322979.1	CAK9322979.1
OG0013778	CAK9322982.1	CAK9322982.1
OG0013779	CAK9322983.1	CAK9322983.1
OG0013780	CAK9322984.1	CAK9322984.1
OG0013781	CAK9322985.1	CAK9322985.1
OG0013782	CAK9322986.1	CAK9322986.1
OG0013783	CAK9322987.1	CAK9322987.1
OG0013784	CAK9322988.1	CAK9322988.1
OG0013785	CAK9322991.1	CAK9322991.1
OG0013786	CAK9322992.1	CAK9322992.1
OG0013787	CAK9322993.1	CAK9322993.1
OG0013788	CAK9322994.1	CAK9322994.1
OG0013789	CAK9322995.1	CAK9322995.1
OG0013790	CAK9322996.1	CAK9322996.1
OG0013791	CAK9322997.1	CAK9322997.1
OG0013792	CAK9322998.1	CAK9322998.1
OG0013793	CAK9322999.1	CAK9322999.1
OG0013794	CAK9323000.1	CAK9323000.1
OG0013795	CAK9323001.1	CAK9323001.1
OG0013796	CAK9323002.1	CAK9323002.1
OG0013797	CAK9323003.1	CAK9323003.1
OG0013798	CAK9323005.1	CAK9323005.1
OG0013799	CAK9323006.1	CAK9323006.1
OG0013800	CAK9323007.1	CAK9323007.1
OG0013801	CAK9323011.1	CAK9323011.1
OG0013802	CAK9323012.1	CAK9323012.1
OG0013803	CAK9323013.1	CAK9323013.1
OG0013804	CAK9323014.1	CAK9323014.1
OG0013805	CAK9323015.1	CAK9323015.1
OG0013806	CAK9323016.1	CAK9323016.1
OG0013807	CAK9323017.1	CAK9323017.1
OG0013808	CAK9323018.1	CAK9323018.1
OG0013809	CAK9323019.1	CAK9323019.1
OG0013810	CAK9323020.1	CAK9323020.1
OG0013811	CAK9323021.1	CAK9323021.1
OG0013812	CAK9323022.1	CAK9323022.1
OG0013813	CAK9323023.1	CAK9323023.1
OG0013814	CAK9323024.1	CAK9323024.1
OG0013815	CAK9323025.1	CAK9323025.1
OG0013816	CAK9323028.1	CAK9323028.1
OG0013817	CAK9323029.1	CAK9323029.1
OG0013818	CAK9323030.1	CAK9323030.1
OG0013819	CAK9323031.1	CAK9323031.1
OG0013820	CAK9323032.1	CAK9323032.1
OG0013821	CAK9323033.1	CAK9323033.1
OG0013822	CAK9323034.1	CAK9323034.1
OG0013823	CAK9323035.1	CAK9323035.1
OG0013824	CAK9323036.1	CAK9323036.1
OG0013825	CAK9323037.1	CAK9323037.1
OG0013826	CAK9323038.1	CAK9323038.1
OG0013827	CAK9323039.1	CAK9323039.1
OG0013828	CAK9323040.1	CAK9323040.1
OG0013829	CAK9323041.1	CAK9323041.1
OG0013830	CAK9323042.1	CAK9323042.1
OG0013831	CAK9323043.1	CAK9323043.1
OG0013832	CAK9323044.1	CAK9323044.1
OG0013833	CAK9323045.1	CAK9323045.1
OG0013834	CAK9323046.1	CAK9323046.1
OG0013835	CAK9323048.1	CAK9323048.1
OG0013836	CAK9323049.1	CAK9323049.1
OG0013837	CAK9323051.1	CAK9323051.1
OG0013838	CAK9323052.1	CAK9323052.1
OG0013839	CAK9323053.1	CAK9323053.1
OG0013840	CAK9323054.1	CAK9323054.1
OG0013841	CAK9323056.1	CAK9323056.1
OG0013842	CAK9323057.1	CAK9323057.1
OG0013843	CAK9323058.1	CAK9323058.1
OG0013844	CAK9323059.1	CAK9323059.1
OG0013845	CAK9323060.1	CAK9323060.1
OG0013846	CAK9323061.1	CAK9323061.1
OG0013847	CAK9323062.1	CAK9323062.1
OG0013848	CAK9323063.1	CAK9323063.1
OG0013849	CAK9323064.1	CAK9323064.1
OG0013850	CAK9323065.1	CAK9323065.1
OG0013851	CAK9323066.1	CAK9323066.1
OG0013852	CAK9323067.1	CAK9323067.1
OG0013853	CAK9323068.1	CAK9323068.1
OG0013854	CAK9323070.1	CAK9323070.1
OG0013855	CAK9323071.1	CAK9323071.1
OG0013856	CAK9323072.1	CAK9323072.1
OG0013857	CAK9323073.1	CAK9323073.1
OG0013858	CAK9323074.1	CAK9323074.1
OG0013859	CAK9323075.1	CAK9323075.1
OG0013860	CAK9323076.1	CAK9323076.1
OG0013861	CAK9323077.1	CAK9323077.1
OG0013862	CAK9323078.1	CAK9323078.1
OG0013863	CAK9323079.1	CAK9323079.1
OG0013864	CAK9323080.1	CAK9323080.1
OG0013865	CAK9323081.1	CAK9323081.1
OG0013866	CAK9323082.1	CAK9323082.1
OG0013867	CAK9323084.1	CAK9323084.1
OG0013868	CAK9323086.1	CAK9323086.1
OG0013869	CAK9323087.1	CAK9323087.1
OG0013870	CAK9323088.1	CAK9323088.1
OG0013871	CAK9323089.1	CAK9323089.1
OG0013872	CAK9323090.1	CAK9323090.1
OG0013873	CAK9323091.1	CAK9323091.1
OG0013874	CAK9323092.1	CAK9323092.1
OG0013875	CAK9323093.1	CAK9323093.1
OG0013876	CAK9323094.1	CAK9323094.1
OG0013877	CAK9323095.1	CAK9323095.1
OG0013878	CAK9323096.1	CAK9323096.1
OG0013879	CAK9323098.1	CAK9323098.1
OG0013880	CAK9323099.1	CAK9323099.1
OG0013881	CAK9323100.1	CAK9323100.1
OG0013882	CAK9323101.1	CAK9323101.1
OG0013883	CAK9323102.1	CAK9323102.1
OG0013884	CAK9323103.1	CAK9323103.1
OG0013885	CAK9323104.1	CAK9323104.1
OG0013886	CAK9323105.1	CAK9323105.1
OG0013887	CAK9323107.1	CAK9323107.1
OG0013888	CAK9323108.1	CAK9323108.1
OG0013889	CAK9323109.1	CAK9323109.1
OG0013890	CAK9323110.1	CAK9323110.1
OG0013891	CAK9323111.1	CAK9323111.1
OG0013892	CAK9323112.1	CAK9323112.1
OG0013893	CAK9323113.1	CAK9323113.1
OG0013894	CAK9323114.1	CAK9323114.1
OG0013895	CAK9323115.1	CAK9323115.1
OG0013896	CAK9323117.1	CAK9323117.1
OG0013897	CAK9323118.1	CAK9323118.1
OG0013898	CAK9323119.1	CAK9323119.1
OG0013899	CAK9323120.1	CAK9323120.1
OG0013900	CAK9323121.1	CAK9323121.1
OG0013901	CAK9323122.1	CAK9323122.1
OG0013902	CAK9323123.1	CAK9323123.1
OG0013903	CAK9323124.1	CAK9323124.1
OG0013904	CAK9323125.1	CAK9323125.1
OG0013905	CAK9323126.1	CAK9323126.1
OG0013906	CAK9323127.1	CAK9323127.1
OG0013907	CAK9323128.1	CAK9323128.1
OG0013908	CAK9323129.1	CAK9323129.1
OG0013909	CAK9323131.1	CAK9323131.1
OG0013910	CAK9323133.1	CAK9323133.1
OG0013911	CAK9323135.1	CAK9323135.1
OG0013912	CAK9323137.1	CAK9323137.1
OG0013913	CAK9323138.1	CAK9323138.1
OG0013914	CAK9323139.1	CAK9323139.1
OG0013915	CAK9323140.1	CAK9323140.1
OG0013916	CAK9323141.1	CAK9323141.1
OG0013917	CAK9323143.1	CAK9323143.1
OG0013918	CAK9323144.1	CAK9323144.1
OG0013919	CAK9323146.1	CAK9323146.1
OG0013920	CAK9323149.1	CAK9323149.1
OG0013921	CAK9323150.1	CAK9323150.1
OG0013922	CAK9323151.1	CAK9323151.1
OG0013923	CAK9323152.1	CAK9323152.1
OG0013924	CAK9323153.1	CAK9323153.1
OG0013925	CAK9323154.1	CAK9323154.1
OG0013926	CAK9323155.1	CAK9323155.1
OG0013927	CAK9323156.1	CAK9323156.1
OG0013928	CAK9323157.1	CAK9323157.1
OG0013929	CAK9323158.1	CAK9323158.1
OG0013930	CAK9323159.1	CAK9323159.1
OG0013931	CAK9323160.1	CAK9323160.1
OG0013932	CAK9323161.1	CAK9323161.1
OG0013933	CAK9323162.1	CAK9323162.1
OG0013934	CAK9323163.1	CAK9323163.1
OG0013935	CAK9323164.1	CAK9323164.1
OG0013936	CAK9323165.1	CAK9323165.1
OG0013937	CAK9323166.1	CAK9323166.1
OG0013938	CAK9323167.1	CAK9323167.1
OG0013939	CAK9323168.1	CAK9323168.1
OG0013940	CAK9323169.1	CAK9323169.1
OG0013941	CAK9323170.1	CAK9323170.1
OG0013942	CAK9323172.1	CAK9323172.1
OG0013943	CAK9323173.1	CAK9323173.1
OG0013944	CAK9323175.1	CAK9323175.1
OG0013945	CAK9323177.1	CAK9323177.1
OG0013946	CAK9323178.1	CAK9323178.1
OG0013947	CAK9323179.1	CAK9323179.1
OG0013948	CAK9323182.1	CAK9323182.1
OG0013949	CAK9323183.1	CAK9323183.1
OG0013950	CAK9323184.1	CAK9323184.1
OG0013951	CAK9323185.1	CAK9323185.1
OG0013952	CAK9323186.1	CAK9323186.1
OG0013953	CAK9323188.1	CAK9323188.1
OG0013954	CAK9323189.1	CAK9323189.1
OG0013955	CAK9323190.1	CAK9323190.1
OG0013956	CAK9323191.1	CAK9323191.1
OG0013957	CAK9323192.1	CAK9323192.1
OG0013958	CAK9323193.1	CAK9323193.1
OG0013959	CAK9323194.1	CAK9323194.1
OG0013960	CAK9323195.1	CAK9323195.1
OG0013961	CAK9323196.1	CAK9323196.1
OG0013962	CAK9323197.1	CAK9323197.1
OG0013963	CAK9323198.1	CAK9323198.1
OG0013964	CAK9323199.1	CAK9323199.1
OG0013965	CAK9323200.1	CAK9323200.1
OG0013966	CAK9323201.1	CAK9323201.1
OG0013967	CAK9323202.1	CAK9323202.1
OG0013968	CAK9323203.1	CAK9323203.1
OG0013969	CAK9323205.1	CAK9323205.1
OG0013970	CAK9323206.1	CAK9323206.1
OG0013971	CAK9323207.1	CAK9323207.1
OG0013972	CAK9323208.1	CAK9323208.1
OG0013973	CAK9323209.1	CAK9323209.1
OG0013974	CAK9323210.1	CAK9323210.1
OG0013975	CAK9323211.1	CAK9323211.1
OG0013976	CAK9323212.1	CAK9323212.1
OG0013977	CAK9323214.1	CAK9323214.1
OG0013978	CAK9323215.1	CAK9323215.1
OG0013979	CAK9323216.1	CAK9323216.1
OG0013980	CAK9323217.1	CAK9323217.1
OG0013981	CAK9323219.1	CAK9323219.1
OG0013982	CAK9323221.1	CAK9323221.1
OG0013983	CAK9323222.1	CAK9323222.1
OG0013984	CAK9323223.1	CAK9323223.1
OG0013985	CAK9323224.1	CAK9323224.1
OG0013986	CAK9323225.1	CAK9323225.1
OG0013987	CAK9323226.1	CAK9323226.1
OG0013988	CAK9323227.1	CAK9323227.1
OG0013989	CAK9323228.1	CAK9323228.1
OG0013990	CAK9323230.1	CAK9323230.1
OG0013991	CAK9323231.1	CAK9323231.1
OG0013992	CAK9323232.1	CAK9323232.1
OG0013993	CAK9323233.1	CAK9323233.1
OG0013994	CAK9323234.1	CAK9323234.1
OG0013995	CAK9323235.1	CAK9323235.1
OG0013996	CAK9323236.1	CAK9323236.1
OG0013997	CAK9323237.1	CAK9323237.1
OG0013998	CAK9323238.1	CAK9323238.1
OG0013999	CAK9323239.1	CAK9323239.1
OG0014000	CAK9323241.1	CAK9323241.1
OG0014001	CAK9323243.1	CAK9323243.1
OG0014002	CAK9323244.1	CAK9323244.1
OG0014003	CAK9323245.1	CAK9323245.1
OG0014004	CAK9323246.1	CAK9323246.1
OG0014005	CAK9323247.1	CAK9323247.1
OG0014006	CAK9323249.1	CAK9323249.1
OG0014007	CAK9323250.1	CAK9323250.1
OG0014008	CAK9323251.1	CAK9323251.1
OG0014009	CAK9323252.1	CAK9323252.1
OG0014010	CAK9323254.1	CAK9323254.1
OG0014011	CAK9323255.1	CAK9323255.1
OG0014012	CAK9323256.1	CAK9323256.1
OG0014013	CAK9323257.1	CAK9323257.1
OG0014014	CAK9323258.1	CAK9323258.1
OG0014015	CAK9323259.1	CAK9323259.1
OG0014016	CAK9323260.1	CAK9323260.1
OG0014017	CAK9323261.1	CAK9323261.1
OG0014018	CAK9323262.1	CAK9323262.1
OG0014019	CAK9323263.1	CAK9323263.1
OG0014020	CAK9323264.1	CAK9323264.1
OG0014021	CAK9323265.1	CAK9323265.1
OG0014022	CAK9323266.1	CAK9323266.1
OG0014023	CAK9323267.1	CAK9323267.1
OG0014024	CAK9323268.1	CAK9323268.1
OG0014025	CAK9323269.1	CAK9323269.1
OG0014026	CAK9323270.1	CAK9323270.1
OG0014027	CAK9323271.1	CAK9323271.1
OG0014028	CAK9323272.1	CAK9323272.1
OG0014029	CAK9323273.1	CAK9323273.1
OG0014030	CAK9323274.1	CAK9323274.1
OG0014031	CAK9323275.1	CAK9323275.1
OG0014032	CAK9323276.1	CAK9323276.1
OG0014033	CAK9323278.1	CAK9323278.1
OG0014034	CAK9323279.1	CAK9323279.1
OG0014035	CAK9323281.1	CAK9323281.1
OG0014036	CAK9323282.1	CAK9323282.1
OG0014037	CAK9323283.1	CAK9323283.1
OG0014038	CAK9323284.1	CAK9323284.1
OG0014039	CAK9323285.1	CAK9323285.1
OG0014040	CAK9323286.1	CAK9323286.1
OG0014041	CAK9323287.1	CAK9323287.1
OG0014042	CAK9323288.1	CAK9323288.1
OG0014043	CAK9323289.1	CAK9323289.1
OG0014044	CAK9323291.1	CAK9323291.1
OG0014045	CAK9323292.1	CAK9323292.1
OG0014046	CAK9323293.1	CAK9323293.1
OG0014047	CAK9323296.1	CAK9323296.1
OG0014048	CAK9323297.1	CAK9323297.1
OG0014049	CAK9323298.1	CAK9323298.1
OG0014050	CAK9323299.1	CAK9323299.1
OG0014051	CAK9323300.1	CAK9323300.1
OG0014052	CAK9323301.1	CAK9323301.1
OG0014053	CAK9323302.1	CAK9323302.1
OG0014054	CAK9323303.1	CAK9323303.1
OG0014055	CAK9323304.1	CAK9323304.1
OG0014056	CAK9323305.1	CAK9323305.1
OG0014057	CAK9323306.1	CAK9323306.1
OG0014058	CAK9323307.1	CAK9323307.1
OG0014059	CAK9323308.1	CAK9323308.1
OG0014060	CAK9323309.1	CAK9323309.1
OG0014061	CAK9323310.1	CAK9323310.1
OG0014062	CAK9323311.1	CAK9323311.1
OG0014063	CAK9323313.1	CAK9323313.1
OG0014064	CAK9323314.1	CAK9323314.1
OG0014065	CAK9323316.1	CAK9323316.1
OG0014066	CAK9323317.1	CAK9323317.1
OG0014067	CAK9323318.1	CAK9323318.1
OG0014068	CAK9323319.1	CAK9323319.1
OG0014069	CAK9323320.1	CAK9323320.1
OG0014070	CAK9323321.1	CAK9323321.1
OG0014071	CAK9323322.1	CAK9323322.1
OG0014072	CAK9323323.1	CAK9323323.1
OG0014073	CAK9323324.1	CAK9323324.1
OG0014074	CAK9323325.1	CAK9323325.1
OG0014075	CAK9323326.1	CAK9323326.1
OG0014076	CAK9323327.1	CAK9323327.1
OG0014077	CAK9323328.1	CAK9323328.1
OG0014078	CAK9323329.1	CAK9323329.1
OG0014079	CAK9323330.1	CAK9323330.1
OG0014080	CAK9323331.1	CAK9323331.1
OG0014081	CAK9323333.1	CAK9323333.1
OG0014082	CAK9323334.1	CAK9323334.1
OG0014083	CAK9323335.1	CAK9323335.1
OG0014084	CAK9323336.1	CAK9323336.1
OG0014085	CAK9323337.1	CAK9323337.1
OG0014086	CAK9323340.1	CAK9323340.1
OG0014087	CAK9323341.1	CAK9323341.1
OG0014088	CAK9323342.1	CAK9323342.1
OG0014089	CAK9323343.1	CAK9323343.1
OG0014090	CAK9323344.1	CAK9323344.1
OG0014091	CAK9323345.1	CAK9323345.1
OG0014092	CAK9323346.1	CAK9323346.1
OG0014093	CAK9323347.1	CAK9323347.1
OG0014094	CAK9323348.1	CAK9323348.1
OG0014095	CAK9323350.1	CAK9323350.1
OG0014096	CAK9323351.1	CAK9323351.1
OG0014097	CAK9323352.1	CAK9323352.1
OG0014098	CAK9323353.1	CAK9323353.1
OG0014099	CAK9323355.1	CAK9323355.1
OG0014100	CAK9323356.1	CAK9323356.1
OG0014101	CAK9323357.1	CAK9323357.1
OG0014102	CAK9323359.1	CAK9323359.1
OG0014103	CAK9323360.1	CAK9323360.1
OG0014104	CAK9323361.1	CAK9323361.1
OG0014105	CAK9323362.1	CAK9323362.1
OG0014106	CAK9323363.1	CAK9323363.1
OG0014107	CAK9323364.1	CAK9323364.1
OG0014108	CAK9323365.1	CAK9323365.1
OG0014109	CAK9323366.1	CAK9323366.1
OG0014110	CAK9323367.1	CAK9323367.1
OG0014111	CAK9323368.1	CAK9323368.1
OG0014112	CAK9323369.1	CAK9323369.1
OG0014113	CAK9323370.1	CAK9323370.1
OG0014114	CAK9323371.1	CAK9323371.1
OG0014115	CAK9323372.1	CAK9323372.1
OG0014116	CAK9323373.1	CAK9323373.1
OG0014117	CAK9323375.1	CAK9323375.1
OG0014118	CAK9323378.1	CAK9323378.1
OG0014119	CAK9323379.1	CAK9323379.1
OG0014120	CAK9323380.1	CAK9323380.1
OG0014121	CAK9323381.1	CAK9323381.1
OG0014122	CAK9323382.1	CAK9323382.1
OG0014123	CAK9323383.1	CAK9323383.1
OG0014124	CAK9323384.1	CAK9323384.1
OG0014125	CAK9323385.1	CAK9323385.1
OG0014126	CAK9323386.1	CAK9323386.1
OG0014127	CAK9323387.1	CAK9323387.1
OG0014128	CAK9323388.1	CAK9323388.1
OG0014129	CAK9323389.1	CAK9323389.1
OG0014130	CAK9323390.1	CAK9323390.1
OG0014131	CAK9323391.1	CAK9323391.1
OG0014132	CAK9323392.1	CAK9323392.1
OG0014133	CAK9323393.1	CAK9323393.1
OG0014134	CAK9323394.1	CAK9323394.1
OG0014135	CAK9323395.1	CAK9323395.1
OG0014136	CAK9323396.1	CAK9323396.1
OG0014137	CAK9323397.1	CAK9323397.1
OG0014138	CAK9323398.1	CAK9323398.1
OG0014139	CAK9323399.1	CAK9323399.1
OG0014140	CAK9323400.1	CAK9323400.1
OG0014141	CAK9323401.1	CAK9323401.1
OG0014142	CAK9323403.1	CAK9323403.1
OG0014143	CAK9323404.1	CAK9323404.1
OG0014144	CAK9323405.1	CAK9323405.1
OG0014145	CAK9323406.1	CAK9323406.1
OG0014146	CAK9323407.1	CAK9323407.1
OG0014147	CAK9323408.1	CAK9323408.1
OG0014148	CAK9323409.1	CAK9323409.1
OG0014149	CAK9323410.1	CAK9323410.1
OG0014150	CAK9323411.1	CAK9323411.1
OG0014151	CAK9323412.1	CAK9323412.1
OG0014152	CAK9323413.1	CAK9323413.1
OG0014153	CAK9323414.1	CAK9323414.1
OG0014154	CAK9323415.1	CAK9323415.1
OG0014155	CAK9323416.1	CAK9323416.1
OG0014156	CAK9323417.1	CAK9323417.1
OG0014157	CAK9323418.1	CAK9323418.1
OG0014158	CAK9323419.1	CAK9323419.1
OG0014159	CAK9323421.1	CAK9323421.1
OG0014160	CAK9323422.1	CAK9323422.1
OG0014161	CAK9323423.1	CAK9323423.1
OG0014162	CAK9323424.1	CAK9323424.1
OG0014163	CAK9323426.1	CAK9323426.1
OG0014164	CAK9323427.1	CAK9323427.1
OG0014165	CAK9323428.1	CAK9323428.1
OG0014166	CAK9323429.1	CAK9323429.1
OG0014167	CAK9323430.1	CAK9323430.1
OG0014168	CAK9323431.1	CAK9323431.1
OG0014169	CAK9323432.1	CAK9323432.1
OG0014170	CAK9323433.1	CAK9323433.1
OG0014171	CAK9323434.1	CAK9323434.1
OG0014172	CAK9323435.1	CAK9323435.1
OG0014173	CAK9323436.1	CAK9323436.1
OG0014174	CAK9323437.1	CAK9323437.1
OG0014175	CAK9323439.1	CAK9323439.1
OG0014176	CAK9323440.1	CAK9323440.1
OG0014177	CAK9323442.1	CAK9323442.1
OG0014178	CAK9323443.1	CAK9323443.1
OG0014179	CAK9323444.1	CAK9323444.1
OG0014180	CAK9323445.1	CAK9323445.1
OG0014181	CAK9323446.1	CAK9323446.1
OG0014182	CAK9323447.1	CAK9323447.1
OG0014183	CAK9323448.1	CAK9323448.1
OG0014184	CAK9323449.1	CAK9323449.1
OG0014185	CAK9323450.1	CAK9323450.1
OG0014186	CAK9323451.1	CAK9323451.1
OG0014187	CAK9323452.1	CAK9323452.1
OG0014188	CAK9323453.1	CAK9323453.1
OG0014189	CAK9323454.1	CAK9323454.1
OG0014190	CAK9323455.1	CAK9323455.1
OG0014191	CAK9323456.1	CAK9323456.1
OG0014192	CAK9323457.1	CAK9323457.1
OG0014193	CAK9323458.1	CAK9323458.1
OG0014194	CAK9323459.1	CAK9323459.1
OG0014195	CAK9323460.1	CAK9323460.1
OG0014196	CAK9323461.1	CAK9323461.1
OG0014197	CAK9323462.1	CAK9323462.1
OG0014198	CAK9323463.1	CAK9323463.1
OG0014199	CAK9323464.1	CAK9323464.1
OG0014200	CAK9323465.1	CAK9323465.1
OG0014201	CAK9323466.1	CAK9323466.1
OG0014202	CAK9323467.1	CAK9323467.1
OG0014203	CAK9323468.1	CAK9323468.1
OG0014204	CAK9323469.1	CAK9323469.1
OG0014205	CAK9323470.1	CAK9323470.1
OG0014206	CAK9323471.1	CAK9323471.1
OG0014207	CAK9323472.1	CAK9323472.1
OG0014208	CAK9323473.1	CAK9323473.1
OG0014209	CAK9323474.1	CAK9323474.1
OG0014210	CAK9323475.1	CAK9323475.1
OG0014211	CAK9323476.1	CAK9323476.1
OG0014212	CAK9323477.1	CAK9323477.1
OG0014213	CAK9323478.1	CAK9323478.1
OG0014214	CAK9323479.1	CAK9323479.1
OG0014215	CAK9323480.1	CAK9323480.1
OG0014216	CAK9323481.1	CAK9323481.1
OG0014217	CAK9323482.1	CAK9323482.1
OG0014218	CAK9323483.1	CAK9323483.1
OG0014219	CAK9323484.1	CAK9323484.1
OG0014220	CAK9323485.1	CAK9323485.1
OG0014221	CAK9323486.1	CAK9323486.1
OG0014222	CAK9323487.1	CAK9323487.1
OG0014223	CAK9323488.1	CAK9323488.1
OG0014224	CAK9323489.1	CAK9323489.1
OG0014225	CAK9323490.1	CAK9323490.1
OG0014226	CAK9323491.1	CAK9323491.1
OG0014227	CAK9323492.1	CAK9323492.1
OG0014228	CAK9323493.1	CAK9323493.1
OG0014229	CAK9323494.1	CAK9323494.1
OG0014230	CAK9323496.1	CAK9323496.1
OG0014231	CAK9323497.1	CAK9323497.1
OG0014232	CAK9323498.1	CAK9323498.1
OG0014233	CAK9323500.1	CAK9323500.1
OG0014234	CAK9323503.1	CAK9323503.1
OG0014235	CAK9323504.1	CAK9323504.1
OG0014236	CAK9323505.1	CAK9323505.1
OG0014237	CAK9323506.1	CAK9323506.1
OG0014238	CAK9323507.1	CAK9323507.1
OG0014239	CAK9323508.1	CAK9323508.1
OG0014240	CAK9323509.1	CAK9323509.1
OG0014241	CAK9323510.1	CAK9323510.1
OG0014242	CAK9323511.1	CAK9323511.1
OG0014243	CAK9323513.1	CAK9323513.1
OG0014244	CAK9323516.1	CAK9323516.1
OG0014245	CAK9323517.1	CAK9323517.1
OG0014246	CAK9323518.1	CAK9323518.1
OG0014247	CAK9323519.1	CAK9323519.1
OG0014248	CAK9323520.1	CAK9323520.1
OG0014249	CAK9323521.1	CAK9323521.1
OG0014250	CAK9323522.1	CAK9323522.1
OG0014251	CAK9323523.1	CAK9323523.1
OG0014252	CAK9323524.1	CAK9323524.1
OG0014253	CAK9323525.1	CAK9323525.1
OG0014254	CAK9323526.1	CAK9323526.1
OG0014255	CAK9323527.1	CAK9323527.1
OG0014256	CAK9323528.1	CAK9323528.1
OG0014257	CAK9323529.1	CAK9323529.1
OG0014258	CAK9323530.1	CAK9323530.1
OG0014259	CAK9323531.1	CAK9323531.1
OG0014260	CAK9323532.1	CAK9323532.1
OG0014261	CAK9323533.1	CAK9323533.1
OG0014262	CAK9323534.1	CAK9323534.1
OG0014263	CAK9323535.1	CAK9323535.1
OG0014264	CAK9323536.1	CAK9323536.1
OG0014265	CAK9323537.1	CAK9323537.1
OG0014266	CAK9323539.1	CAK9323539.1
OG0014267	CAK9323540.1	CAK9323540.1
OG0014268	CAK9323545.1	CAK9323545.1
OG0014269	CAK9323546.1	CAK9323546.1
OG0014270	CAK9323549.1	CAK9323549.1
OG0014271	CAK9323550.1	CAK9323550.1
OG0014272	CAK9323551.1	CAK9323551.1
OG0014273	CAK9323552.1	CAK9323552.1
OG0014274	CAK9323553.1	CAK9323553.1
OG0014275	CAK9323554.1	CAK9323554.1
OG0014276	CAK9323556.1	CAK9323556.1
OG0014277	CAK9323557.1	CAK9323557.1
OG0014278	CAK9323559.1	CAK9323559.1
OG0014279	CAK9323560.1	CAK9323560.1
OG0014280	CAK9323561.1	CAK9323561.1
OG0014281	CAK9323562.1	CAK9323562.1
OG0014282	CAK9323563.1	CAK9323563.1
OG0014283	CAK9323564.1	CAK9323564.1
OG0014284	CAK9323565.1	CAK9323565.1
OG0014285	CAK9323566.1	CAK9323566.1
OG0014286	CAK9323567.1	CAK9323567.1
OG0014287	CAK9323568.1	CAK9323568.1
OG0014288	CAK9323569.1	CAK9323569.1
OG0014289	CAK9323570.1	CAK9323570.1
OG0014290	CAK9323571.1	CAK9323571.1
OG0014291	CAK9323573.1	CAK9323573.1
OG0014292	CAK9323574.1	CAK9323574.1
OG0014293	CAK9323575.1	CAK9323575.1
OG0014294	CAK9323576.1	CAK9323576.1
OG0014295	CAK9323577.1	CAK9323577.1
OG0014296	CAK9323578.1	CAK9323578.1
OG0014297	CAK9323579.1	CAK9323579.1
OG0014298	CAK9323580.1	CAK9323580.1
OG0014299	CAK9323581.1	CAK9323581.1
OG0014300	CAK9323582.1	CAK9323582.1
OG0014301	CAK9323584.1	CAK9323584.1
OG0014302	CAK9323585.1	CAK9323585.1
OG0014303	CAK9323586.1	CAK9323586.1
OG0014304	CAK9323587.1	CAK9323587.1
OG0014305	CAK9323588.1	CAK9323588.1
OG0014306	CAK9323589.1	CAK9323589.1
OG0014307	CAK9323590.1	CAK9323590.1
OG0014308	CAK9323591.1	CAK9323591.1
OG0014309	CAK9323593.1	CAK9323593.1
OG0014310	CAK9323594.1	CAK9323594.1
OG0014311	CAK9323595.1	CAK9323595.1
OG0014312	CAK9323596.1	CAK9323596.1
OG0014313	CAK9323597.1	CAK9323597.1
OG0014314	CAK9323598.1	CAK9323598.1
OG0014315	CAK9323599.1	CAK9323599.1
OG0014316	CAK9323602.1	CAK9323602.1
OG0014317	CAK9323603.1	CAK9323603.1
OG0014318	CAK9323604.1	CAK9323604.1
OG0014319	CAK9323606.1	CAK9323606.1
OG0014320	CAK9323607.1	CAK9323607.1
OG0014321	CAK9323608.1	CAK9323608.1
OG0014322	CAK9323610.1	CAK9323610.1
OG0014323	CAK9323612.1	CAK9323612.1
OG0014324	CAK9323614.1	CAK9323614.1
OG0014325	CAK9323615.1	CAK9323615.1
OG0014326	CAK9323616.1	CAK9323616.1
OG0014327	CAK9323617.1	CAK9323617.1
OG0014328	CAK9323619.1	CAK9323619.1
OG0014329	CAK9323620.1	CAK9323620.1
OG0014330	CAK9323622.1	CAK9323622.1
OG0014331	CAK9323623.1	CAK9323623.1
OG0014332	CAK9323624.1	CAK9323624.1
OG0014333	CAK9323625.1	CAK9323625.1
OG0014334	CAK9323626.1	CAK9323626.1
OG0014335	CAK9323627.1	CAK9323627.1
OG0014336	CAK9323628.1	CAK9323628.1
OG0014337	CAK9323629.1	CAK9323629.1
OG0014338	CAK9323630.1	CAK9323630.1
OG0014339	CAK9323631.1	CAK9323631.1
OG0014340	CAK9323632.1	CAK9323632.1
OG0014341	CAK9323634.1	CAK9323634.1
OG0014342	CAK9323635.1	CAK9323635.1
OG0014343	CAK9323636.1	CAK9323636.1
OG0014344	CAK9323637.1	CAK9323637.1
OG0014345	CAK9323638.1	CAK9323638.1
OG0014346	CAK9323639.1	CAK9323639.1
OG0014347	CAK9323641.1	CAK9323641.1
OG0014348	CAK9323643.1	CAK9323643.1
OG0014349	CAK9323644.1	CAK9323644.1
OG0014350	CAK9323645.1	CAK9323645.1
OG0014351	CAK9323646.1	CAK9323646.1
OG0014352	CAK9323647.1	CAK9323647.1
OG0014353	CAK9323648.1	CAK9323648.1
OG0014354	CAK9323649.1	CAK9323649.1
OG0014355	CAK9323650.1	CAK9323650.1
OG0014356	CAK9323651.1	CAK9323651.1
OG0014357	CAK9323652.1	CAK9323652.1
OG0014358	CAK9323653.1	CAK9323653.1
OG0014359	CAK9323655.1	CAK9323655.1
OG0014360	CAK9323656.1	CAK9323656.1
OG0014361	CAK9323657.1	CAK9323657.1
OG0014362	CAK9323658.1	CAK9323658.1
OG0014363	CAK9323659.1	CAK9323659.1
OG0014364	CAK9323660.1	CAK9323660.1
OG0014365	CAK9323661.1	CAK9323661.1
OG0014366	CAK9323662.1	CAK9323662.1
OG0014367	CAK9323663.1	CAK9323663.1
OG0014368	CAK9323666.1	CAK9323666.1
OG0014369	CAK9323667.1	CAK9323667.1
OG0014370	CAK9323668.1	CAK9323668.1
OG0014371	CAK9323669.1	CAK9323669.1
OG0014372	CAK9323670.1	CAK9323670.1
OG0014373	CAK9323671.1	CAK9323671.1
OG0014374	CAK9323672.1	CAK9323672.1
OG0014375	CAK9323673.1	CAK9323673.1
OG0014376	CAK9323674.1	CAK9323674.1
OG0014377	CAK9323675.1	CAK9323675.1
OG0014378	CAK9323676.1	CAK9323676.1
OG0014379	CAK9323678.1	CAK9323678.1
OG0014380	CAK9323679.1	CAK9323679.1
OG0014381	CAK9323680.1	CAK9323680.1
OG0014382	CAK9323681.1	CAK9323681.1
OG0014383	CAK9323682.1	CAK9323682.1
OG0014384	CAK9323683.1	CAK9323683.1
OG0014385	CAK9323684.1	CAK9323684.1
OG0014386	CAK9323685.1	CAK9323685.1
OG0014387	CAK9323686.1	CAK9323686.1
OG0014388	CAK9323687.1	CAK9323687.1
OG0014389	CAK9323691.1	CAK9323691.1
OG0014390	CAK9323692.1	CAK9323692.1
OG0014391	CAK9323693.1	CAK9323693.1
OG0014392	CAK9323695.1	CAK9323695.1
OG0014393	CAK9323696.1	CAK9323696.1
OG0014394	CAK9323697.1	CAK9323697.1
OG0014395	CAK9323698.1	CAK9323698.1
OG0014396	CAK9323700.1	CAK9323700.1
OG0014397	CAK9323701.1	CAK9323701.1
OG0014398	CAK9323702.1	CAK9323702.1
OG0014399	CAK9323703.1	CAK9323703.1
OG0014400	CAK9323705.1	CAK9323705.1
OG0014401	CAK9323706.1	CAK9323706.1
OG0014402	CAK9323707.1	CAK9323707.1
OG0014403	CAK9323708.1	CAK9323708.1
OG0014404	CAK9323709.1	CAK9323709.1
OG0014405	CAK9323712.1	CAK9323712.1
OG0014406	CAK9323714.1	CAK9323714.1
OG0014407	CAK9323715.1	CAK9323715.1
OG0014408	CAK9323716.1	CAK9323716.1
OG0014409	CAK9323717.1	CAK9323717.1
OG0014410	CAK9323718.1	CAK9323718.1
OG0014411	CAK9323719.1	CAK9323719.1
OG0014412	CAK9323720.1	CAK9323720.1
OG0014413	CAK9323721.1	CAK9323721.1
OG0014414	CAK9323722.1	CAK9323722.1
OG0014415	CAK9323723.1	CAK9323723.1
OG0014416	CAK9323725.1	CAK9323725.1
OG0014417	CAK9323726.1	CAK9323726.1
OG0014418	CAK9323727.1	CAK9323727.1
OG0014419	CAK9323728.1	CAK9323728.1
OG0014420	CAK9323729.1	CAK9323729.1
OG0014421	CAK9323730.1	CAK9323730.1
OG0014422	CAK9323731.1	CAK9323731.1
OG0014423	CAK9323732.1	CAK9323732.1
OG0014424	CAK9323733.1	CAK9323733.1
OG0014425	CAK9323734.1	CAK9323734.1
OG0014426	CAK9323735.1	CAK9323735.1
OG0014427	CAK9323736.1	CAK9323736.1
OG0014428	CAK9323738.1	CAK9323738.1
OG0014429	CAK9323739.1	CAK9323739.1
OG0014430	CAK9323740.1	CAK9323740.1
OG0014431	CAK9323741.1	CAK9323741.1
OG0014432	CAK9323742.1	CAK9323742.1
OG0014433	CAK9323743.1	CAK9323743.1
OG0014434	CAK9323744.1	CAK9323744.1
OG0014435	CAK9323746.1	CAK9323746.1
OG0014436	CAK9323747.1	CAK9323747.1
OG0014437	CAK9323748.1	CAK9323748.1
OG0014438	CAK9323749.1	CAK9323749.1
OG0014439	CAK9323753.1	CAK9323753.1
OG0014440	CAK9323754.1	CAK9323754.1
OG0014441	CAK9323755.1	CAK9323755.1
OG0014442	CAK9323756.1	CAK9323756.1
OG0014443	CAK9323758.1	CAK9323758.1
OG0014444	CAK9323760.1	CAK9323760.1
OG0014445	CAK9323761.1	CAK9323761.1
OG0014446	CAK9323762.1	CAK9323762.1
OG0014447	CAK9323764.1	CAK9323764.1
OG0014448	CAK9323766.1	CAK9323766.1
OG0014449	CAK9323767.1	CAK9323767.1
OG0014450	CAK9323768.1	CAK9323768.1
OG0014451	CAK9323769.1	CAK9323769.1
OG0014452	CAK9323771.1	CAK9323771.1
OG0014453	CAK9323772.1	CAK9323772.1
OG0014454	CAK9323773.1	CAK9323773.1
OG0014455	CAK9323774.1	CAK9323774.1
OG0014456	CAK9323775.1	CAK9323775.1
OG0014457	CAK9323776.1	CAK9323776.1
OG0014458	CAK9323777.1	CAK9323777.1
OG0014459	CAK9323778.1	CAK9323778.1
OG0014460	CAK9323779.1	CAK9323779.1
OG0014461	CAK9323781.1	CAK9323781.1
OG0014462	CAK9323782.1	CAK9323782.1
OG0014463	CAK9323783.1	CAK9323783.1
OG0014464	CAK9323784.1	CAK9323784.1
OG0014465	CAK9323785.1	CAK9323785.1
OG0014466	CAK9323786.1	CAK9323786.1
OG0014467	CAK9323787.1	CAK9323787.1
OG0014468	CAK9323788.1	CAK9323788.1
OG0014469	CAK9323789.1	CAK9323789.1
OG0014470	CAK9323791.1	CAK9323791.1
OG0014471	CAK9323792.1	CAK9323792.1
OG0014472	CAK9323793.1	CAK9323793.1
OG0014473	CAK9323795.1	CAK9323795.1
OG0014474	CAK9323796.1	CAK9323796.1
OG0014475	CAK9323798.1	CAK9323798.1
OG0014476	CAK9323799.1	CAK9323799.1
OG0014477	CAK9323800.1	CAK9323800.1
OG0014478	CAK9323801.1	CAK9323801.1
OG0014479	CAK9323802.1	CAK9323802.1
OG0014480	CAK9323803.1	CAK9323803.1
OG0014481	CAK9323804.1	CAK9323804.1
OG0014482	CAK9323805.1	CAK9323805.1
OG0014483	CAK9323806.1	CAK9323806.1
OG0014484	CAK9323807.1	CAK9323807.1
OG0014485	CAK9323808.1	CAK9323808.1
OG0014486	CAK9323809.1	CAK9323809.1
OG0014487	CAK9323810.1	CAK9323810.1
OG0014488	CAK9323811.1	CAK9323811.1
OG0014489	CAK9323812.1	CAK9323812.1
OG0014490	CAK9323815.1	CAK9323815.1
OG0014491	CAK9323822.1	CAK9323822.1
OG0014492	CAK9323823.1	CAK9323823.1
OG0014493	CAK9323824.1	CAK9323824.1
OG0014494	CAK9323825.1	CAK9323825.1
OG0014495	CAK9323826.1	CAK9323826.1
OG0014496	CAK9323827.1	CAK9323827.1
OG0014497	CAK9323828.1	CAK9323828.1
OG0014498	CAK9323829.1	CAK9323829.1
OG0014499	CAK9323830.1	CAK9323830.1
OG0014500	CAK9323831.1	CAK9323831.1
OG0014501	CAK9323832.1	CAK9323832.1
OG0014502	CAK9323833.1	CAK9323833.1
OG0014503	CAK9323834.1	CAK9323834.1
OG0014504	CAK9323835.1	CAK9323835.1
OG0014505	CAK9323839.1	CAK9323839.1
OG0014506	CAK9323840.1	CAK9323840.1
OG0014507	CAK9323842.1	CAK9323842.1
OG0014508	CAK9323843.1	CAK9323843.1
OG0014509	CAK9323844.1	CAK9323844.1
OG0014510	CAK9323845.1	CAK9323845.1
OG0014511	CAK9323846.1	CAK9323846.1
OG0014512	CAK9323847.1	CAK9323847.1
OG0014513	CAK9323848.1	CAK9323848.1
OG0014514	CAK9323849.1	CAK9323849.1
OG0014515	CAK9323850.1	CAK9323850.1
OG0014516	CAK9323851.1	CAK9323851.1
OG0014517	CAK9323852.1	CAK9323852.1
OG0014518	CAK9323854.1	CAK9323854.1
OG0014519	CAK9323855.1	CAK9323855.1
OG0014520	CAK9323856.1	CAK9323856.1
OG0014521	CAK9323857.1	CAK9323857.1
OG0014522	CAK9323858.1	CAK9323858.1
OG0014523	CAK9323859.1	CAK9323859.1
OG0014524	CAK9323860.1	CAK9323860.1
OG0014525	CAK9323861.1	CAK9323861.1
OG0014526	CAK9323862.1	CAK9323862.1
OG0014527	CAK9323863.1	CAK9323863.1
OG0014528	CAK9323864.1	CAK9323864.1
OG0014529	CAK9323865.1	CAK9323865.1
OG0014530	CAK9323866.1	CAK9323866.1
OG0014531	CAK9323867.1	CAK9323867.1
OG0014532	CAK9323868.1	CAK9323868.1
OG0014533	CAK9323869.1	CAK9323869.1
OG0014534	CAK9323870.1	CAK9323870.1
OG0014535	CAK9323871.1	CAK9323871.1
OG0014536	CAK9323872.1	CAK9323872.1
OG0014537	CAK9323873.1	CAK9323873.1
OG0014538	CAK9323874.1	CAK9323874.1
OG0014539	CAK9323875.1	CAK9323875.1
OG0014540	CAK9323876.1	CAK9323876.1
OG0014541	CAK9323877.1	CAK9323877.1
OG0014542	CAK9323878.1	CAK9323878.1
OG0014543	CAK9323879.1	CAK9323879.1
OG0014544	CAK9323880.1	CAK9323880.1
OG0014545	CAK9323881.1	CAK9323881.1
OG0014546	CAK9323883.1	CAK9323883.1
OG0014547	CAK9323884.1	CAK9323884.1
OG0014548	CAK9323885.1	CAK9323885.1
OG0014549	CAK9323888.1	CAK9323888.1
OG0014550	CAK9323890.1	CAK9323890.1
OG0014551	CAK9323891.1	CAK9323891.1
OG0014552	CAK9323892.1	CAK9323892.1
OG0014553	CAK9323893.1	CAK9323893.1
OG0014554	CAK9323894.1	CAK9323894.1
OG0014555	CAK9323895.1	CAK9323895.1
OG0014556	CAK9323896.1	CAK9323896.1
OG0014557	CAK9323897.1	CAK9323897.1
OG0014558	CAK9323898.1	CAK9323898.1
OG0014559	CAK9323899.1	CAK9323899.1
OG0014560	CAK9323900.1	CAK9323900.1
OG0014561	CAK9323901.1	CAK9323901.1
OG0014562	CAK9323902.1	CAK9323902.1
OG0014563	CAK9323903.1	CAK9323903.1
OG0014564	CAK9323906.1	CAK9323906.1
OG0014565	CAK9323907.1	CAK9323907.1
OG0014566	CAK9323908.1	CAK9323908.1
OG0014567	CAK9323909.1	CAK9323909.1
OG0014568	CAK9323913.1	CAK9323913.1
OG0014569	CAK9323914.1	CAK9323914.1
OG0014570	CAK9323916.1	CAK9323916.1
OG0014571	CAK9323917.1	CAK9323917.1
OG0014572	CAK9323918.1	CAK9323918.1
OG0014573	CAK9323919.1	CAK9323919.1
OG0014574	CAK9323920.1	CAK9323920.1
OG0014575	CAK9323921.1	CAK9323921.1
OG0014576	CAK9323922.1	CAK9323922.1
OG0014577	CAK9323923.1	CAK9323923.1
OG0014578	CAK9323924.1	CAK9323924.1
OG0014579	CAK9323925.1	CAK9323925.1
OG0014580	CAK9323926.1	CAK9323926.1
OG0014581	CAK9323927.1	CAK9323927.1
OG0014582	CAK9323928.1	CAK9323928.1
OG0014583	CAK9323929.1	CAK9323929.1
OG0014584	CAK9323930.1	CAK9323930.1
OG0014585	CAK9323931.1	CAK9323931.1
OG0014586	CAK9323932.1	CAK9323932.1
OG0014587	CAK9323933.1	CAK9323933.1
OG0014588	CAK9323934.1	CAK9323934.1
OG0014589	CAK9323936.1	CAK9323936.1
OG0014590	CAK9323937.1	CAK9323937.1
OG0014591	CAK9323938.1	CAK9323938.1
OG0014592	CAK9323939.1	CAK9323939.1
OG0014593	CAK9323940.1	CAK9323940.1
OG0014594	CAK9323942.1	CAK9323942.1
OG0014595	CAK9323943.1	CAK9323943.1
OG0014596	CAK9323944.1	CAK9323944.1
OG0014597	CAK9323945.1	CAK9323945.1
OG0014598	CAK9323946.1	CAK9323946.1
OG0014599	CAK9323947.1	CAK9323947.1
OG0014600	CAK9323948.1	CAK9323948.1
OG0014601	CAK9323949.1	CAK9323949.1
OG0014602	CAK9323950.1	CAK9323950.1
OG0014603	CAK9323951.1	CAK9323951.1
OG0014604	CAK9323952.1	CAK9323952.1
OG0014605	CAK9323953.1	CAK9323953.1
OG0014606	CAK9323955.1	CAK9323955.1
OG0014607	CAK9323956.1	CAK9323956.1
OG0014608	CAK9323957.1	CAK9323957.1
OG0014609	CAK9323958.1	CAK9323958.1
OG0014610	CAK9323959.1	CAK9323959.1
OG0014611	CAK9323960.1	CAK9323960.1
OG0014612	CAK9323961.1	CAK9323961.1
OG0014613	CAK9323962.1	CAK9323962.1
OG0014614	CAK9323963.1	CAK9323963.1
OG0014615	CAK9323964.1	CAK9323964.1
OG0014616	CAK9323966.1	CAK9323966.1
OG0014617	CAK9323967.1	CAK9323967.1
OG0014618	CAK9323968.1	CAK9323968.1
OG0014619	CAK9323969.1	CAK9323969.1
OG0014620	CAK9323970.1	CAK9323970.1
OG0014621	CAK9323971.1	CAK9323971.1
OG0014622	CAK9323972.1	CAK9323972.1
OG0014623	CAK9323973.1	CAK9323973.1
OG0014624	CAK9323974.1	CAK9323974.1
OG0014625	CAK9323975.1	CAK9323975.1
OG0014626	CAK9323976.1	CAK9323976.1
OG0014627	CAK9323977.1	CAK9323977.1
OG0014628	CAK9323978.1	CAK9323978.1
OG0014629	CAK9323979.1	CAK9323979.1
OG0014630	CAK9323984.1	CAK9323984.1
OG0014631	CAK9323986.1	CAK9323986.1
OG0014632	CAK9323987.1	CAK9323987.1
OG0014633	CAK9323988.1	CAK9323988.1
OG0014634	CAK9323989.1	CAK9323989.1
OG0014635	CAK9323990.1	CAK9323990.1
OG0014636	CAK9323991.1	CAK9323991.1
OG0014637	CAK9323992.1	CAK9323992.1
OG0014638	CAK9323993.1	CAK9323993.1
OG0014639	CAK9323994.1	CAK9323994.1
OG0014640	CAK9323995.1	CAK9323995.1
OG0014641	CAK9323996.1	CAK9323996.1
OG0014642	CAK9323998.1	CAK9323998.1
OG0014643	CAK9323999.1	CAK9323999.1
OG0014644	CAK9324000.1	CAK9324000.1
OG0014645	CAK9324001.1	CAK9324001.1
OG0014646	CAK9324002.1	CAK9324002.1
OG0014647	CAK9324003.1	CAK9324003.1
OG0014648	CAK9324005.1	CAK9324005.1
OG0014649	CAK9324006.1	CAK9324006.1
OG0014650	CAK9324007.1	CAK9324007.1
OG0014651	CAK9324008.1	CAK9324008.1
OG0014652	CAK9324009.1	CAK9324009.1
OG0014653	CAK9324010.1	CAK9324010.1
OG0014654	CAK9324011.1	CAK9324011.1
OG0014655	CAK9324012.1	CAK9324012.1
OG0014656	CAK9324013.1	CAK9324013.1
OG0014657	CAK9324014.1	CAK9324014.1
OG0014658	CAK9324015.1	CAK9324015.1
OG0014659	CAK9324016.1	CAK9324016.1
OG0014660	CAK9324017.1	CAK9324017.1
OG0014661	CAK9324018.1	CAK9324018.1
OG0014662	CAK9324019.1	CAK9324019.1
OG0014663	CAK9324020.1	CAK9324020.1
OG0014664	CAK9324022.1	CAK9324022.1
OG0014665	CAK9324023.1	CAK9324023.1
OG0014666	CAK9324024.1	CAK9324024.1
OG0014667	CAK9324025.1	CAK9324025.1
OG0014668	CAK9324026.1	CAK9324026.1
OG0014669	CAK9324027.1	CAK9324027.1
OG0014670	CAK9324028.1	CAK9324028.1
OG0014671	CAK9324029.1	CAK9324029.1
OG0014672	CAK9324030.1	CAK9324030.1
OG0014673	CAK9324031.1	CAK9324031.1
OG0014674	CAK9324032.1	CAK9324032.1
OG0014675	CAK9324033.1	CAK9324033.1
OG0014676	CAK9324036.1	CAK9324036.1
OG0014677	CAK9324037.1	CAK9324037.1
OG0014678	CAK9324038.1	CAK9324038.1
OG0014679	CAK9324045.1	CAK9324045.1
OG0014680	CAK9324048.1	CAK9324048.1
OG0014681	CAK9324049.1	CAK9324049.1
OG0014682	CAK9324050.1	CAK9324050.1
OG0014683	CAK9324051.1	CAK9324051.1
OG0014684	CAK9324052.1	CAK9324052.1
OG0014685	CAK9324053.1	CAK9324053.1
OG0014686	CAK9324054.1	CAK9324054.1
OG0014687	CAK9324055.1	CAK9324055.1
OG0014688	CAK9324056.1	CAK9324056.1
OG0014689	CAK9324057.1	CAK9324057.1
OG0014690	CAK9324060.1	CAK9324060.1
OG0014691	CAK9324061.1	CAK9324061.1
OG0014692	CAK9324062.1	CAK9324062.1
OG0014693	CAK9324064.1	CAK9324064.1
OG0014694	CAK9324065.1	CAK9324065.1
OG0014695	CAK9324067.1	CAK9324067.1
OG0014696	CAK9324068.1	CAK9324068.1
OG0014697	CAK9324069.1	CAK9324069.1
OG0014698	CAK9324070.1	CAK9324070.1
OG0014699	CAK9324071.1	CAK9324071.1
OG0014700	CAK9324072.1	CAK9324072.1
OG0014701	CAK9324073.1	CAK9324073.1
OG0014702	CAK9324074.1	CAK9324074.1
OG0014703	CAK9324076.1	CAK9324076.1
OG0014704	CAK9324077.1	CAK9324077.1
OG0014705	CAK9324078.1	CAK9324078.1
OG0014706	CAK9324079.1	CAK9324079.1
OG0014707	CAK9324080.1	CAK9324080.1
OG0014708	CAK9324081.1	CAK9324081.1
OG0014709	CAK9324082.1	CAK9324082.1
OG0014710	CAK9324085.1	CAK9324085.1
OG0014711	CAK9324086.1	CAK9324086.1
OG0014712	CAK9324088.1	CAK9324088.1
OG0014713	CAK9324090.1	CAK9324090.1
OG0014714	CAK9324091.1	CAK9324091.1
OG0014715	CAK9324092.1	CAK9324092.1
OG0014716	CAK9324093.1	CAK9324093.1
OG0014717	CAK9324094.1	CAK9324094.1
OG0014718	CAK9324095.1	CAK9324095.1
OG0014719	CAK9324096.1	CAK9324096.1
OG0014720	CAK9324097.1	CAK9324097.1
OG0014721	CAK9324099.1	CAK9324099.1
OG0014722	CAK9324100.1	CAK9324100.1
OG0014723	CAK9324102.1	CAK9324102.1
OG0014724	CAK9324103.1	CAK9324103.1
OG0014725	CAK9324104.1	CAK9324104.1
OG0014726	CAK9324105.1	CAK9324105.1
OG0014727	CAK9324106.1	CAK9324106.1
OG0014728	CAK9324107.1	CAK9324107.1
OG0014729	CAK9324108.1	CAK9324108.1
OG0014730	CAK9324109.1	CAK9324109.1
OG0014731	CAK9324110.1	CAK9324110.1
OG0014732	CAK9324111.1	CAK9324111.1
OG0014733	CAK9324112.1	CAK9324112.1
OG0014734	CAK9324113.1	CAK9324113.1
OG0014735	CAK9324117.1	CAK9324117.1
OG0014736	CAK9324119.1	CAK9324119.1
OG0014737	CAK9324120.1	CAK9324120.1
OG0014738	CAK9324121.1	CAK9324121.1
OG0014739	CAK9324122.1	CAK9324122.1
OG0014740	CAK9324123.1	CAK9324123.1
OG0014741	CAK9324124.1	CAK9324124.1
OG0014742	CAK9324125.1	CAK9324125.1
OG0014743	CAK9324126.1	CAK9324126.1
OG0014744	CAK9324128.1	CAK9324128.1
OG0014745	CAK9324130.1	CAK9324130.1
OG0014746	CAK9324131.1	CAK9324131.1
OG0014747	CAK9324132.1	CAK9324132.1
OG0014748	CAK9324133.1	CAK9324133.1
OG0014749	CAK9324134.1	CAK9324134.1
OG0014750	CAK9324135.1	CAK9324135.1
OG0014751	CAK9324136.1	CAK9324136.1
OG0014752	CAK9324137.1	CAK9324137.1
OG0014753	CAK9324138.1	CAK9324138.1
OG0014754	CAK9324139.1	CAK9324139.1
OG0014755	CAK9324140.1	CAK9324140.1
OG0014756	CAK9324141.1	CAK9324141.1
OG0014757	CAK9324142.1	CAK9324142.1
OG0014758	CAK9324144.1	CAK9324144.1
OG0014759	CAK9324145.1	CAK9324145.1
OG0014760	CAK9324146.1	CAK9324146.1
OG0014761	CAK9324147.1	CAK9324147.1
OG0014762	CAK9324148.1	CAK9324148.1
OG0014763	CAK9324149.1	CAK9324149.1
OG0014764	CAK9324150.1	CAK9324150.1
OG0014765	CAK9324151.1	CAK9324151.1
OG0014766	CAK9324153.1	CAK9324153.1
OG0014767	CAK9324154.1	CAK9324154.1
OG0014768	CAK9324155.1	CAK9324155.1
OG0014769	CAK9324157.1	CAK9324157.1
OG0014770	CAK9324158.1	CAK9324158.1
OG0014771	CAK9324159.1	CAK9324159.1
OG0014772	CAK9324160.1	CAK9324160.1
OG0014773	CAK9324161.1	CAK9324161.1
OG0014774	CAK9324162.1	CAK9324162.1
OG0014775	CAK9324163.1	CAK9324163.1
OG0014776	CAK9324164.1	CAK9324164.1
OG0014777	CAK9324165.1	CAK9324165.1
OG0014778	CAK9324166.1	CAK9324166.1
OG0014779	CAK9324167.1	CAK9324167.1
OG0014780	CAK9324168.1	CAK9324168.1
OG0014781	CAK9324169.1	CAK9324169.1
OG0014782	CAK9324170.1	CAK9324170.1
OG0014783	CAK9324171.1	CAK9324171.1
OG0014784	CAK9324172.1	CAK9324172.1
OG0014785	CAK9324174.1	CAK9324174.1
OG0014786	CAK9324175.1	CAK9324175.1
OG0014787	CAK9324176.1	CAK9324176.1
OG0014788	CAK9324177.1	CAK9324177.1
OG0014789	CAK9324178.1	CAK9324178.1
OG0014790	CAK9324179.1	CAK9324179.1
OG0014791	CAK9324180.1	CAK9324180.1
OG0014792	CAK9324181.1	CAK9324181.1
OG0014793	CAK9324182.1	CAK9324182.1
OG0014794	CAK9324183.1	CAK9324183.1
OG0014795	CAK9324184.1	CAK9324184.1
OG0014796	CAK9324185.1	CAK9324185.1
OG0014797	CAK9324186.1	CAK9324186.1
OG0014798	CAK9324187.1	CAK9324187.1
OG0014799	CAK9324188.1	CAK9324188.1
OG0014800	CAK9324189.1	CAK9324189.1
OG0014801	CAK9324190.1	CAK9324190.1
OG0014802	CAK9324191.1	CAK9324191.1
OG0014803	CAK9324192.1	CAK9324192.1
OG0014804	CAK9324193.1	CAK9324193.1
OG0014805	CAK9324194.1	CAK9324194.1
OG0014806	CAK9324195.1	CAK9324195.1
OG0014807	CAK9324196.1	CAK9324196.1
OG0014808	CAK9324197.1	CAK9324197.1
OG0014809	CAK9324198.1	CAK9324198.1
OG0014810	CAK9324199.1	CAK9324199.1
OG0014811	CAK9324200.1	CAK9324200.1
OG0014812	CAK9324201.1	CAK9324201.1
OG0014813	CAK9324202.1	CAK9324202.1
OG0014814	CAK9324203.1	CAK9324203.1
OG0014815	CAK9324204.1	CAK9324204.1
OG0014816	CAK9324205.1	CAK9324205.1
OG0014817	CAK9324206.1	CAK9324206.1
OG0014818	CAK9324207.1	CAK9324207.1
OG0014819	CAK9324208.1	CAK9324208.1
OG0014820	CAK9324210.1	CAK9324210.1
OG0014821	CAK9324211.1	CAK9324211.1
OG0014822	CAK9324212.1	CAK9324212.1
OG0014823	CAK9324213.1	CAK9324213.1
OG0014824	CAK9324214.1	CAK9324214.1
OG0014825	CAK9324216.1	CAK9324216.1
OG0014826	CAK9324217.1	CAK9324217.1
OG0014827	CAK9324218.1	CAK9324218.1
OG0014828	CAK9324219.1	CAK9324219.1
OG0014829	CAK9324220.1	CAK9324220.1
OG0014830	CAK9324221.1	CAK9324221.1
OG0014831	CAK9324222.1	CAK9324222.1
OG0014832	CAK9324223.1	CAK9324223.1
OG0014833	CAK9324224.1	CAK9324224.1
OG0014834	CAK9324225.1	CAK9324225.1
OG0014835	CAK9324226.1	CAK9324226.1
OG0014836	CAK9324227.1	CAK9324227.1
OG0014837	CAK9324228.1	CAK9324228.1
OG0014838	CAK9324229.1	CAK9324229.1
OG0014839	CAK9324230.1	CAK9324230.1
OG0014840	CAK9324232.1	CAK9324232.1
OG0014841	CAK9324233.1	CAK9324233.1
OG0014842	CAK9324234.1	CAK9324234.1
OG0014843	CAK9324235.1	CAK9324235.1
OG0014844	CAK9324237.1	CAK9324237.1
OG0014845	CAK9324240.1	CAK9324240.1
OG0014846	CAK9324241.1	CAK9324241.1
OG0014847	CAK9324242.1	CAK9324242.1
OG0014848	CAK9324243.1	CAK9324243.1
OG0014849	CAK9324244.1	CAK9324244.1
OG0014850	CAK9324245.1	CAK9324245.1
OG0014851	CAK9324246.1	CAK9324246.1
OG0014852	CAK9324247.1	CAK9324247.1
OG0014853	CAK9324248.1	CAK9324248.1
OG0014854	CAK9324249.1	CAK9324249.1
OG0014855	CAK9324250.1	CAK9324250.1
OG0014856	CAK9324251.1	CAK9324251.1
OG0014857	CAK9324252.1	CAK9324252.1
OG0014858	CAK9324253.1	CAK9324253.1
OG0014859	CAK9324254.1	CAK9324254.1
OG0014860	CAK9324255.1	CAK9324255.1
OG0014861	CAK9324256.1	CAK9324256.1
OG0014862	CAK9324257.1	CAK9324257.1
OG0014863	CAK9324258.1	CAK9324258.1
OG0014864	CAK9324259.1	CAK9324259.1
OG0014865	CAK9324260.1	CAK9324260.1
OG0014866	CAK9324261.1	CAK9324261.1
OG0014867	CAK9324262.1	CAK9324262.1
OG0014868	CAK9324263.1	CAK9324263.1
OG0014869	CAK9324264.1	CAK9324264.1
OG0014870	CAK9324265.1	CAK9324265.1
OG0014871	CAK9324266.1	CAK9324266.1
OG0014872	CAK9324267.1	CAK9324267.1
OG0014873	CAK9324268.1	CAK9324268.1
OG0014874	CAK9324269.1	CAK9324269.1
OG0014875	CAK9324270.1	CAK9324270.1
OG0014876	CAK9324271.1	CAK9324271.1
OG0014877	CAK9324272.1	CAK9324272.1
OG0014878	CAK9324273.1	CAK9324273.1
OG0014879	CAK9324274.1	CAK9324274.1
OG0014880	CAK9324275.1	CAK9324275.1
OG0014881	CAK9324276.1	CAK9324276.1
OG0014882	CAK9324277.1	CAK9324277.1
OG0014883	CAK9324279.1	CAK9324279.1
OG0014884	CAK9324280.1	CAK9324280.1
OG0014885	CAK9324281.1	CAK9324281.1
OG0014886	CAK9324282.1	CAK9324282.1
OG0014887	CAK9324283.1	CAK9324283.1
OG0014888	CAK9324284.1	CAK9324284.1
OG0014889	CAK9324285.1	CAK9324285.1
OG0014890	CAK9324287.1	CAK9324287.1
OG0014891	CAK9324288.1	CAK9324288.1
OG0014892	CAK9324289.1	CAK9324289.1
OG0014893	CAK9324290.1	CAK9324290.1
OG0014894	CAK9324291.1	CAK9324291.1
OG0014895	CAK9324292.1	CAK9324292.1
OG0014896	CAK9324293.1	CAK9324293.1
OG0014897	CAK9324294.1	CAK9324294.1
OG0014898	CAK9324295.1	CAK9324295.1
OG0014899	CAK9324296.1	CAK9324296.1
OG0014900	CAK9324297.1	CAK9324297.1
OG0014901	CAK9324298.1	CAK9324298.1
OG0014902	CAK9324299.1	CAK9324299.1
OG0014903	CAK9324300.1	CAK9324300.1
OG0014904	CAK9324301.1	CAK9324301.1
OG0014905	CAK9324302.1	CAK9324302.1
OG0014906	CAK9324303.1	CAK9324303.1
OG0014907	CAK9324304.1	CAK9324304.1
OG0014908	CAK9324305.1	CAK9324305.1
OG0014909	CAK9324306.1	CAK9324306.1
OG0014910	CAK9324307.1	CAK9324307.1
OG0014911	CAK9324309.1	CAK9324309.1
OG0014912	CAK9324310.1	CAK9324310.1
OG0014913	CAK9324311.1	CAK9324311.1
OG0014914	CAK9324312.1	CAK9324312.1
OG0014915	CAK9324313.1	CAK9324313.1
OG0014916	CAK9324314.1	CAK9324314.1
OG0014917	CAK9324315.1	CAK9324315.1
OG0014918	CAK9324316.1	CAK9324316.1
OG0014919	CAK9324317.1	CAK9324317.1
OG0014920	CAK9324318.1	CAK9324318.1
OG0014921	CAK9324319.1	CAK9324319.1
OG0014922	CAK9324320.1	CAK9324320.1
OG0014923	CAK9324321.1	CAK9324321.1
OG0014924	CAK9324322.1	CAK9324322.1
OG0014925	CAK9324323.1	CAK9324323.1
OG0014926	CAK9324324.1	CAK9324324.1
OG0014927	CAK9324325.1	CAK9324325.1
OG0014928	CAK9324326.1	CAK9324326.1
OG0014929	CAK9324327.1	CAK9324327.1
OG0014930	CAK9324328.1	CAK9324328.1
OG0014931	CAK9324329.1	CAK9324329.1
OG0014932	CAK9324331.1	CAK9324331.1
OG0014933	CAK9324333.1	CAK9324333.1
OG0014934	CAK9324334.1	CAK9324334.1
OG0014935	CAK9324335.1	CAK9324335.1
OG0014936	CAK9324336.1	CAK9324336.1
OG0014937	CAK9324337.1	CAK9324337.1
OG0014938	CAK9324338.1	CAK9324338.1
OG0014939	CAK9324339.1	CAK9324339.1
OG0014940	CAK9324340.1	CAK9324340.1
OG0014941	CAK9324341.1	CAK9324341.1
OG0014942	CAK9324343.1	CAK9324343.1
OG0014943	CAK9324346.1	CAK9324346.1
OG0014944	CAK9324347.1	CAK9324347.1
OG0014945	CAK9324349.1	CAK9324349.1
OG0014946	CAK9324350.1	CAK9324350.1
OG0014947	CAK9324352.1	CAK9324352.1
OG0014948	CAK9324353.1	CAK9324353.1
OG0014949	CAK9324354.1	CAK9324354.1
OG0014950	CAK9324355.1	CAK9324355.1
OG0014951	CAK9324356.1	CAK9324356.1
OG0014952	CAK9324357.1	CAK9324357.1
OG0014953	CAK9324358.1	CAK9324358.1
OG0014954	CAK9324359.1	CAK9324359.1
OG0014955	CAK9324360.1	CAK9324360.1
OG0014956	CAK9324361.1	CAK9324361.1
OG0014957	CAK9324362.1	CAK9324362.1
OG0014958	CAK9324363.1	CAK9324363.1
OG0014959	CAK9324364.1	CAK9324364.1
OG0014960	CAK9324365.1	CAK9324365.1
OG0014961	CAK9324366.1	CAK9324366.1
OG0014962	CAK9324367.1	CAK9324367.1
OG0014963	CAK9324368.1	CAK9324368.1
OG0014964	CAK9324369.1	CAK9324369.1
OG0014965	CAK9324370.1	CAK9324370.1
OG0014966	CAK9324371.1	CAK9324371.1
OG0014967	CAK9324372.1	CAK9324372.1
OG0014968	CAK9324373.1	CAK9324373.1
OG0014969	CAK9324374.1	CAK9324374.1
OG0014970	CAK9324375.1	CAK9324375.1
OG0014971	CAK9324376.1	CAK9324376.1
OG0014972	CAK9324377.1	CAK9324377.1
OG0014973	CAK9324379.1	CAK9324379.1
OG0014974	CAK9324380.1	CAK9324380.1
OG0014975	CAK9324381.1	CAK9324381.1
OG0014976	CAK9324382.1	CAK9324382.1
OG0014977	CAK9324385.1	CAK9324385.1
OG0014978	CAK9324386.1	CAK9324386.1
OG0014979	CAK9324387.1	CAK9324387.1
OG0014980	CAK9324388.1	CAK9324388.1
OG0014981	CAK9324389.1	CAK9324389.1
OG0014982	CAK9324390.1	CAK9324390.1
OG0014983	CAK9324391.1	CAK9324391.1
OG0014984	CAK9324392.1	CAK9324392.1
OG0014985	CAK9324393.1	CAK9324393.1
OG0014986	CAK9324394.1	CAK9324394.1
OG0014987	CAK9324395.1	CAK9324395.1
OG0014988	CAK9324396.1	CAK9324396.1
OG0014989	CAK9324397.1	CAK9324397.1
OG0014990	CAK9324398.1	CAK9324398.1
OG0014991	CAK9324399.1	CAK9324399.1
OG0014992	CAK9324400.1	CAK9324400.1
OG0014993	CAK9324401.1	CAK9324401.1
OG0014994	CAK9324402.1	CAK9324402.1
OG0014995	CAK9324403.1	CAK9324403.1
OG0014996	CAK9324404.1	CAK9324404.1
OG0014997	CAK9324407.1	CAK9324407.1
OG0014998	CAK9324408.1	CAK9324408.1
OG0014999	CAK9324409.1	CAK9324409.1
OG0015000	CAK9324410.1	CAK9324410.1
OG0015001	CAK9324413.1	CAK9324413.1
OG0015002	CAK9324415.1	CAK9324415.1
OG0015003	CAK9324416.1	CAK9324416.1
OG0015004	CAK9324417.1	CAK9324417.1
OG0015005	CAK9324418.1	CAK9324418.1
OG0015006	CAK9324421.1	CAK9324421.1
OG0015007	CAK9324422.1	CAK9324422.1
OG0015008	CAK9324423.1	CAK9324423.1
OG0015009	CAK9324424.1	CAK9324424.1
OG0015010	CAK9324425.1	CAK9324425.1
OG0015011	CAK9324426.1	CAK9324426.1
OG0015012	CAK9324427.1	CAK9324427.1
OG0015013	CAK9324428.1	CAK9324428.1
OG0015014	CAK9324429.1	CAK9324429.1
OG0015015	CAK9324430.1	CAK9324430.1
OG0015016	CAK9324431.1	CAK9324431.1
OG0015017	CAK9324432.1	CAK9324432.1
OG0015018	CAK9324433.1	CAK9324433.1
OG0015019	CAK9324434.1	CAK9324434.1
OG0015020	CAK9324435.1	CAK9324435.1
OG0015021	CAK9324436.1	CAK9324436.1
OG0015022	CAK9324437.1	CAK9324437.1
OG0015023	CAK9324438.1	CAK9324438.1
OG0015024	CAK9324439.1	CAK9324439.1
OG0015025	CAK9324440.1	CAK9324440.1
OG0015026	CAK9324441.1	CAK9324441.1
OG0015027	CAK9324442.1	CAK9324442.1
OG0015028	CAK9324443.1	CAK9324443.1
OG0015029	CAK9324444.1	CAK9324444.1
OG0015030	CAK9324445.1	CAK9324445.1
OG0015031	CAK9324446.1	CAK9324446.1
OG0015032	CAK9324447.1	CAK9324447.1
OG0015033	CAK9324448.1	CAK9324448.1
OG0015034	CAK9324449.1	CAK9324449.1
OG0015035	CAK9324450.1	CAK9324450.1
OG0015036	CAK9324451.1	CAK9324451.1
OG0015037	CAK9324452.1	CAK9324452.1
OG0015038	CAK9324453.1	CAK9324453.1
OG0015039	CAK9324454.1	CAK9324454.1
OG0015040	CAK9324455.1	CAK9324455.1
OG0015041	CAK9324456.1	CAK9324456.1
OG0015042	CAK9324457.1	CAK9324457.1
OG0015043	CAK9324458.1	CAK9324458.1
OG0015044	CAK9324459.1	CAK9324459.1
OG0015045	CAK9324460.1	CAK9324460.1
OG0015046	CAK9324461.1	CAK9324461.1
OG0015047	CAK9324462.1	CAK9324462.1
OG0015048	CAK9324463.1	CAK9324463.1
OG0015049	CAK9324464.1	CAK9324464.1
OG0015050	CAK9324465.1	CAK9324465.1
OG0015051	CAK9324466.1	CAK9324466.1
OG0015052	CAK9324470.1	CAK9324470.1
OG0015053	CAK9324471.1	CAK9324471.1
OG0015054	CAK9324472.1	CAK9324472.1
OG0015055	CAK9324473.1	CAK9324473.1
OG0015056	CAK9324474.1	CAK9324474.1
OG0015057	CAK9324475.1	CAK9324475.1
OG0015058	CAK9324476.1	CAK9324476.1
OG0015059	CAK9324477.1	CAK9324477.1
OG0015060	CAK9324478.1	CAK9324478.1
OG0015061	CAK9324479.1	CAK9324479.1
OG0015062	CAK9324480.1	CAK9324480.1
OG0015063	CAK9324481.1	CAK9324481.1
OG0015064	CAK9324484.1	CAK9324484.1
OG0015065	CAK9324485.1	CAK9324485.1
OG0015066	CAK9324486.1	CAK9324486.1
OG0015067	CAK9324487.1	CAK9324487.1
OG0015068	CAK9324488.1	CAK9324488.1
OG0015069	CAK9324489.1	CAK9324489.1
OG0015070	CAK9324490.1	CAK9324490.1
OG0015071	CAK9324491.1	CAK9324491.1
OG0015072	CAK9324492.1	CAK9324492.1
OG0015073	CAK9324493.1	CAK9324493.1
OG0015074	CAK9324494.1	CAK9324494.1
OG0015075	CAK9324495.1	CAK9324495.1
OG0015076	CAK9324496.1	CAK9324496.1
OG0015077	CAK9324497.1	CAK9324497.1
OG0015078	CAK9324498.1	CAK9324498.1
OG0015079	CAK9324499.1	CAK9324499.1
OG0015080	CAK9324500.1	CAK9324500.1
OG0015081	CAK9324501.1	CAK9324501.1
OG0015082	CAK9324502.1	CAK9324502.1
OG0015083	CAK9324503.1	CAK9324503.1
OG0015084	CAK9324504.1	CAK9324504.1
OG0015085	CAK9324505.1	CAK9324505.1
OG0015086	CAK9324506.1	CAK9324506.1
OG0015087	CAK9324507.1	CAK9324507.1
OG0015088	CAK9324508.1	CAK9324508.1
OG0015089	CAK9324510.1	CAK9324510.1
OG0015090	CAK9324513.1	CAK9324513.1
OG0015091	CAK9324514.1	CAK9324514.1
OG0015092	CAK9324515.1	CAK9324515.1
OG0015093	CAK9324516.1	CAK9324516.1
OG0015094	CAK9324517.1	CAK9324517.1
OG0015095	CAK9324518.1	CAK9324518.1
OG0015096	CAK9324520.1	CAK9324520.1
OG0015097	CAK9324521.1	CAK9324521.1
OG0015098	CAK9324522.1	CAK9324522.1
OG0015099	CAK9324523.1	CAK9324523.1
OG0015100	CAK9324524.1	CAK9324524.1
OG0015101	CAK9324525.1	CAK9324525.1
OG0015102	CAK9324526.1	CAK9324526.1
OG0015103	CAK9324527.1	CAK9324527.1
OG0015104	CAK9324528.1	CAK9324528.1
OG0015105	CAK9324529.1	CAK9324529.1
OG0015106	CAK9324530.1	CAK9324530.1
OG0015107	CAK9324531.1	CAK9324531.1
OG0015108	CAK9324532.1	CAK9324532.1
OG0015109	CAK9324533.1	CAK9324533.1
OG0015110	CAK9324534.1	CAK9324534.1
OG0015111	CAK9324535.1	CAK9324535.1
OG0015112	CAK9324536.1	CAK9324536.1
OG0015113	CAK9324537.1	CAK9324537.1
OG0015114	CAK9324538.1	CAK9324538.1
OG0015115	CAK9324539.1	CAK9324539.1
OG0015116	CAK9324540.1	CAK9324540.1
OG0015117	CAK9324542.1	CAK9324542.1
OG0015118	CAK9324543.1	CAK9324543.1
OG0015119	CAK9324544.1	CAK9324544.1
OG0015120	CAK9324545.1	CAK9324545.1
OG0015121	CAK9324546.1	CAK9324546.1
OG0015122	CAK9324548.1	CAK9324548.1
OG0015123	CAK9324549.1	CAK9324549.1
OG0015124	CAK9324550.1	CAK9324550.1
OG0015125	CAK9324552.1	CAK9324552.1
OG0015126	CAK9324553.1	CAK9324553.1
OG0015127	CAK9324554.1	CAK9324554.1
OG0015128	CAK9324555.1	CAK9324555.1
OG0015129	CAK9324556.1	CAK9324556.1
OG0015130	CAK9324557.1	CAK9324557.1
OG0015131	CAK9324558.1	CAK9324558.1
OG0015132	CAK9324559.1	CAK9324559.1
OG0015133	CAK9324560.1	CAK9324560.1
OG0015134	CAK9324561.1	CAK9324561.1
OG0015135	CAK9324563.1	CAK9324563.1
OG0015136	CAK9324565.1	CAK9324565.1
OG0015137	CAK9324566.1	CAK9324566.1
OG0015138	CAK9324567.1	CAK9324567.1
OG0015139	CAK9324568.1	CAK9324568.1
OG0015140	CAK9324569.1	CAK9324569.1
OG0015141	CAK9324570.1	CAK9324570.1
OG0015142	CAK9324571.1	CAK9324571.1
OG0015143	CAK9324572.1	CAK9324572.1
OG0015144	CAK9324573.1	CAK9324573.1
OG0015145	CAK9324574.1	CAK9324574.1
OG0015146	CAK9324575.1	CAK9324575.1
OG0015147	CAK9324576.1	CAK9324576.1
OG0015148	CAK9324577.1	CAK9324577.1
OG0015149	CAK9324578.1	CAK9324578.1
OG0015150	CAK9324579.1	CAK9324579.1
OG0015151	CAK9324580.1	CAK9324580.1
OG0015152	CAK9324581.1	CAK9324581.1
OG0015153	CAK9324582.1	CAK9324582.1
OG0015154	CAK9324584.1	CAK9324584.1
OG0015155	CAK9324585.1	CAK9324585.1
OG0015156	CAK9324586.1	CAK9324586.1
OG0015157	CAK9324587.1	CAK9324587.1
OG0015158	CAK9324589.1	CAK9324589.1
OG0015159	CAK9324590.1	CAK9324590.1
OG0015160	CAK9324591.1	CAK9324591.1
OG0015161	CAK9324592.1	CAK9324592.1
OG0015162	CAK9324593.1	CAK9324593.1
OG0015163	CAK9324594.1	CAK9324594.1
OG0015164	CAK9324595.1	CAK9324595.1
OG0015165	CAK9324596.1	CAK9324596.1
OG0015166	CAK9324597.1	CAK9324597.1
OG0015167	CAK9324598.1	CAK9324598.1
OG0015168	CAK9324600.1	CAK9324600.1
OG0015169	CAK9324601.1	CAK9324601.1
OG0015170	CAK9324602.1	CAK9324602.1
OG0015171	CAK9324604.1	CAK9324604.1
OG0015172	CAK9324606.1	CAK9324606.1
OG0015173	CAK9324608.1	CAK9324608.1
OG0015174	CAK9324609.1	CAK9324609.1
OG0015175	CAK9324610.1	CAK9324610.1
OG0015176	CAK9324612.1	CAK9324612.1
OG0015177	CAK9324613.1	CAK9324613.1
OG0015178	CAK9324614.1	CAK9324614.1
OG0015179	CAK9324615.1	CAK9324615.1
OG0015180	CAK9324616.1	CAK9324616.1
OG0015181	CAK9324617.1	CAK9324617.1
OG0015182	CAK9324619.1	CAK9324619.1
OG0015183	CAK9324620.1	CAK9324620.1
OG0015184	CAK9324621.1	CAK9324621.1
OG0015185	CAK9324622.1	CAK9324622.1
OG0015186	CAK9324625.1	CAK9324625.1
OG0015187	CAK9324626.1	CAK9324626.1
OG0015188	CAK9324627.1	CAK9324627.1
OG0015189	CAK9324630.1	CAK9324630.1
OG0015190	CAK9324631.1	CAK9324631.1
OG0015191	CAK9324633.1	CAK9324633.1
OG0015192	CAK9324634.1	CAK9324634.1
OG0015193	CAK9324635.1	CAK9324635.1
OG0015194	CAK9324636.1	CAK9324636.1
OG0015195	CAK9324637.1	CAK9324637.1
OG0015196	CAK9324638.1	CAK9324638.1
OG0015197	CAK9324639.1	CAK9324639.1
OG0015198	CAK9324640.1	CAK9324640.1
OG0015199	CAK9324641.1	CAK9324641.1
OG0015200	CAK9324642.1	CAK9324642.1
OG0015201	CAK9324643.1	CAK9324643.1
OG0015202	CAK9324645.1	CAK9324645.1
OG0015203	CAK9324646.1	CAK9324646.1
OG0015204	CAK9324647.1	CAK9324647.1
OG0015205	CAK9324648.1	CAK9324648.1
OG0015206	CAK9324649.1	CAK9324649.1
OG0015207	CAK9324652.1	CAK9324652.1
OG0015208	CAK9324653.1	CAK9324653.1
OG0015209	CAK9324654.1	CAK9324654.1
OG0015210	CAK9324655.1	CAK9324655.1
OG0015211	CAK9324656.1	CAK9324656.1
OG0015212	CAK9324657.1	CAK9324657.1
OG0015213	CAK9324658.1	CAK9324658.1
OG0015214	CAK9324662.1	CAK9324662.1
OG0015215	CAK9324663.1	CAK9324663.1
OG0015216	CAK9324664.1	CAK9324664.1
OG0015217	CAK9324666.1	CAK9324666.1
OG0015218	CAK9324667.1	CAK9324667.1
OG0015219	CAK9324668.1	CAK9324668.1
OG0015220	CAK9324669.1	CAK9324669.1
OG0015221	CAK9324670.1	CAK9324670.1
OG0015222	CAK9324671.1	CAK9324671.1
OG0015223	CAK9324672.1	CAK9324672.1
OG0015224	CAK9324675.1	CAK9324675.1
OG0015225	CAK9324677.1	CAK9324677.1
OG0015226	CAK9324678.1	CAK9324678.1
OG0015227	CAK9324680.1	CAK9324680.1
OG0015228	CAK9324681.1	CAK9324681.1
OG0015229	CAK9324682.1	CAK9324682.1
OG0015230	CAK9324683.1	CAK9324683.1
OG0015231	CAK9324685.1	CAK9324685.1
OG0015232	CAK9324686.1	CAK9324686.1
OG0015233	CAK9324687.1	CAK9324687.1
OG0015234	CAK9324688.1	CAK9324688.1
OG0015235	CAK9324689.1	CAK9324689.1
OG0015236	CAK9324690.1	CAK9324690.1
OG0015237	CAK9324691.1	CAK9324691.1
OG0015238	CAK9324692.1	CAK9324692.1
OG0015239	CAK9324694.1	CAK9324694.1
OG0015240	CAK9324695.1	CAK9324695.1
OG0015241	CAK9324696.1	CAK9324696.1
OG0015242	CAK9324697.1	CAK9324697.1
OG0015243	CAK9324698.1	CAK9324698.1
OG0015244	CAK9324699.1	CAK9324699.1
OG0015245	CAK9324700.1	CAK9324700.1
OG0015246	CAK9324701.1	CAK9324701.1
OG0015247	CAK9324704.1	CAK9324704.1
OG0015248	CAK9324705.1	CAK9324705.1
OG0015249	CAK9324706.1	CAK9324706.1
OG0015250	CAK9324707.1	CAK9324707.1
OG0015251	CAK9324708.1	CAK9324708.1
OG0015252	CAK9324709.1	CAK9324709.1
OG0015253	CAK9324710.1	CAK9324710.1
OG0015254	CAK9324711.1	CAK9324711.1
OG0015255	CAK9324714.1	CAK9324714.1
OG0015256	CAK9324715.1	CAK9324715.1
OG0015257	CAK9324716.1	CAK9324716.1
OG0015258	CAK9324717.1	CAK9324717.1
OG0015259	CAK9324718.1	CAK9324718.1
OG0015260	CAK9324719.1	CAK9324719.1
OG0015261	CAK9324720.1	CAK9324720.1
OG0015262	CAK9324721.1	CAK9324721.1
OG0015263	CAK9324722.1	CAK9324722.1
OG0015264	CAK9324723.1	CAK9324723.1
OG0015265	CAK9324724.1	CAK9324724.1
OG0015266	CAK9324725.1	CAK9324725.1
OG0015267	CAK9324726.1	CAK9324726.1
OG0015268	CAK9324727.1	CAK9324727.1
OG0015269	CAK9324728.1	CAK9324728.1
OG0015270	CAK9324729.1	CAK9324729.1
OG0015271	CAK9324730.1	CAK9324730.1
OG0015272	CAK9324731.1	CAK9324731.1
OG0015273	CAK9324732.1	CAK9324732.1
OG0015274	CAK9324733.1	CAK9324733.1
OG0015275	CAK9324734.1	CAK9324734.1
OG0015276	CAK9324735.1	CAK9324735.1
OG0015277	CAK9324736.1	CAK9324736.1
OG0015278	CAK9324738.1	CAK9324738.1
OG0015279	CAK9324739.1	CAK9324739.1
OG0015280	CAK9324740.1	CAK9324740.1
OG0015281	CAK9324741.1	CAK9324741.1
OG0015282	CAK9324743.1	CAK9324743.1
OG0015283	CAK9324744.1	CAK9324744.1
OG0015284	CAK9324745.1	CAK9324745.1
OG0015285	CAK9324746.1	CAK9324746.1
OG0015286	CAK9324747.1	CAK9324747.1
OG0015287	CAK9324748.1	CAK9324748.1
OG0015288	CAK9324749.1	CAK9324749.1
OG0015289	CAK9324750.1	CAK9324750.1
OG0015290	CAK9324751.1	CAK9324751.1
OG0015291	CAK9324752.1	CAK9324752.1
OG0015292	CAK9324753.1	CAK9324753.1
OG0015293	CAK9324755.1	CAK9324755.1
OG0015294	CAK9324756.1	CAK9324756.1
OG0015295	CAK9324757.1	CAK9324757.1
OG0015296	CAK9324758.1	CAK9324758.1
OG0015297	CAK9324759.1	CAK9324759.1
OG0015298	CAK9324760.1	CAK9324760.1
OG0015299	CAK9324761.1	CAK9324761.1
OG0015300	CAK9324763.1	CAK9324763.1
OG0015301	CAK9324764.1	CAK9324764.1
OG0015302	CAK9324765.1	CAK9324765.1
OG0015303	CAK9324769.1	CAK9324769.1
OG0015304	CAK9324770.1	CAK9324770.1
OG0015305	CAK9324771.1	CAK9324771.1
OG0015306	CAK9324773.1	CAK9324773.1
OG0015307	CAK9324774.1	CAK9324774.1
OG0015308	CAK9324775.1	CAK9324775.1
OG0015309	CAK9324776.1	CAK9324776.1
OG0015310	CAK9324777.1	CAK9324777.1
OG0015311	CAK9324778.1	CAK9324778.1
OG0015312	CAK9324779.1	CAK9324779.1
OG0015313	CAK9324782.1	CAK9324782.1
OG0015314	CAK9324785.1	CAK9324785.1
OG0015315	CAK9324786.1	CAK9324786.1
OG0015316	CAK9324787.1	CAK9324787.1
OG0015317	CAK9324788.1	CAK9324788.1
OG0015318	CAK9324789.1	CAK9324789.1
OG0015319	CAK9324790.1	CAK9324790.1
OG0015320	CAK9324791.1	CAK9324791.1
OG0015321	CAK9324792.1	CAK9324792.1
OG0015322	CAK9324793.1	CAK9324793.1
OG0015323	CAK9324794.1	CAK9324794.1
OG0015324	CAK9324795.1	CAK9324795.1
OG0015325	CAK9324796.1	CAK9324796.1
OG0015326	CAK9324797.1	CAK9324797.1
OG0015327	CAK9324798.1	CAK9324798.1
OG0015328	CAK9324799.1	CAK9324799.1
OG0015329	CAK9324800.1	CAK9324800.1
OG0015330	CAK9324802.1	CAK9324802.1
OG0015331	CAK9324803.1	CAK9324803.1
OG0015332	CAK9324804.1	CAK9324804.1
OG0015333	CAK9324805.1	CAK9324805.1
OG0015334	CAK9324807.1	CAK9324807.1
OG0015335	CAK9324808.1	CAK9324808.1
OG0015336	CAK9324809.1	CAK9324809.1
OG0015337	CAK9324810.1	CAK9324810.1
OG0015338	CAK9324811.1	CAK9324811.1
OG0015339	CAK9324812.1	CAK9324812.1
OG0015340	CAK9324813.1	CAK9324813.1
OG0015341	CAK9324814.1	CAK9324814.1
OG0015342	CAK9324815.1	CAK9324815.1
OG0015343	CAK9324816.1	CAK9324816.1
OG0015344	CAK9324817.1	CAK9324817.1
OG0015345	CAK9324819.1	CAK9324819.1
OG0015346	CAK9324820.1	CAK9324820.1
OG0015347	CAK9324821.1	CAK9324821.1
OG0015348	CAK9324822.1	CAK9324822.1
OG0015349	CAK9324823.1	CAK9324823.1
OG0015350	CAK9324824.1	CAK9324824.1
OG0015351	CAK9324825.1	CAK9324825.1
OG0015352	CAK9324826.1	CAK9324826.1
OG0015353	CAK9324828.1	CAK9324828.1
OG0015354	CAK9324830.1	CAK9324830.1
OG0015355	CAK9324831.1	CAK9324831.1
OG0015356	CAK9324832.1	CAK9324832.1
OG0015357	CAK9324833.1	CAK9324833.1
OG0015358	CAK9324834.1	CAK9324834.1
OG0015359	CAK9324835.1	CAK9324835.1
OG0015360	CAK9324836.1	CAK9324836.1
OG0015361	CAK9324837.1	CAK9324837.1
OG0015362	CAK9324838.1	CAK9324838.1
OG0015363	CAK9324839.1	CAK9324839.1
OG0015364	CAK9324840.1	CAK9324840.1
OG0015365	CAK9324841.1	CAK9324841.1
OG0015366	CAK9324842.1	CAK9324842.1
OG0015367	CAK9324843.1	CAK9324843.1
OG0015368	CAK9324845.1	CAK9324845.1
OG0015369	CAK9324846.1	CAK9324846.1
OG0015370	CAK9324847.1	CAK9324847.1
OG0015371	CAK9324848.1	CAK9324848.1
OG0015372	CAK9324849.1	CAK9324849.1
OG0015373	CAK9324850.1	CAK9324850.1
OG0015374	CAK9324851.1	CAK9324851.1
OG0015375	CAK9324852.1	CAK9324852.1
OG0015376	CAK9324853.1	CAK9324853.1
OG0015377	CAK9324854.1	CAK9324854.1
OG0015378	CAK9324855.1	CAK9324855.1
OG0015379	CAK9324856.1	CAK9324856.1
OG0015380	CAK9324857.1	CAK9324857.1
OG0015381	CAK9324858.1	CAK9324858.1
OG0015382	CAK9324859.1	CAK9324859.1
OG0015383	CAK9324860.1	CAK9324860.1
OG0015384	CAK9324861.1	CAK9324861.1
OG0015385	CAK9324862.1	CAK9324862.1
OG0015386	CAK9324864.1	CAK9324864.1
OG0015387	CAK9324865.1	CAK9324865.1
OG0015388	CAK9324866.1	CAK9324866.1
OG0015389	CAK9324867.1	CAK9324867.1
OG0015390	CAK9324868.1	CAK9324868.1
OG0015391	CAK9324869.1	CAK9324869.1
OG0015392	CAK9324870.1	CAK9324870.1
OG0015393	CAK9324872.1	CAK9324872.1
OG0015394	CAK9324873.1	CAK9324873.1
OG0015395	CAK9324874.1	CAK9324874.1
OG0015396	CAK9324875.1	CAK9324875.1
OG0015397	CAK9324876.1	CAK9324876.1
OG0015398	CAK9324877.1	CAK9324877.1
OG0015399	CAK9324878.1	CAK9324878.1
OG0015400	CAK9324879.1	CAK9324879.1
OG0015401	CAK9324880.1	CAK9324880.1
OG0015402	CAK9324881.1	CAK9324881.1
OG0015403	CAK9324883.1	CAK9324883.1
OG0015404	CAK9324884.1	CAK9324884.1
OG0015405	CAK9324885.1	CAK9324885.1
OG0015406	CAK9324886.1	CAK9324886.1
OG0015407	CAK9324887.1	CAK9324887.1
OG0015408	CAK9324888.1	CAK9324888.1
OG0015409	CAK9324889.1	CAK9324889.1
OG0015410	CAK9324890.1	CAK9324890.1
OG0015411	CAK9324893.1	CAK9324893.1
OG0015412	CAK9324894.1	CAK9324894.1
OG0015413	CAK9324895.1	CAK9324895.1
OG0015414	CAK9324896.1	CAK9324896.1
OG0015415	CAK9324897.1	CAK9324897.1
OG0015416	CAK9324898.1	CAK9324898.1
OG0015417	CAK9324900.1	CAK9324900.1
OG0015418	CAK9324901.1	CAK9324901.1
OG0015419	CAK9324902.1	CAK9324902.1
OG0015420	CAK9324903.1	CAK9324903.1
OG0015421	CAK9324904.1	CAK9324904.1
OG0015422	CAK9324905.1	CAK9324905.1
OG0015423	CAK9324906.1	CAK9324906.1
OG0015424	CAK9324907.1	CAK9324907.1
OG0015425	CAK9324908.1	CAK9324908.1
OG0015426	CAK9324909.1	CAK9324909.1
OG0015427	CAK9324910.1	CAK9324910.1
OG0015428	CAK9324911.1	CAK9324911.1
OG0015429	CAK9324912.1	CAK9324912.1
OG0015430	CAK9324913.1	CAK9324913.1
OG0015431	CAK9324914.1	CAK9324914.1
OG0015432	CAK9324915.1	CAK9324915.1
OG0015433	CAK9324916.1	CAK9324916.1
OG0015434	CAK9324917.1	CAK9324917.1
OG0015435	CAK9324918.1	CAK9324918.1
OG0015436	CAK9324919.1	CAK9324919.1
OG0015437	CAK9324923.1	CAK9324923.1
OG0015438	CAK9324924.1	CAK9324924.1
OG0015439	CAK9324927.1	CAK9324927.1
OG0015440	CAK9324929.1	CAK9324929.1
OG0015441	CAK9324930.1	CAK9324930.1
OG0015442	CAK9324931.1	CAK9324931.1
OG0015443	CAK9324932.1	CAK9324932.1
OG0015444	CAK9324933.1	CAK9324933.1
OG0015445	CAK9324934.1	CAK9324934.1
OG0015446	CAK9324935.1	CAK9324935.1
OG0015447	CAK9324936.1	CAK9324936.1
OG0015448	CAK9324937.1	CAK9324937.1
OG0015449	CAK9324939.1	CAK9324939.1
OG0015450	CAK9324940.1	CAK9324940.1
OG0015451	CAK9324942.1	CAK9324942.1
OG0015452	CAK9324943.1	CAK9324943.1
OG0015453	CAK9324944.1	CAK9324944.1
OG0015454	CAK9324945.1	CAK9324945.1
OG0015455	CAK9324946.1	CAK9324946.1
OG0015456	CAK9324947.1	CAK9324947.1
OG0015457	CAK9324948.1	CAK9324948.1
OG0015458	CAK9324949.1	CAK9324949.1
OG0015459	CAK9324950.1	CAK9324950.1
OG0015460	CAK9324951.1	CAK9324951.1
OG0015461	CAK9324952.1	CAK9324952.1
OG0015462	CAK9324953.1	CAK9324953.1
OG0015463	CAK9324955.1	CAK9324955.1
OG0015464	CAK9324956.1	CAK9324956.1
OG0015465	CAK9324957.1	CAK9324957.1
OG0015466	CAK9324958.1	CAK9324958.1
OG0015467	CAK9324959.1	CAK9324959.1
OG0015468	CAK9324960.1	CAK9324960.1
OG0015469	CAK9324961.1	CAK9324961.1
OG0015470	CAK9324962.1	CAK9324962.1
OG0015471	CAK9324963.1	CAK9324963.1
OG0015472	CAK9324964.1	CAK9324964.1
OG0015473	CAK9324965.1	CAK9324965.1
OG0015474	CAK9324967.1	CAK9324967.1
OG0015475	CAK9324968.1	CAK9324968.1
OG0015476	CAK9324969.1	CAK9324969.1
OG0015477	CAK9324970.1	CAK9324970.1
OG0015478	CAK9324971.1	CAK9324971.1
OG0015479	CAK9324972.1	CAK9324972.1
OG0015480	CAK9324973.1	CAK9324973.1
OG0015481	CAK9324974.1	CAK9324974.1
OG0015482	CAK9324975.1	CAK9324975.1
OG0015483	CAK9324976.1	CAK9324976.1
OG0015484	CAK9324977.1	CAK9324977.1
OG0015485	CAK9324978.1	CAK9324978.1
OG0015486	CAK9324979.1	CAK9324979.1
OG0015487	CAK9324980.1	CAK9324980.1
OG0015488	CAK9324981.1	CAK9324981.1
OG0015489	CAK9324982.1	CAK9324982.1
OG0015490	CAK9324983.1	CAK9324983.1
OG0015491	CAK9324984.1	CAK9324984.1
OG0015492	CAK9324985.1	CAK9324985.1
OG0015493	CAK9324986.1	CAK9324986.1
OG0015494	CAK9324987.1	CAK9324987.1
OG0015495	CAK9324989.1	CAK9324989.1
OG0015496	CAK9324990.1	CAK9324990.1
OG0015497	CAK9324991.1	CAK9324991.1
OG0015498	CAK9324992.1	CAK9324992.1
OG0015499	CAK9324993.1	CAK9324993.1
OG0015500	CAK9324994.1	CAK9324994.1
OG0015501	CAK9324995.1	CAK9324995.1
OG0015502	CAK9324997.1	CAK9324997.1
OG0015503	CAK9324998.1	CAK9324998.1
OG0015504	CAK9325001.1	CAK9325001.1
OG0015505	CAK9325002.1	CAK9325002.1
OG0015506	CAK9325003.1	CAK9325003.1
OG0015507	CAK9325005.1	CAK9325005.1
OG0015508	CAK9325006.1	CAK9325006.1
OG0015509	CAK9325007.1	CAK9325007.1
OG0015510	CAK9325008.1	CAK9325008.1
OG0015511	CAK9325009.1	CAK9325009.1
OG0015512	CAK9325010.1	CAK9325010.1
OG0015513	CAK9325011.1	CAK9325011.1
OG0015514	CAK9325012.1	CAK9325012.1
OG0015515	CAK9325013.1	CAK9325013.1
OG0015516	CAK9325014.1	CAK9325014.1
OG0015517	CAK9325015.1	CAK9325015.1
OG0015518	CAK9325016.1	CAK9325016.1
OG0015519	CAK9325017.1	CAK9325017.1
OG0015520	CAK9325018.1	CAK9325018.1
OG0015521	CAK9325019.1	CAK9325019.1
OG0015522	CAK9325020.1	CAK9325020.1
OG0015523	CAK9325021.1	CAK9325021.1
OG0015524	CAK9325022.1	CAK9325022.1
OG0015525	CAK9325023.1	CAK9325023.1
OG0015526	CAK9325024.1	CAK9325024.1
OG0015527	CAK9325025.1	CAK9325025.1
OG0015528	CAK9325026.1	CAK9325026.1
OG0015529	CAK9325027.1	CAK9325027.1
OG0015530	CAK9325028.1	CAK9325028.1
OG0015531	CAK9325030.1	CAK9325030.1
OG0015532	CAK9325031.1	CAK9325031.1
OG0015533	CAK9325032.1	CAK9325032.1
OG0015534	CAK9325033.1	CAK9325033.1
OG0015535	CAK9325034.1	CAK9325034.1
OG0015536	CAK9325035.1	CAK9325035.1
OG0015537	CAK9325036.1	CAK9325036.1
OG0015538	CAK9325038.1	CAK9325038.1
OG0015539	CAK9325039.1	CAK9325039.1
OG0015540	CAK9325040.1	CAK9325040.1
OG0015541	CAK9325041.1	CAK9325041.1
OG0015542	CAK9325042.1	CAK9325042.1
OG0015543	CAK9325044.1	CAK9325044.1
OG0015544	CAK9325045.1	CAK9325045.1
OG0015545	CAK9325046.1	CAK9325046.1
OG0015546	CAK9325047.1	CAK9325047.1
OG0015547	CAK9325050.1	CAK9325050.1
OG0015548	CAK9325051.1	CAK9325051.1
OG0015549	CAK9325052.1	CAK9325052.1
OG0015550	CAK9325053.1	CAK9325053.1
OG0015551	CAK9325054.1	CAK9325054.1
OG0015552	CAK9325055.1	CAK9325055.1
OG0015553	CAK9325056.1	CAK9325056.1
OG0015554	CAK9325057.1	CAK9325057.1
OG0015555	CAK9325058.1	CAK9325058.1
OG0015556	CAK9325059.1	CAK9325059.1
OG0015557	CAK9325060.1	CAK9325060.1
OG0015558	CAK9325061.1	CAK9325061.1
OG0015559	CAK9325062.1	CAK9325062.1
OG0015560	CAK9325064.1	CAK9325064.1
OG0015561	CAK9325065.1	CAK9325065.1
OG0015562	CAK9325066.1	CAK9325066.1
OG0015563	CAK9325067.1	CAK9325067.1
OG0015564	CAK9325068.1	CAK9325068.1
OG0015565	CAK9325069.1	CAK9325069.1
OG0015566	CAK9325070.1	CAK9325070.1
OG0015567	CAK9325071.1	CAK9325071.1
OG0015568	CAK9325072.1	CAK9325072.1
OG0015569	CAK9325073.1	CAK9325073.1
OG0015570	CAK9325074.1	CAK9325074.1
OG0015571	CAK9325075.1	CAK9325075.1
OG0015572	CAK9325077.1	CAK9325077.1
OG0015573	CAK9325078.1	CAK9325078.1
OG0015574	CAK9325079.1	CAK9325079.1
OG0015575	CAK9325080.1	CAK9325080.1
OG0015576	CAK9325081.1	CAK9325081.1
OG0015577	CAK9325082.1	CAK9325082.1
OG0015578	CAK9325083.1	CAK9325083.1
OG0015579	CAK9325084.1	CAK9325084.1
OG0015580	CAK9325085.1	CAK9325085.1
OG0015581	CAK9325086.1	CAK9325086.1
OG0015582	CAK9325087.1	CAK9325087.1
OG0015583	CAK9325088.1	CAK9325088.1
OG0015584	CAK9325089.1	CAK9325089.1
OG0015585	CAK9325090.1	CAK9325090.1
OG0015586	CAK9325091.1	CAK9325091.1
OG0015587	CAK9325092.1	CAK9325092.1
OG0015588	CAK9325093.1	CAK9325093.1
OG0015589	CAK9325094.1	CAK9325094.1
OG0015590	CAK9325095.1	CAK9325095.1
OG0015591	CAK9325096.1	CAK9325096.1
OG0015592	CAK9325097.1	CAK9325097.1
OG0015593	CAK9325098.1	CAK9325098.1
OG0015594	CAK9325100.1	CAK9325100.1
OG0015595	CAK9325101.1	CAK9325101.1
OG0015596	CAK9325102.1	CAK9325102.1
OG0015597	CAK9325103.1	CAK9325103.1
OG0015598	CAK9325104.1	CAK9325104.1
OG0015599	CAK9325105.1	CAK9325105.1
OG0015600	CAK9325106.1	CAK9325106.1
OG0015601	CAK9325107.1	CAK9325107.1
OG0015602	CAK9325108.1	CAK9325108.1
OG0015603	CAK9325109.1	CAK9325109.1
OG0015604	CAK9325110.1	CAK9325110.1
OG0015605	CAK9325111.1	CAK9325111.1
OG0015606	CAK9325112.1	CAK9325112.1
OG0015607	CAK9325113.1	CAK9325113.1
OG0015608	CAK9325114.1	CAK9325114.1
OG0015609	CAK9325115.1	CAK9325115.1
OG0015610	CAK9325116.1	CAK9325116.1
OG0015611	CAK9325117.1	CAK9325117.1
OG0015612	CAK9325118.1	CAK9325118.1
OG0015613	CAK9325119.1	CAK9325119.1
OG0015614	CAK9325120.1	CAK9325120.1
OG0015615	CAK9325121.1	CAK9325121.1
OG0015616	CAK9325122.1	CAK9325122.1
OG0015617	CAK9325123.1	CAK9325123.1
OG0015618	CAK9325124.1	CAK9325124.1
OG0015619	CAK9325126.1	CAK9325126.1
OG0015620	CAK9325127.1	CAK9325127.1
OG0015621	CAK9325130.1	CAK9325130.1
OG0015622	CAK9325131.1	CAK9325131.1
OG0015623	CAK9325132.1	CAK9325132.1
OG0015624	CAK9325133.1	CAK9325133.1
OG0015625	CAK9325136.1	CAK9325136.1
OG0015626	CAK9325137.1	CAK9325137.1
OG0015627	CAK9325138.1	CAK9325138.1
OG0015628	CAK9325139.1	CAK9325139.1
OG0015629	CAK9325141.1	CAK9325141.1
OG0015630	CAK9325142.1	CAK9325142.1
OG0015631	CAK9325143.1	CAK9325143.1
OG0015632	CAK9325144.1	CAK9325144.1
OG0015633	CAK9325145.1	CAK9325145.1
OG0015634	CAK9325146.1	CAK9325146.1
OG0015635	CAK9325147.1	CAK9325147.1
OG0015636	CAK9325148.1	CAK9325148.1
OG0015637	CAK9325149.1	CAK9325149.1
OG0015638	CAK9325150.1	CAK9325150.1
OG0015639	CAK9325151.1	CAK9325151.1
OG0015640	CAK9325152.1	CAK9325152.1
OG0015641	CAK9325153.1	CAK9325153.1
OG0015642	CAK9325154.1	CAK9325154.1
OG0015643	CAK9325155.1	CAK9325155.1
OG0015644	CAK9325156.1	CAK9325156.1
OG0015645	CAK9325157.1	CAK9325157.1
OG0015646	CAK9325158.1	CAK9325158.1
OG0015647	CAK9325159.1	CAK9325159.1
OG0015648	CAK9325160.1	CAK9325160.1
OG0015649	CAK9325161.1	CAK9325161.1
OG0015650	CAK9325162.1	CAK9325162.1
OG0015651	CAK9325163.1	CAK9325163.1
OG0015652	CAK9325164.1	CAK9325164.1
OG0015653	CAK9325165.1	CAK9325165.1
OG0015654	CAK9325166.1	CAK9325166.1
OG0015655	CAK9325167.1	CAK9325167.1
OG0015656	CAK9325170.1	CAK9325170.1
OG0015657	CAK9325171.1	CAK9325171.1
OG0015658	CAK9325172.1	CAK9325172.1
OG0015659	CAK9325173.1	CAK9325173.1
OG0015660	CAK9325174.1	CAK9325174.1
OG0015661	CAK9325175.1	CAK9325175.1
OG0015662	CAK9325176.1	CAK9325176.1
OG0015663	CAK9325177.1	CAK9325177.1
OG0015664	CAK9325178.1	CAK9325178.1
OG0015665	CAK9325180.1	CAK9325180.1
OG0015666	CAK9325182.1	CAK9325182.1
OG0015667	CAK9325183.1	CAK9325183.1
OG0015668	CAK9325184.1	CAK9325184.1
OG0015669	CAK9325185.1	CAK9325185.1
OG0015670	CAK9325186.1	CAK9325186.1
OG0015671	CAK9325188.1	CAK9325188.1
OG0015672	CAK9325189.1	CAK9325189.1
OG0015673	CAK9325190.1	CAK9325190.1
OG0015674	CAK9325191.1	CAK9325191.1
OG0015675	CAK9325192.1	CAK9325192.1
OG0015676	CAK9325193.1	CAK9325193.1
OG0015677	CAK9325194.1	CAK9325194.1
OG0015678	CAK9325195.1	CAK9325195.1
OG0015679	CAK9325196.1	CAK9325196.1
OG0015680	CAK9325197.1	CAK9325197.1
OG0015681	CAK9325198.1	CAK9325198.1
OG0015682	CAK9325200.1	CAK9325200.1
OG0015683	CAK9325201.1	CAK9325201.1
OG0015684	CAK9325202.1	CAK9325202.1
OG0015685	CAK9325203.1	CAK9325203.1
OG0015686	CAK9325204.1	CAK9325204.1
OG0015687	CAK9325205.1	CAK9325205.1
OG0015688	CAK9325206.1	CAK9325206.1
OG0015689	CAK9325207.1	CAK9325207.1
OG0015690	CAK9325208.1	CAK9325208.1
OG0015691	CAK9325209.1	CAK9325209.1
OG0015692	CAK9325210.1	CAK9325210.1
OG0015693	CAK9325211.1	CAK9325211.1
OG0015694	CAK9325212.1	CAK9325212.1
OG0015695	CAK9325213.1	CAK9325213.1
OG0015696	CAK9325214.1	CAK9325214.1
OG0015697	CAK9325215.1	CAK9325215.1
OG0015698	CAK9325216.1	CAK9325216.1
OG0015699	CAK9325217.1	CAK9325217.1
OG0015700	CAK9325218.1	CAK9325218.1
OG0015701	CAK9325219.1	CAK9325219.1
OG0015702	CAK9325220.1	CAK9325220.1
OG0015703	CAK9325221.1	CAK9325221.1
OG0015704	CAK9325222.1	CAK9325222.1
OG0015705	CAK9325223.1	CAK9325223.1
OG0015706	CAK9325224.1	CAK9325224.1
OG0015707	CAK9325225.1	CAK9325225.1
OG0015708	CAK9325226.1	CAK9325226.1
OG0015709	CAK9325227.1	CAK9325227.1
OG0015710	CAK9325228.1	CAK9325228.1
OG0015711	CAK9325229.1	CAK9325229.1
OG0015712	CAK9325230.1	CAK9325230.1
OG0015713	CAK9325231.1	CAK9325231.1
OG0015714	CAK9325233.1	CAK9325233.1
OG0015715	CAK9325235.1	CAK9325235.1
OG0015716	CAK9325236.1	CAK9325236.1
OG0015717	CAK9325238.1	CAK9325238.1
OG0015718	CAK9325239.1	CAK9325239.1
OG0015719	CAK9325240.1	CAK9325240.1
OG0015720	CAK9325241.1	CAK9325241.1
OG0015721	CAK9325242.1	CAK9325242.1
OG0015722	CAK9325243.1	CAK9325243.1
OG0015723	CAK9325244.1	CAK9325244.1
OG0015724	CAK9325245.1	CAK9325245.1
OG0015725	CAK9325246.1	CAK9325246.1
OG0015726	CAK9325247.1	CAK9325247.1
OG0015727	CAK9325248.1	CAK9325248.1
OG0015728	CAK9325250.1	CAK9325250.1
OG0015729	CAK9325251.1	CAK9325251.1
OG0015730	CAK9325252.1	CAK9325252.1
OG0015731	CAK9325253.1	CAK9325253.1
OG0015732	CAK9325254.1	CAK9325254.1
OG0015733	CAK9325255.1	CAK9325255.1
OG0015734	CAK9325256.1	CAK9325256.1
OG0015735	CAK9325257.1	CAK9325257.1
OG0015736	CAK9325258.1	CAK9325258.1
OG0015737	CAK9325259.1	CAK9325259.1
OG0015738	CAK9325261.1	CAK9325261.1
OG0015739	CAK9325262.1	CAK9325262.1
OG0015740	CAK9325264.1	CAK9325264.1
OG0015741	CAK9325265.1	CAK9325265.1
OG0015742	CAK9325266.1	CAK9325266.1
OG0015743	CAK9325267.1	CAK9325267.1
OG0015744	CAK9325268.1	CAK9325268.1
OG0015745	CAK9325269.1	CAK9325269.1
OG0015746	CAK9325270.1	CAK9325270.1
OG0015747	CAK9325271.1	CAK9325271.1
OG0015748	CAK9325272.1	CAK9325272.1
OG0015749	CAK9325273.1	CAK9325273.1
OG0015750	CAK9325274.1	CAK9325274.1
OG0015751	CAK9325275.1	CAK9325275.1
OG0015752	CAK9325276.1	CAK9325276.1
OG0015753	CAK9325277.1	CAK9325277.1
OG0015754	CAK9325278.1	CAK9325278.1
OG0015755	CAK9325279.1	CAK9325279.1
OG0015756	CAK9325280.1	CAK9325280.1
OG0015757	CAK9325282.1	CAK9325282.1
OG0015758	CAK9325283.1	CAK9325283.1
OG0015759	CAK9325284.1	CAK9325284.1
OG0015760	CAK9325285.1	CAK9325285.1
OG0015761	CAK9325286.1	CAK9325286.1
OG0015762	CAK9325287.1	CAK9325287.1
OG0015763	CAK9325288.1	CAK9325288.1
OG0015764	CAK9325289.1	CAK9325289.1
OG0015765	CAK9325290.1	CAK9325290.1
OG0015766	CAK9325291.1	CAK9325291.1
OG0015767	CAK9325292.1	CAK9325292.1
OG0015768	CAK9325293.1	CAK9325293.1
OG0015769	CAK9325294.1	CAK9325294.1
OG0015770	CAK9325295.1	CAK9325295.1
OG0015771	CAK9325299.1	CAK9325299.1
OG0015772	CAK9325300.1	CAK9325300.1
OG0015773	CAK9325301.1	CAK9325301.1
OG0015774	CAK9325302.1	CAK9325302.1
OG0015775	CAK9325303.1	CAK9325303.1
OG0015776	CAK9325304.1	CAK9325304.1
OG0015777	CAK9325305.1	CAK9325305.1
OG0015778	CAK9325306.1	CAK9325306.1
OG0015779	CAK9325307.1	CAK9325307.1
OG0015780	CAK9325309.1	CAK9325309.1
OG0015781	CAK9325310.1	CAK9325310.1
OG0015782	CAK9325311.1	CAK9325311.1
OG0015783	CAK9325312.1	CAK9325312.1
OG0015784	CAK9325313.1	CAK9325313.1
OG0015785	CAK9325314.1	CAK9325314.1
OG0015786	CAK9325315.1	CAK9325315.1
OG0015787	CAK9325316.1	CAK9325316.1
OG0015788	CAK9325317.1	CAK9325317.1
OG0015789	CAK9325318.1	CAK9325318.1
OG0015790	CAK9325319.1	CAK9325319.1
OG0015791	CAK9325320.1	CAK9325320.1
OG0015792	CAK9325321.1	CAK9325321.1
OG0015793	CAK9325322.1	CAK9325322.1
OG0015794	CAK9325323.1	CAK9325323.1
OG0015795	CAK9325324.1	CAK9325324.1
OG0015796	CAK9325325.1	CAK9325325.1
OG0015797	CAK9325328.1	CAK9325328.1
OG0015798	CAK9325329.1	CAK9325329.1
OG0015799	CAK9325330.1	CAK9325330.1
OG0015800	CAK9325331.1	CAK9325331.1
OG0015801	CAK9325332.1	CAK9325332.1
OG0015802	CAK9325333.1	CAK9325333.1
OG0015803	CAK9325334.1	CAK9325334.1
OG0015804	CAK9325335.1	CAK9325335.1
OG0015805	CAK9325336.1	CAK9325336.1
OG0015806	CAK9325337.1	CAK9325337.1
OG0015807	CAK9325338.1	CAK9325338.1
OG0015808	CAK9325340.1	CAK9325340.1
OG0015809	CAK9325341.1	CAK9325341.1
OG0015810	CAK9325343.1	CAK9325343.1
OG0015811	CAK9325344.1	CAK9325344.1
OG0015812	CAK9325345.1	CAK9325345.1
OG0015813	CAK9325346.1	CAK9325346.1
OG0015814	CAK9325349.1	CAK9325349.1
OG0015815	CAK9325350.1	CAK9325350.1
OG0015816	CAK9325351.1	CAK9325351.1
OG0015817	CAK9325352.1	CAK9325352.1
OG0015818	CAK9325353.1	CAK9325353.1
OG0015819	CAK9325354.1	CAK9325354.1
OG0015820	CAK9325355.1	CAK9325355.1
OG0015821	CAK9325357.1	CAK9325357.1
OG0015822	CAK9325358.1	CAK9325358.1
OG0015823	CAK9325359.1	CAK9325359.1
OG0015824	CAK9325360.1	CAK9325360.1
OG0015825	CAK9325361.1	CAK9325361.1
OG0015826	CAK9325362.1	CAK9325362.1
OG0015827	CAK9325363.1	CAK9325363.1
OG0015828	CAK9325364.1	CAK9325364.1
OG0015829	CAK9325365.1	CAK9325365.1
OG0015830	CAK9325366.1	CAK9325366.1
OG0015831	CAK9325367.1	CAK9325367.1
OG0015832	CAK9325368.1	CAK9325368.1
OG0015833	CAK9325369.1	CAK9325369.1
OG0015834	CAK9325370.1	CAK9325370.1
OG0015835	CAK9325371.1	CAK9325371.1
OG0015836	CAK9325372.1	CAK9325372.1
OG0015837	CAK9325373.1	CAK9325373.1
OG0015838	CAK9325374.1	CAK9325374.1
OG0015839	CAK9325375.1	CAK9325375.1
OG0015840	CAK9325376.1	CAK9325376.1
OG0015841	CAK9325377.1	CAK9325377.1
OG0015842	CAK9325378.1	CAK9325378.1
OG0015843	CAK9325379.1	CAK9325379.1
OG0015844	CAK9325380.1	CAK9325380.1
OG0015845	CAK9325381.1	CAK9325381.1
OG0015846	CAK9325382.1	CAK9325382.1
OG0015847	CAK9325383.1	CAK9325383.1
OG0015848	CAK9325384.1	CAK9325384.1
OG0015849	CAK9325385.1	CAK9325385.1
OG0015850	CAK9325386.1	CAK9325386.1
OG0015851	CAK9325387.1	CAK9325387.1
OG0015852	CAK9325388.1	CAK9325388.1
OG0015853	CAK9325389.1	CAK9325389.1
OG0015854	CAK9325390.1	CAK9325390.1
OG0015855	CAK9325391.1	CAK9325391.1
OG0015856	CAK9325392.1	CAK9325392.1
OG0015857	CAK9325393.1	CAK9325393.1
OG0015858	CAK9325394.1	CAK9325394.1
OG0015859	CAK9325395.1	CAK9325395.1
OG0015860	CAK9325396.1	CAK9325396.1
OG0015861	CAK9325397.1	CAK9325397.1
OG0015862	CAK9325398.1	CAK9325398.1
OG0015863	CAK9325399.1	CAK9325399.1
OG0015864	CAK9325400.1	CAK9325400.1
OG0015865	CAK9325401.1	CAK9325401.1
OG0015866	CAK9325402.1	CAK9325402.1
OG0015867	CAK9325403.1	CAK9325403.1
OG0015868	CAK9325404.1	CAK9325404.1
OG0015869	CAK9325405.1	CAK9325405.1
OG0015870	CAK9325406.1	CAK9325406.1
OG0015871	CAK9325407.1	CAK9325407.1
OG0015872	CAK9325408.1	CAK9325408.1
OG0015873	CAK9325409.1	CAK9325409.1
OG0015874	CAK9325410.1	CAK9325410.1
OG0015875	CAK9325411.1	CAK9325411.1
OG0015876	CAK9325413.1	CAK9325413.1
OG0015877	CAK9325414.1	CAK9325414.1
OG0015878	CAK9325415.1	CAK9325415.1
OG0015879	CAK9325416.1	CAK9325416.1
OG0015880	CAK9325417.1	CAK9325417.1
OG0015881	CAK9325418.1	CAK9325418.1
OG0015882	CAK9325419.1	CAK9325419.1
OG0015883	CAK9325422.1	CAK9325422.1
OG0015884	CAK9325425.1	CAK9325425.1
OG0015885	CAK9325426.1	CAK9325426.1
OG0015886	CAK9325427.1	CAK9325427.1
OG0015887	CAK9325428.1	CAK9325428.1
OG0015888	CAK9325429.1	CAK9325429.1
OG0015889	CAK9325430.1	CAK9325430.1
OG0015890	CAK9325431.1	CAK9325431.1
OG0015891	CAK9325432.1	CAK9325432.1
OG0015892	CAK9325433.1	CAK9325433.1
OG0015893	CAK9325434.1	CAK9325434.1
OG0015894	CAK9325435.1	CAK9325435.1
OG0015895	CAK9325437.1	CAK9325437.1
OG0015896	CAK9325438.1	CAK9325438.1
OG0015897	CAK9325439.1	CAK9325439.1
OG0015898	CAK9325440.1	CAK9325440.1
OG0015899	CAK9325441.1	CAK9325441.1
OG0015900	CAK9325442.1	CAK9325442.1
OG0015901	CAK9325443.1	CAK9325443.1
OG0015902	CAK9325444.1	CAK9325444.1
OG0015903	CAK9325445.1	CAK9325445.1
OG0015904	CAK9325446.1	CAK9325446.1
OG0015905	CAK9325447.1	CAK9325447.1
OG0015906	CAK9325448.1	CAK9325448.1
OG0015907	CAK9325449.1	CAK9325449.1
OG0015908	CAK9325450.1	CAK9325450.1
OG0015909	CAK9325451.1	CAK9325451.1
OG0015910	CAK9325452.1	CAK9325452.1
OG0015911	CAK9325453.1	CAK9325453.1
OG0015912	CAK9325455.1	CAK9325455.1
OG0015913	CAK9325456.1	CAK9325456.1
OG0015914	CAK9325457.1	CAK9325457.1
OG0015915	CAK9325458.1	CAK9325458.1
OG0015916	CAK9325461.1	CAK9325461.1
OG0015917	CAK9325462.1	CAK9325462.1
OG0015918	CAK9325463.1	CAK9325463.1
OG0015919	CAK9325464.1	CAK9325464.1
OG0015920	CAK9325465.1	CAK9325465.1
OG0015921	CAK9325466.1	CAK9325466.1
OG0015922	CAK9325467.1	CAK9325467.1
OG0015923	CAK9325468.1	CAK9325468.1
OG0015924	CAK9325469.1	CAK9325469.1
OG0015925	CAK9325470.1	CAK9325470.1
OG0015926	CAK9325472.1	CAK9325472.1
OG0015927	CAK9325474.1	CAK9325474.1
OG0015928	CAK9325475.1	CAK9325475.1
OG0015929	CAK9325477.1	CAK9325477.1
OG0015930	CAK9325478.1	CAK9325478.1
OG0015931	CAK9325479.1	CAK9325479.1
OG0015932	CAK9325481.1	CAK9325481.1
OG0015933	CAK9325482.1	CAK9325482.1
OG0015934	CAK9325483.1	CAK9325483.1
OG0015935	CAK9325484.1	CAK9325484.1
OG0015936	CAK9325485.1	CAK9325485.1
OG0015937	CAK9325486.1	CAK9325486.1
OG0015938	CAK9325487.1	CAK9325487.1
OG0015939	CAK9325488.1	CAK9325488.1
OG0015940	CAK9325489.1	CAK9325489.1
OG0015941	CAK9325490.1	CAK9325490.1
OG0015942	CAK9325491.1	CAK9325491.1
OG0015943	CAK9325492.1	CAK9325492.1
OG0015944	CAK9325493.1	CAK9325493.1
OG0015945	CAK9325494.1	CAK9325494.1
OG0015946	CAK9325495.1	CAK9325495.1
OG0015947	CAK9325496.1	CAK9325496.1
OG0015948	CAK9325497.1	CAK9325497.1
OG0015949	CAK9325498.1	CAK9325498.1
OG0015950	CAK9325499.1	CAK9325499.1
OG0015951	CAK9325500.1	CAK9325500.1
OG0015952	CAK9325501.1	CAK9325501.1
OG0015953	CAK9325502.1	CAK9325502.1
OG0015954	CAK9325503.1	CAK9325503.1
OG0015955	CAK9325505.1	CAK9325505.1
OG0015956	CAK9325506.1	CAK9325506.1
OG0015957	CAK9325507.1	CAK9325507.1
OG0015958	CAK9325508.1	CAK9325508.1
OG0015959	CAK9325509.1	CAK9325509.1
OG0015960	CAK9325510.1	CAK9325510.1
OG0015961	CAK9325511.1	CAK9325511.1
OG0015962	CAK9325512.1	CAK9325512.1
OG0015963	CAK9325513.1	CAK9325513.1
OG0015964	CAK9325514.1	CAK9325514.1
OG0015965	CAK9325515.1	CAK9325515.1
OG0015966	CAK9325516.1	CAK9325516.1
OG0015967	CAK9325517.1	CAK9325517.1
OG0015968	CAK9325518.1	CAK9325518.1
OG0015969	CAK9325519.1	CAK9325519.1
OG0015970	CAK9325520.1	CAK9325520.1
OG0015971	CAK9325521.1	CAK9325521.1
OG0015972	CAK9325522.1	CAK9325522.1
OG0015973	CAK9325523.1	CAK9325523.1
OG0015974	CAK9325524.1	CAK9325524.1
OG0015975	CAK9325525.1	CAK9325525.1
OG0015976	CAK9325526.1	CAK9325526.1
OG0015977	CAK9325527.1	CAK9325527.1
OG0015978	CAK9325528.1	CAK9325528.1
OG0015979	CAK9325530.1	CAK9325530.1
OG0015980	CAK9325531.1	CAK9325531.1
OG0015981	CAK9325532.1	CAK9325532.1
OG0015982	CAK9325533.1	CAK9325533.1
OG0015983	CAK9325534.1	CAK9325534.1
OG0015984	CAK9325535.1	CAK9325535.1
OG0015985	CAK9325536.1	CAK9325536.1
OG0015986	CAK9325539.1	CAK9325539.1
OG0015987	CAK9325540.1	CAK9325540.1
OG0015988	CAK9325542.1	CAK9325542.1
OG0015989	CAK9325543.1	CAK9325543.1
OG0015990	CAK9325545.1	CAK9325545.1
OG0015991	CAK9325546.1	CAK9325546.1
OG0015992	CAK9325547.1	CAK9325547.1
OG0015993	CAK9325548.1	CAK9325548.1
OG0015994	CAK9325549.1	CAK9325549.1
OG0015995	CAK9325550.1	CAK9325550.1
OG0015996	CAK9325551.1	CAK9325551.1
OG0015997	CAK9325552.1	CAK9325552.1
OG0015998	CAK9325553.1	CAK9325553.1
OG0015999	CAK9325554.1	CAK9325554.1
OG0016000	CAK9325555.1	CAK9325555.1
OG0016001	CAK9325556.1	CAK9325556.1
OG0016002	CAK9325558.1	CAK9325558.1
OG0016003	CAK9325559.1	CAK9325559.1
OG0016004	CAK9325560.1	CAK9325560.1
OG0016005	CAK9325561.1	CAK9325561.1
OG0016006	CAK9325562.1	CAK9325562.1
OG0016007	CAK9325563.1	CAK9325563.1
OG0016008	CAK9325564.1	CAK9325564.1
OG0016009	CAK9325565.1	CAK9325565.1
OG0016010	CAK9325566.1	CAK9325566.1
OG0016011	CAK9325567.1	CAK9325567.1
OG0016012	CAK9325569.1	CAK9325569.1
OG0016013	CAK9325571.1	CAK9325571.1
OG0016014	CAK9325572.1	CAK9325572.1
OG0016015	CAK9325574.1	CAK9325574.1
OG0016016	CAK9325575.1	CAK9325575.1
OG0016017	CAK9325576.1	CAK9325576.1
OG0016018	CAK9325577.1	CAK9325577.1
OG0016019	CAK9325578.1	CAK9325578.1
OG0016020	CAK9325579.1	CAK9325579.1
OG0016021	CAK9325580.1	CAK9325580.1
OG0016022	CAK9325581.1	CAK9325581.1
OG0016023	CAK9325582.1	CAK9325582.1
OG0016024	CAK9325583.1	CAK9325583.1
OG0016025	CAK9325584.1	CAK9325584.1
OG0016026	CAK9325585.1	CAK9325585.1
OG0016027	CAK9325586.1	CAK9325586.1
OG0016028	CAK9325587.1	CAK9325587.1
OG0016029	CAK9325589.1	CAK9325589.1
OG0016030	CAK9325590.1	CAK9325590.1
OG0016031	CAK9325591.1	CAK9325591.1
OG0016032	CAK9325593.1	CAK9325593.1
OG0016033	CAK9325595.1	CAK9325595.1
OG0016034	CAK9325598.1	CAK9325598.1
OG0016035	CAK9325599.1	CAK9325599.1
OG0016036	CAK9325600.1	CAK9325600.1
OG0016037	CAK9325601.1	CAK9325601.1
OG0016038	CAK9325602.1	CAK9325602.1
OG0016039	CAK9325605.1	CAK9325605.1
OG0016040	CAK9325606.1	CAK9325606.1
OG0016041	CAK9325607.1	CAK9325607.1
OG0016042	CAK9325608.1	CAK9325608.1
OG0016043	CAK9325609.1	CAK9325609.1
OG0016044	CAK9325610.1	CAK9325610.1
OG0016045	CAK9325611.1	CAK9325611.1
OG0016046	CAK9325612.1	CAK9325612.1
OG0016047	CAK9325613.1	CAK9325613.1
OG0016048	CAK9325614.1	CAK9325614.1
OG0016049	CAK9325615.1	CAK9325615.1
OG0016050	CAK9325616.1	CAK9325616.1
OG0016051	CAK9325617.1	CAK9325617.1
OG0016052	CAK9325618.1	CAK9325618.1
OG0016053	CAK9325619.1	CAK9325619.1
OG0016054	CAK9325620.1	CAK9325620.1
OG0016055	CAK9325621.1	CAK9325621.1
OG0016056	CAK9325622.1	CAK9325622.1
OG0016057	CAK9325623.1	CAK9325623.1
OG0016058	CAK9325624.1	CAK9325624.1
OG0016059	CAK9325625.1	CAK9325625.1
OG0016060	CAK9325626.1	CAK9325626.1
OG0016061	CAK9325629.1	CAK9325629.1
OG0016062	CAK9325630.1	CAK9325630.1
OG0016063	CAK9325631.1	CAK9325631.1
OG0016064	CAK9325632.1	CAK9325632.1
OG0016065	CAK9325633.1	CAK9325633.1
OG0016066	CAK9325634.1	CAK9325634.1
OG0016067	CAK9325635.1	CAK9325635.1
OG0016068	CAK9325636.1	CAK9325636.1
OG0016069	CAK9325637.1	CAK9325637.1
OG0016070	CAK9325640.1	CAK9325640.1
OG0016071	CAK9325643.1	CAK9325643.1
OG0016072	CAK9325644.1	CAK9325644.1
OG0016073	CAK9325645.1	CAK9325645.1
OG0016074	CAK9325646.1	CAK9325646.1
OG0016075	CAK9325647.1	CAK9325647.1
OG0016076	CAK9325648.1	CAK9325648.1
OG0016077	CAK9325649.1	CAK9325649.1
OG0016078	CAK9325650.1	CAK9325650.1
OG0016079	CAK9325651.1	CAK9325651.1
OG0016080	CAK9325652.1	CAK9325652.1
OG0016081	CAK9325653.1	CAK9325653.1
OG0016082	CAK9325654.1	CAK9325654.1
OG0016083	CAK9325655.1	CAK9325655.1
OG0016084	CAK9325656.1	CAK9325656.1
OG0016085	CAK9325657.1	CAK9325657.1
OG0016086	CAK9325658.1	CAK9325658.1
OG0016087	CAK9325659.1	CAK9325659.1
OG0016088	CAK9325660.1	CAK9325660.1
OG0016089	CAK9325662.1	CAK9325662.1
OG0016090	CAK9325663.1	CAK9325663.1
OG0016091	CAK9325664.1	CAK9325664.1
OG0016092	CAK9325666.1	CAK9325666.1
OG0016093	CAK9325667.1	CAK9325667.1
OG0016094	CAK9325668.1	CAK9325668.1
OG0016095	CAK9325669.1	CAK9325669.1
OG0016096	CAK9325670.1	CAK9325670.1
OG0016097	CAK9325671.1	CAK9325671.1
OG0016098	CAK9325672.1	CAK9325672.1
OG0016099	CAK9325673.1	CAK9325673.1
OG0016100	CAK9325675.1	CAK9325675.1
OG0016101	CAK9325676.1	CAK9325676.1
OG0016102	CAK9325677.1	CAK9325677.1
OG0016103	CAK9325678.1	CAK9325678.1
OG0016104	CAK9325679.1	CAK9325679.1
OG0016105	CAK9325680.1	CAK9325680.1
OG0016106	CAK9325681.1	CAK9325681.1
OG0016107	CAK9325682.1	CAK9325682.1
OG0016108	CAK9325683.1	CAK9325683.1
OG0016109	CAK9325685.1	CAK9325685.1
OG0016110	CAK9325686.1	CAK9325686.1
OG0016111	CAK9325687.1	CAK9325687.1
OG0016112	CAK9325688.1	CAK9325688.1
OG0016113	CAK9325690.1	CAK9325690.1
OG0016114	CAK9325691.1	CAK9325691.1
OG0016115	CAK9325692.1	CAK9325692.1
OG0016116	CAK9325693.1	CAK9325693.1
OG0016117	CAK9325694.1	CAK9325694.1
OG0016118	CAK9325695.1	CAK9325695.1
OG0016119	CAK9325696.1	CAK9325696.1
OG0016120	CAK9325697.1	CAK9325697.1
OG0016121	CAK9325698.1	CAK9325698.1
OG0016122	CAK9325699.1	CAK9325699.1
OG0016123	CAK9325700.1	CAK9325700.1
OG0016124	CAK9325701.1	CAK9325701.1
OG0016125	CAK9325702.1	CAK9325702.1
OG0016126	CAK9325703.1	CAK9325703.1
OG0016127	CAK9325704.1	CAK9325704.1
OG0016128	CAK9325705.1	CAK9325705.1
OG0016129	CAK9325706.1	CAK9325706.1
OG0016130	CAK9325707.1	CAK9325707.1
OG0016131	CAK9325708.1	CAK9325708.1
OG0016132	CAK9325709.1	CAK9325709.1
OG0016133	CAK9325710.1	CAK9325710.1
OG0016134	CAK9325711.1	CAK9325711.1
OG0016135	CAK9325712.1	CAK9325712.1
OG0016136	CAK9325713.1	CAK9325713.1
OG0016137	CAK9325714.1	CAK9325714.1
OG0016138	CAK9325715.1	CAK9325715.1
OG0016139	CAK9325716.1	CAK9325716.1
OG0016140	CAK9325717.1	CAK9325717.1
OG0016141	CAK9325718.1	CAK9325718.1
OG0016142	CAK9325719.1	CAK9325719.1
OG0016143	CAK9325720.1	CAK9325720.1
OG0016144	CAK9325721.1	CAK9325721.1
OG0016145	CAK9325722.1	CAK9325722.1
OG0016146	CAK9325723.1	CAK9325723.1
OG0016147	CAK9325724.1	CAK9325724.1
OG0016148	CAK9325725.1	CAK9325725.1
OG0016149	CAK9325727.1	CAK9325727.1
OG0016150	CAK9325728.1	CAK9325728.1
OG0016151	CAK9325729.1	CAK9325729.1
OG0016152	CAK9325730.1	CAK9325730.1
OG0016153	CAK9325731.1	CAK9325731.1
OG0016154	CAK9325732.1	CAK9325732.1
OG0016155	CAK9325733.1	CAK9325733.1
OG0016156	CAK9325734.1	CAK9325734.1
OG0016157	CAK9325735.1	CAK9325735.1
OG0016158	CAK9325736.1	CAK9325736.1
OG0016159	CAK9325737.1	CAK9325737.1
OG0016160	CAK9325738.1	CAK9325738.1
OG0016161	CAK9325740.1	CAK9325740.1
OG0016162	CAK9325741.1	CAK9325741.1
OG0016163	CAK9325743.1	CAK9325743.1
OG0016164	CAK9325744.1	CAK9325744.1
OG0016165	CAK9325745.1	CAK9325745.1
OG0016166	CAK9325746.1	CAK9325746.1
OG0016167	CAK9325747.1	CAK9325747.1
OG0016168	CAK9325748.1	CAK9325748.1
OG0016169	CAK9325749.1	CAK9325749.1
OG0016170	CAK9325750.1	CAK9325750.1
OG0016171	CAK9325751.1	CAK9325751.1
OG0016172	CAK9325752.1	CAK9325752.1
OG0016173	CAK9325753.1	CAK9325753.1
OG0016174	CAK9325754.1	CAK9325754.1
OG0016175	CAK9325755.1	CAK9325755.1
OG0016176	CAK9325756.1	CAK9325756.1
OG0016177	CAK9325757.1	CAK9325757.1
OG0016178	CAK9325758.1	CAK9325758.1
OG0016179	CAK9325760.1	CAK9325760.1
OG0016180	CAK9325761.1	CAK9325761.1
OG0016181	CAK9325762.1	CAK9325762.1
OG0016182	CAK9325763.1	CAK9325763.1
OG0016183	CAK9325764.1	CAK9325764.1
OG0016184	CAK9325765.1	CAK9325765.1
OG0016185	CAK9325766.1	CAK9325766.1
OG0016186	CAK9325767.1	CAK9325767.1
OG0016187	CAK9325768.1	CAK9325768.1
OG0016188	CAK9325769.1	CAK9325769.1
OG0016189	CAK9325770.1	CAK9325770.1
OG0016190	CAK9325771.1	CAK9325771.1
OG0016191	CAK9325772.1	CAK9325772.1
OG0016192	CAK9325774.1	CAK9325774.1
OG0016193	CAK9325777.1	CAK9325777.1
OG0016194	CAK9325781.1	CAK9325781.1
OG0016195	CAK9325782.1	CAK9325782.1
OG0016196	CAK9325783.1	CAK9325783.1
OG0016197	CAK9325784.1	CAK9325784.1
OG0016198	CAK9325786.1	CAK9325786.1
OG0016199	CAK9325787.1	CAK9325787.1
OG0016200	CAK9325788.1	CAK9325788.1
OG0016201	CAK9325789.1	CAK9325789.1
OG0016202	CAK9325790.1	CAK9325790.1
OG0016203	CAK9325791.1	CAK9325791.1
OG0016204	CAK9325792.1	CAK9325792.1
OG0016205	CAK9325793.1	CAK9325793.1
OG0016206	CAK9325794.1	CAK9325794.1
OG0016207	CAK9325795.1	CAK9325795.1
OG0016208	CAK9325796.1	CAK9325796.1
OG0016209	CAK9325798.1	CAK9325798.1
OG0016210	CAK9325799.1	CAK9325799.1
OG0016211	CAK9325800.1	CAK9325800.1
OG0016212	CAK9325801.1	CAK9325801.1
OG0016213	CAK9325802.1	CAK9325802.1
OG0016214	CAK9325803.1	CAK9325803.1
OG0016215	CAK9325804.1	CAK9325804.1
OG0016216	CAK9325805.1	CAK9325805.1
OG0016217	CAK9325806.1	CAK9325806.1
OG0016218	CAK9325808.1	CAK9325808.1
OG0016219	CAK9325809.1	CAK9325809.1
OG0016220	CAK9325810.1	CAK9325810.1
OG0016221	CAK9325811.1	CAK9325811.1
OG0016222	CAK9325813.1	CAK9325813.1
OG0016223	CAK9325814.1	CAK9325814.1
OG0016224	CAK9325815.1	CAK9325815.1
OG0016225	CAK9325816.1	CAK9325816.1
OG0016226	CAK9325818.1	CAK9325818.1
OG0016227	CAK9325819.1	CAK9325819.1
OG0016228	CAK9325820.1	CAK9325820.1
OG0016229	CAK9325821.1	CAK9325821.1
OG0016230	CAK9325822.1	CAK9325822.1
OG0016231	CAK9325823.1	CAK9325823.1
OG0016232	CAK9325824.1	CAK9325824.1
OG0016233	CAK9325825.1	CAK9325825.1
OG0016234	CAK9325827.1	CAK9325827.1
OG0016235	CAK9325828.1	CAK9325828.1
OG0016236	CAK9325829.1	CAK9325829.1
OG0016237	CAK9325830.1	CAK9325830.1
OG0016238	CAK9325831.1	CAK9325831.1
OG0016239	CAK9325832.1	CAK9325832.1
OG0016240	CAK9325833.1	CAK9325833.1
OG0016241	CAK9325834.1	CAK9325834.1
OG0016242	CAK9325835.1	CAK9325835.1
OG0016243	CAK9325836.1	CAK9325836.1
OG0016244	CAK9325838.1	CAK9325838.1
OG0016245	CAK9325839.1	CAK9325839.1
OG0016246	CAK9325840.1	CAK9325840.1
OG0016247	CAK9325841.1	CAK9325841.1
OG0016248	CAK9325842.1	CAK9325842.1
OG0016249	CAK9325843.1	CAK9325843.1
OG0016250	CAK9325844.1	CAK9325844.1
OG0016251	CAK9325845.1	CAK9325845.1
OG0016252	CAK9325846.1	CAK9325846.1
OG0016253	CAK9325847.1	CAK9325847.1
OG0016254	CAK9325848.1	CAK9325848.1
OG0016255	CAK9325850.1	CAK9325850.1
OG0016256	CAK9325851.1	CAK9325851.1
OG0016257	CAK9325852.1	CAK9325852.1
OG0016258	CAK9325853.1	CAK9325853.1
OG0016259	CAK9325854.1	CAK9325854.1
OG0016260	CAK9325855.1	CAK9325855.1
OG0016261	CAK9325856.1	CAK9325856.1
OG0016262	CAK9325857.1	CAK9325857.1
OG0016263	CAK9325858.1	CAK9325858.1
OG0016264	CAK9325859.1	CAK9325859.1
OG0016265	CAK9325860.1	CAK9325860.1
OG0016266	CAK9325861.1	CAK9325861.1
OG0016267	CAK9325862.1	CAK9325862.1
OG0016268	CAK9325863.1	CAK9325863.1
OG0016269	CAK9325864.1	CAK9325864.1
OG0016270	CAK9325865.1	CAK9325865.1
OG0016271	CAK9325866.1	CAK9325866.1
OG0016272	CAK9325867.1	CAK9325867.1
OG0016273	CAK9325868.1	CAK9325868.1
OG0016274	CAK9325869.1	CAK9325869.1
OG0016275	CAK9325870.1	CAK9325870.1
OG0016276	CAK9325873.1	CAK9325873.1
OG0016277	CAK9325874.1	CAK9325874.1
OG0016278	CAK9325875.1	CAK9325875.1
OG0016279	CAK9325876.1	CAK9325876.1
OG0016280	CAK9325877.1	CAK9325877.1
OG0016281	CAK9325878.1	CAK9325878.1
OG0016282	CAK9325879.1	CAK9325879.1
OG0016283	CAK9325880.1	CAK9325880.1
OG0016284	CAK9325881.1	CAK9325881.1
OG0016285	CAK9325883.1	CAK9325883.1
OG0016286	CAK9325884.1	CAK9325884.1
OG0016287	CAK9325885.1	CAK9325885.1
OG0016288	CAK9325886.1	CAK9325886.1
OG0016289	CAK9325887.1	CAK9325887.1
OG0016290	CAK9325888.1	CAK9325888.1
OG0016291	CAK9325889.1	CAK9325889.1
OG0016292	CAK9325890.1	CAK9325890.1
OG0016293	CAK9325891.1	CAK9325891.1
OG0016294	CAK9325892.1	CAK9325892.1
OG0016295	CAK9325893.1	CAK9325893.1
OG0016296	CAK9325894.1	CAK9325894.1
OG0016297	CAK9325895.1	CAK9325895.1
OG0016298	CAK9325896.1	CAK9325896.1
OG0016299	CAK9325897.1	CAK9325897.1
OG0016300	CAK9325898.1	CAK9325898.1
OG0016301	CAK9325899.1	CAK9325899.1
OG0016302	CAK9325900.1	CAK9325900.1
OG0016303	CAK9325901.1	CAK9325901.1
OG0016304	CAK9325902.1	CAK9325902.1
OG0016305	CAK9325903.1	CAK9325903.1
OG0016306	CAK9325905.1	CAK9325905.1
OG0016307	CAK9325906.1	CAK9325906.1
OG0016308	CAK9325907.1	CAK9325907.1
OG0016309	CAK9325908.1	CAK9325908.1
OG0016310	CAK9325909.1	CAK9325909.1
OG0016311	CAK9325910.1	CAK9325910.1
OG0016312	CAK9325912.1	CAK9325912.1
OG0016313	CAK9325913.1	CAK9325913.1
OG0016314	CAK9325914.1	CAK9325914.1
OG0016315	CAK9325915.1	CAK9325915.1
OG0016316	CAK9325916.1	CAK9325916.1
OG0016317	CAK9325917.1	CAK9325917.1
OG0016318	CAK9325918.1	CAK9325918.1
OG0016319	CAK9325920.1	CAK9325920.1
OG0016320	CAK9325921.1	CAK9325921.1
OG0016321	CAK9325922.1	CAK9325922.1
OG0016322	CAK9325923.1	CAK9325923.1
OG0016323	CAK9325924.1	CAK9325924.1
OG0016324	CAK9325925.1	CAK9325925.1
OG0016325	CAK9325927.1	CAK9325927.1
OG0016326	CAK9325928.1	CAK9325928.1
OG0016327	CAK9325929.1	CAK9325929.1
OG0016328	CAK9325931.1	CAK9325931.1
OG0016329	CAK9325932.1	CAK9325932.1
OG0016330	CAK9325933.1	CAK9325933.1
OG0016331	CAK9325934.1	CAK9325934.1
OG0016332	CAK9325935.1	CAK9325935.1
OG0016333	CAK9325936.1	CAK9325936.1
OG0016334	CAK9325937.1	CAK9325937.1
OG0016335	CAK9325938.1	CAK9325938.1
OG0016336	CAK9325939.1	CAK9325939.1
OG0016337	CAK9325940.1	CAK9325940.1
OG0016338	CAK9325941.1	CAK9325941.1
OG0016339	CAK9325942.1	CAK9325942.1
OG0016340	CAK9325943.1	CAK9325943.1
OG0016341	CAK9325944.1	CAK9325944.1
OG0016342	CAK9325945.1	CAK9325945.1
OG0016343	CAK9325946.1	CAK9325946.1
OG0016344	CAK9325947.1	CAK9325947.1
OG0016345	CAK9325948.1	CAK9325948.1
OG0016346	CAK9325949.1	CAK9325949.1
OG0016347	CAK9325951.1	CAK9325951.1
OG0016348	CAK9325952.1	CAK9325952.1
OG0016349	CAK9325953.1	CAK9325953.1
OG0016350	CAK9325954.1	CAK9325954.1
OG0016351	CAK9325955.1	CAK9325955.1
OG0016352	CAK9325956.1	CAK9325956.1
OG0016353	CAK9325957.1	CAK9325957.1
OG0016354	CAK9325958.1	CAK9325958.1
OG0016355	CAK9325959.1	CAK9325959.1
OG0016356	CAK9325960.1	CAK9325960.1
OG0016357	CAK9325963.1	CAK9325963.1
OG0016358	CAK9325964.1	CAK9325964.1
OG0016359	CAK9325965.1	CAK9325965.1
OG0016360	CAK9325966.1	CAK9325966.1
OG0016361	CAK9325967.1	CAK9325967.1
OG0016362	CAK9325968.1	CAK9325968.1
OG0016363	CAK9325969.1	CAK9325969.1
OG0016364	CAK9325970.1	CAK9325970.1
OG0016365	CAK9325971.1	CAK9325971.1
OG0016366	CAK9325972.1	CAK9325972.1
OG0016367	CAK9325973.1	CAK9325973.1
OG0016368	CAK9325974.1	CAK9325974.1
OG0016369	CAK9325975.1	CAK9325975.1
OG0016370	CAK9325976.1	CAK9325976.1
OG0016371	CAK9325977.1	CAK9325977.1
OG0016372	CAK9325978.1	CAK9325978.1
OG0016373	CAK9325979.1	CAK9325979.1
OG0016374	CAK9325980.1	CAK9325980.1
OG0016375	CAK9325982.1	CAK9325982.1
OG0016376	CAK9325984.1	CAK9325984.1
OG0016377	CAK9325985.1	CAK9325985.1
OG0016378	CAK9325986.1	CAK9325986.1
OG0016379	CAK9325987.1	CAK9325987.1
OG0016380	CAK9325988.1	CAK9325988.1
OG0016381	CAK9325989.1	CAK9325989.1
OG0016382	CAK9325990.1	CAK9325990.1
OG0016383	CAK9325992.1	CAK9325992.1
OG0016384	CAK9325993.1	CAK9325993.1
OG0016385	CAK9325994.1	CAK9325994.1
OG0016386	CAK9325995.1	CAK9325995.1
OG0016387	CAK9325997.1	CAK9325997.1
OG0016388	CAK9325998.1	CAK9325998.1
OG0016389	CAK9326000.1	CAK9326000.1
OG0016390	CAK9326001.1	CAK9326001.1
OG0016391	CAK9326003.1	CAK9326003.1
OG0016392	CAK9326004.1	CAK9326004.1
OG0016393	CAK9326006.1	CAK9326006.1
OG0016394	CAK9326007.1	CAK9326007.1
OG0016395	CAK9326008.1	CAK9326008.1
OG0016396	CAK9326009.1	CAK9326009.1
OG0016397	CAK9326010.1	CAK9326010.1
OG0016398	CAK9326011.1	CAK9326011.1
OG0016399	CAK9326012.1	CAK9326012.1
OG0016400	CAK9326013.1	CAK9326013.1
OG0016401	CAK9326014.1	CAK9326014.1
OG0016402	CAK9326015.1	CAK9326015.1
OG0016403	CAK9326016.1	CAK9326016.1
OG0016404	CAK9326017.1	CAK9326017.1
OG0016405	CAK9326021.1	CAK9326021.1
OG0016406	CAK9326022.1	CAK9326022.1
OG0016407	CAK9326023.1	CAK9326023.1
OG0016408	CAK9326024.1	CAK9326024.1
OG0016409	CAK9326025.1	CAK9326025.1
OG0016410	CAK9326026.1	CAK9326026.1
OG0016411	CAK9326027.1	CAK9326027.1
OG0016412	CAK9326028.1	CAK9326028.1
OG0016413	CAK9326029.1	CAK9326029.1
OG0016414	CAK9326030.1	CAK9326030.1
OG0016415	CAK9326031.1	CAK9326031.1
OG0016416	CAK9326032.1	CAK9326032.1
OG0016417	CAK9326033.1	CAK9326033.1
OG0016418	CAK9326035.1	CAK9326035.1
OG0016419	CAK9326036.1	CAK9326036.1
OG0016420	CAK9326037.1	CAK9326037.1
OG0016421	CAK9326039.1	CAK9326039.1
OG0016422	CAK9326040.1	CAK9326040.1
OG0016423	CAK9326041.1	CAK9326041.1
OG0016424	CAK9326042.1	CAK9326042.1
OG0016425	CAK9326043.1	CAK9326043.1
OG0016426	CAK9326044.1	CAK9326044.1
OG0016427	CAK9326045.1	CAK9326045.1
OG0016428	CAK9326046.1	CAK9326046.1
OG0016429	CAK9326047.1	CAK9326047.1
OG0016430	CAK9326048.1	CAK9326048.1
OG0016431	CAK9326049.1	CAK9326049.1
OG0016432	CAK9326050.1	CAK9326050.1
OG0016433	CAK9326051.1	CAK9326051.1
OG0016434	CAK9326052.1	CAK9326052.1
OG0016435	CAK9326053.1	CAK9326053.1
OG0016436	CAK9326054.1	CAK9326054.1
OG0016437	CAK9326055.1	CAK9326055.1
OG0016438	CAK9326056.1	CAK9326056.1
OG0016439	CAK9326057.1	CAK9326057.1
OG0016440	CAK9326058.1	CAK9326058.1
OG0016441	CAK9326059.1	CAK9326059.1
OG0016442	CAK9326060.1	CAK9326060.1
OG0016443	CAK9326061.1	CAK9326061.1
OG0016444	CAK9326062.1	CAK9326062.1
OG0016445	CAK9326063.1	CAK9326063.1
OG0016446	CAK9326064.1	CAK9326064.1
OG0016447	CAK9326065.1	CAK9326065.1
OG0016448	CAK9326066.1	CAK9326066.1
OG0016449	CAK9326067.1	CAK9326067.1
OG0016450	CAK9326068.1	CAK9326068.1
OG0016451	CAK9326069.1	CAK9326069.1
OG0016452	CAK9326071.1	CAK9326071.1
OG0016453	CAK9326072.1	CAK9326072.1
OG0016454	CAK9326073.1	CAK9326073.1
OG0016455	CAK9326074.1	CAK9326074.1
OG0016456	CAK9326075.1	CAK9326075.1
OG0016457	CAK9326076.1	CAK9326076.1
OG0016458	CAK9326077.1	CAK9326077.1
OG0016459	CAK9326078.1	CAK9326078.1
OG0016460	CAK9326079.1	CAK9326079.1
OG0016461	CAK9326080.1	CAK9326080.1
OG0016462	CAK9326081.1	CAK9326081.1
OG0016463	CAK9326082.1	CAK9326082.1
OG0016464	CAK9326083.1	CAK9326083.1
OG0016465	CAK9326084.1	CAK9326084.1
OG0016466	CAK9326085.1	CAK9326085.1
OG0016467	CAK9326086.1	CAK9326086.1
OG0016468	CAK9326087.1	CAK9326087.1
OG0016469	CAK9326088.1	CAK9326088.1
OG0016470	CAK9326089.1	CAK9326089.1
OG0016471	CAK9326090.1	CAK9326090.1
OG0016472	CAK9326091.1	CAK9326091.1
OG0016473	CAK9326092.1	CAK9326092.1
OG0016474	CAK9326093.1	CAK9326093.1
OG0016475	CAK9326094.1	CAK9326094.1
OG0016476	CAK9326095.1	CAK9326095.1
OG0016477	CAK9326096.1	CAK9326096.1
OG0016478	CAK9326097.1	CAK9326097.1
OG0016479	CAK9326098.1	CAK9326098.1
OG0016480	CAK9326099.1	CAK9326099.1
OG0016481	CAK9326100.1	CAK9326100.1
OG0016482	CAK9326102.1	CAK9326102.1
OG0016483	CAK9326103.1	CAK9326103.1
OG0016484	CAK9326104.1	CAK9326104.1
OG0016485	CAK9326105.1	CAK9326105.1
OG0016486	CAK9326106.1	CAK9326106.1
OG0016487	CAK9326107.1	CAK9326107.1
OG0016488	CAK9326108.1	CAK9326108.1
OG0016489	CAK9326109.1	CAK9326109.1
OG0016490	CAK9326110.1	CAK9326110.1
OG0016491	CAK9326111.1	CAK9326111.1
OG0016492	CAK9326112.1	CAK9326112.1
OG0016493	CAK9326113.1	CAK9326113.1
OG0016494	CAK9326115.1	CAK9326115.1
OG0016495	CAK9326116.1	CAK9326116.1
OG0016496	CAK9326117.1	CAK9326117.1
OG0016497	CAK9326118.1	CAK9326118.1
OG0016498	CAK9326119.1	CAK9326119.1
OG0016499	CAK9326120.1	CAK9326120.1
OG0016500	CAK9326122.1	CAK9326122.1
OG0016501	CAK9326123.1	CAK9326123.1
OG0016502	CAK9326124.1	CAK9326124.1
OG0016503	CAK9326125.1	CAK9326125.1
OG0016504	CAK9326126.1	CAK9326126.1
OG0016505	CAK9326127.1	CAK9326127.1
OG0016506	CAK9326128.1	CAK9326128.1
OG0016507	CAK9326129.1	CAK9326129.1
OG0016508	CAK9326130.1	CAK9326130.1
OG0016509	CAK9326131.1	CAK9326131.1
OG0016510	CAK9326132.1	CAK9326132.1
OG0016511	CAK9326133.1	CAK9326133.1
OG0016512	CAK9326134.1	CAK9326134.1
OG0016513	CAK9326135.1	CAK9326135.1
OG0016514	CAK9326137.1	CAK9326137.1
OG0016515	CAK9326139.1	CAK9326139.1
OG0016516	CAK9326140.1	CAK9326140.1
OG0016517	CAK9326141.1	CAK9326141.1
OG0016518	CAK9326142.1	CAK9326142.1
OG0016519	CAK9326143.1	CAK9326143.1
OG0016520	CAK9326144.1	CAK9326144.1
OG0016521	CAK9326145.1	CAK9326145.1
OG0016522	CAK9326146.1	CAK9326146.1
OG0016523	CAK9326148.1	CAK9326148.1
OG0016524	CAK9326149.1	CAK9326149.1
OG0016525	CAK9326150.1	CAK9326150.1
OG0016526	CAK9326151.1	CAK9326151.1
OG0016527	CAK9326152.1	CAK9326152.1
OG0016528	CAK9326153.1	CAK9326153.1
OG0016529	CAK9326154.1	CAK9326154.1
OG0016530	CAK9326155.1	CAK9326155.1
OG0016531	CAK9326156.1	CAK9326156.1
OG0016532	CAK9326157.1	CAK9326157.1
OG0016533	CAK9326158.1	CAK9326158.1
OG0016534	CAK9326159.1	CAK9326159.1
OG0016535	CAK9326160.1	CAK9326160.1
OG0016536	CAK9326162.1	CAK9326162.1
OG0016537	CAK9326163.1	CAK9326163.1
OG0016538	CAK9326164.1	CAK9326164.1
OG0016539	CAK9326165.1	CAK9326165.1
OG0016540	CAK9326166.1	CAK9326166.1
OG0016541	CAK9326167.1	CAK9326167.1
OG0016542	CAK9326168.1	CAK9326168.1
OG0016543	CAK9326169.1	CAK9326169.1
OG0016544	CAK9326170.1	CAK9326170.1
OG0016545	CAK9326171.1	CAK9326171.1
OG0016546	CAK9326172.1	CAK9326172.1
OG0016547	CAK9326173.1	CAK9326173.1
OG0016548	CAK9326174.1	CAK9326174.1
OG0016549	CAK9326175.1	CAK9326175.1
OG0016550	CAK9326176.1	CAK9326176.1
OG0016551	CAK9326177.1	CAK9326177.1
OG0016552	CAK9326178.1	CAK9326178.1
OG0016553	CAK9326180.1	CAK9326180.1
OG0016554	CAK9326181.1	CAK9326181.1
OG0016555	CAK9326182.1	CAK9326182.1
OG0016556	CAK9326183.1	CAK9326183.1
OG0016557	CAK9326184.1	CAK9326184.1
OG0016558	CAK9326185.1	CAK9326185.1
OG0016559	CAK9326186.1	CAK9326186.1
OG0016560	CAK9326187.1	CAK9326187.1
OG0016561	CAK9326188.1	CAK9326188.1
OG0016562	CAK9326189.1	CAK9326189.1
OG0016563	CAK9326190.1	CAK9326190.1
OG0016564	CAK9326191.1	CAK9326191.1
OG0016565	CAK9326192.1	CAK9326192.1
OG0016566	CAK9326193.1	CAK9326193.1
OG0016567	CAK9326194.1	CAK9326194.1
OG0016568	CAK9326195.1	CAK9326195.1
OG0016569	CAK9326196.1	CAK9326196.1
OG0016570	CAK9326198.1	CAK9326198.1
OG0016571	CAK9326199.1	CAK9326199.1
OG0016572	CAK9326202.1	CAK9326202.1
OG0016573	CAK9326203.1	CAK9326203.1
OG0016574	CAK9326204.1	CAK9326204.1
OG0016575	CAK9326205.1	CAK9326205.1
OG0016576	CAK9326207.1	CAK9326207.1
OG0016577	CAK9326208.1	CAK9326208.1
OG0016578	CAK9326209.1	CAK9326209.1
OG0016579	CAK9326210.1	CAK9326210.1
OG0016580	CAK9326212.1	CAK9326212.1
OG0016581	CAK9326213.1	CAK9326213.1
OG0016582	CAK9326214.1	CAK9326214.1
OG0016583	CAK9326215.1	CAK9326215.1
OG0016584	CAK9326216.1	CAK9326216.1
OG0016585	CAK9326218.1	CAK9326218.1
OG0016586	CAK9326219.1	CAK9326219.1
OG0016587	CAK9326220.1	CAK9326220.1
OG0016588	CAK9326221.1	CAK9326221.1
OG0016589	CAK9326224.1	CAK9326224.1
OG0016590	CAK9326225.1	CAK9326225.1
OG0016591	CAK9326226.1	CAK9326226.1
OG0016592	CAK9326227.1	CAK9326227.1
OG0016593	CAK9326228.1	CAK9326228.1
OG0016594	CAK9326229.1	CAK9326229.1
OG0016595	CAK9326230.1	CAK9326230.1
OG0016596	CAK9326231.1	CAK9326231.1
OG0016597	CAK9326232.1	CAK9326232.1
OG0016598	CAK9326233.1	CAK9326233.1
OG0016599	CAK9326234.1	CAK9326234.1
OG0016600	CAK9326235.1	CAK9326235.1
OG0016601	CAK9326236.1	CAK9326236.1
OG0016602	CAK9326237.1	CAK9326237.1
OG0016603	CAK9326240.1	CAK9326240.1
OG0016604	CAK9326241.1	CAK9326241.1
OG0016605	CAK9326242.1	CAK9326242.1
OG0016606	CAK9326243.1	CAK9326243.1
OG0016607	CAK9326244.1	CAK9326244.1
OG0016608	CAK9326245.1	CAK9326245.1
OG0016609	CAK9326246.1	CAK9326246.1
OG0016610	CAK9326247.1	CAK9326247.1
OG0016611	CAK9326248.1	CAK9326248.1
OG0016612	CAK9326250.1	CAK9326250.1
OG0016613	CAK9326251.1	CAK9326251.1
OG0016614	CAK9326252.1	CAK9326252.1
OG0016615	CAK9326253.1	CAK9326253.1
OG0016616	CAK9326254.1	CAK9326254.1
OG0016617	CAK9326255.1	CAK9326255.1
OG0016618	CAK9326256.1	CAK9326256.1
OG0016619	CAK9326257.1	CAK9326257.1
OG0016620	CAK9326259.1	CAK9326259.1
OG0016621	CAK9326260.1	CAK9326260.1
OG0016622	CAK9326261.1	CAK9326261.1
OG0016623	CAK9326262.1	CAK9326262.1
OG0016624	CAK9326263.1	CAK9326263.1
OG0016625	CAK9326264.1	CAK9326264.1
OG0016626	CAK9326265.1	CAK9326265.1
OG0016627	CAK9326266.1	CAK9326266.1
OG0016628	CAK9326267.1	CAK9326267.1
OG0016629	CAK9326268.1	CAK9326268.1
OG0016630	CAK9326269.1	CAK9326269.1
OG0016631	CAK9326270.1	CAK9326270.1
OG0016632	CAK9326271.1	CAK9326271.1
OG0016633	CAK9326272.1	CAK9326272.1
OG0016634	CAK9326273.1	CAK9326273.1
OG0016635	CAK9326274.1	CAK9326274.1
OG0016636	CAK9326275.1	CAK9326275.1
OG0016637	CAK9326276.1	CAK9326276.1
OG0016638	CAK9326277.1	CAK9326277.1
OG0016639	CAK9326278.1	CAK9326278.1
OG0016640	CAK9326279.1	CAK9326279.1
OG0016641	CAK9326280.1	CAK9326280.1
OG0016642	CAK9326281.1	CAK9326281.1
OG0016643	CAK9326282.1	CAK9326282.1
OG0016644	CAK9326283.1	CAK9326283.1
OG0016645	CAK9326284.1	CAK9326284.1
OG0016646	CAK9326285.1	CAK9326285.1
OG0016647	CAK9326286.1	CAK9326286.1
OG0016648	CAK9326287.1	CAK9326287.1
OG0016649	CAK9326288.1	CAK9326288.1
OG0016650	CAK9326289.1	CAK9326289.1
OG0016651	CAK9326291.1	CAK9326291.1
OG0016652	CAK9326292.1	CAK9326292.1
OG0016653	CAK9326293.1	CAK9326293.1
OG0016654	CAK9326294.1	CAK9326294.1
OG0016655	CAK9326295.1	CAK9326295.1
OG0016656	CAK9326296.1	CAK9326296.1
OG0016657	CAK9326299.1	CAK9326299.1
OG0016658	CAK9326300.1	CAK9326300.1
OG0016659	CAK9326302.1	CAK9326302.1
OG0016660	CAK9326303.1	CAK9326303.1
OG0016661	CAK9326304.1	CAK9326304.1
OG0016662	CAK9326306.1	CAK9326306.1
OG0016663	CAK9326307.1	CAK9326307.1
OG0016664	CAK9326308.1	CAK9326308.1
OG0016665	CAK9326310.1	CAK9326310.1
OG0016666	CAK9326311.1	CAK9326311.1
OG0016667	CAK9326312.1	CAK9326312.1
OG0016668	CAK9326313.1	CAK9326313.1
OG0016669	CAK9326314.1	CAK9326314.1
OG0016670	CAK9326316.1	CAK9326316.1
OG0016671	CAK9326317.1	CAK9326317.1
OG0016672	CAK9326318.1	CAK9326318.1
OG0016673	CAK9326319.1	CAK9326319.1
OG0016674	CAK9326320.1	CAK9326320.1
OG0016675	CAK9326321.1	CAK9326321.1
OG0016676	CAK9326322.1	CAK9326322.1
OG0016677	CAK9326323.1	CAK9326323.1
OG0016678	CAK9326324.1	CAK9326324.1
OG0016679	CAK9326325.1	CAK9326325.1
OG0016680	CAK9326326.1	CAK9326326.1
OG0016681	CAK9326327.1	CAK9326327.1
OG0016682	CAK9326328.1	CAK9326328.1
OG0016683	CAK9326329.1	CAK9326329.1
OG0016684	CAK9326331.1	CAK9326331.1
OG0016685	CAK9326332.1	CAK9326332.1
OG0016686	CAK9326333.1	CAK9326333.1
OG0016687	CAK9326334.1	CAK9326334.1
OG0016688	CAK9326335.1	CAK9326335.1
OG0016689	CAK9326336.1	CAK9326336.1
OG0016690	CAK9326337.1	CAK9326337.1
OG0016691	CAK9326338.1	CAK9326338.1
OG0016692	CAK9326339.1	CAK9326339.1
OG0016693	CAK9326340.1	CAK9326340.1
OG0016694	CAK9326343.1	CAK9326343.1
OG0016695	CAK9326344.1	CAK9326344.1
OG0016696	CAK9326345.1	CAK9326345.1
OG0016697	CAK9326346.1	CAK9326346.1
OG0016698	CAK9326347.1	CAK9326347.1
OG0016699	CAK9326348.1	CAK9326348.1
OG0016700	CAK9326349.1	CAK9326349.1
OG0016701	CAK9326350.1	CAK9326350.1
OG0016702	CAK9326351.1	CAK9326351.1
OG0016703	CAK9326354.1	CAK9326354.1
OG0016704	CAK9326355.1	CAK9326355.1
OG0016705	CAK9326356.1	CAK9326356.1
OG0016706	CAK9326359.1	CAK9326359.1
OG0016707	CAK9326360.1	CAK9326360.1
OG0016708	CAK9326361.1	CAK9326361.1
OG0016709	CAK9326362.1	CAK9326362.1
OG0016710	CAK9326364.1	CAK9326364.1
OG0016711	CAK9326365.1	CAK9326365.1
OG0016712	CAK9326367.1	CAK9326367.1
OG0016713	CAK9326370.1	CAK9326370.1
OG0016714	CAK9326371.1	CAK9326371.1
OG0016715	CAK9326372.1	CAK9326372.1
OG0016716	CAK9326373.1	CAK9326373.1
OG0016717	CAK9326375.1	CAK9326375.1
OG0016718	CAK9326376.1	CAK9326376.1
OG0016719	CAK9326377.1	CAK9326377.1
OG0016720	CAK9326378.1	CAK9326378.1
OG0016721	CAK9326379.1	CAK9326379.1
OG0016722	CAK9326382.1	CAK9326382.1
OG0016723	CAK9326383.1	CAK9326383.1
OG0016724	CAK9326384.1	CAK9326384.1
OG0016725	CAK9326385.1	CAK9326385.1
OG0016726	CAK9326386.1	CAK9326386.1
OG0016727	CAK9326387.1	CAK9326387.1
OG0016728	CAK9326388.1	CAK9326388.1
OG0016729	CAK9326389.1	CAK9326389.1
OG0016730	CAK9326390.1	CAK9326390.1
OG0016731	CAK9326391.1	CAK9326391.1
OG0016732	CAK9326392.1	CAK9326392.1
OG0016733	CAK9326393.1	CAK9326393.1
OG0016734	CAK9326394.1	CAK9326394.1
OG0016735	CAK9326395.1	CAK9326395.1
OG0016736	CAK9326396.1	CAK9326396.1
OG0016737	CAK9326397.1	CAK9326397.1
OG0016738	CAK9326398.1	CAK9326398.1
OG0016739	CAK9326399.1	CAK9326399.1
OG0016740	CAK9326401.1	CAK9326401.1
OG0016741	CAK9326402.1	CAK9326402.1
OG0016742	CAK9326403.1	CAK9326403.1
OG0016743	CAK9326404.1	CAK9326404.1
OG0016744	CAK9326405.1	CAK9326405.1
OG0016745	CAK9326406.1	CAK9326406.1
OG0016746	CAK9326407.1	CAK9326407.1
OG0016747	CAK9326408.1	CAK9326408.1
OG0016748	CAK9326409.1	CAK9326409.1
OG0016749	CAK9326412.1	CAK9326412.1
OG0016750	CAK9326414.1	CAK9326414.1
OG0016751	CAK9326415.1	CAK9326415.1
OG0016752	CAK9326417.1	CAK9326417.1
OG0016753	CAK9326418.1	CAK9326418.1
OG0016754	CAK9326419.1	CAK9326419.1
OG0016755	CAK9326420.1	CAK9326420.1
OG0016756	CAK9326421.1	CAK9326421.1
OG0016757	CAK9326422.1	CAK9326422.1
OG0016758	CAK9326423.1	CAK9326423.1
OG0016759	CAK9326424.1	CAK9326424.1
OG0016760	CAK9326425.1	CAK9326425.1
OG0016761	CAK9326426.1	CAK9326426.1
OG0016762	CAK9326427.1	CAK9326427.1
OG0016763	CAK9326428.1	CAK9326428.1
OG0016764	CAK9326429.1	CAK9326429.1
OG0016765	CAK9326432.1	CAK9326432.1
OG0016766	CAK9326433.1	CAK9326433.1
OG0016767	CAK9326434.1	CAK9326434.1
OG0016768	CAK9326435.1	CAK9326435.1
OG0016769	CAK9326436.1	CAK9326436.1
OG0016770	CAK9326437.1	CAK9326437.1
OG0016771	CAK9326439.1	CAK9326439.1
OG0016772	CAK9326440.1	CAK9326440.1
OG0016773	CAK9326441.1	CAK9326441.1
OG0016774	CAK9326442.1	CAK9326442.1
OG0016775	CAK9326443.1	CAK9326443.1
OG0016776	CAK9326444.1	CAK9326444.1
OG0016777	CAK9326445.1	CAK9326445.1
OG0016778	CAK9326446.1	CAK9326446.1
OG0016779	CAK9326448.1	CAK9326448.1
OG0016780	CAK9326449.1	CAK9326449.1
OG0016781	CAK9326450.1	CAK9326450.1
OG0016782	CAK9326453.1	CAK9326453.1
OG0016783	CAK9326455.1	CAK9326455.1
OG0016784	CAK9326456.1	CAK9326456.1
OG0016785	CAK9326458.1	CAK9326458.1
OG0016786	CAK9326459.1	CAK9326459.1
OG0016787	CAK9326460.1	CAK9326460.1
OG0016788	CAK9326461.1	CAK9326461.1
OG0016789	CAK9326462.1	CAK9326462.1
OG0016790	CAK9326463.1	CAK9326463.1
OG0016791	CAK9326464.1	CAK9326464.1
OG0016792	CAK9326465.1	CAK9326465.1
OG0016793	CAK9326466.1	CAK9326466.1
OG0016794	CAK9326467.1	CAK9326467.1
OG0016795	CAK9326468.1	CAK9326468.1
OG0016796	CAK9326469.1	CAK9326469.1
OG0016797	CAK9326470.1	CAK9326470.1
OG0016798	CAK9326471.1	CAK9326471.1
OG0016799	CAK9326472.1	CAK9326472.1
OG0016800	CAK9326473.1	CAK9326473.1
OG0016801	CAK9326474.1	CAK9326474.1
OG0016802	CAK9326475.1	CAK9326475.1
OG0016803	CAK9326476.1	CAK9326476.1
OG0016804	CAK9326477.1	CAK9326477.1
OG0016805	CAK9326478.1	CAK9326478.1
OG0016806	CAK9326480.1	CAK9326480.1
OG0016807	CAK9326483.1	CAK9326483.1
OG0016808	CAK9326485.1	CAK9326485.1
OG0016809	CAK9326486.1	CAK9326486.1
OG0016810	CAK9326487.1	CAK9326487.1
OG0016811	CAK9326488.1	CAK9326488.1
OG0016812	CAK9326489.1	CAK9326489.1
OG0016813	CAK9326490.1	CAK9326490.1
OG0016814	CAK9326492.1	CAK9326492.1
OG0016815	CAK9326493.1	CAK9326493.1
OG0016816	CAK9326494.1	CAK9326494.1
OG0016817	CAK9326496.1	CAK9326496.1
OG0016818	CAK9326498.1	CAK9326498.1
OG0016819	CAK9326499.1	CAK9326499.1
OG0016820	CAK9326500.1	CAK9326500.1
OG0016821	CAK9326501.1	CAK9326501.1
OG0016822	CAK9326502.1	CAK9326502.1
OG0016823	CAK9326503.1	CAK9326503.1
OG0016824	CAK9326504.1	CAK9326504.1
OG0016825	CAK9326505.1	CAK9326505.1
OG0016826	CAK9326506.1	CAK9326506.1
OG0016827	CAK9326507.1	CAK9326507.1
OG0016828	CAK9326508.1	CAK9326508.1
OG0016829	CAK9326509.1	CAK9326509.1
OG0016830	CAK9326511.1	CAK9326511.1
OG0016831	CAK9326512.1	CAK9326512.1
OG0016832	CAK9326513.1	CAK9326513.1
OG0016833	CAK9326514.1	CAK9326514.1
OG0016834	CAK9326515.1	CAK9326515.1
OG0016835	CAK9326516.1	CAK9326516.1
OG0016836	CAK9326517.1	CAK9326517.1
OG0016837	CAK9326518.1	CAK9326518.1
OG0016838	CAK9326520.1	CAK9326520.1
OG0016839	CAK9326521.1	CAK9326521.1
OG0016840	CAK9326522.1	CAK9326522.1
OG0016841	CAK9326523.1	CAK9326523.1
OG0016842	CAK9326524.1	CAK9326524.1
OG0016843	CAK9326526.1	CAK9326526.1
OG0016844	CAK9326527.1	CAK9326527.1
OG0016845	CAK9326528.1	CAK9326528.1
OG0016846	CAK9326529.1	CAK9326529.1
OG0016847	CAK9326530.1	CAK9326530.1
OG0016848	CAK9326531.1	CAK9326531.1
OG0016849	CAK9326532.1	CAK9326532.1
OG0016850	CAK9326534.1	CAK9326534.1
OG0016851	CAK9326535.1	CAK9326535.1
OG0016852	CAK9326536.1	CAK9326536.1
OG0016853	CAK9326537.1	CAK9326537.1
OG0016854	CAK9326538.1	CAK9326538.1
OG0016855	CAK9326539.1	CAK9326539.1
OG0016856	CAK9326540.1	CAK9326540.1
OG0016857	CAK9326541.1	CAK9326541.1
OG0016858	CAK9326542.1	CAK9326542.1
OG0016859	CAK9326543.1	CAK9326543.1
OG0016860	CAK9326544.1	CAK9326544.1
OG0016861	CAK9326545.1	CAK9326545.1
OG0016862	CAK9326546.1	CAK9326546.1
OG0016863	CAK9326547.1	CAK9326547.1
OG0016864	CAK9326548.1	CAK9326548.1
OG0016865	CAK9326550.1	CAK9326550.1
OG0016866	CAK9326551.1	CAK9326551.1
OG0016867	CAK9326552.1	CAK9326552.1
OG0016868	CAK9326553.1	CAK9326553.1
OG0016869	CAK9326554.1	CAK9326554.1
OG0016870	CAK9326556.1	CAK9326556.1
OG0016871	CAK9326557.1	CAK9326557.1
OG0016872	CAK9326559.1	CAK9326559.1
OG0016873	CAK9326560.1	CAK9326560.1
OG0016874	CAK9326562.1	CAK9326562.1
OG0016875	CAK9326563.1	CAK9326563.1
OG0016876	CAK9326564.1	CAK9326564.1
OG0016877	CAK9326565.1	CAK9326565.1
OG0016878	CAK9326566.1	CAK9326566.1
OG0016879	CAK9326567.1	CAK9326567.1
OG0016880	CAK9326568.1	CAK9326568.1
OG0016881	CAK9326570.1	CAK9326570.1
OG0016882	CAK9326571.1	CAK9326571.1
OG0016883	CAK9326572.1	CAK9326572.1
OG0016884	CAK9326573.1	CAK9326573.1
OG0016885	CAK9326574.1	CAK9326574.1
OG0016886	CAK9326575.1	CAK9326575.1
OG0016887	CAK9326576.1	CAK9326576.1
OG0016888	CAK9326577.1	CAK9326577.1
OG0016889	CAK9326578.1	CAK9326578.1
OG0016890	CAK9326579.1	CAK9326579.1
OG0016891	CAK9326580.1	CAK9326580.1
OG0016892	CAK9326581.1	CAK9326581.1
OG0016893	CAK9326582.1	CAK9326582.1
OG0016894	CAK9326583.1	CAK9326583.1
OG0016895	CAK9326584.1	CAK9326584.1
OG0016896	CAK9326586.1	CAK9326586.1
OG0016897	CAK9326587.1	CAK9326587.1
OG0016898	CAK9326591.1	CAK9326591.1
OG0016899	CAK9326592.1	CAK9326592.1
OG0016900	CAK9326593.1	CAK9326593.1
OG0016901	CAK9326594.1	CAK9326594.1
OG0016902	CAK9326595.1	CAK9326595.1
OG0016903	CAK9326596.1	CAK9326596.1
OG0016904	CAK9326597.1	CAK9326597.1
OG0016905	CAK9326598.1	CAK9326598.1
OG0016906	CAK9326599.1	CAK9326599.1
OG0016907	CAK9326600.1	CAK9326600.1
OG0016908	CAK9326601.1	CAK9326601.1
OG0016909	CAK9326603.1	CAK9326603.1
OG0016910	CAK9326604.1	CAK9326604.1
OG0016911	CAK9326605.1	CAK9326605.1
OG0016912	CAK9326607.1	CAK9326607.1
OG0016913	CAK9326608.1	CAK9326608.1
OG0016914	CAK9326609.1	CAK9326609.1
OG0016915	CAK9326610.1	CAK9326610.1
OG0016916	CAK9326611.1	CAK9326611.1
OG0016917	CAK9326613.1	CAK9326613.1
OG0016918	CAK9326614.1	CAK9326614.1
OG0016919	CAK9326615.1	CAK9326615.1
OG0016920	CAK9326616.1	CAK9326616.1
OG0016921	CAK9326617.1	CAK9326617.1
OG0016922	CAK9326619.1	CAK9326619.1
OG0016923	CAK9326620.1	CAK9326620.1
OG0016924	CAK9326621.1	CAK9326621.1
OG0016925	CAK9326622.1	CAK9326622.1
OG0016926	CAK9326623.1	CAK9326623.1
OG0016927	CAK9326625.1	CAK9326625.1
OG0016928	CAK9326626.1	CAK9326626.1
OG0016929	CAK9326627.1	CAK9326627.1
OG0016930	CAK9326628.1	CAK9326628.1
OG0016931	CAK9326629.1	CAK9326629.1
OG0016932	CAK9326630.1	CAK9326630.1
OG0016933	CAK9326631.1	CAK9326631.1
OG0016934	CAK9326632.1	CAK9326632.1
OG0016935	CAK9326633.1	CAK9326633.1
OG0016936	CAK9326634.1	CAK9326634.1
OG0016937	CAK9326635.1	CAK9326635.1
OG0016938	CAK9326636.1	CAK9326636.1
OG0016939	CAK9326637.1	CAK9326637.1
OG0016940	CAK9326638.1	CAK9326638.1
OG0016941	CAK9326639.1	CAK9326639.1
OG0016942	CAK9326640.1	CAK9326640.1
OG0016943	CAK9326641.1	CAK9326641.1
OG0016944	CAK9326643.1	CAK9326643.1
OG0016945	CAK9326644.1	CAK9326644.1
OG0016946	CAK9326645.1	CAK9326645.1
OG0016947	CAK9326646.1	CAK9326646.1
OG0016948	CAK9326647.1	CAK9326647.1
OG0016949	CAK9326648.1	CAK9326648.1
OG0016950	CAK9326649.1	CAK9326649.1
OG0016951	CAK9326651.1	CAK9326651.1
OG0016952	CAK9326652.1	CAK9326652.1
OG0016953	CAK9326653.1	CAK9326653.1
OG0016954	CAK9326654.1	CAK9326654.1
OG0016955	CAK9326655.1	CAK9326655.1
OG0016956	CAK9326657.1	CAK9326657.1
OG0016957	CAK9326658.1	CAK9326658.1
OG0016958	CAK9326659.1	CAK9326659.1
OG0016959	CAK9326660.1	CAK9326660.1
OG0016960	CAK9326661.1	CAK9326661.1
OG0016961	CAK9326663.1	CAK9326663.1
OG0016962	CAK9326664.1	CAK9326664.1
OG0016963	CAK9326665.1	CAK9326665.1
OG0016964	CAK9326666.1	CAK9326666.1
OG0016965	CAK9326667.1	CAK9326667.1
OG0016966	CAK9326668.1	CAK9326668.1
OG0016967	CAK9326669.1	CAK9326669.1
OG0016968	CAK9326670.1	CAK9326670.1
OG0016969	CAK9326671.1	CAK9326671.1
OG0016970	CAK9326673.1	CAK9326673.1
OG0016971	CAK9326674.1	CAK9326674.1
OG0016972	CAK9326676.1	CAK9326676.1
OG0016973	CAK9326678.1	CAK9326678.1
OG0016974	CAK9326679.1	CAK9326679.1
OG0016975	CAK9326682.1	CAK9326682.1
OG0016976	CAK9326683.1	CAK9326683.1
OG0016977	CAK9326684.1	CAK9326684.1
OG0016978	CAK9326685.1	CAK9326685.1
OG0016979	CAK9326686.1	CAK9326686.1
OG0016980	CAK9326687.1	CAK9326687.1
OG0016981	CAK9326689.1	CAK9326689.1
OG0016982	CAK9326690.1	CAK9326690.1
OG0016983	CAK9326691.1	CAK9326691.1
OG0016984	CAK9326692.1	CAK9326692.1
OG0016985	CAK9326693.1	CAK9326693.1
OG0016986	CAK9326694.1	CAK9326694.1
OG0016987	CAK9326696.1	CAK9326696.1
OG0016988	CAK9326697.1	CAK9326697.1
OG0016989	CAK9326699.1	CAK9326699.1
OG0016990	CAK9326701.1	CAK9326701.1
OG0016991	CAK9326702.1	CAK9326702.1
OG0016992	CAK9326703.1	CAK9326703.1
OG0016993	CAK9326704.1	CAK9326704.1
OG0016994	CAK9326705.1	CAK9326705.1
OG0016995	CAK9326706.1	CAK9326706.1
OG0016996	CAK9326707.1	CAK9326707.1
OG0016997	CAK9326708.1	CAK9326708.1
OG0016998	CAK9326709.1	CAK9326709.1
OG0016999	CAK9326710.1	CAK9326710.1
OG0017000	CAK9326711.1	CAK9326711.1
OG0017001	CAK9326712.1	CAK9326712.1
OG0017002	CAK9326713.1	CAK9326713.1
OG0017003	CAK9326714.1	CAK9326714.1
OG0017004	CAK9326716.1	CAK9326716.1
OG0017005	CAK9326717.1	CAK9326717.1
OG0017006	CAK9326718.1	CAK9326718.1
OG0017007	CAK9326719.1	CAK9326719.1
OG0017008	CAK9326720.1	CAK9326720.1
OG0017009	CAK9326721.1	CAK9326721.1
OG0017010	CAK9326722.1	CAK9326722.1
OG0017011	CAK9326723.1	CAK9326723.1
OG0017012	CAK9326724.1	CAK9326724.1
OG0017013	CAK9326725.1	CAK9326725.1
OG0017014	CAK9326726.1	CAK9326726.1
OG0017015	CAK9326727.1	CAK9326727.1
OG0017016	CAK9326729.1	CAK9326729.1
OG0017017	CAK9326730.1	CAK9326730.1
OG0017018	CAK9326731.1	CAK9326731.1
OG0017019	CAK9326732.1	CAK9326732.1
OG0017020	CAK9326733.1	CAK9326733.1
OG0017021	CAK9326734.1	CAK9326734.1
OG0017022	CAK9326736.1	CAK9326736.1
OG0017023	CAK9326737.1	CAK9326737.1
OG0017024	CAK9326738.1	CAK9326738.1
OG0017025	CAK9326739.1	CAK9326739.1
OG0017026	CAK9326740.1	CAK9326740.1
OG0017027	CAK9326741.1	CAK9326741.1
OG0017028	CAK9326742.1	CAK9326742.1
OG0017029	CAK9326743.1	CAK9326743.1
OG0017030	CAK9326745.1	CAK9326745.1
OG0017031	CAK9326746.1	CAK9326746.1
OG0017032	CAK9326747.1	CAK9326747.1
OG0017033	CAK9326748.1	CAK9326748.1
OG0017034	CAK9326749.1	CAK9326749.1
OG0017035	CAK9326751.1	CAK9326751.1
OG0017036	CAK9326752.1	CAK9326752.1
OG0017037	CAK9326753.1	CAK9326753.1
OG0017038	CAK9326754.1	CAK9326754.1
OG0017039	CAK9326755.1	CAK9326755.1
OG0017040	CAK9326756.1	CAK9326756.1
OG0017041	CAK9326757.1	CAK9326757.1
OG0017042	CAK9326758.1	CAK9326758.1
OG0017043	CAK9326759.1	CAK9326759.1
OG0017044	CAK9326760.1	CAK9326760.1
OG0017045	CAK9326761.1	CAK9326761.1
OG0017046	CAK9326762.1	CAK9326762.1
OG0017047	CAK9326763.1	CAK9326763.1
OG0017048	CAK9326764.1	CAK9326764.1
OG0017049	CAK9326765.1	CAK9326765.1
OG0017050	CAK9326766.1	CAK9326766.1
OG0017051	CAK9326767.1	CAK9326767.1
OG0017052	CAK9326768.1	CAK9326768.1
OG0017053	CAK9326771.1	CAK9326771.1
OG0017054	CAK9326775.1	CAK9326775.1
OG0017055	CAK9326776.1	CAK9326776.1
OG0017056	CAK9326777.1	CAK9326777.1
OG0017057	CAK9326779.1	CAK9326779.1
OG0017058	CAK9326780.1	CAK9326780.1
OG0017059	CAK9326781.1	CAK9326781.1
OG0017060	CAK9326782.1	CAK9326782.1
OG0017061	CAK9326783.1	CAK9326783.1
OG0017062	CAK9326784.1	CAK9326784.1
OG0017063	CAK9326785.1	CAK9326785.1
OG0017064	CAK9326786.1	CAK9326786.1
OG0017065	CAK9326787.1	CAK9326787.1
OG0017066	CAK9326788.1	CAK9326788.1
OG0017067	CAK9326789.1	CAK9326789.1
OG0017068	CAK9326792.1	CAK9326792.1
OG0017069	CAK9326794.1	CAK9326794.1
OG0017070	CAK9326795.1	CAK9326795.1
OG0017071	CAK9326796.1	CAK9326796.1
OG0017072	CAK9326797.1	CAK9326797.1
OG0017073	CAK9326798.1	CAK9326798.1
OG0017074	CAK9326799.1	CAK9326799.1
OG0017075	CAK9326800.1	CAK9326800.1
OG0017076	CAK9326801.1	CAK9326801.1
OG0017077	CAK9326802.1	CAK9326802.1
OG0017078	CAK9326803.1	CAK9326803.1
OG0017079	CAK9326804.1	CAK9326804.1
OG0017080	CAK9326805.1	CAK9326805.1
OG0017081	CAK9326806.1	CAK9326806.1
OG0017082	CAK9326807.1	CAK9326807.1
OG0017083	CAK9326808.1	CAK9326808.1
OG0017084	CAK9326809.1	CAK9326809.1
OG0017085	CAK9326810.1	CAK9326810.1
OG0017086	CAK9326813.1	CAK9326813.1
OG0017087	CAK9326814.1	CAK9326814.1
OG0017088	CAK9326815.1	CAK9326815.1
OG0017089	CAK9326816.1	CAK9326816.1
OG0017090	CAK9326817.1	CAK9326817.1
OG0017091	CAK9326821.1	CAK9326821.1
OG0017092	CAK9326823.1	CAK9326823.1
OG0017093	CAK9326824.1	CAK9326824.1
OG0017094	CAK9326825.1	CAK9326825.1
OG0017095	CAK9326826.1	CAK9326826.1
OG0017096	CAK9326827.1	CAK9326827.1
OG0017097	CAK9326828.1	CAK9326828.1
OG0017098	CAK9326829.1	CAK9326829.1
OG0017099	CAK9326830.1	CAK9326830.1
OG0017100	CAK9326831.1	CAK9326831.1
OG0017101	CAK9326832.1	CAK9326832.1
OG0017102	CAK9326833.1	CAK9326833.1
OG0017103	CAK9326834.1	CAK9326834.1
OG0017104	CAK9326835.1	CAK9326835.1
OG0017105	CAK9326836.1	CAK9326836.1
OG0017106	CAK9326837.1	CAK9326837.1
OG0017107	CAK9326838.1	CAK9326838.1
OG0017108	CAK9326839.1	CAK9326839.1
OG0017109	CAK9326840.1	CAK9326840.1
OG0017110	CAK9326841.1	CAK9326841.1
OG0017111	CAK9326842.1	CAK9326842.1
OG0017112	CAK9326843.1	CAK9326843.1
OG0017113	CAK9326844.1	CAK9326844.1
OG0017114	CAK9326846.1	CAK9326846.1
OG0017115	CAK9326847.1	CAK9326847.1
OG0017116	CAK9326848.1	CAK9326848.1
OG0017117	CAK9326849.1	CAK9326849.1
OG0017118	CAK9326851.1	CAK9326851.1
OG0017119	CAK9326852.1	CAK9326852.1
OG0017120	CAK9326854.1	CAK9326854.1
OG0017121	CAK9326855.1	CAK9326855.1
OG0017122	CAK9326856.1	CAK9326856.1
OG0017123	CAK9326857.1	CAK9326857.1
OG0017124	CAK9326858.1	CAK9326858.1
OG0017125	CAK9326860.1	CAK9326860.1
OG0017126	CAK9326861.1	CAK9326861.1
OG0017127	CAK9326862.1	CAK9326862.1
OG0017128	CAK9326863.1	CAK9326863.1
OG0017129	CAK9326864.1	CAK9326864.1
OG0017130	CAK9326865.1	CAK9326865.1
OG0017131	CAK9326866.1	CAK9326866.1
OG0017132	CAK9326867.1	CAK9326867.1
OG0017133	CAK9326868.1	CAK9326868.1
OG0017134	CAK9326869.1	CAK9326869.1
OG0017135	CAK9326870.1	CAK9326870.1
OG0017136	CAK9326871.1	CAK9326871.1
OG0017137	CAK9326872.1	CAK9326872.1
OG0017138	CAK9326873.1	CAK9326873.1
OG0017139	CAK9326874.1	CAK9326874.1
OG0017140	CAK9326875.1	CAK9326875.1
OG0017141	CAK9326876.1	CAK9326876.1
OG0017142	CAK9326877.1	CAK9326877.1
OG0017143	CAK9326878.1	CAK9326878.1
OG0017144	CAK9326879.1	CAK9326879.1
OG0017145	CAK9326880.1	CAK9326880.1
OG0017146	CAK9326881.1	CAK9326881.1
OG0017147	CAK9326882.1	CAK9326882.1
OG0017148	CAK9326883.1	CAK9326883.1
OG0017149	CAK9326885.1	CAK9326885.1
OG0017150	CAK9326886.1	CAK9326886.1
OG0017151	CAK9326887.1	CAK9326887.1
OG0017152	CAK9326888.1	CAK9326888.1
OG0017153	CAK9326889.1	CAK9326889.1
OG0017154	CAK9326890.1	CAK9326890.1
OG0017155	CAK9326891.1	CAK9326891.1
OG0017156	CAK9326892.1	CAK9326892.1
OG0017157	CAK9326893.1	CAK9326893.1
OG0017158	CAK9326894.1	CAK9326894.1
OG0017159	CAK9326895.1	CAK9326895.1
OG0017160	CAK9326896.1	CAK9326896.1
OG0017161	CAK9326897.1	CAK9326897.1
OG0017162	CAK9326898.1	CAK9326898.1
OG0017163	CAK9326900.1	CAK9326900.1
OG0017164	CAK9326901.1	CAK9326901.1
OG0017165	CAK9326902.1	CAK9326902.1
OG0017166	CAK9326903.1	CAK9326903.1
OG0017167	CAK9326904.1	CAK9326904.1
OG0017168	CAK9326905.1	CAK9326905.1
OG0017169	CAK9326906.1	CAK9326906.1
OG0017170	CAK9326907.1	CAK9326907.1
OG0017171	CAK9326908.1	CAK9326908.1
OG0017172	CAK9326909.1	CAK9326909.1
OG0017173	CAK9326910.1	CAK9326910.1
OG0017174	CAK9326911.1	CAK9326911.1
OG0017175	CAK9326912.1	CAK9326912.1
OG0017176	CAK9326913.1	CAK9326913.1
OG0017177	CAK9326915.1	CAK9326915.1
OG0017178	CAK9326916.1	CAK9326916.1
OG0017179	CAK9326917.1	CAK9326917.1
OG0017180	CAK9326918.1	CAK9326918.1
OG0017181	CAK9326919.1	CAK9326919.1
OG0017182	CAK9326920.1	CAK9326920.1
OG0017183	CAK9326921.1	CAK9326921.1
OG0017184	CAK9326922.1	CAK9326922.1
OG0017185	CAK9326923.1	CAK9326923.1
OG0017186	CAK9326924.1	CAK9326924.1
OG0017187	CAK9326925.1	CAK9326925.1
OG0017188	CAK9326926.1	CAK9326926.1
OG0017189	CAK9326927.1	CAK9326927.1
OG0017190	CAK9326928.1	CAK9326928.1
OG0017191	CAK9326930.1	CAK9326930.1
OG0017192	CAK9326931.1	CAK9326931.1
OG0017193	CAK9326932.1	CAK9326932.1
OG0017194	CAK9326933.1	CAK9326933.1
OG0017195	CAK9326934.1	CAK9326934.1
OG0017196	CAK9326935.1	CAK9326935.1
OG0017197	CAK9326936.1	CAK9326936.1
OG0017198	CAK9326937.1	CAK9326937.1
OG0017199	CAK9326939.1	CAK9326939.1
OG0017200	CAK9326940.1	CAK9326940.1
OG0017201	CAK9326941.1	CAK9326941.1
OG0017202	CAK9326942.1	CAK9326942.1
OG0017203	CAK9326943.1	CAK9326943.1
OG0017204	CAK9326944.1	CAK9326944.1
OG0017205	CAK9326945.1	CAK9326945.1
OG0017206	CAK9326946.1	CAK9326946.1
OG0017207	CAK9326947.1	CAK9326947.1
OG0017208	CAK9326948.1	CAK9326948.1
OG0017209	CAK9326949.1	CAK9326949.1
OG0017210	CAK9326950.1	CAK9326950.1
OG0017211	CAK9326951.1	CAK9326951.1
OG0017212	CAK9326952.1	CAK9326952.1
OG0017213	CAK9326953.1	CAK9326953.1
OG0017214	CAK9326954.1	CAK9326954.1
OG0017215	CAK9326955.1	CAK9326955.1
OG0017216	CAK9326956.1	CAK9326956.1
OG0017217	CAK9326957.1	CAK9326957.1
OG0017218	CAK9326958.1	CAK9326958.1
OG0017219	CAK9326959.1	CAK9326959.1
OG0017220	CAK9326960.1	CAK9326960.1
OG0017221	CAK9326961.1	CAK9326961.1
OG0017222	CAK9326962.1	CAK9326962.1
OG0017223	CAK9326963.1	CAK9326963.1
OG0017224	CAK9326964.1	CAK9326964.1
OG0017225	CAK9326965.1	CAK9326965.1
OG0017226	CAK9326966.1	CAK9326966.1
OG0017227	CAK9326967.1	CAK9326967.1
OG0017228	CAK9326968.1	CAK9326968.1
OG0017229	CAK9326969.1	CAK9326969.1
OG0017230	CAK9326970.1	CAK9326970.1
OG0017231	CAK9326973.1	CAK9326973.1
OG0017232	CAK9326974.1	CAK9326974.1
OG0017233	CAK9326975.1	CAK9326975.1
OG0017234	CAK9326976.1	CAK9326976.1
OG0017235	CAK9326977.1	CAK9326977.1
OG0017236	CAK9326978.1	CAK9326978.1
OG0017237	CAK9326979.1	CAK9326979.1
OG0017238	CAK9326980.1	CAK9326980.1
OG0017239	CAK9326981.1	CAK9326981.1
OG0017240	CAK9326983.1	CAK9326983.1
OG0017241	CAK9326984.1	CAK9326984.1
OG0017242	CAK9326985.1	CAK9326985.1
OG0017243	CAK9326986.1	CAK9326986.1
OG0017244	CAK9326987.1	CAK9326987.1
OG0017245	CAK9326988.1	CAK9326988.1
OG0017246	CAK9326989.1	CAK9326989.1
OG0017247	CAK9326990.1	CAK9326990.1
OG0017248	CAK9326991.1	CAK9326991.1
OG0017249	CAK9326992.1	CAK9326992.1
OG0017250	CAK9326993.1	CAK9326993.1
OG0017251	CAK9326994.1	CAK9326994.1
OG0017252	CAK9326995.1	CAK9326995.1
OG0017253	CAK9326996.1	CAK9326996.1
OG0017254	CAK9326997.1	CAK9326997.1
OG0017255	CAK9326998.1	CAK9326998.1
OG0017256	CAK9326999.1	CAK9326999.1
OG0017257	CAK9327000.1	CAK9327000.1
OG0017258	CAK9327001.1	CAK9327001.1
OG0017259	CAK9327002.1	CAK9327002.1
OG0017260	CAK9327003.1	CAK9327003.1
OG0017261	CAK9327004.1	CAK9327004.1
OG0017262	CAK9327005.1	CAK9327005.1
OG0017263	CAK9327006.1	CAK9327006.1
OG0017264	CAK9327007.1	CAK9327007.1
OG0017265	CAK9327008.1	CAK9327008.1
OG0017266	CAK9327009.1	CAK9327009.1
OG0017267	CAK9327010.1	CAK9327010.1
OG0017268	CAK9327011.1	CAK9327011.1
OG0017269	CAK9327012.1	CAK9327012.1
OG0017270	CAK9327013.1	CAK9327013.1
OG0017271	CAK9327014.1	CAK9327014.1
OG0017272	CAK9327015.1	CAK9327015.1
OG0017273	CAK9327016.1	CAK9327016.1
OG0017274	CAK9327018.1	CAK9327018.1
OG0017275	CAK9327019.1	CAK9327019.1
OG0017276	CAK9327020.1	CAK9327020.1
OG0017277	CAK9327022.1	CAK9327022.1
OG0017278	CAK9327023.1	CAK9327023.1
OG0017279	CAK9327024.1	CAK9327024.1
OG0017280	CAK9327025.1	CAK9327025.1
OG0017281	CAK9327026.1	CAK9327026.1
OG0017282	CAK9327027.1	CAK9327027.1
OG0017283	CAK9327028.1	CAK9327028.1
OG0017284	CAK9327029.1	CAK9327029.1
OG0017285	CAK9327030.1	CAK9327030.1
OG0017286	CAK9327031.1	CAK9327031.1
OG0017287	CAK9327032.1	CAK9327032.1
OG0017288	CAK9327033.1	CAK9327033.1
OG0017289	CAK9327034.1	CAK9327034.1
OG0017290	CAK9327035.1	CAK9327035.1
OG0017291	CAK9327036.1	CAK9327036.1
OG0017292	CAK9327037.1	CAK9327037.1
OG0017293	CAK9327038.1	CAK9327038.1
OG0017294	CAK9327039.1	CAK9327039.1
OG0017295	CAK9327040.1	CAK9327040.1
OG0017296	CAK9327041.1	CAK9327041.1
OG0017297	CAK9327042.1	CAK9327042.1
OG0017298	CAK9327043.1	CAK9327043.1
OG0017299	CAK9327044.1	CAK9327044.1
OG0017300	CAK9327045.1	CAK9327045.1
OG0017301	CAK9327046.1	CAK9327046.1
OG0017302	CAK9327047.1	CAK9327047.1
OG0017303	CAK9327049.1	CAK9327049.1
OG0017304	CAK9327051.1	CAK9327051.1
OG0017305	CAK9327054.1	CAK9327054.1
OG0017306	CAK9327055.1	CAK9327055.1
OG0017307	CAK9327056.1	CAK9327056.1
OG0017308	CAK9327057.1	CAK9327057.1
OG0017309	CAK9327058.1	CAK9327058.1
OG0017310	CAK9327060.1	CAK9327060.1
OG0017311	CAK9327061.1	CAK9327061.1
OG0017312	CAK9327062.1	CAK9327062.1
OG0017313	CAK9327063.1	CAK9327063.1
OG0017314	CAK9327064.1	CAK9327064.1
OG0017315	CAK9327065.1	CAK9327065.1
OG0017316	CAK9327066.1	CAK9327066.1
OG0017317	CAK9327067.1	CAK9327067.1
OG0017318	CAK9327068.1	CAK9327068.1
OG0017319	CAK9327069.1	CAK9327069.1
OG0017320	CAK9327070.1	CAK9327070.1
OG0017321	CAK9327071.1	CAK9327071.1
OG0017322	CAK9327073.1	CAK9327073.1
OG0017323	CAK9327075.1	CAK9327075.1
OG0017324	CAK9327076.1	CAK9327076.1
OG0017325	CAK9327078.1	CAK9327078.1
OG0017326	CAK9327081.1	CAK9327081.1
OG0017327	CAK9327082.1	CAK9327082.1
OG0017328	CAK9327083.1	CAK9327083.1
OG0017329	CAK9327084.1	CAK9327084.1
OG0017330	CAK9327086.1	CAK9327086.1
OG0017331	CAK9327087.1	CAK9327087.1
OG0017332	CAK9327088.1	CAK9327088.1
OG0017333	CAK9327089.1	CAK9327089.1
OG0017334	CAK9327090.1	CAK9327090.1
OG0017335	CAK9327091.1	CAK9327091.1
OG0017336	CAK9327095.1	CAK9327095.1
OG0017337	CAK9327097.1	CAK9327097.1
OG0017338	CAK9327099.1	CAK9327099.1
OG0017339	CAK9327100.1	CAK9327100.1
OG0017340	CAK9327101.1	CAK9327101.1
OG0017341	CAK9327103.1	CAK9327103.1
OG0017342	CAK9327104.1	CAK9327104.1
OG0017343	CAK9327105.1	CAK9327105.1
OG0017344	CAK9327106.1	CAK9327106.1
OG0017345	CAK9327107.1	CAK9327107.1
OG0017346	CAK9327108.1	CAK9327108.1
OG0017347	CAK9327109.1	CAK9327109.1
OG0017348	CAK9327110.1	CAK9327110.1
OG0017349	CAK9327111.1	CAK9327111.1
OG0017350	CAK9327112.1	CAK9327112.1
OG0017351	CAK9327113.1	CAK9327113.1
OG0017352	CAK9327114.1	CAK9327114.1
OG0017353	CAK9327115.1	CAK9327115.1
OG0017354	CAK9327116.1	CAK9327116.1
OG0017355	CAK9327118.1	CAK9327118.1
OG0017356	CAK9327119.1	CAK9327119.1
OG0017357	CAK9327120.1	CAK9327120.1
OG0017358	CAK9327121.1	CAK9327121.1
OG0017359	CAK9327122.1	CAK9327122.1
OG0017360	CAK9327123.1	CAK9327123.1
OG0017361	CAK9327124.1	CAK9327124.1
OG0017362	CAK9327125.1	CAK9327125.1
OG0017363	CAK9327126.1	CAK9327126.1
OG0017364	CAK9327127.1	CAK9327127.1
OG0017365	CAK9327130.1	CAK9327130.1
OG0017366	CAK9327131.1	CAK9327131.1
OG0017367	CAK9327132.1	CAK9327132.1
OG0017368	CAK9327133.1	CAK9327133.1
OG0017369	CAK9327134.1	CAK9327134.1
OG0017370	CAK9327135.1	CAK9327135.1
OG0017371	CAK9327137.1	CAK9327137.1
OG0017372	CAK9327139.1	CAK9327139.1
OG0017373	CAK9327140.1	CAK9327140.1
OG0017374	CAK9327141.1	CAK9327141.1
OG0017375	CAK9327142.1	CAK9327142.1
OG0017376	CAK9327143.1	CAK9327143.1
OG0017377	CAK9327144.1	CAK9327144.1
OG0017378	CAK9327145.1	CAK9327145.1
OG0017379	CAK9327147.1	CAK9327147.1
OG0017380	CAK9327149.1	CAK9327149.1
OG0017381	CAK9327150.1	CAK9327150.1
OG0017382	CAK9327151.1	CAK9327151.1
OG0017383	CAK9327152.1	CAK9327152.1
OG0017384	CAK9327153.1	CAK9327153.1
OG0017385	CAK9327155.1	CAK9327155.1
OG0017386	CAK9327159.1	CAK9327159.1
OG0017387	CAK9327160.1	CAK9327160.1
OG0017388	CAK9327161.1	CAK9327161.1
OG0017389	CAK9327163.1	CAK9327163.1
OG0017390	CAK9327164.1	CAK9327164.1
OG0017391	CAK9327165.1	CAK9327165.1
OG0017392	CAK9327166.1	CAK9327166.1
OG0017393	CAK9327167.1	CAK9327167.1
OG0017394	CAK9327168.1	CAK9327168.1
OG0017395	CAK9327169.1	CAK9327169.1
OG0017396	CAK9327170.1	CAK9327170.1
OG0017397	CAK9327171.1	CAK9327171.1
OG0017398	CAK9327172.1	CAK9327172.1
OG0017399	CAK9327173.1	CAK9327173.1
OG0017400	CAK9327175.1	CAK9327175.1
OG0017401	CAK9327176.1	CAK9327176.1
OG0017402	CAK9327177.1	CAK9327177.1
OG0017403	CAK9327178.1	CAK9327178.1
OG0017404	CAK9327180.1	CAK9327180.1
OG0017405	CAK9327181.1	CAK9327181.1
OG0017406	CAK9327182.1	CAK9327182.1
OG0017407	CAK9327183.1	CAK9327183.1
OG0017408	CAK9327184.1	CAK9327184.1
OG0017409	CAK9327185.1	CAK9327185.1
OG0017410	CAK9327186.1	CAK9327186.1
OG0017411	CAK9327187.1	CAK9327187.1
OG0017412	CAK9327188.1	CAK9327188.1
OG0017413	CAK9327189.1	CAK9327189.1
OG0017414	CAK9327190.1	CAK9327190.1
OG0017415	CAK9327191.1	CAK9327191.1
OG0017416	CAK9327192.1	CAK9327192.1
OG0017417	CAK9327193.1	CAK9327193.1
OG0017418	CAK9327194.1	CAK9327194.1
OG0017419	CAK9327195.1	CAK9327195.1
OG0017420	CAK9327196.1	CAK9327196.1
OG0017421	CAK9327197.1	CAK9327197.1
OG0017422	CAK9327198.1	CAK9327198.1
OG0017423	CAK9327199.1	CAK9327199.1
OG0017424	CAK9327200.1	CAK9327200.1
OG0017425	CAK9327201.1	CAK9327201.1
OG0017426	CAK9327202.1	CAK9327202.1
OG0017427	CAK9327203.1	CAK9327203.1
OG0017428	CAK9327206.1	CAK9327206.1
OG0017429	CAK9327207.1	CAK9327207.1
OG0017430	CAK9327208.1	CAK9327208.1
OG0017431	CAK9327209.1	CAK9327209.1
OG0017432	CAK9327210.1	CAK9327210.1
OG0017433	CAK9327211.1	CAK9327211.1
OG0017434	CAK9327212.1	CAK9327212.1
OG0017435	CAK9327213.1	CAK9327213.1
OG0017436	CAK9327215.1	CAK9327215.1
OG0017437	CAK9327216.1	CAK9327216.1
OG0017438	CAK9327218.1	CAK9327218.1
OG0017439	CAK9327219.1	CAK9327219.1
OG0017440	CAK9327221.1	CAK9327221.1
OG0017441	CAK9327222.1	CAK9327222.1
OG0017442	CAK9327223.1	CAK9327223.1
OG0017443	CAK9327224.1	CAK9327224.1
OG0017444	CAK9327225.1	CAK9327225.1
OG0017445	CAK9327227.1	CAK9327227.1
OG0017446	CAK9327228.1	CAK9327228.1
OG0017447	CAK9327229.1	CAK9327229.1
OG0017448	CAK9327230.1	CAK9327230.1
OG0017449	CAK9327231.1	CAK9327231.1
OG0017450	CAK9327232.1	CAK9327232.1
OG0017451	CAK9327233.1	CAK9327233.1
OG0017452	CAK9327235.1	CAK9327235.1
OG0017453	CAK9327236.1	CAK9327236.1
OG0017454	CAK9327237.1	CAK9327237.1
OG0017455	CAK9327238.1	CAK9327238.1
OG0017456	CAK9327239.1	CAK9327239.1
OG0017457	CAK9327240.1	CAK9327240.1
OG0017458	CAK9327241.1	CAK9327241.1
OG0017459	CAK9327242.1	CAK9327242.1
OG0017460	CAK9327243.1	CAK9327243.1
OG0017461	CAK9327244.1	CAK9327244.1
OG0017462	CAK9327245.1	CAK9327245.1
OG0017463	CAK9327248.1	CAK9327248.1
OG0017464	CAK9327249.1	CAK9327249.1
OG0017465	CAK9327250.1	CAK9327250.1
OG0017466	CAK9327253.1	CAK9327253.1
OG0017467	CAK9327254.1	CAK9327254.1
OG0017468	CAK9327255.1	CAK9327255.1
OG0017469	CAK9327256.1	CAK9327256.1
OG0017470	CAK9327257.1	CAK9327257.1
OG0017471	CAK9327258.1	CAK9327258.1
OG0017472	CAK9327259.1	CAK9327259.1
OG0017473	CAK9327260.1	CAK9327260.1
OG0017474	CAK9327261.1	CAK9327261.1
OG0017475	CAK9327262.1	CAK9327262.1
OG0017476	CAK9327263.1	CAK9327263.1
OG0017477	CAK9327264.1	CAK9327264.1
OG0017478	CAK9327265.1	CAK9327265.1
OG0017479	CAK9327266.1	CAK9327266.1
OG0017480	CAK9327267.1	CAK9327267.1
OG0017481	CAK9327268.1	CAK9327268.1
OG0017482	CAK9327269.1	CAK9327269.1
OG0017483	CAK9327270.1	CAK9327270.1
OG0017484	CAK9327271.1	CAK9327271.1
OG0017485	CAK9327272.1	CAK9327272.1
OG0017486	CAK9327273.1	CAK9327273.1
OG0017487	CAK9327274.1	CAK9327274.1
OG0017488	CAK9327275.1	CAK9327275.1
OG0017489	CAK9327276.1	CAK9327276.1
OG0017490	CAK9327277.1	CAK9327277.1
OG0017491	CAK9327278.1	CAK9327278.1
OG0017492	CAK9327279.1	CAK9327279.1
OG0017493	CAK9327282.1	CAK9327282.1
OG0017494	CAK9327283.1	CAK9327283.1
OG0017495	CAK9327284.1	CAK9327284.1
OG0017496	CAK9327285.1	CAK9327285.1
OG0017497	CAK9327286.1	CAK9327286.1
OG0017498	CAK9327287.1	CAK9327287.1
OG0017499	CAK9327289.1	CAK9327289.1
OG0017500	CAK9327290.1	CAK9327290.1
OG0017501	CAK9327291.1	CAK9327291.1
OG0017502	CAK9327292.1	CAK9327292.1
OG0017503	CAK9327293.1	CAK9327293.1
OG0017504	CAK9327294.1	CAK9327294.1
OG0017505	CAK9327295.1	CAK9327295.1
OG0017506	CAK9327296.1	CAK9327296.1
OG0017507	CAK9327297.1	CAK9327297.1
OG0017508	CAK9327298.1	CAK9327298.1
OG0017509	CAK9327300.1	CAK9327300.1
OG0017510	CAK9327301.1	CAK9327301.1
OG0017511	CAK9327302.1	CAK9327302.1
OG0017512	CAK9327303.1	CAK9327303.1
OG0017513	CAK9327304.1	CAK9327304.1
OG0017514	CAK9327305.1	CAK9327305.1
OG0017515	CAK9327306.1	CAK9327306.1
OG0017516	CAK9327307.1	CAK9327307.1
OG0017517	CAK9327308.1	CAK9327308.1
OG0017518	CAK9327310.1	CAK9327310.1
OG0017519	CAK9327311.1	CAK9327311.1
OG0017520	CAK9327315.1	CAK9327315.1
OG0017521	CAK9327316.1	CAK9327316.1
OG0017522	CAK9327317.1	CAK9327317.1
OG0017523	CAK9327319.1	CAK9327319.1
OG0017524	CAK9327320.1	CAK9327320.1
OG0017525	CAK9327321.1	CAK9327321.1
OG0017526	CAK9327322.1	CAK9327322.1
OG0017527	CAK9327323.1	CAK9327323.1
OG0017528	CAK9327324.1	CAK9327324.1
OG0017529	CAK9327325.1	CAK9327325.1
OG0017530	CAK9327326.1	CAK9327326.1
OG0017531	CAK9327329.1	CAK9327329.1
OG0017532	CAK9327330.1	CAK9327330.1
OG0017533	CAK9327331.1	CAK9327331.1
OG0017534	CAK9327332.1	CAK9327332.1
OG0017535	CAK9327333.1	CAK9327333.1
OG0017536	CAK9327334.1	CAK9327334.1
OG0017537	CAK9327337.1	CAK9327337.1
OG0017538	CAK9327338.1	CAK9327338.1
OG0017539	CAK9327339.1	CAK9327339.1
OG0017540	CAK9327340.1	CAK9327340.1
OG0017541	CAK9327341.1	CAK9327341.1
OG0017542	CAK9327342.1	CAK9327342.1
OG0017543	CAK9327343.1	CAK9327343.1
OG0017544	CAK9327344.1	CAK9327344.1
OG0017545	CAK9327345.1	CAK9327345.1
OG0017546	CAK9327346.1	CAK9327346.1
OG0017547	CAK9327347.1	CAK9327347.1
OG0017548	CAK9327348.1	CAK9327348.1
OG0017549	CAK9327349.1	CAK9327349.1
OG0017550	CAK9327350.1	CAK9327350.1
OG0017551	CAK9327351.1	CAK9327351.1
OG0017552	CAK9327352.1	CAK9327352.1
OG0017553	CAK9327353.1	CAK9327353.1
OG0017554	CAK9327354.1	CAK9327354.1
OG0017555	CAK9327355.1	CAK9327355.1
OG0017556	CAK9327356.1	CAK9327356.1
OG0017557	CAK9327357.1	CAK9327357.1
OG0017558	CAK9327358.1	CAK9327358.1
OG0017559	CAK9327359.1	CAK9327359.1
OG0017560	CAK9327360.1	CAK9327360.1
OG0017561	CAK9327361.1	CAK9327361.1
OG0017562	CAK9327362.1	CAK9327362.1
OG0017563	CAK9327363.1	CAK9327363.1
OG0017564	CAK9327364.1	CAK9327364.1
OG0017565	CAK9327365.1	CAK9327365.1
OG0017566	CAK9327366.1	CAK9327366.1
OG0017567	CAK9327367.1	CAK9327367.1
OG0017568	CAK9327368.1	CAK9327368.1
OG0017569	CAK9327369.1	CAK9327369.1
OG0017570	CAK9327370.1	CAK9327370.1
OG0017571	CAK9327371.1	CAK9327371.1
OG0017572	CAK9327372.1	CAK9327372.1
OG0017573	CAK9327373.1	CAK9327373.1
OG0017574	CAK9327374.1	CAK9327374.1
OG0017575	CAK9327376.1	CAK9327376.1
OG0017576	CAK9327377.1	CAK9327377.1
OG0017577	CAK9327378.1	CAK9327378.1
OG0017578	CAK9327379.1	CAK9327379.1
OG0017579	CAK9327383.1	CAK9327383.1
OG0017580	CAK9327384.1	CAK9327384.1
OG0017581	CAK9327385.1	CAK9327385.1
OG0017582	CAK9327386.1	CAK9327386.1
OG0017583	CAK9327387.1	CAK9327387.1
OG0017584	CAK9327388.1	CAK9327388.1
OG0017585	CAK9327389.1	CAK9327389.1
OG0017586	CAK9327390.1	CAK9327390.1
OG0017587	CAK9327391.1	CAK9327391.1
OG0017588	CAK9327392.1	CAK9327392.1
OG0017589	CAK9327393.1	CAK9327393.1
OG0017590	CAK9327394.1	CAK9327394.1
OG0017591	CAK9327395.1	CAK9327395.1
OG0017592	CAK9327397.1	CAK9327397.1
OG0017593	CAK9327399.1	CAK9327399.1
OG0017594	CAK9327400.1	CAK9327400.1
OG0017595	CAK9327401.1	CAK9327401.1
OG0017596	CAK9327402.1	CAK9327402.1
OG0017597	CAK9327403.1	CAK9327403.1
OG0017598	CAK9327404.1	CAK9327404.1
OG0017599	CAK9327405.1	CAK9327405.1
OG0017600	CAK9327406.1	CAK9327406.1
OG0017601	CAK9327407.1	CAK9327407.1
OG0017602	CAK9327408.1	CAK9327408.1
OG0017603	CAK9327409.1	CAK9327409.1
OG0017604	CAK9327410.1	CAK9327410.1
OG0017605	CAK9327411.1	CAK9327411.1
OG0017606	CAK9327412.1	CAK9327412.1
OG0017607	CAK9327413.1	CAK9327413.1
OG0017608	CAK9327414.1	CAK9327414.1
OG0017609	CAK9327415.1	CAK9327415.1
OG0017610	CAK9327416.1	CAK9327416.1
OG0017611	CAK9327417.1	CAK9327417.1
OG0017612	CAK9327418.1	CAK9327418.1
OG0017613	CAK9327419.1	CAK9327419.1
OG0017614	CAK9327420.1	CAK9327420.1
OG0017615	CAK9327421.1	CAK9327421.1
OG0017616	CAK9327422.1	CAK9327422.1
OG0017617	CAK9327423.1	CAK9327423.1
OG0017618	CAK9327424.1	CAK9327424.1
OG0017619	CAK9327425.1	CAK9327425.1
OG0017620	CAK9327426.1	CAK9327426.1
OG0017621	CAK9327427.1	CAK9327427.1
OG0017622	CAK9327428.1	CAK9327428.1
OG0017623	CAK9327429.1	CAK9327429.1
OG0017624	CAK9327430.1	CAK9327430.1
OG0017625	CAK9327431.1	CAK9327431.1
OG0017626	CAK9327432.1	CAK9327432.1
OG0017627	CAK9327434.1	CAK9327434.1
OG0017628	CAK9327435.1	CAK9327435.1
OG0017629	CAK9327436.1	CAK9327436.1
OG0017630	CAK9327437.1	CAK9327437.1
OG0017631	CAK9327438.1	CAK9327438.1
OG0017632	CAK9327439.1	CAK9327439.1
OG0017633	CAK9327440.1	CAK9327440.1
OG0017634	CAK9327441.1	CAK9327441.1
OG0017635	CAK9327442.1	CAK9327442.1
OG0017636	CAK9327443.1	CAK9327443.1
OG0017637	CAK9327444.1	CAK9327444.1
OG0017638	CAK9327445.1	CAK9327445.1
OG0017639	CAK9327446.1	CAK9327446.1
OG0017640	CAK9327447.1	CAK9327447.1
OG0017641	CAK9327448.1	CAK9327448.1
OG0017642	CAK9327449.1	CAK9327449.1
OG0017643	CAK9327450.1	CAK9327450.1
OG0017644	CAK9327451.1	CAK9327451.1
OG0017645	CAK9327452.1	CAK9327452.1
OG0017646	CAK9327454.1	CAK9327454.1
OG0017647	CAK9327455.1	CAK9327455.1
OG0017648	CAK9327456.1	CAK9327456.1
OG0017649	CAK9327457.1	CAK9327457.1
OG0017650	CAK9327458.1	CAK9327458.1
OG0017651	CAK9327459.1	CAK9327459.1
OG0017652	CAK9327460.1	CAK9327460.1
OG0017653	CAK9327461.1	CAK9327461.1
OG0017654	CAK9327462.1	CAK9327462.1
OG0017655	CAK9327463.1	CAK9327463.1
OG0017656	CAK9327464.1	CAK9327464.1
OG0017657	CAK9327465.1	CAK9327465.1
OG0017658	CAK9327466.1	CAK9327466.1
OG0017659	CAK9327467.1	CAK9327467.1
OG0017660	CAK9327468.1	CAK9327468.1
OG0017661	CAK9327469.1	CAK9327469.1
OG0017662	CAK9327470.1	CAK9327470.1
OG0017663	CAK9327471.1	CAK9327471.1
OG0017664	CAK9327472.1	CAK9327472.1
OG0017665	CAK9327473.1	CAK9327473.1
OG0017666	CAK9327474.1	CAK9327474.1
OG0017667	CAK9327475.1	CAK9327475.1
OG0017668	CAK9327476.1	CAK9327476.1
OG0017669	CAK9327477.1	CAK9327477.1
OG0017670	CAK9327478.1	CAK9327478.1
OG0017671	CAK9327479.1	CAK9327479.1
OG0017672	CAK9327480.1	CAK9327480.1
OG0017673	CAK9327481.1	CAK9327481.1
OG0017674	CAK9327482.1	CAK9327482.1
OG0017675	CAK9327483.1	CAK9327483.1
OG0017676	CAK9327484.1	CAK9327484.1
OG0017677	CAK9327485.1	CAK9327485.1
OG0017678	CAK9327486.1	CAK9327486.1
OG0017679	CAK9327487.1	CAK9327487.1
OG0017680	CAK9327488.1	CAK9327488.1
OG0017681	CAK9327489.1	CAK9327489.1
OG0017682	CAK9327490.1	CAK9327490.1
OG0017683	CAK9327491.1	CAK9327491.1
OG0017684	CAK9327493.1	CAK9327493.1
OG0017685	CAK9327494.1	CAK9327494.1
OG0017686	CAK9327495.1	CAK9327495.1
OG0017687	CAK9327496.1	CAK9327496.1
OG0017688	CAK9327497.1	CAK9327497.1
OG0017689	CAK9327498.1	CAK9327498.1
OG0017690	CAK9327499.1	CAK9327499.1
OG0017691	CAK9327500.1	CAK9327500.1
OG0017692	CAK9327501.1	CAK9327501.1
OG0017693	CAK9327502.1	CAK9327502.1
OG0017694	CAK9327504.1	CAK9327504.1
OG0017695	CAK9327505.1	CAK9327505.1
OG0017696	CAK9327506.1	CAK9327506.1
OG0017697	CAK9327507.1	CAK9327507.1
OG0017698	CAK9327508.1	CAK9327508.1
OG0017699	CAK9327509.1	CAK9327509.1
OG0017700	CAK9327510.1	CAK9327510.1
OG0017701	CAK9327511.1	CAK9327511.1
OG0017702	CAK9327512.1	CAK9327512.1
OG0017703	CAK9327513.1	CAK9327513.1
OG0017704	CAK9327514.1	CAK9327514.1
OG0017705	CAK9327516.1	CAK9327516.1
OG0017706	CAK9327517.1	CAK9327517.1
OG0017707	CAK9327518.1	CAK9327518.1
OG0017708	CAK9327520.1	CAK9327520.1
OG0017709	CAK9327521.1	CAK9327521.1
OG0017710	CAK9327522.1	CAK9327522.1
OG0017711	CAK9327523.1	CAK9327523.1
OG0017712	CAK9327524.1	CAK9327524.1
OG0017713	CAK9327525.1	CAK9327525.1
OG0017714	CAK9327526.1	CAK9327526.1
OG0017715	CAK9327527.1	CAK9327527.1
OG0017716	CAK9327529.1	CAK9327529.1
OG0017717	CAK9327530.1	CAK9327530.1
OG0017718	CAK9327531.1	CAK9327531.1
OG0017719	CAK9327532.1	CAK9327532.1
OG0017720	CAK9327534.1	CAK9327534.1
OG0017721	CAK9327535.1	CAK9327535.1
OG0017722	CAK9327536.1	CAK9327536.1
OG0017723	CAK9327537.1	CAK9327537.1
OG0017724	CAK9327538.1	CAK9327538.1
OG0017725	CAK9327539.1	CAK9327539.1
OG0017726	CAK9327540.1	CAK9327540.1
OG0017727	CAK9327541.1	CAK9327541.1
OG0017728	CAK9327542.1	CAK9327542.1
OG0017729	CAK9327543.1	CAK9327543.1
OG0017730	CAK9327545.1	CAK9327545.1
OG0017731	CAK9327547.1	CAK9327547.1
OG0017732	CAK9327548.1	CAK9327548.1
OG0017733	CAK9327549.1	CAK9327549.1
OG0017734	CAK9327550.1	CAK9327550.1
OG0017735	CAK9327551.1	CAK9327551.1
OG0017736	CAK9327552.1	CAK9327552.1
OG0017737	CAK9327553.1	CAK9327553.1
OG0017738	CAK9327555.1	CAK9327555.1
OG0017739	CAK9327556.1	CAK9327556.1
OG0017740	CAK9327557.1	CAK9327557.1
OG0017741	CAK9327558.1	CAK9327558.1
OG0017742	CAK9327559.1	CAK9327559.1
OG0017743	CAK9327560.1	CAK9327560.1
OG0017744	CAK9327561.1	CAK9327561.1
OG0017745	CAK9327563.1	CAK9327563.1
OG0017746	CAK9327564.1	CAK9327564.1
OG0017747	CAK9327566.1	CAK9327566.1
OG0017748	CAK9327567.1	CAK9327567.1
OG0017749	CAK9327568.1	CAK9327568.1
OG0017750	CAK9327569.1	CAK9327569.1
OG0017751	CAK9327570.1	CAK9327570.1
OG0017752	CAK9327572.1	CAK9327572.1
OG0017753	CAK9327573.1	CAK9327573.1
OG0017754	CAK9327574.1	CAK9327574.1
OG0017755	CAK9327575.1	CAK9327575.1
OG0017756	CAK9327576.1	CAK9327576.1
OG0017757	CAK9327577.1	CAK9327577.1
OG0017758	CAK9327578.1	CAK9327578.1
OG0017759	CAK9327580.1	CAK9327580.1
OG0017760	CAK9327581.1	CAK9327581.1
OG0017761	CAK9327585.1	CAK9327585.1
OG0017762	CAK9327586.1	CAK9327586.1
OG0017763	CAK9327587.1	CAK9327587.1
OG0017764	CAK9327588.1	CAK9327588.1
OG0017765	CAK9327589.1	CAK9327589.1
OG0017766	CAK9327591.1	CAK9327591.1
OG0017767	CAK9327592.1	CAK9327592.1
OG0017768	CAK9327593.1	CAK9327593.1
OG0017769	CAK9327594.1	CAK9327594.1
OG0017770	CAK9327595.1	CAK9327595.1
OG0017771	CAK9327596.1	CAK9327596.1
OG0017772	CAK9327597.1	CAK9327597.1
OG0017773	CAK9327598.1	CAK9327598.1
OG0017774	CAK9327599.1	CAK9327599.1
OG0017775	CAK9327600.1	CAK9327600.1
OG0017776	CAK9327601.1	CAK9327601.1
OG0017777	CAK9327602.1	CAK9327602.1
OG0017778	CAK9327604.1	CAK9327604.1
OG0017779	CAK9327606.1	CAK9327606.1
OG0017780	CAK9327609.1	CAK9327609.1
OG0017781	CAK9327610.1	CAK9327610.1
OG0017782	CAK9327611.1	CAK9327611.1
OG0017783	CAK9327612.1	CAK9327612.1
OG0017784	CAK9327613.1	CAK9327613.1
OG0017785	CAK9327614.1	CAK9327614.1
OG0017786	CAK9327615.1	CAK9327615.1
OG0017787	CAK9327617.1	CAK9327617.1
OG0017788	CAK9327618.1	CAK9327618.1
OG0017789	CAK9327619.1	CAK9327619.1
OG0017790	CAK9327620.1	CAK9327620.1
OG0017791	CAK9327621.1	CAK9327621.1
OG0017792	CAK9327623.1	CAK9327623.1
OG0017793	CAK9327624.1	CAK9327624.1
OG0017794	CAK9327625.1	CAK9327625.1
OG0017795	CAK9327626.1	CAK9327626.1
OG0017796	CAK9327627.1	CAK9327627.1
OG0017797	CAK9327628.1	CAK9327628.1
OG0017798	CAK9327629.1	CAK9327629.1
OG0017799	CAK9327630.1	CAK9327630.1
OG0017800	CAK9327631.1	CAK9327631.1
OG0017801	CAK9327632.1	CAK9327632.1
OG0017802	CAK9327633.1	CAK9327633.1
OG0017803	CAK9327634.1	CAK9327634.1
OG0017804	CAK9327635.1	CAK9327635.1
OG0017805	CAK9327636.1	CAK9327636.1
OG0017806	CAK9327637.1	CAK9327637.1
OG0017807	CAK9327638.1	CAK9327638.1
OG0017808	CAK9327639.1	CAK9327639.1
OG0017809	CAK9327640.1	CAK9327640.1
OG0017810	CAK9327641.1	CAK9327641.1
OG0017811	CAK9327645.1	CAK9327645.1
OG0017812	CAK9327646.1	CAK9327646.1
OG0017813	CAK9327647.1	CAK9327647.1
OG0017814	CAK9327648.1	CAK9327648.1
OG0017815	CAK9327649.1	CAK9327649.1
OG0017816	CAK9327650.1	CAK9327650.1
OG0017817	CAK9327653.1	CAK9327653.1
OG0017818	CAK9327655.1	CAK9327655.1
OG0017819	CAK9327656.1	CAK9327656.1
OG0017820	CAK9327657.1	CAK9327657.1
OG0017821	CAK9327658.1	CAK9327658.1
OG0017822	CAK9327659.1	CAK9327659.1
OG0017823	CAK9327661.1	CAK9327661.1
OG0017824	CAK9327662.1	CAK9327662.1
OG0017825	CAK9327663.1	CAK9327663.1
OG0017826	CAK9327664.1	CAK9327664.1
OG0017827	CAK9327665.1	CAK9327665.1
OG0017828	CAK9327666.1	CAK9327666.1
OG0017829	CAK9327667.1	CAK9327667.1
OG0017830	CAK9327669.1	CAK9327669.1
OG0017831	CAK9327670.1	CAK9327670.1
OG0017832	CAK9327671.1	CAK9327671.1
OG0017833	CAK9327672.1	CAK9327672.1
OG0017834	CAK9327673.1	CAK9327673.1
OG0017835	CAK9327674.1	CAK9327674.1
OG0017836	CAK9327675.1	CAK9327675.1
OG0017837	CAK9327676.1	CAK9327676.1
OG0017838	CAK9327677.1	CAK9327677.1
OG0017839	CAK9327678.1	CAK9327678.1
OG0017840	CAK9327679.1	CAK9327679.1
OG0017841	CAK9327680.1	CAK9327680.1
OG0017842	CAK9327681.1	CAK9327681.1
OG0017843	CAK9327682.1	CAK9327682.1
OG0017844	CAK9327683.1	CAK9327683.1
OG0017845	CAK9327684.1	CAK9327684.1
OG0017846	CAK9327685.1	CAK9327685.1
OG0017847	CAK9327686.1	CAK9327686.1
OG0017848	CAK9327687.1	CAK9327687.1
OG0017849	CAK9327688.1	CAK9327688.1
OG0017850	CAK9327689.1	CAK9327689.1
OG0017851	CAK9327690.1	CAK9327690.1
OG0017852	CAK9327691.1	CAK9327691.1
OG0017853	CAK9327692.1	CAK9327692.1
OG0017854	CAK9327693.1	CAK9327693.1
OG0017855	CAK9327694.1	CAK9327694.1
OG0017856	CAK9327695.1	CAK9327695.1
OG0017857	CAK9327696.1	CAK9327696.1
OG0017858	CAK9327697.1	CAK9327697.1
OG0017859	CAK9327698.1	CAK9327698.1
OG0017860	CAK9327700.1	CAK9327700.1
OG0017861	CAK9327701.1	CAK9327701.1
OG0017862	CAK9327702.1	CAK9327702.1
OG0017863	CAK9327703.1	CAK9327703.1
OG0017864	CAK9327704.1	CAK9327704.1
OG0017865	CAK9327705.1	CAK9327705.1
OG0017866	CAK9327706.1	CAK9327706.1
OG0017867	CAK9327707.1	CAK9327707.1
OG0017868	CAK9327709.1	CAK9327709.1
OG0017869	CAK9327710.1	CAK9327710.1
OG0017870	CAK9327711.1	CAK9327711.1
OG0017871	CAK9327712.1	CAK9327712.1
OG0017872	CAK9327713.1	CAK9327713.1
OG0017873	CAK9327715.1	CAK9327715.1
OG0017874	CAK9327716.1	CAK9327716.1
OG0017875	CAK9327717.1	CAK9327717.1
OG0017876	CAK9327718.1	CAK9327718.1
OG0017877	CAK9327719.1	CAK9327719.1
OG0017878	CAK9327720.1	CAK9327720.1
OG0017879	CAK9327721.1	CAK9327721.1
OG0017880	CAK9327722.1	CAK9327722.1
OG0017881	CAK9327723.1	CAK9327723.1
OG0017882	CAK9327724.1	CAK9327724.1
OG0017883	CAK9327725.1	CAK9327725.1
OG0017884	CAK9327726.1	CAK9327726.1
OG0017885	CAK9327727.1	CAK9327727.1
OG0017886	CAK9327728.1	CAK9327728.1
OG0017887	CAK9327729.1	CAK9327729.1
OG0017888	CAK9327730.1	CAK9327730.1
OG0017889	CAK9327731.1	CAK9327731.1
OG0017890	CAK9327732.1	CAK9327732.1
OG0017891	CAK9327733.1	CAK9327733.1
OG0017892	CAK9327734.1	CAK9327734.1
OG0017893	CAK9327735.1	CAK9327735.1
OG0017894	CAK9327736.1	CAK9327736.1
OG0017895	CAK9327737.1	CAK9327737.1
OG0017896	CAK9327738.1	CAK9327738.1
OG0017897	CAK9327739.1	CAK9327739.1
OG0017898	CAK9327741.1	CAK9327741.1
OG0017899	CAK9327742.1	CAK9327742.1
OG0017900	CAK9327744.1	CAK9327744.1
OG0017901	CAK9327745.1	CAK9327745.1
OG0017902	CAK9327746.1	CAK9327746.1
OG0017903	CAK9327748.1	CAK9327748.1
OG0017904	CAK9327749.1	CAK9327749.1
OG0017905	CAK9327750.1	CAK9327750.1
OG0017906	CAK9327751.1	CAK9327751.1
OG0017907	CAK9327752.1	CAK9327752.1
OG0017908	CAK9327753.1	CAK9327753.1
OG0017909	CAK9327754.1	CAK9327754.1
OG0017910	CAK9327755.1	CAK9327755.1
OG0017911	CAK9327756.1	CAK9327756.1
OG0017912	CAK9327757.1	CAK9327757.1
OG0017913	CAK9327758.1	CAK9327758.1
OG0017914	CAK9327759.1	CAK9327759.1
OG0017915	CAK9327760.1	CAK9327760.1
OG0017916	CAK9327762.1	CAK9327762.1
OG0017917	CAK9327763.1	CAK9327763.1
OG0017918	CAK9327764.1	CAK9327764.1
OG0017919	CAK9327765.1	CAK9327765.1
OG0017920	CAK9327766.1	CAK9327766.1
OG0017921	CAK9327767.1	CAK9327767.1
OG0017922	CAK9327768.1	CAK9327768.1
OG0017923	CAK9327769.1	CAK9327769.1
OG0017924	CAK9327770.1	CAK9327770.1
OG0017925	CAK9327771.1	CAK9327771.1
OG0017926	CAK9327773.1	CAK9327773.1
OG0017927	CAK9327774.1	CAK9327774.1
OG0017928	CAK9327777.1	CAK9327777.1
OG0017929	CAK9327778.1	CAK9327778.1
OG0017930	CAK9327779.1	CAK9327779.1
OG0017931	CAK9327780.1	CAK9327780.1
OG0017932	CAK9327781.1	CAK9327781.1
OG0017933	CAK9327782.1	CAK9327782.1
OG0017934	CAK9327783.1	CAK9327783.1
OG0017935	CAK9327784.1	CAK9327784.1
OG0017936	CAK9327785.1	CAK9327785.1
OG0017937	CAK9327787.1	CAK9327787.1
OG0017938	CAK9327788.1	CAK9327788.1
OG0017939	CAK9327789.1	CAK9327789.1
OG0017940	CAK9327790.1	CAK9327790.1
OG0017941	CAK9327792.1	CAK9327792.1
OG0017942	CAK9327793.1	CAK9327793.1
OG0017943	CAK9327794.1	CAK9327794.1
OG0017944	CAK9327795.1	CAK9327795.1
OG0017945	CAK9327796.1	CAK9327796.1
OG0017946	CAK9327798.1	CAK9327798.1
OG0017947	CAK9327799.1	CAK9327799.1
OG0017948	CAK9327800.1	CAK9327800.1
OG0017949	CAK9327801.1	CAK9327801.1
OG0017950	CAK9327802.1	CAK9327802.1
OG0017951	CAK9327803.1	CAK9327803.1
OG0017952	CAK9327804.1	CAK9327804.1
OG0017953	CAK9327805.1	CAK9327805.1
OG0017954	CAK9327806.1	CAK9327806.1
OG0017955	CAK9327807.1	CAK9327807.1
OG0017956	CAK9327808.1	CAK9327808.1
OG0017957	CAK9327809.1	CAK9327809.1
OG0017958	CAK9327810.1	CAK9327810.1
OG0017959	CAK9327811.1	CAK9327811.1
OG0017960	CAK9327812.1	CAK9327812.1
OG0017961	CAK9327813.1	CAK9327813.1
OG0017962	CAK9327814.1	CAK9327814.1
OG0017963	CAK9327815.1	CAK9327815.1
OG0017964	CAK9327816.1	CAK9327816.1
OG0017965	CAK9327817.1	CAK9327817.1
OG0017966	CAK9327818.1	CAK9327818.1
OG0017967	CAK9327819.1	CAK9327819.1
OG0017968	CAK9327820.1	CAK9327820.1
OG0017969	CAK9327821.1	CAK9327821.1
OG0017970	CAK9327823.1	CAK9327823.1
OG0017971	CAK9327824.1	CAK9327824.1
OG0017972	CAK9327825.1	CAK9327825.1
OG0017973	CAK9327826.1	CAK9327826.1
OG0017974	CAK9327827.1	CAK9327827.1
OG0017975	CAK9327828.1	CAK9327828.1
OG0017976	CAK9327829.1	CAK9327829.1
OG0017977	CAK9327830.1	CAK9327830.1
OG0017978	CAK9327831.1	CAK9327831.1
OG0017979	CAK9327832.1	CAK9327832.1
OG0017980	CAK9327833.1	CAK9327833.1
OG0017981	CAK9327834.1	CAK9327834.1
OG0017982	CAK9327835.1	CAK9327835.1
OG0017983	CAK9327836.1	CAK9327836.1
OG0017984	CAK9327837.1	CAK9327837.1
OG0017985	CAK9327838.1	CAK9327838.1
OG0017986	CAK9327839.1	CAK9327839.1
OG0017987	CAK9327840.1	CAK9327840.1
OG0017988	CAK9327841.1	CAK9327841.1
OG0017989	CAK9327842.1	CAK9327842.1
OG0017990	CAK9327843.1	CAK9327843.1
OG0017991	CAK9327844.1	CAK9327844.1
OG0017992	CAK9327845.1	CAK9327845.1
OG0017993	CAK9327846.1	CAK9327846.1
OG0017994	CAK9327847.1	CAK9327847.1
OG0017995	CAK9327848.1	CAK9327848.1
OG0017996	CAK9327849.1	CAK9327849.1
OG0017997	CAK9327850.1	CAK9327850.1
OG0017998	CAK9327853.1	CAK9327853.1
OG0017999	CAK9327854.1	CAK9327854.1
OG0018000	CAK9327855.1	CAK9327855.1
OG0018001	CAK9327856.1	CAK9327856.1
OG0018002	CAK9327857.1	CAK9327857.1
OG0018003	CAK9327858.1	CAK9327858.1
OG0018004	CAK9327859.1	CAK9327859.1
OG0018005	CAK9327860.1	CAK9327860.1
OG0018006	CAK9327861.1	CAK9327861.1
OG0018007	CAK9327862.1	CAK9327862.1
OG0018008	CAK9327863.1	CAK9327863.1
OG0018009	CAK9327864.1	CAK9327864.1
OG0018010	CAK9327865.1	CAK9327865.1
OG0018011	CAK9327866.1	CAK9327866.1
OG0018012	CAK9327867.1	CAK9327867.1
OG0018013	CAK9327868.1	CAK9327868.1
OG0018014	CAK9327869.1	CAK9327869.1
OG0018015	CAK9327870.1	CAK9327870.1
OG0018016	CAK9327871.1	CAK9327871.1
OG0018017	CAK9327872.1	CAK9327872.1
OG0018018	CAK9327873.1	CAK9327873.1
OG0018019	CAK9327874.1	CAK9327874.1
OG0018020	CAK9327875.1	CAK9327875.1
OG0018021	CAK9327876.1	CAK9327876.1
OG0018022	CAK9327877.1	CAK9327877.1
OG0018023	CAK9327878.1	CAK9327878.1
OG0018024	CAK9327879.1	CAK9327879.1
OG0018025	CAK9327880.1	CAK9327880.1
OG0018026	CAK9327881.1	CAK9327881.1
OG0018027	CAK9327882.1	CAK9327882.1
OG0018028	CAK9327883.1	CAK9327883.1
OG0018029	CAK9327884.1	CAK9327884.1
OG0018030	CAK9327885.1	CAK9327885.1
OG0018031	CAK9327886.1	CAK9327886.1
OG0018032	CAK9327887.1	CAK9327887.1
OG0018033	CAK9327888.1	CAK9327888.1
OG0018034	CAK9327889.1	CAK9327889.1
OG0018035	CAK9327890.1	CAK9327890.1
OG0018036	CAK9327891.1	CAK9327891.1
OG0018037	CAK9327892.1	CAK9327892.1
OG0018038	CAK9327894.1	CAK9327894.1
OG0018039	CAK9327895.1	CAK9327895.1
OG0018040	CAK9327896.1	CAK9327896.1
OG0018041	CAK9327897.1	CAK9327897.1
OG0018042	CAK9327898.1	CAK9327898.1
OG0018043	CAK9327899.1	CAK9327899.1
OG0018044	CAK9327900.1	CAK9327900.1
OG0018045	CAK9327901.1	CAK9327901.1
OG0018046	CAK9327902.1	CAK9327902.1
OG0018047	CAK9327903.1	CAK9327903.1
OG0018048	CAK9327904.1	CAK9327904.1
OG0018049	CAK9327905.1	CAK9327905.1
OG0018050	CAK9327906.1	CAK9327906.1
OG0018051	CAK9327907.1	CAK9327907.1
OG0018052	CAK9327909.1	CAK9327909.1
OG0018053	CAK9327910.1	CAK9327910.1
OG0018054	CAK9327911.1	CAK9327911.1
OG0018055	CAK9327912.1	CAK9327912.1
OG0018056	CAK9327913.1	CAK9327913.1
OG0018057	CAK9327914.1	CAK9327914.1
OG0018058	CAK9327916.1	CAK9327916.1
OG0018059	CAK9327918.1	CAK9327918.1
OG0018060	CAK9327919.1	CAK9327919.1
OG0018061	CAK9327920.1	CAK9327920.1
OG0018062	CAK9327922.1	CAK9327922.1
OG0018063	CAK9327923.1	CAK9327923.1
OG0018064	CAK9327924.1	CAK9327924.1
OG0018065	CAK9327925.1	CAK9327925.1
OG0018066	CAK9327926.1	CAK9327926.1
OG0018067	CAK9327927.1	CAK9327927.1
OG0018068	CAK9327928.1	CAK9327928.1
OG0018069	CAK9327929.1	CAK9327929.1
OG0018070	CAK9327930.1	CAK9327930.1
OG0018071	CAK9327931.1	CAK9327931.1
OG0018072	CAK9327932.1	CAK9327932.1
OG0018073	CAK9327933.1	CAK9327933.1
OG0018074	CAK9327934.1	CAK9327934.1
OG0018075	CAK9327935.1	CAK9327935.1
OG0018076	CAK9327937.1	CAK9327937.1
OG0018077	CAK9327938.1	CAK9327938.1
OG0018078	CAK9327939.1	CAK9327939.1
OG0018079	CAK9327940.1	CAK9327940.1
OG0018080	CAK9327941.1	CAK9327941.1
OG0018081	CAK9327942.1	CAK9327942.1
OG0018082	CAK9327943.1	CAK9327943.1
OG0018083	CAK9327944.1	CAK9327944.1
OG0018084	CAK9327945.1	CAK9327945.1
OG0018085	CAK9327947.1	CAK9327947.1
OG0018086	CAK9327948.1	CAK9327948.1
OG0018087	CAK9327949.1	CAK9327949.1
OG0018088	CAK9327950.1	CAK9327950.1
OG0018089	CAK9327952.1	CAK9327952.1
OG0018090	CAK9327953.1	CAK9327953.1
OG0018091	CAK9327954.1	CAK9327954.1
OG0018092	CAK9327955.1	CAK9327955.1
OG0018093	CAK9327956.1	CAK9327956.1
OG0018094	CAK9327957.1	CAK9327957.1
OG0018095	CAK9327958.1	CAK9327958.1
OG0018096	CAK9327959.1	CAK9327959.1
OG0018097	CAK9327960.1	CAK9327960.1
OG0018098	CAK9327961.1	CAK9327961.1
OG0018099	CAK9327962.1	CAK9327962.1
OG0018100	CAK9327963.1	CAK9327963.1
OG0018101	CAK9327964.1	CAK9327964.1
OG0018102	CAK9327965.1	CAK9327965.1
OG0018103	CAK9327966.1	CAK9327966.1
OG0018104	CAK9327967.1	CAK9327967.1
OG0018105	CAK9327968.1	CAK9327968.1
OG0018106	CAK9327969.1	CAK9327969.1
OG0018107	CAK9327970.1	CAK9327970.1
OG0018108	CAK9327971.1	CAK9327971.1
OG0018109	CAK9327972.1	CAK9327972.1
OG0018110	CAK9327973.1	CAK9327973.1
OG0018111	CAK9327975.1	CAK9327975.1
OG0018112	CAK9327976.1	CAK9327976.1
OG0018113	CAK9327977.1	CAK9327977.1
OG0018114	CAK9327978.1	CAK9327978.1
OG0018115	CAK9327979.1	CAK9327979.1
OG0018116	CAK9327980.1	CAK9327980.1
OG0018117	CAK9327982.1	CAK9327982.1
OG0018118	CAK9327984.1	CAK9327984.1
OG0018119	CAK9327985.1	CAK9327985.1
OG0018120	CAK9327986.1	CAK9327986.1
OG0018121	CAK9327987.1	CAK9327987.1
OG0018122	CAK9327989.1	CAK9327989.1
OG0018123	CAK9327990.1	CAK9327990.1
OG0018124	CAK9327991.1	CAK9327991.1
OG0018125	CAK9327992.1	CAK9327992.1
OG0018126	CAK9327993.1	CAK9327993.1
OG0018127	CAK9327994.1	CAK9327994.1
OG0018128	CAK9327995.1	CAK9327995.1
OG0018129	CAK9327996.1	CAK9327996.1
OG0018130	CAK9327997.1	CAK9327997.1
OG0018131	CAK9327998.1	CAK9327998.1
OG0018132	CAK9327999.1	CAK9327999.1
OG0018133	CAK9328000.1	CAK9328000.1
OG0018134	CAK9328001.1	CAK9328001.1
OG0018135	CAK9328003.1	CAK9328003.1
OG0018136	CAK9328004.1	CAK9328004.1
OG0018137	CAK9328005.1	CAK9328005.1
OG0018138	CAK9328006.1	CAK9328006.1
OG0018139	CAK9328007.1	CAK9328007.1
OG0018140	CAK9328008.1	CAK9328008.1
OG0018141	CAK9328009.1	CAK9328009.1
OG0018142	CAK9328010.1	CAK9328010.1
OG0018143	CAK9328011.1	CAK9328011.1
OG0018144	CAK9328012.1	CAK9328012.1
OG0018145	CAK9328013.1	CAK9328013.1
OG0018146	CAK9328014.1	CAK9328014.1
OG0018147	CAK9328015.1	CAK9328015.1
OG0018148	CAK9328016.1	CAK9328016.1
OG0018149	CAK9328017.1	CAK9328017.1
OG0018150	CAK9328018.1	CAK9328018.1
OG0018151	CAK9328019.1	CAK9328019.1
OG0018152	CAK9328020.1	CAK9328020.1
OG0018153	CAK9328021.1	CAK9328021.1
OG0018154	CAK9328022.1	CAK9328022.1
OG0018155	CAK9328023.1	CAK9328023.1
OG0018156	CAK9328024.1	CAK9328024.1
OG0018157	CAK9328025.1	CAK9328025.1
OG0018158	CAK9328026.1	CAK9328026.1
OG0018159	CAK9328027.1	CAK9328027.1
OG0018160	CAK9328028.1	CAK9328028.1
OG0018161	CAK9328029.1	CAK9328029.1
OG0018162	CAK9328030.1	CAK9328030.1
OG0018163	CAK9328032.1	CAK9328032.1
OG0018164	CAK9328033.1	CAK9328033.1
OG0018165	CAK9328034.1	CAK9328034.1
OG0018166	CAK9328036.1	CAK9328036.1
OG0018167	CAK9328037.1	CAK9328037.1
OG0018168	CAK9328039.1	CAK9328039.1
OG0018169	CAK9328040.1	CAK9328040.1
OG0018170	CAK9328042.1	CAK9328042.1
OG0018171	CAK9328043.1	CAK9328043.1
OG0018172	CAK9328044.1	CAK9328044.1
OG0018173	CAK9328045.1	CAK9328045.1
OG0018174	CAK9328046.1	CAK9328046.1
OG0018175	CAK9328047.1	CAK9328047.1
OG0018176	CAK9328048.1	CAK9328048.1
OG0018177	CAK9328049.1	CAK9328049.1
OG0018178	CAK9328050.1	CAK9328050.1
OG0018179	CAK9328051.1	CAK9328051.1
OG0018180	CAK9328052.1	CAK9328052.1
OG0018181	CAK9328053.1	CAK9328053.1
OG0018182	CAK9328054.1	CAK9328054.1
OG0018183	CAK9328055.1	CAK9328055.1
OG0018184	CAK9328056.1	CAK9328056.1
OG0018185	CAK9328057.1	CAK9328057.1
OG0018186	CAK9328058.1	CAK9328058.1
OG0018187	CAK9328059.1	CAK9328059.1
OG0018188	CAK9328060.1	CAK9328060.1
OG0018189	CAK9328061.1	CAK9328061.1
OG0018190	CAK9328064.1	CAK9328064.1
OG0018191	CAK9328065.1	CAK9328065.1
OG0018192	CAK9328069.1	CAK9328069.1
OG0018193	CAK9328070.1	CAK9328070.1
OG0018194	CAK9328071.1	CAK9328071.1
OG0018195	CAK9328072.1	CAK9328072.1
OG0018196	CAK9328073.1	CAK9328073.1
OG0018197	CAK9328078.1	CAK9328078.1
OG0018198	CAK9328079.1	CAK9328079.1
OG0018199	CAK9328080.1	CAK9328080.1
OG0018200	CAK9328081.1	CAK9328081.1
OG0018201	CAK9328082.1	CAK9328082.1
OG0018202	CAK9328083.1	CAK9328083.1
OG0018203	CAK9328084.1	CAK9328084.1
OG0018204	CAK9328085.1	CAK9328085.1
OG0018205	CAK9328086.1	CAK9328086.1
OG0018206	CAK9328087.1	CAK9328087.1
OG0018207	CAK9328088.1	CAK9328088.1
OG0018208	CAK9328089.1	CAK9328089.1
OG0018209	CAK9328091.1	CAK9328091.1
OG0018210	CAK9328092.1	CAK9328092.1
OG0018211	CAK9328093.1	CAK9328093.1
OG0018212	CAK9328094.1	CAK9328094.1
OG0018213	CAK9328095.1	CAK9328095.1
OG0018214	CAK9328096.1	CAK9328096.1
OG0018215	CAK9328097.1	CAK9328097.1
OG0018216	CAK9328098.1	CAK9328098.1
OG0018217	CAK9328099.1	CAK9328099.1
OG0018218	CAK9328100.1	CAK9328100.1
OG0018219	CAK9328101.1	CAK9328101.1
OG0018220	CAK9328102.1	CAK9328102.1
OG0018221	CAK9328103.1	CAK9328103.1
OG0018222	CAK9328104.1	CAK9328104.1
OG0018223	CAK9328105.1	CAK9328105.1
OG0018224	CAK9328106.1	CAK9328106.1
OG0018225	CAK9328107.1	CAK9328107.1
OG0018226	CAK9328108.1	CAK9328108.1
OG0018227	CAK9328109.1	CAK9328109.1
OG0018228	CAK9328110.1	CAK9328110.1
OG0018229	CAK9328112.1	CAK9328112.1
OG0018230	CAK9328113.1	CAK9328113.1
OG0018231	CAK9328115.1	CAK9328115.1
OG0018232	CAK9328120.1	CAK9328120.1
OG0018233	CAK9328121.1	CAK9328121.1
OG0018234	CAK9328122.1	CAK9328122.1
OG0018235	CAK9328124.1	CAK9328124.1
OG0018236	CAK9328125.1	CAK9328125.1
OG0018237	CAK9328126.1	CAK9328126.1
OG0018238	CAK9328127.1	CAK9328127.1
OG0018239	CAK9328128.1	CAK9328128.1
OG0018240	CAK9328129.1	CAK9328129.1
OG0018241	CAK9328131.1	CAK9328131.1
OG0018242	CAK9328132.1	CAK9328132.1
OG0018243	CAK9328133.1	CAK9328133.1
OG0018244	CAK9328134.1	CAK9328134.1
OG0018245	CAK9328135.1	CAK9328135.1
OG0018246	CAK9328136.1	CAK9328136.1
OG0018247	CAK9328137.1	CAK9328137.1
OG0018248	CAK9328138.1	CAK9328138.1
OG0018249	CAK9328139.1	CAK9328139.1
OG0018250	CAK9328140.1	CAK9328140.1
OG0018251	CAK9328141.1	CAK9328141.1
OG0018252	CAK9328143.1	CAK9328143.1
OG0018253	CAK9328144.1	CAK9328144.1
OG0018254	CAK9328145.1	CAK9328145.1
OG0018255	CAK9328146.1	CAK9328146.1
OG0018256	CAK9328147.1	CAK9328147.1
OG0018257	CAK9328148.1	CAK9328148.1
OG0018258	CAK9328149.1	CAK9328149.1
OG0018259	CAK9328150.1	CAK9328150.1
OG0018260	CAK9328151.1	CAK9328151.1
OG0018261	CAK9328152.1	CAK9328152.1
OG0018262	CAK9328153.1	CAK9328153.1
OG0018263	CAK9328154.1	CAK9328154.1
OG0018264	CAK9328155.1	CAK9328155.1
OG0018265	CAK9328156.1	CAK9328156.1
OG0018266	CAK9328157.1	CAK9328157.1
OG0018267	CAK9328158.1	CAK9328158.1
OG0018268	CAK9328159.1	CAK9328159.1
OG0018269	CAK9328160.1	CAK9328160.1
OG0018270	CAK9328161.1	CAK9328161.1
OG0018271	CAK9328162.1	CAK9328162.1
OG0018272	CAK9328163.1	CAK9328163.1
OG0018273	CAK9328165.1	CAK9328165.1
OG0018274	CAK9328166.1	CAK9328166.1
OG0018275	CAK9328167.1	CAK9328167.1
OG0018276	CAK9328168.1	CAK9328168.1
OG0018277	CAK9328169.1	CAK9328169.1
OG0018278	CAK9328170.1	CAK9328170.1
OG0018279	CAK9328171.1	CAK9328171.1
OG0018280	CAK9328172.1	CAK9328172.1
OG0018281	CAK9328173.1	CAK9328173.1
OG0018282	CAK9328174.1	CAK9328174.1
OG0018283	CAK9328175.1	CAK9328175.1
OG0018284	CAK9328176.1	CAK9328176.1
OG0018285	CAK9328177.1	CAK9328177.1
OG0018286	CAK9328179.1	CAK9328179.1
OG0018287	CAK9328180.1	CAK9328180.1
OG0018288	CAK9328181.1	CAK9328181.1
OG0018289	CAK9328182.1	CAK9328182.1
OG0018290	CAK9328183.1	CAK9328183.1
OG0018291	CAK9328184.1	CAK9328184.1
OG0018292	CAK9328185.1	CAK9328185.1
OG0018293	CAK9328186.1	CAK9328186.1
OG0018294	CAK9328187.1	CAK9328187.1
OG0018295	CAK9328188.1	CAK9328188.1
OG0018296	CAK9328189.1	CAK9328189.1
OG0018297	CAK9328190.1	CAK9328190.1
OG0018298	CAK9328191.1	CAK9328191.1
OG0018299	CAK9328192.1	CAK9328192.1
OG0018300	CAK9328193.1	CAK9328193.1
OG0018301	CAK9328194.1	CAK9328194.1
OG0018302	CAK9328195.1	CAK9328195.1
OG0018303	CAK9328196.1	CAK9328196.1
OG0018304	CAK9328197.1	CAK9328197.1
OG0018305	CAK9328198.1	CAK9328198.1
OG0018306	CAK9328200.1	CAK9328200.1
OG0018307	CAK9328201.1	CAK9328201.1
OG0018308	CAK9328202.1	CAK9328202.1
OG0018309	CAK9328203.1	CAK9328203.1
OG0018310	CAK9328205.1	CAK9328205.1
OG0018311	CAK9328206.1	CAK9328206.1
OG0018312	CAK9328207.1	CAK9328207.1
OG0018313	CAK9328208.1	CAK9328208.1
OG0018314	CAK9328209.1	CAK9328209.1
OG0018315	CAK9328210.1	CAK9328210.1
OG0018316	CAK9328212.1	CAK9328212.1
OG0018317	CAK9328213.1	CAK9328213.1
OG0018318	CAK9328214.1	CAK9328214.1
OG0018319	CAK9328215.1	CAK9328215.1
OG0018320	CAK9328216.1	CAK9328216.1
OG0018321	CAK9328217.1	CAK9328217.1
OG0018322	CAK9328218.1	CAK9328218.1
OG0018323	CAK9328219.1	CAK9328219.1
OG0018324	CAK9328220.1	CAK9328220.1
OG0018325	CAK9328221.1	CAK9328221.1
OG0018326	CAK9328222.1	CAK9328222.1
OG0018327	CAK9328223.1	CAK9328223.1
OG0018328	CAK9328224.1	CAK9328224.1
OG0018329	CAK9328225.1	CAK9328225.1
OG0018330	CAK9328226.1	CAK9328226.1
OG0018331	CAK9328227.1	CAK9328227.1
OG0018332	CAK9328228.1	CAK9328228.1
OG0018333	CAK9328229.1	CAK9328229.1
OG0018334	CAK9328230.1	CAK9328230.1
OG0018335	CAK9328231.1	CAK9328231.1
OG0018336	CAK9328232.1	CAK9328232.1
OG0018337	CAK9328233.1	CAK9328233.1
OG0018338	CAK9328234.1	CAK9328234.1
OG0018339	CAK9328235.1	CAK9328235.1
OG0018340	CAK9328236.1	CAK9328236.1
OG0018341	CAK9328237.1	CAK9328237.1
OG0018342	CAK9328238.1	CAK9328238.1
OG0018343	CAK9328239.1	CAK9328239.1
OG0018344	CAK9328240.1	CAK9328240.1
OG0018345	CAK9328242.1	CAK9328242.1
OG0018346	CAK9328243.1	CAK9328243.1
OG0018347	CAK9328244.1	CAK9328244.1
OG0018348	CAK9328245.1	CAK9328245.1
OG0018349	CAK9328246.1	CAK9328246.1
OG0018350	CAK9328247.1	CAK9328247.1
OG0018351	CAK9328249.1	CAK9328249.1
OG0018352	CAK9328250.1	CAK9328250.1
OG0018353	CAK9328251.1	CAK9328251.1
OG0018354	CAK9328252.1	CAK9328252.1
OG0018355	CAK9328253.1	CAK9328253.1
OG0018356	CAK9328254.1	CAK9328254.1
OG0018357	CAK9328256.1	CAK9328256.1
OG0018358	CAK9328257.1	CAK9328257.1
OG0018359	CAK9328258.1	CAK9328258.1
OG0018360	CAK9328260.1	CAK9328260.1
OG0018361	CAK9328261.1	CAK9328261.1
OG0018362	CAK9328262.1	CAK9328262.1
OG0018363	CAK9328263.1	CAK9328263.1
OG0018364	CAK9328264.1	CAK9328264.1
OG0018365	CAK9328266.1	CAK9328266.1
OG0018366	CAK9328268.1	CAK9328268.1
OG0018367	CAK9328269.1	CAK9328269.1
OG0018368	CAK9328270.1	CAK9328270.1
OG0018369	CAK9328271.1	CAK9328271.1
OG0018370	CAK9328272.1	CAK9328272.1
OG0018371	CAK9328273.1	CAK9328273.1
OG0018372	CAK9328274.1	CAK9328274.1
OG0018373	CAK9328275.1	CAK9328275.1
OG0018374	CAK9328276.1	CAK9328276.1
OG0018375	CAK9328277.1	CAK9328277.1
OG0018376	CAK9328278.1	CAK9328278.1
OG0018377	CAK9328279.1	CAK9328279.1
OG0018378	CAK9328282.1	CAK9328282.1
OG0018379	CAK9328284.1	CAK9328284.1
OG0018380	CAK9328285.1	CAK9328285.1
OG0018381	CAK9328286.1	CAK9328286.1
OG0018382	CAK9328287.1	CAK9328287.1
OG0018383	CAK9328288.1	CAK9328288.1
OG0018384	CAK9328290.1	CAK9328290.1
OG0018385	CAK9328291.1	CAK9328291.1
OG0018386	CAK9328292.1	CAK9328292.1
OG0018387	CAK9328293.1	CAK9328293.1
OG0018388	CAK9328298.1	CAK9328298.1
OG0018389	CAK9328299.1	CAK9328299.1
OG0018390	CAK9328300.1	CAK9328300.1
OG0018391	CAK9328301.1	CAK9328301.1
OG0018392	CAK9328302.1	CAK9328302.1
OG0018393	CAK9328303.1	CAK9328303.1
OG0018394	CAK9328304.1	CAK9328304.1
OG0018395	CAK9328305.1	CAK9328305.1
OG0018396	CAK9328306.1	CAK9328306.1
OG0018397	CAK9328307.1	CAK9328307.1
OG0018398	CAK9328308.1	CAK9328308.1
OG0018399	CAK9328309.1	CAK9328309.1
OG0018400	CAK9328310.1	CAK9328310.1
OG0018401	CAK9328311.1	CAK9328311.1
OG0018402	CAK9328312.1	CAK9328312.1
OG0018403	CAK9328313.1	CAK9328313.1
OG0018404	CAK9328316.1	CAK9328316.1
OG0018405	CAK9328317.1	CAK9328317.1
OG0018406	CAK9328319.1	CAK9328319.1
OG0018407	CAK9328320.1	CAK9328320.1
OG0018408	CAK9328321.1	CAK9328321.1
OG0018409	CAK9328322.1	CAK9328322.1
OG0018410	CAK9328323.1	CAK9328323.1
OG0018411	CAK9328324.1	CAK9328324.1
OG0018412	CAK9328325.1	CAK9328325.1
OG0018413	CAK9328326.1	CAK9328326.1
OG0018414	CAK9328327.1	CAK9328327.1
OG0018415	CAK9328328.1	CAK9328328.1
OG0018416	CAK9328329.1	CAK9328329.1
OG0018417	CAK9328330.1	CAK9328330.1
OG0018418	CAK9328331.1	CAK9328331.1
OG0018419	CAK9328334.1	CAK9328334.1
OG0018420	CAK9328335.1	CAK9328335.1
OG0018421	CAK9328336.1	CAK9328336.1
OG0018422	CAK9328337.1	CAK9328337.1
OG0018423	CAK9328338.1	CAK9328338.1
OG0018424	CAK9328339.1	CAK9328339.1
OG0018425	CAK9328340.1	CAK9328340.1
OG0018426	CAK9328343.1	CAK9328343.1
OG0018427	CAK9328344.1	CAK9328344.1
OG0018428	CAK9328345.1	CAK9328345.1
OG0018429	CAK9328346.1	CAK9328346.1
OG0018430	CAK9328347.1	CAK9328347.1
OG0018431	CAK9328348.1	CAK9328348.1
OG0018432	CAK9328349.1	CAK9328349.1
OG0018433	CAK9328350.1	CAK9328350.1
OG0018434	CAK9328351.1	CAK9328351.1
OG0018435	CAK9328352.1	CAK9328352.1
OG0018436	CAK9328353.1	CAK9328353.1
OG0018437	CAK9328354.1	CAK9328354.1
OG0018438	CAK9328355.1	CAK9328355.1
OG0018439	CAK9328357.1	CAK9328357.1
OG0018440	CAK9328358.1	CAK9328358.1
OG0018441	CAK9328359.1	CAK9328359.1
OG0018442	CAK9328362.1	CAK9328362.1
OG0018443	CAK9328366.1	CAK9328366.1
OG0018444	CAK9328367.1	CAK9328367.1
OG0018445	CAK9328368.1	CAK9328368.1
OG0018446	CAK9328369.1	CAK9328369.1
OG0018447	CAK9328370.1	CAK9328370.1
OG0018448	CAK9328371.1	CAK9328371.1
OG0018449	CAK9328372.1	CAK9328372.1
OG0018450	CAK9328373.1	CAK9328373.1
OG0018451	CAK9328374.1	CAK9328374.1
OG0018452	CAK9328375.1	CAK9328375.1
OG0018453	CAK9328376.1	CAK9328376.1
OG0018454	CAK9328377.1	CAK9328377.1
OG0018455	CAK9328379.1	CAK9328379.1
OG0018456	CAK9328380.1	CAK9328380.1
OG0018457	CAK9328381.1	CAK9328381.1
OG0018458	CAK9328382.1	CAK9328382.1
OG0018459	CAK9328383.1	CAK9328383.1
OG0018460	CAK9328385.1	CAK9328385.1
OG0018461	CAK9328386.1	CAK9328386.1
OG0018462	CAK9328387.1	CAK9328387.1
OG0018463	CAK9328388.1	CAK9328388.1
OG0018464	CAK9328389.1	CAK9328389.1
OG0018465	CAK9328390.1	CAK9328390.1
OG0018466	CAK9328391.1	CAK9328391.1
OG0018467	CAK9328393.1	CAK9328393.1
OG0018468	CAK9328394.1	CAK9328394.1
OG0018469	CAK9328397.1	CAK9328397.1
OG0018470	CAK9328400.1	CAK9328400.1
OG0018471	CAK9328401.1	CAK9328401.1
OG0018472	CAK9328402.1	CAK9328402.1
OG0018473	CAK9328403.1	CAK9328403.1
OG0018474	CAK9328404.1	CAK9328404.1
OG0018475	CAK9328405.1	CAK9328405.1
OG0018476	CAK9328406.1	CAK9328406.1
OG0018477	CAK9328407.1	CAK9328407.1
OG0018478	CAK9328408.1	CAK9328408.1
OG0018479	CAK9328410.1	CAK9328410.1
OG0018480	CAK9328412.1	CAK9328412.1
OG0018481	CAK9328413.1	CAK9328413.1
OG0018482	CAK9328414.1	CAK9328414.1
OG0018483	CAK9328415.1	CAK9328415.1
OG0018484	CAK9328416.1	CAK9328416.1
OG0018485	CAK9328417.1	CAK9328417.1
OG0018486	CAK9328418.1	CAK9328418.1
OG0018487	CAK9328419.1	CAK9328419.1
OG0018488	CAK9328420.1	CAK9328420.1
OG0018489	CAK9328421.1	CAK9328421.1
OG0018490	CAK9328422.1	CAK9328422.1
OG0018491	CAK9328423.1	CAK9328423.1
OG0018492	CAK9328424.1	CAK9328424.1
OG0018493	CAK9328425.1	CAK9328425.1
OG0018494	CAK9328426.1	CAK9328426.1
OG0018495	CAK9328428.1	CAK9328428.1
OG0018496	CAK9328429.1	CAK9328429.1
OG0018497	CAK9328430.1	CAK9328430.1
OG0018498	CAK9328431.1	CAK9328431.1
OG0018499	CAK9328432.1	CAK9328432.1
OG0018500	CAK9328433.1	CAK9328433.1
OG0018501	CAK9328434.1	CAK9328434.1
OG0018502	CAK9328435.1	CAK9328435.1
OG0018503	CAK9328436.1	CAK9328436.1
OG0018504	CAK9328437.1	CAK9328437.1
OG0018505	CAK9328438.1	CAK9328438.1
OG0018506	CAK9328439.1	CAK9328439.1
OG0018507	CAK9328440.1	CAK9328440.1
OG0018508	CAK9328441.1	CAK9328441.1
OG0018509	CAK9328442.1	CAK9328442.1
OG0018510	CAK9328443.1	CAK9328443.1
OG0018511	CAK9328444.1	CAK9328444.1
OG0018512	CAK9328445.1	CAK9328445.1
OG0018513	CAK9328447.1	CAK9328447.1
OG0018514	CAK9328448.1	CAK9328448.1
OG0018515	CAK9328449.1	CAK9328449.1
OG0018516	CAK9328451.1	CAK9328451.1
OG0018517	CAK9328452.1	CAK9328452.1
OG0018518	CAK9328453.1	CAK9328453.1
OG0018519	CAK9328454.1	CAK9328454.1
OG0018520	CAK9328455.1	CAK9328455.1
OG0018521	CAK9328456.1	CAK9328456.1
OG0018522	CAK9328457.1	CAK9328457.1
OG0018523	CAK9328458.1	CAK9328458.1
OG0018524	CAK9328459.1	CAK9328459.1
OG0018525	CAK9328460.1	CAK9328460.1
OG0018526	CAK9328461.1	CAK9328461.1
OG0018527	CAK9328462.1	CAK9328462.1
OG0018528	CAK9328463.1	CAK9328463.1
OG0018529	CAK9328464.1	CAK9328464.1
OG0018530	CAK9328465.1	CAK9328465.1
OG0018531	CAK9328466.1	CAK9328466.1
OG0018532	CAK9328467.1	CAK9328467.1
OG0018533	CAK9328468.1	CAK9328468.1
OG0018534	CAK9328469.1	CAK9328469.1
OG0018535	CAK9328470.1	CAK9328470.1
OG0018536	CAK9328471.1	CAK9328471.1
OG0018537	CAK9328473.1	CAK9328473.1
OG0018538	CAK9328474.1	CAK9328474.1
OG0018539	CAK9328476.1	CAK9328476.1
OG0018540	CAK9328477.1	CAK9328477.1
OG0018541	CAK9328478.1	CAK9328478.1
OG0018542	CAK9328479.1	CAK9328479.1
OG0018543	CAK9328480.1	CAK9328480.1
OG0018544	CAK9328481.1	CAK9328481.1
OG0018545	CAK9328483.1	CAK9328483.1
OG0018546	CAK9328484.1	CAK9328484.1
OG0018547	CAK9328485.1	CAK9328485.1
OG0018548	CAK9328486.1	CAK9328486.1
OG0018549	CAK9328487.1	CAK9328487.1
OG0018550	CAK9328489.1	CAK9328489.1
OG0018551	CAK9328490.1	CAK9328490.1
OG0018552	CAK9328491.1	CAK9328491.1
OG0018553	CAK9328492.1	CAK9328492.1
OG0018554	CAK9328493.1	CAK9328493.1
OG0018555	CAK9328494.1	CAK9328494.1
OG0018556	CAK9328495.1	CAK9328495.1
OG0018557	CAK9328496.1	CAK9328496.1
OG0018558	CAK9328497.1	CAK9328497.1
OG0018559	CAK9328498.1	CAK9328498.1
OG0018560	CAK9328499.1	CAK9328499.1
OG0018561	CAK9328500.1	CAK9328500.1
OG0018562	CAK9328501.1	CAK9328501.1
OG0018563	CAK9328502.1	CAK9328502.1
OG0018564	CAK9328503.1	CAK9328503.1
OG0018565	CAK9328504.1	CAK9328504.1
OG0018566	CAK9328505.1	CAK9328505.1
OG0018567	CAK9328506.1	CAK9328506.1
OG0018568	CAK9328507.1	CAK9328507.1
OG0018569	CAK9328508.1	CAK9328508.1
OG0018570	CAK9328509.1	CAK9328509.1
OG0018571	CAK9328513.1	CAK9328513.1
OG0018572	CAK9328514.1	CAK9328514.1
OG0018573	CAK9328517.1	CAK9328517.1
OG0018574	CAK9328518.1	CAK9328518.1
OG0018575	CAK9328520.1	CAK9328520.1
OG0018576	CAK9328521.1	CAK9328521.1
OG0018577	CAK9328522.1	CAK9328522.1
OG0018578	CAK9328523.1	CAK9328523.1
OG0018579	CAK9328524.1	CAK9328524.1
OG0018580	CAK9328525.1	CAK9328525.1
OG0018581	CAK9328526.1	CAK9328526.1
OG0018582	CAK9328527.1	CAK9328527.1
OG0018583	CAK9328528.1	CAK9328528.1
OG0018584	CAK9328529.1	CAK9328529.1
OG0018585	CAK9328530.1	CAK9328530.1
OG0018586	CAK9328531.1	CAK9328531.1
OG0018587	CAK9328532.1	CAK9328532.1
OG0018588	CAK9328533.1	CAK9328533.1
OG0018589	CAK9328534.1	CAK9328534.1
OG0018590	CAK9328537.1	CAK9328537.1
OG0018591	CAK9328538.1	CAK9328538.1
OG0018592	CAK9328540.1	CAK9328540.1
OG0018593	CAK9328541.1	CAK9328541.1
OG0018594	CAK9328542.1	CAK9328542.1
OG0018595	CAK9328543.1	CAK9328543.1
OG0018596	CAK9328544.1	CAK9328544.1
OG0018597	CAK9328545.1	CAK9328545.1
OG0018598	CAK9328546.1	CAK9328546.1
OG0018599	CAK9328547.1	CAK9328547.1
OG0018600	CAK9328549.1	CAK9328549.1
OG0018601	CAK9328550.1	CAK9328550.1
OG0018602	CAK9328551.1	CAK9328551.1
OG0018603	CAK9328552.1	CAK9328552.1
OG0018604	CAK9328553.1	CAK9328553.1
OG0018605	CAK9328554.1	CAK9328554.1
OG0018606	CAK9328555.1	CAK9328555.1
OG0018607	CAK9328556.1	CAK9328556.1
OG0018608	CAK9328557.1	CAK9328557.1
OG0018609	CAK9328558.1	CAK9328558.1
OG0018610	CAK9328559.1	CAK9328559.1
OG0018611	CAK9328560.1	CAK9328560.1
OG0018612	CAK9328561.1	CAK9328561.1
OG0018613	CAK9328562.1	CAK9328562.1
OG0018614	CAK9328563.1	CAK9328563.1
OG0018615	CAK9328564.1	CAK9328564.1
OG0018616	CAK9328565.1	CAK9328565.1
OG0018617	CAK9328566.1	CAK9328566.1
OG0018618	CAK9328567.1	CAK9328567.1
OG0018619	CAK9328568.1	CAK9328568.1
OG0018620	CAK9328570.1	CAK9328570.1
OG0018621	CAK9328572.1	CAK9328572.1
OG0018622	CAK9328573.1	CAK9328573.1
OG0018623	CAK9328574.1	CAK9328574.1
OG0018624	CAK9328575.1	CAK9328575.1
OG0018625	CAK9328576.1	CAK9328576.1
OG0018626	CAK9328577.1	CAK9328577.1
OG0018627	CAK9328578.1	CAK9328578.1
OG0018628	CAK9328579.1	CAK9328579.1
OG0018629	CAK9328580.1	CAK9328580.1
OG0018630	CAK9328581.1	CAK9328581.1
OG0018631	CAK9328582.1	CAK9328582.1
OG0018632	CAK9328583.1	CAK9328583.1
OG0018633	CAK9328584.1	CAK9328584.1
OG0018634	CAK9328585.1	CAK9328585.1
OG0018635	CAK9328588.1	CAK9328588.1
OG0018636	CAK9328589.1	CAK9328589.1
OG0018637	CAK9328590.1	CAK9328590.1
OG0018638	CAK9328591.1	CAK9328591.1
OG0018639	CAK9328592.1	CAK9328592.1
OG0018640	CAK9328593.1	CAK9328593.1
OG0018641	CAK9328594.1	CAK9328594.1
OG0018642	CAK9328596.1	CAK9328596.1
OG0018643	CAK9328597.1	CAK9328597.1
OG0018644	CAK9328598.1	CAK9328598.1
OG0018645	CAK9328600.1	CAK9328600.1
OG0018646	CAK9328601.1	CAK9328601.1
OG0018647	CAK9328602.1	CAK9328602.1
OG0018648	CAK9328603.1	CAK9328603.1
OG0018649	CAK9328606.1	CAK9328606.1
OG0018650	CAK9328607.1	CAK9328607.1
OG0018651	CAK9328608.1	CAK9328608.1
OG0018652	CAK9328609.1	CAK9328609.1
OG0018653	CAK9328610.1	CAK9328610.1
OG0018654	CAK9328612.1	CAK9328612.1
OG0018655	CAK9328613.1	CAK9328613.1
OG0018656	CAK9328614.1	CAK9328614.1
OG0018657	CAK9328615.1	CAK9328615.1
OG0018658	CAK9328616.1	CAK9328616.1
OG0018659	CAK9328617.1	CAK9328617.1
OG0018660	CAK9328618.1	CAK9328618.1
OG0018661	CAK9328619.1	CAK9328619.1
OG0018662	CAK9328620.1	CAK9328620.1
OG0018663	CAK9328621.1	CAK9328621.1
OG0018664	CAK9328624.1	CAK9328624.1
OG0018665	CAK9328625.1	CAK9328625.1
OG0018666	CAK9328626.1	CAK9328626.1
OG0018667	CAK9328627.1	CAK9328627.1
OG0018668	CAK9328628.1	CAK9328628.1
OG0018669	CAK9328629.1	CAK9328629.1
OG0018670	CAK9328630.1	CAK9328630.1
OG0018671	CAK9328631.1	CAK9328631.1
OG0018672	CAK9328632.1	CAK9328632.1
OG0018673	CAK9328634.1	CAK9328634.1
OG0018674	CAK9328635.1	CAK9328635.1
OG0018675	CAK9328636.1	CAK9328636.1
OG0018676	CAK9328637.1	CAK9328637.1
OG0018677	CAK9328638.1	CAK9328638.1
OG0018678	CAK9328639.1	CAK9328639.1
OG0018679	CAK9328640.1	CAK9328640.1
OG0018680	CAK9328641.1	CAK9328641.1
OG0018681	CAK9328642.1	CAK9328642.1
OG0018682	CAK9328644.1	CAK9328644.1
OG0018683	CAK9328645.1	CAK9328645.1
OG0018684	CAK9328646.1	CAK9328646.1
OG0018685	CAK9328647.1	CAK9328647.1
OG0018686	CAK9328648.1	CAK9328648.1
OG0018687	CAK9328649.1	CAK9328649.1
OG0018688	CAK9328650.1	CAK9328650.1
OG0018689	CAK9328651.1	CAK9328651.1
OG0018690	CAK9328652.1	CAK9328652.1
OG0018691	CAK9328653.1	CAK9328653.1
OG0018692	CAK9328654.1	CAK9328654.1
OG0018693	CAK9328655.1	CAK9328655.1
OG0018694	CAK9328656.1	CAK9328656.1
OG0018695	CAK9328657.1	CAK9328657.1
OG0018696	CAK9328658.1	CAK9328658.1
OG0018697	CAK9328659.1	CAK9328659.1
OG0018698	CAK9328660.1	CAK9328660.1
OG0018699	CAK9328661.1	CAK9328661.1
OG0018700	CAK9328662.1	CAK9328662.1
OG0018701	CAK9328663.1	CAK9328663.1
OG0018702	CAK9328664.1	CAK9328664.1
OG0018703	CAK9328665.1	CAK9328665.1
OG0018704	CAK9328666.1	CAK9328666.1
OG0018705	CAK9328667.1	CAK9328667.1
OG0018706	CAK9328668.1	CAK9328668.1
OG0018707	CAK9328669.1	CAK9328669.1
OG0018708	CAK9328670.1	CAK9328670.1
OG0018709	CAK9328671.1	CAK9328671.1
OG0018710	CAK9328672.1	CAK9328672.1
OG0018711	CAK9328673.1	CAK9328673.1
OG0018712	CAK9328676.1	CAK9328676.1
OG0018713	CAK9328677.1	CAK9328677.1
OG0018714	CAK9328678.1	CAK9328678.1
OG0018715	CAK9328679.1	CAK9328679.1
OG0018716	CAK9328680.1	CAK9328680.1
OG0018717	CAK9328681.1	CAK9328681.1
OG0018718	CAK9328682.1	CAK9328682.1
OG0018719	CAK9328683.1	CAK9328683.1
OG0018720	CAK9328684.1	CAK9328684.1
OG0018721	CAK9328685.1	CAK9328685.1
OG0018722	CAK9328686.1	CAK9328686.1
OG0018723	CAK9328687.1	CAK9328687.1
OG0018724	CAK9328688.1	CAK9328688.1
OG0018725	CAK9328689.1	CAK9328689.1
OG0018726	CAK9328690.1	CAK9328690.1
OG0018727	CAK9328691.1	CAK9328691.1
OG0018728	CAK9328692.1	CAK9328692.1
OG0018729	CAK9328693.1	CAK9328693.1
OG0018730	CAK9328694.1	CAK9328694.1
OG0018731	CAK9328695.1	CAK9328695.1
OG0018732	CAK9328696.1	CAK9328696.1
OG0018733	CAK9328697.1	CAK9328697.1
OG0018734	CAK9328698.1	CAK9328698.1
OG0018735	CAK9328699.1	CAK9328699.1
OG0018736	CAK9328700.1	CAK9328700.1
OG0018737	CAK9328702.1	CAK9328702.1
OG0018738	CAK9328703.1	CAK9328703.1
OG0018739	CAK9328704.1	CAK9328704.1
OG0018740	CAK9328705.1	CAK9328705.1
OG0018741	CAK9328706.1	CAK9328706.1
OG0018742	CAK9328707.1	CAK9328707.1
OG0018743	CAK9328708.1	CAK9328708.1
OG0018744	CAK9328709.1	CAK9328709.1
OG0018745	CAK9328710.1	CAK9328710.1
OG0018746	CAK9328712.1	CAK9328712.1
OG0018747	CAK9328713.1	CAK9328713.1
OG0018748	CAK9328714.1	CAK9328714.1
OG0018749	CAK9328715.1	CAK9328715.1
OG0018750	CAK9328717.1	CAK9328717.1
OG0018751	CAK9328719.1	CAK9328719.1
OG0018752	CAK9328720.1	CAK9328720.1
OG0018753	CAK9328721.1	CAK9328721.1
OG0018754	CAK9328722.1	CAK9328722.1
OG0018755	CAK9328723.1	CAK9328723.1
OG0018756	CAK9328724.1	CAK9328724.1
OG0018757	CAK9328725.1	CAK9328725.1
OG0018758	CAK9328726.1	CAK9328726.1
OG0018759	CAK9328727.1	CAK9328727.1
OG0018760	CAK9328728.1	CAK9328728.1
OG0018761	CAK9328729.1	CAK9328729.1
OG0018762	CAK9328730.1	CAK9328730.1
OG0018763	CAK9328731.1	CAK9328731.1
OG0018764	CAK9328732.1	CAK9328732.1
OG0018765	CAK9328733.1	CAK9328733.1
OG0018766	CAK9328734.1	CAK9328734.1
OG0018767	CAK9328735.1	CAK9328735.1
OG0018768	CAK9328736.1	CAK9328736.1
OG0018769	CAK9328737.1	CAK9328737.1
OG0018770	CAK9328738.1	CAK9328738.1
OG0018771	CAK9328739.1	CAK9328739.1
OG0018772	CAK9328740.1	CAK9328740.1
OG0018773	CAK9328741.1	CAK9328741.1
OG0018774	CAK9328742.1	CAK9328742.1
OG0018775	CAK9328743.1	CAK9328743.1
OG0018776	CAK9328744.1	CAK9328744.1
OG0018777	CAK9328745.1	CAK9328745.1
OG0018778	CAK9328746.1	CAK9328746.1
OG0018779	CAK9328747.1	CAK9328747.1
OG0018780	CAK9328748.1	CAK9328748.1
OG0018781	CAK9328749.1	CAK9328749.1
OG0018782	CAK9328750.1	CAK9328750.1
OG0018783	CAK9328751.1	CAK9328751.1
OG0018784	CAK9328752.1	CAK9328752.1
OG0018785	CAK9328753.1	CAK9328753.1
OG0018786	CAK9328754.1	CAK9328754.1
OG0018787	CAK9328757.1	CAK9328757.1
OG0018788	CAK9328758.1	CAK9328758.1
OG0018789	CAK9328759.1	CAK9328759.1
OG0018790	CAK9328760.1	CAK9328760.1
OG0018791	CAK9328761.1	CAK9328761.1
OG0018792	CAK9328762.1	CAK9328762.1
OG0018793	CAK9328763.1	CAK9328763.1
OG0018794	CAK9328765.1	CAK9328765.1
OG0018795	CAK9328766.1	CAK9328766.1
OG0018796	CAK9328767.1	CAK9328767.1
OG0018797	CAK9328768.1	CAK9328768.1
OG0018798	CAK9328769.1	CAK9328769.1
OG0018799	CAK9328770.1	CAK9328770.1
OG0018800	CAK9328771.1	CAK9328771.1
OG0018801	CAK9328772.1	CAK9328772.1
OG0018802	CAK9328773.1	CAK9328773.1
OG0018803	CAK9328774.1	CAK9328774.1
OG0018804	CAK9328775.1	CAK9328775.1
OG0018805	CAK9328776.1	CAK9328776.1
OG0018806	CAK9328777.1	CAK9328777.1
OG0018807	CAK9328778.1	CAK9328778.1
OG0018808	CAK9328779.1	CAK9328779.1
OG0018809	CAK9328780.1	CAK9328780.1
OG0018810	CAK9328781.1	CAK9328781.1
OG0018811	CAK9328782.1	CAK9328782.1
OG0018812	CAK9328783.1	CAK9328783.1
OG0018813	CAK9328784.1	CAK9328784.1
OG0018814	CAK9328786.1	CAK9328786.1
OG0018815	CAK9328787.1	CAK9328787.1
OG0018816	CAK9328788.1	CAK9328788.1
OG0018817	CAK9328789.1	CAK9328789.1
OG0018818	CAK9328790.1	CAK9328790.1
OG0018819	CAK9328791.1	CAK9328791.1
OG0018820	CAK9328792.1	CAK9328792.1
OG0018821	CAK9328793.1	CAK9328793.1
OG0018822	CAK9328794.1	CAK9328794.1
OG0018823	CAK9328795.1	CAK9328795.1
OG0018824	CAK9328796.1	CAK9328796.1
OG0018825	CAK9328797.1	CAK9328797.1
OG0018826	CAK9328798.1	CAK9328798.1
OG0018827	CAK9328799.1	CAK9328799.1
OG0018828	CAK9328800.1	CAK9328800.1
OG0018829	CAK9328801.1	CAK9328801.1
OG0018830	CAK9328802.1	CAK9328802.1
OG0018831	CAK9328804.1	CAK9328804.1
OG0018832	CAK9328805.1	CAK9328805.1
OG0018833	CAK9328806.1	CAK9328806.1
OG0018834	CAK9328807.1	CAK9328807.1
OG0018835	CAK9328808.1	CAK9328808.1
OG0018836	CAK9328809.1	CAK9328809.1
OG0018837	CAK9328810.1	CAK9328810.1
OG0018838	CAK9328811.1	CAK9328811.1
OG0018839	CAK9328812.1	CAK9328812.1
OG0018840	CAK9328813.1	CAK9328813.1
OG0018841	CAK9328814.1	CAK9328814.1
OG0018842	CAK9328815.1	CAK9328815.1
OG0018843	CAK9328816.1	CAK9328816.1
OG0018844	CAK9328818.1	CAK9328818.1
OG0018845	CAK9328819.1	CAK9328819.1
OG0018846	CAK9328820.1	CAK9328820.1
OG0018847	CAK9328822.1	CAK9328822.1
OG0018848	CAK9328823.1	CAK9328823.1
OG0018849	CAK9328824.1	CAK9328824.1
OG0018850	CAK9328826.1	CAK9328826.1
OG0018851	CAK9328829.1	CAK9328829.1
OG0018852	CAK9328832.1	CAK9328832.1
OG0018853	CAK9328833.1	CAK9328833.1
OG0018854	CAK9328834.1	CAK9328834.1
OG0018855	CAK9328835.1	CAK9328835.1
OG0018856	CAK9328836.1	CAK9328836.1
OG0018857	CAK9328837.1	CAK9328837.1
OG0018858	CAK9328838.1	CAK9328838.1
OG0018859	CAK9328839.1	CAK9328839.1
OG0018860	CAK9328840.1	CAK9328840.1
OG0018861	CAK9328842.1	CAK9328842.1
OG0018862	CAK9328844.1	CAK9328844.1
OG0018863	CAK9328845.1	CAK9328845.1
OG0018864	CAK9328846.1	CAK9328846.1
OG0018865	CAK9328847.1	CAK9328847.1
OG0018866	CAK9328848.1	CAK9328848.1
OG0018867	CAK9328849.1	CAK9328849.1
OG0018868	CAK9328850.1	CAK9328850.1
OG0018869	CAK9328851.1	CAK9328851.1
OG0018870	CAK9328852.1	CAK9328852.1
OG0018871	CAK9328853.1	CAK9328853.1
OG0018872	CAK9328854.1	CAK9328854.1
OG0018873	CAK9328855.1	CAK9328855.1
OG0018874	CAK9328856.1	CAK9328856.1
OG0018875	CAK9328857.1	CAK9328857.1
OG0018876	CAK9328858.1	CAK9328858.1
OG0018877	CAK9328859.1	CAK9328859.1
OG0018878	CAK9328860.1	CAK9328860.1
OG0018879	CAK9328861.1	CAK9328861.1
OG0018880	CAK9328862.1	CAK9328862.1
OG0018881	CAK9328863.1	CAK9328863.1
OG0018882	CAK9328864.1	CAK9328864.1
OG0018883	CAK9328865.1	CAK9328865.1
OG0018884	CAK9328866.1	CAK9328866.1
OG0018885	CAK9328867.1	CAK9328867.1
OG0018886	CAK9328868.1	CAK9328868.1
OG0018887	CAK9328871.1	CAK9328871.1
OG0018888	CAK9328872.1	CAK9328872.1
OG0018889	CAK9328873.1	CAK9328873.1
OG0018890	CAK9328874.1	CAK9328874.1
OG0018891	CAK9328875.1	CAK9328875.1
OG0018892	CAK9328878.1	CAK9328878.1
OG0018893	CAK9328879.1	CAK9328879.1
OG0018894	CAK9328880.1	CAK9328880.1
OG0018895	CAK9328881.1	CAK9328881.1
OG0018896	CAK9328882.1	CAK9328882.1
OG0018897	CAK9328883.1	CAK9328883.1
OG0018898	CAK9328884.1	CAK9328884.1
OG0018899	CAK9328885.1	CAK9328885.1
OG0018900	CAK9328886.1	CAK9328886.1
OG0018901	CAK9328887.1	CAK9328887.1
OG0018902	CAK9328890.1	CAK9328890.1
OG0018903	CAK9328891.1	CAK9328891.1
OG0018904	CAK9328892.1	CAK9328892.1
OG0018905	CAK9328893.1	CAK9328893.1
OG0018906	CAK9328894.1	CAK9328894.1
OG0018907	CAK9328895.1	CAK9328895.1
OG0018908	CAK9328896.1	CAK9328896.1
OG0018909	CAK9328897.1	CAK9328897.1
OG0018910	CAK9328898.1	CAK9328898.1
OG0018911	CAK9328899.1	CAK9328899.1
OG0018912	CAK9328900.1	CAK9328900.1
OG0018913	CAK9328902.1	CAK9328902.1
OG0018914	CAK9328903.1	CAK9328903.1
OG0018915	CAK9328904.1	CAK9328904.1
OG0018916	CAK9328905.1	CAK9328905.1
OG0018917	CAK9328906.1	CAK9328906.1
OG0018918	CAK9328907.1	CAK9328907.1
OG0018919	CAK9328908.1	CAK9328908.1
OG0018920	CAK9328909.1	CAK9328909.1
OG0018921	CAK9328910.1	CAK9328910.1
OG0018922	CAK9328911.1	CAK9328911.1
OG0018923	CAK9328912.1	CAK9328912.1
OG0018924	CAK9328913.1	CAK9328913.1
OG0018925	CAK9328914.1	CAK9328914.1
OG0018926	CAK9328915.1	CAK9328915.1
OG0018927	CAK9328916.1	CAK9328916.1
OG0018928	CAK9328917.1	CAK9328917.1
OG0018929	CAK9328918.1	CAK9328918.1
OG0018930	CAK9328919.1	CAK9328919.1
OG0018931	CAK9328920.1	CAK9328920.1
OG0018932	CAK9328921.1	CAK9328921.1
OG0018933	CAK9328922.1	CAK9328922.1
OG0018934	CAK9328923.1	CAK9328923.1
OG0018935	CAK9328924.1	CAK9328924.1
OG0018936	CAK9328925.1	CAK9328925.1
OG0018937	CAK9328927.1	CAK9328927.1
OG0018938	CAK9328928.1	CAK9328928.1
OG0018939	CAK9328929.1	CAK9328929.1
OG0018940	CAK9328930.1	CAK9328930.1
OG0018941	CAK9328931.1	CAK9328931.1
OG0018942	CAK9328932.1	CAK9328932.1
OG0018943	CAK9328933.1	CAK9328933.1
OG0018944	CAK9328934.1	CAK9328934.1
OG0018945	CAK9328935.1	CAK9328935.1
OG0018946	CAK9328937.1	CAK9328937.1
OG0018947	CAK9328938.1	CAK9328938.1
OG0018948	CAK9328939.1	CAK9328939.1
OG0018949	CAK9328940.1	CAK9328940.1
OG0018950	CAK9328942.1	CAK9328942.1
OG0018951	CAK9328944.1	CAK9328944.1
OG0018952	CAK9328945.1	CAK9328945.1
OG0018953	CAK9328946.1	CAK9328946.1
OG0018954	CAK9328947.1	CAK9328947.1
OG0018955	CAK9328948.1	CAK9328948.1
OG0018956	CAK9328949.1	CAK9328949.1
OG0018957	CAK9328950.1	CAK9328950.1
OG0018958	CAK9328951.1	CAK9328951.1
OG0018959	CAK9328952.1	CAK9328952.1
OG0018960	CAK9328954.1	CAK9328954.1
OG0018961	CAK9328955.1	CAK9328955.1
OG0018962	CAK9328956.1	CAK9328956.1
OG0018963	CAK9328960.1	CAK9328960.1
OG0018964	CAK9328961.1	CAK9328961.1
OG0018965	CAK9328962.1	CAK9328962.1
OG0018966	CAK9328965.1	CAK9328965.1
OG0018967	CAK9328966.1	CAK9328966.1
OG0018968	CAK9328967.1	CAK9328967.1
OG0018969	CAK9328968.1	CAK9328968.1
OG0018970	CAK9328969.1	CAK9328969.1
OG0018971	CAK9328970.1	CAK9328970.1
OG0018972	CAK9328971.1	CAK9328971.1
OG0018973	CAK9328972.1	CAK9328972.1
OG0018974	CAK9328973.1	CAK9328973.1
OG0018975	CAK9328974.1	CAK9328974.1
OG0018976	CAK9328975.1	CAK9328975.1
OG0018977	CAK9328978.1	CAK9328978.1
OG0018978	CAK9328979.1	CAK9328979.1
OG0018979	CAK9328980.1	CAK9328980.1
OG0018980	CAK9328981.1	CAK9328981.1
OG0018981	CAK9328982.1	CAK9328982.1
OG0018982	CAK9328983.1	CAK9328983.1
OG0018983	CAK9328984.1	CAK9328984.1
OG0018984	CAK9328985.1	CAK9328985.1
OG0018985	CAK9328987.1	CAK9328987.1
OG0018986	CAK9328988.1	CAK9328988.1
OG0018987	CAK9328989.1	CAK9328989.1
OG0018988	CAK9328990.1	CAK9328990.1
OG0018989	CAK9328991.1	CAK9328991.1
OG0018990	CAK9328992.1	CAK9328992.1
OG0018991	CAK9328994.1	CAK9328994.1
OG0018992	CAK9328995.1	CAK9328995.1
OG0018993	CAK9328996.1	CAK9328996.1
OG0018994	CAK9328997.1	CAK9328997.1
OG0018995	CAK9328998.1	CAK9328998.1
OG0018996	CAK9328999.1	CAK9328999.1
OG0018997	CAK9329000.1	CAK9329000.1
OG0018998	CAK9329001.1	CAK9329001.1
OG0018999	CAK9329002.1	CAK9329002.1
OG0019000	CAK9329004.1	CAK9329004.1
OG0019001	CAK9329005.1	CAK9329005.1
OG0019002	CAK9329006.1	CAK9329006.1
OG0019003	CAK9329007.1	CAK9329007.1
OG0019004	CAK9329008.1	CAK9329008.1
OG0019005	CAK9329009.1	CAK9329009.1
OG0019006	CAK9329010.1	CAK9329010.1
OG0019007	CAK9329011.1	CAK9329011.1
OG0019008	CAK9329012.1	CAK9329012.1
OG0019009	CAK9329013.1	CAK9329013.1
OG0019010	CAK9329014.1	CAK9329014.1
OG0019011	CAK9329015.1	CAK9329015.1
OG0019012	CAK9329016.1	CAK9329016.1
OG0019013	CAK9329018.1	CAK9329018.1
OG0019014	CAK9329019.1	CAK9329019.1
OG0019015	CAK9329020.1	CAK9329020.1
OG0019016	CAK9329021.1	CAK9329021.1
OG0019017	CAK9329022.1	CAK9329022.1
OG0019018	CAK9329023.1	CAK9329023.1
OG0019019	CAK9329024.1	CAK9329024.1
OG0019020	CAK9329025.1	CAK9329025.1
OG0019021	CAK9329026.1	CAK9329026.1
OG0019022	CAK9329029.1	CAK9329029.1
OG0019023	CAK9329031.1	CAK9329031.1
OG0019024	CAK9329033.1	CAK9329033.1
OG0019025	CAK9329034.1	CAK9329034.1
OG0019026	CAK9329036.1	CAK9329036.1
OG0019027	CAK9329037.1	CAK9329037.1
OG0019028	CAK9329038.1	CAK9329038.1
OG0019029	CAK9329039.1	CAK9329039.1
OG0019030	CAK9329040.1	CAK9329040.1
OG0019031	CAK9329042.1	CAK9329042.1
OG0019032	CAK9329043.1	CAK9329043.1
OG0019033	CAK9329044.1	CAK9329044.1
OG0019034	CAK9329045.1	CAK9329045.1
OG0019035	CAK9329046.1	CAK9329046.1
OG0019036	CAK9329047.1	CAK9329047.1
OG0019037	CAK9329049.1	CAK9329049.1
OG0019038	CAK9329051.1	CAK9329051.1
OG0019039	CAK9329052.1	CAK9329052.1
OG0019040	CAK9329053.1	CAK9329053.1
OG0019041	CAK9329054.1	CAK9329054.1
OG0019042	CAK9329055.1	CAK9329055.1
OG0019043	CAK9329056.1	CAK9329056.1
OG0019044	CAK9329057.1	CAK9329057.1
OG0019045	CAK9329059.1	CAK9329059.1
OG0019046	CAK9329060.1	CAK9329060.1
OG0019047	CAK9329061.1	CAK9329061.1
OG0019048	CAK9329063.1	CAK9329063.1
OG0019049	CAK9329064.1	CAK9329064.1
OG0019050	CAK9329065.1	CAK9329065.1
OG0019051	CAK9329066.1	CAK9329066.1
OG0019052	CAK9329068.1	CAK9329068.1
OG0019053	CAK9329069.1	CAK9329069.1
OG0019054	CAK9329070.1	CAK9329070.1
OG0019055	CAK9329071.1	CAK9329071.1
OG0019056	CAK9329072.1	CAK9329072.1
OG0019057	CAK9329073.1	CAK9329073.1
OG0019058	CAK9329074.1	CAK9329074.1
OG0019059	CAK9329075.1	CAK9329075.1
OG0019060	CAK9329076.1	CAK9329076.1
OG0019061	CAK9329077.1	CAK9329077.1
OG0019062	CAK9329078.1	CAK9329078.1
OG0019063	CAK9329082.1	CAK9329082.1
OG0019064	CAK9329083.1	CAK9329083.1
OG0019065	CAK9329084.1	CAK9329084.1
OG0019066	CAK9329085.1	CAK9329085.1
OG0019067	CAK9329086.1	CAK9329086.1
OG0019068	CAK9329087.1	CAK9329087.1
OG0019069	CAK9329088.1	CAK9329088.1
OG0019070	CAK9329089.1	CAK9329089.1
OG0019071	CAK9329090.1	CAK9329090.1
OG0019072	CAK9329091.1	CAK9329091.1
OG0019073	CAK9329092.1	CAK9329092.1
OG0019074	CAK9329093.1	CAK9329093.1
OG0019075	CAK9329094.1	CAK9329094.1
OG0019076	CAK9329095.1	CAK9329095.1
OG0019077	CAK9329096.1	CAK9329096.1
OG0019078	CAK9329097.1	CAK9329097.1
OG0019079	CAK9329098.1	CAK9329098.1
OG0019080	CAK9329099.1	CAK9329099.1
OG0019081	CAK9329100.1	CAK9329100.1
OG0019082	CAK9329101.1	CAK9329101.1
OG0019083	CAK9329102.1	CAK9329102.1
OG0019084	CAK9329103.1	CAK9329103.1
OG0019085	CAK9329104.1	CAK9329104.1
OG0019086	CAK9329106.1	CAK9329106.1
OG0019087	CAK9329107.1	CAK9329107.1
OG0019088	CAK9329108.1	CAK9329108.1
OG0019089	CAK9329109.1	CAK9329109.1
OG0019090	CAK9329110.1	CAK9329110.1
OG0019091	CAK9329112.1	CAK9329112.1
OG0019092	CAK9329113.1	CAK9329113.1
OG0019093	CAK9329114.1	CAK9329114.1
OG0019094	CAK9329115.1	CAK9329115.1
OG0019095	CAK9329117.1	CAK9329117.1
OG0019096	CAK9329119.1	CAK9329119.1
OG0019097	CAK9329120.1	CAK9329120.1
OG0019098	CAK9329121.1	CAK9329121.1
OG0019099	CAK9329122.1	CAK9329122.1
OG0019100	CAK9329123.1	CAK9329123.1
OG0019101	CAK9329124.1	CAK9329124.1
OG0019102	CAK9329125.1	CAK9329125.1
OG0019103	CAK9329126.1	CAK9329126.1
OG0019104	CAK9329127.1	CAK9329127.1
OG0019105	CAK9329128.1	CAK9329128.1
OG0019106	CAK9329129.1	CAK9329129.1
OG0019107	CAK9329133.1	CAK9329133.1
OG0019108	CAK9329134.1	CAK9329134.1
OG0019109	CAK9329135.1	CAK9329135.1
OG0019110	CAK9329136.1	CAK9329136.1
OG0019111	CAK9329137.1	CAK9329137.1
OG0019112	CAK9329138.1	CAK9329138.1
OG0019113	CAK9329139.1	CAK9329139.1
OG0019114	CAK9329140.1	CAK9329140.1
OG0019115	CAK9329141.1	CAK9329141.1
OG0019116	CAK9329142.1	CAK9329142.1
OG0019117	CAK9329143.1	CAK9329143.1
OG0019118	CAK9329144.1	CAK9329144.1
OG0019119	CAK9329145.1	CAK9329145.1
OG0019120	CAK9329150.1	CAK9329150.1
OG0019121	CAK9329151.1	CAK9329151.1
OG0019122	CAK9329153.1	CAK9329153.1
OG0019123	CAK9329154.1	CAK9329154.1
OG0019124	CAK9329156.1	CAK9329156.1
OG0019125	CAK9329157.1	CAK9329157.1
OG0019126	CAK9329158.1	CAK9329158.1
OG0019127	CAK9329160.1	CAK9329160.1
OG0019128	CAK9329161.1	CAK9329161.1
OG0019129	CAK9329162.1	CAK9329162.1
OG0019130	CAK9329163.1	CAK9329163.1
OG0019131	CAK9329164.1	CAK9329164.1
OG0019132	CAK9329165.1	CAK9329165.1
OG0019133	CAK9329166.1	CAK9329166.1
OG0019134	CAK9329167.1	CAK9329167.1
OG0019135	CAK9329168.1	CAK9329168.1
OG0019136	CAK9329169.1	CAK9329169.1
OG0019137	CAK9329170.1	CAK9329170.1
OG0019138	CAK9329171.1	CAK9329171.1
OG0019139	CAK9329172.1	CAK9329172.1
OG0019140	CAK9329173.1	CAK9329173.1
OG0019141	CAK9329174.1	CAK9329174.1
OG0019142	CAK9329176.1	CAK9329176.1
OG0019143	CAK9329177.1	CAK9329177.1
OG0019144	CAK9329178.1	CAK9329178.1
OG0019145	CAK9329179.1	CAK9329179.1
OG0019146	CAK9329180.1	CAK9329180.1
OG0019147	CAK9329181.1	CAK9329181.1
OG0019148	CAK9329182.1	CAK9329182.1
OG0019149	CAK9329183.1	CAK9329183.1
OG0019150	CAK9329184.1	CAK9329184.1
OG0019151	CAK9329185.1	CAK9329185.1
OG0019152	CAK9329186.1	CAK9329186.1
OG0019153	CAK9329187.1	CAK9329187.1
OG0019154	CAK9329189.1	CAK9329189.1
OG0019155	CAK9329190.1	CAK9329190.1
OG0019156	CAK9329192.1	CAK9329192.1
OG0019157	CAK9329193.1	CAK9329193.1
OG0019158	CAK9329195.1	CAK9329195.1
OG0019159	CAK9329196.1	CAK9329196.1
OG0019160	CAK9329197.1	CAK9329197.1
OG0019161	CAK9329198.1	CAK9329198.1
OG0019162	CAK9329199.1	CAK9329199.1
OG0019163	CAK9329203.1	CAK9329203.1
OG0019164	CAK9329204.1	CAK9329204.1
OG0019165	CAK9329205.1	CAK9329205.1
OG0019166	CAK9329207.1	CAK9329207.1
OG0019167	CAK9329208.1	CAK9329208.1
OG0019168	CAK9329209.1	CAK9329209.1
OG0019169	CAK9329210.1	CAK9329210.1
OG0019170	CAK9329211.1	CAK9329211.1
OG0019171	CAK9329212.1	CAK9329212.1
OG0019172	CAK9329213.1	CAK9329213.1
OG0019173	CAK9329214.1	CAK9329214.1
OG0019174	CAK9329215.1	CAK9329215.1
OG0019175	CAK9329216.1	CAK9329216.1
OG0019176	CAK9329217.1	CAK9329217.1
OG0019177	CAK9329218.1	CAK9329218.1
OG0019178	CAK9329220.1	CAK9329220.1
OG0019179	CAK9329221.1	CAK9329221.1
OG0019180	CAK9329222.1	CAK9329222.1
OG0019181	CAK9329223.1	CAK9329223.1
OG0019182	CAK9329224.1	CAK9329224.1
OG0019183	CAK9329225.1	CAK9329225.1
OG0019184	CAK9329227.1	CAK9329227.1
OG0019185	CAK9329228.1	CAK9329228.1
OG0019186	CAK9329230.1	CAK9329230.1
OG0019187	CAK9329231.1	CAK9329231.1
OG0019188	CAK9329232.1	CAK9329232.1
OG0019189	CAK9329233.1	CAK9329233.1
OG0019190	CAK9329234.1	CAK9329234.1
OG0019191	CAK9329235.1	CAK9329235.1
OG0019192	CAK9329236.1	CAK9329236.1
OG0019193	CAK9329238.1	CAK9329238.1
OG0019194	CAK9329239.1	CAK9329239.1
OG0019195	CAK9329240.1	CAK9329240.1
OG0019196	CAK9329242.1	CAK9329242.1
OG0019197	CAK9329243.1	CAK9329243.1
OG0019198	CAK9329244.1	CAK9329244.1
OG0019199	CAK9329245.1	CAK9329245.1
OG0019200	CAK9329246.1	CAK9329246.1
OG0019201	CAK9329247.1	CAK9329247.1
OG0019202	CAK9329248.1	CAK9329248.1
OG0019203	CAK9329249.1	CAK9329249.1
OG0019204	CAK9329250.1	CAK9329250.1
OG0019205	CAK9329252.1	CAK9329252.1
OG0019206	CAK9329254.1	CAK9329254.1
OG0019207	CAK9329255.1	CAK9329255.1
OG0019208	CAK9329256.1	CAK9329256.1
OG0019209	CAK9329257.1	CAK9329257.1
OG0019210	CAK9329258.1	CAK9329258.1
OG0019211	CAK9329260.1	CAK9329260.1
OG0019212	CAK9329261.1	CAK9329261.1
OG0019213	CAK9329262.1	CAK9329262.1
OG0019214	CAK9329263.1	CAK9329263.1
OG0019215	CAK9329264.1	CAK9329264.1
OG0019216	CAK9329265.1	CAK9329265.1
OG0019217	CAK9329266.1	CAK9329266.1
OG0019218	CAK9329267.1	CAK9329267.1
OG0019219	CAK9329268.1	CAK9329268.1
OG0019220	CAK9329270.1	CAK9329270.1
OG0019221	CAK9329272.1	CAK9329272.1
OG0019222	CAK9329273.1	CAK9329273.1
OG0019223	CAK9329274.1	CAK9329274.1
OG0019224	CAK9329275.1	CAK9329275.1
OG0019225	CAK9329276.1	CAK9329276.1
OG0019226	CAK9329277.1	CAK9329277.1
OG0019227	CAK9329280.1	CAK9329280.1
OG0019228	CAK9329283.1	CAK9329283.1
OG0019229	CAK9329284.1	CAK9329284.1
OG0019230	CAK9329285.1	CAK9329285.1
OG0019231	CAK9329286.1	CAK9329286.1
OG0019232	CAK9329287.1	CAK9329287.1
OG0019233	CAK9329288.1	CAK9329288.1
OG0019234	CAK9329290.1	CAK9329290.1
OG0019235	CAK9329292.1	CAK9329292.1
OG0019236	CAK9329293.1	CAK9329293.1
OG0019237	CAK9329294.1	CAK9329294.1
OG0019238	CAK9329295.1	CAK9329295.1
OG0019239	CAK9329296.1	CAK9329296.1
OG0019240	CAK9329298.1	CAK9329298.1
OG0019241	CAK9329299.1	CAK9329299.1
OG0019242	CAK9329300.1	CAK9329300.1
OG0019243	CAK9329301.1	CAK9329301.1
OG0019244	CAK9329302.1	CAK9329302.1
OG0019245	CAK9329303.1	CAK9329303.1
OG0019246	CAK9329304.1	CAK9329304.1
OG0019247	CAK9329305.1	CAK9329305.1
OG0019248	CAK9329306.1	CAK9329306.1
OG0019249	CAK9329307.1	CAK9329307.1
OG0019250	CAK9329309.1	CAK9329309.1
OG0019251	CAK9329310.1	CAK9329310.1
OG0019252	CAK9329311.1	CAK9329311.1
OG0019253	CAK9329312.1	CAK9329312.1
OG0019254	CAK9329313.1	CAK9329313.1
OG0019255	CAK9329314.1	CAK9329314.1
OG0019256	CAK9329315.1	CAK9329315.1
OG0019257	CAK9329316.1	CAK9329316.1
OG0019258	CAK9329318.1	CAK9329318.1
OG0019259	CAK9329320.1	CAK9329320.1
OG0019260	CAK9329321.1	CAK9329321.1
OG0019261	CAK9329322.1	CAK9329322.1
OG0019262	CAK9329323.1	CAK9329323.1
OG0019263	CAK9329324.1	CAK9329324.1
OG0019264	CAK9329325.1	CAK9329325.1
OG0019265	CAK9329326.1	CAK9329326.1
OG0019266	CAK9329327.1	CAK9329327.1
OG0019267	CAK9329328.1	CAK9329328.1
OG0019268	CAK9329329.1	CAK9329329.1
OG0019269	CAK9329330.1	CAK9329330.1
OG0019270	CAK9329331.1	CAK9329331.1
OG0019271	CAK9329332.1	CAK9329332.1
OG0019272	CAK9329333.1	CAK9329333.1
OG0019273	CAK9329334.1	CAK9329334.1
OG0019274	CAK9329335.1	CAK9329335.1
OG0019275	CAK9329336.1	CAK9329336.1
OG0019276	CAK9329337.1	CAK9329337.1
OG0019277	CAK9329338.1	CAK9329338.1
OG0019278	CAK9329339.1	CAK9329339.1
OG0019279	CAK9329340.1	CAK9329340.1
OG0019280	CAK9329342.1	CAK9329342.1
OG0019281	CAK9329343.1	CAK9329343.1
OG0019282	CAK9329344.1	CAK9329344.1
OG0019283	CAK9329345.1	CAK9329345.1
OG0019284	CAK9329346.1	CAK9329346.1
OG0019285	CAK9329347.1	CAK9329347.1
OG0019286	CAK9329348.1	CAK9329348.1
OG0019287	CAK9329349.1	CAK9329349.1
OG0019288	CAK9329350.1	CAK9329350.1
OG0019289	CAK9329351.1	CAK9329351.1
OG0019290	CAK9329352.1	CAK9329352.1
OG0019291	CAK9329353.1	CAK9329353.1
OG0019292	CAK9329354.1	CAK9329354.1
OG0019293	CAK9329355.1	CAK9329355.1
OG0019294	CAK9329356.1	CAK9329356.1
OG0019295	CAK9329357.1	CAK9329357.1
OG0019296	CAK9329358.1	CAK9329358.1
OG0019297	CAK9329359.1	CAK9329359.1
OG0019298	CAK9329360.1	CAK9329360.1
OG0019299	CAK9329361.1	CAK9329361.1
OG0019300	CAK9329362.1	CAK9329362.1
OG0019301	CAK9329363.1	CAK9329363.1
OG0019302	CAK9329364.1	CAK9329364.1
OG0019303	CAK9329365.1	CAK9329365.1
OG0019304	CAK9329366.1	CAK9329366.1
OG0019305	CAK9329367.1	CAK9329367.1
OG0019306	CAK9329368.1	CAK9329368.1
OG0019307	CAK9329369.1	CAK9329369.1
OG0019308	CAK9329370.1	CAK9329370.1
OG0019309	CAK9329371.1	CAK9329371.1
OG0019310	CAK9329372.1	CAK9329372.1
OG0019311	CAK9329373.1	CAK9329373.1
OG0019312	CAK9329374.1	CAK9329374.1
OG0019313	CAK9329375.1	CAK9329375.1
OG0019314	CAK9329376.1	CAK9329376.1
OG0019315	CAK9329377.1	CAK9329377.1
OG0019316	CAK9329378.1	CAK9329378.1
OG0019317	CAK9329379.1	CAK9329379.1
OG0019318	CAK9329380.1	CAK9329380.1
OG0019319	CAK9329381.1	CAK9329381.1
OG0019320	CAK9329382.1	CAK9329382.1
OG0019321	CAK9329383.1	CAK9329383.1
OG0019322	CAK9329384.1	CAK9329384.1
OG0019323	CAK9329385.1	CAK9329385.1
OG0019324	CAK9329386.1	CAK9329386.1
OG0019325	CAK9329387.1	CAK9329387.1
OG0019326	CAK9329388.1	CAK9329388.1
OG0019327	CAK9329389.1	CAK9329389.1
OG0019328	CAK9329391.1	CAK9329391.1
OG0019329	CAK9329392.1	CAK9329392.1
OG0019330	CAK9329393.1	CAK9329393.1
OG0019331	CAK9329394.1	CAK9329394.1
OG0019332	CAK9329395.1	CAK9329395.1
OG0019333	CAK9329396.1	CAK9329396.1
OG0019334	CAK9329397.1	CAK9329397.1
OG0019335	CAK9329398.1	CAK9329398.1
OG0019336	CAK9329400.1	CAK9329400.1
OG0019337	CAK9329401.1	CAK9329401.1
OG0019338	CAK9329402.1	CAK9329402.1
OG0019339	CAK9329403.1	CAK9329403.1
OG0019340	CAK9329404.1	CAK9329404.1
OG0019341	CAK9329405.1	CAK9329405.1
OG0019342	CAK9329406.1	CAK9329406.1
OG0019343	CAK9329407.1	CAK9329407.1
OG0019344	CAK9329408.1	CAK9329408.1
OG0019345	CAK9329410.1	CAK9329410.1
OG0019346	CAK9329412.1	CAK9329412.1
OG0019347	CAK9329414.1	CAK9329414.1
OG0019348	CAK9329415.1	CAK9329415.1
OG0019349	CAK9329416.1	CAK9329416.1
OG0019350	CAK9329417.1	CAK9329417.1
OG0019351	CAK9329418.1	CAK9329418.1
OG0019352	CAK9329419.1	CAK9329419.1
OG0019353	CAK9329420.1	CAK9329420.1
OG0019354	CAK9329421.1	CAK9329421.1
OG0019355	CAK9329422.1	CAK9329422.1
OG0019356	CAK9329423.1	CAK9329423.1
OG0019357	CAK9329424.1	CAK9329424.1
OG0019358	CAK9329425.1	CAK9329425.1
OG0019359	CAK9329426.1	CAK9329426.1
OG0019360	CAK9329427.1	CAK9329427.1
OG0019361	CAK9329428.1	CAK9329428.1
OG0019362	CAK9329429.1	CAK9329429.1
OG0019363	CAK9329430.1	CAK9329430.1
OG0019364	CAK9329431.1	CAK9329431.1
OG0019365	CAK9329432.1	CAK9329432.1
OG0019366	CAK9329433.1	CAK9329433.1
OG0019367	CAK9329434.1	CAK9329434.1
OG0019368	CAK9329435.1	CAK9329435.1
OG0019369	CAK9329437.1	CAK9329437.1
OG0019370	CAK9329438.1	CAK9329438.1
OG0019371	CAK9329439.1	CAK9329439.1
OG0019372	CAK9329440.1	CAK9329440.1
OG0019373	CAK9329441.1	CAK9329441.1
OG0019374	CAK9329442.1	CAK9329442.1
OG0019375	CAK9329443.1	CAK9329443.1
OG0019376	CAK9329444.1	CAK9329444.1
OG0019377	CAK9329445.1	CAK9329445.1
OG0019378	CAK9329446.1	CAK9329446.1
OG0019379	CAK9329447.1	CAK9329447.1
OG0019380	CAK9329451.1	CAK9329451.1
OG0019381	CAK9329452.1	CAK9329452.1
OG0019382	CAK9329453.1	CAK9329453.1
OG0019383	CAK9329454.1	CAK9329454.1
OG0019384	CAK9329455.1	CAK9329455.1
OG0019385	CAK9329456.1	CAK9329456.1
OG0019386	CAK9329457.1	CAK9329457.1
OG0019387	CAK9329458.1	CAK9329458.1
OG0019388	CAK9329459.1	CAK9329459.1
OG0019389	CAK9329460.1	CAK9329460.1
OG0019390	CAK9329462.1	CAK9329462.1
OG0019391	CAK9329463.1	CAK9329463.1
OG0019392	CAK9329464.1	CAK9329464.1
OG0019393	CAK9329465.1	CAK9329465.1
OG0019394	CAK9329466.1	CAK9329466.1
OG0019395	CAK9329467.1	CAK9329467.1
OG0019396	CAK9329469.1	CAK9329469.1
OG0019397	CAK9329470.1	CAK9329470.1
OG0019398	CAK9329471.1	CAK9329471.1
OG0019399	CAK9329472.1	CAK9329472.1
OG0019400	CAK9329473.1	CAK9329473.1
OG0019401	CAK9329474.1	CAK9329474.1
OG0019402	CAK9329475.1	CAK9329475.1
OG0019403	CAK9329476.1	CAK9329476.1
OG0019404	CAK9329477.1	CAK9329477.1
OG0019405	CAK9329478.1	CAK9329478.1
OG0019406	CAK9329479.1	CAK9329479.1
OG0019407	CAK9329480.1	CAK9329480.1
OG0019408	CAK9329482.1	CAK9329482.1
OG0019409	CAK9329483.1	CAK9329483.1
OG0019410	CAK9329484.1	CAK9329484.1
OG0019411	CAK9329485.1	CAK9329485.1
OG0019412	CAK9329486.1	CAK9329486.1
OG0019413	CAK9329487.1	CAK9329487.1
OG0019414	CAK9329489.1	CAK9329489.1
OG0019415	CAK9329490.1	CAK9329490.1
OG0019416	CAK9329491.1	CAK9329491.1
OG0019417	CAK9329492.1	CAK9329492.1
OG0019418	CAK9329493.1	CAK9329493.1
OG0019419	CAK9329494.1	CAK9329494.1
OG0019420	CAK9329495.1	CAK9329495.1
OG0019421	CAK9329496.1	CAK9329496.1
OG0019422	CAK9329497.1	CAK9329497.1
OG0019423	CAK9329499.1	CAK9329499.1
OG0019424	CAK9329500.1	CAK9329500.1
OG0019425	CAK9329501.1	CAK9329501.1
OG0019426	CAK9329502.1	CAK9329502.1
OG0019427	CAK9329503.1	CAK9329503.1
OG0019428	CAK9329504.1	CAK9329504.1
OG0019429	CAK9329505.1	CAK9329505.1
OG0019430	CAK9329506.1	CAK9329506.1
OG0019431	CAK9329507.1	CAK9329507.1
OG0019432	CAK9329508.1	CAK9329508.1
OG0019433	CAK9329509.1	CAK9329509.1
OG0019434	CAK9329511.1	CAK9329511.1
OG0019435	CAK9329513.1	CAK9329513.1
OG0019436	CAK9329514.1	CAK9329514.1
OG0019437	CAK9329515.1	CAK9329515.1
OG0019438	CAK9329518.1	CAK9329518.1
OG0019439	CAK9329519.1	CAK9329519.1
OG0019440	CAK9329520.1	CAK9329520.1
OG0019441	CAK9329521.1	CAK9329521.1
OG0019442	CAK9329522.1	CAK9329522.1
OG0019443	CAK9329523.1	CAK9329523.1
OG0019444	CAK9329524.1	CAK9329524.1
OG0019445	CAK9329526.1	CAK9329526.1
OG0019446	CAK9329527.1	CAK9329527.1
OG0019447	CAK9329528.1	CAK9329528.1
OG0019448	CAK9329529.1	CAK9329529.1
OG0019449	CAK9329530.1	CAK9329530.1
OG0019450	CAK9329531.1	CAK9329531.1
OG0019451	CAK9329532.1	CAK9329532.1
OG0019452	CAK9329533.1	CAK9329533.1
OG0019453	CAK9329534.1	CAK9329534.1
OG0019454	CAK9329535.1	CAK9329535.1
OG0019455	CAK9329537.1	CAK9329537.1
OG0019456	CAK9329538.1	CAK9329538.1
OG0019457	CAK9329539.1	CAK9329539.1
OG0019458	CAK9329540.1	CAK9329540.1
OG0019459	CAK9329541.1	CAK9329541.1
OG0019460	CAK9329542.1	CAK9329542.1
OG0019461	CAK9329543.1	CAK9329543.1
OG0019462	CAK9329544.1	CAK9329544.1
OG0019463	CAK9329546.1	CAK9329546.1
OG0019464	CAK9329547.1	CAK9329547.1
OG0019465	CAK9329548.1	CAK9329548.1
OG0019466	CAK9329550.1	CAK9329550.1
OG0019467	CAK9329551.1	CAK9329551.1
OG0019468	CAK9329553.1	CAK9329553.1
OG0019469	CAK9329554.1	CAK9329554.1
OG0019470	CAK9329556.1	CAK9329556.1
OG0019471	CAK9329557.1	CAK9329557.1
OG0019472	CAK9329558.1	CAK9329558.1
OG0019473	CAK9329560.1	CAK9329560.1
OG0019474	CAK9329561.1	CAK9329561.1
OG0019475	CAK9329562.1	CAK9329562.1
OG0019476	CAK9329564.1	CAK9329564.1
OG0019477	CAK9329565.1	CAK9329565.1
OG0019478	CAK9329566.1	CAK9329566.1
OG0019479	CAK9329567.1	CAK9329567.1
OG0019480	CAK9329572.1	CAK9329572.1
OG0019481	CAK9329573.1	CAK9329573.1
OG0019482	CAK9329574.1	CAK9329574.1
OG0019483	CAK9329575.1	CAK9329575.1
OG0019484	CAK9329577.1	CAK9329577.1
OG0019485	CAK9329578.1	CAK9329578.1
OG0019486	CAK9329579.1	CAK9329579.1
OG0019487	CAK9329580.1	CAK9329580.1
OG0019488	CAK9329581.1	CAK9329581.1
OG0019489	CAK9329582.1	CAK9329582.1
OG0019490	CAK9329583.1	CAK9329583.1
OG0019491	CAK9329584.1	CAK9329584.1
OG0019492	CAK9329585.1	CAK9329585.1
OG0019493	CAK9329586.1	CAK9329586.1
OG0019494	CAK9329587.1	CAK9329587.1
OG0019495	CAK9329588.1	CAK9329588.1
OG0019496	CAK9329595.1	CAK9329595.1
OG0019497	CAK9329596.1	CAK9329596.1
OG0019498	CAK9329597.1	CAK9329597.1
OG0019499	CAK9329598.1	CAK9329598.1
OG0019500	CAK9329599.1	CAK9329599.1
OG0019501	CAK9329600.1	CAK9329600.1
OG0019502	CAK9329601.1	CAK9329601.1
OG0019503	CAK9329602.1	CAK9329602.1
OG0019504	CAK9329603.1	CAK9329603.1
OG0019505	CAK9329604.1	CAK9329604.1
OG0019506	CAK9329605.1	CAK9329605.1
OG0019507	CAK9329606.1	CAK9329606.1
OG0019508	CAK9329608.1	CAK9329608.1
OG0019509	CAK9329609.1	CAK9329609.1
OG0019510	CAK9329610.1	CAK9329610.1
OG0019511	CAK9329611.1	CAK9329611.1
OG0019512	CAK9329612.1	CAK9329612.1
OG0019513	CAK9329613.1	CAK9329613.1
OG0019514	CAK9329614.1	CAK9329614.1
OG0019515	CAK9329615.1	CAK9329615.1
OG0019516	CAK9329616.1	CAK9329616.1
OG0019517	CAK9329617.1	CAK9329617.1
OG0019518	CAK9329618.1	CAK9329618.1
OG0019519	CAK9329619.1	CAK9329619.1
OG0019520	CAK9329620.1	CAK9329620.1
OG0019521	CAK9329621.1	CAK9329621.1
OG0019522	CAK9329622.1	CAK9329622.1
OG0019523	CAK9329623.1	CAK9329623.1
OG0019524	CAK9329625.1	CAK9329625.1
OG0019525	CAK9329626.1	CAK9329626.1
OG0019526	CAK9329627.1	CAK9329627.1
OG0019527	CAK9329628.1	CAK9329628.1
OG0019528	CAK9329629.1	CAK9329629.1
OG0019529	CAK9329630.1	CAK9329630.1
OG0019530	CAK9329631.1	CAK9329631.1
OG0019531	CAK9329632.1	CAK9329632.1
OG0019532	CAK9329633.1	CAK9329633.1
OG0019533	CAK9329634.1	CAK9329634.1
OG0019534	CAK9329635.1	CAK9329635.1
OG0019535	CAK9329636.1	CAK9329636.1
OG0019536	CAK9329637.1	CAK9329637.1
OG0019537	CAK9329638.1	CAK9329638.1
OG0019538	CAK9329639.1	CAK9329639.1
OG0019539	CAK9329643.1	CAK9329643.1
OG0019540	CAK9329644.1	CAK9329644.1
OG0019541	CAK9329645.1	CAK9329645.1
OG0019542	CAK9329646.1	CAK9329646.1
OG0019543	CAK9329647.1	CAK9329647.1
OG0019544	CAK9329648.1	CAK9329648.1
OG0019545	CAK9329649.1	CAK9329649.1
OG0019546	CAK9329650.1	CAK9329650.1
OG0019547	CAK9329651.1	CAK9329651.1
OG0019548	CAK9329653.1	CAK9329653.1
OG0019549	CAK9329654.1	CAK9329654.1
OG0019550	CAK9329655.1	CAK9329655.1
OG0019551	CAK9329656.1	CAK9329656.1
OG0019552	CAK9329660.1	CAK9329660.1
OG0019553	CAK9329661.1	CAK9329661.1
OG0019554	CAK9329662.1	CAK9329662.1
OG0019555	CAK9329664.1	CAK9329664.1
OG0019556	CAK9329668.1	CAK9329668.1
OG0019557	CAK9329671.1	CAK9329671.1
OG0019558	CAK9329673.1	CAK9329673.1
OG0019559	CAK9329674.1	CAK9329674.1
OG0019560	CAK9329675.1	CAK9329675.1
OG0019561	CAK9329676.1	CAK9329676.1
OG0019562	CAK9329677.1	CAK9329677.1
OG0019563	CAK9329678.1	CAK9329678.1
OG0019564	CAK9329679.1	CAK9329679.1
OG0019565	CAK9329680.1	CAK9329680.1
OG0019566	CAK9329681.1	CAK9329681.1
OG0019567	CAK9329682.1	CAK9329682.1
OG0019568	CAK9329683.1	CAK9329683.1
OG0019569	CAK9329684.1	CAK9329684.1
OG0019570	CAK9329685.1	CAK9329685.1
OG0019571	CAK9329686.1	CAK9329686.1
OG0019572	CAK9329687.1	CAK9329687.1
OG0019573	CAK9329688.1	CAK9329688.1
OG0019574	CAK9329689.1	CAK9329689.1
OG0019575	CAK9329690.1	CAK9329690.1
OG0019576	CAK9329691.1	CAK9329691.1
OG0019577	CAK9329692.1	CAK9329692.1
OG0019578	CAK9329693.1	CAK9329693.1
OG0019579	CAK9329694.1	CAK9329694.1
OG0019580	CAK9329695.1	CAK9329695.1
OG0019581	CAK9329696.1	CAK9329696.1
OG0019582	CAK9329697.1	CAK9329697.1
OG0019583	CAK9329698.1	CAK9329698.1
OG0019584	CAK9329699.1	CAK9329699.1
OG0019585	CAK9329700.1	CAK9329700.1
OG0019586	CAK9329701.1	CAK9329701.1
OG0019587	CAK9329703.1	CAK9329703.1
OG0019588	CAK9329704.1	CAK9329704.1
OG0019589	CAK9329705.1	CAK9329705.1
OG0019590	CAK9329706.1	CAK9329706.1
OG0019591	CAK9329707.1	CAK9329707.1
OG0019592	CAK9329708.1	CAK9329708.1
OG0019593	CAK9329710.1	CAK9329710.1
OG0019594	CAK9329711.1	CAK9329711.1
OG0019595	CAK9329712.1	CAK9329712.1
OG0019596	CAK9329713.1	CAK9329713.1
OG0019597	CAK9329715.1	CAK9329715.1
OG0019598	CAK9329716.1	CAK9329716.1
OG0019599	CAK9329717.1	CAK9329717.1
OG0019600	CAK9329719.1	CAK9329719.1
OG0019601	CAK9329720.1	CAK9329720.1
OG0019602	CAK9329721.1	CAK9329721.1
OG0019603	CAK9329722.1	CAK9329722.1
OG0019604	CAK9329723.1	CAK9329723.1
OG0019605	CAK9329724.1	CAK9329724.1
OG0019606	CAK9329725.1	CAK9329725.1
OG0019607	CAK9329726.1	CAK9329726.1
OG0019608	CAK9329728.1	CAK9329728.1
OG0019609	CAK9329729.1	CAK9329729.1
OG0019610	CAK9329730.1	CAK9329730.1
OG0019611	CAK9329731.1	CAK9329731.1
OG0019612	CAK9329732.1	CAK9329732.1
OG0019613	CAK9329733.1	CAK9329733.1
OG0019614	CAK9329734.1	CAK9329734.1
OG0019615	CAK9329735.1	CAK9329735.1
OG0019616	CAK9329737.1	CAK9329737.1
OG0019617	CAK9329738.1	CAK9329738.1
OG0019618	CAK9329740.1	CAK9329740.1
OG0019619	CAK9329741.1	CAK9329741.1
OG0019620	CAK9329742.1	CAK9329742.1
OG0019621	CAK9329743.1	CAK9329743.1
OG0019622	CAK9329744.1	CAK9329744.1
OG0019623	CAK9329745.1	CAK9329745.1
OG0019624	CAK9329746.1	CAK9329746.1
OG0019625	CAK9329748.1	CAK9329748.1
OG0019626	CAK9329749.1	CAK9329749.1
OG0019627	CAK9329750.1	CAK9329750.1
OG0019628	CAK9329751.1	CAK9329751.1
OG0019629	CAK9329752.1	CAK9329752.1
OG0019630	CAK9329753.1	CAK9329753.1
OG0019631	CAK9329754.1	CAK9329754.1
OG0019632	CAK9329755.1	CAK9329755.1
OG0019633	CAK9329756.1	CAK9329756.1
OG0019634	CAK9329757.1	CAK9329757.1
OG0019635	CAK9329758.1	CAK9329758.1
OG0019636	CAK9329759.1	CAK9329759.1
OG0019637	CAK9329760.1	CAK9329760.1
OG0019638	CAK9329761.1	CAK9329761.1
OG0019639	CAK9329762.1	CAK9329762.1
OG0019640	CAK9329763.1	CAK9329763.1
OG0019641	CAK9329764.1	CAK9329764.1
OG0019642	CAK9329765.1	CAK9329765.1
OG0019643	CAK9329766.1	CAK9329766.1
OG0019644	CAK9329767.1	CAK9329767.1
OG0019645	CAK9329768.1	CAK9329768.1
OG0019646	CAK9329769.1	CAK9329769.1
OG0019647	CAK9329770.1	CAK9329770.1
OG0019648	CAK9329771.1	CAK9329771.1
OG0019649	CAK9329772.1	CAK9329772.1
OG0019650	CAK9329773.1	CAK9329773.1
OG0019651	CAK9329775.1	CAK9329775.1
OG0019652	CAK9329776.1	CAK9329776.1
OG0019653	CAK9329777.1	CAK9329777.1
OG0019654	CAK9329778.1	CAK9329778.1
OG0019655	CAK9329779.1	CAK9329779.1
OG0019656	CAK9329783.1	CAK9329783.1
OG0019657	CAK9329784.1	CAK9329784.1
OG0019658	CAK9329785.1	CAK9329785.1
OG0019659	CAK9329786.1	CAK9329786.1
OG0019660	CAK9329787.1	CAK9329787.1
OG0019661	CAK9329788.1	CAK9329788.1
OG0019662	CAK9329789.1	CAK9329789.1
OG0019663	CAK9329790.1	CAK9329790.1
OG0019664	CAK9329791.1	CAK9329791.1
OG0019665	CAK9329792.1	CAK9329792.1
OG0019666	CAK9329793.1	CAK9329793.1
OG0019667	CAK9329794.1	CAK9329794.1
OG0019668	CAK9329795.1	CAK9329795.1
OG0019669	CAK9329796.1	CAK9329796.1
OG0019670	CAK9329798.1	CAK9329798.1
OG0019671	CAK9329799.1	CAK9329799.1
OG0019672	CAK9329800.1	CAK9329800.1
OG0019673	CAK9329801.1	CAK9329801.1
OG0019674	CAK9329803.1	CAK9329803.1
OG0019675	CAK9329804.1	CAK9329804.1
OG0019676	CAK9329805.1	CAK9329805.1
OG0019677	CAK9329806.1	CAK9329806.1
OG0019678	CAK9329808.1	CAK9329808.1
OG0019679	CAK9329809.1	CAK9329809.1
OG0019680	CAK9329810.1	CAK9329810.1
OG0019681	CAK9329811.1	CAK9329811.1
OG0019682	CAK9329812.1	CAK9329812.1
OG0019683	CAK9329813.1	CAK9329813.1
OG0019684	CAK9329814.1	CAK9329814.1
OG0019685	CAK9329815.1	CAK9329815.1
OG0019686	CAK9329816.1	CAK9329816.1
OG0019687	CAK9329817.1	CAK9329817.1
OG0019688	CAK9329820.1	CAK9329820.1
OG0019689	CAK9329821.1	CAK9329821.1
OG0019690	CAK9329825.1	CAK9329825.1
OG0019691	CAK9329827.1	CAK9329827.1
OG0019692	CAK9329828.1	CAK9329828.1
OG0019693	CAK9329829.1	CAK9329829.1
OG0019694	CAK9329830.1	CAK9329830.1
OG0019695	CAK9329832.1	CAK9329832.1
OG0019696	CAK9329833.1	CAK9329833.1
OG0019697	CAK9329834.1	CAK9329834.1
OG0019698	CAK9329835.1	CAK9329835.1
OG0019699	CAK9329836.1	CAK9329836.1
OG0019700	CAK9329837.1	CAK9329837.1
OG0019701	CAK9329838.1	CAK9329838.1
OG0019702	CAK9329839.1	CAK9329839.1
OG0019703	CAK9329840.1	CAK9329840.1
OG0019704	CAK9329842.1	CAK9329842.1
OG0019705	CAK9329843.1	CAK9329843.1
OG0019706	CAK9329844.1	CAK9329844.1
OG0019707	CAK9329845.1	CAK9329845.1
OG0019708	CAK9329846.1	CAK9329846.1
OG0019709	CAK9329847.1	CAK9329847.1
OG0019710	CAK9329848.1	CAK9329848.1
OG0019711	CAK9329849.1	CAK9329849.1
OG0019712	CAK9329850.1	CAK9329850.1
OG0019713	CAK9329851.1	CAK9329851.1
OG0019714	CAK9329852.1	CAK9329852.1
OG0019715	CAK9329853.1	CAK9329853.1
OG0019716	CAK9329855.1	CAK9329855.1
OG0019717	CAK9329856.1	CAK9329856.1
OG0019718	CAK9329858.1	CAK9329858.1
OG0019719	CAK9329859.1	CAK9329859.1
OG0019720	CAK9329860.1	CAK9329860.1
OG0019721	CAK9329861.1	CAK9329861.1
OG0019722	CAK9329863.1	CAK9329863.1
OG0019723	CAK9329864.1	CAK9329864.1
OG0019724	CAK9329865.1	CAK9329865.1
OG0019725	CAK9329866.1	CAK9329866.1
OG0019726	CAK9329867.1	CAK9329867.1
OG0019727	CAK9329868.1	CAK9329868.1
OG0019728	CAK9329869.1	CAK9329869.1
OG0019729	CAK9329870.1	CAK9329870.1
OG0019730	CAK9329871.1	CAK9329871.1
OG0019731	CAK9329872.1	CAK9329872.1
OG0019732	CAK9329873.1	CAK9329873.1
OG0019733	CAK9329874.1	CAK9329874.1
OG0019734	CAK9329875.1	CAK9329875.1
OG0019735	CAK9329876.1	CAK9329876.1
OG0019736	CAK9329877.1	CAK9329877.1
OG0019737	CAK9329878.1	CAK9329878.1
OG0019738	CAK9329879.1	CAK9329879.1
OG0019739	CAK9329880.1	CAK9329880.1
OG0019740	CAK9329881.1	CAK9329881.1
OG0019741	CAK9329882.1	CAK9329882.1
OG0019742	CAK9329883.1	CAK9329883.1
OG0019743	CAK9329884.1	CAK9329884.1
OG0019744	CAK9329885.1	CAK9329885.1
OG0019745	CAK9329886.1	CAK9329886.1
OG0019746	CAK9329887.1	CAK9329887.1
OG0019747	CAK9329889.1	CAK9329889.1
OG0019748	CAK9329890.1	CAK9329890.1
OG0019749	CAK9329891.1	CAK9329891.1
OG0019750	CAK9329892.1	CAK9329892.1
OG0019751	CAK9329893.1	CAK9329893.1
OG0019752	CAK9329894.1	CAK9329894.1
OG0019753	CAK9329895.1	CAK9329895.1
OG0019754	CAK9329896.1	CAK9329896.1
OG0019755	CAK9329897.1	CAK9329897.1
OG0019756	CAK9329898.1	CAK9329898.1
OG0019757	CAK9329899.1	CAK9329899.1
OG0019758	CAK9329900.1	CAK9329900.1
OG0019759	CAK9329901.1	CAK9329901.1
OG0019760	CAK9329902.1	CAK9329902.1
OG0019761	CAK9329903.1	CAK9329903.1
OG0019762	CAK9329904.1	CAK9329904.1
OG0019763	CAK9329905.1	CAK9329905.1
OG0019764	CAK9329906.1	CAK9329906.1
OG0019765	CAK9329907.1	CAK9329907.1
OG0019766	CAK9329908.1	CAK9329908.1
OG0019767	CAK9329909.1	CAK9329909.1
OG0019768	CAK9329910.1	CAK9329910.1
OG0019769	CAK9329911.1	CAK9329911.1
OG0019770	CAK9329913.1	CAK9329913.1
OG0019771	CAK9329915.1	CAK9329915.1
OG0019772	CAK9329916.1	CAK9329916.1
OG0019773	CAK9329917.1	CAK9329917.1
OG0019774	CAK9329918.1	CAK9329918.1
OG0019775	CAK9329919.1	CAK9329919.1
OG0019776	CAK9329921.1	CAK9329921.1
OG0019777	CAK9329922.1	CAK9329922.1
OG0019778	CAK9329923.1	CAK9329923.1
OG0019779	CAK9329924.1	CAK9329924.1
OG0019780	CAK9329925.1	CAK9329925.1
OG0019781	CAK9329926.1	CAK9329926.1
OG0019782	CAK9329927.1	CAK9329927.1
OG0019783	CAK9329928.1	CAK9329928.1
OG0019784	CAK9329929.1	CAK9329929.1
OG0019785	CAK9329930.1	CAK9329930.1
OG0019786	CAK9329931.1	CAK9329931.1
OG0019787	CAK9329932.1	CAK9329932.1
OG0019788	CAK9329933.1	CAK9329933.1
OG0019789	CAK9329934.1	CAK9329934.1
OG0019790	CAK9329935.1	CAK9329935.1
OG0019791	CAK9329936.1	CAK9329936.1
OG0019792	CAK9329937.1	CAK9329937.1
OG0019793	CAK9329938.1	CAK9329938.1
OG0019794	CAK9329939.1	CAK9329939.1
OG0019795	CAK9329943.1	CAK9329943.1
OG0019796	CAK9329944.1	CAK9329944.1
OG0019797	CAK9329945.1	CAK9329945.1
OG0019798	CAK9329946.1	CAK9329946.1
OG0019799	CAK9329947.1	CAK9329947.1
OG0019800	CAK9329948.1	CAK9329948.1
OG0019801	CAK9329949.1	CAK9329949.1
OG0019802	CAK9329950.1	CAK9329950.1
OG0019803	CAK9329951.1	CAK9329951.1
OG0019804	CAK9329953.1	CAK9329953.1
OG0019805	CAK9329954.1	CAK9329954.1
OG0019806	CAK9329955.1	CAK9329955.1
OG0019807	CAK9329956.1	CAK9329956.1
OG0019808	CAK9329957.1	CAK9329957.1
OG0019809	CAK9329958.1	CAK9329958.1
OG0019810	CAK9329959.1	CAK9329959.1
OG0019811	CAK9329960.1	CAK9329960.1
OG0019812	CAK9329961.1	CAK9329961.1
OG0019813	CAK9329962.1	CAK9329962.1
OG0019814	CAK9329963.1	CAK9329963.1
OG0019815	CAK9329964.1	CAK9329964.1
OG0019816	CAK9329965.1	CAK9329965.1
OG0019817	CAK9329966.1	CAK9329966.1
OG0019818	CAK9329967.1	CAK9329967.1
OG0019819	CAK9329968.1	CAK9329968.1
OG0019820	CAK9329969.1	CAK9329969.1
OG0019821	CAK9329970.1	CAK9329970.1
OG0019822	CAK9329971.1	CAK9329971.1
OG0019823	CAK9329972.1	CAK9329972.1
OG0019824	CAK9329973.1	CAK9329973.1
OG0019825	CAK9329974.1	CAK9329974.1
OG0019826	CAK9329975.1	CAK9329975.1
OG0019827	CAK9329976.1	CAK9329976.1
OG0019828	CAK9329977.1	CAK9329977.1
OG0019829	CAK9329978.1	CAK9329978.1
OG0019830	CAK9329981.1	CAK9329981.1
OG0019831	CAK9329982.1	CAK9329982.1
OG0019832	CAK9329983.1	CAK9329983.1
OG0019833	CAK9329984.1	CAK9329984.1
OG0019834	CAK9329986.1	CAK9329986.1
OG0019835	CAK9329987.1	CAK9329987.1
OG0019836	CAK9329988.1	CAK9329988.1
OG0019837	CAK9329989.1	CAK9329989.1
OG0019838	CAK9329990.1	CAK9329990.1
OG0019839	CAK9329991.1	CAK9329991.1
OG0019840	CAK9329992.1	CAK9329992.1
OG0019841	CAK9329993.1	CAK9329993.1
OG0019842	CAK9329994.1	CAK9329994.1
OG0019843	CAK9329995.1	CAK9329995.1
OG0019844	CAK9329996.1	CAK9329996.1
OG0019845	CAK9329997.1	CAK9329997.1
OG0019846	CAK9329998.1	CAK9329998.1
OG0019847	CAK9329999.1	CAK9329999.1
OG0019848	CAK9330000.1	CAK9330000.1
OG0019849	CAK9330001.1	CAK9330001.1
OG0019850	CAK9330002.1	CAK9330002.1
OG0019851	CAK9330003.1	CAK9330003.1
OG0019852	CAK9330004.1	CAK9330004.1
OG0019853	CAK9330005.1	CAK9330005.1
OG0019854	CAK9330006.1	CAK9330006.1
OG0019855	CAK9330007.1	CAK9330007.1
OG0019856	CAK9330008.1	CAK9330008.1
OG0019857	CAK9330009.1	CAK9330009.1
OG0019858	CAK9330010.1	CAK9330010.1
OG0019859	CAK9330011.1	CAK9330011.1
OG0019860	CAK9330012.1	CAK9330012.1
OG0019861	CAK9330013.1	CAK9330013.1
OG0019862	CAK9330014.1	CAK9330014.1
OG0019863	CAK9330017.1	CAK9330017.1
OG0019864	CAK9330018.1	CAK9330018.1
OG0019865	CAK9330019.1	CAK9330019.1
OG0019866	CAK9330020.1	CAK9330020.1
OG0019867	CAK9330021.1	CAK9330021.1
OG0019868	CAK9330022.1	CAK9330022.1
OG0019869	CAK9330023.1	CAK9330023.1
OG0019870	CAK9330026.1	CAK9330026.1
OG0019871	CAK9330027.1	CAK9330027.1
OG0019872	CAK9330028.1	CAK9330028.1
OG0019873	CAK9330029.1	CAK9330029.1
OG0019874	CAK9330030.1	CAK9330030.1
OG0019875	CAK9330031.1	CAK9330031.1
OG0019876	CAK9330033.1	CAK9330033.1
OG0019877	CAK9330035.1	CAK9330035.1
OG0019878	CAK9330036.1	CAK9330036.1
OG0019879	CAK9330037.1	CAK9330037.1
OG0019880	CAK9330038.1	CAK9330038.1
OG0019881	CAK9330039.1	CAK9330039.1
OG0019882	CAK9330041.1	CAK9330041.1
OG0019883	CAK9330042.1	CAK9330042.1
OG0019884	CAK9330043.1	CAK9330043.1
OG0019885	CAK9330044.1	CAK9330044.1
OG0019886	CAK9330045.1	CAK9330045.1
OG0019887	CAK9330046.1	CAK9330046.1
OG0019888	CAK9330047.1	CAK9330047.1
OG0019889	CAK9330048.1	CAK9330048.1
OG0019890	CAK9330049.1	CAK9330049.1
OG0019891	CAK9330050.1	CAK9330050.1
OG0019892	CAK9330052.1	CAK9330052.1
OG0019893	CAK9330055.1	CAK9330055.1
OG0019894	CAK9330056.1	CAK9330056.1
OG0019895	CAK9330057.1	CAK9330057.1
OG0019896	CAK9330058.1	CAK9330058.1
OG0019897	CAK9330059.1	CAK9330059.1
OG0019898	CAK9330060.1	CAK9330060.1
OG0019899	CAK9330061.1	CAK9330061.1
OG0019900	CAK9330062.1	CAK9330062.1
OG0019901	CAK9330063.1	CAK9330063.1
OG0019902	CAK9330064.1	CAK9330064.1
OG0019903	CAK9330065.1	CAK9330065.1
OG0019904	CAK9330066.1	CAK9330066.1
OG0019905	CAK9330067.1	CAK9330067.1
OG0019906	CAK9330068.1	CAK9330068.1
OG0019907	CAK9330069.1	CAK9330069.1
OG0019908	CAK9330070.1	CAK9330070.1
OG0019909	CAK9330071.1	CAK9330071.1
OG0019910	CAK9330072.1	CAK9330072.1
OG0019911	CAK9330073.1	CAK9330073.1
OG0019912	CAK9330074.1	CAK9330074.1
OG0019913	CAK9330075.1	CAK9330075.1
OG0019914	CAK9330076.1	CAK9330076.1
OG0019915	CAK9330077.1	CAK9330077.1
OG0019916	CAK9330078.1	CAK9330078.1
OG0019917	CAK9330079.1	CAK9330079.1
OG0019918	CAK9330080.1	CAK9330080.1
OG0019919	CAK9330083.1	CAK9330083.1
OG0019920	CAK9330084.1	CAK9330084.1
OG0019921	CAK9330085.1	CAK9330085.1
OG0019922	CAK9330086.1	CAK9330086.1
OG0019923	CAK9330088.1	CAK9330088.1
OG0019924	CAK9330089.1	CAK9330089.1
OG0019925	CAK9330090.1	CAK9330090.1
OG0019926	CAK9330092.1	CAK9330092.1
OG0019927	CAK9330093.1	CAK9330093.1
OG0019928	CAK9330094.1	CAK9330094.1
OG0019929	CAK9330095.1	CAK9330095.1
OG0019930	CAK9330096.1	CAK9330096.1
OG0019931	CAK9330097.1	CAK9330097.1
OG0019932	CAK9330098.1	CAK9330098.1
OG0019933	CAK9330099.1	CAK9330099.1
OG0019934	CAK9330100.1	CAK9330100.1
OG0019935	CAK9330101.1	CAK9330101.1
OG0019936	CAK9330102.1	CAK9330102.1
OG0019937	CAK9330103.1	CAK9330103.1
OG0019938	CAK9330104.1	CAK9330104.1
OG0019939	CAK9330107.1	CAK9330107.1
OG0019940	CAK9330108.1	CAK9330108.1
OG0019941	CAK9330109.1	CAK9330109.1
OG0019942	CAK9330110.1	CAK9330110.1
OG0019943	CAK9330111.1	CAK9330111.1
OG0019944	CAK9330112.1	CAK9330112.1
OG0019945	CAK9330113.1	CAK9330113.1
OG0019946	CAK9330115.1	CAK9330115.1
OG0019947	CAK9330117.1	CAK9330117.1
OG0019948	CAK9330118.1	CAK9330118.1
OG0019949	CAK9330119.1	CAK9330119.1
OG0019950	CAK9330120.1	CAK9330120.1
OG0019951	CAK9330121.1	CAK9330121.1
OG0019952	CAK9330122.1	CAK9330122.1
OG0019953	CAK9330123.1	CAK9330123.1
OG0019954	CAK9330125.1	CAK9330125.1
OG0019955	CAK9330126.1	CAK9330126.1
OG0019956	CAK9330127.1	CAK9330127.1
OG0019957	CAK9330128.1	CAK9330128.1
OG0019958	CAK9330130.1	CAK9330130.1
OG0019959	CAK9330131.1	CAK9330131.1
OG0019960	CAK9330132.1	CAK9330132.1
OG0019961	CAK9330133.1	CAK9330133.1
OG0019962	CAK9330135.1	CAK9330135.1
OG0019963	CAK9330136.1	CAK9330136.1
OG0019964	CAK9330138.1	CAK9330138.1
OG0019965	CAK9330139.1	CAK9330139.1
OG0019966	CAK9330140.1	CAK9330140.1
OG0019967	CAK9330141.1	CAK9330141.1
OG0019968	CAK9330142.1	CAK9330142.1
OG0019969	CAK9330144.1	CAK9330144.1
OG0019970	CAK9330145.1	CAK9330145.1
OG0019971	CAK9330146.1	CAK9330146.1
OG0019972	CAK9330147.1	CAK9330147.1
OG0019973	CAK9330148.1	CAK9330148.1
OG0019974	CAK9330150.1	CAK9330150.1
OG0019975	CAK9330151.1	CAK9330151.1
OG0019976	CAK9330152.1	CAK9330152.1
OG0019977	CAK9330153.1	CAK9330153.1
OG0019978	CAK9330154.1	CAK9330154.1
OG0019979	CAK9330155.1	CAK9330155.1
OG0019980	CAK9330156.1	CAK9330156.1
OG0019981	CAK9330157.1	CAK9330157.1
OG0019982	CAK9330158.1	CAK9330158.1
OG0019983	CAK9330159.1	CAK9330159.1
OG0019984	CAK9330160.1	CAK9330160.1
OG0019985	CAK9330161.1	CAK9330161.1
OG0019986	CAK9330162.1	CAK9330162.1
OG0019987	CAK9330163.1	CAK9330163.1
OG0019988	CAK9330164.1	CAK9330164.1
OG0019989	CAK9330165.1	CAK9330165.1
OG0019990	CAK9330166.1	CAK9330166.1
OG0019991	CAK9330167.1	CAK9330167.1
OG0019992	CAK9330168.1	CAK9330168.1
OG0019993	CAK9330169.1	CAK9330169.1
OG0019994	CAK9330170.1	CAK9330170.1
OG0019995	CAK9330171.1	CAK9330171.1
OG0019996	CAK9330172.1	CAK9330172.1
OG0019997	CAK9330173.1	CAK9330173.1
OG0019998	CAK9330175.1	CAK9330175.1
OG0019999	CAK9330176.1	CAK9330176.1
OG0020000	CAK9330177.1	CAK9330177.1
OG0020001	CAK9330178.1	CAK9330178.1
OG0020002	CAK9330179.1	CAK9330179.1
OG0020003	CAK9330180.1	CAK9330180.1
OG0020004	CAK9330181.1	CAK9330181.1
OG0020005	CAK9330182.1	CAK9330182.1
OG0020006	CAK9330183.1	CAK9330183.1
OG0020007	CAK9330184.1	CAK9330184.1
OG0020008	CAK9330185.1	CAK9330185.1
OG0020009	CAK9330186.1	CAK9330186.1
OG0020010	CAK9330188.1	CAK9330188.1
OG0020011	CAK9330189.1	CAK9330189.1
OG0020012	CAK9330190.1	CAK9330190.1
OG0020013	CAK9330192.1	CAK9330192.1
OG0020014	CAK9330194.1	CAK9330194.1
OG0020015	CAK9330195.1	CAK9330195.1
OG0020016	CAK9330197.1	CAK9330197.1
OG0020017	CAK9330201.1	CAK9330201.1
OG0020018	CAK9330202.1	CAK9330202.1
OG0020019	CAK9330204.1	CAK9330204.1
OG0020020	CAK9330205.1	CAK9330205.1
OG0020021	CAK9330206.1	CAK9330206.1
OG0020022	CAK9330207.1	CAK9330207.1
OG0020023	CAK9330208.1	CAK9330208.1
OG0020024	CAK9330209.1	CAK9330209.1
OG0020025	CAK9330210.1	CAK9330210.1
OG0020026	CAK9330211.1	CAK9330211.1
OG0020027	CAK9330212.1	CAK9330212.1
OG0020028	CAK9330213.1	CAK9330213.1
OG0020029	CAK9330214.1	CAK9330214.1
OG0020030	CAK9330215.1	CAK9330215.1
OG0020031	CAK9330216.1	CAK9330216.1
OG0020032	CAK9330217.1	CAK9330217.1
OG0020033	CAK9330218.1	CAK9330218.1
OG0020034	CAK9330219.1	CAK9330219.1
OG0020035	CAK9330220.1	CAK9330220.1
OG0020036	CAK9330221.1	CAK9330221.1
OG0020037	CAK9330222.1	CAK9330222.1
OG0020038	CAK9330223.1	CAK9330223.1
OG0020039	CAK9330224.1	CAK9330224.1
OG0020040	CAK9330225.1	CAK9330225.1
OG0020041	CAK9330226.1	CAK9330226.1
OG0020042	CAK9330227.1	CAK9330227.1
OG0020043	CAK9330228.1	CAK9330228.1
OG0020044	CAK9330230.1	CAK9330230.1
OG0020045	CAK9330232.1	CAK9330232.1
OG0020046	CAK9330233.1	CAK9330233.1
OG0020047	CAK9330236.1	CAK9330236.1
OG0020048	CAK9330237.1	CAK9330237.1
OG0020049	CAK9330238.1	CAK9330238.1
OG0020050	CAK9330239.1	CAK9330239.1
OG0020051	CAK9330240.1	CAK9330240.1
OG0020052	CAK9330241.1	CAK9330241.1
OG0020053	CAK9330242.1	CAK9330242.1
OG0020054	CAK9330243.1	CAK9330243.1
OG0020055	CAK9330244.1	CAK9330244.1
OG0020056	CAK9330245.1	CAK9330245.1
OG0020057	CAK9330247.1	CAK9330247.1
OG0020058	CAK9330248.1	CAK9330248.1
OG0020059	CAK9330249.1	CAK9330249.1
OG0020060	CAK9330250.1	CAK9330250.1
OG0020061	CAK9330251.1	CAK9330251.1
OG0020062	CAK9330252.1	CAK9330252.1
OG0020063	CAK9330253.1	CAK9330253.1
OG0020064	CAK9330255.1	CAK9330255.1
OG0020065	CAK9330256.1	CAK9330256.1
OG0020066	CAK9330257.1	CAK9330257.1
OG0020067	CAK9330258.1	CAK9330258.1
OG0020068	CAK9330259.1	CAK9330259.1
OG0020069	CAK9330260.1	CAK9330260.1
OG0020070	CAK9330261.1	CAK9330261.1
OG0020071	CAK9330262.1	CAK9330262.1
OG0020072	CAK9330263.1	CAK9330263.1
OG0020073	CAK9330264.1	CAK9330264.1
OG0020074	CAK9330265.1	CAK9330265.1
OG0020075	CAK9330266.1	CAK9330266.1
OG0020076	CAK9330268.1	CAK9330268.1
OG0020077	CAK9330269.1	CAK9330269.1
OG0020078	CAK9330270.1	CAK9330270.1
OG0020079	CAK9330271.1	CAK9330271.1
OG0020080	CAK9330272.1	CAK9330272.1
OG0020081	CAK9330273.1	CAK9330273.1
OG0020082	CAK9330274.1	CAK9330274.1
OG0020083	CAK9330275.1	CAK9330275.1
OG0020084	CAK9330276.1	CAK9330276.1
OG0020085	CAK9330277.1	CAK9330277.1
OG0020086	CAK9330278.1	CAK9330278.1
OG0020087	CAK9330279.1	CAK9330279.1
OG0020088	CAK9330281.1	CAK9330281.1
OG0020089	CAK9330282.1	CAK9330282.1
OG0020090	CAK9330283.1	CAK9330283.1
OG0020091	CAK9330284.1	CAK9330284.1
OG0020092	CAK9330285.1	CAK9330285.1
OG0020093	CAK9330289.1	CAK9330289.1
OG0020094	CAK9330291.1	CAK9330291.1
OG0020095	CAK9330292.1	CAK9330292.1
OG0020096	CAK9330293.1	CAK9330293.1
OG0020097	CAK9330294.1	CAK9330294.1
OG0020098	CAK9330295.1	CAK9330295.1
OG0020099	CAK9330296.1	CAK9330296.1
OG0020100	CAK9330297.1	CAK9330297.1
OG0020101	CAK9330299.1	CAK9330299.1
OG0020102	CAK9330300.1	CAK9330300.1
OG0020103	CAK9330301.1	CAK9330301.1
OG0020104	CAK9330303.1	CAK9330303.1
OG0020105	CAK9330304.1	CAK9330304.1
OG0020106	CAK9330305.1	CAK9330305.1
OG0020107	CAK9330306.1	CAK9330306.1
OG0020108	CAK9330307.1	CAK9330307.1
OG0020109	CAK9330308.1	CAK9330308.1
OG0020110	CAK9330309.1	CAK9330309.1
OG0020111	CAK9330310.1	CAK9330310.1
OG0020112	CAK9330311.1	CAK9330311.1
OG0020113	CAK9330312.1	CAK9330312.1
OG0020114	CAK9330314.1	CAK9330314.1
OG0020115	CAK9330315.1	CAK9330315.1
OG0020116	CAK9330316.1	CAK9330316.1
OG0020117	CAK9330317.1	CAK9330317.1
OG0020118	CAK9330318.1	CAK9330318.1
OG0020119	CAK9330319.1	CAK9330319.1
OG0020120	CAK9330320.1	CAK9330320.1
OG0020121	CAK9330321.1	CAK9330321.1
OG0020122	CAK9330322.1	CAK9330322.1
OG0020123	CAK9330323.1	CAK9330323.1
OG0020124	CAK9330324.1	CAK9330324.1
OG0020125	CAK9330325.1	CAK9330325.1
OG0020126	CAK9330326.1	CAK9330326.1
OG0020127	CAK9330327.1	CAK9330327.1
OG0020128	CAK9330328.1	CAK9330328.1
OG0020129	CAK9330329.1	CAK9330329.1
OG0020130	CAK9330330.1	CAK9330330.1
OG0020131	CAK9330331.1	CAK9330331.1
OG0020132	CAK9330332.1	CAK9330332.1
OG0020133	CAK9330333.1	CAK9330333.1
OG0020134	CAK9330334.1	CAK9330334.1
OG0020135	CAK9330335.1	CAK9330335.1
OG0020136	CAK9330337.1	CAK9330337.1
OG0020137	CAK9330339.1	CAK9330339.1
OG0020138	CAK9330340.1	CAK9330340.1
OG0020139	CAK9330342.1	CAK9330342.1
OG0020140	CAK9330343.1	CAK9330343.1
OG0020141	CAK9330344.1	CAK9330344.1
OG0020142	CAK9330345.1	CAK9330345.1
OG0020143	CAK9330346.1	CAK9330346.1
OG0020144	CAK9330347.1	CAK9330347.1
OG0020145	CAK9330349.1	CAK9330349.1
OG0020146	CAK9330350.1	CAK9330350.1
